case,alt,choice,dist,cost,ivt,ovt,freq,income,urban,noalt
109,train,0,377,58.25,215,74,4,45,0,4
109,air,1,377,142.8,56,85,9,45,0,4
109,bus,0,377,27.52,301,63,8,45,0,4
109,car,0,377,71.63,262,0,0,45,0,4
110,train,0,377,58.25,215,74,4,70,0,4
110,air,1,377,142.8,56,85,9,70,0,4
110,bus,0,377,27.52,301,63,8,70,0,4
110,car,0,377,71.63,262,0,0,70,0,4
111,train,0,377,58.25,215,74,4,35,0,4
111,air,1,377,142.8,56,85,9,35,0,4
111,bus,0,377,27.52,301,63,8,35,0,4
111,car,0,377,71.63,262,0,0,35,0,4
112,train,0,377,58.25,215,74,4,70,0,4
112,air,1,377,142.8,56,85,9,70,0,4
112,bus,0,377,27.52,301,63,8,70,0,4
112,car,0,377,71.63,262,0,0,70,0,4
113,train,0,377,58.25,215,74,4,70,0,4
113,air,1,377,142.8,56,85,9,70,0,4
113,bus,0,377,27.52,301,63,8,70,0,4
113,car,0,377,71.63,262,0,0,70,0,4
114,train,0,377,58.25,215,74,4,55,0,4
114,air,1,377,142.8,56,85,9,55,0,4
114,bus,0,377,27.52,301,63,8,55,0,4
114,car,0,377,71.63,262,0,0,55,0,4
115,train,0,377,58.25,215,74,4,25,0,4
115,air,1,377,142.8,56,85,9,25,0,4
115,bus,0,377,27.52,301,63,8,25,0,4
115,car,0,377,71.63,262,0,0,25,0,4
116,train,0,377,58.25,215,74,4,70,0,4
116,air,1,377,142.8,56,85,9,70,0,4
116,bus,0,377,27.52,301,63,8,70,0,4
116,car,0,377,71.63,262,0,0,70,0,4
117,train,0,377,58.25,215,74,4,70,0,4
117,air,1,377,142.8,56,85,9,70,0,4
117,bus,0,377,27.52,301,63,8,70,0,4
117,car,0,377,71.63,262,0,0,70,0,4
118,train,0,377,58.25,215,74,4,45,0,4
118,air,1,377,142.8,56,85,9,45,0,4
118,bus,0,377,27.52,301,63,8,45,0,4
118,car,0,377,71.63,262,0,0,45,0,4
119,train,0,377,58.25,215,74,4,70,0,4
119,air,0,377,142.8,56,85,9,70,0,4
119,bus,0,377,27.52,301,63,8,70,0,4
119,car,1,377,71.63,262,0,0,70,0,4
120,train,0,377,58.25,215,74,4,25,0,4
120,air,0,377,142.8,56,85,9,25,0,4
120,bus,0,377,27.52,301,63,8,25,0,4
120,car,1,377,71.63,262,0,0,25,0,4
121,train,0,377,58.25,215,74,4,70,0,4
121,air,0,377,142.8,56,85,9,70,0,4
121,bus,0,377,27.52,301,63,8,70,0,4
121,car,1,377,71.63,262,0,0,70,0,4
122,train,0,377,58.25,215,74,4,45,0,4
122,air,0,377,142.8,56,85,9,45,0,4
122,bus,0,377,27.52,301,63,8,45,0,4
122,car,1,377,71.63,262,0,0,45,0,4
123,train,0,377,58.25,215,74,4,70,0,4
123,air,0,377,142.8,56,85,9,70,0,4
123,bus,0,377,27.52,301,63,8,70,0,4
123,car,1,377,71.63,262,0,0,70,0,4
124,train,0,377,58.25,215,74,4,15,0,4
124,air,0,377,142.8,56,85,9,15,0,4
124,bus,0,377,27.52,301,63,8,15,0,4
124,car,1,377,71.63,262,0,0,15,0,4
125,train,0,377,58.25,215,74,4,70,0,4
125,air,0,377,142.8,56,85,9,70,0,4
125,bus,0,377,27.52,301,63,8,70,0,4
125,car,1,377,71.63,262,0,0,70,0,4
126,train,0,377,58.25,215,74,4,55,0,4
126,air,0,377,142.8,56,85,9,55,0,4
126,bus,0,377,27.52,301,63,8,55,0,4
126,car,1,377,71.63,262,0,0,55,0,4
127,train,0,377,58.25,215,74,4,35,0,4
127,air,0,377,142.8,56,85,9,35,0,4
127,bus,0,377,27.52,301,63,8,35,0,4
127,car,1,377,71.63,262,0,0,35,0,4
128,train,0,377,58.25,215,74,4,35,0,4
128,air,0,377,142.8,56,85,9,35,0,4
128,bus,0,377,27.52,301,63,8,35,0,4
128,car,1,377,71.63,262,0,0,35,0,4
129,train,0,387,58.25,316,59,2,55,0,4
129,air,0,387,145.8,56,85,9,55,0,4
129,bus,0,387,26.67,301,58,8,55,0,4
129,car,1,387,73.53,251,0,0,55,0,4
130,train,0,387,58.25,316,59,2,45,0,4
130,air,0,387,145.8,56,85,9,45,0,4
130,bus,0,387,26.67,301,58,8,45,0,4
130,car,1,387,73.53,251,0,0,45,0,4
131,train,0,404,60.25,316,74,2,70,0,4
131,air,0,404,146.2,56,94,9,70,0,4
131,bus,0,404,26.67,301,93,8,70,0,4
131,car,1,404,76.76,265,0,0,70,0,4
132,train,1,365,60.85,237,94,4,70,1,4
132,air,0,365,151.2,56,77,9,70,1,4
132,bus,0,365,27.82,301,83,8,70,1,4
132,car,0,365,69.35,245,0,0,70,1,4
133,train,0,365,60.85,237,94,4,55,1,4
133,air,1,365,151.2,56,77,9,55,1,4
133,bus,0,365,27.82,301,83,8,55,1,4
133,car,0,365,69.35,245,0,0,55,1,4
134,train,0,365,60.85,237,94,4,55,1,4
134,air,1,365,151.2,56,77,9,55,1,4
134,bus,0,365,27.82,301,83,8,55,1,4
134,car,0,365,69.35,245,0,0,55,1,4
135,train,0,365,60.85,237,94,4,70,1,4
135,air,1,365,151.2,56,77,9,70,1,4
135,bus,0,365,27.82,301,83,8,70,1,4
135,car,0,365,69.35,245,0,0,70,1,4
136,train,0,365,60.85,237,94,4,70,1,4
136,air,0,365,151.2,56,77,9,70,1,4
136,bus,0,365,27.82,301,83,8,70,1,4
136,car,1,365,69.35,245,0,0,70,1,4
137,train,0,365,60.85,237,94,4,45,1,4
137,air,0,365,151.2,56,77,9,45,1,4
137,bus,0,365,27.82,301,83,8,45,1,4
137,car,1,365,69.35,245,0,0,45,1,4
138,train,0,365,60.85,237,94,4,70,1,4
138,air,0,365,151.2,56,77,9,70,1,4
138,bus,0,365,27.82,301,83,8,70,1,4
138,car,1,365,69.35,245,0,0,70,1,4
139,train,1,354,59,237,69,4,35,1,4
139,air,0,354,155.8,56,97,9,35,1,4
139,bus,0,354,27.34,301,68,8,35,1,4
139,car,0,354,67.26,231,0,0,35,1,4
140,train,1,354,59,237,69,4,15,1,4
140,air,0,354,155.8,56,97,9,15,1,4
140,bus,0,354,27.34,301,68,8,15,1,4
140,car,0,354,67.26,231,0,0,15,1,4
141,train,1,354,59,237,69,4,55,1,4
141,air,0,354,155.8,56,97,9,55,1,4
141,bus,0,354,27.34,301,68,8,55,1,4
141,car,0,354,67.26,231,0,0,55,1,4
142,train,1,354,59,237,69,4,70,1,4
142,air,0,354,155.8,56,97,9,70,1,4
142,bus,0,354,27.34,301,68,8,70,1,4
142,car,0,354,67.26,231,0,0,70,1,4
143,train,1,354,59,237,69,4,70,1,4
143,air,0,354,155.8,56,97,9,70,1,4
143,bus,0,354,27.34,301,68,8,70,1,4
143,car,0,354,67.26,231,0,0,70,1,4
144,train,1,354,59,237,69,4,45,1,4
144,air,0,354,155.8,56,97,9,45,1,4
144,bus,0,354,27.34,301,68,8,45,1,4
144,car,0,354,67.26,231,0,0,45,1,4
145,train,1,354,59,237,69,4,70,1,4
145,air,0,354,155.8,56,97,9,70,1,4
145,bus,0,354,27.34,301,68,8,70,1,4
145,car,0,354,67.26,231,0,0,70,1,4
146,train,1,354,59,237,69,4,35,1,4
146,air,0,354,155.8,56,97,9,35,1,4
146,bus,0,354,27.34,301,68,8,35,1,4
146,car,0,354,67.26,231,0,0,35,1,4
147,train,1,354,59,237,69,4,70,1,4
147,air,0,354,155.8,56,97,9,70,1,4
147,bus,0,354,27.34,301,68,8,70,1,4
147,car,0,354,67.26,231,0,0,70,1,4
148,train,1,354,59,237,69,4,45,1,4
148,air,0,354,155.8,56,97,9,45,1,4
148,bus,0,354,27.34,301,68,8,45,1,4
148,car,0,354,67.26,231,0,0,45,1,4
149,train,0,354,59,237,69,4,70,1,4
149,air,1,354,155.8,56,97,9,70,1,4
149,bus,0,354,27.34,301,68,8,70,1,4
149,car,0,354,67.26,231,0,0,70,1,4
150,train,0,354,59,237,69,4,70,1,4
150,air,1,354,155.8,56,97,9,70,1,4
150,bus,0,354,27.34,301,68,8,70,1,4
150,car,0,354,67.26,231,0,0,70,1,4
151,train,0,354,59,237,69,4,70,1,4
151,air,1,354,155.8,56,97,9,70,1,4
151,bus,0,354,27.34,301,68,8,70,1,4
151,car,0,354,67.26,231,0,0,70,1,4
152,train,0,354,59,237,69,4,70,1,4
152,air,1,354,155.8,56,97,9,70,1,4
152,bus,0,354,27.34,301,68,8,70,1,4
152,car,0,354,67.26,231,0,0,70,1,4
153,train,0,354,59,237,69,4,70,1,4
153,air,1,354,155.8,56,97,9,70,1,4
153,bus,0,354,27.34,301,68,8,70,1,4
153,car,0,354,67.26,231,0,0,70,1,4
154,train,0,354,59,237,69,4,70,1,4
154,air,1,354,155.8,56,97,9,70,1,4
154,bus,0,354,27.34,301,68,8,70,1,4
154,car,0,354,67.26,231,0,0,70,1,4
155,train,0,354,59,237,69,4,55,1,4
155,air,1,354,155.8,56,97,9,55,1,4
155,bus,0,354,27.34,301,68,8,55,1,4
155,car,0,354,67.26,231,0,0,55,1,4
156,train,0,354,59,237,69,4,70,1,4
156,air,1,354,155.8,56,97,9,70,1,4
156,bus,0,354,27.34,301,68,8,70,1,4
156,car,0,354,67.26,231,0,0,70,1,4
157,train,0,354,59,237,69,4,55,1,4
157,air,1,354,155.8,56,97,9,55,1,4
157,bus,0,354,27.34,301,68,8,55,1,4
157,car,0,354,67.26,231,0,0,55,1,4
158,train,0,354,59,237,69,4,70,1,4
158,air,1,354,155.8,56,97,9,70,1,4
158,bus,0,354,27.34,301,68,8,70,1,4
158,car,0,354,67.26,231,0,0,70,1,4
159,train,0,354,59,237,69,4,35,1,4
159,air,0,354,155.8,56,97,9,35,1,4
159,bus,0,354,27.34,301,68,8,35,1,4
159,car,1,354,67.26,231,0,0,35,1,4
160,train,0,354,59,237,69,4,55,1,4
160,air,0,354,155.8,56,97,9,55,1,4
160,bus,0,354,27.34,301,68,8,55,1,4
160,car,1,354,67.26,231,0,0,55,1,4
161,train,0,354,59,237,69,4,70,1,4
161,air,0,354,155.8,56,97,9,70,1,4
161,bus,0,354,27.34,301,68,8,70,1,4
161,car,1,354,67.26,231,0,0,70,1,4
162,train,0,354,59,237,69,4,70,1,4
162,air,0,354,155.8,56,97,9,70,1,4
162,bus,0,354,27.34,301,68,8,70,1,4
162,car,1,354,67.26,231,0,0,70,1,4
163,train,0,354,59,237,69,4,70,1,4
163,air,0,354,155.8,56,97,9,70,1,4
163,bus,0,354,27.34,301,68,8,70,1,4
163,car,1,354,67.26,231,0,0,70,1,4
164,train,0,354,59,237,69,4,35,1,4
164,air,0,354,155.8,56,97,9,35,1,4
164,bus,0,354,27.34,301,68,8,35,1,4
164,car,1,354,67.26,231,0,0,35,1,4
165,train,0,354,59,237,69,4,31,1,4
165,air,0,354,155.8,56,97,9,31,1,4
165,bus,0,354,27.34,301,68,8,31,1,4
165,car,1,354,67.26,231,0,0,31,1,4
166,train,0,354,59,237,69,4,25,1,4
166,air,0,354,155.8,56,97,9,25,1,4
166,bus,0,354,27.34,301,68,8,25,1,4
166,car,1,354,67.26,231,0,0,25,1,4
167,train,0,354,59,237,69,4,25,1,4
167,air,0,354,155.8,56,97,9,25,1,4
167,bus,0,354,27.34,301,68,8,25,1,4
167,car,1,354,67.26,231,0,0,25,1,4
168,train,1,362,61.35,237,94,4,15,1,4
168,air,0,362,152.65,56,93,9,15,1,4
168,bus,0,362,27.27,301,83,8,15,1,4
168,car,0,362,68.78,242,0,0,15,1,4
169,train,1,362,61.35,237,94,4,15,1,4
169,air,0,362,152.65,56,93,9,15,1,4
169,bus,0,362,27.27,301,83,8,15,1,4
169,car,0,362,68.78,242,0,0,15,1,4
170,train,0,362,61.35,237,94,4,70,1,4
170,air,1,362,152.65,56,93,9,70,1,4
170,bus,0,362,27.27,301,83,8,70,1,4
170,car,0,362,68.78,242,0,0,70,1,4
171,train,0,362,61.35,237,94,4,55,1,4
171,air,1,362,152.65,56,93,9,55,1,4
171,bus,0,362,27.27,301,83,8,55,1,4
171,car,0,362,68.78,242,0,0,55,1,4
172,train,0,362,61.35,237,94,4,70,1,4
172,air,1,362,152.65,56,93,9,70,1,4
172,bus,0,362,27.27,301,83,8,70,1,4
172,car,0,362,68.78,242,0,0,70,1,4
173,train,0,362,61.35,237,94,4,70,1,4
173,air,1,362,152.65,56,93,9,70,1,4
173,bus,0,362,27.27,301,83,8,70,1,4
173,car,0,362,68.78,242,0,0,70,1,4
174,train,0,362,61.35,237,94,4,70,1,4
174,air,1,362,152.65,56,93,9,70,1,4
174,bus,0,362,27.27,301,83,8,70,1,4
174,car,0,362,68.78,242,0,0,70,1,4
175,train,0,362,61.35,237,94,4,25,1,4
175,air,0,362,152.65,56,93,9,25,1,4
175,bus,0,362,27.27,301,83,8,25,1,4
175,car,1,362,68.78,242,0,0,25,1,4
176,train,0,362,61.35,237,94,4,70,1,4
176,air,0,362,152.65,56,93,9,70,1,4
176,bus,0,362,27.27,301,83,8,70,1,4
176,car,1,362,68.78,242,0,0,70,1,4
177,train,0,362,61.35,237,94,4,45,1,4
177,air,0,362,152.65,56,93,9,45,1,4
177,bus,0,362,27.27,301,83,8,45,1,4
177,car,1,362,68.78,242,0,0,45,1,4
178,train,0,362,61.35,237,94,4,55,1,4
178,air,0,362,152.65,56,93,9,55,1,4
178,bus,0,362,27.27,301,83,8,55,1,4
178,car,1,362,68.78,242,0,0,55,1,4
179,train,0,362,61.35,237,94,4,55,1,4
179,air,0,362,152.65,56,93,9,55,1,4
179,bus,0,362,27.27,301,83,8,55,1,4
179,car,1,362,68.78,242,0,0,55,1,4
180,train,0,362,61.35,237,94,4,70,1,4
180,air,0,362,152.65,56,93,9,70,1,4
180,bus,0,362,27.27,301,83,8,70,1,4
180,car,1,362,68.78,242,0,0,70,1,4
181,train,1,365,60.85,237,94,4,45,1,4
181,air,0,365,154.45,56,99,9,45,1,4
181,bus,0,365,27.42,301,86,8,45,1,4
181,car,0,365,69.35,245,0,0,45,1,4
182,train,1,365,60.85,237,94,4,70,1,4
182,air,0,365,154.45,56,99,9,70,1,4
182,bus,0,365,27.42,301,86,8,70,1,4
182,car,0,365,69.35,245,0,0,70,1,4
183,train,0,365,60.85,237,94,4,70,1,4
183,air,1,365,154.45,56,99,9,70,1,4
183,bus,0,365,27.42,301,86,8,70,1,4
183,car,0,365,69.35,245,0,0,70,1,4
184,train,0,365,60.85,237,94,4,70,1,4
184,air,1,365,154.45,56,99,9,70,1,4
184,bus,0,365,27.42,301,86,8,70,1,4
184,car,0,365,69.35,245,0,0,70,1,4
185,train,0,365,60.85,237,94,4,25,1,4
185,air,0,365,154.45,56,99,9,25,1,4
185,bus,0,365,27.42,301,86,8,25,1,4
185,car,1,365,69.35,245,0,0,25,1,4
186,train,0,365,60.85,237,94,4,45,1,4
186,air,0,365,154.45,56,99,9,45,1,4
186,bus,0,365,27.42,301,86,8,45,1,4
186,car,1,365,69.35,245,0,0,45,1,4
187,train,0,365,60.85,237,94,4,70,1,4
187,air,0,365,154.45,56,99,9,70,1,4
187,bus,0,365,27.42,301,86,8,70,1,4
187,car,1,365,69.35,245,0,0,70,1,4
188,train,0,365,60.85,237,94,4,25,1,4
188,air,0,365,154.45,56,99,9,25,1,4
188,bus,0,365,27.42,301,86,8,25,1,4
188,car,1,365,69.35,245,0,0,25,1,4
189,train,0,365,60.85,237,94,4,45,1,4
189,air,0,365,154.45,56,99,9,45,1,4
189,bus,0,365,27.42,301,86,8,45,1,4
189,car,1,365,69.35,245,0,0,45,1,4
190,train,0,377,61.85,237,108,4,45,0,4
190,air,0,377,146.2,56,84,9,45,0,4
190,bus,0,377,26.67,301,88,8,45,0,4
190,car,1,377,71.63,262,0,0,45,0,4
191,train,0,380,62.85,237,112,4,70,0,4
191,air,1,380,154.2,56,104,9,70,0,4
191,bus,0,380,31.67,301,93,8,70,0,4
191,car,0,380,72.2,265,0,0,70,0,4
192,train,0,380,62.85,237,112,4,70,0,4
192,air,1,380,154.2,56,104,9,70,0,4
192,bus,0,380,31.67,301,93,8,70,0,4
192,car,0,380,72.2,265,0,0,70,0,4
193,train,0,380,62.85,237,112,4,45,0,4
193,air,0,380,154.2,56,104,9,45,0,4
193,bus,0,380,31.67,301,93,8,45,0,4
193,car,1,380,72.2,265,0,0,45,0,4
194,train,0,380,62.85,237,112,4,35,0,4
194,air,0,380,154.2,56,104,9,35,0,4
194,bus,0,380,31.67,301,93,8,35,0,4
194,car,1,380,72.2,265,0,0,35,0,4
195,train,0,380,62.85,237,112,4,70,0,4
195,air,0,380,154.2,56,104,9,70,0,4
195,bus,0,380,31.67,301,93,8,70,0,4
195,car,1,380,72.2,265,0,0,70,0,4
196,train,0,380,61.85,237,94,4,45,0,4
196,air,0,380,155.2,56,99,9,45,0,4
196,bus,0,380,26.67,301,83,8,45,0,4
196,car,1,380,72.2,265,0,0,45,0,4
197,train,0,409,62.85,237,124,4,55,0,4
197,air,0,409,150.2,56,114,9,55,0,4
197,bus,0,409,26.67,301,113,8,55,0,4
197,car,1,409,77.71,276,0,0,55,0,4
198,train,0,409,62.85,237,124,4,70,0,4
198,air,0,409,150.2,56,114,9,70,0,4
198,bus,0,409,26.67,301,113,8,70,0,4
198,car,1,409,77.71,276,0,0,70,0,4
199,train,0,393,62.85,237,112,4,70,0,4
199,air,0,393,150.2,56,109,9,70,0,4
199,bus,0,393,26.67,301,103,8,70,0,4
199,car,1,393,74.67,258,0,0,70,0,4
243,train,1,355,59,215,85,4,70,0,4
243,air,0,355,146.9,56,91,9,70,0,4
243,bus,0,355,30.37,301,79,8,70,0,4
243,car,0,355,67.45,256,0,0,70,0,4
244,train,0,355,59,215,85,4,70,0,4
244,air,0,355,146.9,56,91,9,70,0,4
244,bus,0,355,30.37,301,79,8,70,0,4
244,car,1,355,67.45,256,0,0,70,0,4
245,train,0,343,61.6,237,105,4,55,1,4
245,air,1,343,155.3,56,83,9,55,1,4
245,bus,0,343,30.67,301,99,8,55,1,4
245,car,0,343,65.17,240,0,0,55,1,4
246,train,1,332,59.75,237,80,4,70,1,4
246,air,0,332,159.9,56,103,9,70,1,4
246,bus,0,332,30.19,301,84,8,70,1,4
246,car,0,332,63.08,226,0,0,70,1,4
247,train,0,340,62.1,237,105,4,70,1,4
247,air,1,340,156.75,56,99,9,70,1,4
247,bus,0,340,30.12,301,99,8,70,1,4
247,car,0,340,64.6,237,0,0,70,1,4
248,train,0,340,62.1,237,105,4,70,1,4
248,air,1,340,156.75,56,99,9,70,1,4
248,bus,0,340,30.12,301,99,8,70,1,4
248,car,0,340,64.6,237,0,0,70,1,4
249,train,0,358,63.6,237,123,4,35,0,4
249,air,0,358,158.3,56,110,9,35,0,4
249,bus,0,358,34.52,301,109,8,35,0,4
249,car,1,358,68.02,260,0,0,35,0,4
250,train,0,370,63.6,237,135,4,70,0,4
250,air,1,370,154.3,56,115,9,70,0,4
250,bus,0,370,29.52,301,129,8,70,0,4
250,car,0,370,70.3,276,0,0,70,0,4
251,train,0,387,63.6,237,135,4,70,0,4
251,air,0,387,154.3,56,120,9,70,0,4
251,bus,0,387,29.52,301,129,8,70,0,4
251,car,1,387,73.53,271,0,0,70,0,4
271,train,0,294,60,215,95,4,55,0,4
271,air,0,294,146.9,56,111,9,55,0,4
271,bus,0,294,30.57,301,90,8,55,0,4
271,car,1,294,55.86,211,0,0,55,0,4
272,train,1,271,60.75,237,90,4,70,1,4
272,air,0,271,159.9,56,123,9,70,1,4
272,bus,0,271,30.39,301,95,8,70,1,4
272,car,0,271,51.49,181,0,0,70,1,4
273,train,1,271,60.75,237,90,4,70,1,4
273,air,0,271,159.9,56,123,9,70,1,4
273,bus,0,271,30.39,301,95,8,70,1,4
273,car,0,271,51.49,181,0,0,70,1,4
274,train,1,271,60.75,237,90,4,55,1,4
274,air,0,271,159.9,56,123,9,55,1,4
274,bus,0,271,30.39,301,95,8,55,1,4
274,car,0,271,51.49,181,0,0,55,1,4
275,train,0,271,60.75,237,90,4,70,1,4
275,air,0,271,159.9,56,123,9,70,1,4
275,bus,0,271,30.39,301,95,8,70,1,4
275,car,1,271,51.49,181,0,0,70,1,4
276,train,0,271,60.75,237,90,4,35,1,4
276,air,0,271,159.9,56,123,9,35,1,4
276,bus,0,271,30.39,301,95,8,35,1,4
276,car,1,271,51.49,181,0,0,35,1,4
277,train,0,279,63.1,237,115,4,25,1,4
277,air,0,279,156.75,56,119,9,25,1,4
277,bus,0,279,30.32,301,110,8,25,1,4
277,car,1,279,53.01,192,0,0,25,1,4
285,train,1,293,50.75,187,75,4,70,1,4
285,air,0,293,154.4,50,113,4,70,1,4
285,bus,0,293,25.71,316,90,2,70,1,4
285,car,0,293,55.67,199,0,0,70,1,4
286,train,0,293,50.75,187,75,4,70,1,4
286,air,0,293,154.4,50,113,4,70,1,4
286,bus,0,293,25.71,316,90,2,70,1,4
286,car,1,293,55.67,199,0,0,70,1,4
325,train,0,293,45.1,165,80,1,25,0,4
325,air,0,293,135.1,50,76,4,25,0,4
325,bus,0,293,21.89,316,60,2,25,0,4
325,car,1,293,55.67,211,0,0,25,0,4
326,train,0,293,45.1,165,80,1,70,0,4
326,air,0,293,135.1,50,76,4,70,0,4
326,bus,0,293,21.89,316,60,2,70,0,4
326,car,1,293,55.67,211,0,0,70,0,4
327,train,0,293,45.1,165,80,1,35,0,4
327,air,0,293,135.1,50,76,4,35,0,4
327,bus,0,293,21.89,316,60,2,35,0,4
327,car,1,293,55.67,211,0,0,35,0,4
328,train,0,293,45.1,165,80,1,70,0,4
328,air,0,293,135.1,50,76,4,70,0,4
328,bus,0,293,21.89,316,60,2,70,0,4
328,car,1,293,55.67,211,0,0,70,0,4
329,train,1,303,45.1,205,65,3,70,0,4
329,air,0,303,138.1,50,76,4,70,0,4
329,bus,0,303,21.04,316,55,2,70,0,4
329,car,0,303,57.57,200,0,0,70,0,4
330,train,0,303,45.1,205,65,3,35,0,4
330,air,0,303,138.1,50,76,4,35,0,4
330,bus,0,303,21.04,316,55,2,35,0,4
330,car,1,303,57.57,200,0,0,35,0,4
331,train,0,303,45.1,205,65,3,70,0,4
331,air,0,303,138.1,50,76,4,70,0,4
331,bus,0,303,21.04,316,55,2,70,0,4
331,car,1,303,57.57,200,0,0,70,0,4
332,train,0,281,48.5,187,100,4,55,1,4
332,air,0,281,143.5,50,68,4,55,1,4
332,bus,0,281,22.19,316,80,2,55,1,4
332,car,1,281,53.39,195,0,0,55,1,4
333,train,0,281,48.5,187,100,4,70,1,4
333,air,0,281,143.5,50,68,4,70,1,4
333,bus,0,281,22.19,316,80,2,70,1,4
333,car,1,281,53.39,195,0,0,70,1,4
334,train,0,281,48.5,187,100,4,70,1,4
334,air,0,281,143.5,50,68,4,70,1,4
334,bus,0,281,22.19,316,80,2,70,1,4
334,car,1,281,53.39,195,0,0,70,1,4
335,train,0,281,48.5,187,100,4,35,1,4
335,air,0,281,143.5,50,68,4,35,1,4
335,bus,0,281,22.19,316,80,2,35,1,4
335,car,1,281,53.39,195,0,0,35,1,4
336,train,0,281,48.5,187,100,4,31,1,4
336,air,0,281,143.5,50,68,4,31,1,4
336,bus,0,281,22.19,316,80,2,31,1,4
336,car,1,281,53.39,195,0,0,31,1,4
337,train,0,270,46.65,187,75,4,55,1,4
337,air,0,270,148.1,50,88,4,55,1,4
337,bus,0,270,21.71,316,65,2,55,1,4
337,car,1,270,51.3,181,0,0,55,1,4
338,train,0,270,46.65,187,75,4,35,1,4
338,air,0,270,148.1,50,88,4,35,1,4
338,bus,0,270,21.71,316,65,2,35,1,4
338,car,1,270,51.3,181,0,0,35,1,4
339,train,0,270,46.65,187,75,4,35,1,4
339,air,0,270,148.1,50,88,4,35,1,4
339,bus,0,270,21.71,316,65,2,35,1,4
339,car,1,270,51.3,181,0,0,35,1,4
340,train,0,278,49,187,100,4,70,1,4
340,air,0,278,144.95,50,84,4,70,1,4
340,bus,0,278,21.64,316,80,2,70,1,4
340,car,1,278,52.82,192,0,0,70,1,4
341,train,0,278,49,187,100,4,45,1,4
341,air,0,278,144.95,50,84,4,45,1,4
341,bus,0,278,21.64,316,80,2,45,1,4
341,car,1,278,52.82,192,0,0,45,1,4
342,train,0,278,49,187,100,4,70,1,4
342,air,0,278,144.95,50,84,4,70,1,4
342,bus,0,278,21.64,316,80,2,70,1,4
342,car,1,278,52.82,192,0,0,70,1,4
343,train,0,281,48.5,187,100,4,25,1,4
343,air,0,281,146.75,50,90,4,25,1,4
343,bus,0,281,21.79,316,83,2,25,1,4
343,car,1,281,53.39,195,0,0,25,1,4
344,train,0,281,48.5,187,100,4,35,1,4
344,air,0,281,146.75,50,90,4,35,1,4
344,bus,0,281,21.79,316,83,2,35,1,4
344,car,1,281,53.39,195,0,0,35,1,4
360,train,0,265,50.15,187,90,4,55,1,4
360,air,0,265,154.4,50,103,4,55,1,4
360,bus,0,265,22.21,316,80,2,55,1,4
360,car,1,265,50.35,183,0,0,55,1,4
361,train,0,265,50.15,187,90,4,25,1,4
361,air,0,265,154.4,50,103,4,25,1,4
361,bus,0,265,22.21,316,80,2,25,1,4
361,car,1,265,50.35,183,0,0,25,1,4
370,train,0,150,32.75,92,75,5,35,0,4
370,air,0,150,132.75,40,120,25,35,0,4
370,bus,0,150,11.23,109,86,7,35,0,4
370,car,1,150,28.5,112,0,0,35,0,4
371,train,0,150,32.75,92,75,5,25,0,4
371,air,0,150,132.75,40,120,25,25,0,4
371,bus,0,150,11.23,109,86,7,25,0,4
371,car,1,150,28.5,112,0,0,25,0,4
372,train,0,237,40.35,138,65,4,70,0,4
372,air,0,237,129,40,101,25,70,0,4
372,bus,0,237,17.4,152,91,12,70,0,4
372,car,1,237,45.03,164,0,0,70,0,4
373,train,0,215,43.75,120,100,12,70,1,4
373,air,0,215,134.4,40,93,25,70,1,4
373,bus,0,215,18.55,152,116,12,70,1,4
373,car,1,215,40.85,159,0,0,70,1,4
374,train,0,215,43.75,120,100,12,35,1,4
374,air,0,215,134.4,40,93,25,35,1,4
374,bus,0,215,18.55,152,116,12,35,1,4
374,car,1,215,40.85,159,0,0,35,1,4
375,train,1,204,41.9,120,75,12,55,1,4
375,air,0,204,139,40,113,25,55,1,4
375,bus,0,204,18.07,152,101,12,55,1,4
375,car,0,204,38.76,144,0,0,55,1,4
376,train,1,204,41.9,120,75,12,70,1,4
376,air,0,204,139,40,113,25,70,1,4
376,bus,0,204,18.07,152,101,12,70,1,4
376,car,0,204,38.76,144,0,0,70,1,4
377,train,1,204,41.9,120,75,12,55,1,4
377,air,0,204,139,40,113,25,55,1,4
377,bus,0,204,18.07,152,101,12,55,1,4
377,car,0,204,38.76,144,0,0,55,1,4
378,train,1,204,41.9,120,75,12,45,1,4
378,air,0,204,139,40,113,25,45,1,4
378,bus,0,204,18.07,152,101,12,45,1,4
378,car,0,204,38.76,144,0,0,45,1,4
379,train,0,204,41.9,120,75,12,70,1,4
379,air,1,204,139,40,113,25,70,1,4
379,bus,0,204,18.07,152,101,12,70,1,4
379,car,0,204,38.76,144,0,0,70,1,4
380,train,0,204,41.9,120,75,12,28,1,4
380,air,0,204,139,40,113,25,28,1,4
380,bus,0,204,18.07,152,101,12,28,1,4
380,car,1,204,38.76,144,0,0,28,1,4
381,train,0,204,41.9,120,75,12,25,1,4
381,air,0,204,139,40,113,25,25,1,4
381,bus,0,204,18.07,152,101,12,25,1,4
381,car,1,204,38.76,144,0,0,25,1,4
382,train,0,326,53.75,120,120,12,45,0,4
382,air,0,326,133.4,40,140,25,45,0,4
382,bus,0,326,24.88,346,96,1,45,0,4
382,car,1,326,61.94,226,0,0,45,0,4
384,train,0,587,92.75,434,90,2,70,1,4
384,air,1,587,175.6,96,100,5,70,1,4
384,bus,0,587,42.6,515,99,7,70,1,4
384,car,0,587,111.53,406,0,0,70,1,4
385,train,0,587,92.75,434,90,2,70,1,4
385,air,1,587,175.6,96,100,5,70,1,4
385,bus,0,587,42.6,515,99,7,70,1,4
385,car,0,587,111.53,406,0,0,70,1,4
386,train,1,621,90.75,434,79,2,45,1,4
386,air,0,621,172.2,96,95,5,45,1,4
386,bus,0,621,43.8,515,98,7,45,1,4
386,car,0,621,117.99,413,0,0,45,1,4
387,train,1,621,90.75,434,79,2,45,1,4
387,air,0,621,172.2,96,95,5,45,1,4
387,bus,0,621,43.8,515,98,7,45,1,4
387,car,0,621,117.99,413,0,0,45,1,4
388,train,0,621,90.75,434,79,2,70,1,4
388,air,0,621,172.2,96,95,5,70,1,4
388,bus,0,621,43.8,515,98,7,70,1,4
388,car,1,621,117.99,413,0,0,70,1,4
389,train,0,631,92.45,434,80,2,55,1,4
389,air,1,631,173.6,96,95,5,55,1,4
389,bus,0,631,43.6,515,101,7,55,1,4
389,car,0,631,119.89,426,0,0,55,1,4
411,train,0,147,38.5,92,85,5,70,0,4
411,air,0,147,130.9,40,120,25,70,0,4
411,bus,0,147,26.7,265,60,5,70,0,4
411,car,1,147,27.93,115,0,0,70,0,4
419,train,0,179,40.5,92,90,5,55,0,4
419,air,0,179,136.2,40,135,25,55,0,4
419,bus,0,179,25.7,265,55,5,55,0,4
419,car,1,179,34.01,133,0,0,55,0,4
420,train,0,179,40.5,92,90,5,70,0,4
420,air,0,179,136.2,40,135,25,70,0,4
420,bus,0,179,25.7,265,55,5,70,0,4
420,car,1,179,34.01,133,0,0,70,0,4
421,train,0,179,40.5,92,90,5,45,0,4
421,air,0,179,136.2,40,135,25,45,0,4
421,bus,0,179,25.7,265,55,5,45,0,4
421,car,1,179,34.01,133,0,0,45,0,4
422,train,0,179,40.5,92,90,5,45,0,4
422,air,0,179,136.2,40,135,25,45,0,4
422,bus,0,179,25.7,265,55,5,45,0,4
422,car,1,179,34.01,133,0,0,45,0,4
483,train,0,196,44.05,92,95,5,35,0,4
483,air,0,196,135.9,40,137,25,35,0,4
483,bus,0,196,26.7,265,60,5,35,0,4
483,car,1,196,37.24,148,0,0,35,0,4
484,train,0,196,44.05,92,95,5,70,0,4
484,air,0,196,135.9,40,137,25,70,0,4
484,bus,0,196,26.7,265,60,5,70,0,4
484,car,1,196,37.24,148,0,0,70,0,4
485,train,0,196,44.05,92,95,5,55,0,4
485,air,0,196,135.9,40,137,25,55,0,4
485,bus,0,196,26.7,265,60,5,55,0,4
485,car,1,196,37.24,148,0,0,55,0,4
495,train,0,551,85.95,367,104,3,45,1,4
495,air,1,551,166.5,58,142,36,45,1,4
495,bus,0,551,43,433,67,6,45,1,4
495,car,0,551,104.69,362,0,0,45,1,4
496,train,0,561,87.65,367,105,3,70,1,4
496,air,1,561,167.9,58,142,36,70,1,4
496,bus,0,561,42.8,433,70,6,70,1,4
496,car,0,561,106.59,375,0,0,70,1,4
498,train,0,198,42.5,92,100,5,70,0,4
498,air,0,198,150.9,40,140,25,70,0,4
498,bus,0,198,27.31,295,55,6,70,0,4
498,car,1,198,37.62,144,0,0,70,0,4
499,train,0,198,42.5,92,100,5,26,0,4
499,air,0,198,150.9,40,140,25,26,0,4
499,bus,0,198,27.31,295,55,6,26,0,4
499,car,1,198,37.62,144,0,0,26,0,4
500,train,0,198,42.5,92,100,5,35,0,4
500,air,0,198,150.9,40,140,25,35,0,4
500,bus,0,198,27.31,295,55,6,35,0,4
500,car,1,198,37.62,144,0,0,35,0,4
501,train,0,198,42.5,92,100,5,35,0,4
501,air,0,198,150.9,40,140,25,35,0,4
501,bus,0,198,27.31,295,55,6,35,0,4
501,car,1,198,37.62,144,0,0,35,0,4
531,train,1,553,84.4,367,109,3,35,1,4
531,air,0,553,181.5,58,145,36,35,1,4
531,bus,0,553,42.05,433,62,6,35,1,4
531,car,0,553,105.07,359,0,0,35,1,4
532,train,0,553,84.4,367,109,3,70,1,4
532,air,1,553,181.5,58,145,36,70,1,4
532,bus,0,553,42.05,433,62,6,70,1,4
532,car,0,553,105.07,359,0,0,70,1,4
533,train,0,553,84.4,367,109,3,35,1,4
533,air,1,553,181.5,58,145,36,35,1,4
533,bus,0,553,42.05,433,62,6,35,1,4
533,car,0,553,105.07,359,0,0,35,1,4
534,train,1,558,87.4,367,115,3,45,0,4
534,air,0,558,187.9,58,150,36,45,0,4
534,bus,0,558,40.85,433,60,6,45,0,4
534,car,0,558,106.02,365,0,0,45,0,4
536,train,0,677,90.5,394,115,3,45,0,4
536,air,1,677,211.25,69,163,45,45,0,4
536,bus,0,677,26.71,536,60,4,45,0,4
536,car,0,677,128.63,416,0,0,45,0,4
571,train,0,215,50.55,144,101,4,35,0,4
571,air,0,215,126,40,86,25,35,0,4
571,bus,0,215,18.25,152,70,12,35,0,4
571,car,1,215,40.85,167,0,0,35,0,4
572,train,0,225,55.55,144,107,4,55,0,4
572,air,0,225,129,40,86,25,55,0,4
572,bus,0,225,17.4,152,65,12,55,0,4
572,car,1,225,42.75,156,0,0,55,0,4
573,train,0,203,45.55,144,102,4,70,1,4
573,air,0,203,134.4,40,78,25,70,1,4
573,bus,0,203,18.55,152,90,12,70,1,4
573,car,1,203,38.57,151,0,0,70,1,4
574,train,1,192,43.7,144,77,4,45,1,4
574,air,0,192,139,40,98,25,45,1,4
574,bus,0,192,18.07,152,75,12,45,1,4
574,car,0,192,36.48,137,0,0,45,1,4
575,train,1,192,43.7,144,77,4,45,1,4
575,air,0,192,139,40,98,25,45,1,4
575,bus,0,192,18.07,152,75,12,45,1,4
575,car,0,192,36.48,137,0,0,45,1,4
576,train,0,192,43.7,144,77,4,15,1,4
576,air,0,192,139,40,98,25,15,1,4
576,bus,0,192,18.07,152,75,12,15,1,4
576,car,1,192,36.48,137,0,0,15,1,4
615,train,1,134,36.5,92,80,5,70,0,4
615,air,0,134,126.9,40,115,25,70,0,4
615,bus,0,134,11.38,109,65,7,70,0,4
615,car,0,134,25.46,107,0,0,70,0,4
616,train,0,134,36.5,92,80,5,35,0,4
616,air,0,134,126.9,40,115,25,35,0,4
616,bus,0,134,11.38,109,65,7,35,0,4
616,car,1,134,25.46,107,0,0,35,0,4
617,train,0,134,36.5,92,80,5,45,0,4
617,air,0,134,126.9,40,115,25,45,0,4
617,bus,0,134,11.38,109,65,7,45,0,4
617,car,1,134,25.46,107,0,0,45,0,4
618,train,0,125,34.5,92,70,5,35,0,4
618,air,0,125,122.9,40,119,25,35,0,4
618,bus,1,125,11.73,109,60,7,35,0,4
618,car,0,125,23.75,101,0,0,35,0,4
619,train,0,125,34.5,92,70,5,26,0,4
619,air,0,125,122.9,40,119,25,26,0,4
619,bus,0,125,11.73,109,60,7,26,0,4
619,car,1,125,23.75,101,0,0,26,0,4
620,train,0,125,34.5,92,70,5,35,0,4
620,air,0,125,122.9,40,119,25,35,0,4
620,bus,0,125,11.73,109,60,7,35,0,4
620,car,1,125,23.75,101,0,0,35,0,4
621,train,0,125,34.5,92,70,5,70,0,4
621,air,0,125,122.9,40,119,25,70,0,4
621,bus,0,125,11.73,109,60,7,70,0,4
621,car,1,125,23.75,101,0,0,70,0,4
622,train,0,125,34.5,92,70,5,70,0,4
622,air,0,125,122.9,40,119,25,70,0,4
622,bus,0,125,11.73,109,60,7,70,0,4
622,car,1,125,23.75,101,0,0,70,0,4
623,train,0,125,34.5,92,70,5,25,0,4
623,air,0,125,122.9,40,119,25,25,0,4
623,bus,0,125,11.73,109,60,7,25,0,4
623,car,1,125,23.75,101,0,0,25,0,4
624,train,0,125,34.5,92,70,5,70,0,4
624,air,0,125,122.9,40,119,25,70,0,4
624,bus,0,125,11.73,109,60,7,70,0,4
624,car,1,125,23.75,101,0,0,70,0,4
625,train,0,125,34.5,92,70,5,55,0,4
625,air,0,125,122.9,40,119,25,55,0,4
625,bus,0,125,11.73,109,60,7,55,0,4
625,car,1,125,23.75,101,0,0,55,0,4
626,train,0,130,36.5,92,80,5,70,0,4
626,air,0,130,126.9,40,115,25,70,0,4
626,bus,0,130,11.38,109,70,7,70,0,4
626,car,1,130,24.7,106,0,0,70,0,4
627,train,0,134,33.5,92,70,5,70,0,4
627,air,0,134,126.9,40,105,25,70,0,4
627,bus,0,134,11.38,109,65,7,70,0,4
627,car,1,134,25.46,109,0,0,70,0,4
628,train,1,134,29.5,92,65,5,70,0,4
628,air,0,134,126.25,40,100,25,70,0,4
628,bus,0,134,10.73,109,55,7,70,0,4
628,car,0,134,25.46,107,0,0,70,0,4
629,train,0,134,29.5,92,65,5,29,0,4
629,air,0,134,126.25,40,100,25,29,0,4
629,bus,0,134,10.73,109,55,7,29,0,4
629,car,1,134,25.46,107,0,0,29,0,4
630,train,0,134,29.5,92,65,5,45,0,4
630,air,0,134,126.25,40,100,25,45,0,4
630,bus,0,134,10.73,109,55,7,45,0,4
630,car,1,134,25.46,107,0,0,45,0,4
631,train,0,134,29.5,92,65,5,70,0,4
631,air,0,134,126.25,40,100,25,70,0,4
631,bus,0,134,10.73,109,55,7,70,0,4
631,car,1,134,25.46,107,0,0,70,0,4
632,train,1,151,31.1,98,59,8,70,0,4
632,air,0,151,122.9,40,90,25,70,0,4
632,bus,0,151,10.38,109,58,7,70,0,4
632,car,0,151,28.69,121,0,0,70,0,4
633,train,1,151,31.1,98,59,8,70,0,4
633,air,0,151,122.9,40,90,25,70,0,4
633,bus,0,151,10.38,109,58,7,70,0,4
633,car,0,151,28.69,121,0,0,70,0,4
634,train,1,151,31.1,98,59,8,70,0,4
634,air,0,151,122.9,40,90,25,70,0,4
634,bus,0,151,10.38,109,58,7,70,0,4
634,car,0,151,28.69,121,0,0,70,0,4
635,train,0,151,31.1,98,59,8,55,0,4
635,air,0,151,122.9,40,90,25,55,0,4
635,bus,0,151,10.38,109,58,7,55,0,4
635,car,1,151,28.69,121,0,0,55,0,4
636,train,0,151,31.1,98,59,8,70,0,4
636,air,0,151,122.9,40,90,25,70,0,4
636,bus,0,151,10.38,109,58,7,70,0,4
636,car,1,151,28.69,121,0,0,70,0,4
637,train,0,151,31.1,98,59,8,35,0,4
637,air,0,151,122.9,40,90,25,35,0,4
637,bus,0,151,10.38,109,58,7,35,0,4
637,car,1,151,28.69,121,0,0,35,0,4
638,train,0,151,31.1,98,59,8,55,0,4
638,air,0,151,122.9,40,90,25,55,0,4
638,bus,0,151,10.38,109,58,7,55,0,4
638,car,1,151,28.69,121,0,0,55,0,4
640,train,0,211,32.1,98,70,8,45,0,4
640,air,1,211,119.5,40,81,25,45,0,4
640,bus,0,211,17.75,152,65,12,45,0,4
640,car,0,211,40.09,170,0,0,45,0,4
641,train,0,211,32.1,98,70,8,35,0,4
641,air,0,211,119.5,40,81,25,35,0,4
641,bus,0,211,17.75,152,65,12,35,0,4
641,car,1,211,40.09,170,0,0,35,0,4
642,train,0,211,32.1,98,70,8,45,0,4
642,air,0,211,119.5,40,81,25,45,0,4
642,bus,0,211,17.75,152,65,12,45,0,4
642,car,1,211,40.09,170,0,0,45,0,4
643,train,0,211,32.1,98,70,8,45,0,4
643,air,0,211,119.5,40,81,25,45,0,4
643,bus,0,211,17.75,152,65,12,45,0,4
643,car,1,211,40.09,170,0,0,45,0,4
644,train,0,211,32.1,98,70,8,70,0,4
644,air,0,211,119.5,40,81,25,70,0,4
644,bus,0,211,17.75,152,65,12,70,0,4
644,car,1,211,40.09,170,0,0,70,0,4
645,train,0,211,32.1,98,70,8,25,0,4
645,air,0,211,119.5,40,81,25,25,0,4
645,bus,0,211,17.75,152,65,12,25,0,4
645,car,1,211,40.09,170,0,0,25,0,4
646,train,0,211,32.1,98,70,8,55,0,4
646,air,0,211,119.5,40,81,25,55,0,4
646,bus,0,211,17.75,152,65,12,55,0,4
646,car,1,211,40.09,170,0,0,55,0,4
647,train,0,211,32.1,98,70,8,70,0,4
647,air,0,211,119.5,40,81,25,70,0,4
647,bus,0,211,17.75,152,65,12,70,0,4
647,car,1,211,40.09,170,0,0,70,0,4
648,train,0,211,32.1,98,70,8,55,0,4
648,air,0,211,119.5,40,81,25,55,0,4
648,bus,0,211,17.75,152,65,12,55,0,4
648,car,1,211,40.09,170,0,0,55,0,4
649,train,0,211,32.1,98,70,8,70,0,4
649,air,0,211,119.5,40,81,25,70,0,4
649,bus,0,211,17.75,152,65,12,70,0,4
649,car,1,211,40.09,170,0,0,70,0,4
650,train,0,211,32.1,98,70,8,70,0,4
650,air,0,211,119.5,40,81,25,70,0,4
650,bus,0,211,17.75,152,65,12,70,0,4
650,car,1,211,40.09,170,0,0,70,0,4
651,train,0,211,32.1,98,70,8,15,0,4
651,air,0,211,119.5,40,81,25,15,0,4
651,bus,0,211,17.75,152,65,12,15,0,4
651,car,1,211,40.09,170,0,0,15,0,4
652,train,0,211,32.1,98,70,8,55,0,4
652,air,0,211,119.5,40,81,25,55,0,4
652,bus,0,211,17.75,152,65,12,55,0,4
652,car,1,211,40.09,170,0,0,55,0,4
653,train,0,211,32.1,98,70,8,55,0,4
653,air,0,211,119.5,40,81,25,55,0,4
653,bus,0,211,17.75,152,65,12,55,0,4
653,car,1,211,40.09,170,0,0,55,0,4
654,train,0,211,32.1,98,70,8,35,0,4
654,air,0,211,119.5,40,81,25,35,0,4
654,bus,0,211,17.75,152,65,12,35,0,4
654,car,1,211,40.09,170,0,0,35,0,4
655,train,0,211,32.1,98,70,8,70,0,4
655,air,0,211,119.5,40,81,25,70,0,4
655,bus,0,211,17.75,152,65,12,70,0,4
655,car,1,211,40.09,170,0,0,70,0,4
656,train,0,211,32.1,98,70,8,70,0,4
656,air,0,211,119.5,40,81,25,70,0,4
656,bus,0,211,17.75,152,65,12,70,0,4
656,car,1,211,40.09,170,0,0,70,0,4
657,train,0,211,32.1,98,70,8,70,0,4
657,air,0,211,119.5,40,81,25,70,0,4
657,bus,0,211,17.75,152,65,12,70,0,4
657,car,1,211,40.09,170,0,0,70,0,4
658,train,0,211,32.1,98,70,8,70,0,4
658,air,0,211,119.5,40,81,25,70,0,4
658,bus,0,211,17.75,152,65,12,70,0,4
658,car,1,211,40.09,170,0,0,70,0,4
659,train,0,211,32.1,98,70,8,45,0,4
659,air,0,211,119.5,40,81,25,45,0,4
659,bus,0,211,17.75,152,65,12,45,0,4
659,car,1,211,40.09,170,0,0,45,0,4
660,train,0,211,32.1,98,70,8,70,0,4
660,air,0,211,119.5,40,81,25,70,0,4
660,bus,0,211,17.75,152,65,12,70,0,4
660,car,1,211,40.09,170,0,0,70,0,4
661,train,1,221,37.1,138,55,4,5,0,4
661,air,0,221,122.5,40,81,25,5,0,4
661,bus,0,221,16.9,152,60,12,5,0,4
661,car,0,221,41.99,159,0,0,5,0,4
662,train,0,221,37.1,138,55,4,70,0,4
662,air,0,221,122.5,40,81,25,70,0,4
662,bus,0,221,16.9,152,60,12,70,0,4
662,car,1,221,41.99,159,0,0,70,0,4
663,train,0,221,37.1,138,55,4,45,0,4
663,air,0,221,122.5,40,81,25,45,0,4
663,bus,0,221,16.9,152,60,12,45,0,4
663,car,1,221,41.99,159,0,0,45,0,4
664,train,1,238,39.1,138,70,4,70,0,4
664,air,0,238,122.9,40,90,25,70,0,4
664,bus,0,238,16.9,152,95,12,70,0,4
664,car,0,238,45.22,173,0,0,70,0,4
665,train,1,199,40.5,120,90,12,15,1,4
665,air,0,199,127.9,40,73,25,15,1,4
665,bus,0,199,18.05,152,85,12,15,1,4
665,car,0,199,37.81,153,0,0,15,1,4
666,train,1,199,40.5,120,90,12,70,1,4
666,air,0,199,127.9,40,73,25,70,1,4
666,bus,0,199,18.05,152,85,12,70,1,4
666,car,0,199,37.81,153,0,0,70,1,4
667,train,0,199,40.5,120,90,12,35,1,4
667,air,0,199,127.9,40,73,25,35,1,4
667,bus,0,199,18.05,152,85,12,35,1,4
667,car,1,199,37.81,153,0,0,35,1,4
668,train,0,199,40.5,120,90,12,70,1,4
668,air,0,199,127.9,40,73,25,70,1,4
668,bus,0,199,18.05,152,85,12,70,1,4
668,car,1,199,37.81,153,0,0,70,1,4
669,train,0,199,40.5,120,90,12,70,1,4
669,air,0,199,127.9,40,73,25,70,1,4
669,bus,0,199,18.05,152,85,12,70,1,4
669,car,1,199,37.81,153,0,0,70,1,4
670,train,0,199,40.5,120,90,12,70,1,4
670,air,0,199,127.9,40,73,25,70,1,4
670,bus,0,199,18.05,152,85,12,70,1,4
670,car,1,199,37.81,153,0,0,70,1,4
671,train,0,199,40.5,120,90,12,25,1,4
671,air,0,199,127.9,40,73,25,25,1,4
671,bus,0,199,18.05,152,85,12,25,1,4
671,car,1,199,37.81,153,0,0,25,1,4
672,train,0,199,40.5,120,90,12,70,1,4
672,air,0,199,127.9,40,73,25,70,1,4
672,bus,0,199,18.05,152,85,12,70,1,4
672,car,1,199,37.81,153,0,0,70,1,4
673,train,0,199,40.5,120,90,12,70,1,4
673,air,0,199,127.9,40,73,25,70,1,4
673,bus,0,199,18.05,152,85,12,70,1,4
673,car,1,199,37.81,153,0,0,70,1,4
674,train,1,188,38.65,120,65,12,70,1,4
674,air,0,188,132.5,40,93,25,70,1,4
674,bus,0,188,17.57,152,70,12,70,1,4
674,car,0,188,35.72,139,0,0,70,1,4
675,train,1,188,38.65,120,65,12,45,1,4
675,air,0,188,132.5,40,93,25,45,1,4
675,bus,0,188,17.57,152,70,12,45,1,4
675,car,0,188,35.72,139,0,0,45,1,4
676,train,1,188,38.65,120,65,12,25,1,4
676,air,0,188,132.5,40,93,25,25,1,4
676,bus,0,188,17.57,152,70,12,25,1,4
676,car,0,188,35.72,139,0,0,25,1,4
677,train,1,188,38.65,120,65,12,35,1,4
677,air,0,188,132.5,40,93,25,35,1,4
677,bus,0,188,17.57,152,70,12,35,1,4
677,car,0,188,35.72,139,0,0,35,1,4
678,train,1,188,38.65,120,65,12,25,1,4
678,air,0,188,132.5,40,93,25,25,1,4
678,bus,0,188,17.57,152,70,12,25,1,4
678,car,0,188,35.72,139,0,0,25,1,4
679,train,1,188,38.65,120,65,12,55,1,4
679,air,0,188,132.5,40,93,25,55,1,4
679,bus,0,188,17.57,152,70,12,55,1,4
679,car,0,188,35.72,139,0,0,55,1,4
680,train,1,188,38.65,120,65,12,70,1,4
680,air,0,188,132.5,40,93,25,70,1,4
680,bus,0,188,17.57,152,70,12,70,1,4
680,car,0,188,35.72,139,0,0,70,1,4
681,train,1,188,38.65,120,65,12,70,1,4
681,air,0,188,132.5,40,93,25,70,1,4
681,bus,0,188,17.57,152,70,12,70,1,4
681,car,0,188,35.72,139,0,0,70,1,4
682,train,1,188,38.65,120,65,12,70,1,4
682,air,0,188,132.5,40,93,25,70,1,4
682,bus,0,188,17.57,152,70,12,70,1,4
682,car,0,188,35.72,139,0,0,70,1,4
683,train,1,188,38.65,120,65,12,35,1,4
683,air,0,188,132.5,40,93,25,35,1,4
683,bus,0,188,17.57,152,70,12,35,1,4
683,car,0,188,35.72,139,0,0,35,1,4
684,train,1,188,38.65,120,65,12,55,1,4
684,air,0,188,132.5,40,93,25,55,1,4
684,bus,0,188,17.57,152,70,12,55,1,4
684,car,0,188,35.72,139,0,0,55,1,4
685,train,1,188,38.65,120,65,12,70,1,4
685,air,0,188,132.5,40,93,25,70,1,4
685,bus,0,188,17.57,152,70,12,70,1,4
685,car,0,188,35.72,139,0,0,70,1,4
686,train,1,188,38.65,120,65,12,70,1,4
686,air,0,188,132.5,40,93,25,70,1,4
686,bus,0,188,17.57,152,70,12,70,1,4
686,car,0,188,35.72,139,0,0,70,1,4
687,train,1,188,38.65,120,65,12,25,1,4
687,air,0,188,132.5,40,93,25,25,1,4
687,bus,0,188,17.57,152,70,12,25,1,4
687,car,0,188,35.72,139,0,0,25,1,4
688,train,1,188,38.65,120,65,12,31,1,4
688,air,0,188,132.5,40,93,25,31,1,4
688,bus,0,188,17.57,152,70,12,31,1,4
688,car,0,188,35.72,139,0,0,31,1,4
689,train,1,188,38.65,120,65,12,35,1,4
689,air,0,188,132.5,40,93,25,35,1,4
689,bus,0,188,17.57,152,70,12,35,1,4
689,car,0,188,35.72,139,0,0,35,1,4
690,train,1,188,38.65,120,65,12,45,1,4
690,air,0,188,132.5,40,93,25,45,1,4
690,bus,0,188,17.57,152,70,12,45,1,4
690,car,0,188,35.72,139,0,0,45,1,4
691,train,1,188,38.65,120,65,12,70,1,4
691,air,0,188,132.5,40,93,25,70,1,4
691,bus,0,188,17.57,152,70,12,70,1,4
691,car,0,188,35.72,139,0,0,70,1,4
692,train,1,188,38.65,120,65,12,70,1,4
692,air,0,188,132.5,40,93,25,70,1,4
692,bus,0,188,17.57,152,70,12,70,1,4
692,car,0,188,35.72,139,0,0,70,1,4
693,train,1,188,38.65,120,65,12,29,1,4
693,air,0,188,132.5,40,93,25,29,1,4
693,bus,0,188,17.57,152,70,12,29,1,4
693,car,0,188,35.72,139,0,0,29,1,4
694,train,1,188,38.65,120,65,12,15,1,4
694,air,0,188,132.5,40,93,25,15,1,4
694,bus,0,188,17.57,152,70,12,15,1,4
694,car,0,188,35.72,139,0,0,15,1,4
695,train,1,188,38.65,120,65,12,70,1,4
695,air,0,188,132.5,40,93,25,70,1,4
695,bus,0,188,17.57,152,70,12,70,1,4
695,car,0,188,35.72,139,0,0,70,1,4
696,train,1,188,38.65,120,65,12,55,1,4
696,air,0,188,132.5,40,93,25,55,1,4
696,bus,0,188,17.57,152,70,12,55,1,4
696,car,0,188,35.72,139,0,0,55,1,4
697,train,1,188,38.65,120,65,12,35,1,4
697,air,0,188,132.5,40,93,25,35,1,4
697,bus,0,188,17.57,152,70,12,35,1,4
697,car,0,188,35.72,139,0,0,35,1,4
698,train,1,188,38.65,120,65,12,70,1,4
698,air,0,188,132.5,40,93,25,70,1,4
698,bus,0,188,17.57,152,70,12,70,1,4
698,car,0,188,35.72,139,0,0,70,1,4
699,train,1,188,38.65,120,65,12,15,1,4
699,air,0,188,132.5,40,93,25,15,1,4
699,bus,0,188,17.57,152,70,12,15,1,4
699,car,0,188,35.72,139,0,0,15,1,4
700,train,1,188,38.65,120,65,12,15,1,4
700,air,0,188,132.5,40,93,25,15,1,4
700,bus,0,188,17.57,152,70,12,15,1,4
700,car,0,188,35.72,139,0,0,15,1,4
701,train,1,188,38.65,120,65,12,70,1,4
701,air,0,188,132.5,40,93,25,70,1,4
701,bus,0,188,17.57,152,70,12,70,1,4
701,car,0,188,35.72,139,0,0,70,1,4
702,train,1,188,38.65,120,65,12,29,1,4
702,air,0,188,132.5,40,93,25,29,1,4
702,bus,0,188,17.57,152,70,12,29,1,4
702,car,0,188,35.72,139,0,0,29,1,4
703,train,1,188,38.65,120,65,12,70,1,4
703,air,0,188,132.5,40,93,25,70,1,4
703,bus,0,188,17.57,152,70,12,70,1,4
703,car,0,188,35.72,139,0,0,70,1,4
704,train,1,188,38.65,120,65,12,55,1,4
704,air,0,188,132.5,40,93,25,55,1,4
704,bus,0,188,17.57,152,70,12,55,1,4
704,car,0,188,35.72,139,0,0,55,1,4
705,train,1,188,38.65,120,65,12,70,1,4
705,air,0,188,132.5,40,93,25,70,1,4
705,bus,0,188,17.57,152,70,12,70,1,4
705,car,0,188,35.72,139,0,0,70,1,4
706,train,1,188,38.65,120,65,12,35,1,4
706,air,0,188,132.5,40,93,25,35,1,4
706,bus,0,188,17.57,152,70,12,35,1,4
706,car,0,188,35.72,139,0,0,35,1,4
707,train,1,188,38.65,120,65,12,70,1,4
707,air,0,188,132.5,40,93,25,70,1,4
707,bus,0,188,17.57,152,70,12,70,1,4
707,car,0,188,35.72,139,0,0,70,1,4
708,train,1,188,38.65,120,65,12,70,1,4
708,air,0,188,132.5,40,93,25,70,1,4
708,bus,0,188,17.57,152,70,12,70,1,4
708,car,0,188,35.72,139,0,0,70,1,4
709,train,1,188,38.65,120,65,12,70,1,4
709,air,0,188,132.5,40,93,25,70,1,4
709,bus,0,188,17.57,152,70,12,70,1,4
709,car,0,188,35.72,139,0,0,70,1,4
710,train,1,188,38.65,120,65,12,45,1,4
710,air,0,188,132.5,40,93,25,45,1,4
710,bus,0,188,17.57,152,70,12,45,1,4
710,car,0,188,35.72,139,0,0,45,1,4
711,train,1,188,38.65,120,65,12,35,1,4
711,air,0,188,132.5,40,93,25,35,1,4
711,bus,0,188,17.57,152,70,12,35,1,4
711,car,0,188,35.72,139,0,0,35,1,4
712,train,1,188,38.65,120,65,12,70,1,4
712,air,0,188,132.5,40,93,25,70,1,4
712,bus,0,188,17.57,152,70,12,70,1,4
712,car,0,188,35.72,139,0,0,70,1,4
713,train,1,188,38.65,120,65,12,70,1,4
713,air,0,188,132.5,40,93,25,70,1,4
713,bus,0,188,17.57,152,70,12,70,1,4
713,car,0,188,35.72,139,0,0,70,1,4
714,train,1,188,38.65,120,65,12,70,1,4
714,air,0,188,132.5,40,93,25,70,1,4
714,bus,0,188,17.57,152,70,12,70,1,4
714,car,0,188,35.72,139,0,0,70,1,4
715,train,1,188,38.65,120,65,12,70,1,4
715,air,0,188,132.5,40,93,25,70,1,4
715,bus,0,188,17.57,152,70,12,70,1,4
715,car,0,188,35.72,139,0,0,70,1,4
716,train,1,188,38.65,120,65,12,70,1,4
716,air,0,188,132.5,40,93,25,70,1,4
716,bus,0,188,17.57,152,70,12,70,1,4
716,car,0,188,35.72,139,0,0,70,1,4
717,train,1,188,38.65,120,65,12,35,1,4
717,air,0,188,132.5,40,93,25,35,1,4
717,bus,0,188,17.57,152,70,12,35,1,4
717,car,0,188,35.72,139,0,0,35,1,4
718,train,1,188,38.65,120,65,12,35,1,4
718,air,0,188,132.5,40,93,25,35,1,4
718,bus,0,188,17.57,152,70,12,35,1,4
718,car,0,188,35.72,139,0,0,35,1,4
719,train,1,188,38.65,120,65,12,55,1,4
719,air,0,188,132.5,40,93,25,55,1,4
719,bus,0,188,17.57,152,70,12,55,1,4
719,car,0,188,35.72,139,0,0,55,1,4
720,train,1,188,38.65,120,65,12,55,1,4
720,air,0,188,132.5,40,93,25,55,1,4
720,bus,0,188,17.57,152,70,12,55,1,4
720,car,0,188,35.72,139,0,0,55,1,4
721,train,1,188,38.65,120,65,12,25,1,4
721,air,0,188,132.5,40,93,25,25,1,4
721,bus,0,188,17.57,152,70,12,25,1,4
721,car,0,188,35.72,139,0,0,25,1,4
722,train,1,188,38.65,120,65,12,55,1,4
722,air,0,188,132.5,40,93,25,55,1,4
722,bus,0,188,17.57,152,70,12,55,1,4
722,car,0,188,35.72,139,0,0,55,1,4
723,train,1,188,38.65,120,65,12,55,1,4
723,air,0,188,132.5,40,93,25,55,1,4
723,bus,0,188,17.57,152,70,12,55,1,4
723,car,0,188,35.72,139,0,0,55,1,4
724,train,1,188,38.65,120,65,12,70,1,4
724,air,0,188,132.5,40,93,25,70,1,4
724,bus,0,188,17.57,152,70,12,70,1,4
724,car,0,188,35.72,139,0,0,70,1,4
725,train,1,188,38.65,120,65,12,55,1,4
725,air,0,188,132.5,40,93,25,55,1,4
725,bus,0,188,17.57,152,70,12,55,1,4
725,car,0,188,35.72,139,0,0,55,1,4
726,train,1,188,38.65,120,65,12,70,1,4
726,air,0,188,132.5,40,93,25,70,1,4
726,bus,0,188,17.57,152,70,12,70,1,4
726,car,0,188,35.72,139,0,0,70,1,4
727,train,1,188,38.65,120,65,12,55,1,4
727,air,0,188,132.5,40,93,25,55,1,4
727,bus,0,188,17.57,152,70,12,55,1,4
727,car,0,188,35.72,139,0,0,55,1,4
728,train,1,188,38.65,120,65,12,15,1,4
728,air,0,188,132.5,40,93,25,15,1,4
728,bus,0,188,17.57,152,70,12,15,1,4
728,car,0,188,35.72,139,0,0,15,1,4
729,train,1,188,38.65,120,65,12,45,1,4
729,air,0,188,132.5,40,93,25,45,1,4
729,bus,0,188,17.57,152,70,12,45,1,4
729,car,0,188,35.72,139,0,0,45,1,4
730,train,1,188,38.65,120,65,12,55,1,4
730,air,0,188,132.5,40,93,25,55,1,4
730,bus,0,188,17.57,152,70,12,55,1,4
730,car,0,188,35.72,139,0,0,55,1,4
731,train,1,188,38.65,120,65,12,70,1,4
731,air,0,188,132.5,40,93,25,70,1,4
731,bus,0,188,17.57,152,70,12,70,1,4
731,car,0,188,35.72,139,0,0,70,1,4
732,train,1,188,38.65,120,65,12,29,1,4
732,air,0,188,132.5,40,93,25,29,1,4
732,bus,0,188,17.57,152,70,12,29,1,4
732,car,0,188,35.72,139,0,0,29,1,4
733,train,1,188,38.65,120,65,12,70,1,4
733,air,0,188,132.5,40,93,25,70,1,4
733,bus,0,188,17.57,152,70,12,70,1,4
733,car,0,188,35.72,139,0,0,70,1,4
734,train,1,188,38.65,120,65,12,29,1,4
734,air,0,188,132.5,40,93,25,29,1,4
734,bus,0,188,17.57,152,70,12,29,1,4
734,car,0,188,35.72,139,0,0,29,1,4
735,train,1,188,38.65,120,65,12,25,1,4
735,air,0,188,132.5,40,93,25,25,1,4
735,bus,0,188,17.57,152,70,12,25,1,4
735,car,0,188,35.72,139,0,0,25,1,4
736,train,1,188,38.65,120,65,12,5,1,4
736,air,0,188,132.5,40,93,25,5,1,4
736,bus,0,188,17.57,152,70,12,5,1,4
736,car,0,188,35.72,139,0,0,5,1,4
737,train,1,188,38.65,120,65,12,70,1,4
737,air,0,188,132.5,40,93,25,70,1,4
737,bus,0,188,17.57,152,70,12,70,1,4
737,car,0,188,35.72,139,0,0,70,1,4
738,train,1,188,38.65,120,65,12,45,1,4
738,air,0,188,132.5,40,93,25,45,1,4
738,bus,0,188,17.57,152,70,12,45,1,4
738,car,0,188,35.72,139,0,0,45,1,4
739,train,1,188,38.65,120,65,12,70,1,4
739,air,0,188,132.5,40,93,25,70,1,4
739,bus,0,188,17.57,152,70,12,70,1,4
739,car,0,188,35.72,139,0,0,70,1,4
740,train,1,188,38.65,120,65,12,70,1,4
740,air,0,188,132.5,40,93,25,70,1,4
740,bus,0,188,17.57,152,70,12,70,1,4
740,car,0,188,35.72,139,0,0,70,1,4
741,train,1,188,38.65,120,65,12,29,1,4
741,air,0,188,132.5,40,93,25,29,1,4
741,bus,0,188,17.57,152,70,12,29,1,4
741,car,0,188,35.72,139,0,0,29,1,4
742,train,1,188,38.65,120,65,12,70,1,4
742,air,0,188,132.5,40,93,25,70,1,4
742,bus,0,188,17.57,152,70,12,70,1,4
742,car,0,188,35.72,139,0,0,70,1,4
743,train,1,188,38.65,120,65,12,45,1,4
743,air,0,188,132.5,40,93,25,45,1,4
743,bus,0,188,17.57,152,70,12,45,1,4
743,car,0,188,35.72,139,0,0,45,1,4
744,train,1,188,38.65,120,65,12,35,1,4
744,air,0,188,132.5,40,93,25,35,1,4
744,bus,0,188,17.57,152,70,12,35,1,4
744,car,0,188,35.72,139,0,0,35,1,4
745,train,1,188,38.65,120,65,12,45,1,4
745,air,0,188,132.5,40,93,25,45,1,4
745,bus,0,188,17.57,152,70,12,45,1,4
745,car,0,188,35.72,139,0,0,45,1,4
746,train,1,188,38.65,120,65,12,15,1,4
746,air,0,188,132.5,40,93,25,15,1,4
746,bus,0,188,17.57,152,70,12,15,1,4
746,car,0,188,35.72,139,0,0,15,1,4
747,train,1,188,38.65,120,65,12,70,1,4
747,air,0,188,132.5,40,93,25,70,1,4
747,bus,0,188,17.57,152,70,12,70,1,4
747,car,0,188,35.72,139,0,0,70,1,4
748,train,1,188,38.65,120,65,12,29,1,4
748,air,0,188,132.5,40,93,25,29,1,4
748,bus,0,188,17.57,152,70,12,29,1,4
748,car,0,188,35.72,139,0,0,29,1,4
749,train,1,188,38.65,120,65,12,25,1,4
749,air,0,188,132.5,40,93,25,25,1,4
749,bus,0,188,17.57,152,70,12,25,1,4
749,car,0,188,35.72,139,0,0,25,1,4
750,train,1,188,38.65,120,65,12,70,1,4
750,air,0,188,132.5,40,93,25,70,1,4
750,bus,0,188,17.57,152,70,12,70,1,4
750,car,0,188,35.72,139,0,0,70,1,4
751,train,1,188,38.65,120,65,12,70,1,4
751,air,0,188,132.5,40,93,25,70,1,4
751,bus,0,188,17.57,152,70,12,70,1,4
751,car,0,188,35.72,139,0,0,70,1,4
752,train,1,188,38.65,120,65,12,55,1,4
752,air,0,188,132.5,40,93,25,55,1,4
752,bus,0,188,17.57,152,70,12,55,1,4
752,car,0,188,35.72,139,0,0,55,1,4
753,train,1,188,38.65,120,65,12,70,1,4
753,air,0,188,132.5,40,93,25,70,1,4
753,bus,0,188,17.57,152,70,12,70,1,4
753,car,0,188,35.72,139,0,0,70,1,4
754,train,1,188,38.65,120,65,12,25,1,4
754,air,0,188,132.5,40,93,25,25,1,4
754,bus,0,188,17.57,152,70,12,25,1,4
754,car,0,188,35.72,139,0,0,25,1,4
755,train,1,188,38.65,120,65,12,70,1,4
755,air,0,188,132.5,40,93,25,70,1,4
755,bus,0,188,17.57,152,70,12,70,1,4
755,car,0,188,35.72,139,0,0,70,1,4
756,train,1,188,38.65,120,65,12,15,1,4
756,air,0,188,132.5,40,93,25,15,1,4
756,bus,0,188,17.57,152,70,12,15,1,4
756,car,0,188,35.72,139,0,0,15,1,4
757,train,1,188,38.65,120,65,12,70,1,4
757,air,0,188,132.5,40,93,25,70,1,4
757,bus,0,188,17.57,152,70,12,70,1,4
757,car,0,188,35.72,139,0,0,70,1,4
758,train,1,188,38.65,120,65,12,70,1,4
758,air,0,188,132.5,40,93,25,70,1,4
758,bus,0,188,17.57,152,70,12,70,1,4
758,car,0,188,35.72,139,0,0,70,1,4
759,train,0,188,38.65,120,65,12,70,1,4
759,air,1,188,132.5,40,93,25,70,1,4
759,bus,0,188,17.57,152,70,12,70,1,4
759,car,0,188,35.72,139,0,0,70,1,4
760,train,0,188,38.65,120,65,12,70,1,4
760,air,1,188,132.5,40,93,25,70,1,4
760,bus,0,188,17.57,152,70,12,70,1,4
760,car,0,188,35.72,139,0,0,70,1,4
761,train,0,188,38.65,120,65,12,70,1,4
761,air,1,188,132.5,40,93,25,70,1,4
761,bus,0,188,17.57,152,70,12,70,1,4
761,car,0,188,35.72,139,0,0,70,1,4
762,train,0,188,38.65,120,65,12,25,1,4
762,air,1,188,132.5,40,93,25,25,1,4
762,bus,0,188,17.57,152,70,12,25,1,4
762,car,0,188,35.72,139,0,0,25,1,4
763,train,0,188,38.65,120,65,12,55,1,4
763,air,1,188,132.5,40,93,25,55,1,4
763,bus,0,188,17.57,152,70,12,55,1,4
763,car,0,188,35.72,139,0,0,55,1,4
764,train,0,188,38.65,120,65,12,25,1,4
764,air,1,188,132.5,40,93,25,25,1,4
764,bus,0,188,17.57,152,70,12,25,1,4
764,car,0,188,35.72,139,0,0,25,1,4
765,train,0,188,38.65,120,65,12,70,1,4
765,air,0,188,132.5,40,93,25,70,1,4
765,bus,0,188,17.57,152,70,12,70,1,4
765,car,1,188,35.72,139,0,0,70,1,4
766,train,0,188,38.65,120,65,12,70,1,4
766,air,0,188,132.5,40,93,25,70,1,4
766,bus,0,188,17.57,152,70,12,70,1,4
766,car,1,188,35.72,139,0,0,70,1,4
767,train,0,188,38.65,120,65,12,55,1,4
767,air,0,188,132.5,40,93,25,55,1,4
767,bus,0,188,17.57,152,70,12,55,1,4
767,car,1,188,35.72,139,0,0,55,1,4
768,train,0,188,38.65,120,65,12,70,1,4
768,air,0,188,132.5,40,93,25,70,1,4
768,bus,0,188,17.57,152,70,12,70,1,4
768,car,1,188,35.72,139,0,0,70,1,4
769,train,0,188,38.65,120,65,12,45,1,4
769,air,0,188,132.5,40,93,25,45,1,4
769,bus,0,188,17.57,152,70,12,45,1,4
769,car,1,188,35.72,139,0,0,45,1,4
770,train,0,188,38.65,120,65,12,70,1,4
770,air,0,188,132.5,40,93,25,70,1,4
770,bus,0,188,17.57,152,70,12,70,1,4
770,car,1,188,35.72,139,0,0,70,1,4
771,train,0,188,38.65,120,65,12,55,1,4
771,air,0,188,132.5,40,93,25,55,1,4
771,bus,0,188,17.57,152,70,12,55,1,4
771,car,1,188,35.72,139,0,0,55,1,4
772,train,0,188,38.65,120,65,12,55,1,4
772,air,0,188,132.5,40,93,25,55,1,4
772,bus,0,188,17.57,152,70,12,55,1,4
772,car,1,188,35.72,139,0,0,55,1,4
773,train,0,188,38.65,120,65,12,70,1,4
773,air,0,188,132.5,40,93,25,70,1,4
773,bus,0,188,17.57,152,70,12,70,1,4
773,car,1,188,35.72,139,0,0,70,1,4
774,train,0,188,38.65,120,65,12,45,1,4
774,air,0,188,132.5,40,93,25,45,1,4
774,bus,0,188,17.57,152,70,12,45,1,4
774,car,1,188,35.72,139,0,0,45,1,4
775,train,0,188,38.65,120,65,12,70,1,4
775,air,0,188,132.5,40,93,25,70,1,4
775,bus,0,188,17.57,152,70,12,70,1,4
775,car,1,188,35.72,139,0,0,70,1,4
776,train,0,188,38.65,120,65,12,45,1,4
776,air,0,188,132.5,40,93,25,45,1,4
776,bus,0,188,17.57,152,70,12,45,1,4
776,car,1,188,35.72,139,0,0,45,1,4
777,train,0,188,38.65,120,65,12,29,1,4
777,air,0,188,132.5,40,93,25,29,1,4
777,bus,0,188,17.57,152,70,12,29,1,4
777,car,1,188,35.72,139,0,0,29,1,4
778,train,0,188,38.65,120,65,12,70,1,4
778,air,0,188,132.5,40,93,25,70,1,4
778,bus,0,188,17.57,152,70,12,70,1,4
778,car,1,188,35.72,139,0,0,70,1,4
779,train,0,188,38.65,120,65,12,70,1,4
779,air,0,188,132.5,40,93,25,70,1,4
779,bus,0,188,17.57,152,70,12,70,1,4
779,car,1,188,35.72,139,0,0,70,1,4
780,train,0,188,38.65,120,65,12,55,1,4
780,air,0,188,132.5,40,93,25,55,1,4
780,bus,0,188,17.57,152,70,12,55,1,4
780,car,1,188,35.72,139,0,0,55,1,4
781,train,0,188,38.65,120,65,12,45,1,4
781,air,0,188,132.5,40,93,25,45,1,4
781,bus,0,188,17.57,152,70,12,45,1,4
781,car,1,188,35.72,139,0,0,45,1,4
782,train,0,188,38.65,120,65,12,70,1,4
782,air,0,188,132.5,40,93,25,70,1,4
782,bus,0,188,17.57,152,70,12,70,1,4
782,car,1,188,35.72,139,0,0,70,1,4
783,train,0,188,38.65,120,65,12,70,1,4
783,air,0,188,132.5,40,93,25,70,1,4
783,bus,0,188,17.57,152,70,12,70,1,4
783,car,1,188,35.72,139,0,0,70,1,4
784,train,0,188,38.65,120,65,12,70,1,4
784,air,0,188,132.5,40,93,25,70,1,4
784,bus,0,188,17.57,152,70,12,70,1,4
784,car,1,188,35.72,139,0,0,70,1,4
785,train,0,188,38.65,120,65,12,70,1,4
785,air,0,188,132.5,40,93,25,70,1,4
785,bus,0,188,17.57,152,70,12,70,1,4
785,car,1,188,35.72,139,0,0,70,1,4
786,train,0,188,38.65,120,65,12,70,1,4
786,air,0,188,132.5,40,93,25,70,1,4
786,bus,0,188,17.57,152,70,12,70,1,4
786,car,1,188,35.72,139,0,0,70,1,4
787,train,0,188,38.65,120,65,12,70,1,4
787,air,0,188,132.5,40,93,25,70,1,4
787,bus,0,188,17.57,152,70,12,70,1,4
787,car,1,188,35.72,139,0,0,70,1,4
788,train,0,195,40,120,80,12,70,1,4
788,air,1,195,122.9,40,90,25,70,1,4
788,bus,0,195,18.75,152,85,12,70,1,4
788,car,0,195,37.05,148,0,0,70,1,4
789,train,0,195,40,120,80,12,70,1,4
789,air,0,195,122.9,40,90,25,70,1,4
789,bus,0,195,18.75,152,85,12,70,1,4
789,car,1,195,37.05,148,0,0,70,1,4
790,train,1,196,41,120,90,12,70,1,4
790,air,0,196,129.35,40,89,25,70,1,4
790,bus,0,196,17.5,152,85,12,70,1,4
790,car,0,196,37.24,150,0,0,70,1,4
791,train,1,196,41,120,90,12,70,1,4
791,air,0,196,129.35,40,89,25,70,1,4
791,bus,0,196,17.5,152,85,12,70,1,4
791,car,0,196,37.24,150,0,0,70,1,4
792,train,1,196,41,120,90,12,15,1,4
792,air,0,196,129.35,40,89,25,15,1,4
792,bus,0,196,17.5,152,85,12,15,1,4
792,car,0,196,37.24,150,0,0,15,1,4
793,train,0,196,41,120,90,12,55,1,4
793,air,1,196,129.35,40,89,25,55,1,4
793,bus,0,196,17.5,152,85,12,55,1,4
793,car,0,196,37.24,150,0,0,55,1,4
794,train,0,196,41,120,90,12,35,1,4
794,air,0,196,129.35,40,89,25,35,1,4
794,bus,1,196,17.5,152,85,12,35,1,4
794,car,0,196,37.24,150,0,0,35,1,4
795,train,0,196,41,120,90,12,45,1,4
795,air,0,196,129.35,40,89,25,45,1,4
795,bus,0,196,17.5,152,85,12,45,1,4
795,car,1,196,37.24,150,0,0,45,1,4
796,train,0,196,41,120,90,12,35,1,4
796,air,0,196,129.35,40,89,25,35,1,4
796,bus,0,196,17.5,152,85,12,35,1,4
796,car,1,196,37.24,150,0,0,35,1,4
797,train,0,196,41,120,90,12,45,1,4
797,air,0,196,129.35,40,89,25,45,1,4
797,bus,0,196,17.5,152,85,12,45,1,4
797,car,1,196,37.24,150,0,0,45,1,4
798,train,0,196,41,120,90,12,55,1,4
798,air,0,196,129.35,40,89,25,55,1,4
798,bus,0,196,17.5,152,85,12,55,1,4
798,car,1,196,37.24,150,0,0,55,1,4
799,train,0,196,41,120,90,12,70,1,4
799,air,0,196,129.35,40,89,25,70,1,4
799,bus,0,196,17.5,152,85,12,70,1,4
799,car,1,196,37.24,150,0,0,70,1,4
800,train,0,196,41,120,90,12,45,1,4
800,air,0,196,129.35,40,89,25,45,1,4
800,bus,0,196,17.5,152,85,12,45,1,4
800,car,1,196,37.24,150,0,0,45,1,4
801,train,0,196,41,120,90,12,45,1,4
801,air,0,196,129.35,40,89,25,45,1,4
801,bus,0,196,17.5,152,85,12,45,1,4
801,car,1,196,37.24,150,0,0,45,1,4
802,train,0,196,41,120,90,12,55,1,4
802,air,0,196,129.35,40,89,25,55,1,4
802,bus,0,196,17.5,152,85,12,55,1,4
802,car,1,196,37.24,150,0,0,55,1,4
803,train,1,199,40.5,120,90,12,35,1,4
803,air,0,199,131.15,40,95,25,35,1,4
803,bus,0,199,17.65,152,88,12,35,1,4
803,car,0,199,37.81,153,0,0,35,1,4
804,train,0,199,40.5,120,90,12,25,1,4
804,air,0,199,131.15,40,95,25,25,1,4
804,bus,0,199,17.65,152,88,12,25,1,4
804,car,1,199,37.81,153,0,0,25,1,4
805,train,0,199,40.5,120,90,12,55,1,4
805,air,0,199,131.15,40,95,25,55,1,4
805,bus,0,199,17.65,152,88,12,55,1,4
805,car,1,199,37.81,153,0,0,55,1,4
806,train,0,199,40.5,120,90,12,35,1,4
806,air,0,199,131.15,40,95,25,35,1,4
806,bus,0,199,17.65,152,88,12,35,1,4
806,car,1,199,37.81,153,0,0,35,1,4
807,train,0,199,40.5,120,90,12,34,1,4
807,air,0,199,131.15,40,95,25,34,1,4
807,bus,0,199,17.65,152,88,12,34,1,4
807,car,1,199,37.81,153,0,0,34,1,4
808,train,0,199,40.5,120,90,12,55,1,4
808,air,0,199,131.15,40,95,25,55,1,4
808,bus,0,199,17.65,152,88,12,55,1,4
808,car,1,199,37.81,153,0,0,55,1,4
809,train,0,199,40.5,120,90,12,55,1,4
809,air,0,199,131.15,40,95,25,55,1,4
809,bus,0,199,17.65,152,88,12,55,1,4
809,car,1,199,37.81,153,0,0,55,1,4
810,train,1,211,41.5,120,104,12,70,0,4
810,air,0,211,122.9,40,80,25,70,0,4
810,bus,0,211,16.9,152,90,12,70,0,4
810,car,0,211,40.09,170,0,0,70,0,4
811,train,0,214,42.5,120,108,12,70,0,4
811,air,0,214,130.9,40,100,25,70,0,4
811,bus,0,214,21.9,152,95,12,70,0,4
811,car,1,214,40.66,173,0,0,70,0,4
812,train,0,214,42.5,120,108,12,55,0,4
812,air,0,214,130.9,40,100,25,55,0,4
812,bus,0,214,21.9,152,95,12,55,0,4
812,car,1,214,40.66,173,0,0,55,0,4
813,train,0,214,42.5,120,108,12,35,0,4
813,air,0,214,130.9,40,100,25,35,0,4
813,bus,0,214,21.9,152,95,12,35,0,4
813,car,1,214,40.66,173,0,0,35,0,4
814,train,0,214,42.5,120,108,12,15,0,4
814,air,0,214,130.9,40,100,25,15,0,4
814,bus,0,214,21.9,152,95,12,15,0,4
814,car,1,214,40.66,173,0,0,15,0,4
815,train,0,214,42.5,120,108,12,70,0,4
815,air,0,214,130.9,40,100,25,70,0,4
815,bus,0,214,21.9,152,95,12,70,0,4
815,car,1,214,40.66,173,0,0,70,0,4
816,train,0,214,42.5,120,108,12,70,0,4
816,air,0,214,130.9,40,100,25,70,0,4
816,bus,0,214,21.9,152,95,12,70,0,4
816,car,1,214,40.66,173,0,0,70,0,4
817,train,0,214,42.5,120,108,12,45,0,4
817,air,0,214,130.9,40,100,25,45,0,4
817,bus,0,214,21.9,152,95,12,45,0,4
817,car,1,214,40.66,173,0,0,45,0,4
818,train,1,214,41.5,120,90,12,25,0,4
818,air,0,214,131.9,40,95,25,25,0,4
818,bus,0,214,16.9,152,85,12,25,0,4
818,car,0,214,40.66,173,0,0,25,0,4
819,train,0,226,42.5,120,120,12,55,0,4
819,air,0,226,126.9,40,105,25,55,0,4
819,bus,0,226,16.9,152,115,12,55,0,4
819,car,1,226,42.94,189,0,0,55,0,4
825,train,0,232,43.1,138,90,4,45,0,4
825,air,0,232,125.45,40,118,25,45,0,4
825,bus,0,232,26.38,346,100,1,45,0,4
825,car,1,232,44.08,201,0,0,45,0,4
826,train,0,310,50.5,120,110,12,70,0,4
826,air,0,310,126.9,40,120,25,70,0,4
826,bus,0,310,24.38,346,65,1,70,0,4
826,car,1,310,58.9,220,0,0,70,0,4
827,train,0,310,50.5,120,110,12,45,0,4
827,air,0,310,126.9,40,120,25,45,0,4
827,bus,0,310,24.38,346,65,1,45,0,4
827,car,1,310,58.9,220,0,0,45,0,4
828,train,0,310,50.5,120,110,12,25,0,4
828,air,0,310,126.9,40,120,25,25,0,4
828,bus,0,310,24.38,346,65,1,25,0,4
828,car,1,310,58.9,220,0,0,25,0,4
829,train,0,310,50.5,120,110,12,45,0,4
829,air,0,310,126.9,40,120,25,45,0,4
829,bus,0,310,24.38,346,65,1,45,0,4
829,car,1,310,58.9,220,0,0,45,0,4
830,train,0,361,51,120,160,12,5,0,4
830,air,0,361,132.5,40,160,25,5,0,4
830,bus,0,361,26.38,346,120,1,5,0,4
830,car,1,361,68.59,262,0,0,5,0,4
831,train,0,361,51,120,160,12,25,0,4
831,air,0,361,132.5,40,160,25,25,0,4
831,bus,0,361,26.38,346,120,1,25,0,4
831,car,1,361,68.59,262,0,0,25,0,4
848,train,0,659,89.7,403,80,3,55,0,4
848,air,1,659,177.1,96,125,5,55,0,4
848,bus,0,659,45.1,515,95,7,55,0,4
848,car,0,659,125.21,428,0,0,55,0,4
849,train,0,659,89.7,403,80,3,70,0,4
849,air,0,659,177.1,96,125,5,70,0,4
849,bus,0,659,45.1,515,95,7,70,0,4
849,car,1,659,125.21,428,0,0,70,0,4
852,train,0,573,89.5,434,80,2,33,0,4
852,air,1,573,172.1,96,90,5,33,0,4
852,bus,0,573,42.1,515,75,7,33,0,4
852,car,0,573,108.87,381,0,0,33,0,4
853,train,0,573,89.5,434,80,2,35,0,4
853,air,0,573,172.1,96,90,5,35,0,4
853,bus,0,573,42.1,515,75,7,35,0,4
853,car,1,573,108.87,381,0,0,35,0,4
854,train,0,567,90,434,85,2,55,0,4
854,air,1,567,172.1,96,85,5,55,0,4
854,bus,0,567,42.1,515,80,7,55,0,4
854,car,0,567,107.73,397,0,0,55,0,4
855,train,0,567,90,434,85,2,70,0,4
855,air,0,567,172.1,96,85,5,70,0,4
855,bus,0,567,42.1,515,80,7,70,0,4
855,car,1,567,107.73,397,0,0,70,0,4
856,train,1,605,87.5,434,69,2,25,1,4
856,air,0,605,165.7,96,75,5,25,1,4
856,bus,0,605,43.3,515,67,7,25,1,4
856,car,0,605,114.95,407,0,0,25,1,4
857,train,1,605,87.5,434,69,2,55,1,4
857,air,0,605,165.7,96,75,5,55,1,4
857,bus,0,605,43.3,515,67,7,55,1,4
857,car,0,605,114.95,407,0,0,55,1,4
858,train,1,605,87.5,434,69,2,35,1,4
858,air,0,605,165.7,96,75,5,35,1,4
858,bus,0,605,43.3,515,67,7,35,1,4
858,car,0,605,114.95,407,0,0,35,1,4
859,train,1,605,87.5,434,69,2,70,1,4
859,air,0,605,165.7,96,75,5,70,1,4
859,bus,0,605,43.3,515,67,7,70,1,4
859,car,0,605,114.95,407,0,0,70,1,4
860,train,0,605,87.5,434,69,2,70,1,4
860,air,1,605,165.7,96,75,5,70,1,4
860,bus,0,605,43.3,515,67,7,70,1,4
860,car,0,605,114.95,407,0,0,70,1,4
861,train,0,605,87.5,434,69,2,70,1,4
861,air,1,605,165.7,96,75,5,70,1,4
861,bus,0,605,43.3,515,67,7,70,1,4
861,car,0,605,114.95,407,0,0,70,1,4
862,train,0,605,87.5,434,69,2,70,1,4
862,air,1,605,165.7,96,75,5,70,1,4
862,bus,0,605,43.3,515,67,7,70,1,4
862,car,0,605,114.95,407,0,0,70,1,4
863,train,0,605,87.5,434,69,2,70,1,4
863,air,1,605,165.7,96,75,5,70,1,4
863,bus,0,605,43.3,515,67,7,70,1,4
863,car,0,605,114.95,407,0,0,70,1,4
864,train,0,605,87.5,434,69,2,55,1,4
864,air,1,605,165.7,96,75,5,55,1,4
864,bus,0,605,43.3,515,67,7,55,1,4
864,car,0,605,114.95,407,0,0,55,1,4
865,train,0,605,87.5,434,69,2,35,1,4
865,air,1,605,165.7,96,75,5,35,1,4
865,bus,0,605,43.3,515,67,7,35,1,4
865,car,0,605,114.95,407,0,0,35,1,4
866,train,0,605,87.5,434,69,2,70,1,4
866,air,1,605,165.7,96,75,5,70,1,4
866,bus,0,605,43.3,515,67,7,70,1,4
866,car,0,605,114.95,407,0,0,70,1,4
867,train,0,605,87.5,434,69,2,55,1,4
867,air,1,605,165.7,96,75,5,55,1,4
867,bus,0,605,43.3,515,67,7,55,1,4
867,car,0,605,114.95,407,0,0,55,1,4
868,train,0,605,87.5,434,69,2,70,1,4
868,air,1,605,165.7,96,75,5,70,1,4
868,bus,0,605,43.3,515,67,7,70,1,4
868,car,0,605,114.95,407,0,0,70,1,4
869,train,0,605,87.5,434,69,2,45,1,4
869,air,1,605,165.7,96,75,5,45,1,4
869,bus,0,605,43.3,515,67,7,45,1,4
869,car,0,605,114.95,407,0,0,45,1,4
870,train,0,605,87.5,434,69,2,55,1,4
870,air,1,605,165.7,96,75,5,55,1,4
870,bus,0,605,43.3,515,67,7,55,1,4
870,car,0,605,114.95,407,0,0,55,1,4
871,train,0,605,87.5,434,69,2,70,1,4
871,air,1,605,165.7,96,75,5,70,1,4
871,bus,0,605,43.3,515,67,7,70,1,4
871,car,0,605,114.95,407,0,0,70,1,4
872,train,0,605,87.5,434,69,2,70,1,4
872,air,1,605,165.7,96,75,5,70,1,4
872,bus,0,605,43.3,515,67,7,70,1,4
872,car,0,605,114.95,407,0,0,70,1,4
873,train,0,605,87.5,434,69,2,70,1,4
873,air,1,605,165.7,96,75,5,70,1,4
873,bus,0,605,43.3,515,67,7,70,1,4
873,car,0,605,114.95,407,0,0,70,1,4
874,train,0,605,87.5,434,69,2,55,1,4
874,air,1,605,165.7,96,75,5,55,1,4
874,bus,0,605,43.3,515,67,7,55,1,4
874,car,0,605,114.95,407,0,0,55,1,4
875,train,0,605,87.5,434,69,2,45,1,4
875,air,1,605,165.7,96,75,5,45,1,4
875,bus,0,605,43.3,515,67,7,45,1,4
875,car,0,605,114.95,407,0,0,45,1,4
876,train,0,605,87.5,434,69,2,70,1,4
876,air,1,605,165.7,96,75,5,70,1,4
876,bus,0,605,43.3,515,67,7,70,1,4
876,car,0,605,114.95,407,0,0,70,1,4
877,train,0,605,87.5,434,69,2,55,1,4
877,air,1,605,165.7,96,75,5,55,1,4
877,bus,0,605,43.3,515,67,7,55,1,4
877,car,0,605,114.95,407,0,0,55,1,4
878,train,0,605,87.5,434,69,2,55,1,4
878,air,1,605,165.7,96,75,5,55,1,4
878,bus,0,605,43.3,515,67,7,55,1,4
878,car,0,605,114.95,407,0,0,55,1,4
879,train,0,605,87.5,434,69,2,70,1,4
879,air,0,605,165.7,96,75,5,70,1,4
879,bus,0,605,43.3,515,67,7,70,1,4
879,car,1,605,114.95,407,0,0,70,1,4
880,train,0,605,87.5,434,69,2,55,1,4
880,air,0,605,165.7,96,75,5,55,1,4
880,bus,0,605,43.3,515,67,7,55,1,4
880,car,1,605,114.95,407,0,0,55,1,4
881,train,0,615,89.2,434,70,2,55,1,4
881,air,1,615,167.1,96,75,5,55,1,4
881,bus,0,615,43.1,515,70,7,55,1,4
881,car,0,615,116.85,420,0,0,55,1,4
882,train,0,615,89.2,434,70,2,70,1,4
882,air,1,615,167.1,96,75,5,70,1,4
882,bus,0,615,43.1,515,70,7,70,1,4
882,car,0,615,116.85,420,0,0,70,1,4
883,train,0,615,89.2,434,70,2,70,1,4
883,air,1,615,167.1,96,75,5,70,1,4
883,bus,0,615,43.1,515,70,7,70,1,4
883,car,0,615,116.85,420,0,0,70,1,4
884,train,0,610,90.5,434,75,2,25,0,4
884,air,1,610,172.1,96,80,5,25,0,4
884,bus,0,610,42.1,515,65,7,25,0,4
884,car,0,610,115.9,414,0,0,25,0,4
885,train,0,610,90.5,434,75,2,70,0,4
885,air,1,610,172.1,96,80,5,70,0,4
885,bus,0,610,42.1,515,65,7,70,0,4
885,car,0,610,115.9,414,0,0,70,0,4
905,train,0,134,30,92,69,5,45,0,4
905,air,0,134,128.75,40,100,25,45,0,4
905,bus,0,134,11.23,109,60,7,45,0,4
905,car,1,134,25.46,107,0,0,45,0,4
906,train,0,134,30,92,69,5,55,0,4
906,air,0,134,128.75,40,100,25,55,0,4
906,bus,0,134,11.23,109,60,7,55,0,4
906,car,1,134,25.46,107,0,0,55,0,4
907,train,1,188,39.15,120,69,12,31,1,4
907,air,0,188,135,40,93,25,31,1,4
907,bus,0,188,18.07,152,75,12,31,1,4
907,car,0,188,35.72,139,0,0,31,1,4
908,train,1,188,39.15,120,69,12,25,1,4
908,air,0,188,135,40,93,25,25,1,4
908,bus,0,188,18.07,152,75,12,25,1,4
908,car,0,188,35.72,139,0,0,25,1,4
909,train,1,188,39.15,120,69,12,70,1,4
909,air,0,188,135,40,93,25,70,1,4
909,bus,0,188,18.07,152,75,12,70,1,4
909,car,0,188,35.72,139,0,0,70,1,4
910,train,1,188,39.15,120,69,12,70,1,4
910,air,0,188,135,40,93,25,70,1,4
910,bus,0,188,18.07,152,75,12,70,1,4
910,car,0,188,35.72,139,0,0,70,1,4
911,train,1,188,39.15,120,69,12,70,1,4
911,air,0,188,135,40,93,25,70,1,4
911,bus,0,188,18.07,152,75,12,70,1,4
911,car,0,188,35.72,139,0,0,70,1,4
912,train,1,188,39.15,120,69,12,70,1,4
912,air,0,188,135,40,93,25,70,1,4
912,bus,0,188,18.07,152,75,12,70,1,4
912,car,0,188,35.72,139,0,0,70,1,4
913,train,0,196,41.5,120,94,12,70,1,4
913,air,0,196,131.85,40,89,25,70,1,4
913,bus,0,196,18,152,90,12,70,1,4
913,car,1,196,37.24,150,0,0,70,1,4
917,train,0,156,41.6,138,85,4,35,0,4
917,air,0,156,129,40,81,25,35,0,4
917,bus,0,156,17.4,152,90,12,35,0,4
917,car,1,156,29.64,111,0,0,35,0,4
918,train,1,123,43.15,120,95,12,45,1,4
918,air,0,123,139,40,93,25,45,1,4
918,bus,0,123,18.07,152,100,12,45,1,4
918,car,0,123,23.37,91,0,0,45,1,4
919,train,1,123,43.15,120,95,12,70,1,4
919,air,0,123,139,40,93,25,70,1,4
919,bus,0,123,18.07,152,100,12,70,1,4
919,car,0,123,23.37,91,0,0,70,1,4
920,train,1,123,43.15,120,95,12,70,1,4
920,air,0,123,139,40,93,25,70,1,4
920,bus,0,123,18.07,152,100,12,70,1,4
920,car,0,123,23.37,91,0,0,70,1,4
921,train,0,134,45,120,120,12,35,1,4
921,air,0,134,137.65,40,95,25,35,1,4
921,bus,0,134,18.15,152,118,12,35,1,4
921,car,1,134,25.46,106,0,0,35,1,4
923,train,0,502,94.5,434,115,2,70,0,4
923,air,0,502,178.6,96,85,5,70,0,4
923,bus,0,502,42.6,515,110,7,70,0,4
923,car,1,502,95.38,350,0,0,70,0,4
926,train,0,148,44.5,120,115,12,45,1,4
926,air,0,148,134.4,40,88,25,45,1,4
926,bus,0,148,43.75,100,90,6,45,1,4
926,car,1,148,28.12,118,0,0,45,1,4
927,train,1,137,42.65,120,90,12,15,1,4
927,air,0,137,139,40,108,25,15,1,4
927,bus,0,137,43.27,100,75,6,15,1,4
927,car,0,137,26.03,104,0,0,15,1,4
928,train,0,137,42.65,120,90,12,70,1,4
928,air,0,137,139,40,108,25,70,1,4
928,bus,0,137,43.27,100,75,6,70,1,4
928,car,1,137,26.03,104,0,0,70,1,4
929,train,0,137,42.65,120,90,12,70,1,4
929,air,0,137,139,40,108,25,70,1,4
929,bus,0,137,43.27,100,75,6,70,1,4
929,car,1,137,26.03,104,0,0,70,1,4
930,train,0,145,45,120,115,12,55,1,4
930,air,0,145,135.85,40,104,25,55,1,4
930,bus,0,145,43.2,100,90,6,55,1,4
930,car,1,145,27.55,115,0,0,55,1,4
931,train,0,145,45,120,115,12,70,1,4
931,air,0,145,135.85,40,104,25,70,1,4
931,bus,0,145,43.2,100,90,6,70,1,4
931,car,1,145,27.55,115,0,0,70,1,4
932,train,0,145,45,120,115,12,45,1,4
932,air,0,145,135.85,40,104,25,45,1,4
932,bus,0,145,43.2,100,90,6,45,1,4
932,car,1,145,27.55,115,0,0,45,1,4
984,train,0,159,36.6,98,100,8,28,0,4
984,air,0,159,126,40,121,25,28,0,4
984,bus,0,159,23.73,245,60,1,28,0,4
984,car,1,159,30.21,155,0,0,28,0,4
985,train,0,159,36.6,98,100,8,70,0,4
985,air,0,159,126,40,121,25,70,0,4
985,bus,0,159,23.73,245,60,1,70,0,4
985,car,1,159,30.21,155,0,0,70,0,4
986,train,0,159,36.6,98,100,8,35,0,4
986,air,0,159,126,40,121,25,35,0,4
986,bus,0,159,23.73,245,60,1,35,0,4
986,car,1,159,30.21,155,0,0,35,0,4
987,train,0,159,36.6,98,100,8,70,0,4
987,air,0,159,126,40,121,25,70,0,4
987,bus,0,159,23.73,245,60,1,70,0,4
987,car,1,159,30.21,155,0,0,70,0,4
988,train,0,169,41.6,138,85,4,31,0,4
988,air,0,169,129,40,121,25,31,0,4
988,bus,0,169,22.88,245,55,1,31,0,4
988,car,1,169,32.11,144,0,0,31,0,4
989,train,0,147,45,120,120,12,35,1,4
989,air,0,147,134.4,40,113,25,35,1,4
989,bus,0,147,24.03,245,80,1,35,1,4
989,car,1,147,27.93,139,0,0,35,1,4
990,train,0,136,43.15,120,95,12,35,1,4
990,air,0,136,139,40,133,25,35,1,4
990,bus,0,136,23.55,245,65,1,35,1,4
990,car,1,136,25.84,124,0,0,35,1,4
991,train,0,136,43.15,120,95,12,70,1,4
991,air,0,136,139,40,133,25,70,1,4
991,bus,0,136,23.55,245,65,1,70,1,4
991,car,1,136,25.84,124,0,0,70,1,4
1002,train,0,125,44.15,120,110,12,55,1,4
1002,air,0,125,139,40,138,25,55,1,4
1002,bus,0,125,23.55,245,75,1,55,1,4
1002,car,1,125,23.75,93,0,0,55,1,4
1003,train,0,125,44.15,120,110,12,70,1,4
1003,air,0,125,139,40,138,25,70,1,4
1003,bus,0,125,23.55,245,75,1,70,1,4
1003,car,1,125,23.75,93,0,0,70,1,4
1233,train,1,301,56.7,283,65,2,25,0,4
1233,air,0,301,143.45,60,112,6,25,0,4
1233,bus,0,301,27.67,320,60,8,25,0,4
1233,car,0,301,57.19,189,0,0,25,0,4
1234,train,1,301,56.7,283,65,2,35,0,4
1234,air,0,301,143.45,60,112,6,35,0,4
1234,bus,0,301,27.67,320,60,8,35,0,4
1234,car,0,301,57.19,189,0,0,35,0,4
1235,train,0,301,56.7,283,65,2,25,0,4
1235,air,0,301,143.45,60,112,6,25,0,4
1235,bus,0,301,27.67,320,60,8,25,0,4
1235,car,1,301,57.19,189,0,0,25,0,4
1272,train,0,450,77.4,367,90,3,55,1,4
1272,air,0,450,160.9,58,115,36,55,1,4
1272,bus,0,450,33.52,360,73,10,55,1,4
1272,car,1,450,85.5,315,0,0,55,1,4
1273,train,0,484,75.4,367,79,3,70,1,4
1273,air,0,484,157.5,58,110,36,70,1,4
1273,bus,0,484,34.72,360,72,10,70,1,4
1273,car,1,484,91.96,321,0,0,70,1,4
1278,train,0,292,54.7,233,65,4,45,0,4
1278,air,0,292,146.8,60,93,6,45,0,4
1278,bus,0,292,26.67,320,55,8,45,0,4
1278,car,1,292,55.48,184,0,0,45,0,4
1279,train,0,437,73.4,367,85,3,70,1,4
1279,air,1,437,160.25,58,110,36,70,1,4
1279,bus,0,437,32.87,360,63,10,70,1,4
1279,car,0,437,83.03,304,0,0,70,1,4
1280,train,0,437,73.4,367,85,3,70,1,4
1280,air,1,437,160.25,58,110,36,70,1,4
1280,bus,0,437,32.87,360,63,10,70,1,4
1280,car,0,437,83.03,304,0,0,70,1,4
1281,train,0,471,71.4,367,74,3,70,1,4
1281,air,1,471,156.85,58,105,36,70,1,4
1281,bus,0,471,34.07,360,62,10,70,1,4
1281,car,0,471,89.49,310,0,0,70,1,4
1282,train,0,471,71.4,367,74,3,70,1,4
1282,air,1,471,156.85,58,105,36,70,1,4
1282,bus,0,471,34.07,360,62,10,70,1,4
1282,car,0,471,89.49,310,0,0,70,1,4
1283,train,0,471,71.4,367,74,3,70,1,4
1283,air,1,471,156.85,58,105,36,70,1,4
1283,bus,0,471,34.07,360,62,10,70,1,4
1283,car,0,471,89.49,310,0,0,70,1,4
1284,train,0,471,71.4,367,74,3,70,1,4
1284,air,1,471,156.85,58,105,36,70,1,4
1284,bus,0,471,34.07,360,62,10,70,1,4
1284,car,0,471,89.49,310,0,0,70,1,4
1285,train,0,471,71.4,367,74,3,45,1,4
1285,air,1,471,156.85,58,105,36,45,1,4
1285,bus,0,471,34.07,360,62,10,45,1,4
1285,car,0,471,89.49,310,0,0,45,1,4
1286,train,0,471,71.4,367,74,3,70,1,4
1286,air,1,471,156.85,58,105,36,70,1,4
1286,bus,0,471,34.07,360,62,10,70,1,4
1286,car,0,471,89.49,310,0,0,70,1,4
1287,train,0,471,71.4,367,74,3,70,1,4
1287,air,1,471,156.85,58,105,36,70,1,4
1287,bus,0,471,34.07,360,62,10,70,1,4
1287,car,0,471,89.49,310,0,0,70,1,4
1288,train,0,471,71.4,367,74,3,70,1,4
1288,air,1,471,156.85,58,105,36,70,1,4
1288,bus,0,471,34.07,360,62,10,70,1,4
1288,car,0,471,89.49,310,0,0,70,1,4
1289,train,0,471,71.4,367,74,3,55,1,4
1289,air,1,471,156.85,58,105,36,55,1,4
1289,bus,0,471,34.07,360,62,10,55,1,4
1289,car,0,471,89.49,310,0,0,55,1,4
1290,train,0,471,71.4,367,74,3,70,1,4
1290,air,1,471,156.85,58,105,36,70,1,4
1290,bus,0,471,34.07,360,62,10,70,1,4
1290,car,0,471,89.49,310,0,0,70,1,4
1291,train,0,471,71.4,367,74,3,70,1,4
1291,air,1,471,156.85,58,105,36,70,1,4
1291,bus,0,471,34.07,360,62,10,70,1,4
1291,car,0,471,89.49,310,0,0,70,1,4
1292,train,0,471,71.4,367,74,3,55,1,4
1292,air,1,471,156.85,58,105,36,55,1,4
1292,bus,0,471,34.07,360,62,10,55,1,4
1292,car,0,471,89.49,310,0,0,55,1,4
1293,train,0,471,71.4,367,74,3,70,1,4
1293,air,1,471,156.85,58,105,36,70,1,4
1293,bus,0,471,34.07,360,62,10,70,1,4
1293,car,0,471,89.49,310,0,0,70,1,4
1294,train,0,471,71.4,367,74,3,70,1,4
1294,air,1,471,156.85,58,105,36,70,1,4
1294,bus,0,471,34.07,360,62,10,70,1,4
1294,car,0,471,89.49,310,0,0,70,1,4
1295,train,0,471,71.4,367,74,3,70,1,4
1295,air,1,471,156.85,58,105,36,70,1,4
1295,bus,0,471,34.07,360,62,10,70,1,4
1295,car,0,471,89.49,310,0,0,70,1,4
1296,train,0,471,71.4,367,74,3,35,1,4
1296,air,1,471,156.85,58,105,36,35,1,4
1296,bus,0,471,34.07,360,62,10,35,1,4
1296,car,0,471,89.49,310,0,0,35,1,4
1297,train,0,471,71.4,367,74,3,55,1,4
1297,air,1,471,156.85,58,105,36,55,1,4
1297,bus,0,471,34.07,360,62,10,55,1,4
1297,car,0,471,89.49,310,0,0,55,1,4
1298,train,0,471,71.4,367,74,3,70,1,4
1298,air,1,471,156.85,58,105,36,70,1,4
1298,bus,0,471,34.07,360,62,10,70,1,4
1298,car,0,471,89.49,310,0,0,70,1,4
1299,train,0,471,71.4,367,74,3,70,1,4
1299,air,1,471,156.85,58,105,36,70,1,4
1299,bus,0,471,34.07,360,62,10,70,1,4
1299,car,0,471,89.49,310,0,0,70,1,4
1300,train,0,471,71.4,367,74,3,70,1,4
1300,air,1,471,156.85,58,105,36,70,1,4
1300,bus,0,471,34.07,360,62,10,70,1,4
1300,car,0,471,89.49,310,0,0,70,1,4
1301,train,0,471,71.4,367,74,3,70,1,4
1301,air,1,471,156.85,58,105,36,70,1,4
1301,bus,0,471,34.07,360,62,10,70,1,4
1301,car,0,471,89.49,310,0,0,70,1,4
1302,train,0,471,71.4,367,74,3,70,1,4
1302,air,1,471,156.85,58,105,36,70,1,4
1302,bus,0,471,34.07,360,62,10,70,1,4
1302,car,0,471,89.49,310,0,0,70,1,4
1303,train,0,471,71.4,367,74,3,55,1,4
1303,air,0,471,156.85,58,105,36,55,1,4
1303,bus,0,471,34.07,360,62,10,55,1,4
1303,car,1,471,89.49,310,0,0,55,1,4
1304,train,0,471,71.4,367,74,3,70,1,4
1304,air,0,471,156.85,58,105,36,70,1,4
1304,bus,0,471,34.07,360,62,10,70,1,4
1304,car,1,471,89.49,310,0,0,70,1,4
1305,train,0,471,71.4,367,74,3,55,1,4
1305,air,0,471,156.85,58,105,36,55,1,4
1305,bus,0,471,34.07,360,62,10,55,1,4
1305,car,1,471,89.49,310,0,0,55,1,4
1306,train,0,481,73.1,367,75,3,45,1,4
1306,air,1,481,158.25,58,105,36,45,1,4
1306,bus,0,481,33.87,360,65,10,45,1,4
1306,car,0,481,91.39,324,0,0,45,1,4
1307,train,0,476,74.4,367,80,3,36,0,4
1307,air,1,476,163.25,58,110,36,36,0,4
1307,bus,0,476,32.87,360,60,10,36,0,4
1307,car,0,476,90.44,317,0,0,36,0,4
1323,train,0,309,48.1,221,59,4,70,0,4
1323,air,1,309,143.45,60,83,6,70,0,4
1323,bus,0,309,26.32,320,58,8,70,0,4
1323,car,0,309,58.71,198,0,0,70,0,4
1324,train,0,309,48.1,221,59,4,35,0,4
1324,air,0,309,143.45,60,83,6,35,0,4
1324,bus,0,309,26.32,320,58,8,35,0,4
1324,car,1,309,58.71,198,0,0,35,0,4
1325,train,0,309,48.1,221,59,4,25,0,4
1325,air,0,309,143.45,60,83,6,25,0,4
1325,bus,0,309,26.32,320,58,8,25,0,4
1325,car,1,309,58.71,198,0,0,25,0,4
1326,train,0,309,48.1,221,59,4,41,0,4
1326,air,0,309,143.45,60,83,6,41,0,4
1326,bus,0,309,26.32,320,58,8,41,0,4
1326,car,1,309,58.71,198,0,0,41,0,4
1327,train,0,309,48.1,221,59,4,70,0,4
1327,air,0,309,143.45,60,83,6,70,0,4
1327,bus,0,309,26.32,320,58,8,70,0,4
1327,car,1,309,58.71,198,0,0,70,0,4
1328,train,1,488,70.6,350,68,4,45,1,4
1328,air,0,488,153.5,58,95,36,45,1,4
1328,bus,0,488,33.72,360,65,10,45,1,4
1328,car,0,488,92.72,325,0,0,45,1,4
1329,train,1,488,70.6,350,68,4,55,1,4
1329,air,0,488,153.5,58,95,36,55,1,4
1329,bus,0,488,33.72,360,65,10,55,1,4
1329,car,0,488,92.72,325,0,0,55,1,4
1330,train,0,488,70.6,350,68,4,41,1,4
1330,air,1,488,153.5,58,95,36,41,1,4
1330,bus,0,488,33.72,360,65,10,41,1,4
1330,car,0,488,92.72,325,0,0,41,1,4
1331,train,0,488,70.6,350,68,4,41,1,4
1331,air,1,488,153.5,58,95,36,41,1,4
1331,bus,0,488,33.72,360,65,10,41,1,4
1331,car,0,488,92.72,325,0,0,41,1,4
1332,train,0,488,70.6,350,68,4,45,1,4
1332,air,1,488,153.5,58,95,36,45,1,4
1332,bus,0,488,33.72,360,65,10,45,1,4
1332,car,0,488,92.72,325,0,0,45,1,4
1333,train,0,488,70.6,350,68,4,41,1,4
1333,air,1,488,153.5,58,95,36,41,1,4
1333,bus,0,488,33.72,360,65,10,41,1,4
1333,car,0,488,92.72,325,0,0,41,1,4
1334,train,0,488,70.6,350,68,4,70,1,4
1334,air,1,488,153.5,58,95,36,70,1,4
1334,bus,0,488,33.72,360,65,10,70,1,4
1334,car,0,488,92.72,325,0,0,70,1,4
1335,train,0,488,70.6,350,68,4,70,1,4
1335,air,1,488,153.5,58,95,36,70,1,4
1335,bus,0,488,33.72,360,65,10,70,1,4
1335,car,0,488,92.72,325,0,0,70,1,4
1336,train,0,488,70.6,350,68,4,70,1,4
1336,air,1,488,153.5,58,95,36,70,1,4
1336,bus,0,488,33.72,360,65,10,70,1,4
1336,car,0,488,92.72,325,0,0,70,1,4
1337,train,0,488,70.6,350,68,4,70,1,4
1337,air,1,488,153.5,58,95,36,70,1,4
1337,bus,0,488,33.72,360,65,10,70,1,4
1337,car,0,488,92.72,325,0,0,70,1,4
1338,train,0,488,70.6,350,68,4,70,1,4
1338,air,1,488,153.5,58,95,36,70,1,4
1338,bus,0,488,33.72,360,65,10,70,1,4
1338,car,0,488,92.72,325,0,0,70,1,4
1339,train,0,488,70.6,350,68,4,35,1,4
1339,air,1,488,153.5,58,95,36,35,1,4
1339,bus,0,488,33.72,360,65,10,35,1,4
1339,car,0,488,92.72,325,0,0,35,1,4
1340,train,0,488,70.6,350,68,4,70,1,4
1340,air,1,488,153.5,58,95,36,70,1,4
1340,bus,0,488,33.72,360,65,10,70,1,4
1340,car,0,488,92.72,325,0,0,70,1,4
1341,train,0,488,70.6,350,68,4,70,1,4
1341,air,1,488,153.5,58,95,36,70,1,4
1341,bus,0,488,33.72,360,65,10,70,1,4
1341,car,0,488,92.72,325,0,0,70,1,4
1342,train,0,488,70.6,350,68,4,70,1,4
1342,air,1,488,153.5,58,95,36,70,1,4
1342,bus,0,488,33.72,360,65,10,70,1,4
1342,car,0,488,92.72,325,0,0,70,1,4
1343,train,0,488,70.6,350,68,4,70,1,4
1343,air,0,488,153.5,58,95,36,70,1,4
1343,bus,0,488,33.72,360,65,10,70,1,4
1343,car,1,488,92.72,325,0,0,70,1,4
1344,train,0,488,70.6,350,68,4,70,1,4
1344,air,0,488,153.5,58,95,36,70,1,4
1344,bus,0,488,33.72,360,65,10,70,1,4
1344,car,1,488,92.72,325,0,0,70,1,4
1345,train,0,498,72.3,350,69,4,70,1,4
1345,air,1,498,154.9,58,95,36,70,1,4
1345,bus,0,498,33.52,360,68,10,70,1,4
1345,car,0,498,94.62,338,0,0,70,1,4
1346,train,0,498,72.3,350,69,4,70,1,4
1346,air,1,498,154.9,58,95,36,70,1,4
1346,bus,0,498,33.52,360,68,10,70,1,4
1346,car,0,498,94.62,338,0,0,70,1,4
1347,train,0,533,74.6,350,104,4,70,0,4
1347,air,1,533,157.5,58,120,36,70,0,4
1347,bus,0,533,33.52,360,93,10,70,0,4
1347,car,0,533,101.27,344,0,0,70,0,4
1348,train,0,493,73.6,350,74,4,70,0,4
1348,air,1,493,159.9,58,100,36,70,0,4
1348,bus,0,493,32.52,360,63,10,70,0,4
1348,car,0,493,93.67,331,0,0,70,0,4
1378,train,0,312,49.6,221,75,4,45,0,4
1378,air,1,312,143.45,60,89,6,45,0,4
1378,bus,0,312,26.08,255,65,8,45,0,4
1378,car,0,312,59.28,200,0,0,45,0,4
1381,train,0,487,76.1,350,120,4,70,0,4
1381,air,1,487,164.9,58,151,36,70,0,4
1381,bus,0,487,36.52,360,100,10,70,0,4
1381,car,0,487,92.53,306,0,0,70,0,4
1382,train,0,491,72.1,350,84,4,70,1,4
1382,air,1,491,153.5,58,101,36,70,1,4
1382,bus,0,491,34.72,360,72,10,70,1,4
1382,car,0,491,93.29,327,0,0,70,1,4
1383,train,0,491,72.1,350,84,4,70,1,4
1383,air,1,491,153.5,58,101,36,70,1,4
1383,bus,0,491,34.72,360,72,10,70,1,4
1383,car,0,491,93.29,327,0,0,70,1,4
1384,train,0,491,72.1,350,84,4,70,1,4
1384,air,1,491,153.5,58,101,36,70,1,4
1384,bus,0,491,34.72,360,72,10,70,1,4
1384,car,0,491,93.29,327,0,0,70,1,4
1385,train,0,491,72.1,350,84,4,70,1,4
1385,air,1,491,153.5,58,101,36,70,1,4
1385,bus,0,491,34.72,360,72,10,70,1,4
1385,car,0,491,93.29,327,0,0,70,1,4
1386,train,0,491,72.1,350,84,4,70,1,4
1386,air,1,491,153.5,58,101,36,70,1,4
1386,bus,0,491,34.72,360,72,10,70,1,4
1386,car,0,491,93.29,327,0,0,70,1,4
1387,train,0,491,72.1,350,84,4,70,1,4
1387,air,1,491,153.5,58,101,36,70,1,4
1387,bus,0,491,34.72,360,72,10,70,1,4
1387,car,0,491,93.29,327,0,0,70,1,4
1388,train,0,491,72.1,350,84,4,70,1,4
1388,air,1,491,153.5,58,101,36,70,1,4
1388,bus,0,491,34.72,360,72,10,70,1,4
1388,car,0,491,93.29,327,0,0,70,1,4
1389,train,0,491,72.1,350,84,4,70,1,4
1389,air,1,491,153.5,58,101,36,70,1,4
1389,bus,0,491,34.72,360,72,10,70,1,4
1389,car,0,491,93.29,327,0,0,70,1,4
1390,train,0,491,72.1,350,84,4,70,1,4
1390,air,1,491,153.5,58,101,36,70,1,4
1390,bus,0,491,34.72,360,72,10,70,1,4
1390,car,0,491,93.29,327,0,0,70,1,4
1391,train,0,491,72.1,350,84,4,70,1,4
1391,air,1,491,153.5,58,101,36,70,1,4
1391,bus,0,491,34.72,360,72,10,70,1,4
1391,car,0,491,93.29,327,0,0,70,1,4
1392,train,0,501,73.8,350,85,4,70,1,4
1392,air,1,501,154.9,58,101,36,70,1,4
1392,bus,0,501,34.52,360,75,10,70,1,4
1392,car,0,501,95.19,340,0,0,70,1,4
1408,train,0,245,38.6,98,130,8,35,0,4
1408,air,0,245,126,40,136,25,35,0,4
1408,bus,0,245,25.63,245,60,1,35,0,4
1408,car,1,245,46.55,217,0,0,35,0,4
1409,train,0,245,38.6,98,130,8,26,0,4
1409,air,0,245,126,40,136,25,26,0,4
1409,bus,0,245,25.63,245,60,1,26,0,4
1409,car,1,245,46.55,217,0,0,26,0,4
1415,train,1,183,56.6,221,105,4,37,0,4
1415,air,0,183,142.9,60,116,6,37,0,4
1415,bus,0,183,19.01,119,62,4,37,0,4
1415,car,0,183,34.77,137,0,0,37,0,4
1416,train,0,183,56.6,221,105,4,70,0,4
1416,air,0,183,142.9,60,116,6,70,0,4
1416,bus,0,183,19.01,119,62,4,70,0,4
1416,car,1,183,34.77,137,0,0,70,0,4
1417,train,0,198,53.6,221,90,4,70,0,4
1417,air,0,198,142.9,60,106,6,70,0,4
1417,bus,0,198,18.61,119,70,4,70,0,4
1417,car,1,198,37.62,145,0,0,70,0,4
1418,train,0,198,53.6,221,90,4,15,0,4
1418,air,0,198,142.9,60,106,6,15,0,4
1418,bus,0,198,18.61,119,70,4,15,0,4
1418,car,1,198,37.62,145,0,0,15,0,4
1419,train,0,198,53.6,221,90,4,55,0,4
1419,air,0,198,142.9,60,106,6,55,0,4
1419,bus,0,198,18.61,119,70,4,55,0,4
1419,car,1,198,37.62,145,0,0,55,0,4
1420,train,0,198,53.6,221,90,4,45,0,4
1420,air,0,198,142.9,60,106,6,45,0,4
1420,bus,0,198,18.61,119,70,4,45,0,4
1420,car,1,198,37.62,145,0,0,45,0,4
1421,train,0,198,53.6,221,90,4,70,0,4
1421,air,0,198,142.9,60,106,6,70,0,4
1421,bus,0,198,18.61,119,70,4,70,0,4
1421,car,1,198,37.62,145,0,0,70,0,4
1422,train,0,277,55.1,221,95,4,45,0,4
1422,air,0,277,142.9,60,106,6,45,0,4
1422,bus,0,277,25.81,183,90,8,45,0,4
1422,car,1,277,52.63,211,0,0,45,0,4
1423,train,1,261,49.1,221,70,4,25,0,4
1423,air,0,261,140.05,60,74,6,25,0,4
1423,bus,0,261,23.81,183,65,8,25,0,4
1423,car,0,261,49.59,183,0,0,25,0,4
1424,train,1,261,49.1,221,70,4,35,0,4
1424,air,0,261,140.05,60,74,6,35,0,4
1424,bus,0,261,23.81,183,65,8,35,0,4
1424,car,0,261,49.59,183,0,0,35,0,4
1425,train,1,261,49.1,221,70,4,45,0,4
1425,air,0,261,140.05,60,74,6,45,0,4
1425,bus,0,261,23.81,183,65,8,45,0,4
1425,car,0,261,49.59,183,0,0,45,0,4
1426,train,0,261,49.1,221,70,4,70,0,4
1426,air,1,261,140.05,60,74,6,70,0,4
1426,bus,0,261,23.81,183,65,8,70,0,4
1426,car,0,261,49.59,183,0,0,70,0,4
1427,train,0,261,49.1,221,70,4,70,0,4
1427,air,1,261,140.05,60,74,6,70,0,4
1427,bus,0,261,23.81,183,65,8,70,0,4
1427,car,0,261,49.59,183,0,0,70,0,4
1428,train,0,261,49.1,221,70,4,70,0,4
1428,air,1,261,140.05,60,74,6,70,0,4
1428,bus,0,261,23.81,183,65,8,70,0,4
1428,car,0,261,49.59,183,0,0,70,0,4
1429,train,0,261,49.1,221,70,4,70,0,4
1429,air,1,261,140.05,60,74,6,70,0,4
1429,bus,0,261,23.81,183,65,8,70,0,4
1429,car,0,261,49.59,183,0,0,70,0,4
1430,train,0,261,49.1,221,70,4,45,0,4
1430,air,0,261,140.05,60,74,6,45,0,4
1430,bus,0,261,23.81,183,65,8,45,0,4
1430,car,1,261,49.59,183,0,0,45,0,4
1431,train,0,261,49.1,221,70,4,55,0,4
1431,air,0,261,140.05,60,74,6,55,0,4
1431,bus,0,261,23.81,183,65,8,55,0,4
1431,car,1,261,49.59,183,0,0,55,0,4
1432,train,0,261,49.1,221,70,4,55,0,4
1432,air,0,261,140.05,60,74,6,55,0,4
1432,bus,0,261,23.81,183,65,8,55,0,4
1432,car,1,261,49.59,183,0,0,55,0,4
1433,train,0,261,49.1,221,70,4,70,0,4
1433,air,0,261,140.05,60,74,6,70,0,4
1433,bus,0,261,23.81,183,65,8,70,0,4
1433,car,1,261,49.59,183,0,0,70,0,4
1434,train,0,261,49.1,221,70,4,70,0,4
1434,air,0,261,140.05,60,74,6,70,0,4
1434,bus,0,261,23.81,183,65,8,70,0,4
1434,car,1,261,49.59,183,0,0,70,0,4
1435,train,0,261,49.1,221,70,4,55,0,4
1435,air,0,261,140.05,60,74,6,55,0,4
1435,bus,0,261,23.81,183,65,8,55,0,4
1435,car,1,261,49.59,183,0,0,55,0,4
1436,train,0,261,49.1,221,70,4,70,0,4
1436,air,0,261,140.05,60,74,6,70,0,4
1436,bus,0,261,23.81,183,65,8,70,0,4
1436,car,1,261,49.59,183,0,0,70,0,4
1437,train,0,292,51.6,221,83,4,45,0,4
1437,air,0,292,142.9,60,96,6,45,0,4
1437,bus,0,292,25.81,183,80,8,45,0,4
1437,car,1,292,55.48,216,0,0,45,0,4
1438,train,0,340,75.6,350,115,4,70,0,4
1438,air,0,340,161.5,58,146,36,70,0,4
1438,bus,0,340,26.49,304,65,2,70,0,4
1438,car,1,340,64.6,230,0,0,70,0,4
1439,train,1,436,75.6,350,115,4,55,0,4
1439,air,0,436,161.5,58,136,36,55,0,4
1439,bus,0,436,29.49,304,105,2,55,0,4
1439,car,0,436,82.84,288,0,0,55,0,4
1440,train,0,436,75.6,350,115,4,55,0,4
1440,air,0,436,161.5,58,136,36,55,0,4
1440,bus,0,436,29.49,304,105,2,55,0,4
1440,car,1,436,82.84,288,0,0,55,0,4
1441,train,0,494,75.6,350,115,4,70,0,4
1441,air,1,494,161.5,58,136,36,70,0,4
1441,bus,0,494,29.49,304,105,2,70,0,4
1441,car,0,494,93.86,330,0,0,70,0,4
1442,train,0,402,74.1,350,95,4,70,0,4
1442,air,1,402,156.5,58,96,36,70,0,4
1442,bus,0,402,31.25,290,85,10,70,0,4
1442,car,0,402,76.38,299,0,0,70,0,4
1443,train,0,402,74.1,350,95,4,70,0,4
1443,air,1,402,156.5,58,96,36,70,0,4
1443,bus,0,402,31.25,290,85,10,70,0,4
1443,car,0,402,76.38,299,0,0,70,0,4
1444,train,0,402,74.1,350,95,4,70,0,4
1444,air,1,402,156.5,58,96,36,70,0,4
1444,bus,0,402,31.25,290,85,10,70,0,4
1444,car,0,402,76.38,299,0,0,70,0,4
1445,train,0,406,73.6,350,90,4,70,1,4
1445,air,1,406,153.5,58,91,36,70,1,4
1445,bus,0,406,31.25,290,73,10,70,1,4
1445,car,0,406,77.14,303,0,0,70,1,4
1446,train,0,406,73.6,350,90,4,35,1,4
1446,air,1,406,153.5,58,91,36,35,1,4
1446,bus,0,406,31.25,290,73,10,35,1,4
1446,car,0,406,77.14,303,0,0,35,1,4
1447,train,0,406,73.6,350,90,4,70,1,4
1447,air,1,406,153.5,58,91,36,70,1,4
1447,bus,0,406,31.25,290,73,10,70,1,4
1447,car,0,406,77.14,303,0,0,70,1,4
1448,train,0,406,73.6,350,90,4,55,1,4
1448,air,1,406,153.5,58,91,36,55,1,4
1448,bus,0,406,31.25,290,73,10,55,1,4
1448,car,0,406,77.14,303,0,0,55,1,4
1449,train,0,406,73.6,350,90,4,70,1,4
1449,air,1,406,153.5,58,91,36,70,1,4
1449,bus,0,406,31.25,290,73,10,70,1,4
1449,car,0,406,77.14,303,0,0,70,1,4
1450,train,0,406,73.6,350,90,4,70,1,4
1450,air,1,406,153.5,58,91,36,70,1,4
1450,bus,0,406,31.25,290,73,10,70,1,4
1450,car,0,406,77.14,303,0,0,70,1,4
1451,train,0,406,73.6,350,90,4,45,1,4
1451,air,0,406,153.5,58,91,36,45,1,4
1451,bus,0,406,31.25,290,73,10,45,1,4
1451,car,1,406,77.14,303,0,0,45,1,4
1452,train,1,440,71.6,350,79,4,37,1,4
1452,air,0,440,150.1,58,86,36,37,1,4
1452,bus,0,440,32.45,290,72,10,37,1,4
1452,car,0,440,83.6,309,0,0,37,1,4
1453,train,1,440,71.6,350,79,4,45,1,4
1453,air,0,440,150.1,58,86,36,45,1,4
1453,bus,0,440,32.45,290,72,10,45,1,4
1453,car,0,440,83.6,309,0,0,45,1,4
1454,train,1,440,71.6,350,79,4,70,1,4
1454,air,0,440,150.1,58,86,36,70,1,4
1454,bus,0,440,32.45,290,72,10,70,1,4
1454,car,0,440,83.6,309,0,0,70,1,4
1455,train,0,440,71.6,350,79,4,70,1,4
1455,air,1,440,150.1,58,86,36,70,1,4
1455,bus,0,440,32.45,290,72,10,70,1,4
1455,car,0,440,83.6,309,0,0,70,1,4
1456,train,0,440,71.6,350,79,4,70,1,4
1456,air,1,440,150.1,58,86,36,70,1,4
1456,bus,0,440,32.45,290,72,10,70,1,4
1456,car,0,440,83.6,309,0,0,70,1,4
1457,train,0,440,71.6,350,79,4,70,1,4
1457,air,1,440,150.1,58,86,36,70,1,4
1457,bus,0,440,32.45,290,72,10,70,1,4
1457,car,0,440,83.6,309,0,0,70,1,4
1458,train,0,440,71.6,350,79,4,70,1,4
1458,air,1,440,150.1,58,86,36,70,1,4
1458,bus,0,440,32.45,290,72,10,70,1,4
1458,car,0,440,83.6,309,0,0,70,1,4
1459,train,0,440,71.6,350,79,4,70,1,4
1459,air,1,440,150.1,58,86,36,70,1,4
1459,bus,0,440,32.45,290,72,10,70,1,4
1459,car,0,440,83.6,309,0,0,70,1,4
1460,train,0,440,71.6,350,79,4,70,1,4
1460,air,1,440,150.1,58,86,36,70,1,4
1460,bus,0,440,32.45,290,72,10,70,1,4
1460,car,0,440,83.6,309,0,0,70,1,4
1461,train,0,440,71.6,350,79,4,70,1,4
1461,air,1,440,150.1,58,86,36,70,1,4
1461,bus,0,440,32.45,290,72,10,70,1,4
1461,car,0,440,83.6,309,0,0,70,1,4
1462,train,0,440,71.6,350,79,4,70,1,4
1462,air,1,440,150.1,58,86,36,70,1,4
1462,bus,0,440,32.45,290,72,10,70,1,4
1462,car,0,440,83.6,309,0,0,70,1,4
1463,train,0,440,71.6,350,79,4,70,1,4
1463,air,1,440,150.1,58,86,36,70,1,4
1463,bus,0,440,32.45,290,72,10,70,1,4
1463,car,0,440,83.6,309,0,0,70,1,4
1464,train,0,440,71.6,350,79,4,70,1,4
1464,air,1,440,150.1,58,86,36,70,1,4
1464,bus,0,440,32.45,290,72,10,70,1,4
1464,car,0,440,83.6,309,0,0,70,1,4
1465,train,0,440,71.6,350,79,4,70,1,4
1465,air,1,440,150.1,58,86,36,70,1,4
1465,bus,0,440,32.45,290,72,10,70,1,4
1465,car,0,440,83.6,309,0,0,70,1,4
1466,train,0,440,71.6,350,79,4,70,1,4
1466,air,1,440,150.1,58,86,36,70,1,4
1466,bus,0,440,32.45,290,72,10,70,1,4
1466,car,0,440,83.6,309,0,0,70,1,4
1467,train,0,440,71.6,350,79,4,70,1,4
1467,air,1,440,150.1,58,86,36,70,1,4
1467,bus,0,440,32.45,290,72,10,70,1,4
1467,car,0,440,83.6,309,0,0,70,1,4
1468,train,0,440,71.6,350,79,4,45,1,4
1468,air,1,440,150.1,58,86,36,45,1,4
1468,bus,0,440,32.45,290,72,10,45,1,4
1468,car,0,440,83.6,309,0,0,45,1,4
1469,train,0,440,71.6,350,79,4,70,1,4
1469,air,1,440,150.1,58,86,36,70,1,4
1469,bus,0,440,32.45,290,72,10,70,1,4
1469,car,0,440,83.6,309,0,0,70,1,4
1470,train,0,440,71.6,350,79,4,70,1,4
1470,air,1,440,150.1,58,86,36,70,1,4
1470,bus,0,440,32.45,290,72,10,70,1,4
1470,car,0,440,83.6,309,0,0,70,1,4
1471,train,0,440,71.6,350,79,4,70,1,4
1471,air,1,440,150.1,58,86,36,70,1,4
1471,bus,0,440,32.45,290,72,10,70,1,4
1471,car,0,440,83.6,309,0,0,70,1,4
1472,train,0,440,71.6,350,79,4,70,1,4
1472,air,1,440,150.1,58,86,36,70,1,4
1472,bus,0,440,32.45,290,72,10,70,1,4
1472,car,0,440,83.6,309,0,0,70,1,4
1473,train,0,440,71.6,350,79,4,40,1,4
1473,air,1,440,150.1,58,86,36,40,1,4
1473,bus,0,440,32.45,290,72,10,40,1,4
1473,car,0,440,83.6,309,0,0,40,1,4
1474,train,0,440,71.6,350,79,4,70,1,4
1474,air,1,440,150.1,58,86,36,70,1,4
1474,bus,0,440,32.45,290,72,10,70,1,4
1474,car,0,440,83.6,309,0,0,70,1,4
1475,train,0,440,71.6,350,79,4,55,1,4
1475,air,1,440,150.1,58,86,36,55,1,4
1475,bus,0,440,32.45,290,72,10,55,1,4
1475,car,0,440,83.6,309,0,0,55,1,4
1476,train,0,440,71.6,350,79,4,70,1,4
1476,air,1,440,150.1,58,86,36,70,1,4
1476,bus,0,440,32.45,290,72,10,70,1,4
1476,car,0,440,83.6,309,0,0,70,1,4
1477,train,0,440,71.6,350,79,4,70,1,4
1477,air,1,440,150.1,58,86,36,70,1,4
1477,bus,0,440,32.45,290,72,10,70,1,4
1477,car,0,440,83.6,309,0,0,70,1,4
1478,train,0,440,71.6,350,79,4,70,1,4
1478,air,1,440,150.1,58,86,36,70,1,4
1478,bus,0,440,32.45,290,72,10,70,1,4
1478,car,0,440,83.6,309,0,0,70,1,4
1479,train,0,440,71.6,350,79,4,70,1,4
1479,air,1,440,150.1,58,86,36,70,1,4
1479,bus,0,440,32.45,290,72,10,70,1,4
1479,car,0,440,83.6,309,0,0,70,1,4
1480,train,0,440,71.6,350,79,4,70,1,4
1480,air,1,440,150.1,58,86,36,70,1,4
1480,bus,0,440,32.45,290,72,10,70,1,4
1480,car,0,440,83.6,309,0,0,70,1,4
1481,train,0,440,71.6,350,79,4,70,1,4
1481,air,1,440,150.1,58,86,36,70,1,4
1481,bus,0,440,32.45,290,72,10,70,1,4
1481,car,0,440,83.6,309,0,0,70,1,4
1482,train,0,440,71.6,350,79,4,70,1,4
1482,air,1,440,150.1,58,86,36,70,1,4
1482,bus,0,440,32.45,290,72,10,70,1,4
1482,car,0,440,83.6,309,0,0,70,1,4
1483,train,0,440,71.6,350,79,4,70,1,4
1483,air,1,440,150.1,58,86,36,70,1,4
1483,bus,0,440,32.45,290,72,10,70,1,4
1483,car,0,440,83.6,309,0,0,70,1,4
1484,train,0,440,71.6,350,79,4,35,1,4
1484,air,1,440,150.1,58,86,36,35,1,4
1484,bus,0,440,32.45,290,72,10,35,1,4
1484,car,0,440,83.6,309,0,0,35,1,4
1485,train,0,440,71.6,350,79,4,70,1,4
1485,air,1,440,150.1,58,86,36,70,1,4
1485,bus,0,440,32.45,290,72,10,70,1,4
1485,car,0,440,83.6,309,0,0,70,1,4
1486,train,0,440,71.6,350,79,4,70,1,4
1486,air,1,440,150.1,58,86,36,70,1,4
1486,bus,0,440,32.45,290,72,10,70,1,4
1486,car,0,440,83.6,309,0,0,70,1,4
1487,train,0,440,71.6,350,79,4,70,1,4
1487,air,1,440,150.1,58,86,36,70,1,4
1487,bus,0,440,32.45,290,72,10,70,1,4
1487,car,0,440,83.6,309,0,0,70,1,4
1488,train,0,440,71.6,350,79,4,55,1,4
1488,air,1,440,150.1,58,86,36,55,1,4
1488,bus,0,440,32.45,290,72,10,55,1,4
1488,car,0,440,83.6,309,0,0,55,1,4
1489,train,0,440,71.6,350,79,4,70,1,4
1489,air,1,440,150.1,58,86,36,70,1,4
1489,bus,0,440,32.45,290,72,10,70,1,4
1489,car,0,440,83.6,309,0,0,70,1,4
1490,train,0,440,71.6,350,79,4,70,1,4
1490,air,1,440,150.1,58,86,36,70,1,4
1490,bus,0,440,32.45,290,72,10,70,1,4
1490,car,0,440,83.6,309,0,0,70,1,4
1491,train,0,440,71.6,350,79,4,70,1,4
1491,air,1,440,150.1,58,86,36,70,1,4
1491,bus,0,440,32.45,290,72,10,70,1,4
1491,car,0,440,83.6,309,0,0,70,1,4
1492,train,0,440,71.6,350,79,4,70,1,4
1492,air,1,440,150.1,58,86,36,70,1,4
1492,bus,0,440,32.45,290,72,10,70,1,4
1492,car,0,440,83.6,309,0,0,70,1,4
1493,train,0,440,71.6,350,79,4,35,1,4
1493,air,1,440,150.1,58,86,36,35,1,4
1493,bus,0,440,32.45,290,72,10,35,1,4
1493,car,0,440,83.6,309,0,0,35,1,4
1494,train,0,440,71.6,350,79,4,70,1,4
1494,air,1,440,150.1,58,86,36,70,1,4
1494,bus,0,440,32.45,290,72,10,70,1,4
1494,car,0,440,83.6,309,0,0,70,1,4
1495,train,0,440,71.6,350,79,4,70,1,4
1495,air,1,440,150.1,58,86,36,70,1,4
1495,bus,0,440,32.45,290,72,10,70,1,4
1495,car,0,440,83.6,309,0,0,70,1,4
1496,train,0,440,71.6,350,79,4,70,1,4
1496,air,1,440,150.1,58,86,36,70,1,4
1496,bus,0,440,32.45,290,72,10,70,1,4
1496,car,0,440,83.6,309,0,0,70,1,4
1497,train,0,440,71.6,350,79,4,70,1,4
1497,air,1,440,150.1,58,86,36,70,1,4
1497,bus,0,440,32.45,290,72,10,70,1,4
1497,car,0,440,83.6,309,0,0,70,1,4
1498,train,0,440,71.6,350,79,4,70,1,4
1498,air,1,440,150.1,58,86,36,70,1,4
1498,bus,0,440,32.45,290,72,10,70,1,4
1498,car,0,440,83.6,309,0,0,70,1,4
1499,train,0,440,71.6,350,79,4,70,1,4
1499,air,1,440,150.1,58,86,36,70,1,4
1499,bus,0,440,32.45,290,72,10,70,1,4
1499,car,0,440,83.6,309,0,0,70,1,4
1500,train,0,440,71.6,350,79,4,70,1,4
1500,air,1,440,150.1,58,86,36,70,1,4
1500,bus,0,440,32.45,290,72,10,70,1,4
1500,car,0,440,83.6,309,0,0,70,1,4
1501,train,0,440,71.6,350,79,4,70,1,4
1501,air,1,440,150.1,58,86,36,70,1,4
1501,bus,0,440,32.45,290,72,10,70,1,4
1501,car,0,440,83.6,309,0,0,70,1,4
1502,train,0,440,71.6,350,79,4,70,1,4
1502,air,1,440,150.1,58,86,36,70,1,4
1502,bus,0,440,32.45,290,72,10,70,1,4
1502,car,0,440,83.6,309,0,0,70,1,4
1503,train,0,440,71.6,350,79,4,45,1,4
1503,air,1,440,150.1,58,86,36,45,1,4
1503,bus,0,440,32.45,290,72,10,45,1,4
1503,car,0,440,83.6,309,0,0,45,1,4
1504,train,0,440,71.6,350,79,4,55,1,4
1504,air,1,440,150.1,58,86,36,55,1,4
1504,bus,0,440,32.45,290,72,10,55,1,4
1504,car,0,440,83.6,309,0,0,55,1,4
1505,train,0,440,71.6,350,79,4,70,1,4
1505,air,1,440,150.1,58,86,36,70,1,4
1505,bus,0,440,32.45,290,72,10,70,1,4
1505,car,0,440,83.6,309,0,0,70,1,4
1506,train,0,440,71.6,350,79,4,55,1,4
1506,air,1,440,150.1,58,86,36,55,1,4
1506,bus,0,440,32.45,290,72,10,55,1,4
1506,car,0,440,83.6,309,0,0,55,1,4
1507,train,0,440,71.6,350,79,4,55,1,4
1507,air,1,440,150.1,58,86,36,55,1,4
1507,bus,0,440,32.45,290,72,10,55,1,4
1507,car,0,440,83.6,309,0,0,55,1,4
1508,train,0,440,71.6,350,79,4,70,1,4
1508,air,1,440,150.1,58,86,36,70,1,4
1508,bus,0,440,32.45,290,72,10,70,1,4
1508,car,0,440,83.6,309,0,0,70,1,4
1509,train,0,440,71.6,350,79,4,70,1,4
1509,air,1,440,150.1,58,86,36,70,1,4
1509,bus,0,440,32.45,290,72,10,70,1,4
1509,car,0,440,83.6,309,0,0,70,1,4
1510,train,0,440,71.6,350,79,4,70,1,4
1510,air,1,440,150.1,58,86,36,70,1,4
1510,bus,0,440,32.45,290,72,10,70,1,4
1510,car,0,440,83.6,309,0,0,70,1,4
1511,train,0,440,71.6,350,79,4,35,1,4
1511,air,1,440,150.1,58,86,36,35,1,4
1511,bus,0,440,32.45,290,72,10,35,1,4
1511,car,0,440,83.6,309,0,0,35,1,4
1512,train,0,440,71.6,350,79,4,55,1,4
1512,air,1,440,150.1,58,86,36,55,1,4
1512,bus,0,440,32.45,290,72,10,55,1,4
1512,car,0,440,83.6,309,0,0,55,1,4
1513,train,0,440,71.6,350,79,4,70,1,4
1513,air,1,440,150.1,58,86,36,70,1,4
1513,bus,0,440,32.45,290,72,10,70,1,4
1513,car,0,440,83.6,309,0,0,70,1,4
1514,train,0,440,71.6,350,79,4,30,1,4
1514,air,0,440,150.1,58,86,36,30,1,4
1514,bus,0,440,32.45,290,72,10,30,1,4
1514,car,1,440,83.6,309,0,0,30,1,4
1515,train,0,440,71.6,350,79,4,70,1,4
1515,air,0,440,150.1,58,86,36,70,1,4
1515,bus,0,440,32.45,290,72,10,70,1,4
1515,car,1,440,83.6,309,0,0,70,1,4
1516,train,0,440,71.6,350,79,4,70,1,4
1516,air,0,440,150.1,58,86,36,70,1,4
1516,bus,0,440,32.45,290,72,10,70,1,4
1516,car,1,440,83.6,309,0,0,70,1,4
1517,train,0,440,71.6,350,79,4,35,1,4
1517,air,0,440,150.1,58,86,36,35,1,4
1517,bus,0,440,32.45,290,72,10,35,1,4
1517,car,1,440,83.6,309,0,0,35,1,4
1518,train,0,440,71.6,350,79,4,55,1,4
1518,air,0,440,150.1,58,86,36,55,1,4
1518,bus,0,440,32.45,290,72,10,55,1,4
1518,car,1,440,83.6,309,0,0,55,1,4
1519,train,0,450,73.3,350,80,4,70,1,4
1519,air,1,450,151.5,58,86,36,70,1,4
1519,bus,0,450,32.25,290,75,10,70,1,4
1519,car,0,450,85.5,322,0,0,70,1,4
1520,train,0,450,73.3,350,80,4,70,1,4
1520,air,1,450,151.5,58,86,36,70,1,4
1520,bus,0,450,32.25,290,75,10,70,1,4
1520,car,0,450,85.5,322,0,0,70,1,4
1521,train,0,450,73.3,350,80,4,70,1,4
1521,air,1,450,151.5,58,86,36,70,1,4
1521,bus,0,450,32.25,290,75,10,70,1,4
1521,car,0,450,85.5,322,0,0,70,1,4
1522,train,0,450,73.3,350,80,4,35,1,4
1522,air,1,450,151.5,58,86,36,35,1,4
1522,bus,0,450,32.25,290,75,10,35,1,4
1522,car,0,450,85.5,322,0,0,35,1,4
1523,train,0,450,73.3,350,80,4,70,1,4
1523,air,1,450,151.5,58,86,36,70,1,4
1523,bus,0,450,32.25,290,75,10,70,1,4
1523,car,0,450,85.5,322,0,0,70,1,4
1524,train,0,450,73.3,350,80,4,70,1,4
1524,air,1,450,151.5,58,86,36,70,1,4
1524,bus,0,450,32.25,290,75,10,70,1,4
1524,car,0,450,85.5,322,0,0,70,1,4
1525,train,0,450,73.3,350,80,4,70,1,4
1525,air,1,450,151.5,58,86,36,70,1,4
1525,bus,0,450,32.25,290,75,10,70,1,4
1525,car,0,450,85.5,322,0,0,70,1,4
1526,train,0,485,75.6,350,115,4,70,0,4
1526,air,0,485,154.1,58,111,36,70,0,4
1526,bus,0,485,32.25,290,100,10,70,0,4
1526,car,1,485,92.15,329,0,0,70,0,4
1527,train,0,445,74.6,350,85,4,70,0,4
1527,air,1,445,156.5,58,91,36,70,0,4
1527,bus,0,445,31.25,290,70,10,70,0,4
1527,car,0,445,84.55,316,0,0,70,0,4
1528,train,0,445,74.6,350,85,4,55,0,4
1528,air,1,445,156.5,58,91,36,55,0,4
1528,bus,0,445,31.25,290,70,10,55,0,4
1528,car,0,445,84.55,316,0,0,55,0,4
1529,train,0,445,74.6,350,85,4,70,0,4
1529,air,0,445,156.5,58,91,36,70,0,4
1529,bus,0,445,31.25,290,70,10,70,0,4
1529,car,1,445,84.55,316,0,0,70,0,4
1530,train,0,556,82.6,370,98,4,35,0,4
1530,air,0,556,183.5,69,111,45,35,0,4
1530,bus,0,556,33.61,370,90,7,35,0,4
1530,car,1,556,105.64,377,0,0,35,0,4
1531,train,0,625,84.6,370,110,4,70,0,4
1531,air,0,625,183.5,69,116,45,70,0,4
1531,bus,0,625,33.61,370,100,7,70,0,4
1531,car,1,625,118.75,428,0,0,70,0,4
1532,train,0,562,82.05,370,85,4,55,0,4
1532,air,1,562,175.5,69,98,45,55,0,4
1532,bus,0,562,33.61,370,75,7,55,0,4
1532,car,0,562,106.78,372,0,0,55,0,4
1533,train,0,562,82.05,370,85,4,70,0,4
1533,air,1,562,175.5,69,98,45,70,0,4
1533,bus,0,562,33.61,370,75,7,70,0,4
1533,car,0,562,106.78,372,0,0,70,0,4
1534,train,0,562,82.05,370,85,4,27,0,4
1534,air,1,562,175.5,69,98,45,27,0,4
1534,bus,0,562,33.61,370,75,7,27,0,4
1534,car,0,562,106.78,372,0,0,27,0,4
1535,train,1,562,80.6,370,90,4,45,0,4
1535,air,0,562,175.5,69,98,45,45,0,4
1535,bus,0,562,33.61,370,80,7,45,0,4
1535,car,0,562,106.78,372,0,0,45,0,4
1536,train,0,562,80.6,370,90,4,70,0,4
1536,air,1,562,175.5,69,98,45,70,0,4
1536,bus,0,562,33.61,370,80,7,70,0,4
1536,car,0,562,106.78,372,0,0,70,0,4
1537,train,0,562,80.6,370,90,4,45,0,4
1537,air,1,562,175.5,69,98,45,45,0,4
1537,bus,0,562,33.61,370,80,7,45,0,4
1537,car,0,562,106.78,372,0,0,45,0,4
1538,train,0,562,80.6,370,90,4,35,0,4
1538,air,1,562,175.5,69,98,45,35,0,4
1538,bus,0,562,33.61,370,80,7,35,0,4
1538,car,0,562,106.78,372,0,0,35,0,4
1583,train,1,552,75.15,370,80,4,70,1,4
1583,air,0,552,173.5,69,91,45,70,1,4
1583,bus,0,552,33.51,370,73,7,70,1,4
1583,car,0,552,104.88,359,0,0,70,1,4
1584,train,1,552,75.15,370,80,4,70,1,4
1584,air,0,552,173.5,69,91,45,70,1,4
1584,bus,0,552,33.51,370,73,7,70,1,4
1584,car,0,552,104.88,359,0,0,70,1,4
1585,train,0,552,75.15,370,80,4,70,1,4
1585,air,1,552,173.5,69,91,45,70,1,4
1585,bus,0,552,33.51,370,73,7,70,1,4
1585,car,0,552,104.88,359,0,0,70,1,4
1586,train,0,552,75.15,370,80,4,55,1,4
1586,air,1,552,173.5,69,91,45,55,1,4
1586,bus,0,552,33.51,370,73,7,55,1,4
1586,car,0,552,104.88,359,0,0,55,1,4
1587,train,0,552,75.15,370,80,4,45,1,4
1587,air,1,552,173.5,69,91,45,45,1,4
1587,bus,0,552,33.51,370,73,7,45,1,4
1587,car,0,552,104.88,359,0,0,45,1,4
1588,train,0,552,75.15,370,80,4,70,1,4
1588,air,1,552,173.5,69,91,45,70,1,4
1588,bus,0,552,33.51,370,73,7,70,1,4
1588,car,0,552,104.88,359,0,0,70,1,4
1589,train,0,552,75.15,370,80,4,70,1,4
1589,air,1,552,173.5,69,91,45,70,1,4
1589,bus,0,552,33.51,370,73,7,70,1,4
1589,car,0,552,104.88,359,0,0,70,1,4
1590,train,0,552,75.15,370,80,4,70,1,4
1590,air,1,552,173.5,69,91,45,70,1,4
1590,bus,0,552,33.51,370,73,7,70,1,4
1590,car,0,552,104.88,359,0,0,70,1,4
1591,train,0,552,75.15,370,80,4,70,1,4
1591,air,1,552,173.5,69,91,45,70,1,4
1591,bus,0,552,33.51,370,73,7,70,1,4
1591,car,0,552,104.88,359,0,0,70,1,4
1592,train,0,552,75.15,370,80,4,70,1,4
1592,air,1,552,173.5,69,91,45,70,1,4
1592,bus,0,552,33.51,370,73,7,70,1,4
1592,car,0,552,104.88,359,0,0,70,1,4
1593,train,0,552,75.15,370,80,4,45,1,4
1593,air,1,552,173.5,69,91,45,45,1,4
1593,bus,0,552,33.51,370,73,7,45,1,4
1593,car,0,552,104.88,359,0,0,45,1,4
1594,train,0,552,75.15,370,80,4,45,1,4
1594,air,1,552,173.5,69,91,45,45,1,4
1594,bus,0,552,33.51,370,73,7,45,1,4
1594,car,0,552,104.88,359,0,0,45,1,4
1595,train,0,552,75.15,370,80,4,70,1,4
1595,air,1,552,173.5,69,91,45,70,1,4
1595,bus,0,552,33.51,370,73,7,70,1,4
1595,car,0,552,104.88,359,0,0,70,1,4
1596,train,0,557,74.6,370,75,4,70,1,4
1596,air,1,557,174.15,69,94,45,70,1,4
1596,bus,0,557,33.71,370,70,7,70,1,4
1596,car,0,557,105.83,365,0,0,70,1,4
1597,train,0,557,74.6,370,75,4,55,1,4
1597,air,1,557,174.15,69,94,45,55,1,4
1597,bus,0,557,33.71,370,70,7,55,1,4
1597,car,0,557,105.83,365,0,0,55,1,4
1598,train,1,557,72.6,370,67,4,70,1,4
1598,air,0,557,180.05,69,91,45,70,1,4
1598,bus,0,557,33.66,370,68,7,70,1,4
1598,car,0,557,105.83,365,0,0,70,1,4
1599,train,1,557,72.6,370,67,4,70,1,4
1599,air,0,557,180.05,69,91,45,70,1,4
1599,bus,0,557,33.66,370,68,7,70,1,4
1599,car,0,557,105.83,365,0,0,70,1,4
1600,train,1,557,72.6,370,67,4,55,1,4
1600,air,0,557,180.05,69,91,45,55,1,4
1600,bus,0,557,33.66,370,68,7,55,1,4
1600,car,0,557,105.83,365,0,0,55,1,4
1601,train,1,557,72.6,370,67,4,70,1,4
1601,air,0,557,180.05,69,91,45,70,1,4
1601,bus,0,557,33.66,370,68,7,70,1,4
1601,car,0,557,105.83,365,0,0,70,1,4
1602,train,1,557,72.6,370,67,4,70,1,4
1602,air,0,557,180.05,69,91,45,70,1,4
1602,bus,0,557,33.66,370,68,7,70,1,4
1602,car,0,557,105.83,365,0,0,70,1,4
1603,train,1,557,72.6,370,67,4,35,1,4
1603,air,0,557,180.05,69,91,45,35,1,4
1603,bus,0,557,33.66,370,68,7,35,1,4
1603,car,0,557,105.83,365,0,0,35,1,4
1604,train,1,557,72.6,370,67,4,70,1,4
1604,air,0,557,180.05,69,91,45,70,1,4
1604,bus,0,557,33.66,370,68,7,70,1,4
1604,car,0,557,105.83,365,0,0,70,1,4
1605,train,0,557,72.6,370,67,4,70,1,4
1605,air,1,557,180.05,69,91,45,70,1,4
1605,bus,0,557,33.66,370,68,7,70,1,4
1605,car,0,557,105.83,365,0,0,70,1,4
1606,train,0,557,72.6,370,67,4,70,1,4
1606,air,1,557,180.05,69,91,45,70,1,4
1606,bus,0,557,33.66,370,68,7,70,1,4
1606,car,0,557,105.83,365,0,0,70,1,4
1607,train,0,557,72.6,370,67,4,70,1,4
1607,air,1,557,180.05,69,91,45,70,1,4
1607,bus,0,557,33.66,370,68,7,70,1,4
1607,car,0,557,105.83,365,0,0,70,1,4
1608,train,0,557,72.6,370,67,4,70,1,4
1608,air,1,557,180.05,69,91,45,70,1,4
1608,bus,0,557,33.66,370,68,7,70,1,4
1608,car,0,557,105.83,365,0,0,70,1,4
1609,train,0,557,72.6,370,67,4,70,1,4
1609,air,1,557,180.05,69,91,45,70,1,4
1609,bus,0,557,33.66,370,68,7,70,1,4
1609,car,0,557,105.83,365,0,0,70,1,4
1610,train,0,557,72.6,370,67,4,70,1,4
1610,air,1,557,180.05,69,91,45,70,1,4
1610,bus,0,557,33.66,370,68,7,70,1,4
1610,car,0,557,105.83,365,0,0,70,1,4
1611,train,0,557,72.6,370,67,4,45,1,4
1611,air,1,557,180.05,69,91,45,45,1,4
1611,bus,0,557,33.66,370,68,7,45,1,4
1611,car,0,557,105.83,365,0,0,45,1,4
1612,train,0,557,72.6,370,67,4,70,1,4
1612,air,1,557,180.05,69,91,45,70,1,4
1612,bus,0,557,33.66,370,68,7,70,1,4
1612,car,0,557,105.83,365,0,0,70,1,4
1613,train,0,557,72.6,370,67,4,70,1,4
1613,air,1,557,180.05,69,91,45,70,1,4
1613,bus,0,557,33.66,370,68,7,70,1,4
1613,car,0,557,105.83,365,0,0,70,1,4
1614,train,0,557,72.6,370,67,4,70,1,4
1614,air,0,557,180.05,69,91,45,70,1,4
1614,bus,0,557,33.66,370,68,7,70,1,4
1614,car,1,557,105.83,365,0,0,70,1,4
1615,train,0,557,72.6,370,67,4,70,1,4
1615,air,0,557,180.05,69,91,45,70,1,4
1615,bus,0,557,33.66,370,68,7,70,1,4
1615,car,1,557,105.83,365,0,0,70,1,4
1616,train,1,557,73.6,370,80,4,45,1,4
1616,air,0,557,180.6,69,101,45,45,1,4
1616,bus,0,557,34.41,370,75,7,45,1,4
1616,car,0,557,105.83,365,0,0,45,1,4
1617,train,0,557,73.6,370,80,4,70,1,4
1617,air,1,557,180.6,69,101,45,70,1,4
1617,bus,0,557,34.41,370,75,7,70,1,4
1617,car,0,557,105.83,365,0,0,70,1,4
1618,train,0,557,74.1,370,82,4,70,1,4
1618,air,1,557,181.5,69,96,45,70,1,4
1618,bus,0,557,34.11,370,80,7,70,1,4
1618,car,0,557,105.83,365,0,0,70,1,4
1619,train,0,557,74.1,370,82,4,25,1,4
1619,air,1,557,181.5,69,96,45,25,1,4
1619,bus,0,557,34.11,370,80,7,25,1,4
1619,car,0,557,105.83,365,0,0,25,1,4
1620,train,0,562,75.6,370,85,4,55,1,4
1620,air,1,562,183.1,69,106,45,55,1,4
1620,bus,0,562,35.11,370,85,7,55,1,4
1620,car,0,562,106.78,372,0,0,55,1,4
1621,train,0,562,75.6,370,85,4,70,1,4
1621,air,1,562,183.1,69,106,45,70,1,4
1621,bus,0,562,35.11,370,85,7,70,1,4
1621,car,0,562,106.78,372,0,0,70,1,4
1623,train,0,595,76.45,370,90,4,70,0,4
1623,air,1,595,179.8,69,96,45,70,0,4
1623,bus,0,595,33.61,370,80,7,70,0,4
1623,car,0,595,113.05,392,0,0,70,0,4
1624,train,0,571,74.6,370,85,4,25,0,4
1624,air,1,571,179.5,69,100,45,25,0,4
1624,bus,0,571,35.61,370,85,7,25,0,4
1624,car,0,571,108.49,372,0,0,25,0,4
1625,train,0,564,76.1,370,85,4,55,0,4
1625,air,1,564,179.85,69,104,45,55,0,4
1625,bus,0,564,33.11,370,70,7,55,0,4
1625,car,0,564,107.16,366,0,0,55,0,4
1626,train,0,564,76.1,370,85,4,70,0,4
1626,air,1,564,179.85,69,104,45,70,0,4
1626,bus,0,564,33.11,370,70,7,70,0,4
1626,car,0,564,107.16,366,0,0,70,0,4
1627,train,0,564,76.1,370,85,4,70,0,4
1627,air,1,564,179.85,69,104,45,70,0,4
1627,bus,0,564,33.11,370,70,7,70,0,4
1627,car,0,564,107.16,366,0,0,70,0,4
1628,train,0,564,76.1,370,85,4,70,0,4
1628,air,1,564,179.85,69,104,45,70,0,4
1628,bus,0,564,33.11,370,70,7,70,0,4
1628,car,0,564,107.16,366,0,0,70,0,4
1629,train,0,564,76.1,370,85,4,70,0,4
1629,air,1,564,179.85,69,104,45,70,0,4
1629,bus,0,564,33.11,370,70,7,70,0,4
1629,car,0,564,107.16,366,0,0,70,0,4
1630,train,0,564,76.1,370,85,4,34,0,4
1630,air,1,564,179.85,69,104,45,34,0,4
1630,bus,0,564,33.11,370,70,7,34,0,4
1630,car,0,564,107.16,366,0,0,34,0,4
1631,train,0,564,76.1,370,85,4,70,0,4
1631,air,1,564,179.85,69,104,45,70,0,4
1631,bus,0,564,33.11,370,70,7,70,0,4
1631,car,0,564,107.16,366,0,0,70,0,4
1632,train,0,564,76.1,370,85,4,70,0,4
1632,air,1,564,179.85,69,104,45,70,0,4
1632,bus,0,564,33.11,370,70,7,70,0,4
1632,car,0,564,107.16,366,0,0,70,0,4
1633,train,0,564,76.1,370,85,4,70,0,4
1633,air,1,564,179.85,69,104,45,70,0,4
1633,bus,0,564,33.11,370,70,7,70,0,4
1633,car,0,564,107.16,366,0,0,70,0,4
1634,train,0,564,76.1,370,85,4,70,0,4
1634,air,1,564,179.85,69,104,45,70,0,4
1634,bus,0,564,33.11,370,70,7,70,0,4
1634,car,0,564,107.16,366,0,0,70,0,4
1635,train,0,624,76.6,370,94,4,70,0,4
1635,air,0,624,174.8,69,96,45,70,0,4
1635,bus,0,624,33.61,370,90,7,70,0,4
1635,car,1,624,118.56,409,0,0,70,0,4
1636,train,0,595,82.6,370,105,4,55,0,4
1636,air,1,595,183.5,69,121,45,55,0,4
1636,bus,0,595,33.61,370,95,7,55,0,4
1636,car,0,595,113.05,416,0,0,55,0,4
1637,train,0,595,82.6,370,105,4,45,0,4
1637,air,1,595,183.5,69,121,45,45,0,4
1637,bus,0,595,33.61,370,95,7,45,0,4
1637,car,0,595,113.05,416,0,0,45,0,4
1640,train,0,595,76.6,370,107,4,55,0,4
1640,air,1,595,183.5,69,121,45,55,0,4
1640,bus,0,595,33.61,370,95,7,55,0,4
1640,car,0,595,113.05,392,0,0,55,0,4
1641,train,0,671,82.6,370,130,4,70,0,4
1641,air,1,671,178,69,146,45,70,0,4
1641,bus,0,671,35.61,370,115,7,70,0,4
1641,car,0,671,127.49,440,0,0,70,0,4
1642,train,0,671,82.6,370,130,4,35,0,4
1642,air,0,671,178,69,146,45,35,0,4
1642,bus,0,671,35.61,370,115,7,35,0,4
1642,car,1,671,127.49,440,0,0,35,0,4
1646,train,0,770,106.35,507,84,2,35,0,4
1646,air,1,770,200.9,84,79,4,35,0,4
1646,bus,0,770,53.82,629,66,6,35,0,4
1646,car,0,770,146.3,492,0,0,35,0,4
1647,train,0,773,106.9,534,92,2,55,0,4
1647,air,1,773,201.9,84,87,4,55,0,4
1647,bus,0,773,53.32,629,66,6,55,0,4
1647,car,0,773,146.87,496,0,0,55,0,4
1648,train,0,773,106.9,534,92,2,70,0,4
1648,air,1,773,201.9,84,87,4,70,0,4
1648,bus,0,773,53.32,629,66,6,70,0,4
1648,car,0,773,146.87,496,0,0,70,0,4
1649,train,0,773,106.9,534,92,2,35,0,4
1649,air,1,773,201.9,84,87,4,35,0,4
1649,bus,0,773,53.32,629,66,6,35,0,4
1649,car,0,773,146.87,496,0,0,35,0,4
1650,train,0,773,106.9,534,92,2,55,0,4
1650,air,1,773,201.9,84,87,4,55,0,4
1650,bus,0,773,53.32,629,66,6,55,0,4
1650,car,0,773,146.87,496,0,0,55,0,4
1651,train,0,773,106.9,534,92,2,70,0,4
1651,air,1,773,201.9,84,87,4,70,0,4
1651,bus,0,773,53.32,629,66,6,70,0,4
1651,car,0,773,146.87,496,0,0,70,0,4
1652,train,0,773,106.9,534,92,2,70,0,4
1652,air,1,773,201.9,84,87,4,70,0,4
1652,bus,0,773,53.32,629,66,6,70,0,4
1652,car,0,773,146.87,496,0,0,70,0,4
1653,train,0,624,77.6,370,115,4,70,0,4
1653,air,1,624,180.1,69,126,45,70,0,4
1653,bus,0,624,34.61,370,105,7,70,0,4
1653,car,0,624,118.56,409,0,0,70,0,4
1654,train,0,624,77.6,370,115,4,70,0,4
1654,air,1,624,180.1,69,126,45,70,0,4
1654,bus,0,624,34.61,370,105,7,70,0,4
1654,car,0,624,118.56,409,0,0,70,0,4
1655,train,0,598,82.6,370,100,4,25,0,4
1655,air,1,598,183.5,69,111,45,25,0,4
1655,bus,0,598,34.61,370,90,7,25,0,4
1655,car,0,598,113.62,387,0,0,25,0,4
1656,train,0,598,82.6,370,100,4,35,0,4
1656,air,0,598,183.5,69,111,45,35,0,4
1656,bus,0,598,34.61,370,90,7,35,0,4
1656,car,1,598,113.62,387,0,0,35,0,4
1658,train,0,934,112.1,534,134,2,70,0,4
1658,air,1,934,209.9,84,111,4,70,0,4
1658,bus,0,934,56.57,629,105,6,70,0,4
1658,car,0,934,177.46,615,0,0,70,0,4
1659,train,0,980,112.6,534,144,2,70,0,4
1659,air,1,980,209.9,84,91,4,70,0,4
1659,bus,0,980,56.57,629,115,6,70,0,4
1659,car,0,980,186.2,667,0,0,70,0,4
1664,train,0,208,53.6,263,75,3,25,0,4
1664,air,0,208,145.9,60,106,6,25,0,4
1664,bus,0,208,17.76,119,65,4,25,0,4
1664,car,1,208,39.52,134,0,0,25,0,4
1665,train,0,287,55.1,263,80,3,45,0,4
1665,air,0,287,145.9,60,106,6,45,0,4
1665,bus,0,287,24.96,183,85,8,45,0,4
1665,car,1,287,54.53,200,0,0,45,0,4
1666,train,0,302,51.6,263,68,3,45,0,4
1666,air,0,302,145.9,60,96,6,45,0,4
1666,bus,0,302,24.96,183,75,8,45,0,4
1666,car,1,302,57.38,205,0,0,45,0,4
1667,train,0,416,73.6,440,75,2,70,1,4
1667,air,1,416,156.5,58,91,36,70,1,4
1667,bus,0,416,30.4,290,68,10,70,1,4
1667,car,0,416,79.04,292,0,0,70,1,4
1668,train,0,450,71.6,440,64,2,70,1,4
1668,air,1,450,153.1,58,86,36,70,1,4
1668,bus,0,450,31.6,290,67,10,70,1,4
1668,car,0,450,85.5,298,0,0,70,1,4
1669,train,0,450,71.6,440,64,2,70,1,4
1669,air,1,450,153.1,58,86,36,70,1,4
1669,bus,0,450,31.6,290,67,10,70,1,4
1669,car,0,450,85.5,298,0,0,70,1,4
1670,train,0,450,71.6,440,64,2,70,1,4
1670,air,1,450,153.1,58,86,36,70,1,4
1670,bus,0,450,31.6,290,67,10,70,1,4
1670,car,0,450,85.5,298,0,0,70,1,4
1671,train,0,450,71.6,440,64,2,70,1,4
1671,air,1,450,153.1,58,86,36,70,1,4
1671,bus,0,450,31.6,290,67,10,70,1,4
1671,car,0,450,85.5,298,0,0,70,1,4
1672,train,0,450,71.6,440,64,2,35,1,4
1672,air,1,450,153.1,58,86,36,35,1,4
1672,bus,0,450,31.6,290,67,10,35,1,4
1672,car,0,450,85.5,298,0,0,35,1,4
1673,train,0,450,71.6,440,64,2,70,1,4
1673,air,1,450,153.1,58,86,36,70,1,4
1673,bus,0,450,31.6,290,67,10,70,1,4
1673,car,0,450,85.5,298,0,0,70,1,4
1674,train,0,450,71.6,440,64,2,70,1,4
1674,air,1,450,153.1,58,86,36,70,1,4
1674,bus,0,450,31.6,290,67,10,70,1,4
1674,car,0,450,85.5,298,0,0,70,1,4
1675,train,0,450,71.6,440,64,2,55,1,4
1675,air,1,450,153.1,58,86,36,55,1,4
1675,bus,0,450,31.6,290,67,10,55,1,4
1675,car,0,450,85.5,298,0,0,55,1,4
1676,train,0,450,71.6,440,64,2,55,1,4
1676,air,1,450,153.1,58,86,36,55,1,4
1676,bus,0,450,31.6,290,67,10,55,1,4
1676,car,0,450,85.5,298,0,0,55,1,4
1677,train,0,450,71.6,440,64,2,45,1,4
1677,air,1,450,153.1,58,86,36,45,1,4
1677,bus,0,450,31.6,290,67,10,45,1,4
1677,car,0,450,85.5,298,0,0,45,1,4
1678,train,0,450,71.6,440,64,2,70,1,4
1678,air,1,450,153.1,58,86,36,70,1,4
1678,bus,0,450,31.6,290,67,10,70,1,4
1678,car,0,450,85.5,298,0,0,70,1,4
1679,train,0,450,71.6,440,64,2,70,1,4
1679,air,1,450,153.1,58,86,36,70,1,4
1679,bus,0,450,31.6,290,67,10,70,1,4
1679,car,0,450,85.5,298,0,0,70,1,4
1680,train,0,450,71.6,440,64,2,70,1,4
1680,air,1,450,153.1,58,86,36,70,1,4
1680,bus,0,450,31.6,290,67,10,70,1,4
1680,car,0,450,85.5,298,0,0,70,1,4
1681,train,0,450,71.6,440,64,2,70,1,4
1681,air,1,450,153.1,58,86,36,70,1,4
1681,bus,0,450,31.6,290,67,10,70,1,4
1681,car,0,450,85.5,298,0,0,70,1,4
1682,train,0,450,71.6,440,64,2,70,1,4
1682,air,0,450,153.1,58,86,36,70,1,4
1682,bus,0,450,31.6,290,67,10,70,1,4
1682,car,1,450,85.5,298,0,0,70,1,4
1683,train,0,460,73.3,440,65,2,70,1,4
1683,air,1,460,154.5,58,86,36,70,1,4
1683,bus,0,460,31.4,290,70,10,70,1,4
1683,car,0,460,87.4,311,0,0,70,1,4
1684,train,0,460,73.3,440,65,2,70,1,4
1684,air,1,460,154.5,58,86,36,70,1,4
1684,bus,0,460,31.4,290,70,10,70,1,4
1684,car,0,460,87.4,311,0,0,70,1,4
1685,train,0,460,73.3,440,65,2,70,1,4
1685,air,1,460,154.5,58,86,36,70,1,4
1685,bus,0,460,31.4,290,70,10,70,1,4
1685,car,0,460,87.4,311,0,0,70,1,4
1686,train,0,460,73.3,440,65,2,70,1,4
1686,air,1,460,154.5,58,86,36,70,1,4
1686,bus,0,460,31.4,290,70,10,70,1,4
1686,car,0,460,87.4,311,0,0,70,1,4
1687,train,0,460,73.3,440,65,2,70,1,4
1687,air,1,460,154.5,58,86,36,70,1,4
1687,bus,0,460,31.4,290,70,10,70,1,4
1687,car,0,460,87.4,311,0,0,70,1,4
1688,train,0,460,73.3,440,65,2,70,1,4
1688,air,1,460,154.5,58,86,36,70,1,4
1688,bus,0,460,31.4,290,70,10,70,1,4
1688,car,0,460,87.4,311,0,0,70,1,4
1689,train,0,460,73.3,440,65,2,70,1,4
1689,air,1,460,154.5,58,86,36,70,1,4
1689,bus,0,460,31.4,290,70,10,70,1,4
1689,car,0,460,87.4,311,0,0,70,1,4
1690,train,0,572,83.65,431,70,3,35,0,4
1690,air,0,572,178.5,69,98,45,35,0,4
1690,bus,0,572,32.76,370,70,7,35,0,4
1690,car,1,572,108.68,361,0,0,35,0,4
1698,train,0,562,76.75,431,65,3,55,1,4
1698,air,1,562,176.5,69,91,45,55,1,4
1698,bus,0,562,32.66,370,68,7,55,1,4
1698,car,0,562,106.78,348,0,0,55,1,4
1699,train,0,567,74.2,431,52,3,70,1,4
1699,air,1,567,183.05,69,91,45,70,1,4
1699,bus,0,567,32.81,370,63,7,70,1,4
1699,car,0,567,107.73,354,0,0,70,1,4
1700,train,0,567,75.2,431,65,3,70,1,4
1700,air,1,567,183.6,69,101,45,70,1,4
1700,bus,0,567,33.56,370,70,7,70,1,4
1700,car,0,567,107.73,354,0,0,70,1,4
1701,train,0,567,75.7,431,67,3,55,1,4
1701,air,1,567,184.5,69,96,45,55,1,4
1701,bus,0,567,33.26,370,75,7,55,1,4
1701,car,0,567,107.73,354,0,0,55,1,4
1702,train,0,581,76.2,431,70,3,70,0,4
1702,air,1,581,182.5,69,100,45,70,0,4
1702,bus,0,581,34.76,370,80,7,70,0,4
1702,car,0,581,110.39,361,0,0,70,0,4
1703,train,0,574,77.7,431,70,3,70,0,4
1703,air,1,574,182.85,69,104,45,70,0,4
1703,bus,0,574,32.26,370,65,7,70,0,4
1703,car,0,574,109.06,355,0,0,70,0,4
1707,train,0,924,115.6,534,110,2,35,0,4
1707,air,1,924,212.9,84,91,4,35,0,4
1707,bus,0,924,54.72,629,70,6,35,0,4
1707,car,0,924,175.56,602,0,0,35,0,4
1708,train,0,319,53.6,263,83,3,35,0,4
1708,air,0,319,146.3,60,105,6,35,0,4
1708,bus,0,319,24.96,183,110,8,35,0,4
1708,car,1,319,60.61,219,0,0,35,0,4
1709,train,0,467,73.6,440,79,2,70,1,4
1709,air,1,467,153.5,58,95,36,70,1,4
1709,bus,0,467,31.6,290,102,10,70,1,4
1709,car,0,467,88.73,313,0,0,70,1,4
1710,train,0,467,73.6,440,79,2,70,1,4
1710,air,1,467,153.5,58,95,36,70,1,4
1710,bus,0,467,31.6,290,102,10,70,1,4
1710,car,0,467,88.73,313,0,0,70,1,4
1711,train,0,467,73.6,440,79,2,70,1,4
1711,air,1,467,153.5,58,95,36,70,1,4
1711,bus,0,467,31.6,290,102,10,70,1,4
1711,car,0,467,88.73,313,0,0,70,1,4
1712,train,0,467,73.6,440,79,2,70,1,4
1712,air,1,467,153.5,58,95,36,70,1,4
1712,bus,0,467,31.6,290,102,10,70,1,4
1712,car,0,467,88.73,313,0,0,70,1,4
1713,train,0,467,73.6,440,79,2,55,1,4
1713,air,1,467,153.5,58,95,36,55,1,4
1713,bus,0,467,31.6,290,102,10,55,1,4
1713,car,0,467,88.73,313,0,0,55,1,4
1714,train,1,584,76.2,431,67,3,15,1,4
1714,air,0,584,183.45,69,100,45,15,1,4
1714,bus,0,584,32.81,370,98,7,15,1,4
1714,car,0,584,110.96,369,0,0,15,1,4
1715,train,0,584,76.2,431,67,3,70,1,4
1715,air,1,584,183.45,69,100,45,70,1,4
1715,bus,0,584,32.81,370,98,7,70,1,4
1715,car,0,584,110.96,369,0,0,70,1,4
1716,train,0,589,79.2,431,85,3,55,1,4
1716,air,1,589,186.5,69,115,45,55,1,4
1716,bus,0,589,34.26,370,115,7,55,1,4
1716,car,0,589,111.91,375,0,0,55,1,4
1717,train,0,800,103.9,534,113,2,70,0,4
1717,air,1,800,205.3,84,96,4,70,0,4
1717,bus,0,800,52.47,629,96,6,70,0,4
1717,car,0,800,152,500,0,0,70,0,4
1724,train,1,214,42.2,109,100,5,45,1,4
1724,air,0,214,151.3,60,98,6,45,1,4
1724,bus,0,214,18.71,119,95,4,45,1,4
1724,car,0,214,40.66,152,0,0,45,1,4
1725,train,0,214,42.2,109,100,5,70,1,4
1725,air,0,214,151.3,60,98,6,70,1,4
1725,bus,0,214,18.71,119,95,4,70,1,4
1725,car,1,214,40.66,152,0,0,70,1,4
1726,train,0,171,37.6,96,90,2,45,1,4
1726,air,0,171,151.3,60,108,6,45,1,4
1726,bus,0,171,19.31,119,82,4,45,1,4
1726,car,1,171,32.49,120,0,0,45,1,4
1727,train,0,186,40,109,90,5,35,1,4
1727,air,0,186,151.3,60,98,6,35,1,4
1727,bus,0,186,18.91,119,90,4,35,1,4
1727,car,1,186,35.34,129,0,0,35,1,4
1728,train,0,265,45.2,109,100,5,70,1,4
1728,air,0,265,151.3,60,98,6,70,1,4
1728,bus,0,265,26.11,183,110,8,70,1,4
1728,car,1,265,50.35,195,0,0,70,1,4
1729,train,0,249,46.9,148,90,8,70,1,4
1729,air,1,249,148.45,60,66,6,70,1,4
1729,bus,0,249,24.11,183,85,8,70,1,4
1729,car,0,249,47.31,166,0,0,70,1,4
1730,train,0,249,46.9,148,90,8,36,1,4
1730,air,0,249,148.45,60,66,6,36,1,4
1730,bus,0,249,24.11,183,85,8,36,1,4
1730,car,1,249,47.31,166,0,0,36,1,4
1731,train,0,249,46.9,148,90,8,70,1,4
1731,air,0,249,148.45,60,66,6,70,1,4
1731,bus,0,249,24.11,183,85,8,70,1,4
1731,car,1,249,47.31,166,0,0,70,1,4
1732,train,0,424,53.8,238,85,3,70,1,4
1732,air,0,424,169.9,58,128,36,70,1,4
1732,bus,0,424,29.79,304,125,2,70,1,4
1732,car,1,424,80.56,272,0,0,70,1,4
1733,train,0,396,66.4,263,110,3,70,1,4
1733,air,1,396,164.9,58,93,36,70,1,4
1733,bus,0,396,31.55,290,100,10,70,1,4
1733,car,0,396,75.24,266,0,0,70,1,4
1734,train,0,396,66.4,263,110,3,70,1,4
1734,air,0,396,164.9,58,93,36,70,1,4
1734,bus,0,396,31.55,290,100,10,70,1,4
1734,car,1,396,75.24,266,0,0,70,1,4
1735,train,0,394,66.4,263,110,3,35,2,4
1735,air,0,394,161.9,58,83,36,35,2,4
1735,bus,0,394,31.55,290,93,10,35,2,4
1735,car,1,394,74.86,286,0,0,35,2,4
1736,train,1,428,64.4,263,99,3,35,2,4
1736,air,0,428,158.5,58,78,36,35,2,4
1736,bus,0,428,32.75,290,92,10,35,2,4
1736,car,0,428,81.32,293,0,0,35,2,4
1737,train,0,428,64.4,263,99,3,70,2,4
1737,air,1,428,158.5,58,78,36,70,2,4
1737,bus,0,428,32.75,290,92,10,70,2,4
1737,car,0,428,81.32,293,0,0,70,2,4
1738,train,0,428,64.4,263,99,3,70,2,4
1738,air,1,428,158.5,58,78,36,70,2,4
1738,bus,0,428,32.75,290,92,10,70,2,4
1738,car,0,428,81.32,293,0,0,70,2,4
1739,train,0,428,64.4,263,99,3,70,2,4
1739,air,1,428,158.5,58,78,36,70,2,4
1739,bus,0,428,32.75,290,92,10,70,2,4
1739,car,0,428,81.32,293,0,0,70,2,4
1740,train,0,428,64.4,263,99,3,36,2,4
1740,air,1,428,158.5,58,78,36,36,2,4
1740,bus,0,428,32.75,290,92,10,36,2,4
1740,car,0,428,81.32,293,0,0,36,2,4
1741,train,0,428,64.4,263,99,3,70,2,4
1741,air,1,428,158.5,58,78,36,70,2,4
1741,bus,0,428,32.75,290,92,10,70,2,4
1741,car,0,428,81.32,293,0,0,70,2,4
1742,train,0,428,64.4,263,99,3,70,2,4
1742,air,1,428,158.5,58,78,36,70,2,4
1742,bus,0,428,32.75,290,92,10,70,2,4
1742,car,0,428,81.32,293,0,0,70,2,4
1743,train,0,428,64.4,263,99,3,70,2,4
1743,air,1,428,158.5,58,78,36,70,2,4
1743,bus,0,428,32.75,290,92,10,70,2,4
1743,car,0,428,81.32,293,0,0,70,2,4
1744,train,0,428,64.4,263,99,3,55,2,4
1744,air,1,428,158.5,58,78,36,55,2,4
1744,bus,0,428,32.75,290,92,10,55,2,4
1744,car,0,428,81.32,293,0,0,55,2,4
1745,train,0,428,64.4,263,99,3,70,2,4
1745,air,1,428,158.5,58,78,36,70,2,4
1745,bus,0,428,32.75,290,92,10,70,2,4
1745,car,0,428,81.32,293,0,0,70,2,4
1746,train,0,428,64.4,263,99,3,45,2,4
1746,air,1,428,158.5,58,78,36,45,2,4
1746,bus,0,428,32.75,290,92,10,45,2,4
1746,car,0,428,81.32,293,0,0,45,2,4
1747,train,0,428,64.4,263,99,3,70,2,4
1747,air,1,428,158.5,58,78,36,70,2,4
1747,bus,0,428,32.75,290,92,10,70,2,4
1747,car,0,428,81.32,293,0,0,70,2,4
1748,train,0,428,64.4,263,99,3,70,2,4
1748,air,1,428,158.5,58,78,36,70,2,4
1748,bus,0,428,32.75,290,92,10,70,2,4
1748,car,0,428,81.32,293,0,0,70,2,4
1749,train,0,428,64.4,263,99,3,70,2,4
1749,air,1,428,158.5,58,78,36,70,2,4
1749,bus,0,428,32.75,290,92,10,70,2,4
1749,car,0,428,81.32,293,0,0,70,2,4
1750,train,0,428,64.4,263,99,3,70,2,4
1750,air,1,428,158.5,58,78,36,70,2,4
1750,bus,0,428,32.75,290,92,10,70,2,4
1750,car,0,428,81.32,293,0,0,70,2,4
1751,train,0,428,64.4,263,99,3,55,2,4
1751,air,1,428,158.5,58,78,36,55,2,4
1751,bus,0,428,32.75,290,92,10,55,2,4
1751,car,0,428,81.32,293,0,0,55,2,4
1752,train,0,428,64.4,263,99,3,70,2,4
1752,air,1,428,158.5,58,78,36,70,2,4
1752,bus,0,428,32.75,290,92,10,70,2,4
1752,car,0,428,81.32,293,0,0,70,2,4
1753,train,0,428,64.4,263,99,3,25,2,4
1753,air,1,428,158.5,58,78,36,25,2,4
1753,bus,0,428,32.75,290,92,10,25,2,4
1753,car,0,428,81.32,293,0,0,25,2,4
1754,train,0,428,64.4,263,99,3,70,2,4
1754,air,1,428,158.5,58,78,36,70,2,4
1754,bus,0,428,32.75,290,92,10,70,2,4
1754,car,0,428,81.32,293,0,0,70,2,4
1755,train,0,428,64.4,263,99,3,70,2,4
1755,air,1,428,158.5,58,78,36,70,2,4
1755,bus,0,428,32.75,290,92,10,70,2,4
1755,car,0,428,81.32,293,0,0,70,2,4
1756,train,0,428,64.4,263,99,3,70,2,4
1756,air,1,428,158.5,58,78,36,70,2,4
1756,bus,0,428,32.75,290,92,10,70,2,4
1756,car,0,428,81.32,293,0,0,70,2,4
1757,train,0,428,64.4,263,99,3,70,2,4
1757,air,1,428,158.5,58,78,36,70,2,4
1757,bus,0,428,32.75,290,92,10,70,2,4
1757,car,0,428,81.32,293,0,0,70,2,4
1758,train,0,428,64.4,263,99,3,35,2,4
1758,air,1,428,158.5,58,78,36,35,2,4
1758,bus,0,428,32.75,290,92,10,35,2,4
1758,car,0,428,81.32,293,0,0,35,2,4
1759,train,0,428,64.4,263,99,3,70,2,4
1759,air,1,428,158.5,58,78,36,70,2,4
1759,bus,0,428,32.75,290,92,10,70,2,4
1759,car,0,428,81.32,293,0,0,70,2,4
1760,train,0,428,64.4,263,99,3,45,2,4
1760,air,1,428,158.5,58,78,36,45,2,4
1760,bus,0,428,32.75,290,92,10,45,2,4
1760,car,0,428,81.32,293,0,0,45,2,4
1761,train,0,428,64.4,263,99,3,70,2,4
1761,air,1,428,158.5,58,78,36,70,2,4
1761,bus,0,428,32.75,290,92,10,70,2,4
1761,car,0,428,81.32,293,0,0,70,2,4
1762,train,0,428,64.4,263,99,3,70,2,4
1762,air,1,428,158.5,58,78,36,70,2,4
1762,bus,0,428,32.75,290,92,10,70,2,4
1762,car,0,428,81.32,293,0,0,70,2,4
1763,train,0,428,64.4,263,99,3,35,2,4
1763,air,1,428,158.5,58,78,36,35,2,4
1763,bus,0,428,32.75,290,92,10,35,2,4
1763,car,0,428,81.32,293,0,0,35,2,4
1764,train,0,428,64.4,263,99,3,70,2,4
1764,air,1,428,158.5,58,78,36,70,2,4
1764,bus,0,428,32.75,290,92,10,70,2,4
1764,car,0,428,81.32,293,0,0,70,2,4
1765,train,0,428,64.4,263,99,3,45,2,4
1765,air,1,428,158.5,58,78,36,45,2,4
1765,bus,0,428,32.75,290,92,10,45,2,4
1765,car,0,428,81.32,293,0,0,45,2,4
1766,train,0,428,64.4,263,99,3,15,2,4
1766,air,0,428,158.5,58,78,36,15,2,4
1766,bus,1,428,32.75,290,92,10,15,2,4
1766,car,0,428,81.32,293,0,0,15,2,4
1767,train,0,428,64.4,263,99,3,35,2,4
1767,air,0,428,158.5,58,78,36,35,2,4
1767,bus,0,428,32.75,290,92,10,35,2,4
1767,car,1,428,81.32,293,0,0,35,2,4
1768,train,0,428,64.4,263,99,3,70,2,4
1768,air,0,428,158.5,58,78,36,70,2,4
1768,bus,0,428,32.75,290,92,10,70,2,4
1768,car,1,428,81.32,293,0,0,70,2,4
1769,train,0,428,64.4,263,99,3,70,2,4
1769,air,0,428,158.5,58,78,36,70,2,4
1769,bus,0,428,32.75,290,92,10,70,2,4
1769,car,1,428,81.32,293,0,0,70,2,4
1770,train,0,438,66.1,263,100,3,70,2,4
1770,air,1,438,159.9,58,78,36,70,2,4
1770,bus,0,438,32.55,290,95,10,70,2,4
1770,car,0,438,83.22,306,0,0,70,2,4
1771,train,0,438,66.1,263,100,3,55,2,4
1771,air,1,438,159.9,58,78,36,55,2,4
1771,bus,0,438,32.55,290,95,10,55,2,4
1771,car,0,438,83.22,306,0,0,55,2,4
1772,train,0,438,66.1,263,100,3,55,2,4
1772,air,0,438,159.9,58,78,36,55,2,4
1772,bus,0,438,32.55,290,95,10,55,2,4
1772,car,1,438,83.22,306,0,0,55,2,4
1773,train,0,433,67.4,263,105,3,55,1,4
1773,air,1,433,164.9,58,83,36,55,1,4
1773,bus,0,433,31.55,290,90,10,55,1,4
1773,car,0,433,82.27,299,0,0,55,1,4
1774,train,0,591,81.2,304,115,5,70,1,4
1774,air,1,591,191.9,69,98,45,70,1,4
1774,bus,0,591,33.91,370,105,7,70,1,4
1774,car,0,591,112.29,383,0,0,70,1,4
1775,train,1,550,80.65,304,105,5,35,1,4
1775,air,0,550,183.9,69,90,45,35,1,4
1775,bus,0,550,33.91,370,95,7,35,1,4
1775,car,0,550,104.5,355,0,0,35,1,4
1776,train,0,550,79.2,304,110,5,35,1,4
1776,air,1,550,183.9,69,90,45,35,1,4
1776,bus,0,550,33.91,370,100,7,35,1,4
1776,car,0,550,104.5,355,0,0,35,1,4
1789,train,0,540,73.75,304,100,5,70,2,4
1789,air,1,540,181.9,69,83,45,70,2,4
1789,bus,0,540,33.81,370,93,7,70,2,4
1789,car,0,540,102.6,342,0,0,70,2,4
1790,train,0,540,73.75,304,100,5,70,2,4
1790,air,1,540,181.9,69,83,45,70,2,4
1790,bus,0,540,33.81,370,93,7,70,2,4
1790,car,0,540,102.6,342,0,0,70,2,4
1791,train,0,540,73.75,304,100,5,45,2,4
1791,air,1,540,181.9,69,83,45,45,2,4
1791,bus,0,540,33.81,370,93,7,45,2,4
1791,car,0,540,102.6,342,0,0,45,2,4
1792,train,0,540,73.75,304,100,5,70,2,4
1792,air,1,540,181.9,69,83,45,70,2,4
1792,bus,0,540,33.81,370,93,7,70,2,4
1792,car,0,540,102.6,342,0,0,70,2,4
1793,train,1,545,73.2,304,95,5,25,2,4
1793,air,0,545,182.55,69,86,45,25,2,4
1793,bus,0,545,34.01,370,90,7,25,2,4
1793,car,0,545,103.55,349,0,0,25,2,4
1794,train,0,545,73.2,304,95,5,70,2,4
1794,air,1,545,182.55,69,86,45,70,2,4
1794,bus,0,545,34.01,370,90,7,70,2,4
1794,car,0,545,103.55,349,0,0,70,2,4
1795,train,1,545,71.2,304,87,5,70,2,4
1795,air,0,545,188.45,69,83,45,70,2,4
1795,bus,0,545,33.96,370,88,7,70,2,4
1795,car,0,545,103.55,349,0,0,70,2,4
1796,train,1,545,71.2,304,87,5,55,2,4
1796,air,0,545,188.45,69,83,45,55,2,4
1796,bus,0,545,33.96,370,88,7,55,2,4
1796,car,0,545,103.55,349,0,0,55,2,4
1797,train,1,545,71.2,304,87,5,5,2,4
1797,air,0,545,188.45,69,83,45,5,2,4
1797,bus,0,545,33.96,370,88,7,5,2,4
1797,car,0,545,103.55,349,0,0,5,2,4
1798,train,1,545,71.2,304,87,5,55,2,4
1798,air,0,545,188.45,69,83,45,55,2,4
1798,bus,0,545,33.96,370,88,7,55,2,4
1798,car,0,545,103.55,349,0,0,55,2,4
1799,train,0,545,71.2,304,87,5,35,2,4
1799,air,1,545,188.45,69,83,45,35,2,4
1799,bus,0,545,33.96,370,88,7,35,2,4
1799,car,0,545,103.55,349,0,0,35,2,4
1800,train,0,545,71.2,304,87,5,70,2,4
1800,air,1,545,188.45,69,83,45,70,2,4
1800,bus,0,545,33.96,370,88,7,70,2,4
1800,car,0,545,103.55,349,0,0,70,2,4
1801,train,0,545,71.2,304,87,5,70,2,4
1801,air,1,545,188.45,69,83,45,70,2,4
1801,bus,0,545,33.96,370,88,7,70,2,4
1801,car,0,545,103.55,349,0,0,70,2,4
1802,train,0,545,71.2,304,87,5,70,2,4
1802,air,1,545,188.45,69,83,45,70,2,4
1802,bus,0,545,33.96,370,88,7,70,2,4
1802,car,0,545,103.55,349,0,0,70,2,4
1803,train,0,545,71.2,304,87,5,70,2,4
1803,air,1,545,188.45,69,83,45,70,2,4
1803,bus,0,545,33.96,370,88,7,70,2,4
1803,car,0,545,103.55,349,0,0,70,2,4
1804,train,0,545,71.2,304,87,5,70,2,4
1804,air,0,545,188.45,69,83,45,70,2,4
1804,bus,0,545,33.96,370,88,7,70,2,4
1804,car,1,545,103.55,349,0,0,70,2,4
1805,train,0,545,71.2,304,87,5,70,2,4
1805,air,0,545,188.45,69,83,45,70,2,4
1805,bus,0,545,33.96,370,88,7,70,2,4
1805,car,1,545,103.55,349,0,0,70,2,4
1807,train,0,552,74.7,304,105,5,70,1,4
1807,air,1,552,188.25,69,96,45,70,1,4
1807,bus,0,552,33.41,370,90,7,70,1,4
1807,car,0,552,104.88,350,0,0,70,1,4
1808,train,0,552,74.7,304,105,5,55,1,4
1808,air,1,552,188.25,69,96,45,55,1,4
1808,bus,0,552,33.41,370,90,7,55,1,4
1808,car,0,552,104.88,350,0,0,55,1,4
1809,train,0,552,74.7,304,105,5,55,1,4
1809,air,1,552,188.25,69,96,45,55,1,4
1809,bus,0,552,33.41,370,90,7,55,1,4
1809,car,0,552,104.88,350,0,0,55,1,4
1811,train,0,659,81.2,304,150,5,70,1,4
1811,air,1,659,186.4,69,138,45,70,1,4
1811,bus,0,659,35.91,370,135,7,70,1,4
1811,car,0,659,125.21,424,0,0,70,1,4
1812,train,0,758,101.35,507,85,2,55,1,4
1812,air,1,758,209.3,84,71,4,55,1,4
1812,bus,0,758,54.12,629,86,6,55,1,4
1812,car,0,758,144.02,475,0,0,55,1,4
1813,train,0,761,101.9,534,93,2,70,1,4
1813,air,1,761,210.3,84,79,4,70,1,4
1813,bus,0,761,53.62,629,86,6,70,1,4
1813,car,0,761,144.59,480,0,0,70,1,4
1814,train,0,761,101.9,534,93,2,70,1,4
1814,air,1,761,210.3,84,79,4,70,1,4
1814,bus,0,761,53.62,629,86,6,70,1,4
1814,car,0,761,144.59,480,0,0,70,1,4
1815,train,0,761,101.9,534,93,2,45,1,4
1815,air,1,761,210.3,84,79,4,45,1,4
1815,bus,0,761,53.62,629,86,6,45,1,4
1815,car,0,761,144.59,480,0,0,45,1,4
1817,train,0,612,76.2,304,135,5,70,1,4
1817,air,1,612,188.5,69,118,45,70,1,4
1817,bus,0,612,34.91,370,125,7,70,1,4
1817,car,0,612,116.28,393,0,0,70,1,4
1819,train,1,222,45.15,120,125,12,35,1,4
1819,air,0,222,139,40,148,25,35,1,4
1819,bus,0,222,25.45,245,65,1,35,1,4
1819,car,0,222,42.18,186,0,0,35,1,4
1820,train,1,222,45.15,120,125,12,35,1,4
1820,air,0,222,139,40,148,25,35,1,4
1820,bus,0,222,25.45,245,65,1,35,1,4
1820,car,0,222,42.18,186,0,0,35,1,4
1821,train,0,222,45.15,120,125,12,25,1,4
1821,air,0,222,139,40,148,25,25,1,4
1821,bus,0,222,25.45,245,65,1,25,1,4
1821,car,1,222,42.18,186,0,0,25,1,4
1829,train,1,203,40.35,109,75,5,24,1,4
1829,air,0,203,155.9,60,118,6,24,1,4
1829,bus,0,203,18.23,119,80,4,24,1,4
1829,car,0,203,38.57,138,0,0,24,1,4
1830,train,0,203,40.35,109,75,5,70,1,4
1830,air,0,203,155.9,60,118,6,70,1,4
1830,bus,0,203,18.23,119,80,4,70,1,4
1830,car,1,203,38.57,138,0,0,70,1,4
1832,train,1,160,35.75,96,65,2,45,1,4
1832,air,0,160,155.9,60,128,6,45,1,4
1832,bus,0,160,18.83,119,67,4,45,1,4
1832,car,0,160,30.4,106,0,0,45,1,4
1833,train,0,160,35.75,96,65,2,55,1,4
1833,air,0,160,155.9,60,128,6,55,1,4
1833,bus,0,160,18.83,119,67,4,55,1,4
1833,car,1,160,30.4,106,0,0,55,1,4
1834,train,0,160,35.75,96,65,2,31,1,4
1834,air,0,160,155.9,60,128,6,31,1,4
1834,bus,0,160,18.83,119,67,4,31,1,4
1834,car,1,160,30.4,106,0,0,31,1,4
1835,train,1,175,38.15,109,65,5,70,1,4
1835,air,0,175,155.9,60,118,6,70,1,4
1835,bus,0,175,18.43,119,75,4,70,1,4
1835,car,0,175,33.25,115,0,0,70,1,4
1836,train,1,175,38.15,109,65,5,25,1,4
1836,air,0,175,155.9,60,118,6,25,1,4
1836,bus,0,175,18.43,119,75,4,25,1,4
1836,car,0,175,33.25,115,0,0,25,1,4
1837,train,1,175,38.15,109,65,5,70,1,4
1837,air,0,175,155.9,60,118,6,70,1,4
1837,bus,0,175,18.43,119,75,4,70,1,4
1837,car,0,175,33.25,115,0,0,70,1,4
1838,train,1,175,38.15,109,65,5,70,1,4
1838,air,0,175,155.9,60,118,6,70,1,4
1838,bus,0,175,18.43,119,75,4,70,1,4
1838,car,0,175,33.25,115,0,0,70,1,4
1839,train,0,175,38.15,109,65,5,70,1,4
1839,air,0,175,155.9,60,118,6,70,1,4
1839,bus,0,175,18.43,119,75,4,70,1,4
1839,car,1,175,33.25,115,0,0,70,1,4
1840,train,0,175,38.15,109,65,5,70,1,4
1840,air,0,175,155.9,60,118,6,70,1,4
1840,bus,0,175,18.43,119,75,4,70,1,4
1840,car,1,175,33.25,115,0,0,70,1,4
1841,train,0,254,43.35,109,75,5,25,1,4
1841,air,0,254,155.9,60,118,6,25,1,4
1841,bus,0,254,25.63,183,95,8,25,1,4
1841,car,1,254,48.26,181,0,0,25,1,4
1842,train,1,238,45.05,148,65,8,70,1,4
1842,air,0,238,153.05,60,86,6,70,1,4
1842,bus,0,238,23.63,183,70,8,70,1,4
1842,car,0,238,45.22,152,0,0,70,1,4
1843,train,1,238,45.05,148,65,8,55,1,4
1843,air,0,238,153.05,60,86,6,55,1,4
1843,bus,0,238,23.63,183,70,8,55,1,4
1843,car,0,238,45.22,152,0,0,55,1,4
1844,train,1,238,45.05,148,65,8,45,1,4
1844,air,0,238,153.05,60,86,6,45,1,4
1844,bus,0,238,23.63,183,70,8,45,1,4
1844,car,0,238,45.22,152,0,0,45,1,4
1845,train,1,238,45.05,148,65,8,70,1,4
1845,air,0,238,153.05,60,86,6,70,1,4
1845,bus,0,238,23.63,183,70,8,70,1,4
1845,car,0,238,45.22,152,0,0,70,1,4
1846,train,1,238,45.05,148,65,8,45,1,4
1846,air,0,238,153.05,60,86,6,45,1,4
1846,bus,0,238,23.63,183,70,8,45,1,4
1846,car,0,238,45.22,152,0,0,45,1,4
1847,train,1,238,45.05,148,65,8,55,1,4
1847,air,0,238,153.05,60,86,6,55,1,4
1847,bus,0,238,23.63,183,70,8,55,1,4
1847,car,0,238,45.22,152,0,0,55,1,4
1848,train,1,238,45.05,148,65,8,70,1,4
1848,air,0,238,153.05,60,86,6,70,1,4
1848,bus,0,238,23.63,183,70,8,70,1,4
1848,car,0,238,45.22,152,0,0,70,1,4
1849,train,1,238,45.05,148,65,8,55,1,4
1849,air,0,238,153.05,60,86,6,55,1,4
1849,bus,0,238,23.63,183,70,8,55,1,4
1849,car,0,238,45.22,152,0,0,55,1,4
1850,train,1,238,45.05,148,65,8,35,1,4
1850,air,0,238,153.05,60,86,6,35,1,4
1850,bus,0,238,23.63,183,70,8,35,1,4
1850,car,0,238,45.22,152,0,0,35,1,4
1851,train,1,238,45.05,148,65,8,55,1,4
1851,air,0,238,153.05,60,86,6,55,1,4
1851,bus,0,238,23.63,183,70,8,55,1,4
1851,car,0,238,45.22,152,0,0,55,1,4
1852,train,1,238,45.05,148,65,8,25,1,4
1852,air,0,238,153.05,60,86,6,25,1,4
1852,bus,0,238,23.63,183,70,8,25,1,4
1852,car,0,238,45.22,152,0,0,25,1,4
1853,train,1,238,45.05,148,65,8,70,1,4
1853,air,0,238,153.05,60,86,6,70,1,4
1853,bus,0,238,23.63,183,70,8,70,1,4
1853,car,0,238,45.22,152,0,0,70,1,4
1854,train,1,238,45.05,148,65,8,55,1,4
1854,air,0,238,153.05,60,86,6,55,1,4
1854,bus,0,238,23.63,183,70,8,55,1,4
1854,car,0,238,45.22,152,0,0,55,1,4
1855,train,1,238,45.05,148,65,8,55,1,4
1855,air,0,238,153.05,60,86,6,55,1,4
1855,bus,0,238,23.63,183,70,8,55,1,4
1855,car,0,238,45.22,152,0,0,55,1,4
1856,train,1,238,45.05,148,65,8,35,1,4
1856,air,0,238,153.05,60,86,6,35,1,4
1856,bus,0,238,23.63,183,70,8,35,1,4
1856,car,0,238,45.22,152,0,0,35,1,4
1857,train,1,238,45.05,148,65,8,45,1,4
1857,air,0,238,153.05,60,86,6,45,1,4
1857,bus,0,238,23.63,183,70,8,45,1,4
1857,car,0,238,45.22,152,0,0,45,1,4
1858,train,1,238,45.05,148,65,8,70,1,4
1858,air,0,238,153.05,60,86,6,70,1,4
1858,bus,0,238,23.63,183,70,8,70,1,4
1858,car,0,238,45.22,152,0,0,70,1,4
1859,train,1,238,45.05,148,65,8,70,1,4
1859,air,0,238,153.05,60,86,6,70,1,4
1859,bus,0,238,23.63,183,70,8,70,1,4
1859,car,0,238,45.22,152,0,0,70,1,4
1860,train,1,238,45.05,148,65,8,70,1,4
1860,air,0,238,153.05,60,86,6,70,1,4
1860,bus,0,238,23.63,183,70,8,70,1,4
1860,car,0,238,45.22,152,0,0,70,1,4
1861,train,1,238,45.05,148,65,8,70,1,4
1861,air,0,238,153.05,60,86,6,70,1,4
1861,bus,0,238,23.63,183,70,8,70,1,4
1861,car,0,238,45.22,152,0,0,70,1,4
1862,train,1,238,45.05,148,65,8,70,1,4
1862,air,0,238,153.05,60,86,6,70,1,4
1862,bus,0,238,23.63,183,70,8,70,1,4
1862,car,0,238,45.22,152,0,0,70,1,4
1863,train,1,238,45.05,148,65,8,25,1,4
1863,air,0,238,153.05,60,86,6,25,1,4
1863,bus,0,238,23.63,183,70,8,25,1,4
1863,car,0,238,45.22,152,0,0,25,1,4
1864,train,1,238,45.05,148,65,8,55,1,4
1864,air,0,238,153.05,60,86,6,55,1,4
1864,bus,0,238,23.63,183,70,8,55,1,4
1864,car,0,238,45.22,152,0,0,55,1,4
1865,train,1,238,45.05,148,65,8,70,1,4
1865,air,0,238,153.05,60,86,6,70,1,4
1865,bus,0,238,23.63,183,70,8,70,1,4
1865,car,0,238,45.22,152,0,0,70,1,4
1866,train,1,238,45.05,148,65,8,25,1,4
1866,air,0,238,153.05,60,86,6,25,1,4
1866,bus,0,238,23.63,183,70,8,25,1,4
1866,car,0,238,45.22,152,0,0,25,1,4
1867,train,1,238,45.05,148,65,8,45,1,4
1867,air,0,238,153.05,60,86,6,45,1,4
1867,bus,0,238,23.63,183,70,8,45,1,4
1867,car,0,238,45.22,152,0,0,45,1,4
1868,train,1,238,45.05,148,65,8,70,1,4
1868,air,0,238,153.05,60,86,6,70,1,4
1868,bus,0,238,23.63,183,70,8,70,1,4
1868,car,0,238,45.22,152,0,0,70,1,4
1869,train,1,238,45.05,148,65,8,70,1,4
1869,air,0,238,153.05,60,86,6,70,1,4
1869,bus,0,238,23.63,183,70,8,70,1,4
1869,car,0,238,45.22,152,0,0,70,1,4
1870,train,1,238,45.05,148,65,8,70,1,4
1870,air,0,238,153.05,60,86,6,70,1,4
1870,bus,0,238,23.63,183,70,8,70,1,4
1870,car,0,238,45.22,152,0,0,70,1,4
1871,train,1,238,45.05,148,65,8,70,1,4
1871,air,0,238,153.05,60,86,6,70,1,4
1871,bus,0,238,23.63,183,70,8,70,1,4
1871,car,0,238,45.22,152,0,0,70,1,4
1872,train,1,238,45.05,148,65,8,70,1,4
1872,air,0,238,153.05,60,86,6,70,1,4
1872,bus,0,238,23.63,183,70,8,70,1,4
1872,car,0,238,45.22,152,0,0,70,1,4
1873,train,1,238,45.05,148,65,8,55,1,4
1873,air,0,238,153.05,60,86,6,55,1,4
1873,bus,0,238,23.63,183,70,8,55,1,4
1873,car,0,238,45.22,152,0,0,55,1,4
1874,train,1,238,45.05,148,65,8,55,1,4
1874,air,0,238,153.05,60,86,6,55,1,4
1874,bus,0,238,23.63,183,70,8,55,1,4
1874,car,0,238,45.22,152,0,0,55,1,4
1875,train,1,238,45.05,148,65,8,25,1,4
1875,air,0,238,153.05,60,86,6,25,1,4
1875,bus,0,238,23.63,183,70,8,25,1,4
1875,car,0,238,45.22,152,0,0,25,1,4
1876,train,0,238,45.05,148,65,8,70,1,4
1876,air,0,238,153.05,60,86,6,70,1,4
1876,bus,0,238,23.63,183,70,8,70,1,4
1876,car,1,238,45.22,152,0,0,70,1,4
1877,train,0,238,45.05,148,65,8,55,1,4
1877,air,0,238,153.05,60,86,6,55,1,4
1877,bus,0,238,23.63,183,70,8,55,1,4
1877,car,1,238,45.22,152,0,0,55,1,4
1878,train,0,238,45.05,148,65,8,35,1,4
1878,air,0,238,153.05,60,86,6,35,1,4
1878,bus,0,238,23.63,183,70,8,35,1,4
1878,car,1,238,45.22,152,0,0,35,1,4
1879,train,0,238,45.05,148,65,8,55,1,4
1879,air,0,238,153.05,60,86,6,55,1,4
1879,bus,0,238,23.63,183,70,8,55,1,4
1879,car,1,238,45.22,152,0,0,55,1,4
1880,train,0,238,45.05,148,65,8,45,1,4
1880,air,0,238,153.05,60,86,6,45,1,4
1880,bus,0,238,23.63,183,70,8,45,1,4
1880,car,1,238,45.22,152,0,0,45,1,4
1881,train,0,238,45.05,148,65,8,35,1,4
1881,air,0,238,153.05,60,86,6,35,1,4
1881,bus,0,238,23.63,183,70,8,35,1,4
1881,car,1,238,45.22,152,0,0,35,1,4
1882,train,0,238,45.05,148,65,8,70,1,4
1882,air,0,238,153.05,60,86,6,70,1,4
1882,bus,0,238,23.63,183,70,8,70,1,4
1882,car,1,238,45.22,152,0,0,70,1,4
1883,train,0,238,45.05,148,65,8,35,1,4
1883,air,0,238,153.05,60,86,6,35,1,4
1883,bus,0,238,23.63,183,70,8,35,1,4
1883,car,1,238,45.22,152,0,0,35,1,4
1884,train,1,269,47.55,148,78,8,55,1,4
1884,air,0,269,155.9,60,108,6,55,1,4
1884,bus,0,269,25.63,183,85,8,55,1,4
1884,car,0,269,51.11,185,0,0,55,1,4
1885,train,1,269,47.55,148,78,8,70,1,4
1885,air,0,269,155.9,60,108,6,70,1,4
1885,bus,0,269,25.63,183,85,8,70,1,4
1885,car,0,269,51.11,185,0,0,70,1,4
1886,train,0,269,47.55,148,78,8,35,1,4
1886,air,0,269,155.9,60,108,6,35,1,4
1886,bus,0,269,25.63,183,85,8,35,1,4
1886,car,1,269,51.11,185,0,0,35,1,4
1887,train,1,317,55.35,190,60,5,55,1,4
1887,air,0,317,174.5,58,158,36,55,1,4
1887,bus,0,317,26.31,304,70,2,55,1,4
1887,car,0,317,60.23,199,0,0,55,1,4
1888,train,1,317,55.35,190,60,5,35,1,4
1888,air,0,317,174.5,58,158,36,35,1,4
1888,bus,0,317,26.31,304,70,2,35,1,4
1888,car,0,317,60.23,199,0,0,35,1,4
1889,train,1,317,55.35,190,60,5,70,1,4
1889,air,0,317,174.5,58,158,36,70,1,4
1889,bus,0,317,26.31,304,70,2,70,1,4
1889,car,0,317,60.23,199,0,0,70,1,4
1890,train,1,317,55.35,190,60,5,70,1,4
1890,air,0,317,174.5,58,158,36,70,1,4
1890,bus,0,317,26.31,304,70,2,70,1,4
1890,car,0,317,60.23,199,0,0,70,1,4
1891,train,1,317,55.35,190,60,5,25,1,4
1891,air,0,317,174.5,58,158,36,25,1,4
1891,bus,0,317,26.31,304,70,2,25,1,4
1891,car,0,317,60.23,199,0,0,25,1,4
1892,train,1,317,55.35,190,60,5,55,1,4
1892,air,0,317,174.5,58,158,36,55,1,4
1892,bus,0,317,26.31,304,70,2,55,1,4
1892,car,0,317,60.23,199,0,0,55,1,4
1893,train,1,317,55.35,190,60,5,25,1,4
1893,air,0,317,174.5,58,158,36,25,1,4
1893,bus,0,317,26.31,304,70,2,25,1,4
1893,car,0,317,60.23,199,0,0,25,1,4
1894,train,0,317,55.35,190,60,5,55,1,4
1894,air,1,317,174.5,58,158,36,55,1,4
1894,bus,0,317,26.31,304,70,2,55,1,4
1894,car,0,317,60.23,199,0,0,55,1,4
1895,train,1,337,52.55,148,95,8,45,1,4
1895,air,0,337,171.1,58,123,36,45,1,4
1895,bus,0,337,28.31,304,88,2,45,1,4
1895,car,0,337,64.03,216,0,0,45,1,4
1896,train,0,337,52.55,148,95,8,70,1,4
1896,air,1,337,171.1,58,123,36,70,1,4
1896,bus,0,337,28.31,304,88,2,70,1,4
1896,car,0,337,64.03,216,0,0,70,1,4
1897,train,0,337,52.55,148,95,8,70,1,4
1897,air,1,337,171.1,58,123,36,70,1,4
1897,bus,0,337,28.31,304,88,2,70,1,4
1897,car,0,337,64.03,216,0,0,70,1,4
1898,train,0,337,52.55,148,95,8,70,1,4
1898,air,1,337,171.1,58,123,36,70,1,4
1898,bus,0,337,28.31,304,88,2,70,1,4
1898,car,0,337,64.03,216,0,0,70,1,4
1899,train,0,337,52.55,148,95,8,70,1,4
1899,air,1,337,171.1,58,123,36,70,1,4
1899,bus,0,337,28.31,304,88,2,70,1,4
1899,car,0,337,64.03,216,0,0,70,1,4
1900,train,0,337,52.55,148,95,8,70,1,4
1900,air,1,337,171.1,58,123,36,70,1,4
1900,bus,0,337,28.31,304,88,2,70,1,4
1900,car,0,337,64.03,216,0,0,70,1,4
1901,train,0,337,52.55,148,95,8,70,1,4
1901,air,0,337,171.1,58,123,36,70,1,4
1901,bus,0,337,28.31,304,88,2,70,1,4
1901,car,1,337,64.03,216,0,0,70,1,4
1902,train,1,413,51.95,238,60,3,70,1,4
1902,air,0,413,174.5,58,148,36,70,1,4
1902,bus,0,413,29.31,304,110,2,70,1,4
1902,car,0,413,78.47,258,0,0,70,1,4
1903,train,1,413,51.95,238,60,3,45,1,4
1903,air,0,413,174.5,58,148,36,45,1,4
1903,bus,0,413,29.31,304,110,2,45,1,4
1903,car,0,413,78.47,258,0,0,45,1,4
1904,train,1,413,51.95,238,60,3,70,1,4
1904,air,0,413,174.5,58,148,36,70,1,4
1904,bus,0,413,29.31,304,110,2,70,1,4
1904,car,0,413,78.47,258,0,0,70,1,4
1905,train,1,413,51.95,238,60,3,15,1,4
1905,air,0,413,174.5,58,148,36,15,1,4
1905,bus,0,413,29.31,304,110,2,15,1,4
1905,car,0,413,78.47,258,0,0,15,1,4
1906,train,0,413,51.95,238,60,3,35,1,4
1906,air,1,413,174.5,58,148,36,35,1,4
1906,bus,0,413,29.31,304,110,2,35,1,4
1906,car,0,413,78.47,258,0,0,35,1,4
1907,train,0,471,55.95,238,85,3,70,1,4
1907,air,1,471,174.5,58,148,36,70,1,4
1907,bus,0,471,29.31,304,110,2,70,1,4
1907,car,0,471,89.49,299,0,0,70,1,4
1908,train,1,345,59.35,223,65,3,45,1,4
1908,air,0,345,165.1,58,131,36,45,1,4
1908,bus,0,345,31.37,299,69,1,45,1,4
1908,car,0,345,65.55,240,0,0,45,1,4
1909,train,1,345,59.35,223,65,3,35,1,4
1909,air,0,345,165.1,58,131,36,35,1,4
1909,bus,0,345,31.37,299,69,1,35,1,4
1909,car,0,345,65.55,240,0,0,35,1,4
1910,train,0,345,59.35,223,65,3,55,1,4
1910,air,1,345,165.1,58,131,36,55,1,4
1910,bus,0,345,31.37,299,69,1,55,1,4
1910,car,0,345,65.55,240,0,0,55,1,4
1911,train,0,345,59.35,223,65,3,70,1,4
1911,air,1,345,165.1,58,131,36,70,1,4
1911,bus,0,345,31.37,299,69,1,70,1,4
1911,car,0,345,65.55,240,0,0,70,1,4
1912,train,0,379,65.05,263,90,3,70,1,4
1912,air,1,379,169.5,58,108,36,70,1,4
1912,bus,0,379,31.07,290,90,10,70,1,4
1912,car,0,379,72.01,269,0,0,70,1,4
1913,train,0,383,64.55,263,85,3,55,2,4
1913,air,1,383,166.5,58,103,36,55,2,4
1913,bus,0,383,31.07,290,78,10,55,2,4
1913,car,0,383,72.77,272,0,0,55,2,4
1914,train,0,383,64.55,263,85,3,70,2,4
1914,air,1,383,166.5,58,103,36,70,2,4
1914,bus,0,383,31.07,290,78,10,70,2,4
1914,car,0,383,72.77,272,0,0,70,2,4
1915,train,0,383,64.55,263,85,3,70,2,4
1915,air,1,383,166.5,58,103,36,70,2,4
1915,bus,0,383,31.07,290,78,10,70,2,4
1915,car,0,383,72.77,272,0,0,70,2,4
1916,train,0,383,64.55,263,85,3,70,2,4
1916,air,1,383,166.5,58,103,36,70,2,4
1916,bus,0,383,31.07,290,78,10,70,2,4
1916,car,0,383,72.77,272,0,0,70,2,4
1917,train,0,383,64.55,263,85,3,70,2,4
1917,air,1,383,166.5,58,103,36,70,2,4
1917,bus,0,383,31.07,290,78,10,70,2,4
1917,car,0,383,72.77,272,0,0,70,2,4
1918,train,0,383,64.55,263,85,3,39,2,4
1918,air,1,383,166.5,58,103,36,39,2,4
1918,bus,0,383,31.07,290,78,10,39,2,4
1918,car,0,383,72.77,272,0,0,39,2,4
1919,train,0,383,64.55,263,85,3,55,2,4
1919,air,1,383,166.5,58,103,36,55,2,4
1919,bus,0,383,31.07,290,78,10,55,2,4
1919,car,0,383,72.77,272,0,0,55,2,4
1920,train,0,383,64.55,263,85,3,55,2,4
1920,air,1,383,166.5,58,103,36,55,2,4
1920,bus,0,383,31.07,290,78,10,55,2,4
1920,car,0,383,72.77,272,0,0,55,2,4
1921,train,0,383,64.55,263,85,3,70,2,4
1921,air,1,383,166.5,58,103,36,70,2,4
1921,bus,0,383,31.07,290,78,10,70,2,4
1921,car,0,383,72.77,272,0,0,70,2,4
1922,train,0,383,64.55,263,85,3,45,2,4
1922,air,1,383,166.5,58,103,36,45,2,4
1922,bus,0,383,31.07,290,78,10,45,2,4
1922,car,0,383,72.77,272,0,0,45,2,4
1923,train,1,417,62.55,263,74,3,25,2,4
1923,air,0,417,163.1,58,98,36,25,2,4
1923,bus,0,417,32.27,290,77,10,25,2,4
1923,car,0,417,79.23,278,0,0,25,2,4
1924,train,1,417,62.55,263,74,3,70,2,4
1924,air,0,417,163.1,58,98,36,70,2,4
1924,bus,0,417,32.27,290,77,10,70,2,4
1924,car,0,417,79.23,278,0,0,70,2,4
1925,train,1,417,62.55,263,74,3,70,2,4
1925,air,0,417,163.1,58,98,36,70,2,4
1925,bus,0,417,32.27,290,77,10,70,2,4
1925,car,0,417,79.23,278,0,0,70,2,4
1926,train,1,417,62.55,263,74,3,70,2,4
1926,air,0,417,163.1,58,98,36,70,2,4
1926,bus,0,417,32.27,290,77,10,70,2,4
1926,car,0,417,79.23,278,0,0,70,2,4
1927,train,1,417,62.55,263,74,3,55,2,4
1927,air,0,417,163.1,58,98,36,55,2,4
1927,bus,0,417,32.27,290,77,10,55,2,4
1927,car,0,417,79.23,278,0,0,55,2,4
1928,train,1,417,62.55,263,74,3,70,2,4
1928,air,0,417,163.1,58,98,36,70,2,4
1928,bus,0,417,32.27,290,77,10,70,2,4
1928,car,0,417,79.23,278,0,0,70,2,4
1929,train,1,417,62.55,263,74,3,15,2,4
1929,air,0,417,163.1,58,98,36,15,2,4
1929,bus,0,417,32.27,290,77,10,15,2,4
1929,car,0,417,79.23,278,0,0,15,2,4
1930,train,1,417,62.55,263,74,3,35,2,4
1930,air,0,417,163.1,58,98,36,35,2,4
1930,bus,0,417,32.27,290,77,10,35,2,4
1930,car,0,417,79.23,278,0,0,35,2,4
1931,train,1,417,62.55,263,74,3,70,2,4
1931,air,0,417,163.1,58,98,36,70,2,4
1931,bus,0,417,32.27,290,77,10,70,2,4
1931,car,0,417,79.23,278,0,0,70,2,4
1932,train,1,417,62.55,263,74,3,45,2,4
1932,air,0,417,163.1,58,98,36,45,2,4
1932,bus,0,417,32.27,290,77,10,45,2,4
1932,car,0,417,79.23,278,0,0,45,2,4
1933,train,1,417,62.55,263,74,3,45,2,4
1933,air,0,417,163.1,58,98,36,45,2,4
1933,bus,0,417,32.27,290,77,10,45,2,4
1933,car,0,417,79.23,278,0,0,45,2,4
1934,train,1,417,62.55,263,74,3,55,2,4
1934,air,0,417,163.1,58,98,36,55,2,4
1934,bus,0,417,32.27,290,77,10,55,2,4
1934,car,0,417,79.23,278,0,0,55,2,4
1935,train,1,417,62.55,263,74,3,55,2,4
1935,air,0,417,163.1,58,98,36,55,2,4
1935,bus,0,417,32.27,290,77,10,55,2,4
1935,car,0,417,79.23,278,0,0,55,2,4
1936,train,1,417,62.55,263,74,3,55,2,4
1936,air,0,417,163.1,58,98,36,55,2,4
1936,bus,0,417,32.27,290,77,10,55,2,4
1936,car,0,417,79.23,278,0,0,55,2,4
1937,train,1,417,62.55,263,74,3,15,2,4
1937,air,0,417,163.1,58,98,36,15,2,4
1937,bus,0,417,32.27,290,77,10,15,2,4
1937,car,0,417,79.23,278,0,0,15,2,4
1938,train,1,417,62.55,263,74,3,55,2,4
1938,air,0,417,163.1,58,98,36,55,2,4
1938,bus,0,417,32.27,290,77,10,55,2,4
1938,car,0,417,79.23,278,0,0,55,2,4
1939,train,1,417,62.55,263,74,3,45,2,4
1939,air,0,417,163.1,58,98,36,45,2,4
1939,bus,0,417,32.27,290,77,10,45,2,4
1939,car,0,417,79.23,278,0,0,45,2,4
1940,train,1,417,62.55,263,74,3,35,2,4
1940,air,0,417,163.1,58,98,36,35,2,4
1940,bus,0,417,32.27,290,77,10,35,2,4
1940,car,0,417,79.23,278,0,0,35,2,4
1941,train,1,417,62.55,263,74,3,45,2,4
1941,air,0,417,163.1,58,98,36,45,2,4
1941,bus,0,417,32.27,290,77,10,45,2,4
1941,car,0,417,79.23,278,0,0,45,2,4
1942,train,1,417,62.55,263,74,3,35,2,4
1942,air,0,417,163.1,58,98,36,35,2,4
1942,bus,0,417,32.27,290,77,10,35,2,4
1942,car,0,417,79.23,278,0,0,35,2,4
1943,train,1,417,62.55,263,74,3,35,2,4
1943,air,0,417,163.1,58,98,36,35,2,4
1943,bus,0,417,32.27,290,77,10,35,2,4
1943,car,0,417,79.23,278,0,0,35,2,4
1944,train,1,417,62.55,263,74,3,5,2,4
1944,air,0,417,163.1,58,98,36,5,2,4
1944,bus,0,417,32.27,290,77,10,5,2,4
1944,car,0,417,79.23,278,0,0,5,2,4
1945,train,1,417,62.55,263,74,3,70,2,4
1945,air,0,417,163.1,58,98,36,70,2,4
1945,bus,0,417,32.27,290,77,10,70,2,4
1945,car,0,417,79.23,278,0,0,70,2,4
1946,train,1,417,62.55,263,74,3,55,2,4
1946,air,0,417,163.1,58,98,36,55,2,4
1946,bus,0,417,32.27,290,77,10,55,2,4
1946,car,0,417,79.23,278,0,0,55,2,4
1947,train,1,417,62.55,263,74,3,70,2,4
1947,air,0,417,163.1,58,98,36,70,2,4
1947,bus,0,417,32.27,290,77,10,70,2,4
1947,car,0,417,79.23,278,0,0,70,2,4
1948,train,1,417,62.55,263,74,3,70,2,4
1948,air,0,417,163.1,58,98,36,70,2,4
1948,bus,0,417,32.27,290,77,10,70,2,4
1948,car,0,417,79.23,278,0,0,70,2,4
1949,train,1,417,62.55,263,74,3,55,2,4
1949,air,0,417,163.1,58,98,36,55,2,4
1949,bus,0,417,32.27,290,77,10,55,2,4
1949,car,0,417,79.23,278,0,0,55,2,4
1950,train,1,417,62.55,263,74,3,55,2,4
1950,air,0,417,163.1,58,98,36,55,2,4
1950,bus,0,417,32.27,290,77,10,55,2,4
1950,car,0,417,79.23,278,0,0,55,2,4
1951,train,1,417,62.55,263,74,3,70,2,4
1951,air,0,417,163.1,58,98,36,70,2,4
1951,bus,0,417,32.27,290,77,10,70,2,4
1951,car,0,417,79.23,278,0,0,70,2,4
1952,train,1,417,62.55,263,74,3,25,2,4
1952,air,0,417,163.1,58,98,36,25,2,4
1952,bus,0,417,32.27,290,77,10,25,2,4
1952,car,0,417,79.23,278,0,0,25,2,4
1953,train,1,417,62.55,263,74,3,70,2,4
1953,air,0,417,163.1,58,98,36,70,2,4
1953,bus,0,417,32.27,290,77,10,70,2,4
1953,car,0,417,79.23,278,0,0,70,2,4
1954,train,1,417,62.55,263,74,3,5,2,4
1954,air,0,417,163.1,58,98,36,5,2,4
1954,bus,0,417,32.27,290,77,10,5,2,4
1954,car,0,417,79.23,278,0,0,5,2,4
1955,train,1,417,62.55,263,74,3,15,2,4
1955,air,0,417,163.1,58,98,36,15,2,4
1955,bus,0,417,32.27,290,77,10,15,2,4
1955,car,0,417,79.23,278,0,0,15,2,4
1956,train,1,417,62.55,263,74,3,70,2,4
1956,air,0,417,163.1,58,98,36,70,2,4
1956,bus,0,417,32.27,290,77,10,70,2,4
1956,car,0,417,79.23,278,0,0,70,2,4
1957,train,1,417,62.55,263,74,3,5,2,4
1957,air,0,417,163.1,58,98,36,5,2,4
1957,bus,0,417,32.27,290,77,10,5,2,4
1957,car,0,417,79.23,278,0,0,5,2,4
1958,train,1,417,62.55,263,74,3,70,2,4
1958,air,0,417,163.1,58,98,36,70,2,4
1958,bus,0,417,32.27,290,77,10,70,2,4
1958,car,0,417,79.23,278,0,0,70,2,4
1959,train,0,417,62.55,263,74,3,50,2,4
1959,air,1,417,163.1,58,98,36,50,2,4
1959,bus,0,417,32.27,290,77,10,50,2,4
1959,car,0,417,79.23,278,0,0,50,2,4
1960,train,0,417,62.55,263,74,3,70,2,4
1960,air,1,417,163.1,58,98,36,70,2,4
1960,bus,0,417,32.27,290,77,10,70,2,4
1960,car,0,417,79.23,278,0,0,70,2,4
1961,train,0,417,62.55,263,74,3,70,2,4
1961,air,1,417,163.1,58,98,36,70,2,4
1961,bus,0,417,32.27,290,77,10,70,2,4
1961,car,0,417,79.23,278,0,0,70,2,4
1962,train,0,417,62.55,263,74,3,35,2,4
1962,air,1,417,163.1,58,98,36,35,2,4
1962,bus,0,417,32.27,290,77,10,35,2,4
1962,car,0,417,79.23,278,0,0,35,2,4
1963,train,0,417,62.55,263,74,3,35,2,4
1963,air,1,417,163.1,58,98,36,35,2,4
1963,bus,0,417,32.27,290,77,10,35,2,4
1963,car,0,417,79.23,278,0,0,35,2,4
1964,train,0,417,62.55,263,74,3,70,2,4
1964,air,1,417,163.1,58,98,36,70,2,4
1964,bus,0,417,32.27,290,77,10,70,2,4
1964,car,0,417,79.23,278,0,0,70,2,4
1965,train,0,417,62.55,263,74,3,35,2,4
1965,air,1,417,163.1,58,98,36,35,2,4
1965,bus,0,417,32.27,290,77,10,35,2,4
1965,car,0,417,79.23,278,0,0,35,2,4
1966,train,0,417,62.55,263,74,3,70,2,4
1966,air,1,417,163.1,58,98,36,70,2,4
1966,bus,0,417,32.27,290,77,10,70,2,4
1966,car,0,417,79.23,278,0,0,70,2,4
1967,train,0,417,62.55,263,74,3,70,2,4
1967,air,1,417,163.1,58,98,36,70,2,4
1967,bus,0,417,32.27,290,77,10,70,2,4
1967,car,0,417,79.23,278,0,0,70,2,4
1968,train,0,417,62.55,263,74,3,70,2,4
1968,air,1,417,163.1,58,98,36,70,2,4
1968,bus,0,417,32.27,290,77,10,70,2,4
1968,car,0,417,79.23,278,0,0,70,2,4
1969,train,0,417,62.55,263,74,3,70,2,4
1969,air,1,417,163.1,58,98,36,70,2,4
1969,bus,0,417,32.27,290,77,10,70,2,4
1969,car,0,417,79.23,278,0,0,70,2,4
1970,train,0,417,62.55,263,74,3,55,2,4
1970,air,1,417,163.1,58,98,36,55,2,4
1970,bus,0,417,32.27,290,77,10,55,2,4
1970,car,0,417,79.23,278,0,0,55,2,4
1971,train,0,417,62.55,263,74,3,70,2,4
1971,air,1,417,163.1,58,98,36,70,2,4
1971,bus,0,417,32.27,290,77,10,70,2,4
1971,car,0,417,79.23,278,0,0,70,2,4
1972,train,0,417,62.55,263,74,3,70,2,4
1972,air,1,417,163.1,58,98,36,70,2,4
1972,bus,0,417,32.27,290,77,10,70,2,4
1972,car,0,417,79.23,278,0,0,70,2,4
1973,train,0,417,62.55,263,74,3,70,2,4
1973,air,1,417,163.1,58,98,36,70,2,4
1973,bus,0,417,32.27,290,77,10,70,2,4
1973,car,0,417,79.23,278,0,0,70,2,4
1974,train,0,417,62.55,263,74,3,70,2,4
1974,air,1,417,163.1,58,98,36,70,2,4
1974,bus,0,417,32.27,290,77,10,70,2,4
1974,car,0,417,79.23,278,0,0,70,2,4
1975,train,0,417,62.55,263,74,3,70,2,4
1975,air,1,417,163.1,58,98,36,70,2,4
1975,bus,0,417,32.27,290,77,10,70,2,4
1975,car,0,417,79.23,278,0,0,70,2,4
1976,train,0,417,62.55,263,74,3,70,2,4
1976,air,1,417,163.1,58,98,36,70,2,4
1976,bus,0,417,32.27,290,77,10,70,2,4
1976,car,0,417,79.23,278,0,0,70,2,4
1977,train,0,417,62.55,263,74,3,55,2,4
1977,air,1,417,163.1,58,98,36,55,2,4
1977,bus,0,417,32.27,290,77,10,55,2,4
1977,car,0,417,79.23,278,0,0,55,2,4
1978,train,0,417,62.55,263,74,3,70,2,4
1978,air,1,417,163.1,58,98,36,70,2,4
1978,bus,0,417,32.27,290,77,10,70,2,4
1978,car,0,417,79.23,278,0,0,70,2,4
1979,train,0,417,62.55,263,74,3,70,2,4
1979,air,1,417,163.1,58,98,36,70,2,4
1979,bus,0,417,32.27,290,77,10,70,2,4
1979,car,0,417,79.23,278,0,0,70,2,4
1980,train,0,417,62.55,263,74,3,55,2,4
1980,air,1,417,163.1,58,98,36,55,2,4
1980,bus,0,417,32.27,290,77,10,55,2,4
1980,car,0,417,79.23,278,0,0,55,2,4
1981,train,0,417,62.55,263,74,3,70,2,4
1981,air,1,417,163.1,58,98,36,70,2,4
1981,bus,0,417,32.27,290,77,10,70,2,4
1981,car,0,417,79.23,278,0,0,70,2,4
1982,train,0,417,62.55,263,74,3,70,2,4
1982,air,1,417,163.1,58,98,36,70,2,4
1982,bus,0,417,32.27,290,77,10,70,2,4
1982,car,0,417,79.23,278,0,0,70,2,4
1983,train,0,417,62.55,263,74,3,70,2,4
1983,air,1,417,163.1,58,98,36,70,2,4
1983,bus,0,417,32.27,290,77,10,70,2,4
1983,car,0,417,79.23,278,0,0,70,2,4
1984,train,0,417,62.55,263,74,3,40,2,4
1984,air,1,417,163.1,58,98,36,40,2,4
1984,bus,0,417,32.27,290,77,10,40,2,4
1984,car,0,417,79.23,278,0,0,40,2,4
1985,train,0,417,62.55,263,74,3,70,2,4
1985,air,1,417,163.1,58,98,36,70,2,4
1985,bus,0,417,32.27,290,77,10,70,2,4
1985,car,0,417,79.23,278,0,0,70,2,4
1986,train,0,417,62.55,263,74,3,30,2,4
1986,air,1,417,163.1,58,98,36,30,2,4
1986,bus,0,417,32.27,290,77,10,30,2,4
1986,car,0,417,79.23,278,0,0,30,2,4
1987,train,0,417,62.55,263,74,3,70,2,4
1987,air,1,417,163.1,58,98,36,70,2,4
1987,bus,0,417,32.27,290,77,10,70,2,4
1987,car,0,417,79.23,278,0,0,70,2,4
1988,train,0,417,62.55,263,74,3,70,2,4
1988,air,1,417,163.1,58,98,36,70,2,4
1988,bus,0,417,32.27,290,77,10,70,2,4
1988,car,0,417,79.23,278,0,0,70,2,4
1989,train,0,417,62.55,263,74,3,31,2,4
1989,air,1,417,163.1,58,98,36,31,2,4
1989,bus,0,417,32.27,290,77,10,31,2,4
1989,car,0,417,79.23,278,0,0,31,2,4
1990,train,0,417,62.55,263,74,3,70,2,4
1990,air,1,417,163.1,58,98,36,70,2,4
1990,bus,0,417,32.27,290,77,10,70,2,4
1990,car,0,417,79.23,278,0,0,70,2,4
1991,train,0,417,62.55,263,74,3,70,2,4
1991,air,1,417,163.1,58,98,36,70,2,4
1991,bus,0,417,32.27,290,77,10,70,2,4
1991,car,0,417,79.23,278,0,0,70,2,4
1992,train,0,417,62.55,263,74,3,45,2,4
1992,air,1,417,163.1,58,98,36,45,2,4
1992,bus,0,417,32.27,290,77,10,45,2,4
1992,car,0,417,79.23,278,0,0,45,2,4
1993,train,0,417,62.55,263,74,3,70,2,4
1993,air,1,417,163.1,58,98,36,70,2,4
1993,bus,0,417,32.27,290,77,10,70,2,4
1993,car,0,417,79.23,278,0,0,70,2,4
1994,train,0,417,62.55,263,74,3,70,2,4
1994,air,1,417,163.1,58,98,36,70,2,4
1994,bus,0,417,32.27,290,77,10,70,2,4
1994,car,0,417,79.23,278,0,0,70,2,4
1995,train,0,417,62.55,263,74,3,70,2,4
1995,air,1,417,163.1,58,98,36,70,2,4
1995,bus,0,417,32.27,290,77,10,70,2,4
1995,car,0,417,79.23,278,0,0,70,2,4
1996,train,0,417,62.55,263,74,3,55,2,4
1996,air,1,417,163.1,58,98,36,55,2,4
1996,bus,0,417,32.27,290,77,10,55,2,4
1996,car,0,417,79.23,278,0,0,55,2,4
1997,train,0,417,62.55,263,74,3,70,2,4
1997,air,1,417,163.1,58,98,36,70,2,4
1997,bus,0,417,32.27,290,77,10,70,2,4
1997,car,0,417,79.23,278,0,0,70,2,4
1998,train,0,417,62.55,263,74,3,70,2,4
1998,air,1,417,163.1,58,98,36,70,2,4
1998,bus,0,417,32.27,290,77,10,70,2,4
1998,car,0,417,79.23,278,0,0,70,2,4
1999,train,0,417,62.55,263,74,3,35,2,4
1999,air,1,417,163.1,58,98,36,35,2,4
1999,bus,0,417,32.27,290,77,10,35,2,4
1999,car,0,417,79.23,278,0,0,35,2,4
2000,train,0,417,62.55,263,74,3,70,2,4
2000,air,1,417,163.1,58,98,36,70,2,4
2000,bus,0,417,32.27,290,77,10,70,2,4
2000,car,0,417,79.23,278,0,0,70,2,4
2001,train,0,417,62.55,263,74,3,70,2,4
2001,air,1,417,163.1,58,98,36,70,2,4
2001,bus,0,417,32.27,290,77,10,70,2,4
2001,car,0,417,79.23,278,0,0,70,2,4
2002,train,0,417,62.55,263,74,3,70,2,4
2002,air,1,417,163.1,58,98,36,70,2,4
2002,bus,0,417,32.27,290,77,10,70,2,4
2002,car,0,417,79.23,278,0,0,70,2,4
2003,train,0,417,62.55,263,74,3,70,2,4
2003,air,1,417,163.1,58,98,36,70,2,4
2003,bus,0,417,32.27,290,77,10,70,2,4
2003,car,0,417,79.23,278,0,0,70,2,4
2004,train,0,417,62.55,263,74,3,70,2,4
2004,air,1,417,163.1,58,98,36,70,2,4
2004,bus,0,417,32.27,290,77,10,70,2,4
2004,car,0,417,79.23,278,0,0,70,2,4
2005,train,0,417,62.55,263,74,3,70,2,4
2005,air,1,417,163.1,58,98,36,70,2,4
2005,bus,0,417,32.27,290,77,10,70,2,4
2005,car,0,417,79.23,278,0,0,70,2,4
2006,train,0,417,62.55,263,74,3,45,2,4
2006,air,1,417,163.1,58,98,36,45,2,4
2006,bus,0,417,32.27,290,77,10,45,2,4
2006,car,0,417,79.23,278,0,0,45,2,4
2007,train,0,417,62.55,263,74,3,70,2,4
2007,air,1,417,163.1,58,98,36,70,2,4
2007,bus,0,417,32.27,290,77,10,70,2,4
2007,car,0,417,79.23,278,0,0,70,2,4
2008,train,0,417,62.55,263,74,3,30,2,4
2008,air,1,417,163.1,58,98,36,30,2,4
2008,bus,0,417,32.27,290,77,10,30,2,4
2008,car,0,417,79.23,278,0,0,30,2,4
2009,train,0,417,62.55,263,74,3,35,2,4
2009,air,1,417,163.1,58,98,36,35,2,4
2009,bus,0,417,32.27,290,77,10,35,2,4
2009,car,0,417,79.23,278,0,0,35,2,4
2010,train,0,417,62.55,263,74,3,70,2,4
2010,air,1,417,163.1,58,98,36,70,2,4
2010,bus,0,417,32.27,290,77,10,70,2,4
2010,car,0,417,79.23,278,0,0,70,2,4
2011,train,0,417,62.55,263,74,3,70,2,4
2011,air,1,417,163.1,58,98,36,70,2,4
2011,bus,0,417,32.27,290,77,10,70,2,4
2011,car,0,417,79.23,278,0,0,70,2,4
2012,train,0,417,62.55,263,74,3,70,2,4
2012,air,1,417,163.1,58,98,36,70,2,4
2012,bus,0,417,32.27,290,77,10,70,2,4
2012,car,0,417,79.23,278,0,0,70,2,4
2013,train,0,417,62.55,263,74,3,35,2,4
2013,air,1,417,163.1,58,98,36,35,2,4
2013,bus,0,417,32.27,290,77,10,35,2,4
2013,car,0,417,79.23,278,0,0,35,2,4
2014,train,0,417,62.55,263,74,3,30,2,4
2014,air,1,417,163.1,58,98,36,30,2,4
2014,bus,0,417,32.27,290,77,10,30,2,4
2014,car,0,417,79.23,278,0,0,30,2,4
2015,train,0,417,62.55,263,74,3,70,2,4
2015,air,1,417,163.1,58,98,36,70,2,4
2015,bus,0,417,32.27,290,77,10,70,2,4
2015,car,0,417,79.23,278,0,0,70,2,4
2016,train,0,417,62.55,263,74,3,70,2,4
2016,air,1,417,163.1,58,98,36,70,2,4
2016,bus,0,417,32.27,290,77,10,70,2,4
2016,car,0,417,79.23,278,0,0,70,2,4
2017,train,0,417,62.55,263,74,3,55,2,4
2017,air,1,417,163.1,58,98,36,55,2,4
2017,bus,0,417,32.27,290,77,10,55,2,4
2017,car,0,417,79.23,278,0,0,55,2,4
2018,train,0,417,62.55,263,74,3,70,2,4
2018,air,1,417,163.1,58,98,36,70,2,4
2018,bus,0,417,32.27,290,77,10,70,2,4
2018,car,0,417,79.23,278,0,0,70,2,4
2019,train,0,417,62.55,263,74,3,55,2,4
2019,air,1,417,163.1,58,98,36,55,2,4
2019,bus,0,417,32.27,290,77,10,55,2,4
2019,car,0,417,79.23,278,0,0,55,2,4
2020,train,0,417,62.55,263,74,3,70,2,4
2020,air,1,417,163.1,58,98,36,70,2,4
2020,bus,0,417,32.27,290,77,10,70,2,4
2020,car,0,417,79.23,278,0,0,70,2,4
2021,train,0,417,62.55,263,74,3,70,2,4
2021,air,1,417,163.1,58,98,36,70,2,4
2021,bus,0,417,32.27,290,77,10,70,2,4
2021,car,0,417,79.23,278,0,0,70,2,4
2022,train,0,417,62.55,263,74,3,70,2,4
2022,air,1,417,163.1,58,98,36,70,2,4
2022,bus,0,417,32.27,290,77,10,70,2,4
2022,car,0,417,79.23,278,0,0,70,2,4
2023,train,0,417,62.55,263,74,3,55,2,4
2023,air,1,417,163.1,58,98,36,55,2,4
2023,bus,0,417,32.27,290,77,10,55,2,4
2023,car,0,417,79.23,278,0,0,55,2,4
2024,train,0,417,62.55,263,74,3,70,2,4
2024,air,1,417,163.1,58,98,36,70,2,4
2024,bus,0,417,32.27,290,77,10,70,2,4
2024,car,0,417,79.23,278,0,0,70,2,4
2025,train,0,417,62.55,263,74,3,55,2,4
2025,air,1,417,163.1,58,98,36,55,2,4
2025,bus,0,417,32.27,290,77,10,55,2,4
2025,car,0,417,79.23,278,0,0,55,2,4
2026,train,0,417,62.55,263,74,3,30,2,4
2026,air,1,417,163.1,58,98,36,30,2,4
2026,bus,0,417,32.27,290,77,10,30,2,4
2026,car,0,417,79.23,278,0,0,30,2,4
2027,train,0,417,62.55,263,74,3,70,2,4
2027,air,1,417,163.1,58,98,36,70,2,4
2027,bus,0,417,32.27,290,77,10,70,2,4
2027,car,0,417,79.23,278,0,0,70,2,4
2028,train,0,417,62.55,263,74,3,70,2,4
2028,air,1,417,163.1,58,98,36,70,2,4
2028,bus,0,417,32.27,290,77,10,70,2,4
2028,car,0,417,79.23,278,0,0,70,2,4
2029,train,0,417,62.55,263,74,3,45,2,4
2029,air,1,417,163.1,58,98,36,45,2,4
2029,bus,0,417,32.27,290,77,10,45,2,4
2029,car,0,417,79.23,278,0,0,45,2,4
2030,train,0,417,62.55,263,74,3,70,2,4
2030,air,1,417,163.1,58,98,36,70,2,4
2030,bus,0,417,32.27,290,77,10,70,2,4
2030,car,0,417,79.23,278,0,0,70,2,4
2031,train,0,417,62.55,263,74,3,70,2,4
2031,air,1,417,163.1,58,98,36,70,2,4
2031,bus,0,417,32.27,290,77,10,70,2,4
2031,car,0,417,79.23,278,0,0,70,2,4
2032,train,0,417,62.55,263,74,3,55,2,4
2032,air,1,417,163.1,58,98,36,55,2,4
2032,bus,0,417,32.27,290,77,10,55,2,4
2032,car,0,417,79.23,278,0,0,55,2,4
2033,train,0,417,62.55,263,74,3,70,2,4
2033,air,1,417,163.1,58,98,36,70,2,4
2033,bus,0,417,32.27,290,77,10,70,2,4
2033,car,0,417,79.23,278,0,0,70,2,4
2034,train,0,417,62.55,263,74,3,35,2,4
2034,air,1,417,163.1,58,98,36,35,2,4
2034,bus,0,417,32.27,290,77,10,35,2,4
2034,car,0,417,79.23,278,0,0,35,2,4
2035,train,0,417,62.55,263,74,3,35,2,4
2035,air,1,417,163.1,58,98,36,35,2,4
2035,bus,0,417,32.27,290,77,10,35,2,4
2035,car,0,417,79.23,278,0,0,35,2,4
2036,train,0,417,62.55,263,74,3,70,2,4
2036,air,1,417,163.1,58,98,36,70,2,4
2036,bus,0,417,32.27,290,77,10,70,2,4
2036,car,0,417,79.23,278,0,0,70,2,4
2037,train,0,417,62.55,263,74,3,70,2,4
2037,air,1,417,163.1,58,98,36,70,2,4
2037,bus,0,417,32.27,290,77,10,70,2,4
2037,car,0,417,79.23,278,0,0,70,2,4
2038,train,0,417,62.55,263,74,3,35,2,4
2038,air,1,417,163.1,58,98,36,35,2,4
2038,bus,0,417,32.27,290,77,10,35,2,4
2038,car,0,417,79.23,278,0,0,35,2,4
2039,train,0,417,62.55,263,74,3,35,2,4
2039,air,1,417,163.1,58,98,36,35,2,4
2039,bus,0,417,32.27,290,77,10,35,2,4
2039,car,0,417,79.23,278,0,0,35,2,4
2040,train,0,417,62.55,263,74,3,70,2,4
2040,air,1,417,163.1,58,98,36,70,2,4
2040,bus,0,417,32.27,290,77,10,70,2,4
2040,car,0,417,79.23,278,0,0,70,2,4
2041,train,0,417,62.55,263,74,3,70,2,4
2041,air,1,417,163.1,58,98,36,70,2,4
2041,bus,0,417,32.27,290,77,10,70,2,4
2041,car,0,417,79.23,278,0,0,70,2,4
2042,train,0,417,62.55,263,74,3,55,2,4
2042,air,1,417,163.1,58,98,36,55,2,4
2042,bus,0,417,32.27,290,77,10,55,2,4
2042,car,0,417,79.23,278,0,0,55,2,4
2043,train,0,417,62.55,263,74,3,70,2,4
2043,air,1,417,163.1,58,98,36,70,2,4
2043,bus,0,417,32.27,290,77,10,70,2,4
2043,car,0,417,79.23,278,0,0,70,2,4
2044,train,0,417,62.55,263,74,3,30,2,4
2044,air,1,417,163.1,58,98,36,30,2,4
2044,bus,0,417,32.27,290,77,10,30,2,4
2044,car,0,417,79.23,278,0,0,30,2,4
2045,train,0,417,62.55,263,74,3,70,2,4
2045,air,1,417,163.1,58,98,36,70,2,4
2045,bus,0,417,32.27,290,77,10,70,2,4
2045,car,0,417,79.23,278,0,0,70,2,4
2046,train,0,417,62.55,263,74,3,70,2,4
2046,air,1,417,163.1,58,98,36,70,2,4
2046,bus,0,417,32.27,290,77,10,70,2,4
2046,car,0,417,79.23,278,0,0,70,2,4
2047,train,0,417,62.55,263,74,3,55,2,4
2047,air,1,417,163.1,58,98,36,55,2,4
2047,bus,0,417,32.27,290,77,10,55,2,4
2047,car,0,417,79.23,278,0,0,55,2,4
2048,train,0,417,62.55,263,74,3,55,2,4
2048,air,1,417,163.1,58,98,36,55,2,4
2048,bus,0,417,32.27,290,77,10,55,2,4
2048,car,0,417,79.23,278,0,0,55,2,4
2049,train,0,417,62.55,263,74,3,70,2,4
2049,air,1,417,163.1,58,98,36,70,2,4
2049,bus,0,417,32.27,290,77,10,70,2,4
2049,car,0,417,79.23,278,0,0,70,2,4
2050,train,0,417,62.55,263,74,3,35,2,4
2050,air,1,417,163.1,58,98,36,35,2,4
2050,bus,0,417,32.27,290,77,10,35,2,4
2050,car,0,417,79.23,278,0,0,35,2,4
2051,train,0,417,62.55,263,74,3,70,2,4
2051,air,1,417,163.1,58,98,36,70,2,4
2051,bus,0,417,32.27,290,77,10,70,2,4
2051,car,0,417,79.23,278,0,0,70,2,4
2052,train,0,417,62.55,263,74,3,30,2,4
2052,air,1,417,163.1,58,98,36,30,2,4
2052,bus,0,417,32.27,290,77,10,30,2,4
2052,car,0,417,79.23,278,0,0,30,2,4
2053,train,0,417,62.55,263,74,3,45,2,4
2053,air,1,417,163.1,58,98,36,45,2,4
2053,bus,0,417,32.27,290,77,10,45,2,4
2053,car,0,417,79.23,278,0,0,45,2,4
2054,train,0,417,62.55,263,74,3,70,2,4
2054,air,1,417,163.1,58,98,36,70,2,4
2054,bus,0,417,32.27,290,77,10,70,2,4
2054,car,0,417,79.23,278,0,0,70,2,4
2055,train,0,417,62.55,263,74,3,70,2,4
2055,air,1,417,163.1,58,98,36,70,2,4
2055,bus,0,417,32.27,290,77,10,70,2,4
2055,car,0,417,79.23,278,0,0,70,2,4
2056,train,0,417,62.55,263,74,3,70,2,4
2056,air,1,417,163.1,58,98,36,70,2,4
2056,bus,0,417,32.27,290,77,10,70,2,4
2056,car,0,417,79.23,278,0,0,70,2,4
2057,train,0,417,62.55,263,74,3,70,2,4
2057,air,1,417,163.1,58,98,36,70,2,4
2057,bus,0,417,32.27,290,77,10,70,2,4
2057,car,0,417,79.23,278,0,0,70,2,4
2058,train,0,417,62.55,263,74,3,70,2,4
2058,air,1,417,163.1,58,98,36,70,2,4
2058,bus,0,417,32.27,290,77,10,70,2,4
2058,car,0,417,79.23,278,0,0,70,2,4
2059,train,0,417,62.55,263,74,3,70,2,4
2059,air,1,417,163.1,58,98,36,70,2,4
2059,bus,0,417,32.27,290,77,10,70,2,4
2059,car,0,417,79.23,278,0,0,70,2,4
2060,train,0,417,62.55,263,74,3,70,2,4
2060,air,1,417,163.1,58,98,36,70,2,4
2060,bus,0,417,32.27,290,77,10,70,2,4
2060,car,0,417,79.23,278,0,0,70,2,4
2061,train,0,417,62.55,263,74,3,55,2,4
2061,air,1,417,163.1,58,98,36,55,2,4
2061,bus,0,417,32.27,290,77,10,55,2,4
2061,car,0,417,79.23,278,0,0,55,2,4
2062,train,0,417,62.55,263,74,3,70,2,4
2062,air,1,417,163.1,58,98,36,70,2,4
2062,bus,0,417,32.27,290,77,10,70,2,4
2062,car,0,417,79.23,278,0,0,70,2,4
2063,train,0,417,62.55,263,74,3,70,2,4
2063,air,1,417,163.1,58,98,36,70,2,4
2063,bus,0,417,32.27,290,77,10,70,2,4
2063,car,0,417,79.23,278,0,0,70,2,4
2064,train,0,417,62.55,263,74,3,55,2,4
2064,air,1,417,163.1,58,98,36,55,2,4
2064,bus,0,417,32.27,290,77,10,55,2,4
2064,car,0,417,79.23,278,0,0,55,2,4
2065,train,0,417,62.55,263,74,3,70,2,4
2065,air,1,417,163.1,58,98,36,70,2,4
2065,bus,0,417,32.27,290,77,10,70,2,4
2065,car,0,417,79.23,278,0,0,70,2,4
2066,train,0,417,62.55,263,74,3,70,2,4
2066,air,1,417,163.1,58,98,36,70,2,4
2066,bus,0,417,32.27,290,77,10,70,2,4
2066,car,0,417,79.23,278,0,0,70,2,4
2067,train,0,417,62.55,263,74,3,70,2,4
2067,air,1,417,163.1,58,98,36,70,2,4
2067,bus,0,417,32.27,290,77,10,70,2,4
2067,car,0,417,79.23,278,0,0,70,2,4
2068,train,0,417,62.55,263,74,3,70,2,4
2068,air,1,417,163.1,58,98,36,70,2,4
2068,bus,0,417,32.27,290,77,10,70,2,4
2068,car,0,417,79.23,278,0,0,70,2,4
2069,train,0,417,62.55,263,74,3,70,2,4
2069,air,1,417,163.1,58,98,36,70,2,4
2069,bus,0,417,32.27,290,77,10,70,2,4
2069,car,0,417,79.23,278,0,0,70,2,4
2070,train,0,417,62.55,263,74,3,45,2,4
2070,air,1,417,163.1,58,98,36,45,2,4
2070,bus,0,417,32.27,290,77,10,45,2,4
2070,car,0,417,79.23,278,0,0,45,2,4
2071,train,0,417,62.55,263,74,3,70,2,4
2071,air,1,417,163.1,58,98,36,70,2,4
2071,bus,0,417,32.27,290,77,10,70,2,4
2071,car,0,417,79.23,278,0,0,70,2,4
2072,train,0,417,62.55,263,74,3,45,2,4
2072,air,1,417,163.1,58,98,36,45,2,4
2072,bus,0,417,32.27,290,77,10,45,2,4
2072,car,0,417,79.23,278,0,0,45,2,4
2073,train,0,417,62.55,263,74,3,45,2,4
2073,air,1,417,163.1,58,98,36,45,2,4
2073,bus,0,417,32.27,290,77,10,45,2,4
2073,car,0,417,79.23,278,0,0,45,2,4
2074,train,0,417,62.55,263,74,3,70,2,4
2074,air,1,417,163.1,58,98,36,70,2,4
2074,bus,0,417,32.27,290,77,10,70,2,4
2074,car,0,417,79.23,278,0,0,70,2,4
2075,train,0,417,62.55,263,74,3,55,2,4
2075,air,1,417,163.1,58,98,36,55,2,4
2075,bus,0,417,32.27,290,77,10,55,2,4
2075,car,0,417,79.23,278,0,0,55,2,4
2076,train,0,417,62.55,263,74,3,30,2,4
2076,air,1,417,163.1,58,98,36,30,2,4
2076,bus,0,417,32.27,290,77,10,30,2,4
2076,car,0,417,79.23,278,0,0,30,2,4
2077,train,0,417,62.55,263,74,3,70,2,4
2077,air,1,417,163.1,58,98,36,70,2,4
2077,bus,0,417,32.27,290,77,10,70,2,4
2077,car,0,417,79.23,278,0,0,70,2,4
2078,train,0,417,62.55,263,74,3,35,2,4
2078,air,1,417,163.1,58,98,36,35,2,4
2078,bus,0,417,32.27,290,77,10,35,2,4
2078,car,0,417,79.23,278,0,0,35,2,4
2079,train,0,417,62.55,263,74,3,70,2,4
2079,air,1,417,163.1,58,98,36,70,2,4
2079,bus,0,417,32.27,290,77,10,70,2,4
2079,car,0,417,79.23,278,0,0,70,2,4
2080,train,0,417,62.55,263,74,3,70,2,4
2080,air,1,417,163.1,58,98,36,70,2,4
2080,bus,0,417,32.27,290,77,10,70,2,4
2080,car,0,417,79.23,278,0,0,70,2,4
2081,train,0,417,62.55,263,74,3,70,2,4
2081,air,1,417,163.1,58,98,36,70,2,4
2081,bus,0,417,32.27,290,77,10,70,2,4
2081,car,0,417,79.23,278,0,0,70,2,4
2082,train,0,417,62.55,263,74,3,70,2,4
2082,air,1,417,163.1,58,98,36,70,2,4
2082,bus,0,417,32.27,290,77,10,70,2,4
2082,car,0,417,79.23,278,0,0,70,2,4
2083,train,0,417,62.55,263,74,3,70,2,4
2083,air,1,417,163.1,58,98,36,70,2,4
2083,bus,0,417,32.27,290,77,10,70,2,4
2083,car,0,417,79.23,278,0,0,70,2,4
2084,train,0,417,62.55,263,74,3,5,2,4
2084,air,1,417,163.1,58,98,36,5,2,4
2084,bus,0,417,32.27,290,77,10,5,2,4
2084,car,0,417,79.23,278,0,0,5,2,4
2085,train,0,417,62.55,263,74,3,70,2,4
2085,air,1,417,163.1,58,98,36,70,2,4
2085,bus,0,417,32.27,290,77,10,70,2,4
2085,car,0,417,79.23,278,0,0,70,2,4
2086,train,0,417,62.55,263,74,3,25,2,4
2086,air,1,417,163.1,58,98,36,25,2,4
2086,bus,0,417,32.27,290,77,10,25,2,4
2086,car,0,417,79.23,278,0,0,25,2,4
2087,train,0,417,62.55,263,74,3,70,2,4
2087,air,1,417,163.1,58,98,36,70,2,4
2087,bus,0,417,32.27,290,77,10,70,2,4
2087,car,0,417,79.23,278,0,0,70,2,4
2088,train,0,417,62.55,263,74,3,70,2,4
2088,air,1,417,163.1,58,98,36,70,2,4
2088,bus,0,417,32.27,290,77,10,70,2,4
2088,car,0,417,79.23,278,0,0,70,2,4
2089,train,0,417,62.55,263,74,3,55,2,4
2089,air,1,417,163.1,58,98,36,55,2,4
2089,bus,0,417,32.27,290,77,10,55,2,4
2089,car,0,417,79.23,278,0,0,55,2,4
2090,train,0,417,62.55,263,74,3,55,2,4
2090,air,1,417,163.1,58,98,36,55,2,4
2090,bus,0,417,32.27,290,77,10,55,2,4
2090,car,0,417,79.23,278,0,0,55,2,4
2091,train,0,417,62.55,263,74,3,70,2,4
2091,air,1,417,163.1,58,98,36,70,2,4
2091,bus,0,417,32.27,290,77,10,70,2,4
2091,car,0,417,79.23,278,0,0,70,2,4
2092,train,0,417,62.55,263,74,3,70,2,4
2092,air,1,417,163.1,58,98,36,70,2,4
2092,bus,0,417,32.27,290,77,10,70,2,4
2092,car,0,417,79.23,278,0,0,70,2,4
2093,train,0,417,62.55,263,74,3,70,2,4
2093,air,1,417,163.1,58,98,36,70,2,4
2093,bus,0,417,32.27,290,77,10,70,2,4
2093,car,0,417,79.23,278,0,0,70,2,4
2094,train,0,417,62.55,263,74,3,70,2,4
2094,air,1,417,163.1,58,98,36,70,2,4
2094,bus,0,417,32.27,290,77,10,70,2,4
2094,car,0,417,79.23,278,0,0,70,2,4
2095,train,0,417,62.55,263,74,3,55,2,4
2095,air,1,417,163.1,58,98,36,55,2,4
2095,bus,0,417,32.27,290,77,10,55,2,4
2095,car,0,417,79.23,278,0,0,55,2,4
2096,train,0,417,62.55,263,74,3,70,2,4
2096,air,1,417,163.1,58,98,36,70,2,4
2096,bus,0,417,32.27,290,77,10,70,2,4
2096,car,0,417,79.23,278,0,0,70,2,4
2097,train,0,417,62.55,263,74,3,70,2,4
2097,air,1,417,163.1,58,98,36,70,2,4
2097,bus,0,417,32.27,290,77,10,70,2,4
2097,car,0,417,79.23,278,0,0,70,2,4
2098,train,0,417,62.55,263,74,3,70,2,4
2098,air,1,417,163.1,58,98,36,70,2,4
2098,bus,0,417,32.27,290,77,10,70,2,4
2098,car,0,417,79.23,278,0,0,70,2,4
2099,train,0,417,62.55,263,74,3,70,2,4
2099,air,1,417,163.1,58,98,36,70,2,4
2099,bus,0,417,32.27,290,77,10,70,2,4
2099,car,0,417,79.23,278,0,0,70,2,4
2100,train,0,417,62.55,263,74,3,70,2,4
2100,air,1,417,163.1,58,98,36,70,2,4
2100,bus,0,417,32.27,290,77,10,70,2,4
2100,car,0,417,79.23,278,0,0,70,2,4
2101,train,0,417,62.55,263,74,3,70,2,4
2101,air,1,417,163.1,58,98,36,70,2,4
2101,bus,0,417,32.27,290,77,10,70,2,4
2101,car,0,417,79.23,278,0,0,70,2,4
2102,train,0,417,62.55,263,74,3,70,2,4
2102,air,1,417,163.1,58,98,36,70,2,4
2102,bus,0,417,32.27,290,77,10,70,2,4
2102,car,0,417,79.23,278,0,0,70,2,4
2103,train,0,417,62.55,263,74,3,45,2,4
2103,air,1,417,163.1,58,98,36,45,2,4
2103,bus,0,417,32.27,290,77,10,45,2,4
2103,car,0,417,79.23,278,0,0,45,2,4
2104,train,0,417,62.55,263,74,3,70,2,4
2104,air,1,417,163.1,58,98,36,70,2,4
2104,bus,0,417,32.27,290,77,10,70,2,4
2104,car,0,417,79.23,278,0,0,70,2,4
2105,train,0,417,62.55,263,74,3,70,2,4
2105,air,1,417,163.1,58,98,36,70,2,4
2105,bus,0,417,32.27,290,77,10,70,2,4
2105,car,0,417,79.23,278,0,0,70,2,4
2106,train,0,417,62.55,263,74,3,55,2,4
2106,air,1,417,163.1,58,98,36,55,2,4
2106,bus,0,417,32.27,290,77,10,55,2,4
2106,car,0,417,79.23,278,0,0,55,2,4
2107,train,0,417,62.55,263,74,3,55,2,4
2107,air,1,417,163.1,58,98,36,55,2,4
2107,bus,0,417,32.27,290,77,10,55,2,4
2107,car,0,417,79.23,278,0,0,55,2,4
2108,train,0,417,62.55,263,74,3,70,2,4
2108,air,1,417,163.1,58,98,36,70,2,4
2108,bus,0,417,32.27,290,77,10,70,2,4
2108,car,0,417,79.23,278,0,0,70,2,4
2109,train,0,417,62.55,263,74,3,70,2,4
2109,air,1,417,163.1,58,98,36,70,2,4
2109,bus,0,417,32.27,290,77,10,70,2,4
2109,car,0,417,79.23,278,0,0,70,2,4
2110,train,0,417,62.55,263,74,3,35,2,4
2110,air,1,417,163.1,58,98,36,35,2,4
2110,bus,0,417,32.27,290,77,10,35,2,4
2110,car,0,417,79.23,278,0,0,35,2,4
2111,train,0,417,62.55,263,74,3,70,2,4
2111,air,1,417,163.1,58,98,36,70,2,4
2111,bus,0,417,32.27,290,77,10,70,2,4
2111,car,0,417,79.23,278,0,0,70,2,4
2112,train,0,417,62.55,263,74,3,70,2,4
2112,air,1,417,163.1,58,98,36,70,2,4
2112,bus,0,417,32.27,290,77,10,70,2,4
2112,car,0,417,79.23,278,0,0,70,2,4
2113,train,0,417,62.55,263,74,3,70,2,4
2113,air,1,417,163.1,58,98,36,70,2,4
2113,bus,0,417,32.27,290,77,10,70,2,4
2113,car,0,417,79.23,278,0,0,70,2,4
2114,train,0,417,62.55,263,74,3,70,2,4
2114,air,1,417,163.1,58,98,36,70,2,4
2114,bus,0,417,32.27,290,77,10,70,2,4
2114,car,0,417,79.23,278,0,0,70,2,4
2115,train,0,417,62.55,263,74,3,70,2,4
2115,air,1,417,163.1,58,98,36,70,2,4
2115,bus,0,417,32.27,290,77,10,70,2,4
2115,car,0,417,79.23,278,0,0,70,2,4
2116,train,0,417,62.55,263,74,3,70,2,4
2116,air,1,417,163.1,58,98,36,70,2,4
2116,bus,0,417,32.27,290,77,10,70,2,4
2116,car,0,417,79.23,278,0,0,70,2,4
2117,train,0,417,62.55,263,74,3,70,2,4
2117,air,1,417,163.1,58,98,36,70,2,4
2117,bus,0,417,32.27,290,77,10,70,2,4
2117,car,0,417,79.23,278,0,0,70,2,4
2118,train,0,417,62.55,263,74,3,55,2,4
2118,air,1,417,163.1,58,98,36,55,2,4
2118,bus,0,417,32.27,290,77,10,55,2,4
2118,car,0,417,79.23,278,0,0,55,2,4
2119,train,0,417,62.55,263,74,3,30,2,4
2119,air,1,417,163.1,58,98,36,30,2,4
2119,bus,0,417,32.27,290,77,10,30,2,4
2119,car,0,417,79.23,278,0,0,30,2,4
2120,train,0,417,62.55,263,74,3,70,2,4
2120,air,1,417,163.1,58,98,36,70,2,4
2120,bus,0,417,32.27,290,77,10,70,2,4
2120,car,0,417,79.23,278,0,0,70,2,4
2121,train,0,417,62.55,263,74,3,70,2,4
2121,air,1,417,163.1,58,98,36,70,2,4
2121,bus,0,417,32.27,290,77,10,70,2,4
2121,car,0,417,79.23,278,0,0,70,2,4
2122,train,0,417,62.55,263,74,3,25,2,4
2122,air,1,417,163.1,58,98,36,25,2,4
2122,bus,0,417,32.27,290,77,10,25,2,4
2122,car,0,417,79.23,278,0,0,25,2,4
2123,train,0,417,62.55,263,74,3,70,2,4
2123,air,1,417,163.1,58,98,36,70,2,4
2123,bus,0,417,32.27,290,77,10,70,2,4
2123,car,0,417,79.23,278,0,0,70,2,4
2124,train,0,417,62.55,263,74,3,70,2,4
2124,air,1,417,163.1,58,98,36,70,2,4
2124,bus,0,417,32.27,290,77,10,70,2,4
2124,car,0,417,79.23,278,0,0,70,2,4
2125,train,0,417,62.55,263,74,3,45,2,4
2125,air,1,417,163.1,58,98,36,45,2,4
2125,bus,0,417,32.27,290,77,10,45,2,4
2125,car,0,417,79.23,278,0,0,45,2,4
2126,train,0,417,62.55,263,74,3,45,2,4
2126,air,1,417,163.1,58,98,36,45,2,4
2126,bus,0,417,32.27,290,77,10,45,2,4
2126,car,0,417,79.23,278,0,0,45,2,4
2127,train,0,417,62.55,263,74,3,70,2,4
2127,air,1,417,163.1,58,98,36,70,2,4
2127,bus,0,417,32.27,290,77,10,70,2,4
2127,car,0,417,79.23,278,0,0,70,2,4
2128,train,0,417,62.55,263,74,3,31,2,4
2128,air,1,417,163.1,58,98,36,31,2,4
2128,bus,0,417,32.27,290,77,10,31,2,4
2128,car,0,417,79.23,278,0,0,31,2,4
2129,train,0,417,62.55,263,74,3,45,2,4
2129,air,1,417,163.1,58,98,36,45,2,4
2129,bus,0,417,32.27,290,77,10,45,2,4
2129,car,0,417,79.23,278,0,0,45,2,4
2130,train,0,417,62.55,263,74,3,70,2,4
2130,air,1,417,163.1,58,98,36,70,2,4
2130,bus,0,417,32.27,290,77,10,70,2,4
2130,car,0,417,79.23,278,0,0,70,2,4
2131,train,0,417,62.55,263,74,3,55,2,4
2131,air,1,417,163.1,58,98,36,55,2,4
2131,bus,0,417,32.27,290,77,10,55,2,4
2131,car,0,417,79.23,278,0,0,55,2,4
2132,train,0,417,62.55,263,74,3,35,2,4
2132,air,1,417,163.1,58,98,36,35,2,4
2132,bus,0,417,32.27,290,77,10,35,2,4
2132,car,0,417,79.23,278,0,0,35,2,4
2133,train,0,417,62.55,263,74,3,45,2,4
2133,air,1,417,163.1,58,98,36,45,2,4
2133,bus,0,417,32.27,290,77,10,45,2,4
2133,car,0,417,79.23,278,0,0,45,2,4
2134,train,0,417,62.55,263,74,3,70,2,4
2134,air,1,417,163.1,58,98,36,70,2,4
2134,bus,0,417,32.27,290,77,10,70,2,4
2134,car,0,417,79.23,278,0,0,70,2,4
2135,train,0,417,62.55,263,74,3,70,2,4
2135,air,1,417,163.1,58,98,36,70,2,4
2135,bus,0,417,32.27,290,77,10,70,2,4
2135,car,0,417,79.23,278,0,0,70,2,4
2136,train,0,417,62.55,263,74,3,55,2,4
2136,air,1,417,163.1,58,98,36,55,2,4
2136,bus,0,417,32.27,290,77,10,55,2,4
2136,car,0,417,79.23,278,0,0,55,2,4
2137,train,0,417,62.55,263,74,3,70,2,4
2137,air,1,417,163.1,58,98,36,70,2,4
2137,bus,0,417,32.27,290,77,10,70,2,4
2137,car,0,417,79.23,278,0,0,70,2,4
2138,train,0,417,62.55,263,74,3,70,2,4
2138,air,1,417,163.1,58,98,36,70,2,4
2138,bus,0,417,32.27,290,77,10,70,2,4
2138,car,0,417,79.23,278,0,0,70,2,4
2139,train,0,417,62.55,263,74,3,45,2,4
2139,air,0,417,163.1,58,98,36,45,2,4
2139,bus,1,417,32.27,290,77,10,45,2,4
2139,car,0,417,79.23,278,0,0,45,2,4
2140,train,0,417,62.55,263,74,3,70,2,4
2140,air,0,417,163.1,58,98,36,70,2,4
2140,bus,0,417,32.27,290,77,10,70,2,4
2140,car,1,417,79.23,278,0,0,70,2,4
2141,train,0,417,62.55,263,74,3,55,2,4
2141,air,0,417,163.1,58,98,36,55,2,4
2141,bus,0,417,32.27,290,77,10,55,2,4
2141,car,1,417,79.23,278,0,0,55,2,4
2142,train,0,417,62.55,263,74,3,70,2,4
2142,air,0,417,163.1,58,98,36,70,2,4
2142,bus,0,417,32.27,290,77,10,70,2,4
2142,car,1,417,79.23,278,0,0,70,2,4
2143,train,0,417,62.55,263,74,3,55,2,4
2143,air,0,417,163.1,58,98,36,55,2,4
2143,bus,0,417,32.27,290,77,10,55,2,4
2143,car,1,417,79.23,278,0,0,55,2,4
2144,train,0,417,62.55,263,74,3,70,2,4
2144,air,0,417,163.1,58,98,36,70,2,4
2144,bus,0,417,32.27,290,77,10,70,2,4
2144,car,1,417,79.23,278,0,0,70,2,4
2145,train,0,417,62.55,263,74,3,70,2,4
2145,air,0,417,163.1,58,98,36,70,2,4
2145,bus,0,417,32.27,290,77,10,70,2,4
2145,car,1,417,79.23,278,0,0,70,2,4
2146,train,0,417,62.55,263,74,3,35,2,4
2146,air,0,417,163.1,58,98,36,35,2,4
2146,bus,0,417,32.27,290,77,10,35,2,4
2146,car,1,417,79.23,278,0,0,35,2,4
2147,train,0,417,62.55,263,74,3,70,2,4
2147,air,0,417,163.1,58,98,36,70,2,4
2147,bus,0,417,32.27,290,77,10,70,2,4
2147,car,1,417,79.23,278,0,0,70,2,4
2148,train,0,417,62.55,263,74,3,70,2,4
2148,air,0,417,163.1,58,98,36,70,2,4
2148,bus,0,417,32.27,290,77,10,70,2,4
2148,car,1,417,79.23,278,0,0,70,2,4
2149,train,0,417,62.55,263,74,3,70,2,4
2149,air,0,417,163.1,58,98,36,70,2,4
2149,bus,0,417,32.27,290,77,10,70,2,4
2149,car,1,417,79.23,278,0,0,70,2,4
2150,train,0,417,62.55,263,74,3,35,2,4
2150,air,0,417,163.1,58,98,36,35,2,4
2150,bus,0,417,32.27,290,77,10,35,2,4
2150,car,1,417,79.23,278,0,0,35,2,4
2151,train,0,417,62.55,263,74,3,45,2,4
2151,air,0,417,163.1,58,98,36,45,2,4
2151,bus,0,417,32.27,290,77,10,45,2,4
2151,car,1,417,79.23,278,0,0,45,2,4
2152,train,1,427,64.25,263,75,3,45,2,4
2152,air,0,427,164.5,58,98,36,45,2,4
2152,bus,0,427,32.07,290,80,10,45,2,4
2152,car,0,427,81.13,292,0,0,45,2,4
2153,train,1,427,64.25,263,75,3,70,2,4
2153,air,0,427,164.5,58,98,36,70,2,4
2153,bus,0,427,32.07,290,80,10,70,2,4
2153,car,0,427,81.13,292,0,0,70,2,4
2154,train,1,427,64.25,263,75,3,45,2,4
2154,air,0,427,164.5,58,98,36,45,2,4
2154,bus,0,427,32.07,290,80,10,45,2,4
2154,car,0,427,81.13,292,0,0,45,2,4
2155,train,1,427,64.25,263,75,3,5,2,4
2155,air,0,427,164.5,58,98,36,5,2,4
2155,bus,0,427,32.07,290,80,10,5,2,4
2155,car,0,427,81.13,292,0,0,5,2,4
2156,train,1,427,64.25,263,75,3,45,2,4
2156,air,0,427,164.5,58,98,36,45,2,4
2156,bus,0,427,32.07,290,80,10,45,2,4
2156,car,0,427,81.13,292,0,0,45,2,4
2157,train,0,427,64.25,263,75,3,45,2,4
2157,air,1,427,164.5,58,98,36,45,2,4
2157,bus,0,427,32.07,290,80,10,45,2,4
2157,car,0,427,81.13,292,0,0,45,2,4
2158,train,0,427,64.25,263,75,3,70,2,4
2158,air,1,427,164.5,58,98,36,70,2,4
2158,bus,0,427,32.07,290,80,10,70,2,4
2158,car,0,427,81.13,292,0,0,70,2,4
2159,train,0,427,64.25,263,75,3,35,2,4
2159,air,1,427,164.5,58,98,36,35,2,4
2159,bus,0,427,32.07,290,80,10,35,2,4
2159,car,0,427,81.13,292,0,0,35,2,4
2160,train,0,427,64.25,263,75,3,70,2,4
2160,air,1,427,164.5,58,98,36,70,2,4
2160,bus,0,427,32.07,290,80,10,70,2,4
2160,car,0,427,81.13,292,0,0,70,2,4
2161,train,0,427,64.25,263,75,3,70,2,4
2161,air,1,427,164.5,58,98,36,70,2,4
2161,bus,0,427,32.07,290,80,10,70,2,4
2161,car,0,427,81.13,292,0,0,70,2,4
2162,train,0,427,64.25,263,75,3,70,2,4
2162,air,1,427,164.5,58,98,36,70,2,4
2162,bus,0,427,32.07,290,80,10,70,2,4
2162,car,0,427,81.13,292,0,0,70,2,4
2163,train,0,427,64.25,263,75,3,70,2,4
2163,air,1,427,164.5,58,98,36,70,2,4
2163,bus,0,427,32.07,290,80,10,70,2,4
2163,car,0,427,81.13,292,0,0,70,2,4
2164,train,0,427,64.25,263,75,3,70,2,4
2164,air,1,427,164.5,58,98,36,70,2,4
2164,bus,0,427,32.07,290,80,10,70,2,4
2164,car,0,427,81.13,292,0,0,70,2,4
2165,train,0,427,64.25,263,75,3,70,2,4
2165,air,1,427,164.5,58,98,36,70,2,4
2165,bus,0,427,32.07,290,80,10,70,2,4
2165,car,0,427,81.13,292,0,0,70,2,4
2166,train,0,427,64.25,263,75,3,55,2,4
2166,air,1,427,164.5,58,98,36,55,2,4
2166,bus,0,427,32.07,290,80,10,55,2,4
2166,car,0,427,81.13,292,0,0,55,2,4
2167,train,0,427,64.25,263,75,3,45,2,4
2167,air,1,427,164.5,58,98,36,45,2,4
2167,bus,0,427,32.07,290,80,10,45,2,4
2167,car,0,427,81.13,292,0,0,45,2,4
2168,train,0,427,64.25,263,75,3,70,2,4
2168,air,1,427,164.5,58,98,36,70,2,4
2168,bus,0,427,32.07,290,80,10,70,2,4
2168,car,0,427,81.13,292,0,0,70,2,4
2169,train,0,427,64.25,263,75,3,70,2,4
2169,air,1,427,164.5,58,98,36,70,2,4
2169,bus,0,427,32.07,290,80,10,70,2,4
2169,car,0,427,81.13,292,0,0,70,2,4
2170,train,0,427,64.25,263,75,3,70,2,4
2170,air,1,427,164.5,58,98,36,70,2,4
2170,bus,0,427,32.07,290,80,10,70,2,4
2170,car,0,427,81.13,292,0,0,70,2,4
2171,train,0,427,64.25,263,75,3,45,2,4
2171,air,1,427,164.5,58,98,36,45,2,4
2171,bus,0,427,32.07,290,80,10,45,2,4
2171,car,0,427,81.13,292,0,0,45,2,4
2172,train,0,427,64.25,263,75,3,70,2,4
2172,air,1,427,164.5,58,98,36,70,2,4
2172,bus,0,427,32.07,290,80,10,70,2,4
2172,car,0,427,81.13,292,0,0,70,2,4
2173,train,0,427,64.25,263,75,3,35,2,4
2173,air,1,427,164.5,58,98,36,35,2,4
2173,bus,0,427,32.07,290,80,10,35,2,4
2173,car,0,427,81.13,292,0,0,35,2,4
2174,train,0,427,64.25,263,75,3,45,2,4
2174,air,1,427,164.5,58,98,36,45,2,4
2174,bus,0,427,32.07,290,80,10,45,2,4
2174,car,0,427,81.13,292,0,0,45,2,4
2175,train,0,427,64.25,263,75,3,70,2,4
2175,air,1,427,164.5,58,98,36,70,2,4
2175,bus,0,427,32.07,290,80,10,70,2,4
2175,car,0,427,81.13,292,0,0,70,2,4
2176,train,0,427,64.25,263,75,3,70,2,4
2176,air,1,427,164.5,58,98,36,70,2,4
2176,bus,0,427,32.07,290,80,10,70,2,4
2176,car,0,427,81.13,292,0,0,70,2,4
2177,train,0,427,64.25,263,75,3,70,2,4
2177,air,1,427,164.5,58,98,36,70,2,4
2177,bus,0,427,32.07,290,80,10,70,2,4
2177,car,0,427,81.13,292,0,0,70,2,4
2178,train,0,427,64.25,263,75,3,70,2,4
2178,air,1,427,164.5,58,98,36,70,2,4
2178,bus,0,427,32.07,290,80,10,70,2,4
2178,car,0,427,81.13,292,0,0,70,2,4
2179,train,0,427,64.25,263,75,3,35,2,4
2179,air,1,427,164.5,58,98,36,35,2,4
2179,bus,0,427,32.07,290,80,10,35,2,4
2179,car,0,427,81.13,292,0,0,35,2,4
2180,train,0,427,64.25,263,75,3,55,2,4
2180,air,1,427,164.5,58,98,36,55,2,4
2180,bus,0,427,32.07,290,80,10,55,2,4
2180,car,0,427,81.13,292,0,0,55,2,4
2181,train,0,427,64.25,263,75,3,70,2,4
2181,air,1,427,164.5,58,98,36,70,2,4
2181,bus,0,427,32.07,290,80,10,70,2,4
2181,car,0,427,81.13,292,0,0,70,2,4
2182,train,0,427,64.25,263,75,3,70,2,4
2182,air,1,427,164.5,58,98,36,70,2,4
2182,bus,0,427,32.07,290,80,10,70,2,4
2182,car,0,427,81.13,292,0,0,70,2,4
2183,train,0,427,64.25,263,75,3,70,2,4
2183,air,1,427,164.5,58,98,36,70,2,4
2183,bus,0,427,32.07,290,80,10,70,2,4
2183,car,0,427,81.13,292,0,0,70,2,4
2184,train,1,444,64.55,263,79,3,45,1,4
2184,air,0,444,168.5,58,118,36,45,1,4
2184,bus,0,444,31.07,290,80,10,45,1,4
2184,car,0,444,84.36,300,0,0,45,1,4
2185,train,0,444,64.55,263,79,3,70,1,4
2185,air,1,444,168.5,58,118,36,70,1,4
2185,bus,0,444,31.07,290,80,10,70,1,4
2185,car,0,444,84.36,300,0,0,70,1,4
2186,train,0,444,64.55,263,79,3,45,1,4
2186,air,0,444,168.5,58,118,36,45,1,4
2186,bus,0,444,31.07,290,80,10,45,1,4
2186,car,1,444,84.36,300,0,0,45,1,4
2187,train,0,462,66.55,263,110,3,70,1,4
2187,air,1,462,167.1,58,123,36,70,1,4
2187,bus,0,462,32.07,290,105,10,70,1,4
2187,car,0,462,87.78,298,0,0,70,1,4
2188,train,0,462,66.55,263,110,3,25,1,4
2188,air,1,462,167.1,58,123,36,25,1,4
2188,bus,0,462,32.07,290,105,10,25,1,4
2188,car,0,462,87.78,298,0,0,25,1,4
2189,train,0,462,66.55,263,110,3,55,1,4
2189,air,1,462,167.1,58,123,36,55,1,4
2189,bus,0,462,32.07,290,105,10,55,1,4
2189,car,0,462,87.78,298,0,0,55,1,4
2190,train,1,422,65.55,263,80,3,5,1,4
2190,air,0,422,169.5,58,103,36,5,1,4
2190,bus,0,422,31.07,290,75,10,5,1,4
2190,car,0,422,80.18,285,0,0,5,1,4
2191,train,1,422,65.55,263,80,3,55,1,4
2191,air,0,422,169.5,58,103,36,55,1,4
2191,bus,0,422,31.07,290,75,10,55,1,4
2191,car,0,422,80.18,285,0,0,55,1,4
2192,train,1,422,65.55,263,80,3,45,1,4
2192,air,0,422,169.5,58,103,36,45,1,4
2192,bus,0,422,31.07,290,75,10,45,1,4
2192,car,0,422,80.18,285,0,0,45,1,4
2193,train,0,422,65.55,263,80,3,55,1,4
2193,air,1,422,169.5,58,103,36,55,1,4
2193,bus,0,422,31.07,290,75,10,55,1,4
2193,car,0,422,80.18,285,0,0,55,1,4
2194,train,0,422,65.55,263,80,3,70,1,4
2194,air,1,422,169.5,58,103,36,70,1,4
2194,bus,0,422,31.07,290,75,10,70,1,4
2194,car,0,422,80.18,285,0,0,70,1,4
2195,train,0,422,65.55,263,80,3,35,1,4
2195,air,1,422,169.5,58,103,36,35,1,4
2195,bus,0,422,31.07,290,75,10,35,1,4
2195,car,0,422,80.18,285,0,0,35,1,4
2196,train,0,422,65.55,263,80,3,70,1,4
2196,air,1,422,169.5,58,103,36,70,1,4
2196,bus,0,422,31.07,290,75,10,70,1,4
2196,car,0,422,80.18,285,0,0,70,1,4
2197,train,0,422,65.55,263,80,3,45,1,4
2197,air,1,422,169.5,58,103,36,45,1,4
2197,bus,0,422,31.07,290,75,10,45,1,4
2197,car,0,422,80.18,285,0,0,45,1,4
2198,train,0,422,65.55,263,80,3,70,1,4
2198,air,1,422,169.5,58,103,36,70,1,4
2198,bus,0,422,31.07,290,75,10,70,1,4
2198,car,0,422,80.18,285,0,0,70,1,4
2199,train,1,533,79.35,304,93,5,70,1,4
2199,air,0,533,196.5,69,123,45,70,1,4
2199,bus,0,533,33.43,370,95,7,70,1,4
2199,car,0,533,101.27,347,0,0,70,1,4
2200,train,0,533,79.35,304,93,5,70,1,4
2200,air,1,533,196.5,69,123,45,70,1,4
2200,bus,0,533,33.43,370,95,7,70,1,4
2200,car,0,533,101.27,347,0,0,70,1,4
2201,train,0,580,79.35,304,90,5,70,1,4
2201,air,1,580,196.5,69,118,45,70,1,4
2201,bus,0,580,33.43,370,90,7,70,1,4
2201,car,0,580,110.2,369,0,0,70,1,4
2202,train,1,602,81.35,304,105,5,45,1,4
2202,air,0,602,196.5,69,128,45,45,1,4
2202,bus,0,602,33.43,370,105,7,45,1,4
2202,car,0,602,114.38,397,0,0,45,1,4
2203,train,1,602,81.35,304,105,5,70,1,4
2203,air,0,602,196.5,69,128,45,70,1,4
2203,bus,0,602,33.43,370,105,7,70,1,4
2203,car,0,602,114.38,397,0,0,70,1,4
2204,train,0,539,78.8,304,80,5,70,1,4
2204,air,1,539,188.5,69,110,45,70,1,4
2204,bus,0,539,33.43,370,80,7,70,1,4
2204,car,0,539,102.41,341,0,0,70,1,4
2205,train,0,539,78.8,304,80,5,35,1,4
2205,air,1,539,188.5,69,110,45,35,1,4
2205,bus,0,539,33.43,370,80,7,35,1,4
2205,car,0,539,102.41,341,0,0,35,1,4
2206,train,0,539,78.8,304,80,5,45,1,4
2206,air,1,539,188.5,69,110,45,45,1,4
2206,bus,0,539,33.43,370,80,7,45,1,4
2206,car,0,539,102.41,341,0,0,45,1,4
2207,train,0,539,77.35,304,85,5,55,1,4
2207,air,1,539,188.5,69,110,45,55,1,4
2207,bus,0,539,33.43,370,85,7,55,1,4
2207,car,0,539,102.41,341,0,0,55,1,4
2270,train,1,529,71.9,304,75,5,25,2,4
2270,air,0,529,186.5,69,103,45,25,2,4
2270,bus,0,529,33.33,370,78,7,25,2,4
2270,car,0,529,100.51,328,0,0,25,2,4
2271,train,1,529,71.9,304,75,5,35,2,4
2271,air,0,529,186.5,69,103,45,35,2,4
2271,bus,0,529,33.33,370,78,7,35,2,4
2271,car,0,529,100.51,328,0,0,35,2,4
2272,train,1,529,71.9,304,75,5,35,2,4
2272,air,0,529,186.5,69,103,45,35,2,4
2272,bus,0,529,33.33,370,78,7,35,2,4
2272,car,0,529,100.51,328,0,0,35,2,4
2273,train,1,529,71.9,304,75,5,5,2,4
2273,air,0,529,186.5,69,103,45,5,2,4
2273,bus,0,529,33.33,370,78,7,5,2,4
2273,car,0,529,100.51,328,0,0,5,2,4
2274,train,0,529,71.9,304,75,5,70,2,4
2274,air,1,529,186.5,69,103,45,70,2,4
2274,bus,0,529,33.33,370,78,7,70,2,4
2274,car,0,529,100.51,328,0,0,70,2,4
2275,train,0,529,71.9,304,75,5,70,2,4
2275,air,1,529,186.5,69,103,45,70,2,4
2275,bus,0,529,33.33,370,78,7,70,2,4
2275,car,0,529,100.51,328,0,0,70,2,4
2276,train,0,529,71.9,304,75,5,55,2,4
2276,air,1,529,186.5,69,103,45,55,2,4
2276,bus,0,529,33.33,370,78,7,55,2,4
2276,car,0,529,100.51,328,0,0,55,2,4
2277,train,0,529,71.9,304,75,5,70,2,4
2277,air,1,529,186.5,69,103,45,70,2,4
2277,bus,0,529,33.33,370,78,7,70,2,4
2277,car,0,529,100.51,328,0,0,70,2,4
2278,train,0,529,71.9,304,75,5,26,2,4
2278,air,1,529,186.5,69,103,45,26,2,4
2278,bus,0,529,33.33,370,78,7,26,2,4
2278,car,0,529,100.51,328,0,0,26,2,4
2279,train,0,529,71.9,304,75,5,70,2,4
2279,air,1,529,186.5,69,103,45,70,2,4
2279,bus,0,529,33.33,370,78,7,70,2,4
2279,car,0,529,100.51,328,0,0,70,2,4
2280,train,0,529,71.9,304,75,5,70,2,4
2280,air,1,529,186.5,69,103,45,70,2,4
2280,bus,0,529,33.33,370,78,7,70,2,4
2280,car,0,529,100.51,328,0,0,70,2,4
2281,train,0,529,71.9,304,75,5,70,2,4
2281,air,1,529,186.5,69,103,45,70,2,4
2281,bus,0,529,33.33,370,78,7,70,2,4
2281,car,0,529,100.51,328,0,0,70,2,4
2282,train,0,529,71.9,304,75,5,70,2,4
2282,air,1,529,186.5,69,103,45,70,2,4
2282,bus,0,529,33.33,370,78,7,70,2,4
2282,car,0,529,100.51,328,0,0,70,2,4
2283,train,0,529,71.9,304,75,5,70,2,4
2283,air,1,529,186.5,69,103,45,70,2,4
2283,bus,0,529,33.33,370,78,7,70,2,4
2283,car,0,529,100.51,328,0,0,70,2,4
2284,train,0,529,71.9,304,75,5,15,2,4
2284,air,1,529,186.5,69,103,45,15,2,4
2284,bus,0,529,33.33,370,78,7,15,2,4
2284,car,0,529,100.51,328,0,0,15,2,4
2285,train,0,529,71.9,304,75,5,70,2,4
2285,air,1,529,186.5,69,103,45,70,2,4
2285,bus,0,529,33.33,370,78,7,70,2,4
2285,car,0,529,100.51,328,0,0,70,2,4
2286,train,0,529,71.9,304,75,5,70,2,4
2286,air,1,529,186.5,69,103,45,70,2,4
2286,bus,0,529,33.33,370,78,7,70,2,4
2286,car,0,529,100.51,328,0,0,70,2,4
2287,train,0,529,71.9,304,75,5,70,2,4
2287,air,1,529,186.5,69,103,45,70,2,4
2287,bus,0,529,33.33,370,78,7,70,2,4
2287,car,0,529,100.51,328,0,0,70,2,4
2288,train,0,529,71.9,304,75,5,55,2,4
2288,air,1,529,186.5,69,103,45,55,2,4
2288,bus,0,529,33.33,370,78,7,55,2,4
2288,car,0,529,100.51,328,0,0,55,2,4
2289,train,0,529,71.9,304,75,5,70,2,4
2289,air,1,529,186.5,69,103,45,70,2,4
2289,bus,0,529,33.33,370,78,7,70,2,4
2289,car,0,529,100.51,328,0,0,70,2,4
2290,train,0,529,71.9,304,75,5,70,2,4
2290,air,1,529,186.5,69,103,45,70,2,4
2290,bus,0,529,33.33,370,78,7,70,2,4
2290,car,0,529,100.51,328,0,0,70,2,4
2291,train,0,529,71.9,304,75,5,70,2,4
2291,air,1,529,186.5,69,103,45,70,2,4
2291,bus,0,529,33.33,370,78,7,70,2,4
2291,car,0,529,100.51,328,0,0,70,2,4
2292,train,0,529,71.9,304,75,5,70,2,4
2292,air,1,529,186.5,69,103,45,70,2,4
2292,bus,0,529,33.33,370,78,7,70,2,4
2292,car,0,529,100.51,328,0,0,70,2,4
2293,train,0,529,71.9,304,75,5,70,2,4
2293,air,1,529,186.5,69,103,45,70,2,4
2293,bus,0,529,33.33,370,78,7,70,2,4
2293,car,0,529,100.51,328,0,0,70,2,4
2294,train,0,529,71.9,304,75,5,25,2,4
2294,air,1,529,186.5,69,103,45,25,2,4
2294,bus,0,529,33.33,370,78,7,25,2,4
2294,car,0,529,100.51,328,0,0,25,2,4
2295,train,0,529,71.9,304,75,5,35,2,4
2295,air,0,529,186.5,69,103,45,35,2,4
2295,bus,0,529,33.33,370,78,7,35,2,4
2295,car,1,529,100.51,328,0,0,35,2,4
2296,train,0,529,71.9,304,75,5,70,2,4
2296,air,0,529,186.5,69,103,45,70,2,4
2296,bus,0,529,33.33,370,78,7,70,2,4
2296,car,1,529,100.51,328,0,0,70,2,4
2297,train,0,529,71.9,304,75,5,70,2,4
2297,air,0,529,186.5,69,103,45,70,2,4
2297,bus,0,529,33.33,370,78,7,70,2,4
2297,car,1,529,100.51,328,0,0,70,2,4
2298,train,0,529,71.9,304,75,5,70,2,4
2298,air,0,529,186.5,69,103,45,70,2,4
2298,bus,0,529,33.33,370,78,7,70,2,4
2298,car,1,529,100.51,328,0,0,70,2,4
2299,train,0,534,71.35,304,70,5,70,2,4
2299,air,1,534,187.15,69,106,45,70,2,4
2299,bus,0,534,33.53,370,75,7,70,2,4
2299,car,0,534,101.46,335,0,0,70,2,4
2300,train,0,534,71.35,304,70,5,70,2,4
2300,air,1,534,187.15,69,106,45,70,2,4
2300,bus,0,534,33.53,370,75,7,70,2,4
2300,car,0,534,101.46,335,0,0,70,2,4
2301,train,0,534,71.35,304,70,5,70,2,4
2301,air,1,534,187.15,69,106,45,70,2,4
2301,bus,0,534,33.53,370,75,7,70,2,4
2301,car,0,534,101.46,335,0,0,70,2,4
2302,train,0,534,71.35,304,70,5,70,2,4
2302,air,1,534,187.15,69,106,45,70,2,4
2302,bus,0,534,33.53,370,75,7,70,2,4
2302,car,0,534,101.46,335,0,0,70,2,4
2303,train,1,534,69.35,304,62,5,70,2,4
2303,air,0,534,193.05,69,103,45,70,2,4
2303,bus,0,534,33.48,370,73,7,70,2,4
2303,car,0,534,101.46,335,0,0,70,2,4
2304,train,1,534,69.35,304,62,5,45,2,4
2304,air,0,534,193.05,69,103,45,45,2,4
2304,bus,0,534,33.48,370,73,7,45,2,4
2304,car,0,534,101.46,335,0,0,45,2,4
2305,train,1,534,69.35,304,62,5,70,2,4
2305,air,0,534,193.05,69,103,45,70,2,4
2305,bus,0,534,33.48,370,73,7,70,2,4
2305,car,0,534,101.46,335,0,0,70,2,4
2306,train,1,534,69.35,304,62,5,45,2,4
2306,air,0,534,193.05,69,103,45,45,2,4
2306,bus,0,534,33.48,370,73,7,45,2,4
2306,car,0,534,101.46,335,0,0,45,2,4
2307,train,1,534,69.35,304,62,5,45,2,4
2307,air,0,534,193.05,69,103,45,45,2,4
2307,bus,0,534,33.48,370,73,7,45,2,4
2307,car,0,534,101.46,335,0,0,45,2,4
2308,train,1,534,69.35,304,62,5,23,2,4
2308,air,0,534,193.05,69,103,45,23,2,4
2308,bus,0,534,33.48,370,73,7,23,2,4
2308,car,0,534,101.46,335,0,0,23,2,4
2309,train,1,534,69.35,304,62,5,70,2,4
2309,air,0,534,193.05,69,103,45,70,2,4
2309,bus,0,534,33.48,370,73,7,70,2,4
2309,car,0,534,101.46,335,0,0,70,2,4
2310,train,1,534,69.35,304,62,5,70,2,4
2310,air,0,534,193.05,69,103,45,70,2,4
2310,bus,0,534,33.48,370,73,7,70,2,4
2310,car,0,534,101.46,335,0,0,70,2,4
2311,train,1,534,69.35,304,62,5,70,2,4
2311,air,0,534,193.05,69,103,45,70,2,4
2311,bus,0,534,33.48,370,73,7,70,2,4
2311,car,0,534,101.46,335,0,0,70,2,4
2312,train,1,534,69.35,304,62,5,70,2,4
2312,air,0,534,193.05,69,103,45,70,2,4
2312,bus,0,534,33.48,370,73,7,70,2,4
2312,car,0,534,101.46,335,0,0,70,2,4
2313,train,1,534,69.35,304,62,5,35,2,4
2313,air,0,534,193.05,69,103,45,35,2,4
2313,bus,0,534,33.48,370,73,7,35,2,4
2313,car,0,534,101.46,335,0,0,35,2,4
2314,train,1,534,69.35,304,62,5,70,2,4
2314,air,0,534,193.05,69,103,45,70,2,4
2314,bus,0,534,33.48,370,73,7,70,2,4
2314,car,0,534,101.46,335,0,0,70,2,4
2315,train,1,534,69.35,304,62,5,35,2,4
2315,air,0,534,193.05,69,103,45,35,2,4
2315,bus,0,534,33.48,370,73,7,35,2,4
2315,car,0,534,101.46,335,0,0,35,2,4
2316,train,1,534,69.35,304,62,5,5,2,4
2316,air,0,534,193.05,69,103,45,5,2,4
2316,bus,0,534,33.48,370,73,7,5,2,4
2316,car,0,534,101.46,335,0,0,5,2,4
2317,train,0,534,69.35,304,62,5,70,2,4
2317,air,1,534,193.05,69,103,45,70,2,4
2317,bus,0,534,33.48,370,73,7,70,2,4
2317,car,0,534,101.46,335,0,0,70,2,4
2318,train,0,534,69.35,304,62,5,70,2,4
2318,air,1,534,193.05,69,103,45,70,2,4
2318,bus,0,534,33.48,370,73,7,70,2,4
2318,car,0,534,101.46,335,0,0,70,2,4
2319,train,0,534,69.35,304,62,5,70,2,4
2319,air,1,534,193.05,69,103,45,70,2,4
2319,bus,0,534,33.48,370,73,7,70,2,4
2319,car,0,534,101.46,335,0,0,70,2,4
2320,train,0,534,69.35,304,62,5,70,2,4
2320,air,1,534,193.05,69,103,45,70,2,4
2320,bus,0,534,33.48,370,73,7,70,2,4
2320,car,0,534,101.46,335,0,0,70,2,4
2321,train,0,534,69.35,304,62,5,45,2,4
2321,air,1,534,193.05,69,103,45,45,2,4
2321,bus,0,534,33.48,370,73,7,45,2,4
2321,car,0,534,101.46,335,0,0,45,2,4
2322,train,0,534,69.35,304,62,5,55,2,4
2322,air,1,534,193.05,69,103,45,55,2,4
2322,bus,0,534,33.48,370,73,7,55,2,4
2322,car,0,534,101.46,335,0,0,55,2,4
2323,train,0,534,69.35,304,62,5,70,2,4
2323,air,1,534,193.05,69,103,45,70,2,4
2323,bus,0,534,33.48,370,73,7,70,2,4
2323,car,0,534,101.46,335,0,0,70,2,4
2324,train,0,534,69.35,304,62,5,70,2,4
2324,air,1,534,193.05,69,103,45,70,2,4
2324,bus,0,534,33.48,370,73,7,70,2,4
2324,car,0,534,101.46,335,0,0,70,2,4
2325,train,0,534,69.35,304,62,5,70,2,4
2325,air,1,534,193.05,69,103,45,70,2,4
2325,bus,0,534,33.48,370,73,7,70,2,4
2325,car,0,534,101.46,335,0,0,70,2,4
2326,train,0,534,69.35,304,62,5,70,2,4
2326,air,1,534,193.05,69,103,45,70,2,4
2326,bus,0,534,33.48,370,73,7,70,2,4
2326,car,0,534,101.46,335,0,0,70,2,4
2327,train,0,534,69.35,304,62,5,70,2,4
2327,air,1,534,193.05,69,103,45,70,2,4
2327,bus,0,534,33.48,370,73,7,70,2,4
2327,car,0,534,101.46,335,0,0,70,2,4
2328,train,0,534,69.35,304,62,5,70,2,4
2328,air,1,534,193.05,69,103,45,70,2,4
2328,bus,0,534,33.48,370,73,7,70,2,4
2328,car,0,534,101.46,335,0,0,70,2,4
2329,train,0,534,69.35,304,62,5,70,2,4
2329,air,1,534,193.05,69,103,45,70,2,4
2329,bus,0,534,33.48,370,73,7,70,2,4
2329,car,0,534,101.46,335,0,0,70,2,4
2330,train,0,534,69.35,304,62,5,70,2,4
2330,air,1,534,193.05,69,103,45,70,2,4
2330,bus,0,534,33.48,370,73,7,70,2,4
2330,car,0,534,101.46,335,0,0,70,2,4
2331,train,0,534,69.35,304,62,5,70,2,4
2331,air,1,534,193.05,69,103,45,70,2,4
2331,bus,0,534,33.48,370,73,7,70,2,4
2331,car,0,534,101.46,335,0,0,70,2,4
2332,train,0,534,69.35,304,62,5,45,2,4
2332,air,1,534,193.05,69,103,45,45,2,4
2332,bus,0,534,33.48,370,73,7,45,2,4
2332,car,0,534,101.46,335,0,0,45,2,4
2333,train,0,534,69.35,304,62,5,25,2,4
2333,air,1,534,193.05,69,103,45,25,2,4
2333,bus,0,534,33.48,370,73,7,25,2,4
2333,car,0,534,101.46,335,0,0,25,2,4
2334,train,0,534,69.35,304,62,5,35,2,4
2334,air,1,534,193.05,69,103,45,35,2,4
2334,bus,0,534,33.48,370,73,7,35,2,4
2334,car,0,534,101.46,335,0,0,35,2,4
2335,train,0,534,69.35,304,62,5,70,2,4
2335,air,1,534,193.05,69,103,45,70,2,4
2335,bus,0,534,33.48,370,73,7,70,2,4
2335,car,0,534,101.46,335,0,0,70,2,4
2336,train,0,534,69.35,304,62,5,55,2,4
2336,air,1,534,193.05,69,103,45,55,2,4
2336,bus,0,534,33.48,370,73,7,55,2,4
2336,car,0,534,101.46,335,0,0,55,2,4
2337,train,0,534,69.35,304,62,5,70,2,4
2337,air,1,534,193.05,69,103,45,70,2,4
2337,bus,0,534,33.48,370,73,7,70,2,4
2337,car,0,534,101.46,335,0,0,70,2,4
2338,train,0,534,69.35,304,62,5,70,2,4
2338,air,1,534,193.05,69,103,45,70,2,4
2338,bus,0,534,33.48,370,73,7,70,2,4
2338,car,0,534,101.46,335,0,0,70,2,4
2339,train,0,534,69.35,304,62,5,35,2,4
2339,air,1,534,193.05,69,103,45,35,2,4
2339,bus,0,534,33.48,370,73,7,35,2,4
2339,car,0,534,101.46,335,0,0,35,2,4
2340,train,0,534,69.35,304,62,5,35,2,4
2340,air,0,534,193.05,69,103,45,35,2,4
2340,bus,0,534,33.48,370,73,7,35,2,4
2340,car,1,534,101.46,335,0,0,35,2,4
2341,train,0,534,69.35,304,62,5,45,2,4
2341,air,0,534,193.05,69,103,45,45,2,4
2341,bus,0,534,33.48,370,73,7,45,2,4
2341,car,1,534,101.46,335,0,0,45,2,4
2342,train,0,534,69.35,304,62,5,70,2,4
2342,air,0,534,193.05,69,103,45,70,2,4
2342,bus,0,534,33.48,370,73,7,70,2,4
2342,car,1,534,101.46,335,0,0,70,2,4
2343,train,0,534,69.35,304,62,5,70,2,4
2343,air,0,534,193.05,69,103,45,70,2,4
2343,bus,0,534,33.48,370,73,7,70,2,4
2343,car,1,534,101.46,335,0,0,70,2,4
2344,train,0,534,69.35,304,62,5,70,2,4
2344,air,0,534,193.05,69,103,45,70,2,4
2344,bus,0,534,33.48,370,73,7,70,2,4
2344,car,1,534,101.46,335,0,0,70,2,4
2345,train,0,534,69.35,304,62,5,70,2,4
2345,air,0,534,193.05,69,103,45,70,2,4
2345,bus,0,534,33.48,370,73,7,70,2,4
2345,car,1,534,101.46,335,0,0,70,2,4
2346,train,0,534,69.35,304,62,5,15,2,4
2346,air,0,534,193.05,69,103,45,15,2,4
2346,bus,0,534,33.48,370,73,7,15,2,4
2346,car,1,534,101.46,335,0,0,15,2,4
2347,train,0,534,70.35,304,75,5,70,2,4
2347,air,1,534,193.6,69,113,45,70,2,4
2347,bus,0,534,34.23,370,80,7,70,2,4
2347,car,0,534,101.46,335,0,0,70,2,4
2348,train,1,534,70.85,304,77,5,45,2,4
2348,air,0,534,194.5,69,108,45,45,2,4
2348,bus,0,534,33.93,370,85,7,45,2,4
2348,car,0,534,101.46,335,0,0,45,2,4
2349,train,0,534,70.85,304,77,5,55,2,4
2349,air,1,534,194.5,69,108,45,55,2,4
2349,bus,0,534,33.93,370,85,7,55,2,4
2349,car,0,534,101.46,335,0,0,55,2,4
2350,train,0,534,70.85,304,77,5,35,2,4
2350,air,0,534,194.5,69,108,45,35,2,4
2350,bus,0,534,33.93,370,85,7,35,2,4
2350,car,1,534,101.46,335,0,0,35,2,4
2351,train,0,539,72.35,304,80,5,45,2,4
2351,air,1,539,196.1,69,118,45,45,2,4
2351,bus,0,539,34.93,370,90,7,45,2,4
2351,car,0,539,102.41,341,0,0,45,2,4
2354,train,1,572,73.2,304,85,5,45,1,4
2354,air,0,572,192.8,69,108,45,45,1,4
2354,bus,0,572,33.43,370,85,7,45,1,4
2354,car,0,572,108.68,361,0,0,45,1,4
2355,train,1,548,71.35,304,80,5,70,1,4
2355,air,0,548,192.5,69,112,45,70,1,4
2355,bus,0,548,35.43,370,90,7,70,1,4
2355,car,0,548,104.12,341,0,0,70,1,4
2356,train,0,548,71.35,304,80,5,70,1,4
2356,air,1,548,192.5,69,112,45,70,1,4
2356,bus,0,548,35.43,370,90,7,70,1,4
2356,car,0,548,104.12,341,0,0,70,1,4
2357,train,1,541,72.85,304,80,5,45,1,4
2357,air,0,541,192.85,69,116,45,45,1,4
2357,bus,0,541,32.93,370,75,7,45,1,4
2357,car,0,541,102.79,336,0,0,45,1,4
2358,train,1,541,72.85,304,80,5,70,1,4
2358,air,0,541,192.85,69,116,45,70,1,4
2358,bus,0,541,32.93,370,75,7,70,1,4
2358,car,0,541,102.79,336,0,0,70,1,4
2359,train,0,541,72.85,304,80,5,70,1,4
2359,air,1,541,192.85,69,116,45,70,1,4
2359,bus,0,541,32.93,370,75,7,70,1,4
2359,car,0,541,102.79,336,0,0,70,1,4
2360,train,0,541,72.85,304,80,5,70,1,4
2360,air,1,541,192.85,69,116,45,70,1,4
2360,bus,0,541,32.93,370,75,7,70,1,4
2360,car,0,541,102.79,336,0,0,70,1,4
2361,train,0,541,72.85,304,80,5,70,1,4
2361,air,1,541,192.85,69,116,45,70,1,4
2361,bus,0,541,32.93,370,75,7,70,1,4
2361,car,0,541,102.79,336,0,0,70,1,4
2362,train,0,541,72.85,304,80,5,70,1,4
2362,air,1,541,192.85,69,116,45,70,1,4
2362,bus,0,541,32.93,370,75,7,70,1,4
2362,car,0,541,102.79,336,0,0,70,1,4
2363,train,0,541,72.85,304,80,5,23,1,4
2363,air,1,541,192.85,69,116,45,23,1,4
2363,bus,0,541,32.93,370,75,7,23,1,4
2363,car,0,541,102.79,336,0,0,23,1,4
2364,train,0,541,72.85,304,80,5,70,1,4
2364,air,1,541,192.85,69,116,45,70,1,4
2364,bus,0,541,32.93,370,75,7,70,1,4
2364,car,0,541,102.79,336,0,0,70,1,4
2365,train,0,541,72.85,304,80,5,70,1,4
2365,air,1,541,192.85,69,116,45,70,1,4
2365,bus,0,541,32.93,370,75,7,70,1,4
2365,car,0,541,102.79,336,0,0,70,1,4
2366,train,0,541,72.85,304,80,5,70,1,4
2366,air,1,541,192.85,69,116,45,70,1,4
2366,bus,0,541,32.93,370,75,7,70,1,4
2366,car,0,541,102.79,336,0,0,70,1,4
2367,train,0,541,72.85,304,80,5,70,1,4
2367,air,1,541,192.85,69,116,45,70,1,4
2367,bus,0,541,32.93,370,75,7,70,1,4
2367,car,0,541,102.79,336,0,0,70,1,4
2368,train,0,601,73.35,304,89,5,25,1,4
2368,air,1,601,187.8,69,108,45,25,1,4
2368,bus,0,601,33.43,370,95,7,25,1,4
2368,car,0,601,114.19,379,0,0,25,1,4
2371,train,0,607,77.35,304,120,5,70,1,4
2371,air,1,607,196.5,69,153,45,70,1,4
2371,bus,0,607,34.43,370,115,7,70,1,4
2371,car,0,607,115.33,375,0,0,70,1,4
2372,train,0,648,79.35,304,125,5,45,1,4
2372,air,1,648,191,69,158,45,45,1,4
2372,bus,0,648,35.43,370,120,7,45,1,4
2372,car,0,648,123.12,409,0,0,45,1,4
2373,train,0,648,79.35,304,125,5,70,1,4
2373,air,1,648,191,69,158,45,70,1,4
2373,bus,0,648,35.43,370,120,7,70,1,4
2373,car,0,648,123.12,409,0,0,70,1,4
2374,train,1,747,99.5,507,60,2,5,1,4
2374,air,0,747,213.9,84,91,4,5,1,4
2374,bus,0,747,53.64,629,71,6,5,1,4
2374,car,0,747,141.93,461,0,0,5,1,4
2375,train,0,747,99.5,507,60,2,70,1,4
2375,air,1,747,213.9,84,91,4,70,1,4
2375,bus,0,747,53.64,629,71,6,70,1,4
2375,car,0,747,141.93,461,0,0,70,1,4
2376,train,1,750,100.05,534,68,2,25,1,4
2376,air,0,750,214.9,84,99,4,25,1,4
2376,bus,0,750,53.14,629,71,6,25,1,4
2376,car,0,750,142.5,465,0,0,25,1,4
2377,train,1,750,100.05,534,68,2,70,1,4
2377,air,0,750,214.9,84,99,4,70,1,4
2377,bus,0,750,53.14,629,71,6,70,1,4
2377,car,0,750,142.5,465,0,0,70,1,4
2378,train,1,750,100.05,534,68,2,35,1,4
2378,air,0,750,214.9,84,99,4,35,1,4
2378,bus,0,750,53.14,629,71,6,35,1,4
2378,car,0,750,142.5,465,0,0,35,1,4
2379,train,0,750,100.05,534,68,2,45,1,4
2379,air,1,750,214.9,84,99,4,45,1,4
2379,bus,0,750,53.14,629,71,6,45,1,4
2379,car,0,750,142.5,465,0,0,45,1,4
2380,train,0,750,100.05,534,68,2,70,1,4
2380,air,1,750,214.9,84,99,4,70,1,4
2380,bus,0,750,53.14,629,71,6,70,1,4
2380,car,0,750,142.5,465,0,0,70,1,4
2381,train,0,750,100.05,534,68,2,35,1,4
2381,air,1,750,214.9,84,99,4,35,1,4
2381,bus,0,750,53.14,629,71,6,35,1,4
2381,car,0,750,142.5,465,0,0,35,1,4
2382,train,0,750,100.05,534,68,2,70,1,4
2382,air,1,750,214.9,84,99,4,70,1,4
2382,bus,0,750,53.14,629,71,6,70,1,4
2382,car,0,750,142.5,465,0,0,70,1,4
2383,train,0,750,100.05,534,68,2,55,1,4
2383,air,1,750,214.9,84,99,4,55,1,4
2383,bus,0,750,53.14,629,71,6,55,1,4
2383,car,0,750,142.5,465,0,0,55,1,4
2384,train,0,891,103.75,534,80,2,25,1,4
2384,air,1,891,222.9,84,103,4,25,1,4
2384,bus,0,891,55.39,629,80,6,25,1,4
2384,car,0,891,169.29,582,0,0,25,1,4
2387,train,0,601,74.35,304,110,5,35,1,4
2387,air,1,601,193.1,69,138,45,35,1,4
2387,bus,0,601,34.43,370,110,7,35,1,4
2387,car,0,601,114.19,379,0,0,35,1,4
2388,train,0,601,74.35,304,110,5,45,1,4
2388,air,1,601,193.1,69,138,45,45,1,4
2388,bus,0,601,34.43,370,110,7,45,1,4
2388,car,0,601,114.19,379,0,0,45,1,4
2389,train,1,575,79.35,304,95,5,25,1,4
2389,air,0,575,196.5,69,123,45,25,1,4
2389,bus,0,575,34.43,370,95,7,25,1,4
2389,car,0,575,109.25,357,0,0,25,1,4
2390,train,0,605,79.35,304,95,5,55,1,4
2390,air,1,605,196.5,69,128,45,55,1,4
2390,bus,0,605,34.43,370,100,7,55,1,4
2390,car,0,605,114.95,380,0,0,55,1,4
2392,train,0,754,103.75,534,80,2,70,1,4
2392,air,1,754,214.9,84,98,4,70,1,4
2392,bus,0,754,53.39,629,80,6,70,1,4
2392,car,0,754,143.26,473,0,0,70,1,4
2393,train,0,957,105.75,534,120,2,70,1,4
2393,air,1,957,222.9,84,103,4,70,1,4
2393,bus,0,957,56.39,629,120,6,70,1,4
2393,car,0,957,181.83,636,0,0,70,1,4
2394,train,0,957,105.75,534,120,2,45,1,4
2394,air,1,957,222.9,84,103,4,45,1,4
2394,bus,0,957,56.39,629,120,6,45,1,4
2394,car,0,957,181.83,636,0,0,45,1,4
2395,train,0,227,47,120,126,12,70,1,4
2395,air,0,227,129.4,40,135,25,70,1,4
2395,bus,0,227,24.78,245,70,1,70,1,4
2395,car,1,227,43.13,193,0,0,70,1,4
2396,train,0,422,64.4,263,75,3,45,2,4
2396,air,1,422,153.5,58,85,36,45,2,4
2396,bus,0,422,31.6,290,82,10,45,2,4
2396,car,0,422,80.18,285,0,0,45,2,4
2398,train,0,539,71.2,304,63,5,35,2,4
2398,air,1,539,183.45,69,90,45,35,2,4
2398,bus,0,539,32.81,370,78,7,35,2,4
2398,car,0,539,102.41,341,0,0,35,2,4
2400,train,1,424,63.9,263,89,3,70,2,4
2400,air,0,424,153.5,58,95,36,70,2,4
2400,bus,0,424,33.45,290,92,10,70,2,4
2400,car,0,424,80.56,287,0,0,70,2,4
2401,train,0,424,63.9,263,89,3,70,2,4
2401,air,1,424,153.5,58,95,36,70,2,4
2401,bus,0,424,33.45,290,92,10,70,2,4
2401,car,0,424,80.56,287,0,0,70,2,4
2402,train,0,424,63.9,263,89,3,70,2,4
2402,air,1,424,153.5,58,95,36,70,2,4
2402,bus,0,424,33.45,290,92,10,70,2,4
2402,car,0,424,80.56,287,0,0,70,2,4
2403,train,0,424,63.9,263,89,3,70,2,4
2403,air,1,424,153.5,58,95,36,70,2,4
2403,bus,0,424,33.45,290,92,10,70,2,4
2403,car,0,424,80.56,287,0,0,70,2,4
2404,train,0,429,66.9,263,95,3,55,1,4
2404,air,1,429,159.9,58,100,36,55,1,4
2404,bus,0,429,32.25,290,90,10,55,1,4
2404,car,0,429,81.51,294,0,0,55,1,4
2405,train,0,546,80.15,304,95,5,55,1,4
2405,air,0,546,178.9,69,107,45,55,1,4
2405,bus,0,546,34.61,370,95,7,55,1,4
2405,car,1,546,103.74,350,0,0,55,1,4
2406,train,0,536,73.25,304,90,5,35,2,4
2406,air,1,536,176.9,69,100,45,35,2,4
2406,bus,0,536,34.51,370,93,7,35,2,4
2406,car,0,536,101.84,337,0,0,35,2,4
2407,train,1,541,70.7,304,77,5,25,2,4
2407,air,0,541,183.45,69,100,45,25,2,4
2407,bus,0,541,34.66,370,88,7,25,2,4
2407,car,0,541,102.79,343,0,0,25,2,4
2408,train,0,579,80.7,304,115,5,45,1,4
2408,air,1,579,186.9,69,130,45,45,1,4
2408,bus,0,579,34.61,370,115,7,45,1,4
2408,car,0,579,110.01,394,0,0,45,1,4
2415,train,0,211,42.7,109,100,5,55,1,4
2415,air,0,211,152.75,60,114,6,55,1,4
2415,bus,0,211,18.16,119,95,4,55,1,4
2415,car,1,211,40.09,149,0,0,55,1,4
2416,train,0,211,42.7,109,100,5,35,1,4
2416,air,0,211,152.75,60,114,6,35,1,4
2416,bus,0,211,18.16,119,95,4,35,1,4
2416,car,1,211,40.09,149,0,0,35,1,4
2417,train,0,211,42.7,109,100,5,45,1,4
2417,air,0,211,152.75,60,114,6,45,1,4
2417,bus,0,211,18.16,119,95,4,45,1,4
2417,car,1,211,40.09,149,0,0,45,1,4
2418,train,0,168,38.1,96,90,2,55,1,4
2418,air,0,168,152.75,60,124,6,55,1,4
2418,bus,0,168,18.76,119,82,4,55,1,4
2418,car,1,168,31.92,117,0,0,55,1,4
2419,train,1,183,40.5,109,90,5,70,1,4
2419,air,0,183,152.75,60,114,6,70,1,4
2419,bus,0,183,18.36,119,90,4,70,1,4
2419,car,0,183,34.77,126,0,0,70,1,4
2420,train,1,183,40.5,109,90,5,35,1,4
2420,air,0,183,152.75,60,114,6,35,1,4
2420,bus,0,183,18.36,119,90,4,35,1,4
2420,car,0,183,34.77,126,0,0,35,1,4
2421,train,0,183,40.5,109,90,5,70,1,4
2421,air,0,183,152.75,60,114,6,70,1,4
2421,bus,0,183,18.36,119,90,4,70,1,4
2421,car,1,183,34.77,126,0,0,70,1,4
2422,train,0,183,40.5,109,90,5,15,1,4
2422,air,0,183,152.75,60,114,6,15,1,4
2422,bus,0,183,18.36,119,90,4,15,1,4
2422,car,1,183,34.77,126,0,0,15,1,4
2423,train,0,183,40.5,109,90,5,70,1,4
2423,air,0,183,152.75,60,114,6,70,1,4
2423,bus,0,183,18.36,119,90,4,70,1,4
2423,car,1,183,34.77,126,0,0,70,1,4
2424,train,1,246,47.4,148,90,8,25,1,4
2424,air,0,246,149.9,60,82,6,25,1,4
2424,bus,0,246,23.56,183,85,8,25,1,4
2424,car,0,246,46.74,163,0,0,25,1,4
2425,train,1,246,47.4,148,90,8,55,1,4
2425,air,0,246,149.9,60,82,6,55,1,4
2425,bus,0,246,23.56,183,85,8,55,1,4
2425,car,0,246,46.74,163,0,0,55,1,4
2426,train,1,246,47.4,148,90,8,70,1,4
2426,air,0,246,149.9,60,82,6,70,1,4
2426,bus,0,246,23.56,183,85,8,70,1,4
2426,car,0,246,46.74,163,0,0,70,1,4
2427,train,1,246,47.4,148,90,8,70,1,4
2427,air,0,246,149.9,60,82,6,70,1,4
2427,bus,0,246,23.56,183,85,8,70,1,4
2427,car,0,246,46.74,163,0,0,70,1,4
2428,train,0,246,47.4,148,90,8,70,1,4
2428,air,1,246,149.9,60,82,6,70,1,4
2428,bus,0,246,23.56,183,85,8,70,1,4
2428,car,0,246,46.74,163,0,0,70,1,4
2429,train,0,246,47.4,148,90,8,70,1,4
2429,air,0,246,149.9,60,82,6,70,1,4
2429,bus,0,246,23.56,183,85,8,70,1,4
2429,car,1,246,46.74,163,0,0,70,1,4
2430,train,0,246,47.4,148,90,8,55,1,4
2430,air,0,246,149.9,60,82,6,55,1,4
2430,bus,0,246,23.56,183,85,8,55,1,4
2430,car,1,246,46.74,163,0,0,55,1,4
2431,train,0,246,47.4,148,90,8,35,1,4
2431,air,0,246,149.9,60,82,6,35,1,4
2431,bus,0,246,23.56,183,85,8,35,1,4
2431,car,1,246,46.74,163,0,0,35,1,4
2432,train,0,246,47.4,148,90,8,55,1,4
2432,air,0,246,149.9,60,82,6,55,1,4
2432,bus,0,246,23.56,183,85,8,55,1,4
2432,car,1,246,46.74,163,0,0,55,1,4
2433,train,0,246,47.4,148,90,8,45,1,4
2433,air,0,246,149.9,60,82,6,45,1,4
2433,bus,0,246,23.56,183,85,8,45,1,4
2433,car,1,246,46.74,163,0,0,45,1,4
2434,train,0,277,49.9,148,103,8,55,1,4
2434,air,0,277,152.75,60,104,6,55,1,4
2434,bus,0,277,25.56,183,100,8,55,1,4
2434,car,1,277,52.63,196,0,0,55,1,4
2435,train,0,325,57.7,190,85,5,55,1,4
2435,air,0,325,171.35,58,154,36,55,1,4
2435,bus,0,325,26.24,304,85,2,55,1,4
2435,car,1,325,61.75,210,0,0,55,1,4
2436,train,0,325,57.7,190,85,5,70,1,4
2436,air,0,325,171.35,58,154,36,70,1,4
2436,bus,0,325,26.24,304,85,2,70,1,4
2436,car,1,325,61.75,210,0,0,70,1,4
2437,train,0,345,54.9,148,120,8,70,1,4
2437,air,0,345,167.95,58,119,36,70,1,4
2437,bus,0,345,28.24,304,103,2,70,1,4
2437,car,1,345,65.55,227,0,0,70,1,4
2438,train,0,421,54.3,238,85,3,25,1,4
2438,air,0,421,171.35,58,144,36,25,1,4
2438,bus,0,421,29.24,304,125,2,25,1,4
2438,car,1,421,79.99,269,0,0,25,1,4
2439,train,0,421,54.3,238,85,3,70,1,4
2439,air,0,421,171.35,58,144,36,70,1,4
2439,bus,0,421,29.24,304,125,2,70,1,4
2439,car,1,421,79.99,269,0,0,70,1,4
2440,train,0,421,54.3,238,85,3,70,1,4
2440,air,0,421,171.35,58,144,36,70,1,4
2440,bus,0,421,29.24,304,125,2,70,1,4
2440,car,1,421,79.99,269,0,0,70,1,4
2441,train,0,421,54.3,238,85,3,70,1,4
2441,air,0,421,171.35,58,144,36,70,1,4
2441,bus,0,421,29.24,304,125,2,70,1,4
2441,car,1,421,79.99,269,0,0,70,1,4
2442,train,0,479,58.3,238,110,3,70,1,4
2442,air,1,479,171.35,58,144,36,70,1,4
2442,bus,0,479,29.24,304,125,2,70,1,4
2442,car,0,479,91.01,310,0,0,70,1,4
2443,train,0,353,61.7,223,90,3,70,1,4
2443,air,1,353,161.95,58,127,36,70,1,4
2443,bus,0,353,31.3,299,84,1,70,1,4
2443,car,0,353,67.07,251,0,0,70,1,4
2444,train,0,353,61.7,223,90,3,29,1,4
2444,air,0,353,161.95,58,127,36,29,1,4
2444,bus,0,353,31.3,299,84,1,29,1,4
2444,car,1,353,67.07,251,0,0,29,1,4
2445,train,0,353,61.7,223,90,3,70,1,4
2445,air,0,353,161.95,58,127,36,70,1,4
2445,bus,0,353,31.3,299,84,1,70,1,4
2445,car,1,353,67.07,251,0,0,70,1,4
2446,train,0,393,66.9,263,110,3,55,1,4
2446,air,1,393,166.35,58,109,36,55,1,4
2446,bus,0,393,31,290,100,10,55,1,4
2446,car,0,393,74.67,263,0,0,55,1,4
2447,train,0,393,66.9,263,110,3,25,1,4
2447,air,0,393,166.35,58,109,36,25,1,4
2447,bus,0,393,31,290,100,10,25,1,4
2447,car,1,393,74.67,263,0,0,25,1,4
2448,train,0,391,66.9,263,110,3,70,2,4
2448,air,1,391,163.35,58,99,36,70,2,4
2448,bus,0,391,31,290,93,10,70,2,4
2448,car,0,391,74.29,283,0,0,70,2,4
2449,train,0,391,66.9,263,110,3,70,2,4
2449,air,1,391,163.35,58,99,36,70,2,4
2449,bus,0,391,31,290,93,10,70,2,4
2449,car,0,391,74.29,283,0,0,70,2,4
2450,train,0,391,66.9,263,110,3,70,2,4
2450,air,1,391,163.35,58,99,36,70,2,4
2450,bus,0,391,31,290,93,10,70,2,4
2450,car,0,391,74.29,283,0,0,70,2,4
2451,train,0,391,66.9,263,110,3,35,2,4
2451,air,1,391,163.35,58,99,36,35,2,4
2451,bus,0,391,31,290,93,10,35,2,4
2451,car,0,391,74.29,283,0,0,35,2,4
2452,train,0,391,66.9,263,110,3,70,2,4
2452,air,1,391,163.35,58,99,36,70,2,4
2452,bus,0,391,31,290,93,10,70,2,4
2452,car,0,391,74.29,283,0,0,70,2,4
2453,train,1,425,64.9,263,99,3,25,2,4
2453,air,0,425,159.95,58,94,36,25,2,4
2453,bus,0,425,32.2,290,92,10,25,2,4
2453,car,0,425,80.75,289,0,0,25,2,4
2454,train,1,425,64.9,263,99,3,35,2,4
2454,air,0,425,159.95,58,94,36,35,2,4
2454,bus,0,425,32.2,290,92,10,35,2,4
2454,car,0,425,80.75,289,0,0,35,2,4
2455,train,0,425,64.9,263,99,3,70,2,4
2455,air,1,425,159.95,58,94,36,70,2,4
2455,bus,0,425,32.2,290,92,10,70,2,4
2455,car,0,425,80.75,289,0,0,70,2,4
2456,train,0,425,64.9,263,99,3,70,2,4
2456,air,1,425,159.95,58,94,36,70,2,4
2456,bus,0,425,32.2,290,92,10,70,2,4
2456,car,0,425,80.75,289,0,0,70,2,4
2457,train,0,425,64.9,263,99,3,70,2,4
2457,air,1,425,159.95,58,94,36,70,2,4
2457,bus,0,425,32.2,290,92,10,70,2,4
2457,car,0,425,80.75,289,0,0,70,2,4
2458,train,0,425,64.9,263,99,3,55,2,4
2458,air,1,425,159.95,58,94,36,55,2,4
2458,bus,0,425,32.2,290,92,10,55,2,4
2458,car,0,425,80.75,289,0,0,55,2,4
2459,train,0,425,64.9,263,99,3,70,2,4
2459,air,1,425,159.95,58,94,36,70,2,4
2459,bus,0,425,32.2,290,92,10,70,2,4
2459,car,0,425,80.75,289,0,0,70,2,4
2460,train,0,425,64.9,263,99,3,70,2,4
2460,air,1,425,159.95,58,94,36,70,2,4
2460,bus,0,425,32.2,290,92,10,70,2,4
2460,car,0,425,80.75,289,0,0,70,2,4
2461,train,0,425,64.9,263,99,3,45,2,4
2461,air,1,425,159.95,58,94,36,45,2,4
2461,bus,0,425,32.2,290,92,10,45,2,4
2461,car,0,425,80.75,289,0,0,45,2,4
2462,train,0,425,64.9,263,99,3,70,2,4
2462,air,1,425,159.95,58,94,36,70,2,4
2462,bus,0,425,32.2,290,92,10,70,2,4
2462,car,0,425,80.75,289,0,0,70,2,4
2463,train,0,425,64.9,263,99,3,35,2,4
2463,air,1,425,159.95,58,94,36,35,2,4
2463,bus,0,425,32.2,290,92,10,35,2,4
2463,car,0,425,80.75,289,0,0,35,2,4
2464,train,0,425,64.9,263,99,3,70,2,4
2464,air,1,425,159.95,58,94,36,70,2,4
2464,bus,0,425,32.2,290,92,10,70,2,4
2464,car,0,425,80.75,289,0,0,70,2,4
2465,train,0,425,64.9,263,99,3,70,2,4
2465,air,1,425,159.95,58,94,36,70,2,4
2465,bus,0,425,32.2,290,92,10,70,2,4
2465,car,0,425,80.75,289,0,0,70,2,4
2466,train,0,425,64.9,263,99,3,70,2,4
2466,air,1,425,159.95,58,94,36,70,2,4
2466,bus,0,425,32.2,290,92,10,70,2,4
2466,car,0,425,80.75,289,0,0,70,2,4
2467,train,0,425,64.9,263,99,3,70,2,4
2467,air,1,425,159.95,58,94,36,70,2,4
2467,bus,0,425,32.2,290,92,10,70,2,4
2467,car,0,425,80.75,289,0,0,70,2,4
2468,train,0,425,64.9,263,99,3,70,2,4
2468,air,1,425,159.95,58,94,36,70,2,4
2468,bus,0,425,32.2,290,92,10,70,2,4
2468,car,0,425,80.75,289,0,0,70,2,4
2469,train,0,425,64.9,263,99,3,35,2,4
2469,air,1,425,159.95,58,94,36,35,2,4
2469,bus,0,425,32.2,290,92,10,35,2,4
2469,car,0,425,80.75,289,0,0,35,2,4
2470,train,0,425,64.9,263,99,3,70,2,4
2470,air,1,425,159.95,58,94,36,70,2,4
2470,bus,0,425,32.2,290,92,10,70,2,4
2470,car,0,425,80.75,289,0,0,70,2,4
2471,train,0,425,64.9,263,99,3,70,2,4
2471,air,1,425,159.95,58,94,36,70,2,4
2471,bus,0,425,32.2,290,92,10,70,2,4
2471,car,0,425,80.75,289,0,0,70,2,4
2472,train,0,425,64.9,263,99,3,70,2,4
2472,air,1,425,159.95,58,94,36,70,2,4
2472,bus,0,425,32.2,290,92,10,70,2,4
2472,car,0,425,80.75,289,0,0,70,2,4
2473,train,0,425,64.9,263,99,3,35,2,4
2473,air,1,425,159.95,58,94,36,35,2,4
2473,bus,0,425,32.2,290,92,10,35,2,4
2473,car,0,425,80.75,289,0,0,35,2,4
2474,train,0,425,64.9,263,99,3,70,2,4
2474,air,1,425,159.95,58,94,36,70,2,4
2474,bus,0,425,32.2,290,92,10,70,2,4
2474,car,0,425,80.75,289,0,0,70,2,4
2475,train,0,425,64.9,263,99,3,70,2,4
2475,air,1,425,159.95,58,94,36,70,2,4
2475,bus,0,425,32.2,290,92,10,70,2,4
2475,car,0,425,80.75,289,0,0,70,2,4
2476,train,0,425,64.9,263,99,3,70,2,4
2476,air,1,425,159.95,58,94,36,70,2,4
2476,bus,0,425,32.2,290,92,10,70,2,4
2476,car,0,425,80.75,289,0,0,70,2,4
2477,train,0,425,64.9,263,99,3,70,2,4
2477,air,1,425,159.95,58,94,36,70,2,4
2477,bus,0,425,32.2,290,92,10,70,2,4
2477,car,0,425,80.75,289,0,0,70,2,4
2478,train,0,425,64.9,263,99,3,70,2,4
2478,air,1,425,159.95,58,94,36,70,2,4
2478,bus,0,425,32.2,290,92,10,70,2,4
2478,car,0,425,80.75,289,0,0,70,2,4
2479,train,0,425,64.9,263,99,3,35,2,4
2479,air,1,425,159.95,58,94,36,35,2,4
2479,bus,0,425,32.2,290,92,10,35,2,4
2479,car,0,425,80.75,289,0,0,35,2,4
2480,train,0,425,64.9,263,99,3,70,2,4
2480,air,1,425,159.95,58,94,36,70,2,4
2480,bus,0,425,32.2,290,92,10,70,2,4
2480,car,0,425,80.75,289,0,0,70,2,4
2481,train,0,425,64.9,263,99,3,35,2,4
2481,air,1,425,159.95,58,94,36,35,2,4
2481,bus,0,425,32.2,290,92,10,35,2,4
2481,car,0,425,80.75,289,0,0,35,2,4
2482,train,0,425,64.9,263,99,3,70,2,4
2482,air,1,425,159.95,58,94,36,70,2,4
2482,bus,0,425,32.2,290,92,10,70,2,4
2482,car,0,425,80.75,289,0,0,70,2,4
2483,train,0,425,64.9,263,99,3,55,2,4
2483,air,1,425,159.95,58,94,36,55,2,4
2483,bus,0,425,32.2,290,92,10,55,2,4
2483,car,0,425,80.75,289,0,0,55,2,4
2484,train,0,425,64.9,263,99,3,70,2,4
2484,air,1,425,159.95,58,94,36,70,2,4
2484,bus,0,425,32.2,290,92,10,70,2,4
2484,car,0,425,80.75,289,0,0,70,2,4
2485,train,0,425,64.9,263,99,3,25,2,4
2485,air,1,425,159.95,58,94,36,25,2,4
2485,bus,0,425,32.2,290,92,10,25,2,4
2485,car,0,425,80.75,289,0,0,25,2,4
2486,train,0,425,64.9,263,99,3,35,2,4
2486,air,1,425,159.95,58,94,36,35,2,4
2486,bus,0,425,32.2,290,92,10,35,2,4
2486,car,0,425,80.75,289,0,0,35,2,4
2487,train,0,425,64.9,263,99,3,35,2,4
2487,air,1,425,159.95,58,94,36,35,2,4
2487,bus,0,425,32.2,290,92,10,35,2,4
2487,car,0,425,80.75,289,0,0,35,2,4
2488,train,0,425,64.9,263,99,3,70,2,4
2488,air,1,425,159.95,58,94,36,70,2,4
2488,bus,0,425,32.2,290,92,10,70,2,4
2488,car,0,425,80.75,289,0,0,70,2,4
2489,train,0,425,64.9,263,99,3,70,2,4
2489,air,1,425,159.95,58,94,36,70,2,4
2489,bus,0,425,32.2,290,92,10,70,2,4
2489,car,0,425,80.75,289,0,0,70,2,4
2490,train,0,425,64.9,263,99,3,70,2,4
2490,air,1,425,159.95,58,94,36,70,2,4
2490,bus,0,425,32.2,290,92,10,70,2,4
2490,car,0,425,80.75,289,0,0,70,2,4
2491,train,0,425,64.9,263,99,3,70,2,4
2491,air,1,425,159.95,58,94,36,70,2,4
2491,bus,0,425,32.2,290,92,10,70,2,4
2491,car,0,425,80.75,289,0,0,70,2,4
2492,train,0,425,64.9,263,99,3,70,2,4
2492,air,1,425,159.95,58,94,36,70,2,4
2492,bus,0,425,32.2,290,92,10,70,2,4
2492,car,0,425,80.75,289,0,0,70,2,4
2493,train,0,425,64.9,263,99,3,70,2,4
2493,air,1,425,159.95,58,94,36,70,2,4
2493,bus,0,425,32.2,290,92,10,70,2,4
2493,car,0,425,80.75,289,0,0,70,2,4
2494,train,0,425,64.9,263,99,3,55,2,4
2494,air,1,425,159.95,58,94,36,55,2,4
2494,bus,0,425,32.2,290,92,10,55,2,4
2494,car,0,425,80.75,289,0,0,55,2,4
2495,train,0,425,64.9,263,99,3,70,2,4
2495,air,1,425,159.95,58,94,36,70,2,4
2495,bus,0,425,32.2,290,92,10,70,2,4
2495,car,0,425,80.75,289,0,0,70,2,4
2496,train,0,425,64.9,263,99,3,70,2,4
2496,air,1,425,159.95,58,94,36,70,2,4
2496,bus,0,425,32.2,290,92,10,70,2,4
2496,car,0,425,80.75,289,0,0,70,2,4
2497,train,0,425,64.9,263,99,3,55,2,4
2497,air,1,425,159.95,58,94,36,55,2,4
2497,bus,0,425,32.2,290,92,10,55,2,4
2497,car,0,425,80.75,289,0,0,55,2,4
2498,train,0,425,64.9,263,99,3,25,2,4
2498,air,1,425,159.95,58,94,36,25,2,4
2498,bus,0,425,32.2,290,92,10,25,2,4
2498,car,0,425,80.75,289,0,0,25,2,4
2499,train,0,425,64.9,263,99,3,35,2,4
2499,air,1,425,159.95,58,94,36,35,2,4
2499,bus,0,425,32.2,290,92,10,35,2,4
2499,car,0,425,80.75,289,0,0,35,2,4
2500,train,0,425,64.9,263,99,3,70,2,4
2500,air,0,425,159.95,58,94,36,70,2,4
2500,bus,0,425,32.2,290,92,10,70,2,4
2500,car,1,425,80.75,289,0,0,70,2,4
2501,train,0,425,64.9,263,99,3,45,2,4
2501,air,0,425,159.95,58,94,36,45,2,4
2501,bus,0,425,32.2,290,92,10,45,2,4
2501,car,1,425,80.75,289,0,0,45,2,4
2502,train,0,425,64.9,263,99,3,35,2,4
2502,air,0,425,159.95,58,94,36,35,2,4
2502,bus,0,425,32.2,290,92,10,35,2,4
2502,car,1,425,80.75,289,0,0,35,2,4
2503,train,0,425,64.9,263,99,3,25,2,4
2503,air,0,425,159.95,58,94,36,25,2,4
2503,bus,0,425,32.2,290,92,10,25,2,4
2503,car,1,425,80.75,289,0,0,25,2,4
2504,train,0,425,64.9,263,99,3,35,2,4
2504,air,0,425,159.95,58,94,36,35,2,4
2504,bus,0,425,32.2,290,92,10,35,2,4
2504,car,1,425,80.75,289,0,0,35,2,4
2505,train,0,425,64.9,263,99,3,70,2,4
2505,air,0,425,159.95,58,94,36,70,2,4
2505,bus,0,425,32.2,290,92,10,70,2,4
2505,car,1,425,80.75,289,0,0,70,2,4
2506,train,1,435,66.6,263,100,3,45,2,4
2506,air,0,435,161.35,58,94,36,45,2,4
2506,bus,0,435,32,290,95,10,45,2,4
2506,car,0,435,82.65,303,0,0,45,2,4
2507,train,0,435,66.6,263,100,3,55,2,4
2507,air,1,435,161.35,58,94,36,55,2,4
2507,bus,0,435,32,290,95,10,55,2,4
2507,car,0,435,82.65,303,0,0,55,2,4
2508,train,0,435,66.6,263,100,3,32,2,4
2508,air,1,435,161.35,58,94,36,32,2,4
2508,bus,0,435,32,290,95,10,32,2,4
2508,car,0,435,82.65,303,0,0,32,2,4
2509,train,0,430,67.9,263,105,3,55,1,4
2509,air,1,430,166.35,58,99,36,55,1,4
2509,bus,0,430,31,290,90,10,55,1,4
2509,car,0,430,81.7,296,0,0,55,1,4
2510,train,0,430,67.9,263,105,3,70,1,4
2510,air,1,430,166.35,58,99,36,70,1,4
2510,bus,0,430,31,290,90,10,70,1,4
2510,car,0,430,81.7,296,0,0,70,1,4
2511,train,0,430,67.9,263,105,3,70,1,4
2511,air,1,430,166.35,58,99,36,70,1,4
2511,bus,0,430,31,290,90,10,70,1,4
2511,car,0,430,81.7,296,0,0,70,1,4
2512,train,0,430,67.9,263,105,3,45,1,4
2512,air,1,430,166.35,58,99,36,45,1,4
2512,bus,0,430,31,290,90,10,45,1,4
2512,car,0,430,81.7,296,0,0,45,1,4
2513,train,1,634,68.9,263,135,3,45,1,4
2513,air,0,634,166.35,58,129,36,45,1,4
2513,bus,0,634,32,290,120,10,45,1,4
2513,car,0,634,120.46,464,0,0,45,1,4
2514,train,0,541,81.7,304,118,5,70,1,4
2514,air,1,541,193.35,69,119,45,70,1,4
2514,bus,0,541,33.36,370,110,7,70,1,4
2514,car,0,541,102.79,358,0,0,70,1,4
2515,train,0,541,81.7,304,118,5,25,1,4
2515,air,1,541,193.35,69,119,45,25,1,4
2515,bus,0,541,33.36,370,110,7,25,1,4
2515,car,0,541,102.79,358,0,0,25,1,4
2516,train,0,610,83.7,304,130,5,70,1,4
2516,air,1,610,193.35,69,124,45,70,1,4
2516,bus,0,610,33.36,370,120,7,70,1,4
2516,car,0,610,115.9,408,0,0,70,1,4
2517,train,0,610,83.7,304,130,5,55,1,4
2517,air,1,610,193.35,69,124,45,55,1,4
2517,bus,0,610,33.36,370,120,7,55,1,4
2517,car,0,610,115.9,408,0,0,55,1,4
2518,train,0,547,81.15,304,105,5,70,1,4
2518,air,1,547,185.35,69,106,45,70,1,4
2518,bus,0,547,33.36,370,95,7,70,1,4
2518,car,0,547,103.93,352,0,0,70,1,4
2519,train,0,547,79.7,304,110,5,35,1,4
2519,air,1,547,185.35,69,106,45,35,1,4
2519,bus,0,547,33.36,370,100,7,35,1,4
2519,car,0,547,103.93,352,0,0,35,1,4
2520,train,0,547,79.7,304,110,5,55,1,4
2520,air,1,547,185.35,69,106,45,55,1,4
2520,bus,0,547,33.36,370,100,7,55,1,4
2520,car,0,547,103.93,352,0,0,55,1,4
2545,train,0,537,74.25,304,100,5,70,2,4
2545,air,1,537,183.35,69,99,45,70,2,4
2545,bus,0,537,33.26,370,93,7,70,2,4
2545,car,0,537,102.03,339,0,0,70,2,4
2546,train,0,537,74.25,304,100,5,35,2,4
2546,air,1,537,183.35,69,99,45,35,2,4
2546,bus,0,537,33.26,370,93,7,35,2,4
2546,car,0,537,102.03,339,0,0,35,2,4
2547,train,0,537,74.25,304,100,5,35,2,4
2547,air,1,537,183.35,69,99,45,35,2,4
2547,bus,0,537,33.26,370,93,7,35,2,4
2547,car,0,537,102.03,339,0,0,35,2,4
2548,train,0,537,74.25,304,100,5,25,2,4
2548,air,1,537,183.35,69,99,45,25,2,4
2548,bus,0,537,33.26,370,93,7,25,2,4
2548,car,0,537,102.03,339,0,0,25,2,4
2549,train,0,537,74.25,304,100,5,70,2,4
2549,air,1,537,183.35,69,99,45,70,2,4
2549,bus,0,537,33.26,370,93,7,70,2,4
2549,car,0,537,102.03,339,0,0,70,2,4
2550,train,0,537,74.25,304,100,5,70,2,4
2550,air,1,537,183.35,69,99,45,70,2,4
2550,bus,0,537,33.26,370,93,7,70,2,4
2550,car,0,537,102.03,339,0,0,70,2,4
2551,train,0,537,74.25,304,100,5,45,2,4
2551,air,1,537,183.35,69,99,45,45,2,4
2551,bus,0,537,33.26,370,93,7,45,2,4
2551,car,0,537,102.03,339,0,0,45,2,4
2552,train,0,537,74.25,304,100,5,70,2,4
2552,air,0,537,183.35,69,99,45,70,2,4
2552,bus,0,537,33.26,370,93,7,70,2,4
2552,car,1,537,102.03,339,0,0,70,2,4
2553,train,0,542,73.7,304,95,5,70,2,4
2553,air,1,542,184,69,102,45,70,2,4
2553,bus,0,542,33.46,370,90,7,70,2,4
2553,car,0,542,102.98,346,0,0,70,2,4
2554,train,0,542,73.7,304,95,5,55,2,4
2554,air,1,542,184,69,102,45,55,2,4
2554,bus,0,542,33.46,370,90,7,55,2,4
2554,car,0,542,102.98,346,0,0,55,2,4
2555,train,0,542,73.7,304,95,5,70,2,4
2555,air,1,542,184,69,102,45,70,2,4
2555,bus,0,542,33.46,370,90,7,70,2,4
2555,car,0,542,102.98,346,0,0,70,2,4
2556,train,1,542,71.7,304,87,5,15,2,4
2556,air,0,542,189.9,69,99,45,15,2,4
2556,bus,0,542,33.41,370,88,7,15,2,4
2556,car,0,542,102.98,346,0,0,15,2,4
2557,train,1,542,71.7,304,87,5,45,2,4
2557,air,0,542,189.9,69,99,45,45,2,4
2557,bus,0,542,33.41,370,88,7,45,2,4
2557,car,0,542,102.98,346,0,0,45,2,4
2558,train,1,542,71.7,304,87,5,55,2,4
2558,air,0,542,189.9,69,99,45,55,2,4
2558,bus,0,542,33.41,370,88,7,55,2,4
2558,car,0,542,102.98,346,0,0,55,2,4
2559,train,1,542,71.7,304,87,5,70,2,4
2559,air,0,542,189.9,69,99,45,70,2,4
2559,bus,0,542,33.41,370,88,7,70,2,4
2559,car,0,542,102.98,346,0,0,70,2,4
2560,train,0,542,71.7,304,87,5,70,2,4
2560,air,1,542,189.9,69,99,45,70,2,4
2560,bus,0,542,33.41,370,88,7,70,2,4
2560,car,0,542,102.98,346,0,0,70,2,4
2561,train,0,542,71.7,304,87,5,55,2,4
2561,air,1,542,189.9,69,99,45,55,2,4
2561,bus,0,542,33.41,370,88,7,55,2,4
2561,car,0,542,102.98,346,0,0,55,2,4
2562,train,0,542,71.7,304,87,5,70,2,4
2562,air,1,542,189.9,69,99,45,70,2,4
2562,bus,0,542,33.41,370,88,7,70,2,4
2562,car,0,542,102.98,346,0,0,70,2,4
2563,train,0,542,71.7,304,87,5,70,2,4
2563,air,1,542,189.9,69,99,45,70,2,4
2563,bus,0,542,33.41,370,88,7,70,2,4
2563,car,0,542,102.98,346,0,0,70,2,4
2564,train,0,542,71.7,304,87,5,70,2,4
2564,air,1,542,189.9,69,99,45,70,2,4
2564,bus,0,542,33.41,370,88,7,70,2,4
2564,car,0,542,102.98,346,0,0,70,2,4
2565,train,0,542,71.7,304,87,5,70,2,4
2565,air,1,542,189.9,69,99,45,70,2,4
2565,bus,0,542,33.41,370,88,7,70,2,4
2565,car,0,542,102.98,346,0,0,70,2,4
2566,train,0,542,71.7,304,87,5,70,2,4
2566,air,1,542,189.9,69,99,45,70,2,4
2566,bus,0,542,33.41,370,88,7,70,2,4
2566,car,0,542,102.98,346,0,0,70,2,4
2567,train,0,542,71.7,304,87,5,70,2,4
2567,air,0,542,189.9,69,99,45,70,2,4
2567,bus,0,542,33.41,370,88,7,70,2,4
2567,car,1,542,102.98,346,0,0,70,2,4
2568,train,0,542,71.7,304,87,5,70,2,4
2568,air,0,542,189.9,69,99,45,70,2,4
2568,bus,0,542,33.41,370,88,7,70,2,4
2568,car,1,542,102.98,346,0,0,70,2,4
2569,train,0,542,73.2,304,102,5,70,2,4
2569,air,1,542,191.35,69,104,45,70,2,4
2569,bus,0,542,33.86,370,100,7,70,2,4
2569,car,0,542,102.98,346,0,0,70,2,4
2570,train,0,542,73.2,304,102,5,55,2,4
2570,air,1,542,191.35,69,104,45,55,2,4
2570,bus,0,542,33.86,370,100,7,55,2,4
2570,car,0,542,102.98,346,0,0,55,2,4
2571,train,0,542,73.2,304,102,5,70,2,4
2571,air,1,542,191.35,69,104,45,70,2,4
2571,bus,0,542,33.86,370,100,7,70,2,4
2571,car,0,542,102.98,346,0,0,70,2,4
2572,train,0,542,73.2,304,102,5,55,2,4
2572,air,1,542,191.35,69,104,45,55,2,4
2572,bus,0,542,33.86,370,100,7,55,2,4
2572,car,0,542,102.98,346,0,0,55,2,4
2573,train,0,547,74.7,304,105,5,70,2,4
2573,air,1,547,192.95,69,114,45,70,2,4
2573,bus,0,547,34.86,370,105,7,70,2,4
2573,car,0,547,103.93,352,0,0,70,2,4
2574,train,0,547,74.7,304,105,5,70,2,4
2574,air,1,547,192.95,69,114,45,70,2,4
2574,bus,0,547,34.86,370,105,7,70,2,4
2574,car,0,547,103.93,352,0,0,70,2,4
2577,train,0,580,75.55,304,110,5,70,1,4
2577,air,1,580,189.65,69,104,45,70,1,4
2577,bus,0,580,33.36,370,100,7,70,1,4
2577,car,0,580,110.2,372,0,0,70,1,4
2578,train,0,556,73.7,304,105,5,35,1,4
2578,air,1,556,189.35,69,108,45,35,1,4
2578,bus,0,556,35.36,370,105,7,35,1,4
2578,car,0,556,105.64,352,0,0,35,1,4
2579,train,0,556,73.7,304,105,5,70,1,4
2579,air,1,556,189.35,69,108,45,70,1,4
2579,bus,0,556,35.36,370,105,7,70,1,4
2579,car,0,556,105.64,352,0,0,70,1,4
2580,train,0,556,73.7,304,105,5,70,1,4
2580,air,1,556,189.35,69,108,45,70,1,4
2580,bus,0,556,35.36,370,105,7,70,1,4
2580,car,0,556,105.64,352,0,0,70,1,4
2581,train,0,549,75.2,304,105,5,70,1,4
2581,air,1,549,189.7,69,112,45,70,1,4
2581,bus,0,549,32.86,370,90,7,70,1,4
2581,car,0,549,104.31,347,0,0,70,1,4
2582,train,0,549,75.2,304,105,5,70,1,4
2582,air,1,549,189.7,69,112,45,70,1,4
2582,bus,0,549,32.86,370,90,7,70,1,4
2582,car,0,549,104.31,347,0,0,70,1,4
2583,train,0,549,75.2,304,105,5,70,1,4
2583,air,1,549,189.7,69,112,45,70,1,4
2583,bus,0,549,32.86,370,90,7,70,1,4
2583,car,0,549,104.31,347,0,0,70,1,4
2584,train,0,549,75.2,304,105,5,70,1,4
2584,air,1,549,189.7,69,112,45,70,1,4
2584,bus,0,549,32.86,370,90,7,70,1,4
2584,car,0,549,104.31,347,0,0,70,1,4
2585,train,0,549,75.2,304,105,5,70,1,4
2585,air,1,549,189.7,69,112,45,70,1,4
2585,bus,0,549,32.86,370,90,7,70,1,4
2585,car,0,549,104.31,347,0,0,70,1,4
2586,train,0,549,75.2,304,105,5,45,1,4
2586,air,1,549,189.7,69,112,45,45,1,4
2586,bus,0,549,32.86,370,90,7,45,1,4
2586,car,0,549,104.31,347,0,0,45,1,4
2587,train,0,549,75.2,304,105,5,45,1,4
2587,air,1,549,189.7,69,112,45,45,1,4
2587,bus,0,549,32.86,370,90,7,45,1,4
2587,car,0,549,104.31,347,0,0,45,1,4
2588,train,0,549,75.2,304,105,5,35,1,4
2588,air,1,549,189.7,69,112,45,35,1,4
2588,bus,0,549,32.86,370,90,7,35,1,4
2588,car,0,549,104.31,347,0,0,35,1,4
2589,train,0,549,75.2,304,105,5,35,1,4
2589,air,1,549,189.7,69,112,45,35,1,4
2589,bus,0,549,32.86,370,90,7,35,1,4
2589,car,0,549,104.31,347,0,0,35,1,4
2590,train,0,580,81.7,304,125,5,70,1,4
2590,air,1,580,193.35,69,129,45,70,1,4
2590,bus,0,580,33.36,370,115,7,70,1,4
2590,car,0,580,110.2,396,0,0,70,1,4
2591,train,0,615,79.7,304,145,5,35,1,4
2591,air,1,615,193.35,69,149,45,35,1,4
2591,bus,0,615,34.36,370,130,7,35,1,4
2591,car,0,615,116.85,386,0,0,35,1,4
2592,train,1,755,101.85,507,85,2,55,1,4
2592,air,0,755,210.75,84,87,4,55,1,4
2592,bus,0,755,53.57,629,86,6,55,1,4
2592,car,0,755,143.45,472,0,0,55,1,4
2593,train,0,755,101.85,507,85,2,70,1,4
2593,air,1,755,210.75,84,87,4,70,1,4
2593,bus,0,755,53.57,629,86,6,70,1,4
2593,car,0,755,143.45,472,0,0,70,1,4
2594,train,0,755,101.85,507,85,2,70,1,4
2594,air,1,755,210.75,84,87,4,70,1,4
2594,bus,0,755,53.57,629,86,6,70,1,4
2594,car,0,755,143.45,472,0,0,70,1,4
2595,train,0,758,102.4,534,93,2,70,1,4
2595,air,1,758,211.75,84,95,4,70,1,4
2595,bus,0,758,53.07,629,86,6,70,1,4
2595,car,0,758,144.02,476,0,0,70,1,4
2597,train,0,609,76.7,304,135,5,70,1,4
2597,air,1,609,189.95,69,134,45,70,1,4
2597,bus,0,609,34.36,370,125,7,70,1,4
2597,car,0,609,115.71,390,0,0,70,1,4
2598,train,0,609,76.7,304,135,5,70,1,4
2598,air,1,609,189.95,69,134,45,70,1,4
2598,bus,0,609,34.36,370,125,7,70,1,4
2598,car,0,609,115.71,390,0,0,70,1,4
2599,train,0,965,108.1,534,145,2,45,1,4
2599,air,1,965,219.75,84,99,4,45,1,4
2599,bus,0,965,56.32,629,135,6,45,1,4
2599,car,0,965,183.35,647,0,0,45,1,4
2600,train,0,965,108.1,534,145,2,35,1,4
2600,air,1,965,219.75,84,99,4,35,1,4
2600,bus,0,965,56.32,629,135,6,35,1,4
2600,car,0,965,183.35,647,0,0,35,1,4
2608,train,0,214,42.2,109,100,5,25,1,4
2608,air,0,214,154.55,60,120,6,25,1,4
2608,bus,0,214,18.31,119,98,4,25,1,4
2608,car,1,214,40.66,152,0,0,25,1,4
2610,train,0,171,37.6,96,90,2,35,1,4
2610,air,0,171,154.55,60,130,6,35,1,4
2610,bus,0,171,18.91,119,85,4,35,1,4
2610,car,1,171,32.49,120,0,0,35,1,4
2611,train,0,186,40,109,90,5,25,1,4
2611,air,0,186,154.55,60,120,6,25,1,4
2611,bus,0,186,18.51,119,93,4,25,1,4
2611,car,1,186,35.34,129,0,0,25,1,4
2612,train,0,186,40,109,90,5,70,1,4
2612,air,0,186,154.55,60,120,6,70,1,4
2612,bus,0,186,18.51,119,93,4,70,1,4
2612,car,1,186,35.34,129,0,0,70,1,4
2613,train,0,265,45.2,109,100,5,35,1,4
2613,air,0,265,154.55,60,120,6,35,1,4
2613,bus,0,265,25.71,183,113,8,35,1,4
2613,car,1,265,50.35,195,0,0,35,1,4
2614,train,1,249,46.9,148,90,8,35,1,4
2614,air,0,249,151.7,60,88,6,35,1,4
2614,bus,0,249,23.71,183,88,8,35,1,4
2614,car,0,249,47.31,166,0,0,35,1,4
2615,train,1,249,46.9,148,90,8,55,1,4
2615,air,0,249,151.7,60,88,6,55,1,4
2615,bus,0,249,23.71,183,88,8,55,1,4
2615,car,0,249,47.31,166,0,0,55,1,4
2616,train,0,249,46.9,148,90,8,70,1,4
2616,air,0,249,151.7,60,88,6,70,1,4
2616,bus,0,249,23.71,183,88,8,70,1,4
2616,car,1,249,47.31,166,0,0,70,1,4
2617,train,0,249,46.9,148,90,8,70,1,4
2617,air,0,249,151.7,60,88,6,70,1,4
2617,bus,0,249,23.71,183,88,8,70,1,4
2617,car,1,249,47.31,166,0,0,70,1,4
2618,train,0,249,46.9,148,90,8,70,1,4
2618,air,0,249,151.7,60,88,6,70,1,4
2618,bus,0,249,23.71,183,88,8,70,1,4
2618,car,1,249,47.31,166,0,0,70,1,4
2619,train,0,280,49.4,148,103,8,35,1,4
2619,air,0,280,154.55,60,110,6,35,1,4
2619,bus,0,280,25.71,183,103,8,35,1,4
2619,car,1,280,53.2,199,0,0,35,1,4
2620,train,0,280,49.4,148,103,8,45,1,4
2620,air,0,280,154.55,60,110,6,45,1,4
2620,bus,0,280,25.71,183,103,8,45,1,4
2620,car,1,280,53.2,199,0,0,45,1,4
2621,train,0,348,54.4,148,120,8,70,1,4
2621,air,0,348,169.75,58,125,36,70,1,4
2621,bus,0,348,28.39,304,106,2,70,1,4
2621,car,1,348,66.12,230,0,0,70,1,4
2622,train,0,348,54.4,148,120,8,55,1,4
2622,air,0,348,169.75,58,125,36,55,1,4
2622,bus,0,348,28.39,304,106,2,55,1,4
2622,car,1,348,66.12,230,0,0,55,1,4
2623,train,0,424,53.8,238,85,3,55,1,4
2623,air,0,424,173.15,58,150,36,55,1,4
2623,bus,0,424,29.39,304,128,2,55,1,4
2623,car,1,424,80.56,272,0,0,55,1,4
2624,train,0,482,57.8,238,110,3,5,1,4
2624,air,0,482,173.15,58,150,36,5,1,4
2624,bus,0,482,29.39,304,128,2,5,1,4
2624,car,1,482,91.58,314,0,0,5,1,4
2625,train,1,428,64.4,263,99,3,45,2,4
2625,air,0,428,161.75,58,100,36,45,2,4
2625,bus,0,428,32.35,290,95,10,45,2,4
2625,car,0,428,81.32,293,0,0,45,2,4
2626,train,1,428,64.4,263,99,3,55,2,4
2626,air,0,428,161.75,58,100,36,55,2,4
2626,bus,0,428,32.35,290,95,10,55,2,4
2626,car,0,428,81.32,293,0,0,55,2,4
2627,train,1,428,64.4,263,99,3,70,2,4
2627,air,0,428,161.75,58,100,36,70,2,4
2627,bus,0,428,32.35,290,95,10,70,2,4
2627,car,0,428,81.32,293,0,0,70,2,4
2628,train,0,428,64.4,263,99,3,70,2,4
2628,air,1,428,161.75,58,100,36,70,2,4
2628,bus,0,428,32.35,290,95,10,70,2,4
2628,car,0,428,81.32,293,0,0,70,2,4
2629,train,0,428,64.4,263,99,3,70,2,4
2629,air,1,428,161.75,58,100,36,70,2,4
2629,bus,0,428,32.35,290,95,10,70,2,4
2629,car,0,428,81.32,293,0,0,70,2,4
2630,train,0,428,64.4,263,99,3,70,2,4
2630,air,1,428,161.75,58,100,36,70,2,4
2630,bus,0,428,32.35,290,95,10,70,2,4
2630,car,0,428,81.32,293,0,0,70,2,4
2631,train,0,428,64.4,263,99,3,35,2,4
2631,air,1,428,161.75,58,100,36,35,2,4
2631,bus,0,428,32.35,290,95,10,35,2,4
2631,car,0,428,81.32,293,0,0,35,2,4
2632,train,0,428,64.4,263,99,3,55,2,4
2632,air,1,428,161.75,58,100,36,55,2,4
2632,bus,0,428,32.35,290,95,10,55,2,4
2632,car,0,428,81.32,293,0,0,55,2,4
2633,train,0,428,64.4,263,99,3,25,2,4
2633,air,1,428,161.75,58,100,36,25,2,4
2633,bus,0,428,32.35,290,95,10,25,2,4
2633,car,0,428,81.32,293,0,0,25,2,4
2634,train,0,428,64.4,263,99,3,70,2,4
2634,air,1,428,161.75,58,100,36,70,2,4
2634,bus,0,428,32.35,290,95,10,70,2,4
2634,car,0,428,81.32,293,0,0,70,2,4
2635,train,0,428,64.4,263,99,3,55,2,4
2635,air,1,428,161.75,58,100,36,55,2,4
2635,bus,0,428,32.35,290,95,10,55,2,4
2635,car,0,428,81.32,293,0,0,55,2,4
2636,train,0,428,64.4,263,99,3,55,2,4
2636,air,1,428,161.75,58,100,36,55,2,4
2636,bus,0,428,32.35,290,95,10,55,2,4
2636,car,0,428,81.32,293,0,0,55,2,4
2637,train,0,428,64.4,263,99,3,34,2,4
2637,air,1,428,161.75,58,100,36,34,2,4
2637,bus,0,428,32.35,290,95,10,34,2,4
2637,car,0,428,81.32,293,0,0,34,2,4
2638,train,0,428,64.4,263,99,3,70,2,4
2638,air,1,428,161.75,58,100,36,70,2,4
2638,bus,0,428,32.35,290,95,10,70,2,4
2638,car,0,428,81.32,293,0,0,70,2,4
2639,train,0,428,64.4,263,99,3,45,2,4
2639,air,1,428,161.75,58,100,36,45,2,4
2639,bus,0,428,32.35,290,95,10,45,2,4
2639,car,0,428,81.32,293,0,0,45,2,4
2640,train,0,428,64.4,263,99,3,45,2,4
2640,air,1,428,161.75,58,100,36,45,2,4
2640,bus,0,428,32.35,290,95,10,45,2,4
2640,car,0,428,81.32,293,0,0,45,2,4
2641,train,0,428,64.4,263,99,3,34,2,4
2641,air,1,428,161.75,58,100,36,34,2,4
2641,bus,0,428,32.35,290,95,10,34,2,4
2641,car,0,428,81.32,293,0,0,34,2,4
2642,train,0,428,64.4,263,99,3,70,2,4
2642,air,1,428,161.75,58,100,36,70,2,4
2642,bus,0,428,32.35,290,95,10,70,2,4
2642,car,0,428,81.32,293,0,0,70,2,4
2643,train,0,428,64.4,263,99,3,70,2,4
2643,air,1,428,161.75,58,100,36,70,2,4
2643,bus,0,428,32.35,290,95,10,70,2,4
2643,car,0,428,81.32,293,0,0,70,2,4
2644,train,0,428,64.4,263,99,3,70,2,4
2644,air,1,428,161.75,58,100,36,70,2,4
2644,bus,0,428,32.35,290,95,10,70,2,4
2644,car,0,428,81.32,293,0,0,70,2,4
2645,train,0,428,64.4,263,99,3,70,2,4
2645,air,1,428,161.75,58,100,36,70,2,4
2645,bus,0,428,32.35,290,95,10,70,2,4
2645,car,0,428,81.32,293,0,0,70,2,4
2646,train,0,428,64.4,263,99,3,45,2,4
2646,air,1,428,161.75,58,100,36,45,2,4
2646,bus,0,428,32.35,290,95,10,45,2,4
2646,car,0,428,81.32,293,0,0,45,2,4
2647,train,0,428,64.4,263,99,3,70,2,4
2647,air,1,428,161.75,58,100,36,70,2,4
2647,bus,0,428,32.35,290,95,10,70,2,4
2647,car,0,428,81.32,293,0,0,70,2,4
2648,train,0,428,64.4,263,99,3,70,2,4
2648,air,1,428,161.75,58,100,36,70,2,4
2648,bus,0,428,32.35,290,95,10,70,2,4
2648,car,0,428,81.32,293,0,0,70,2,4
2649,train,0,428,64.4,263,99,3,35,2,4
2649,air,1,428,161.75,58,100,36,35,2,4
2649,bus,0,428,32.35,290,95,10,35,2,4
2649,car,0,428,81.32,293,0,0,35,2,4
2650,train,0,428,64.4,263,99,3,70,2,4
2650,air,1,428,161.75,58,100,36,70,2,4
2650,bus,0,428,32.35,290,95,10,70,2,4
2650,car,0,428,81.32,293,0,0,70,2,4
2651,train,0,428,64.4,263,99,3,70,2,4
2651,air,1,428,161.75,58,100,36,70,2,4
2651,bus,0,428,32.35,290,95,10,70,2,4
2651,car,0,428,81.32,293,0,0,70,2,4
2652,train,0,428,64.4,263,99,3,34,2,4
2652,air,1,428,161.75,58,100,36,34,2,4
2652,bus,0,428,32.35,290,95,10,34,2,4
2652,car,0,428,81.32,293,0,0,34,2,4
2653,train,0,428,64.4,263,99,3,30,2,4
2653,air,1,428,161.75,58,100,36,30,2,4
2653,bus,0,428,32.35,290,95,10,30,2,4
2653,car,0,428,81.32,293,0,0,30,2,4
2654,train,0,428,64.4,263,99,3,55,2,4
2654,air,1,428,161.75,58,100,36,55,2,4
2654,bus,0,428,32.35,290,95,10,55,2,4
2654,car,0,428,81.32,293,0,0,55,2,4
2655,train,0,428,64.4,263,99,3,70,2,4
2655,air,1,428,161.75,58,100,36,70,2,4
2655,bus,0,428,32.35,290,95,10,70,2,4
2655,car,0,428,81.32,293,0,0,70,2,4
2656,train,0,428,64.4,263,99,3,55,2,4
2656,air,1,428,161.75,58,100,36,55,2,4
2656,bus,0,428,32.35,290,95,10,55,2,4
2656,car,0,428,81.32,293,0,0,55,2,4
2657,train,0,428,64.4,263,99,3,70,2,4
2657,air,1,428,161.75,58,100,36,70,2,4
2657,bus,0,428,32.35,290,95,10,70,2,4
2657,car,0,428,81.32,293,0,0,70,2,4
2658,train,0,428,64.4,263,99,3,45,2,4
2658,air,1,428,161.75,58,100,36,45,2,4
2658,bus,0,428,32.35,290,95,10,45,2,4
2658,car,0,428,81.32,293,0,0,45,2,4
2659,train,0,428,64.4,263,99,3,70,2,4
2659,air,1,428,161.75,58,100,36,70,2,4
2659,bus,0,428,32.35,290,95,10,70,2,4
2659,car,0,428,81.32,293,0,0,70,2,4
2660,train,0,428,64.4,263,99,3,70,2,4
2660,air,1,428,161.75,58,100,36,70,2,4
2660,bus,0,428,32.35,290,95,10,70,2,4
2660,car,0,428,81.32,293,0,0,70,2,4
2661,train,0,428,64.4,263,99,3,70,2,4
2661,air,0,428,161.75,58,100,36,70,2,4
2661,bus,0,428,32.35,290,95,10,70,2,4
2661,car,1,428,81.32,293,0,0,70,2,4
2662,train,1,438,66.1,263,100,3,25,2,4
2662,air,0,438,163.15,58,100,36,25,2,4
2662,bus,0,438,32.15,290,98,10,25,2,4
2662,car,0,438,83.22,306,0,0,25,2,4
2663,train,0,438,66.1,263,100,3,45,2,4
2663,air,1,438,163.15,58,100,36,45,2,4
2663,bus,0,438,32.15,290,98,10,45,2,4
2663,car,0,438,83.22,306,0,0,45,2,4
2664,train,0,438,66.1,263,100,3,70,2,4
2664,air,1,438,163.15,58,100,36,70,2,4
2664,bus,0,438,32.15,290,98,10,70,2,4
2664,car,0,438,83.22,306,0,0,70,2,4
2665,train,0,438,66.1,263,100,3,55,2,4
2665,air,1,438,163.15,58,100,36,55,2,4
2665,bus,0,438,32.15,290,98,10,55,2,4
2665,car,0,438,83.22,306,0,0,55,2,4
2666,train,0,438,66.1,263,100,3,70,2,4
2666,air,1,438,163.15,58,100,36,70,2,4
2666,bus,0,438,32.15,290,98,10,70,2,4
2666,car,0,438,83.22,306,0,0,70,2,4
2667,train,0,473,68.4,263,135,3,35,1,4
2667,air,1,473,165.75,58,125,36,35,1,4
2667,bus,0,473,32.15,290,123,10,35,1,4
2667,car,0,473,89.87,313,0,0,35,1,4
2668,train,1,433,67.4,263,105,3,25,1,4
2668,air,0,433,168.15,58,105,36,25,1,4
2668,bus,0,433,31.15,290,93,10,25,1,4
2668,car,0,433,82.27,299,0,0,25,1,4
2669,train,1,433,67.4,263,105,3,5,1,4
2669,air,0,433,168.15,58,105,36,5,1,4
2669,bus,0,433,31.15,290,93,10,5,1,4
2669,car,0,433,82.27,299,0,0,5,1,4
2670,train,0,433,67.4,263,105,3,45,1,4
2670,air,1,433,168.15,58,105,36,45,1,4
2670,bus,0,433,31.15,290,93,10,45,1,4
2670,car,0,433,82.27,299,0,0,45,1,4
2671,train,0,433,67.4,263,105,3,70,1,4
2671,air,1,433,168.15,58,105,36,70,1,4
2671,bus,0,433,31.15,290,93,10,70,1,4
2671,car,0,433,82.27,299,0,0,70,1,4
2672,train,0,433,67.4,263,105,3,70,1,4
2672,air,0,433,168.15,58,105,36,70,1,4
2672,bus,0,433,31.15,290,93,10,70,1,4
2672,car,1,433,82.27,299,0,0,70,1,4
2673,train,0,697,81.2,304,125,5,70,1,4
2673,air,1,697,195.15,69,130,45,70,1,4
2673,bus,0,697,35.51,370,118,7,70,1,4
2673,car,0,697,132.43,457,0,0,70,1,4
2687,train,0,540,73.75,304,100,5,70,2,4
2687,air,1,540,185.15,69,105,45,70,2,4
2687,bus,0,540,33.41,370,96,7,70,2,4
2687,car,0,540,102.6,342,0,0,70,2,4
2688,train,0,540,73.75,304,100,5,70,2,4
2688,air,1,540,185.15,69,105,45,70,2,4
2688,bus,0,540,33.41,370,96,7,70,2,4
2688,car,0,540,102.6,342,0,0,70,2,4
2689,train,0,540,73.75,304,100,5,45,2,4
2689,air,1,540,185.15,69,105,45,45,2,4
2689,bus,0,540,33.41,370,96,7,45,2,4
2689,car,0,540,102.6,342,0,0,45,2,4
2690,train,0,540,73.75,304,100,5,70,2,4
2690,air,0,540,185.15,69,105,45,70,2,4
2690,bus,0,540,33.41,370,96,7,70,2,4
2690,car,1,540,102.6,342,0,0,70,2,4
2691,train,1,545,71.2,304,87,5,70,2,4
2691,air,0,545,191.7,69,105,45,70,2,4
2691,bus,0,545,33.56,370,91,7,70,2,4
2691,car,0,545,103.55,349,0,0,70,2,4
2692,train,1,545,71.2,304,87,5,70,2,4
2692,air,0,545,191.7,69,105,45,70,2,4
2692,bus,0,545,33.56,370,91,7,70,2,4
2692,car,0,545,103.55,349,0,0,70,2,4
2693,train,1,545,71.2,304,87,5,70,2,4
2693,air,0,545,191.7,69,105,45,70,2,4
2693,bus,0,545,33.56,370,91,7,70,2,4
2693,car,0,545,103.55,349,0,0,70,2,4
2694,train,1,545,71.2,304,87,5,70,2,4
2694,air,0,545,191.7,69,105,45,70,2,4
2694,bus,0,545,33.56,370,91,7,70,2,4
2694,car,0,545,103.55,349,0,0,70,2,4
2695,train,1,545,71.2,304,87,5,70,2,4
2695,air,0,545,191.7,69,105,45,70,2,4
2695,bus,0,545,33.56,370,91,7,70,2,4
2695,car,0,545,103.55,349,0,0,70,2,4
2696,train,0,545,71.2,304,87,5,70,2,4
2696,air,1,545,191.7,69,105,45,70,2,4
2696,bus,0,545,33.56,370,91,7,70,2,4
2696,car,0,545,103.55,349,0,0,70,2,4
2697,train,0,545,71.2,304,87,5,70,2,4
2697,air,1,545,191.7,69,105,45,70,2,4
2697,bus,0,545,33.56,370,91,7,70,2,4
2697,car,0,545,103.55,349,0,0,70,2,4
2698,train,0,545,71.2,304,87,5,45,2,4
2698,air,0,545,191.7,69,105,45,45,2,4
2698,bus,0,545,33.56,370,91,7,45,2,4
2698,car,1,545,103.55,349,0,0,45,2,4
2699,train,0,545,72.7,304,102,5,70,2,4
2699,air,1,545,193.15,69,110,45,70,2,4
2699,bus,0,545,34.01,370,103,7,70,2,4
2699,car,0,545,103.55,349,0,0,70,2,4
2700,train,1,550,74.2,304,105,5,70,2,4
2700,air,0,550,194.75,69,120,45,70,2,4
2700,bus,0,550,35.01,370,108,7,70,2,4
2700,car,0,550,104.5,355,0,0,70,2,4
2701,train,0,550,74.2,304,105,5,25,2,4
2701,air,1,550,194.75,69,120,45,25,2,4
2701,bus,0,550,35.01,370,108,7,25,2,4
2701,car,0,550,104.5,355,0,0,25,2,4
2702,train,0,550,74.2,304,105,5,70,2,4
2702,air,1,550,194.75,69,120,45,70,2,4
2702,bus,0,550,35.01,370,108,7,70,2,4
2702,car,0,550,104.5,355,0,0,70,2,4
2703,train,0,559,73.2,304,105,5,70,1,4
2703,air,1,559,191.15,69,114,45,70,1,4
2703,bus,0,559,35.51,370,108,7,70,1,4
2703,car,0,559,106.21,355,0,0,70,1,4
2704,train,0,552,74.7,304,105,5,23,1,4
2704,air,1,552,191.5,69,118,45,23,1,4
2704,bus,0,552,33.01,370,93,7,23,1,4
2704,car,0,552,104.88,350,0,0,23,1,4
2705,train,0,552,74.7,304,105,5,70,1,4
2705,air,1,552,191.5,69,118,45,70,1,4
2705,bus,0,552,33.01,370,93,7,70,1,4
2705,car,0,552,104.88,350,0,0,70,1,4
2706,train,0,552,74.7,304,105,5,70,1,4
2706,air,0,552,191.5,69,118,45,70,1,4
2706,bus,0,552,33.01,370,93,7,70,1,4
2706,car,1,552,104.88,350,0,0,70,1,4
2707,train,0,552,74.7,304,105,5,55,1,4
2707,air,0,552,191.5,69,118,45,55,1,4
2707,bus,0,552,33.01,370,93,7,55,1,4
2707,car,1,552,104.88,350,0,0,55,1,4
2712,train,1,761,101.9,534,93,2,55,1,4
2712,air,0,761,213.55,84,101,4,55,1,4
2712,bus,0,761,53.22,629,89,6,55,1,4
2712,car,0,761,144.59,480,0,0,55,1,4
2713,train,0,761,101.9,534,93,2,70,1,4
2713,air,1,761,213.55,84,101,4,70,1,4
2713,bus,0,761,53.22,629,89,6,70,1,4
2713,car,0,761,144.59,480,0,0,70,1,4
2714,train,0,761,101.9,534,93,2,35,1,4
2714,air,1,761,213.55,84,101,4,35,1,4
2714,bus,0,761,53.22,629,89,6,35,1,4
2714,car,0,761,144.59,480,0,0,35,1,4
2715,train,0,761,101.9,534,93,2,70,1,4
2715,air,1,761,213.55,84,101,4,70,1,4
2715,bus,0,761,53.22,629,89,6,70,1,4
2715,car,0,761,144.59,480,0,0,70,1,4
2716,train,0,761,101.9,534,93,2,70,1,4
2716,air,1,761,213.55,84,101,4,70,1,4
2716,bus,0,761,53.22,629,89,6,70,1,4
2716,car,0,761,144.59,480,0,0,70,1,4
2717,train,0,767,102.1,534,100,2,35,1,4
2717,air,0,767,221.55,84,105,4,35,1,4
2717,bus,0,767,53.47,629,93,6,35,1,4
2717,car,1,767,145.73,485,0,0,35,1,4
2718,train,0,785,105.6,534,105,2,70,1,4
2718,air,1,785,209.55,84,93,4,70,1,4
2718,bus,0,785,53.47,629,98,6,70,1,4
2718,car,0,785,149.15,500,0,0,70,1,4
2719,train,0,902,105.6,534,105,2,70,1,4
2719,air,1,902,221.55,84,105,4,70,1,4
2719,bus,0,902,55.47,629,98,6,70,1,4
2719,car,0,902,171.38,596,0,0,70,1,4
2720,train,0,852,106.6,534,125,2,25,1,4
2720,air,1,852,221.55,84,135,4,25,1,4
2720,bus,0,852,56.47,629,118,6,25,1,4
2720,car,0,852,161.88,540,0,0,25,1,4
2723,train,0,360,55.4,148,134,8,70,0,4
2723,air,0,360,161.5,58,110,36,70,0,4
2723,bus,0,360,27.64,304,108,2,70,0,4
2723,car,1,360,68.4,247,0,0,70,0,4
2724,train,0,440,65.4,263,113,3,70,1,4
2724,air,1,440,153.5,58,85,36,70,1,4
2724,bus,0,440,31.6,290,97,10,70,1,4
2724,car,0,440,83.6,309,0,0,70,1,4
2725,train,0,440,65.4,263,113,3,70,1,4
2725,air,1,440,153.5,58,85,36,70,1,4
2725,bus,0,440,31.6,290,97,10,70,1,4
2725,car,0,440,83.6,309,0,0,70,1,4
2726,train,0,440,65.4,263,113,3,70,1,4
2726,air,1,440,153.5,58,85,36,70,1,4
2726,bus,0,440,31.6,290,97,10,70,1,4
2726,car,0,440,83.6,309,0,0,70,1,4
2730,train,0,201,42,109,108,5,25,0,4
2730,air,0,201,154.3,60,125,6,25,0,4
2730,bus,0,201,22.76,119,100,4,25,0,4
2730,car,1,201,38.19,149,0,0,25,0,4
2731,train,0,201,42,109,108,5,70,0,4
2731,air,0,201,154.3,60,125,6,70,0,4
2731,bus,0,201,22.76,119,100,4,70,0,4
2731,car,1,201,38.19,149,0,0,70,0,4
2732,train,0,201,42,109,108,5,70,0,4
2732,air,0,201,154.3,60,125,6,70,0,4
2732,bus,0,201,22.76,119,100,4,70,0,4
2732,car,1,201,38.19,149,0,0,70,0,4
2733,train,0,264,48.9,148,108,8,70,0,4
2733,air,1,264,151.45,60,93,6,70,0,4
2733,bus,0,264,27.96,183,95,8,70,0,4
2733,car,0,264,50.16,186,0,0,70,0,4
2734,train,0,264,48.9,148,108,8,25,0,4
2734,air,0,264,151.45,60,93,6,25,0,4
2734,bus,0,264,27.96,183,95,8,25,0,4
2734,car,1,264,50.16,186,0,0,25,0,4
2735,train,1,343,59.2,190,103,5,15,0,4
2735,air,0,343,172.9,58,165,36,15,0,4
2735,bus,0,343,30.64,304,95,2,15,0,4
2735,car,0,343,65.17,233,0,0,15,0,4
2736,train,0,343,59.2,190,103,5,55,0,4
2736,air,0,343,172.9,58,165,36,55,0,4
2736,bus,0,343,30.64,304,95,2,55,0,4
2736,car,1,343,65.17,233,0,0,55,0,4
2737,train,0,439,55.8,238,103,3,70,0,4
2737,air,0,439,172.9,58,155,36,70,0,4
2737,bus,0,439,33.64,304,135,2,70,0,4
2737,car,1,439,83.41,292,0,0,70,0,4
2738,train,0,497,59.8,238,128,3,70,0,4
2738,air,0,497,172.9,58,155,36,70,0,4
2738,bus,0,497,33.64,304,135,2,70,0,4
2738,car,1,497,94.43,333,0,0,70,0,4
2739,train,0,409,68.4,263,128,3,55,1,4
2739,air,1,409,164.9,58,110,36,55,1,4
2739,bus,0,409,35.4,290,103,10,55,1,4
2739,car,0,409,77.71,306,0,0,55,1,4
2740,train,0,409,68.4,263,128,3,55,1,4
2740,air,1,409,164.9,58,110,36,55,1,4
2740,bus,0,409,35.4,290,103,10,55,1,4
2740,car,0,409,77.71,306,0,0,55,1,4
2741,train,1,443,66.4,263,117,3,45,1,4
2741,air,0,443,161.5,58,105,36,45,1,4
2741,bus,0,443,36.6,290,102,10,45,1,4
2741,car,0,443,84.17,313,0,0,45,1,4
2742,train,1,443,66.4,263,117,3,70,1,4
2742,air,0,443,161.5,58,105,36,70,1,4
2742,bus,0,443,36.6,290,102,10,70,1,4
2742,car,0,443,84.17,313,0,0,70,1,4
2743,train,0,443,66.4,263,117,3,70,1,4
2743,air,1,443,161.5,58,105,36,70,1,4
2743,bus,0,443,36.6,290,102,10,70,1,4
2743,car,0,443,84.17,313,0,0,70,1,4
2744,train,0,443,66.4,263,117,3,70,1,4
2744,air,1,443,161.5,58,105,36,70,1,4
2744,bus,0,443,36.6,290,102,10,70,1,4
2744,car,0,443,84.17,313,0,0,70,1,4
2745,train,0,443,66.4,263,117,3,55,1,4
2745,air,1,443,161.5,58,105,36,55,1,4
2745,bus,0,443,36.6,290,102,10,55,1,4
2745,car,0,443,84.17,313,0,0,55,1,4
2746,train,0,443,66.4,263,117,3,55,1,4
2746,air,1,443,161.5,58,105,36,55,1,4
2746,bus,0,443,36.6,290,102,10,55,1,4
2746,car,0,443,84.17,313,0,0,55,1,4
2747,train,0,443,66.4,263,117,3,70,1,4
2747,air,1,443,161.5,58,105,36,70,1,4
2747,bus,0,443,36.6,290,102,10,70,1,4
2747,car,0,443,84.17,313,0,0,70,1,4
2748,train,0,443,66.4,263,117,3,70,1,4
2748,air,1,443,161.5,58,105,36,70,1,4
2748,bus,0,443,36.6,290,102,10,70,1,4
2748,car,0,443,84.17,313,0,0,70,1,4
2749,train,0,443,66.4,263,117,3,70,1,4
2749,air,1,443,161.5,58,105,36,70,1,4
2749,bus,0,443,36.6,290,102,10,70,1,4
2749,car,0,443,84.17,313,0,0,70,1,4
2750,train,0,443,66.4,263,117,3,70,1,4
2750,air,1,443,161.5,58,105,36,70,1,4
2750,bus,0,443,36.6,290,102,10,70,1,4
2750,car,0,443,84.17,313,0,0,70,1,4
2751,train,0,443,66.4,263,117,3,70,1,4
2751,air,1,443,161.5,58,105,36,70,1,4
2751,bus,0,443,36.6,290,102,10,70,1,4
2751,car,0,443,84.17,313,0,0,70,1,4
2752,train,0,443,66.4,263,117,3,70,1,4
2752,air,1,443,161.5,58,105,36,70,1,4
2752,bus,0,443,36.6,290,102,10,70,1,4
2752,car,0,443,84.17,313,0,0,70,1,4
2753,train,0,443,66.4,263,117,3,70,1,4
2753,air,1,443,161.5,58,105,36,70,1,4
2753,bus,0,443,36.6,290,102,10,70,1,4
2753,car,0,443,84.17,313,0,0,70,1,4
2754,train,0,443,66.4,263,117,3,70,1,4
2754,air,1,443,161.5,58,105,36,70,1,4
2754,bus,0,443,36.6,290,102,10,70,1,4
2754,car,0,443,84.17,313,0,0,70,1,4
2755,train,0,443,66.4,263,117,3,70,1,4
2755,air,1,443,161.5,58,105,36,70,1,4
2755,bus,0,443,36.6,290,102,10,70,1,4
2755,car,0,443,84.17,313,0,0,70,1,4
2756,train,0,443,66.4,263,117,3,70,1,4
2756,air,1,443,161.5,58,105,36,70,1,4
2756,bus,0,443,36.6,290,102,10,70,1,4
2756,car,0,443,84.17,313,0,0,70,1,4
2757,train,0,443,66.4,263,117,3,70,1,4
2757,air,1,443,161.5,58,105,36,70,1,4
2757,bus,0,443,36.6,290,102,10,70,1,4
2757,car,0,443,84.17,313,0,0,70,1,4
2758,train,0,443,66.4,263,117,3,45,1,4
2758,air,1,443,161.5,58,105,36,45,1,4
2758,bus,0,443,36.6,290,102,10,45,1,4
2758,car,0,443,84.17,313,0,0,45,1,4
2759,train,0,443,66.4,263,117,3,45,1,4
2759,air,1,443,161.5,58,105,36,45,1,4
2759,bus,0,443,36.6,290,102,10,45,1,4
2759,car,0,443,84.17,313,0,0,45,1,4
2760,train,0,443,66.4,263,117,3,70,1,4
2760,air,1,443,161.5,58,105,36,70,1,4
2760,bus,0,443,36.6,290,102,10,70,1,4
2760,car,0,443,84.17,313,0,0,70,1,4
2761,train,1,453,68.1,263,118,3,35,1,4
2761,air,0,453,162.9,58,105,36,35,1,4
2761,bus,0,453,36.4,290,105,10,35,1,4
2761,car,0,453,86.07,326,0,0,35,1,4
2762,train,0,453,68.1,263,118,3,70,1,4
2762,air,1,453,162.9,58,105,36,70,1,4
2762,bus,0,453,36.4,290,105,10,70,1,4
2762,car,0,453,86.07,326,0,0,70,1,4
2763,train,0,712,83.2,304,143,5,70,0,4
2763,air,1,712,194.9,69,135,45,70,0,4
2763,bus,0,712,39.76,370,125,7,70,0,4
2763,car,0,712,135.28,476,0,0,70,0,4
2764,train,0,606,83.2,304,133,5,70,0,4
2764,air,1,606,194.9,69,125,45,70,0,4
2764,bus,0,606,37.76,370,115,7,70,0,4
2764,car,0,606,115.14,403,0,0,70,0,4
2765,train,0,565,82.65,304,123,5,45,0,4
2765,air,1,565,186.9,69,117,45,45,0,4
2765,bus,0,565,37.76,370,105,7,45,0,4
2765,car,0,565,107.35,375,0,0,45,0,4
2766,train,0,565,82.65,304,123,5,70,0,4
2766,air,1,565,186.9,69,117,45,70,0,4
2766,bus,0,565,37.76,370,105,7,70,0,4
2766,car,0,565,107.35,375,0,0,70,0,4
2775,train,0,555,75.75,304,118,5,35,1,4
2775,air,1,555,184.9,69,110,45,35,1,4
2775,bus,0,555,37.66,370,103,7,35,1,4
2775,car,0,555,105.45,362,0,0,35,1,4
2776,train,0,555,75.75,304,118,5,70,1,4
2776,air,1,555,184.9,69,110,45,70,1,4
2776,bus,0,555,37.66,370,103,7,70,1,4
2776,car,0,555,105.45,362,0,0,70,1,4
2777,train,0,560,75.2,304,113,5,35,1,4
2777,air,1,560,185.55,69,113,45,35,1,4
2777,bus,0,560,37.86,370,100,7,35,1,4
2777,car,0,560,106.4,369,0,0,35,1,4
2778,train,1,560,73.2,304,105,5,70,1,4
2778,air,0,560,191.45,69,110,45,70,1,4
2778,bus,0,560,37.81,370,98,7,70,1,4
2778,car,0,560,106.4,369,0,0,70,1,4
2779,train,1,560,73.2,304,105,5,70,1,4
2779,air,0,560,191.45,69,110,45,70,1,4
2779,bus,0,560,37.81,370,98,7,70,1,4
2779,car,0,560,106.4,369,0,0,70,1,4
2780,train,1,560,73.2,304,105,5,70,1,4
2780,air,0,560,191.45,69,110,45,70,1,4
2780,bus,0,560,37.81,370,98,7,70,1,4
2780,car,0,560,106.4,369,0,0,70,1,4
2781,train,1,560,73.2,304,105,5,70,1,4
2781,air,0,560,191.45,69,110,45,70,1,4
2781,bus,0,560,37.81,370,98,7,70,1,4
2781,car,0,560,106.4,369,0,0,70,1,4
2782,train,1,560,73.2,304,105,5,15,1,4
2782,air,0,560,191.45,69,110,45,15,1,4
2782,bus,0,560,37.81,370,98,7,15,1,4
2782,car,0,560,106.4,369,0,0,15,1,4
2783,train,0,560,73.2,304,105,5,70,1,4
2783,air,0,560,191.45,69,110,45,70,1,4
2783,bus,0,560,37.81,370,98,7,70,1,4
2783,car,1,560,106.4,369,0,0,70,1,4
2784,train,0,560,74.2,304,118,5,70,1,4
2784,air,1,560,192,69,120,45,70,1,4
2784,bus,0,560,38.56,370,105,7,70,1,4
2784,car,0,560,106.4,369,0,0,70,1,4
2785,train,0,574,75.2,304,123,5,70,0,4
2785,air,1,574,190.9,69,119,45,70,0,4
2785,bus,0,574,39.76,370,115,7,70,0,4
2785,car,0,574,109.06,375,0,0,70,0,4
2786,train,0,574,75.2,304,123,5,45,0,4
2786,air,1,574,190.9,69,119,45,45,0,4
2786,bus,0,574,39.76,370,115,7,45,0,4
2786,car,0,574,109.06,375,0,0,45,0,4
2790,train,1,773,103.35,507,103,2,70,0,4
2790,air,0,773,212.3,84,98,4,70,0,4
2790,bus,0,773,57.97,629,96,6,70,0,4
2790,car,0,773,146.87,495,0,0,70,0,4
2791,train,0,983,109.6,534,163,2,55,0,4
2791,air,1,983,221.3,84,110,4,55,0,4
2791,bus,0,983,60.72,629,145,6,55,0,4
2791,car,0,983,186.77,670,0,0,55,0,4
2793,train,0,411,67.4,263,110,3,55,0,4
2793,air,1,411,168.9,58,115,36,55,0,4
2793,bus,0,411,30.4,290,100,10,55,0,4
2793,car,0,411,78.09,286,0,0,55,0,4
2794,train,0,443,65.4,263,99,3,70,1,4
2794,air,1,443,162.5,58,100,36,70,1,4
2794,bus,0,443,31.6,290,92,10,70,1,4
2794,car,0,443,84.17,313,0,0,70,1,4
2795,train,0,443,65.4,263,99,3,70,1,4
2795,air,1,443,162.5,58,100,36,70,1,4
2795,bus,0,443,31.6,290,92,10,70,1,4
2795,car,0,443,84.17,313,0,0,70,1,4
2796,train,0,443,65.4,263,99,3,45,1,4
2796,air,1,443,162.5,58,100,36,45,1,4
2796,bus,0,443,31.6,290,92,10,45,1,4
2796,car,0,443,84.17,313,0,0,45,1,4
2797,train,0,453,67.1,263,100,3,70,1,4
2797,air,0,453,163.9,58,100,36,70,1,4
2797,bus,0,453,31.4,290,95,10,70,1,4
2797,car,1,453,86.07,326,0,0,70,1,4
2799,train,0,776,102.9,534,93,2,70,0,4
2799,air,1,776,214.3,84,101,4,70,0,4
2799,bus,0,776,52.47,629,86,6,70,0,4
2799,car,0,776,147.44,500,0,0,70,0,4
2800,train,0,776,102.9,534,93,2,70,0,4
2800,air,1,776,214.3,84,101,4,70,0,4
2800,bus,0,776,52.47,629,86,6,70,0,4
2800,car,0,776,147.44,500,0,0,70,0,4
2802,train,0,627,77.2,304,135,5,55,0,4
2802,air,1,627,192.5,69,140,45,55,0,4
2802,bus,0,627,33.76,370,125,7,55,0,4
2802,car,0,627,119.13,413,0,0,55,0,4
2804,train,1,276,48.9,148,120,8,70,0,4
2804,air,0,276,147.45,60,98,6,70,0,4
2804,bus,0,276,22.96,183,115,8,70,0,4
2804,car,0,276,52.44,203,0,0,70,0,4
2805,train,0,307,51.4,148,133,8,55,0,4
2805,air,0,307,150.3,60,120,6,55,0,4
2805,bus,0,307,24.96,183,130,8,55,0,4
2805,car,1,307,58.33,236,0,0,55,0,4
2806,train,0,375,56.4,148,150,8,45,0,4
2806,air,0,375,165.5,58,135,36,45,0,4
2806,bus,0,375,27.64,304,133,2,45,0,4
2806,car,1,375,71.25,266,0,0,45,0,4
2807,train,1,451,55.8,238,115,3,70,0,4
2807,air,0,451,168.9,58,160,36,70,0,4
2807,bus,0,451,28.64,304,155,2,70,0,4
2807,car,0,451,85.69,308,0,0,70,0,4
2808,train,0,451,55.8,238,115,3,55,0,4
2808,air,1,451,168.9,58,160,36,55,0,4
2808,bus,0,451,28.64,304,155,2,55,0,4
2808,car,0,451,85.69,308,0,0,55,0,4
2809,train,0,455,66.4,263,129,3,55,1,4
2809,air,1,455,157.5,58,110,36,55,1,4
2809,bus,0,455,31.6,290,122,10,55,1,4
2809,car,0,455,86.45,329,0,0,55,1,4
2810,train,0,455,66.4,263,129,3,55,1,4
2810,air,1,455,157.5,58,110,36,55,1,4
2810,bus,0,455,31.6,290,122,10,55,1,4
2810,car,0,455,86.45,329,0,0,55,1,4
2811,train,0,455,66.4,263,129,3,70,1,4
2811,air,1,455,157.5,58,110,36,70,1,4
2811,bus,0,455,31.6,290,122,10,70,1,4
2811,car,0,455,86.45,329,0,0,70,1,4
2812,train,0,455,66.4,263,129,3,70,1,4
2812,air,1,455,157.5,58,110,36,70,1,4
2812,bus,0,455,31.6,290,122,10,70,1,4
2812,car,0,455,86.45,329,0,0,70,1,4
2813,train,0,455,66.4,263,129,3,70,1,4
2813,air,1,455,157.5,58,110,36,70,1,4
2813,bus,0,455,31.6,290,122,10,70,1,4
2813,car,0,455,86.45,329,0,0,70,1,4
2814,train,0,455,66.4,263,129,3,15,1,4
2814,air,0,455,157.5,58,110,36,15,1,4
2814,bus,0,455,31.6,290,122,10,15,1,4
2814,car,1,455,86.45,329,0,0,15,1,4
2815,train,0,455,66.4,263,129,3,70,1,4
2815,air,0,455,157.5,58,110,36,70,1,4
2815,bus,0,455,31.6,290,122,10,70,1,4
2815,car,1,455,86.45,329,0,0,70,1,4
2816,train,0,500,70.4,263,165,3,45,0,4
2816,air,1,500,161.5,58,135,36,45,0,4
2816,bus,0,500,31.4,290,150,10,45,0,4
2816,car,0,500,95,349,0,0,45,0,4
2817,train,0,571,83.2,304,148,5,70,0,4
2817,air,1,571,190.9,69,135,45,70,0,4
2817,bus,0,571,32.76,370,140,7,70,0,4
2817,car,0,571,108.49,397,0,0,70,0,4
2820,train,0,567,75.75,304,130,5,70,1,4
2820,air,1,567,180.9,69,115,45,70,1,4
2820,bus,0,567,32.66,370,123,7,70,1,4
2820,car,0,567,107.73,379,0,0,70,1,4
2821,train,0,567,75.75,304,130,5,70,1,4
2821,air,1,567,180.9,69,115,45,70,1,4
2821,bus,0,567,32.66,370,123,7,70,1,4
2821,car,0,567,107.73,379,0,0,70,1,4
2822,train,0,572,73.2,304,117,5,55,1,4
2822,air,1,572,187.45,69,115,45,55,1,4
2822,bus,0,572,32.81,370,118,7,55,1,4
2822,car,0,572,108.68,385,0,0,55,1,4
2823,train,0,577,76.2,304,135,5,70,1,4
2823,air,1,577,190.5,69,130,45,70,1,4
2823,bus,0,577,34.26,370,135,7,70,1,4
2823,car,0,577,109.63,392,0,0,70,1,4
2824,train,0,879,108.6,534,155,2,70,0,4
2824,air,1,879,217.3,84,145,4,70,0,4
2824,bus,0,879,55.72,629,145,6,70,0,4
2824,car,0,879,167.01,577,0,0,70,0,4
2825,train,0,220,42,109,125,5,45,0,4
2825,air,0,220,150.3,60,130,6,45,0,4
2825,bus,0,220,17.76,119,125,4,45,0,4
2825,car,1,220,41.8,174,0,0,45,0,4
2827,train,0,472,66.4,263,129,3,45,1,4
2827,air,1,472,157.5,58,115,36,45,1,4
2827,bus,0,472,31.6,290,122,10,45,1,4
2827,car,0,472,89.68,324,0,0,45,1,4
2828,train,0,472,66.4,263,129,3,70,1,4
2828,air,1,472,157.5,58,115,36,70,1,4
2828,bus,0,472,31.6,290,122,10,70,1,4
2828,car,0,472,89.68,324,0,0,70,1,4
2829,train,0,472,66.4,263,129,3,70,1,4
2829,air,1,472,157.5,58,115,36,70,1,4
2829,bus,0,472,31.6,290,122,10,70,1,4
2829,car,0,472,89.68,324,0,0,70,1,4
2830,train,1,584,75.75,304,130,5,70,1,4
2830,air,0,584,180.9,69,120,45,70,1,4
2830,bus,0,584,32.66,370,123,7,70,1,4
2830,car,0,584,110.96,373,0,0,70,1,4
2831,train,0,589,73.2,304,117,5,70,1,4
2831,air,1,589,187.45,69,120,45,70,1,4
2831,bus,0,589,32.81,370,118,7,70,1,4
2831,car,0,589,111.91,380,0,0,70,1,4
2832,train,0,589,74.7,304,132,5,35,1,4
2832,air,1,589,188.9,69,125,45,35,1,4
2832,bus,0,589,33.26,370,130,7,35,1,4
2832,car,0,589,111.91,380,0,0,35,1,4
2833,train,0,805,103.9,534,123,2,70,0,4
2833,air,1,805,209.3,84,116,4,70,0,4
2833,bus,0,805,52.47,629,116,6,70,0,4
2833,car,0,805,152.95,511,0,0,70,0,4
2834,train,0,261,49,120,168,12,55,0,4
2834,air,0,261,133.4,40,160,25,55,0,4
2834,bus,0,261,24.78,245,100,1,55,0,4
2834,car,1,261,49.59,212,0,0,55,0,4
2843,train,0,172,44.2,109,118,5,55,0,4
2843,air,0,172,150.3,60,130,6,55,0,4
2843,bus,0,172,17.56,119,115,4,55,0,4
2843,car,1,172,32.68,122,0,0,55,0,4
2844,train,0,172,44.2,109,118,5,25,0,4
2844,air,0,172,150.3,60,130,6,25,0,4
2844,bus,0,172,17.56,119,115,4,25,0,4
2844,car,1,172,32.68,122,0,0,25,0,4
2845,train,0,238,51.4,148,121,8,70,0,4
2845,air,0,238,150.3,60,120,6,70,0,4
2845,bus,0,238,24.96,183,120,8,70,0,4
2845,car,1,238,45.22,170,0,0,70,0,4
2846,train,0,354,68.4,263,128,3,25,0,4
2846,air,1,354,163.9,58,125,36,25,0,4
2846,bus,0,354,30.4,290,120,10,25,0,4
2846,car,0,354,67.26,237,0,0,25,0,4
2847,train,1,386,66.4,263,117,3,55,1,4
2847,air,0,386,157.5,58,110,36,55,1,4
2847,bus,0,386,31.6,290,112,10,55,1,4
2847,car,0,386,73.34,263,0,0,55,1,4
2848,train,1,386,66.4,263,117,3,55,1,4
2848,air,0,386,157.5,58,110,36,55,1,4
2848,bus,0,386,31.6,290,112,10,55,1,4
2848,car,0,386,73.34,263,0,0,55,1,4
2849,train,0,386,66.4,263,117,3,70,1,4
2849,air,1,386,157.5,58,110,36,70,1,4
2849,bus,0,386,31.6,290,112,10,70,1,4
2849,car,0,386,73.34,263,0,0,70,1,4
2850,train,0,386,66.4,263,117,3,70,1,4
2850,air,1,386,157.5,58,110,36,70,1,4
2850,bus,0,386,31.6,290,112,10,70,1,4
2850,car,0,386,73.34,263,0,0,70,1,4
2851,train,0,386,66.4,263,117,3,55,1,4
2851,air,1,386,157.5,58,110,36,55,1,4
2851,bus,0,386,31.6,290,112,10,55,1,4
2851,car,0,386,73.34,263,0,0,55,1,4
2852,train,0,386,66.4,263,117,3,70,1,4
2852,air,1,386,157.5,58,110,36,70,1,4
2852,bus,0,386,31.6,290,112,10,70,1,4
2852,car,0,386,73.34,263,0,0,70,1,4
2853,train,0,386,66.4,263,117,3,70,1,4
2853,air,1,386,157.5,58,110,36,70,1,4
2853,bus,0,386,31.6,290,112,10,70,1,4
2853,car,0,386,73.34,263,0,0,70,1,4
2854,train,0,386,66.4,263,117,3,70,1,4
2854,air,1,386,157.5,58,110,36,70,1,4
2854,bus,0,386,31.6,290,112,10,70,1,4
2854,car,0,386,73.34,263,0,0,70,1,4
2855,train,0,386,66.4,263,117,3,55,1,4
2855,air,1,386,157.5,58,110,36,55,1,4
2855,bus,0,386,31.6,290,112,10,55,1,4
2855,car,0,386,73.34,263,0,0,55,1,4
2856,train,0,386,66.4,263,117,3,70,1,4
2856,air,1,386,157.5,58,110,36,70,1,4
2856,bus,0,386,31.6,290,112,10,70,1,4
2856,car,0,386,73.34,263,0,0,70,1,4
2857,train,0,431,70.4,263,153,3,70,0,4
2857,air,1,431,161.5,58,135,36,70,0,4
2857,bus,0,431,31.4,290,140,10,70,0,4
2857,car,0,431,81.89,283,0,0,70,0,4
2858,train,0,502,83.2,304,136,5,45,0,4
2858,air,1,502,190.9,69,135,45,45,0,4
2858,bus,0,502,32.76,370,130,7,45,0,4
2858,car,0,502,95.38,331,0,0,45,0,4
2861,train,0,503,73.2,304,105,5,55,1,4
2861,air,1,503,187.45,69,115,45,55,1,4
2861,bus,0,503,32.81,370,108,7,55,1,4
2861,car,0,503,95.57,319,0,0,55,1,4
2862,train,0,503,73.2,304,105,5,70,1,4
2862,air,0,503,187.45,69,115,45,70,1,4
2862,bus,0,503,32.81,370,108,7,70,1,4
2862,car,1,503,95.57,319,0,0,70,1,4
2876,train,1,375,64.9,245,94,3,15,1,4
2876,air,0,375,157.5,58,120,36,15,1,4
2876,bus,0,375,29.2,384,72,4,15,1,4
2876,car,0,375,71.25,253,0,0,15,1,4
2877,train,0,375,64.9,245,94,3,70,1,4
2877,air,1,375,157.5,58,120,36,70,1,4
2877,bus,0,375,29.2,384,72,4,70,1,4
2877,car,0,375,71.25,253,0,0,70,1,4
2878,train,0,375,64.9,245,94,3,45,1,4
2878,air,1,375,157.5,58,120,36,45,1,4
2878,bus,0,375,29.2,384,72,4,45,1,4
2878,car,0,375,71.25,253,0,0,45,1,4
2879,train,0,375,64.9,245,94,3,55,1,4
2879,air,1,375,157.5,58,120,36,55,1,4
2879,bus,0,375,29.2,384,72,4,55,1,4
2879,car,0,375,71.25,253,0,0,55,1,4
2880,train,0,375,64.9,245,94,3,70,1,4
2880,air,1,375,157.5,58,120,36,70,1,4
2880,bus,0,375,29.2,384,72,4,70,1,4
2880,car,0,375,71.25,253,0,0,70,1,4
2881,train,0,375,64.9,245,94,3,55,1,4
2881,air,1,375,157.5,58,120,36,55,1,4
2881,bus,0,375,29.2,384,72,4,55,1,4
2881,car,0,375,71.25,253,0,0,55,1,4
2882,train,0,375,64.9,245,94,3,35,1,4
2882,air,0,375,157.5,58,120,36,35,1,4
2882,bus,0,375,29.2,384,72,4,35,1,4
2882,car,1,375,71.25,253,0,0,35,1,4
2883,train,0,375,64.9,245,94,3,70,1,4
2883,air,0,375,157.5,58,120,36,70,1,4
2883,bus,0,375,29.2,384,72,4,70,1,4
2883,car,1,375,71.25,253,0,0,70,1,4
2901,train,0,187,46.05,131,90,8,70,0,4
2901,air,0,187,151.45,60,123,6,70,0,4
2901,bus,0,187,21.55,164,53,2,70,0,4
2901,car,1,187,35.53,121,0,0,70,0,4
2902,train,0,187,46.05,131,90,8,45,0,4
2902,air,0,187,151.45,60,123,6,45,0,4
2902,bus,0,187,21.55,164,53,2,45,0,4
2902,car,1,187,35.53,121,0,0,45,0,4
2903,train,0,187,46.05,131,90,8,5,0,4
2903,air,0,187,151.45,60,123,6,5,0,4
2903,bus,0,187,21.55,164,53,2,5,0,4
2903,car,1,187,35.53,121,0,0,5,0,4
2904,train,0,187,46.05,131,90,8,70,0,4
2904,air,0,187,151.45,60,123,6,70,0,4
2904,bus,0,187,21.55,164,53,2,70,0,4
2904,car,1,187,35.53,121,0,0,70,0,4
2907,train,0,366,65.15,245,99,3,70,1,4
2907,air,1,366,161.5,58,135,36,70,1,4
2907,bus,0,366,28.55,384,60,4,70,1,4
2907,car,0,366,69.54,248,0,0,70,1,4
2908,train,0,366,65.15,245,99,3,70,1,4
2908,air,0,366,161.5,58,135,36,70,1,4
2908,bus,0,366,28.55,384,60,4,70,1,4
2908,car,1,366,69.54,248,0,0,70,1,4
2912,train,0,180,56.9,148,140,8,32,0,4
2912,air,0,180,151.45,60,123,6,32,0,4
2912,bus,0,180,22.2,164,65,2,32,0,4
2912,car,1,180,34.2,119,0,0,32,0,4
2968,train,0,161,49.8,131,128,8,15,0,4
2968,air,0,161,159.3,60,150,6,15,0,4
2968,bus,0,161,26.2,164,95,2,15,0,4
2968,car,1,161,30.59,121,0,0,15,0,4
2969,train,1,309,66.4,245,124,3,35,1,4
2969,air,0,309,166.5,58,140,36,35,1,4
2969,bus,0,309,31.2,384,87,4,35,1,4
2969,car,0,309,58.71,215,0,0,35,1,4
2970,train,0,309,66.4,245,124,3,25,1,4
2970,air,0,309,166.5,58,140,36,25,1,4
2970,bus,0,309,31.2,384,87,4,25,1,4
2970,car,1,309,58.71,215,0,0,25,1,4
2971,train,0,309,66.4,245,124,3,35,1,4
2971,air,0,309,166.5,58,140,36,35,1,4
2971,bus,0,309,31.2,384,87,4,35,1,4
2971,car,1,309,58.71,215,0,0,35,1,4
2974,train,0,118,47.8,131,125,8,55,0,4
2974,air,0,118,161.45,60,138,6,55,0,4
2974,bus,0,118,12.64,62,70,5,55,0,4
2974,car,1,118,22.42,83,0,0,55,0,4
2975,train,0,118,47.8,131,125,8,35,0,4
2975,air,0,118,161.45,60,138,6,35,0,4
2975,bus,0,118,12.64,62,70,5,35,0,4
2975,car,1,118,22.42,83,0,0,35,0,4
2976,train,0,118,47.8,131,125,8,25,0,4
2976,air,0,118,161.45,60,138,6,25,0,4
2976,bus,0,118,12.64,62,70,5,25,0,4
2976,car,1,118,22.42,83,0,0,25,0,4
2977,train,0,149,50.3,131,138,8,15,0,4
2977,air,0,149,164.3,60,160,6,15,0,4
2977,bus,0,149,14.64,62,85,5,15,0,4
2977,car,1,149,28.31,116,0,0,15,0,4
2978,train,1,297,66.9,245,134,3,45,1,4
2978,air,0,297,171.5,58,150,36,45,1,4
2978,bus,0,297,29.72,338,77,1,45,1,4
2978,car,0,297,56.43,209,0,0,45,1,4
2979,train,0,297,66.9,245,134,3,55,1,4
2979,air,0,297,171.5,58,150,36,55,1,4
2979,bus,0,297,29.72,338,77,1,55,1,4
2979,car,1,297,56.43,209,0,0,55,1,4
2987,train,0,109,58.2,109,155,5,45,0,4
2987,air,0,109,164.3,60,170,6,45,0,4
2987,bus,0,109,26.2,164,105,2,45,0,4
2987,car,1,109,20.71,100,0,0,45,0,4
2988,train,0,109,58.2,109,155,5,25,0,4
2988,air,0,109,164.3,60,170,6,25,0,4
2988,bus,0,109,26.2,164,105,2,25,0,4
2988,car,1,109,20.71,100,0,0,25,0,4
2989,train,0,109,58.2,109,155,5,45,0,4
2989,air,0,109,164.3,60,170,6,45,0,4
2989,bus,0,109,26.2,164,105,2,45,0,4
2989,car,1,109,20.71,100,0,0,45,0,4
2990,train,0,181,59.9,148,145,8,70,0,4
2990,air,0,181,161.45,60,138,6,70,0,4
2990,bus,0,181,24.2,164,80,2,70,0,4
2990,car,1,181,34.39,128,0,0,70,0,4
2991,train,0,125,62.4,148,158,8,35,0,4
2991,air,0,125,164.3,60,160,6,35,0,4
2991,bus,0,125,26.2,164,95,2,35,0,4
2991,car,1,125,23.75,112,0,0,35,0,4
2998,train,0,293,78.4,263,164,3,70,1,4
2998,air,0,293,181.5,58,160,36,70,1,4
2998,bus,0,293,32.2,384,97,4,70,1,4
2998,car,1,293,55.67,252,0,0,70,1,4
3131,train,0,126,35.85,66,70,3,55,0,4
3131,air,0,126,135.2,40,142,15,55,0,4
3131,bus,0,126,19.8,140,105,18,55,0,4
3131,car,1,126,23.94,94,0,0,55,0,4
3132,train,0,126,35.85,66,70,3,70,0,4
3132,air,0,126,135.2,40,142,15,70,0,4
3132,bus,0,126,19.8,140,105,18,70,0,4
3132,car,1,126,23.94,94,0,0,70,0,4
3133,train,0,126,35.85,66,70,3,55,0,4
3133,air,0,126,135.2,40,142,15,55,0,4
3133,bus,0,126,19.8,140,105,18,55,0,4
3133,car,1,126,23.94,94,0,0,55,0,4
3134,train,0,126,34.4,66,75,3,15,0,4
3134,air,0,126,135.2,40,142,15,15,0,4
3134,bus,0,126,19.8,140,110,18,15,0,4
3134,car,1,126,23.94,94,0,0,15,0,4
3135,train,1,126,26.5,47,65,3,55,1,4
3135,air,0,126,130.45,40,131,15,55,1,4
3135,bus,0,126,19.3,120,100,18,55,1,4
3135,car,0,126,23.94,94,0,0,55,1,4
3136,train,0,126,26.5,47,65,3,15,1,4
3136,air,0,126,130.45,40,131,15,15,1,4
3136,bus,0,126,19.3,120,100,18,15,1,4
3136,car,1,126,23.94,94,0,0,15,1,4
3137,train,0,126,26.5,47,65,3,15,1,4
3137,air,0,126,130.45,40,131,15,15,1,4
3137,bus,0,126,19.3,120,100,18,15,1,4
3137,car,1,126,23.94,94,0,0,15,1,4
3138,train,0,126,26.5,47,65,3,70,1,4
3138,air,0,126,130.45,40,131,15,70,1,4
3138,bus,0,126,19.3,120,100,18,70,1,4
3138,car,1,126,23.94,94,0,0,70,1,4
3139,train,0,126,26.5,47,65,3,70,1,4
3139,air,0,126,130.45,40,131,15,70,1,4
3139,bus,0,126,19.3,120,100,18,70,1,4
3139,car,1,126,23.94,94,0,0,70,1,4
3140,train,0,126,26.5,47,65,3,35,1,4
3140,air,0,126,130.45,40,131,15,35,1,4
3140,bus,0,126,19.3,120,100,18,35,1,4
3140,car,1,126,23.94,94,0,0,35,1,4
3141,train,0,116,28.95,66,65,3,45,1,4
3141,air,0,116,133.2,40,135,15,45,1,4
3141,bus,0,116,19.7,140,103,18,45,1,4
3141,car,1,116,22.04,80,0,0,45,1,4
3142,train,0,116,28.95,66,65,3,55,1,4
3142,air,0,116,133.2,40,135,15,55,1,4
3142,bus,0,116,19.7,140,103,18,55,1,4
3142,car,1,116,22.04,80,0,0,55,1,4
3143,train,0,116,28.95,66,65,3,70,1,4
3143,air,0,116,133.2,40,135,15,70,1,4
3143,bus,0,116,19.7,140,103,18,70,1,4
3143,car,1,116,22.04,80,0,0,70,1,4
3144,train,0,159,30.25,66,75,3,15,0,4
3144,air,0,159,139.5,40,140,15,15,0,4
3144,bus,0,159,19.8,140,110,18,15,0,4
3144,car,1,159,30.21,113,0,0,15,0,4
3145,train,0,188,31.4,66,100,3,70,0,4
3145,air,0,188,139.8,40,170,15,70,0,4
3145,bus,0,188,20.8,140,135,18,70,0,4
3145,car,1,188,35.72,131,0,0,70,0,4
3146,train,0,188,31.4,66,100,3,45,0,4
3146,air,0,188,139.8,40,170,15,45,0,4
3146,bus,0,188,20.8,140,135,18,45,0,4
3146,car,1,188,35.72,131,0,0,45,0,4
3147,train,0,428,72.4,356,140,2,70,0,4
3147,air,0,428,167.4,70,165,3,70,0,4
3147,bus,0,428,42.76,377,125,14,70,0,4
3147,car,1,428,81.32,278,0,0,70,0,4
3148,train,0,341,71.4,356,120,2,35,0,4
3148,air,0,341,159.4,70,130,3,35,0,4
3148,bus,0,341,39.76,377,105,14,35,0,4
3148,car,1,341,64.79,226,0,0,35,0,4
3149,train,0,123,30.5,64,70,3,55,1,4
3149,air,0,123,133.2,40,170,15,55,1,4
3149,bus,0,123,16.76,106,110,2,55,1,4
3149,car,1,123,23.37,101,0,0,55,1,4
3150,train,1,118,31.8,64,75,3,15,0,4
3150,air,0,118,138.2,40,175,15,15,0,4
3150,bus,0,118,15.76,106,105,2,15,0,4
3150,car,0,118,22.42,95,0,0,15,0,4
3151,train,0,141,42.4,66,120,3,55,0,4
3151,air,0,141,143.2,40,160,15,55,0,4
3151,bus,0,141,19.8,140,130,18,55,0,4
3151,car,1,141,26.79,143,0,0,55,0,4
3152,train,0,136,30.5,47,90,3,70,1,4
3152,air,0,136,130.45,40,131,15,70,1,4
3152,bus,0,136,19.3,120,100,18,70,1,4
3152,car,1,136,25.84,107,0,0,70,1,4
3153,train,0,136,30.5,47,90,3,70,1,4
3153,air,0,136,130.45,40,131,15,70,1,4
3153,bus,0,136,19.3,120,100,18,70,1,4
3153,car,1,136,25.84,107,0,0,70,1,4
3154,train,0,126,32.95,66,90,3,5,1,4
3154,air,0,126,133.2,40,135,15,5,1,4
3154,bus,0,126,19.7,140,103,18,5,1,4
3154,car,1,126,23.94,94,0,0,5,1,4
3155,train,0,138,33.9,66,95,3,45,0,4
3155,air,0,138,139.55,40,148,15,45,0,4
3155,bus,0,138,19.3,140,100,18,45,0,4
3155,car,1,138,26.22,101,0,0,45,0,4
3156,train,0,204,38.4,66,135,3,45,0,4
3156,air,0,204,143.2,40,185,15,45,0,4
3156,bus,0,204,20.8,140,140,18,45,0,4
3156,car,1,204,38.76,141,0,0,45,0,4
3157,train,0,172,40.4,66,110,3,15,0,4
3157,air,0,172,143.2,40,155,15,15,0,4
3157,bus,0,172,20.8,140,120,18,15,0,4
3157,car,1,172,32.68,122,0,0,15,0,4
3162,train,1,219,39.2,132,77,5,70,1,4
3162,air,0,219,134.75,40,100,15,70,1,4
3162,bus,0,219,16.85,140,78,18,70,1,4
3162,car,0,219,41.61,168,0,0,70,1,4
3163,train,0,235,40.6,113,95,5,35,1,4
3163,air,0,235,125.45,40,91,15,35,1,4
3163,bus,0,235,16.3,120,85,18,35,1,4
3163,car,1,235,44.65,165,0,0,35,1,4
3164,train,0,230,39.7,132,82,5,70,1,4
3164,air,0,230,134.75,40,95,15,70,1,4
3164,bus,0,230,16.85,140,83,18,70,1,4
3164,car,1,230,43.7,159,0,0,70,1,4
3165,train,0,230,39.7,132,82,5,55,1,4
3165,air,0,230,134.75,40,95,15,55,1,4
3165,bus,0,230,16.85,140,83,18,55,1,4
3165,car,1,230,43.7,159,0,0,55,1,4
3166,train,0,230,39.7,132,82,5,70,1,4
3166,air,0,230,134.75,40,95,15,70,1,4
3166,bus,0,230,16.85,140,83,18,70,1,4
3166,car,1,230,43.7,159,0,0,70,1,4
3167,train,0,230,39.7,132,82,5,55,1,4
3167,air,0,230,134.75,40,95,15,55,1,4
3167,bus,0,230,16.85,140,83,18,55,1,4
3167,car,1,230,43.7,159,0,0,55,1,4
3168,train,0,237,43.2,132,100,5,70,0,4
3168,air,0,237,134.55,40,108,15,70,0,4
3168,bus,0,237,16.3,140,85,18,70,0,4
3168,car,1,237,45.03,160,0,0,70,0,4
3169,train,0,446,66.2,356,88,2,70,0,4
3169,air,0,446,154.4,70,91,3,70,0,4
3169,bus,0,446,36.51,377,81,14,70,0,4
3169,car,1,446,84.74,289,0,0,70,0,4
3170,train,0,226,48.65,132,95,5,70,1,4
3170,air,0,226,127.2,40,97,15,70,1,4
3170,bus,0,226,16.8,140,78,18,70,1,4
3170,car,1,226,42.94,167,0,0,70,1,4
3171,train,0,226,40.1,113,90,5,70,2,4
3171,air,0,226,122.45,40,86,15,70,2,4
3171,bus,0,226,16.3,120,73,18,70,2,4
3171,car,1,226,42.94,167,0,0,70,2,4
3172,train,0,226,40.1,113,90,5,70,2,4
3172,air,0,226,122.45,40,86,15,70,2,4
3172,bus,0,226,16.3,120,73,18,70,2,4
3172,car,1,226,42.94,167,0,0,70,2,4
3173,train,0,226,40.1,113,90,5,35,2,4
3173,air,0,226,122.45,40,86,15,35,2,4
3173,bus,0,226,16.3,120,73,18,35,2,4
3173,car,1,226,42.94,167,0,0,35,2,4
3174,train,0,226,40.1,113,90,5,32,2,4
3174,air,0,226,122.45,40,86,15,32,2,4
3174,bus,0,226,16.3,120,73,18,32,2,4
3174,car,1,226,42.94,167,0,0,32,2,4
3175,train,0,226,40.1,113,90,5,25,2,4
3175,air,0,226,122.45,40,86,15,25,2,4
3175,bus,0,226,16.3,120,73,18,25,2,4
3175,car,1,226,42.94,167,0,0,25,2,4
3176,train,0,226,40.1,113,90,5,70,2,4
3176,air,0,226,122.45,40,86,15,70,2,4
3176,bus,0,226,16.3,120,73,18,70,2,4
3176,car,1,226,42.94,167,0,0,70,2,4
3177,train,0,226,40.1,113,90,5,70,2,4
3177,air,0,226,122.45,40,86,15,70,2,4
3177,bus,0,226,16.3,120,73,18,70,2,4
3177,car,1,226,42.94,167,0,0,70,2,4
3178,train,0,226,40.1,113,90,5,70,2,4
3178,air,0,226,122.45,40,86,15,70,2,4
3178,bus,0,226,16.3,120,73,18,70,2,4
3178,car,1,226,42.94,167,0,0,70,2,4
3179,train,0,216,41.75,132,90,5,70,2,4
3179,air,0,216,125.2,40,90,15,70,2,4
3179,bus,0,216,16.7,140,76,18,70,2,4
3179,car,1,216,41.04,154,0,0,70,2,4
3180,train,0,216,41.75,132,90,5,70,2,4
3180,air,0,216,125.2,40,90,15,70,2,4
3180,bus,0,216,16.7,140,76,18,70,2,4
3180,car,1,216,41.04,154,0,0,70,2,4
3181,train,1,221,39.2,132,77,5,70,2,4
3181,air,0,221,131.75,40,90,15,70,2,4
3181,bus,0,221,16.85,140,71,18,70,2,4
3181,car,0,221,41.99,161,0,0,70,2,4
3182,train,0,221,39.2,132,77,5,35,2,4
3182,air,0,221,131.75,40,90,15,35,2,4
3182,bus,0,221,16.85,140,71,18,35,2,4
3182,car,1,221,41.99,161,0,0,35,2,4
3183,train,0,221,39.2,132,77,5,45,2,4
3183,air,0,221,131.75,40,90,15,45,2,4
3183,bus,0,221,16.85,140,71,18,45,2,4
3183,car,1,221,41.99,161,0,0,45,2,4
3184,train,1,221,40.2,132,90,5,25,2,4
3184,air,0,221,132.3,40,100,15,25,2,4
3184,bus,0,221,17.6,140,78,18,25,2,4
3184,car,0,221,41.99,161,0,0,25,2,4
3185,train,0,221,40.2,132,90,5,70,2,4
3185,air,0,221,132.3,40,100,15,70,2,4
3185,bus,0,221,17.6,140,78,18,70,2,4
3185,car,1,221,41.99,161,0,0,70,2,4
3186,train,0,172,41.85,113,93,5,25,1,4
3186,air,0,172,129,40,98,15,25,1,4
3186,bus,0,172,16.8,120,83,18,25,1,4
3186,car,1,172,32.68,128,0,0,25,1,4
3187,train,0,172,41.85,113,93,5,45,1,4
3187,air,0,172,129,40,98,15,45,1,4
3187,bus,0,172,16.8,120,83,18,45,1,4
3187,car,1,172,32.68,128,0,0,45,1,4
3188,train,0,437,65.7,356,83,2,70,1,4
3188,air,1,437,151.4,70,86,3,70,1,4
3188,bus,0,437,36.51,377,69,14,70,1,4
3188,car,0,437,83.03,292,0,0,70,1,4
3189,train,0,146,47.2,132,97,5,45,1,4
3189,air,0,146,131.8,40,105,15,45,1,4
3189,bus,0,146,18,140,92,18,45,1,4
3189,car,1,146,27.74,106,0,0,45,1,4
3190,train,0,179,47.2,132,94,5,70,1,4
3190,air,0,179,131.8,40,100,15,70,1,4
3190,bus,0,179,18,140,87,18,70,1,4
3190,car,1,179,34.01,140,0,0,70,1,4
3191,train,0,179,47.2,132,94,5,70,1,4
3191,air,0,179,131.8,40,100,15,70,1,4
3191,bus,0,179,18,140,87,18,70,1,4
3191,car,1,179,34.01,140,0,0,70,1,4
3192,train,0,179,47.2,132,94,5,25,1,4
3192,air,0,179,131.8,40,100,15,25,1,4
3192,bus,0,179,18,140,87,18,25,1,4
3192,car,1,179,34.01,140,0,0,25,1,4
3193,train,0,179,47.2,132,94,5,45,1,4
3193,air,0,179,131.8,40,100,15,45,1,4
3193,bus,0,179,18,140,87,18,45,1,4
3193,car,1,179,34.01,140,0,0,45,1,4
3194,train,0,206,46.65,132,84,5,70,1,4
3194,air,0,206,123.8,40,92,15,70,1,4
3194,bus,0,206,18,140,77,18,70,1,4
3194,car,1,206,39.14,141,0,0,70,1,4
3195,train,0,206,46.65,132,84,5,70,1,4
3195,air,0,206,123.8,40,92,15,70,1,4
3195,bus,0,206,18,140,77,18,70,1,4
3195,car,1,206,39.14,141,0,0,70,1,4
3196,train,0,206,46.65,132,84,5,70,1,4
3196,air,0,206,123.8,40,92,15,70,1,4
3196,bus,0,206,18,140,77,18,70,1,4
3196,car,1,206,39.14,141,0,0,70,1,4
3197,train,0,206,46.65,132,84,5,70,1,4
3197,air,0,206,123.8,40,92,15,70,1,4
3197,bus,0,206,18,140,77,18,70,1,4
3197,car,1,206,39.14,141,0,0,70,1,4
3198,train,1,206,45.2,132,89,5,25,1,4
3198,air,0,206,123.8,40,92,15,25,1,4
3198,bus,0,206,18,140,82,18,25,1,4
3198,car,0,206,39.14,141,0,0,25,1,4
3199,train,1,206,38.1,113,79,5,30,2,4
3199,air,0,206,119.05,40,81,15,30,2,4
3199,bus,0,206,17.5,120,72,18,30,2,4
3199,car,0,206,39.14,141,0,0,30,2,4
3200,train,1,206,38.1,113,79,5,25,2,4
3200,air,0,206,119.05,40,81,15,25,2,4
3200,bus,0,206,17.5,120,72,18,25,2,4
3200,car,0,206,39.14,141,0,0,25,2,4
3201,train,1,206,38.1,113,79,5,70,2,4
3201,air,0,206,119.05,40,81,15,70,2,4
3201,bus,0,206,17.5,120,72,18,70,2,4
3201,car,0,206,39.14,141,0,0,70,2,4
3202,train,1,206,38.1,113,79,5,45,2,4
3202,air,0,206,119.05,40,81,15,45,2,4
3202,bus,0,206,17.5,120,72,18,45,2,4
3202,car,0,206,39.14,141,0,0,45,2,4
3203,train,1,206,38.1,113,79,5,55,2,4
3203,air,0,206,119.05,40,81,15,55,2,4
3203,bus,0,206,17.5,120,72,18,55,2,4
3203,car,0,206,39.14,141,0,0,55,2,4
3204,train,1,206,38.1,113,79,5,45,2,4
3204,air,0,206,119.05,40,81,15,45,2,4
3204,bus,0,206,17.5,120,72,18,45,2,4
3204,car,0,206,39.14,141,0,0,45,2,4
3205,train,1,206,38.1,113,79,5,45,2,4
3205,air,0,206,119.05,40,81,15,45,2,4
3205,bus,0,206,17.5,120,72,18,45,2,4
3205,car,0,206,39.14,141,0,0,45,2,4
3206,train,1,206,38.1,113,79,5,35,2,4
3206,air,0,206,119.05,40,81,15,35,2,4
3206,bus,0,206,17.5,120,72,18,35,2,4
3206,car,0,206,39.14,141,0,0,35,2,4
3207,train,1,206,38.1,113,79,5,70,2,4
3207,air,0,206,119.05,40,81,15,70,2,4
3207,bus,0,206,17.5,120,72,18,70,2,4
3207,car,0,206,39.14,141,0,0,70,2,4
3208,train,0,206,38.1,113,79,5,70,2,4
3208,air,1,206,119.05,40,81,15,70,2,4
3208,bus,0,206,17.5,120,72,18,70,2,4
3208,car,0,206,39.14,141,0,0,70,2,4
3209,train,0,206,38.1,113,79,5,35,2,4
3209,air,1,206,119.05,40,81,15,35,2,4
3209,bus,0,206,17.5,120,72,18,35,2,4
3209,car,0,206,39.14,141,0,0,35,2,4
3210,train,0,206,38.1,113,79,5,70,2,4
3210,air,1,206,119.05,40,81,15,70,2,4
3210,bus,0,206,17.5,120,72,18,70,2,4
3210,car,0,206,39.14,141,0,0,70,2,4
3211,train,0,206,38.1,113,79,5,35,2,4
3211,air,1,206,119.05,40,81,15,35,2,4
3211,bus,0,206,17.5,120,72,18,35,2,4
3211,car,0,206,39.14,141,0,0,35,2,4
3212,train,0,206,38.1,113,79,5,55,2,4
3212,air,1,206,119.05,40,81,15,55,2,4
3212,bus,0,206,17.5,120,72,18,55,2,4
3212,car,0,206,39.14,141,0,0,55,2,4
3213,train,0,206,38.1,113,79,5,70,2,4
3213,air,1,206,119.05,40,81,15,70,2,4
3213,bus,0,206,17.5,120,72,18,70,2,4
3213,car,0,206,39.14,141,0,0,70,2,4
3214,train,0,206,38.1,113,79,5,70,2,4
3214,air,1,206,119.05,40,81,15,70,2,4
3214,bus,0,206,17.5,120,72,18,70,2,4
3214,car,0,206,39.14,141,0,0,70,2,4
3215,train,0,206,38.1,113,79,5,70,2,4
3215,air,1,206,119.05,40,81,15,70,2,4
3215,bus,0,206,17.5,120,72,18,70,2,4
3215,car,0,206,39.14,141,0,0,70,2,4
3216,train,0,206,38.1,113,79,5,70,2,4
3216,air,1,206,119.05,40,81,15,70,2,4
3216,bus,0,206,17.5,120,72,18,70,2,4
3216,car,0,206,39.14,141,0,0,70,2,4
3217,train,0,206,38.1,113,79,5,70,2,4
3217,air,1,206,119.05,40,81,15,70,2,4
3217,bus,0,206,17.5,120,72,18,70,2,4
3217,car,0,206,39.14,141,0,0,70,2,4
3218,train,0,206,38.1,113,79,5,70,2,4
3218,air,1,206,119.05,40,81,15,70,2,4
3218,bus,0,206,17.5,120,72,18,70,2,4
3218,car,0,206,39.14,141,0,0,70,2,4
3219,train,0,206,38.1,113,79,5,31,2,4
3219,air,0,206,119.05,40,81,15,31,2,4
3219,bus,1,206,17.5,120,72,18,31,2,4
3219,car,0,206,39.14,141,0,0,31,2,4
3220,train,0,206,38.1,113,79,5,35,2,4
3220,air,0,206,119.05,40,81,15,35,2,4
3220,bus,0,206,17.5,120,72,18,35,2,4
3220,car,1,206,39.14,141,0,0,35,2,4
3221,train,0,206,38.1,113,79,5,70,2,4
3221,air,0,206,119.05,40,81,15,70,2,4
3221,bus,0,206,17.5,120,72,18,70,2,4
3221,car,1,206,39.14,141,0,0,70,2,4
3222,train,0,206,38.1,113,79,5,70,2,4
3222,air,0,206,119.05,40,81,15,70,2,4
3222,bus,0,206,17.5,120,72,18,70,2,4
3222,car,1,206,39.14,141,0,0,70,2,4
3223,train,0,206,38.1,113,79,5,70,2,4
3223,air,0,206,119.05,40,81,15,70,2,4
3223,bus,0,206,17.5,120,72,18,70,2,4
3223,car,1,206,39.14,141,0,0,70,2,4
3224,train,0,206,38.1,113,79,5,70,2,4
3224,air,0,206,119.05,40,81,15,70,2,4
3224,bus,0,206,17.5,120,72,18,70,2,4
3224,car,1,206,39.14,141,0,0,70,2,4
3225,train,0,206,38.1,113,79,5,70,2,4
3225,air,0,206,119.05,40,81,15,70,2,4
3225,bus,0,206,17.5,120,72,18,70,2,4
3225,car,1,206,39.14,141,0,0,70,2,4
3226,train,0,206,38.1,113,79,5,70,2,4
3226,air,0,206,119.05,40,81,15,70,2,4
3226,bus,0,206,17.5,120,72,18,70,2,4
3226,car,1,206,39.14,141,0,0,70,2,4
3227,train,0,206,38.1,113,79,5,70,2,4
3227,air,0,206,119.05,40,81,15,70,2,4
3227,bus,0,206,17.5,120,72,18,70,2,4
3227,car,1,206,39.14,141,0,0,70,2,4
3228,train,0,206,38.1,113,79,5,70,2,4
3228,air,0,206,119.05,40,81,15,70,2,4
3228,bus,0,206,17.5,120,72,18,70,2,4
3228,car,1,206,39.14,141,0,0,70,2,4
3229,train,0,206,38.1,113,79,5,70,2,4
3229,air,0,206,119.05,40,81,15,70,2,4
3229,bus,0,206,17.5,120,72,18,70,2,4
3229,car,1,206,39.14,141,0,0,70,2,4
3230,train,0,206,38.1,113,79,5,70,2,4
3230,air,0,206,119.05,40,81,15,70,2,4
3230,bus,0,206,17.5,120,72,18,70,2,4
3230,car,1,206,39.14,141,0,0,70,2,4
3231,train,0,206,38.1,113,79,5,70,2,4
3231,air,0,206,119.05,40,81,15,70,2,4
3231,bus,0,206,17.5,120,72,18,70,2,4
3231,car,1,206,39.14,141,0,0,70,2,4
3232,train,0,206,38.1,113,79,5,70,2,4
3232,air,0,206,119.05,40,81,15,70,2,4
3232,bus,0,206,17.5,120,72,18,70,2,4
3232,car,1,206,39.14,141,0,0,70,2,4
3233,train,0,206,38.1,113,79,5,45,2,4
3233,air,0,206,119.05,40,81,15,45,2,4
3233,bus,0,206,17.5,120,72,18,45,2,4
3233,car,1,206,39.14,141,0,0,45,2,4
3234,train,0,206,38.1,113,79,5,70,2,4
3234,air,0,206,119.05,40,81,15,70,2,4
3234,bus,0,206,17.5,120,72,18,70,2,4
3234,car,1,206,39.14,141,0,0,70,2,4
3235,train,0,206,38.1,113,79,5,45,2,4
3235,air,0,206,119.05,40,81,15,45,2,4
3235,bus,0,206,17.5,120,72,18,45,2,4
3235,car,1,206,39.14,141,0,0,45,2,4
3236,train,0,206,38.1,113,79,5,70,2,4
3236,air,0,206,119.05,40,81,15,70,2,4
3236,bus,0,206,17.5,120,72,18,70,2,4
3236,car,1,206,39.14,141,0,0,70,2,4
3237,train,0,206,38.1,113,79,5,70,2,4
3237,air,0,206,119.05,40,81,15,70,2,4
3237,bus,0,206,17.5,120,72,18,70,2,4
3237,car,1,206,39.14,141,0,0,70,2,4
3238,train,0,206,38.1,113,79,5,70,2,4
3238,air,0,206,119.05,40,81,15,70,2,4
3238,bus,0,206,17.5,120,72,18,70,2,4
3238,car,1,206,39.14,141,0,0,70,2,4
3239,train,0,206,38.1,113,79,5,70,2,4
3239,air,0,206,119.05,40,81,15,70,2,4
3239,bus,0,206,17.5,120,72,18,70,2,4
3239,car,1,206,39.14,141,0,0,70,2,4
3240,train,0,206,38.1,113,79,5,55,2,4
3240,air,0,206,119.05,40,81,15,55,2,4
3240,bus,0,206,17.5,120,72,18,55,2,4
3240,car,1,206,39.14,141,0,0,55,2,4
3241,train,0,206,38.1,113,79,5,70,2,4
3241,air,0,206,119.05,40,81,15,70,2,4
3241,bus,0,206,17.5,120,72,18,70,2,4
3241,car,1,206,39.14,141,0,0,70,2,4
3242,train,0,206,38.1,113,79,5,55,2,4
3242,air,0,206,119.05,40,81,15,55,2,4
3242,bus,0,206,17.5,120,72,18,55,2,4
3242,car,1,206,39.14,141,0,0,55,2,4
3243,train,0,206,38.1,113,79,5,15,2,4
3243,air,0,206,119.05,40,81,15,15,2,4
3243,bus,0,206,17.5,120,72,18,15,2,4
3243,car,1,206,39.14,141,0,0,15,2,4
3244,train,0,206,38.1,113,79,5,31,2,4
3244,air,0,206,119.05,40,81,15,31,2,4
3244,bus,0,206,17.5,120,72,18,31,2,4
3244,car,1,206,39.14,141,0,0,31,2,4
3245,train,0,206,38.1,113,79,5,70,2,4
3245,air,0,206,119.05,40,81,15,70,2,4
3245,bus,0,206,17.5,120,72,18,70,2,4
3245,car,1,206,39.14,141,0,0,70,2,4
3246,train,0,206,38.1,113,79,5,70,2,4
3246,air,0,206,119.05,40,81,15,70,2,4
3246,bus,0,206,17.5,120,72,18,70,2,4
3246,car,1,206,39.14,141,0,0,70,2,4
3247,train,0,206,38.1,113,79,5,70,2,4
3247,air,0,206,119.05,40,81,15,70,2,4
3247,bus,0,206,17.5,120,72,18,70,2,4
3247,car,1,206,39.14,141,0,0,70,2,4
3248,train,0,206,38.1,113,79,5,70,2,4
3248,air,0,206,119.05,40,81,15,70,2,4
3248,bus,0,206,17.5,120,72,18,70,2,4
3248,car,1,206,39.14,141,0,0,70,2,4
3249,train,0,206,38.1,113,79,5,55,2,4
3249,air,0,206,119.05,40,81,15,55,2,4
3249,bus,0,206,17.5,120,72,18,55,2,4
3249,car,1,206,39.14,141,0,0,55,2,4
3250,train,0,206,38.1,113,79,5,70,2,4
3250,air,0,206,119.05,40,81,15,70,2,4
3250,bus,0,206,17.5,120,72,18,70,2,4
3250,car,1,206,39.14,141,0,0,70,2,4
3251,train,0,206,38.1,113,79,5,45,2,4
3251,air,0,206,119.05,40,81,15,45,2,4
3251,bus,0,206,17.5,120,72,18,45,2,4
3251,car,1,206,39.14,141,0,0,45,2,4
3252,train,0,206,38.1,113,79,5,15,2,4
3252,air,0,206,119.05,40,81,15,15,2,4
3252,bus,0,206,17.5,120,72,18,15,2,4
3252,car,1,206,39.14,141,0,0,15,2,4
3253,train,0,206,38.1,113,79,5,45,2,4
3253,air,0,206,119.05,40,81,15,45,2,4
3253,bus,0,206,17.5,120,72,18,45,2,4
3253,car,1,206,39.14,141,0,0,45,2,4
3254,train,0,206,38.1,113,79,5,55,2,4
3254,air,0,206,119.05,40,81,15,55,2,4
3254,bus,0,206,17.5,120,72,18,55,2,4
3254,car,1,206,39.14,141,0,0,55,2,4
3255,train,0,206,38.1,113,79,5,45,2,4
3255,air,0,206,119.05,40,81,15,45,2,4
3255,bus,0,206,17.5,120,72,18,45,2,4
3255,car,1,206,39.14,141,0,0,45,2,4
3256,train,0,206,38.1,113,79,5,55,2,4
3256,air,0,206,119.05,40,81,15,55,2,4
3256,bus,0,206,17.5,120,72,18,55,2,4
3256,car,1,206,39.14,141,0,0,55,2,4
3257,train,0,206,38.1,113,79,5,70,2,4
3257,air,0,206,119.05,40,81,15,70,2,4
3257,bus,0,206,17.5,120,72,18,70,2,4
3257,car,1,206,39.14,141,0,0,70,2,4
3258,train,0,206,38.1,113,79,5,70,2,4
3258,air,0,206,119.05,40,81,15,70,2,4
3258,bus,0,206,17.5,120,72,18,70,2,4
3258,car,1,206,39.14,141,0,0,70,2,4
3259,train,0,206,38.1,113,79,5,70,2,4
3259,air,0,206,119.05,40,81,15,70,2,4
3259,bus,0,206,17.5,120,72,18,70,2,4
3259,car,1,206,39.14,141,0,0,70,2,4
3260,train,0,206,38.1,113,79,5,70,2,4
3260,air,0,206,119.05,40,81,15,70,2,4
3260,bus,0,206,17.5,120,72,18,70,2,4
3260,car,1,206,39.14,141,0,0,70,2,4
3261,train,0,206,38.1,113,79,5,55,2,4
3261,air,0,206,119.05,40,81,15,55,2,4
3261,bus,0,206,17.5,120,72,18,55,2,4
3261,car,1,206,39.14,141,0,0,55,2,4
3262,train,0,206,38.1,113,79,5,70,2,4
3262,air,0,206,119.05,40,81,15,70,2,4
3262,bus,0,206,17.5,120,72,18,70,2,4
3262,car,1,206,39.14,141,0,0,70,2,4
3263,train,0,206,38.1,113,79,5,45,2,4
3263,air,0,206,119.05,40,81,15,45,2,4
3263,bus,0,206,17.5,120,72,18,45,2,4
3263,car,1,206,39.14,141,0,0,45,2,4
3264,train,0,206,38.1,113,79,5,70,2,4
3264,air,0,206,119.05,40,81,15,70,2,4
3264,bus,0,206,17.5,120,72,18,70,2,4
3264,car,1,206,39.14,141,0,0,70,2,4
3265,train,0,206,38.1,113,79,5,45,2,4
3265,air,0,206,119.05,40,81,15,45,2,4
3265,bus,0,206,17.5,120,72,18,45,2,4
3265,car,1,206,39.14,141,0,0,45,2,4
3266,train,0,206,38.1,113,79,5,70,2,4
3266,air,0,206,119.05,40,81,15,70,2,4
3266,bus,0,206,17.5,120,72,18,70,2,4
3266,car,1,206,39.14,141,0,0,70,2,4
3267,train,1,196,39.75,132,79,5,70,2,4
3267,air,0,196,121.8,40,85,15,70,2,4
3267,bus,0,196,17.9,140,75,18,70,2,4
3267,car,0,196,37.24,128,0,0,70,2,4
3268,train,1,196,39.75,132,79,5,70,2,4
3268,air,0,196,121.8,40,85,15,70,2,4
3268,bus,0,196,17.9,140,75,18,70,2,4
3268,car,0,196,37.24,128,0,0,70,2,4
3269,train,1,196,39.75,132,79,5,70,2,4
3269,air,0,196,121.8,40,85,15,70,2,4
3269,bus,0,196,17.9,140,75,18,70,2,4
3269,car,0,196,37.24,128,0,0,70,2,4
3270,train,1,196,39.75,132,79,5,25,2,4
3270,air,0,196,121.8,40,85,15,25,2,4
3270,bus,0,196,17.9,140,75,18,25,2,4
3270,car,0,196,37.24,128,0,0,25,2,4
3271,train,1,196,39.75,132,79,5,5,2,4
3271,air,0,196,121.8,40,85,15,5,2,4
3271,bus,0,196,17.9,140,75,18,5,2,4
3271,car,0,196,37.24,128,0,0,5,2,4
3272,train,1,196,39.75,132,79,5,25,2,4
3272,air,0,196,121.8,40,85,15,25,2,4
3272,bus,0,196,17.9,140,75,18,25,2,4
3272,car,0,196,37.24,128,0,0,25,2,4
3273,train,0,196,39.75,132,79,5,45,2,4
3273,air,0,196,121.8,40,85,15,45,2,4
3273,bus,0,196,17.9,140,75,18,45,2,4
3273,car,1,196,37.24,128,0,0,45,2,4
3274,train,0,196,39.75,132,79,5,70,2,4
3274,air,0,196,121.8,40,85,15,70,2,4
3274,bus,0,196,17.9,140,75,18,70,2,4
3274,car,1,196,37.24,128,0,0,70,2,4
3275,train,0,196,39.75,132,79,5,15,2,4
3275,air,0,196,121.8,40,85,15,15,2,4
3275,bus,0,196,17.9,140,75,18,15,2,4
3275,car,1,196,37.24,128,0,0,15,2,4
3276,train,0,196,39.75,132,79,5,70,2,4
3276,air,0,196,121.8,40,85,15,70,2,4
3276,bus,0,196,17.9,140,75,18,70,2,4
3276,car,1,196,37.24,128,0,0,70,2,4
3277,train,0,196,39.75,132,79,5,25,2,4
3277,air,0,196,121.8,40,85,15,25,2,4
3277,bus,0,196,17.9,140,75,18,25,2,4
3277,car,1,196,37.24,128,0,0,25,2,4
3278,train,0,196,39.75,132,79,5,70,2,4
3278,air,0,196,121.8,40,85,15,70,2,4
3278,bus,0,196,17.9,140,75,18,70,2,4
3278,car,1,196,37.24,128,0,0,70,2,4
3279,train,0,196,39.75,132,79,5,70,2,4
3279,air,0,196,121.8,40,85,15,70,2,4
3279,bus,0,196,17.9,140,75,18,70,2,4
3279,car,1,196,37.24,128,0,0,70,2,4
3280,train,0,196,39.75,132,79,5,15,2,4
3280,air,0,196,121.8,40,85,15,15,2,4
3280,bus,0,196,17.9,140,75,18,15,2,4
3280,car,1,196,37.24,128,0,0,15,2,4
3281,train,0,196,39.75,132,79,5,70,2,4
3281,air,0,196,121.8,40,85,15,70,2,4
3281,bus,0,196,17.9,140,75,18,70,2,4
3281,car,1,196,37.24,128,0,0,70,2,4
3282,train,0,196,39.75,132,79,5,70,2,4
3282,air,0,196,121.8,40,85,15,70,2,4
3282,bus,0,196,17.9,140,75,18,70,2,4
3282,car,1,196,37.24,128,0,0,70,2,4
3283,train,0,196,39.75,132,79,5,70,2,4
3283,air,0,196,121.8,40,85,15,70,2,4
3283,bus,0,196,17.9,140,75,18,70,2,4
3283,car,1,196,37.24,128,0,0,70,2,4
3284,train,0,196,39.75,132,79,5,70,2,4
3284,air,0,196,121.8,40,85,15,70,2,4
3284,bus,0,196,17.9,140,75,18,70,2,4
3284,car,1,196,37.24,128,0,0,70,2,4
3285,train,0,196,39.75,132,79,5,30,2,4
3285,air,0,196,121.8,40,85,15,30,2,4
3285,bus,0,196,17.9,140,75,18,30,2,4
3285,car,1,196,37.24,128,0,0,30,2,4
3286,train,0,196,39.75,132,79,5,70,2,4
3286,air,0,196,121.8,40,85,15,70,2,4
3286,bus,0,196,17.9,140,75,18,70,2,4
3286,car,1,196,37.24,128,0,0,70,2,4
3287,train,0,196,39.75,132,79,5,70,2,4
3287,air,0,196,121.8,40,85,15,70,2,4
3287,bus,0,196,17.9,140,75,18,70,2,4
3287,car,1,196,37.24,128,0,0,70,2,4
3288,train,1,201,39.2,132,74,5,35,2,4
3288,air,0,201,122.45,40,88,15,35,2,4
3288,bus,0,201,18.1,140,72,18,35,2,4
3288,car,0,201,38.19,134,0,0,35,2,4
3289,train,1,201,37.2,132,66,5,70,2,4
3289,air,0,201,128.35,40,85,15,70,2,4
3289,bus,0,201,18.05,140,70,18,70,2,4
3289,car,0,201,38.19,134,0,0,70,2,4
3290,train,1,201,37.2,132,66,5,70,2,4
3290,air,0,201,128.35,40,85,15,70,2,4
3290,bus,0,201,18.05,140,70,18,70,2,4
3290,car,0,201,38.19,134,0,0,70,2,4
3291,train,1,201,37.2,132,66,5,70,2,4
3291,air,0,201,128.35,40,85,15,70,2,4
3291,bus,0,201,18.05,140,70,18,70,2,4
3291,car,0,201,38.19,134,0,0,70,2,4
3292,train,1,201,37.2,132,66,5,30,2,4
3292,air,0,201,128.35,40,85,15,30,2,4
3292,bus,0,201,18.05,140,70,18,30,2,4
3292,car,0,201,38.19,134,0,0,30,2,4
3293,train,1,201,37.2,132,66,5,55,2,4
3293,air,0,201,128.35,40,85,15,55,2,4
3293,bus,0,201,18.05,140,70,18,55,2,4
3293,car,0,201,38.19,134,0,0,55,2,4
3294,train,1,201,37.2,132,66,5,55,2,4
3294,air,0,201,128.35,40,85,15,55,2,4
3294,bus,0,201,18.05,140,70,18,55,2,4
3294,car,0,201,38.19,134,0,0,55,2,4
3295,train,1,201,37.2,132,66,5,45,2,4
3295,air,0,201,128.35,40,85,15,45,2,4
3295,bus,0,201,18.05,140,70,18,45,2,4
3295,car,0,201,38.19,134,0,0,45,2,4
3296,train,1,201,37.2,132,66,5,45,2,4
3296,air,0,201,128.35,40,85,15,45,2,4
3296,bus,0,201,18.05,140,70,18,45,2,4
3296,car,0,201,38.19,134,0,0,45,2,4
3297,train,1,201,37.2,132,66,5,55,2,4
3297,air,0,201,128.35,40,85,15,55,2,4
3297,bus,0,201,18.05,140,70,18,55,2,4
3297,car,0,201,38.19,134,0,0,55,2,4
3298,train,1,201,37.2,132,66,5,70,2,4
3298,air,0,201,128.35,40,85,15,70,2,4
3298,bus,0,201,18.05,140,70,18,70,2,4
3298,car,0,201,38.19,134,0,0,70,2,4
3299,train,1,201,37.2,132,66,5,35,2,4
3299,air,0,201,128.35,40,85,15,35,2,4
3299,bus,0,201,18.05,140,70,18,35,2,4
3299,car,0,201,38.19,134,0,0,35,2,4
3300,train,1,201,37.2,132,66,5,45,2,4
3300,air,0,201,128.35,40,85,15,45,2,4
3300,bus,0,201,18.05,140,70,18,45,2,4
3300,car,0,201,38.19,134,0,0,45,2,4
3301,train,1,201,37.2,132,66,5,45,2,4
3301,air,0,201,128.35,40,85,15,45,2,4
3301,bus,0,201,18.05,140,70,18,45,2,4
3301,car,0,201,38.19,134,0,0,45,2,4
3302,train,0,201,37.2,132,66,5,70,2,4
3302,air,1,201,128.35,40,85,15,70,2,4
3302,bus,0,201,18.05,140,70,18,70,2,4
3302,car,0,201,38.19,134,0,0,70,2,4
3303,train,0,201,37.2,132,66,5,55,2,4
3303,air,1,201,128.35,40,85,15,55,2,4
3303,bus,0,201,18.05,140,70,18,55,2,4
3303,car,0,201,38.19,134,0,0,55,2,4
3304,train,0,201,37.2,132,66,5,45,2,4
3304,air,1,201,128.35,40,85,15,45,2,4
3304,bus,0,201,18.05,140,70,18,45,2,4
3304,car,0,201,38.19,134,0,0,45,2,4
3305,train,0,201,37.2,132,66,5,45,2,4
3305,air,0,201,128.35,40,85,15,45,2,4
3305,bus,0,201,18.05,140,70,18,45,2,4
3305,car,1,201,38.19,134,0,0,45,2,4
3306,train,0,201,37.2,132,66,5,70,2,4
3306,air,0,201,128.35,40,85,15,70,2,4
3306,bus,0,201,18.05,140,70,18,70,2,4
3306,car,1,201,38.19,134,0,0,70,2,4
3307,train,0,201,37.2,132,66,5,55,2,4
3307,air,0,201,128.35,40,85,15,55,2,4
3307,bus,0,201,18.05,140,70,18,55,2,4
3307,car,1,201,38.19,134,0,0,55,2,4
3308,train,0,201,37.2,132,66,5,45,2,4
3308,air,0,201,128.35,40,85,15,45,2,4
3308,bus,0,201,18.05,140,70,18,45,2,4
3308,car,1,201,38.19,134,0,0,45,2,4
3309,train,0,201,37.2,132,66,5,15,2,4
3309,air,0,201,128.35,40,85,15,15,2,4
3309,bus,0,201,18.05,140,70,18,15,2,4
3309,car,1,201,38.19,134,0,0,15,2,4
3310,train,0,201,37.2,132,66,5,45,2,4
3310,air,0,201,128.35,40,85,15,45,2,4
3310,bus,0,201,18.05,140,70,18,45,2,4
3310,car,1,201,38.19,134,0,0,45,2,4
3311,train,0,201,37.2,132,66,5,55,2,4
3311,air,0,201,128.35,40,85,15,55,2,4
3311,bus,0,201,18.05,140,70,18,55,2,4
3311,car,1,201,38.19,134,0,0,55,2,4
3312,train,0,201,37.2,132,66,5,70,2,4
3312,air,0,201,128.35,40,85,15,70,2,4
3312,bus,0,201,18.05,140,70,18,70,2,4
3312,car,1,201,38.19,134,0,0,70,2,4
3313,train,0,201,37.2,132,66,5,35,2,4
3313,air,0,201,128.35,40,85,15,35,2,4
3313,bus,0,201,18.05,140,70,18,35,2,4
3313,car,1,201,38.19,134,0,0,35,2,4
3314,train,0,201,37.2,132,66,5,55,2,4
3314,air,0,201,128.35,40,85,15,55,2,4
3314,bus,0,201,18.05,140,70,18,55,2,4
3314,car,1,201,38.19,134,0,0,55,2,4
3315,train,0,201,37.2,132,66,5,45,2,4
3315,air,0,201,128.35,40,85,15,45,2,4
3315,bus,0,201,18.05,140,70,18,45,2,4
3315,car,1,201,38.19,134,0,0,45,2,4
3316,train,0,201,37.2,132,66,5,70,2,4
3316,air,0,201,128.35,40,85,15,70,2,4
3316,bus,0,201,18.05,140,70,18,70,2,4
3316,car,1,201,38.19,134,0,0,70,2,4
3317,train,0,201,37.2,132,66,5,25,2,4
3317,air,0,201,128.35,40,85,15,25,2,4
3317,bus,0,201,18.05,140,70,18,25,2,4
3317,car,1,201,38.19,134,0,0,25,2,4
3318,train,0,201,37.2,132,66,5,25,2,4
3318,air,0,201,128.35,40,85,15,25,2,4
3318,bus,0,201,18.05,140,70,18,25,2,4
3318,car,1,201,38.19,134,0,0,25,2,4
3319,train,0,201,37.2,132,66,5,70,2,4
3319,air,0,201,128.35,40,85,15,70,2,4
3319,bus,0,201,18.05,140,70,18,70,2,4
3319,car,1,201,38.19,134,0,0,70,2,4
3320,train,0,201,37.2,132,66,5,45,2,4
3320,air,0,201,128.35,40,85,15,45,2,4
3320,bus,0,201,18.05,140,70,18,45,2,4
3320,car,1,201,38.19,134,0,0,45,2,4
3321,train,0,201,37.2,132,66,5,45,2,4
3321,air,0,201,128.35,40,85,15,45,2,4
3321,bus,0,201,18.05,140,70,18,45,2,4
3321,car,1,201,38.19,134,0,0,45,2,4
3322,train,0,201,37.2,132,66,5,55,2,4
3322,air,0,201,128.35,40,85,15,55,2,4
3322,bus,0,201,18.05,140,70,18,55,2,4
3322,car,1,201,38.19,134,0,0,55,2,4
3323,train,0,201,37.2,132,66,5,70,2,4
3323,air,0,201,128.35,40,85,15,70,2,4
3323,bus,0,201,18.05,140,70,18,70,2,4
3323,car,1,201,38.19,134,0,0,70,2,4
3324,train,0,201,37.2,132,66,5,70,2,4
3324,air,0,201,128.35,40,85,15,70,2,4
3324,bus,0,201,18.05,140,70,18,70,2,4
3324,car,1,201,38.19,134,0,0,70,2,4
3325,train,0,201,37.2,132,66,5,70,2,4
3325,air,0,201,128.35,40,85,15,70,2,4
3325,bus,0,201,18.05,140,70,18,70,2,4
3325,car,1,201,38.19,134,0,0,70,2,4
3326,train,1,201,38.2,132,79,5,55,2,4
3326,air,0,201,128.9,40,95,15,55,2,4
3326,bus,0,201,18.8,140,77,18,55,2,4
3326,car,0,201,38.19,134,0,0,55,2,4
3327,train,1,201,38.2,132,79,5,70,2,4
3327,air,0,201,128.9,40,95,15,70,2,4
3327,bus,0,201,18.8,140,77,18,70,2,4
3327,car,0,201,38.19,134,0,0,70,2,4
3328,train,1,201,38.2,132,79,5,45,2,4
3328,air,0,201,128.9,40,95,15,45,2,4
3328,bus,0,201,18.8,140,77,18,45,2,4
3328,car,0,201,38.19,134,0,0,45,2,4
3329,train,0,201,38.2,132,79,5,70,2,4
3329,air,0,201,128.9,40,95,15,70,2,4
3329,bus,0,201,18.8,140,77,18,70,2,4
3329,car,1,201,38.19,134,0,0,70,2,4
3330,train,0,201,38.2,132,79,5,70,2,4
3330,air,0,201,128.9,40,95,15,70,2,4
3330,bus,0,201,18.8,140,77,18,70,2,4
3330,car,1,201,38.19,134,0,0,70,2,4
3331,train,0,201,38.2,132,79,5,55,2,4
3331,air,0,201,128.9,40,95,15,55,2,4
3331,bus,0,201,18.8,140,77,18,55,2,4
3331,car,1,201,38.19,134,0,0,55,2,4
3332,train,1,201,38.7,132,81,5,35,2,4
3332,air,0,201,129.8,40,90,15,35,2,4
3332,bus,0,201,18.5,140,82,18,35,2,4
3332,car,0,201,38.19,134,0,0,35,2,4
3333,train,0,201,38.7,132,81,5,35,2,4
3333,air,0,201,129.8,40,90,15,35,2,4
3333,bus,0,201,18.5,140,82,18,35,2,4
3333,car,1,201,38.19,134,0,0,35,2,4
3334,train,1,206,40.2,132,84,5,45,2,4
3334,air,0,206,131.4,40,100,15,45,2,4
3334,bus,0,206,19.5,140,87,18,45,2,4
3334,car,0,206,39.14,141,0,0,45,2,4
3335,train,0,206,40.2,132,84,5,25,2,4
3335,air,0,206,131.4,40,100,15,25,2,4
3335,bus,0,206,19.5,140,87,18,25,2,4
3335,car,1,206,39.14,141,0,0,25,2,4
3336,train,0,206,40.2,132,84,5,35,2,4
3336,air,0,206,131.4,40,100,15,35,2,4
3336,bus,0,206,19.5,140,87,18,35,2,4
3336,car,1,206,39.14,141,0,0,35,2,4
3337,train,0,206,40.2,132,84,5,45,2,4
3337,air,0,206,131.4,40,100,15,45,2,4
3337,bus,0,206,19.5,140,87,18,45,2,4
3337,car,1,206,39.14,141,0,0,45,2,4
3338,train,0,206,40.2,132,84,5,45,2,4
3338,air,0,206,131.4,40,100,15,45,2,4
3338,bus,0,206,19.5,140,87,18,45,2,4
3338,car,1,206,39.14,141,0,0,45,2,4
3339,train,0,206,40.2,132,84,5,25,2,4
3339,air,0,206,131.4,40,100,15,25,2,4
3339,bus,0,206,19.5,140,87,18,25,2,4
3339,car,1,206,39.14,141,0,0,25,2,4
3340,train,0,152,43.2,132,144,5,70,1,4
3340,air,0,152,131.8,40,120,15,70,1,4
3340,bus,0,152,18,120,77,18,70,1,4
3340,car,1,152,28.88,110,0,0,70,1,4
3341,train,0,239,41.05,132,89,5,70,1,4
3341,air,0,239,128.1,40,90,15,70,1,4
3341,bus,0,239,18,140,82,18,70,1,4
3341,car,1,239,45.41,161,0,0,70,1,4
3342,train,1,215,39.2,132,84,5,35,1,4
3342,air,0,215,127.8,40,94,15,35,1,4
3342,bus,0,215,20,140,87,18,35,1,4
3342,car,0,215,40.85,141,0,0,35,1,4
3343,train,1,215,39.2,132,84,5,70,1,4
3343,air,0,215,127.8,40,94,15,70,1,4
3343,bus,0,215,20,140,87,18,70,1,4
3343,car,0,215,40.85,141,0,0,70,1,4
3344,train,1,215,39.2,132,84,5,5,1,4
3344,air,0,215,127.8,40,94,15,5,1,4
3344,bus,0,215,20,140,87,18,5,1,4
3344,car,0,215,40.85,141,0,0,5,1,4
3345,train,1,208,40.7,132,84,5,25,1,4
3345,air,0,208,128.15,40,98,15,25,1,4
3345,bus,0,208,17.5,140,72,18,25,1,4
3345,car,0,208,39.52,135,0,0,25,1,4
3346,train,1,208,40.7,132,84,5,45,1,4
3346,air,0,208,128.15,40,98,15,45,1,4
3346,bus,0,208,17.5,140,72,18,45,1,4
3346,car,0,208,39.52,135,0,0,45,1,4
3347,train,0,208,40.7,132,84,5,35,1,4
3347,air,0,208,128.15,40,98,15,35,1,4
3347,bus,0,208,17.5,140,72,18,35,1,4
3347,car,1,208,39.52,135,0,0,35,1,4
3348,train,0,208,40.7,132,84,5,25,1,4
3348,air,0,208,128.15,40,98,15,25,1,4
3348,bus,0,208,17.5,140,72,18,25,1,4
3348,car,1,208,39.52,135,0,0,25,1,4
3349,train,0,208,40.7,132,84,5,55,1,4
3349,air,0,208,128.15,40,98,15,55,1,4
3349,bus,0,208,17.5,140,72,18,55,1,4
3349,car,1,208,39.52,135,0,0,55,1,4
3350,train,0,208,40.7,132,84,5,70,1,4
3350,air,0,208,128.15,40,98,15,70,1,4
3350,bus,0,208,17.5,140,72,18,70,1,4
3350,car,1,208,39.52,135,0,0,70,1,4
3351,train,0,208,40.7,132,84,5,45,1,4
3351,air,0,208,128.15,40,98,15,45,1,4
3351,bus,0,208,17.5,140,72,18,45,1,4
3351,car,1,208,39.52,135,0,0,45,1,4
3352,train,0,208,40.7,132,84,5,25,1,4
3352,air,0,208,128.15,40,98,15,25,1,4
3352,bus,0,208,17.5,140,72,18,25,1,4
3352,car,1,208,39.52,135,0,0,25,1,4
3353,train,0,208,40.7,132,84,5,25,1,4
3353,air,0,208,128.15,40,98,15,25,1,4
3353,bus,0,208,17.5,140,72,18,25,1,4
3353,car,1,208,39.52,135,0,0,25,1,4
3354,train,0,268,41.2,132,93,5,35,1,4
3354,air,0,268,123.1,40,90,15,35,1,4
3354,bus,0,268,18,140,92,18,35,1,4
3354,car,1,268,50.92,178,0,0,35,1,4
3355,train,1,152,39.85,113,82,5,35,1,4
3355,air,0,152,125.6,40,93,15,35,1,4
3355,bus,0,152,18,120,82,18,35,1,4
3355,car,0,152,28.88,101,0,0,35,1,4
3356,train,0,152,39.85,113,82,5,35,1,4
3356,air,0,152,125.6,40,93,15,35,1,4
3356,bus,0,152,18,120,82,18,35,1,4
3356,car,1,152,28.88,101,0,0,35,1,4
3357,train,0,152,39.85,113,82,5,55,1,4
3357,air,0,152,125.6,40,93,15,55,1,4
3357,bus,0,152,18,120,82,18,55,1,4
3357,car,1,152,28.88,101,0,0,55,1,4
3358,train,0,152,39.85,113,82,5,55,1,4
3358,air,0,152,125.6,40,93,15,55,1,4
3358,bus,0,152,18,120,82,18,55,1,4
3358,car,1,152,28.88,101,0,0,55,1,4
3359,train,0,152,39.85,113,82,5,70,1,4
3359,air,0,152,125.6,40,93,15,70,1,4
3359,bus,0,152,18,120,82,18,70,1,4
3359,car,1,152,28.88,101,0,0,70,1,4
3360,train,0,152,39.85,113,82,5,55,1,4
3360,air,0,152,125.6,40,93,15,55,1,4
3360,bus,0,152,18,120,82,18,55,1,4
3360,car,1,152,28.88,101,0,0,55,1,4
3361,train,0,152,39.85,113,82,5,40,1,4
3361,air,0,152,125.6,40,93,15,40,1,4
3361,bus,0,152,18,120,82,18,40,1,4
3361,car,1,152,28.88,101,0,0,40,1,4
3362,train,0,152,39.85,113,82,5,55,1,4
3362,air,0,152,125.6,40,93,15,55,1,4
3362,bus,0,152,18,120,82,18,55,1,4
3362,car,1,152,28.88,101,0,0,55,1,4
3363,train,0,178,42.2,113,99,5,55,1,4
3363,air,0,178,131.8,40,105,15,55,1,4
3363,bus,0,178,18,120,92,18,55,1,4
3363,car,1,178,33.82,123,0,0,55,1,4
3364,train,1,239,41.2,132,106,5,35,1,4
3364,air,0,239,131.8,40,115,15,35,1,4
3364,bus,0,239,18,140,97,18,35,1,4
3364,car,0,239,45.41,161,0,0,35,1,4
3365,train,1,239,41.2,132,106,5,45,1,4
3365,air,0,239,131.8,40,115,15,45,1,4
3365,bus,0,239,18,140,97,18,45,1,4
3365,car,0,239,45.41,161,0,0,45,1,4
3366,train,0,239,41.2,132,106,5,35,1,4
3366,air,0,239,131.8,40,115,15,35,1,4
3366,bus,0,239,18,140,97,18,35,1,4
3366,car,1,239,45.41,161,0,0,35,1,4
3367,train,0,239,41.2,132,106,5,55,1,4
3367,air,0,239,131.8,40,115,15,55,1,4
3367,bus,0,239,18,140,97,18,55,1,4
3367,car,1,239,45.41,161,0,0,55,1,4
3368,train,0,239,41.2,132,106,5,70,1,4
3368,air,0,239,131.8,40,115,15,70,1,4
3368,bus,0,239,18,140,97,18,70,1,4
3368,car,1,239,45.41,161,0,0,70,1,4
3369,train,0,315,47.2,132,129,5,35,1,4
3369,air,0,315,126.3,40,140,15,35,1,4
3369,bus,0,315,20,140,117,18,35,1,4
3369,car,1,315,59.85,209,0,0,35,1,4
3376,train,0,414,63.15,329,64,2,45,1,4
3376,air,1,414,147,70,73,3,45,1,4
3376,bus,0,414,38.21,377,68,14,45,1,4
3376,car,0,414,78.66,261,0,0,45,1,4
3377,train,0,414,63.15,329,64,2,70,1,4
3377,air,1,414,147,70,73,3,70,1,4
3377,bus,0,414,38.21,377,68,14,70,1,4
3377,car,0,414,78.66,261,0,0,70,1,4
3378,train,0,414,63.15,329,64,2,70,1,4
3378,air,1,414,147,70,73,3,70,1,4
3378,bus,0,414,38.21,377,68,14,70,1,4
3378,car,0,414,78.66,261,0,0,70,1,4
3379,train,0,414,63.15,329,64,2,35,1,4
3379,air,1,414,147,70,73,3,35,1,4
3379,bus,0,414,38.21,377,68,14,35,1,4
3379,car,0,414,78.66,261,0,0,35,1,4
3380,train,0,414,63.15,329,64,2,70,1,4
3380,air,0,414,147,70,73,3,70,1,4
3380,bus,0,414,38.21,377,68,14,70,1,4
3380,car,1,414,78.66,261,0,0,70,1,4
3381,train,0,414,63.15,329,64,2,70,1,4
3381,air,0,414,147,70,73,3,70,1,4
3381,bus,0,414,38.21,377,68,14,70,1,4
3381,car,1,414,78.66,261,0,0,70,1,4
3382,train,1,417,63.7,356,72,2,5,1,4
3382,air,0,417,148,70,81,3,5,1,4
3382,bus,0,417,37.71,377,68,14,5,1,4
3382,car,0,417,79.23,265,0,0,5,1,4
3383,train,1,417,63.7,356,72,2,35,1,4
3383,air,0,417,148,70,81,3,35,1,4
3383,bus,0,417,37.71,377,68,14,35,1,4
3383,car,0,417,79.23,265,0,0,35,1,4
3384,train,1,417,63.7,356,72,2,5,1,4
3384,air,0,417,148,70,81,3,5,1,4
3384,bus,0,417,37.71,377,68,14,5,1,4
3384,car,0,417,79.23,265,0,0,5,1,4
3385,train,1,417,63.7,356,72,2,70,1,4
3385,air,0,417,148,70,81,3,70,1,4
3385,bus,0,417,37.71,377,68,14,70,1,4
3385,car,0,417,79.23,265,0,0,70,1,4
3386,train,1,417,63.7,356,72,2,55,1,4
3386,air,0,417,148,70,81,3,55,1,4
3386,bus,0,417,37.71,377,68,14,55,1,4
3386,car,0,417,79.23,265,0,0,55,1,4
3387,train,1,417,63.7,356,72,2,35,1,4
3387,air,0,417,148,70,81,3,35,1,4
3387,bus,0,417,37.71,377,68,14,35,1,4
3387,car,0,417,79.23,265,0,0,35,1,4
3388,train,1,417,63.7,356,72,2,70,1,4
3388,air,0,417,148,70,81,3,70,1,4
3388,bus,0,417,37.71,377,68,14,70,1,4
3388,car,0,417,79.23,265,0,0,70,1,4
3389,train,0,417,63.7,356,72,2,70,1,4
3389,air,1,417,148,70,81,3,70,1,4
3389,bus,0,417,37.71,377,68,14,70,1,4
3389,car,0,417,79.23,265,0,0,70,1,4
3390,train,0,417,63.7,356,72,2,70,1,4
3390,air,1,417,148,70,81,3,70,1,4
3390,bus,0,417,37.71,377,68,14,70,1,4
3390,car,0,417,79.23,265,0,0,70,1,4
3391,train,0,417,63.7,356,72,2,30,1,4
3391,air,1,417,148,70,81,3,30,1,4
3391,bus,0,417,37.71,377,68,14,30,1,4
3391,car,0,417,79.23,265,0,0,30,1,4
3392,train,0,417,63.7,356,72,2,45,1,4
3392,air,1,417,148,70,81,3,45,1,4
3392,bus,0,417,37.71,377,68,14,45,1,4
3392,car,0,417,79.23,265,0,0,45,1,4
3393,train,0,417,63.7,356,72,2,70,1,4
3393,air,1,417,148,70,81,3,70,1,4
3393,bus,0,417,37.71,377,68,14,70,1,4
3393,car,0,417,79.23,265,0,0,70,1,4
3394,train,0,417,63.7,356,72,2,70,1,4
3394,air,1,417,148,70,81,3,70,1,4
3394,bus,0,417,37.71,377,68,14,70,1,4
3394,car,0,417,79.23,265,0,0,70,1,4
3395,train,0,417,63.7,356,72,2,70,1,4
3395,air,1,417,148,70,81,3,70,1,4
3395,bus,0,417,37.71,377,68,14,70,1,4
3395,car,0,417,79.23,265,0,0,70,1,4
3396,train,0,417,63.7,356,72,2,70,1,4
3396,air,1,417,148,70,81,3,70,1,4
3396,bus,0,417,37.71,377,68,14,70,1,4
3396,car,0,417,79.23,265,0,0,70,1,4
3397,train,0,417,63.7,356,72,2,70,1,4
3397,air,1,417,148,70,81,3,70,1,4
3397,bus,0,417,37.71,377,68,14,70,1,4
3397,car,0,417,79.23,265,0,0,70,1,4
3398,train,0,417,63.7,356,72,2,30,1,4
3398,air,1,417,148,70,81,3,30,1,4
3398,bus,0,417,37.71,377,68,14,30,1,4
3398,car,0,417,79.23,265,0,0,30,1,4
3399,train,0,417,63.7,356,72,2,55,1,4
3399,air,1,417,148,70,81,3,55,1,4
3399,bus,0,417,37.71,377,68,14,55,1,4
3399,car,0,417,79.23,265,0,0,55,1,4
3400,train,0,417,63.7,356,72,2,70,1,4
3400,air,1,417,148,70,81,3,70,1,4
3400,bus,0,417,37.71,377,68,14,70,1,4
3400,car,0,417,79.23,265,0,0,70,1,4
3401,train,0,417,63.7,356,72,2,70,1,4
3401,air,1,417,148,70,81,3,70,1,4
3401,bus,0,417,37.71,377,68,14,70,1,4
3401,car,0,417,79.23,265,0,0,70,1,4
3402,train,0,417,63.7,356,72,2,55,1,4
3402,air,1,417,148,70,81,3,55,1,4
3402,bus,0,417,37.71,377,68,14,55,1,4
3402,car,0,417,79.23,265,0,0,55,1,4
3403,train,0,417,63.7,356,72,2,70,1,4
3403,air,1,417,148,70,81,3,70,1,4
3403,bus,0,417,37.71,377,68,14,70,1,4
3403,car,0,417,79.23,265,0,0,70,1,4
3404,train,0,417,63.7,356,72,2,25,1,4
3404,air,1,417,148,70,81,3,25,1,4
3404,bus,0,417,37.71,377,68,14,25,1,4
3404,car,0,417,79.23,265,0,0,25,1,4
3405,train,0,417,63.7,356,72,2,55,1,4
3405,air,1,417,148,70,81,3,55,1,4
3405,bus,0,417,37.71,377,68,14,55,1,4
3405,car,0,417,79.23,265,0,0,55,1,4
3406,train,0,417,63.7,356,72,2,27,1,4
3406,air,1,417,148,70,81,3,27,1,4
3406,bus,0,417,37.71,377,68,14,27,1,4
3406,car,0,417,79.23,265,0,0,27,1,4
3407,train,0,417,63.7,356,72,2,70,1,4
3407,air,1,417,148,70,81,3,70,1,4
3407,bus,0,417,37.71,377,68,14,70,1,4
3407,car,0,417,79.23,265,0,0,70,1,4
3408,train,0,417,63.7,356,72,2,35,1,4
3408,air,1,417,148,70,81,3,35,1,4
3408,bus,0,417,37.71,377,68,14,35,1,4
3408,car,0,417,79.23,265,0,0,35,1,4
3409,train,0,417,63.7,356,72,2,35,1,4
3409,air,1,417,148,70,81,3,35,1,4
3409,bus,0,417,37.71,377,68,14,35,1,4
3409,car,0,417,79.23,265,0,0,35,1,4
3410,train,0,417,63.7,356,72,2,45,1,4
3410,air,1,417,148,70,81,3,45,1,4
3410,bus,0,417,37.71,377,68,14,45,1,4
3410,car,0,417,79.23,265,0,0,45,1,4
3411,train,0,417,63.7,356,72,2,70,1,4
3411,air,1,417,148,70,81,3,70,1,4
3411,bus,0,417,37.71,377,68,14,70,1,4
3411,car,0,417,79.23,265,0,0,70,1,4
3412,train,0,417,63.7,356,72,2,15,1,4
3412,air,0,417,148,70,81,3,15,1,4
3412,bus,0,417,37.71,377,68,14,15,1,4
3412,car,1,417,79.23,265,0,0,15,1,4
3413,train,0,417,63.7,356,72,2,70,1,4
3413,air,0,417,148,70,81,3,70,1,4
3413,bus,0,417,37.71,377,68,14,70,1,4
3413,car,1,417,79.23,265,0,0,70,1,4
3414,train,0,417,63.7,356,72,2,70,1,4
3414,air,0,417,148,70,81,3,70,1,4
3414,bus,0,417,37.71,377,68,14,70,1,4
3414,car,1,417,79.23,265,0,0,70,1,4
3415,train,0,417,63.7,356,72,2,70,1,4
3415,air,0,417,148,70,81,3,70,1,4
3415,bus,0,417,37.71,377,68,14,70,1,4
3415,car,1,417,79.23,265,0,0,70,1,4
3416,train,0,417,63.7,356,72,2,70,1,4
3416,air,0,417,148,70,81,3,70,1,4
3416,bus,0,417,37.71,377,68,14,70,1,4
3416,car,1,417,79.23,265,0,0,70,1,4
3417,train,0,423,67.4,356,84,2,55,1,4
3417,air,0,423,156,70,90,3,55,1,4
3417,bus,0,423,37.96,377,77,14,55,1,4
3417,car,1,423,80.37,273,0,0,55,1,4
3419,train,0,268,42.2,132,114,5,70,1,4
3419,air,0,268,128.4,40,120,15,70,1,4
3419,bus,0,268,19,140,107,18,70,1,4
3419,car,1,268,50.92,178,0,0,70,1,4
3420,train,0,242,47.2,132,99,5,25,1,4
3420,air,0,242,131.8,40,105,15,25,1,4
3420,bus,0,242,19,140,92,18,25,1,4
3420,car,1,242,45.98,156,0,0,25,1,4
3421,train,0,242,47.2,132,99,5,70,1,4
3421,air,0,242,131.8,40,105,15,70,1,4
3421,bus,0,242,19,140,92,18,70,1,4
3421,car,1,242,45.98,156,0,0,70,1,4
3422,train,1,272,47.2,132,99,5,70,1,4
3422,air,0,272,131.8,40,110,15,70,1,4
3422,bus,0,272,19,140,97,18,70,1,4
3422,car,0,272,51.68,179,0,0,70,1,4
3423,train,1,272,47.2,132,99,5,70,1,4
3423,air,0,272,131.8,40,110,15,70,1,4
3423,bus,0,272,19,140,97,18,70,1,4
3423,car,0,272,51.68,179,0,0,70,1,4
3424,train,0,272,47.2,132,99,5,15,1,4
3424,air,0,272,131.8,40,110,15,15,1,4
3424,bus,0,272,19,140,97,18,15,1,4
3424,car,1,272,51.68,179,0,0,15,1,4
3425,train,0,272,47.2,132,99,5,70,1,4
3425,air,0,272,131.8,40,110,15,70,1,4
3425,bus,0,272,19,140,97,18,70,1,4
3425,car,1,272,51.68,179,0,0,70,1,4
3426,train,0,481,67.9,356,94,2,40,1,4
3426,air,1,481,156,70,95,3,40,1,4
3426,bus,0,481,40.96,377,87,14,40,1,4
3426,car,0,481,91.39,304,0,0,40,1,4
3427,train,0,624,69.4,356,124,2,70,1,4
3427,air,0,624,156,70,85,3,70,1,4
3427,bus,0,624,40.96,377,117,14,70,1,4
3427,car,1,624,118.56,436,0,0,70,1,4
3428,train,0,624,69.4,356,124,2,45,1,4
3428,air,0,624,156,70,85,3,45,1,4
3428,bus,0,624,40.96,377,117,14,45,1,4
3428,car,1,624,118.56,436,0,0,45,1,4
3429,train,0,624,69.4,356,124,2,70,1,4
3429,air,0,624,156,70,85,3,70,1,4
3429,bus,0,624,40.96,377,117,14,70,1,4
3429,car,1,624,118.56,436,0,0,70,1,4
3430,train,0,216,48.35,132,85,5,27,1,4
3430,air,1,216,125.2,40,92,15,27,1,4
3430,bus,0,216,17.8,140,80,18,27,1,4
3430,car,0,216,41.04,154,0,0,27,1,4
3431,train,1,216,39.8,113,80,5,55,2,4
3431,air,0,216,120.45,40,81,15,55,2,4
3431,bus,0,216,17.3,120,75,18,55,2,4
3431,car,0,216,41.04,154,0,0,55,2,4
3432,train,0,216,39.8,113,80,5,70,2,4
3432,air,0,216,120.45,40,81,15,70,2,4
3432,bus,0,216,17.3,120,75,18,70,2,4
3432,car,1,216,41.04,154,0,0,70,2,4
3433,train,0,216,39.8,113,80,5,45,2,4
3433,air,0,216,120.45,40,81,15,45,2,4
3433,bus,0,216,17.3,120,75,18,45,2,4
3433,car,1,216,41.04,154,0,0,45,2,4
3434,train,0,216,39.8,113,80,5,70,2,4
3434,air,0,216,120.45,40,81,15,70,2,4
3434,bus,0,216,17.3,120,75,18,70,2,4
3434,car,1,216,41.04,154,0,0,70,2,4
3435,train,0,216,39.8,113,80,5,35,2,4
3435,air,0,216,120.45,40,81,15,35,2,4
3435,bus,0,216,17.3,120,75,18,35,2,4
3435,car,1,216,41.04,154,0,0,35,2,4
3436,train,0,216,39.8,113,80,5,70,2,4
3436,air,0,216,120.45,40,81,15,70,2,4
3436,bus,0,216,17.3,120,75,18,70,2,4
3436,car,1,216,41.04,154,0,0,70,2,4
3437,train,1,206,41.45,132,80,5,70,2,4
3437,air,0,206,123.2,40,85,15,70,2,4
3437,bus,0,206,17.7,140,78,18,70,2,4
3437,car,0,206,39.14,141,0,0,70,2,4
3438,train,0,206,41.45,132,80,5,25,2,4
3438,air,0,206,123.2,40,85,15,25,2,4
3438,bus,0,206,17.7,140,78,18,25,2,4
3438,car,1,206,39.14,141,0,0,25,2,4
3439,train,0,206,41.45,132,80,5,70,2,4
3439,air,0,206,123.2,40,85,15,70,2,4
3439,bus,0,206,17.7,140,78,18,70,2,4
3439,car,1,206,39.14,141,0,0,70,2,4
3440,train,1,211,38.9,132,67,5,55,2,4
3440,air,0,211,129.75,40,85,15,55,2,4
3440,bus,0,211,17.85,140,73,18,55,2,4
3440,car,0,211,40.09,148,0,0,55,2,4
3441,train,1,211,38.9,132,67,5,70,2,4
3441,air,0,211,129.75,40,85,15,70,2,4
3441,bus,0,211,17.85,140,73,18,70,2,4
3441,car,0,211,40.09,148,0,0,70,2,4
3442,train,1,211,38.9,132,67,5,70,2,4
3442,air,0,211,129.75,40,85,15,70,2,4
3442,bus,0,211,17.85,140,73,18,70,2,4
3442,car,0,211,40.09,148,0,0,70,2,4
3443,train,0,211,38.9,132,67,5,70,2,4
3443,air,0,211,129.75,40,85,15,70,2,4
3443,bus,0,211,17.85,140,73,18,70,2,4
3443,car,1,211,40.09,148,0,0,70,2,4
3444,train,0,211,38.9,132,67,5,55,2,4
3444,air,0,211,129.75,40,85,15,55,2,4
3444,bus,0,211,17.85,140,73,18,55,2,4
3444,car,1,211,40.09,148,0,0,55,2,4
3445,train,0,211,38.9,132,67,5,45,2,4
3445,air,0,211,129.75,40,85,15,45,2,4
3445,bus,0,211,17.85,140,73,18,45,2,4
3445,car,1,211,40.09,148,0,0,45,2,4
3446,train,0,211,38.9,132,67,5,45,2,4
3446,air,0,211,129.75,40,85,15,45,2,4
3446,bus,0,211,17.85,140,73,18,45,2,4
3446,car,1,211,40.09,148,0,0,45,2,4
3447,train,0,218,42.4,132,85,5,70,1,4
3447,air,0,218,129.55,40,98,15,70,1,4
3447,bus,0,218,17.3,140,75,18,70,1,4
3447,car,1,218,41.42,149,0,0,70,1,4
3448,train,0,424,64.85,329,65,2,70,1,4
3448,air,1,424,148.4,70,73,3,70,1,4
3448,bus,0,424,38.01,377,71,14,70,1,4
3448,car,0,424,80.56,274,0,0,70,1,4
3449,train,0,427,65.4,356,73,2,70,1,4
3449,air,1,427,149.4,70,81,3,70,1,4
3449,bus,0,427,37.51,377,71,14,70,1,4
3449,car,0,427,81.13,278,0,0,70,1,4
3450,train,0,186,40.1,113,84,5,70,1,4
3450,air,0,186,124.45,40,101,15,70,1,4
3450,bus,0,186,16.3,120,75,18,70,1,4
3450,car,1,186,35.34,138,0,0,70,1,4
3451,train,0,397,65.7,356,77,2,70,0,4
3451,air,0,397,153.4,70,101,3,70,0,4
3451,bus,0,397,36.51,377,71,14,70,0,4
3451,car,1,397,75.43,262,0,0,70,0,4
3452,train,0,128,41.2,132,102,5,45,1,4
3452,air,0,128,132.35,40,110,15,45,1,4
3452,bus,0,128,17.85,140,98,18,45,1,4
3452,car,1,128,24.32,99,0,0,45,1,4
3453,train,0,128,41.2,132,102,5,45,1,4
3453,air,0,128,132.35,40,110,15,45,1,4
3453,bus,0,128,17.85,140,98,18,45,1,4
3453,car,1,128,24.32,99,0,0,45,1,4
3454,train,0,128,42.7,132,117,5,25,1,4
3454,air,0,128,133.8,40,115,15,25,1,4
3454,bus,0,128,18.3,140,110,18,25,1,4
3454,car,1,128,24.32,99,0,0,25,1,4
3455,train,0,133,44.2,132,120,5,35,1,4
3455,air,0,133,135.4,40,125,15,35,1,4
3455,bus,0,133,19.3,140,115,18,35,1,4
3455,car,1,133,25.27,106,0,0,35,1,4
3456,train,0,133,44.2,132,120,5,15,1,4
3456,air,0,133,135.4,40,125,15,15,1,4
3456,bus,0,133,19.3,140,115,18,15,1,4
3456,car,1,133,25.27,106,0,0,15,1,4
3457,train,0,107,47.2,132,180,5,5,0,4
3457,air,0,107,135.8,40,145,15,5,0,4
3457,bus,0,107,17.8,120,105,18,5,0,4
3457,car,1,107,20.33,85,0,0,5,0,4
3458,train,0,166,51.2,132,140,5,45,0,4
3458,air,0,166,135.8,40,140,15,45,0,4
3458,bus,0,166,17.8,140,125,18,45,0,4
3458,car,1,166,31.54,150,0,0,45,0,4
3459,train,0,195,46.2,132,150,5,45,0,4
3459,air,0,195,132.4,40,145,15,45,0,4
3459,bus,0,195,18.8,140,135,18,45,0,4
3459,car,1,195,37.05,143,0,0,45,0,4
3460,train,0,435,72.4,356,140,2,35,0,4
3460,air,0,435,160,70,140,3,35,0,4
3460,bus,0,435,40.76,377,125,14,35,0,4
3460,car,1,435,82.65,291,0,0,35,0,4
3461,train,0,211,49.65,132,90,5,70,0,4
3461,air,0,211,130.2,40,97,15,70,0,4
3461,bus,0,211,16.8,140,75,18,70,0,4
3461,car,1,211,40.09,148,0,0,70,0,4
3462,train,1,211,41.1,113,85,5,15,1,4
3462,air,0,211,125.45,40,86,15,15,1,4
3462,bus,0,211,16.3,120,70,18,15,1,4
3462,car,0,211,40.09,148,0,0,15,1,4
3463,train,0,211,41.1,113,85,5,70,1,4
3463,air,0,211,125.45,40,86,15,70,1,4
3463,bus,0,211,16.3,120,70,18,70,1,4
3463,car,1,211,40.09,148,0,0,70,1,4
3464,train,0,211,41.1,113,85,5,45,1,4
3464,air,0,211,125.45,40,86,15,45,1,4
3464,bus,0,211,16.3,120,70,18,45,1,4
3464,car,1,211,40.09,148,0,0,45,1,4
3465,train,0,211,41.1,113,85,5,55,1,4
3465,air,0,211,125.45,40,86,15,55,1,4
3465,bus,0,211,16.3,120,70,18,55,1,4
3465,car,1,211,40.09,148,0,0,55,1,4
3466,train,0,211,41.1,113,85,5,55,1,4
3466,air,0,211,125.45,40,86,15,55,1,4
3466,bus,0,211,16.3,120,70,18,55,1,4
3466,car,1,211,40.09,148,0,0,55,1,4
3467,train,0,211,41.1,113,85,5,45,1,4
3467,air,0,211,125.45,40,86,15,45,1,4
3467,bus,0,211,16.3,120,70,18,45,1,4
3467,car,1,211,40.09,148,0,0,45,1,4
3468,train,0,211,41.1,113,85,5,70,1,4
3468,air,0,211,125.45,40,86,15,70,1,4
3468,bus,0,211,16.3,120,70,18,70,1,4
3468,car,1,211,40.09,148,0,0,70,1,4
3469,train,0,211,41.1,113,85,5,55,1,4
3469,air,0,211,125.45,40,86,15,55,1,4
3469,bus,0,211,16.3,120,70,18,55,1,4
3469,car,1,211,40.09,148,0,0,55,1,4
3470,train,0,211,41.1,113,85,5,45,1,4
3470,air,0,211,125.45,40,86,15,45,1,4
3470,bus,0,211,16.3,120,70,18,45,1,4
3470,car,1,211,40.09,148,0,0,45,1,4
3471,train,0,201,42.75,132,85,5,70,1,4
3471,air,0,201,128.2,40,90,15,70,1,4
3471,bus,0,201,16.7,140,73,18,70,1,4
3471,car,1,201,38.19,134,0,0,70,1,4
3472,train,0,201,42.75,132,85,5,70,1,4
3472,air,0,201,128.2,40,90,15,70,1,4
3472,bus,0,201,16.7,140,73,18,70,1,4
3472,car,1,201,38.19,134,0,0,70,1,4
3473,train,0,201,42.75,132,85,5,35,1,4
3473,air,0,201,128.2,40,90,15,35,1,4
3473,bus,0,201,16.7,140,73,18,35,1,4
3473,car,1,201,38.19,134,0,0,35,1,4
3474,train,0,201,42.75,132,85,5,55,1,4
3474,air,0,201,128.2,40,90,15,55,1,4
3474,bus,0,201,16.7,140,73,18,55,1,4
3474,car,1,201,38.19,134,0,0,55,1,4
3475,train,0,201,42.75,132,85,5,15,1,4
3475,air,0,201,128.2,40,90,15,15,1,4
3475,bus,0,201,16.7,140,73,18,15,1,4
3475,car,1,201,38.19,134,0,0,15,1,4
3476,train,0,206,42.2,132,80,5,70,1,4
3476,air,0,206,128.85,40,93,15,70,1,4
3476,bus,0,206,16.9,140,70,18,70,1,4
3476,car,1,206,39.14,141,0,0,70,1,4
3477,train,0,206,42.2,132,80,5,55,1,4
3477,air,0,206,128.85,40,93,15,55,1,4
3477,bus,0,206,16.9,140,70,18,55,1,4
3477,car,1,206,39.14,141,0,0,55,1,4
3478,train,1,206,40.2,132,72,5,45,1,4
3478,air,0,206,134.75,40,90,15,45,1,4
3478,bus,0,206,16.85,140,68,18,45,1,4
3478,car,0,206,39.14,141,0,0,45,1,4
3479,train,1,206,40.2,132,72,5,55,1,4
3479,air,0,206,134.75,40,90,15,55,1,4
3479,bus,0,206,16.85,140,68,18,55,1,4
3479,car,0,206,39.14,141,0,0,55,1,4
3480,train,0,206,40.2,132,72,5,70,1,4
3480,air,1,206,134.75,40,90,15,70,1,4
3480,bus,0,206,16.85,140,68,18,70,1,4
3480,car,0,206,39.14,141,0,0,70,1,4
3481,train,0,206,40.2,132,72,5,15,1,4
3481,air,0,206,134.75,40,90,15,15,1,4
3481,bus,0,206,16.85,140,68,18,15,1,4
3481,car,1,206,39.14,141,0,0,15,1,4
3482,train,0,206,40.2,132,72,5,23,1,4
3482,air,0,206,134.75,40,90,15,23,1,4
3482,bus,0,206,16.85,140,68,18,23,1,4
3482,car,1,206,39.14,141,0,0,23,1,4
3483,train,0,206,40.2,132,72,5,25,1,4
3483,air,0,206,134.75,40,90,15,25,1,4
3483,bus,0,206,16.85,140,68,18,25,1,4
3483,car,1,206,39.14,141,0,0,25,1,4
3484,train,0,206,41.2,132,85,5,35,1,4
3484,air,0,206,135.3,40,100,15,35,1,4
3484,bus,0,206,17.6,140,75,18,35,1,4
3484,car,1,206,39.14,141,0,0,35,1,4
3485,train,0,206,41.2,132,85,5,70,1,4
3485,air,0,206,135.3,40,100,15,70,1,4
3485,bus,0,206,17.6,140,75,18,70,1,4
3485,car,1,206,39.14,141,0,0,70,1,4
3486,train,0,206,41.7,132,87,5,55,1,4
3486,air,0,206,136.2,40,95,15,55,1,4
3486,bus,0,206,17.3,140,80,18,55,1,4
3486,car,1,206,39.14,141,0,0,55,1,4
3487,train,0,211,43.2,132,90,5,70,1,4
3487,air,0,211,137.8,40,105,15,70,1,4
3487,bus,0,211,18.3,140,85,18,70,1,4
3487,car,1,211,40.09,148,0,0,70,1,4
3488,train,0,211,43.2,132,90,5,25,1,4
3488,air,0,211,137.8,40,105,15,25,1,4
3488,bus,0,211,18.3,140,85,18,25,1,4
3488,car,1,211,40.09,148,0,0,25,1,4
3489,train,0,211,43.2,132,90,5,70,1,4
3489,air,0,211,137.8,40,105,15,70,1,4
3489,bus,0,211,18.3,140,85,18,70,1,4
3489,car,1,211,40.09,148,0,0,70,1,4
3490,train,0,157,46.2,132,150,5,35,0,4
3490,air,0,157,138.2,40,125,15,35,0,4
3490,bus,0,157,16.8,120,75,18,35,0,4
3490,car,1,157,29.83,117,0,0,35,0,4
3491,train,0,157,46.2,132,150,5,45,0,4
3491,air,0,157,138.2,40,125,15,45,0,4
3491,bus,0,157,16.8,120,75,18,45,0,4
3491,car,1,157,29.83,117,0,0,45,0,4
3492,train,1,220,42.2,132,90,5,70,0,4
3492,air,0,220,134.2,40,99,15,70,0,4
3492,bus,0,220,18.8,140,85,18,70,0,4
3492,car,0,220,41.8,148,0,0,70,0,4
3493,train,0,220,42.2,132,90,5,55,0,4
3493,air,0,220,134.2,40,99,15,55,0,4
3493,bus,0,220,18.8,140,85,18,55,0,4
3493,car,1,220,41.8,148,0,0,55,0,4
3494,train,0,220,42.2,132,90,5,35,0,4
3494,air,0,220,134.2,40,99,15,35,0,4
3494,bus,0,220,18.8,140,85,18,35,0,4
3494,car,1,220,41.8,148,0,0,35,0,4
3495,train,1,213,43.7,132,90,5,70,0,4
3495,air,0,213,134.55,40,103,15,70,0,4
3495,bus,0,213,16.3,140,70,18,70,0,4
3495,car,0,213,40.47,142,0,0,70,0,4
3496,train,0,213,43.7,132,90,5,45,0,4
3496,air,0,213,134.55,40,103,15,45,0,4
3496,bus,0,213,16.3,140,70,18,45,0,4
3496,car,1,213,40.47,142,0,0,45,0,4
3497,train,0,213,43.7,132,90,5,70,0,4
3497,air,0,213,134.55,40,103,15,70,0,4
3497,bus,0,213,16.3,140,70,18,70,0,4
3497,car,1,213,40.47,142,0,0,70,0,4
3498,train,0,213,43.7,132,90,5,70,0,4
3498,air,0,213,134.55,40,103,15,70,0,4
3498,bus,0,213,16.3,140,70,18,70,0,4
3498,car,1,213,40.47,142,0,0,70,0,4
3499,train,0,213,43.7,132,90,5,55,0,4
3499,air,0,213,134.55,40,103,15,55,0,4
3499,bus,0,213,16.3,140,70,18,55,0,4
3499,car,1,213,40.47,142,0,0,55,0,4
3500,train,0,213,43.7,132,90,5,55,0,4
3500,air,0,213,134.55,40,103,15,55,0,4
3500,bus,0,213,16.3,140,70,18,55,0,4
3500,car,1,213,40.47,142,0,0,55,0,4
3501,train,0,213,43.7,132,90,5,5,0,4
3501,air,0,213,134.55,40,103,15,5,0,4
3501,bus,0,213,16.3,140,70,18,5,0,4
3501,car,1,213,40.47,142,0,0,5,0,4
3502,train,0,213,43.7,132,90,5,70,0,4
3502,air,0,213,134.55,40,103,15,70,0,4
3502,bus,0,213,16.3,140,70,18,70,0,4
3502,car,1,213,40.47,142,0,0,70,0,4
3503,train,0,273,44.2,132,99,5,35,0,4
3503,air,0,273,129.5,40,95,15,35,0,4
3503,bus,0,273,16.8,140,90,18,35,0,4
3503,car,1,273,51.87,185,0,0,35,0,4
3504,train,0,273,44.2,132,99,5,70,0,4
3504,air,0,273,129.5,40,95,15,70,0,4
3504,bus,0,273,16.8,140,90,18,70,0,4
3504,car,1,273,51.87,185,0,0,70,0,4
3505,train,0,157,42.85,113,88,5,35,0,4
3505,air,0,157,132,40,98,15,35,0,4
3505,bus,0,157,16.8,120,80,18,35,0,4
3505,car,1,157,29.83,108,0,0,35,0,4
3506,train,0,183,45.2,113,105,5,15,0,4
3506,air,0,183,138.2,40,110,15,15,0,4
3506,bus,0,183,16.8,120,90,18,15,0,4
3506,car,1,183,34.77,130,0,0,15,0,4
3507,train,0,244,44.2,132,112,5,23,0,4
3507,air,0,244,138.2,40,120,15,23,0,4
3507,bus,0,244,16.8,140,95,18,23,0,4
3507,car,1,244,46.36,167,0,0,23,0,4
3510,train,1,419,66.15,329,70,2,25,0,4
3510,air,0,419,153.4,70,78,3,25,0,4
3510,bus,0,419,37.01,377,66,14,25,0,4
3510,car,0,419,79.61,267,0,0,25,0,4
3511,train,0,419,66.15,329,70,2,45,0,4
3511,air,0,419,153.4,70,78,3,45,0,4
3511,bus,0,419,37.01,377,66,14,45,0,4
3511,car,1,419,79.61,267,0,0,45,0,4
3512,train,0,419,66.15,329,70,2,70,0,4
3512,air,0,419,153.4,70,78,3,70,0,4
3512,bus,0,419,37.01,377,66,14,70,0,4
3512,car,1,419,79.61,267,0,0,70,0,4
3513,train,0,422,66.7,356,78,2,55,0,4
3513,air,1,422,154.4,70,86,3,55,0,4
3513,bus,0,422,36.51,377,66,14,55,0,4
3513,car,0,422,80.18,272,0,0,55,0,4
3514,train,0,422,66.7,356,78,2,70,0,4
3514,air,1,422,154.4,70,86,3,70,0,4
3514,bus,0,422,36.51,377,66,14,70,0,4
3514,car,0,422,80.18,272,0,0,70,0,4
3515,train,0,422,66.7,356,78,2,45,0,4
3515,air,0,422,154.4,70,86,3,45,0,4
3515,bus,0,422,36.51,377,66,14,45,0,4
3515,car,1,422,80.18,272,0,0,45,0,4
3516,train,0,422,66.7,356,78,2,55,0,4
3516,air,0,422,154.4,70,86,3,55,0,4
3516,bus,0,422,36.51,377,66,14,55,0,4
3516,car,1,422,80.18,272,0,0,55,0,4
3517,train,0,422,66.7,356,78,2,45,0,4
3517,air,0,422,154.4,70,86,3,45,0,4
3517,bus,0,422,36.51,377,66,14,45,0,4
3517,car,1,422,80.18,272,0,0,45,0,4
3518,train,0,428,70.4,356,90,2,45,0,4
3518,air,1,428,162.4,70,95,3,45,0,4
3518,bus,0,428,36.76,377,75,14,45,0,4
3518,car,0,428,81.32,280,0,0,45,0,4
3519,train,0,446,70.4,356,90,2,70,0,4
3519,air,0,446,150.4,70,78,3,70,0,4
3519,bus,0,446,36.76,377,75,14,70,0,4
3519,car,1,446,84.74,292,0,0,70,0,4
3520,train,0,563,70.4,356,90,2,55,0,4
3520,air,0,563,162.4,70,90,3,55,0,4
3520,bus,0,563,38.76,377,75,14,55,0,4
3520,car,1,563,106.97,388,0,0,55,0,4
3521,train,0,277,50.2,132,105,5,70,0,4
3521,air,0,277,138.2,40,115,15,70,0,4
3521,bus,0,277,17.8,140,95,18,70,0,4
3521,car,1,277,52.63,186,0,0,70,0,4
3523,train,0,629,72.4,356,130,2,24,0,4
3523,air,0,629,162.4,70,90,3,24,0,4
3523,bus,0,629,39.76,377,115,14,24,0,4
3523,car,1,629,119.51,442,0,0,24,0,4
3524,train,0,629,72.4,356,130,2,35,0,4
3524,air,0,629,162.4,70,90,3,35,0,4
3524,bus,0,629,39.76,377,115,14,35,0,4
3524,car,1,629,119.51,442,0,0,35,0,4
3525,train,0,629,72.4,356,130,2,70,0,4
3525,air,0,629,162.4,70,90,3,70,0,4
3525,bus,0,629,39.76,377,115,14,70,0,4
3525,car,1,629,119.51,442,0,0,70,0,4
3526,train,0,319,42.1,113,115,5,55,1,4
3526,air,0,319,125.45,40,116,15,55,1,4
3526,bus,0,319,17.3,120,100,18,55,1,4
3526,car,1,319,60.61,259,0,0,55,1,4
3527,train,0,319,42.1,113,115,5,70,1,4
3527,air,0,319,125.45,40,116,15,70,1,4
3527,bus,0,319,17.3,120,100,18,70,1,4
3527,car,1,319,60.61,259,0,0,70,1,4
3528,train,0,319,42.1,113,115,5,70,1,4
3528,air,0,319,125.45,40,116,15,70,1,4
3528,bus,0,319,17.3,120,100,18,70,1,4
3528,car,1,319,60.61,259,0,0,70,1,4
3529,train,0,309,43.75,132,115,5,70,1,4
3529,air,0,309,128.2,40,120,15,70,1,4
3529,bus,0,309,17.7,140,103,18,70,1,4
3529,car,1,309,58.71,245,0,0,70,1,4
3530,train,0,309,43.75,132,115,5,25,1,4
3530,air,0,309,128.2,40,120,15,25,1,4
3530,bus,0,309,17.7,140,103,18,25,1,4
3530,car,1,309,58.71,245,0,0,25,1,4
3531,train,0,309,43.75,132,115,5,70,1,4
3531,air,0,309,128.2,40,120,15,70,1,4
3531,bus,0,309,17.7,140,103,18,70,1,4
3531,car,1,309,58.71,245,0,0,70,1,4
3532,train,0,314,41.2,132,102,5,35,1,4
3532,air,0,314,134.75,40,120,15,35,1,4
3532,bus,0,314,17.85,140,98,18,35,1,4
3532,car,1,314,59.66,252,0,0,35,1,4
3533,train,0,361,47.2,132,180,5,35,0,4
3533,air,0,361,138.2,40,155,15,35,0,4
3533,bus,0,361,17.8,120,105,18,35,0,4
3533,car,1,361,68.59,285,0,0,35,0,4
3534,train,0,361,47.2,132,180,5,70,0,4
3534,air,0,361,138.2,40,155,15,70,0,4
3534,bus,0,361,17.8,120,105,18,70,0,4
3534,car,1,361,68.59,285,0,0,70,0,4
3535,train,0,321,44.7,132,120,5,35,0,4
3535,air,0,321,134.55,40,133,15,35,0,4
3535,bus,0,321,17.3,140,100,18,35,0,4
3535,car,1,321,60.99,253,0,0,35,0,4
3538,train,0,530,67.7,356,108,2,55,0,4
3538,air,0,530,154.4,70,116,3,55,0,4
3538,bus,0,530,37.51,377,96,14,55,0,4
3538,car,1,530,100.7,383,0,0,55,0,4
3540,train,1,737,73.4,356,160,2,5,0,4
3540,air,0,737,162.4,70,120,3,5,0,4
3540,bus,0,737,40.76,377,145,14,5,0,4
3540,car,0,737,140.03,553,0,0,5,0,4
3541,train,0,142,38.6,120,90,3,55,0,4
3541,air,0,142,155.3,46,180,16,55,0,4
3541,bus,0,142,17.06,115,84,8,55,0,4
3541,car,1,142,26.98,116,0,0,55,0,4
3542,train,0,142,38.6,120,90,3,35,0,4
3542,air,0,142,155.3,46,180,16,35,0,4
3542,bus,0,142,17.06,115,84,8,35,0,4
3542,car,1,142,26.98,116,0,0,35,0,4
3543,train,0,142,38.6,120,90,3,35,0,4
3543,air,0,142,155.3,46,180,16,35,0,4
3543,bus,0,142,17.06,115,84,8,35,0,4
3543,car,1,142,26.98,116,0,0,35,0,4
3544,train,0,142,38.6,120,90,3,25,0,4
3544,air,0,142,155.3,46,180,16,25,0,4
3544,bus,0,142,17.06,115,84,8,25,0,4
3544,car,1,142,26.98,116,0,0,25,0,4
3545,train,0,142,38.6,120,90,3,45,0,4
3545,air,0,142,155.3,46,180,16,45,0,4
3545,bus,0,142,17.06,115,84,8,45,0,4
3545,car,1,142,26.98,116,0,0,45,0,4
3546,train,0,301,56.6,193,110,3,45,0,4
3546,air,0,301,143.3,46,103,16,45,0,4
3546,bus,0,301,25.96,186,100,24,45,0,4
3546,car,1,301,57.19,249,0,0,45,0,4
3547,train,0,313,43.8,120,150,3,35,0,4
3547,air,0,313,155.3,46,155,16,35,0,4
3547,bus,0,313,18.36,115,105,8,35,0,4
3547,car,1,313,59.47,238,0,0,35,0,4
3549,train,0,209,38.6,120,83,3,45,0,4
3549,air,0,209,155.3,46,175,16,45,0,4
3549,bus,0,209,15.06,115,79,8,45,0,4
3549,car,1,209,39.71,146,0,0,45,0,4
3550,train,0,209,38.6,120,83,3,70,0,4
3550,air,0,209,155.3,46,175,16,70,0,4
3550,bus,0,209,15.06,115,79,8,70,0,4
3550,car,1,209,39.71,146,0,0,70,0,4
3551,train,0,209,38.6,120,83,3,45,0,4
3551,air,0,209,155.3,46,175,16,45,0,4
3551,bus,0,209,15.06,115,79,8,45,0,4
3551,car,1,209,39.71,146,0,0,45,0,4
3552,train,0,209,38.6,120,83,3,35,0,4
3552,air,0,209,155.3,46,175,16,35,0,4
3552,bus,0,209,15.06,115,79,8,35,0,4
3552,car,1,209,39.71,146,0,0,35,0,4
3553,train,0,282,48.6,170,88,3,55,0,4
3553,air,0,282,145.3,46,98,16,55,0,4
3553,bus,0,282,26.96,186,100,24,55,0,4
3553,car,1,282,53.58,207,0,0,55,0,4
3554,train,0,282,48.6,170,88,3,45,0,4
3554,air,0,282,145.3,46,98,16,45,0,4
3554,bus,0,282,26.96,186,100,24,45,0,4
3554,car,1,282,53.58,207,0,0,45,0,4
3555,train,0,282,48.6,170,88,3,45,0,4
3555,air,0,282,145.3,46,98,16,45,0,4
3555,bus,0,282,26.96,186,100,24,45,0,4
3555,car,1,282,53.58,207,0,0,45,0,4
3556,train,0,300,52.35,166,83,3,55,0,4
3556,air,0,300,146.3,46,98,16,55,0,4
3556,bus,1,300,24.21,186,86,24,55,0,4
3556,car,0,300,57,203,0,0,55,0,4
3557,train,0,300,52.35,166,83,3,55,0,4
3557,air,0,300,146.3,46,98,16,55,0,4
3557,bus,0,300,24.21,186,86,24,55,0,4
3557,car,1,300,57,203,0,0,55,0,4
3558,train,0,300,52.35,166,83,3,45,0,4
3558,air,0,300,146.3,46,98,16,45,0,4
3558,bus,0,300,24.21,186,86,24,45,0,4
3558,car,1,300,57,203,0,0,45,0,4
3559,train,0,303,52.9,193,91,3,15,0,4
3559,air,0,303,147.3,46,106,16,15,0,4
3559,bus,1,303,23.71,186,86,24,15,0,4
3559,car,0,303,57.57,207,0,0,15,0,4
3560,train,0,303,52.9,193,91,3,70,0,4
3560,air,0,303,147.3,46,106,16,70,0,4
3560,bus,0,303,23.71,186,86,24,70,0,4
3560,car,1,303,57.57,207,0,0,70,0,4
3561,train,0,303,52.9,193,91,3,45,0,4
3561,air,0,303,147.3,46,106,16,45,0,4
3561,bus,0,303,23.71,186,86,24,45,0,4
3561,car,1,303,57.57,207,0,0,45,0,4
3562,train,0,303,52.9,193,91,3,70,0,4
3562,air,0,303,147.3,46,106,16,70,0,4
3562,bus,0,303,23.71,186,86,24,70,0,4
3562,car,1,303,57.57,207,0,0,70,0,4
3563,train,0,303,52.9,193,91,3,70,0,4
3563,air,0,303,147.3,46,106,16,70,0,4
3563,bus,0,303,23.71,186,86,24,70,0,4
3563,car,1,303,57.57,207,0,0,70,0,4
3564,train,0,303,52.9,193,91,3,70,0,4
3564,air,0,303,147.3,46,106,16,70,0,4
3564,bus,0,303,23.71,186,86,24,70,0,4
3564,car,1,303,57.57,207,0,0,70,0,4
3565,train,1,309,56.6,193,103,3,25,0,4
3565,air,0,309,155.3,46,115,16,25,0,4
3565,bus,0,309,23.96,186,95,24,25,0,4
3565,car,0,309,58.71,215,0,0,25,0,4
3567,train,0,238,43.8,120,143,3,70,0,4
3567,air,0,238,155.3,46,150,16,70,0,4
3567,bus,0,238,16.36,115,100,8,70,0,4
3567,car,1,238,45.22,183,0,0,70,0,4
3568,train,0,238,43.8,120,143,3,70,0,4
3568,air,0,238,155.3,46,150,16,70,0,4
3568,bus,0,238,16.36,115,100,8,70,0,4
3568,car,1,238,45.22,183,0,0,70,0,4
3569,train,0,238,43.8,120,143,3,55,0,4
3569,air,0,238,155.3,46,150,16,55,0,4
3569,bus,0,238,16.36,115,100,8,55,0,4
3569,car,1,238,45.22,183,0,0,55,0,4
3570,train,0,464,58.1,193,133,3,70,0,4
3570,air,0,464,155.3,46,130,16,70,0,4
3570,bus,0,464,26.96,186,125,24,70,0,4
3570,car,1,464,88.16,326,0,0,70,0,4
3571,train,0,510,58.6,193,143,3,55,0,4
3571,air,0,510,155.3,46,110,16,55,0,4
3571,bus,0,510,26.96,186,135,24,55,0,4
3571,car,1,510,96.9,377,0,0,55,0,4
3572,train,0,178,38.6,120,80,3,35,0,4
3572,air,0,178,155.3,46,170,16,35,0,4
3572,bus,0,178,15.06,115,74,8,35,0,4
3572,car,1,178,33.82,128,0,0,35,0,4
3573,train,0,178,38.6,120,80,3,45,0,4
3573,air,0,178,155.3,46,170,16,45,0,4
3573,bus,0,178,15.06,115,74,8,45,0,4
3573,car,1,178,33.82,128,0,0,45,0,4
3574,train,1,272,52.9,193,88,3,45,0,4
3574,air,0,272,147.3,46,101,16,45,0,4
3574,bus,0,272,23.71,186,81,24,45,0,4
3574,car,0,272,51.68,188,0,0,45,0,4
3575,train,0,272,52.9,193,88,3,70,0,4
3575,air,0,272,147.3,46,101,16,70,0,4
3575,bus,0,272,23.71,186,81,24,70,0,4
3575,car,1,272,51.68,188,0,0,70,0,4
3576,train,0,272,52.9,193,88,3,70,0,4
3576,air,0,272,147.3,46,101,16,70,0,4
3576,bus,0,272,23.71,186,81,24,70,0,4
3576,car,1,272,51.68,188,0,0,70,0,4
3577,train,0,272,52.9,193,88,3,35,0,4
3577,air,0,272,147.3,46,101,16,35,0,4
3577,bus,0,272,23.71,186,81,24,35,0,4
3577,car,1,272,51.68,188,0,0,35,0,4
3578,train,0,207,43.8,120,140,3,45,0,4
3578,air,0,207,155.3,46,145,16,45,0,4
3578,bus,0,207,16.36,115,95,8,45,0,4
3578,car,1,207,39.33,164,0,0,45,0,4
3579,train,0,207,43.8,120,140,3,45,0,4
3579,air,0,207,155.3,46,145,16,45,0,4
3579,bus,0,207,16.36,115,95,8,45,0,4
3579,car,1,207,39.33,164,0,0,45,0,4
3580,train,0,195,39.8,120,95,3,45,0,4
3580,air,0,195,155.3,46,125,16,45,0,4
3580,bus,0,195,16.36,115,85,8,45,0,4
3580,car,1,195,37.05,142,0,0,45,0,4
3581,train,0,195,39.8,120,95,3,70,0,4
3581,air,0,195,155.3,46,125,16,70,0,4
3581,bus,0,195,16.36,115,85,8,70,0,4
3581,car,1,195,37.05,142,0,0,70,0,4
3582,train,0,195,39.8,120,95,3,35,0,4
3582,air,0,195,155.3,46,125,16,35,0,4
3582,bus,0,195,16.36,115,85,8,35,0,4
3582,car,1,195,37.05,142,0,0,35,0,4
3583,train,0,200,40.6,120,95,3,55,0,4
3583,air,0,200,155.3,46,180,16,55,0,4
3583,bus,0,200,15.06,115,89,8,55,0,4
3583,car,1,200,38,156,0,0,55,0,4
3584,train,0,200,40.6,120,95,3,15,0,4
3584,air,0,200,155.3,46,180,16,15,0,4
3584,bus,0,200,15.06,115,89,8,15,0,4
3584,car,1,200,38,156,0,0,15,0,4
3585,train,0,350,42.8,120,120,3,70,0,4
3585,air,0,350,155.3,46,175,16,70,0,4
3585,bus,0,350,19.36,115,110,8,70,0,4
3585,car,1,350,66.5,281,0,0,70,0,4
3586,train,0,350,42.8,120,120,3,70,0,4
3586,air,0,350,155.3,46,175,16,70,0,4
3586,bus,0,350,19.36,115,110,8,70,0,4
3586,car,1,350,66.5,281,0,0,70,0,4
3587,train,0,350,42.8,120,120,3,25,0,4
3587,air,0,350,155.3,46,175,16,25,0,4
3587,bus,0,350,19.36,115,110,8,25,0,4
3587,car,1,350,66.5,281,0,0,25,0,4
3588,train,0,291,54.35,166,95,3,55,0,4
3588,air,0,291,146.3,46,103,16,55,0,4
3588,bus,0,291,24.21,186,96,24,55,0,4
3588,car,1,291,55.29,212,0,0,55,0,4
3589,train,0,294,54.9,193,103,3,55,0,4
3589,air,0,294,147.3,46,111,16,55,0,4
3589,bus,0,294,23.71,186,96,24,55,0,4
3589,car,1,294,55.86,217,0,0,55,0,4
3590,train,0,294,54.9,193,103,3,70,0,4
3590,air,0,294,147.3,46,111,16,70,0,4
3590,bus,0,294,23.71,186,96,24,70,0,4
3590,car,1,294,55.86,217,0,0,70,0,4
3591,train,0,318,58.6,193,115,3,25,0,4
3591,air,0,318,143.3,46,103,16,25,0,4
3591,bus,0,318,23.96,186,105,24,25,0,4
3591,car,1,318,60.42,237,0,0,25,0,4
3592,train,0,435,58.6,193,115,3,70,0,4
3592,air,0,435,155.3,46,115,16,70,0,4
3592,bus,0,435,25.96,186,105,24,70,0,4
3592,car,1,435,82.65,333,0,0,70,0,4
3594,train,0,229,45.8,120,155,3,55,0,4
3594,air,0,229,155.3,46,155,16,55,0,4
3594,bus,0,229,16.36,115,110,8,55,0,4
3594,car,1,229,43.51,193,0,0,55,0,4
3595,train,0,298,58.6,193,115,3,45,0,4
3595,air,0,298,147.3,46,110,16,45,0,4
3595,bus,0,298,23.96,186,105,24,45,0,4
3595,car,1,298,56.62,225,0,0,45,0,4
3596,train,0,298,58.6,193,115,3,45,0,4
3596,air,0,298,147.3,46,110,16,45,0,4
3596,bus,0,298,23.96,186,105,24,45,0,4
3596,car,1,298,56.62,225,0,0,45,0,4
3597,train,0,501,60.6,193,155,3,35,0,4
3597,air,0,501,155.3,46,115,16,35,0,4
3597,bus,0,501,26.96,186,145,24,35,0,4
3597,car,1,501,95.19,387,0,0,35,0,4
3598,train,0,137,38.05,120,70,3,35,0,4
3598,air,0,137,147.3,46,162,16,35,0,4
3598,bus,0,137,15.06,115,64,8,35,0,4
3598,car,1,137,26.03,100,0,0,35,0,4
3599,train,0,137,38.05,120,70,3,35,0,4
3599,air,0,137,147.3,46,162,16,35,0,4
3599,bus,0,137,15.06,115,64,8,35,0,4
3599,car,1,137,26.03,100,0,0,35,0,4
3600,train,0,137,38.05,120,70,3,35,0,4
3600,air,0,137,147.3,46,162,16,35,0,4
3600,bus,0,137,15.06,115,64,8,35,0,4
3600,car,1,137,26.03,100,0,0,35,0,4
3601,train,0,137,38.05,120,70,3,55,0,4
3601,air,0,137,147.3,46,162,16,55,0,4
3601,bus,0,137,15.06,115,64,8,55,0,4
3601,car,1,137,26.03,100,0,0,55,0,4
3602,train,0,137,38.05,120,70,3,45,0,4
3602,air,0,137,147.3,46,162,16,45,0,4
3602,bus,0,137,15.06,115,64,8,45,0,4
3602,car,1,137,26.03,100,0,0,45,0,4
3603,train,0,137,38.05,120,70,3,35,0,4
3603,air,0,137,147.3,46,162,16,35,0,4
3603,bus,0,137,15.06,115,64,8,35,0,4
3603,car,1,137,26.03,100,0,0,35,0,4
3604,train,0,137,38.05,120,70,3,55,0,4
3604,air,0,137,147.3,46,162,16,55,0,4
3604,bus,0,137,15.06,115,64,8,55,0,4
3604,car,1,137,26.03,100,0,0,55,0,4
3605,train,0,137,38.05,120,70,3,45,0,4
3605,air,0,137,147.3,46,162,16,45,0,4
3605,bus,0,137,15.06,115,64,8,45,0,4
3605,car,1,137,26.03,100,0,0,45,0,4
3606,train,0,137,38.05,120,70,3,15,0,4
3606,air,0,137,147.3,46,162,16,15,0,4
3606,bus,0,137,15.06,115,64,8,15,0,4
3606,car,1,137,26.03,100,0,0,15,0,4
3607,train,0,137,38.05,120,70,3,25,0,4
3607,air,0,137,147.3,46,162,16,25,0,4
3607,bus,0,137,15.06,115,64,8,25,0,4
3607,car,1,137,26.03,100,0,0,25,0,4
3608,train,0,137,38.05,120,70,3,70,0,4
3608,air,0,137,147.3,46,162,16,70,0,4
3608,bus,0,137,15.06,115,64,8,70,0,4
3608,car,1,137,26.03,100,0,0,70,0,4
3609,train,0,137,38.05,120,70,3,70,0,4
3609,air,0,137,147.3,46,162,16,70,0,4
3609,bus,0,137,15.06,115,64,8,70,0,4
3609,car,1,137,26.03,100,0,0,70,0,4
3610,train,0,287,40.25,120,95,3,70,0,4
3610,air,0,287,147.3,46,157,16,70,0,4
3610,bus,0,287,19.36,115,85,8,70,0,4
3610,car,1,287,54.53,225,0,0,70,0,4
3611,train,0,287,40.25,120,95,3,45,0,4
3611,air,0,287,147.3,46,157,16,45,0,4
3611,bus,0,287,19.36,115,85,8,45,0,4
3611,car,1,287,54.53,225,0,0,45,0,4
3612,train,1,228,51.8,166,70,3,70,0,4
3612,air,0,228,138.3,46,85,16,70,0,4
3612,bus,0,228,24.21,186,71,24,70,0,4
3612,car,0,228,43.32,156,0,0,70,0,4
3613,train,0,228,51.8,166,70,3,45,0,4
3613,air,1,228,138.3,46,85,16,45,0,4
3613,bus,0,228,24.21,186,71,24,45,0,4
3613,car,0,228,43.32,156,0,0,45,0,4
3614,train,0,228,51.8,166,70,3,45,0,4
3614,air,0,228,138.3,46,85,16,45,0,4
3614,bus,0,228,24.21,186,71,24,45,0,4
3614,car,1,228,43.32,156,0,0,45,0,4
3615,train,0,228,51.8,166,70,3,55,0,4
3615,air,0,228,138.3,46,85,16,55,0,4
3615,bus,0,228,24.21,186,71,24,55,0,4
3615,car,1,228,43.32,156,0,0,55,0,4
3616,train,0,231,52.35,193,78,3,70,0,4
3616,air,0,231,139.3,46,93,16,70,0,4
3616,bus,0,231,23.71,186,71,24,70,0,4
3616,car,1,231,43.89,161,0,0,70,0,4
3617,train,0,231,52.35,193,78,3,55,0,4
3617,air,0,231,139.3,46,93,16,55,0,4
3617,bus,0,231,23.71,186,71,24,55,0,4
3617,car,1,231,43.89,161,0,0,55,0,4
3618,train,0,231,52.35,193,78,3,55,0,4
3618,air,0,231,139.3,46,93,16,55,0,4
3618,bus,0,231,23.71,186,71,24,55,0,4
3618,car,1,231,43.89,161,0,0,55,0,4
3619,train,0,231,52.35,193,78,3,5,0,4
3619,air,0,231,139.3,46,93,16,5,0,4
3619,bus,0,231,23.71,186,71,24,5,0,4
3619,car,1,231,43.89,161,0,0,5,0,4
3620,train,0,231,52.35,193,78,3,45,0,4
3620,air,0,231,139.3,46,93,16,45,0,4
3620,bus,0,231,23.71,186,71,24,45,0,4
3620,car,1,231,43.89,161,0,0,45,0,4
3621,train,0,231,52.35,193,78,3,55,0,4
3621,air,0,231,139.3,46,93,16,55,0,4
3621,bus,0,231,23.71,186,71,24,55,0,4
3621,car,1,231,43.89,161,0,0,55,0,4
3622,train,0,255,56.05,193,90,3,25,0,4
3622,air,0,255,135.3,46,85,16,25,0,4
3622,bus,0,255,23.96,186,80,24,25,0,4
3622,car,1,255,48.45,181,0,0,25,0,4
3623,train,0,255,56.05,193,90,3,55,0,4
3623,air,0,255,135.3,46,85,16,55,0,4
3623,bus,0,255,23.96,186,80,24,55,0,4
3623,car,1,255,48.45,181,0,0,55,0,4
3624,train,0,255,56.05,193,90,3,45,0,4
3624,air,0,255,135.3,46,85,16,45,0,4
3624,bus,0,255,23.96,186,80,24,45,0,4
3624,car,1,255,48.45,181,0,0,45,0,4
3625,train,0,255,56.05,193,90,3,70,0,4
3625,air,0,255,135.3,46,85,16,70,0,4
3625,bus,0,255,23.96,186,80,24,70,0,4
3625,car,1,255,48.45,181,0,0,70,0,4
3627,train,0,166,43.25,120,130,3,45,0,4
3627,air,0,166,147.3,46,137,16,45,0,4
3627,bus,0,166,16.36,115,85,8,45,0,4
3627,car,1,166,31.54,137,0,0,45,0,4
3628,train,0,154,39.25,120,85,3,55,0,4
3628,air,0,154,147.3,46,117,16,55,0,4
3628,bus,0,154,16.36,115,75,8,55,0,4
3628,car,1,154,29.26,115,0,0,55,0,4
3629,train,0,154,39.25,120,85,3,25,0,4
3629,air,0,154,147.3,46,117,16,25,0,4
3629,bus,0,154,16.36,115,75,8,25,0,4
3629,car,1,154,29.26,115,0,0,25,0,4
3630,train,0,154,39.25,120,85,3,45,0,4
3630,air,0,154,147.3,46,117,16,45,0,4
3630,bus,0,154,16.36,115,75,8,45,0,4
3630,car,1,154,29.26,115,0,0,45,0,4
3631,train,0,322,57.05,193,110,3,15,0,4
3631,air,0,322,147.3,46,127,16,15,0,4
3631,bus,0,322,26.96,186,100,24,15,0,4
3631,car,1,322,61.18,221,0,0,15,0,4
3632,train,0,322,57.05,193,110,3,70,0,4
3632,air,0,322,147.3,46,127,16,70,0,4
3632,bus,0,322,26.96,186,100,24,70,0,4
3632,car,1,322,61.18,221,0,0,70,0,4
3633,train,0,235,56.05,193,90,3,35,0,4
3633,air,0,235,139.3,46,92,16,35,0,4
3633,bus,0,235,23.96,186,80,24,35,0,4
3633,car,1,235,44.65,168,0,0,35,0,4
3634,train,0,235,56.05,193,90,3,70,0,4
3634,air,0,235,139.3,46,92,16,70,0,4
3634,bus,0,235,23.96,186,80,24,70,0,4
3634,car,1,235,44.65,168,0,0,70,0,4
3635,train,0,438,58.05,193,130,3,70,0,4
3635,air,0,438,147.3,46,97,16,70,0,4
3635,bus,0,438,26.96,186,120,24,70,0,4
3635,car,1,438,83.22,331,0,0,70,0,4
3636,train,0,438,58.05,193,130,3,70,0,4
3636,air,0,438,147.3,46,97,16,70,0,4
3636,bus,0,438,26.96,186,120,24,70,0,4
3636,car,1,438,83.22,331,0,0,70,0,4
3637,train,0,438,58.05,193,130,3,5,0,4
3637,air,0,438,147.3,46,97,16,5,0,4
3637,bus,0,438,26.96,186,120,24,5,0,4
3637,car,1,438,83.22,331,0,0,5,0,4
3638,train,0,137,36.6,120,75,3,45,0,4
3638,air,0,137,147.3,46,162,16,45,0,4
3638,bus,0,137,15.06,115,69,8,45,0,4
3638,car,1,137,26.03,100,0,0,45,0,4
3639,train,0,137,36.6,120,75,3,70,0,4
3639,air,0,137,147.3,46,162,16,70,0,4
3639,bus,0,137,15.06,115,69,8,70,0,4
3639,car,1,137,26.03,100,0,0,70,0,4
3640,train,0,137,36.6,120,75,3,25,0,4
3640,air,0,137,147.3,46,162,16,25,0,4
3640,bus,0,137,15.06,115,69,8,25,0,4
3640,car,1,137,26.03,100,0,0,25,0,4
3641,train,0,137,36.6,120,75,3,55,0,4
3641,air,0,137,147.3,46,162,16,55,0,4
3641,bus,0,137,15.06,115,69,8,55,0,4
3641,car,1,137,26.03,100,0,0,55,0,4
3642,train,0,137,36.6,120,75,3,70,0,4
3642,air,0,137,147.3,46,162,16,70,0,4
3642,bus,0,137,15.06,115,69,8,70,0,4
3642,car,1,137,26.03,100,0,0,70,0,4
3643,train,0,287,38.8,120,100,3,25,0,4
3643,air,0,287,147.3,46,157,16,25,0,4
3643,bus,0,287,19.36,115,90,8,25,0,4
3643,car,1,287,54.53,225,0,0,25,0,4
3644,train,0,287,38.8,120,100,3,70,0,4
3644,air,0,287,147.3,46,157,16,70,0,4
3644,bus,0,287,19.36,115,90,8,70,0,4
3644,car,1,287,54.53,225,0,0,70,0,4
3645,train,1,228,50.35,166,75,3,70,0,4
3645,air,0,228,138.3,46,85,16,70,0,4
3645,bus,0,228,24.21,186,76,24,70,0,4
3645,car,0,228,43.32,156,0,0,70,0,4
3646,train,0,228,50.35,166,75,3,45,0,4
3646,air,0,228,138.3,46,85,16,45,0,4
3646,bus,0,228,24.21,186,76,24,45,0,4
3646,car,1,228,43.32,156,0,0,45,0,4
3647,train,1,231,50.9,193,83,3,55,0,4
3647,air,0,231,139.3,46,93,16,55,0,4
3647,bus,0,231,23.71,186,76,24,55,0,4
3647,car,0,231,43.89,161,0,0,55,0,4
3648,train,0,231,50.9,193,83,3,70,0,4
3648,air,1,231,139.3,46,93,16,70,0,4
3648,bus,0,231,23.71,186,76,24,70,0,4
3648,car,0,231,43.89,161,0,0,70,0,4
3649,train,0,231,50.9,193,83,3,70,0,4
3649,air,1,231,139.3,46,93,16,70,0,4
3649,bus,0,231,23.71,186,76,24,70,0,4
3649,car,0,231,43.89,161,0,0,70,0,4
3650,train,0,231,50.9,193,83,3,70,0,4
3650,air,0,231,139.3,46,93,16,70,0,4
3650,bus,0,231,23.71,186,76,24,70,0,4
3650,car,1,231,43.89,161,0,0,70,0,4
3651,train,0,231,50.9,193,83,3,55,0,4
3651,air,0,231,139.3,46,93,16,55,0,4
3651,bus,0,231,23.71,186,76,24,55,0,4
3651,car,1,231,43.89,161,0,0,55,0,4
3652,train,0,231,50.9,193,83,3,45,0,4
3652,air,0,231,139.3,46,93,16,45,0,4
3652,bus,0,231,23.71,186,76,24,45,0,4
3652,car,1,231,43.89,161,0,0,45,0,4
3653,train,0,231,50.9,193,83,3,70,0,4
3653,air,0,231,139.3,46,93,16,70,0,4
3653,bus,0,231,23.71,186,76,24,70,0,4
3653,car,1,231,43.89,161,0,0,70,0,4
3654,train,1,255,54.6,193,95,3,45,0,4
3654,air,0,255,135.3,46,85,16,45,0,4
3654,bus,0,255,23.96,186,85,24,45,0,4
3654,car,0,255,48.45,181,0,0,45,0,4
3658,train,0,154,37.8,120,90,3,55,0,4
3658,air,0,154,147.3,46,117,16,55,0,4
3658,bus,0,154,16.36,115,80,8,55,0,4
3658,car,1,154,29.26,115,0,0,55,0,4
3659,train,0,154,37.8,120,90,3,55,0,4
3659,air,0,154,147.3,46,117,16,55,0,4
3659,bus,0,154,16.36,115,80,8,55,0,4
3659,car,1,154,29.26,115,0,0,55,0,4
3660,train,0,322,55.6,193,115,3,29,0,4
3660,air,0,322,147.3,46,127,16,29,0,4
3660,bus,0,322,26.96,186,105,24,29,0,4
3660,car,1,322,61.18,221,0,0,29,0,4
3661,train,0,438,56.6,193,135,3,70,0,4
3661,air,0,438,147.3,46,97,16,70,0,4
3661,bus,0,438,26.96,186,125,24,70,0,4
3661,car,1,438,83.22,331,0,0,70,0,4
3687,train,0,210,42.95,170,75,3,35,1,4
3687,air,0,210,132.55,46,74,16,35,1,4
3687,bus,0,210,26.46,186,80,24,35,1,4
3687,car,1,210,39.9,161,0,0,35,1,4
3688,train,0,210,42.95,170,75,3,55,1,4
3688,air,0,210,132.55,46,74,16,55,1,4
3688,bus,0,210,26.46,186,80,24,55,1,4
3688,car,1,210,39.9,161,0,0,55,1,4
3689,train,0,210,42.95,170,75,3,5,1,4
3689,air,0,210,132.55,46,74,16,5,1,4
3689,bus,0,210,26.46,186,80,24,5,1,4
3689,car,1,210,39.9,161,0,0,5,1,4
3690,train,1,228,46.7,166,70,3,35,1,4
3690,air,0,228,133.55,46,74,16,35,1,4
3690,bus,0,228,23.71,186,66,24,35,1,4
3690,car,0,228,43.32,156,0,0,35,1,4
3691,train,0,228,46.7,166,70,3,70,1,4
3691,air,1,228,133.55,46,74,16,70,1,4
3691,bus,0,228,23.71,186,66,24,70,1,4
3691,car,0,228,43.32,156,0,0,70,1,4
3692,train,0,228,46.7,166,70,3,45,1,4
3692,air,1,228,133.55,46,74,16,45,1,4
3692,bus,0,228,23.71,186,66,24,45,1,4
3692,car,0,228,43.32,156,0,0,45,1,4
3693,train,0,228,46.7,166,70,3,70,1,4
3693,air,1,228,133.55,46,74,16,70,1,4
3693,bus,0,228,23.71,186,66,24,70,1,4
3693,car,0,228,43.32,156,0,0,70,1,4
3694,train,0,228,46.7,166,70,3,70,1,4
3694,air,1,228,133.55,46,74,16,70,1,4
3694,bus,0,228,23.71,186,66,24,70,1,4
3694,car,0,228,43.32,156,0,0,70,1,4
3695,train,0,228,46.7,166,70,3,25,1,4
3695,air,0,228,133.55,46,74,16,25,1,4
3695,bus,0,228,23.71,186,66,24,25,1,4
3695,car,1,228,43.32,156,0,0,25,1,4
3696,train,0,228,46.7,166,70,3,35,1,4
3696,air,0,228,133.55,46,74,16,35,1,4
3696,bus,0,228,23.71,186,66,24,35,1,4
3696,car,1,228,43.32,156,0,0,35,1,4
3697,train,0,228,46.7,166,70,3,35,1,4
3697,air,0,228,133.55,46,74,16,35,1,4
3697,bus,0,228,23.71,186,66,24,35,1,4
3697,car,1,228,43.32,156,0,0,35,1,4
3698,train,0,228,46.7,166,70,3,70,1,4
3698,air,0,228,133.55,46,74,16,70,1,4
3698,bus,0,228,23.71,186,66,24,70,1,4
3698,car,1,228,43.32,156,0,0,70,1,4
3699,train,0,228,46.7,166,70,3,70,1,4
3699,air,0,228,133.55,46,74,16,70,1,4
3699,bus,0,228,23.71,186,66,24,70,1,4
3699,car,1,228,43.32,156,0,0,70,1,4
3700,train,0,228,46.7,166,70,3,70,1,4
3700,air,0,228,133.55,46,74,16,70,1,4
3700,bus,0,228,23.71,186,66,24,70,1,4
3700,car,1,228,43.32,156,0,0,70,1,4
3701,train,0,228,46.7,166,70,3,15,1,4
3701,air,0,228,133.55,46,74,16,15,1,4
3701,bus,0,228,23.71,186,66,24,15,1,4
3701,car,1,228,43.32,156,0,0,15,1,4
3702,train,0,228,46.7,166,70,3,35,1,4
3702,air,0,228,133.55,46,74,16,35,1,4
3702,bus,0,228,23.71,186,66,24,35,1,4
3702,car,1,228,43.32,156,0,0,35,1,4
3703,train,0,228,46.7,166,70,3,55,1,4
3703,air,0,228,133.55,46,74,16,55,1,4
3703,bus,0,228,23.71,186,66,24,55,1,4
3703,car,1,228,43.32,156,0,0,55,1,4
3704,train,0,231,47.25,193,78,3,70,1,4
3704,air,1,231,134.55,46,82,16,70,1,4
3704,bus,0,231,23.21,186,66,24,70,1,4
3704,car,0,231,43.89,161,0,0,70,1,4
3705,train,0,231,47.25,193,78,3,70,1,4
3705,air,1,231,134.55,46,82,16,70,1,4
3705,bus,0,231,23.21,186,66,24,70,1,4
3705,car,0,231,43.89,161,0,0,70,1,4
3706,train,0,231,47.25,193,78,3,70,1,4
3706,air,1,231,134.55,46,82,16,70,1,4
3706,bus,0,231,23.21,186,66,24,70,1,4
3706,car,0,231,43.89,161,0,0,70,1,4
3707,train,0,231,47.25,193,78,3,70,1,4
3707,air,1,231,134.55,46,82,16,70,1,4
3707,bus,0,231,23.21,186,66,24,70,1,4
3707,car,0,231,43.89,161,0,0,70,1,4
3708,train,0,231,47.25,193,78,3,55,1,4
3708,air,1,231,134.55,46,82,16,55,1,4
3708,bus,0,231,23.21,186,66,24,55,1,4
3708,car,0,231,43.89,161,0,0,55,1,4
3709,train,0,231,47.25,193,78,3,70,1,4
3709,air,1,231,134.55,46,82,16,70,1,4
3709,bus,0,231,23.21,186,66,24,70,1,4
3709,car,0,231,43.89,161,0,0,70,1,4
3710,train,0,231,47.25,193,78,3,70,1,4
3710,air,1,231,134.55,46,82,16,70,1,4
3710,bus,0,231,23.21,186,66,24,70,1,4
3710,car,0,231,43.89,161,0,0,70,1,4
3711,train,0,231,47.25,193,78,3,25,1,4
3711,air,1,231,134.55,46,82,16,25,1,4
3711,bus,0,231,23.21,186,66,24,25,1,4
3711,car,0,231,43.89,161,0,0,25,1,4
3712,train,0,231,47.25,193,78,3,70,1,4
3712,air,1,231,134.55,46,82,16,70,1,4
3712,bus,0,231,23.21,186,66,24,70,1,4
3712,car,0,231,43.89,161,0,0,70,1,4
3713,train,0,231,47.25,193,78,3,70,1,4
3713,air,1,231,134.55,46,82,16,70,1,4
3713,bus,0,231,23.21,186,66,24,70,1,4
3713,car,0,231,43.89,161,0,0,70,1,4
3714,train,0,231,47.25,193,78,3,35,1,4
3714,air,1,231,134.55,46,82,16,35,1,4
3714,bus,0,231,23.21,186,66,24,35,1,4
3714,car,0,231,43.89,161,0,0,35,1,4
3715,train,0,231,47.25,193,78,3,45,1,4
3715,air,1,231,134.55,46,82,16,45,1,4
3715,bus,0,231,23.21,186,66,24,45,1,4
3715,car,0,231,43.89,161,0,0,45,1,4
3716,train,0,231,47.25,193,78,3,25,1,4
3716,air,1,231,134.55,46,82,16,25,1,4
3716,bus,0,231,23.21,186,66,24,25,1,4
3716,car,0,231,43.89,161,0,0,25,1,4
3717,train,0,231,47.25,193,78,3,70,1,4
3717,air,0,231,134.55,46,82,16,70,1,4
3717,bus,0,231,23.21,186,66,24,70,1,4
3717,car,1,231,43.89,161,0,0,70,1,4
3718,train,0,231,47.25,193,78,3,25,1,4
3718,air,0,231,134.55,46,82,16,25,1,4
3718,bus,0,231,23.21,186,66,24,25,1,4
3718,car,1,231,43.89,161,0,0,25,1,4
3719,train,0,231,47.25,193,78,3,55,1,4
3719,air,0,231,134.55,46,82,16,55,1,4
3719,bus,0,231,23.21,186,66,24,55,1,4
3719,car,1,231,43.89,161,0,0,55,1,4
3720,train,0,231,47.25,193,78,3,45,1,4
3720,air,0,231,134.55,46,82,16,45,1,4
3720,bus,0,231,23.21,186,66,24,45,1,4
3720,car,1,231,43.89,161,0,0,45,1,4
3721,train,0,231,47.25,193,78,3,70,1,4
3721,air,0,231,134.55,46,82,16,70,1,4
3721,bus,0,231,23.21,186,66,24,70,1,4
3721,car,1,231,43.89,161,0,0,70,1,4
3722,train,0,231,47.25,193,78,3,45,1,4
3722,air,0,231,134.55,46,82,16,45,1,4
3722,bus,0,231,23.21,186,66,24,45,1,4
3722,car,1,231,43.89,161,0,0,45,1,4
3723,train,0,231,47.25,193,78,3,55,1,4
3723,air,0,231,134.55,46,82,16,55,1,4
3723,bus,0,231,23.21,186,66,24,55,1,4
3723,car,1,231,43.89,161,0,0,55,1,4
3724,train,0,231,47.25,193,78,3,55,1,4
3724,air,0,231,134.55,46,82,16,55,1,4
3724,bus,0,231,23.21,186,66,24,55,1,4
3724,car,1,231,43.89,161,0,0,55,1,4
3725,train,0,231,47.25,193,78,3,35,1,4
3725,air,0,231,134.55,46,82,16,35,1,4
3725,bus,0,231,23.21,186,66,24,35,1,4
3725,car,1,231,43.89,161,0,0,35,1,4
3726,train,0,237,50.95,193,90,3,70,1,4
3726,air,0,237,142.55,46,91,16,70,1,4
3726,bus,0,237,23.46,186,75,24,70,1,4
3726,car,1,237,45.03,168,0,0,70,1,4
3727,train,0,255,50.95,193,90,3,45,1,4
3727,air,1,255,130.55,46,74,16,45,1,4
3727,bus,0,255,23.46,186,75,24,45,1,4
3727,car,0,255,48.45,181,0,0,45,1,4
3728,train,0,255,50.95,193,90,3,35,1,4
3728,air,0,255,130.55,46,74,16,35,1,4
3728,bus,0,255,23.46,186,75,24,35,1,4
3728,car,1,255,48.45,181,0,0,35,1,4
3729,train,0,255,50.95,193,90,3,35,1,4
3729,air,0,255,130.55,46,74,16,35,1,4
3729,bus,0,255,23.46,186,75,24,35,1,4
3729,car,1,255,48.45,181,0,0,35,1,4
3730,train,0,372,50.95,193,90,3,70,1,4
3730,air,0,372,142.55,46,86,16,70,1,4
3730,bus,0,372,25.46,186,75,24,70,1,4
3730,car,1,372,70.68,277,0,0,70,1,4
3755,train,0,322,51.95,193,110,3,25,1,4
3755,air,0,322,142.55,46,116,16,25,1,4
3755,bus,0,322,26.46,186,95,24,25,1,4
3755,car,1,322,61.18,221,0,0,25,1,4
3756,train,0,235,50.95,193,90,3,70,1,4
3756,air,0,235,134.55,46,81,16,70,1,4
3756,bus,0,235,23.46,186,75,24,70,1,4
3756,car,1,235,44.65,168,0,0,70,1,4
3757,train,0,235,50.95,193,90,3,70,1,4
3757,air,0,235,134.55,46,81,16,70,1,4
3757,bus,0,235,23.46,186,75,24,70,1,4
3757,car,1,235,44.65,168,0,0,70,1,4
3758,train,0,235,50.95,193,90,3,70,1,4
3758,air,0,235,134.55,46,81,16,70,1,4
3758,bus,0,235,23.46,186,75,24,70,1,4
3758,car,1,235,44.65,168,0,0,70,1,4
3759,train,0,235,50.95,193,90,3,45,1,4
3759,air,0,235,134.55,46,81,16,45,1,4
3759,bus,0,235,23.46,186,75,24,45,1,4
3759,car,1,235,44.65,168,0,0,45,1,4
3760,train,0,295,51.45,193,100,3,55,1,4
3760,air,0,295,142.55,46,96,16,55,1,4
3760,bus,0,295,26.46,186,85,24,55,1,4
3760,car,1,295,56.05,199,0,0,55,1,4
3761,train,0,438,52.95,193,130,3,35,1,4
3761,air,0,438,142.55,46,86,16,35,1,4
3761,bus,0,438,26.46,186,115,24,35,1,4
3761,car,1,438,83.22,331,0,0,35,1,4
3762,train,0,127,31.15,120,65,3,35,1,4
3762,air,0,127,145.3,46,155,16,35,1,4
3762,bus,0,127,14.96,115,62,8,35,1,4
3762,car,1,127,24.13,87,0,0,35,1,4
3763,train,0,127,31.15,120,65,3,70,1,4
3763,air,0,127,145.3,46,155,16,70,1,4
3763,bus,0,127,14.96,115,62,8,70,1,4
3763,car,1,127,24.13,87,0,0,70,1,4
3764,train,0,127,31.15,120,65,3,35,1,4
3764,air,0,127,145.3,46,155,16,35,1,4
3764,bus,0,127,14.96,115,62,8,35,1,4
3764,car,1,127,24.13,87,0,0,35,1,4
3765,train,0,127,31.15,120,65,3,55,1,4
3765,air,0,127,145.3,46,155,16,55,1,4
3765,bus,0,127,14.96,115,62,8,55,1,4
3765,car,1,127,24.13,87,0,0,55,1,4
3766,train,0,127,31.15,120,65,3,70,1,4
3766,air,0,127,145.3,46,155,16,70,1,4
3766,bus,0,127,14.96,115,62,8,70,1,4
3766,car,1,127,24.13,87,0,0,70,1,4
3767,train,0,127,31.15,120,65,3,55,1,4
3767,air,0,127,145.3,46,155,16,55,1,4
3767,bus,0,127,14.96,115,62,8,55,1,4
3767,car,1,127,24.13,87,0,0,55,1,4
3768,train,0,127,31.15,120,65,3,70,1,4
3768,air,0,127,145.3,46,155,16,70,1,4
3768,bus,0,127,14.96,115,62,8,70,1,4
3768,car,1,127,24.13,87,0,0,70,1,4
3769,train,0,277,33.35,120,90,3,15,1,4
3769,air,0,277,145.3,46,150,16,15,1,4
3769,bus,0,277,19.26,115,83,8,15,1,4
3769,car,1,277,52.63,211,0,0,15,1,4
3770,train,0,277,33.35,120,90,3,45,1,4
3770,air,0,277,145.3,46,150,16,45,1,4
3770,bus,0,277,19.26,115,83,8,45,1,4
3770,car,1,277,52.63,211,0,0,45,1,4
3771,train,1,218,44.9,166,65,3,70,1,4
3771,air,0,218,136.3,46,78,16,70,1,4
3771,bus,0,218,24.11,186,69,24,70,1,4
3771,car,0,218,41.42,143,0,0,70,1,4
3772,train,1,218,44.9,166,65,3,15,1,4
3772,air,0,218,136.3,46,78,16,15,1,4
3772,bus,0,218,24.11,186,69,24,15,1,4
3772,car,0,218,41.42,143,0,0,15,1,4
3773,train,0,218,44.9,166,65,3,15,1,4
3773,air,0,218,136.3,46,78,16,15,1,4
3773,bus,0,218,24.11,186,69,24,15,1,4
3773,car,1,218,41.42,143,0,0,15,1,4
3774,train,0,218,44.9,166,65,3,55,1,4
3774,air,0,218,136.3,46,78,16,55,1,4
3774,bus,0,218,24.11,186,69,24,55,1,4
3774,car,1,218,41.42,143,0,0,55,1,4
3775,train,0,218,44.9,166,65,3,70,1,4
3775,air,0,218,136.3,46,78,16,70,1,4
3775,bus,0,218,24.11,186,69,24,70,1,4
3775,car,1,218,41.42,143,0,0,70,1,4
3776,train,0,218,44.9,166,65,3,25,1,4
3776,air,0,218,136.3,46,78,16,25,1,4
3776,bus,0,218,24.11,186,69,24,25,1,4
3776,car,1,218,41.42,143,0,0,25,1,4
3777,train,0,218,44.9,166,65,3,55,1,4
3777,air,0,218,136.3,46,78,16,55,1,4
3777,bus,0,218,24.11,186,69,24,55,1,4
3777,car,1,218,41.42,143,0,0,55,1,4
3778,train,0,218,44.9,166,65,3,70,1,4
3778,air,0,218,136.3,46,78,16,70,1,4
3778,bus,0,218,24.11,186,69,24,70,1,4
3778,car,1,218,41.42,143,0,0,70,1,4
3779,train,0,218,44.9,166,65,3,55,1,4
3779,air,0,218,136.3,46,78,16,55,1,4
3779,bus,0,218,24.11,186,69,24,55,1,4
3779,car,1,218,41.42,143,0,0,55,1,4
3780,train,1,221,45.45,193,73,3,70,1,4
3780,air,0,221,137.3,46,86,16,70,1,4
3780,bus,0,221,23.61,186,69,24,70,1,4
3780,car,0,221,41.99,148,0,0,70,1,4
3781,train,1,221,45.45,193,73,3,70,1,4
3781,air,0,221,137.3,46,86,16,70,1,4
3781,bus,0,221,23.61,186,69,24,70,1,4
3781,car,0,221,41.99,148,0,0,70,1,4
3782,train,1,221,45.45,193,73,3,70,1,4
3782,air,0,221,137.3,46,86,16,70,1,4
3782,bus,0,221,23.61,186,69,24,70,1,4
3782,car,0,221,41.99,148,0,0,70,1,4
3783,train,1,221,45.45,193,73,3,45,1,4
3783,air,0,221,137.3,46,86,16,45,1,4
3783,bus,0,221,23.61,186,69,24,45,1,4
3783,car,0,221,41.99,148,0,0,45,1,4
3784,train,1,221,45.45,193,73,3,55,1,4
3784,air,0,221,137.3,46,86,16,55,1,4
3784,bus,0,221,23.61,186,69,24,55,1,4
3784,car,0,221,41.99,148,0,0,55,1,4
3785,train,0,221,45.45,193,73,3,45,1,4
3785,air,1,221,137.3,46,86,16,45,1,4
3785,bus,0,221,23.61,186,69,24,45,1,4
3785,car,0,221,41.99,148,0,0,45,1,4
3786,train,0,221,45.45,193,73,3,70,1,4
3786,air,1,221,137.3,46,86,16,70,1,4
3786,bus,0,221,23.61,186,69,24,70,1,4
3786,car,0,221,41.99,148,0,0,70,1,4
3787,train,0,221,45.45,193,73,3,70,1,4
3787,air,1,221,137.3,46,86,16,70,1,4
3787,bus,0,221,23.61,186,69,24,70,1,4
3787,car,0,221,41.99,148,0,0,70,1,4
3788,train,0,221,45.45,193,73,3,70,1,4
3788,air,1,221,137.3,46,86,16,70,1,4
3788,bus,0,221,23.61,186,69,24,70,1,4
3788,car,0,221,41.99,148,0,0,70,1,4
3789,train,0,221,45.45,193,73,3,35,1,4
3789,air,1,221,137.3,46,86,16,35,1,4
3789,bus,0,221,23.61,186,69,24,35,1,4
3789,car,0,221,41.99,148,0,0,35,1,4
3790,train,0,221,45.45,193,73,3,25,1,4
3790,air,0,221,137.3,46,86,16,25,1,4
3790,bus,1,221,23.61,186,69,24,25,1,4
3790,car,0,221,41.99,148,0,0,25,1,4
3791,train,0,221,45.45,193,73,3,70,1,4
3791,air,0,221,137.3,46,86,16,70,1,4
3791,bus,0,221,23.61,186,69,24,70,1,4
3791,car,1,221,41.99,148,0,0,70,1,4
3792,train,0,221,45.45,193,73,3,70,1,4
3792,air,0,221,137.3,46,86,16,70,1,4
3792,bus,0,221,23.61,186,69,24,70,1,4
3792,car,1,221,41.99,148,0,0,70,1,4
3793,train,0,221,45.45,193,73,3,15,1,4
3793,air,0,221,137.3,46,86,16,15,1,4
3793,bus,0,221,23.61,186,69,24,15,1,4
3793,car,1,221,41.99,148,0,0,15,1,4
3794,train,0,221,45.45,193,73,3,70,1,4
3794,air,0,221,137.3,46,86,16,70,1,4
3794,bus,0,221,23.61,186,69,24,70,1,4
3794,car,1,221,41.99,148,0,0,70,1,4
3795,train,0,221,45.45,193,73,3,70,1,4
3795,air,0,221,137.3,46,86,16,70,1,4
3795,bus,0,221,23.61,186,69,24,70,1,4
3795,car,1,221,41.99,148,0,0,70,1,4
3796,train,0,221,45.45,193,73,3,15,1,4
3796,air,0,221,137.3,46,86,16,15,1,4
3796,bus,0,221,23.61,186,69,24,15,1,4
3796,car,1,221,41.99,148,0,0,15,1,4
3797,train,0,221,45.45,193,73,3,45,1,4
3797,air,0,221,137.3,46,86,16,45,1,4
3797,bus,0,221,23.61,186,69,24,45,1,4
3797,car,1,221,41.99,148,0,0,45,1,4
3798,train,0,221,45.45,193,73,3,35,1,4
3798,air,0,221,137.3,46,86,16,35,1,4
3798,bus,0,221,23.61,186,69,24,35,1,4
3798,car,1,221,41.99,148,0,0,35,1,4
3799,train,0,221,45.45,193,73,3,70,1,4
3799,air,0,221,137.3,46,86,16,70,1,4
3799,bus,0,221,23.61,186,69,24,70,1,4
3799,car,1,221,41.99,148,0,0,70,1,4
3800,train,0,221,45.45,193,73,3,45,1,4
3800,air,0,221,137.3,46,86,16,45,1,4
3800,bus,0,221,23.61,186,69,24,45,1,4
3800,car,1,221,41.99,148,0,0,45,1,4
3801,train,0,221,45.45,193,73,3,70,1,4
3801,air,0,221,137.3,46,86,16,70,1,4
3801,bus,0,221,23.61,186,69,24,70,1,4
3801,car,1,221,41.99,148,0,0,70,1,4
3802,train,0,245,49.15,193,85,3,55,1,4
3802,air,0,245,133.3,46,78,16,55,1,4
3802,bus,0,245,23.86,186,78,24,55,1,4
3802,car,1,245,46.55,167,0,0,55,1,4
3803,train,0,245,49.15,193,85,3,55,1,4
3803,air,0,245,133.3,46,78,16,55,1,4
3803,bus,0,245,23.86,186,78,24,55,1,4
3803,car,1,245,46.55,167,0,0,55,1,4
3809,train,0,156,36.35,120,125,3,25,1,4
3809,air,0,156,145.3,46,130,16,25,1,4
3809,bus,0,156,16.26,115,83,8,25,1,4
3809,car,1,156,29.64,123,0,0,25,1,4
3810,train,0,144,32.35,120,80,3,45,1,4
3810,air,0,144,145.3,46,110,16,45,1,4
3810,bus,0,144,16.26,115,73,8,45,1,4
3810,car,1,144,27.36,101,0,0,45,1,4
3811,train,0,144,32.35,120,80,3,15,1,4
3811,air,0,144,145.3,46,110,16,15,1,4
3811,bus,0,144,16.26,115,73,8,15,1,4
3811,car,1,144,27.36,101,0,0,15,1,4
3812,train,0,144,32.35,120,80,3,70,1,4
3812,air,0,144,145.3,46,110,16,70,1,4
3812,bus,0,144,16.26,115,73,8,70,1,4
3812,car,1,144,27.36,101,0,0,70,1,4
3813,train,0,144,32.35,120,80,3,70,1,4
3813,air,0,144,145.3,46,110,16,70,1,4
3813,bus,0,144,16.26,115,73,8,70,1,4
3813,car,1,144,27.36,101,0,0,70,1,4
3814,train,0,144,32.35,120,80,3,70,1,4
3814,air,0,144,145.3,46,110,16,70,1,4
3814,bus,0,144,16.26,115,73,8,70,1,4
3814,car,1,144,27.36,101,0,0,70,1,4
3815,train,0,312,50.15,193,105,3,45,1,4
3815,air,0,312,145.3,46,120,16,45,1,4
3815,bus,0,312,26.86,186,98,24,45,1,4
3815,car,1,312,59.28,208,0,0,45,1,4
3816,train,0,225,49.15,193,85,3,70,1,4
3816,air,0,225,137.3,46,85,16,70,1,4
3816,bus,0,225,23.86,186,78,24,70,1,4
3816,car,1,225,42.75,155,0,0,70,1,4
3817,train,0,382,50.65,193,115,3,45,1,4
3817,air,0,382,145.3,46,110,16,45,1,4
3817,bus,0,382,26.86,186,108,24,45,1,4
3817,car,1,382,72.58,266,0,0,45,1,4
3818,train,0,428,51.15,193,125,3,25,1,4
3818,air,0,428,145.3,46,90,16,25,1,4
3818,bus,0,428,26.86,186,118,24,25,1,4
3818,car,1,428,81.32,318,0,0,25,1,4
3819,train,0,428,51.15,193,125,3,55,1,4
3819,air,0,428,145.3,46,90,16,55,1,4
3819,bus,0,428,26.86,186,118,24,55,1,4
3819,car,1,428,81.32,318,0,0,55,1,4
3820,train,0,132,30.6,120,60,3,35,1,4
3820,air,0,132,145.95,46,158,16,35,1,4
3820,bus,0,132,15.16,115,59,8,35,1,4
3820,car,1,132,25.08,94,0,0,35,1,4
3821,train,1,223,44.35,166,60,3,70,1,4
3821,air,0,223,136.95,46,81,16,70,1,4
3821,bus,0,223,24.31,186,66,24,70,1,4
3821,car,0,223,42.37,150,0,0,70,1,4
3822,train,0,223,44.35,166,60,3,45,1,4
3822,air,0,223,136.95,46,81,16,45,1,4
3822,bus,0,223,24.31,186,66,24,45,1,4
3822,car,1,223,42.37,150,0,0,45,1,4
3823,train,0,223,44.35,166,60,3,55,1,4
3823,air,0,223,136.95,46,81,16,55,1,4
3823,bus,0,223,24.31,186,66,24,55,1,4
3823,car,1,223,42.37,150,0,0,55,1,4
3824,train,0,226,44.9,193,68,3,55,1,4
3824,air,0,226,137.95,46,89,16,55,1,4
3824,bus,1,226,23.81,186,66,24,55,1,4
3824,car,0,226,42.94,154,0,0,55,1,4
3825,train,0,226,44.9,193,68,3,45,1,4
3825,air,0,226,137.95,46,89,16,45,1,4
3825,bus,0,226,23.81,186,66,24,45,1,4
3825,car,1,226,42.94,154,0,0,45,1,4
3826,train,0,226,44.9,193,68,3,55,1,4
3826,air,0,226,137.95,46,89,16,55,1,4
3826,bus,0,226,23.81,186,66,24,55,1,4
3826,car,1,226,42.94,154,0,0,55,1,4
3829,train,0,433,50.6,193,120,3,55,1,4
3829,air,0,433,145.95,46,93,16,55,1,4
3829,bus,0,433,27.06,186,115,24,55,1,4
3829,car,1,433,82.27,325,0,0,55,1,4
3830,train,0,132,28.6,120,52,3,22,1,4
3830,air,0,132,151.85,46,155,16,22,1,4
3830,bus,0,132,15.11,115,57,8,22,1,4
3830,car,1,132,25.08,94,0,0,22,1,4
3831,train,0,132,28.6,120,52,3,70,1,4
3831,air,0,132,151.85,46,155,16,70,1,4
3831,bus,0,132,15.11,115,57,8,70,1,4
3831,car,1,132,25.08,94,0,0,70,1,4
3832,train,0,132,28.6,120,52,3,70,1,4
3832,air,0,132,151.85,46,155,16,70,1,4
3832,bus,0,132,15.11,115,57,8,70,1,4
3832,car,1,132,25.08,94,0,0,70,1,4
3833,train,0,132,28.6,120,52,3,70,1,4
3833,air,0,132,151.85,46,155,16,70,1,4
3833,bus,0,132,15.11,115,57,8,70,1,4
3833,car,1,132,25.08,94,0,0,70,1,4
3834,train,0,132,28.6,120,52,3,35,1,4
3834,air,0,132,151.85,46,155,16,35,1,4
3834,bus,0,132,15.11,115,57,8,35,1,4
3834,car,1,132,25.08,94,0,0,35,1,4
3835,train,0,132,28.6,120,52,3,35,1,4
3835,air,0,132,151.85,46,155,16,35,1,4
3835,bus,0,132,15.11,115,57,8,35,1,4
3835,car,1,132,25.08,94,0,0,35,1,4
3836,train,0,132,28.6,120,52,3,45,1,4
3836,air,0,132,151.85,46,155,16,45,1,4
3836,bus,0,132,15.11,115,57,8,45,1,4
3836,car,1,132,25.08,94,0,0,45,1,4
3837,train,0,132,28.6,120,52,3,25,1,4
3837,air,0,132,151.85,46,155,16,25,1,4
3837,bus,0,132,15.11,115,57,8,25,1,4
3837,car,1,132,25.08,94,0,0,25,1,4
3838,train,0,132,28.6,120,52,3,35,1,4
3838,air,0,132,151.85,46,155,16,35,1,4
3838,bus,0,132,15.11,115,57,8,35,1,4
3838,car,1,132,25.08,94,0,0,35,1,4
3839,train,0,132,28.6,120,52,3,70,1,4
3839,air,0,132,151.85,46,155,16,70,1,4
3839,bus,0,132,15.11,115,57,8,70,1,4
3839,car,1,132,25.08,94,0,0,70,1,4
3840,train,0,132,28.6,120,52,3,55,1,4
3840,air,0,132,151.85,46,155,16,55,1,4
3840,bus,0,132,15.11,115,57,8,55,1,4
3840,car,1,132,25.08,94,0,0,55,1,4
3841,train,0,132,28.6,120,52,3,70,1,4
3841,air,0,132,151.85,46,155,16,70,1,4
3841,bus,0,132,15.11,115,57,8,70,1,4
3841,car,1,132,25.08,94,0,0,70,1,4
3842,train,0,132,28.6,120,52,3,55,1,4
3842,air,0,132,151.85,46,155,16,55,1,4
3842,bus,0,132,15.11,115,57,8,55,1,4
3842,car,1,132,25.08,94,0,0,55,1,4
3843,train,0,132,28.6,120,52,3,55,1,4
3843,air,0,132,151.85,46,155,16,55,1,4
3843,bus,0,132,15.11,115,57,8,55,1,4
3843,car,1,132,25.08,94,0,0,55,1,4
3844,train,0,132,28.6,120,52,3,35,1,4
3844,air,0,132,151.85,46,155,16,35,1,4
3844,bus,0,132,15.11,115,57,8,35,1,4
3844,car,1,132,25.08,94,0,0,35,1,4
3845,train,0,282,30.8,120,77,3,70,1,4
3845,air,0,282,151.85,46,150,16,70,1,4
3845,bus,0,282,19.41,115,78,8,70,1,4
3845,car,1,282,53.58,218,0,0,70,1,4
3846,train,0,282,30.8,120,77,3,70,1,4
3846,air,0,282,151.85,46,150,16,70,1,4
3846,bus,0,282,19.41,115,78,8,70,1,4
3846,car,1,282,53.58,218,0,0,70,1,4
3847,train,0,282,30.8,120,77,3,35,1,4
3847,air,0,282,151.85,46,150,16,35,1,4
3847,bus,0,282,19.41,115,78,8,35,1,4
3847,car,1,282,53.58,218,0,0,35,1,4
3848,train,0,282,30.8,120,77,3,45,1,4
3848,air,0,282,151.85,46,150,16,45,1,4
3848,bus,0,282,19.41,115,78,8,45,1,4
3848,car,1,282,53.58,218,0,0,45,1,4
3849,train,0,205,38.6,170,57,3,35,1,4
3849,air,0,205,141.85,46,78,16,35,1,4
3849,bus,0,205,27.01,186,78,24,35,1,4
3849,car,1,205,38.95,154,0,0,35,1,4
3850,train,0,205,38.6,170,57,3,70,1,4
3850,air,0,205,141.85,46,78,16,70,1,4
3850,bus,0,205,27.01,186,78,24,70,1,4
3850,car,1,205,38.95,154,0,0,70,1,4
3851,train,1,223,42.35,166,52,3,45,1,4
3851,air,0,223,142.85,46,78,16,45,1,4
3851,bus,0,223,24.26,186,64,24,45,1,4
3851,car,0,223,42.37,150,0,0,45,1,4
3852,train,1,223,42.35,166,52,3,45,1,4
3852,air,0,223,142.85,46,78,16,45,1,4
3852,bus,0,223,24.26,186,64,24,45,1,4
3852,car,0,223,42.37,150,0,0,45,1,4
3853,train,1,223,42.35,166,52,3,55,1,4
3853,air,0,223,142.85,46,78,16,55,1,4
3853,bus,0,223,24.26,186,64,24,55,1,4
3853,car,0,223,42.37,150,0,0,55,1,4
3854,train,1,223,42.35,166,52,3,5,1,4
3854,air,0,223,142.85,46,78,16,5,1,4
3854,bus,0,223,24.26,186,64,24,5,1,4
3854,car,0,223,42.37,150,0,0,5,1,4
3855,train,1,223,42.35,166,52,3,45,1,4
3855,air,0,223,142.85,46,78,16,45,1,4
3855,bus,0,223,24.26,186,64,24,45,1,4
3855,car,0,223,42.37,150,0,0,45,1,4
3856,train,0,223,42.35,166,52,3,55,1,4
3856,air,1,223,142.85,46,78,16,55,1,4
3856,bus,0,223,24.26,186,64,24,55,1,4
3856,car,0,223,42.37,150,0,0,55,1,4
3857,train,0,223,42.35,166,52,3,55,1,4
3857,air,0,223,142.85,46,78,16,55,1,4
3857,bus,0,223,24.26,186,64,24,55,1,4
3857,car,1,223,42.37,150,0,0,55,1,4
3858,train,0,223,42.35,166,52,3,35,1,4
3858,air,0,223,142.85,46,78,16,35,1,4
3858,bus,0,223,24.26,186,64,24,35,1,4
3858,car,1,223,42.37,150,0,0,35,1,4
3859,train,0,223,42.35,166,52,3,70,1,4
3859,air,0,223,142.85,46,78,16,70,1,4
3859,bus,0,223,24.26,186,64,24,70,1,4
3859,car,1,223,42.37,150,0,0,70,1,4
3860,train,0,223,42.35,166,52,3,55,1,4
3860,air,0,223,142.85,46,78,16,55,1,4
3860,bus,0,223,24.26,186,64,24,55,1,4
3860,car,1,223,42.37,150,0,0,55,1,4
3861,train,0,223,42.35,166,52,3,70,1,4
3861,air,0,223,142.85,46,78,16,70,1,4
3861,bus,0,223,24.26,186,64,24,70,1,4
3861,car,1,223,42.37,150,0,0,70,1,4
3862,train,0,223,42.35,166,52,3,45,1,4
3862,air,0,223,142.85,46,78,16,45,1,4
3862,bus,0,223,24.26,186,64,24,45,1,4
3862,car,1,223,42.37,150,0,0,45,1,4
3863,train,0,223,42.35,166,52,3,70,1,4
3863,air,0,223,142.85,46,78,16,70,1,4
3863,bus,0,223,24.26,186,64,24,70,1,4
3863,car,1,223,42.37,150,0,0,70,1,4
3864,train,0,223,42.35,166,52,3,45,1,4
3864,air,0,223,142.85,46,78,16,45,1,4
3864,bus,0,223,24.26,186,64,24,45,1,4
3864,car,1,223,42.37,150,0,0,45,1,4
3865,train,0,223,42.35,166,52,3,70,1,4
3865,air,0,223,142.85,46,78,16,70,1,4
3865,bus,0,223,24.26,186,64,24,70,1,4
3865,car,1,223,42.37,150,0,0,70,1,4
3866,train,0,223,42.35,166,52,3,55,1,4
3866,air,0,223,142.85,46,78,16,55,1,4
3866,bus,0,223,24.26,186,64,24,55,1,4
3866,car,1,223,42.37,150,0,0,55,1,4
3867,train,0,223,42.35,166,52,3,70,1,4
3867,air,0,223,142.85,46,78,16,70,1,4
3867,bus,0,223,24.26,186,64,24,70,1,4
3867,car,1,223,42.37,150,0,0,70,1,4
3868,train,0,223,42.35,166,52,3,55,1,4
3868,air,0,223,142.85,46,78,16,55,1,4
3868,bus,0,223,24.26,186,64,24,55,1,4
3868,car,1,223,42.37,150,0,0,55,1,4
3869,train,0,223,42.35,166,52,3,70,1,4
3869,air,0,223,142.85,46,78,16,70,1,4
3869,bus,0,223,24.26,186,64,24,70,1,4
3869,car,1,223,42.37,150,0,0,70,1,4
3870,train,0,223,42.35,166,52,3,70,1,4
3870,air,0,223,142.85,46,78,16,70,1,4
3870,bus,0,223,24.26,186,64,24,70,1,4
3870,car,1,223,42.37,150,0,0,70,1,4
3871,train,0,223,42.35,166,52,3,55,1,4
3871,air,0,223,142.85,46,78,16,55,1,4
3871,bus,0,223,24.26,186,64,24,55,1,4
3871,car,1,223,42.37,150,0,0,55,1,4
3872,train,0,223,42.35,166,52,3,70,1,4
3872,air,0,223,142.85,46,78,16,70,1,4
3872,bus,0,223,24.26,186,64,24,70,1,4
3872,car,1,223,42.37,150,0,0,70,1,4
3873,train,0,223,42.35,166,52,3,55,1,4
3873,air,0,223,142.85,46,78,16,55,1,4
3873,bus,0,223,24.26,186,64,24,55,1,4
3873,car,1,223,42.37,150,0,0,55,1,4
3874,train,0,223,42.35,166,52,3,70,1,4
3874,air,0,223,142.85,46,78,16,70,1,4
3874,bus,0,223,24.26,186,64,24,70,1,4
3874,car,1,223,42.37,150,0,0,70,1,4
3875,train,0,223,42.35,166,52,3,35,1,4
3875,air,0,223,142.85,46,78,16,35,1,4
3875,bus,0,223,24.26,186,64,24,35,1,4
3875,car,1,223,42.37,150,0,0,35,1,4
3876,train,0,223,42.35,166,52,3,45,1,4
3876,air,0,223,142.85,46,78,16,45,1,4
3876,bus,0,223,24.26,186,64,24,45,1,4
3876,car,1,223,42.37,150,0,0,45,1,4
3877,train,0,223,42.35,166,52,3,45,1,4
3877,air,0,223,142.85,46,78,16,45,1,4
3877,bus,0,223,24.26,186,64,24,45,1,4
3877,car,1,223,42.37,150,0,0,45,1,4
3878,train,0,223,42.35,166,52,3,70,1,4
3878,air,0,223,142.85,46,78,16,70,1,4
3878,bus,0,223,24.26,186,64,24,70,1,4
3878,car,1,223,42.37,150,0,0,70,1,4
3879,train,0,223,42.35,166,52,3,45,1,4
3879,air,0,223,142.85,46,78,16,45,1,4
3879,bus,0,223,24.26,186,64,24,45,1,4
3879,car,1,223,42.37,150,0,0,45,1,4
3880,train,0,223,42.35,166,52,3,70,1,4
3880,air,0,223,142.85,46,78,16,70,1,4
3880,bus,0,223,24.26,186,64,24,70,1,4
3880,car,1,223,42.37,150,0,0,70,1,4
3881,train,1,226,42.9,193,60,3,55,1,4
3881,air,0,226,143.85,46,86,16,55,1,4
3881,bus,0,226,23.76,186,64,24,55,1,4
3881,car,0,226,42.94,154,0,0,55,1,4
3882,train,1,226,42.9,193,60,3,35,1,4
3882,air,0,226,143.85,46,86,16,35,1,4
3882,bus,0,226,23.76,186,64,24,35,1,4
3882,car,0,226,42.94,154,0,0,35,1,4
3883,train,1,226,42.9,193,60,3,55,1,4
3883,air,0,226,143.85,46,86,16,55,1,4
3883,bus,0,226,23.76,186,64,24,55,1,4
3883,car,0,226,42.94,154,0,0,55,1,4
3884,train,1,226,42.9,193,60,3,45,1,4
3884,air,0,226,143.85,46,86,16,45,1,4
3884,bus,0,226,23.76,186,64,24,45,1,4
3884,car,0,226,42.94,154,0,0,45,1,4
3885,train,0,226,42.9,193,60,3,70,1,4
3885,air,0,226,143.85,46,86,16,70,1,4
3885,bus,0,226,23.76,186,64,24,70,1,4
3885,car,1,226,42.94,154,0,0,70,1,4
3886,train,0,226,42.9,193,60,3,55,1,4
3886,air,0,226,143.85,46,86,16,55,1,4
3886,bus,0,226,23.76,186,64,24,55,1,4
3886,car,1,226,42.94,154,0,0,55,1,4
3887,train,0,226,42.9,193,60,3,70,1,4
3887,air,0,226,143.85,46,86,16,70,1,4
3887,bus,0,226,23.76,186,64,24,70,1,4
3887,car,1,226,42.94,154,0,0,70,1,4
3888,train,0,226,42.9,193,60,3,70,1,4
3888,air,0,226,143.85,46,86,16,70,1,4
3888,bus,0,226,23.76,186,64,24,70,1,4
3888,car,1,226,42.94,154,0,0,70,1,4
3889,train,0,226,42.9,193,60,3,70,1,4
3889,air,0,226,143.85,46,86,16,70,1,4
3889,bus,0,226,23.76,186,64,24,70,1,4
3889,car,1,226,42.94,154,0,0,70,1,4
3890,train,0,226,42.9,193,60,3,70,1,4
3890,air,0,226,143.85,46,86,16,70,1,4
3890,bus,0,226,23.76,186,64,24,70,1,4
3890,car,1,226,42.94,154,0,0,70,1,4
3891,train,0,226,42.9,193,60,3,70,1,4
3891,air,0,226,143.85,46,86,16,70,1,4
3891,bus,0,226,23.76,186,64,24,70,1,4
3891,car,1,226,42.94,154,0,0,70,1,4
3892,train,0,226,42.9,193,60,3,70,1,4
3892,air,0,226,143.85,46,86,16,70,1,4
3892,bus,0,226,23.76,186,64,24,70,1,4
3892,car,1,226,42.94,154,0,0,70,1,4
3893,train,0,226,42.9,193,60,3,45,1,4
3893,air,0,226,143.85,46,86,16,45,1,4
3893,bus,0,226,23.76,186,64,24,45,1,4
3893,car,1,226,42.94,154,0,0,45,1,4
3894,train,0,226,42.9,193,60,3,70,1,4
3894,air,0,226,143.85,46,86,16,70,1,4
3894,bus,0,226,23.76,186,64,24,70,1,4
3894,car,1,226,42.94,154,0,0,70,1,4
3895,train,0,226,42.9,193,60,3,70,1,4
3895,air,0,226,143.85,46,86,16,70,1,4
3895,bus,0,226,23.76,186,64,24,70,1,4
3895,car,1,226,42.94,154,0,0,70,1,4
3896,train,0,226,42.9,193,60,3,70,1,4
3896,air,0,226,143.85,46,86,16,70,1,4
3896,bus,0,226,23.76,186,64,24,70,1,4
3896,car,1,226,42.94,154,0,0,70,1,4
3897,train,0,226,42.9,193,60,3,70,1,4
3897,air,0,226,143.85,46,86,16,70,1,4
3897,bus,0,226,23.76,186,64,24,70,1,4
3897,car,1,226,42.94,154,0,0,70,1,4
3898,train,0,226,42.9,193,60,3,70,1,4
3898,air,0,226,143.85,46,86,16,70,1,4
3898,bus,0,226,23.76,186,64,24,70,1,4
3898,car,1,226,42.94,154,0,0,70,1,4
3899,train,0,226,42.9,193,60,3,45,1,4
3899,air,0,226,143.85,46,86,16,45,1,4
3899,bus,0,226,23.76,186,64,24,45,1,4
3899,car,1,226,42.94,154,0,0,45,1,4
3900,train,0,226,42.9,193,60,3,25,1,4
3900,air,0,226,143.85,46,86,16,25,1,4
3900,bus,0,226,23.76,186,64,24,25,1,4
3900,car,1,226,42.94,154,0,0,25,1,4
3901,train,0,226,42.9,193,60,3,25,1,4
3901,air,0,226,143.85,46,86,16,25,1,4
3901,bus,0,226,23.76,186,64,24,25,1,4
3901,car,1,226,42.94,154,0,0,25,1,4
3902,train,0,226,42.9,193,60,3,15,1,4
3902,air,0,226,143.85,46,86,16,15,1,4
3902,bus,0,226,23.76,186,64,24,15,1,4
3902,car,1,226,42.94,154,0,0,15,1,4
3903,train,0,226,42.9,193,60,3,70,1,4
3903,air,0,226,143.85,46,86,16,70,1,4
3903,bus,0,226,23.76,186,64,24,70,1,4
3903,car,1,226,42.94,154,0,0,70,1,4
3904,train,0,226,42.9,193,60,3,25,1,4
3904,air,0,226,143.85,46,86,16,25,1,4
3904,bus,0,226,23.76,186,64,24,25,1,4
3904,car,1,226,42.94,154,0,0,25,1,4
3905,train,0,226,42.9,193,60,3,35,1,4
3905,air,0,226,143.85,46,86,16,35,1,4
3905,bus,0,226,23.76,186,64,24,35,1,4
3905,car,1,226,42.94,154,0,0,35,1,4
3906,train,0,226,42.9,193,60,3,70,1,4
3906,air,0,226,143.85,46,86,16,70,1,4
3906,bus,0,226,23.76,186,64,24,70,1,4
3906,car,1,226,42.94,154,0,0,70,1,4
3907,train,0,226,42.9,193,60,3,45,1,4
3907,air,0,226,143.85,46,86,16,45,1,4
3907,bus,0,226,23.76,186,64,24,45,1,4
3907,car,1,226,42.94,154,0,0,45,1,4
3908,train,0,226,42.9,193,60,3,55,1,4
3908,air,0,226,143.85,46,86,16,55,1,4
3908,bus,0,226,23.76,186,64,24,55,1,4
3908,car,1,226,42.94,154,0,0,55,1,4
3909,train,0,226,42.9,193,60,3,35,1,4
3909,air,0,226,143.85,46,86,16,35,1,4
3909,bus,0,226,23.76,186,64,24,35,1,4
3909,car,1,226,42.94,154,0,0,35,1,4
3910,train,0,226,42.9,193,60,3,70,1,4
3910,air,0,226,143.85,46,86,16,70,1,4
3910,bus,0,226,23.76,186,64,24,70,1,4
3910,car,1,226,42.94,154,0,0,70,1,4
3911,train,0,232,43.1,193,67,3,55,1,4
3911,air,0,232,151.85,46,90,16,55,1,4
3911,bus,0,232,24.01,186,68,24,55,1,4
3911,car,1,232,44.08,160,0,0,55,1,4
3912,train,0,232,43.1,193,67,3,55,1,4
3912,air,0,232,151.85,46,90,16,55,1,4
3912,bus,0,232,24.01,186,68,24,55,1,4
3912,car,1,232,44.08,160,0,0,55,1,4
3913,train,0,232,43.1,193,67,3,70,1,4
3913,air,0,232,151.85,46,90,16,70,1,4
3913,bus,0,232,24.01,186,68,24,70,1,4
3913,car,1,232,44.08,160,0,0,70,1,4
3914,train,0,232,43.1,193,67,3,70,1,4
3914,air,0,232,151.85,46,90,16,70,1,4
3914,bus,0,232,24.01,186,68,24,70,1,4
3914,car,1,232,44.08,160,0,0,70,1,4
3915,train,0,232,43.1,193,67,3,25,1,4
3915,air,0,232,151.85,46,90,16,25,1,4
3915,bus,0,232,24.01,186,68,24,25,1,4
3915,car,1,232,44.08,160,0,0,25,1,4
3916,train,1,250,46.6,193,72,3,70,1,4
3916,air,0,250,139.85,46,78,16,70,1,4
3916,bus,0,250,24.01,186,73,24,70,1,4
3916,car,0,250,47.5,174,0,0,70,1,4
3917,train,0,250,46.6,193,72,3,70,1,4
3917,air,1,250,139.85,46,78,16,70,1,4
3917,bus,0,250,24.01,186,73,24,70,1,4
3917,car,0,250,47.5,174,0,0,70,1,4
3918,train,0,250,46.6,193,72,3,45,1,4
3918,air,0,250,139.85,46,78,16,45,1,4
3918,bus,0,250,24.01,186,73,24,45,1,4
3918,car,1,250,47.5,174,0,0,45,1,4
3919,train,0,250,46.6,193,72,3,70,1,4
3919,air,0,250,139.85,46,78,16,70,1,4
3919,bus,0,250,24.01,186,73,24,70,1,4
3919,car,1,250,47.5,174,0,0,70,1,4
3920,train,0,250,46.6,193,72,3,45,1,4
3920,air,0,250,139.85,46,78,16,45,1,4
3920,bus,0,250,24.01,186,73,24,45,1,4
3920,car,1,250,47.5,174,0,0,45,1,4
3921,train,0,250,46.6,193,72,3,70,1,4
3921,air,0,250,139.85,46,78,16,70,1,4
3921,bus,0,250,24.01,186,73,24,70,1,4
3921,car,1,250,47.5,174,0,0,70,1,4
3922,train,0,250,46.6,193,72,3,45,1,4
3922,air,0,250,139.85,46,78,16,45,1,4
3922,bus,0,250,24.01,186,73,24,45,1,4
3922,car,1,250,47.5,174,0,0,45,1,4
3923,train,0,250,46.6,193,72,3,55,1,4
3923,air,0,250,139.85,46,78,16,55,1,4
3923,bus,0,250,24.01,186,73,24,55,1,4
3923,car,1,250,47.5,174,0,0,55,1,4
3924,train,0,250,46.6,193,72,3,70,1,4
3924,air,0,250,139.85,46,78,16,70,1,4
3924,bus,0,250,24.01,186,73,24,70,1,4
3924,car,1,250,47.5,174,0,0,70,1,4
3925,train,0,250,46.6,193,72,3,35,1,4
3925,air,0,250,139.85,46,78,16,35,1,4
3925,bus,0,250,24.01,186,73,24,35,1,4
3925,car,1,250,47.5,174,0,0,35,1,4
3926,train,0,250,46.6,193,72,3,70,1,4
3926,air,0,250,139.85,46,78,16,70,1,4
3926,bus,0,250,24.01,186,73,24,70,1,4
3926,car,1,250,47.5,174,0,0,70,1,4
3941,train,0,161,33.8,120,112,3,45,1,4
3941,air,0,161,151.85,46,130,16,45,1,4
3941,bus,0,161,16.41,115,78,8,45,1,4
3941,car,1,161,30.59,130,0,0,45,1,4
3942,train,0,161,33.8,120,112,3,70,1,4
3942,air,0,161,151.85,46,130,16,70,1,4
3942,bus,0,161,16.41,115,78,8,70,1,4
3942,car,1,161,30.59,130,0,0,70,1,4
3943,train,0,161,33.8,120,112,3,70,1,4
3943,air,0,161,151.85,46,130,16,70,1,4
3943,bus,0,161,16.41,115,78,8,70,1,4
3943,car,1,161,30.59,130,0,0,70,1,4
3944,train,0,161,33.8,120,112,3,35,1,4
3944,air,0,161,151.85,46,130,16,35,1,4
3944,bus,0,161,16.41,115,78,8,35,1,4
3944,car,1,161,30.59,130,0,0,35,1,4
3945,train,0,161,33.8,120,112,3,35,1,4
3945,air,0,161,151.85,46,130,16,35,1,4
3945,bus,0,161,16.41,115,78,8,35,1,4
3945,car,1,161,30.59,130,0,0,35,1,4
3946,train,0,161,33.8,120,112,3,55,1,4
3946,air,0,161,151.85,46,130,16,55,1,4
3946,bus,0,161,16.41,115,78,8,55,1,4
3946,car,1,161,30.59,130,0,0,55,1,4
3947,train,0,161,33.8,120,112,3,70,1,4
3947,air,0,161,151.85,46,130,16,70,1,4
3947,bus,0,161,16.41,115,78,8,70,1,4
3947,car,1,161,30.59,130,0,0,70,1,4
3948,train,0,161,33.8,120,112,3,35,1,4
3948,air,0,161,151.85,46,130,16,35,1,4
3948,bus,0,161,16.41,115,78,8,35,1,4
3948,car,1,161,30.59,130,0,0,35,1,4
3949,train,0,149,29.8,120,67,3,70,1,4
3949,air,0,149,151.85,46,110,16,70,1,4
3949,bus,0,149,16.41,115,68,8,70,1,4
3949,car,1,149,28.31,108,0,0,70,1,4
3950,train,0,149,29.8,120,67,3,22,1,4
3950,air,0,149,151.85,46,110,16,22,1,4
3950,bus,0,149,16.41,115,68,8,22,1,4
3950,car,1,149,28.31,108,0,0,22,1,4
3951,train,0,149,29.8,120,67,3,35,1,4
3951,air,0,149,151.85,46,110,16,35,1,4
3951,bus,0,149,16.41,115,68,8,35,1,4
3951,car,1,149,28.31,108,0,0,35,1,4
3952,train,0,149,29.8,120,67,3,70,1,4
3952,air,0,149,151.85,46,110,16,70,1,4
3952,bus,0,149,16.41,115,68,8,70,1,4
3952,car,1,149,28.31,108,0,0,70,1,4
3953,train,0,149,29.8,120,67,3,70,1,4
3953,air,0,149,151.85,46,110,16,70,1,4
3953,bus,0,149,16.41,115,68,8,70,1,4
3953,car,1,149,28.31,108,0,0,70,1,4
3954,train,0,149,29.8,120,67,3,70,1,4
3954,air,0,149,151.85,46,110,16,70,1,4
3954,bus,0,149,16.41,115,68,8,70,1,4
3954,car,1,149,28.31,108,0,0,70,1,4
3955,train,0,149,29.8,120,67,3,55,1,4
3955,air,0,149,151.85,46,110,16,55,1,4
3955,bus,0,149,16.41,115,68,8,55,1,4
3955,car,1,149,28.31,108,0,0,55,1,4
3956,train,0,149,29.8,120,67,3,5,1,4
3956,air,0,149,151.85,46,110,16,5,1,4
3956,bus,0,149,16.41,115,68,8,5,1,4
3956,car,1,149,28.31,108,0,0,5,1,4
3957,train,0,149,29.8,120,67,3,55,1,4
3957,air,0,149,151.85,46,110,16,55,1,4
3957,bus,0,149,16.41,115,68,8,55,1,4
3957,car,1,149,28.31,108,0,0,55,1,4
3958,train,0,149,29.8,120,67,3,70,1,4
3958,air,0,149,151.85,46,110,16,70,1,4
3958,bus,0,149,16.41,115,68,8,70,1,4
3958,car,1,149,28.31,108,0,0,70,1,4
3959,train,0,317,47.6,193,92,3,45,1,4
3959,air,0,317,151.85,46,120,16,45,1,4
3959,bus,0,317,27.01,186,93,24,45,1,4
3959,car,1,317,60.23,215,0,0,45,1,4
3960,train,0,317,47.6,193,92,3,45,1,4
3960,air,0,317,151.85,46,120,16,45,1,4
3960,bus,0,317,27.01,186,93,24,45,1,4
3960,car,1,317,60.23,215,0,0,45,1,4
3961,train,0,317,47.6,193,92,3,35,1,4
3961,air,0,317,151.85,46,120,16,35,1,4
3961,bus,0,317,27.01,186,93,24,35,1,4
3961,car,1,317,60.23,215,0,0,35,1,4
3962,train,0,230,46.6,193,72,3,70,1,4
3962,air,0,230,143.85,46,85,16,70,1,4
3962,bus,0,230,24.01,186,73,24,70,1,4
3962,car,1,230,43.7,162,0,0,70,1,4
3963,train,0,230,46.6,193,72,3,70,1,4
3963,air,0,230,143.85,46,85,16,70,1,4
3963,bus,0,230,24.01,186,73,24,70,1,4
3963,car,1,230,43.7,162,0,0,70,1,4
3964,train,0,230,46.6,193,72,3,70,1,4
3964,air,0,230,143.85,46,85,16,70,1,4
3964,bus,0,230,24.01,186,73,24,70,1,4
3964,car,1,230,43.7,162,0,0,70,1,4
3965,train,0,230,46.6,193,72,3,55,1,4
3965,air,0,230,143.85,46,85,16,55,1,4
3965,bus,0,230,24.01,186,73,24,55,1,4
3965,car,1,230,43.7,162,0,0,55,1,4
3966,train,0,230,46.6,193,72,3,55,1,4
3966,air,0,230,143.85,46,85,16,55,1,4
3966,bus,0,230,24.01,186,73,24,55,1,4
3966,car,1,230,43.7,162,0,0,55,1,4
3967,train,0,230,46.6,193,72,3,70,1,4
3967,air,0,230,143.85,46,85,16,70,1,4
3967,bus,0,230,24.01,186,73,24,70,1,4
3967,car,1,230,43.7,162,0,0,70,1,4
3968,train,0,230,46.6,193,72,3,55,1,4
3968,air,0,230,143.85,46,85,16,55,1,4
3968,bus,0,230,24.01,186,73,24,55,1,4
3968,car,1,230,43.7,162,0,0,55,1,4
3969,train,0,230,46.6,193,72,3,25,1,4
3969,air,0,230,143.85,46,85,16,25,1,4
3969,bus,0,230,24.01,186,73,24,25,1,4
3969,car,1,230,43.7,162,0,0,25,1,4
3970,train,0,230,46.6,193,72,3,70,1,4
3970,air,0,230,143.85,46,85,16,70,1,4
3970,bus,0,230,24.01,186,73,24,70,1,4
3970,car,1,230,43.7,162,0,0,70,1,4
3971,train,0,230,46.6,193,72,3,70,1,4
3971,air,0,230,143.85,46,85,16,70,1,4
3971,bus,0,230,24.01,186,73,24,70,1,4
3971,car,1,230,43.7,162,0,0,70,1,4
3972,train,0,387,48.1,193,102,3,45,1,4
3972,air,0,387,151.85,46,110,16,45,1,4
3972,bus,0,387,27.01,186,103,24,45,1,4
3972,car,1,387,73.53,273,0,0,45,1,4
3973,train,0,387,48.1,193,102,3,55,1,4
3973,air,0,387,151.85,46,110,16,55,1,4
3973,bus,0,387,27.01,186,103,24,55,1,4
3973,car,1,387,73.53,273,0,0,55,1,4
3974,train,0,433,48.6,193,112,3,15,1,4
3974,air,0,433,151.85,46,90,16,15,1,4
3974,bus,0,433,27.01,186,113,24,15,1,4
3974,car,1,433,82.27,325,0,0,15,1,4
3975,train,0,433,48.6,193,112,3,70,1,4
3975,air,0,433,151.85,46,90,16,70,1,4
3975,bus,0,433,27.01,186,113,24,70,1,4
3975,car,1,433,82.27,325,0,0,70,1,4
3976,train,0,433,48.6,193,112,3,15,1,4
3976,air,0,433,151.85,46,90,16,15,1,4
3976,bus,0,433,27.01,186,113,24,15,1,4
3976,car,1,433,82.27,325,0,0,15,1,4
3977,train,0,433,48.6,193,112,3,55,1,4
3977,air,0,433,151.85,46,90,16,55,1,4
3977,bus,0,433,27.01,186,113,24,55,1,4
3977,car,1,433,82.27,325,0,0,55,1,4
3978,train,0,433,48.6,193,112,3,70,1,4
3978,air,0,433,151.85,46,90,16,70,1,4
3978,bus,0,433,27.01,186,113,24,70,1,4
3978,car,1,433,82.27,325,0,0,70,1,4
3979,train,0,433,48.6,193,112,3,35,1,4
3979,air,0,433,151.85,46,90,16,35,1,4
3979,bus,0,433,27.01,186,113,24,35,1,4
3979,car,1,433,82.27,325,0,0,35,1,4
3980,train,0,433,48.6,193,112,3,70,1,4
3980,air,0,433,151.85,46,90,16,70,1,4
3980,bus,0,433,27.01,186,113,24,70,1,4
3980,car,1,433,82.27,325,0,0,70,1,4
3981,train,0,132,29.6,120,65,3,45,1,4
3981,air,0,132,152.4,46,165,16,45,1,4
3981,bus,0,132,15.86,115,64,8,45,1,4
3981,car,1,132,25.08,94,0,0,45,1,4
3982,train,0,132,29.6,120,65,3,70,1,4
3982,air,0,132,152.4,46,165,16,70,1,4
3982,bus,0,132,15.86,115,64,8,70,1,4
3982,car,1,132,25.08,94,0,0,70,1,4
3983,train,0,282,31.8,120,90,3,70,1,4
3983,air,0,282,152.4,46,160,16,70,1,4
3983,bus,0,282,20.16,115,85,8,70,1,4
3983,car,1,282,53.58,218,0,0,70,1,4
3984,train,0,282,31.8,120,90,3,70,1,4
3984,air,0,282,152.4,46,160,16,70,1,4
3984,bus,0,282,20.16,115,85,8,70,1,4
3984,car,1,282,53.58,218,0,0,70,1,4
3985,train,0,205,39.6,170,70,3,70,1,4
3985,air,0,205,142.4,46,88,16,70,1,4
3985,bus,0,205,27.76,186,85,24,70,1,4
3985,car,1,205,38.95,154,0,0,70,1,4
3986,train,1,223,43.35,166,65,3,55,1,4
3986,air,0,223,143.4,46,88,16,55,1,4
3986,bus,0,223,25.01,186,71,24,55,1,4
3986,car,0,223,42.37,150,0,0,55,1,4
3987,train,0,223,43.35,166,65,3,35,1,4
3987,air,0,223,143.4,46,88,16,35,1,4
3987,bus,0,223,25.01,186,71,24,35,1,4
3987,car,1,223,42.37,150,0,0,35,1,4
3988,train,0,223,43.35,166,65,3,70,1,4
3988,air,0,223,143.4,46,88,16,70,1,4
3988,bus,0,223,25.01,186,71,24,70,1,4
3988,car,1,223,42.37,150,0,0,70,1,4
3989,train,1,226,43.9,193,73,3,25,1,4
3989,air,0,226,144.4,46,96,16,25,1,4
3989,bus,0,226,24.51,186,71,24,25,1,4
3989,car,0,226,42.94,154,0,0,25,1,4
3990,train,0,226,43.9,193,73,3,35,1,4
3990,air,0,226,144.4,46,96,16,35,1,4
3990,bus,0,226,24.51,186,71,24,35,1,4
3990,car,1,226,42.94,154,0,0,35,1,4
3991,train,0,226,43.9,193,73,3,70,1,4
3991,air,0,226,144.4,46,96,16,70,1,4
3991,bus,0,226,24.51,186,71,24,70,1,4
3991,car,1,226,42.94,154,0,0,70,1,4
3992,train,0,226,43.9,193,73,3,35,1,4
3992,air,0,226,144.4,46,96,16,35,1,4
3992,bus,0,226,24.51,186,71,24,35,1,4
3992,car,1,226,42.94,154,0,0,35,1,4
3993,train,0,226,43.9,193,73,3,45,1,4
3993,air,0,226,144.4,46,96,16,45,1,4
3993,bus,0,226,24.51,186,71,24,45,1,4
3993,car,1,226,42.94,154,0,0,45,1,4
3994,train,0,226,43.9,193,73,3,70,1,4
3994,air,0,226,144.4,46,96,16,70,1,4
3994,bus,0,226,24.51,186,71,24,70,1,4
3994,car,1,226,42.94,154,0,0,70,1,4
3995,train,0,226,43.9,193,73,3,25,1,4
3995,air,0,226,144.4,46,96,16,25,1,4
3995,bus,0,226,24.51,186,71,24,25,1,4
3995,car,1,226,42.94,154,0,0,25,1,4
3996,train,0,226,43.9,193,73,3,70,1,4
3996,air,0,226,144.4,46,96,16,70,1,4
3996,bus,0,226,24.51,186,71,24,70,1,4
3996,car,1,226,42.94,154,0,0,70,1,4
3997,train,0,226,43.9,193,73,3,45,1,4
3997,air,0,226,144.4,46,96,16,45,1,4
3997,bus,0,226,24.51,186,71,24,45,1,4
3997,car,1,226,42.94,154,0,0,45,1,4
3998,train,0,226,43.9,193,73,3,35,1,4
3998,air,0,226,144.4,46,96,16,35,1,4
3998,bus,0,226,24.51,186,71,24,35,1,4
3998,car,1,226,42.94,154,0,0,35,1,4
3999,train,0,226,43.9,193,73,3,70,1,4
3999,air,0,226,144.4,46,96,16,70,1,4
3999,bus,0,226,24.51,186,71,24,70,1,4
3999,car,1,226,42.94,154,0,0,70,1,4
4000,train,0,226,43.9,193,73,3,45,1,4
4000,air,0,226,144.4,46,96,16,45,1,4
4000,bus,0,226,24.51,186,71,24,45,1,4
4000,car,1,226,42.94,154,0,0,45,1,4
4001,train,0,226,43.9,193,73,3,35,1,4
4001,air,0,226,144.4,46,96,16,35,1,4
4001,bus,0,226,24.51,186,71,24,35,1,4
4001,car,1,226,42.94,154,0,0,35,1,4
4002,train,0,232,44.1,193,80,3,35,1,4
4002,air,0,232,152.4,46,100,16,35,1,4
4002,bus,0,232,24.76,186,75,24,35,1,4
4002,car,1,232,44.08,160,0,0,35,1,4
4003,train,0,232,47.6,193,85,3,45,1,4
4003,air,0,232,152.4,46,105,16,45,1,4
4003,bus,0,232,24.76,186,80,24,45,1,4
4003,car,1,232,44.08,162,0,0,45,1,4
4004,train,0,250,47.6,193,85,3,70,1,4
4004,air,1,250,140.4,46,88,16,70,1,4
4004,bus,0,250,24.76,186,80,24,70,1,4
4004,car,0,250,47.5,174,0,0,70,1,4
4005,train,0,250,47.6,193,85,3,45,1,4
4005,air,0,250,140.4,46,88,16,45,1,4
4005,bus,0,250,24.76,186,80,24,45,1,4
4005,car,1,250,47.5,174,0,0,45,1,4
4006,train,0,250,47.6,193,85,3,35,1,4
4006,air,0,250,140.4,46,88,16,35,1,4
4006,bus,0,250,24.76,186,80,24,35,1,4
4006,car,1,250,47.5,174,0,0,35,1,4
4012,train,0,161,34.8,120,125,3,70,1,4
4012,air,0,161,152.4,46,140,16,70,1,4
4012,bus,0,161,17.16,115,85,8,70,1,4
4012,car,1,161,30.59,130,0,0,70,1,4
4013,train,0,161,34.8,120,125,3,25,1,4
4013,air,0,161,152.4,46,140,16,25,1,4
4013,bus,0,161,17.16,115,85,8,25,1,4
4013,car,1,161,30.59,130,0,0,25,1,4
4014,train,0,149,30.8,120,80,3,55,1,4
4014,air,0,149,152.4,46,120,16,55,1,4
4014,bus,0,149,17.16,115,75,8,55,1,4
4014,car,1,149,28.31,108,0,0,55,1,4
4015,train,0,149,30.8,120,80,3,45,1,4
4015,air,0,149,152.4,46,120,16,45,1,4
4015,bus,0,149,17.16,115,75,8,45,1,4
4015,car,1,149,28.31,108,0,0,45,1,4
4016,train,0,433,49.6,193,125,3,70,1,4
4016,air,0,433,152.4,46,100,16,70,1,4
4016,bus,0,433,27.76,186,120,24,70,1,4
4016,car,1,433,82.27,325,0,0,70,1,4
4017,train,0,433,49.6,193,125,3,35,1,4
4017,air,0,433,152.4,46,100,16,35,1,4
4017,bus,0,433,27.76,186,120,24,35,1,4
4017,car,1,433,82.27,325,0,0,35,1,4
4018,train,0,433,49.6,193,125,3,55,1,4
4018,air,0,433,152.4,46,100,16,55,1,4
4018,bus,0,433,27.76,186,120,24,55,1,4
4018,car,1,433,82.27,325,0,0,55,1,4
4019,train,0,132,30.1,120,67,3,35,1,4
4019,air,0,132,153.3,46,160,16,35,1,4
4019,bus,0,132,15.56,115,69,8,35,1,4
4019,car,1,132,25.08,94,0,0,35,1,4
4020,train,0,132,30.1,120,67,3,45,1,4
4020,air,0,132,153.3,46,160,16,45,1,4
4020,bus,0,132,15.56,115,69,8,45,1,4
4020,car,1,132,25.08,94,0,0,45,1,4
4021,train,0,132,30.1,120,67,3,35,1,4
4021,air,0,132,153.3,46,160,16,35,1,4
4021,bus,0,132,15.56,115,69,8,35,1,4
4021,car,1,132,25.08,94,0,0,35,1,4
4022,train,0,132,30.1,120,67,3,35,1,4
4022,air,0,132,153.3,46,160,16,35,1,4
4022,bus,0,132,15.56,115,69,8,35,1,4
4022,car,1,132,25.08,94,0,0,35,1,4
4023,train,0,282,32.3,120,92,3,45,1,4
4023,air,0,282,153.3,46,155,16,45,1,4
4023,bus,0,282,19.86,115,90,8,45,1,4
4023,car,1,282,53.58,218,0,0,45,1,4
4024,train,0,282,32.3,120,92,3,15,1,4
4024,air,0,282,153.3,46,155,16,15,1,4
4024,bus,0,282,19.86,115,90,8,15,1,4
4024,car,1,282,53.58,218,0,0,15,1,4
4025,train,0,223,43.85,166,67,3,55,1,4
4025,air,1,223,144.3,46,83,16,55,1,4
4025,bus,0,223,24.71,186,76,24,55,1,4
4025,car,0,223,42.37,150,0,0,55,1,4
4026,train,0,223,43.85,166,67,3,55,1,4
4026,air,0,223,144.3,46,83,16,55,1,4
4026,bus,0,223,24.71,186,76,24,55,1,4
4026,car,1,223,42.37,150,0,0,55,1,4
4027,train,0,223,43.85,166,67,3,70,1,4
4027,air,0,223,144.3,46,83,16,70,1,4
4027,bus,0,223,24.71,186,76,24,70,1,4
4027,car,1,223,42.37,150,0,0,70,1,4
4028,train,0,223,43.85,166,67,3,45,1,4
4028,air,0,223,144.3,46,83,16,45,1,4
4028,bus,0,223,24.71,186,76,24,45,1,4
4028,car,1,223,42.37,150,0,0,45,1,4
4029,train,0,223,43.85,166,67,3,70,1,4
4029,air,0,223,144.3,46,83,16,70,1,4
4029,bus,0,223,24.71,186,76,24,70,1,4
4029,car,1,223,42.37,150,0,0,70,1,4
4030,train,0,223,43.85,166,67,3,45,1,4
4030,air,0,223,144.3,46,83,16,45,1,4
4030,bus,0,223,24.71,186,76,24,45,1,4
4030,car,1,223,42.37,150,0,0,45,1,4
4031,train,0,226,44.4,193,75,3,25,1,4
4031,air,1,226,145.3,46,91,16,25,1,4
4031,bus,0,226,24.21,186,76,24,25,1,4
4031,car,0,226,42.94,154,0,0,25,1,4
4032,train,0,226,44.4,193,75,3,5,1,4
4032,air,0,226,145.3,46,91,16,5,1,4
4032,bus,1,226,24.21,186,76,24,5,1,4
4032,car,0,226,42.94,154,0,0,5,1,4
4033,train,0,226,44.4,193,75,3,25,1,4
4033,air,0,226,145.3,46,91,16,25,1,4
4033,bus,0,226,24.21,186,76,24,25,1,4
4033,car,1,226,42.94,154,0,0,25,1,4
4034,train,0,226,44.4,193,75,3,70,1,4
4034,air,0,226,145.3,46,91,16,70,1,4
4034,bus,0,226,24.21,186,76,24,70,1,4
4034,car,1,226,42.94,154,0,0,70,1,4
4035,train,0,226,44.4,193,75,3,55,1,4
4035,air,0,226,145.3,46,91,16,55,1,4
4035,bus,0,226,24.21,186,76,24,55,1,4
4035,car,1,226,42.94,154,0,0,55,1,4
4036,train,0,226,44.4,193,75,3,70,1,4
4036,air,0,226,145.3,46,91,16,70,1,4
4036,bus,0,226,24.21,186,76,24,70,1,4
4036,car,1,226,42.94,154,0,0,70,1,4
4037,train,0,226,44.4,193,75,3,25,1,4
4037,air,0,226,145.3,46,91,16,25,1,4
4037,bus,0,226,24.21,186,76,24,25,1,4
4037,car,1,226,42.94,154,0,0,25,1,4
4038,train,0,226,44.4,193,75,3,70,1,4
4038,air,0,226,145.3,46,91,16,70,1,4
4038,bus,0,226,24.21,186,76,24,70,1,4
4038,car,1,226,42.94,154,0,0,70,1,4
4039,train,0,226,44.4,193,75,3,25,1,4
4039,air,0,226,145.3,46,91,16,25,1,4
4039,bus,0,226,24.21,186,76,24,25,1,4
4039,car,1,226,42.94,154,0,0,25,1,4
4040,train,0,232,44.6,193,82,3,35,1,4
4040,air,0,232,153.3,46,95,16,35,1,4
4040,bus,0,232,24.46,186,80,24,35,1,4
4040,car,1,232,44.08,160,0,0,35,1,4
4041,train,0,232,44.6,193,82,3,35,1,4
4041,air,0,232,153.3,46,95,16,35,1,4
4041,bus,0,232,24.46,186,80,24,35,1,4
4041,car,1,232,44.08,160,0,0,35,1,4
4042,train,0,232,48.1,193,87,3,45,1,4
4042,air,0,232,153.3,46,100,16,45,1,4
4042,bus,0,232,24.46,186,85,24,45,1,4
4042,car,1,232,44.08,162,0,0,45,1,4
4043,train,0,232,48.1,193,87,3,55,1,4
4043,air,0,232,153.3,46,100,16,55,1,4
4043,bus,0,232,24.46,186,85,24,55,1,4
4043,car,1,232,44.08,162,0,0,55,1,4
4044,train,0,250,48.1,193,87,3,55,1,4
4044,air,0,250,141.3,46,83,16,55,1,4
4044,bus,0,250,24.46,186,85,24,55,1,4
4044,car,1,250,47.5,174,0,0,55,1,4
4045,train,0,367,48.1,193,87,3,35,1,4
4045,air,0,367,153.3,46,95,16,35,1,4
4045,bus,0,367,26.46,186,85,24,35,1,4
4045,car,1,367,69.73,271,0,0,35,1,4
4049,train,0,161,35.3,120,127,3,70,1,4
4049,air,0,161,153.3,46,135,16,70,1,4
4049,bus,0,161,16.86,115,90,8,70,1,4
4049,car,1,161,30.59,130,0,0,70,1,4
4050,train,0,149,31.3,120,82,3,55,1,4
4050,air,0,149,153.3,46,115,16,55,1,4
4050,bus,0,149,16.86,115,80,8,55,1,4
4050,car,1,149,28.31,108,0,0,55,1,4
4051,train,0,149,31.3,120,82,3,70,1,4
4051,air,0,149,153.3,46,115,16,70,1,4
4051,bus,0,149,16.86,115,80,8,70,1,4
4051,car,1,149,28.31,108,0,0,70,1,4
4052,train,0,149,31.3,120,82,3,25,1,4
4052,air,0,149,153.3,46,115,16,25,1,4
4052,bus,0,149,16.86,115,80,8,25,1,4
4052,car,1,149,28.31,108,0,0,25,1,4
4053,train,0,230,48.1,193,87,3,55,1,4
4053,air,0,230,145.3,46,90,16,55,1,4
4053,bus,0,230,24.46,186,85,24,55,1,4
4053,car,1,230,43.7,162,0,0,55,1,4
4054,train,0,387,49.6,193,117,3,45,1,4
4054,air,0,387,153.3,46,115,16,45,1,4
4054,bus,0,387,27.46,186,115,24,45,1,4
4054,car,1,387,73.53,273,0,0,45,1,4
4055,train,0,387,49.6,193,117,3,70,1,4
4055,air,0,387,153.3,46,115,16,70,1,4
4055,bus,0,387,27.46,186,115,24,70,1,4
4055,car,1,387,73.53,273,0,0,70,1,4
4056,train,0,433,50.1,193,127,3,70,1,4
4056,air,0,433,153.3,46,95,16,70,1,4
4056,bus,0,433,27.46,186,125,24,70,1,4
4056,car,1,433,82.27,325,0,0,70,1,4
4057,train,0,433,50.1,193,127,3,55,1,4
4057,air,0,433,153.3,46,95,16,55,1,4
4057,bus,0,433,27.46,186,125,24,55,1,4
4057,car,1,433,82.27,325,0,0,55,1,4
4058,train,0,137,31.6,120,70,3,70,1,4
4058,air,0,137,154.9,46,170,16,70,1,4
4058,bus,0,137,16.56,115,74,8,70,1,4
4058,car,1,137,26.03,100,0,0,70,1,4
4059,train,0,137,31.6,120,70,3,35,1,4
4059,air,0,137,154.9,46,170,16,35,1,4
4059,bus,0,137,16.56,115,74,8,35,1,4
4059,car,1,137,26.03,100,0,0,35,1,4
4060,train,0,137,31.6,120,70,3,25,1,4
4060,air,0,137,154.9,46,170,16,25,1,4
4060,bus,0,137,16.56,115,74,8,25,1,4
4060,car,1,137,26.03,100,0,0,25,1,4
4061,train,0,137,31.6,120,70,3,55,1,4
4061,air,0,137,154.9,46,170,16,55,1,4
4061,bus,0,137,16.56,115,74,8,55,1,4
4061,car,1,137,26.03,100,0,0,55,1,4
4062,train,0,137,31.6,120,70,3,45,1,4
4062,air,0,137,154.9,46,170,16,45,1,4
4062,bus,0,137,16.56,115,74,8,45,1,4
4062,car,1,137,26.03,100,0,0,45,1,4
4063,train,0,287,33.8,120,95,3,35,1,4
4063,air,0,287,154.9,46,165,16,35,1,4
4063,bus,0,287,20.86,115,95,8,35,1,4
4063,car,1,287,54.53,225,0,0,35,1,4
4064,train,0,287,33.8,120,95,3,45,1,4
4064,air,0,287,154.9,46,165,16,45,1,4
4064,bus,0,287,20.86,115,95,8,45,1,4
4064,car,1,287,54.53,225,0,0,45,1,4
4065,train,0,287,33.8,120,95,3,55,1,4
4065,air,0,287,154.9,46,165,16,55,1,4
4065,bus,0,287,20.86,115,95,8,55,1,4
4065,car,1,287,54.53,225,0,0,55,1,4
4066,train,0,228,45.35,166,70,3,70,1,4
4066,air,0,228,145.9,46,93,16,70,1,4
4066,bus,0,228,25.71,186,81,24,70,1,4
4066,car,1,228,43.32,156,0,0,70,1,4
4067,train,0,228,45.35,166,70,3,45,1,4
4067,air,0,228,145.9,46,93,16,45,1,4
4067,bus,0,228,25.71,186,81,24,45,1,4
4067,car,1,228,43.32,156,0,0,45,1,4
4068,train,0,231,45.9,193,78,3,70,1,4
4068,air,0,231,146.9,46,101,16,70,1,4
4068,bus,0,231,25.21,186,81,24,70,1,4
4068,car,1,231,43.89,161,0,0,70,1,4
4069,train,0,231,45.9,193,78,3,35,1,4
4069,air,0,231,146.9,46,101,16,35,1,4
4069,bus,0,231,25.21,186,81,24,35,1,4
4069,car,1,231,43.89,161,0,0,35,1,4
4070,train,0,231,45.9,193,78,3,55,1,4
4070,air,0,231,146.9,46,101,16,55,1,4
4070,bus,0,231,25.21,186,81,24,55,1,4
4070,car,1,231,43.89,161,0,0,55,1,4
4071,train,0,231,45.9,193,78,3,70,1,4
4071,air,0,231,146.9,46,101,16,70,1,4
4071,bus,0,231,25.21,186,81,24,70,1,4
4071,car,1,231,43.89,161,0,0,70,1,4
4072,train,0,231,45.9,193,78,3,45,1,4
4072,air,0,231,146.9,46,101,16,45,1,4
4072,bus,0,231,25.21,186,81,24,45,1,4
4072,car,1,231,43.89,161,0,0,45,1,4
4073,train,0,231,45.9,193,78,3,45,1,4
4073,air,0,231,146.9,46,101,16,45,1,4
4073,bus,0,231,25.21,186,81,24,45,1,4
4073,car,1,231,43.89,161,0,0,45,1,4
4074,train,0,231,45.9,193,78,3,45,1,4
4074,air,0,231,146.9,46,101,16,45,1,4
4074,bus,0,231,25.21,186,81,24,45,1,4
4074,car,1,231,43.89,161,0,0,45,1,4
4075,train,0,237,49.6,193,90,3,70,1,4
4075,air,0,237,154.9,46,110,16,70,1,4
4075,bus,0,237,25.46,186,90,24,70,1,4
4075,car,1,237,45.03,168,0,0,70,1,4
4076,train,0,255,49.6,193,90,3,55,1,4
4076,air,0,255,142.9,46,93,16,55,1,4
4076,bus,0,255,25.46,186,90,24,55,1,4
4076,car,1,255,48.45,181,0,0,55,1,4
4084,train,0,166,36.8,120,130,3,55,1,4
4084,air,0,166,154.9,46,145,16,55,1,4
4084,bus,0,166,17.86,115,95,8,55,1,4
4084,car,1,166,31.54,137,0,0,55,1,4
4085,train,0,166,36.8,120,130,3,55,1,4
4085,air,0,166,154.9,46,145,16,55,1,4
4085,bus,0,166,17.86,115,95,8,55,1,4
4085,car,1,166,31.54,137,0,0,55,1,4
4086,train,0,154,32.8,120,85,3,25,1,4
4086,air,0,154,154.9,46,125,16,25,1,4
4086,bus,0,154,17.86,115,85,8,25,1,4
4086,car,1,154,29.26,115,0,0,25,1,4
4087,train,0,235,49.6,193,90,3,70,1,4
4087,air,0,235,146.9,46,100,16,70,1,4
4087,bus,0,235,25.46,186,90,24,70,1,4
4087,car,1,235,44.65,168,0,0,70,1,4
4088,train,0,235,49.6,193,90,3,45,1,4
4088,air,0,235,146.9,46,100,16,45,1,4
4088,bus,0,235,25.46,186,90,24,45,1,4
4088,car,1,235,44.65,168,0,0,45,1,4
4089,train,0,235,49.6,193,90,3,55,1,4
4089,air,0,235,146.9,46,100,16,55,1,4
4089,bus,0,235,25.46,186,90,24,55,1,4
4089,car,1,235,44.65,168,0,0,55,1,4
4090,train,0,438,51.6,193,130,3,45,1,4
4090,air,0,438,154.9,46,105,16,45,1,4
4090,bus,0,438,28.46,186,130,24,45,1,4
4090,car,1,438,83.22,331,0,0,45,1,4
4093,train,0,299,48.9,193,138,3,45,0,4
4093,air,1,299,147.3,46,121,16,45,0,4
4093,bus,0,299,23.71,186,71,24,45,0,4
4093,car,0,299,56.81,197,0,0,45,0,4
4094,train,0,299,48.9,193,138,3,45,0,4
4094,air,0,299,147.3,46,121,16,45,0,4
4094,bus,0,299,23.71,186,71,24,45,0,4
4094,car,1,299,56.81,197,0,0,45,0,4
4095,train,0,323,52.6,193,150,3,70,0,4
4095,air,0,323,143.3,46,113,16,70,0,4
4095,bus,0,323,23.96,186,80,24,70,0,4
4095,car,1,323,61.37,217,0,0,70,0,4
4097,train,0,363,53.1,193,160,3,25,0,4
4097,air,0,363,155.3,46,135,16,25,0,4
4097,bus,0,363,26.96,186,90,24,25,0,4
4097,car,1,363,68.97,236,0,0,25,0,4
4098,train,0,170,32.45,120,75,3,25,0,4
4098,air,0,170,151.6,46,160,16,25,0,4
4098,bus,0,170,15.06,115,69,8,25,0,4
4098,car,1,170,32.3,120,0,0,25,0,4
4099,train,0,240,46.75,193,83,3,70,0,4
4099,air,1,240,143.6,46,91,16,70,0,4
4099,bus,0,240,23.71,186,76,24,70,0,4
4099,car,0,240,45.6,165,0,0,70,0,4
4100,train,0,240,46.75,193,83,3,45,0,4
4100,air,0,240,143.6,46,91,16,45,0,4
4100,bus,0,240,23.71,186,76,24,45,0,4
4100,car,1,240,45.6,165,0,0,45,0,4
4101,train,0,240,46.75,193,83,3,35,0,4
4101,air,0,240,143.6,46,91,16,35,0,4
4101,bus,0,240,23.71,186,76,24,35,0,4
4101,car,1,240,45.6,165,0,0,35,0,4
4102,train,0,381,50.45,193,95,3,25,0,4
4102,air,0,381,151.6,46,95,16,25,0,4
4102,bus,0,381,25.96,186,85,24,25,0,4
4102,car,1,381,72.39,282,0,0,25,0,4
4103,train,0,175,37.65,120,135,3,15,0,4
4103,air,0,175,151.6,46,135,16,15,0,4
4103,bus,0,175,16.36,115,90,8,15,0,4
4103,car,1,175,33.25,141,0,0,15,0,4
4104,train,0,146,30.6,120,70,3,45,0,4
4104,air,0,146,151.3,46,164,16,45,0,4
4104,bus,0,146,17.06,115,74,8,45,0,4
4104,car,1,146,27.74,100,0,0,45,0,4
4105,train,0,213,44.35,166,70,3,35,0,4
4105,air,0,213,142.3,46,87,16,35,0,4
4105,bus,0,213,26.21,186,81,24,35,0,4
4105,car,1,213,40.47,141,0,0,35,0,4
4106,train,0,216,44.9,193,78,3,70,0,4
4106,air,0,216,143.3,46,95,16,70,0,4
4106,bus,0,216,25.71,186,81,24,70,0,4
4106,car,1,216,41.04,145,0,0,70,0,4
4107,train,0,216,44.9,193,78,3,55,0,4
4107,air,0,216,143.3,46,95,16,55,0,4
4107,bus,0,216,25.71,186,81,24,55,0,4
4107,car,1,216,41.04,145,0,0,55,0,4
4108,train,0,216,44.9,193,78,3,35,0,4
4108,air,0,216,143.3,46,95,16,35,0,4
4108,bus,0,216,25.71,186,81,24,35,0,4
4108,car,1,216,41.04,145,0,0,35,0,4
4109,train,0,240,48.6,193,90,3,55,0,4
4109,air,0,240,139.3,46,87,16,55,0,4
4109,bus,0,240,25.96,186,90,24,55,0,4
4109,car,1,240,45.6,165,0,0,55,0,4
4110,train,0,240,48.6,193,90,3,45,0,4
4110,air,0,240,139.3,46,87,16,45,0,4
4110,bus,0,240,25.96,186,90,24,45,0,4
4110,car,1,240,45.6,165,0,0,45,0,4
4113,train,0,139,32.1,120,70,3,70,0,4
4113,air,0,139,151.65,46,168,16,70,0,4
4113,bus,0,139,14.56,115,59,8,70,0,4
4113,car,1,139,26.41,95,0,0,70,0,4
4114,train,0,139,32.1,120,70,3,24,0,4
4114,air,0,139,151.65,46,168,16,24,0,4
4114,bus,0,139,14.56,115,59,8,24,0,4
4114,car,1,139,26.41,95,0,0,24,0,4
4115,train,0,139,32.1,120,70,3,35,0,4
4115,air,0,139,151.65,46,168,16,35,0,4
4115,bus,0,139,14.56,115,59,8,35,0,4
4115,car,1,139,26.41,95,0,0,35,0,4
4116,train,0,139,32.1,120,70,3,55,0,4
4116,air,0,139,151.65,46,168,16,55,0,4
4116,bus,0,139,14.56,115,59,8,55,0,4
4116,car,1,139,26.41,95,0,0,55,0,4
4117,train,0,139,32.1,120,70,3,35,0,4
4117,air,0,139,151.65,46,168,16,35,0,4
4117,bus,0,139,14.56,115,59,8,35,0,4
4117,car,1,139,26.41,95,0,0,35,0,4
4118,train,0,139,32.1,120,70,3,55,0,4
4118,air,0,139,151.65,46,168,16,55,0,4
4118,bus,0,139,14.56,115,59,8,55,0,4
4118,car,1,139,26.41,95,0,0,55,0,4
4119,train,0,139,32.1,120,70,3,70,0,4
4119,air,0,139,151.65,46,168,16,70,0,4
4119,bus,0,139,14.56,115,59,8,70,0,4
4119,car,1,139,26.41,95,0,0,70,0,4
4120,train,0,139,32.1,120,70,3,70,0,4
4120,air,0,139,151.65,46,168,16,70,0,4
4120,bus,0,139,14.56,115,59,8,70,0,4
4120,car,1,139,26.41,95,0,0,70,0,4
4121,train,0,139,32.1,120,70,3,35,0,4
4121,air,0,139,151.65,46,168,16,35,0,4
4121,bus,0,139,14.56,115,59,8,35,0,4
4121,car,1,139,26.41,95,0,0,35,0,4
4122,train,0,139,32.1,120,70,3,35,0,4
4122,air,0,139,151.65,46,168,16,35,0,4
4122,bus,0,139,14.56,115,59,8,35,0,4
4122,car,1,139,26.41,95,0,0,35,0,4
4123,train,0,139,32.1,120,70,3,70,0,4
4123,air,0,139,151.65,46,168,16,70,0,4
4123,bus,0,139,14.56,115,59,8,70,0,4
4123,car,1,139,26.41,95,0,0,70,0,4
4124,train,0,139,32.1,120,70,3,25,0,4
4124,air,0,139,151.65,46,168,16,25,0,4
4124,bus,0,139,14.56,115,59,8,25,0,4
4124,car,1,139,26.41,95,0,0,25,0,4
4125,train,0,289,34.3,120,95,3,70,0,4
4125,air,0,289,151.65,46,163,16,70,0,4
4125,bus,0,289,18.86,115,80,8,70,0,4
4125,car,1,289,54.91,219,0,0,70,0,4
4126,train,0,212,42.1,170,75,3,55,0,4
4126,air,0,212,141.65,46,91,16,55,0,4
4126,bus,0,212,26.46,186,80,24,55,0,4
4126,car,1,212,40.28,155,0,0,55,0,4
4127,train,0,212,42.1,170,75,3,15,0,4
4127,air,0,212,141.65,46,91,16,15,0,4
4127,bus,0,212,26.46,186,80,24,15,0,4
4127,car,1,212,40.28,155,0,0,15,0,4
4128,train,0,206,45.85,166,70,3,70,0,4
4128,air,1,206,142.65,46,91,16,70,0,4
4128,bus,0,206,23.71,186,66,24,70,0,4
4128,car,0,206,39.14,135,0,0,70,0,4
4129,train,0,206,45.85,166,70,3,45,0,4
4129,air,0,206,142.65,46,91,16,45,0,4
4129,bus,0,206,23.71,186,66,24,45,0,4
4129,car,1,206,39.14,135,0,0,45,0,4
4130,train,0,206,45.85,166,70,3,70,0,4
4130,air,0,206,142.65,46,91,16,70,0,4
4130,bus,0,206,23.71,186,66,24,70,0,4
4130,car,1,206,39.14,135,0,0,70,0,4
4131,train,0,206,45.85,166,70,3,55,0,4
4131,air,0,206,142.65,46,91,16,55,0,4
4131,bus,0,206,23.71,186,66,24,55,0,4
4131,car,1,206,39.14,135,0,0,55,0,4
4132,train,0,206,45.85,166,70,3,70,0,4
4132,air,0,206,142.65,46,91,16,70,0,4
4132,bus,0,206,23.71,186,66,24,70,0,4
4132,car,1,206,39.14,135,0,0,70,0,4
4133,train,1,209,46.4,193,78,3,70,0,4
4133,air,0,209,143.65,46,99,16,70,0,4
4133,bus,0,209,23.21,186,66,24,70,0,4
4133,car,0,209,39.71,140,0,0,70,0,4
4134,train,1,209,46.4,193,78,3,45,0,4
4134,air,0,209,143.65,46,99,16,45,0,4
4134,bus,0,209,23.21,186,66,24,45,0,4
4134,car,0,209,39.71,140,0,0,45,0,4
4135,train,0,209,46.4,193,78,3,35,0,4
4135,air,0,209,143.65,46,99,16,35,0,4
4135,bus,0,209,23.21,186,66,24,35,0,4
4135,car,1,209,39.71,140,0,0,35,0,4
4136,train,0,209,46.4,193,78,3,70,0,4
4136,air,0,209,143.65,46,99,16,70,0,4
4136,bus,0,209,23.21,186,66,24,70,0,4
4136,car,1,209,39.71,140,0,0,70,0,4
4137,train,0,209,46.4,193,78,3,45,0,4
4137,air,0,209,143.65,46,99,16,45,0,4
4137,bus,0,209,23.21,186,66,24,45,0,4
4137,car,1,209,39.71,140,0,0,45,0,4
4138,train,0,209,46.4,193,78,3,70,0,4
4138,air,0,209,143.65,46,99,16,70,0,4
4138,bus,0,209,23.21,186,66,24,70,0,4
4138,car,1,209,39.71,140,0,0,70,0,4
4139,train,0,209,46.4,193,78,3,70,0,4
4139,air,0,209,143.65,46,99,16,70,0,4
4139,bus,0,209,23.21,186,66,24,70,0,4
4139,car,1,209,39.71,140,0,0,70,0,4
4140,train,0,209,46.4,193,78,3,55,0,4
4140,air,0,209,143.65,46,99,16,55,0,4
4140,bus,0,209,23.21,186,66,24,55,0,4
4140,car,1,209,39.71,140,0,0,55,0,4
4141,train,0,209,46.4,193,78,3,70,0,4
4141,air,0,209,143.65,46,99,16,70,0,4
4141,bus,0,209,23.21,186,66,24,70,0,4
4141,car,1,209,39.71,140,0,0,70,0,4
4142,train,0,209,46.4,193,78,3,25,0,4
4142,air,0,209,143.65,46,99,16,25,0,4
4142,bus,0,209,23.21,186,66,24,25,0,4
4142,car,1,209,39.71,140,0,0,25,0,4
4143,train,0,209,46.4,193,78,3,55,0,4
4143,air,0,209,143.65,46,99,16,55,0,4
4143,bus,0,209,23.21,186,66,24,55,0,4
4143,car,1,209,39.71,140,0,0,55,0,4
4144,train,0,209,46.4,193,78,3,70,0,4
4144,air,0,209,143.65,46,99,16,70,0,4
4144,bus,0,209,23.21,186,66,24,70,0,4
4144,car,1,209,39.71,140,0,0,70,0,4
4145,train,0,209,46.4,193,78,3,70,0,4
4145,air,0,209,143.65,46,99,16,70,0,4
4145,bus,0,209,23.21,186,66,24,70,0,4
4145,car,1,209,39.71,140,0,0,70,0,4
4146,train,0,209,46.4,193,78,3,55,0,4
4146,air,0,209,143.65,46,99,16,55,0,4
4146,bus,0,209,23.21,186,66,24,55,0,4
4146,car,1,209,39.71,140,0,0,55,0,4
4147,train,0,209,46.4,193,78,3,45,0,4
4147,air,0,209,143.65,46,99,16,45,0,4
4147,bus,0,209,23.21,186,66,24,45,0,4
4147,car,1,209,39.71,140,0,0,45,0,4
4148,train,0,215,46.6,193,85,3,45,0,4
4148,air,0,215,151.65,46,103,16,45,0,4
4148,bus,0,215,23.46,186,70,24,45,0,4
4148,car,1,215,40.85,145,0,0,45,0,4
4149,train,0,215,50.1,193,90,3,55,0,4
4149,air,0,215,151.65,46,108,16,55,0,4
4149,bus,0,215,23.46,186,75,24,55,0,4
4149,car,1,215,40.85,148,0,0,55,0,4
4150,train,1,233,50.1,193,90,3,5,0,4
4150,air,0,233,139.65,46,91,16,5,0,4
4150,bus,0,233,23.46,186,75,24,5,0,4
4150,car,0,233,44.27,160,0,0,5,0,4
4151,train,0,233,50.1,193,90,3,25,0,4
4151,air,0,233,139.65,46,91,16,25,0,4
4151,bus,0,233,23.46,186,75,24,25,0,4
4151,car,1,233,44.27,160,0,0,25,0,4
4152,train,0,233,50.1,193,90,3,25,0,4
4152,air,0,233,139.65,46,91,16,25,0,4
4152,bus,0,233,23.46,186,75,24,25,0,4
4152,car,1,233,44.27,160,0,0,25,0,4
4153,train,0,233,50.1,193,90,3,35,0,4
4153,air,0,233,139.65,46,91,16,35,0,4
4153,bus,0,233,23.46,186,75,24,35,0,4
4153,car,1,233,44.27,160,0,0,35,0,4
4167,train,0,144,37.3,120,130,3,45,0,4
4167,air,0,144,151.65,46,143,16,45,0,4
4167,bus,0,144,15.86,115,80,8,45,0,4
4167,car,1,144,27.36,116,0,0,45,0,4
4168,train,0,144,37.3,120,130,3,70,0,4
4168,air,0,144,151.65,46,143,16,70,0,4
4168,bus,0,144,15.86,115,80,8,70,0,4
4168,car,1,144,27.36,116,0,0,70,0,4
4169,train,0,144,37.3,120,130,3,25,0,4
4169,air,0,144,151.65,46,143,16,25,0,4
4169,bus,0,144,15.86,115,80,8,25,0,4
4169,car,1,144,27.36,116,0,0,25,0,4
4170,train,0,144,37.3,120,130,3,45,0,4
4170,air,0,144,151.65,46,143,16,45,0,4
4170,bus,0,144,15.86,115,80,8,45,0,4
4170,car,1,144,27.36,116,0,0,45,0,4
4171,train,0,144,37.3,120,130,3,24,0,4
4171,air,0,144,151.65,46,143,16,24,0,4
4171,bus,0,144,15.86,115,80,8,24,0,4
4171,car,1,144,27.36,116,0,0,24,0,4
4172,train,0,156,33.3,120,85,3,45,0,4
4172,air,0,156,151.65,46,123,16,45,0,4
4172,bus,0,156,15.86,115,70,8,45,0,4
4172,car,1,156,29.64,109,0,0,45,0,4
4173,train,0,156,33.3,120,85,3,55,0,4
4173,air,0,156,151.65,46,123,16,55,0,4
4173,bus,0,156,15.86,115,70,8,55,0,4
4173,car,1,156,29.64,109,0,0,55,0,4
4174,train,0,156,33.3,120,85,3,70,0,4
4174,air,0,156,151.65,46,123,16,70,0,4
4174,bus,0,156,15.86,115,70,8,70,0,4
4174,car,1,156,29.64,109,0,0,70,0,4
4175,train,0,300,51.1,193,110,3,70,0,4
4175,air,0,300,151.65,46,133,16,70,0,4
4175,bus,0,300,26.46,186,95,24,70,0,4
4175,car,1,300,57,200,0,0,70,0,4
4176,train,0,300,51.1,193,110,3,45,0,4
4176,air,0,300,151.65,46,133,16,45,0,4
4176,bus,0,300,26.46,186,95,24,45,0,4
4176,car,1,300,57,200,0,0,45,0,4
4177,train,0,300,51.1,193,110,3,55,0,4
4177,air,0,300,151.65,46,133,16,55,0,4
4177,bus,0,300,26.46,186,95,24,55,0,4
4177,car,1,300,57,200,0,0,55,0,4
4178,train,0,213,50.1,193,90,3,70,0,4
4178,air,0,213,143.65,46,98,16,70,0,4
4178,bus,0,213,23.46,186,75,24,70,0,4
4178,car,1,213,40.47,148,0,0,70,0,4
4179,train,0,213,50.1,193,90,3,35,0,4
4179,air,0,213,143.65,46,98,16,35,0,4
4179,bus,0,213,23.46,186,75,24,35,0,4
4179,car,1,213,40.47,148,0,0,35,0,4
4180,train,0,213,50.1,193,90,3,25,0,4
4180,air,0,213,143.65,46,98,16,25,0,4
4180,bus,0,213,23.46,186,75,24,25,0,4
4180,car,1,213,40.47,148,0,0,25,0,4
4181,train,0,370,51.6,193,120,3,70,0,4
4181,air,0,370,151.65,46,123,16,70,0,4
4181,bus,0,370,26.46,186,105,24,70,0,4
4181,car,1,370,70.3,259,0,0,70,0,4
4182,train,0,370,51.6,193,120,3,70,0,4
4182,air,0,370,151.65,46,123,16,70,0,4
4182,bus,0,370,26.46,186,105,24,70,0,4
4182,car,1,370,70.3,259,0,0,70,0,4
4183,train,0,370,51.6,193,120,3,70,0,4
4183,air,0,370,151.65,46,123,16,70,0,4
4183,bus,0,370,26.46,186,105,24,70,0,4
4183,car,1,370,70.3,259,0,0,70,0,4
4184,train,0,199,32.6,120,79,3,45,0,4
4184,air,0,199,146.6,46,160,16,45,0,4
4184,bus,0,199,15.06,115,79,8,45,0,4
4184,car,1,199,37.81,138,0,0,45,0,4
4185,train,0,201,46.9,193,87,3,70,0,4
4185,air,0,201,138.6,46,91,16,70,0,4
4185,bus,0,201,23.71,186,86,24,70,0,4
4185,car,1,201,38.19,141,0,0,70,0,4
4191,train,0,136,37.8,120,139,3,70,0,4
4191,air,0,136,146.6,46,135,16,70,0,4
4191,bus,0,136,16.36,115,100,8,70,0,4
4191,car,1,136,25.84,117,0,0,70,0,4
4192,train,0,136,37.8,120,139,3,45,0,4
4192,air,0,136,146.6,46,135,16,45,0,4
4192,bus,0,136,16.36,115,100,8,45,0,4
4192,car,1,136,25.84,117,0,0,45,0,4
4193,train,0,216,33.8,120,94,3,70,0,4
4193,air,0,216,146.6,46,115,16,70,0,4
4193,bus,0,216,16.36,115,90,8,70,0,4
4193,car,1,216,41.04,152,0,0,70,0,4
4194,train,0,170,38.6,120,90,3,45,0,4
4194,air,0,170,155.3,46,185,16,45,0,4
4194,bus,0,170,15.06,115,84,8,45,0,4
4194,car,1,170,32.3,144,0,0,45,0,4
4195,train,0,320,40.8,120,115,3,35,0,4
4195,air,0,320,155.3,46,180,16,35,0,4
4195,bus,0,320,19.36,115,105,8,35,0,4
4195,car,1,320,60.8,269,0,0,35,0,4
4196,train,0,261,52.35,166,90,3,45,0,4
4196,air,0,261,146.3,46,108,16,45,0,4
4196,bus,0,261,24.21,186,91,24,45,0,4
4196,car,1,261,49.59,200,0,0,45,0,4
4197,train,0,261,52.35,166,90,3,70,0,4
4197,air,0,261,146.3,46,108,16,70,0,4
4197,bus,0,261,24.21,186,91,24,70,0,4
4197,car,1,261,49.59,200,0,0,70,0,4
4198,train,0,261,52.35,166,90,3,70,0,4
4198,air,0,261,146.3,46,108,16,70,0,4
4198,bus,0,261,24.21,186,91,24,70,0,4
4198,car,1,261,49.59,200,0,0,70,0,4
4199,train,0,270,53.1,193,105,3,55,0,4
4199,air,0,270,155.3,46,120,16,55,0,4
4199,bus,0,270,23.96,186,95,24,55,0,4
4199,car,1,270,51.3,210,0,0,55,0,4
4200,train,0,187,39.8,120,105,3,55,0,4
4200,air,0,187,155.3,46,140,16,55,0,4
4200,bus,0,187,16.36,115,95,8,55,0,4
4200,car,1,187,35.53,159,0,0,55,0,4
4201,train,0,355,57.6,193,130,3,35,0,4
4201,air,0,355,155.3,46,150,16,35,0,4
4201,bus,0,355,26.96,186,120,24,35,0,4
4201,car,1,355,67.45,265,0,0,35,0,4
4202,train,0,268,56.6,193,110,3,55,0,4
4202,air,0,268,147.3,46,115,16,55,0,4
4202,bus,0,268,23.96,186,100,24,55,0,4
4202,car,1,268,50.92,212,0,0,55,0,4
4203,train,0,268,56.6,193,110,3,55,0,4
4203,air,0,268,147.3,46,115,16,55,0,4
4203,bus,0,268,23.96,186,100,24,55,0,4
4203,car,1,268,50.92,212,0,0,55,0,4
4204,train,0,425,58.1,193,140,3,45,0,4
4204,air,0,425,155.3,46,140,16,45,0,4
4204,bus,0,425,26.96,186,130,24,45,0,4
4204,car,1,425,80.75,324,0,0,45,0,4
4207,train,1,271,46.9,193,103,3,45,0,4
4207,air,0,271,141.1,46,94,16,45,0,4
4207,bus,0,271,23.71,186,76,24,45,0,4
4207,car,0,271,51.49,178,0,0,45,0,4
4208,train,0,271,46.9,193,103,3,70,0,4
4208,air,1,271,141.1,46,94,16,70,0,4
4208,bus,0,271,23.71,186,76,24,70,0,4
4208,car,0,271,51.49,178,0,0,70,0,4
4209,train,0,271,46.9,193,103,3,35,0,4
4209,air,0,271,141.1,46,94,16,35,0,4
4209,bus,0,271,23.71,186,76,24,35,0,4
4209,car,1,271,51.49,178,0,0,35,0,4
4214,train,0,170,32.6,120,92,3,35,0,4
4214,air,0,170,155.3,46,185,16,35,0,4
4214,bus,0,170,15.06,115,84,8,35,0,4
4214,car,1,170,32.3,120,0,0,35,0,4
4215,train,0,237,46.35,166,92,3,45,0,4
4215,air,0,237,146.3,46,108,16,45,0,4
4215,bus,0,237,24.21,186,91,24,45,0,4
4215,car,1,237,45.03,161,0,0,45,0,4
4216,train,0,240,46.9,193,100,3,70,0,4
4216,air,0,240,147.3,46,116,16,70,0,4
4216,bus,0,240,23.71,186,91,24,70,0,4
4216,car,1,240,45.6,165,0,0,70,0,4
4218,train,0,175,37.8,120,152,3,70,0,4
4218,air,0,175,155.3,46,160,16,70,0,4
4218,bus,0,175,16.36,115,105,8,70,0,4
4218,car,1,175,33.25,141,0,0,70,0,4
4219,train,0,240,46.9,193,100,3,45,0,4
4219,air,0,240,147.3,46,116,16,45,0,4
4219,bus,0,240,23.71,186,91,24,45,0,4
4219,car,1,240,45.6,165,0,0,45,0,4
4220,train,0,175,37.8,120,152,3,45,0,4
4220,air,0,175,155.3,46,160,16,45,0,4
4220,bus,0,175,16.36,115,105,8,45,0,4
4220,car,1,175,33.25,141,0,0,45,0,4
4221,train,0,205,36.6,120,110,3,45,0,4
4221,air,0,205,155.3,46,205,16,45,0,4
4221,bus,0,205,16.06,115,99,8,45,0,4
4221,car,1,205,38.95,134,0,0,45,0,4
4222,train,0,355,38.8,120,135,3,25,0,4
4222,air,0,355,155.3,46,200,16,25,0,4
4222,bus,0,355,20.36,115,120,8,25,0,4
4222,car,1,355,67.45,259,0,0,25,0,4
4223,train,0,264,46.6,170,115,3,45,0,4
4223,air,0,264,145.3,46,128,16,45,0,4
4223,bus,0,264,27.96,186,120,24,45,0,4
4223,car,1,264,50.16,190,0,0,45,0,4
4224,train,0,208,50.9,193,118,3,25,0,4
4224,air,0,208,147.3,46,136,16,25,0,4
4224,bus,0,208,24.71,186,106,24,25,0,4
4224,car,1,208,39.52,146,0,0,25,0,4
4225,train,0,208,50.9,193,118,3,45,0,4
4225,air,0,208,147.3,46,136,16,45,0,4
4225,bus,0,208,24.71,186,106,24,45,0,4
4225,car,1,208,39.52,146,0,0,45,0,4
4226,train,0,214,51.1,193,125,3,35,0,4
4226,air,0,214,155.3,46,140,16,35,0,4
4226,bus,0,214,24.96,186,110,24,35,0,4
4226,car,1,214,40.66,152,0,0,35,0,4
4227,train,0,232,54.6,193,130,3,70,0,4
4227,air,0,232,143.3,46,128,16,70,0,4
4227,bus,0,232,24.96,186,115,24,70,0,4
4227,car,1,232,44.08,166,0,0,70,0,4
4228,train,0,349,54.6,193,130,3,55,0,4
4228,air,0,349,155.3,46,140,16,55,0,4
4228,bus,0,349,26.96,186,115,24,55,0,4
4228,car,1,349,66.31,263,0,0,55,0,4
4233,train,0,222,37.8,120,125,3,35,0,4
4233,air,0,222,155.3,46,160,16,35,0,4
4233,bus,0,222,17.36,115,110,8,35,0,4
4233,car,1,222,42.18,149,0,0,35,0,4
4234,train,0,250,55.6,193,150,3,45,0,4
4234,air,0,250,155.3,46,170,16,45,0,4
4234,bus,0,250,27.96,186,135,24,45,0,4
4234,car,1,250,47.5,199,0,0,45,0,4
4235,train,0,396,40.8,120,140,3,25,0,4
4235,air,0,396,149.8,46,205,16,25,0,4
4235,bus,0,396,21.36,115,125,8,25,0,4
4235,car,1,396,75.24,293,0,0,25,0,4
4236,train,0,263,39.8,120,130,3,15,0,4
4236,air,0,263,149.8,46,165,16,15,0,4
4236,bus,0,263,18.36,115,115,8,15,0,4
4236,car,1,263,49.97,183,0,0,15,0,4
4237,train,0,263,39.8,120,130,3,25,0,4
4237,air,0,263,149.8,46,165,16,25,0,4
4237,bus,0,263,18.36,115,115,8,25,0,4
4237,car,1,263,49.97,183,0,0,25,0,4
4238,train,0,263,39.8,120,130,3,35,0,4
4238,air,0,263,149.8,46,165,16,35,0,4
4238,bus,0,263,18.36,115,115,8,35,0,4
4238,car,1,263,49.97,183,0,0,35,0,4
4242,train,0,199,33.6,120,100,3,45,0,4
4242,air,0,199,151.9,46,190,16,45,0,4
4242,bus,0,199,16.06,115,94,8,45,0,4
4242,car,1,199,37.81,138,0,0,45,0,4
4243,train,0,199,33.6,120,100,3,35,0,4
4243,air,0,199,151.9,46,190,16,35,0,4
4243,bus,0,199,16.06,115,94,8,35,0,4
4243,car,1,199,37.81,138,0,0,35,0,4
4244,train,0,199,33.6,120,100,3,35,0,4
4244,air,0,199,151.9,46,190,16,35,0,4
4244,bus,0,199,16.06,115,94,8,35,0,4
4244,car,1,199,37.81,138,0,0,35,0,4
4245,train,0,199,33.6,120,100,3,45,0,4
4245,air,0,199,151.9,46,190,16,45,0,4
4245,bus,0,199,16.06,115,94,8,45,0,4
4245,car,1,199,37.81,138,0,0,45,0,4
4246,train,0,173,38.6,120,85,3,35,0,4
4246,air,0,173,155.3,46,175,16,35,0,4
4246,bus,0,173,16.06,115,79,8,35,0,4
4246,car,1,173,32.87,116,0,0,35,0,4
4247,train,0,203,38.6,120,85,3,25,0,4
4247,air,0,203,155.3,46,180,16,25,0,4
4247,bus,0,203,16.06,115,84,8,25,0,4
4247,car,1,203,38.57,139,0,0,25,0,4
4248,train,0,203,38.6,120,85,3,15,0,4
4248,air,0,203,155.3,46,180,16,15,0,4
4248,bus,0,203,16.06,115,84,8,15,0,4
4248,car,1,203,38.57,139,0,0,15,0,4
4249,train,0,203,38.6,120,85,3,25,0,4
4249,air,0,203,155.3,46,180,16,25,0,4
4249,bus,0,203,16.06,115,84,8,25,0,4
4249,car,1,203,38.57,139,0,0,25,0,4
4252,train,0,323,40.8,120,110,3,25,0,4
4252,air,0,323,155.3,46,170,16,25,0,4
4252,bus,0,323,20.36,115,100,8,25,0,4
4252,car,1,323,61.37,240,0,0,25,0,4
4253,train,0,231,48.6,170,90,3,35,0,4
4253,air,0,231,145.3,46,98,16,35,0,4
4253,bus,0,231,27.96,186,100,24,35,0,4
4253,car,1,231,43.89,163,0,0,35,0,4
4254,train,0,231,48.6,170,90,3,35,0,4
4254,air,0,231,145.3,46,98,16,35,0,4
4254,bus,0,231,27.96,186,100,24,35,0,4
4254,car,1,231,43.89,163,0,0,35,0,4
4256,train,0,198,47.35,166,100,3,70,0,4
4256,air,0,198,142.9,46,113,16,70,0,4
4256,bus,0,198,25.21,186,101,24,70,0,4
4256,car,1,198,37.62,137,0,0,70,0,4
4257,train,0,198,47.35,166,100,3,70,0,4
4257,air,0,198,142.9,46,113,16,70,0,4
4257,bus,0,198,25.21,186,101,24,70,0,4
4257,car,1,198,37.62,137,0,0,70,0,4
4258,train,0,198,47.35,166,100,3,55,0,4
4258,air,0,198,142.9,46,113,16,55,0,4
4258,bus,0,198,25.21,186,101,24,55,0,4
4258,car,1,198,37.62,137,0,0,55,0,4
4259,train,0,172,52.35,166,85,3,45,0,4
4259,air,0,172,146.3,46,98,16,45,0,4
4259,bus,0,172,25.21,186,86,24,45,0,4
4259,car,1,172,32.68,115,0,0,45,0,4
4260,train,0,172,52.35,166,85,3,55,0,4
4260,air,0,172,146.3,46,98,16,55,0,4
4260,bus,0,172,25.21,186,86,24,55,0,4
4260,car,1,172,32.68,115,0,0,55,0,4
4261,train,1,178,52.35,166,85,3,70,0,4
4261,air,0,178,146.3,46,103,16,70,0,4
4261,bus,0,178,25.21,186,91,24,70,0,4
4261,car,0,178,33.82,122,0,0,70,0,4
4262,train,0,178,52.35,166,85,3,55,0,4
4262,air,0,178,146.3,46,103,16,55,0,4
4262,bus,0,178,25.21,186,91,24,55,0,4
4262,car,1,178,33.82,122,0,0,55,0,4
4263,train,0,178,52.35,166,85,3,45,0,4
4263,air,0,178,146.3,46,103,16,45,0,4
4263,bus,0,178,25.21,186,91,24,45,0,4
4263,car,1,178,33.82,122,0,0,45,0,4
4264,train,0,201,47.9,193,108,3,55,0,4
4264,air,0,201,143.9,46,121,16,55,0,4
4264,bus,0,201,24.71,186,101,24,55,0,4
4264,car,1,201,38.19,141,0,0,55,0,4
4265,train,0,201,47.9,193,108,3,55,0,4
4265,air,0,201,143.9,46,121,16,55,0,4
4265,bus,0,201,24.71,186,101,24,55,0,4
4265,car,1,201,38.19,141,0,0,55,0,4
4266,train,0,201,47.9,193,108,3,25,0,4
4266,air,0,201,143.9,46,121,16,25,0,4
4266,bus,0,201,24.71,186,101,24,25,0,4
4266,car,1,201,38.19,141,0,0,25,0,4
4267,train,0,201,47.9,193,108,3,25,0,4
4267,air,0,201,143.9,46,121,16,25,0,4
4267,bus,0,201,24.71,186,101,24,25,0,4
4267,car,1,201,38.19,141,0,0,25,0,4
4268,train,0,201,47.9,193,108,3,70,0,4
4268,air,0,201,143.9,46,121,16,70,0,4
4268,bus,0,201,24.71,186,101,24,70,0,4
4268,car,1,201,38.19,141,0,0,70,0,4
4269,train,0,175,52.9,193,93,3,70,0,4
4269,air,0,175,147.3,46,106,16,70,0,4
4269,bus,0,175,24.71,186,86,24,70,0,4
4269,car,1,175,33.25,119,0,0,70,0,4
4270,train,0,175,52.9,193,93,3,35,0,4
4270,air,0,175,147.3,46,106,16,35,0,4
4270,bus,0,175,24.71,186,86,24,35,0,4
4270,car,1,175,33.25,119,0,0,35,0,4
4271,train,0,175,52.9,193,93,3,70,0,4
4271,air,0,175,147.3,46,106,16,70,0,4
4271,bus,0,175,24.71,186,86,24,70,0,4
4271,car,1,175,33.25,119,0,0,70,0,4
4272,train,0,175,52.9,193,93,3,55,0,4
4272,air,0,175,147.3,46,106,16,55,0,4
4272,bus,0,175,24.71,186,86,24,55,0,4
4272,car,1,175,33.25,119,0,0,55,0,4
4273,train,0,175,52.9,193,93,3,35,0,4
4273,air,0,175,147.3,46,106,16,35,0,4
4273,bus,0,175,24.71,186,86,24,35,0,4
4273,car,1,175,33.25,119,0,0,35,0,4
4274,train,0,181,52.9,193,93,3,45,0,4
4274,air,0,181,147.3,46,111,16,45,0,4
4274,bus,0,181,24.71,186,91,24,45,0,4
4274,car,1,181,34.39,127,0,0,45,0,4
4275,train,0,181,52.9,193,93,3,55,0,4
4275,air,0,181,147.3,46,111,16,55,0,4
4275,bus,0,181,24.71,186,91,24,55,0,4
4275,car,1,181,34.39,127,0,0,55,0,4
4276,train,0,181,52.9,193,93,3,70,0,4
4276,air,0,181,147.3,46,111,16,70,0,4
4276,bus,0,181,24.71,186,91,24,70,0,4
4276,car,1,181,34.39,127,0,0,70,0,4
4280,train,0,199,56.6,193,105,3,35,0,4
4280,air,0,199,143.3,46,98,16,35,0,4
4280,bus,0,199,24.96,186,95,24,35,0,4
4280,car,1,199,37.81,139,0,0,35,0,4
4281,train,0,199,56.6,193,105,3,45,0,4
4281,air,0,199,143.3,46,98,16,45,0,4
4281,bus,0,199,24.96,186,95,24,45,0,4
4281,car,1,199,37.81,139,0,0,45,0,4
4282,train,0,316,56.6,193,105,3,70,0,4
4282,air,0,316,155.3,46,110,16,70,0,4
4282,bus,0,316,26.96,186,95,24,70,0,4
4282,car,1,316,60.04,236,0,0,70,0,4
4287,train,0,136,38.8,120,160,3,55,0,4
4287,air,0,136,151.9,46,165,16,55,0,4
4287,bus,0,136,17.36,115,115,8,55,0,4
4287,car,1,136,25.84,117,0,0,55,0,4
4288,train,0,216,34.8,120,115,3,35,0,4
4288,air,0,216,151.9,46,145,16,35,0,4
4288,bus,0,216,17.36,115,105,8,35,0,4
4288,car,1,216,41.04,152,0,0,35,0,4
4289,train,0,216,34.8,120,115,3,35,0,4
4289,air,0,216,151.9,46,145,16,35,0,4
4289,bus,0,216,17.36,115,105,8,35,0,4
4289,car,1,216,41.04,152,0,0,35,0,4
4290,train,0,292,52.6,193,140,3,35,0,4
4290,air,0,292,151.9,46,155,16,35,0,4
4290,bus,0,292,27.96,186,130,24,35,0,4
4290,car,1,292,55.48,201,0,0,35,0,4
4291,train,0,205,51.6,193,120,3,45,0,4
4291,air,0,205,143.9,46,120,16,45,0,4
4291,bus,0,205,24.96,186,110,24,45,0,4
4291,car,1,205,38.95,149,0,0,45,0,4
4299,train,0,110,43.8,120,145,3,45,0,4
4299,air,0,110,155.3,46,150,16,45,0,4
4299,bus,0,110,17.36,115,100,8,45,0,4
4299,car,1,110,20.9,95,0,0,45,0,4
4300,train,0,110,43.8,120,145,3,45,0,4
4300,air,0,110,155.3,46,150,16,45,0,4
4300,bus,0,110,17.36,115,100,8,45,0,4
4300,car,1,110,20.9,95,0,0,45,0,4
4301,train,0,110,43.8,120,145,3,35,0,4
4301,air,0,110,155.3,46,150,16,35,0,4
4301,bus,0,110,17.36,115,100,8,35,0,4
4301,car,1,110,20.9,95,0,0,35,0,4
4302,train,0,190,39.8,120,100,3,70,0,4
4302,air,0,190,155.3,46,130,16,70,0,4
4302,bus,0,190,17.36,115,90,8,70,0,4
4302,car,1,190,36.1,130,0,0,70,0,4
4303,train,0,190,39.8,120,100,3,70,0,4
4303,air,0,190,155.3,46,130,16,70,0,4
4303,bus,0,190,17.36,115,90,8,70,0,4
4303,car,1,190,36.1,130,0,0,70,0,4
4304,train,0,190,39.8,120,100,3,45,0,4
4304,air,0,190,155.3,46,130,16,45,0,4
4304,bus,0,190,17.36,115,90,8,45,0,4
4304,car,1,190,36.1,130,0,0,45,0,4
4305,train,0,190,39.8,120,100,3,35,0,4
4305,air,0,190,155.3,46,130,16,35,0,4
4305,bus,0,190,17.36,115,90,8,35,0,4
4305,car,1,190,36.1,130,0,0,35,0,4
4306,train,0,266,57.6,193,125,3,45,0,4
4306,air,0,266,155.3,46,140,16,45,0,4
4306,bus,0,266,27.96,186,115,24,45,0,4
4306,car,1,266,50.54,179,0,0,45,0,4
4307,train,0,266,57.6,193,125,3,45,0,4
4307,air,0,266,155.3,46,140,16,45,0,4
4307,bus,0,266,27.96,186,115,24,45,0,4
4307,car,1,266,50.54,179,0,0,45,0,4
4308,train,0,266,57.6,193,125,3,70,0,4
4308,air,0,266,155.3,46,140,16,70,0,4
4308,bus,0,266,27.96,186,115,24,70,0,4
4308,car,1,266,50.54,179,0,0,70,0,4
4309,train,0,266,57.6,193,125,3,35,0,4
4309,air,0,266,155.3,46,140,16,35,0,4
4309,bus,0,266,27.96,186,115,24,35,0,4
4309,car,1,266,50.54,179,0,0,35,0,4
4310,train,0,266,57.6,193,125,3,45,0,4
4310,air,0,266,155.3,46,140,16,45,0,4
4310,bus,0,266,27.96,186,115,24,45,0,4
4310,car,1,266,50.54,179,0,0,45,0,4
4311,train,0,179,56.6,193,105,3,45,0,4
4311,air,0,179,147.3,46,105,16,45,0,4
4311,bus,0,179,24.96,186,95,24,45,0,4
4311,car,1,179,34.01,127,0,0,45,0,4
4312,train,0,336,58.1,193,135,3,25,0,4
4312,air,0,336,155.3,46,130,16,25,0,4
4312,bus,0,336,27.96,186,125,24,25,0,4
4312,car,1,336,63.84,238,0,0,25,0,4
4314,train,0,220,39.8,120,100,3,15,0,4
4314,air,0,220,155.3,46,135,16,15,0,4
4314,bus,0,220,17.36,115,95,8,15,0,4
4314,car,1,220,41.8,153,0,0,15,0,4
4315,train,0,220,39.8,120,100,3,25,0,4
4315,air,0,220,155.3,46,135,16,25,0,4
4315,bus,0,220,17.36,115,95,8,25,0,4
4315,car,1,220,41.8,153,0,0,25,0,4
4316,train,0,185,56.6,193,105,3,70,0,4
4316,air,0,185,147.3,46,110,16,70,0,4
4316,bus,0,185,24.96,186,100,24,70,0,4
4316,car,1,185,35.15,134,0,0,70,0,4
4317,train,0,245,57.1,193,115,3,35,0,4
4317,air,0,245,155.3,46,125,16,35,0,4
4317,bus,0,245,27.96,186,110,24,35,0,4
4317,car,1,245,46.55,165,0,0,35,0,4
4318,train,0,342,58.1,193,135,3,35,0,4
4318,air,0,342,155.3,46,135,16,35,0,4
4318,bus,0,342,27.96,186,130,24,35,0,4
4318,car,1,342,64.98,245,0,0,35,0,4
4319,train,0,342,58.1,193,135,3,15,0,4
4319,air,0,342,155.3,46,135,16,15,0,4
4319,bus,0,342,27.96,186,130,24,15,0,4
4319,car,1,342,64.98,245,0,0,15,0,4
4320,train,0,342,58.1,193,135,3,35,0,4
4320,air,0,342,155.3,46,135,16,35,0,4
4320,bus,0,342,27.96,186,130,24,35,0,4
4320,car,1,342,64.98,245,0,0,35,0,4
4321,train,0,388,58.6,193,145,3,45,0,4
4321,air,0,388,155.3,46,115,16,45,0,4
4321,bus,0,388,27.96,186,140,24,45,0,4
4321,car,1,388,73.72,297,0,0,45,0,4
