case,choice_air,choice_bus,choice_car,choice_train,cost_air,cost_bus,cost_car,cost_train,freq_air,freq_bus,freq_car,freq_train,ivt_air,ivt_bus,ivt_car,ivt_train,ovt_air,ovt_bus,ovt_car,ovt_train,income,chosen,chosen_encoded
109,1,0,0,0,142.8,27.52,71.63,58.25,9,8,0,4,56,301,262,215,85,63,0,74,45,air,0
110,1,0,0,0,142.8,27.52,71.63,58.25,9,8,0,4,56,301,262,215,85,63,0,74,70,air,0
111,1,0,0,0,142.8,27.52,71.63,58.25,9,8,0,4,56,301,262,215,85,63,0,74,35,air,0
112,1,0,0,0,142.8,27.52,71.63,58.25,9,8,0,4,56,301,262,215,85,63,0,74,70,air,0
113,1,0,0,0,142.8,27.52,71.63,58.25,9,8,0,4,56,301,262,215,85,63,0,74,70,air,0
114,1,0,0,0,142.8,27.52,71.63,58.25,9,8,0,4,56,301,262,215,85,63,0,74,55,air,0
115,1,0,0,0,142.8,27.52,71.63,58.25,9,8,0,4,56,301,262,215,85,63,0,74,25,air,0
116,1,0,0,0,142.8,27.52,71.63,58.25,9,8,0,4,56,301,262,215,85,63,0,74,70,air,0
117,1,0,0,0,142.8,27.52,71.63,58.25,9,8,0,4,56,301,262,215,85,63,0,74,70,air,0
118,1,0,0,0,142.8,27.52,71.63,58.25,9,8,0,4,56,301,262,215,85,63,0,74,45,air,0
119,0,0,1,0,142.8,27.52,71.63,58.25,9,8,0,4,56,301,262,215,85,63,0,74,70,car,2
120,0,0,1,0,142.8,27.52,71.63,58.25,9,8,0,4,56,301,262,215,85,63,0,74,25,car,2
121,0,0,1,0,142.8,27.52,71.63,58.25,9,8,0,4,56,301,262,215,85,63,0,74,70,car,2
122,0,0,1,0,142.8,27.52,71.63,58.25,9,8,0,4,56,301,262,215,85,63,0,74,45,car,2
123,0,0,1,0,142.8,27.52,71.63,58.25,9,8,0,4,56,301,262,215,85,63,0,74,70,car,2
124,0,0,1,0,142.8,27.52,71.63,58.25,9,8,0,4,56,301,262,215,85,63,0,74,15,car,2
125,0,0,1,0,142.8,27.52,71.63,58.25,9,8,0,4,56,301,262,215,85,63,0,74,70,car,2
126,0,0,1,0,142.8,27.52,71.63,58.25,9,8,0,4,56,301,262,215,85,63,0,74,55,car,2
127,0,0,1,0,142.8,27.52,71.63,58.25,9,8,0,4,56,301,262,215,85,63,0,74,35,car,2
128,0,0,1,0,142.8,27.52,71.63,58.25,9,8,0,4,56,301,262,215,85,63,0,74,35,car,2
129,0,0,1,0,145.8,26.67,73.53,58.25,9,8,0,2,56,301,251,316,85,58,0,59,55,car,2
130,0,0,1,0,145.8,26.67,73.53,58.25,9,8,0,2,56,301,251,316,85,58,0,59,45,car,2
131,0,0,1,0,146.2,26.67,76.76,60.25,9,8,0,2,56,301,265,316,94,93,0,74,70,car,2
132,0,0,0,1,151.2,27.82,69.35,60.85,9,8,0,4,56,301,245,237,77,83,0,94,70,train,3
133,1,0,0,0,151.2,27.82,69.35,60.85,9,8,0,4,56,301,245,237,77,83,0,94,55,air,0
134,1,0,0,0,151.2,27.82,69.35,60.85,9,8,0,4,56,301,245,237,77,83,0,94,55,air,0
135,1,0,0,0,151.2,27.82,69.35,60.85,9,8,0,4,56,301,245,237,77,83,0,94,70,air,0
136,0,0,1,0,151.2,27.82,69.35,60.85,9,8,0,4,56,301,245,237,77,83,0,94,70,car,2
137,0,0,1,0,151.2,27.82,69.35,60.85,9,8,0,4,56,301,245,237,77,83,0,94,45,car,2
138,0,0,1,0,151.2,27.82,69.35,60.85,9,8,0,4,56,301,245,237,77,83,0,94,70,car,2
139,0,0,0,1,155.8,27.34,67.26,59.0,9,8,0,4,56,301,231,237,97,68,0,69,35,train,3
140,0,0,0,1,155.8,27.34,67.26,59.0,9,8,0,4,56,301,231,237,97,68,0,69,15,train,3
141,0,0,0,1,155.8,27.34,67.26,59.0,9,8,0,4,56,301,231,237,97,68,0,69,55,train,3
142,0,0,0,1,155.8,27.34,67.26,59.0,9,8,0,4,56,301,231,237,97,68,0,69,70,train,3
143,0,0,0,1,155.8,27.34,67.26,59.0,9,8,0,4,56,301,231,237,97,68,0,69,70,train,3
144,0,0,0,1,155.8,27.34,67.26,59.0,9,8,0,4,56,301,231,237,97,68,0,69,45,train,3
145,0,0,0,1,155.8,27.34,67.26,59.0,9,8,0,4,56,301,231,237,97,68,0,69,70,train,3
146,0,0,0,1,155.8,27.34,67.26,59.0,9,8,0,4,56,301,231,237,97,68,0,69,35,train,3
147,0,0,0,1,155.8,27.34,67.26,59.0,9,8,0,4,56,301,231,237,97,68,0,69,70,train,3
148,0,0,0,1,155.8,27.34,67.26,59.0,9,8,0,4,56,301,231,237,97,68,0,69,45,train,3
149,1,0,0,0,155.8,27.34,67.26,59.0,9,8,0,4,56,301,231,237,97,68,0,69,70,air,0
150,1,0,0,0,155.8,27.34,67.26,59.0,9,8,0,4,56,301,231,237,97,68,0,69,70,air,0
151,1,0,0,0,155.8,27.34,67.26,59.0,9,8,0,4,56,301,231,237,97,68,0,69,70,air,0
152,1,0,0,0,155.8,27.34,67.26,59.0,9,8,0,4,56,301,231,237,97,68,0,69,70,air,0
153,1,0,0,0,155.8,27.34,67.26,59.0,9,8,0,4,56,301,231,237,97,68,0,69,70,air,0
154,1,0,0,0,155.8,27.34,67.26,59.0,9,8,0,4,56,301,231,237,97,68,0,69,70,air,0
155,1,0,0,0,155.8,27.34,67.26,59.0,9,8,0,4,56,301,231,237,97,68,0,69,55,air,0
156,1,0,0,0,155.8,27.34,67.26,59.0,9,8,0,4,56,301,231,237,97,68,0,69,70,air,0
157,1,0,0,0,155.8,27.34,67.26,59.0,9,8,0,4,56,301,231,237,97,68,0,69,55,air,0
158,1,0,0,0,155.8,27.34,67.26,59.0,9,8,0,4,56,301,231,237,97,68,0,69,70,air,0
159,0,0,1,0,155.8,27.34,67.26,59.0,9,8,0,4,56,301,231,237,97,68,0,69,35,car,2
160,0,0,1,0,155.8,27.34,67.26,59.0,9,8,0,4,56,301,231,237,97,68,0,69,55,car,2
161,0,0,1,0,155.8,27.34,67.26,59.0,9,8,0,4,56,301,231,237,97,68,0,69,70,car,2
162,0,0,1,0,155.8,27.34,67.26,59.0,9,8,0,4,56,301,231,237,97,68,0,69,70,car,2
163,0,0,1,0,155.8,27.34,67.26,59.0,9,8,0,4,56,301,231,237,97,68,0,69,70,car,2
164,0,0,1,0,155.8,27.34,67.26,59.0,9,8,0,4,56,301,231,237,97,68,0,69,35,car,2
165,0,0,1,0,155.8,27.34,67.26,59.0,9,8,0,4,56,301,231,237,97,68,0,69,31,car,2
166,0,0,1,0,155.8,27.34,67.26,59.0,9,8,0,4,56,301,231,237,97,68,0,69,25,car,2
167,0,0,1,0,155.8,27.34,67.26,59.0,9,8,0,4,56,301,231,237,97,68,0,69,25,car,2
168,0,0,0,1,152.65,27.27,68.78,61.35,9,8,0,4,56,301,242,237,93,83,0,94,15,train,3
169,0,0,0,1,152.65,27.27,68.78,61.35,9,8,0,4,56,301,242,237,93,83,0,94,15,train,3
170,1,0,0,0,152.65,27.27,68.78,61.35,9,8,0,4,56,301,242,237,93,83,0,94,70,air,0
171,1,0,0,0,152.65,27.27,68.78,61.35,9,8,0,4,56,301,242,237,93,83,0,94,55,air,0
172,1,0,0,0,152.65,27.27,68.78,61.35,9,8,0,4,56,301,242,237,93,83,0,94,70,air,0
173,1,0,0,0,152.65,27.27,68.78,61.35,9,8,0,4,56,301,242,237,93,83,0,94,70,air,0
174,1,0,0,0,152.65,27.27,68.78,61.35,9,8,0,4,56,301,242,237,93,83,0,94,70,air,0
175,0,0,1,0,152.65,27.27,68.78,61.35,9,8,0,4,56,301,242,237,93,83,0,94,25,car,2
176,0,0,1,0,152.65,27.27,68.78,61.35,9,8,0,4,56,301,242,237,93,83,0,94,70,car,2
177,0,0,1,0,152.65,27.27,68.78,61.35,9,8,0,4,56,301,242,237,93,83,0,94,45,car,2
178,0,0,1,0,152.65,27.27,68.78,61.35,9,8,0,4,56,301,242,237,93,83,0,94,55,car,2
179,0,0,1,0,152.65,27.27,68.78,61.35,9,8,0,4,56,301,242,237,93,83,0,94,55,car,2
180,0,0,1,0,152.65,27.27,68.78,61.35,9,8,0,4,56,301,242,237,93,83,0,94,70,car,2
181,0,0,0,1,154.45,27.42,69.35,60.85,9,8,0,4,56,301,245,237,99,86,0,94,45,train,3
182,0,0,0,1,154.45,27.42,69.35,60.85,9,8,0,4,56,301,245,237,99,86,0,94,70,train,3
183,1,0,0,0,154.45,27.42,69.35,60.85,9,8,0,4,56,301,245,237,99,86,0,94,70,air,0
184,1,0,0,0,154.45,27.42,69.35,60.85,9,8,0,4,56,301,245,237,99,86,0,94,70,air,0
185,0,0,1,0,154.45,27.42,69.35,60.85,9,8,0,4,56,301,245,237,99,86,0,94,25,car,2
186,0,0,1,0,154.45,27.42,69.35,60.85,9,8,0,4,56,301,245,237,99,86,0,94,45,car,2
187,0,0,1,0,154.45,27.42,69.35,60.85,9,8,0,4,56,301,245,237,99,86,0,94,70,car,2
188,0,0,1,0,154.45,27.42,69.35,60.85,9,8,0,4,56,301,245,237,99,86,0,94,25,car,2
189,0,0,1,0,154.45,27.42,69.35,60.85,9,8,0,4,56,301,245,237,99,86,0,94,45,car,2
190,0,0,1,0,146.2,26.67,71.63,61.85,9,8,0,4,56,301,262,237,84,88,0,108,45,car,2
191,1,0,0,0,154.2,31.67,72.2,62.85,9,8,0,4,56,301,265,237,104,93,0,112,70,air,0
192,1,0,0,0,154.2,31.67,72.2,62.85,9,8,0,4,56,301,265,237,104,93,0,112,70,air,0
193,0,0,1,0,154.2,31.67,72.2,62.85,9,8,0,4,56,301,265,237,104,93,0,112,45,car,2
194,0,0,1,0,154.2,31.67,72.2,62.85,9,8,0,4,56,301,265,237,104,93,0,112,35,car,2
195,0,0,1,0,154.2,31.67,72.2,62.85,9,8,0,4,56,301,265,237,104,93,0,112,70,car,2
196,0,0,1,0,155.2,26.67,72.2,61.85,9,8,0,4,56,301,265,237,99,83,0,94,45,car,2
197,0,0,1,0,150.2,26.67,77.71,62.85,9,8,0,4,56,301,276,237,114,113,0,124,55,car,2
198,0,0,1,0,150.2,26.67,77.71,62.85,9,8,0,4,56,301,276,237,114,113,0,124,70,car,2
199,0,0,1,0,150.2,26.67,74.67,62.85,9,8,0,4,56,301,258,237,109,103,0,112,70,car,2
243,0,0,0,1,146.9,30.37,67.45,59.0,9,8,0,4,56,301,256,215,91,79,0,85,70,train,3
244,0,0,1,0,146.9,30.37,67.45,59.0,9,8,0,4,56,301,256,215,91,79,0,85,70,car,2
245,1,0,0,0,155.3,30.67,65.17,61.6,9,8,0,4,56,301,240,237,83,99,0,105,55,air,0
246,0,0,0,1,159.9,30.19,63.08,59.75,9,8,0,4,56,301,226,237,103,84,0,80,70,train,3
247,1,0,0,0,156.75,30.12,64.6,62.1,9,8,0,4,56,301,237,237,99,99,0,105,70,air,0
248,1,0,0,0,156.75,30.12,64.6,62.1,9,8,0,4,56,301,237,237,99,99,0,105,70,air,0
249,0,0,1,0,158.3,34.52,68.02,63.6,9,8,0,4,56,301,260,237,110,109,0,123,35,car,2
250,1,0,0,0,154.3,29.52,70.3,63.6,9,8,0,4,56,301,276,237,115,129,0,135,70,air,0
251,0,0,1,0,154.3,29.52,73.53,63.6,9,8,0,4,56,301,271,237,120,129,0,135,70,car,2
271,0,0,1,0,146.9,30.57,55.86,60.0,9,8,0,4,56,301,211,215,111,90,0,95,55,car,2
272,0,0,0,1,159.9,30.39,51.49,60.75,9,8,0,4,56,301,181,237,123,95,0,90,70,train,3
273,0,0,0,1,159.9,30.39,51.49,60.75,9,8,0,4,56,301,181,237,123,95,0,90,70,train,3
274,0,0,0,1,159.9,30.39,51.49,60.75,9,8,0,4,56,301,181,237,123,95,0,90,55,train,3
275,0,0,1,0,159.9,30.39,51.49,60.75,9,8,0,4,56,301,181,237,123,95,0,90,70,car,2
276,0,0,1,0,159.9,30.39,51.49,60.75,9,8,0,4,56,301,181,237,123,95,0,90,35,car,2
277,0,0,1,0,156.75,30.32,53.01,63.1,9,8,0,4,56,301,192,237,119,110,0,115,25,car,2
285,0,0,0,1,154.4,25.71,55.67,50.75,4,2,0,4,50,316,199,187,113,90,0,75,70,train,3
286,0,0,1,0,154.4,25.71,55.67,50.75,4,2,0,4,50,316,199,187,113,90,0,75,70,car,2
325,0,0,1,0,135.1,21.89,55.67,45.1,4,2,0,1,50,316,211,165,76,60,0,80,25,car,2
326,0,0,1,0,135.1,21.89,55.67,45.1,4,2,0,1,50,316,211,165,76,60,0,80,70,car,2
327,0,0,1,0,135.1,21.89,55.67,45.1,4,2,0,1,50,316,211,165,76,60,0,80,35,car,2
328,0,0,1,0,135.1,21.89,55.67,45.1,4,2,0,1,50,316,211,165,76,60,0,80,70,car,2
329,0,0,0,1,138.1,21.04,57.57,45.1,4,2,0,3,50,316,200,205,76,55,0,65,70,train,3
330,0,0,1,0,138.1,21.04,57.57,45.1,4,2,0,3,50,316,200,205,76,55,0,65,35,car,2
331,0,0,1,0,138.1,21.04,57.57,45.1,4,2,0,3,50,316,200,205,76,55,0,65,70,car,2
332,0,0,1,0,143.5,22.19,53.39,48.5,4,2,0,4,50,316,195,187,68,80,0,100,55,car,2
333,0,0,1,0,143.5,22.19,53.39,48.5,4,2,0,4,50,316,195,187,68,80,0,100,70,car,2
334,0,0,1,0,143.5,22.19,53.39,48.5,4,2,0,4,50,316,195,187,68,80,0,100,70,car,2
335,0,0,1,0,143.5,22.19,53.39,48.5,4,2,0,4,50,316,195,187,68,80,0,100,35,car,2
336,0,0,1,0,143.5,22.19,53.39,48.5,4,2,0,4,50,316,195,187,68,80,0,100,31,car,2
337,0,0,1,0,148.1,21.71,51.3,46.65,4,2,0,4,50,316,181,187,88,65,0,75,55,car,2
338,0,0,1,0,148.1,21.71,51.3,46.65,4,2,0,4,50,316,181,187,88,65,0,75,35,car,2
339,0,0,1,0,148.1,21.71,51.3,46.65,4,2,0,4,50,316,181,187,88,65,0,75,35,car,2
340,0,0,1,0,144.95,21.64,52.82,49.0,4,2,0,4,50,316,192,187,84,80,0,100,70,car,2
341,0,0,1,0,144.95,21.64,52.82,49.0,4,2,0,4,50,316,192,187,84,80,0,100,45,car,2
342,0,0,1,0,144.95,21.64,52.82,49.0,4,2,0,4,50,316,192,187,84,80,0,100,70,car,2
343,0,0,1,0,146.75,21.79,53.39,48.5,4,2,0,4,50,316,195,187,90,83,0,100,25,car,2
344,0,0,1,0,146.75,21.79,53.39,48.5,4,2,0,4,50,316,195,187,90,83,0,100,35,car,2
360,0,0,1,0,154.4,22.21,50.35,50.15,4,2,0,4,50,316,183,187,103,80,0,90,55,car,2
361,0,0,1,0,154.4,22.21,50.35,50.15,4,2,0,4,50,316,183,187,103,80,0,90,25,car,2
370,0,0,1,0,132.75,11.23,28.5,32.75,25,7,0,5,40,109,112,92,120,86,0,75,35,car,2
371,0,0,1,0,132.75,11.23,28.5,32.75,25,7,0,5,40,109,112,92,120,86,0,75,25,car,2
372,0,0,1,0,129.0,17.4,45.03,40.35,25,12,0,4,40,152,164,138,101,91,0,65,70,car,2
373,0,0,1,0,134.4,18.55,40.85,43.75,25,12,0,12,40,152,159,120,93,116,0,100,70,car,2
374,0,0,1,0,134.4,18.55,40.85,43.75,25,12,0,12,40,152,159,120,93,116,0,100,35,car,2
375,0,0,0,1,139.0,18.07,38.76,41.9,25,12,0,12,40,152,144,120,113,101,0,75,55,train,3
376,0,0,0,1,139.0,18.07,38.76,41.9,25,12,0,12,40,152,144,120,113,101,0,75,70,train,3
377,0,0,0,1,139.0,18.07,38.76,41.9,25,12,0,12,40,152,144,120,113,101,0,75,55,train,3
378,0,0,0,1,139.0,18.07,38.76,41.9,25,12,0,12,40,152,144,120,113,101,0,75,45,train,3
379,1,0,0,0,139.0,18.07,38.76,41.9,25,12,0,12,40,152,144,120,113,101,0,75,70,air,0
380,0,0,1,0,139.0,18.07,38.76,41.9,25,12,0,12,40,152,144,120,113,101,0,75,28,car,2
381,0,0,1,0,139.0,18.07,38.76,41.9,25,12,0,12,40,152,144,120,113,101,0,75,25,car,2
382,0,0,1,0,133.4,24.88,61.94,53.75,25,1,0,12,40,346,226,120,140,96,0,120,45,car,2
384,1,0,0,0,175.6,42.6,111.53,92.75,5,7,0,2,96,515,406,434,100,99,0,90,70,air,0
385,1,0,0,0,175.6,42.6,111.53,92.75,5,7,0,2,96,515,406,434,100,99,0,90,70,air,0
386,0,0,0,1,172.2,43.8,117.99,90.75,5,7,0,2,96,515,413,434,95,98,0,79,45,train,3
387,0,0,0,1,172.2,43.8,117.99,90.75,5,7,0,2,96,515,413,434,95,98,0,79,45,train,3
388,0,0,1,0,172.2,43.8,117.99,90.75,5,7,0,2,96,515,413,434,95,98,0,79,70,car,2
389,1,0,0,0,173.6,43.6,119.89,92.45,5,7,0,2,96,515,426,434,95,101,0,80,55,air,0
411,0,0,1,0,130.9,26.7,27.93,38.5,25,5,0,5,40,265,115,92,120,60,0,85,70,car,2
419,0,0,1,0,136.2,25.7,34.01,40.5,25,5,0,5,40,265,133,92,135,55,0,90,55,car,2
420,0,0,1,0,136.2,25.7,34.01,40.5,25,5,0,5,40,265,133,92,135,55,0,90,70,car,2
421,0,0,1,0,136.2,25.7,34.01,40.5,25,5,0,5,40,265,133,92,135,55,0,90,45,car,2
422,0,0,1,0,136.2,25.7,34.01,40.5,25,5,0,5,40,265,133,92,135,55,0,90,45,car,2
483,0,0,1,0,135.9,26.7,37.24,44.05,25,5,0,5,40,265,148,92,137,60,0,95,35,car,2
484,0,0,1,0,135.9,26.7,37.24,44.05,25,5,0,5,40,265,148,92,137,60,0,95,70,car,2
485,0,0,1,0,135.9,26.7,37.24,44.05,25,5,0,5,40,265,148,92,137,60,0,95,55,car,2
495,1,0,0,0,166.5,43.0,104.69,85.95,36,6,0,3,58,433,362,367,142,67,0,104,45,air,0
496,1,0,0,0,167.9,42.8,106.59,87.65,36,6,0,3,58,433,375,367,142,70,0,105,70,air,0
498,0,0,1,0,150.9,27.31,37.62,42.5,25,6,0,5,40,295,144,92,140,55,0,100,70,car,2
499,0,0,1,0,150.9,27.31,37.62,42.5,25,6,0,5,40,295,144,92,140,55,0,100,26,car,2
500,0,0,1,0,150.9,27.31,37.62,42.5,25,6,0,5,40,295,144,92,140,55,0,100,35,car,2
501,0,0,1,0,150.9,27.31,37.62,42.5,25,6,0,5,40,295,144,92,140,55,0,100,35,car,2
531,0,0,0,1,181.5,42.05,105.07,84.4,36,6,0,3,58,433,359,367,145,62,0,109,35,train,3
532,1,0,0,0,181.5,42.05,105.07,84.4,36,6,0,3,58,433,359,367,145,62,0,109,70,air,0
533,1,0,0,0,181.5,42.05,105.07,84.4,36,6,0,3,58,433,359,367,145,62,0,109,35,air,0
534,0,0,0,1,187.9,40.85,106.02,87.4,36,6,0,3,58,433,365,367,150,60,0,115,45,train,3
536,1,0,0,0,211.25,26.71,128.63,90.5,45,4,0,3,69,536,416,394,163,60,0,115,45,air,0
571,0,0,1,0,126.0,18.25,40.85,50.55,25,12,0,4,40,152,167,144,86,70,0,101,35,car,2
572,0,0,1,0,129.0,17.4,42.75,55.55,25,12,0,4,40,152,156,144,86,65,0,107,55,car,2
573,0,0,1,0,134.4,18.55,38.57,45.55,25,12,0,4,40,152,151,144,78,90,0,102,70,car,2
574,0,0,0,1,139.0,18.07,36.48,43.7,25,12,0,4,40,152,137,144,98,75,0,77,45,train,3
575,0,0,0,1,139.0,18.07,36.48,43.7,25,12,0,4,40,152,137,144,98,75,0,77,45,train,3
576,0,0,1,0,139.0,18.07,36.48,43.7,25,12,0,4,40,152,137,144,98,75,0,77,15,car,2
615,0,0,0,1,126.9,11.38,25.46,36.5,25,7,0,5,40,109,107,92,115,65,0,80,70,train,3
616,0,0,1,0,126.9,11.38,25.46,36.5,25,7,0,5,40,109,107,92,115,65,0,80,35,car,2
617,0,0,1,0,126.9,11.38,25.46,36.5,25,7,0,5,40,109,107,92,115,65,0,80,45,car,2
618,0,1,0,0,122.9,11.73,23.75,34.5,25,7,0,5,40,109,101,92,119,60,0,70,35,bus,1
619,0,0,1,0,122.9,11.73,23.75,34.5,25,7,0,5,40,109,101,92,119,60,0,70,26,car,2
620,0,0,1,0,122.9,11.73,23.75,34.5,25,7,0,5,40,109,101,92,119,60,0,70,35,car,2
621,0,0,1,0,122.9,11.73,23.75,34.5,25,7,0,5,40,109,101,92,119,60,0,70,70,car,2
622,0,0,1,0,122.9,11.73,23.75,34.5,25,7,0,5,40,109,101,92,119,60,0,70,70,car,2
623,0,0,1,0,122.9,11.73,23.75,34.5,25,7,0,5,40,109,101,92,119,60,0,70,25,car,2
624,0,0,1,0,122.9,11.73,23.75,34.5,25,7,0,5,40,109,101,92,119,60,0,70,70,car,2
625,0,0,1,0,122.9,11.73,23.75,34.5,25,7,0,5,40,109,101,92,119,60,0,70,55,car,2
626,0,0,1,0,126.9,11.38,24.7,36.5,25,7,0,5,40,109,106,92,115,70,0,80,70,car,2
627,0,0,1,0,126.9,11.38,25.46,33.5,25,7,0,5,40,109,109,92,105,65,0,70,70,car,2
628,0,0,0,1,126.25,10.73,25.46,29.5,25,7,0,5,40,109,107,92,100,55,0,65,70,train,3
629,0,0,1,0,126.25,10.73,25.46,29.5,25,7,0,5,40,109,107,92,100,55,0,65,29,car,2
630,0,0,1,0,126.25,10.73,25.46,29.5,25,7,0,5,40,109,107,92,100,55,0,65,45,car,2
631,0,0,1,0,126.25,10.73,25.46,29.5,25,7,0,5,40,109,107,92,100,55,0,65,70,car,2
632,0,0,0,1,122.9,10.38,28.69,31.1,25,7,0,8,40,109,121,98,90,58,0,59,70,train,3
633,0,0,0,1,122.9,10.38,28.69,31.1,25,7,0,8,40,109,121,98,90,58,0,59,70,train,3
634,0,0,0,1,122.9,10.38,28.69,31.1,25,7,0,8,40,109,121,98,90,58,0,59,70,train,3
635,0,0,1,0,122.9,10.38,28.69,31.1,25,7,0,8,40,109,121,98,90,58,0,59,55,car,2
636,0,0,1,0,122.9,10.38,28.69,31.1,25,7,0,8,40,109,121,98,90,58,0,59,70,car,2
637,0,0,1,0,122.9,10.38,28.69,31.1,25,7,0,8,40,109,121,98,90,58,0,59,35,car,2
638,0,0,1,0,122.9,10.38,28.69,31.1,25,7,0,8,40,109,121,98,90,58,0,59,55,car,2
640,1,0,0,0,119.5,17.75,40.09,32.1,25,12,0,8,40,152,170,98,81,65,0,70,45,air,0
641,0,0,1,0,119.5,17.75,40.09,32.1,25,12,0,8,40,152,170,98,81,65,0,70,35,car,2
642,0,0,1,0,119.5,17.75,40.09,32.1,25,12,0,8,40,152,170,98,81,65,0,70,45,car,2
643,0,0,1,0,119.5,17.75,40.09,32.1,25,12,0,8,40,152,170,98,81,65,0,70,45,car,2
644,0,0,1,0,119.5,17.75,40.09,32.1,25,12,0,8,40,152,170,98,81,65,0,70,70,car,2
645,0,0,1,0,119.5,17.75,40.09,32.1,25,12,0,8,40,152,170,98,81,65,0,70,25,car,2
646,0,0,1,0,119.5,17.75,40.09,32.1,25,12,0,8,40,152,170,98,81,65,0,70,55,car,2
647,0,0,1,0,119.5,17.75,40.09,32.1,25,12,0,8,40,152,170,98,81,65,0,70,70,car,2
648,0,0,1,0,119.5,17.75,40.09,32.1,25,12,0,8,40,152,170,98,81,65,0,70,55,car,2
649,0,0,1,0,119.5,17.75,40.09,32.1,25,12,0,8,40,152,170,98,81,65,0,70,70,car,2
650,0,0,1,0,119.5,17.75,40.09,32.1,25,12,0,8,40,152,170,98,81,65,0,70,70,car,2
651,0,0,1,0,119.5,17.75,40.09,32.1,25,12,0,8,40,152,170,98,81,65,0,70,15,car,2
652,0,0,1,0,119.5,17.75,40.09,32.1,25,12,0,8,40,152,170,98,81,65,0,70,55,car,2
653,0,0,1,0,119.5,17.75,40.09,32.1,25,12,0,8,40,152,170,98,81,65,0,70,55,car,2
654,0,0,1,0,119.5,17.75,40.09,32.1,25,12,0,8,40,152,170,98,81,65,0,70,35,car,2
655,0,0,1,0,119.5,17.75,40.09,32.1,25,12,0,8,40,152,170,98,81,65,0,70,70,car,2
656,0,0,1,0,119.5,17.75,40.09,32.1,25,12,0,8,40,152,170,98,81,65,0,70,70,car,2
657,0,0,1,0,119.5,17.75,40.09,32.1,25,12,0,8,40,152,170,98,81,65,0,70,70,car,2
658,0,0,1,0,119.5,17.75,40.09,32.1,25,12,0,8,40,152,170,98,81,65,0,70,70,car,2
659,0,0,1,0,119.5,17.75,40.09,32.1,25,12,0,8,40,152,170,98,81,65,0,70,45,car,2
660,0,0,1,0,119.5,17.75,40.09,32.1,25,12,0,8,40,152,170,98,81,65,0,70,70,car,2
661,0,0,0,1,122.5,16.9,41.99,37.1,25,12,0,4,40,152,159,138,81,60,0,55,5,train,3
662,0,0,1,0,122.5,16.9,41.99,37.1,25,12,0,4,40,152,159,138,81,60,0,55,70,car,2
663,0,0,1,0,122.5,16.9,41.99,37.1,25,12,0,4,40,152,159,138,81,60,0,55,45,car,2
664,0,0,0,1,122.9,16.9,45.22,39.1,25,12,0,4,40,152,173,138,90,95,0,70,70,train,3
665,0,0,0,1,127.9,18.05,37.81,40.5,25,12,0,12,40,152,153,120,73,85,0,90,15,train,3
666,0,0,0,1,127.9,18.05,37.81,40.5,25,12,0,12,40,152,153,120,73,85,0,90,70,train,3
667,0,0,1,0,127.9,18.05,37.81,40.5,25,12,0,12,40,152,153,120,73,85,0,90,35,car,2
668,0,0,1,0,127.9,18.05,37.81,40.5,25,12,0,12,40,152,153,120,73,85,0,90,70,car,2
669,0,0,1,0,127.9,18.05,37.81,40.5,25,12,0,12,40,152,153,120,73,85,0,90,70,car,2
670,0,0,1,0,127.9,18.05,37.81,40.5,25,12,0,12,40,152,153,120,73,85,0,90,70,car,2
671,0,0,1,0,127.9,18.05,37.81,40.5,25,12,0,12,40,152,153,120,73,85,0,90,25,car,2
672,0,0,1,0,127.9,18.05,37.81,40.5,25,12,0,12,40,152,153,120,73,85,0,90,70,car,2
673,0,0,1,0,127.9,18.05,37.81,40.5,25,12,0,12,40,152,153,120,73,85,0,90,70,car,2
674,0,0,0,1,132.5,17.57,35.72,38.65,25,12,0,12,40,152,139,120,93,70,0,65,70,train,3
675,0,0,0,1,132.5,17.57,35.72,38.65,25,12,0,12,40,152,139,120,93,70,0,65,45,train,3
676,0,0,0,1,132.5,17.57,35.72,38.65,25,12,0,12,40,152,139,120,93,70,0,65,25,train,3
677,0,0,0,1,132.5,17.57,35.72,38.65,25,12,0,12,40,152,139,120,93,70,0,65,35,train,3
678,0,0,0,1,132.5,17.57,35.72,38.65,25,12,0,12,40,152,139,120,93,70,0,65,25,train,3
679,0,0,0,1,132.5,17.57,35.72,38.65,25,12,0,12,40,152,139,120,93,70,0,65,55,train,3
680,0,0,0,1,132.5,17.57,35.72,38.65,25,12,0,12,40,152,139,120,93,70,0,65,70,train,3
681,0,0,0,1,132.5,17.57,35.72,38.65,25,12,0,12,40,152,139,120,93,70,0,65,70,train,3
682,0,0,0,1,132.5,17.57,35.72,38.65,25,12,0,12,40,152,139,120,93,70,0,65,70,train,3
683,0,0,0,1,132.5,17.57,35.72,38.65,25,12,0,12,40,152,139,120,93,70,0,65,35,train,3
684,0,0,0,1,132.5,17.57,35.72,38.65,25,12,0,12,40,152,139,120,93,70,0,65,55,train,3
685,0,0,0,1,132.5,17.57,35.72,38.65,25,12,0,12,40,152,139,120,93,70,0,65,70,train,3
686,0,0,0,1,132.5,17.57,35.72,38.65,25,12,0,12,40,152,139,120,93,70,0,65,70,train,3
687,0,0,0,1,132.5,17.57,35.72,38.65,25,12,0,12,40,152,139,120,93,70,0,65,25,train,3
688,0,0,0,1,132.5,17.57,35.72,38.65,25,12,0,12,40,152,139,120,93,70,0,65,31,train,3
689,0,0,0,1,132.5,17.57,35.72,38.65,25,12,0,12,40,152,139,120,93,70,0,65,35,train,3
690,0,0,0,1,132.5,17.57,35.72,38.65,25,12,0,12,40,152,139,120,93,70,0,65,45,train,3
691,0,0,0,1,132.5,17.57,35.72,38.65,25,12,0,12,40,152,139,120,93,70,0,65,70,train,3
692,0,0,0,1,132.5,17.57,35.72,38.65,25,12,0,12,40,152,139,120,93,70,0,65,70,train,3
693,0,0,0,1,132.5,17.57,35.72,38.65,25,12,0,12,40,152,139,120,93,70,0,65,29,train,3
694,0,0,0,1,132.5,17.57,35.72,38.65,25,12,0,12,40,152,139,120,93,70,0,65,15,train,3
695,0,0,0,1,132.5,17.57,35.72,38.65,25,12,0,12,40,152,139,120,93,70,0,65,70,train,3
696,0,0,0,1,132.5,17.57,35.72,38.65,25,12,0,12,40,152,139,120,93,70,0,65,55,train,3
697,0,0,0,1,132.5,17.57,35.72,38.65,25,12,0,12,40,152,139,120,93,70,0,65,35,train,3
698,0,0,0,1,132.5,17.57,35.72,38.65,25,12,0,12,40,152,139,120,93,70,0,65,70,train,3
699,0,0,0,1,132.5,17.57,35.72,38.65,25,12,0,12,40,152,139,120,93,70,0,65,15,train,3
700,0,0,0,1,132.5,17.57,35.72,38.65,25,12,0,12,40,152,139,120,93,70,0,65,15,train,3
701,0,0,0,1,132.5,17.57,35.72,38.65,25,12,0,12,40,152,139,120,93,70,0,65,70,train,3
702,0,0,0,1,132.5,17.57,35.72,38.65,25,12,0,12,40,152,139,120,93,70,0,65,29,train,3
703,0,0,0,1,132.5,17.57,35.72,38.65,25,12,0,12,40,152,139,120,93,70,0,65,70,train,3
704,0,0,0,1,132.5,17.57,35.72,38.65,25,12,0,12,40,152,139,120,93,70,0,65,55,train,3
705,0,0,0,1,132.5,17.57,35.72,38.65,25,12,0,12,40,152,139,120,93,70,0,65,70,train,3
706,0,0,0,1,132.5,17.57,35.72,38.65,25,12,0,12,40,152,139,120,93,70,0,65,35,train,3
707,0,0,0,1,132.5,17.57,35.72,38.65,25,12,0,12,40,152,139,120,93,70,0,65,70,train,3
708,0,0,0,1,132.5,17.57,35.72,38.65,25,12,0,12,40,152,139,120,93,70,0,65,70,train,3
709,0,0,0,1,132.5,17.57,35.72,38.65,25,12,0,12,40,152,139,120,93,70,0,65,70,train,3
710,0,0,0,1,132.5,17.57,35.72,38.65,25,12,0,12,40,152,139,120,93,70,0,65,45,train,3
711,0,0,0,1,132.5,17.57,35.72,38.65,25,12,0,12,40,152,139,120,93,70,0,65,35,train,3
712,0,0,0,1,132.5,17.57,35.72,38.65,25,12,0,12,40,152,139,120,93,70,0,65,70,train,3
713,0,0,0,1,132.5,17.57,35.72,38.65,25,12,0,12,40,152,139,120,93,70,0,65,70,train,3
714,0,0,0,1,132.5,17.57,35.72,38.65,25,12,0,12,40,152,139,120,93,70,0,65,70,train,3
715,0,0,0,1,132.5,17.57,35.72,38.65,25,12,0,12,40,152,139,120,93,70,0,65,70,train,3
716,0,0,0,1,132.5,17.57,35.72,38.65,25,12,0,12,40,152,139,120,93,70,0,65,70,train,3
717,0,0,0,1,132.5,17.57,35.72,38.65,25,12,0,12,40,152,139,120,93,70,0,65,35,train,3
718,0,0,0,1,132.5,17.57,35.72,38.65,25,12,0,12,40,152,139,120,93,70,0,65,35,train,3
719,0,0,0,1,132.5,17.57,35.72,38.65,25,12,0,12,40,152,139,120,93,70,0,65,55,train,3
720,0,0,0,1,132.5,17.57,35.72,38.65,25,12,0,12,40,152,139,120,93,70,0,65,55,train,3
721,0,0,0,1,132.5,17.57,35.72,38.65,25,12,0,12,40,152,139,120,93,70,0,65,25,train,3
722,0,0,0,1,132.5,17.57,35.72,38.65,25,12,0,12,40,152,139,120,93,70,0,65,55,train,3
723,0,0,0,1,132.5,17.57,35.72,38.65,25,12,0,12,40,152,139,120,93,70,0,65,55,train,3
724,0,0,0,1,132.5,17.57,35.72,38.65,25,12,0,12,40,152,139,120,93,70,0,65,70,train,3
725,0,0,0,1,132.5,17.57,35.72,38.65,25,12,0,12,40,152,139,120,93,70,0,65,55,train,3
726,0,0,0,1,132.5,17.57,35.72,38.65,25,12,0,12,40,152,139,120,93,70,0,65,70,train,3
727,0,0,0,1,132.5,17.57,35.72,38.65,25,12,0,12,40,152,139,120,93,70,0,65,55,train,3
728,0,0,0,1,132.5,17.57,35.72,38.65,25,12,0,12,40,152,139,120,93,70,0,65,15,train,3
729,0,0,0,1,132.5,17.57,35.72,38.65,25,12,0,12,40,152,139,120,93,70,0,65,45,train,3
730,0,0,0,1,132.5,17.57,35.72,38.65,25,12,0,12,40,152,139,120,93,70,0,65,55,train,3
731,0,0,0,1,132.5,17.57,35.72,38.65,25,12,0,12,40,152,139,120,93,70,0,65,70,train,3
732,0,0,0,1,132.5,17.57,35.72,38.65,25,12,0,12,40,152,139,120,93,70,0,65,29,train,3
733,0,0,0,1,132.5,17.57,35.72,38.65,25,12,0,12,40,152,139,120,93,70,0,65,70,train,3
734,0,0,0,1,132.5,17.57,35.72,38.65,25,12,0,12,40,152,139,120,93,70,0,65,29,train,3
735,0,0,0,1,132.5,17.57,35.72,38.65,25,12,0,12,40,152,139,120,93,70,0,65,25,train,3
736,0,0,0,1,132.5,17.57,35.72,38.65,25,12,0,12,40,152,139,120,93,70,0,65,5,train,3
737,0,0,0,1,132.5,17.57,35.72,38.65,25,12,0,12,40,152,139,120,93,70,0,65,70,train,3
738,0,0,0,1,132.5,17.57,35.72,38.65,25,12,0,12,40,152,139,120,93,70,0,65,45,train,3
739,0,0,0,1,132.5,17.57,35.72,38.65,25,12,0,12,40,152,139,120,93,70,0,65,70,train,3
740,0,0,0,1,132.5,17.57,35.72,38.65,25,12,0,12,40,152,139,120,93,70,0,65,70,train,3
741,0,0,0,1,132.5,17.57,35.72,38.65,25,12,0,12,40,152,139,120,93,70,0,65,29,train,3
742,0,0,0,1,132.5,17.57,35.72,38.65,25,12,0,12,40,152,139,120,93,70,0,65,70,train,3
743,0,0,0,1,132.5,17.57,35.72,38.65,25,12,0,12,40,152,139,120,93,70,0,65,45,train,3
744,0,0,0,1,132.5,17.57,35.72,38.65,25,12,0,12,40,152,139,120,93,70,0,65,35,train,3
745,0,0,0,1,132.5,17.57,35.72,38.65,25,12,0,12,40,152,139,120,93,70,0,65,45,train,3
746,0,0,0,1,132.5,17.57,35.72,38.65,25,12,0,12,40,152,139,120,93,70,0,65,15,train,3
747,0,0,0,1,132.5,17.57,35.72,38.65,25,12,0,12,40,152,139,120,93,70,0,65,70,train,3
748,0,0,0,1,132.5,17.57,35.72,38.65,25,12,0,12,40,152,139,120,93,70,0,65,29,train,3
749,0,0,0,1,132.5,17.57,35.72,38.65,25,12,0,12,40,152,139,120,93,70,0,65,25,train,3
750,0,0,0,1,132.5,17.57,35.72,38.65,25,12,0,12,40,152,139,120,93,70,0,65,70,train,3
751,0,0,0,1,132.5,17.57,35.72,38.65,25,12,0,12,40,152,139,120,93,70,0,65,70,train,3
752,0,0,0,1,132.5,17.57,35.72,38.65,25,12,0,12,40,152,139,120,93,70,0,65,55,train,3
753,0,0,0,1,132.5,17.57,35.72,38.65,25,12,0,12,40,152,139,120,93,70,0,65,70,train,3
754,0,0,0,1,132.5,17.57,35.72,38.65,25,12,0,12,40,152,139,120,93,70,0,65,25,train,3
755,0,0,0,1,132.5,17.57,35.72,38.65,25,12,0,12,40,152,139,120,93,70,0,65,70,train,3
756,0,0,0,1,132.5,17.57,35.72,38.65,25,12,0,12,40,152,139,120,93,70,0,65,15,train,3
757,0,0,0,1,132.5,17.57,35.72,38.65,25,12,0,12,40,152,139,120,93,70,0,65,70,train,3
758,0,0,0,1,132.5,17.57,35.72,38.65,25,12,0,12,40,152,139,120,93,70,0,65,70,train,3
759,1,0,0,0,132.5,17.57,35.72,38.65,25,12,0,12,40,152,139,120,93,70,0,65,70,air,0
760,1,0,0,0,132.5,17.57,35.72,38.65,25,12,0,12,40,152,139,120,93,70,0,65,70,air,0
761,1,0,0,0,132.5,17.57,35.72,38.65,25,12,0,12,40,152,139,120,93,70,0,65,70,air,0
762,1,0,0,0,132.5,17.57,35.72,38.65,25,12,0,12,40,152,139,120,93,70,0,65,25,air,0
763,1,0,0,0,132.5,17.57,35.72,38.65,25,12,0,12,40,152,139,120,93,70,0,65,55,air,0
764,1,0,0,0,132.5,17.57,35.72,38.65,25,12,0,12,40,152,139,120,93,70,0,65,25,air,0
765,0,0,1,0,132.5,17.57,35.72,38.65,25,12,0,12,40,152,139,120,93,70,0,65,70,car,2
766,0,0,1,0,132.5,17.57,35.72,38.65,25,12,0,12,40,152,139,120,93,70,0,65,70,car,2
767,0,0,1,0,132.5,17.57,35.72,38.65,25,12,0,12,40,152,139,120,93,70,0,65,55,car,2
768,0,0,1,0,132.5,17.57,35.72,38.65,25,12,0,12,40,152,139,120,93,70,0,65,70,car,2
769,0,0,1,0,132.5,17.57,35.72,38.65,25,12,0,12,40,152,139,120,93,70,0,65,45,car,2
770,0,0,1,0,132.5,17.57,35.72,38.65,25,12,0,12,40,152,139,120,93,70,0,65,70,car,2
771,0,0,1,0,132.5,17.57,35.72,38.65,25,12,0,12,40,152,139,120,93,70,0,65,55,car,2
772,0,0,1,0,132.5,17.57,35.72,38.65,25,12,0,12,40,152,139,120,93,70,0,65,55,car,2
773,0,0,1,0,132.5,17.57,35.72,38.65,25,12,0,12,40,152,139,120,93,70,0,65,70,car,2
774,0,0,1,0,132.5,17.57,35.72,38.65,25,12,0,12,40,152,139,120,93,70,0,65,45,car,2
775,0,0,1,0,132.5,17.57,35.72,38.65,25,12,0,12,40,152,139,120,93,70,0,65,70,car,2
776,0,0,1,0,132.5,17.57,35.72,38.65,25,12,0,12,40,152,139,120,93,70,0,65,45,car,2
777,0,0,1,0,132.5,17.57,35.72,38.65,25,12,0,12,40,152,139,120,93,70,0,65,29,car,2
778,0,0,1,0,132.5,17.57,35.72,38.65,25,12,0,12,40,152,139,120,93,70,0,65,70,car,2
779,0,0,1,0,132.5,17.57,35.72,38.65,25,12,0,12,40,152,139,120,93,70,0,65,70,car,2
780,0,0,1,0,132.5,17.57,35.72,38.65,25,12,0,12,40,152,139,120,93,70,0,65,55,car,2
781,0,0,1,0,132.5,17.57,35.72,38.65,25,12,0,12,40,152,139,120,93,70,0,65,45,car,2
782,0,0,1,0,132.5,17.57,35.72,38.65,25,12,0,12,40,152,139,120,93,70,0,65,70,car,2
783,0,0,1,0,132.5,17.57,35.72,38.65,25,12,0,12,40,152,139,120,93,70,0,65,70,car,2
784,0,0,1,0,132.5,17.57,35.72,38.65,25,12,0,12,40,152,139,120,93,70,0,65,70,car,2
785,0,0,1,0,132.5,17.57,35.72,38.65,25,12,0,12,40,152,139,120,93,70,0,65,70,car,2
786,0,0,1,0,132.5,17.57,35.72,38.65,25,12,0,12,40,152,139,120,93,70,0,65,70,car,2
787,0,0,1,0,132.5,17.57,35.72,38.65,25,12,0,12,40,152,139,120,93,70,0,65,70,car,2
788,1,0,0,0,122.9,18.75,37.05,40.0,25,12,0,12,40,152,148,120,90,85,0,80,70,air,0
789,0,0,1,0,122.9,18.75,37.05,40.0,25,12,0,12,40,152,148,120,90,85,0,80,70,car,2
790,0,0,0,1,129.35,17.5,37.24,41.0,25,12,0,12,40,152,150,120,89,85,0,90,70,train,3
791,0,0,0,1,129.35,17.5,37.24,41.0,25,12,0,12,40,152,150,120,89,85,0,90,70,train,3
792,0,0,0,1,129.35,17.5,37.24,41.0,25,12,0,12,40,152,150,120,89,85,0,90,15,train,3
793,1,0,0,0,129.35,17.5,37.24,41.0,25,12,0,12,40,152,150,120,89,85,0,90,55,air,0
794,0,1,0,0,129.35,17.5,37.24,41.0,25,12,0,12,40,152,150,120,89,85,0,90,35,bus,1
795,0,0,1,0,129.35,17.5,37.24,41.0,25,12,0,12,40,152,150,120,89,85,0,90,45,car,2
796,0,0,1,0,129.35,17.5,37.24,41.0,25,12,0,12,40,152,150,120,89,85,0,90,35,car,2
797,0,0,1,0,129.35,17.5,37.24,41.0,25,12,0,12,40,152,150,120,89,85,0,90,45,car,2
798,0,0,1,0,129.35,17.5,37.24,41.0,25,12,0,12,40,152,150,120,89,85,0,90,55,car,2
799,0,0,1,0,129.35,17.5,37.24,41.0,25,12,0,12,40,152,150,120,89,85,0,90,70,car,2
800,0,0,1,0,129.35,17.5,37.24,41.0,25,12,0,12,40,152,150,120,89,85,0,90,45,car,2
801,0,0,1,0,129.35,17.5,37.24,41.0,25,12,0,12,40,152,150,120,89,85,0,90,45,car,2
802,0,0,1,0,129.35,17.5,37.24,41.0,25,12,0,12,40,152,150,120,89,85,0,90,55,car,2
803,0,0,0,1,131.15,17.65,37.81,40.5,25,12,0,12,40,152,153,120,95,88,0,90,35,train,3
804,0,0,1,0,131.15,17.65,37.81,40.5,25,12,0,12,40,152,153,120,95,88,0,90,25,car,2
805,0,0,1,0,131.15,17.65,37.81,40.5,25,12,0,12,40,152,153,120,95,88,0,90,55,car,2
806,0,0,1,0,131.15,17.65,37.81,40.5,25,12,0,12,40,152,153,120,95,88,0,90,35,car,2
807,0,0,1,0,131.15,17.65,37.81,40.5,25,12,0,12,40,152,153,120,95,88,0,90,34,car,2
808,0,0,1,0,131.15,17.65,37.81,40.5,25,12,0,12,40,152,153,120,95,88,0,90,55,car,2
809,0,0,1,0,131.15,17.65,37.81,40.5,25,12,0,12,40,152,153,120,95,88,0,90,55,car,2
810,0,0,0,1,122.9,16.9,40.09,41.5,25,12,0,12,40,152,170,120,80,90,0,104,70,train,3
811,0,0,1,0,130.9,21.9,40.66,42.5,25,12,0,12,40,152,173,120,100,95,0,108,70,car,2
812,0,0,1,0,130.9,21.9,40.66,42.5,25,12,0,12,40,152,173,120,100,95,0,108,55,car,2
813,0,0,1,0,130.9,21.9,40.66,42.5,25,12,0,12,40,152,173,120,100,95,0,108,35,car,2
814,0,0,1,0,130.9,21.9,40.66,42.5,25,12,0,12,40,152,173,120,100,95,0,108,15,car,2
815,0,0,1,0,130.9,21.9,40.66,42.5,25,12,0,12,40,152,173,120,100,95,0,108,70,car,2
816,0,0,1,0,130.9,21.9,40.66,42.5,25,12,0,12,40,152,173,120,100,95,0,108,70,car,2
817,0,0,1,0,130.9,21.9,40.66,42.5,25,12,0,12,40,152,173,120,100,95,0,108,45,car,2
818,0,0,0,1,131.9,16.9,40.66,41.5,25,12,0,12,40,152,173,120,95,85,0,90,25,train,3
819,0,0,1,0,126.9,16.9,42.94,42.5,25,12,0,12,40,152,189,120,105,115,0,120,55,car,2
825,0,0,1,0,125.45,26.38,44.08,43.1,25,1,0,4,40,346,201,138,118,100,0,90,45,car,2
826,0,0,1,0,126.9,24.38,58.9,50.5,25,1,0,12,40,346,220,120,120,65,0,110,70,car,2
827,0,0,1,0,126.9,24.38,58.9,50.5,25,1,0,12,40,346,220,120,120,65,0,110,45,car,2
828,0,0,1,0,126.9,24.38,58.9,50.5,25,1,0,12,40,346,220,120,120,65,0,110,25,car,2
829,0,0,1,0,126.9,24.38,58.9,50.5,25,1,0,12,40,346,220,120,120,65,0,110,45,car,2
830,0,0,1,0,132.5,26.38,68.59,51.0,25,1,0,12,40,346,262,120,160,120,0,160,5,car,2
831,0,0,1,0,132.5,26.38,68.59,51.0,25,1,0,12,40,346,262,120,160,120,0,160,25,car,2
848,1,0,0,0,177.1,45.1,125.21,89.7,5,7,0,3,96,515,428,403,125,95,0,80,55,air,0
849,0,0,1,0,177.1,45.1,125.21,89.7,5,7,0,3,96,515,428,403,125,95,0,80,70,car,2
852,1,0,0,0,172.1,42.1,108.87,89.5,5,7,0,2,96,515,381,434,90,75,0,80,33,air,0
853,0,0,1,0,172.1,42.1,108.87,89.5,5,7,0,2,96,515,381,434,90,75,0,80,35,car,2
854,1,0,0,0,172.1,42.1,107.73,90.0,5,7,0,2,96,515,397,434,85,80,0,85,55,air,0
855,0,0,1,0,172.1,42.1,107.73,90.0,5,7,0,2,96,515,397,434,85,80,0,85,70,car,2
856,0,0,0,1,165.7,43.3,114.95,87.5,5,7,0,2,96,515,407,434,75,67,0,69,25,train,3
857,0,0,0,1,165.7,43.3,114.95,87.5,5,7,0,2,96,515,407,434,75,67,0,69,55,train,3
858,0,0,0,1,165.7,43.3,114.95,87.5,5,7,0,2,96,515,407,434,75,67,0,69,35,train,3
859,0,0,0,1,165.7,43.3,114.95,87.5,5,7,0,2,96,515,407,434,75,67,0,69,70,train,3
860,1,0,0,0,165.7,43.3,114.95,87.5,5,7,0,2,96,515,407,434,75,67,0,69,70,air,0
861,1,0,0,0,165.7,43.3,114.95,87.5,5,7,0,2,96,515,407,434,75,67,0,69,70,air,0
862,1,0,0,0,165.7,43.3,114.95,87.5,5,7,0,2,96,515,407,434,75,67,0,69,70,air,0
863,1,0,0,0,165.7,43.3,114.95,87.5,5,7,0,2,96,515,407,434,75,67,0,69,70,air,0
864,1,0,0,0,165.7,43.3,114.95,87.5,5,7,0,2,96,515,407,434,75,67,0,69,55,air,0
865,1,0,0,0,165.7,43.3,114.95,87.5,5,7,0,2,96,515,407,434,75,67,0,69,35,air,0
866,1,0,0,0,165.7,43.3,114.95,87.5,5,7,0,2,96,515,407,434,75,67,0,69,70,air,0
867,1,0,0,0,165.7,43.3,114.95,87.5,5,7,0,2,96,515,407,434,75,67,0,69,55,air,0
868,1,0,0,0,165.7,43.3,114.95,87.5,5,7,0,2,96,515,407,434,75,67,0,69,70,air,0
869,1,0,0,0,165.7,43.3,114.95,87.5,5,7,0,2,96,515,407,434,75,67,0,69,45,air,0
870,1,0,0,0,165.7,43.3,114.95,87.5,5,7,0,2,96,515,407,434,75,67,0,69,55,air,0
871,1,0,0,0,165.7,43.3,114.95,87.5,5,7,0,2,96,515,407,434,75,67,0,69,70,air,0
872,1,0,0,0,165.7,43.3,114.95,87.5,5,7,0,2,96,515,407,434,75,67,0,69,70,air,0
873,1,0,0,0,165.7,43.3,114.95,87.5,5,7,0,2,96,515,407,434,75,67,0,69,70,air,0
874,1,0,0,0,165.7,43.3,114.95,87.5,5,7,0,2,96,515,407,434,75,67,0,69,55,air,0
875,1,0,0,0,165.7,43.3,114.95,87.5,5,7,0,2,96,515,407,434,75,67,0,69,45,air,0
876,1,0,0,0,165.7,43.3,114.95,87.5,5,7,0,2,96,515,407,434,75,67,0,69,70,air,0
877,1,0,0,0,165.7,43.3,114.95,87.5,5,7,0,2,96,515,407,434,75,67,0,69,55,air,0
878,1,0,0,0,165.7,43.3,114.95,87.5,5,7,0,2,96,515,407,434,75,67,0,69,55,air,0
879,0,0,1,0,165.7,43.3,114.95,87.5,5,7,0,2,96,515,407,434,75,67,0,69,70,car,2
880,0,0,1,0,165.7,43.3,114.95,87.5,5,7,0,2,96,515,407,434,75,67,0,69,55,car,2
881,1,0,0,0,167.1,43.1,116.85,89.2,5,7,0,2,96,515,420,434,75,70,0,70,55,air,0
882,1,0,0,0,167.1,43.1,116.85,89.2,5,7,0,2,96,515,420,434,75,70,0,70,70,air,0
883,1,0,0,0,167.1,43.1,116.85,89.2,5,7,0,2,96,515,420,434,75,70,0,70,70,air,0
884,1,0,0,0,172.1,42.1,115.9,90.5,5,7,0,2,96,515,414,434,80,65,0,75,25,air,0
885,1,0,0,0,172.1,42.1,115.9,90.5,5,7,0,2,96,515,414,434,80,65,0,75,70,air,0
905,0,0,1,0,128.75,11.23,25.46,30.0,25,7,0,5,40,109,107,92,100,60,0,69,45,car,2
906,0,0,1,0,128.75,11.23,25.46,30.0,25,7,0,5,40,109,107,92,100,60,0,69,55,car,2
907,0,0,0,1,135.0,18.07,35.72,39.15,25,12,0,12,40,152,139,120,93,75,0,69,31,train,3
908,0,0,0,1,135.0,18.07,35.72,39.15,25,12,0,12,40,152,139,120,93,75,0,69,25,train,3
909,0,0,0,1,135.0,18.07,35.72,39.15,25,12,0,12,40,152,139,120,93,75,0,69,70,train,3
910,0,0,0,1,135.0,18.07,35.72,39.15,25,12,0,12,40,152,139,120,93,75,0,69,70,train,3
911,0,0,0,1,135.0,18.07,35.72,39.15,25,12,0,12,40,152,139,120,93,75,0,69,70,train,3
912,0,0,0,1,135.0,18.07,35.72,39.15,25,12,0,12,40,152,139,120,93,75,0,69,70,train,3
913,0,0,1,0,131.85,18.0,37.24,41.5,25,12,0,12,40,152,150,120,89,90,0,94,70,car,2
917,0,0,1,0,129.0,17.4,29.64,41.6,25,12,0,4,40,152,111,138,81,90,0,85,35,car,2
918,0,0,0,1,139.0,18.07,23.37,43.15,25,12,0,12,40,152,91,120,93,100,0,95,45,train,3
919,0,0,0,1,139.0,18.07,23.37,43.15,25,12,0,12,40,152,91,120,93,100,0,95,70,train,3
920,0,0,0,1,139.0,18.07,23.37,43.15,25,12,0,12,40,152,91,120,93,100,0,95,70,train,3
921,0,0,1,0,137.65,18.15,25.46,45.0,25,12,0,12,40,152,106,120,95,118,0,120,35,car,2
923,0,0,1,0,178.6,42.6,95.38,94.5,5,7,0,2,96,515,350,434,85,110,0,115,70,car,2
926,0,0,1,0,134.4,43.75,28.12,44.5,25,6,0,12,40,100,118,120,88,90,0,115,45,car,2
927,0,0,0,1,139.0,43.27,26.03,42.65,25,6,0,12,40,100,104,120,108,75,0,90,15,train,3
928,0,0,1,0,139.0,43.27,26.03,42.65,25,6,0,12,40,100,104,120,108,75,0,90,70,car,2
929,0,0,1,0,139.0,43.27,26.03,42.65,25,6,0,12,40,100,104,120,108,75,0,90,70,car,2
930,0,0,1,0,135.85,43.2,27.55,45.0,25,6,0,12,40,100,115,120,104,90,0,115,55,car,2
931,0,0,1,0,135.85,43.2,27.55,45.0,25,6,0,12,40,100,115,120,104,90,0,115,70,car,2
932,0,0,1,0,135.85,43.2,27.55,45.0,25,6,0,12,40,100,115,120,104,90,0,115,45,car,2
984,0,0,1,0,126.0,23.73,30.21,36.6,25,1,0,8,40,245,155,98,121,60,0,100,28,car,2
985,0,0,1,0,126.0,23.73,30.21,36.6,25,1,0,8,40,245,155,98,121,60,0,100,70,car,2
986,0,0,1,0,126.0,23.73,30.21,36.6,25,1,0,8,40,245,155,98,121,60,0,100,35,car,2
987,0,0,1,0,126.0,23.73,30.21,36.6,25,1,0,8,40,245,155,98,121,60,0,100,70,car,2
988,0,0,1,0,129.0,22.88,32.11,41.6,25,1,0,4,40,245,144,138,121,55,0,85,31,car,2
989,0,0,1,0,134.4,24.03,27.93,45.0,25,1,0,12,40,245,139,120,113,80,0,120,35,car,2
990,0,0,1,0,139.0,23.55,25.84,43.15,25,1,0,12,40,245,124,120,133,65,0,95,35,car,2
991,0,0,1,0,139.0,23.55,25.84,43.15,25,1,0,12,40,245,124,120,133,65,0,95,70,car,2
1002,0,0,1,0,139.0,23.55,23.75,44.15,25,1,0,12,40,245,93,120,138,75,0,110,55,car,2
1003,0,0,1,0,139.0,23.55,23.75,44.15,25,1,0,12,40,245,93,120,138,75,0,110,70,car,2
1233,0,0,0,1,143.45,27.67,57.19,56.7,6,8,0,2,60,320,189,283,112,60,0,65,25,train,3
1234,0,0,0,1,143.45,27.67,57.19,56.7,6,8,0,2,60,320,189,283,112,60,0,65,35,train,3
1235,0,0,1,0,143.45,27.67,57.19,56.7,6,8,0,2,60,320,189,283,112,60,0,65,25,car,2
1272,0,0,1,0,160.9,33.52,85.5,77.4,36,10,0,3,58,360,315,367,115,73,0,90,55,car,2
1273,0,0,1,0,157.5,34.72,91.96,75.4,36,10,0,3,58,360,321,367,110,72,0,79,70,car,2
1278,0,0,1,0,146.8,26.67,55.48,54.7,6,8,0,4,60,320,184,233,93,55,0,65,45,car,2
1279,1,0,0,0,160.25,32.87,83.03,73.4,36,10,0,3,58,360,304,367,110,63,0,85,70,air,0
1280,1,0,0,0,160.25,32.87,83.03,73.4,36,10,0,3,58,360,304,367,110,63,0,85,70,air,0
1281,1,0,0,0,156.85,34.07,89.49,71.4,36,10,0,3,58,360,310,367,105,62,0,74,70,air,0
1282,1,0,0,0,156.85,34.07,89.49,71.4,36,10,0,3,58,360,310,367,105,62,0,74,70,air,0
1283,1,0,0,0,156.85,34.07,89.49,71.4,36,10,0,3,58,360,310,367,105,62,0,74,70,air,0
1284,1,0,0,0,156.85,34.07,89.49,71.4,36,10,0,3,58,360,310,367,105,62,0,74,70,air,0
1285,1,0,0,0,156.85,34.07,89.49,71.4,36,10,0,3,58,360,310,367,105,62,0,74,45,air,0
1286,1,0,0,0,156.85,34.07,89.49,71.4,36,10,0,3,58,360,310,367,105,62,0,74,70,air,0
1287,1,0,0,0,156.85,34.07,89.49,71.4,36,10,0,3,58,360,310,367,105,62,0,74,70,air,0
1288,1,0,0,0,156.85,34.07,89.49,71.4,36,10,0,3,58,360,310,367,105,62,0,74,70,air,0
1289,1,0,0,0,156.85,34.07,89.49,71.4,36,10,0,3,58,360,310,367,105,62,0,74,55,air,0
1290,1,0,0,0,156.85,34.07,89.49,71.4,36,10,0,3,58,360,310,367,105,62,0,74,70,air,0
1291,1,0,0,0,156.85,34.07,89.49,71.4,36,10,0,3,58,360,310,367,105,62,0,74,70,air,0
1292,1,0,0,0,156.85,34.07,89.49,71.4,36,10,0,3,58,360,310,367,105,62,0,74,55,air,0
1293,1,0,0,0,156.85,34.07,89.49,71.4,36,10,0,3,58,360,310,367,105,62,0,74,70,air,0
1294,1,0,0,0,156.85,34.07,89.49,71.4,36,10,0,3,58,360,310,367,105,62,0,74,70,air,0
1295,1,0,0,0,156.85,34.07,89.49,71.4,36,10,0,3,58,360,310,367,105,62,0,74,70,air,0
1296,1,0,0,0,156.85,34.07,89.49,71.4,36,10,0,3,58,360,310,367,105,62,0,74,35,air,0
1297,1,0,0,0,156.85,34.07,89.49,71.4,36,10,0,3,58,360,310,367,105,62,0,74,55,air,0
1298,1,0,0,0,156.85,34.07,89.49,71.4,36,10,0,3,58,360,310,367,105,62,0,74,70,air,0
1299,1,0,0,0,156.85,34.07,89.49,71.4,36,10,0,3,58,360,310,367,105,62,0,74,70,air,0
1300,1,0,0,0,156.85,34.07,89.49,71.4,36,10,0,3,58,360,310,367,105,62,0,74,70,air,0
1301,1,0,0,0,156.85,34.07,89.49,71.4,36,10,0,3,58,360,310,367,105,62,0,74,70,air,0
1302,1,0,0,0,156.85,34.07,89.49,71.4,36,10,0,3,58,360,310,367,105,62,0,74,70,air,0
1303,0,0,1,0,156.85,34.07,89.49,71.4,36,10,0,3,58,360,310,367,105,62,0,74,55,car,2
1304,0,0,1,0,156.85,34.07,89.49,71.4,36,10,0,3,58,360,310,367,105,62,0,74,70,car,2
1305,0,0,1,0,156.85,34.07,89.49,71.4,36,10,0,3,58,360,310,367,105,62,0,74,55,car,2
1306,1,0,0,0,158.25,33.87,91.39,73.1,36,10,0,3,58,360,324,367,105,65,0,75,45,air,0
1307,1,0,0,0,163.25,32.87,90.44,74.4,36,10,0,3,58,360,317,367,110,60,0,80,36,air,0
1323,1,0,0,0,143.45,26.32,58.71,48.1,6,8,0,4,60,320,198,221,83,58,0,59,70,air,0
1324,0,0,1,0,143.45,26.32,58.71,48.1,6,8,0,4,60,320,198,221,83,58,0,59,35,car,2
1325,0,0,1,0,143.45,26.32,58.71,48.1,6,8,0,4,60,320,198,221,83,58,0,59,25,car,2
1326,0,0,1,0,143.45,26.32,58.71,48.1,6,8,0,4,60,320,198,221,83,58,0,59,41,car,2
1327,0,0,1,0,143.45,26.32,58.71,48.1,6,8,0,4,60,320,198,221,83,58,0,59,70,car,2
1328,0,0,0,1,153.5,33.72,92.72,70.6,36,10,0,4,58,360,325,350,95,65,0,68,45,train,3
1329,0,0,0,1,153.5,33.72,92.72,70.6,36,10,0,4,58,360,325,350,95,65,0,68,55,train,3
1330,1,0,0,0,153.5,33.72,92.72,70.6,36,10,0,4,58,360,325,350,95,65,0,68,41,air,0
1331,1,0,0,0,153.5,33.72,92.72,70.6,36,10,0,4,58,360,325,350,95,65,0,68,41,air,0
1332,1,0,0,0,153.5,33.72,92.72,70.6,36,10,0,4,58,360,325,350,95,65,0,68,45,air,0
1333,1,0,0,0,153.5,33.72,92.72,70.6,36,10,0,4,58,360,325,350,95,65,0,68,41,air,0
1334,1,0,0,0,153.5,33.72,92.72,70.6,36,10,0,4,58,360,325,350,95,65,0,68,70,air,0
1335,1,0,0,0,153.5,33.72,92.72,70.6,36,10,0,4,58,360,325,350,95,65,0,68,70,air,0
1336,1,0,0,0,153.5,33.72,92.72,70.6,36,10,0,4,58,360,325,350,95,65,0,68,70,air,0
1337,1,0,0,0,153.5,33.72,92.72,70.6,36,10,0,4,58,360,325,350,95,65,0,68,70,air,0
1338,1,0,0,0,153.5,33.72,92.72,70.6,36,10,0,4,58,360,325,350,95,65,0,68,70,air,0
1339,1,0,0,0,153.5,33.72,92.72,70.6,36,10,0,4,58,360,325,350,95,65,0,68,35,air,0
1340,1,0,0,0,153.5,33.72,92.72,70.6,36,10,0,4,58,360,325,350,95,65,0,68,70,air,0
1341,1,0,0,0,153.5,33.72,92.72,70.6,36,10,0,4,58,360,325,350,95,65,0,68,70,air,0
1342,1,0,0,0,153.5,33.72,92.72,70.6,36,10,0,4,58,360,325,350,95,65,0,68,70,air,0
1343,0,0,1,0,153.5,33.72,92.72,70.6,36,10,0,4,58,360,325,350,95,65,0,68,70,car,2
1344,0,0,1,0,153.5,33.72,92.72,70.6,36,10,0,4,58,360,325,350,95,65,0,68,70,car,2
1345,1,0,0,0,154.9,33.52,94.62,72.3,36,10,0,4,58,360,338,350,95,68,0,69,70,air,0
1346,1,0,0,0,154.9,33.52,94.62,72.3,36,10,0,4,58,360,338,350,95,68,0,69,70,air,0
1347,1,0,0,0,157.5,33.52,101.27,74.6,36,10,0,4,58,360,344,350,120,93,0,104,70,air,0
1348,1,0,0,0,159.9,32.52,93.67,73.6,36,10,0,4,58,360,331,350,100,63,0,74,70,air,0
1378,1,0,0,0,143.45,26.08,59.28,49.6,6,8,0,4,60,255,200,221,89,65,0,75,45,air,0
1381,1,0,0,0,164.9,36.52,92.53,76.1,36,10,0,4,58,360,306,350,151,100,0,120,70,air,0
1382,1,0,0,0,153.5,34.72,93.29,72.1,36,10,0,4,58,360,327,350,101,72,0,84,70,air,0
1383,1,0,0,0,153.5,34.72,93.29,72.1,36,10,0,4,58,360,327,350,101,72,0,84,70,air,0
1384,1,0,0,0,153.5,34.72,93.29,72.1,36,10,0,4,58,360,327,350,101,72,0,84,70,air,0
1385,1,0,0,0,153.5,34.72,93.29,72.1,36,10,0,4,58,360,327,350,101,72,0,84,70,air,0
1386,1,0,0,0,153.5,34.72,93.29,72.1,36,10,0,4,58,360,327,350,101,72,0,84,70,air,0
1387,1,0,0,0,153.5,34.72,93.29,72.1,36,10,0,4,58,360,327,350,101,72,0,84,70,air,0
1388,1,0,0,0,153.5,34.72,93.29,72.1,36,10,0,4,58,360,327,350,101,72,0,84,70,air,0
1389,1,0,0,0,153.5,34.72,93.29,72.1,36,10,0,4,58,360,327,350,101,72,0,84,70,air,0
1390,1,0,0,0,153.5,34.72,93.29,72.1,36,10,0,4,58,360,327,350,101,72,0,84,70,air,0
1391,1,0,0,0,153.5,34.72,93.29,72.1,36,10,0,4,58,360,327,350,101,72,0,84,70,air,0
1392,1,0,0,0,154.9,34.52,95.19,73.8,36,10,0,4,58,360,340,350,101,75,0,85,70,air,0
1408,0,0,1,0,126.0,25.63,46.55,38.6,25,1,0,8,40,245,217,98,136,60,0,130,35,car,2
1409,0,0,1,0,126.0,25.63,46.55,38.6,25,1,0,8,40,245,217,98,136,60,0,130,26,car,2
1415,0,0,0,1,142.9,19.01,34.77,56.6,6,4,0,4,60,119,137,221,116,62,0,105,37,train,3
1416,0,0,1,0,142.9,19.01,34.77,56.6,6,4,0,4,60,119,137,221,116,62,0,105,70,car,2
1417,0,0,1,0,142.9,18.61,37.62,53.6,6,4,0,4,60,119,145,221,106,70,0,90,70,car,2
1418,0,0,1,0,142.9,18.61,37.62,53.6,6,4,0,4,60,119,145,221,106,70,0,90,15,car,2
1419,0,0,1,0,142.9,18.61,37.62,53.6,6,4,0,4,60,119,145,221,106,70,0,90,55,car,2
1420,0,0,1,0,142.9,18.61,37.62,53.6,6,4,0,4,60,119,145,221,106,70,0,90,45,car,2
1421,0,0,1,0,142.9,18.61,37.62,53.6,6,4,0,4,60,119,145,221,106,70,0,90,70,car,2
1422,0,0,1,0,142.9,25.81,52.63,55.1,6,8,0,4,60,183,211,221,106,90,0,95,45,car,2
1423,0,0,0,1,140.05,23.81,49.59,49.1,6,8,0,4,60,183,183,221,74,65,0,70,25,train,3
1424,0,0,0,1,140.05,23.81,49.59,49.1,6,8,0,4,60,183,183,221,74,65,0,70,35,train,3
1425,0,0,0,1,140.05,23.81,49.59,49.1,6,8,0,4,60,183,183,221,74,65,0,70,45,train,3
1426,1,0,0,0,140.05,23.81,49.59,49.1,6,8,0,4,60,183,183,221,74,65,0,70,70,air,0
1427,1,0,0,0,140.05,23.81,49.59,49.1,6,8,0,4,60,183,183,221,74,65,0,70,70,air,0
1428,1,0,0,0,140.05,23.81,49.59,49.1,6,8,0,4,60,183,183,221,74,65,0,70,70,air,0
1429,1,0,0,0,140.05,23.81,49.59,49.1,6,8,0,4,60,183,183,221,74,65,0,70,70,air,0
1430,0,0,1,0,140.05,23.81,49.59,49.1,6,8,0,4,60,183,183,221,74,65,0,70,45,car,2
1431,0,0,1,0,140.05,23.81,49.59,49.1,6,8,0,4,60,183,183,221,74,65,0,70,55,car,2
1432,0,0,1,0,140.05,23.81,49.59,49.1,6,8,0,4,60,183,183,221,74,65,0,70,55,car,2
1433,0,0,1,0,140.05,23.81,49.59,49.1,6,8,0,4,60,183,183,221,74,65,0,70,70,car,2
1434,0,0,1,0,140.05,23.81,49.59,49.1,6,8,0,4,60,183,183,221,74,65,0,70,70,car,2
1435,0,0,1,0,140.05,23.81,49.59,49.1,6,8,0,4,60,183,183,221,74,65,0,70,55,car,2
1436,0,0,1,0,140.05,23.81,49.59,49.1,6,8,0,4,60,183,183,221,74,65,0,70,70,car,2
1437,0,0,1,0,142.9,25.81,55.48,51.6,6,8,0,4,60,183,216,221,96,80,0,83,45,car,2
1438,0,0,1,0,161.5,26.49,64.6,75.6,36,2,0,4,58,304,230,350,146,65,0,115,70,car,2
1439,0,0,0,1,161.5,29.49,82.84,75.6,36,2,0,4,58,304,288,350,136,105,0,115,55,train,3
1440,0,0,1,0,161.5,29.49,82.84,75.6,36,2,0,4,58,304,288,350,136,105,0,115,55,car,2
1441,1,0,0,0,161.5,29.49,93.86,75.6,36,2,0,4,58,304,330,350,136,105,0,115,70,air,0
1442,1,0,0,0,156.5,31.25,76.38,74.1,36,10,0,4,58,290,299,350,96,85,0,95,70,air,0
1443,1,0,0,0,156.5,31.25,76.38,74.1,36,10,0,4,58,290,299,350,96,85,0,95,70,air,0
1444,1,0,0,0,156.5,31.25,76.38,74.1,36,10,0,4,58,290,299,350,96,85,0,95,70,air,0
1445,1,0,0,0,153.5,31.25,77.14,73.6,36,10,0,4,58,290,303,350,91,73,0,90,70,air,0
1446,1,0,0,0,153.5,31.25,77.14,73.6,36,10,0,4,58,290,303,350,91,73,0,90,35,air,0
1447,1,0,0,0,153.5,31.25,77.14,73.6,36,10,0,4,58,290,303,350,91,73,0,90,70,air,0
1448,1,0,0,0,153.5,31.25,77.14,73.6,36,10,0,4,58,290,303,350,91,73,0,90,55,air,0
1449,1,0,0,0,153.5,31.25,77.14,73.6,36,10,0,4,58,290,303,350,91,73,0,90,70,air,0
1450,1,0,0,0,153.5,31.25,77.14,73.6,36,10,0,4,58,290,303,350,91,73,0,90,70,air,0
1451,0,0,1,0,153.5,31.25,77.14,73.6,36,10,0,4,58,290,303,350,91,73,0,90,45,car,2
1452,0,0,0,1,150.1,32.45,83.6,71.6,36,10,0,4,58,290,309,350,86,72,0,79,37,train,3
1453,0,0,0,1,150.1,32.45,83.6,71.6,36,10,0,4,58,290,309,350,86,72,0,79,45,train,3
1454,0,0,0,1,150.1,32.45,83.6,71.6,36,10,0,4,58,290,309,350,86,72,0,79,70,train,3
1455,1,0,0,0,150.1,32.45,83.6,71.6,36,10,0,4,58,290,309,350,86,72,0,79,70,air,0
1456,1,0,0,0,150.1,32.45,83.6,71.6,36,10,0,4,58,290,309,350,86,72,0,79,70,air,0
1457,1,0,0,0,150.1,32.45,83.6,71.6,36,10,0,4,58,290,309,350,86,72,0,79,70,air,0
1458,1,0,0,0,150.1,32.45,83.6,71.6,36,10,0,4,58,290,309,350,86,72,0,79,70,air,0
1459,1,0,0,0,150.1,32.45,83.6,71.6,36,10,0,4,58,290,309,350,86,72,0,79,70,air,0
1460,1,0,0,0,150.1,32.45,83.6,71.6,36,10,0,4,58,290,309,350,86,72,0,79,70,air,0
1461,1,0,0,0,150.1,32.45,83.6,71.6,36,10,0,4,58,290,309,350,86,72,0,79,70,air,0
1462,1,0,0,0,150.1,32.45,83.6,71.6,36,10,0,4,58,290,309,350,86,72,0,79,70,air,0
1463,1,0,0,0,150.1,32.45,83.6,71.6,36,10,0,4,58,290,309,350,86,72,0,79,70,air,0
1464,1,0,0,0,150.1,32.45,83.6,71.6,36,10,0,4,58,290,309,350,86,72,0,79,70,air,0
1465,1,0,0,0,150.1,32.45,83.6,71.6,36,10,0,4,58,290,309,350,86,72,0,79,70,air,0
1466,1,0,0,0,150.1,32.45,83.6,71.6,36,10,0,4,58,290,309,350,86,72,0,79,70,air,0
1467,1,0,0,0,150.1,32.45,83.6,71.6,36,10,0,4,58,290,309,350,86,72,0,79,70,air,0
1468,1,0,0,0,150.1,32.45,83.6,71.6,36,10,0,4,58,290,309,350,86,72,0,79,45,air,0
1469,1,0,0,0,150.1,32.45,83.6,71.6,36,10,0,4,58,290,309,350,86,72,0,79,70,air,0
1470,1,0,0,0,150.1,32.45,83.6,71.6,36,10,0,4,58,290,309,350,86,72,0,79,70,air,0
1471,1,0,0,0,150.1,32.45,83.6,71.6,36,10,0,4,58,290,309,350,86,72,0,79,70,air,0
1472,1,0,0,0,150.1,32.45,83.6,71.6,36,10,0,4,58,290,309,350,86,72,0,79,70,air,0
1473,1,0,0,0,150.1,32.45,83.6,71.6,36,10,0,4,58,290,309,350,86,72,0,79,40,air,0
1474,1,0,0,0,150.1,32.45,83.6,71.6,36,10,0,4,58,290,309,350,86,72,0,79,70,air,0
1475,1,0,0,0,150.1,32.45,83.6,71.6,36,10,0,4,58,290,309,350,86,72,0,79,55,air,0
1476,1,0,0,0,150.1,32.45,83.6,71.6,36,10,0,4,58,290,309,350,86,72,0,79,70,air,0
1477,1,0,0,0,150.1,32.45,83.6,71.6,36,10,0,4,58,290,309,350,86,72,0,79,70,air,0
1478,1,0,0,0,150.1,32.45,83.6,71.6,36,10,0,4,58,290,309,350,86,72,0,79,70,air,0
1479,1,0,0,0,150.1,32.45,83.6,71.6,36,10,0,4,58,290,309,350,86,72,0,79,70,air,0
1480,1,0,0,0,150.1,32.45,83.6,71.6,36,10,0,4,58,290,309,350,86,72,0,79,70,air,0
1481,1,0,0,0,150.1,32.45,83.6,71.6,36,10,0,4,58,290,309,350,86,72,0,79,70,air,0
1482,1,0,0,0,150.1,32.45,83.6,71.6,36,10,0,4,58,290,309,350,86,72,0,79,70,air,0
1483,1,0,0,0,150.1,32.45,83.6,71.6,36,10,0,4,58,290,309,350,86,72,0,79,70,air,0
1484,1,0,0,0,150.1,32.45,83.6,71.6,36,10,0,4,58,290,309,350,86,72,0,79,35,air,0
1485,1,0,0,0,150.1,32.45,83.6,71.6,36,10,0,4,58,290,309,350,86,72,0,79,70,air,0
1486,1,0,0,0,150.1,32.45,83.6,71.6,36,10,0,4,58,290,309,350,86,72,0,79,70,air,0
1487,1,0,0,0,150.1,32.45,83.6,71.6,36,10,0,4,58,290,309,350,86,72,0,79,70,air,0
1488,1,0,0,0,150.1,32.45,83.6,71.6,36,10,0,4,58,290,309,350,86,72,0,79,55,air,0
1489,1,0,0,0,150.1,32.45,83.6,71.6,36,10,0,4,58,290,309,350,86,72,0,79,70,air,0
1490,1,0,0,0,150.1,32.45,83.6,71.6,36,10,0,4,58,290,309,350,86,72,0,79,70,air,0
1491,1,0,0,0,150.1,32.45,83.6,71.6,36,10,0,4,58,290,309,350,86,72,0,79,70,air,0
1492,1,0,0,0,150.1,32.45,83.6,71.6,36,10,0,4,58,290,309,350,86,72,0,79,70,air,0
1493,1,0,0,0,150.1,32.45,83.6,71.6,36,10,0,4,58,290,309,350,86,72,0,79,35,air,0
1494,1,0,0,0,150.1,32.45,83.6,71.6,36,10,0,4,58,290,309,350,86,72,0,79,70,air,0
1495,1,0,0,0,150.1,32.45,83.6,71.6,36,10,0,4,58,290,309,350,86,72,0,79,70,air,0
1496,1,0,0,0,150.1,32.45,83.6,71.6,36,10,0,4,58,290,309,350,86,72,0,79,70,air,0
1497,1,0,0,0,150.1,32.45,83.6,71.6,36,10,0,4,58,290,309,350,86,72,0,79,70,air,0
1498,1,0,0,0,150.1,32.45,83.6,71.6,36,10,0,4,58,290,309,350,86,72,0,79,70,air,0
1499,1,0,0,0,150.1,32.45,83.6,71.6,36,10,0,4,58,290,309,350,86,72,0,79,70,air,0
1500,1,0,0,0,150.1,32.45,83.6,71.6,36,10,0,4,58,290,309,350,86,72,0,79,70,air,0
1501,1,0,0,0,150.1,32.45,83.6,71.6,36,10,0,4,58,290,309,350,86,72,0,79,70,air,0
1502,1,0,0,0,150.1,32.45,83.6,71.6,36,10,0,4,58,290,309,350,86,72,0,79,70,air,0
1503,1,0,0,0,150.1,32.45,83.6,71.6,36,10,0,4,58,290,309,350,86,72,0,79,45,air,0
1504,1,0,0,0,150.1,32.45,83.6,71.6,36,10,0,4,58,290,309,350,86,72,0,79,55,air,0
1505,1,0,0,0,150.1,32.45,83.6,71.6,36,10,0,4,58,290,309,350,86,72,0,79,70,air,0
1506,1,0,0,0,150.1,32.45,83.6,71.6,36,10,0,4,58,290,309,350,86,72,0,79,55,air,0
1507,1,0,0,0,150.1,32.45,83.6,71.6,36,10,0,4,58,290,309,350,86,72,0,79,55,air,0
1508,1,0,0,0,150.1,32.45,83.6,71.6,36,10,0,4,58,290,309,350,86,72,0,79,70,air,0
1509,1,0,0,0,150.1,32.45,83.6,71.6,36,10,0,4,58,290,309,350,86,72,0,79,70,air,0
1510,1,0,0,0,150.1,32.45,83.6,71.6,36,10,0,4,58,290,309,350,86,72,0,79,70,air,0
1511,1,0,0,0,150.1,32.45,83.6,71.6,36,10,0,4,58,290,309,350,86,72,0,79,35,air,0
1512,1,0,0,0,150.1,32.45,83.6,71.6,36,10,0,4,58,290,309,350,86,72,0,79,55,air,0
1513,1,0,0,0,150.1,32.45,83.6,71.6,36,10,0,4,58,290,309,350,86,72,0,79,70,air,0
1514,0,0,1,0,150.1,32.45,83.6,71.6,36,10,0,4,58,290,309,350,86,72,0,79,30,car,2
1515,0,0,1,0,150.1,32.45,83.6,71.6,36,10,0,4,58,290,309,350,86,72,0,79,70,car,2
1516,0,0,1,0,150.1,32.45,83.6,71.6,36,10,0,4,58,290,309,350,86,72,0,79,70,car,2
1517,0,0,1,0,150.1,32.45,83.6,71.6,36,10,0,4,58,290,309,350,86,72,0,79,35,car,2
1518,0,0,1,0,150.1,32.45,83.6,71.6,36,10,0,4,58,290,309,350,86,72,0,79,55,car,2
1519,1,0,0,0,151.5,32.25,85.5,73.3,36,10,0,4,58,290,322,350,86,75,0,80,70,air,0
1520,1,0,0,0,151.5,32.25,85.5,73.3,36,10,0,4,58,290,322,350,86,75,0,80,70,air,0
1521,1,0,0,0,151.5,32.25,85.5,73.3,36,10,0,4,58,290,322,350,86,75,0,80,70,air,0
1522,1,0,0,0,151.5,32.25,85.5,73.3,36,10,0,4,58,290,322,350,86,75,0,80,35,air,0
1523,1,0,0,0,151.5,32.25,85.5,73.3,36,10,0,4,58,290,322,350,86,75,0,80,70,air,0
1524,1,0,0,0,151.5,32.25,85.5,73.3,36,10,0,4,58,290,322,350,86,75,0,80,70,air,0
1525,1,0,0,0,151.5,32.25,85.5,73.3,36,10,0,4,58,290,322,350,86,75,0,80,70,air,0
1526,0,0,1,0,154.1,32.25,92.15,75.6,36,10,0,4,58,290,329,350,111,100,0,115,70,car,2
1527,1,0,0,0,156.5,31.25,84.55,74.6,36,10,0,4,58,290,316,350,91,70,0,85,70,air,0
1528,1,0,0,0,156.5,31.25,84.55,74.6,36,10,0,4,58,290,316,350,91,70,0,85,55,air,0
1529,0,0,1,0,156.5,31.25,84.55,74.6,36,10,0,4,58,290,316,350,91,70,0,85,70,car,2
1530,0,0,1,0,183.5,33.61,105.64,82.6,45,7,0,4,69,370,377,370,111,90,0,98,35,car,2
1531,0,0,1,0,183.5,33.61,118.75,84.6,45,7,0,4,69,370,428,370,116,100,0,110,70,car,2
1532,1,0,0,0,175.5,33.61,106.78,82.05,45,7,0,4,69,370,372,370,98,75,0,85,55,air,0
1533,1,0,0,0,175.5,33.61,106.78,82.05,45,7,0,4,69,370,372,370,98,75,0,85,70,air,0
1534,1,0,0,0,175.5,33.61,106.78,82.05,45,7,0,4,69,370,372,370,98,75,0,85,27,air,0
1535,0,0,0,1,175.5,33.61,106.78,80.6,45,7,0,4,69,370,372,370,98,80,0,90,45,train,3
1536,1,0,0,0,175.5,33.61,106.78,80.6,45,7,0,4,69,370,372,370,98,80,0,90,70,air,0
1537,1,0,0,0,175.5,33.61,106.78,80.6,45,7,0,4,69,370,372,370,98,80,0,90,45,air,0
1538,1,0,0,0,175.5,33.61,106.78,80.6,45,7,0,4,69,370,372,370,98,80,0,90,35,air,0
1583,0,0,0,1,173.5,33.51,104.88,75.15,45,7,0,4,69,370,359,370,91,73,0,80,70,train,3
1584,0,0,0,1,173.5,33.51,104.88,75.15,45,7,0,4,69,370,359,370,91,73,0,80,70,train,3
1585,1,0,0,0,173.5,33.51,104.88,75.15,45,7,0,4,69,370,359,370,91,73,0,80,70,air,0
1586,1,0,0,0,173.5,33.51,104.88,75.15,45,7,0,4,69,370,359,370,91,73,0,80,55,air,0
1587,1,0,0,0,173.5,33.51,104.88,75.15,45,7,0,4,69,370,359,370,91,73,0,80,45,air,0
1588,1,0,0,0,173.5,33.51,104.88,75.15,45,7,0,4,69,370,359,370,91,73,0,80,70,air,0
1589,1,0,0,0,173.5,33.51,104.88,75.15,45,7,0,4,69,370,359,370,91,73,0,80,70,air,0
1590,1,0,0,0,173.5,33.51,104.88,75.15,45,7,0,4,69,370,359,370,91,73,0,80,70,air,0
1591,1,0,0,0,173.5,33.51,104.88,75.15,45,7,0,4,69,370,359,370,91,73,0,80,70,air,0
1592,1,0,0,0,173.5,33.51,104.88,75.15,45,7,0,4,69,370,359,370,91,73,0,80,70,air,0
1593,1,0,0,0,173.5,33.51,104.88,75.15,45,7,0,4,69,370,359,370,91,73,0,80,45,air,0
1594,1,0,0,0,173.5,33.51,104.88,75.15,45,7,0,4,69,370,359,370,91,73,0,80,45,air,0
1595,1,0,0,0,173.5,33.51,104.88,75.15,45,7,0,4,69,370,359,370,91,73,0,80,70,air,0
1596,1,0,0,0,174.15,33.71,105.83,74.6,45,7,0,4,69,370,365,370,94,70,0,75,70,air,0
1597,1,0,0,0,174.15,33.71,105.83,74.6,45,7,0,4,69,370,365,370,94,70,0,75,55,air,0
1598,0,0,0,1,180.05,33.66,105.83,72.6,45,7,0,4,69,370,365,370,91,68,0,67,70,train,3
1599,0,0,0,1,180.05,33.66,105.83,72.6,45,7,0,4,69,370,365,370,91,68,0,67,70,train,3
1600,0,0,0,1,180.05,33.66,105.83,72.6,45,7,0,4,69,370,365,370,91,68,0,67,55,train,3
1601,0,0,0,1,180.05,33.66,105.83,72.6,45,7,0,4,69,370,365,370,91,68,0,67,70,train,3
1602,0,0,0,1,180.05,33.66,105.83,72.6,45,7,0,4,69,370,365,370,91,68,0,67,70,train,3
1603,0,0,0,1,180.05,33.66,105.83,72.6,45,7,0,4,69,370,365,370,91,68,0,67,35,train,3
1604,0,0,0,1,180.05,33.66,105.83,72.6,45,7,0,4,69,370,365,370,91,68,0,67,70,train,3
1605,1,0,0,0,180.05,33.66,105.83,72.6,45,7,0,4,69,370,365,370,91,68,0,67,70,air,0
1606,1,0,0,0,180.05,33.66,105.83,72.6,45,7,0,4,69,370,365,370,91,68,0,67,70,air,0
1607,1,0,0,0,180.05,33.66,105.83,72.6,45,7,0,4,69,370,365,370,91,68,0,67,70,air,0
1608,1,0,0,0,180.05,33.66,105.83,72.6,45,7,0,4,69,370,365,370,91,68,0,67,70,air,0
1609,1,0,0,0,180.05,33.66,105.83,72.6,45,7,0,4,69,370,365,370,91,68,0,67,70,air,0
1610,1,0,0,0,180.05,33.66,105.83,72.6,45,7,0,4,69,370,365,370,91,68,0,67,70,air,0
1611,1,0,0,0,180.05,33.66,105.83,72.6,45,7,0,4,69,370,365,370,91,68,0,67,45,air,0
1612,1,0,0,0,180.05,33.66,105.83,72.6,45,7,0,4,69,370,365,370,91,68,0,67,70,air,0
1613,1,0,0,0,180.05,33.66,105.83,72.6,45,7,0,4,69,370,365,370,91,68,0,67,70,air,0
1614,0,0,1,0,180.05,33.66,105.83,72.6,45,7,0,4,69,370,365,370,91,68,0,67,70,car,2
1615,0,0,1,0,180.05,33.66,105.83,72.6,45,7,0,4,69,370,365,370,91,68,0,67,70,car,2
1616,0,0,0,1,180.6,34.41,105.83,73.6,45,7,0,4,69,370,365,370,101,75,0,80,45,train,3
1617,1,0,0,0,180.6,34.41,105.83,73.6,45,7,0,4,69,370,365,370,101,75,0,80,70,air,0
1618,1,0,0,0,181.5,34.11,105.83,74.1,45,7,0,4,69,370,365,370,96,80,0,82,70,air,0
1619,1,0,0,0,181.5,34.11,105.83,74.1,45,7,0,4,69,370,365,370,96,80,0,82,25,air,0
1620,1,0,0,0,183.1,35.11,106.78,75.6,45,7,0,4,69,370,372,370,106,85,0,85,55,air,0
1621,1,0,0,0,183.1,35.11,106.78,75.6,45,7,0,4,69,370,372,370,106,85,0,85,70,air,0
1623,1,0,0,0,179.8,33.61,113.05,76.45,45,7,0,4,69,370,392,370,96,80,0,90,70,air,0
1624,1,0,0,0,179.5,35.61,108.49,74.6,45,7,0,4,69,370,372,370,100,85,0,85,25,air,0
1625,1,0,0,0,179.85,33.11,107.16,76.1,45,7,0,4,69,370,366,370,104,70,0,85,55,air,0
1626,1,0,0,0,179.85,33.11,107.16,76.1,45,7,0,4,69,370,366,370,104,70,0,85,70,air,0
1627,1,0,0,0,179.85,33.11,107.16,76.1,45,7,0,4,69,370,366,370,104,70,0,85,70,air,0
1628,1,0,0,0,179.85,33.11,107.16,76.1,45,7,0,4,69,370,366,370,104,70,0,85,70,air,0
1629,1,0,0,0,179.85,33.11,107.16,76.1,45,7,0,4,69,370,366,370,104,70,0,85,70,air,0
1630,1,0,0,0,179.85,33.11,107.16,76.1,45,7,0,4,69,370,366,370,104,70,0,85,34,air,0
1631,1,0,0,0,179.85,33.11,107.16,76.1,45,7,0,4,69,370,366,370,104,70,0,85,70,air,0
1632,1,0,0,0,179.85,33.11,107.16,76.1,45,7,0,4,69,370,366,370,104,70,0,85,70,air,0
1633,1,0,0,0,179.85,33.11,107.16,76.1,45,7,0,4,69,370,366,370,104,70,0,85,70,air,0
1634,1,0,0,0,179.85,33.11,107.16,76.1,45,7,0,4,69,370,366,370,104,70,0,85,70,air,0
1635,0,0,1,0,174.8,33.61,118.56,76.6,45,7,0,4,69,370,409,370,96,90,0,94,70,car,2
1636,1,0,0,0,183.5,33.61,113.05,82.6,45,7,0,4,69,370,416,370,121,95,0,105,55,air,0
1637,1,0,0,0,183.5,33.61,113.05,82.6,45,7,0,4,69,370,416,370,121,95,0,105,45,air,0
1640,1,0,0,0,183.5,33.61,113.05,76.6,45,7,0,4,69,370,392,370,121,95,0,107,55,air,0
1641,1,0,0,0,178.0,35.61,127.49,82.6,45,7,0,4,69,370,440,370,146,115,0,130,70,air,0
1642,0,0,1,0,178.0,35.61,127.49,82.6,45,7,0,4,69,370,440,370,146,115,0,130,35,car,2
1646,1,0,0,0,200.9,53.82,146.3,106.35,4,6,0,2,84,629,492,507,79,66,0,84,35,air,0
1647,1,0,0,0,201.9,53.32,146.87,106.9,4,6,0,2,84,629,496,534,87,66,0,92,55,air,0
1648,1,0,0,0,201.9,53.32,146.87,106.9,4,6,0,2,84,629,496,534,87,66,0,92,70,air,0
1649,1,0,0,0,201.9,53.32,146.87,106.9,4,6,0,2,84,629,496,534,87,66,0,92,35,air,0
1650,1,0,0,0,201.9,53.32,146.87,106.9,4,6,0,2,84,629,496,534,87,66,0,92,55,air,0
1651,1,0,0,0,201.9,53.32,146.87,106.9,4,6,0,2,84,629,496,534,87,66,0,92,70,air,0
1652,1,0,0,0,201.9,53.32,146.87,106.9,4,6,0,2,84,629,496,534,87,66,0,92,70,air,0
1653,1,0,0,0,180.1,34.61,118.56,77.6,45,7,0,4,69,370,409,370,126,105,0,115,70,air,0
1654,1,0,0,0,180.1,34.61,118.56,77.6,45,7,0,4,69,370,409,370,126,105,0,115,70,air,0
1655,1,0,0,0,183.5,34.61,113.62,82.6,45,7,0,4,69,370,387,370,111,90,0,100,25,air,0
1656,0,0,1,0,183.5,34.61,113.62,82.6,45,7,0,4,69,370,387,370,111,90,0,100,35,car,2
1658,1,0,0,0,209.9,56.57,177.46,112.1,4,6,0,2,84,629,615,534,111,105,0,134,70,air,0
1659,1,0,0,0,209.9,56.57,186.2,112.6,4,6,0,2,84,629,667,534,91,115,0,144,70,air,0
1664,0,0,1,0,145.9,17.76,39.52,53.6,6,4,0,3,60,119,134,263,106,65,0,75,25,car,2
1665,0,0,1,0,145.9,24.96,54.53,55.1,6,8,0,3,60,183,200,263,106,85,0,80,45,car,2
1666,0,0,1,0,145.9,24.96,57.38,51.6,6,8,0,3,60,183,205,263,96,75,0,68,45,car,2
1667,1,0,0,0,156.5,30.4,79.04,73.6,36,10,0,2,58,290,292,440,91,68,0,75,70,air,0
1668,1,0,0,0,153.1,31.6,85.5,71.6,36,10,0,2,58,290,298,440,86,67,0,64,70,air,0
1669,1,0,0,0,153.1,31.6,85.5,71.6,36,10,0,2,58,290,298,440,86,67,0,64,70,air,0
1670,1,0,0,0,153.1,31.6,85.5,71.6,36,10,0,2,58,290,298,440,86,67,0,64,70,air,0
1671,1,0,0,0,153.1,31.6,85.5,71.6,36,10,0,2,58,290,298,440,86,67,0,64,70,air,0
1672,1,0,0,0,153.1,31.6,85.5,71.6,36,10,0,2,58,290,298,440,86,67,0,64,35,air,0
1673,1,0,0,0,153.1,31.6,85.5,71.6,36,10,0,2,58,290,298,440,86,67,0,64,70,air,0
1674,1,0,0,0,153.1,31.6,85.5,71.6,36,10,0,2,58,290,298,440,86,67,0,64,70,air,0
1675,1,0,0,0,153.1,31.6,85.5,71.6,36,10,0,2,58,290,298,440,86,67,0,64,55,air,0
1676,1,0,0,0,153.1,31.6,85.5,71.6,36,10,0,2,58,290,298,440,86,67,0,64,55,air,0
1677,1,0,0,0,153.1,31.6,85.5,71.6,36,10,0,2,58,290,298,440,86,67,0,64,45,air,0
1678,1,0,0,0,153.1,31.6,85.5,71.6,36,10,0,2,58,290,298,440,86,67,0,64,70,air,0
1679,1,0,0,0,153.1,31.6,85.5,71.6,36,10,0,2,58,290,298,440,86,67,0,64,70,air,0
1680,1,0,0,0,153.1,31.6,85.5,71.6,36,10,0,2,58,290,298,440,86,67,0,64,70,air,0
1681,1,0,0,0,153.1,31.6,85.5,71.6,36,10,0,2,58,290,298,440,86,67,0,64,70,air,0
1682,0,0,1,0,153.1,31.6,85.5,71.6,36,10,0,2,58,290,298,440,86,67,0,64,70,car,2
1683,1,0,0,0,154.5,31.4,87.4,73.3,36,10,0,2,58,290,311,440,86,70,0,65,70,air,0
1684,1,0,0,0,154.5,31.4,87.4,73.3,36,10,0,2,58,290,311,440,86,70,0,65,70,air,0
1685,1,0,0,0,154.5,31.4,87.4,73.3,36,10,0,2,58,290,311,440,86,70,0,65,70,air,0
1686,1,0,0,0,154.5,31.4,87.4,73.3,36,10,0,2,58,290,311,440,86,70,0,65,70,air,0
1687,1,0,0,0,154.5,31.4,87.4,73.3,36,10,0,2,58,290,311,440,86,70,0,65,70,air,0
1688,1,0,0,0,154.5,31.4,87.4,73.3,36,10,0,2,58,290,311,440,86,70,0,65,70,air,0
1689,1,0,0,0,154.5,31.4,87.4,73.3,36,10,0,2,58,290,311,440,86,70,0,65,70,air,0
1690,0,0,1,0,178.5,32.76,108.68,83.65,45,7,0,3,69,370,361,431,98,70,0,70,35,car,2
1698,1,0,0,0,176.5,32.66,106.78,76.75,45,7,0,3,69,370,348,431,91,68,0,65,55,air,0
1699,1,0,0,0,183.05,32.81,107.73,74.2,45,7,0,3,69,370,354,431,91,63,0,52,70,air,0
1700,1,0,0,0,183.6,33.56,107.73,75.2,45,7,0,3,69,370,354,431,101,70,0,65,70,air,0
1701,1,0,0,0,184.5,33.26,107.73,75.7,45,7,0,3,69,370,354,431,96,75,0,67,55,air,0
1702,1,0,0,0,182.5,34.76,110.39,76.2,45,7,0,3,69,370,361,431,100,80,0,70,70,air,0
1703,1,0,0,0,182.85,32.26,109.06,77.7,45,7,0,3,69,370,355,431,104,65,0,70,70,air,0
1707,1,0,0,0,212.9,54.72,175.56,115.6,4,6,0,2,84,629,602,534,91,70,0,110,35,air,0
1708,0,0,1,0,146.3,24.96,60.61,53.6,6,8,0,3,60,183,219,263,105,110,0,83,35,car,2
1709,1,0,0,0,153.5,31.6,88.73,73.6,36,10,0,2,58,290,313,440,95,102,0,79,70,air,0
1710,1,0,0,0,153.5,31.6,88.73,73.6,36,10,0,2,58,290,313,440,95,102,0,79,70,air,0
1711,1,0,0,0,153.5,31.6,88.73,73.6,36,10,0,2,58,290,313,440,95,102,0,79,70,air,0
1712,1,0,0,0,153.5,31.6,88.73,73.6,36,10,0,2,58,290,313,440,95,102,0,79,70,air,0
1713,1,0,0,0,153.5,31.6,88.73,73.6,36,10,0,2,58,290,313,440,95,102,0,79,55,air,0
1714,0,0,0,1,183.45,32.81,110.96,76.2,45,7,0,3,69,370,369,431,100,98,0,67,15,train,3
1715,1,0,0,0,183.45,32.81,110.96,76.2,45,7,0,3,69,370,369,431,100,98,0,67,70,air,0
1716,1,0,0,0,186.5,34.26,111.91,79.2,45,7,0,3,69,370,375,431,115,115,0,85,55,air,0
1717,1,0,0,0,205.3,52.47,152.0,103.9,4,6,0,2,84,629,500,534,96,96,0,113,70,air,0
1724,0,0,0,1,151.3,18.71,40.66,42.2,6,4,0,5,60,119,152,109,98,95,0,100,45,train,3
1725,0,0,1,0,151.3,18.71,40.66,42.2,6,4,0,5,60,119,152,109,98,95,0,100,70,car,2
1726,0,0,1,0,151.3,19.31,32.49,37.6,6,4,0,2,60,119,120,96,108,82,0,90,45,car,2
1727,0,0,1,0,151.3,18.91,35.34,40.0,6,4,0,5,60,119,129,109,98,90,0,90,35,car,2
1728,0,0,1,0,151.3,26.11,50.35,45.2,6,8,0,5,60,183,195,109,98,110,0,100,70,car,2
1729,1,0,0,0,148.45,24.11,47.31,46.9,6,8,0,8,60,183,166,148,66,85,0,90,70,air,0
1730,0,0,1,0,148.45,24.11,47.31,46.9,6,8,0,8,60,183,166,148,66,85,0,90,36,car,2
1731,0,0,1,0,148.45,24.11,47.31,46.9,6,8,0,8,60,183,166,148,66,85,0,90,70,car,2
1732,0,0,1,0,169.9,29.79,80.56,53.8,36,2,0,3,58,304,272,238,128,125,0,85,70,car,2
1733,1,0,0,0,164.9,31.55,75.24,66.4,36,10,0,3,58,290,266,263,93,100,0,110,70,air,0
1734,0,0,1,0,164.9,31.55,75.24,66.4,36,10,0,3,58,290,266,263,93,100,0,110,70,car,2
1735,0,0,1,0,161.9,31.55,74.86,66.4,36,10,0,3,58,290,286,263,83,93,0,110,35,car,2
1736,0,0,0,1,158.5,32.75,81.32,64.4,36,10,0,3,58,290,293,263,78,92,0,99,35,train,3
1737,1,0,0,0,158.5,32.75,81.32,64.4,36,10,0,3,58,290,293,263,78,92,0,99,70,air,0
1738,1,0,0,0,158.5,32.75,81.32,64.4,36,10,0,3,58,290,293,263,78,92,0,99,70,air,0
1739,1,0,0,0,158.5,32.75,81.32,64.4,36,10,0,3,58,290,293,263,78,92,0,99,70,air,0
1740,1,0,0,0,158.5,32.75,81.32,64.4,36,10,0,3,58,290,293,263,78,92,0,99,36,air,0
1741,1,0,0,0,158.5,32.75,81.32,64.4,36,10,0,3,58,290,293,263,78,92,0,99,70,air,0
1742,1,0,0,0,158.5,32.75,81.32,64.4,36,10,0,3,58,290,293,263,78,92,0,99,70,air,0
1743,1,0,0,0,158.5,32.75,81.32,64.4,36,10,0,3,58,290,293,263,78,92,0,99,70,air,0
1744,1,0,0,0,158.5,32.75,81.32,64.4,36,10,0,3,58,290,293,263,78,92,0,99,55,air,0
1745,1,0,0,0,158.5,32.75,81.32,64.4,36,10,0,3,58,290,293,263,78,92,0,99,70,air,0
1746,1,0,0,0,158.5,32.75,81.32,64.4,36,10,0,3,58,290,293,263,78,92,0,99,45,air,0
1747,1,0,0,0,158.5,32.75,81.32,64.4,36,10,0,3,58,290,293,263,78,92,0,99,70,air,0
1748,1,0,0,0,158.5,32.75,81.32,64.4,36,10,0,3,58,290,293,263,78,92,0,99,70,air,0
1749,1,0,0,0,158.5,32.75,81.32,64.4,36,10,0,3,58,290,293,263,78,92,0,99,70,air,0
1750,1,0,0,0,158.5,32.75,81.32,64.4,36,10,0,3,58,290,293,263,78,92,0,99,70,air,0
1751,1,0,0,0,158.5,32.75,81.32,64.4,36,10,0,3,58,290,293,263,78,92,0,99,55,air,0
1752,1,0,0,0,158.5,32.75,81.32,64.4,36,10,0,3,58,290,293,263,78,92,0,99,70,air,0
1753,1,0,0,0,158.5,32.75,81.32,64.4,36,10,0,3,58,290,293,263,78,92,0,99,25,air,0
1754,1,0,0,0,158.5,32.75,81.32,64.4,36,10,0,3,58,290,293,263,78,92,0,99,70,air,0
1755,1,0,0,0,158.5,32.75,81.32,64.4,36,10,0,3,58,290,293,263,78,92,0,99,70,air,0
1756,1,0,0,0,158.5,32.75,81.32,64.4,36,10,0,3,58,290,293,263,78,92,0,99,70,air,0
1757,1,0,0,0,158.5,32.75,81.32,64.4,36,10,0,3,58,290,293,263,78,92,0,99,70,air,0
1758,1,0,0,0,158.5,32.75,81.32,64.4,36,10,0,3,58,290,293,263,78,92,0,99,35,air,0
1759,1,0,0,0,158.5,32.75,81.32,64.4,36,10,0,3,58,290,293,263,78,92,0,99,70,air,0
1760,1,0,0,0,158.5,32.75,81.32,64.4,36,10,0,3,58,290,293,263,78,92,0,99,45,air,0
1761,1,0,0,0,158.5,32.75,81.32,64.4,36,10,0,3,58,290,293,263,78,92,0,99,70,air,0
1762,1,0,0,0,158.5,32.75,81.32,64.4,36,10,0,3,58,290,293,263,78,92,0,99,70,air,0
1763,1,0,0,0,158.5,32.75,81.32,64.4,36,10,0,3,58,290,293,263,78,92,0,99,35,air,0
1764,1,0,0,0,158.5,32.75,81.32,64.4,36,10,0,3,58,290,293,263,78,92,0,99,70,air,0
1765,1,0,0,0,158.5,32.75,81.32,64.4,36,10,0,3,58,290,293,263,78,92,0,99,45,air,0
1766,0,1,0,0,158.5,32.75,81.32,64.4,36,10,0,3,58,290,293,263,78,92,0,99,15,bus,1
1767,0,0,1,0,158.5,32.75,81.32,64.4,36,10,0,3,58,290,293,263,78,92,0,99,35,car,2
1768,0,0,1,0,158.5,32.75,81.32,64.4,36,10,0,3,58,290,293,263,78,92,0,99,70,car,2
1769,0,0,1,0,158.5,32.75,81.32,64.4,36,10,0,3,58,290,293,263,78,92,0,99,70,car,2
1770,1,0,0,0,159.9,32.55,83.22,66.1,36,10,0,3,58,290,306,263,78,95,0,100,70,air,0
1771,1,0,0,0,159.9,32.55,83.22,66.1,36,10,0,3,58,290,306,263,78,95,0,100,55,air,0
1772,0,0,1,0,159.9,32.55,83.22,66.1,36,10,0,3,58,290,306,263,78,95,0,100,55,car,2
1773,1,0,0,0,164.9,31.55,82.27,67.4,36,10,0,3,58,290,299,263,83,90,0,105,55,air,0
1774,1,0,0,0,191.9,33.91,112.29,81.2,45,7,0,5,69,370,383,304,98,105,0,115,70,air,0
1775,0,0,0,1,183.9,33.91,104.5,80.65,45,7,0,5,69,370,355,304,90,95,0,105,35,train,3
1776,1,0,0,0,183.9,33.91,104.5,79.2,45,7,0,5,69,370,355,304,90,100,0,110,35,air,0
1789,1,0,0,0,181.9,33.81,102.6,73.75,45,7,0,5,69,370,342,304,83,93,0,100,70,air,0
1790,1,0,0,0,181.9,33.81,102.6,73.75,45,7,0,5,69,370,342,304,83,93,0,100,70,air,0
1791,1,0,0,0,181.9,33.81,102.6,73.75,45,7,0,5,69,370,342,304,83,93,0,100,45,air,0
1792,1,0,0,0,181.9,33.81,102.6,73.75,45,7,0,5,69,370,342,304,83,93,0,100,70,air,0
1793,0,0,0,1,182.55,34.01,103.55,73.2,45,7,0,5,69,370,349,304,86,90,0,95,25,train,3
1794,1,0,0,0,182.55,34.01,103.55,73.2,45,7,0,5,69,370,349,304,86,90,0,95,70,air,0
1795,0,0,0,1,188.45,33.96,103.55,71.2,45,7,0,5,69,370,349,304,83,88,0,87,70,train,3
1796,0,0,0,1,188.45,33.96,103.55,71.2,45,7,0,5,69,370,349,304,83,88,0,87,55,train,3
1797,0,0,0,1,188.45,33.96,103.55,71.2,45,7,0,5,69,370,349,304,83,88,0,87,5,train,3
1798,0,0,0,1,188.45,33.96,103.55,71.2,45,7,0,5,69,370,349,304,83,88,0,87,55,train,3
1799,1,0,0,0,188.45,33.96,103.55,71.2,45,7,0,5,69,370,349,304,83,88,0,87,35,air,0
1800,1,0,0,0,188.45,33.96,103.55,71.2,45,7,0,5,69,370,349,304,83,88,0,87,70,air,0
1801,1,0,0,0,188.45,33.96,103.55,71.2,45,7,0,5,69,370,349,304,83,88,0,87,70,air,0
1802,1,0,0,0,188.45,33.96,103.55,71.2,45,7,0,5,69,370,349,304,83,88,0,87,70,air,0
1803,1,0,0,0,188.45,33.96,103.55,71.2,45,7,0,5,69,370,349,304,83,88,0,87,70,air,0
1804,0,0,1,0,188.45,33.96,103.55,71.2,45,7,0,5,69,370,349,304,83,88,0,87,70,car,2
1805,0,0,1,0,188.45,33.96,103.55,71.2,45,7,0,5,69,370,349,304,83,88,0,87,70,car,2
1807,1,0,0,0,188.25,33.41,104.88,74.7,45,7,0,5,69,370,350,304,96,90,0,105,70,air,0
1808,1,0,0,0,188.25,33.41,104.88,74.7,45,7,0,5,69,370,350,304,96,90,0,105,55,air,0
1809,1,0,0,0,188.25,33.41,104.88,74.7,45,7,0,5,69,370,350,304,96,90,0,105,55,air,0
1811,1,0,0,0,186.4,35.91,125.21,81.2,45,7,0,5,69,370,424,304,138,135,0,150,70,air,0
1812,1,0,0,0,209.3,54.12,144.02,101.35,4,6,0,2,84,629,475,507,71,86,0,85,55,air,0
1813,1,0,0,0,210.3,53.62,144.59,101.9,4,6,0,2,84,629,480,534,79,86,0,93,70,air,0
1814,1,0,0,0,210.3,53.62,144.59,101.9,4,6,0,2,84,629,480,534,79,86,0,93,70,air,0
1815,1,0,0,0,210.3,53.62,144.59,101.9,4,6,0,2,84,629,480,534,79,86,0,93,45,air,0
1817,1,0,0,0,188.5,34.91,116.28,76.2,45,7,0,5,69,370,393,304,118,125,0,135,70,air,0
1819,0,0,0,1,139.0,25.45,42.18,45.15,25,1,0,12,40,245,186,120,148,65,0,125,35,train,3
1820,0,0,0,1,139.0,25.45,42.18,45.15,25,1,0,12,40,245,186,120,148,65,0,125,35,train,3
1821,0,0,1,0,139.0,25.45,42.18,45.15,25,1,0,12,40,245,186,120,148,65,0,125,25,car,2
1829,0,0,0,1,155.9,18.23,38.57,40.35,6,4,0,5,60,119,138,109,118,80,0,75,24,train,3
1830,0,0,1,0,155.9,18.23,38.57,40.35,6,4,0,5,60,119,138,109,118,80,0,75,70,car,2
1832,0,0,0,1,155.9,18.83,30.4,35.75,6,4,0,2,60,119,106,96,128,67,0,65,45,train,3
1833,0,0,1,0,155.9,18.83,30.4,35.75,6,4,0,2,60,119,106,96,128,67,0,65,55,car,2
1834,0,0,1,0,155.9,18.83,30.4,35.75,6,4,0,2,60,119,106,96,128,67,0,65,31,car,2
1835,0,0,0,1,155.9,18.43,33.25,38.15,6,4,0,5,60,119,115,109,118,75,0,65,70,train,3
1836,0,0,0,1,155.9,18.43,33.25,38.15,6,4,0,5,60,119,115,109,118,75,0,65,25,train,3
1837,0,0,0,1,155.9,18.43,33.25,38.15,6,4,0,5,60,119,115,109,118,75,0,65,70,train,3
1838,0,0,0,1,155.9,18.43,33.25,38.15,6,4,0,5,60,119,115,109,118,75,0,65,70,train,3
1839,0,0,1,0,155.9,18.43,33.25,38.15,6,4,0,5,60,119,115,109,118,75,0,65,70,car,2
1840,0,0,1,0,155.9,18.43,33.25,38.15,6,4,0,5,60,119,115,109,118,75,0,65,70,car,2
1841,0,0,1,0,155.9,25.63,48.26,43.35,6,8,0,5,60,183,181,109,118,95,0,75,25,car,2
1842,0,0,0,1,153.05,23.63,45.22,45.05,6,8,0,8,60,183,152,148,86,70,0,65,70,train,3
1843,0,0,0,1,153.05,23.63,45.22,45.05,6,8,0,8,60,183,152,148,86,70,0,65,55,train,3
1844,0,0,0,1,153.05,23.63,45.22,45.05,6,8,0,8,60,183,152,148,86,70,0,65,45,train,3
1845,0,0,0,1,153.05,23.63,45.22,45.05,6,8,0,8,60,183,152,148,86,70,0,65,70,train,3
1846,0,0,0,1,153.05,23.63,45.22,45.05,6,8,0,8,60,183,152,148,86,70,0,65,45,train,3
1847,0,0,0,1,153.05,23.63,45.22,45.05,6,8,0,8,60,183,152,148,86,70,0,65,55,train,3
1848,0,0,0,1,153.05,23.63,45.22,45.05,6,8,0,8,60,183,152,148,86,70,0,65,70,train,3
1849,0,0,0,1,153.05,23.63,45.22,45.05,6,8,0,8,60,183,152,148,86,70,0,65,55,train,3
1850,0,0,0,1,153.05,23.63,45.22,45.05,6,8,0,8,60,183,152,148,86,70,0,65,35,train,3
1851,0,0,0,1,153.05,23.63,45.22,45.05,6,8,0,8,60,183,152,148,86,70,0,65,55,train,3
1852,0,0,0,1,153.05,23.63,45.22,45.05,6,8,0,8,60,183,152,148,86,70,0,65,25,train,3
1853,0,0,0,1,153.05,23.63,45.22,45.05,6,8,0,8,60,183,152,148,86,70,0,65,70,train,3
1854,0,0,0,1,153.05,23.63,45.22,45.05,6,8,0,8,60,183,152,148,86,70,0,65,55,train,3
1855,0,0,0,1,153.05,23.63,45.22,45.05,6,8,0,8,60,183,152,148,86,70,0,65,55,train,3
1856,0,0,0,1,153.05,23.63,45.22,45.05,6,8,0,8,60,183,152,148,86,70,0,65,35,train,3
1857,0,0,0,1,153.05,23.63,45.22,45.05,6,8,0,8,60,183,152,148,86,70,0,65,45,train,3
1858,0,0,0,1,153.05,23.63,45.22,45.05,6,8,0,8,60,183,152,148,86,70,0,65,70,train,3
1859,0,0,0,1,153.05,23.63,45.22,45.05,6,8,0,8,60,183,152,148,86,70,0,65,70,train,3
1860,0,0,0,1,153.05,23.63,45.22,45.05,6,8,0,8,60,183,152,148,86,70,0,65,70,train,3
1861,0,0,0,1,153.05,23.63,45.22,45.05,6,8,0,8,60,183,152,148,86,70,0,65,70,train,3
1862,0,0,0,1,153.05,23.63,45.22,45.05,6,8,0,8,60,183,152,148,86,70,0,65,70,train,3
1863,0,0,0,1,153.05,23.63,45.22,45.05,6,8,0,8,60,183,152,148,86,70,0,65,25,train,3
1864,0,0,0,1,153.05,23.63,45.22,45.05,6,8,0,8,60,183,152,148,86,70,0,65,55,train,3
1865,0,0,0,1,153.05,23.63,45.22,45.05,6,8,0,8,60,183,152,148,86,70,0,65,70,train,3
1866,0,0,0,1,153.05,23.63,45.22,45.05,6,8,0,8,60,183,152,148,86,70,0,65,25,train,3
1867,0,0,0,1,153.05,23.63,45.22,45.05,6,8,0,8,60,183,152,148,86,70,0,65,45,train,3
1868,0,0,0,1,153.05,23.63,45.22,45.05,6,8,0,8,60,183,152,148,86,70,0,65,70,train,3
1869,0,0,0,1,153.05,23.63,45.22,45.05,6,8,0,8,60,183,152,148,86,70,0,65,70,train,3
1870,0,0,0,1,153.05,23.63,45.22,45.05,6,8,0,8,60,183,152,148,86,70,0,65,70,train,3
1871,0,0,0,1,153.05,23.63,45.22,45.05,6,8,0,8,60,183,152,148,86,70,0,65,70,train,3
1872,0,0,0,1,153.05,23.63,45.22,45.05,6,8,0,8,60,183,152,148,86,70,0,65,70,train,3
1873,0,0,0,1,153.05,23.63,45.22,45.05,6,8,0,8,60,183,152,148,86,70,0,65,55,train,3
1874,0,0,0,1,153.05,23.63,45.22,45.05,6,8,0,8,60,183,152,148,86,70,0,65,55,train,3
1875,0,0,0,1,153.05,23.63,45.22,45.05,6,8,0,8,60,183,152,148,86,70,0,65,25,train,3
1876,0,0,1,0,153.05,23.63,45.22,45.05,6,8,0,8,60,183,152,148,86,70,0,65,70,car,2
1877,0,0,1,0,153.05,23.63,45.22,45.05,6,8,0,8,60,183,152,148,86,70,0,65,55,car,2
1878,0,0,1,0,153.05,23.63,45.22,45.05,6,8,0,8,60,183,152,148,86,70,0,65,35,car,2
1879,0,0,1,0,153.05,23.63,45.22,45.05,6,8,0,8,60,183,152,148,86,70,0,65,55,car,2
1880,0,0,1,0,153.05,23.63,45.22,45.05,6,8,0,8,60,183,152,148,86,70,0,65,45,car,2
1881,0,0,1,0,153.05,23.63,45.22,45.05,6,8,0,8,60,183,152,148,86,70,0,65,35,car,2
1882,0,0,1,0,153.05,23.63,45.22,45.05,6,8,0,8,60,183,152,148,86,70,0,65,70,car,2
1883,0,0,1,0,153.05,23.63,45.22,45.05,6,8,0,8,60,183,152,148,86,70,0,65,35,car,2
1884,0,0,0,1,155.9,25.63,51.11,47.55,6,8,0,8,60,183,185,148,108,85,0,78,55,train,3
1885,0,0,0,1,155.9,25.63,51.11,47.55,6,8,0,8,60,183,185,148,108,85,0,78,70,train,3
1886,0,0,1,0,155.9,25.63,51.11,47.55,6,8,0,8,60,183,185,148,108,85,0,78,35,car,2
1887,0,0,0,1,174.5,26.31,60.23,55.35,36,2,0,5,58,304,199,190,158,70,0,60,55,train,3
1888,0,0,0,1,174.5,26.31,60.23,55.35,36,2,0,5,58,304,199,190,158,70,0,60,35,train,3
1889,0,0,0,1,174.5,26.31,60.23,55.35,36,2,0,5,58,304,199,190,158,70,0,60,70,train,3
1890,0,0,0,1,174.5,26.31,60.23,55.35,36,2,0,5,58,304,199,190,158,70,0,60,70,train,3
1891,0,0,0,1,174.5,26.31,60.23,55.35,36,2,0,5,58,304,199,190,158,70,0,60,25,train,3
1892,0,0,0,1,174.5,26.31,60.23,55.35,36,2,0,5,58,304,199,190,158,70,0,60,55,train,3
1893,0,0,0,1,174.5,26.31,60.23,55.35,36,2,0,5,58,304,199,190,158,70,0,60,25,train,3
1894,1,0,0,0,174.5,26.31,60.23,55.35,36,2,0,5,58,304,199,190,158,70,0,60,55,air,0
1895,0,0,0,1,171.1,28.31,64.03,52.55,36,2,0,8,58,304,216,148,123,88,0,95,45,train,3
1896,1,0,0,0,171.1,28.31,64.03,52.55,36,2,0,8,58,304,216,148,123,88,0,95,70,air,0
1897,1,0,0,0,171.1,28.31,64.03,52.55,36,2,0,8,58,304,216,148,123,88,0,95,70,air,0
1898,1,0,0,0,171.1,28.31,64.03,52.55,36,2,0,8,58,304,216,148,123,88,0,95,70,air,0
1899,1,0,0,0,171.1,28.31,64.03,52.55,36,2,0,8,58,304,216,148,123,88,0,95,70,air,0
1900,1,0,0,0,171.1,28.31,64.03,52.55,36,2,0,8,58,304,216,148,123,88,0,95,70,air,0
1901,0,0,1,0,171.1,28.31,64.03,52.55,36,2,0,8,58,304,216,148,123,88,0,95,70,car,2
1902,0,0,0,1,174.5,29.31,78.47,51.95,36,2,0,3,58,304,258,238,148,110,0,60,70,train,3
1903,0,0,0,1,174.5,29.31,78.47,51.95,36,2,0,3,58,304,258,238,148,110,0,60,45,train,3
1904,0,0,0,1,174.5,29.31,78.47,51.95,36,2,0,3,58,304,258,238,148,110,0,60,70,train,3
1905,0,0,0,1,174.5,29.31,78.47,51.95,36,2,0,3,58,304,258,238,148,110,0,60,15,train,3
1906,1,0,0,0,174.5,29.31,78.47,51.95,36,2,0,3,58,304,258,238,148,110,0,60,35,air,0
1907,1,0,0,0,174.5,29.31,89.49,55.95,36,2,0,3,58,304,299,238,148,110,0,85,70,air,0
1908,0,0,0,1,165.1,31.37,65.55,59.35,36,1,0,3,58,299,240,223,131,69,0,65,45,train,3
1909,0,0,0,1,165.1,31.37,65.55,59.35,36,1,0,3,58,299,240,223,131,69,0,65,35,train,3
1910,1,0,0,0,165.1,31.37,65.55,59.35,36,1,0,3,58,299,240,223,131,69,0,65,55,air,0
1911,1,0,0,0,165.1,31.37,65.55,59.35,36,1,0,3,58,299,240,223,131,69,0,65,70,air,0
1912,1,0,0,0,169.5,31.07,72.01,65.05,36,10,0,3,58,290,269,263,108,90,0,90,70,air,0
1913,1,0,0,0,166.5,31.07,72.77,64.55,36,10,0,3,58,290,272,263,103,78,0,85,55,air,0
1914,1,0,0,0,166.5,31.07,72.77,64.55,36,10,0,3,58,290,272,263,103,78,0,85,70,air,0
1915,1,0,0,0,166.5,31.07,72.77,64.55,36,10,0,3,58,290,272,263,103,78,0,85,70,air,0
1916,1,0,0,0,166.5,31.07,72.77,64.55,36,10,0,3,58,290,272,263,103,78,0,85,70,air,0
1917,1,0,0,0,166.5,31.07,72.77,64.55,36,10,0,3,58,290,272,263,103,78,0,85,70,air,0
1918,1,0,0,0,166.5,31.07,72.77,64.55,36,10,0,3,58,290,272,263,103,78,0,85,39,air,0
1919,1,0,0,0,166.5,31.07,72.77,64.55,36,10,0,3,58,290,272,263,103,78,0,85,55,air,0
1920,1,0,0,0,166.5,31.07,72.77,64.55,36,10,0,3,58,290,272,263,103,78,0,85,55,air,0
1921,1,0,0,0,166.5,31.07,72.77,64.55,36,10,0,3,58,290,272,263,103,78,0,85,70,air,0
1922,1,0,0,0,166.5,31.07,72.77,64.55,36,10,0,3,58,290,272,263,103,78,0,85,45,air,0
1923,0,0,0,1,163.1,32.27,79.23,62.55,36,10,0,3,58,290,278,263,98,77,0,74,25,train,3
1924,0,0,0,1,163.1,32.27,79.23,62.55,36,10,0,3,58,290,278,263,98,77,0,74,70,train,3
1925,0,0,0,1,163.1,32.27,79.23,62.55,36,10,0,3,58,290,278,263,98,77,0,74,70,train,3
1926,0,0,0,1,163.1,32.27,79.23,62.55,36,10,0,3,58,290,278,263,98,77,0,74,70,train,3
1927,0,0,0,1,163.1,32.27,79.23,62.55,36,10,0,3,58,290,278,263,98,77,0,74,55,train,3
1928,0,0,0,1,163.1,32.27,79.23,62.55,36,10,0,3,58,290,278,263,98,77,0,74,70,train,3
1929,0,0,0,1,163.1,32.27,79.23,62.55,36,10,0,3,58,290,278,263,98,77,0,74,15,train,3
1930,0,0,0,1,163.1,32.27,79.23,62.55,36,10,0,3,58,290,278,263,98,77,0,74,35,train,3
1931,0,0,0,1,163.1,32.27,79.23,62.55,36,10,0,3,58,290,278,263,98,77,0,74,70,train,3
1932,0,0,0,1,163.1,32.27,79.23,62.55,36,10,0,3,58,290,278,263,98,77,0,74,45,train,3
1933,0,0,0,1,163.1,32.27,79.23,62.55,36,10,0,3,58,290,278,263,98,77,0,74,45,train,3
1934,0,0,0,1,163.1,32.27,79.23,62.55,36,10,0,3,58,290,278,263,98,77,0,74,55,train,3
1935,0,0,0,1,163.1,32.27,79.23,62.55,36,10,0,3,58,290,278,263,98,77,0,74,55,train,3
1936,0,0,0,1,163.1,32.27,79.23,62.55,36,10,0,3,58,290,278,263,98,77,0,74,55,train,3
1937,0,0,0,1,163.1,32.27,79.23,62.55,36,10,0,3,58,290,278,263,98,77,0,74,15,train,3
1938,0,0,0,1,163.1,32.27,79.23,62.55,36,10,0,3,58,290,278,263,98,77,0,74,55,train,3
1939,0,0,0,1,163.1,32.27,79.23,62.55,36,10,0,3,58,290,278,263,98,77,0,74,45,train,3
1940,0,0,0,1,163.1,32.27,79.23,62.55,36,10,0,3,58,290,278,263,98,77,0,74,35,train,3
1941,0,0,0,1,163.1,32.27,79.23,62.55,36,10,0,3,58,290,278,263,98,77,0,74,45,train,3
1942,0,0,0,1,163.1,32.27,79.23,62.55,36,10,0,3,58,290,278,263,98,77,0,74,35,train,3
1943,0,0,0,1,163.1,32.27,79.23,62.55,36,10,0,3,58,290,278,263,98,77,0,74,35,train,3
1944,0,0,0,1,163.1,32.27,79.23,62.55,36,10,0,3,58,290,278,263,98,77,0,74,5,train,3
1945,0,0,0,1,163.1,32.27,79.23,62.55,36,10,0,3,58,290,278,263,98,77,0,74,70,train,3
1946,0,0,0,1,163.1,32.27,79.23,62.55,36,10,0,3,58,290,278,263,98,77,0,74,55,train,3
1947,0,0,0,1,163.1,32.27,79.23,62.55,36,10,0,3,58,290,278,263,98,77,0,74,70,train,3
1948,0,0,0,1,163.1,32.27,79.23,62.55,36,10,0,3,58,290,278,263,98,77,0,74,70,train,3
1949,0,0,0,1,163.1,32.27,79.23,62.55,36,10,0,3,58,290,278,263,98,77,0,74,55,train,3
1950,0,0,0,1,163.1,32.27,79.23,62.55,36,10,0,3,58,290,278,263,98,77,0,74,55,train,3
1951,0,0,0,1,163.1,32.27,79.23,62.55,36,10,0,3,58,290,278,263,98,77,0,74,70,train,3
1952,0,0,0,1,163.1,32.27,79.23,62.55,36,10,0,3,58,290,278,263,98,77,0,74,25,train,3
1953,0,0,0,1,163.1,32.27,79.23,62.55,36,10,0,3,58,290,278,263,98,77,0,74,70,train,3
1954,0,0,0,1,163.1,32.27,79.23,62.55,36,10,0,3,58,290,278,263,98,77,0,74,5,train,3
1955,0,0,0,1,163.1,32.27,79.23,62.55,36,10,0,3,58,290,278,263,98,77,0,74,15,train,3
1956,0,0,0,1,163.1,32.27,79.23,62.55,36,10,0,3,58,290,278,263,98,77,0,74,70,train,3
1957,0,0,0,1,163.1,32.27,79.23,62.55,36,10,0,3,58,290,278,263,98,77,0,74,5,train,3
1958,0,0,0,1,163.1,32.27,79.23,62.55,36,10,0,3,58,290,278,263,98,77,0,74,70,train,3
1959,1,0,0,0,163.1,32.27,79.23,62.55,36,10,0,3,58,290,278,263,98,77,0,74,50,air,0
1960,1,0,0,0,163.1,32.27,79.23,62.55,36,10,0,3,58,290,278,263,98,77,0,74,70,air,0
1961,1,0,0,0,163.1,32.27,79.23,62.55,36,10,0,3,58,290,278,263,98,77,0,74,70,air,0
1962,1,0,0,0,163.1,32.27,79.23,62.55,36,10,0,3,58,290,278,263,98,77,0,74,35,air,0
1963,1,0,0,0,163.1,32.27,79.23,62.55,36,10,0,3,58,290,278,263,98,77,0,74,35,air,0
1964,1,0,0,0,163.1,32.27,79.23,62.55,36,10,0,3,58,290,278,263,98,77,0,74,70,air,0
1965,1,0,0,0,163.1,32.27,79.23,62.55,36,10,0,3,58,290,278,263,98,77,0,74,35,air,0
1966,1,0,0,0,163.1,32.27,79.23,62.55,36,10,0,3,58,290,278,263,98,77,0,74,70,air,0
1967,1,0,0,0,163.1,32.27,79.23,62.55,36,10,0,3,58,290,278,263,98,77,0,74,70,air,0
1968,1,0,0,0,163.1,32.27,79.23,62.55,36,10,0,3,58,290,278,263,98,77,0,74,70,air,0
1969,1,0,0,0,163.1,32.27,79.23,62.55,36,10,0,3,58,290,278,263,98,77,0,74,70,air,0
1970,1,0,0,0,163.1,32.27,79.23,62.55,36,10,0,3,58,290,278,263,98,77,0,74,55,air,0
1971,1,0,0,0,163.1,32.27,79.23,62.55,36,10,0,3,58,290,278,263,98,77,0,74,70,air,0
1972,1,0,0,0,163.1,32.27,79.23,62.55,36,10,0,3,58,290,278,263,98,77,0,74,70,air,0
1973,1,0,0,0,163.1,32.27,79.23,62.55,36,10,0,3,58,290,278,263,98,77,0,74,70,air,0
1974,1,0,0,0,163.1,32.27,79.23,62.55,36,10,0,3,58,290,278,263,98,77,0,74,70,air,0
1975,1,0,0,0,163.1,32.27,79.23,62.55,36,10,0,3,58,290,278,263,98,77,0,74,70,air,0
1976,1,0,0,0,163.1,32.27,79.23,62.55,36,10,0,3,58,290,278,263,98,77,0,74,70,air,0
1977,1,0,0,0,163.1,32.27,79.23,62.55,36,10,0,3,58,290,278,263,98,77,0,74,55,air,0
1978,1,0,0,0,163.1,32.27,79.23,62.55,36,10,0,3,58,290,278,263,98,77,0,74,70,air,0
1979,1,0,0,0,163.1,32.27,79.23,62.55,36,10,0,3,58,290,278,263,98,77,0,74,70,air,0
1980,1,0,0,0,163.1,32.27,79.23,62.55,36,10,0,3,58,290,278,263,98,77,0,74,55,air,0
1981,1,0,0,0,163.1,32.27,79.23,62.55,36,10,0,3,58,290,278,263,98,77,0,74,70,air,0
1982,1,0,0,0,163.1,32.27,79.23,62.55,36,10,0,3,58,290,278,263,98,77,0,74,70,air,0
1983,1,0,0,0,163.1,32.27,79.23,62.55,36,10,0,3,58,290,278,263,98,77,0,74,70,air,0
1984,1,0,0,0,163.1,32.27,79.23,62.55,36,10,0,3,58,290,278,263,98,77,0,74,40,air,0
1985,1,0,0,0,163.1,32.27,79.23,62.55,36,10,0,3,58,290,278,263,98,77,0,74,70,air,0
1986,1,0,0,0,163.1,32.27,79.23,62.55,36,10,0,3,58,290,278,263,98,77,0,74,30,air,0
1987,1,0,0,0,163.1,32.27,79.23,62.55,36,10,0,3,58,290,278,263,98,77,0,74,70,air,0
1988,1,0,0,0,163.1,32.27,79.23,62.55,36,10,0,3,58,290,278,263,98,77,0,74,70,air,0
1989,1,0,0,0,163.1,32.27,79.23,62.55,36,10,0,3,58,290,278,263,98,77,0,74,31,air,0
1990,1,0,0,0,163.1,32.27,79.23,62.55,36,10,0,3,58,290,278,263,98,77,0,74,70,air,0
1991,1,0,0,0,163.1,32.27,79.23,62.55,36,10,0,3,58,290,278,263,98,77,0,74,70,air,0
1992,1,0,0,0,163.1,32.27,79.23,62.55,36,10,0,3,58,290,278,263,98,77,0,74,45,air,0
1993,1,0,0,0,163.1,32.27,79.23,62.55,36,10,0,3,58,290,278,263,98,77,0,74,70,air,0
1994,1,0,0,0,163.1,32.27,79.23,62.55,36,10,0,3,58,290,278,263,98,77,0,74,70,air,0
1995,1,0,0,0,163.1,32.27,79.23,62.55,36,10,0,3,58,290,278,263,98,77,0,74,70,air,0
1996,1,0,0,0,163.1,32.27,79.23,62.55,36,10,0,3,58,290,278,263,98,77,0,74,55,air,0
1997,1,0,0,0,163.1,32.27,79.23,62.55,36,10,0,3,58,290,278,263,98,77,0,74,70,air,0
1998,1,0,0,0,163.1,32.27,79.23,62.55,36,10,0,3,58,290,278,263,98,77,0,74,70,air,0
1999,1,0,0,0,163.1,32.27,79.23,62.55,36,10,0,3,58,290,278,263,98,77,0,74,35,air,0
2000,1,0,0,0,163.1,32.27,79.23,62.55,36,10,0,3,58,290,278,263,98,77,0,74,70,air,0
2001,1,0,0,0,163.1,32.27,79.23,62.55,36,10,0,3,58,290,278,263,98,77,0,74,70,air,0
2002,1,0,0,0,163.1,32.27,79.23,62.55,36,10,0,3,58,290,278,263,98,77,0,74,70,air,0
2003,1,0,0,0,163.1,32.27,79.23,62.55,36,10,0,3,58,290,278,263,98,77,0,74,70,air,0
2004,1,0,0,0,163.1,32.27,79.23,62.55,36,10,0,3,58,290,278,263,98,77,0,74,70,air,0
2005,1,0,0,0,163.1,32.27,79.23,62.55,36,10,0,3,58,290,278,263,98,77,0,74,70,air,0
2006,1,0,0,0,163.1,32.27,79.23,62.55,36,10,0,3,58,290,278,263,98,77,0,74,45,air,0
2007,1,0,0,0,163.1,32.27,79.23,62.55,36,10,0,3,58,290,278,263,98,77,0,74,70,air,0
2008,1,0,0,0,163.1,32.27,79.23,62.55,36,10,0,3,58,290,278,263,98,77,0,74,30,air,0
2009,1,0,0,0,163.1,32.27,79.23,62.55,36,10,0,3,58,290,278,263,98,77,0,74,35,air,0
2010,1,0,0,0,163.1,32.27,79.23,62.55,36,10,0,3,58,290,278,263,98,77,0,74,70,air,0
2011,1,0,0,0,163.1,32.27,79.23,62.55,36,10,0,3,58,290,278,263,98,77,0,74,70,air,0
2012,1,0,0,0,163.1,32.27,79.23,62.55,36,10,0,3,58,290,278,263,98,77,0,74,70,air,0
2013,1,0,0,0,163.1,32.27,79.23,62.55,36,10,0,3,58,290,278,263,98,77,0,74,35,air,0
2014,1,0,0,0,163.1,32.27,79.23,62.55,36,10,0,3,58,290,278,263,98,77,0,74,30,air,0
2015,1,0,0,0,163.1,32.27,79.23,62.55,36,10,0,3,58,290,278,263,98,77,0,74,70,air,0
2016,1,0,0,0,163.1,32.27,79.23,62.55,36,10,0,3,58,290,278,263,98,77,0,74,70,air,0
2017,1,0,0,0,163.1,32.27,79.23,62.55,36,10,0,3,58,290,278,263,98,77,0,74,55,air,0
2018,1,0,0,0,163.1,32.27,79.23,62.55,36,10,0,3,58,290,278,263,98,77,0,74,70,air,0
2019,1,0,0,0,163.1,32.27,79.23,62.55,36,10,0,3,58,290,278,263,98,77,0,74,55,air,0
2020,1,0,0,0,163.1,32.27,79.23,62.55,36,10,0,3,58,290,278,263,98,77,0,74,70,air,0
2021,1,0,0,0,163.1,32.27,79.23,62.55,36,10,0,3,58,290,278,263,98,77,0,74,70,air,0
2022,1,0,0,0,163.1,32.27,79.23,62.55,36,10,0,3,58,290,278,263,98,77,0,74,70,air,0
2023,1,0,0,0,163.1,32.27,79.23,62.55,36,10,0,3,58,290,278,263,98,77,0,74,55,air,0
2024,1,0,0,0,163.1,32.27,79.23,62.55,36,10,0,3,58,290,278,263,98,77,0,74,70,air,0
2025,1,0,0,0,163.1,32.27,79.23,62.55,36,10,0,3,58,290,278,263,98,77,0,74,55,air,0
2026,1,0,0,0,163.1,32.27,79.23,62.55,36,10,0,3,58,290,278,263,98,77,0,74,30,air,0
2027,1,0,0,0,163.1,32.27,79.23,62.55,36,10,0,3,58,290,278,263,98,77,0,74,70,air,0
2028,1,0,0,0,163.1,32.27,79.23,62.55,36,10,0,3,58,290,278,263,98,77,0,74,70,air,0
2029,1,0,0,0,163.1,32.27,79.23,62.55,36,10,0,3,58,290,278,263,98,77,0,74,45,air,0
2030,1,0,0,0,163.1,32.27,79.23,62.55,36,10,0,3,58,290,278,263,98,77,0,74,70,air,0
2031,1,0,0,0,163.1,32.27,79.23,62.55,36,10,0,3,58,290,278,263,98,77,0,74,70,air,0
2032,1,0,0,0,163.1,32.27,79.23,62.55,36,10,0,3,58,290,278,263,98,77,0,74,55,air,0
2033,1,0,0,0,163.1,32.27,79.23,62.55,36,10,0,3,58,290,278,263,98,77,0,74,70,air,0
2034,1,0,0,0,163.1,32.27,79.23,62.55,36,10,0,3,58,290,278,263,98,77,0,74,35,air,0
2035,1,0,0,0,163.1,32.27,79.23,62.55,36,10,0,3,58,290,278,263,98,77,0,74,35,air,0
2036,1,0,0,0,163.1,32.27,79.23,62.55,36,10,0,3,58,290,278,263,98,77,0,74,70,air,0
2037,1,0,0,0,163.1,32.27,79.23,62.55,36,10,0,3,58,290,278,263,98,77,0,74,70,air,0
2038,1,0,0,0,163.1,32.27,79.23,62.55,36,10,0,3,58,290,278,263,98,77,0,74,35,air,0
2039,1,0,0,0,163.1,32.27,79.23,62.55,36,10,0,3,58,290,278,263,98,77,0,74,35,air,0
2040,1,0,0,0,163.1,32.27,79.23,62.55,36,10,0,3,58,290,278,263,98,77,0,74,70,air,0
2041,1,0,0,0,163.1,32.27,79.23,62.55,36,10,0,3,58,290,278,263,98,77,0,74,70,air,0
2042,1,0,0,0,163.1,32.27,79.23,62.55,36,10,0,3,58,290,278,263,98,77,0,74,55,air,0
2043,1,0,0,0,163.1,32.27,79.23,62.55,36,10,0,3,58,290,278,263,98,77,0,74,70,air,0
2044,1,0,0,0,163.1,32.27,79.23,62.55,36,10,0,3,58,290,278,263,98,77,0,74,30,air,0
2045,1,0,0,0,163.1,32.27,79.23,62.55,36,10,0,3,58,290,278,263,98,77,0,74,70,air,0
2046,1,0,0,0,163.1,32.27,79.23,62.55,36,10,0,3,58,290,278,263,98,77,0,74,70,air,0
2047,1,0,0,0,163.1,32.27,79.23,62.55,36,10,0,3,58,290,278,263,98,77,0,74,55,air,0
2048,1,0,0,0,163.1,32.27,79.23,62.55,36,10,0,3,58,290,278,263,98,77,0,74,55,air,0
2049,1,0,0,0,163.1,32.27,79.23,62.55,36,10,0,3,58,290,278,263,98,77,0,74,70,air,0
2050,1,0,0,0,163.1,32.27,79.23,62.55,36,10,0,3,58,290,278,263,98,77,0,74,35,air,0
2051,1,0,0,0,163.1,32.27,79.23,62.55,36,10,0,3,58,290,278,263,98,77,0,74,70,air,0
2052,1,0,0,0,163.1,32.27,79.23,62.55,36,10,0,3,58,290,278,263,98,77,0,74,30,air,0
2053,1,0,0,0,163.1,32.27,79.23,62.55,36,10,0,3,58,290,278,263,98,77,0,74,45,air,0
2054,1,0,0,0,163.1,32.27,79.23,62.55,36,10,0,3,58,290,278,263,98,77,0,74,70,air,0
2055,1,0,0,0,163.1,32.27,79.23,62.55,36,10,0,3,58,290,278,263,98,77,0,74,70,air,0
2056,1,0,0,0,163.1,32.27,79.23,62.55,36,10,0,3,58,290,278,263,98,77,0,74,70,air,0
2057,1,0,0,0,163.1,32.27,79.23,62.55,36,10,0,3,58,290,278,263,98,77,0,74,70,air,0
2058,1,0,0,0,163.1,32.27,79.23,62.55,36,10,0,3,58,290,278,263,98,77,0,74,70,air,0
2059,1,0,0,0,163.1,32.27,79.23,62.55,36,10,0,3,58,290,278,263,98,77,0,74,70,air,0
2060,1,0,0,0,163.1,32.27,79.23,62.55,36,10,0,3,58,290,278,263,98,77,0,74,70,air,0
2061,1,0,0,0,163.1,32.27,79.23,62.55,36,10,0,3,58,290,278,263,98,77,0,74,55,air,0
2062,1,0,0,0,163.1,32.27,79.23,62.55,36,10,0,3,58,290,278,263,98,77,0,74,70,air,0
2063,1,0,0,0,163.1,32.27,79.23,62.55,36,10,0,3,58,290,278,263,98,77,0,74,70,air,0
2064,1,0,0,0,163.1,32.27,79.23,62.55,36,10,0,3,58,290,278,263,98,77,0,74,55,air,0
2065,1,0,0,0,163.1,32.27,79.23,62.55,36,10,0,3,58,290,278,263,98,77,0,74,70,air,0
2066,1,0,0,0,163.1,32.27,79.23,62.55,36,10,0,3,58,290,278,263,98,77,0,74,70,air,0
2067,1,0,0,0,163.1,32.27,79.23,62.55,36,10,0,3,58,290,278,263,98,77,0,74,70,air,0
2068,1,0,0,0,163.1,32.27,79.23,62.55,36,10,0,3,58,290,278,263,98,77,0,74,70,air,0
2069,1,0,0,0,163.1,32.27,79.23,62.55,36,10,0,3,58,290,278,263,98,77,0,74,70,air,0
2070,1,0,0,0,163.1,32.27,79.23,62.55,36,10,0,3,58,290,278,263,98,77,0,74,45,air,0
2071,1,0,0,0,163.1,32.27,79.23,62.55,36,10,0,3,58,290,278,263,98,77,0,74,70,air,0
2072,1,0,0,0,163.1,32.27,79.23,62.55,36,10,0,3,58,290,278,263,98,77,0,74,45,air,0
2073,1,0,0,0,163.1,32.27,79.23,62.55,36,10,0,3,58,290,278,263,98,77,0,74,45,air,0
2074,1,0,0,0,163.1,32.27,79.23,62.55,36,10,0,3,58,290,278,263,98,77,0,74,70,air,0
2075,1,0,0,0,163.1,32.27,79.23,62.55,36,10,0,3,58,290,278,263,98,77,0,74,55,air,0
2076,1,0,0,0,163.1,32.27,79.23,62.55,36,10,0,3,58,290,278,263,98,77,0,74,30,air,0
2077,1,0,0,0,163.1,32.27,79.23,62.55,36,10,0,3,58,290,278,263,98,77,0,74,70,air,0
2078,1,0,0,0,163.1,32.27,79.23,62.55,36,10,0,3,58,290,278,263,98,77,0,74,35,air,0
2079,1,0,0,0,163.1,32.27,79.23,62.55,36,10,0,3,58,290,278,263,98,77,0,74,70,air,0
2080,1,0,0,0,163.1,32.27,79.23,62.55,36,10,0,3,58,290,278,263,98,77,0,74,70,air,0
2081,1,0,0,0,163.1,32.27,79.23,62.55,36,10,0,3,58,290,278,263,98,77,0,74,70,air,0
2082,1,0,0,0,163.1,32.27,79.23,62.55,36,10,0,3,58,290,278,263,98,77,0,74,70,air,0
2083,1,0,0,0,163.1,32.27,79.23,62.55,36,10,0,3,58,290,278,263,98,77,0,74,70,air,0
2084,1,0,0,0,163.1,32.27,79.23,62.55,36,10,0,3,58,290,278,263,98,77,0,74,5,air,0
2085,1,0,0,0,163.1,32.27,79.23,62.55,36,10,0,3,58,290,278,263,98,77,0,74,70,air,0
2086,1,0,0,0,163.1,32.27,79.23,62.55,36,10,0,3,58,290,278,263,98,77,0,74,25,air,0
2087,1,0,0,0,163.1,32.27,79.23,62.55,36,10,0,3,58,290,278,263,98,77,0,74,70,air,0
2088,1,0,0,0,163.1,32.27,79.23,62.55,36,10,0,3,58,290,278,263,98,77,0,74,70,air,0
2089,1,0,0,0,163.1,32.27,79.23,62.55,36,10,0,3,58,290,278,263,98,77,0,74,55,air,0
2090,1,0,0,0,163.1,32.27,79.23,62.55,36,10,0,3,58,290,278,263,98,77,0,74,55,air,0
2091,1,0,0,0,163.1,32.27,79.23,62.55,36,10,0,3,58,290,278,263,98,77,0,74,70,air,0
2092,1,0,0,0,163.1,32.27,79.23,62.55,36,10,0,3,58,290,278,263,98,77,0,74,70,air,0
2093,1,0,0,0,163.1,32.27,79.23,62.55,36,10,0,3,58,290,278,263,98,77,0,74,70,air,0
2094,1,0,0,0,163.1,32.27,79.23,62.55,36,10,0,3,58,290,278,263,98,77,0,74,70,air,0
2095,1,0,0,0,163.1,32.27,79.23,62.55,36,10,0,3,58,290,278,263,98,77,0,74,55,air,0
2096,1,0,0,0,163.1,32.27,79.23,62.55,36,10,0,3,58,290,278,263,98,77,0,74,70,air,0
2097,1,0,0,0,163.1,32.27,79.23,62.55,36,10,0,3,58,290,278,263,98,77,0,74,70,air,0
2098,1,0,0,0,163.1,32.27,79.23,62.55,36,10,0,3,58,290,278,263,98,77,0,74,70,air,0
2099,1,0,0,0,163.1,32.27,79.23,62.55,36,10,0,3,58,290,278,263,98,77,0,74,70,air,0
2100,1,0,0,0,163.1,32.27,79.23,62.55,36,10,0,3,58,290,278,263,98,77,0,74,70,air,0
2101,1,0,0,0,163.1,32.27,79.23,62.55,36,10,0,3,58,290,278,263,98,77,0,74,70,air,0
2102,1,0,0,0,163.1,32.27,79.23,62.55,36,10,0,3,58,290,278,263,98,77,0,74,70,air,0
2103,1,0,0,0,163.1,32.27,79.23,62.55,36,10,0,3,58,290,278,263,98,77,0,74,45,air,0
2104,1,0,0,0,163.1,32.27,79.23,62.55,36,10,0,3,58,290,278,263,98,77,0,74,70,air,0
2105,1,0,0,0,163.1,32.27,79.23,62.55,36,10,0,3,58,290,278,263,98,77,0,74,70,air,0
2106,1,0,0,0,163.1,32.27,79.23,62.55,36,10,0,3,58,290,278,263,98,77,0,74,55,air,0
2107,1,0,0,0,163.1,32.27,79.23,62.55,36,10,0,3,58,290,278,263,98,77,0,74,55,air,0
2108,1,0,0,0,163.1,32.27,79.23,62.55,36,10,0,3,58,290,278,263,98,77,0,74,70,air,0
2109,1,0,0,0,163.1,32.27,79.23,62.55,36,10,0,3,58,290,278,263,98,77,0,74,70,air,0
2110,1,0,0,0,163.1,32.27,79.23,62.55,36,10,0,3,58,290,278,263,98,77,0,74,35,air,0
2111,1,0,0,0,163.1,32.27,79.23,62.55,36,10,0,3,58,290,278,263,98,77,0,74,70,air,0
2112,1,0,0,0,163.1,32.27,79.23,62.55,36,10,0,3,58,290,278,263,98,77,0,74,70,air,0
2113,1,0,0,0,163.1,32.27,79.23,62.55,36,10,0,3,58,290,278,263,98,77,0,74,70,air,0
2114,1,0,0,0,163.1,32.27,79.23,62.55,36,10,0,3,58,290,278,263,98,77,0,74,70,air,0
2115,1,0,0,0,163.1,32.27,79.23,62.55,36,10,0,3,58,290,278,263,98,77,0,74,70,air,0
2116,1,0,0,0,163.1,32.27,79.23,62.55,36,10,0,3,58,290,278,263,98,77,0,74,70,air,0
2117,1,0,0,0,163.1,32.27,79.23,62.55,36,10,0,3,58,290,278,263,98,77,0,74,70,air,0
2118,1,0,0,0,163.1,32.27,79.23,62.55,36,10,0,3,58,290,278,263,98,77,0,74,55,air,0
2119,1,0,0,0,163.1,32.27,79.23,62.55,36,10,0,3,58,290,278,263,98,77,0,74,30,air,0
2120,1,0,0,0,163.1,32.27,79.23,62.55,36,10,0,3,58,290,278,263,98,77,0,74,70,air,0
2121,1,0,0,0,163.1,32.27,79.23,62.55,36,10,0,3,58,290,278,263,98,77,0,74,70,air,0
2122,1,0,0,0,163.1,32.27,79.23,62.55,36,10,0,3,58,290,278,263,98,77,0,74,25,air,0
2123,1,0,0,0,163.1,32.27,79.23,62.55,36,10,0,3,58,290,278,263,98,77,0,74,70,air,0
2124,1,0,0,0,163.1,32.27,79.23,62.55,36,10,0,3,58,290,278,263,98,77,0,74,70,air,0
2125,1,0,0,0,163.1,32.27,79.23,62.55,36,10,0,3,58,290,278,263,98,77,0,74,45,air,0
2126,1,0,0,0,163.1,32.27,79.23,62.55,36,10,0,3,58,290,278,263,98,77,0,74,45,air,0
2127,1,0,0,0,163.1,32.27,79.23,62.55,36,10,0,3,58,290,278,263,98,77,0,74,70,air,0
2128,1,0,0,0,163.1,32.27,79.23,62.55,36,10,0,3,58,290,278,263,98,77,0,74,31,air,0
2129,1,0,0,0,163.1,32.27,79.23,62.55,36,10,0,3,58,290,278,263,98,77,0,74,45,air,0
2130,1,0,0,0,163.1,32.27,79.23,62.55,36,10,0,3,58,290,278,263,98,77,0,74,70,air,0
2131,1,0,0,0,163.1,32.27,79.23,62.55,36,10,0,3,58,290,278,263,98,77,0,74,55,air,0
2132,1,0,0,0,163.1,32.27,79.23,62.55,36,10,0,3,58,290,278,263,98,77,0,74,35,air,0
2133,1,0,0,0,163.1,32.27,79.23,62.55,36,10,0,3,58,290,278,263,98,77,0,74,45,air,0
2134,1,0,0,0,163.1,32.27,79.23,62.55,36,10,0,3,58,290,278,263,98,77,0,74,70,air,0
2135,1,0,0,0,163.1,32.27,79.23,62.55,36,10,0,3,58,290,278,263,98,77,0,74,70,air,0
2136,1,0,0,0,163.1,32.27,79.23,62.55,36,10,0,3,58,290,278,263,98,77,0,74,55,air,0
2137,1,0,0,0,163.1,32.27,79.23,62.55,36,10,0,3,58,290,278,263,98,77,0,74,70,air,0
2138,1,0,0,0,163.1,32.27,79.23,62.55,36,10,0,3,58,290,278,263,98,77,0,74,70,air,0
2139,0,1,0,0,163.1,32.27,79.23,62.55,36,10,0,3,58,290,278,263,98,77,0,74,45,bus,1
2140,0,0,1,0,163.1,32.27,79.23,62.55,36,10,0,3,58,290,278,263,98,77,0,74,70,car,2
2141,0,0,1,0,163.1,32.27,79.23,62.55,36,10,0,3,58,290,278,263,98,77,0,74,55,car,2
2142,0,0,1,0,163.1,32.27,79.23,62.55,36,10,0,3,58,290,278,263,98,77,0,74,70,car,2
2143,0,0,1,0,163.1,32.27,79.23,62.55,36,10,0,3,58,290,278,263,98,77,0,74,55,car,2
2144,0,0,1,0,163.1,32.27,79.23,62.55,36,10,0,3,58,290,278,263,98,77,0,74,70,car,2
2145,0,0,1,0,163.1,32.27,79.23,62.55,36,10,0,3,58,290,278,263,98,77,0,74,70,car,2
2146,0,0,1,0,163.1,32.27,79.23,62.55,36,10,0,3,58,290,278,263,98,77,0,74,35,car,2
2147,0,0,1,0,163.1,32.27,79.23,62.55,36,10,0,3,58,290,278,263,98,77,0,74,70,car,2
2148,0,0,1,0,163.1,32.27,79.23,62.55,36,10,0,3,58,290,278,263,98,77,0,74,70,car,2
2149,0,0,1,0,163.1,32.27,79.23,62.55,36,10,0,3,58,290,278,263,98,77,0,74,70,car,2
2150,0,0,1,0,163.1,32.27,79.23,62.55,36,10,0,3,58,290,278,263,98,77,0,74,35,car,2
2151,0,0,1,0,163.1,32.27,79.23,62.55,36,10,0,3,58,290,278,263,98,77,0,74,45,car,2
2152,0,0,0,1,164.5,32.07,81.13,64.25,36,10,0,3,58,290,292,263,98,80,0,75,45,train,3
2153,0,0,0,1,164.5,32.07,81.13,64.25,36,10,0,3,58,290,292,263,98,80,0,75,70,train,3
2154,0,0,0,1,164.5,32.07,81.13,64.25,36,10,0,3,58,290,292,263,98,80,0,75,45,train,3
2155,0,0,0,1,164.5,32.07,81.13,64.25,36,10,0,3,58,290,292,263,98,80,0,75,5,train,3
2156,0,0,0,1,164.5,32.07,81.13,64.25,36,10,0,3,58,290,292,263,98,80,0,75,45,train,3
2157,1,0,0,0,164.5,32.07,81.13,64.25,36,10,0,3,58,290,292,263,98,80,0,75,45,air,0
2158,1,0,0,0,164.5,32.07,81.13,64.25,36,10,0,3,58,290,292,263,98,80,0,75,70,air,0
2159,1,0,0,0,164.5,32.07,81.13,64.25,36,10,0,3,58,290,292,263,98,80,0,75,35,air,0
2160,1,0,0,0,164.5,32.07,81.13,64.25,36,10,0,3,58,290,292,263,98,80,0,75,70,air,0
2161,1,0,0,0,164.5,32.07,81.13,64.25,36,10,0,3,58,290,292,263,98,80,0,75,70,air,0
2162,1,0,0,0,164.5,32.07,81.13,64.25,36,10,0,3,58,290,292,263,98,80,0,75,70,air,0
2163,1,0,0,0,164.5,32.07,81.13,64.25,36,10,0,3,58,290,292,263,98,80,0,75,70,air,0
2164,1,0,0,0,164.5,32.07,81.13,64.25,36,10,0,3,58,290,292,263,98,80,0,75,70,air,0
2165,1,0,0,0,164.5,32.07,81.13,64.25,36,10,0,3,58,290,292,263,98,80,0,75,70,air,0
2166,1,0,0,0,164.5,32.07,81.13,64.25,36,10,0,3,58,290,292,263,98,80,0,75,55,air,0
2167,1,0,0,0,164.5,32.07,81.13,64.25,36,10,0,3,58,290,292,263,98,80,0,75,45,air,0
2168,1,0,0,0,164.5,32.07,81.13,64.25,36,10,0,3,58,290,292,263,98,80,0,75,70,air,0
2169,1,0,0,0,164.5,32.07,81.13,64.25,36,10,0,3,58,290,292,263,98,80,0,75,70,air,0
2170,1,0,0,0,164.5,32.07,81.13,64.25,36,10,0,3,58,290,292,263,98,80,0,75,70,air,0
2171,1,0,0,0,164.5,32.07,81.13,64.25,36,10,0,3,58,290,292,263,98,80,0,75,45,air,0
2172,1,0,0,0,164.5,32.07,81.13,64.25,36,10,0,3,58,290,292,263,98,80,0,75,70,air,0
2173,1,0,0,0,164.5,32.07,81.13,64.25,36,10,0,3,58,290,292,263,98,80,0,75,35,air,0
2174,1,0,0,0,164.5,32.07,81.13,64.25,36,10,0,3,58,290,292,263,98,80,0,75,45,air,0
2175,1,0,0,0,164.5,32.07,81.13,64.25,36,10,0,3,58,290,292,263,98,80,0,75,70,air,0
2176,1,0,0,0,164.5,32.07,81.13,64.25,36,10,0,3,58,290,292,263,98,80,0,75,70,air,0
2177,1,0,0,0,164.5,32.07,81.13,64.25,36,10,0,3,58,290,292,263,98,80,0,75,70,air,0
2178,1,0,0,0,164.5,32.07,81.13,64.25,36,10,0,3,58,290,292,263,98,80,0,75,70,air,0
2179,1,0,0,0,164.5,32.07,81.13,64.25,36,10,0,3,58,290,292,263,98,80,0,75,35,air,0
2180,1,0,0,0,164.5,32.07,81.13,64.25,36,10,0,3,58,290,292,263,98,80,0,75,55,air,0
2181,1,0,0,0,164.5,32.07,81.13,64.25,36,10,0,3,58,290,292,263,98,80,0,75,70,air,0
2182,1,0,0,0,164.5,32.07,81.13,64.25,36,10,0,3,58,290,292,263,98,80,0,75,70,air,0
2183,1,0,0,0,164.5,32.07,81.13,64.25,36,10,0,3,58,290,292,263,98,80,0,75,70,air,0
2184,0,0,0,1,168.5,31.07,84.36,64.55,36,10,0,3,58,290,300,263,118,80,0,79,45,train,3
2185,1,0,0,0,168.5,31.07,84.36,64.55,36,10,0,3,58,290,300,263,118,80,0,79,70,air,0
2186,0,0,1,0,168.5,31.07,84.36,64.55,36,10,0,3,58,290,300,263,118,80,0,79,45,car,2
2187,1,0,0,0,167.1,32.07,87.78,66.55,36,10,0,3,58,290,298,263,123,105,0,110,70,air,0
2188,1,0,0,0,167.1,32.07,87.78,66.55,36,10,0,3,58,290,298,263,123,105,0,110,25,air,0
2189,1,0,0,0,167.1,32.07,87.78,66.55,36,10,0,3,58,290,298,263,123,105,0,110,55,air,0
2190,0,0,0,1,169.5,31.07,80.18,65.55,36,10,0,3,58,290,285,263,103,75,0,80,5,train,3
2191,0,0,0,1,169.5,31.07,80.18,65.55,36,10,0,3,58,290,285,263,103,75,0,80,55,train,3
2192,0,0,0,1,169.5,31.07,80.18,65.55,36,10,0,3,58,290,285,263,103,75,0,80,45,train,3
2193,1,0,0,0,169.5,31.07,80.18,65.55,36,10,0,3,58,290,285,263,103,75,0,80,55,air,0
2194,1,0,0,0,169.5,31.07,80.18,65.55,36,10,0,3,58,290,285,263,103,75,0,80,70,air,0
2195,1,0,0,0,169.5,31.07,80.18,65.55,36,10,0,3,58,290,285,263,103,75,0,80,35,air,0
2196,1,0,0,0,169.5,31.07,80.18,65.55,36,10,0,3,58,290,285,263,103,75,0,80,70,air,0
2197,1,0,0,0,169.5,31.07,80.18,65.55,36,10,0,3,58,290,285,263,103,75,0,80,45,air,0
2198,1,0,0,0,169.5,31.07,80.18,65.55,36,10,0,3,58,290,285,263,103,75,0,80,70,air,0
2199,0,0,0,1,196.5,33.43,101.27,79.35,45,7,0,5,69,370,347,304,123,95,0,93,70,train,3
2200,1,0,0,0,196.5,33.43,101.27,79.35,45,7,0,5,69,370,347,304,123,95,0,93,70,air,0
2201,1,0,0,0,196.5,33.43,110.2,79.35,45,7,0,5,69,370,369,304,118,90,0,90,70,air,0
2202,0,0,0,1,196.5,33.43,114.38,81.35,45,7,0,5,69,370,397,304,128,105,0,105,45,train,3
2203,0,0,0,1,196.5,33.43,114.38,81.35,45,7,0,5,69,370,397,304,128,105,0,105,70,train,3
2204,1,0,0,0,188.5,33.43,102.41,78.8,45,7,0,5,69,370,341,304,110,80,0,80,70,air,0
2205,1,0,0,0,188.5,33.43,102.41,78.8,45,7,0,5,69,370,341,304,110,80,0,80,35,air,0
2206,1,0,0,0,188.5,33.43,102.41,78.8,45,7,0,5,69,370,341,304,110,80,0,80,45,air,0
2207,1,0,0,0,188.5,33.43,102.41,77.35,45,7,0,5,69,370,341,304,110,85,0,85,55,air,0
2270,0,0,0,1,186.5,33.33,100.51,71.9,45,7,0,5,69,370,328,304,103,78,0,75,25,train,3
2271,0,0,0,1,186.5,33.33,100.51,71.9,45,7,0,5,69,370,328,304,103,78,0,75,35,train,3
2272,0,0,0,1,186.5,33.33,100.51,71.9,45,7,0,5,69,370,328,304,103,78,0,75,35,train,3
2273,0,0,0,1,186.5,33.33,100.51,71.9,45,7,0,5,69,370,328,304,103,78,0,75,5,train,3
2274,1,0,0,0,186.5,33.33,100.51,71.9,45,7,0,5,69,370,328,304,103,78,0,75,70,air,0
2275,1,0,0,0,186.5,33.33,100.51,71.9,45,7,0,5,69,370,328,304,103,78,0,75,70,air,0
2276,1,0,0,0,186.5,33.33,100.51,71.9,45,7,0,5,69,370,328,304,103,78,0,75,55,air,0
2277,1,0,0,0,186.5,33.33,100.51,71.9,45,7,0,5,69,370,328,304,103,78,0,75,70,air,0
2278,1,0,0,0,186.5,33.33,100.51,71.9,45,7,0,5,69,370,328,304,103,78,0,75,26,air,0
2279,1,0,0,0,186.5,33.33,100.51,71.9,45,7,0,5,69,370,328,304,103,78,0,75,70,air,0
2280,1,0,0,0,186.5,33.33,100.51,71.9,45,7,0,5,69,370,328,304,103,78,0,75,70,air,0
2281,1,0,0,0,186.5,33.33,100.51,71.9,45,7,0,5,69,370,328,304,103,78,0,75,70,air,0
2282,1,0,0,0,186.5,33.33,100.51,71.9,45,7,0,5,69,370,328,304,103,78,0,75,70,air,0
2283,1,0,0,0,186.5,33.33,100.51,71.9,45,7,0,5,69,370,328,304,103,78,0,75,70,air,0
2284,1,0,0,0,186.5,33.33,100.51,71.9,45,7,0,5,69,370,328,304,103,78,0,75,15,air,0
2285,1,0,0,0,186.5,33.33,100.51,71.9,45,7,0,5,69,370,328,304,103,78,0,75,70,air,0
2286,1,0,0,0,186.5,33.33,100.51,71.9,45,7,0,5,69,370,328,304,103,78,0,75,70,air,0
2287,1,0,0,0,186.5,33.33,100.51,71.9,45,7,0,5,69,370,328,304,103,78,0,75,70,air,0
2288,1,0,0,0,186.5,33.33,100.51,71.9,45,7,0,5,69,370,328,304,103,78,0,75,55,air,0
2289,1,0,0,0,186.5,33.33,100.51,71.9,45,7,0,5,69,370,328,304,103,78,0,75,70,air,0
2290,1,0,0,0,186.5,33.33,100.51,71.9,45,7,0,5,69,370,328,304,103,78,0,75,70,air,0
2291,1,0,0,0,186.5,33.33,100.51,71.9,45,7,0,5,69,370,328,304,103,78,0,75,70,air,0
2292,1,0,0,0,186.5,33.33,100.51,71.9,45,7,0,5,69,370,328,304,103,78,0,75,70,air,0
2293,1,0,0,0,186.5,33.33,100.51,71.9,45,7,0,5,69,370,328,304,103,78,0,75,70,air,0
2294,1,0,0,0,186.5,33.33,100.51,71.9,45,7,0,5,69,370,328,304,103,78,0,75,25,air,0
2295,0,0,1,0,186.5,33.33,100.51,71.9,45,7,0,5,69,370,328,304,103,78,0,75,35,car,2
2296,0,0,1,0,186.5,33.33,100.51,71.9,45,7,0,5,69,370,328,304,103,78,0,75,70,car,2
2297,0,0,1,0,186.5,33.33,100.51,71.9,45,7,0,5,69,370,328,304,103,78,0,75,70,car,2
2298,0,0,1,0,186.5,33.33,100.51,71.9,45,7,0,5,69,370,328,304,103,78,0,75,70,car,2
2299,1,0,0,0,187.15,33.53,101.46,71.35,45,7,0,5,69,370,335,304,106,75,0,70,70,air,0
2300,1,0,0,0,187.15,33.53,101.46,71.35,45,7,0,5,69,370,335,304,106,75,0,70,70,air,0
2301,1,0,0,0,187.15,33.53,101.46,71.35,45,7,0,5,69,370,335,304,106,75,0,70,70,air,0
2302,1,0,0,0,187.15,33.53,101.46,71.35,45,7,0,5,69,370,335,304,106,75,0,70,70,air,0
2303,0,0,0,1,193.05,33.48,101.46,69.35,45,7,0,5,69,370,335,304,103,73,0,62,70,train,3
2304,0,0,0,1,193.05,33.48,101.46,69.35,45,7,0,5,69,370,335,304,103,73,0,62,45,train,3
2305,0,0,0,1,193.05,33.48,101.46,69.35,45,7,0,5,69,370,335,304,103,73,0,62,70,train,3
2306,0,0,0,1,193.05,33.48,101.46,69.35,45,7,0,5,69,370,335,304,103,73,0,62,45,train,3
2307,0,0,0,1,193.05,33.48,101.46,69.35,45,7,0,5,69,370,335,304,103,73,0,62,45,train,3
2308,0,0,0,1,193.05,33.48,101.46,69.35,45,7,0,5,69,370,335,304,103,73,0,62,23,train,3
2309,0,0,0,1,193.05,33.48,101.46,69.35,45,7,0,5,69,370,335,304,103,73,0,62,70,train,3
2310,0,0,0,1,193.05,33.48,101.46,69.35,45,7,0,5,69,370,335,304,103,73,0,62,70,train,3
2311,0,0,0,1,193.05,33.48,101.46,69.35,45,7,0,5,69,370,335,304,103,73,0,62,70,train,3
2312,0,0,0,1,193.05,33.48,101.46,69.35,45,7,0,5,69,370,335,304,103,73,0,62,70,train,3
2313,0,0,0,1,193.05,33.48,101.46,69.35,45,7,0,5,69,370,335,304,103,73,0,62,35,train,3
2314,0,0,0,1,193.05,33.48,101.46,69.35,45,7,0,5,69,370,335,304,103,73,0,62,70,train,3
2315,0,0,0,1,193.05,33.48,101.46,69.35,45,7,0,5,69,370,335,304,103,73,0,62,35,train,3
2316,0,0,0,1,193.05,33.48,101.46,69.35,45,7,0,5,69,370,335,304,103,73,0,62,5,train,3
2317,1,0,0,0,193.05,33.48,101.46,69.35,45,7,0,5,69,370,335,304,103,73,0,62,70,air,0
2318,1,0,0,0,193.05,33.48,101.46,69.35,45,7,0,5,69,370,335,304,103,73,0,62,70,air,0
2319,1,0,0,0,193.05,33.48,101.46,69.35,45,7,0,5,69,370,335,304,103,73,0,62,70,air,0
2320,1,0,0,0,193.05,33.48,101.46,69.35,45,7,0,5,69,370,335,304,103,73,0,62,70,air,0
2321,1,0,0,0,193.05,33.48,101.46,69.35,45,7,0,5,69,370,335,304,103,73,0,62,45,air,0
2322,1,0,0,0,193.05,33.48,101.46,69.35,45,7,0,5,69,370,335,304,103,73,0,62,55,air,0
2323,1,0,0,0,193.05,33.48,101.46,69.35,45,7,0,5,69,370,335,304,103,73,0,62,70,air,0
2324,1,0,0,0,193.05,33.48,101.46,69.35,45,7,0,5,69,370,335,304,103,73,0,62,70,air,0
2325,1,0,0,0,193.05,33.48,101.46,69.35,45,7,0,5,69,370,335,304,103,73,0,62,70,air,0
2326,1,0,0,0,193.05,33.48,101.46,69.35,45,7,0,5,69,370,335,304,103,73,0,62,70,air,0
2327,1,0,0,0,193.05,33.48,101.46,69.35,45,7,0,5,69,370,335,304,103,73,0,62,70,air,0
2328,1,0,0,0,193.05,33.48,101.46,69.35,45,7,0,5,69,370,335,304,103,73,0,62,70,air,0
2329,1,0,0,0,193.05,33.48,101.46,69.35,45,7,0,5,69,370,335,304,103,73,0,62,70,air,0
2330,1,0,0,0,193.05,33.48,101.46,69.35,45,7,0,5,69,370,335,304,103,73,0,62,70,air,0
2331,1,0,0,0,193.05,33.48,101.46,69.35,45,7,0,5,69,370,335,304,103,73,0,62,70,air,0
2332,1,0,0,0,193.05,33.48,101.46,69.35,45,7,0,5,69,370,335,304,103,73,0,62,45,air,0
2333,1,0,0,0,193.05,33.48,101.46,69.35,45,7,0,5,69,370,335,304,103,73,0,62,25,air,0
2334,1,0,0,0,193.05,33.48,101.46,69.35,45,7,0,5,69,370,335,304,103,73,0,62,35,air,0
2335,1,0,0,0,193.05,33.48,101.46,69.35,45,7,0,5,69,370,335,304,103,73,0,62,70,air,0
2336,1,0,0,0,193.05,33.48,101.46,69.35,45,7,0,5,69,370,335,304,103,73,0,62,55,air,0
2337,1,0,0,0,193.05,33.48,101.46,69.35,45,7,0,5,69,370,335,304,103,73,0,62,70,air,0
2338,1,0,0,0,193.05,33.48,101.46,69.35,45,7,0,5,69,370,335,304,103,73,0,62,70,air,0
2339,1,0,0,0,193.05,33.48,101.46,69.35,45,7,0,5,69,370,335,304,103,73,0,62,35,air,0
2340,0,0,1,0,193.05,33.48,101.46,69.35,45,7,0,5,69,370,335,304,103,73,0,62,35,car,2
2341,0,0,1,0,193.05,33.48,101.46,69.35,45,7,0,5,69,370,335,304,103,73,0,62,45,car,2
2342,0,0,1,0,193.05,33.48,101.46,69.35,45,7,0,5,69,370,335,304,103,73,0,62,70,car,2
2343,0,0,1,0,193.05,33.48,101.46,69.35,45,7,0,5,69,370,335,304,103,73,0,62,70,car,2
2344,0,0,1,0,193.05,33.48,101.46,69.35,45,7,0,5,69,370,335,304,103,73,0,62,70,car,2
2345,0,0,1,0,193.05,33.48,101.46,69.35,45,7,0,5,69,370,335,304,103,73,0,62,70,car,2
2346,0,0,1,0,193.05,33.48,101.46,69.35,45,7,0,5,69,370,335,304,103,73,0,62,15,car,2
2347,1,0,0,0,193.6,34.23,101.46,70.35,45,7,0,5,69,370,335,304,113,80,0,75,70,air,0
2348,0,0,0,1,194.5,33.93,101.46,70.85,45,7,0,5,69,370,335,304,108,85,0,77,45,train,3
2349,1,0,0,0,194.5,33.93,101.46,70.85,45,7,0,5,69,370,335,304,108,85,0,77,55,air,0
2350,0,0,1,0,194.5,33.93,101.46,70.85,45,7,0,5,69,370,335,304,108,85,0,77,35,car,2
2351,1,0,0,0,196.1,34.93,102.41,72.35,45,7,0,5,69,370,341,304,118,90,0,80,45,air,0
2354,0,0,0,1,192.8,33.43,108.68,73.2,45,7,0,5,69,370,361,304,108,85,0,85,45,train,3
2355,0,0,0,1,192.5,35.43,104.12,71.35,45,7,0,5,69,370,341,304,112,90,0,80,70,train,3
2356,1,0,0,0,192.5,35.43,104.12,71.35,45,7,0,5,69,370,341,304,112,90,0,80,70,air,0
2357,0,0,0,1,192.85,32.93,102.79,72.85,45,7,0,5,69,370,336,304,116,75,0,80,45,train,3
2358,0,0,0,1,192.85,32.93,102.79,72.85,45,7,0,5,69,370,336,304,116,75,0,80,70,train,3
2359,1,0,0,0,192.85,32.93,102.79,72.85,45,7,0,5,69,370,336,304,116,75,0,80,70,air,0
2360,1,0,0,0,192.85,32.93,102.79,72.85,45,7,0,5,69,370,336,304,116,75,0,80,70,air,0
2361,1,0,0,0,192.85,32.93,102.79,72.85,45,7,0,5,69,370,336,304,116,75,0,80,70,air,0
2362,1,0,0,0,192.85,32.93,102.79,72.85,45,7,0,5,69,370,336,304,116,75,0,80,70,air,0
2363,1,0,0,0,192.85,32.93,102.79,72.85,45,7,0,5,69,370,336,304,116,75,0,80,23,air,0
2364,1,0,0,0,192.85,32.93,102.79,72.85,45,7,0,5,69,370,336,304,116,75,0,80,70,air,0
2365,1,0,0,0,192.85,32.93,102.79,72.85,45,7,0,5,69,370,336,304,116,75,0,80,70,air,0
2366,1,0,0,0,192.85,32.93,102.79,72.85,45,7,0,5,69,370,336,304,116,75,0,80,70,air,0
2367,1,0,0,0,192.85,32.93,102.79,72.85,45,7,0,5,69,370,336,304,116,75,0,80,70,air,0
2368,1,0,0,0,187.8,33.43,114.19,73.35,45,7,0,5,69,370,379,304,108,95,0,89,25,air,0
2371,1,0,0,0,196.5,34.43,115.33,77.35,45,7,0,5,69,370,375,304,153,115,0,120,70,air,0
2372,1,0,0,0,191.0,35.43,123.12,79.35,45,7,0,5,69,370,409,304,158,120,0,125,45,air,0
2373,1,0,0,0,191.0,35.43,123.12,79.35,45,7,0,5,69,370,409,304,158,120,0,125,70,air,0
2374,0,0,0,1,213.9,53.64,141.93,99.5,4,6,0,2,84,629,461,507,91,71,0,60,5,train,3
2375,1,0,0,0,213.9,53.64,141.93,99.5,4,6,0,2,84,629,461,507,91,71,0,60,70,air,0
2376,0,0,0,1,214.9,53.14,142.5,100.05,4,6,0,2,84,629,465,534,99,71,0,68,25,train,3
2377,0,0,0,1,214.9,53.14,142.5,100.05,4,6,0,2,84,629,465,534,99,71,0,68,70,train,3
2378,0,0,0,1,214.9,53.14,142.5,100.05,4,6,0,2,84,629,465,534,99,71,0,68,35,train,3
2379,1,0,0,0,214.9,53.14,142.5,100.05,4,6,0,2,84,629,465,534,99,71,0,68,45,air,0
2380,1,0,0,0,214.9,53.14,142.5,100.05,4,6,0,2,84,629,465,534,99,71,0,68,70,air,0
2381,1,0,0,0,214.9,53.14,142.5,100.05,4,6,0,2,84,629,465,534,99,71,0,68,35,air,0
2382,1,0,0,0,214.9,53.14,142.5,100.05,4,6,0,2,84,629,465,534,99,71,0,68,70,air,0
2383,1,0,0,0,214.9,53.14,142.5,100.05,4,6,0,2,84,629,465,534,99,71,0,68,55,air,0
2384,1,0,0,0,222.9,55.39,169.29,103.75,4,6,0,2,84,629,582,534,103,80,0,80,25,air,0
2387,1,0,0,0,193.1,34.43,114.19,74.35,45,7,0,5,69,370,379,304,138,110,0,110,35,air,0
2388,1,0,0,0,193.1,34.43,114.19,74.35,45,7,0,5,69,370,379,304,138,110,0,110,45,air,0
2389,0,0,0,1,196.5,34.43,109.25,79.35,45,7,0,5,69,370,357,304,123,95,0,95,25,train,3
2390,1,0,0,0,196.5,34.43,114.95,79.35,45,7,0,5,69,370,380,304,128,100,0,95,55,air,0
2392,1,0,0,0,214.9,53.39,143.26,103.75,4,6,0,2,84,629,473,534,98,80,0,80,70,air,0
2393,1,0,0,0,222.9,56.39,181.83,105.75,4,6,0,2,84,629,636,534,103,120,0,120,70,air,0
2394,1,0,0,0,222.9,56.39,181.83,105.75,4,6,0,2,84,629,636,534,103,120,0,120,45,air,0
2395,0,0,1,0,129.4,24.78,43.13,47.0,25,1,0,12,40,245,193,120,135,70,0,126,70,car,2
2396,1,0,0,0,153.5,31.6,80.18,64.4,36,10,0,3,58,290,285,263,85,82,0,75,45,air,0
2398,1,0,0,0,183.45,32.81,102.41,71.2,45,7,0,5,69,370,341,304,90,78,0,63,35,air,0
2400,0,0,0,1,153.5,33.45,80.56,63.9,36,10,0,3,58,290,287,263,95,92,0,89,70,train,3
2401,1,0,0,0,153.5,33.45,80.56,63.9,36,10,0,3,58,290,287,263,95,92,0,89,70,air,0
2402,1,0,0,0,153.5,33.45,80.56,63.9,36,10,0,3,58,290,287,263,95,92,0,89,70,air,0
2403,1,0,0,0,153.5,33.45,80.56,63.9,36,10,0,3,58,290,287,263,95,92,0,89,70,air,0
2404,1,0,0,0,159.9,32.25,81.51,66.9,36,10,0,3,58,290,294,263,100,90,0,95,55,air,0
2405,0,0,1,0,178.9,34.61,103.74,80.15,45,7,0,5,69,370,350,304,107,95,0,95,55,car,2
2406,1,0,0,0,176.9,34.51,101.84,73.25,45,7,0,5,69,370,337,304,100,93,0,90,35,air,0
2407,0,0,0,1,183.45,34.66,102.79,70.7,45,7,0,5,69,370,343,304,100,88,0,77,25,train,3
2408,1,0,0,0,186.9,34.61,110.01,80.7,45,7,0,5,69,370,394,304,130,115,0,115,45,air,0
2415,0,0,1,0,152.75,18.16,40.09,42.7,6,4,0,5,60,119,149,109,114,95,0,100,55,car,2
2416,0,0,1,0,152.75,18.16,40.09,42.7,6,4,0,5,60,119,149,109,114,95,0,100,35,car,2
2417,0,0,1,0,152.75,18.16,40.09,42.7,6,4,0,5,60,119,149,109,114,95,0,100,45,car,2
2418,0,0,1,0,152.75,18.76,31.92,38.1,6,4,0,2,60,119,117,96,124,82,0,90,55,car,2
2419,0,0,0,1,152.75,18.36,34.77,40.5,6,4,0,5,60,119,126,109,114,90,0,90,70,train,3
2420,0,0,0,1,152.75,18.36,34.77,40.5,6,4,0,5,60,119,126,109,114,90,0,90,35,train,3
2421,0,0,1,0,152.75,18.36,34.77,40.5,6,4,0,5,60,119,126,109,114,90,0,90,70,car,2
2422,0,0,1,0,152.75,18.36,34.77,40.5,6,4,0,5,60,119,126,109,114,90,0,90,15,car,2
2423,0,0,1,0,152.75,18.36,34.77,40.5,6,4,0,5,60,119,126,109,114,90,0,90,70,car,2
2424,0,0,0,1,149.9,23.56,46.74,47.4,6,8,0,8,60,183,163,148,82,85,0,90,25,train,3
2425,0,0,0,1,149.9,23.56,46.74,47.4,6,8,0,8,60,183,163,148,82,85,0,90,55,train,3
2426,0,0,0,1,149.9,23.56,46.74,47.4,6,8,0,8,60,183,163,148,82,85,0,90,70,train,3
2427,0,0,0,1,149.9,23.56,46.74,47.4,6,8,0,8,60,183,163,148,82,85,0,90,70,train,3
2428,1,0,0,0,149.9,23.56,46.74,47.4,6,8,0,8,60,183,163,148,82,85,0,90,70,air,0
2429,0,0,1,0,149.9,23.56,46.74,47.4,6,8,0,8,60,183,163,148,82,85,0,90,70,car,2
2430,0,0,1,0,149.9,23.56,46.74,47.4,6,8,0,8,60,183,163,148,82,85,0,90,55,car,2
2431,0,0,1,0,149.9,23.56,46.74,47.4,6,8,0,8,60,183,163,148,82,85,0,90,35,car,2
2432,0,0,1,0,149.9,23.56,46.74,47.4,6,8,0,8,60,183,163,148,82,85,0,90,55,car,2
2433,0,0,1,0,149.9,23.56,46.74,47.4,6,8,0,8,60,183,163,148,82,85,0,90,45,car,2
2434,0,0,1,0,152.75,25.56,52.63,49.9,6,8,0,8,60,183,196,148,104,100,0,103,55,car,2
2435,0,0,1,0,171.35,26.24,61.75,57.7,36,2,0,5,58,304,210,190,154,85,0,85,55,car,2
2436,0,0,1,0,171.35,26.24,61.75,57.7,36,2,0,5,58,304,210,190,154,85,0,85,70,car,2
2437,0,0,1,0,167.95,28.24,65.55,54.9,36,2,0,8,58,304,227,148,119,103,0,120,70,car,2
2438,0,0,1,0,171.35,29.24,79.99,54.3,36,2,0,3,58,304,269,238,144,125,0,85,25,car,2
2439,0,0,1,0,171.35,29.24,79.99,54.3,36,2,0,3,58,304,269,238,144,125,0,85,70,car,2
2440,0,0,1,0,171.35,29.24,79.99,54.3,36,2,0,3,58,304,269,238,144,125,0,85,70,car,2
2441,0,0,1,0,171.35,29.24,79.99,54.3,36,2,0,3,58,304,269,238,144,125,0,85,70,car,2
2442,1,0,0,0,171.35,29.24,91.01,58.3,36,2,0,3,58,304,310,238,144,125,0,110,70,air,0
2443,1,0,0,0,161.95,31.3,67.07,61.7,36,1,0,3,58,299,251,223,127,84,0,90,70,air,0
2444,0,0,1,0,161.95,31.3,67.07,61.7,36,1,0,3,58,299,251,223,127,84,0,90,29,car,2
2445,0,0,1,0,161.95,31.3,67.07,61.7,36,1,0,3,58,299,251,223,127,84,0,90,70,car,2
2446,1,0,0,0,166.35,31.0,74.67,66.9,36,10,0,3,58,290,263,263,109,100,0,110,55,air,0
2447,0,0,1,0,166.35,31.0,74.67,66.9,36,10,0,3,58,290,263,263,109,100,0,110,25,car,2
2448,1,0,0,0,163.35,31.0,74.29,66.9,36,10,0,3,58,290,283,263,99,93,0,110,70,air,0
2449,1,0,0,0,163.35,31.0,74.29,66.9,36,10,0,3,58,290,283,263,99,93,0,110,70,air,0
2450,1,0,0,0,163.35,31.0,74.29,66.9,36,10,0,3,58,290,283,263,99,93,0,110,70,air,0
2451,1,0,0,0,163.35,31.0,74.29,66.9,36,10,0,3,58,290,283,263,99,93,0,110,35,air,0
2452,1,0,0,0,163.35,31.0,74.29,66.9,36,10,0,3,58,290,283,263,99,93,0,110,70,air,0
2453,0,0,0,1,159.95,32.2,80.75,64.9,36,10,0,3,58,290,289,263,94,92,0,99,25,train,3
2454,0,0,0,1,159.95,32.2,80.75,64.9,36,10,0,3,58,290,289,263,94,92,0,99,35,train,3
2455,1,0,0,0,159.95,32.2,80.75,64.9,36,10,0,3,58,290,289,263,94,92,0,99,70,air,0
2456,1,0,0,0,159.95,32.2,80.75,64.9,36,10,0,3,58,290,289,263,94,92,0,99,70,air,0
2457,1,0,0,0,159.95,32.2,80.75,64.9,36,10,0,3,58,290,289,263,94,92,0,99,70,air,0
2458,1,0,0,0,159.95,32.2,80.75,64.9,36,10,0,3,58,290,289,263,94,92,0,99,55,air,0
2459,1,0,0,0,159.95,32.2,80.75,64.9,36,10,0,3,58,290,289,263,94,92,0,99,70,air,0
2460,1,0,0,0,159.95,32.2,80.75,64.9,36,10,0,3,58,290,289,263,94,92,0,99,70,air,0
2461,1,0,0,0,159.95,32.2,80.75,64.9,36,10,0,3,58,290,289,263,94,92,0,99,45,air,0
2462,1,0,0,0,159.95,32.2,80.75,64.9,36,10,0,3,58,290,289,263,94,92,0,99,70,air,0
2463,1,0,0,0,159.95,32.2,80.75,64.9,36,10,0,3,58,290,289,263,94,92,0,99,35,air,0
2464,1,0,0,0,159.95,32.2,80.75,64.9,36,10,0,3,58,290,289,263,94,92,0,99,70,air,0
2465,1,0,0,0,159.95,32.2,80.75,64.9,36,10,0,3,58,290,289,263,94,92,0,99,70,air,0
2466,1,0,0,0,159.95,32.2,80.75,64.9,36,10,0,3,58,290,289,263,94,92,0,99,70,air,0
2467,1,0,0,0,159.95,32.2,80.75,64.9,36,10,0,3,58,290,289,263,94,92,0,99,70,air,0
2468,1,0,0,0,159.95,32.2,80.75,64.9,36,10,0,3,58,290,289,263,94,92,0,99,70,air,0
2469,1,0,0,0,159.95,32.2,80.75,64.9,36,10,0,3,58,290,289,263,94,92,0,99,35,air,0
2470,1,0,0,0,159.95,32.2,80.75,64.9,36,10,0,3,58,290,289,263,94,92,0,99,70,air,0
2471,1,0,0,0,159.95,32.2,80.75,64.9,36,10,0,3,58,290,289,263,94,92,0,99,70,air,0
2472,1,0,0,0,159.95,32.2,80.75,64.9,36,10,0,3,58,290,289,263,94,92,0,99,70,air,0
2473,1,0,0,0,159.95,32.2,80.75,64.9,36,10,0,3,58,290,289,263,94,92,0,99,35,air,0
2474,1,0,0,0,159.95,32.2,80.75,64.9,36,10,0,3,58,290,289,263,94,92,0,99,70,air,0
2475,1,0,0,0,159.95,32.2,80.75,64.9,36,10,0,3,58,290,289,263,94,92,0,99,70,air,0
2476,1,0,0,0,159.95,32.2,80.75,64.9,36,10,0,3,58,290,289,263,94,92,0,99,70,air,0
2477,1,0,0,0,159.95,32.2,80.75,64.9,36,10,0,3,58,290,289,263,94,92,0,99,70,air,0
2478,1,0,0,0,159.95,32.2,80.75,64.9,36,10,0,3,58,290,289,263,94,92,0,99,70,air,0
2479,1,0,0,0,159.95,32.2,80.75,64.9,36,10,0,3,58,290,289,263,94,92,0,99,35,air,0
2480,1,0,0,0,159.95,32.2,80.75,64.9,36,10,0,3,58,290,289,263,94,92,0,99,70,air,0
2481,1,0,0,0,159.95,32.2,80.75,64.9,36,10,0,3,58,290,289,263,94,92,0,99,35,air,0
2482,1,0,0,0,159.95,32.2,80.75,64.9,36,10,0,3,58,290,289,263,94,92,0,99,70,air,0
2483,1,0,0,0,159.95,32.2,80.75,64.9,36,10,0,3,58,290,289,263,94,92,0,99,55,air,0
2484,1,0,0,0,159.95,32.2,80.75,64.9,36,10,0,3,58,290,289,263,94,92,0,99,70,air,0
2485,1,0,0,0,159.95,32.2,80.75,64.9,36,10,0,3,58,290,289,263,94,92,0,99,25,air,0
2486,1,0,0,0,159.95,32.2,80.75,64.9,36,10,0,3,58,290,289,263,94,92,0,99,35,air,0
2487,1,0,0,0,159.95,32.2,80.75,64.9,36,10,0,3,58,290,289,263,94,92,0,99,35,air,0
2488,1,0,0,0,159.95,32.2,80.75,64.9,36,10,0,3,58,290,289,263,94,92,0,99,70,air,0
2489,1,0,0,0,159.95,32.2,80.75,64.9,36,10,0,3,58,290,289,263,94,92,0,99,70,air,0
2490,1,0,0,0,159.95,32.2,80.75,64.9,36,10,0,3,58,290,289,263,94,92,0,99,70,air,0
2491,1,0,0,0,159.95,32.2,80.75,64.9,36,10,0,3,58,290,289,263,94,92,0,99,70,air,0
2492,1,0,0,0,159.95,32.2,80.75,64.9,36,10,0,3,58,290,289,263,94,92,0,99,70,air,0
2493,1,0,0,0,159.95,32.2,80.75,64.9,36,10,0,3,58,290,289,263,94,92,0,99,70,air,0
2494,1,0,0,0,159.95,32.2,80.75,64.9,36,10,0,3,58,290,289,263,94,92,0,99,55,air,0
2495,1,0,0,0,159.95,32.2,80.75,64.9,36,10,0,3,58,290,289,263,94,92,0,99,70,air,0
2496,1,0,0,0,159.95,32.2,80.75,64.9,36,10,0,3,58,290,289,263,94,92,0,99,70,air,0
2497,1,0,0,0,159.95,32.2,80.75,64.9,36,10,0,3,58,290,289,263,94,92,0,99,55,air,0
2498,1,0,0,0,159.95,32.2,80.75,64.9,36,10,0,3,58,290,289,263,94,92,0,99,25,air,0
2499,1,0,0,0,159.95,32.2,80.75,64.9,36,10,0,3,58,290,289,263,94,92,0,99,35,air,0
2500,0,0,1,0,159.95,32.2,80.75,64.9,36,10,0,3,58,290,289,263,94,92,0,99,70,car,2
2501,0,0,1,0,159.95,32.2,80.75,64.9,36,10,0,3,58,290,289,263,94,92,0,99,45,car,2
2502,0,0,1,0,159.95,32.2,80.75,64.9,36,10,0,3,58,290,289,263,94,92,0,99,35,car,2
2503,0,0,1,0,159.95,32.2,80.75,64.9,36,10,0,3,58,290,289,263,94,92,0,99,25,car,2
2504,0,0,1,0,159.95,32.2,80.75,64.9,36,10,0,3,58,290,289,263,94,92,0,99,35,car,2
2505,0,0,1,0,159.95,32.2,80.75,64.9,36,10,0,3,58,290,289,263,94,92,0,99,70,car,2
2506,0,0,0,1,161.35,32.0,82.65,66.6,36,10,0,3,58,290,303,263,94,95,0,100,45,train,3
2507,1,0,0,0,161.35,32.0,82.65,66.6,36,10,0,3,58,290,303,263,94,95,0,100,55,air,0
2508,1,0,0,0,161.35,32.0,82.65,66.6,36,10,0,3,58,290,303,263,94,95,0,100,32,air,0
2509,1,0,0,0,166.35,31.0,81.7,67.9,36,10,0,3,58,290,296,263,99,90,0,105,55,air,0
2510,1,0,0,0,166.35,31.0,81.7,67.9,36,10,0,3,58,290,296,263,99,90,0,105,70,air,0
2511,1,0,0,0,166.35,31.0,81.7,67.9,36,10,0,3,58,290,296,263,99,90,0,105,70,air,0
2512,1,0,0,0,166.35,31.0,81.7,67.9,36,10,0,3,58,290,296,263,99,90,0,105,45,air,0
2513,0,0,0,1,166.35,32.0,120.46,68.9,36,10,0,3,58,290,464,263,129,120,0,135,45,train,3
2514,1,0,0,0,193.35,33.36,102.79,81.7,45,7,0,5,69,370,358,304,119,110,0,118,70,air,0
2515,1,0,0,0,193.35,33.36,102.79,81.7,45,7,0,5,69,370,358,304,119,110,0,118,25,air,0
2516,1,0,0,0,193.35,33.36,115.9,83.7,45,7,0,5,69,370,408,304,124,120,0,130,70,air,0
2517,1,0,0,0,193.35,33.36,115.9,83.7,45,7,0,5,69,370,408,304,124,120,0,130,55,air,0
2518,1,0,0,0,185.35,33.36,103.93,81.15,45,7,0,5,69,370,352,304,106,95,0,105,70,air,0
2519,1,0,0,0,185.35,33.36,103.93,79.7,45,7,0,5,69,370,352,304,106,100,0,110,35,air,0
2520,1,0,0,0,185.35,33.36,103.93,79.7,45,7,0,5,69,370,352,304,106,100,0,110,55,air,0
2545,1,0,0,0,183.35,33.26,102.03,74.25,45,7,0,5,69,370,339,304,99,93,0,100,70,air,0
2546,1,0,0,0,183.35,33.26,102.03,74.25,45,7,0,5,69,370,339,304,99,93,0,100,35,air,0
2547,1,0,0,0,183.35,33.26,102.03,74.25,45,7,0,5,69,370,339,304,99,93,0,100,35,air,0
2548,1,0,0,0,183.35,33.26,102.03,74.25,45,7,0,5,69,370,339,304,99,93,0,100,25,air,0
2549,1,0,0,0,183.35,33.26,102.03,74.25,45,7,0,5,69,370,339,304,99,93,0,100,70,air,0
2550,1,0,0,0,183.35,33.26,102.03,74.25,45,7,0,5,69,370,339,304,99,93,0,100,70,air,0
2551,1,0,0,0,183.35,33.26,102.03,74.25,45,7,0,5,69,370,339,304,99,93,0,100,45,air,0
2552,0,0,1,0,183.35,33.26,102.03,74.25,45,7,0,5,69,370,339,304,99,93,0,100,70,car,2
2553,1,0,0,0,184.0,33.46,102.98,73.7,45,7,0,5,69,370,346,304,102,90,0,95,70,air,0
2554,1,0,0,0,184.0,33.46,102.98,73.7,45,7,0,5,69,370,346,304,102,90,0,95,55,air,0
2555,1,0,0,0,184.0,33.46,102.98,73.7,45,7,0,5,69,370,346,304,102,90,0,95,70,air,0
2556,0,0,0,1,189.9,33.41,102.98,71.7,45,7,0,5,69,370,346,304,99,88,0,87,15,train,3
2557,0,0,0,1,189.9,33.41,102.98,71.7,45,7,0,5,69,370,346,304,99,88,0,87,45,train,3
2558,0,0,0,1,189.9,33.41,102.98,71.7,45,7,0,5,69,370,346,304,99,88,0,87,55,train,3
2559,0,0,0,1,189.9,33.41,102.98,71.7,45,7,0,5,69,370,346,304,99,88,0,87,70,train,3
2560,1,0,0,0,189.9,33.41,102.98,71.7,45,7,0,5,69,370,346,304,99,88,0,87,70,air,0
2561,1,0,0,0,189.9,33.41,102.98,71.7,45,7,0,5,69,370,346,304,99,88,0,87,55,air,0
2562,1,0,0,0,189.9,33.41,102.98,71.7,45,7,0,5,69,370,346,304,99,88,0,87,70,air,0
2563,1,0,0,0,189.9,33.41,102.98,71.7,45,7,0,5,69,370,346,304,99,88,0,87,70,air,0
2564,1,0,0,0,189.9,33.41,102.98,71.7,45,7,0,5,69,370,346,304,99,88,0,87,70,air,0
2565,1,0,0,0,189.9,33.41,102.98,71.7,45,7,0,5,69,370,346,304,99,88,0,87,70,air,0
2566,1,0,0,0,189.9,33.41,102.98,71.7,45,7,0,5,69,370,346,304,99,88,0,87,70,air,0
2567,0,0,1,0,189.9,33.41,102.98,71.7,45,7,0,5,69,370,346,304,99,88,0,87,70,car,2
2568,0,0,1,0,189.9,33.41,102.98,71.7,45,7,0,5,69,370,346,304,99,88,0,87,70,car,2
2569,1,0,0,0,191.35,33.86,102.98,73.2,45,7,0,5,69,370,346,304,104,100,0,102,70,air,0
2570,1,0,0,0,191.35,33.86,102.98,73.2,45,7,0,5,69,370,346,304,104,100,0,102,55,air,0
2571,1,0,0,0,191.35,33.86,102.98,73.2,45,7,0,5,69,370,346,304,104,100,0,102,70,air,0
2572,1,0,0,0,191.35,33.86,102.98,73.2,45,7,0,5,69,370,346,304,104,100,0,102,55,air,0
2573,1,0,0,0,192.95,34.86,103.93,74.7,45,7,0,5,69,370,352,304,114,105,0,105,70,air,0
2574,1,0,0,0,192.95,34.86,103.93,74.7,45,7,0,5,69,370,352,304,114,105,0,105,70,air,0
2577,1,0,0,0,189.65,33.36,110.2,75.55,45,7,0,5,69,370,372,304,104,100,0,110,70,air,0
2578,1,0,0,0,189.35,35.36,105.64,73.7,45,7,0,5,69,370,352,304,108,105,0,105,35,air,0
2579,1,0,0,0,189.35,35.36,105.64,73.7,45,7,0,5,69,370,352,304,108,105,0,105,70,air,0
2580,1,0,0,0,189.35,35.36,105.64,73.7,45,7,0,5,69,370,352,304,108,105,0,105,70,air,0
2581,1,0,0,0,189.7,32.86,104.31,75.2,45,7,0,5,69,370,347,304,112,90,0,105,70,air,0
2582,1,0,0,0,189.7,32.86,104.31,75.2,45,7,0,5,69,370,347,304,112,90,0,105,70,air,0
2583,1,0,0,0,189.7,32.86,104.31,75.2,45,7,0,5,69,370,347,304,112,90,0,105,70,air,0
2584,1,0,0,0,189.7,32.86,104.31,75.2,45,7,0,5,69,370,347,304,112,90,0,105,70,air,0
2585,1,0,0,0,189.7,32.86,104.31,75.2,45,7,0,5,69,370,347,304,112,90,0,105,70,air,0
2586,1,0,0,0,189.7,32.86,104.31,75.2,45,7,0,5,69,370,347,304,112,90,0,105,45,air,0
2587,1,0,0,0,189.7,32.86,104.31,75.2,45,7,0,5,69,370,347,304,112,90,0,105,45,air,0
2588,1,0,0,0,189.7,32.86,104.31,75.2,45,7,0,5,69,370,347,304,112,90,0,105,35,air,0
2589,1,0,0,0,189.7,32.86,104.31,75.2,45,7,0,5,69,370,347,304,112,90,0,105,35,air,0
2590,1,0,0,0,193.35,33.36,110.2,81.7,45,7,0,5,69,370,396,304,129,115,0,125,70,air,0
2591,1,0,0,0,193.35,34.36,116.85,79.7,45,7,0,5,69,370,386,304,149,130,0,145,35,air,0
2592,0,0,0,1,210.75,53.57,143.45,101.85,4,6,0,2,84,629,472,507,87,86,0,85,55,train,3
2593,1,0,0,0,210.75,53.57,143.45,101.85,4,6,0,2,84,629,472,507,87,86,0,85,70,air,0
2594,1,0,0,0,210.75,53.57,143.45,101.85,4,6,0,2,84,629,472,507,87,86,0,85,70,air,0
2595,1,0,0,0,211.75,53.07,144.02,102.4,4,6,0,2,84,629,476,534,95,86,0,93,70,air,0
2597,1,0,0,0,189.95,34.36,115.71,76.7,45,7,0,5,69,370,390,304,134,125,0,135,70,air,0
2598,1,0,0,0,189.95,34.36,115.71,76.7,45,7,0,5,69,370,390,304,134,125,0,135,70,air,0
2599,1,0,0,0,219.75,56.32,183.35,108.1,4,6,0,2,84,629,647,534,99,135,0,145,45,air,0
2600,1,0,0,0,219.75,56.32,183.35,108.1,4,6,0,2,84,629,647,534,99,135,0,145,35,air,0
2608,0,0,1,0,154.55,18.31,40.66,42.2,6,4,0,5,60,119,152,109,120,98,0,100,25,car,2
2610,0,0,1,0,154.55,18.91,32.49,37.6,6,4,0,2,60,119,120,96,130,85,0,90,35,car,2
2611,0,0,1,0,154.55,18.51,35.34,40.0,6,4,0,5,60,119,129,109,120,93,0,90,25,car,2
2612,0,0,1,0,154.55,18.51,35.34,40.0,6,4,0,5,60,119,129,109,120,93,0,90,70,car,2
2613,0,0,1,0,154.55,25.71,50.35,45.2,6,8,0,5,60,183,195,109,120,113,0,100,35,car,2
2614,0,0,0,1,151.7,23.71,47.31,46.9,6,8,0,8,60,183,166,148,88,88,0,90,35,train,3
2615,0,0,0,1,151.7,23.71,47.31,46.9,6,8,0,8,60,183,166,148,88,88,0,90,55,train,3
2616,0,0,1,0,151.7,23.71,47.31,46.9,6,8,0,8,60,183,166,148,88,88,0,90,70,car,2
2617,0,0,1,0,151.7,23.71,47.31,46.9,6,8,0,8,60,183,166,148,88,88,0,90,70,car,2
2618,0,0,1,0,151.7,23.71,47.31,46.9,6,8,0,8,60,183,166,148,88,88,0,90,70,car,2
2619,0,0,1,0,154.55,25.71,53.2,49.4,6,8,0,8,60,183,199,148,110,103,0,103,35,car,2
2620,0,0,1,0,154.55,25.71,53.2,49.4,6,8,0,8,60,183,199,148,110,103,0,103,45,car,2
2621,0,0,1,0,169.75,28.39,66.12,54.4,36,2,0,8,58,304,230,148,125,106,0,120,70,car,2
2622,0,0,1,0,169.75,28.39,66.12,54.4,36,2,0,8,58,304,230,148,125,106,0,120,55,car,2
2623,0,0,1,0,173.15,29.39,80.56,53.8,36,2,0,3,58,304,272,238,150,128,0,85,55,car,2
2624,0,0,1,0,173.15,29.39,91.58,57.8,36,2,0,3,58,304,314,238,150,128,0,110,5,car,2
2625,0,0,0,1,161.75,32.35,81.32,64.4,36,10,0,3,58,290,293,263,100,95,0,99,45,train,3
2626,0,0,0,1,161.75,32.35,81.32,64.4,36,10,0,3,58,290,293,263,100,95,0,99,55,train,3
2627,0,0,0,1,161.75,32.35,81.32,64.4,36,10,0,3,58,290,293,263,100,95,0,99,70,train,3
2628,1,0,0,0,161.75,32.35,81.32,64.4,36,10,0,3,58,290,293,263,100,95,0,99,70,air,0
2629,1,0,0,0,161.75,32.35,81.32,64.4,36,10,0,3,58,290,293,263,100,95,0,99,70,air,0
2630,1,0,0,0,161.75,32.35,81.32,64.4,36,10,0,3,58,290,293,263,100,95,0,99,70,air,0
2631,1,0,0,0,161.75,32.35,81.32,64.4,36,10,0,3,58,290,293,263,100,95,0,99,35,air,0
2632,1,0,0,0,161.75,32.35,81.32,64.4,36,10,0,3,58,290,293,263,100,95,0,99,55,air,0
2633,1,0,0,0,161.75,32.35,81.32,64.4,36,10,0,3,58,290,293,263,100,95,0,99,25,air,0
2634,1,0,0,0,161.75,32.35,81.32,64.4,36,10,0,3,58,290,293,263,100,95,0,99,70,air,0
2635,1,0,0,0,161.75,32.35,81.32,64.4,36,10,0,3,58,290,293,263,100,95,0,99,55,air,0
2636,1,0,0,0,161.75,32.35,81.32,64.4,36,10,0,3,58,290,293,263,100,95,0,99,55,air,0
2637,1,0,0,0,161.75,32.35,81.32,64.4,36,10,0,3,58,290,293,263,100,95,0,99,34,air,0
2638,1,0,0,0,161.75,32.35,81.32,64.4,36,10,0,3,58,290,293,263,100,95,0,99,70,air,0
2639,1,0,0,0,161.75,32.35,81.32,64.4,36,10,0,3,58,290,293,263,100,95,0,99,45,air,0
2640,1,0,0,0,161.75,32.35,81.32,64.4,36,10,0,3,58,290,293,263,100,95,0,99,45,air,0
2641,1,0,0,0,161.75,32.35,81.32,64.4,36,10,0,3,58,290,293,263,100,95,0,99,34,air,0
2642,1,0,0,0,161.75,32.35,81.32,64.4,36,10,0,3,58,290,293,263,100,95,0,99,70,air,0
2643,1,0,0,0,161.75,32.35,81.32,64.4,36,10,0,3,58,290,293,263,100,95,0,99,70,air,0
2644,1,0,0,0,161.75,32.35,81.32,64.4,36,10,0,3,58,290,293,263,100,95,0,99,70,air,0
2645,1,0,0,0,161.75,32.35,81.32,64.4,36,10,0,3,58,290,293,263,100,95,0,99,70,air,0
2646,1,0,0,0,161.75,32.35,81.32,64.4,36,10,0,3,58,290,293,263,100,95,0,99,45,air,0
2647,1,0,0,0,161.75,32.35,81.32,64.4,36,10,0,3,58,290,293,263,100,95,0,99,70,air,0
2648,1,0,0,0,161.75,32.35,81.32,64.4,36,10,0,3,58,290,293,263,100,95,0,99,70,air,0
2649,1,0,0,0,161.75,32.35,81.32,64.4,36,10,0,3,58,290,293,263,100,95,0,99,35,air,0
2650,1,0,0,0,161.75,32.35,81.32,64.4,36,10,0,3,58,290,293,263,100,95,0,99,70,air,0
2651,1,0,0,0,161.75,32.35,81.32,64.4,36,10,0,3,58,290,293,263,100,95,0,99,70,air,0
2652,1,0,0,0,161.75,32.35,81.32,64.4,36,10,0,3,58,290,293,263,100,95,0,99,34,air,0
2653,1,0,0,0,161.75,32.35,81.32,64.4,36,10,0,3,58,290,293,263,100,95,0,99,30,air,0
2654,1,0,0,0,161.75,32.35,81.32,64.4,36,10,0,3,58,290,293,263,100,95,0,99,55,air,0
2655,1,0,0,0,161.75,32.35,81.32,64.4,36,10,0,3,58,290,293,263,100,95,0,99,70,air,0
2656,1,0,0,0,161.75,32.35,81.32,64.4,36,10,0,3,58,290,293,263,100,95,0,99,55,air,0
2657,1,0,0,0,161.75,32.35,81.32,64.4,36,10,0,3,58,290,293,263,100,95,0,99,70,air,0
2658,1,0,0,0,161.75,32.35,81.32,64.4,36,10,0,3,58,290,293,263,100,95,0,99,45,air,0
2659,1,0,0,0,161.75,32.35,81.32,64.4,36,10,0,3,58,290,293,263,100,95,0,99,70,air,0
2660,1,0,0,0,161.75,32.35,81.32,64.4,36,10,0,3,58,290,293,263,100,95,0,99,70,air,0
2661,0,0,1,0,161.75,32.35,81.32,64.4,36,10,0,3,58,290,293,263,100,95,0,99,70,car,2
2662,0,0,0,1,163.15,32.15,83.22,66.1,36,10,0,3,58,290,306,263,100,98,0,100,25,train,3
2663,1,0,0,0,163.15,32.15,83.22,66.1,36,10,0,3,58,290,306,263,100,98,0,100,45,air,0
2664,1,0,0,0,163.15,32.15,83.22,66.1,36,10,0,3,58,290,306,263,100,98,0,100,70,air,0
2665,1,0,0,0,163.15,32.15,83.22,66.1,36,10,0,3,58,290,306,263,100,98,0,100,55,air,0
2666,1,0,0,0,163.15,32.15,83.22,66.1,36,10,0,3,58,290,306,263,100,98,0,100,70,air,0
2667,1,0,0,0,165.75,32.15,89.87,68.4,36,10,0,3,58,290,313,263,125,123,0,135,35,air,0
2668,0,0,0,1,168.15,31.15,82.27,67.4,36,10,0,3,58,290,299,263,105,93,0,105,25,train,3
2669,0,0,0,1,168.15,31.15,82.27,67.4,36,10,0,3,58,290,299,263,105,93,0,105,5,train,3
2670,1,0,0,0,168.15,31.15,82.27,67.4,36,10,0,3,58,290,299,263,105,93,0,105,45,air,0
2671,1,0,0,0,168.15,31.15,82.27,67.4,36,10,0,3,58,290,299,263,105,93,0,105,70,air,0
2672,0,0,1,0,168.15,31.15,82.27,67.4,36,10,0,3,58,290,299,263,105,93,0,105,70,car,2
2673,1,0,0,0,195.15,35.51,132.43,81.2,45,7,0,5,69,370,457,304,130,118,0,125,70,air,0
2687,1,0,0,0,185.15,33.41,102.6,73.75,45,7,0,5,69,370,342,304,105,96,0,100,70,air,0
2688,1,0,0,0,185.15,33.41,102.6,73.75,45,7,0,5,69,370,342,304,105,96,0,100,70,air,0
2689,1,0,0,0,185.15,33.41,102.6,73.75,45,7,0,5,69,370,342,304,105,96,0,100,45,air,0
2690,0,0,1,0,185.15,33.41,102.6,73.75,45,7,0,5,69,370,342,304,105,96,0,100,70,car,2
2691,0,0,0,1,191.7,33.56,103.55,71.2,45,7,0,5,69,370,349,304,105,91,0,87,70,train,3
2692,0,0,0,1,191.7,33.56,103.55,71.2,45,7,0,5,69,370,349,304,105,91,0,87,70,train,3
2693,0,0,0,1,191.7,33.56,103.55,71.2,45,7,0,5,69,370,349,304,105,91,0,87,70,train,3
2694,0,0,0,1,191.7,33.56,103.55,71.2,45,7,0,5,69,370,349,304,105,91,0,87,70,train,3
2695,0,0,0,1,191.7,33.56,103.55,71.2,45,7,0,5,69,370,349,304,105,91,0,87,70,train,3
2696,1,0,0,0,191.7,33.56,103.55,71.2,45,7,0,5,69,370,349,304,105,91,0,87,70,air,0
2697,1,0,0,0,191.7,33.56,103.55,71.2,45,7,0,5,69,370,349,304,105,91,0,87,70,air,0
2698,0,0,1,0,191.7,33.56,103.55,71.2,45,7,0,5,69,370,349,304,105,91,0,87,45,car,2
2699,1,0,0,0,193.15,34.01,103.55,72.7,45,7,0,5,69,370,349,304,110,103,0,102,70,air,0
2700,0,0,0,1,194.75,35.01,104.5,74.2,45,7,0,5,69,370,355,304,120,108,0,105,70,train,3
2701,1,0,0,0,194.75,35.01,104.5,74.2,45,7,0,5,69,370,355,304,120,108,0,105,25,air,0
2702,1,0,0,0,194.75,35.01,104.5,74.2,45,7,0,5,69,370,355,304,120,108,0,105,70,air,0
2703,1,0,0,0,191.15,35.51,106.21,73.2,45,7,0,5,69,370,355,304,114,108,0,105,70,air,0
2704,1,0,0,0,191.5,33.01,104.88,74.7,45,7,0,5,69,370,350,304,118,93,0,105,23,air,0
2705,1,0,0,0,191.5,33.01,104.88,74.7,45,7,0,5,69,370,350,304,118,93,0,105,70,air,0
2706,0,0,1,0,191.5,33.01,104.88,74.7,45,7,0,5,69,370,350,304,118,93,0,105,70,car,2
2707,0,0,1,0,191.5,33.01,104.88,74.7,45,7,0,5,69,370,350,304,118,93,0,105,55,car,2
2712,0,0,0,1,213.55,53.22,144.59,101.9,4,6,0,2,84,629,480,534,101,89,0,93,55,train,3
2713,1,0,0,0,213.55,53.22,144.59,101.9,4,6,0,2,84,629,480,534,101,89,0,93,70,air,0
2714,1,0,0,0,213.55,53.22,144.59,101.9,4,6,0,2,84,629,480,534,101,89,0,93,35,air,0
2715,1,0,0,0,213.55,53.22,144.59,101.9,4,6,0,2,84,629,480,534,101,89,0,93,70,air,0
2716,1,0,0,0,213.55,53.22,144.59,101.9,4,6,0,2,84,629,480,534,101,89,0,93,70,air,0
2717,0,0,1,0,221.55,53.47,145.73,102.1,4,6,0,2,84,629,485,534,105,93,0,100,35,car,2
2718,1,0,0,0,209.55,53.47,149.15,105.6,4,6,0,2,84,629,500,534,93,98,0,105,70,air,0
2719,1,0,0,0,221.55,55.47,171.38,105.6,4,6,0,2,84,629,596,534,105,98,0,105,70,air,0
2720,1,0,0,0,221.55,56.47,161.88,106.6,4,6,0,2,84,629,540,534,135,118,0,125,25,air,0
2723,0,0,1,0,161.5,27.64,68.4,55.4,36,2,0,8,58,304,247,148,110,108,0,134,70,car,2
2724,1,0,0,0,153.5,31.6,83.6,65.4,36,10,0,3,58,290,309,263,85,97,0,113,70,air,0
2725,1,0,0,0,153.5,31.6,83.6,65.4,36,10,0,3,58,290,309,263,85,97,0,113,70,air,0
2726,1,0,0,0,153.5,31.6,83.6,65.4,36,10,0,3,58,290,309,263,85,97,0,113,70,air,0
2730,0,0,1,0,154.3,22.76,38.19,42.0,6,4,0,5,60,119,149,109,125,100,0,108,25,car,2
2731,0,0,1,0,154.3,22.76,38.19,42.0,6,4,0,5,60,119,149,109,125,100,0,108,70,car,2
2732,0,0,1,0,154.3,22.76,38.19,42.0,6,4,0,5,60,119,149,109,125,100,0,108,70,car,2
2733,1,0,0,0,151.45,27.96,50.16,48.9,6,8,0,8,60,183,186,148,93,95,0,108,70,air,0
2734,0,0,1,0,151.45,27.96,50.16,48.9,6,8,0,8,60,183,186,148,93,95,0,108,25,car,2
2735,0,0,0,1,172.9,30.64,65.17,59.2,36,2,0,5,58,304,233,190,165,95,0,103,15,train,3
2736,0,0,1,0,172.9,30.64,65.17,59.2,36,2,0,5,58,304,233,190,165,95,0,103,55,car,2
2737,0,0,1,0,172.9,33.64,83.41,55.8,36,2,0,3,58,304,292,238,155,135,0,103,70,car,2
2738,0,0,1,0,172.9,33.64,94.43,59.8,36,2,0,3,58,304,333,238,155,135,0,128,70,car,2
2739,1,0,0,0,164.9,35.4,77.71,68.4,36,10,0,3,58,290,306,263,110,103,0,128,55,air,0
2740,1,0,0,0,164.9,35.4,77.71,68.4,36,10,0,3,58,290,306,263,110,103,0,128,55,air,0
2741,0,0,0,1,161.5,36.6,84.17,66.4,36,10,0,3,58,290,313,263,105,102,0,117,45,train,3
2742,0,0,0,1,161.5,36.6,84.17,66.4,36,10,0,3,58,290,313,263,105,102,0,117,70,train,3
2743,1,0,0,0,161.5,36.6,84.17,66.4,36,10,0,3,58,290,313,263,105,102,0,117,70,air,0
2744,1,0,0,0,161.5,36.6,84.17,66.4,36,10,0,3,58,290,313,263,105,102,0,117,70,air,0
2745,1,0,0,0,161.5,36.6,84.17,66.4,36,10,0,3,58,290,313,263,105,102,0,117,55,air,0
2746,1,0,0,0,161.5,36.6,84.17,66.4,36,10,0,3,58,290,313,263,105,102,0,117,55,air,0
2747,1,0,0,0,161.5,36.6,84.17,66.4,36,10,0,3,58,290,313,263,105,102,0,117,70,air,0
2748,1,0,0,0,161.5,36.6,84.17,66.4,36,10,0,3,58,290,313,263,105,102,0,117,70,air,0
2749,1,0,0,0,161.5,36.6,84.17,66.4,36,10,0,3,58,290,313,263,105,102,0,117,70,air,0
2750,1,0,0,0,161.5,36.6,84.17,66.4,36,10,0,3,58,290,313,263,105,102,0,117,70,air,0
2751,1,0,0,0,161.5,36.6,84.17,66.4,36,10,0,3,58,290,313,263,105,102,0,117,70,air,0
2752,1,0,0,0,161.5,36.6,84.17,66.4,36,10,0,3,58,290,313,263,105,102,0,117,70,air,0
2753,1,0,0,0,161.5,36.6,84.17,66.4,36,10,0,3,58,290,313,263,105,102,0,117,70,air,0
2754,1,0,0,0,161.5,36.6,84.17,66.4,36,10,0,3,58,290,313,263,105,102,0,117,70,air,0
2755,1,0,0,0,161.5,36.6,84.17,66.4,36,10,0,3,58,290,313,263,105,102,0,117,70,air,0
2756,1,0,0,0,161.5,36.6,84.17,66.4,36,10,0,3,58,290,313,263,105,102,0,117,70,air,0
2757,1,0,0,0,161.5,36.6,84.17,66.4,36,10,0,3,58,290,313,263,105,102,0,117,70,air,0
2758,1,0,0,0,161.5,36.6,84.17,66.4,36,10,0,3,58,290,313,263,105,102,0,117,45,air,0
2759,1,0,0,0,161.5,36.6,84.17,66.4,36,10,0,3,58,290,313,263,105,102,0,117,45,air,0
2760,1,0,0,0,161.5,36.6,84.17,66.4,36,10,0,3,58,290,313,263,105,102,0,117,70,air,0
2761,0,0,0,1,162.9,36.4,86.07,68.1,36,10,0,3,58,290,326,263,105,105,0,118,35,train,3
2762,1,0,0,0,162.9,36.4,86.07,68.1,36,10,0,3,58,290,326,263,105,105,0,118,70,air,0
2763,1,0,0,0,194.9,39.76,135.28,83.2,45,7,0,5,69,370,476,304,135,125,0,143,70,air,0
2764,1,0,0,0,194.9,37.76,115.14,83.2,45,7,0,5,69,370,403,304,125,115,0,133,70,air,0
2765,1,0,0,0,186.9,37.76,107.35,82.65,45,7,0,5,69,370,375,304,117,105,0,123,45,air,0
2766,1,0,0,0,186.9,37.76,107.35,82.65,45,7,0,5,69,370,375,304,117,105,0,123,70,air,0
2775,1,0,0,0,184.9,37.66,105.45,75.75,45,7,0,5,69,370,362,304,110,103,0,118,35,air,0
2776,1,0,0,0,184.9,37.66,105.45,75.75,45,7,0,5,69,370,362,304,110,103,0,118,70,air,0
2777,1,0,0,0,185.55,37.86,106.4,75.2,45,7,0,5,69,370,369,304,113,100,0,113,35,air,0
2778,0,0,0,1,191.45,37.81,106.4,73.2,45,7,0,5,69,370,369,304,110,98,0,105,70,train,3
2779,0,0,0,1,191.45,37.81,106.4,73.2,45,7,0,5,69,370,369,304,110,98,0,105,70,train,3
2780,0,0,0,1,191.45,37.81,106.4,73.2,45,7,0,5,69,370,369,304,110,98,0,105,70,train,3
2781,0,0,0,1,191.45,37.81,106.4,73.2,45,7,0,5,69,370,369,304,110,98,0,105,70,train,3
2782,0,0,0,1,191.45,37.81,106.4,73.2,45,7,0,5,69,370,369,304,110,98,0,105,15,train,3
2783,0,0,1,0,191.45,37.81,106.4,73.2,45,7,0,5,69,370,369,304,110,98,0,105,70,car,2
2784,1,0,0,0,192.0,38.56,106.4,74.2,45,7,0,5,69,370,369,304,120,105,0,118,70,air,0
2785,1,0,0,0,190.9,39.76,109.06,75.2,45,7,0,5,69,370,375,304,119,115,0,123,70,air,0
2786,1,0,0,0,190.9,39.76,109.06,75.2,45,7,0,5,69,370,375,304,119,115,0,123,45,air,0
2790,0,0,0,1,212.3,57.97,146.87,103.35,4,6,0,2,84,629,495,507,98,96,0,103,70,train,3
2791,1,0,0,0,221.3,60.72,186.77,109.6,4,6,0,2,84,629,670,534,110,145,0,163,55,air,0
2793,1,0,0,0,168.9,30.4,78.09,67.4,36,10,0,3,58,290,286,263,115,100,0,110,55,air,0
2794,1,0,0,0,162.5,31.6,84.17,65.4,36,10,0,3,58,290,313,263,100,92,0,99,70,air,0
2795,1,0,0,0,162.5,31.6,84.17,65.4,36,10,0,3,58,290,313,263,100,92,0,99,70,air,0
2796,1,0,0,0,162.5,31.6,84.17,65.4,36,10,0,3,58,290,313,263,100,92,0,99,45,air,0
2797,0,0,1,0,163.9,31.4,86.07,67.1,36,10,0,3,58,290,326,263,100,95,0,100,70,car,2
2799,1,0,0,0,214.3,52.47,147.44,102.9,4,6,0,2,84,629,500,534,101,86,0,93,70,air,0
2800,1,0,0,0,214.3,52.47,147.44,102.9,4,6,0,2,84,629,500,534,101,86,0,93,70,air,0
2802,1,0,0,0,192.5,33.76,119.13,77.2,45,7,0,5,69,370,413,304,140,125,0,135,55,air,0
2804,0,0,0,1,147.45,22.96,52.44,48.9,6,8,0,8,60,183,203,148,98,115,0,120,70,train,3
2805,0,0,1,0,150.3,24.96,58.33,51.4,6,8,0,8,60,183,236,148,120,130,0,133,55,car,2
2806,0,0,1,0,165.5,27.64,71.25,56.4,36,2,0,8,58,304,266,148,135,133,0,150,45,car,2
2807,0,0,0,1,168.9,28.64,85.69,55.8,36,2,0,3,58,304,308,238,160,155,0,115,70,train,3
2808,1,0,0,0,168.9,28.64,85.69,55.8,36,2,0,3,58,304,308,238,160,155,0,115,55,air,0
2809,1,0,0,0,157.5,31.6,86.45,66.4,36,10,0,3,58,290,329,263,110,122,0,129,55,air,0
2810,1,0,0,0,157.5,31.6,86.45,66.4,36,10,0,3,58,290,329,263,110,122,0,129,55,air,0
2811,1,0,0,0,157.5,31.6,86.45,66.4,36,10,0,3,58,290,329,263,110,122,0,129,70,air,0
2812,1,0,0,0,157.5,31.6,86.45,66.4,36,10,0,3,58,290,329,263,110,122,0,129,70,air,0
2813,1,0,0,0,157.5,31.6,86.45,66.4,36,10,0,3,58,290,329,263,110,122,0,129,70,air,0
2814,0,0,1,0,157.5,31.6,86.45,66.4,36,10,0,3,58,290,329,263,110,122,0,129,15,car,2
2815,0,0,1,0,157.5,31.6,86.45,66.4,36,10,0,3,58,290,329,263,110,122,0,129,70,car,2
2816,1,0,0,0,161.5,31.4,95.0,70.4,36,10,0,3,58,290,349,263,135,150,0,165,45,air,0
2817,1,0,0,0,190.9,32.76,108.49,83.2,45,7,0,5,69,370,397,304,135,140,0,148,70,air,0
2820,1,0,0,0,180.9,32.66,107.73,75.75,45,7,0,5,69,370,379,304,115,123,0,130,70,air,0
2821,1,0,0,0,180.9,32.66,107.73,75.75,45,7,0,5,69,370,379,304,115,123,0,130,70,air,0
2822,1,0,0,0,187.45,32.81,108.68,73.2,45,7,0,5,69,370,385,304,115,118,0,117,55,air,0
2823,1,0,0,0,190.5,34.26,109.63,76.2,45,7,0,5,69,370,392,304,130,135,0,135,70,air,0
2824,1,0,0,0,217.3,55.72,167.01,108.6,4,6,0,2,84,629,577,534,145,145,0,155,70,air,0
2825,0,0,1,0,150.3,17.76,41.8,42.0,6,4,0,5,60,119,174,109,130,125,0,125,45,car,2
2827,1,0,0,0,157.5,31.6,89.68,66.4,36,10,0,3,58,290,324,263,115,122,0,129,45,air,0
2828,1,0,0,0,157.5,31.6,89.68,66.4,36,10,0,3,58,290,324,263,115,122,0,129,70,air,0
2829,1,0,0,0,157.5,31.6,89.68,66.4,36,10,0,3,58,290,324,263,115,122,0,129,70,air,0
2830,0,0,0,1,180.9,32.66,110.96,75.75,45,7,0,5,69,370,373,304,120,123,0,130,70,train,3
2831,1,0,0,0,187.45,32.81,111.91,73.2,45,7,0,5,69,370,380,304,120,118,0,117,70,air,0
2832,1,0,0,0,188.9,33.26,111.91,74.7,45,7,0,5,69,370,380,304,125,130,0,132,35,air,0
2833,1,0,0,0,209.3,52.47,152.95,103.9,4,6,0,2,84,629,511,534,116,116,0,123,70,air,0
2834,0,0,1,0,133.4,24.78,49.59,49.0,25,1,0,12,40,245,212,120,160,100,0,168,55,car,2
2843,0,0,1,0,150.3,17.56,32.68,44.2,6,4,0,5,60,119,122,109,130,115,0,118,55,car,2
2844,0,0,1,0,150.3,17.56,32.68,44.2,6,4,0,5,60,119,122,109,130,115,0,118,25,car,2
2845,0,0,1,0,150.3,24.96,45.22,51.4,6,8,0,8,60,183,170,148,120,120,0,121,70,car,2
2846,1,0,0,0,163.9,30.4,67.26,68.4,36,10,0,3,58,290,237,263,125,120,0,128,25,air,0
2847,0,0,0,1,157.5,31.6,73.34,66.4,36,10,0,3,58,290,263,263,110,112,0,117,55,train,3
2848,0,0,0,1,157.5,31.6,73.34,66.4,36,10,0,3,58,290,263,263,110,112,0,117,55,train,3
2849,1,0,0,0,157.5,31.6,73.34,66.4,36,10,0,3,58,290,263,263,110,112,0,117,70,air,0
2850,1,0,0,0,157.5,31.6,73.34,66.4,36,10,0,3,58,290,263,263,110,112,0,117,70,air,0
2851,1,0,0,0,157.5,31.6,73.34,66.4,36,10,0,3,58,290,263,263,110,112,0,117,55,air,0
2852,1,0,0,0,157.5,31.6,73.34,66.4,36,10,0,3,58,290,263,263,110,112,0,117,70,air,0
2853,1,0,0,0,157.5,31.6,73.34,66.4,36,10,0,3,58,290,263,263,110,112,0,117,70,air,0
2854,1,0,0,0,157.5,31.6,73.34,66.4,36,10,0,3,58,290,263,263,110,112,0,117,70,air,0
2855,1,0,0,0,157.5,31.6,73.34,66.4,36,10,0,3,58,290,263,263,110,112,0,117,55,air,0
2856,1,0,0,0,157.5,31.6,73.34,66.4,36,10,0,3,58,290,263,263,110,112,0,117,70,air,0
2857,1,0,0,0,161.5,31.4,81.89,70.4,36,10,0,3,58,290,283,263,135,140,0,153,70,air,0
2858,1,0,0,0,190.9,32.76,95.38,83.2,45,7,0,5,69,370,331,304,135,130,0,136,45,air,0
2861,1,0,0,0,187.45,32.81,95.57,73.2,45,7,0,5,69,370,319,304,115,108,0,105,55,air,0
2862,0,0,1,0,187.45,32.81,95.57,73.2,45,7,0,5,69,370,319,304,115,108,0,105,70,car,2
2876,0,0,0,1,157.5,29.2,71.25,64.9,36,4,0,3,58,384,253,245,120,72,0,94,15,train,3
2877,1,0,0,0,157.5,29.2,71.25,64.9,36,4,0,3,58,384,253,245,120,72,0,94,70,air,0
2878,1,0,0,0,157.5,29.2,71.25,64.9,36,4,0,3,58,384,253,245,120,72,0,94,45,air,0
2879,1,0,0,0,157.5,29.2,71.25,64.9,36,4,0,3,58,384,253,245,120,72,0,94,55,air,0
2880,1,0,0,0,157.5,29.2,71.25,64.9,36,4,0,3,58,384,253,245,120,72,0,94,70,air,0
2881,1,0,0,0,157.5,29.2,71.25,64.9,36,4,0,3,58,384,253,245,120,72,0,94,55,air,0
2882,0,0,1,0,157.5,29.2,71.25,64.9,36,4,0,3,58,384,253,245,120,72,0,94,35,car,2
2883,0,0,1,0,157.5,29.2,71.25,64.9,36,4,0,3,58,384,253,245,120,72,0,94,70,car,2
2901,0,0,1,0,151.45,21.55,35.53,46.05,6,2,0,8,60,164,121,131,123,53,0,90,70,car,2
2902,0,0,1,0,151.45,21.55,35.53,46.05,6,2,0,8,60,164,121,131,123,53,0,90,45,car,2
2903,0,0,1,0,151.45,21.55,35.53,46.05,6,2,0,8,60,164,121,131,123,53,0,90,5,car,2
2904,0,0,1,0,151.45,21.55,35.53,46.05,6,2,0,8,60,164,121,131,123,53,0,90,70,car,2
2907,1,0,0,0,161.5,28.55,69.54,65.15,36,4,0,3,58,384,248,245,135,60,0,99,70,air,0
2908,0,0,1,0,161.5,28.55,69.54,65.15,36,4,0,3,58,384,248,245,135,60,0,99,70,car,2
2912,0,0,1,0,151.45,22.2,34.2,56.9,6,2,0,8,60,164,119,148,123,65,0,140,32,car,2
2968,0,0,1,0,159.3,26.2,30.59,49.8,6,2,0,8,60,164,121,131,150,95,0,128,15,car,2
2969,0,0,0,1,166.5,31.2,58.71,66.4,36,4,0,3,58,384,215,245,140,87,0,124,35,train,3
2970,0,0,1,0,166.5,31.2,58.71,66.4,36,4,0,3,58,384,215,245,140,87,0,124,25,car,2
2971,0,0,1,0,166.5,31.2,58.71,66.4,36,4,0,3,58,384,215,245,140,87,0,124,35,car,2
2974,0,0,1,0,161.45,12.64,22.42,47.8,6,5,0,8,60,62,83,131,138,70,0,125,55,car,2
2975,0,0,1,0,161.45,12.64,22.42,47.8,6,5,0,8,60,62,83,131,138,70,0,125,35,car,2
2976,0,0,1,0,161.45,12.64,22.42,47.8,6,5,0,8,60,62,83,131,138,70,0,125,25,car,2
2977,0,0,1,0,164.3,14.64,28.31,50.3,6,5,0,8,60,62,116,131,160,85,0,138,15,car,2
2978,0,0,0,1,171.5,29.72,56.43,66.9,36,1,0,3,58,338,209,245,150,77,0,134,45,train,3
2979,0,0,1,0,171.5,29.72,56.43,66.9,36,1,0,3,58,338,209,245,150,77,0,134,55,car,2
2987,0,0,1,0,164.3,26.2,20.71,58.2,6,2,0,5,60,164,100,109,170,105,0,155,45,car,2
2988,0,0,1,0,164.3,26.2,20.71,58.2,6,2,0,5,60,164,100,109,170,105,0,155,25,car,2
2989,0,0,1,0,164.3,26.2,20.71,58.2,6,2,0,5,60,164,100,109,170,105,0,155,45,car,2
2990,0,0,1,0,161.45,24.2,34.39,59.9,6,2,0,8,60,164,128,148,138,80,0,145,70,car,2
2991,0,0,1,0,164.3,26.2,23.75,62.4,6,2,0,8,60,164,112,148,160,95,0,158,35,car,2
2998,0,0,1,0,181.5,32.2,55.67,78.4,36,4,0,3,58,384,252,263,160,97,0,164,70,car,2
3131,0,0,1,0,135.2,19.8,23.94,35.85,15,18,0,3,40,140,94,66,142,105,0,70,55,car,2
3132,0,0,1,0,135.2,19.8,23.94,35.85,15,18,0,3,40,140,94,66,142,105,0,70,70,car,2
3133,0,0,1,0,135.2,19.8,23.94,35.85,15,18,0,3,40,140,94,66,142,105,0,70,55,car,2
3134,0,0,1,0,135.2,19.8,23.94,34.4,15,18,0,3,40,140,94,66,142,110,0,75,15,car,2
3135,0,0,0,1,130.45,19.3,23.94,26.5,15,18,0,3,40,120,94,47,131,100,0,65,55,train,3
3136,0,0,1,0,130.45,19.3,23.94,26.5,15,18,0,3,40,120,94,47,131,100,0,65,15,car,2
3137,0,0,1,0,130.45,19.3,23.94,26.5,15,18,0,3,40,120,94,47,131,100,0,65,15,car,2
3138,0,0,1,0,130.45,19.3,23.94,26.5,15,18,0,3,40,120,94,47,131,100,0,65,70,car,2
3139,0,0,1,0,130.45,19.3,23.94,26.5,15,18,0,3,40,120,94,47,131,100,0,65,70,car,2
3140,0,0,1,0,130.45,19.3,23.94,26.5,15,18,0,3,40,120,94,47,131,100,0,65,35,car,2
3141,0,0,1,0,133.2,19.7,22.04,28.95,15,18,0,3,40,140,80,66,135,103,0,65,45,car,2
3142,0,0,1,0,133.2,19.7,22.04,28.95,15,18,0,3,40,140,80,66,135,103,0,65,55,car,2
3143,0,0,1,0,133.2,19.7,22.04,28.95,15,18,0,3,40,140,80,66,135,103,0,65,70,car,2
3144,0,0,1,0,139.5,19.8,30.21,30.25,15,18,0,3,40,140,113,66,140,110,0,75,15,car,2
3145,0,0,1,0,139.8,20.8,35.72,31.4,15,18,0,3,40,140,131,66,170,135,0,100,70,car,2
3146,0,0,1,0,139.8,20.8,35.72,31.4,15,18,0,3,40,140,131,66,170,135,0,100,45,car,2
3147,0,0,1,0,167.4,42.76,81.32,72.4,3,14,0,2,70,377,278,356,165,125,0,140,70,car,2
3148,0,0,1,0,159.4,39.76,64.79,71.4,3,14,0,2,70,377,226,356,130,105,0,120,35,car,2
3149,0,0,1,0,133.2,16.76,23.37,30.5,15,2,0,3,40,106,101,64,170,110,0,70,55,car,2
3150,0,0,0,1,138.2,15.76,22.42,31.8,15,2,0,3,40,106,95,64,175,105,0,75,15,train,3
3151,0,0,1,0,143.2,19.8,26.79,42.4,15,18,0,3,40,140,143,66,160,130,0,120,55,car,2
3152,0,0,1,0,130.45,19.3,25.84,30.5,15,18,0,3,40,120,107,47,131,100,0,90,70,car,2
3153,0,0,1,0,130.45,19.3,25.84,30.5,15,18,0,3,40,120,107,47,131,100,0,90,70,car,2
3154,0,0,1,0,133.2,19.7,23.94,32.95,15,18,0,3,40,140,94,66,135,103,0,90,5,car,2
3155,0,0,1,0,139.55,19.3,26.22,33.9,15,18,0,3,40,140,101,66,148,100,0,95,45,car,2
3156,0,0,1,0,143.2,20.8,38.76,38.4,15,18,0,3,40,140,141,66,185,140,0,135,45,car,2
3157,0,0,1,0,143.2,20.8,32.68,40.4,15,18,0,3,40,140,122,66,155,120,0,110,15,car,2
3162,0,0,0,1,134.75,16.85,41.61,39.2,15,18,0,5,40,140,168,132,100,78,0,77,70,train,3
3163,0,0,1,0,125.45,16.3,44.65,40.6,15,18,0,5,40,120,165,113,91,85,0,95,35,car,2
3164,0,0,1,0,134.75,16.85,43.7,39.7,15,18,0,5,40,140,159,132,95,83,0,82,70,car,2
3165,0,0,1,0,134.75,16.85,43.7,39.7,15,18,0,5,40,140,159,132,95,83,0,82,55,car,2
3166,0,0,1,0,134.75,16.85,43.7,39.7,15,18,0,5,40,140,159,132,95,83,0,82,70,car,2
3167,0,0,1,0,134.75,16.85,43.7,39.7,15,18,0,5,40,140,159,132,95,83,0,82,55,car,2
3168,0,0,1,0,134.55,16.3,45.03,43.2,15,18,0,5,40,140,160,132,108,85,0,100,70,car,2
3169,0,0,1,0,154.4,36.51,84.74,66.2,3,14,0,2,70,377,289,356,91,81,0,88,70,car,2
3170,0,0,1,0,127.2,16.8,42.94,48.65,15,18,0,5,40,140,167,132,97,78,0,95,70,car,2
3171,0,0,1,0,122.45,16.3,42.94,40.1,15,18,0,5,40,120,167,113,86,73,0,90,70,car,2
3172,0,0,1,0,122.45,16.3,42.94,40.1,15,18,0,5,40,120,167,113,86,73,0,90,70,car,2
3173,0,0,1,0,122.45,16.3,42.94,40.1,15,18,0,5,40,120,167,113,86,73,0,90,35,car,2
3174,0,0,1,0,122.45,16.3,42.94,40.1,15,18,0,5,40,120,167,113,86,73,0,90,32,car,2
3175,0,0,1,0,122.45,16.3,42.94,40.1,15,18,0,5,40,120,167,113,86,73,0,90,25,car,2
3176,0,0,1,0,122.45,16.3,42.94,40.1,15,18,0,5,40,120,167,113,86,73,0,90,70,car,2
3177,0,0,1,0,122.45,16.3,42.94,40.1,15,18,0,5,40,120,167,113,86,73,0,90,70,car,2
3178,0,0,1,0,122.45,16.3,42.94,40.1,15,18,0,5,40,120,167,113,86,73,0,90,70,car,2
3179,0,0,1,0,125.2,16.7,41.04,41.75,15,18,0,5,40,140,154,132,90,76,0,90,70,car,2
3180,0,0,1,0,125.2,16.7,41.04,41.75,15,18,0,5,40,140,154,132,90,76,0,90,70,car,2
3181,0,0,0,1,131.75,16.85,41.99,39.2,15,18,0,5,40,140,161,132,90,71,0,77,70,train,3
3182,0,0,1,0,131.75,16.85,41.99,39.2,15,18,0,5,40,140,161,132,90,71,0,77,35,car,2
3183,0,0,1,0,131.75,16.85,41.99,39.2,15,18,0,5,40,140,161,132,90,71,0,77,45,car,2
3184,0,0,0,1,132.3,17.6,41.99,40.2,15,18,0,5,40,140,161,132,100,78,0,90,25,train,3
3185,0,0,1,0,132.3,17.6,41.99,40.2,15,18,0,5,40,140,161,132,100,78,0,90,70,car,2
3186,0,0,1,0,129.0,16.8,32.68,41.85,15,18,0,5,40,120,128,113,98,83,0,93,25,car,2
3187,0,0,1,0,129.0,16.8,32.68,41.85,15,18,0,5,40,120,128,113,98,83,0,93,45,car,2
3188,1,0,0,0,151.4,36.51,83.03,65.7,3,14,0,2,70,377,292,356,86,69,0,83,70,air,0
3189,0,0,1,0,131.8,18.0,27.74,47.2,15,18,0,5,40,140,106,132,105,92,0,97,45,car,2
3190,0,0,1,0,131.8,18.0,34.01,47.2,15,18,0,5,40,140,140,132,100,87,0,94,70,car,2
3191,0,0,1,0,131.8,18.0,34.01,47.2,15,18,0,5,40,140,140,132,100,87,0,94,70,car,2
3192,0,0,1,0,131.8,18.0,34.01,47.2,15,18,0,5,40,140,140,132,100,87,0,94,25,car,2
3193,0,0,1,0,131.8,18.0,34.01,47.2,15,18,0,5,40,140,140,132,100,87,0,94,45,car,2
3194,0,0,1,0,123.8,18.0,39.14,46.65,15,18,0,5,40,140,141,132,92,77,0,84,70,car,2
3195,0,0,1,0,123.8,18.0,39.14,46.65,15,18,0,5,40,140,141,132,92,77,0,84,70,car,2
3196,0,0,1,0,123.8,18.0,39.14,46.65,15,18,0,5,40,140,141,132,92,77,0,84,70,car,2
3197,0,0,1,0,123.8,18.0,39.14,46.65,15,18,0,5,40,140,141,132,92,77,0,84,70,car,2
3198,0,0,0,1,123.8,18.0,39.14,45.2,15,18,0,5,40,140,141,132,92,82,0,89,25,train,3
3199,0,0,0,1,119.05,17.5,39.14,38.1,15,18,0,5,40,120,141,113,81,72,0,79,30,train,3
3200,0,0,0,1,119.05,17.5,39.14,38.1,15,18,0,5,40,120,141,113,81,72,0,79,25,train,3
3201,0,0,0,1,119.05,17.5,39.14,38.1,15,18,0,5,40,120,141,113,81,72,0,79,70,train,3
3202,0,0,0,1,119.05,17.5,39.14,38.1,15,18,0,5,40,120,141,113,81,72,0,79,45,train,3
3203,0,0,0,1,119.05,17.5,39.14,38.1,15,18,0,5,40,120,141,113,81,72,0,79,55,train,3
3204,0,0,0,1,119.05,17.5,39.14,38.1,15,18,0,5,40,120,141,113,81,72,0,79,45,train,3
3205,0,0,0,1,119.05,17.5,39.14,38.1,15,18,0,5,40,120,141,113,81,72,0,79,45,train,3
3206,0,0,0,1,119.05,17.5,39.14,38.1,15,18,0,5,40,120,141,113,81,72,0,79,35,train,3
3207,0,0,0,1,119.05,17.5,39.14,38.1,15,18,0,5,40,120,141,113,81,72,0,79,70,train,3
3208,1,0,0,0,119.05,17.5,39.14,38.1,15,18,0,5,40,120,141,113,81,72,0,79,70,air,0
3209,1,0,0,0,119.05,17.5,39.14,38.1,15,18,0,5,40,120,141,113,81,72,0,79,35,air,0
3210,1,0,0,0,119.05,17.5,39.14,38.1,15,18,0,5,40,120,141,113,81,72,0,79,70,air,0
3211,1,0,0,0,119.05,17.5,39.14,38.1,15,18,0,5,40,120,141,113,81,72,0,79,35,air,0
3212,1,0,0,0,119.05,17.5,39.14,38.1,15,18,0,5,40,120,141,113,81,72,0,79,55,air,0
3213,1,0,0,0,119.05,17.5,39.14,38.1,15,18,0,5,40,120,141,113,81,72,0,79,70,air,0
3214,1,0,0,0,119.05,17.5,39.14,38.1,15,18,0,5,40,120,141,113,81,72,0,79,70,air,0
3215,1,0,0,0,119.05,17.5,39.14,38.1,15,18,0,5,40,120,141,113,81,72,0,79,70,air,0
3216,1,0,0,0,119.05,17.5,39.14,38.1,15,18,0,5,40,120,141,113,81,72,0,79,70,air,0
3217,1,0,0,0,119.05,17.5,39.14,38.1,15,18,0,5,40,120,141,113,81,72,0,79,70,air,0
3218,1,0,0,0,119.05,17.5,39.14,38.1,15,18,0,5,40,120,141,113,81,72,0,79,70,air,0
3219,0,1,0,0,119.05,17.5,39.14,38.1,15,18,0,5,40,120,141,113,81,72,0,79,31,bus,1
3220,0,0,1,0,119.05,17.5,39.14,38.1,15,18,0,5,40,120,141,113,81,72,0,79,35,car,2
3221,0,0,1,0,119.05,17.5,39.14,38.1,15,18,0,5,40,120,141,113,81,72,0,79,70,car,2
3222,0,0,1,0,119.05,17.5,39.14,38.1,15,18,0,5,40,120,141,113,81,72,0,79,70,car,2
3223,0,0,1,0,119.05,17.5,39.14,38.1,15,18,0,5,40,120,141,113,81,72,0,79,70,car,2
3224,0,0,1,0,119.05,17.5,39.14,38.1,15,18,0,5,40,120,141,113,81,72,0,79,70,car,2
3225,0,0,1,0,119.05,17.5,39.14,38.1,15,18,0,5,40,120,141,113,81,72,0,79,70,car,2
3226,0,0,1,0,119.05,17.5,39.14,38.1,15,18,0,5,40,120,141,113,81,72,0,79,70,car,2
3227,0,0,1,0,119.05,17.5,39.14,38.1,15,18,0,5,40,120,141,113,81,72,0,79,70,car,2
3228,0,0,1,0,119.05,17.5,39.14,38.1,15,18,0,5,40,120,141,113,81,72,0,79,70,car,2
3229,0,0,1,0,119.05,17.5,39.14,38.1,15,18,0,5,40,120,141,113,81,72,0,79,70,car,2
3230,0,0,1,0,119.05,17.5,39.14,38.1,15,18,0,5,40,120,141,113,81,72,0,79,70,car,2
3231,0,0,1,0,119.05,17.5,39.14,38.1,15,18,0,5,40,120,141,113,81,72,0,79,70,car,2
3232,0,0,1,0,119.05,17.5,39.14,38.1,15,18,0,5,40,120,141,113,81,72,0,79,70,car,2
3233,0,0,1,0,119.05,17.5,39.14,38.1,15,18,0,5,40,120,141,113,81,72,0,79,45,car,2
3234,0,0,1,0,119.05,17.5,39.14,38.1,15,18,0,5,40,120,141,113,81,72,0,79,70,car,2
3235,0,0,1,0,119.05,17.5,39.14,38.1,15,18,0,5,40,120,141,113,81,72,0,79,45,car,2
3236,0,0,1,0,119.05,17.5,39.14,38.1,15,18,0,5,40,120,141,113,81,72,0,79,70,car,2
3237,0,0,1,0,119.05,17.5,39.14,38.1,15,18,0,5,40,120,141,113,81,72,0,79,70,car,2
3238,0,0,1,0,119.05,17.5,39.14,38.1,15,18,0,5,40,120,141,113,81,72,0,79,70,car,2
3239,0,0,1,0,119.05,17.5,39.14,38.1,15,18,0,5,40,120,141,113,81,72,0,79,70,car,2
3240,0,0,1,0,119.05,17.5,39.14,38.1,15,18,0,5,40,120,141,113,81,72,0,79,55,car,2
3241,0,0,1,0,119.05,17.5,39.14,38.1,15,18,0,5,40,120,141,113,81,72,0,79,70,car,2
3242,0,0,1,0,119.05,17.5,39.14,38.1,15,18,0,5,40,120,141,113,81,72,0,79,55,car,2
3243,0,0,1,0,119.05,17.5,39.14,38.1,15,18,0,5,40,120,141,113,81,72,0,79,15,car,2
3244,0,0,1,0,119.05,17.5,39.14,38.1,15,18,0,5,40,120,141,113,81,72,0,79,31,car,2
3245,0,0,1,0,119.05,17.5,39.14,38.1,15,18,0,5,40,120,141,113,81,72,0,79,70,car,2
3246,0,0,1,0,119.05,17.5,39.14,38.1,15,18,0,5,40,120,141,113,81,72,0,79,70,car,2
3247,0,0,1,0,119.05,17.5,39.14,38.1,15,18,0,5,40,120,141,113,81,72,0,79,70,car,2
3248,0,0,1,0,119.05,17.5,39.14,38.1,15,18,0,5,40,120,141,113,81,72,0,79,70,car,2
3249,0,0,1,0,119.05,17.5,39.14,38.1,15,18,0,5,40,120,141,113,81,72,0,79,55,car,2
3250,0,0,1,0,119.05,17.5,39.14,38.1,15,18,0,5,40,120,141,113,81,72,0,79,70,car,2
3251,0,0,1,0,119.05,17.5,39.14,38.1,15,18,0,5,40,120,141,113,81,72,0,79,45,car,2
3252,0,0,1,0,119.05,17.5,39.14,38.1,15,18,0,5,40,120,141,113,81,72,0,79,15,car,2
3253,0,0,1,0,119.05,17.5,39.14,38.1,15,18,0,5,40,120,141,113,81,72,0,79,45,car,2
3254,0,0,1,0,119.05,17.5,39.14,38.1,15,18,0,5,40,120,141,113,81,72,0,79,55,car,2
3255,0,0,1,0,119.05,17.5,39.14,38.1,15,18,0,5,40,120,141,113,81,72,0,79,45,car,2
3256,0,0,1,0,119.05,17.5,39.14,38.1,15,18,0,5,40,120,141,113,81,72,0,79,55,car,2
3257,0,0,1,0,119.05,17.5,39.14,38.1,15,18,0,5,40,120,141,113,81,72,0,79,70,car,2
3258,0,0,1,0,119.05,17.5,39.14,38.1,15,18,0,5,40,120,141,113,81,72,0,79,70,car,2
3259,0,0,1,0,119.05,17.5,39.14,38.1,15,18,0,5,40,120,141,113,81,72,0,79,70,car,2
3260,0,0,1,0,119.05,17.5,39.14,38.1,15,18,0,5,40,120,141,113,81,72,0,79,70,car,2
3261,0,0,1,0,119.05,17.5,39.14,38.1,15,18,0,5,40,120,141,113,81,72,0,79,55,car,2
3262,0,0,1,0,119.05,17.5,39.14,38.1,15,18,0,5,40,120,141,113,81,72,0,79,70,car,2
3263,0,0,1,0,119.05,17.5,39.14,38.1,15,18,0,5,40,120,141,113,81,72,0,79,45,car,2
3264,0,0,1,0,119.05,17.5,39.14,38.1,15,18,0,5,40,120,141,113,81,72,0,79,70,car,2
3265,0,0,1,0,119.05,17.5,39.14,38.1,15,18,0,5,40,120,141,113,81,72,0,79,45,car,2
3266,0,0,1,0,119.05,17.5,39.14,38.1,15,18,0,5,40,120,141,113,81,72,0,79,70,car,2
3267,0,0,0,1,121.8,17.9,37.24,39.75,15,18,0,5,40,140,128,132,85,75,0,79,70,train,3
3268,0,0,0,1,121.8,17.9,37.24,39.75,15,18,0,5,40,140,128,132,85,75,0,79,70,train,3
3269,0,0,0,1,121.8,17.9,37.24,39.75,15,18,0,5,40,140,128,132,85,75,0,79,70,train,3
3270,0,0,0,1,121.8,17.9,37.24,39.75,15,18,0,5,40,140,128,132,85,75,0,79,25,train,3
3271,0,0,0,1,121.8,17.9,37.24,39.75,15,18,0,5,40,140,128,132,85,75,0,79,5,train,3
3272,0,0,0,1,121.8,17.9,37.24,39.75,15,18,0,5,40,140,128,132,85,75,0,79,25,train,3
3273,0,0,1,0,121.8,17.9,37.24,39.75,15,18,0,5,40,140,128,132,85,75,0,79,45,car,2
3274,0,0,1,0,121.8,17.9,37.24,39.75,15,18,0,5,40,140,128,132,85,75,0,79,70,car,2
3275,0,0,1,0,121.8,17.9,37.24,39.75,15,18,0,5,40,140,128,132,85,75,0,79,15,car,2
3276,0,0,1,0,121.8,17.9,37.24,39.75,15,18,0,5,40,140,128,132,85,75,0,79,70,car,2
3277,0,0,1,0,121.8,17.9,37.24,39.75,15,18,0,5,40,140,128,132,85,75,0,79,25,car,2
3278,0,0,1,0,121.8,17.9,37.24,39.75,15,18,0,5,40,140,128,132,85,75,0,79,70,car,2
3279,0,0,1,0,121.8,17.9,37.24,39.75,15,18,0,5,40,140,128,132,85,75,0,79,70,car,2
3280,0,0,1,0,121.8,17.9,37.24,39.75,15,18,0,5,40,140,128,132,85,75,0,79,15,car,2
3281,0,0,1,0,121.8,17.9,37.24,39.75,15,18,0,5,40,140,128,132,85,75,0,79,70,car,2
3282,0,0,1,0,121.8,17.9,37.24,39.75,15,18,0,5,40,140,128,132,85,75,0,79,70,car,2
3283,0,0,1,0,121.8,17.9,37.24,39.75,15,18,0,5,40,140,128,132,85,75,0,79,70,car,2
3284,0,0,1,0,121.8,17.9,37.24,39.75,15,18,0,5,40,140,128,132,85,75,0,79,70,car,2
3285,0,0,1,0,121.8,17.9,37.24,39.75,15,18,0,5,40,140,128,132,85,75,0,79,30,car,2
3286,0,0,1,0,121.8,17.9,37.24,39.75,15,18,0,5,40,140,128,132,85,75,0,79,70,car,2
3287,0,0,1,0,121.8,17.9,37.24,39.75,15,18,0,5,40,140,128,132,85,75,0,79,70,car,2
3288,0,0,0,1,122.45,18.1,38.19,39.2,15,18,0,5,40,140,134,132,88,72,0,74,35,train,3
3289,0,0,0,1,128.35,18.05,38.19,37.2,15,18,0,5,40,140,134,132,85,70,0,66,70,train,3
3290,0,0,0,1,128.35,18.05,38.19,37.2,15,18,0,5,40,140,134,132,85,70,0,66,70,train,3
3291,0,0,0,1,128.35,18.05,38.19,37.2,15,18,0,5,40,140,134,132,85,70,0,66,70,train,3
3292,0,0,0,1,128.35,18.05,38.19,37.2,15,18,0,5,40,140,134,132,85,70,0,66,30,train,3
3293,0,0,0,1,128.35,18.05,38.19,37.2,15,18,0,5,40,140,134,132,85,70,0,66,55,train,3
3294,0,0,0,1,128.35,18.05,38.19,37.2,15,18,0,5,40,140,134,132,85,70,0,66,55,train,3
3295,0,0,0,1,128.35,18.05,38.19,37.2,15,18,0,5,40,140,134,132,85,70,0,66,45,train,3
3296,0,0,0,1,128.35,18.05,38.19,37.2,15,18,0,5,40,140,134,132,85,70,0,66,45,train,3
3297,0,0,0,1,128.35,18.05,38.19,37.2,15,18,0,5,40,140,134,132,85,70,0,66,55,train,3
3298,0,0,0,1,128.35,18.05,38.19,37.2,15,18,0,5,40,140,134,132,85,70,0,66,70,train,3
3299,0,0,0,1,128.35,18.05,38.19,37.2,15,18,0,5,40,140,134,132,85,70,0,66,35,train,3
3300,0,0,0,1,128.35,18.05,38.19,37.2,15,18,0,5,40,140,134,132,85,70,0,66,45,train,3
3301,0,0,0,1,128.35,18.05,38.19,37.2,15,18,0,5,40,140,134,132,85,70,0,66,45,train,3
3302,1,0,0,0,128.35,18.05,38.19,37.2,15,18,0,5,40,140,134,132,85,70,0,66,70,air,0
3303,1,0,0,0,128.35,18.05,38.19,37.2,15,18,0,5,40,140,134,132,85,70,0,66,55,air,0
3304,1,0,0,0,128.35,18.05,38.19,37.2,15,18,0,5,40,140,134,132,85,70,0,66,45,air,0
3305,0,0,1,0,128.35,18.05,38.19,37.2,15,18,0,5,40,140,134,132,85,70,0,66,45,car,2
3306,0,0,1,0,128.35,18.05,38.19,37.2,15,18,0,5,40,140,134,132,85,70,0,66,70,car,2
3307,0,0,1,0,128.35,18.05,38.19,37.2,15,18,0,5,40,140,134,132,85,70,0,66,55,car,2
3308,0,0,1,0,128.35,18.05,38.19,37.2,15,18,0,5,40,140,134,132,85,70,0,66,45,car,2
3309,0,0,1,0,128.35,18.05,38.19,37.2,15,18,0,5,40,140,134,132,85,70,0,66,15,car,2
3310,0,0,1,0,128.35,18.05,38.19,37.2,15,18,0,5,40,140,134,132,85,70,0,66,45,car,2
3311,0,0,1,0,128.35,18.05,38.19,37.2,15,18,0,5,40,140,134,132,85,70,0,66,55,car,2
3312,0,0,1,0,128.35,18.05,38.19,37.2,15,18,0,5,40,140,134,132,85,70,0,66,70,car,2
3313,0,0,1,0,128.35,18.05,38.19,37.2,15,18,0,5,40,140,134,132,85,70,0,66,35,car,2
3314,0,0,1,0,128.35,18.05,38.19,37.2,15,18,0,5,40,140,134,132,85,70,0,66,55,car,2
3315,0,0,1,0,128.35,18.05,38.19,37.2,15,18,0,5,40,140,134,132,85,70,0,66,45,car,2
3316,0,0,1,0,128.35,18.05,38.19,37.2,15,18,0,5,40,140,134,132,85,70,0,66,70,car,2
3317,0,0,1,0,128.35,18.05,38.19,37.2,15,18,0,5,40,140,134,132,85,70,0,66,25,car,2
3318,0,0,1,0,128.35,18.05,38.19,37.2,15,18,0,5,40,140,134,132,85,70,0,66,25,car,2
3319,0,0,1,0,128.35,18.05,38.19,37.2,15,18,0,5,40,140,134,132,85,70,0,66,70,car,2
3320,0,0,1,0,128.35,18.05,38.19,37.2,15,18,0,5,40,140,134,132,85,70,0,66,45,car,2
3321,0,0,1,0,128.35,18.05,38.19,37.2,15,18,0,5,40,140,134,132,85,70,0,66,45,car,2
3322,0,0,1,0,128.35,18.05,38.19,37.2,15,18,0,5,40,140,134,132,85,70,0,66,55,car,2
3323,0,0,1,0,128.35,18.05,38.19,37.2,15,18,0,5,40,140,134,132,85,70,0,66,70,car,2
3324,0,0,1,0,128.35,18.05,38.19,37.2,15,18,0,5,40,140,134,132,85,70,0,66,70,car,2
3325,0,0,1,0,128.35,18.05,38.19,37.2,15,18,0,5,40,140,134,132,85,70,0,66,70,car,2
3326,0,0,0,1,128.9,18.8,38.19,38.2,15,18,0,5,40,140,134,132,95,77,0,79,55,train,3
3327,0,0,0,1,128.9,18.8,38.19,38.2,15,18,0,5,40,140,134,132,95,77,0,79,70,train,3
3328,0,0,0,1,128.9,18.8,38.19,38.2,15,18,0,5,40,140,134,132,95,77,0,79,45,train,3
3329,0,0,1,0,128.9,18.8,38.19,38.2,15,18,0,5,40,140,134,132,95,77,0,79,70,car,2
3330,0,0,1,0,128.9,18.8,38.19,38.2,15,18,0,5,40,140,134,132,95,77,0,79,70,car,2
3331,0,0,1,0,128.9,18.8,38.19,38.2,15,18,0,5,40,140,134,132,95,77,0,79,55,car,2
3332,0,0,0,1,129.8,18.5,38.19,38.7,15,18,0,5,40,140,134,132,90,82,0,81,35,train,3
3333,0,0,1,0,129.8,18.5,38.19,38.7,15,18,0,5,40,140,134,132,90,82,0,81,35,car,2
3334,0,0,0,1,131.4,19.5,39.14,40.2,15,18,0,5,40,140,141,132,100,87,0,84,45,train,3
3335,0,0,1,0,131.4,19.5,39.14,40.2,15,18,0,5,40,140,141,132,100,87,0,84,25,car,2
3336,0,0,1,0,131.4,19.5,39.14,40.2,15,18,0,5,40,140,141,132,100,87,0,84,35,car,2
3337,0,0,1,0,131.4,19.5,39.14,40.2,15,18,0,5,40,140,141,132,100,87,0,84,45,car,2
3338,0,0,1,0,131.4,19.5,39.14,40.2,15,18,0,5,40,140,141,132,100,87,0,84,45,car,2
3339,0,0,1,0,131.4,19.5,39.14,40.2,15,18,0,5,40,140,141,132,100,87,0,84,25,car,2
3340,0,0,1,0,131.8,18.0,28.88,43.2,15,18,0,5,40,120,110,132,120,77,0,144,70,car,2
3341,0,0,1,0,128.1,18.0,45.41,41.05,15,18,0,5,40,140,161,132,90,82,0,89,70,car,2
3342,0,0,0,1,127.8,20.0,40.85,39.2,15,18,0,5,40,140,141,132,94,87,0,84,35,train,3
3343,0,0,0,1,127.8,20.0,40.85,39.2,15,18,0,5,40,140,141,132,94,87,0,84,70,train,3
3344,0,0,0,1,127.8,20.0,40.85,39.2,15,18,0,5,40,140,141,132,94,87,0,84,5,train,3
3345,0,0,0,1,128.15,17.5,39.52,40.7,15,18,0,5,40,140,135,132,98,72,0,84,25,train,3
3346,0,0,0,1,128.15,17.5,39.52,40.7,15,18,0,5,40,140,135,132,98,72,0,84,45,train,3
3347,0,0,1,0,128.15,17.5,39.52,40.7,15,18,0,5,40,140,135,132,98,72,0,84,35,car,2
3348,0,0,1,0,128.15,17.5,39.52,40.7,15,18,0,5,40,140,135,132,98,72,0,84,25,car,2
3349,0,0,1,0,128.15,17.5,39.52,40.7,15,18,0,5,40,140,135,132,98,72,0,84,55,car,2
3350,0,0,1,0,128.15,17.5,39.52,40.7,15,18,0,5,40,140,135,132,98,72,0,84,70,car,2
3351,0,0,1,0,128.15,17.5,39.52,40.7,15,18,0,5,40,140,135,132,98,72,0,84,45,car,2
3352,0,0,1,0,128.15,17.5,39.52,40.7,15,18,0,5,40,140,135,132,98,72,0,84,25,car,2
3353,0,0,1,0,128.15,17.5,39.52,40.7,15,18,0,5,40,140,135,132,98,72,0,84,25,car,2
3354,0,0,1,0,123.1,18.0,50.92,41.2,15,18,0,5,40,140,178,132,90,92,0,93,35,car,2
3355,0,0,0,1,125.6,18.0,28.88,39.85,15,18,0,5,40,120,101,113,93,82,0,82,35,train,3
3356,0,0,1,0,125.6,18.0,28.88,39.85,15,18,0,5,40,120,101,113,93,82,0,82,35,car,2
3357,0,0,1,0,125.6,18.0,28.88,39.85,15,18,0,5,40,120,101,113,93,82,0,82,55,car,2
3358,0,0,1,0,125.6,18.0,28.88,39.85,15,18,0,5,40,120,101,113,93,82,0,82,55,car,2
3359,0,0,1,0,125.6,18.0,28.88,39.85,15,18,0,5,40,120,101,113,93,82,0,82,70,car,2
3360,0,0,1,0,125.6,18.0,28.88,39.85,15,18,0,5,40,120,101,113,93,82,0,82,55,car,2
3361,0,0,1,0,125.6,18.0,28.88,39.85,15,18,0,5,40,120,101,113,93,82,0,82,40,car,2
3362,0,0,1,0,125.6,18.0,28.88,39.85,15,18,0,5,40,120,101,113,93,82,0,82,55,car,2
3363,0,0,1,0,131.8,18.0,33.82,42.2,15,18,0,5,40,120,123,113,105,92,0,99,55,car,2
3364,0,0,0,1,131.8,18.0,45.41,41.2,15,18,0,5,40,140,161,132,115,97,0,106,35,train,3
3365,0,0,0,1,131.8,18.0,45.41,41.2,15,18,0,5,40,140,161,132,115,97,0,106,45,train,3
3366,0,0,1,0,131.8,18.0,45.41,41.2,15,18,0,5,40,140,161,132,115,97,0,106,35,car,2
3367,0,0,1,0,131.8,18.0,45.41,41.2,15,18,0,5,40,140,161,132,115,97,0,106,55,car,2
3368,0,0,1,0,131.8,18.0,45.41,41.2,15,18,0,5,40,140,161,132,115,97,0,106,70,car,2
3369,0,0,1,0,126.3,20.0,59.85,47.2,15,18,0,5,40,140,209,132,140,117,0,129,35,car,2
3376,1,0,0,0,147.0,38.21,78.66,63.15,3,14,0,2,70,377,261,329,73,68,0,64,45,air,0
3377,1,0,0,0,147.0,38.21,78.66,63.15,3,14,0,2,70,377,261,329,73,68,0,64,70,air,0
3378,1,0,0,0,147.0,38.21,78.66,63.15,3,14,0,2,70,377,261,329,73,68,0,64,70,air,0
3379,1,0,0,0,147.0,38.21,78.66,63.15,3,14,0,2,70,377,261,329,73,68,0,64,35,air,0
3380,0,0,1,0,147.0,38.21,78.66,63.15,3,14,0,2,70,377,261,329,73,68,0,64,70,car,2
3381,0,0,1,0,147.0,38.21,78.66,63.15,3,14,0,2,70,377,261,329,73,68,0,64,70,car,2
3382,0,0,0,1,148.0,37.71,79.23,63.7,3,14,0,2,70,377,265,356,81,68,0,72,5,train,3
3383,0,0,0,1,148.0,37.71,79.23,63.7,3,14,0,2,70,377,265,356,81,68,0,72,35,train,3
3384,0,0,0,1,148.0,37.71,79.23,63.7,3,14,0,2,70,377,265,356,81,68,0,72,5,train,3
3385,0,0,0,1,148.0,37.71,79.23,63.7,3,14,0,2,70,377,265,356,81,68,0,72,70,train,3
3386,0,0,0,1,148.0,37.71,79.23,63.7,3,14,0,2,70,377,265,356,81,68,0,72,55,train,3
3387,0,0,0,1,148.0,37.71,79.23,63.7,3,14,0,2,70,377,265,356,81,68,0,72,35,train,3
3388,0,0,0,1,148.0,37.71,79.23,63.7,3,14,0,2,70,377,265,356,81,68,0,72,70,train,3
3389,1,0,0,0,148.0,37.71,79.23,63.7,3,14,0,2,70,377,265,356,81,68,0,72,70,air,0
3390,1,0,0,0,148.0,37.71,79.23,63.7,3,14,0,2,70,377,265,356,81,68,0,72,70,air,0
3391,1,0,0,0,148.0,37.71,79.23,63.7,3,14,0,2,70,377,265,356,81,68,0,72,30,air,0
3392,1,0,0,0,148.0,37.71,79.23,63.7,3,14,0,2,70,377,265,356,81,68,0,72,45,air,0
3393,1,0,0,0,148.0,37.71,79.23,63.7,3,14,0,2,70,377,265,356,81,68,0,72,70,air,0
3394,1,0,0,0,148.0,37.71,79.23,63.7,3,14,0,2,70,377,265,356,81,68,0,72,70,air,0
3395,1,0,0,0,148.0,37.71,79.23,63.7,3,14,0,2,70,377,265,356,81,68,0,72,70,air,0
3396,1,0,0,0,148.0,37.71,79.23,63.7,3,14,0,2,70,377,265,356,81,68,0,72,70,air,0
3397,1,0,0,0,148.0,37.71,79.23,63.7,3,14,0,2,70,377,265,356,81,68,0,72,70,air,0
3398,1,0,0,0,148.0,37.71,79.23,63.7,3,14,0,2,70,377,265,356,81,68,0,72,30,air,0
3399,1,0,0,0,148.0,37.71,79.23,63.7,3,14,0,2,70,377,265,356,81,68,0,72,55,air,0
3400,1,0,0,0,148.0,37.71,79.23,63.7,3,14,0,2,70,377,265,356,81,68,0,72,70,air,0
3401,1,0,0,0,148.0,37.71,79.23,63.7,3,14,0,2,70,377,265,356,81,68,0,72,70,air,0
3402,1,0,0,0,148.0,37.71,79.23,63.7,3,14,0,2,70,377,265,356,81,68,0,72,55,air,0
3403,1,0,0,0,148.0,37.71,79.23,63.7,3,14,0,2,70,377,265,356,81,68,0,72,70,air,0
3404,1,0,0,0,148.0,37.71,79.23,63.7,3,14,0,2,70,377,265,356,81,68,0,72,25,air,0
3405,1,0,0,0,148.0,37.71,79.23,63.7,3,14,0,2,70,377,265,356,81,68,0,72,55,air,0
3406,1,0,0,0,148.0,37.71,79.23,63.7,3,14,0,2,70,377,265,356,81,68,0,72,27,air,0
3407,1,0,0,0,148.0,37.71,79.23,63.7,3,14,0,2,70,377,265,356,81,68,0,72,70,air,0
3408,1,0,0,0,148.0,37.71,79.23,63.7,3,14,0,2,70,377,265,356,81,68,0,72,35,air,0
3409,1,0,0,0,148.0,37.71,79.23,63.7,3,14,0,2,70,377,265,356,81,68,0,72,35,air,0
3410,1,0,0,0,148.0,37.71,79.23,63.7,3,14,0,2,70,377,265,356,81,68,0,72,45,air,0
3411,1,0,0,0,148.0,37.71,79.23,63.7,3,14,0,2,70,377,265,356,81,68,0,72,70,air,0
3412,0,0,1,0,148.0,37.71,79.23,63.7,3,14,0,2,70,377,265,356,81,68,0,72,15,car,2
3413,0,0,1,0,148.0,37.71,79.23,63.7,3,14,0,2,70,377,265,356,81,68,0,72,70,car,2
3414,0,0,1,0,148.0,37.71,79.23,63.7,3,14,0,2,70,377,265,356,81,68,0,72,70,car,2
3415,0,0,1,0,148.0,37.71,79.23,63.7,3,14,0,2,70,377,265,356,81,68,0,72,70,car,2
3416,0,0,1,0,148.0,37.71,79.23,63.7,3,14,0,2,70,377,265,356,81,68,0,72,70,car,2
3417,0,0,1,0,156.0,37.96,80.37,67.4,3,14,0,2,70,377,273,356,90,77,0,84,55,car,2
3419,0,0,1,0,128.4,19.0,50.92,42.2,15,18,0,5,40,140,178,132,120,107,0,114,70,car,2
3420,0,0,1,0,131.8,19.0,45.98,47.2,15,18,0,5,40,140,156,132,105,92,0,99,25,car,2
3421,0,0,1,0,131.8,19.0,45.98,47.2,15,18,0,5,40,140,156,132,105,92,0,99,70,car,2
3422,0,0,0,1,131.8,19.0,51.68,47.2,15,18,0,5,40,140,179,132,110,97,0,99,70,train,3
3423,0,0,0,1,131.8,19.0,51.68,47.2,15,18,0,5,40,140,179,132,110,97,0,99,70,train,3
3424,0,0,1,0,131.8,19.0,51.68,47.2,15,18,0,5,40,140,179,132,110,97,0,99,15,car,2
3425,0,0,1,0,131.8,19.0,51.68,47.2,15,18,0,5,40,140,179,132,110,97,0,99,70,car,2
3426,1,0,0,0,156.0,40.96,91.39,67.9,3,14,0,2,70,377,304,356,95,87,0,94,40,air,0
3427,0,0,1,0,156.0,40.96,118.56,69.4,3,14,0,2,70,377,436,356,85,117,0,124,70,car,2
3428,0,0,1,0,156.0,40.96,118.56,69.4,3,14,0,2,70,377,436,356,85,117,0,124,45,car,2
3429,0,0,1,0,156.0,40.96,118.56,69.4,3,14,0,2,70,377,436,356,85,117,0,124,70,car,2
3430,1,0,0,0,125.2,17.8,41.04,48.35,15,18,0,5,40,140,154,132,92,80,0,85,27,air,0
3431,0,0,0,1,120.45,17.3,41.04,39.8,15,18,0,5,40,120,154,113,81,75,0,80,55,train,3
3432,0,0,1,0,120.45,17.3,41.04,39.8,15,18,0,5,40,120,154,113,81,75,0,80,70,car,2
3433,0,0,1,0,120.45,17.3,41.04,39.8,15,18,0,5,40,120,154,113,81,75,0,80,45,car,2
3434,0,0,1,0,120.45,17.3,41.04,39.8,15,18,0,5,40,120,154,113,81,75,0,80,70,car,2
3435,0,0,1,0,120.45,17.3,41.04,39.8,15,18,0,5,40,120,154,113,81,75,0,80,35,car,2
3436,0,0,1,0,120.45,17.3,41.04,39.8,15,18,0,5,40,120,154,113,81,75,0,80,70,car,2
3437,0,0,0,1,123.2,17.7,39.14,41.45,15,18,0,5,40,140,141,132,85,78,0,80,70,train,3
3438,0,0,1,0,123.2,17.7,39.14,41.45,15,18,0,5,40,140,141,132,85,78,0,80,25,car,2
3439,0,0,1,0,123.2,17.7,39.14,41.45,15,18,0,5,40,140,141,132,85,78,0,80,70,car,2
3440,0,0,0,1,129.75,17.85,40.09,38.9,15,18,0,5,40,140,148,132,85,73,0,67,55,train,3
3441,0,0,0,1,129.75,17.85,40.09,38.9,15,18,0,5,40,140,148,132,85,73,0,67,70,train,3
3442,0,0,0,1,129.75,17.85,40.09,38.9,15,18,0,5,40,140,148,132,85,73,0,67,70,train,3
3443,0,0,1,0,129.75,17.85,40.09,38.9,15,18,0,5,40,140,148,132,85,73,0,67,70,car,2
3444,0,0,1,0,129.75,17.85,40.09,38.9,15,18,0,5,40,140,148,132,85,73,0,67,55,car,2
3445,0,0,1,0,129.75,17.85,40.09,38.9,15,18,0,5,40,140,148,132,85,73,0,67,45,car,2
3446,0,0,1,0,129.75,17.85,40.09,38.9,15,18,0,5,40,140,148,132,85,73,0,67,45,car,2
3447,0,0,1,0,129.55,17.3,41.42,42.4,15,18,0,5,40,140,149,132,98,75,0,85,70,car,2
3448,1,0,0,0,148.4,38.01,80.56,64.85,3,14,0,2,70,377,274,329,73,71,0,65,70,air,0
3449,1,0,0,0,149.4,37.51,81.13,65.4,3,14,0,2,70,377,278,356,81,71,0,73,70,air,0
3450,0,0,1,0,124.45,16.3,35.34,40.1,15,18,0,5,40,120,138,113,101,75,0,84,70,car,2
3451,0,0,1,0,153.4,36.51,75.43,65.7,3,14,0,2,70,377,262,356,101,71,0,77,70,car,2
3452,0,0,1,0,132.35,17.85,24.32,41.2,15,18,0,5,40,140,99,132,110,98,0,102,45,car,2
3453,0,0,1,0,132.35,17.85,24.32,41.2,15,18,0,5,40,140,99,132,110,98,0,102,45,car,2
3454,0,0,1,0,133.8,18.3,24.32,42.7,15,18,0,5,40,140,99,132,115,110,0,117,25,car,2
3455,0,0,1,0,135.4,19.3,25.27,44.2,15,18,0,5,40,140,106,132,125,115,0,120,35,car,2
3456,0,0,1,0,135.4,19.3,25.27,44.2,15,18,0,5,40,140,106,132,125,115,0,120,15,car,2
3457,0,0,1,0,135.8,17.8,20.33,47.2,15,18,0,5,40,120,85,132,145,105,0,180,5,car,2
3458,0,0,1,0,135.8,17.8,31.54,51.2,15,18,0,5,40,140,150,132,140,125,0,140,45,car,2
3459,0,0,1,0,132.4,18.8,37.05,46.2,15,18,0,5,40,140,143,132,145,135,0,150,45,car,2
3460,0,0,1,0,160.0,40.76,82.65,72.4,3,14,0,2,70,377,291,356,140,125,0,140,35,car,2
3461,0,0,1,0,130.2,16.8,40.09,49.65,15,18,0,5,40,140,148,132,97,75,0,90,70,car,2
3462,0,0,0,1,125.45,16.3,40.09,41.1,15,18,0,5,40,120,148,113,86,70,0,85,15,train,3
3463,0,0,1,0,125.45,16.3,40.09,41.1,15,18,0,5,40,120,148,113,86,70,0,85,70,car,2
3464,0,0,1,0,125.45,16.3,40.09,41.1,15,18,0,5,40,120,148,113,86,70,0,85,45,car,2
3465,0,0,1,0,125.45,16.3,40.09,41.1,15,18,0,5,40,120,148,113,86,70,0,85,55,car,2
3466,0,0,1,0,125.45,16.3,40.09,41.1,15,18,0,5,40,120,148,113,86,70,0,85,55,car,2
3467,0,0,1,0,125.45,16.3,40.09,41.1,15,18,0,5,40,120,148,113,86,70,0,85,45,car,2
3468,0,0,1,0,125.45,16.3,40.09,41.1,15,18,0,5,40,120,148,113,86,70,0,85,70,car,2
3469,0,0,1,0,125.45,16.3,40.09,41.1,15,18,0,5,40,120,148,113,86,70,0,85,55,car,2
3470,0,0,1,0,125.45,16.3,40.09,41.1,15,18,0,5,40,120,148,113,86,70,0,85,45,car,2
3471,0,0,1,0,128.2,16.7,38.19,42.75,15,18,0,5,40,140,134,132,90,73,0,85,70,car,2
3472,0,0,1,0,128.2,16.7,38.19,42.75,15,18,0,5,40,140,134,132,90,73,0,85,70,car,2
3473,0,0,1,0,128.2,16.7,38.19,42.75,15,18,0,5,40,140,134,132,90,73,0,85,35,car,2
3474,0,0,1,0,128.2,16.7,38.19,42.75,15,18,0,5,40,140,134,132,90,73,0,85,55,car,2
3475,0,0,1,0,128.2,16.7,38.19,42.75,15,18,0,5,40,140,134,132,90,73,0,85,15,car,2
3476,0,0,1,0,128.85,16.9,39.14,42.2,15,18,0,5,40,140,141,132,93,70,0,80,70,car,2
3477,0,0,1,0,128.85,16.9,39.14,42.2,15,18,0,5,40,140,141,132,93,70,0,80,55,car,2
3478,0,0,0,1,134.75,16.85,39.14,40.2,15,18,0,5,40,140,141,132,90,68,0,72,45,train,3
3479,0,0,0,1,134.75,16.85,39.14,40.2,15,18,0,5,40,140,141,132,90,68,0,72,55,train,3
3480,1,0,0,0,134.75,16.85,39.14,40.2,15,18,0,5,40,140,141,132,90,68,0,72,70,air,0
3481,0,0,1,0,134.75,16.85,39.14,40.2,15,18,0,5,40,140,141,132,90,68,0,72,15,car,2
3482,0,0,1,0,134.75,16.85,39.14,40.2,15,18,0,5,40,140,141,132,90,68,0,72,23,car,2
3483,0,0,1,0,134.75,16.85,39.14,40.2,15,18,0,5,40,140,141,132,90,68,0,72,25,car,2
3484,0,0,1,0,135.3,17.6,39.14,41.2,15,18,0,5,40,140,141,132,100,75,0,85,35,car,2
3485,0,0,1,0,135.3,17.6,39.14,41.2,15,18,0,5,40,140,141,132,100,75,0,85,70,car,2
3486,0,0,1,0,136.2,17.3,39.14,41.7,15,18,0,5,40,140,141,132,95,80,0,87,55,car,2
3487,0,0,1,0,137.8,18.3,40.09,43.2,15,18,0,5,40,140,148,132,105,85,0,90,70,car,2
3488,0,0,1,0,137.8,18.3,40.09,43.2,15,18,0,5,40,140,148,132,105,85,0,90,25,car,2
3489,0,0,1,0,137.8,18.3,40.09,43.2,15,18,0,5,40,140,148,132,105,85,0,90,70,car,2
3490,0,0,1,0,138.2,16.8,29.83,46.2,15,18,0,5,40,120,117,132,125,75,0,150,35,car,2
3491,0,0,1,0,138.2,16.8,29.83,46.2,15,18,0,5,40,120,117,132,125,75,0,150,45,car,2
3492,0,0,0,1,134.2,18.8,41.8,42.2,15,18,0,5,40,140,148,132,99,85,0,90,70,train,3
3493,0,0,1,0,134.2,18.8,41.8,42.2,15,18,0,5,40,140,148,132,99,85,0,90,55,car,2
3494,0,0,1,0,134.2,18.8,41.8,42.2,15,18,0,5,40,140,148,132,99,85,0,90,35,car,2
3495,0,0,0,1,134.55,16.3,40.47,43.7,15,18,0,5,40,140,142,132,103,70,0,90,70,train,3
3496,0,0,1,0,134.55,16.3,40.47,43.7,15,18,0,5,40,140,142,132,103,70,0,90,45,car,2
3497,0,0,1,0,134.55,16.3,40.47,43.7,15,18,0,5,40,140,142,132,103,70,0,90,70,car,2
3498,0,0,1,0,134.55,16.3,40.47,43.7,15,18,0,5,40,140,142,132,103,70,0,90,70,car,2
3499,0,0,1,0,134.55,16.3,40.47,43.7,15,18,0,5,40,140,142,132,103,70,0,90,55,car,2
3500,0,0,1,0,134.55,16.3,40.47,43.7,15,18,0,5,40,140,142,132,103,70,0,90,55,car,2
3501,0,0,1,0,134.55,16.3,40.47,43.7,15,18,0,5,40,140,142,132,103,70,0,90,5,car,2
3502,0,0,1,0,134.55,16.3,40.47,43.7,15,18,0,5,40,140,142,132,103,70,0,90,70,car,2
3503,0,0,1,0,129.5,16.8,51.87,44.2,15,18,0,5,40,140,185,132,95,90,0,99,35,car,2
3504,0,0,1,0,129.5,16.8,51.87,44.2,15,18,0,5,40,140,185,132,95,90,0,99,70,car,2
3505,0,0,1,0,132.0,16.8,29.83,42.85,15,18,0,5,40,120,108,113,98,80,0,88,35,car,2
3506,0,0,1,0,138.2,16.8,34.77,45.2,15,18,0,5,40,120,130,113,110,90,0,105,15,car,2
3507,0,0,1,0,138.2,16.8,46.36,44.2,15,18,0,5,40,140,167,132,120,95,0,112,23,car,2
3510,0,0,0,1,153.4,37.01,79.61,66.15,3,14,0,2,70,377,267,329,78,66,0,70,25,train,3
3511,0,0,1,0,153.4,37.01,79.61,66.15,3,14,0,2,70,377,267,329,78,66,0,70,45,car,2
3512,0,0,1,0,153.4,37.01,79.61,66.15,3,14,0,2,70,377,267,329,78,66,0,70,70,car,2
3513,1,0,0,0,154.4,36.51,80.18,66.7,3,14,0,2,70,377,272,356,86,66,0,78,55,air,0
3514,1,0,0,0,154.4,36.51,80.18,66.7,3,14,0,2,70,377,272,356,86,66,0,78,70,air,0
3515,0,0,1,0,154.4,36.51,80.18,66.7,3,14,0,2,70,377,272,356,86,66,0,78,45,car,2
3516,0,0,1,0,154.4,36.51,80.18,66.7,3,14,0,2,70,377,272,356,86,66,0,78,55,car,2
3517,0,0,1,0,154.4,36.51,80.18,66.7,3,14,0,2,70,377,272,356,86,66,0,78,45,car,2
3518,1,0,0,0,162.4,36.76,81.32,70.4,3,14,0,2,70,377,280,356,95,75,0,90,45,air,0
3519,0,0,1,0,150.4,36.76,84.74,70.4,3,14,0,2,70,377,292,356,78,75,0,90,70,car,2
3520,0,0,1,0,162.4,38.76,106.97,70.4,3,14,0,2,70,377,388,356,90,75,0,90,55,car,2
3521,0,0,1,0,138.2,17.8,52.63,50.2,15,18,0,5,40,140,186,132,115,95,0,105,70,car,2
3523,0,0,1,0,162.4,39.76,119.51,72.4,3,14,0,2,70,377,442,356,90,115,0,130,24,car,2
3524,0,0,1,0,162.4,39.76,119.51,72.4,3,14,0,2,70,377,442,356,90,115,0,130,35,car,2
3525,0,0,1,0,162.4,39.76,119.51,72.4,3,14,0,2,70,377,442,356,90,115,0,130,70,car,2
3526,0,0,1,0,125.45,17.3,60.61,42.1,15,18,0,5,40,120,259,113,116,100,0,115,55,car,2
3527,0,0,1,0,125.45,17.3,60.61,42.1,15,18,0,5,40,120,259,113,116,100,0,115,70,car,2
3528,0,0,1,0,125.45,17.3,60.61,42.1,15,18,0,5,40,120,259,113,116,100,0,115,70,car,2
3529,0,0,1,0,128.2,17.7,58.71,43.75,15,18,0,5,40,140,245,132,120,103,0,115,70,car,2
3530,0,0,1,0,128.2,17.7,58.71,43.75,15,18,0,5,40,140,245,132,120,103,0,115,25,car,2
3531,0,0,1,0,128.2,17.7,58.71,43.75,15,18,0,5,40,140,245,132,120,103,0,115,70,car,2
3532,0,0,1,0,134.75,17.85,59.66,41.2,15,18,0,5,40,140,252,132,120,98,0,102,35,car,2
3533,0,0,1,0,138.2,17.8,68.59,47.2,15,18,0,5,40,120,285,132,155,105,0,180,35,car,2
3534,0,0,1,0,138.2,17.8,68.59,47.2,15,18,0,5,40,120,285,132,155,105,0,180,70,car,2
3535,0,0,1,0,134.55,17.3,60.99,44.7,15,18,0,5,40,140,253,132,133,100,0,120,35,car,2
3538,0,0,1,0,154.4,37.51,100.7,67.7,3,14,0,2,70,377,383,356,116,96,0,108,55,car,2
3540,0,0,0,1,162.4,40.76,140.03,73.4,3,14,0,2,70,377,553,356,120,145,0,160,5,train,3
3541,0,0,1,0,155.3,17.06,26.98,38.6,16,8,0,3,46,115,116,120,180,84,0,90,55,car,2
3542,0,0,1,0,155.3,17.06,26.98,38.6,16,8,0,3,46,115,116,120,180,84,0,90,35,car,2
3543,0,0,1,0,155.3,17.06,26.98,38.6,16,8,0,3,46,115,116,120,180,84,0,90,35,car,2
3544,0,0,1,0,155.3,17.06,26.98,38.6,16,8,0,3,46,115,116,120,180,84,0,90,25,car,2
3545,0,0,1,0,155.3,17.06,26.98,38.6,16,8,0,3,46,115,116,120,180,84,0,90,45,car,2
3546,0,0,1,0,143.3,25.96,57.19,56.6,16,24,0,3,46,186,249,193,103,100,0,110,45,car,2
3547,0,0,1,0,155.3,18.36,59.47,43.8,16,8,0,3,46,115,238,120,155,105,0,150,35,car,2
3549,0,0,1,0,155.3,15.06,39.71,38.6,16,8,0,3,46,115,146,120,175,79,0,83,45,car,2
3550,0,0,1,0,155.3,15.06,39.71,38.6,16,8,0,3,46,115,146,120,175,79,0,83,70,car,2
3551,0,0,1,0,155.3,15.06,39.71,38.6,16,8,0,3,46,115,146,120,175,79,0,83,45,car,2
3552,0,0,1,0,155.3,15.06,39.71,38.6,16,8,0,3,46,115,146,120,175,79,0,83,35,car,2
3553,0,0,1,0,145.3,26.96,53.58,48.6,16,24,0,3,46,186,207,170,98,100,0,88,55,car,2
3554,0,0,1,0,145.3,26.96,53.58,48.6,16,24,0,3,46,186,207,170,98,100,0,88,45,car,2
3555,0,0,1,0,145.3,26.96,53.58,48.6,16,24,0,3,46,186,207,170,98,100,0,88,45,car,2
3556,0,1,0,0,146.3,24.21,57.0,52.35,16,24,0,3,46,186,203,166,98,86,0,83,55,bus,1
3557,0,0,1,0,146.3,24.21,57.0,52.35,16,24,0,3,46,186,203,166,98,86,0,83,55,car,2
3558,0,0,1,0,146.3,24.21,57.0,52.35,16,24,0,3,46,186,203,166,98,86,0,83,45,car,2
3559,0,1,0,0,147.3,23.71,57.57,52.9,16,24,0,3,46,186,207,193,106,86,0,91,15,bus,1
3560,0,0,1,0,147.3,23.71,57.57,52.9,16,24,0,3,46,186,207,193,106,86,0,91,70,car,2
3561,0,0,1,0,147.3,23.71,57.57,52.9,16,24,0,3,46,186,207,193,106,86,0,91,45,car,2
3562,0,0,1,0,147.3,23.71,57.57,52.9,16,24,0,3,46,186,207,193,106,86,0,91,70,car,2
3563,0,0,1,0,147.3,23.71,57.57,52.9,16,24,0,3,46,186,207,193,106,86,0,91,70,car,2
3564,0,0,1,0,147.3,23.71,57.57,52.9,16,24,0,3,46,186,207,193,106,86,0,91,70,car,2
3565,0,0,0,1,155.3,23.96,58.71,56.6,16,24,0,3,46,186,215,193,115,95,0,103,25,train,3
3567,0,0,1,0,155.3,16.36,45.22,43.8,16,8,0,3,46,115,183,120,150,100,0,143,70,car,2
3568,0,0,1,0,155.3,16.36,45.22,43.8,16,8,0,3,46,115,183,120,150,100,0,143,70,car,2
3569,0,0,1,0,155.3,16.36,45.22,43.8,16,8,0,3,46,115,183,120,150,100,0,143,55,car,2
3570,0,0,1,0,155.3,26.96,88.16,58.1,16,24,0,3,46,186,326,193,130,125,0,133,70,car,2
3571,0,0,1,0,155.3,26.96,96.9,58.6,16,24,0,3,46,186,377,193,110,135,0,143,55,car,2
3572,0,0,1,0,155.3,15.06,33.82,38.6,16,8,0,3,46,115,128,120,170,74,0,80,35,car,2
3573,0,0,1,0,155.3,15.06,33.82,38.6,16,8,0,3,46,115,128,120,170,74,0,80,45,car,2
3574,0,0,0,1,147.3,23.71,51.68,52.9,16,24,0,3,46,186,188,193,101,81,0,88,45,train,3
3575,0,0,1,0,147.3,23.71,51.68,52.9,16,24,0,3,46,186,188,193,101,81,0,88,70,car,2
3576,0,0,1,0,147.3,23.71,51.68,52.9,16,24,0,3,46,186,188,193,101,81,0,88,70,car,2
3577,0,0,1,0,147.3,23.71,51.68,52.9,16,24,0,3,46,186,188,193,101,81,0,88,35,car,2
3578,0,0,1,0,155.3,16.36,39.33,43.8,16,8,0,3,46,115,164,120,145,95,0,140,45,car,2
3579,0,0,1,0,155.3,16.36,39.33,43.8,16,8,0,3,46,115,164,120,145,95,0,140,45,car,2
3580,0,0,1,0,155.3,16.36,37.05,39.8,16,8,0,3,46,115,142,120,125,85,0,95,45,car,2
3581,0,0,1,0,155.3,16.36,37.05,39.8,16,8,0,3,46,115,142,120,125,85,0,95,70,car,2
3582,0,0,1,0,155.3,16.36,37.05,39.8,16,8,0,3,46,115,142,120,125,85,0,95,35,car,2
3583,0,0,1,0,155.3,15.06,38.0,40.6,16,8,0,3,46,115,156,120,180,89,0,95,55,car,2
3584,0,0,1,0,155.3,15.06,38.0,40.6,16,8,0,3,46,115,156,120,180,89,0,95,15,car,2
3585,0,0,1,0,155.3,19.36,66.5,42.8,16,8,0,3,46,115,281,120,175,110,0,120,70,car,2
3586,0,0,1,0,155.3,19.36,66.5,42.8,16,8,0,3,46,115,281,120,175,110,0,120,70,car,2
3587,0,0,1,0,155.3,19.36,66.5,42.8,16,8,0,3,46,115,281,120,175,110,0,120,25,car,2
3588,0,0,1,0,146.3,24.21,55.29,54.35,16,24,0,3,46,186,212,166,103,96,0,95,55,car,2
3589,0,0,1,0,147.3,23.71,55.86,54.9,16,24,0,3,46,186,217,193,111,96,0,103,55,car,2
3590,0,0,1,0,147.3,23.71,55.86,54.9,16,24,0,3,46,186,217,193,111,96,0,103,70,car,2
3591,0,0,1,0,143.3,23.96,60.42,58.6,16,24,0,3,46,186,237,193,103,105,0,115,25,car,2
3592,0,0,1,0,155.3,25.96,82.65,58.6,16,24,0,3,46,186,333,193,115,105,0,115,70,car,2
3594,0,0,1,0,155.3,16.36,43.51,45.8,16,8,0,3,46,115,193,120,155,110,0,155,55,car,2
3595,0,0,1,0,147.3,23.96,56.62,58.6,16,24,0,3,46,186,225,193,110,105,0,115,45,car,2
3596,0,0,1,0,147.3,23.96,56.62,58.6,16,24,0,3,46,186,225,193,110,105,0,115,45,car,2
3597,0,0,1,0,155.3,26.96,95.19,60.6,16,24,0,3,46,186,387,193,115,145,0,155,35,car,2
3598,0,0,1,0,147.3,15.06,26.03,38.05,16,8,0,3,46,115,100,120,162,64,0,70,35,car,2
3599,0,0,1,0,147.3,15.06,26.03,38.05,16,8,0,3,46,115,100,120,162,64,0,70,35,car,2
3600,0,0,1,0,147.3,15.06,26.03,38.05,16,8,0,3,46,115,100,120,162,64,0,70,35,car,2
3601,0,0,1,0,147.3,15.06,26.03,38.05,16,8,0,3,46,115,100,120,162,64,0,70,55,car,2
3602,0,0,1,0,147.3,15.06,26.03,38.05,16,8,0,3,46,115,100,120,162,64,0,70,45,car,2
3603,0,0,1,0,147.3,15.06,26.03,38.05,16,8,0,3,46,115,100,120,162,64,0,70,35,car,2
3604,0,0,1,0,147.3,15.06,26.03,38.05,16,8,0,3,46,115,100,120,162,64,0,70,55,car,2
3605,0,0,1,0,147.3,15.06,26.03,38.05,16,8,0,3,46,115,100,120,162,64,0,70,45,car,2
3606,0,0,1,0,147.3,15.06,26.03,38.05,16,8,0,3,46,115,100,120,162,64,0,70,15,car,2
3607,0,0,1,0,147.3,15.06,26.03,38.05,16,8,0,3,46,115,100,120,162,64,0,70,25,car,2
3608,0,0,1,0,147.3,15.06,26.03,38.05,16,8,0,3,46,115,100,120,162,64,0,70,70,car,2
3609,0,0,1,0,147.3,15.06,26.03,38.05,16,8,0,3,46,115,100,120,162,64,0,70,70,car,2
3610,0,0,1,0,147.3,19.36,54.53,40.25,16,8,0,3,46,115,225,120,157,85,0,95,70,car,2
3611,0,0,1,0,147.3,19.36,54.53,40.25,16,8,0,3,46,115,225,120,157,85,0,95,45,car,2
3612,0,0,0,1,138.3,24.21,43.32,51.8,16,24,0,3,46,186,156,166,85,71,0,70,70,train,3
3613,1,0,0,0,138.3,24.21,43.32,51.8,16,24,0,3,46,186,156,166,85,71,0,70,45,air,0
3614,0,0,1,0,138.3,24.21,43.32,51.8,16,24,0,3,46,186,156,166,85,71,0,70,45,car,2
3615,0,0,1,0,138.3,24.21,43.32,51.8,16,24,0,3,46,186,156,166,85,71,0,70,55,car,2
3616,0,0,1,0,139.3,23.71,43.89,52.35,16,24,0,3,46,186,161,193,93,71,0,78,70,car,2
3617,0,0,1,0,139.3,23.71,43.89,52.35,16,24,0,3,46,186,161,193,93,71,0,78,55,car,2
3618,0,0,1,0,139.3,23.71,43.89,52.35,16,24,0,3,46,186,161,193,93,71,0,78,55,car,2
3619,0,0,1,0,139.3,23.71,43.89,52.35,16,24,0,3,46,186,161,193,93,71,0,78,5,car,2
3620,0,0,1,0,139.3,23.71,43.89,52.35,16,24,0,3,46,186,161,193,93,71,0,78,45,car,2
3621,0,0,1,0,139.3,23.71,43.89,52.35,16,24,0,3,46,186,161,193,93,71,0,78,55,car,2
3622,0,0,1,0,135.3,23.96,48.45,56.05,16,24,0,3,46,186,181,193,85,80,0,90,25,car,2
3623,0,0,1,0,135.3,23.96,48.45,56.05,16,24,0,3,46,186,181,193,85,80,0,90,55,car,2
3624,0,0,1,0,135.3,23.96,48.45,56.05,16,24,0,3,46,186,181,193,85,80,0,90,45,car,2
3625,0,0,1,0,135.3,23.96,48.45,56.05,16,24,0,3,46,186,181,193,85,80,0,90,70,car,2
3627,0,0,1,0,147.3,16.36,31.54,43.25,16,8,0,3,46,115,137,120,137,85,0,130,45,car,2
3628,0,0,1,0,147.3,16.36,29.26,39.25,16,8,0,3,46,115,115,120,117,75,0,85,55,car,2
3629,0,0,1,0,147.3,16.36,29.26,39.25,16,8,0,3,46,115,115,120,117,75,0,85,25,car,2
3630,0,0,1,0,147.3,16.36,29.26,39.25,16,8,0,3,46,115,115,120,117,75,0,85,45,car,2
3631,0,0,1,0,147.3,26.96,61.18,57.05,16,24,0,3,46,186,221,193,127,100,0,110,15,car,2
3632,0,0,1,0,147.3,26.96,61.18,57.05,16,24,0,3,46,186,221,193,127,100,0,110,70,car,2
3633,0,0,1,0,139.3,23.96,44.65,56.05,16,24,0,3,46,186,168,193,92,80,0,90,35,car,2
3634,0,0,1,0,139.3,23.96,44.65,56.05,16,24,0,3,46,186,168,193,92,80,0,90,70,car,2
3635,0,0,1,0,147.3,26.96,83.22,58.05,16,24,0,3,46,186,331,193,97,120,0,130,70,car,2
3636,0,0,1,0,147.3,26.96,83.22,58.05,16,24,0,3,46,186,331,193,97,120,0,130,70,car,2
3637,0,0,1,0,147.3,26.96,83.22,58.05,16,24,0,3,46,186,331,193,97,120,0,130,5,car,2
3638,0,0,1,0,147.3,15.06,26.03,36.6,16,8,0,3,46,115,100,120,162,69,0,75,45,car,2
3639,0,0,1,0,147.3,15.06,26.03,36.6,16,8,0,3,46,115,100,120,162,69,0,75,70,car,2
3640,0,0,1,0,147.3,15.06,26.03,36.6,16,8,0,3,46,115,100,120,162,69,0,75,25,car,2
3641,0,0,1,0,147.3,15.06,26.03,36.6,16,8,0,3,46,115,100,120,162,69,0,75,55,car,2
3642,0,0,1,0,147.3,15.06,26.03,36.6,16,8,0,3,46,115,100,120,162,69,0,75,70,car,2
3643,0,0,1,0,147.3,19.36,54.53,38.8,16,8,0,3,46,115,225,120,157,90,0,100,25,car,2
3644,0,0,1,0,147.3,19.36,54.53,38.8,16,8,0,3,46,115,225,120,157,90,0,100,70,car,2
3645,0,0,0,1,138.3,24.21,43.32,50.35,16,24,0,3,46,186,156,166,85,76,0,75,70,train,3
3646,0,0,1,0,138.3,24.21,43.32,50.35,16,24,0,3,46,186,156,166,85,76,0,75,45,car,2
3647,0,0,0,1,139.3,23.71,43.89,50.9,16,24,0,3,46,186,161,193,93,76,0,83,55,train,3
3648,1,0,0,0,139.3,23.71,43.89,50.9,16,24,0,3,46,186,161,193,93,76,0,83,70,air,0
3649,1,0,0,0,139.3,23.71,43.89,50.9,16,24,0,3,46,186,161,193,93,76,0,83,70,air,0
3650,0,0,1,0,139.3,23.71,43.89,50.9,16,24,0,3,46,186,161,193,93,76,0,83,70,car,2
3651,0,0,1,0,139.3,23.71,43.89,50.9,16,24,0,3,46,186,161,193,93,76,0,83,55,car,2
3652,0,0,1,0,139.3,23.71,43.89,50.9,16,24,0,3,46,186,161,193,93,76,0,83,45,car,2
3653,0,0,1,0,139.3,23.71,43.89,50.9,16,24,0,3,46,186,161,193,93,76,0,83,70,car,2
3654,0,0,0,1,135.3,23.96,48.45,54.6,16,24,0,3,46,186,181,193,85,85,0,95,45,train,3
3658,0,0,1,0,147.3,16.36,29.26,37.8,16,8,0,3,46,115,115,120,117,80,0,90,55,car,2
3659,0,0,1,0,147.3,16.36,29.26,37.8,16,8,0,3,46,115,115,120,117,80,0,90,55,car,2
3660,0,0,1,0,147.3,26.96,61.18,55.6,16,24,0,3,46,186,221,193,127,105,0,115,29,car,2
3661,0,0,1,0,147.3,26.96,83.22,56.6,16,24,0,3,46,186,331,193,97,125,0,135,70,car,2
3687,0,0,1,0,132.55,26.46,39.9,42.95,16,24,0,3,46,186,161,170,74,80,0,75,35,car,2
3688,0,0,1,0,132.55,26.46,39.9,42.95,16,24,0,3,46,186,161,170,74,80,0,75,55,car,2
3689,0,0,1,0,132.55,26.46,39.9,42.95,16,24,0,3,46,186,161,170,74,80,0,75,5,car,2
3690,0,0,0,1,133.55,23.71,43.32,46.7,16,24,0,3,46,186,156,166,74,66,0,70,35,train,3
3691,1,0,0,0,133.55,23.71,43.32,46.7,16,24,0,3,46,186,156,166,74,66,0,70,70,air,0
3692,1,0,0,0,133.55,23.71,43.32,46.7,16,24,0,3,46,186,156,166,74,66,0,70,45,air,0
3693,1,0,0,0,133.55,23.71,43.32,46.7,16,24,0,3,46,186,156,166,74,66,0,70,70,air,0
3694,1,0,0,0,133.55,23.71,43.32,46.7,16,24,0,3,46,186,156,166,74,66,0,70,70,air,0
3695,0,0,1,0,133.55,23.71,43.32,46.7,16,24,0,3,46,186,156,166,74,66,0,70,25,car,2
3696,0,0,1,0,133.55,23.71,43.32,46.7,16,24,0,3,46,186,156,166,74,66,0,70,35,car,2
3697,0,0,1,0,133.55,23.71,43.32,46.7,16,24,0,3,46,186,156,166,74,66,0,70,35,car,2
3698,0,0,1,0,133.55,23.71,43.32,46.7,16,24,0,3,46,186,156,166,74,66,0,70,70,car,2
3699,0,0,1,0,133.55,23.71,43.32,46.7,16,24,0,3,46,186,156,166,74,66,0,70,70,car,2
3700,0,0,1,0,133.55,23.71,43.32,46.7,16,24,0,3,46,186,156,166,74,66,0,70,70,car,2
3701,0,0,1,0,133.55,23.71,43.32,46.7,16,24,0,3,46,186,156,166,74,66,0,70,15,car,2
3702,0,0,1,0,133.55,23.71,43.32,46.7,16,24,0,3,46,186,156,166,74,66,0,70,35,car,2
3703,0,0,1,0,133.55,23.71,43.32,46.7,16,24,0,3,46,186,156,166,74,66,0,70,55,car,2
3704,1,0,0,0,134.55,23.21,43.89,47.25,16,24,0,3,46,186,161,193,82,66,0,78,70,air,0
3705,1,0,0,0,134.55,23.21,43.89,47.25,16,24,0,3,46,186,161,193,82,66,0,78,70,air,0
3706,1,0,0,0,134.55,23.21,43.89,47.25,16,24,0,3,46,186,161,193,82,66,0,78,70,air,0
3707,1,0,0,0,134.55,23.21,43.89,47.25,16,24,0,3,46,186,161,193,82,66,0,78,70,air,0
3708,1,0,0,0,134.55,23.21,43.89,47.25,16,24,0,3,46,186,161,193,82,66,0,78,55,air,0
3709,1,0,0,0,134.55,23.21,43.89,47.25,16,24,0,3,46,186,161,193,82,66,0,78,70,air,0
3710,1,0,0,0,134.55,23.21,43.89,47.25,16,24,0,3,46,186,161,193,82,66,0,78,70,air,0
3711,1,0,0,0,134.55,23.21,43.89,47.25,16,24,0,3,46,186,161,193,82,66,0,78,25,air,0
3712,1,0,0,0,134.55,23.21,43.89,47.25,16,24,0,3,46,186,161,193,82,66,0,78,70,air,0
3713,1,0,0,0,134.55,23.21,43.89,47.25,16,24,0,3,46,186,161,193,82,66,0,78,70,air,0
3714,1,0,0,0,134.55,23.21,43.89,47.25,16,24,0,3,46,186,161,193,82,66,0,78,35,air,0
3715,1,0,0,0,134.55,23.21,43.89,47.25,16,24,0,3,46,186,161,193,82,66,0,78,45,air,0
3716,1,0,0,0,134.55,23.21,43.89,47.25,16,24,0,3,46,186,161,193,82,66,0,78,25,air,0
3717,0,0,1,0,134.55,23.21,43.89,47.25,16,24,0,3,46,186,161,193,82,66,0,78,70,car,2
3718,0,0,1,0,134.55,23.21,43.89,47.25,16,24,0,3,46,186,161,193,82,66,0,78,25,car,2
3719,0,0,1,0,134.55,23.21,43.89,47.25,16,24,0,3,46,186,161,193,82,66,0,78,55,car,2
3720,0,0,1,0,134.55,23.21,43.89,47.25,16,24,0,3,46,186,161,193,82,66,0,78,45,car,2
3721,0,0,1,0,134.55,23.21,43.89,47.25,16,24,0,3,46,186,161,193,82,66,0,78,70,car,2
3722,0,0,1,0,134.55,23.21,43.89,47.25,16,24,0,3,46,186,161,193,82,66,0,78,45,car,2
3723,0,0,1,0,134.55,23.21,43.89,47.25,16,24,0,3,46,186,161,193,82,66,0,78,55,car,2
3724,0,0,1,0,134.55,23.21,43.89,47.25,16,24,0,3,46,186,161,193,82,66,0,78,55,car,2
3725,0,0,1,0,134.55,23.21,43.89,47.25,16,24,0,3,46,186,161,193,82,66,0,78,35,car,2
3726,0,0,1,0,142.55,23.46,45.03,50.95,16,24,0,3,46,186,168,193,91,75,0,90,70,car,2
3727,1,0,0,0,130.55,23.46,48.45,50.95,16,24,0,3,46,186,181,193,74,75,0,90,45,air,0
3728,0,0,1,0,130.55,23.46,48.45,50.95,16,24,0,3,46,186,181,193,74,75,0,90,35,car,2
3729,0,0,1,0,130.55,23.46,48.45,50.95,16,24,0,3,46,186,181,193,74,75,0,90,35,car,2
3730,0,0,1,0,142.55,25.46,70.68,50.95,16,24,0,3,46,186,277,193,86,75,0,90,70,car,2
3755,0,0,1,0,142.55,26.46,61.18,51.95,16,24,0,3,46,186,221,193,116,95,0,110,25,car,2
3756,0,0,1,0,134.55,23.46,44.65,50.95,16,24,0,3,46,186,168,193,81,75,0,90,70,car,2
3757,0,0,1,0,134.55,23.46,44.65,50.95,16,24,0,3,46,186,168,193,81,75,0,90,70,car,2
3758,0,0,1,0,134.55,23.46,44.65,50.95,16,24,0,3,46,186,168,193,81,75,0,90,70,car,2
3759,0,0,1,0,134.55,23.46,44.65,50.95,16,24,0,3,46,186,168,193,81,75,0,90,45,car,2
3760,0,0,1,0,142.55,26.46,56.05,51.45,16,24,0,3,46,186,199,193,96,85,0,100,55,car,2
3761,0,0,1,0,142.55,26.46,83.22,52.95,16,24,0,3,46,186,331,193,86,115,0,130,35,car,2
3762,0,0,1,0,145.3,14.96,24.13,31.15,16,8,0,3,46,115,87,120,155,62,0,65,35,car,2
3763,0,0,1,0,145.3,14.96,24.13,31.15,16,8,0,3,46,115,87,120,155,62,0,65,70,car,2
3764,0,0,1,0,145.3,14.96,24.13,31.15,16,8,0,3,46,115,87,120,155,62,0,65,35,car,2
3765,0,0,1,0,145.3,14.96,24.13,31.15,16,8,0,3,46,115,87,120,155,62,0,65,55,car,2
3766,0,0,1,0,145.3,14.96,24.13,31.15,16,8,0,3,46,115,87,120,155,62,0,65,70,car,2
3767,0,0,1,0,145.3,14.96,24.13,31.15,16,8,0,3,46,115,87,120,155,62,0,65,55,car,2
3768,0,0,1,0,145.3,14.96,24.13,31.15,16,8,0,3,46,115,87,120,155,62,0,65,70,car,2
3769,0,0,1,0,145.3,19.26,52.63,33.35,16,8,0,3,46,115,211,120,150,83,0,90,15,car,2
3770,0,0,1,0,145.3,19.26,52.63,33.35,16,8,0,3,46,115,211,120,150,83,0,90,45,car,2
3771,0,0,0,1,136.3,24.11,41.42,44.9,16,24,0,3,46,186,143,166,78,69,0,65,70,train,3
3772,0,0,0,1,136.3,24.11,41.42,44.9,16,24,0,3,46,186,143,166,78,69,0,65,15,train,3
3773,0,0,1,0,136.3,24.11,41.42,44.9,16,24,0,3,46,186,143,166,78,69,0,65,15,car,2
3774,0,0,1,0,136.3,24.11,41.42,44.9,16,24,0,3,46,186,143,166,78,69,0,65,55,car,2
3775,0,0,1,0,136.3,24.11,41.42,44.9,16,24,0,3,46,186,143,166,78,69,0,65,70,car,2
3776,0,0,1,0,136.3,24.11,41.42,44.9,16,24,0,3,46,186,143,166,78,69,0,65,25,car,2
3777,0,0,1,0,136.3,24.11,41.42,44.9,16,24,0,3,46,186,143,166,78,69,0,65,55,car,2
3778,0,0,1,0,136.3,24.11,41.42,44.9,16,24,0,3,46,186,143,166,78,69,0,65,70,car,2
3779,0,0,1,0,136.3,24.11,41.42,44.9,16,24,0,3,46,186,143,166,78,69,0,65,55,car,2
3780,0,0,0,1,137.3,23.61,41.99,45.45,16,24,0,3,46,186,148,193,86,69,0,73,70,train,3
3781,0,0,0,1,137.3,23.61,41.99,45.45,16,24,0,3,46,186,148,193,86,69,0,73,70,train,3
3782,0,0,0,1,137.3,23.61,41.99,45.45,16,24,0,3,46,186,148,193,86,69,0,73,70,train,3
3783,0,0,0,1,137.3,23.61,41.99,45.45,16,24,0,3,46,186,148,193,86,69,0,73,45,train,3
3784,0,0,0,1,137.3,23.61,41.99,45.45,16,24,0,3,46,186,148,193,86,69,0,73,55,train,3
3785,1,0,0,0,137.3,23.61,41.99,45.45,16,24,0,3,46,186,148,193,86,69,0,73,45,air,0
3786,1,0,0,0,137.3,23.61,41.99,45.45,16,24,0,3,46,186,148,193,86,69,0,73,70,air,0
3787,1,0,0,0,137.3,23.61,41.99,45.45,16,24,0,3,46,186,148,193,86,69,0,73,70,air,0
3788,1,0,0,0,137.3,23.61,41.99,45.45,16,24,0,3,46,186,148,193,86,69,0,73,70,air,0
3789,1,0,0,0,137.3,23.61,41.99,45.45,16,24,0,3,46,186,148,193,86,69,0,73,35,air,0
3790,0,1,0,0,137.3,23.61,41.99,45.45,16,24,0,3,46,186,148,193,86,69,0,73,25,bus,1
3791,0,0,1,0,137.3,23.61,41.99,45.45,16,24,0,3,46,186,148,193,86,69,0,73,70,car,2
3792,0,0,1,0,137.3,23.61,41.99,45.45,16,24,0,3,46,186,148,193,86,69,0,73,70,car,2
3793,0,0,1,0,137.3,23.61,41.99,45.45,16,24,0,3,46,186,148,193,86,69,0,73,15,car,2
3794,0,0,1,0,137.3,23.61,41.99,45.45,16,24,0,3,46,186,148,193,86,69,0,73,70,car,2
3795,0,0,1,0,137.3,23.61,41.99,45.45,16,24,0,3,46,186,148,193,86,69,0,73,70,car,2
3796,0,0,1,0,137.3,23.61,41.99,45.45,16,24,0,3,46,186,148,193,86,69,0,73,15,car,2
3797,0,0,1,0,137.3,23.61,41.99,45.45,16,24,0,3,46,186,148,193,86,69,0,73,45,car,2
3798,0,0,1,0,137.3,23.61,41.99,45.45,16,24,0,3,46,186,148,193,86,69,0,73,35,car,2
3799,0,0,1,0,137.3,23.61,41.99,45.45,16,24,0,3,46,186,148,193,86,69,0,73,70,car,2
3800,0,0,1,0,137.3,23.61,41.99,45.45,16,24,0,3,46,186,148,193,86,69,0,73,45,car,2
3801,0,0,1,0,137.3,23.61,41.99,45.45,16,24,0,3,46,186,148,193,86,69,0,73,70,car,2
3802,0,0,1,0,133.3,23.86,46.55,49.15,16,24,0,3,46,186,167,193,78,78,0,85,55,car,2
3803,0,0,1,0,133.3,23.86,46.55,49.15,16,24,0,3,46,186,167,193,78,78,0,85,55,car,2
3809,0,0,1,0,145.3,16.26,29.64,36.35,16,8,0,3,46,115,123,120,130,83,0,125,25,car,2
3810,0,0,1,0,145.3,16.26,27.36,32.35,16,8,0,3,46,115,101,120,110,73,0,80,45,car,2
3811,0,0,1,0,145.3,16.26,27.36,32.35,16,8,0,3,46,115,101,120,110,73,0,80,15,car,2
3812,0,0,1,0,145.3,16.26,27.36,32.35,16,8,0,3,46,115,101,120,110,73,0,80,70,car,2
3813,0,0,1,0,145.3,16.26,27.36,32.35,16,8,0,3,46,115,101,120,110,73,0,80,70,car,2
3814,0,0,1,0,145.3,16.26,27.36,32.35,16,8,0,3,46,115,101,120,110,73,0,80,70,car,2
3815,0,0,1,0,145.3,26.86,59.28,50.15,16,24,0,3,46,186,208,193,120,98,0,105,45,car,2
3816,0,0,1,0,137.3,23.86,42.75,49.15,16,24,0,3,46,186,155,193,85,78,0,85,70,car,2
3817,0,0,1,0,145.3,26.86,72.58,50.65,16,24,0,3,46,186,266,193,110,108,0,115,45,car,2
3818,0,0,1,0,145.3,26.86,81.32,51.15,16,24,0,3,46,186,318,193,90,118,0,125,25,car,2
3819,0,0,1,0,145.3,26.86,81.32,51.15,16,24,0,3,46,186,318,193,90,118,0,125,55,car,2
3820,0,0,1,0,145.95,15.16,25.08,30.6,16,8,0,3,46,115,94,120,158,59,0,60,35,car,2
3821,0,0,0,1,136.95,24.31,42.37,44.35,16,24,0,3,46,186,150,166,81,66,0,60,70,train,3
3822,0,0,1,0,136.95,24.31,42.37,44.35,16,24,0,3,46,186,150,166,81,66,0,60,45,car,2
3823,0,0,1,0,136.95,24.31,42.37,44.35,16,24,0,3,46,186,150,166,81,66,0,60,55,car,2
3824,0,1,0,0,137.95,23.81,42.94,44.9,16,24,0,3,46,186,154,193,89,66,0,68,55,bus,1
3825,0,0,1,0,137.95,23.81,42.94,44.9,16,24,0,3,46,186,154,193,89,66,0,68,45,car,2
3826,0,0,1,0,137.95,23.81,42.94,44.9,16,24,0,3,46,186,154,193,89,66,0,68,55,car,2
3829,0,0,1,0,145.95,27.06,82.27,50.6,16,24,0,3,46,186,325,193,93,115,0,120,55,car,2
3830,0,0,1,0,151.85,15.11,25.08,28.6,16,8,0,3,46,115,94,120,155,57,0,52,22,car,2
3831,0,0,1,0,151.85,15.11,25.08,28.6,16,8,0,3,46,115,94,120,155,57,0,52,70,car,2
3832,0,0,1,0,151.85,15.11,25.08,28.6,16,8,0,3,46,115,94,120,155,57,0,52,70,car,2
3833,0,0,1,0,151.85,15.11,25.08,28.6,16,8,0,3,46,115,94,120,155,57,0,52,70,car,2
3834,0,0,1,0,151.85,15.11,25.08,28.6,16,8,0,3,46,115,94,120,155,57,0,52,35,car,2
3835,0,0,1,0,151.85,15.11,25.08,28.6,16,8,0,3,46,115,94,120,155,57,0,52,35,car,2
3836,0,0,1,0,151.85,15.11,25.08,28.6,16,8,0,3,46,115,94,120,155,57,0,52,45,car,2
3837,0,0,1,0,151.85,15.11,25.08,28.6,16,8,0,3,46,115,94,120,155,57,0,52,25,car,2
3838,0,0,1,0,151.85,15.11,25.08,28.6,16,8,0,3,46,115,94,120,155,57,0,52,35,car,2
3839,0,0,1,0,151.85,15.11,25.08,28.6,16,8,0,3,46,115,94,120,155,57,0,52,70,car,2
3840,0,0,1,0,151.85,15.11,25.08,28.6,16,8,0,3,46,115,94,120,155,57,0,52,55,car,2
3841,0,0,1,0,151.85,15.11,25.08,28.6,16,8,0,3,46,115,94,120,155,57,0,52,70,car,2
3842,0,0,1,0,151.85,15.11,25.08,28.6,16,8,0,3,46,115,94,120,155,57,0,52,55,car,2
3843,0,0,1,0,151.85,15.11,25.08,28.6,16,8,0,3,46,115,94,120,155,57,0,52,55,car,2
3844,0,0,1,0,151.85,15.11,25.08,28.6,16,8,0,3,46,115,94,120,155,57,0,52,35,car,2
3845,0,0,1,0,151.85,19.41,53.58,30.8,16,8,0,3,46,115,218,120,150,78,0,77,70,car,2
3846,0,0,1,0,151.85,19.41,53.58,30.8,16,8,0,3,46,115,218,120,150,78,0,77,70,car,2
3847,0,0,1,0,151.85,19.41,53.58,30.8,16,8,0,3,46,115,218,120,150,78,0,77,35,car,2
3848,0,0,1,0,151.85,19.41,53.58,30.8,16,8,0,3,46,115,218,120,150,78,0,77,45,car,2
3849,0,0,1,0,141.85,27.01,38.95,38.6,16,24,0,3,46,186,154,170,78,78,0,57,35,car,2
3850,0,0,1,0,141.85,27.01,38.95,38.6,16,24,0,3,46,186,154,170,78,78,0,57,70,car,2
3851,0,0,0,1,142.85,24.26,42.37,42.35,16,24,0,3,46,186,150,166,78,64,0,52,45,train,3
3852,0,0,0,1,142.85,24.26,42.37,42.35,16,24,0,3,46,186,150,166,78,64,0,52,45,train,3
3853,0,0,0,1,142.85,24.26,42.37,42.35,16,24,0,3,46,186,150,166,78,64,0,52,55,train,3
3854,0,0,0,1,142.85,24.26,42.37,42.35,16,24,0,3,46,186,150,166,78,64,0,52,5,train,3
3855,0,0,0,1,142.85,24.26,42.37,42.35,16,24,0,3,46,186,150,166,78,64,0,52,45,train,3
3856,1,0,0,0,142.85,24.26,42.37,42.35,16,24,0,3,46,186,150,166,78,64,0,52,55,air,0
3857,0,0,1,0,142.85,24.26,42.37,42.35,16,24,0,3,46,186,150,166,78,64,0,52,55,car,2
3858,0,0,1,0,142.85,24.26,42.37,42.35,16,24,0,3,46,186,150,166,78,64,0,52,35,car,2
3859,0,0,1,0,142.85,24.26,42.37,42.35,16,24,0,3,46,186,150,166,78,64,0,52,70,car,2
3860,0,0,1,0,142.85,24.26,42.37,42.35,16,24,0,3,46,186,150,166,78,64,0,52,55,car,2
3861,0,0,1,0,142.85,24.26,42.37,42.35,16,24,0,3,46,186,150,166,78,64,0,52,70,car,2
3862,0,0,1,0,142.85,24.26,42.37,42.35,16,24,0,3,46,186,150,166,78,64,0,52,45,car,2
3863,0,0,1,0,142.85,24.26,42.37,42.35,16,24,0,3,46,186,150,166,78,64,0,52,70,car,2
3864,0,0,1,0,142.85,24.26,42.37,42.35,16,24,0,3,46,186,150,166,78,64,0,52,45,car,2
3865,0,0,1,0,142.85,24.26,42.37,42.35,16,24,0,3,46,186,150,166,78,64,0,52,70,car,2
3866,0,0,1,0,142.85,24.26,42.37,42.35,16,24,0,3,46,186,150,166,78,64,0,52,55,car,2
3867,0,0,1,0,142.85,24.26,42.37,42.35,16,24,0,3,46,186,150,166,78,64,0,52,70,car,2
3868,0,0,1,0,142.85,24.26,42.37,42.35,16,24,0,3,46,186,150,166,78,64,0,52,55,car,2
3869,0,0,1,0,142.85,24.26,42.37,42.35,16,24,0,3,46,186,150,166,78,64,0,52,70,car,2
3870,0,0,1,0,142.85,24.26,42.37,42.35,16,24,0,3,46,186,150,166,78,64,0,52,70,car,2
3871,0,0,1,0,142.85,24.26,42.37,42.35,16,24,0,3,46,186,150,166,78,64,0,52,55,car,2
3872,0,0,1,0,142.85,24.26,42.37,42.35,16,24,0,3,46,186,150,166,78,64,0,52,70,car,2
3873,0,0,1,0,142.85,24.26,42.37,42.35,16,24,0,3,46,186,150,166,78,64,0,52,55,car,2
3874,0,0,1,0,142.85,24.26,42.37,42.35,16,24,0,3,46,186,150,166,78,64,0,52,70,car,2
3875,0,0,1,0,142.85,24.26,42.37,42.35,16,24,0,3,46,186,150,166,78,64,0,52,35,car,2
3876,0,0,1,0,142.85,24.26,42.37,42.35,16,24,0,3,46,186,150,166,78,64,0,52,45,car,2
3877,0,0,1,0,142.85,24.26,42.37,42.35,16,24,0,3,46,186,150,166,78,64,0,52,45,car,2
3878,0,0,1,0,142.85,24.26,42.37,42.35,16,24,0,3,46,186,150,166,78,64,0,52,70,car,2
3879,0,0,1,0,142.85,24.26,42.37,42.35,16,24,0,3,46,186,150,166,78,64,0,52,45,car,2
3880,0,0,1,0,142.85,24.26,42.37,42.35,16,24,0,3,46,186,150,166,78,64,0,52,70,car,2
3881,0,0,0,1,143.85,23.76,42.94,42.9,16,24,0,3,46,186,154,193,86,64,0,60,55,train,3
3882,0,0,0,1,143.85,23.76,42.94,42.9,16,24,0,3,46,186,154,193,86,64,0,60,35,train,3
3883,0,0,0,1,143.85,23.76,42.94,42.9,16,24,0,3,46,186,154,193,86,64,0,60,55,train,3
3884,0,0,0,1,143.85,23.76,42.94,42.9,16,24,0,3,46,186,154,193,86,64,0,60,45,train,3
3885,0,0,1,0,143.85,23.76,42.94,42.9,16,24,0,3,46,186,154,193,86,64,0,60,70,car,2
3886,0,0,1,0,143.85,23.76,42.94,42.9,16,24,0,3,46,186,154,193,86,64,0,60,55,car,2
3887,0,0,1,0,143.85,23.76,42.94,42.9,16,24,0,3,46,186,154,193,86,64,0,60,70,car,2
3888,0,0,1,0,143.85,23.76,42.94,42.9,16,24,0,3,46,186,154,193,86,64,0,60,70,car,2
3889,0,0,1,0,143.85,23.76,42.94,42.9,16,24,0,3,46,186,154,193,86,64,0,60,70,car,2
3890,0,0,1,0,143.85,23.76,42.94,42.9,16,24,0,3,46,186,154,193,86,64,0,60,70,car,2
3891,0,0,1,0,143.85,23.76,42.94,42.9,16,24,0,3,46,186,154,193,86,64,0,60,70,car,2
3892,0,0,1,0,143.85,23.76,42.94,42.9,16,24,0,3,46,186,154,193,86,64,0,60,70,car,2
3893,0,0,1,0,143.85,23.76,42.94,42.9,16,24,0,3,46,186,154,193,86,64,0,60,45,car,2
3894,0,0,1,0,143.85,23.76,42.94,42.9,16,24,0,3,46,186,154,193,86,64,0,60,70,car,2
3895,0,0,1,0,143.85,23.76,42.94,42.9,16,24,0,3,46,186,154,193,86,64,0,60,70,car,2
3896,0,0,1,0,143.85,23.76,42.94,42.9,16,24,0,3,46,186,154,193,86,64,0,60,70,car,2
3897,0,0,1,0,143.85,23.76,42.94,42.9,16,24,0,3,46,186,154,193,86,64,0,60,70,car,2
3898,0,0,1,0,143.85,23.76,42.94,42.9,16,24,0,3,46,186,154,193,86,64,0,60,70,car,2
3899,0,0,1,0,143.85,23.76,42.94,42.9,16,24,0,3,46,186,154,193,86,64,0,60,45,car,2
3900,0,0,1,0,143.85,23.76,42.94,42.9,16,24,0,3,46,186,154,193,86,64,0,60,25,car,2
3901,0,0,1,0,143.85,23.76,42.94,42.9,16,24,0,3,46,186,154,193,86,64,0,60,25,car,2
3902,0,0,1,0,143.85,23.76,42.94,42.9,16,24,0,3,46,186,154,193,86,64,0,60,15,car,2
3903,0,0,1,0,143.85,23.76,42.94,42.9,16,24,0,3,46,186,154,193,86,64,0,60,70,car,2
3904,0,0,1,0,143.85,23.76,42.94,42.9,16,24,0,3,46,186,154,193,86,64,0,60,25,car,2
3905,0,0,1,0,143.85,23.76,42.94,42.9,16,24,0,3,46,186,154,193,86,64,0,60,35,car,2
3906,0,0,1,0,143.85,23.76,42.94,42.9,16,24,0,3,46,186,154,193,86,64,0,60,70,car,2
3907,0,0,1,0,143.85,23.76,42.94,42.9,16,24,0,3,46,186,154,193,86,64,0,60,45,car,2
3908,0,0,1,0,143.85,23.76,42.94,42.9,16,24,0,3,46,186,154,193,86,64,0,60,55,car,2
3909,0,0,1,0,143.85,23.76,42.94,42.9,16,24,0,3,46,186,154,193,86,64,0,60,35,car,2
3910,0,0,1,0,143.85,23.76,42.94,42.9,16,24,0,3,46,186,154,193,86,64,0,60,70,car,2
3911,0,0,1,0,151.85,24.01,44.08,43.1,16,24,0,3,46,186,160,193,90,68,0,67,55,car,2
3912,0,0,1,0,151.85,24.01,44.08,43.1,16,24,0,3,46,186,160,193,90,68,0,67,55,car,2
3913,0,0,1,0,151.85,24.01,44.08,43.1,16,24,0,3,46,186,160,193,90,68,0,67,70,car,2
3914,0,0,1,0,151.85,24.01,44.08,43.1,16,24,0,3,46,186,160,193,90,68,0,67,70,car,2
3915,0,0,1,0,151.85,24.01,44.08,43.1,16,24,0,3,46,186,160,193,90,68,0,67,25,car,2
3916,0,0,0,1,139.85,24.01,47.5,46.6,16,24,0,3,46,186,174,193,78,73,0,72,70,train,3
3917,1,0,0,0,139.85,24.01,47.5,46.6,16,24,0,3,46,186,174,193,78,73,0,72,70,air,0
3918,0,0,1,0,139.85,24.01,47.5,46.6,16,24,0,3,46,186,174,193,78,73,0,72,45,car,2
3919,0,0,1,0,139.85,24.01,47.5,46.6,16,24,0,3,46,186,174,193,78,73,0,72,70,car,2
3920,0,0,1,0,139.85,24.01,47.5,46.6,16,24,0,3,46,186,174,193,78,73,0,72,45,car,2
3921,0,0,1,0,139.85,24.01,47.5,46.6,16,24,0,3,46,186,174,193,78,73,0,72,70,car,2
3922,0,0,1,0,139.85,24.01,47.5,46.6,16,24,0,3,46,186,174,193,78,73,0,72,45,car,2
3923,0,0,1,0,139.85,24.01,47.5,46.6,16,24,0,3,46,186,174,193,78,73,0,72,55,car,2
3924,0,0,1,0,139.85,24.01,47.5,46.6,16,24,0,3,46,186,174,193,78,73,0,72,70,car,2
3925,0,0,1,0,139.85,24.01,47.5,46.6,16,24,0,3,46,186,174,193,78,73,0,72,35,car,2
3926,0,0,1,0,139.85,24.01,47.5,46.6,16,24,0,3,46,186,174,193,78,73,0,72,70,car,2
3941,0,0,1,0,151.85,16.41,30.59,33.8,16,8,0,3,46,115,130,120,130,78,0,112,45,car,2
3942,0,0,1,0,151.85,16.41,30.59,33.8,16,8,0,3,46,115,130,120,130,78,0,112,70,car,2
3943,0,0,1,0,151.85,16.41,30.59,33.8,16,8,0,3,46,115,130,120,130,78,0,112,70,car,2
3944,0,0,1,0,151.85,16.41,30.59,33.8,16,8,0,3,46,115,130,120,130,78,0,112,35,car,2
3945,0,0,1,0,151.85,16.41,30.59,33.8,16,8,0,3,46,115,130,120,130,78,0,112,35,car,2
3946,0,0,1,0,151.85,16.41,30.59,33.8,16,8,0,3,46,115,130,120,130,78,0,112,55,car,2
3947,0,0,1,0,151.85,16.41,30.59,33.8,16,8,0,3,46,115,130,120,130,78,0,112,70,car,2
3948,0,0,1,0,151.85,16.41,30.59,33.8,16,8,0,3,46,115,130,120,130,78,0,112,35,car,2
3949,0,0,1,0,151.85,16.41,28.31,29.8,16,8,0,3,46,115,108,120,110,68,0,67,70,car,2
3950,0,0,1,0,151.85,16.41,28.31,29.8,16,8,0,3,46,115,108,120,110,68,0,67,22,car,2
3951,0,0,1,0,151.85,16.41,28.31,29.8,16,8,0,3,46,115,108,120,110,68,0,67,35,car,2
3952,0,0,1,0,151.85,16.41,28.31,29.8,16,8,0,3,46,115,108,120,110,68,0,67,70,car,2
3953,0,0,1,0,151.85,16.41,28.31,29.8,16,8,0,3,46,115,108,120,110,68,0,67,70,car,2
3954,0,0,1,0,151.85,16.41,28.31,29.8,16,8,0,3,46,115,108,120,110,68,0,67,70,car,2
3955,0,0,1,0,151.85,16.41,28.31,29.8,16,8,0,3,46,115,108,120,110,68,0,67,55,car,2
3956,0,0,1,0,151.85,16.41,28.31,29.8,16,8,0,3,46,115,108,120,110,68,0,67,5,car,2
3957,0,0,1,0,151.85,16.41,28.31,29.8,16,8,0,3,46,115,108,120,110,68,0,67,55,car,2
3958,0,0,1,0,151.85,16.41,28.31,29.8,16,8,0,3,46,115,108,120,110,68,0,67,70,car,2
3959,0,0,1,0,151.85,27.01,60.23,47.6,16,24,0,3,46,186,215,193,120,93,0,92,45,car,2
3960,0,0,1,0,151.85,27.01,60.23,47.6,16,24,0,3,46,186,215,193,120,93,0,92,45,car,2
3961,0,0,1,0,151.85,27.01,60.23,47.6,16,24,0,3,46,186,215,193,120,93,0,92,35,car,2
3962,0,0,1,0,143.85,24.01,43.7,46.6,16,24,0,3,46,186,162,193,85,73,0,72,70,car,2
3963,0,0,1,0,143.85,24.01,43.7,46.6,16,24,0,3,46,186,162,193,85,73,0,72,70,car,2
3964,0,0,1,0,143.85,24.01,43.7,46.6,16,24,0,3,46,186,162,193,85,73,0,72,70,car,2
3965,0,0,1,0,143.85,24.01,43.7,46.6,16,24,0,3,46,186,162,193,85,73,0,72,55,car,2
3966,0,0,1,0,143.85,24.01,43.7,46.6,16,24,0,3,46,186,162,193,85,73,0,72,55,car,2
3967,0,0,1,0,143.85,24.01,43.7,46.6,16,24,0,3,46,186,162,193,85,73,0,72,70,car,2
3968,0,0,1,0,143.85,24.01,43.7,46.6,16,24,0,3,46,186,162,193,85,73,0,72,55,car,2
3969,0,0,1,0,143.85,24.01,43.7,46.6,16,24,0,3,46,186,162,193,85,73,0,72,25,car,2
3970,0,0,1,0,143.85,24.01,43.7,46.6,16,24,0,3,46,186,162,193,85,73,0,72,70,car,2
3971,0,0,1,0,143.85,24.01,43.7,46.6,16,24,0,3,46,186,162,193,85,73,0,72,70,car,2
3972,0,0,1,0,151.85,27.01,73.53,48.1,16,24,0,3,46,186,273,193,110,103,0,102,45,car,2
3973,0,0,1,0,151.85,27.01,73.53,48.1,16,24,0,3,46,186,273,193,110,103,0,102,55,car,2
3974,0,0,1,0,151.85,27.01,82.27,48.6,16,24,0,3,46,186,325,193,90,113,0,112,15,car,2
3975,0,0,1,0,151.85,27.01,82.27,48.6,16,24,0,3,46,186,325,193,90,113,0,112,70,car,2
3976,0,0,1,0,151.85,27.01,82.27,48.6,16,24,0,3,46,186,325,193,90,113,0,112,15,car,2
3977,0,0,1,0,151.85,27.01,82.27,48.6,16,24,0,3,46,186,325,193,90,113,0,112,55,car,2
3978,0,0,1,0,151.85,27.01,82.27,48.6,16,24,0,3,46,186,325,193,90,113,0,112,70,car,2
3979,0,0,1,0,151.85,27.01,82.27,48.6,16,24,0,3,46,186,325,193,90,113,0,112,35,car,2
3980,0,0,1,0,151.85,27.01,82.27,48.6,16,24,0,3,46,186,325,193,90,113,0,112,70,car,2
3981,0,0,1,0,152.4,15.86,25.08,29.6,16,8,0,3,46,115,94,120,165,64,0,65,45,car,2
3982,0,0,1,0,152.4,15.86,25.08,29.6,16,8,0,3,46,115,94,120,165,64,0,65,70,car,2
3983,0,0,1,0,152.4,20.16,53.58,31.8,16,8,0,3,46,115,218,120,160,85,0,90,70,car,2
3984,0,0,1,0,152.4,20.16,53.58,31.8,16,8,0,3,46,115,218,120,160,85,0,90,70,car,2
3985,0,0,1,0,142.4,27.76,38.95,39.6,16,24,0,3,46,186,154,170,88,85,0,70,70,car,2
3986,0,0,0,1,143.4,25.01,42.37,43.35,16,24,0,3,46,186,150,166,88,71,0,65,55,train,3
3987,0,0,1,0,143.4,25.01,42.37,43.35,16,24,0,3,46,186,150,166,88,71,0,65,35,car,2
3988,0,0,1,0,143.4,25.01,42.37,43.35,16,24,0,3,46,186,150,166,88,71,0,65,70,car,2
3989,0,0,0,1,144.4,24.51,42.94,43.9,16,24,0,3,46,186,154,193,96,71,0,73,25,train,3
3990,0,0,1,0,144.4,24.51,42.94,43.9,16,24,0,3,46,186,154,193,96,71,0,73,35,car,2
3991,0,0,1,0,144.4,24.51,42.94,43.9,16,24,0,3,46,186,154,193,96,71,0,73,70,car,2
3992,0,0,1,0,144.4,24.51,42.94,43.9,16,24,0,3,46,186,154,193,96,71,0,73,35,car,2
3993,0,0,1,0,144.4,24.51,42.94,43.9,16,24,0,3,46,186,154,193,96,71,0,73,45,car,2
3994,0,0,1,0,144.4,24.51,42.94,43.9,16,24,0,3,46,186,154,193,96,71,0,73,70,car,2
3995,0,0,1,0,144.4,24.51,42.94,43.9,16,24,0,3,46,186,154,193,96,71,0,73,25,car,2
3996,0,0,1,0,144.4,24.51,42.94,43.9,16,24,0,3,46,186,154,193,96,71,0,73,70,car,2
3997,0,0,1,0,144.4,24.51,42.94,43.9,16,24,0,3,46,186,154,193,96,71,0,73,45,car,2
3998,0,0,1,0,144.4,24.51,42.94,43.9,16,24,0,3,46,186,154,193,96,71,0,73,35,car,2
3999,0,0,1,0,144.4,24.51,42.94,43.9,16,24,0,3,46,186,154,193,96,71,0,73,70,car,2
4000,0,0,1,0,144.4,24.51,42.94,43.9,16,24,0,3,46,186,154,193,96,71,0,73,45,car,2
4001,0,0,1,0,144.4,24.51,42.94,43.9,16,24,0,3,46,186,154,193,96,71,0,73,35,car,2
4002,0,0,1,0,152.4,24.76,44.08,44.1,16,24,0,3,46,186,160,193,100,75,0,80,35,car,2
4003,0,0,1,0,152.4,24.76,44.08,47.6,16,24,0,3,46,186,162,193,105,80,0,85,45,car,2
4004,1,0,0,0,140.4,24.76,47.5,47.6,16,24,0,3,46,186,174,193,88,80,0,85,70,air,0
4005,0,0,1,0,140.4,24.76,47.5,47.6,16,24,0,3,46,186,174,193,88,80,0,85,45,car,2
4006,0,0,1,0,140.4,24.76,47.5,47.6,16,24,0,3,46,186,174,193,88,80,0,85,35,car,2
4012,0,0,1,0,152.4,17.16,30.59,34.8,16,8,0,3,46,115,130,120,140,85,0,125,70,car,2
4013,0,0,1,0,152.4,17.16,30.59,34.8,16,8,0,3,46,115,130,120,140,85,0,125,25,car,2
4014,0,0,1,0,152.4,17.16,28.31,30.8,16,8,0,3,46,115,108,120,120,75,0,80,55,car,2
4015,0,0,1,0,152.4,17.16,28.31,30.8,16,8,0,3,46,115,108,120,120,75,0,80,45,car,2
4016,0,0,1,0,152.4,27.76,82.27,49.6,16,24,0,3,46,186,325,193,100,120,0,125,70,car,2
4017,0,0,1,0,152.4,27.76,82.27,49.6,16,24,0,3,46,186,325,193,100,120,0,125,35,car,2
4018,0,0,1,0,152.4,27.76,82.27,49.6,16,24,0,3,46,186,325,193,100,120,0,125,55,car,2
4019,0,0,1,0,153.3,15.56,25.08,30.1,16,8,0,3,46,115,94,120,160,69,0,67,35,car,2
4020,0,0,1,0,153.3,15.56,25.08,30.1,16,8,0,3,46,115,94,120,160,69,0,67,45,car,2
4021,0,0,1,0,153.3,15.56,25.08,30.1,16,8,0,3,46,115,94,120,160,69,0,67,35,car,2
4022,0,0,1,0,153.3,15.56,25.08,30.1,16,8,0,3,46,115,94,120,160,69,0,67,35,car,2
4023,0,0,1,0,153.3,19.86,53.58,32.3,16,8,0,3,46,115,218,120,155,90,0,92,45,car,2
4024,0,0,1,0,153.3,19.86,53.58,32.3,16,8,0,3,46,115,218,120,155,90,0,92,15,car,2
4025,1,0,0,0,144.3,24.71,42.37,43.85,16,24,0,3,46,186,150,166,83,76,0,67,55,air,0
4026,0,0,1,0,144.3,24.71,42.37,43.85,16,24,0,3,46,186,150,166,83,76,0,67,55,car,2
4027,0,0,1,0,144.3,24.71,42.37,43.85,16,24,0,3,46,186,150,166,83,76,0,67,70,car,2
4028,0,0,1,0,144.3,24.71,42.37,43.85,16,24,0,3,46,186,150,166,83,76,0,67,45,car,2
4029,0,0,1,0,144.3,24.71,42.37,43.85,16,24,0,3,46,186,150,166,83,76,0,67,70,car,2
4030,0,0,1,0,144.3,24.71,42.37,43.85,16,24,0,3,46,186,150,166,83,76,0,67,45,car,2
4031,1,0,0,0,145.3,24.21,42.94,44.4,16,24,0,3,46,186,154,193,91,76,0,75,25,air,0
4032,0,1,0,0,145.3,24.21,42.94,44.4,16,24,0,3,46,186,154,193,91,76,0,75,5,bus,1
4033,0,0,1,0,145.3,24.21,42.94,44.4,16,24,0,3,46,186,154,193,91,76,0,75,25,car,2
4034,0,0,1,0,145.3,24.21,42.94,44.4,16,24,0,3,46,186,154,193,91,76,0,75,70,car,2
4035,0,0,1,0,145.3,24.21,42.94,44.4,16,24,0,3,46,186,154,193,91,76,0,75,55,car,2
4036,0,0,1,0,145.3,24.21,42.94,44.4,16,24,0,3,46,186,154,193,91,76,0,75,70,car,2
4037,0,0,1,0,145.3,24.21,42.94,44.4,16,24,0,3,46,186,154,193,91,76,0,75,25,car,2
4038,0,0,1,0,145.3,24.21,42.94,44.4,16,24,0,3,46,186,154,193,91,76,0,75,70,car,2
4039,0,0,1,0,145.3,24.21,42.94,44.4,16,24,0,3,46,186,154,193,91,76,0,75,25,car,2
4040,0,0,1,0,153.3,24.46,44.08,44.6,16,24,0,3,46,186,160,193,95,80,0,82,35,car,2
4041,0,0,1,0,153.3,24.46,44.08,44.6,16,24,0,3,46,186,160,193,95,80,0,82,35,car,2
4042,0,0,1,0,153.3,24.46,44.08,48.1,16,24,0,3,46,186,162,193,100,85,0,87,45,car,2
4043,0,0,1,0,153.3,24.46,44.08,48.1,16,24,0,3,46,186,162,193,100,85,0,87,55,car,2
4044,0,0,1,0,141.3,24.46,47.5,48.1,16,24,0,3,46,186,174,193,83,85,0,87,55,car,2
4045,0,0,1,0,153.3,26.46,69.73,48.1,16,24,0,3,46,186,271,193,95,85,0,87,35,car,2
4049,0,0,1,0,153.3,16.86,30.59,35.3,16,8,0,3,46,115,130,120,135,90,0,127,70,car,2
4050,0,0,1,0,153.3,16.86,28.31,31.3,16,8,0,3,46,115,108,120,115,80,0,82,55,car,2
4051,0,0,1,0,153.3,16.86,28.31,31.3,16,8,0,3,46,115,108,120,115,80,0,82,70,car,2
4052,0,0,1,0,153.3,16.86,28.31,31.3,16,8,0,3,46,115,108,120,115,80,0,82,25,car,2
4053,0,0,1,0,145.3,24.46,43.7,48.1,16,24,0,3,46,186,162,193,90,85,0,87,55,car,2
4054,0,0,1,0,153.3,27.46,73.53,49.6,16,24,0,3,46,186,273,193,115,115,0,117,45,car,2
4055,0,0,1,0,153.3,27.46,73.53,49.6,16,24,0,3,46,186,273,193,115,115,0,117,70,car,2
4056,0,0,1,0,153.3,27.46,82.27,50.1,16,24,0,3,46,186,325,193,95,125,0,127,70,car,2
4057,0,0,1,0,153.3,27.46,82.27,50.1,16,24,0,3,46,186,325,193,95,125,0,127,55,car,2
4058,0,0,1,0,154.9,16.56,26.03,31.6,16,8,0,3,46,115,100,120,170,74,0,70,70,car,2
4059,0,0,1,0,154.9,16.56,26.03,31.6,16,8,0,3,46,115,100,120,170,74,0,70,35,car,2
4060,0,0,1,0,154.9,16.56,26.03,31.6,16,8,0,3,46,115,100,120,170,74,0,70,25,car,2
4061,0,0,1,0,154.9,16.56,26.03,31.6,16,8,0,3,46,115,100,120,170,74,0,70,55,car,2
4062,0,0,1,0,154.9,16.56,26.03,31.6,16,8,0,3,46,115,100,120,170,74,0,70,45,car,2
4063,0,0,1,0,154.9,20.86,54.53,33.8,16,8,0,3,46,115,225,120,165,95,0,95,35,car,2
4064,0,0,1,0,154.9,20.86,54.53,33.8,16,8,0,3,46,115,225,120,165,95,0,95,45,car,2
4065,0,0,1,0,154.9,20.86,54.53,33.8,16,8,0,3,46,115,225,120,165,95,0,95,55,car,2
4066,0,0,1,0,145.9,25.71,43.32,45.35,16,24,0,3,46,186,156,166,93,81,0,70,70,car,2
4067,0,0,1,0,145.9,25.71,43.32,45.35,16,24,0,3,46,186,156,166,93,81,0,70,45,car,2
4068,0,0,1,0,146.9,25.21,43.89,45.9,16,24,0,3,46,186,161,193,101,81,0,78,70,car,2
4069,0,0,1,0,146.9,25.21,43.89,45.9,16,24,0,3,46,186,161,193,101,81,0,78,35,car,2
4070,0,0,1,0,146.9,25.21,43.89,45.9,16,24,0,3,46,186,161,193,101,81,0,78,55,car,2
4071,0,0,1,0,146.9,25.21,43.89,45.9,16,24,0,3,46,186,161,193,101,81,0,78,70,car,2
4072,0,0,1,0,146.9,25.21,43.89,45.9,16,24,0,3,46,186,161,193,101,81,0,78,45,car,2
4073,0,0,1,0,146.9,25.21,43.89,45.9,16,24,0,3,46,186,161,193,101,81,0,78,45,car,2
4074,0,0,1,0,146.9,25.21,43.89,45.9,16,24,0,3,46,186,161,193,101,81,0,78,45,car,2
4075,0,0,1,0,154.9,25.46,45.03,49.6,16,24,0,3,46,186,168,193,110,90,0,90,70,car,2
4076,0,0,1,0,142.9,25.46,48.45,49.6,16,24,0,3,46,186,181,193,93,90,0,90,55,car,2
4084,0,0,1,0,154.9,17.86,31.54,36.8,16,8,0,3,46,115,137,120,145,95,0,130,55,car,2
4085,0,0,1,0,154.9,17.86,31.54,36.8,16,8,0,3,46,115,137,120,145,95,0,130,55,car,2
4086,0,0,1,0,154.9,17.86,29.26,32.8,16,8,0,3,46,115,115,120,125,85,0,85,25,car,2
4087,0,0,1,0,146.9,25.46,44.65,49.6,16,24,0,3,46,186,168,193,100,90,0,90,70,car,2
4088,0,0,1,0,146.9,25.46,44.65,49.6,16,24,0,3,46,186,168,193,100,90,0,90,45,car,2
4089,0,0,1,0,146.9,25.46,44.65,49.6,16,24,0,3,46,186,168,193,100,90,0,90,55,car,2
4090,0,0,1,0,154.9,28.46,83.22,51.6,16,24,0,3,46,186,331,193,105,130,0,130,45,car,2
4093,1,0,0,0,147.3,23.71,56.81,48.9,16,24,0,3,46,186,197,193,121,71,0,138,45,air,0
4094,0,0,1,0,147.3,23.71,56.81,48.9,16,24,0,3,46,186,197,193,121,71,0,138,45,car,2
4095,0,0,1,0,143.3,23.96,61.37,52.6,16,24,0,3,46,186,217,193,113,80,0,150,70,car,2
4097,0,0,1,0,155.3,26.96,68.97,53.1,16,24,0,3,46,186,236,193,135,90,0,160,25,car,2
4098,0,0,1,0,151.6,15.06,32.3,32.45,16,8,0,3,46,115,120,120,160,69,0,75,25,car,2
4099,1,0,0,0,143.6,23.71,45.6,46.75,16,24,0,3,46,186,165,193,91,76,0,83,70,air,0
4100,0,0,1,0,143.6,23.71,45.6,46.75,16,24,0,3,46,186,165,193,91,76,0,83,45,car,2
4101,0,0,1,0,143.6,23.71,45.6,46.75,16,24,0,3,46,186,165,193,91,76,0,83,35,car,2
4102,0,0,1,0,151.6,25.96,72.39,50.45,16,24,0,3,46,186,282,193,95,85,0,95,25,car,2
4103,0,0,1,0,151.6,16.36,33.25,37.65,16,8,0,3,46,115,141,120,135,90,0,135,15,car,2
4104,0,0,1,0,151.3,17.06,27.74,30.6,16,8,0,3,46,115,100,120,164,74,0,70,45,car,2
4105,0,0,1,0,142.3,26.21,40.47,44.35,16,24,0,3,46,186,141,166,87,81,0,70,35,car,2
4106,0,0,1,0,143.3,25.71,41.04,44.9,16,24,0,3,46,186,145,193,95,81,0,78,70,car,2
4107,0,0,1,0,143.3,25.71,41.04,44.9,16,24,0,3,46,186,145,193,95,81,0,78,55,car,2
4108,0,0,1,0,143.3,25.71,41.04,44.9,16,24,0,3,46,186,145,193,95,81,0,78,35,car,2
4109,0,0,1,0,139.3,25.96,45.6,48.6,16,24,0,3,46,186,165,193,87,90,0,90,55,car,2
4110,0,0,1,0,139.3,25.96,45.6,48.6,16,24,0,3,46,186,165,193,87,90,0,90,45,car,2
4113,0,0,1,0,151.65,14.56,26.41,32.1,16,8,0,3,46,115,95,120,168,59,0,70,70,car,2
4114,0,0,1,0,151.65,14.56,26.41,32.1,16,8,0,3,46,115,95,120,168,59,0,70,24,car,2
4115,0,0,1,0,151.65,14.56,26.41,32.1,16,8,0,3,46,115,95,120,168,59,0,70,35,car,2
4116,0,0,1,0,151.65,14.56,26.41,32.1,16,8,0,3,46,115,95,120,168,59,0,70,55,car,2
4117,0,0,1,0,151.65,14.56,26.41,32.1,16,8,0,3,46,115,95,120,168,59,0,70,35,car,2
4118,0,0,1,0,151.65,14.56,26.41,32.1,16,8,0,3,46,115,95,120,168,59,0,70,55,car,2
4119,0,0,1,0,151.65,14.56,26.41,32.1,16,8,0,3,46,115,95,120,168,59,0,70,70,car,2
4120,0,0,1,0,151.65,14.56,26.41,32.1,16,8,0,3,46,115,95,120,168,59,0,70,70,car,2
4121,0,0,1,0,151.65,14.56,26.41,32.1,16,8,0,3,46,115,95,120,168,59,0,70,35,car,2
4122,0,0,1,0,151.65,14.56,26.41,32.1,16,8,0,3,46,115,95,120,168,59,0,70,35,car,2
4123,0,0,1,0,151.65,14.56,26.41,32.1,16,8,0,3,46,115,95,120,168,59,0,70,70,car,2
4124,0,0,1,0,151.65,14.56,26.41,32.1,16,8,0,3,46,115,95,120,168,59,0,70,25,car,2
4125,0,0,1,0,151.65,18.86,54.91,34.3,16,8,0,3,46,115,219,120,163,80,0,95,70,car,2
4126,0,0,1,0,141.65,26.46,40.28,42.1,16,24,0,3,46,186,155,170,91,80,0,75,55,car,2
4127,0,0,1,0,141.65,26.46,40.28,42.1,16,24,0,3,46,186,155,170,91,80,0,75,15,car,2
4128,1,0,0,0,142.65,23.71,39.14,45.85,16,24,0,3,46,186,135,166,91,66,0,70,70,air,0
4129,0,0,1,0,142.65,23.71,39.14,45.85,16,24,0,3,46,186,135,166,91,66,0,70,45,car,2
4130,0,0,1,0,142.65,23.71,39.14,45.85,16,24,0,3,46,186,135,166,91,66,0,70,70,car,2
4131,0,0,1,0,142.65,23.71,39.14,45.85,16,24,0,3,46,186,135,166,91,66,0,70,55,car,2
4132,0,0,1,0,142.65,23.71,39.14,45.85,16,24,0,3,46,186,135,166,91,66,0,70,70,car,2
4133,0,0,0,1,143.65,23.21,39.71,46.4,16,24,0,3,46,186,140,193,99,66,0,78,70,train,3
4134,0,0,0,1,143.65,23.21,39.71,46.4,16,24,0,3,46,186,140,193,99,66,0,78,45,train,3
4135,0,0,1,0,143.65,23.21,39.71,46.4,16,24,0,3,46,186,140,193,99,66,0,78,35,car,2
4136,0,0,1,0,143.65,23.21,39.71,46.4,16,24,0,3,46,186,140,193,99,66,0,78,70,car,2
4137,0,0,1,0,143.65,23.21,39.71,46.4,16,24,0,3,46,186,140,193,99,66,0,78,45,car,2
4138,0,0,1,0,143.65,23.21,39.71,46.4,16,24,0,3,46,186,140,193,99,66,0,78,70,car,2
4139,0,0,1,0,143.65,23.21,39.71,46.4,16,24,0,3,46,186,140,193,99,66,0,78,70,car,2
4140,0,0,1,0,143.65,23.21,39.71,46.4,16,24,0,3,46,186,140,193,99,66,0,78,55,car,2
4141,0,0,1,0,143.65,23.21,39.71,46.4,16,24,0,3,46,186,140,193,99,66,0,78,70,car,2
4142,0,0,1,0,143.65,23.21,39.71,46.4,16,24,0,3,46,186,140,193,99,66,0,78,25,car,2
4143,0,0,1,0,143.65,23.21,39.71,46.4,16,24,0,3,46,186,140,193,99,66,0,78,55,car,2
4144,0,0,1,0,143.65,23.21,39.71,46.4,16,24,0,3,46,186,140,193,99,66,0,78,70,car,2
4145,0,0,1,0,143.65,23.21,39.71,46.4,16,24,0,3,46,186,140,193,99,66,0,78,70,car,2
4146,0,0,1,0,143.65,23.21,39.71,46.4,16,24,0,3,46,186,140,193,99,66,0,78,55,car,2
4147,0,0,1,0,143.65,23.21,39.71,46.4,16,24,0,3,46,186,140,193,99,66,0,78,45,car,2
4148,0,0,1,0,151.65,23.46,40.85,46.6,16,24,0,3,46,186,145,193,103,70,0,85,45,car,2
4149,0,0,1,0,151.65,23.46,40.85,50.1,16,24,0,3,46,186,148,193,108,75,0,90,55,car,2
4150,0,0,0,1,139.65,23.46,44.27,50.1,16,24,0,3,46,186,160,193,91,75,0,90,5,train,3
4151,0,0,1,0,139.65,23.46,44.27,50.1,16,24,0,3,46,186,160,193,91,75,0,90,25,car,2
4152,0,0,1,0,139.65,23.46,44.27,50.1,16,24,0,3,46,186,160,193,91,75,0,90,25,car,2
4153,0,0,1,0,139.65,23.46,44.27,50.1,16,24,0,3,46,186,160,193,91,75,0,90,35,car,2
4167,0,0,1,0,151.65,15.86,27.36,37.3,16,8,0,3,46,115,116,120,143,80,0,130,45,car,2
4168,0,0,1,0,151.65,15.86,27.36,37.3,16,8,0,3,46,115,116,120,143,80,0,130,70,car,2
4169,0,0,1,0,151.65,15.86,27.36,37.3,16,8,0,3,46,115,116,120,143,80,0,130,25,car,2
4170,0,0,1,0,151.65,15.86,27.36,37.3,16,8,0,3,46,115,116,120,143,80,0,130,45,car,2
4171,0,0,1,0,151.65,15.86,27.36,37.3,16,8,0,3,46,115,116,120,143,80,0,130,24,car,2
4172,0,0,1,0,151.65,15.86,29.64,33.3,16,8,0,3,46,115,109,120,123,70,0,85,45,car,2
4173,0,0,1,0,151.65,15.86,29.64,33.3,16,8,0,3,46,115,109,120,123,70,0,85,55,car,2
4174,0,0,1,0,151.65,15.86,29.64,33.3,16,8,0,3,46,115,109,120,123,70,0,85,70,car,2
4175,0,0,1,0,151.65,26.46,57.0,51.1,16,24,0,3,46,186,200,193,133,95,0,110,70,car,2
4176,0,0,1,0,151.65,26.46,57.0,51.1,16,24,0,3,46,186,200,193,133,95,0,110,45,car,2
4177,0,0,1,0,151.65,26.46,57.0,51.1,16,24,0,3,46,186,200,193,133,95,0,110,55,car,2
4178,0,0,1,0,143.65,23.46,40.47,50.1,16,24,0,3,46,186,148,193,98,75,0,90,70,car,2
4179,0,0,1,0,143.65,23.46,40.47,50.1,16,24,0,3,46,186,148,193,98,75,0,90,35,car,2
4180,0,0,1,0,143.65,23.46,40.47,50.1,16,24,0,3,46,186,148,193,98,75,0,90,25,car,2
4181,0,0,1,0,151.65,26.46,70.3,51.6,16,24,0,3,46,186,259,193,123,105,0,120,70,car,2
4182,0,0,1,0,151.65,26.46,70.3,51.6,16,24,0,3,46,186,259,193,123,105,0,120,70,car,2
4183,0,0,1,0,151.65,26.46,70.3,51.6,16,24,0,3,46,186,259,193,123,105,0,120,70,car,2
4184,0,0,1,0,146.6,15.06,37.81,32.6,16,8,0,3,46,115,138,120,160,79,0,79,45,car,2
4185,0,0,1,0,138.6,23.71,38.19,46.9,16,24,0,3,46,186,141,193,91,86,0,87,70,car,2
4191,0,0,1,0,146.6,16.36,25.84,37.8,16,8,0,3,46,115,117,120,135,100,0,139,70,car,2
4192,0,0,1,0,146.6,16.36,25.84,37.8,16,8,0,3,46,115,117,120,135,100,0,139,45,car,2
4193,0,0,1,0,146.6,16.36,41.04,33.8,16,8,0,3,46,115,152,120,115,90,0,94,70,car,2
4194,0,0,1,0,155.3,15.06,32.3,38.6,16,8,0,3,46,115,144,120,185,84,0,90,45,car,2
4195,0,0,1,0,155.3,19.36,60.8,40.8,16,8,0,3,46,115,269,120,180,105,0,115,35,car,2
4196,0,0,1,0,146.3,24.21,49.59,52.35,16,24,0,3,46,186,200,166,108,91,0,90,45,car,2
4197,0,0,1,0,146.3,24.21,49.59,52.35,16,24,0,3,46,186,200,166,108,91,0,90,70,car,2
4198,0,0,1,0,146.3,24.21,49.59,52.35,16,24,0,3,46,186,200,166,108,91,0,90,70,car,2
4199,0,0,1,0,155.3,23.96,51.3,53.1,16,24,0,3,46,186,210,193,120,95,0,105,55,car,2
4200,0,0,1,0,155.3,16.36,35.53,39.8,16,8,0,3,46,115,159,120,140,95,0,105,55,car,2
4201,0,0,1,0,155.3,26.96,67.45,57.6,16,24,0,3,46,186,265,193,150,120,0,130,35,car,2
4202,0,0,1,0,147.3,23.96,50.92,56.6,16,24,0,3,46,186,212,193,115,100,0,110,55,car,2
4203,0,0,1,0,147.3,23.96,50.92,56.6,16,24,0,3,46,186,212,193,115,100,0,110,55,car,2
4204,0,0,1,0,155.3,26.96,80.75,58.1,16,24,0,3,46,186,324,193,140,130,0,140,45,car,2
4207,0,0,0,1,141.1,23.71,51.49,46.9,16,24,0,3,46,186,178,193,94,76,0,103,45,train,3
4208,1,0,0,0,141.1,23.71,51.49,46.9,16,24,0,3,46,186,178,193,94,76,0,103,70,air,0
4209,0,0,1,0,141.1,23.71,51.49,46.9,16,24,0,3,46,186,178,193,94,76,0,103,35,car,2
4214,0,0,1,0,155.3,15.06,32.3,32.6,16,8,0,3,46,115,120,120,185,84,0,92,35,car,2
4215,0,0,1,0,146.3,24.21,45.03,46.35,16,24,0,3,46,186,161,166,108,91,0,92,45,car,2
4216,0,0,1,0,147.3,23.71,45.6,46.9,16,24,0,3,46,186,165,193,116,91,0,100,70,car,2
4218,0,0,1,0,155.3,16.36,33.25,37.8,16,8,0,3,46,115,141,120,160,105,0,152,70,car,2
4219,0,0,1,0,147.3,23.71,45.6,46.9,16,24,0,3,46,186,165,193,116,91,0,100,45,car,2
4220,0,0,1,0,155.3,16.36,33.25,37.8,16,8,0,3,46,115,141,120,160,105,0,152,45,car,2
4221,0,0,1,0,155.3,16.06,38.95,36.6,16,8,0,3,46,115,134,120,205,99,0,110,45,car,2
4222,0,0,1,0,155.3,20.36,67.45,38.8,16,8,0,3,46,115,259,120,200,120,0,135,25,car,2
4223,0,0,1,0,145.3,27.96,50.16,46.6,16,24,0,3,46,186,190,170,128,120,0,115,45,car,2
4224,0,0,1,0,147.3,24.71,39.52,50.9,16,24,0,3,46,186,146,193,136,106,0,118,25,car,2
4225,0,0,1,0,147.3,24.71,39.52,50.9,16,24,0,3,46,186,146,193,136,106,0,118,45,car,2
4226,0,0,1,0,155.3,24.96,40.66,51.1,16,24,0,3,46,186,152,193,140,110,0,125,35,car,2
4227,0,0,1,0,143.3,24.96,44.08,54.6,16,24,0,3,46,186,166,193,128,115,0,130,70,car,2
4228,0,0,1,0,155.3,26.96,66.31,54.6,16,24,0,3,46,186,263,193,140,115,0,130,55,car,2
4233,0,0,1,0,155.3,17.36,42.18,37.8,16,8,0,3,46,115,149,120,160,110,0,125,35,car,2
4234,0,0,1,0,155.3,27.96,47.5,55.6,16,24,0,3,46,186,199,193,170,135,0,150,45,car,2
4235,0,0,1,0,149.8,21.36,75.24,40.8,16,8,0,3,46,115,293,120,205,125,0,140,25,car,2
4236,0,0,1,0,149.8,18.36,49.97,39.8,16,8,0,3,46,115,183,120,165,115,0,130,15,car,2
4237,0,0,1,0,149.8,18.36,49.97,39.8,16,8,0,3,46,115,183,120,165,115,0,130,25,car,2
4238,0,0,1,0,149.8,18.36,49.97,39.8,16,8,0,3,46,115,183,120,165,115,0,130,35,car,2
4242,0,0,1,0,151.9,16.06,37.81,33.6,16,8,0,3,46,115,138,120,190,94,0,100,45,car,2
4243,0,0,1,0,151.9,16.06,37.81,33.6,16,8,0,3,46,115,138,120,190,94,0,100,35,car,2
4244,0,0,1,0,151.9,16.06,37.81,33.6,16,8,0,3,46,115,138,120,190,94,0,100,35,car,2
4245,0,0,1,0,151.9,16.06,37.81,33.6,16,8,0,3,46,115,138,120,190,94,0,100,45,car,2
4246,0,0,1,0,155.3,16.06,32.87,38.6,16,8,0,3,46,115,116,120,175,79,0,85,35,car,2
4247,0,0,1,0,155.3,16.06,38.57,38.6,16,8,0,3,46,115,139,120,180,84,0,85,25,car,2
4248,0,0,1,0,155.3,16.06,38.57,38.6,16,8,0,3,46,115,139,120,180,84,0,85,15,car,2
4249,0,0,1,0,155.3,16.06,38.57,38.6,16,8,0,3,46,115,139,120,180,84,0,85,25,car,2
4252,0,0,1,0,155.3,20.36,61.37,40.8,16,8,0,3,46,115,240,120,170,100,0,110,25,car,2
4253,0,0,1,0,145.3,27.96,43.89,48.6,16,24,0,3,46,186,163,170,98,100,0,90,35,car,2
4254,0,0,1,0,145.3,27.96,43.89,48.6,16,24,0,3,46,186,163,170,98,100,0,90,35,car,2
4256,0,0,1,0,142.9,25.21,37.62,47.35,16,24,0,3,46,186,137,166,113,101,0,100,70,car,2
4257,0,0,1,0,142.9,25.21,37.62,47.35,16,24,0,3,46,186,137,166,113,101,0,100,70,car,2
4258,0,0,1,0,142.9,25.21,37.62,47.35,16,24,0,3,46,186,137,166,113,101,0,100,55,car,2
4259,0,0,1,0,146.3,25.21,32.68,52.35,16,24,0,3,46,186,115,166,98,86,0,85,45,car,2
4260,0,0,1,0,146.3,25.21,32.68,52.35,16,24,0,3,46,186,115,166,98,86,0,85,55,car,2
4261,0,0,0,1,146.3,25.21,33.82,52.35,16,24,0,3,46,186,122,166,103,91,0,85,70,train,3
4262,0,0,1,0,146.3,25.21,33.82,52.35,16,24,0,3,46,186,122,166,103,91,0,85,55,car,2
4263,0,0,1,0,146.3,25.21,33.82,52.35,16,24,0,3,46,186,122,166,103,91,0,85,45,car,2
4264,0,0,1,0,143.9,24.71,38.19,47.9,16,24,0,3,46,186,141,193,121,101,0,108,55,car,2
4265,0,0,1,0,143.9,24.71,38.19,47.9,16,24,0,3,46,186,141,193,121,101,0,108,55,car,2
4266,0,0,1,0,143.9,24.71,38.19,47.9,16,24,0,3,46,186,141,193,121,101,0,108,25,car,2
4267,0,0,1,0,143.9,24.71,38.19,47.9,16,24,0,3,46,186,141,193,121,101,0,108,25,car,2
4268,0,0,1,0,143.9,24.71,38.19,47.9,16,24,0,3,46,186,141,193,121,101,0,108,70,car,2
4269,0,0,1,0,147.3,24.71,33.25,52.9,16,24,0,3,46,186,119,193,106,86,0,93,70,car,2
4270,0,0,1,0,147.3,24.71,33.25,52.9,16,24,0,3,46,186,119,193,106,86,0,93,35,car,2
4271,0,0,1,0,147.3,24.71,33.25,52.9,16,24,0,3,46,186,119,193,106,86,0,93,70,car,2
4272,0,0,1,0,147.3,24.71,33.25,52.9,16,24,0,3,46,186,119,193,106,86,0,93,55,car,2
4273,0,0,1,0,147.3,24.71,33.25,52.9,16,24,0,3,46,186,119,193,106,86,0,93,35,car,2
4274,0,0,1,0,147.3,24.71,34.39,52.9,16,24,0,3,46,186,127,193,111,91,0,93,45,car,2
4275,0,0,1,0,147.3,24.71,34.39,52.9,16,24,0,3,46,186,127,193,111,91,0,93,55,car,2
4276,0,0,1,0,147.3,24.71,34.39,52.9,16,24,0,3,46,186,127,193,111,91,0,93,70,car,2
4280,0,0,1,0,143.3,24.96,37.81,56.6,16,24,0,3,46,186,139,193,98,95,0,105,35,car,2
4281,0,0,1,0,143.3,24.96,37.81,56.6,16,24,0,3,46,186,139,193,98,95,0,105,45,car,2
4282,0,0,1,0,155.3,26.96,60.04,56.6,16,24,0,3,46,186,236,193,110,95,0,105,70,car,2
4287,0,0,1,0,151.9,17.36,25.84,38.8,16,8,0,3,46,115,117,120,165,115,0,160,55,car,2
4288,0,0,1,0,151.9,17.36,41.04,34.8,16,8,0,3,46,115,152,120,145,105,0,115,35,car,2
4289,0,0,1,0,151.9,17.36,41.04,34.8,16,8,0,3,46,115,152,120,145,105,0,115,35,car,2
4290,0,0,1,0,151.9,27.96,55.48,52.6,16,24,0,3,46,186,201,193,155,130,0,140,35,car,2
4291,0,0,1,0,143.9,24.96,38.95,51.6,16,24,0,3,46,186,149,193,120,110,0,120,45,car,2
4299,0,0,1,0,155.3,17.36,20.9,43.8,16,8,0,3,46,115,95,120,150,100,0,145,45,car,2
4300,0,0,1,0,155.3,17.36,20.9,43.8,16,8,0,3,46,115,95,120,150,100,0,145,45,car,2
4301,0,0,1,0,155.3,17.36,20.9,43.8,16,8,0,3,46,115,95,120,150,100,0,145,35,car,2
4302,0,0,1,0,155.3,17.36,36.1,39.8,16,8,0,3,46,115,130,120,130,90,0,100,70,car,2
4303,0,0,1,0,155.3,17.36,36.1,39.8,16,8,0,3,46,115,130,120,130,90,0,100,70,car,2
4304,0,0,1,0,155.3,17.36,36.1,39.8,16,8,0,3,46,115,130,120,130,90,0,100,45,car,2
4305,0,0,1,0,155.3,17.36,36.1,39.8,16,8,0,3,46,115,130,120,130,90,0,100,35,car,2
4306,0,0,1,0,155.3,27.96,50.54,57.6,16,24,0,3,46,186,179,193,140,115,0,125,45,car,2
4307,0,0,1,0,155.3,27.96,50.54,57.6,16,24,0,3,46,186,179,193,140,115,0,125,45,car,2
4308,0,0,1,0,155.3,27.96,50.54,57.6,16,24,0,3,46,186,179,193,140,115,0,125,70,car,2
4309,0,0,1,0,155.3,27.96,50.54,57.6,16,24,0,3,46,186,179,193,140,115,0,125,35,car,2
4310,0,0,1,0,155.3,27.96,50.54,57.6,16,24,0,3,46,186,179,193,140,115,0,125,45,car,2
4311,0,0,1,0,147.3,24.96,34.01,56.6,16,24,0,3,46,186,127,193,105,95,0,105,45,car,2
4312,0,0,1,0,155.3,27.96,63.84,58.1,16,24,0,3,46,186,238,193,130,125,0,135,25,car,2
4314,0,0,1,0,155.3,17.36,41.8,39.8,16,8,0,3,46,115,153,120,135,95,0,100,15,car,2
4315,0,0,1,0,155.3,17.36,41.8,39.8,16,8,0,3,46,115,153,120,135,95,0,100,25,car,2
4316,0,0,1,0,147.3,24.96,35.15,56.6,16,24,0,3,46,186,134,193,110,100,0,105,70,car,2
4317,0,0,1,0,155.3,27.96,46.55,57.1,16,24,0,3,46,186,165,193,125,110,0,115,35,car,2
4318,0,0,1,0,155.3,27.96,64.98,58.1,16,24,0,3,46,186,245,193,135,130,0,135,35,car,2
4319,0,0,1,0,155.3,27.96,64.98,58.1,16,24,0,3,46,186,245,193,135,130,0,135,15,car,2
4320,0,0,1,0,155.3,27.96,64.98,58.1,16,24,0,3,46,186,245,193,135,130,0,135,35,car,2
4321,0,0,1,0,155.3,27.96,73.72,58.6,16,24,0,3,46,186,297,193,115,140,0,145,45,car,2
