deal_id,company_id,deal_created_date,deal_close_date,status,product_code,product_name,channel,owner,deal_mrr,reopened_flag,company_name,industry,employee_count,is_partner,first_invoice_date
D200000,C101717,15/01/2024,8/02/2024,Closed Won,ADD_ON_TKR,TKR Add-on,Direct,mkoenen,1072,0,Duncan Air Atlas Group,Manufacturing,21,0,1/03/2024
D200001,C101897,28/12/2024,4/02/2025,Closed Won,PAYROLL_DIY,Payroll DIY,Direct,shao,1239,0,Tui Holdings,Accounting,41,0,1/02/2025
D200002,C101403,19/06/2025,7/08/2025,Closed Lost,ADD_ON_TKR,TKR Add-on,Direct,dinkster,102,0,Alpha Atlas Ltd,Construction,29,0,
D200003,C101438,3/07/2025,24/07/2025,Closed Won,PM,People Management,Partners,awong,2063,0,Kauri Co.,Retail,17,1,1/08/2025
D200004,C104426,16/04/2025,8/05/2025,Closed Won,PAYROLL_MPS,Managed Payroll,Direct,awong,2544,0,Rimu Holdings,Construction,2,0,1/05/2025
D200005,C103936,2/02/2025,13/04/2025,Closed Won,PM,People Management,Direct,mkoenen,1635,0,Nimbus Co.,Retail,17,0,1/04/2025
D200006,C100051,1/06/2025,,Open,ADD_ON_TKR,TKR Add-on,Partners,dt,0,0,Tui Ltd,Accounting,1,0,1/11/2024
D200007,C104398,21/08/2024,,Open,PM,People Management,Partners,unassigned,917,0,Rimu Partners,Healthcare,76,0,1/08/2025
D200008,C101580,12/05/2024,,Open,ADD_ON_TKR,TKR Add-on,Partners,unassigned,791,0,Nimbus Limited,Healthcare,1,0,1/04/2025
D200009,C103848,11/08/2024,28/08/2024,Closed Won,ADD_ON_TKR,TKR Add-on,Direct,unassigned,1076,0,Eurotec Co.,Construction,8,0,1/09/2024
D200010,C103671,24/01/2024,14/02/2024,Closed Won,PM,People Management,Direct,unassigned,513,0,Pivot Wenita Holdings,Construction,1,0,1/02/2024
D200011,C101826,5/04/2025,,Open,ADD_ON_TKR,TKR Add-on,Direct,dinkster,1544,0,Rimu Limited,Legal,39,0,1/09/2025
D200012,C100566,3/01/2025,,Open,ADD_ON_TKR,TKR Add-on,Partners,mkoenen,43,0,Pivot Atlas Services,Legal,1,0,1/08/2024
D200013,C104986,11/01/2024,16/02/2024,Closed Won,PM,People Management,Partners,mkoenen,1001,0,Nimbus Services,Software,50,0,1/03/2024
D200014,C101335,17/10/2024,29/11/2024,Closed Won,PM,People Management,Partners,unassigned,1936,0,Wenita Limited,Retail,82,0,1/12/2024
D200015,C104773,12/10/2024,,Open,ADD_ON_TKR,TKR Add-on,Partners,awong,115,0,Eurotec Services,Accounting,18,0,1/03/2024
D200016,C100484,28/03/2024,4/04/2024,Closed Won,PAYROLL_MPS,Managed Payroll,Direct,dt,4475,0,Eurotec Co.,Legal,15,1,1/04/2024
D200017,C104458,17/08/2024,11/10/2024,Closed Won,PAYROLL_DIY,Payroll DIY,Partners,dt,3966,0,Pivot Pivot Services,Software,20,0,1/11/2024
D200018,C101789,30/07/2024,25/08/2024,Closed Won,PM,People Management,Partners,mkoenen,856,0,Tui Trust,Accounting,37,0,1/09/2024
D200019,C103120,9/01/2025,4/04/2025,Closed Lost,PM,People Management,Partners,unassigned,1311,0,Tui Services,Manufacturing,1,1,
D200020,C102790,17/12/2024,3/02/2025,Closed Lost,PM,People Management,Direct,dinkster,975,0,Rimu Trust,Software,33,0,
D200021,C103629,27/04/2024,13/06/2024,Closed Won,PM,People Management,Direct,dt,650,0,Pivot Holdings,Construction,15,0,1/07/2024
D200022,C103006,26/05/2024,,Open,PAYROLL_DIY,Payroll DIY,Partners,unassigned,245,0,Beta Group,Retail,13,0,1/02/2025
D200023,C100788,9/03/2024,2/04/2024,Closed Lost,PAYROLL_DIY,Payroll DIY,Partners,dinkster,1793,0,Alpha Nimbus Co.,Software,1,0,
D200024,C101675,11/02/2024,,Open,PAYROLL_MPS,Managed Payroll,Partners,unassigned,4092,0,Tui Limited,Construction,31,0,1/07/2025
D200025,C101159,3/11/2024,,Open,PAYROLL_MPS,Managed Payroll,Partners,unassigned,5608,0,Alpha Services,Legal,7,0,1/08/2025
D200026,C102330,19/10/2024,17/01/2025,Closed Won,PAYROLL_MPS,Managed Payroll,Direct,mkoenen,4321,0,Alpha Co.,Accounting,74,0,1/02/2025
D200027,C104519,9/02/2024,4/05/2024,Closed Won,PAYROLL_MPS,Managed Payroll,Partners,mkoenen,3773,0,Atlas Services,Manufacturing,46,0,1/05/2024
D200028,C103919,15/09/2024,8/12/2024,Closed Won,PAYROLL_MPS,Managed Payroll,Direct,dinkster_tmp,1538,0,Harbour Harbour Services,Accounting,38,0,1/01/2025
D200029,C102478,26/08/2024,30/10/2024,Closed Won,PM,People Management,Partners,awong,933,0,Atlas Rimu Services,Accounting,81,0,1/12/2024
D200030,C103782,13/03/2025,25/03/2025,Closed Won,PAYROLL_MPS,Managed Payroll,Partners,shao,4335,0,Beta Trust,Retail,73,0,1/04/2025
D200031,C101669,29/05/2025,27/06/2025,Closed Won,PAYROLL_DIY,Payroll DIY,Direct,dinkster,1288,0,Summit Co.,Education,40,0,1/07/2025
D200032,C100415,24/06/2025,7/09/2025,Closed Lost,ADD_ON_TKR,TKR Add-on,Partners,dinkster,1186,0,Beta Tui Services,Legal,1,0,
D200033,C100295,9/06/2025,3/09/2025,Closed Won,PAYROLL_MPS,Managed Payroll,Direct,dinkster,6035,0,Kauri Group,Legal,36,0,1/10/2025
D200034,C101241,27/08/2024,,Open,ADD_ON_TKR,TKR Add-on,Partners,awong,652,0,Ohomairangi Services,Construction,19,0,1/04/2025
D200035,C100092,10/08/2024,22/10/2024,Closed Lost,PAYROLL_DIY,Payroll DIY,Direct,dt,451,0,Eurotec Ltd,Education,26,0,
D200036,C100247,24/04/2024,21/05/2024,Closed Won,PAYROLL_MPS,Managed Payroll,Direct,shao,2338,0,Kea Limited,Accounting,16,0,1/06/2024
D200037,C103889,4/02/2025,9/04/2025,Closed Won,ADD_ON_TKR,TKR Add-on,Partners,unassigned,567,0,Ohomairangi Group,Healthcare,90,0,1/04/2025
D200038,C103091,1/08/2024,5/08/2024,Closed Won,PAYROLL_MPS,Managed Payroll,Partners,unassigned,1832,0,Duncan Air Group,Construction,70,0,1/08/2024
D200039,C103600,1/02/2024,,Open,ADD_ON_TKR,TKR Add-on,Direct,awong,159,0,Alpha Partners,Education,1,0,1/05/2025
D200040,C104976,14/10/2024,30/12/2024,Closed Won,ADD_ON_TKR,TKR Add-on,Partners,unassigned,1244,0,Wenita Holdings,Manufacturing,4,1,1/01/2025
D200041,C100885,21/11/2024,23/11/2024,Closed Won,PAYROLL_DIY,Payroll DIY,Partners,awong,2962,0,Rimu Partners,Software,27,0,1/01/2025
D200042,C101765,1/02/2024,,Open,ADD_ON_TKR,TKR Add-on,Partners,dt,1167,0,Ohomairangi Partners,Education,57,0,1/09/2024
D200043,C101401,6/09/2024,22/11/2024,Closed Won,PAYROLL_DIY,Payroll DIY,Partners,shao,1039,0,Beta Trust,Construction,49,0,1/01/2025
D200044,C103062,11/12/2024,26/01/2025,Closed Lost,PM,People Management,Direct,shao,643,0,Ohomairangi Tui Ltd,Manufacturing,1,0,
D200045,C102546,15/06/2025,,Open,PAYROLL_MPS,Managed Payroll,Partners,mkoenen,3189,0,Duncan Air Partners,Software,8,0,1/08/2025
D200046,C103247,16/07/2024,16/08/2024,Closed Won,PAYROLL_DIY,Payroll DIY,Direct,dinkster,790,0,Pivot Trust,Construction,98,0,1/09/2024
D200047,C103528,6/05/2025,,Open,PM,People Management,Direct,mkoenen,1471,0,Atlas Alpha Trust,Retail,77,0,1/05/2024
D200048,C100865,13/04/2025,5/05/2025,Closed Won,ADD_ON_TKR,TKR Add-on,Partners,mkoenen,760,0,Kea Partners,Retail,1,0,1/06/2025
D200049,C100651,13/01/2025,24/03/2025,Closed Won,PAYROLL_DIY,Payroll DIY,Partners,unassigned,1792,0,Beta Limited,Accounting,7,0,1/04/2025
D200050,C100835,10/11/2024,14/11/2024,Closed Won,PAYROLL_MPS,Managed Payroll,Partners,awong,1382,0,Duncan Air Group,Legal,22,1,1/12/2024
D200051,C102208,23/01/2025,,Open,PM,People Management,Direct,unassigned,1787,0,Rimu Group,Education,21,0,1/08/2025
D200052,C101896,26/05/2025,30/06/2025,Closed Won,PAYROLL_DIY,Payroll DIY,Direct,dinkster,1271,0,Harbour Ohomairangi Limited,Accounting,1,0,1/08/2025
D200053,C103360,10/03/2025,9/04/2025,Closed Won,PAYROLL_DIY,Payroll DIY,Direct,awong,1223,0,Duncan Air Wenita Holdings,Healthcare,12,0,1/05/2025
D200054,C101806,19/06/2025,3/09/2025,Closed Won,ADD_ON_TKR,TKR Add-on,Partners,unassigned,1448,0,Harbour Pivot Group,Software,1,0,1/09/2025
D200055,C104344,25/08/2024,18/11/2024,Closed Won,PAYROLL_DIY,Payroll DIY,Partners,unassigned,0,0,Pivot Holdings,Accounting,52,0,1/12/2024
D200056,C104952,28/03/2024,14/05/2024,Closed Won,PAYROLL_DIY,Payroll DIY,Direct,awong,2248,0,Tui Rimu Holdings,Retail,63,0,1/06/2024
D200057,C104322,14/09/2024,9/10/2024,Closed Lost,ADD_ON_TKR,TKR Add-on,Partners,nobody,37,0,Pivot Services,Healthcare,1,1,
D200058,C102709,9/12/2024,,Open,PAYROLL_DIY,Payroll DIY,Partners,shao,1472,0,Alpha Holdings,Legal,18,0,1/05/2025
D200059,C101132,27/03/2024,,Open,ADD_ON_TKR,TKR Add-on,Partners,mkoenen,1448,0,Harbour Kea Group,Retail,76,0,1/10/2024
D200060,C100919,28/02/2025,,Open,PAYROLL_DIY,Payroll DIY,Partners,shao,1414,0,Beta Atlas Ltd,Healthcare,110,0,1/04/2024
D200061,C101918,16/11/2024,8/01/2025,Closed Lost,PAYROLL_MPS,Managed Payroll,Direct,shao,2736,0,Alpha Summit Services,Retail,20,0,
D200062,C100746,17/02/2024,14/04/2024,Closed Won,PAYROLL_DIY,Payroll DIY,Partners,dt,1286,0,Tui Trust,Retail,20,0,1/05/2024
D200063,C100613,2/09/2024,7/10/2024,Closed Won,PM,People Management,Partners,awong,434,0,Ohomairangi Holdings,Software,1,0,1/11/2024
D200064,C102008,16/11/2024,6/12/2024,Closed Lost,PAYROLL_MPS,Managed Payroll,Direct,mkoenen,2249,0,Harbour Ohomairangi Limited,Software,28,0,
D200065,C104544,7/05/2024,14/05/2024,Closed Lost,PAYROLL_MPS,Managed Payroll,Partners,dinkster,4548,0,Rimu Partners,Retail,46,0,
D200066,C100678,15/12/2024,1/01/2025,Closed Won,PAYROLL_DIY,Payroll DIY,Partners,awong,-1509,0,Eurotec Partners,Retail,1,1,1/02/2025
D200067,C100989,28/04/2024,,Open,PAYROLL_DIY,Payroll DIY,Direct,dinkster,1603,0,Nimbus Partners,Retail,26,0,1/05/2024
D200068,C100844,31/05/2025,13/08/2025,Closed Won,ADD_ON_TKR,TKR Add-on,Partners,dinkster,1124,0,Summit Services,Legal,67,0,1/08/2025
D200069,C104477,10/12/2024,,Open,PAYROLL_MPS,Managed Payroll,Direct,mkoenen,2458,0,Summit Kea Partners,Legal,35,0,1/06/2024
D200070,C104059,14/04/2025,14/06/2025,Closed Won,PAYROLL_DIY,Payroll DIY,Direct,dinkster,2116,0,Kea Holdings,Healthcare,31,0,1/06/2025
D200071,C104510,16/06/2024,,Open,ADD_ON_TKR,TKR Add-on,Partners,dt,895,0,Eurotec Wenita Holdings,Manufacturing,33,0,1/11/2024
D200072,C100159,31/05/2024,17/07/2024,Closed Won,PAYROLL_MPS,Managed Payroll,Direct,dt,5860,0,Tui Ltd,Retail,63,0,1/07/2024
D200073,C100888,2/01/2024,,Open,PAYROLL_MPS,Managed Payroll,Partners,awong,4895,0,Pivot Limited,Accounting,21,0,1/09/2024
D200074,C100382,8/09/2024,16/09/2024,Closed Won,ADD_ON_TKR,TKR Add-on,Partners,dt,1022,0,Beta Kea Co.,Legal,48,0,1/10/2024
D200075,C104217,28/08/2024,2/10/2024,Closed Won,PAYROLL_MPS,Managed Payroll,Partners,mkoenen,651,0,Alpha Trust,Legal,30,1,1/11/2024
D200076,C103357,21/12/2024,20/02/2025,Closed Won,PM,People Management,Partners,dinkster,660,0,Wenita Wenita Services,Healthcare,44,0,1/03/2025
D200077,C101312,29/05/2025,13/08/2025,Closed Won,PM,People Management,Partners,mkoenen_tmp,1466,0,Ohomairangi Rimu Co.,Education,3,0,1/09/2025
D200078,C101084,1/06/2024,27/07/2024,Closed Won,PAYROLL_MPS,Managed Payroll,Partners,dt,5042,0,Harbour Services,Software,43,0,1/08/2024
D200079,C101407,15/01/2025,,Open,PAYROLL_MPS,Managed Payroll,Direct,awong,8167,0,Alpha Services,Retail,1,0,1/09/2024
D200080,C102112,10/02/2024,11/03/2024,Closed Lost,PM,People Management,Direct,mkoenen,1599,0,Tui Partners,Legal,1,0,
D200081,C101025,16/12/2024,11/01/2025,Closed Lost,ADD_ON_TKR,TKR Add-on,Direct,awong,1159,0,Kauri Group,Education,15,0,
D200082,C103343,1/08/2024,4/10/2024,Closed Won,ADD_ON_TKR,TKR Add-on,Direct,shao,433,0,Kauri Services,Construction,1,0,1/11/2024
D200083,C101891,21/04/2025,20/05/2025,Closed Won,ADD_ON_TKR,TKR Add-on,Direct,shao,723,0,Duncan Air Partners,Manufacturing,40,0,1/05/2025
D200084,C103862,24/02/2024,23/05/2024,Closed Won,PM,People Management,Direct,unassigned,2166,0,Summit Limited,Legal,4,0,1/06/2024
D200085,C101610,6/05/2024,14/07/2024,Closed Lost,PAYROLL_MPS,Managed Payroll,Partners,dinkster,4934,0,Harbour Partners,Legal,39,0,
D200086,C103988,13/01/2024,11/02/2024,Closed Won,ADD_ON_TKR,TKR Add-on,Direct,dt,331,0,Summit Limited,Software,1,0,1/03/2024
D200087,C104680,29/01/2025,23/04/2025,Closed Won,ADD_ON_TKR,TKR Add-on,Partners,dinkster,323,0,Eurotec Atlas Group,Legal,40,0,1/05/2025
D200088,C103011,16/05/2025,25/07/2025,Closed Lost,PAYROLL_MPS,Managed Payroll,Partners,dt,5601,0,Kauri Limited,Healthcare,1,1,
D200089,C101623,14/03/2025,30/04/2025,Closed Won,PAYROLL_MPS,Managed Payroll,Partners,unassigned,4468,0,Nimbus Co.,Healthcare,65,0,1/05/2025
D200090,C101810,12/04/2025,29/06/2025,Closed Lost,ADD_ON_TKR,TKR Add-on,Direct,unassigned,1037,0,Harbour Holdings,Manufacturing,71,0,
D200091,C104764,6/03/2025,,Open,PM,People Management,Direct,unassigned,1251,0,Harbour Trust,Construction,41,0,1/06/2024
D200092,C103558,20/06/2025,14/09/2025,Closed Won,PAYROLL_DIY,Payroll DIY,Partners,unassigned,784,0,Duncan Air Services,Healthcare,22,0,1/10/2025
D200093,C104357,14/03/2025,25/05/2025,Closed Won,PM,People Management,Direct,nobody,1224,0,Tui Wenita Co.,Retail,2,0,1/06/2025
D200094,C101383,5/06/2024,21/07/2024,Closed Won,ADD_ON_TKR,TKR Add-on,Direct,unassigned,615,0,Beta Partners,Healthcare,32,0,1/08/2024
D200095,C104886,22/10/2024,2/01/2025,Closed Won,PM,People Management,Partners,unassigned,643,0,Atlas Trust,Manufacturing,15,1,1/01/2025
D200096,C103849,29/02/2024,28/03/2024,Closed Won,PAYROLL_DIY,Payroll DIY,Direct,shao,1029,0,Summit Ltd,Retail,23,0,1/05/2024
D200097,C103080,14/08/2024,5/09/2024,Closed Lost,PM,People Management,Partners,unassigned,365,0,Atlas Limited,Software,90,0,
D200098,C101675,18/10/2024,,Open,ADD_ON_TKR,TKR Add-on,Partners,dt,443,0,Tui Limited,Construction,31,0,1/03/2024
D200099,C100273,11/01/2024,18/03/2024,Closed Won,ADD_ON_TKR,TKR Add-on,Partners,unassigned,978,0,Atlas Limited,Software,1,0,1/04/2024
D200100,C103386,12/11/2024,9/01/2025,Closed Won,PAYROLL_MPS,Managed Payroll,Partners,dt,5053,0,Rimu Services,Construction,39,1,1/01/2025
D200101,C100190,21/07/2024,13/09/2024,Closed Won,PM,People Management,Partners,unassigned,1102,0,Harbour Partners,Software,1,0,1/09/2024
D200102,C102227,4/03/2025,17/05/2025,Closed Won,PM,People Management,Partners,mkoenen,1932,0,Beta Partners,Construction,26,1,1/06/2025
D200103,C102667,13/05/2024,26/07/2024,Closed Won,PAYROLL_DIY,Payroll DIY,Partners,mkoenen,1579,0,Harbour Trust,Manufacturing,6,0,1/08/2024
D200104,C102481,5/04/2025,20/06/2025,Closed Won,PAYROLL_MPS,Managed Payroll,Partners,dinkster,7941,0,Pivot Limited,Construction,65,0,1/07/2025
D200105,C103236,10/06/2024,18/06/2024,Closed Lost,PAYROLL_MPS,Managed Payroll,Direct,awong,5246,0,Kea Co.,Education,1,0,
D200106,C102297,6/02/2025,,Open,PAYROLL_MPS,Managed Payroll,Partners,shao,2579,0,Ohomairangi Ltd,Manufacturing,1,0,1/06/2024
D200107,C100918,10/07/2024,,Open,PM,People Management,Partners,awong,1771,0,Ohomairangi Partners,Retail,83,0,1/07/2024
D200108,C100368,2/08/2024,11/09/2024,Closed Won,ADD_ON_TKR,TKR Add-on,Partners,mkoenen,681,0,Ohomairangi Holdings,Construction,23,0,1/10/2024
D200109,C103525,5/05/2024,16/05/2024,Closed Lost,ADD_ON_TKR,TKR Add-on,Direct,shao,727,0,Pivot Partners,Construction,48,0,
D200110,C104706,18/02/2025,4/04/2025,Closed Lost,ADD_ON_TKR,TKR Add-on,Direct,unassigned,1524,0,Duncan Air Co.,Construction,8,0,
D200111,C101815,8/08/2024,25/08/2024,Closed Won,ADD_ON_TKR,TKR Add-on,Partners,awong,997,0,Eurotec Beta Holdings,Manufacturing,41,0,1/08/2024
D200112,C100212,20/06/2024,21/08/2024,Closed Lost,PAYROLL_MPS,Managed Payroll,Direct,awong,7953,0,Rimu Partners,Healthcare,62,0,
D200113,C100775,4/04/2024,,Open,PAYROLL_DIY,Payroll DIY,Partners,unassigned,2539,0,Nimbus Limited,Retail,56,0,1/03/2025
D200114,C104738,28/04/2024,19/06/2024,Closed Won,PM,People Management,Direct,dinkster,735,0,Pivot Ltd,Manufacturing,53,0,1/06/2024
D200115,C104360,24/03/2025,19/05/2025,Closed Won,ADD_ON_TKR,TKR Add-on,Direct,nobody,221,0,Tui Nimbus Services,Construction,92,0,1/06/2025
D200116,C101671,15/06/2024,,Open,PM,People Management,Direct,mkoenen,997,0,Kauri Rimu Partners,Retail,1,0,1/10/2024
D200117,C101150,17/03/2024,,Open,PM,People Management,Partners,shao,1052,0,Rimu Kauri Ltd,Software,21,0,1/05/2024
D200118,C102172,12/02/2024,11/03/2024,Closed Lost,ADD_ON_TKR,TKR Add-on,Direct,mkoenen,665,0,Duncan Air Trust,Retail,13,0,
D200119,C103183,13/02/2025,13/05/2025,Closed Won,PAYROLL_MPS,Managed Payroll,Partners,unassigned,5189,0,Nimbus Trust,Legal,1,0,1/06/2025
D200120,C103035,16/03/2024,18/05/2024,Closed Won,PAYROLL_DIY,Payroll DIY,Direct,awong,1959,0,Beta Co.,Retail,82,0,1/06/2024
D200121,C101884,14/08/2024,7/09/2024,Closed Won,PM,People Management,Partners,dt,1010,0,Harbour Services,Legal,11,0,1/10/2024
D200122,C103515,3/06/2024,10/07/2024,Closed Won,PM,People Management,Partners,dt,283,0,Alpha Holdings,Healthcare,75,0,1/07/2024
D200123,C103169,20/04/2024,11/06/2024,Closed Lost,PAYROLL_DIY,Payroll DIY,Partners,dinkster,729,0,Duncan Air Eurotec Group,Accounting,8,0,
D200124,C101778,8/03/2025,24/03/2025,Closed Won,ADD_ON_TKR,TKR Add-on,Partners,awong,835,0,Duncan Air Trust,Software,1,0,1/04/2025
D200125,C104432,18/03/2024,21/05/2024,Closed Lost,PAYROLL_DIY,Payroll DIY,Partners,awong,1117,0,Duncan Air Rimu Trust,Construction,50,0,
D200126,C102667,26/09/2024,11/11/2024,Closed Won,PAYROLL_DIY,Payroll DIY,Partners,awong,1696,0,Harbour Trust,Manufacturing,6,0,1/11/2024
D200127,C103741,25/09/2024,20/11/2024,Closed Won,PAYROLL_MPS,Managed Payroll,Partners,dt,263,0,Ohomairangi Atlas Group,Retail,54,0,1/12/2024
D200128,C101172,17/01/2024,3/03/2024,Closed Won,ADD_ON_TKR,TKR Add-on,Partners,mkoenen,543,0,Pivot Alpha Limited,Software,33,0,1/04/2024
D200129,C100701,19/12/2024,1/01/2025,Closed Won,ADD_ON_TKR,TKR Add-on,Partners,mkoenen,300,0,Ohomairangi Pivot Co.,Legal,38,0,1/01/2025
D200130,C103074,15/06/2025,17/06/2025,Closed Won,PAYROLL_MPS,Managed Payroll,Partners,shao,3386,0,Beta Trust,Accounting,19,0,1/07/2025
D200131,C103268,21/03/2025,15/04/2025,Closed Won,PM,People Management,Direct,dinkster,1397,0,Harbour Services,Healthcare,12,0,1/04/2025
D200132,C103383,9/05/2025,25/05/2025,Closed Lost,ADD_ON_TKR,TKR Add-on,Partners,mkoenen,193,0,Tui Co.,Manufacturing,1,0,
D200133,C102981,24/05/2025,,Open,PAYROLL_MPS,Managed Payroll,Direct,unassigned,4378,0,Atlas Duncan Air Partners,Accounting,15,0,1/05/2025
D200134,C102786,4/06/2024,24/07/2024,Closed Won,PAYROLL_DIY,Payroll DIY,Direct,dt,2205,0,Kauri Ltd,Education,6,1,1/08/2024
D200135,C102965,27/02/2024,18/03/2024,Closed Won,PAYROLL_DIY,Payroll DIY,Partners,unassigned,1140,0,Nimbus Holdings,Manufacturing,20,0,1/04/2024
D200136,C102229,15/01/2025,,Open,PAYROLL_DIY,Payroll DIY,Partners,dt,1678,0,Beta Ohomairangi Limited,Accounting,34,0,1/09/2025
D200137,C101012,7/01/2024,26/01/2024,Closed Lost,PM,People Management,Partners,unassigned,1531,0,Pivot Co.,Manufacturing,52,0,
D200138,C100615,14/10/2024,,Open,ADD_ON_TKR,TKR Add-on,Direct,dinkster,1052,0,Kea Kea Trust,Legal,10,0,1/04/2024
D200139,C104847,3/06/2024,12/07/2024,Closed Lost,PAYROLL_DIY,Payroll DIY,Direct,awong,3435,0,Harbour Group,Accounting,56,0,
D200140,C101777,18/05/2025,30/07/2025,Closed Lost,PAYROLL_DIY,Payroll DIY,Direct,nobody,1428,0,Duncan Air Ltd,Construction,1,0,
D200141,C103345,18/12/2024,,Open,ADD_ON_TKR,TKR Add-on,Direct,unassigned,443,0,Eurotec Ltd,Education,1,0,1/09/2025
D200142,C102841,10/05/2024,8/08/2024,Closed Won,PM,People Management,Direct,shao,1352,0,Eurotec Holdings,Manufacturing,62,0,1/09/2024
D200143,C102637,26/07/2024,4/08/2024,Closed Won,ADD_ON_TKR,TKR Add-on,Direct,dt,596,0,Pivot Holdings,Legal,1,0,1/08/2024
D200144,C104319,10/07/2024,9/09/2024,Closed Won,PAYROLL_MPS,Managed Payroll,Direct,dinkster,2708,0,Beta Partners,Retail,1,0,1/10/2024
D200145,C104056,2/11/2024,31/01/2025,Closed Won,ADD_ON_TKR,TKR Add-on,Direct,unassigned,1067,0,Kauri Limited,Legal,15,0,1/02/2025
D200146,C101762,3/02/2025,22/04/2025,Closed Lost,PAYROLL_MPS,Managed Payroll,Direct,dinkster,3453,0,Alpha Beta Ltd,Healthcare,2,0,
D200147,C102421,25/03/2024,28/04/2024,Closed Won,PAYROLL_MPS,Managed Payroll,Direct,unassigned,4770,0,Alpha Pivot Holdings,Legal,24,1,1/06/2024
D200148,C101166,26/01/2025,,Open,PM,People Management,Partners,dinkster,2170,0,Beta Co.,Legal,1,0,1/09/2025
D200149,C101003,6/01/2025,7/02/2025,Closed Won,PM,People Management,Partners,shao,1649,0,Summit Atlas Trust,Healthcare,43,0,1/02/2025
D200150,C101687,5/11/2024,14/12/2024,Closed Won,ADD_ON_TKR,TKR Add-on,Partners,unassigned,1047,0,Atlas Eurotec Ltd,Legal,41,0,1/12/2024
D200151,C100756,2/05/2025,9/05/2025,Closed Won,PAYROLL_MPS,Managed Payroll,Direct,dinkster,1127,0,Beta Summit Trust,Legal,10,1,1/05/2025
D200152,C101798,11/06/2025,18/07/2025,Closed Won,PAYROLL_DIY,Payroll DIY,Direct,shao,1959,0,Nimbus Co.,Construction,46,1,1/08/2025
D200153,C100112,23/10/2024,19/01/2025,Closed Won,PAYROLL_DIY,Payroll DIY,Partners,unassigned,3011,0,Tui Wenita Group,Software,28,0,1/02/2025
D200154,C103795,13/11/2024,16/01/2025,Closed Won,PM,People Management,Direct,nobody,0,1,Ohomairangi Trust,Retail,71,1,1/02/2025
D200155,C103680,21/01/2025,,Open,PAYROLL_MPS,Managed Payroll,Direct,dt,8125,0,Nimbus Duncan Air Services,Retail,1,0,1/09/2024
D200156,C104413,10/05/2024,7/06/2024,Closed Won,ADD_ON_TKR,TKR Add-on,Direct,mkoenen,407,0,Summit Tui Services,Education,37,0,1/07/2024
D200157,C100090,2/11/2024,19/12/2024,Closed Lost,ADD_ON_TKR,TKR Add-on,Direct,unassigned,954,0,Harbour Trust,Retail,24,1,
D200158,C100265,6/10/2024,5/11/2024,Closed Won,PAYROLL_DIY,Payroll DIY,Direct,shao,2026,0,Kauri Summit Co.,Construction,47,0,1/12/2024
D200159,C104607,3/04/2024,9/06/2024,Closed Won,PM,People Management,Partners,dinkster,1725,0,Kea Limited,Healthcare,13,0,1/07/2024
D200160,C101925,23/04/2025,5/05/2025,Closed Lost,ADD_ON_TKR,TKR Add-on,Direct,dinkster,859,0,Rimu Harbour Limited,Education,7,0,
D200161,C100681,24/02/2025,10/05/2025,Closed Lost,PM,People Management,Partners,unassigned,1776,0,Pivot Trust,Retail,1,0,
D200162,C102113,19/06/2024,21/07/2024,Closed Won,ADD_ON_TKR,TKR Add-on,Direct,awong,1012,0,Kea Services,Manufacturing,87,0,1/08/2024
D200163,C103778,13/03/2025,13/05/2025,Closed Won,ADD_ON_TKR,TKR Add-on,Partners,dt,1373,0,Harbour Rimu Partners,Retail,64,0,1/06/2025
D200164,C100731,12/05/2025,28/07/2025,Closed Won,PAYROLL_DIY,Payroll DIY,Partners,shao,2921,0,Wenita Services,Legal,53,0,1/08/2025
D200165,C104025,13/05/2024,30/07/2024,Closed Won,PAYROLL_DIY,Payroll DIY,Partners,mkoenen,1966,0,Kauri Partners,Education,15,0,1/09/2024
D200166,C100870,8/12/2024,9/12/2024,Closed Won,PM,People Management,Partners,shao,1194,0,Kea Group,Software,1,0,1/12/2024
D200167,C100104,30/03/2024,6/06/2024,Closed Won,ADD_ON_TKR,TKR Add-on,Direct,mkoenen,1355,0,Tui Ltd,Education,66,0,1/06/2024
D200168,C102554,1/04/2024,2/06/2024,Closed Won,PAYROLL_MPS,Managed Payroll,Direct,mkoenen,1920,0,Pivot Partners,Software,81,0,1/06/2024
D200169,C103230,1/05/2024,25/05/2024,Closed Won,PAYROLL_MPS,Managed Payroll,Partners,shao,6317,0,Atlas Pivot Holdings,Legal,51,0,1/07/2024
D200170,C104649,25/03/2025,,Open,PM,People Management,Partners,dt,1682,0,Eurotec Tui Group,Manufacturing,1,0,1/05/2024
D200171,C101601,9/06/2024,,Open,ADD_ON_TKR,TKR Add-on,Partners,awong,321,0,Ohomairangi Ltd,Education,18,1,1/03/2025
D200172,C103821,26/05/2025,19/06/2025,Closed Won,ADD_ON_TKR,TKR Add-on,Direct,dt,190,0,Tui Group,Accounting,1,0,1/07/2025
D200173,C100514,5/02/2024,,Open,PM,People Management,Partners,shao,1151,0,Harbour Trust,Manufacturing,58,0,1/07/2024
D200174,C104842,27/10/2024,,Open,PAYROLL_MPS,Managed Payroll,Partners,dinkster,4891,0,Beta Ltd,Construction,1,0,1/06/2025
D200175,C103475,25/12/2024,28/01/2025,Closed Lost,PM,People Management,Partners,unassigned,1549,0,Rimu Holdings,Legal,1,1,
D200176,C102171,29/03/2025,13/05/2025,Closed Lost,PM,People Management,Direct,dinkster,1767,0,Duncan Air Harbour Trust,Education,58,0,
D200177,C100192,8/01/2025,13/03/2025,Closed Won,PAYROLL_MPS,Managed Payroll,Direct,dt,1905,0,Beta Limited,Construction,1,0,1/04/2025
D200178,C101859,21/09/2024,25/09/2024,Closed Won,PAYROLL_MPS,Managed Payroll,Partners,dinkster,9591,0,Atlas Trust,Legal,38,0,1/10/2024
D200179,C101627,30/06/2025,21/08/2025,Closed Won,PAYROLL_MPS,Managed Payroll,Direct,unassigned,5317,0,Nimbus Group,Accounting,37,0,1/08/2025
D200180,C100351,10/10/2024,,Open,PAYROLL_DIY,Payroll DIY,Partners,shao,2035,0,Pivot Summit Holdings,Education,1,0,1/09/2025
D200181,C103164,11/08/2024,13/09/2024,Closed Won,PAYROLL_DIY,Payroll DIY,Partners,awong,1118,0,Tui Harbour Services,Software,66,0,1/10/2024
D200182,C104366,7/04/2025,2/06/2025,Closed Lost,PAYROLL_MPS,Managed Payroll,Direct,dinkster,3209,0,Duncan Air Trust,Legal,25,0,
D200183,C103228,18/03/2025,19/04/2025,Closed Lost,PAYROLL_MPS,Managed Payroll,Direct,mkoenen,2876,0,Harbour Pivot Trust,Construction,36,0,
D200184,C102749,30/05/2024,,Open,PM,People Management,Direct,awong,755,0,Kauri Co.,Manufacturing,1,0,1/12/2024
D200185,C104885,1/12/2024,9/01/2025,Closed Won,PM,People Management,Partners,mkoenen,736,0,Nimbus Trust,Manufacturing,31,0,1/02/2025
D200186,C100177,13/03/2025,15/04/2025,Closed Won,PAYROLL_MPS,Managed Payroll,Partners,mkoenen,3548,0,Summit Limited,Education,36,0,1/05/2025
D200187,C102817,6/07/2024,30/07/2024,Closed Won,ADD_ON_TKR,TKR Add-on,Direct,unassigned,364,0,Nimbus Trust,Construction,69,0,1/08/2024
D200188,C100697,2/05/2024,,Open,PAYROLL_MPS,Managed Payroll,Direct,unassigned,4399,0,Eurotec Limited,Retail,1,0,1/09/2025
D200189,C102981,17/06/2025,,Open,PAYROLL_DIY,Payroll DIY,Direct,shao,2225,0,Atlas Duncan Air Partners,Accounting,15,0,1/09/2025
D200190,C104137,12/01/2024,21/01/2024,Closed Won,PAYROLL_DIY,Payroll DIY,Partners,unassigned,2096,0,Kea Group,Healthcare,74,0,1/02/2024
D200191,C104406,4/11/2024,9/12/2024,Closed Won,PAYROLL_MPS,Managed Payroll,Direct,shao,2695,0,Summit Wenita Co.,Retail,1,0,1/01/2025
D200192,C102691,18/10/2024,19/10/2024,Closed Lost,PM,People Management,Partners,dt,1279,0,Nimbus Co.,Software,2,0,
D200193,C104145,7/09/2024,,Open,ADD_ON_TKR,TKR Add-on,Partners,shao,820,0,Duncan Air Partners,Software,7,0,1/07/2024
D200194,C104117,30/09/2024,,Open,PM,People Management,Direct,dt,804,0,Eurotec Group,Manufacturing,41,0,1/05/2024
D200195,C101525,4/02/2024,23/03/2024,Closed Won,ADD_ON_TKR,TKR Add-on,Direct,unassigned,1403,0,Atlas Ohomairangi Limited,Retail,1,0,1/04/2024
D200196,C102962,11/06/2024,3/09/2024,Closed Won,PAYROLL_DIY,Payroll DIY,Direct,dt,1314,0,Summit Duncan Air Trust,Education,76,0,1/09/2024
D200197,C102014,1/01/2025,,Open,ADD_ON_TKR,TKR Add-on,Partners,dinkster,952,0,Harbour Atlas Trust,Construction,53,0,1/12/2024
D200198,C104859,30/04/2024,,Open,PM,People Management,Direct,shao,1355,0,Atlas Trust,Education,24,0,1/06/2024
D200199,C102926,8/08/2024,19/09/2024,Closed Won,PAYROLL_DIY,Payroll DIY,Direct,dinkster,2184,0,Kea Holdings,Retail,7,0,1/10/2024
D200200,C103149,13/06/2025,21/06/2025,Closed Won,PM,People Management,Direct,unassigned,2488,0,Nimbus Holdings,Construction,14,0,1/06/2025
D200201,C101781,12/06/2025,14/08/2025,Closed Won,ADD_ON_TKR,TKR Add-on,Direct,dt,623,0,Tui Kea Trust,Manufacturing,1,0,1/09/2025
D200202,C102682,30/08/2024,13/09/2024,Closed Won,PM,People Management,Direct,dt,756,0,Nimbus Harbour Services,Accounting,1,0,1/10/2024
D200203,C101077,29/12/2024,,Open,PAYROLL_DIY,Payroll DIY,Partners,shao,420,0,Wenita Eurotec Trust,Retail,64,0,1/05/2024
D200204,C104324,22/06/2025,3/07/2025,Closed Lost,PM,People Management,Partners,dt,417,0,Duncan Air Holdings,Legal,1,0,
D200205,C102689,6/11/2024,10/01/2025,Closed Won,ADD_ON_TKR,TKR Add-on,Partners,awong,756,0,Alpha Services,Manufacturing,37,0,1/02/2025
D200206,C102307,27/04/2024,,Open,PM,People Management,Direct,dt,975,0,Atlas Tui Holdings,Education,1,0,1/08/2024
D200207,C100219,30/03/2025,,Open,ADD_ON_TKR,TKR Add-on,Partners,dinkster,1413,0,Harbour Services,Accounting,1,0,1/01/2025
D200208,C103016,6/12/2024,16/12/2024,Closed Won,PAYROLL_DIY,Payroll DIY,Direct,unassigned,1329,0,Eurotec Partners,Education,1,0,1/12/2024
D200209,C102224,16/01/2025,9/02/2025,Closed Lost,PM,People Management,Partners,unassigned,1772,0,Harbour Co.,Accounting,16,0,
D200210,C104807,11/09/2024,11/11/2024,Closed Won,PAYROLL_DIY,Payroll DIY,Direct,mkoenen,1382,0,Pivot Group,Healthcare,15,1,1/12/2024
D200211,C103408,17/04/2025,,Open,PAYROLL_DIY,Payroll DIY,Partners,mkoenen,2548,0,Tui Co.,Retail,50,0,1/09/2024
D200212,C104002,30/04/2024,16/06/2024,Closed Won,PAYROLL_MPS,Managed Payroll,Partners,awong,2709,0,Kauri Holdings,Healthcare,7,0,1/07/2024
D200213,C101268,5/06/2024,31/08/2024,Closed Won,ADD_ON_TKR,TKR Add-on,Partners,dinkster,931,0,Harbour Limited,Manufacturing,1,0,1/09/2024
D200214,C101654,9/10/2024,30/12/2024,Closed Won,PAYROLL_DIY,Payroll DIY,Direct,dinkster,305,0,Beta Beta Services,Healthcare,1,0,1/02/2025
D200215,C102978,21/03/2025,,Open,PAYROLL_DIY,Payroll DIY,Partners,dt,1254,0,Eurotec Partners,Accounting,84,0,1/06/2025
D200216,C103962,28/02/2025,7/03/2025,Closed Won,PM,People Management,Direct,dinkster,1794,0,Eurotec Beta Holdings,Education,34,0,1/03/2025
D200217,C103880,31/03/2024,13/05/2024,Closed Won,ADD_ON_TKR,TKR Add-on,Partners,shao,1057,0,Ohomairangi Tui Limited,Education,30,0,1/06/2024
D200218,C103143,17/02/2024,,Open,PAYROLL_MPS,Managed Payroll,Direct,unassigned,0,0,Kauri Ltd,Education,49,1,1/04/2024
D200219,C102869,26/01/2024,,Open,PAYROLL_DIY,Payroll DIY,Partners,dinkster,738,0,Ohomairangi Partners,Software,72,0,1/03/2025
D200220,C103026,28/07/2024,18/08/2024,Closed Won,ADD_ON_TKR,TKR Add-on,Partners,awong,545,0,Rimu Group,Healthcare,17,0,1/09/2024
D200221,C104094,13/02/2024,14/02/2024,Closed Won,PAYROLL_MPS,Managed Payroll,Partners,dt,1057,0,Nimbus Co.,Accounting,58,0,1/03/2024
D200222,C104327,31/10/2024,28/12/2024,Closed Won,PAYROLL_DIY,Payroll DIY,Partners,mkoenen,3168,0,Wenita Trust,Accounting,33,0,1/01/2025
D200223,C102449,8/06/2025,2/07/2025,Closed Lost,PM,People Management,Direct,unassigned,364,0,Ohomairangi Trust,Healthcare,50,1,
D200224,C103383,10/11/2024,14/11/2024,Closed Won,PM,People Management,Partners,unassigned,1295,0,Tui Co.,Manufacturing,1,0,1/12/2024
D200225,C104865,1/12/2024,27/02/2025,Closed Won,ADD_ON_TKR,TKR Add-on,Partners,dinkster,125,0,Duncan Air Ltd,Software,33,0,1/04/2025
D200226,C102506,20/09/2024,8/12/2024,Closed Won,PAYROLL_MPS,Managed Payroll,Partners,shao,4961,0,Atlas Partners,Manufacturing,24,0,1/01/2025
D200227,C101250,22/01/2025,,Open,PAYROLL_DIY,Payroll DIY,Partners,dinkster,945,0,Rimu Ltd,Manufacturing,1,0,1/03/2024
D200228,C104254,6/03/2024,,Open,PAYROLL_DIY,Payroll DIY,Direct,shao,1868,0,Nimbus Limited,Legal,31,0,1/06/2025
D200229,C101117,29/09/2024,1/12/2024,Closed Won,PAYROLL_MPS,Managed Payroll,Direct,awong,7808,0,Beta Partners,Retail,17,0,1/12/2024
D200230,C103168,6/03/2024,28/04/2024,Closed Won,ADD_ON_TKR,TKR Add-on,Partners,unassigned,581,0,Kauri Holdings,Manufacturing,32,1,1/05/2024
D200231,C104785,29/01/2025,12/03/2025,Closed Lost,ADD_ON_TKR,TKR Add-on,Partners,unassigned,1218,0,Tui Co.,Healthcare,121,0,
D200232,C103771,29/05/2025,24/08/2025,Closed Won,PAYROLL_DIY,Payroll DIY,Direct,dinkster,2410,0,Harbour Harbour Trust,Software,49,1,1/09/2025
D200233,C102092,27/09/2024,20/11/2024,Closed Won,PAYROLL_MPS,Managed Payroll,Direct,mkoenen,5752,0,Rimu Holdings,Legal,94,0,1/12/2024
D200234,C102058,16/09/2024,24/09/2024,Closed Won,PM,People Management,Direct,awong,579,0,Wenita Partners,Accounting,39,0,1/10/2024
D200235,C102668,25/03/2024,6/04/2024,Closed Lost,PM,People Management,Direct,dinkster,1431,0,Rimu Atlas Trust,Construction,1,0,
D200236,C104483,23/11/2024,5/12/2024,Closed Won,PM,People Management,Direct,shao,0,0,Beta Co.,Software,37,0,1/01/2025
D200237,C101525,16/05/2025,13/08/2025,Closed Lost,PAYROLL_DIY,Payroll DIY,Partners,shao,0,0,Atlas Ohomairangi Limited,Retail,1,0,
D200238,C104140,20/03/2024,22/05/2024,Closed Lost,PAYROLL_DIY,Payroll DIY,Direct,dinkster,978,0,Nimbus Wenita Ltd,Software,70,0,
D200239,C102420,20/02/2025,8/05/2025,Closed Won,PAYROLL_DIY,Payroll DIY,Partners,shao,1650,0,Duncan Air Pivot Group,Accounting,41,0,1/06/2025
D200240,C100926,23/10/2024,27/12/2024,Closed Won,PAYROLL_MPS,Managed Payroll,Direct,dinkster_tmp,811,0,Ohomairangi Trust,Software,1,0,1/02/2025
D200241,C103507,19/03/2024,8/04/2024,Closed Won,PAYROLL_MPS,Managed Payroll,Direct,mkoenen,4542,0,Nimbus Ltd,Education,1,0,1/04/2024
D200242,C100903,16/10/2024,,Open,PAYROLL_MPS,Managed Payroll,Direct,awong,5399,0,Tui Partners,Healthcare,30,0,1/04/2024
D200243,C103481,25/02/2025,3/03/2025,Closed Won,PAYROLL_MPS,Managed Payroll,Direct,shao,5418,0,Harbour Trust,Retail,58,0,1/04/2025
D200244,C101192,13/09/2024,26/10/2024,Closed Won,PM,People Management,Direct,mkoenen,1621,0,Nimbus Holdings,Manufacturing,20,0,1/11/2024
D200245,C103724,17/11/2024,18/11/2024,Closed Won,PM,People Management,Partners,dt,0,0,Pivot Services,Accounting,31,0,1/12/2024
D200246,C100581,1/07/2024,6/09/2024,Closed Won,PAYROLL_DIY,Payroll DIY,Partners,mkoenen,2687,0,Nimbus Partners,Retail,2,0,1/10/2024
D200247,C101881,24/08/2024,11/10/2024,Closed Won,PM,People Management,Partners,unassigned,0,0,Duncan Air Eurotec Group,Healthcare,27,0,1/10/2024
D200248,C100459,28/03/2025,22/04/2025,Closed Lost,PAYROLL_MPS,Managed Payroll,Direct,unassigned,3917,0,Eurotec Co.,Manufacturing,22,0,
D200249,C102738,4/12/2024,16/02/2025,Closed Lost,PAYROLL_DIY,Payroll DIY,Direct,unassigned,2695,0,Summit Services,Legal,19,0,
D200250,C102645,8/11/2024,13/11/2024,Closed Won,PM,People Management,Direct,awong,756,0,Rimu Eurotec Trust,Retail,1,0,1/12/2024
D200251,C101950,7/01/2024,24/02/2024,Closed Won,PM,People Management,Direct,mkoenen,1560,0,Kauri Limited,Retail,1,0,1/03/2024
D200252,C103322,26/09/2024,23/11/2024,Closed Won,PAYROLL_DIY,Payroll DIY,Direct,awong,2497,0,Duncan Air Services,Construction,30,0,1/12/2024
D200253,C101389,17/08/2024,,Open,ADD_ON_TKR,TKR Add-on,Direct,mkoenen,734,0,Harbour Holdings,Education,3,0,1/10/2024
D200254,C103719,22/01/2025,11/03/2025,Closed Lost,PAYROLL_DIY,Payroll DIY,Partners,dt,1914,0,Tui Co.,Construction,1,0,
D200255,C100566,28/02/2024,15/04/2024,Closed Lost,PAYROLL_DIY,Payroll DIY,Partners,dt,3171,0,Pivot Atlas Services,Legal,1,0,1/04/2024
D200256,C104823,4/08/2024,,Open,ADD_ON_TKR,TKR Add-on,Partners,unassigned,729,0,Wenita Tui Co.,Education,6,0,1/07/2024
D200257,C102424,29/12/2024,,Open,PM,People Management,Direct,dinkster,748,0,Atlas Limited,Healthcare,51,0,1/09/2024
D200258,C103020,7/01/2024,27/02/2024,Closed Lost,PAYROLL_MPS,Managed Payroll,Direct,mkoenen,1476,0,Alpha Ltd,Healthcare,1,0,
D200259,C104759,12/06/2024,29/06/2024,Closed Won,ADD_ON_TKR,TKR Add-on,Direct,awong,1062,0,Eurotec Co.,Manufacturing,33,0,1/08/2024
D200260,C104967,13/08/2024,14/08/2024,Closed Won,PAYROLL_DIY,Payroll DIY,Partners,nobody,1637,0,Eurotec Summit Trust,Accounting,2,0,1/08/2024
D200261,C103327,21/06/2024,5/08/2024,Closed Won,ADD_ON_TKR,TKR Add-on,Partners,mkoenen,695,0,Kauri Partners,Legal,1,0,1/08/2024
D200262,C103159,2/06/2025,15/06/2025,Closed Won,PAYROLL_DIY,Payroll DIY,Partners,mkoenen,1062,0,Eurotec Eurotec Partners,Accounting,79,0,1/07/2025
D200263,C102604,5/01/2025,19/03/2025,Closed Won,PAYROLL_DIY,Payroll DIY,Direct,shao,1264,0,Pivot Ohomairangi Co.,Accounting,44,0,1/03/2025
D200264,C103287,2/09/2024,,Open,ADD_ON_TKR,TKR Add-on,Partners,unassigned,855,0,Beta Pivot Holdings,Retail,55,0,1/11/2024
D200265,C103825,29/09/2024,,Open,ADD_ON_TKR,TKR Add-on,Partners,shao,907,0,Beta Trust,Construction,56,0,1/09/2025
D200266,C104068,25/09/2024,1/11/2024,Closed Won,ADD_ON_TKR,TKR Add-on,Partners,dt,379,0,Kauri Ltd,Construction,44,0,1/11/2024
D200267,C101770,3/07/2025,22/08/2025,Closed Won,ADD_ON_TKR,TKR Add-on,Direct,shao,432,0,Kauri Ltd,Education,11,0,1/09/2025
D200268,C103112,17/09/2024,30/11/2024,Closed Won,PAYROLL_DIY,Payroll DIY,Direct,mkoenen,2596,0,Summit Services,Retail,97,0,1/12/2024
D200269,C100307,5/08/2024,6/09/2024,Closed Lost,ADD_ON_TKR,TKR Add-on,Direct,awong,1021,0,Summit Partners,Manufacturing,1,0,
D200270,C103911,17/01/2025,1/03/2025,Closed Won,PM,People Management,Direct,mkoenen,806,0,Beta Eurotec Ltd,Software,56,0,1/03/2025
D200271,C101014,26/04/2024,17/05/2024,Closed Won,ADD_ON_TKR,TKR Add-on,Direct,dinkster,613,0,Pivot Trust,Software,1,0,1/06/2024
D200272,C101125,14/08/2024,5/11/2024,Closed Won,ADD_ON_TKR,TKR Add-on,Partners,dinkster_tmp,820,0,Harbour Partners,Retail,1,0,1/12/2024
D200273,C100454,19/11/2024,20/01/2025,Closed Won,ADD_ON_TKR,TKR Add-on,Partners,dt,1380,0,Tui Holdings,Education,24,1,1/02/2025
D200274,C102472,22/11/2024,24/12/2024,Closed Won,PAYROLL_DIY,Payroll DIY,Direct,unassigned,2108,0,Tui Tui Ltd,Education,5,0,1/01/2025
D200275,C104223,5/02/2024,1/03/2024,Closed Lost,ADD_ON_TKR,TKR Add-on,Partners,mkoenen,627,0,Atlas Co.,Healthcare,1,0,
D200276,C101614,23/07/2024,14/09/2024,Closed Lost,ADD_ON_TKR,TKR Add-on,Partners,awong,617,0,Atlas Alpha Co.,Construction,1,0,
D200277,C104744,6/10/2024,20/10/2024,Closed Won,PAYROLL_DIY,Payroll DIY,Direct,awong,2611,0,Kauri Eurotec Trust,Healthcare,24,0,1/10/2024
D200278,C101580,23/12/2024,8/03/2025,Closed Won,PAYROLL_MPS,Managed Payroll,Direct,awong,6579,0,Nimbus Limited,Healthcare,1,0,1/03/2025
D200279,C100930,7/08/2024,,Open,PAYROLL_MPS,Managed Payroll,Partners,mkoenen,5338,0,Nimbus Trust,Manufacturing,56,0,1/11/2024
D200280,C100635,13/04/2024,16/06/2024,Closed Won,PAYROLL_DIY,Payroll DIY,Direct,dinkster,666,0,Pivot Holdings,Education,1,0,1/07/2024
D200281,C101321,28/01/2025,12/03/2025,Closed Won,PM,People Management,Partners,mkoenen_tmp,250,0,Harbour Ltd,Software,1,0,1/04/2025
D200282,C102053,2/02/2025,3/05/2025,Closed Lost,PAYROLL_MPS,Managed Payroll,Direct,unassigned,42,0,Wenita Partners,Retail,9,0,
D200283,C102417,22/08/2024,11/10/2024,Closed Won,PAYROLL_DIY,Payroll DIY,Partners,dinkster,1909,0,Atlas Duncan Air Limited,Manufacturing,80,0,1/11/2024
D200284,C102046,22/06/2025,,Open,PAYROLL_DIY,Payroll DIY,Direct,mkoenen,2253,0,Tui Kauri Limited,Accounting,1,1,1/03/2024
D200285,C100699,30/06/2024,22/07/2024,Closed Won,PAYROLL_MPS,Managed Payroll,Partners,unassigned,5057,0,Wenita Eurotec Ltd,Construction,3,0,1/08/2024
D200286,C102764,22/03/2025,2/04/2025,Closed Won,PM,People Management,Partners,awong,680,0,Tui Atlas Holdings,Accounting,9,1,1/04/2025
D200287,C104892,9/03/2024,4/05/2024,Closed Won,PM,People Management,Direct,mkoenen,1425,0,Nimbus Co.,Legal,1,0,1/06/2024
D200288,C100487,3/12/2024,11/01/2025,Closed Won,PAYROLL_MPS,Managed Payroll,Direct,awong,3591,0,Tui Limited,Construction,7,0,1/01/2025
D200289,C102214,30/05/2025,14/06/2025,Closed Won,PM,People Management,Direct,awong,981,0,Kea Services,Healthcare,19,0,1/07/2025
D200290,C104760,13/07/2024,19/08/2024,Closed Lost,PAYROLL_MPS,Managed Payroll,Partners,dinkster,6051,0,Eurotec Kauri Services,Legal,7,0,
D200291,C100351,4/06/2024,8/08/2024,Closed Won,PM,People Management,Partners,mkoenen,221,0,Pivot Summit Holdings,Education,1,0,1/08/2024
D200292,C102435,16/03/2024,4/04/2024,Closed Lost,ADD_ON_TKR,TKR Add-on,Direct,dt,227,0,Tui Trust,Construction,25,0,
D200293,C103410,15/11/2024,,Open,PAYROLL_DIY,Payroll DIY,Partners,shao,2156,0,Kauri Ltd,Construction,40,0,1/03/2024
D200294,C100779,10/04/2024,16/06/2024,Closed Won,PM,People Management,Direct,shao,1937,0,Kea Services,Education,26,1,1/07/2024
D200295,C102053,13/01/2024,1/02/2024,Closed Lost,PM,People Management,Partners,shao,488,0,Wenita Partners,Retail,9,0,
D200296,C101295,11/01/2024,,Open,PM,People Management,Direct,dinkster,1041,0,Eurotec Ltd,Software,4,0,1/09/2024
D200297,C102547,17/05/2024,12/06/2024,Closed Lost,ADD_ON_TKR,TKR Add-on,Partners,unassigned,841,0,Nimbus Ltd,Manufacturing,18,0,
D200298,C104089,13/05/2025,,Open,PAYROLL_DIY,Payroll DIY,Direct,mkoenen,1440,0,Wenita Services,Accounting,68,0,1/10/2024
D200299,C100293,14/01/2025,,Open,PAYROLL_DIY,Payroll DIY,Partners,shao,3126,0,Pivot Partners,Healthcare,34,0,1/09/2024
D200300,C101497,18/03/2025,27/03/2025,Closed Won,ADD_ON_TKR,TKR Add-on,Direct,dt,211,0,Beta Ohomairangi Trust,Education,1,0,1/05/2025
D200301,C102613,8/07/2024,1/10/2024,Closed Won,PAYROLL_DIY,Payroll DIY,Direct,dt,2378,0,Kea Partners,Retail,2,1,1/11/2024
D200302,C103763,12/03/2025,13/05/2025,Closed Won,PAYROLL_DIY,Payroll DIY,Partners,shao,2617,0,Rimu Tui Services,Construction,78,0,1/06/2025
D200303,C103008,28/08/2024,8/09/2024,Closed Won,ADD_ON_TKR,TKR Add-on,Direct,unassigned,548,0,Kea Kea Group,Construction,21,0,1/10/2024
D200304,C102835,8/01/2024,,Open,PAYROLL_DIY,Payroll DIY,Partners,mkoenen,327,0,Rimu Partners,Retail,28,0,1/04/2024
D200305,C104733,13/02/2025,30/03/2025,Closed Won,ADD_ON_TKR,TKR Add-on,Partners,dt,580,0,Tui Co.,Retail,22,0,1/05/2025
D200306,C100094,29/11/2024,,Open,PM,People Management,Direct,dt,1095,0,Kauri Limited,Healthcare,38,1,1/05/2024
D200307,C103037,6/12/2024,1/01/2025,Closed Won,PAYROLL_MPS,Managed Payroll,Direct,unassigned,6146,0,Duncan Air Partners,Retail,27,0,1/01/2025
D200308,C102903,22/04/2024,,Open,PAYROLL_DIY,Payroll DIY,Direct,dt,2308,0,Beta Ltd,Legal,31,0,1/06/2025
D200309,C101879,15/02/2025,,Open,PAYROLL_DIY,Payroll DIY,Partners,unassigned,2206,0,Nimbus Beta Group,Retail,17,0,1/01/2025
D200310,C101166,24/05/2024,11/06/2024,Closed Won,ADD_ON_TKR,TKR Add-on,Partners,dt,910,0,Beta Co.,Legal,1,0,1/06/2024
D200311,C101413,9/08/2024,18/10/2024,Closed Lost,PAYROLL_DIY,Payroll DIY,Direct,dt,1737,0,Ohomairangi Limited,Retail,55,0,
D200312,C104671,23/08/2024,2/10/2024,Closed Won,ADD_ON_TKR,TKR Add-on,Partners,shao,1154,0,Kauri Co.,Healthcare,22,0,1/10/2024
D200313,C104079,10/08/2024,19/09/2024,Closed Won,PAYROLL_MPS,Managed Payroll,Direct,awong,2904,0,Rimu Wenita Partners,Accounting,1,0,1/10/2024
D200314,C103538,8/12/2024,,Open,PM,People Management,Direct,awong,2089,0,Eurotec Kea Partners,Legal,31,0,1/03/2025
D200315,C104482,16/01/2025,13/04/2025,Closed Lost,PAYROLL_DIY,Payroll DIY,Direct,shao,2713,0,Nimbus Harbour Partners,Legal,50,0,
D200316,C104456,30/03/2024,17/04/2024,Closed Won,PM,People Management,Partners,awong,358,0,Tui Limited,Legal,1,0,1/05/2024
D200317,C104652,4/05/2025,,Open,PAYROLL_DIY,Payroll DIY,Direct,unassigned,1534,0,Eurotec Services,Software,31,0,1/03/2025
D200318,C104059,18/09/2024,15/10/2024,Closed Won,PM,People Management,Partners,shao,1366,1,Kea Holdings,Healthcare,31,0,1/11/2024
D200319,C100098,26/10/2024,11/11/2024,Closed Won,PAYROLL_MPS,Managed Payroll,Partners,dinkster,4457,0,Beta Partners,Accounting,57,0,1/12/2024
D200320,C101202,10/05/2024,26/07/2024,Closed Lost,PM,People Management,Partners,unassigned,134,0,Ohomairangi Limited,Healthcare,8,0,
D200321,C104914,23/05/2025,21/07/2025,Closed Lost,ADD_ON_TKR,TKR Add-on,Partners,mkoenen,848,0,Kea Partners,Legal,35,0,
D200322,C103935,20/04/2025,7/05/2025,Closed Lost,PAYROLL_MPS,Managed Payroll,Direct,dt,1325,0,Kauri Partners,Education,20,0,
D200323,C103903,18/08/2024,4/10/2024,Closed Won,PAYROLL_DIY,Payroll DIY,Partners,dinkster,2145,0,Summit Eurotec Holdings,Education,84,1,1/11/2024
D200324,C103737,16/08/2024,24/10/2024,Closed Won,PAYROLL_DIY,Payroll DIY,Partners,dt,1764,0,Ohomairangi Trust,Legal,47,0,1/11/2024
D200325,C103968,22/11/2024,10/02/2025,Closed Won,PAYROLL_MPS,Managed Payroll,Direct,dt,3605,0,Duncan Air Group,Accounting,47,0,1/03/2025
D200326,C102284,9/11/2024,10/12/2024,Closed Lost,PAYROLL_MPS,Managed Payroll,Partners,awong,6318,0,Harbour Ltd,Manufacturing,1,0,
D200327,C103736,9/01/2024,16/01/2024,Closed Won,ADD_ON_TKR,TKR Add-on,Direct,dinkster,879,0,Pivot Alpha Limited,Retail,8,0,1/02/2024
D200328,C102941,22/12/2024,20/01/2025,Closed Lost,PM,People Management,Partners,dinkster,0,0,Tui Partners,Software,40,0,
D200329,C103384,11/04/2025,15/06/2025,Closed Won,PAYROLL_MPS,Managed Payroll,Direct,awong,5729,0,Duncan Air Co.,Healthcare,31,1,1/07/2025
D200330,C100074,10/10/2024,29/12/2024,Closed Won,PM,People Management,Partners,awong,1120,0,Alpha Rimu Services,Construction,1,0,1/01/2025
D200331,C100127,13/10/2024,16/10/2024,Closed Won,PM,People Management,Partners,mkoenen,1472,0,Summit Trust,Healthcare,1,0,1/11/2024
D200332,C101032,26/10/2024,29/12/2024,Closed Won,PAYROLL_DIY,Payroll DIY,Partners,dt,1920,0,Summit Duncan Air Ltd,Healthcare,18,1,1/02/2025
D200333,C101891,5/09/2024,4/11/2024,Closed Won,PAYROLL_DIY,Payroll DIY,Partners,unassigned,1905,0,Duncan Air Partners,Manufacturing,40,0,1/11/2024
D200334,C103081,9/03/2025,,Open,ADD_ON_TKR,TKR Add-on,Partners,dt,817,0,Nimbus Kea Partners,Healthcare,22,0,1/02/2025
D200335,C101864,9/06/2025,,Open,ADD_ON_TKR,TKR Add-on,Partners,dt,229,0,Eurotec Services,Software,8,0,1/07/2025
D200336,C102139,17/02/2025,,Open,PAYROLL_MPS,Managed Payroll,Partners,mkoenen,7696,0,Nimbus Ltd,Legal,1,0,1/05/2025
D200337,C104191,12/03/2025,,Open,PM,People Management,Direct,shao,2152,0,Pivot Harbour Ltd,Software,8,0,1/01/2025
D200338,C103044,9/04/2024,25/04/2024,Closed Won,PAYROLL_MPS,Managed Payroll,Partners,dinkster,3766,0,Tui Kauri Trust,Education,34,0,1/06/2024
D200339,C101620,7/06/2024,26/07/2024,Closed Won,ADD_ON_TKR,TKR Add-on,Partners,awong,813,0,Duncan Air Harbour Ltd,Accounting,77,0,1/08/2024
D200340,C102582,3/04/2024,,Open,PAYROLL_MPS,Managed Payroll,Direct,awong,4802,0,Alpha Duncan Air Limited,Retail,24,0,1/03/2025
D200341,C100221,20/05/2024,22/05/2024,Closed Won,ADD_ON_TKR,TKR Add-on,Direct,shao,894,0,Eurotec Partners,Construction,3,0,1/06/2024
D200342,C101053,29/06/2024,24/09/2024,Closed Won,PM,People Management,Partners,shao,1984,0,Kea Trust,Manufacturing,1,0,1/10/2024
D200343,C101639,28/09/2024,8/11/2024,Closed Lost,ADD_ON_TKR,TKR Add-on,Direct,awong,543,0,Duncan Air Holdings,Accounting,19,0,
D200344,C104676,14/11/2024,3/12/2024,Closed Won,ADD_ON_TKR,TKR Add-on,Direct,dt,630,0,Wenita Trust,Healthcare,15,0,1/01/2025
D200345,C101263,15/02/2025,9/05/2025,Closed Won,PM,People Management,Direct,dt,1792,0,Ohomairangi Harbour Partners,Retail,1,0,1/06/2025
D200346,C100257,6/07/2024,,Open,PAYROLL_MPS,Managed Payroll,Direct,dinkster,5347,0,Ohomairangi Group,Manufacturing,1,0,1/08/2025
D200347,C102730,24/06/2024,28/06/2024,Closed Won,PM,People Management,Direct,mkoenen,561,0,Duncan Air Holdings,Retail,1,0,1/07/2024
D200348,C103695,4/08/2024,11/09/2024,Closed Won,PAYROLL_MPS,Managed Payroll,Partners,shao,1792,0,Atlas Ltd,Legal,71,0,1/10/2024
D200349,C102167,8/09/2024,2/11/2024,Closed Won,PM,People Management,Direct,awong,1233,0,Wenita Holdings,Software,30,0,1/12/2024
D200350,C102438,20/03/2025,14/06/2025,Closed Won,ADD_ON_TKR,TKR Add-on,Partners,dinkster,216,0,Beta Holdings,Healthcare,1,0,1/07/2025
D200351,C102377,23/01/2025,5/02/2025,Closed Won,PAYROLL_MPS,Managed Payroll,Direct,awong,2154,0,Tui Limited,Manufacturing,66,0,1/03/2025
D200352,C102901,21/07/2024,27/07/2024,Closed Lost,PAYROLL_DIY,Payroll DIY,Partners,awong,2807,0,Kea Trust,Manufacturing,40,0,
D200353,C102071,24/04/2025,6/07/2025,Closed Won,PAYROLL_MPS,Managed Payroll,Partners,shao,1146,0,Nimbus Beta Holdings,Education,1,0,1/07/2025
D200354,C101018,7/02/2025,,Open,PAYROLL_MPS,Managed Payroll,Direct,dinkster,4182,0,Atlas Ltd,Manufacturing,1,0,1/01/2025
D200355,C104894,4/06/2025,,Open,PM,People Management,Partners,shao,0,0,Beta Co.,Software,1,0,1/07/2024
D200356,C103501,2/04/2024,,Open,ADD_ON_TKR,TKR Add-on,Partners,dt,1106,0,Atlas Ltd,Manufacturing,1,0,1/03/2024
D200357,C102900,12/04/2025,27/04/2025,Closed Lost,PAYROLL_MPS,Managed Payroll,Partners,unassigned,3399,0,Pivot Limited,Retail,14,0,
D200358,C101177,25/03/2025,1/06/2025,Closed Lost,PAYROLL_MPS,Managed Payroll,Direct,shao,5638,0,Wenita Services,Manufacturing,1,0,
D200359,C101059,2/05/2025,1/07/2025,Closed Won,ADD_ON_TKR,TKR Add-on,Partners,unassigned,841,0,Ohomairangi Wenita Group,Education,17,0,1/08/2025
D200360,C102755,10/01/2025,31/01/2025,Closed Won,ADD_ON_TKR,TKR Add-on,Direct,dt,845,0,Kauri Partners,Retail,30,0,1/02/2025
D200361,C104940,14/06/2024,6/09/2024,Closed Won,PM,People Management,Partners,dt,1206,0,Harbour Beta Group,Software,41,0,1/09/2024
D200362,C103623,6/03/2025,10/04/2025,Closed Won,PAYROLL_MPS,Managed Payroll,Direct,dt,4921,0,Ohomairangi Alpha Limited,Retail,1,0,1/05/2025
D200363,C101091,27/03/2025,24/04/2025,Closed Won,ADD_ON_TKR,TKR Add-on,Direct,awong,1453,1,Atlas Holdings,Education,40,0,1/05/2025
D200364,C103612,18/06/2024,13/07/2024,Closed Won,PM,People Management,Partners,dt,1482,0,Harbour Eurotec Co.,Accounting,20,0,1/08/2024
D200365,C102920,2/05/2025,6/05/2025,Closed Won,PM,People Management,Direct,awong,103,0,Alpha Services,Retail,27,0,1/05/2025
D200366,C104655,5/01/2025,26/03/2025,Closed Won,PAYROLL_MPS,Managed Payroll,Direct,mkoenen,5032,0,Ohomairangi Co.,Legal,1,0,1/04/2025
D200367,C102254,28/03/2024,3/06/2024,Closed Lost,PM,People Management,Direct,shao,2888,0,Beta Beta Partners,Software,12,0,
D200368,C100219,22/06/2025,31/08/2025,Closed Won,PAYROLL_DIY,Payroll DIY,Direct,dt,3093,0,Harbour Services,Accounting,1,0,1/10/2025
D200369,C100993,18/06/2025,24/07/2025,Closed Lost,PM,People Management,Direct,shao,1350,0,Summit Holdings,Legal,65,0,
D200370,C100309,14/05/2024,24/05/2024,Closed Won,PM,People Management,Partners,dinkster,1236,0,Tui Wenita Limited,Legal,1,0,1/06/2024
D200371,C104307,28/02/2024,,Open,PAYROLL_DIY,Payroll DIY,Partners,awong,1586,0,Summit Kea Holdings,Healthcare,1,0,1/08/2025
D200372,C100997,14/08/2024,,Open,PAYROLL_DIY,Payroll DIY,Partners,dt,1160,0,Nimbus Services,Software,55,0,1/06/2024
D200373,C104433,12/12/2024,,Open,PAYROLL_DIY,Payroll DIY,Partners,dt,924,0,Beta Kea Partners,Legal,23,0,1/04/2025
D200374,C103585,29/06/2024,,Open,ADD_ON_TKR,TKR Add-on,Partners,dt,355,0,Ohomairangi Holdings,Construction,37,0,1/10/2024
D200375,C101022,21/10/2024,,Open,PAYROLL_MPS,Managed Payroll,Direct,dinkster,5035,0,Eurotec Tui Group,Manufacturing,29,0,1/07/2025
D200376,C102653,17/02/2024,16/05/2024,Closed Lost,PM,People Management,Partners,shao,1173,0,Atlas Co.,Healthcare,1,1,
D200377,C104702,20/10/2024,8/12/2024,Closed Won,ADD_ON_TKR,TKR Add-on,Partners,awong,1061,0,Summit Services,Construction,9,0,1/01/2025
D200378,C104184,3/01/2025,2/03/2025,Closed Won,PM,People Management,Direct,awong,1812,0,Harbour Partners,Software,6,1,1/03/2025
D200379,C104128,3/04/2025,26/06/2025,Closed Lost,ADD_ON_TKR,TKR Add-on,Partners,shao,629,0,Beta Limited,Manufacturing,35,0,1/07/2025
D200380,C101742,22/04/2024,27/05/2024,Closed Won,PM,People Management,Direct,dinkster,1104,0,Atlas Limited,Education,41,1,1/06/2024
D200381,C104826,24/07/2024,2/08/2024,Closed Won,ADD_ON_TKR,TKR Add-on,Partners,mkoenen,825,0,Nimbus Services,Software,30,0,1/08/2024
D200382,C100411,13/08/2024,3/09/2024,Closed Lost,ADD_ON_TKR,TKR Add-on,Direct,dinkster,246,0,Kea Co.,Software,3,0,
D200383,C101264,12/09/2024,22/11/2024,Closed Won,PM,People Management,Partners,unassigned,2151,0,Wenita Ltd,Construction,1,0,1/12/2024
D200384,C102498,4/07/2024,23/08/2024,Closed Won,ADD_ON_TKR,TKR Add-on,Direct,awong,1296,0,Tui Atlas Group,Manufacturing,70,0,1/09/2024
D200385,C103336,17/02/2024,15/03/2024,Closed Lost,PAYROLL_DIY,Payroll DIY,Direct,dinkster,341,0,Tui Kauri Services,Retail,29,0,
D200386,C102771,12/07/2024,16/09/2024,Closed Won,PM,People Management,Partners,unassigned,1827,0,Nimbus Rimu Co.,Retail,64,0,1/10/2024
D200387,C100226,25/05/2025,,Open,ADD_ON_TKR,TKR Add-on,Direct,awong,453,0,Duncan Air Partners,Manufacturing,70,0,1/04/2025
D200388,C101962,10/09/2024,,Open,PAYROLL_DIY,Payroll DIY,Direct,dinkster,2501,0,Ohomairangi Nimbus Limited,Software,1,0,1/05/2025
D200389,C101613,31/01/2025,11/02/2025,Closed Lost,ADD_ON_TKR,TKR Add-on,Direct,dt,457,0,Wenita Limited,Construction,67,0,
D200390,C102930,4/05/2025,12/06/2025,Closed Lost,PAYROLL_DIY,Payroll DIY,Partners,dinkster,1376,0,Nimbus Co.,Healthcare,1,0,
D200391,C104091,10/11/2024,2/12/2024,Closed Won,ADD_ON_TKR,TKR Add-on,Partners,shao,878,0,Ohomairangi Group,Accounting,38,0,1/12/2024
D200392,C101418,4/03/2025,7/04/2025,Closed Won,PAYROLL_MPS,Managed Payroll,Direct,unassigned,5025,0,Harbour Trust,Education,16,0,1/04/2025
D200393,C101304,5/05/2024,9/05/2024,Closed Won,PAYROLL_DIY,Payroll DIY,Partners,unassigned,3581,1,Kauri Duncan Air Group,Education,35,0,1/05/2024
D200394,C102237,7/06/2025,22/07/2025,Closed Won,ADD_ON_TKR,TKR Add-on,Partners,mkoenen,703,0,Beta Wenita Limited,Education,86,0,1/07/2025
D200395,C100057,30/10/2024,9/01/2025,Closed Won,PAYROLL_MPS,Managed Payroll,Direct,awong,3319,0,Kauri Co.,Accounting,15,0,1/02/2025
D200396,C103687,13/02/2025,,Open,ADD_ON_TKR,TKR Add-on,Partners,mkoenen,922,0,Rimu Summit Partners,Retail,37,0,1/11/2024
D200397,C102801,23/05/2024,2/07/2024,Closed Lost,PM,People Management,Partners,shao,1168,0,Rimu Limited,Accounting,40,0,
D200398,C104254,21/05/2025,5/08/2025,Closed Won,ADD_ON_TKR,TKR Add-on,Direct,mkoenen,825,0,Nimbus Limited,Legal,31,0,1/09/2025
D200399,C100332,28/02/2025,,Open,PAYROLL_MPS,Managed Payroll,Partners,unassigned,4362,0,Ohomairangi Pivot Holdings,Healthcare,55,0,1/05/2024
D200400,C100505,24/01/2025,,Open,PAYROLL_MPS,Managed Payroll,Partners,mkoenen,2838,0,Kea Eurotec Partners,Accounting,1,0,1/07/2025
D200401,C102024,26/02/2024,6/05/2024,Closed Won,PAYROLL_MPS,Managed Payroll,Direct,shao,3404,0,Atlas Wenita Trust,Manufacturing,28,0,1/06/2024
D200402,C102153,22/01/2024,24/02/2024,Closed Won,PM,People Management,Partners,dt,1014,0,Duncan Air Tui Trust,Construction,1,0,1/04/2024
D200403,C101579,25/02/2025,30/03/2025,Closed Lost,PM,People Management,Partners,unassigned,669,0,Harbour Ltd,Retail,30,0,
D200404,C104684,23/07/2024,20/09/2024,Closed Lost,PAYROLL_DIY,Payroll DIY,Direct,dinkster,690,0,Tui Eurotec Services,Manufacturing,63,0,
D200405,C101665,29/12/2024,8/03/2025,Closed Lost,ADD_ON_TKR,TKR Add-on,Partners,awong,1054,0,Kauri Co.,Software,6,0,
D200406,C103170,17/02/2024,4/05/2024,Closed Lost,PAYROLL_DIY,Payroll DIY,Partners,shao,781,0,Beta Eurotec Ltd,Construction,7,0,
D200407,C104848,19/07/2024,15/10/2024,Closed Won,PM,People Management,Direct,mkoenen,688,0,Harbour Wenita Co.,Education,65,0,1/10/2024
D200408,C103556,7/05/2025,24/07/2025,Closed Lost,PAYROLL_DIY,Payroll DIY,Direct,awong,2228,0,Kea Limited,Manufacturing,37,0,
D200409,C102562,10/05/2024,,Open,PAYROLL_MPS,Managed Payroll,Partners,shao,1959,0,Pivot Pivot Limited,Manufacturing,22,0,1/05/2024
D200410,C100616,12/02/2024,29/03/2024,Closed Lost,ADD_ON_TKR,TKR Add-on,Direct,dinkster,579,0,Kauri Summit Group,Retail,57,0,1/04/2024
D200411,C103481,21/02/2025,24/03/2025,Closed Won,PAYROLL_MPS,Managed Payroll,Partners,awong,4864,0,Harbour Trust,Retail,58,0,1/04/2025
D200412,C104411,3/04/2024,,Open,PAYROLL_DIY,Payroll DIY,Direct,awong,2937,0,Atlas Holdings,Retail,1,0,1/06/2024
D200413,C102241,12/06/2024,19/07/2024,Closed Won,PM,People Management,Direct,dinkster,923,0,Duncan Air Ltd,Retail,42,1,1/08/2024
D200414,C102021,7/07/2024,20/09/2024,Closed Won,ADD_ON_TKR,TKR Add-on,Direct,shao_tmp,1041,0,Summit Trust,Retail,46,0,1/10/2024
D200415,C100788,27/06/2024,9/08/2024,Closed Won,PAYROLL_MPS,Managed Payroll,Direct,mkoenen,3581,0,Alpha Nimbus Co.,Software,1,0,1/08/2024
D200416,C103259,7/03/2024,3/05/2024,Closed Won,PM,People Management,Partners,shao,1643,0,Rimu Ltd,Legal,62,0,1/05/2024
D200417,C103506,18/04/2024,15/07/2024,Closed Won,PAYROLL_MPS,Managed Payroll,Direct,dt,3431,0,Summit Pivot Services,Software,18,0,1/07/2024
D200418,C101137,11/03/2024,2/06/2024,Closed Won,PAYROLL_DIY,Payroll DIY,Direct,dinkster,1800,0,Eurotec Trust,Manufacturing,57,0,1/07/2024
D200419,C102707,31/05/2025,7/07/2025,Closed Won,ADD_ON_TKR,TKR Add-on,Partners,shao,928,0,Ohomairangi Trust,Education,27,1,1/07/2025
D200420,C104945,14/02/2024,29/02/2024,Closed Won,PAYROLL_DIY,Payroll DIY,Direct,mkoenen,1519,0,Summit Partners,Construction,50,0,1/03/2024
D200421,C101480,27/03/2024,,Open,PAYROLL_DIY,Payroll DIY,Partners,unassigned,993,0,Kea Holdings,Construction,16,0,1/05/2025
D200422,C102664,31/03/2024,6/05/2024,Closed Won,PM,People Management,Direct,mkoenen,1151,0,Kea Co.,Construction,36,0,1/05/2024
D200423,C103427,5/04/2024,26/04/2024,Closed Won,PAYROLL_DIY,Payroll DIY,Direct,mkoenen,2480,0,Harbour Ltd,Construction,20,0,1/05/2024
D200424,C101957,22/11/2024,27/01/2025,Closed Won,PAYROLL_DIY,Payroll DIY,Partners,dt,3678,0,Atlas Partners,Construction,4,0,1/02/2025
D200425,C100116,14/02/2024,22/02/2024,Closed Lost,ADD_ON_TKR,TKR Add-on,Direct,unassigned,1108,0,Eurotec Harbour Holdings,Retail,1,0,
D200426,C103898,1/04/2025,,Open,PM,People Management,Partners,dinkster,1644,0,Atlas Group,Software,13,0,1/07/2025
D200427,C101976,23/10/2024,16/12/2024,Closed Won,PAYROLL_MPS,Managed Payroll,Direct,shao,6854,0,Eurotec Co.,Education,35,0,1/01/2025
D200428,C103384,25/06/2025,4/07/2025,Closed Won,PM,People Management,Partners,unassigned,1576,0,Duncan Air Co.,Healthcare,31,1,1/07/2025
D200429,C104216,10/01/2025,15/03/2025,Closed Won,ADD_ON_TKR,TKR Add-on,Partners,dinkster,1038,0,Harbour Kauri Partners,Legal,31,0,1/04/2025
D200430,C100103,12/02/2024,,Open,PAYROLL_MPS,Managed Payroll,Direct,mkoenen,2291,0,Eurotec Tui Partners,Manufacturing,35,0,1/03/2024
D200431,C101144,31/03/2024,21/04/2024,Closed Won,PAYROLL_MPS,Managed Payroll,Direct,dinkster,3310,0,Harbour Trust,Retail,17,0,1/06/2024
D200432,C101621,9/04/2025,9/05/2025,Closed Lost,ADD_ON_TKR,TKR Add-on,Partners,mkoenen,1062,0,Wenita Partners,Legal,33,0,
D200433,C103865,17/02/2024,17/03/2024,Closed Won,ADD_ON_TKR,TKR Add-on,Direct,shao,1133,0,Kea Co.,Manufacturing,105,0,1/04/2024
D200434,C101217,14/11/2024,,Open,PAYROLL_MPS,Managed Payroll,Direct,shao,9602,0,Ohomairangi Eurotec Trust,Retail,34,0,1/04/2025
D200435,C104651,7/02/2025,,Open,PM,People Management,Direct,mkoenen,2138,0,Rimu Limited,Healthcare,43,0,1/07/2025
D200436,C101623,25/02/2024,,Open,ADD_ON_TKR,TKR Add-on,Direct,unassigned,357,0,Nimbus Co.,Healthcare,65,0,1/10/2024
D200437,C103590,1/06/2025,10/07/2025,Closed Won,ADD_ON_TKR,TKR Add-on,Partners,mkoenen,803,0,Harbour Ltd,Retail,37,0,1/08/2025
D200438,C100039,12/11/2024,4/01/2025,Closed Won,PAYROLL_MPS,Managed Payroll,Partners,nobody,2536,0,Alpha Partners,Accounting,44,1,1/01/2025
D200439,C101510,21/01/2025,9/02/2025,Closed Won,PAYROLL_MPS,Managed Payroll,Direct,dinkster,3295,0,Beta Partners,Manufacturing,11,0,1/03/2025
D200440,C103382,18/06/2024,26/06/2024,Closed Won,PM,People Management,Partners,shao,1248,0,Duncan Air Limited,Healthcare,37,0,1/07/2024
D200441,C100863,17/02/2024,27/03/2024,Closed Won,ADD_ON_TKR,TKR Add-on,Direct,dt,1369,0,Alpha Limited,Retail,1,0,1/04/2024
D200442,C103163,16/06/2025,16/08/2025,Closed Lost,PAYROLL_MPS,Managed Payroll,Partners,dinkster,6902,0,Rimu Holdings,Accounting,37,0,
D200443,C102950,26/03/2024,20/05/2024,Closed Won,PM,People Management,Partners,awong,557,0,Kea Pivot Ltd,Construction,46,1,1/06/2024
D200444,C101927,13/04/2024,22/06/2024,Closed Won,PAYROLL_DIY,Payroll DIY,Direct,mkoenen,628,0,Wenita Holdings,Software,28,0,1/07/2024
D200445,C101666,20/05/2025,,Open,PAYROLL_MPS,Managed Payroll,Direct,awong,4740,0,Rimu Services,Software,51,0,1/02/2025
D200446,C100628,29/01/2025,4/04/2025,Closed Won,PM,People Management,Direct,nobody,699,0,Alpha Limited,Accounting,17,1,1/05/2025
D200447,C103235,10/08/2024,17/09/2024,Closed Lost,PAYROLL_DIY,Payroll DIY,Direct,awong,1387,0,Harbour Limited,Software,36,0,
D200448,C103493,10/05/2025,25/05/2025,Closed Won,PAYROLL_MPS,Managed Payroll,Partners,nobody,4299,0,Rimu Ltd,Healthcare,15,0,1/07/2025
D200449,C104712,15/01/2024,16/01/2024,Closed Won,PAYROLL_DIY,Payroll DIY,Direct,mkoenen,3126,0,Summit Holdings,Legal,20,0,1/01/2024
D200450,C102408,12/11/2024,15/12/2024,Closed Won,PAYROLL_MPS,Managed Payroll,Partners,awong,3671,0,Tui Summit Services,Retail,1,0,1/01/2025
D200451,C100479,8/04/2025,9/06/2025,Closed Won,PAYROLL_MPS,Managed Payroll,Direct,awong,6589,0,Wenita Trust,Construction,24,0,1/07/2025
D200452,C104257,10/01/2024,,Open,PAYROLL_MPS,Managed Payroll,Partners,unassigned,4815,0,Atlas Partners,Accounting,22,0,1/10/2024
D200453,C100103,26/01/2024,12/04/2024,Closed Won,PAYROLL_MPS,Managed Payroll,Direct,dinkster,5481,0,Eurotec Tui Partners,Manufacturing,35,0,1/04/2024
D200454,C103693,28/01/2025,16/02/2025,Closed Won,PAYROLL_DIY,Payroll DIY,Direct,awong,987,0,Ohomairangi Group,Education,25,0,1/03/2025
D200455,C101762,20/06/2024,,Open,ADD_ON_TKR,TKR Add-on,Direct,awong,875,0,Alpha Beta Ltd,Healthcare,2,0,1/12/2024
D200456,C103547,24/04/2025,,Open,ADD_ON_TKR,TKR Add-on,Direct,nobody,562,0,Summit Summit Trust,Legal,40,0,1/07/2024
D200457,C103541,29/03/2025,1/04/2025,Closed Won,PAYROLL_MPS,Managed Payroll,Direct,awong,6365,0,Eurotec Rimu Holdings,Education,1,0,1/05/2025
D200458,C101709,24/01/2024,20/04/2024,Closed Won,PAYROLL_DIY,Payroll DIY,Partners,shao,1858,0,Harbour Co.,Construction,44,0,1/05/2024
D200459,C100021,24/06/2025,4/08/2025,Closed Won,PAYROLL_MPS,Managed Payroll,Partners,mkoenen,3469,0,Pivot Holdings,Healthcare,24,0,1/08/2025
D200460,C103703,18/05/2025,19/05/2025,Closed Won,PAYROLL_MPS,Managed Payroll,Direct,unassigned,4035,0,Kauri Group,Construction,24,0,1/06/2025
D200461,C100063,27/03/2024,17/04/2024,Closed Won,ADD_ON_TKR,TKR Add-on,Direct,mkoenen,910,0,Tui Ltd,Construction,77,0,1/05/2024
D200462,C104626,27/01/2024,25/04/2024,Closed Won,PAYROLL_MPS,Managed Payroll,Direct,awong,6354,0,Summit Co.,Manufacturing,15,0,1/05/2024
D200463,C103140,30/06/2025,18/09/2025,Closed Won,PAYROLL_DIY,Payroll DIY,Partners,awong,3208,0,Alpha Duncan Air Services,Healthcare,42,0,1/10/2025
D200464,C102237,1/05/2025,,Open,PAYROLL_DIY,Payroll DIY,Partners,awong,819,0,Beta Wenita Limited,Education,86,0,1/05/2024
D200465,C104179,19/02/2025,,Open,PAYROLL_DIY,Payroll DIY,Direct,dinkster,3121,0,Duncan Air Atlas Ltd,Software,1,0,1/05/2025
D200466,C102439,23/03/2024,,Open,PAYROLL_DIY,Payroll DIY,Direct,awong,2734,0,Duncan Air Ltd,Retail,1,0,1/04/2024
D200467,C103294,20/04/2025,30/04/2025,Closed Won,PM,People Management,Direct,dinkster,277,0,Kea Co.,Software,34,0,1/05/2025
D200468,C100774,5/04/2025,18/05/2025,Closed Won,PAYROLL_DIY,Payroll DIY,Partners,mkoenen,2795,0,Ohomairangi Holdings,Construction,27,1,1/06/2025
D200469,C101884,8/11/2024,29/11/2024,Closed Won,ADD_ON_TKR,TKR Add-on,Partners,unassigned,406,0,Harbour Services,Legal,11,0,1/12/2024
D200470,C104817,5/07/2024,11/09/2024,Closed Won,ADD_ON_TKR,TKR Add-on,Direct,dinkster,1795,0,Eurotec Co.,Retail,70,0,1/10/2024
D200471,C102780,28/04/2025,,Open,PAYROLL_DIY,Payroll DIY,Direct,unassigned,1495,0,Kea Partners,Retail,1,0,1/08/2024
D200472,C104120,14/02/2025,12/03/2025,Closed Lost,PM,People Management,Partners,dinkster,1000,0,Ohomairangi Holdings,Accounting,45,1,
D200473,C103218,21/12/2024,21/01/2025,Closed Won,PAYROLL_DIY,Payroll DIY,Partners,unassigned,1189,0,Rimu Limited,Accounting,82,0,1/01/2025
D200474,C101849,28/08/2024,,Open,PAYROLL_DIY,Payroll DIY,Partners,unassigned,1298,0,Eurotec Limited,Retail,17,0,1/09/2024
D200475,C102144,16/05/2024,6/07/2024,Closed Won,PAYROLL_MPS,Managed Payroll,Partners,unassigned,4932,0,Kea Kauri Limited,Manufacturing,1,0,1/08/2024
D200476,C104326,5/03/2025,2/04/2025,Closed Won,PAYROLL_MPS,Managed Payroll,Partners,mkoenen,1732,0,Rimu Co.,Software,70,0,1/05/2025
D200477,C102510,27/07/2024,3/09/2024,Closed Won,PAYROLL_MPS,Managed Payroll,Direct,awong,7041,0,Rimu Wenita Group,Healthcare,20,0,1/09/2024
D200478,C102723,4/05/2025,26/05/2025,Closed Lost,PAYROLL_DIY,Payroll DIY,Partners,shao,1027,0,Beta Eurotec Co.,Legal,24,1,
D200479,C100911,5/05/2024,,Open,ADD_ON_TKR,TKR Add-on,Partners,mkoenen,1128,0,Duncan Air Ltd,Healthcare,26,0,1/08/2024
D200480,C101458,28/05/2025,,Open,PAYROLL_MPS,Managed Payroll,Partners,mkoenen,2505,0,Wenita Group,Education,69,0,1/07/2025
D200481,C104668,1/05/2024,2/05/2024,Closed Won,PAYROLL_DIY,Payroll DIY,Partners,dinkster,776,0,Wenita Trust,Software,30,0,1/06/2024
D200482,C101804,11/10/2024,23/12/2024,Closed Won,PAYROLL_MPS,Managed Payroll,Direct,awong,5185,0,Ohomairangi Ohomairangi Group,Education,30,0,1/01/2025
D200483,C104121,3/04/2024,25/05/2024,Closed Won,PM,People Management,Direct,unassigned,962,0,Kea Holdings,Healthcare,1,0,1/06/2024
D200484,C101684,18/02/2024,,Open,PAYROLL_DIY,Payroll DIY,Partners,unassigned,1697,0,Nimbus Services,Manufacturing,52,0,1/10/2024
D200485,C104873,27/02/2025,26/04/2025,Closed Won,PM,People Management,Direct,shao,401,0,Nimbus Services,Accounting,1,0,1/05/2025
D200486,C100302,30/01/2025,26/03/2025,Closed Won,PAYROLL_DIY,Payroll DIY,Partners,mkoenen,3346,0,Wenita Rimu Co.,Software,59,1,1/05/2025
D200487,C100666,1/03/2025,3/04/2025,Closed Won,PAYROLL_DIY,Payroll DIY,Direct,mkoenen,2959,0,Kea Co.,Healthcare,47,0,1/05/2025
D200488,C104189,20/08/2024,4/09/2024,Closed Lost,PAYROLL_MPS,Managed Payroll,Direct,dt,4154,0,Alpha Holdings,Accounting,1,0,
D200489,C103785,8/02/2025,,Open,ADD_ON_TKR,TKR Add-on,Partners,shao,245,0,Duncan Air Co.,Construction,40,0,1/02/2025
D200490,C102209,19/05/2024,21/05/2024,Closed Won,ADD_ON_TKR,TKR Add-on,Direct,mkoenen,389,0,Duncan Air Services,Software,35,0,1/06/2024
D200491,C104250,25/11/2024,10/02/2025,Closed Lost,PM,People Management,Partners,dinkster,1069,0,Ohomairangi Group,Healthcare,55,0,
D200492,C104012,30/05/2025,29/06/2025,Closed Won,PAYROLL_DIY,Payroll DIY,Partners,dinkster,1146,0,Kea Ohomairangi Group,Construction,46,0,1/07/2025
D200493,C103559,17/01/2024,7/04/2024,Closed Won,PAYROLL_DIY,Payroll DIY,Direct,dinkster,769,0,Tui Group,Healthcare,65,0,1/04/2024
D200494,C102299,23/08/2024,23/09/2024,Closed Lost,PM,People Management,Partners,unassigned,732,0,Duncan Air Partners,Construction,31,0,
D200495,C103138,11/03/2025,30/05/2025,Closed Lost,ADD_ON_TKR,TKR Add-on,Direct,dinkster,1199,0,Pivot Co.,Healthcare,1,0,
D200496,C103982,30/11/2024,,Open,PAYROLL_MPS,Managed Payroll,Direct,awong,1819,0,Alpha Services,Manufacturing,14,0,1/08/2024
D200497,C102340,16/04/2024,3/05/2024,Closed Won,PM,People Management,Partners,dt,1766,0,Duncan Air Limited,Construction,33,0,1/05/2024
D200498,C103320,17/01/2025,7/02/2025,Closed Won,PM,People Management,Direct,mkoenen,1706,0,Duncan Air Group,Manufacturing,32,0,1/03/2025
D200499,C102969,26/11/2024,25/12/2024,Closed Won,ADD_ON_TKR,TKR Add-on,Partners,dt,678,0,Kea Summit Partners,Legal,35,0,1/01/2025
D200500,C100622,23/06/2024,5/08/2024,Closed Won,PM,People Management,Partners,mkoenen,2035,0,Duncan Air Partners,Retail,1,0,1/09/2024
D200501,C103934,28/06/2024,9/09/2024,Closed Lost,ADD_ON_TKR,TKR Add-on,Partners,shao,986,0,Harbour Partners,Legal,14,0,
D200502,C104790,24/02/2024,24/03/2024,Closed Won,PM,People Management,Partners,awong,1180,0,Summit Co.,Software,54,0,1/04/2024
D200503,C101175,28/02/2025,10/04/2025,Closed Lost,ADD_ON_TKR,TKR Add-on,Partners,shao,972,0,Beta Wenita Trust,Construction,81,0,
D200504,C104982,8/05/2025,9/06/2025,Closed Won,PM,People Management,Direct,dt,1636,0,Kauri Nimbus Holdings,Software,58,0,1/07/2025
D200505,C101152,23/01/2024,24/02/2024,Closed Won,PAYROLL_MPS,Managed Payroll,Partners,mkoenen,5842,0,Pivot Services,Software,1,0,1/03/2024
D200506,C104270,2/07/2024,16/08/2024,Closed Lost,PAYROLL_MPS,Managed Payroll,Direct,unassigned,3513,0,Beta Trust,Construction,39,0,
D200507,C103150,19/02/2024,,Open,PAYROLL_MPS,Managed Payroll,Direct,awong,1389,0,Tui Holdings,Manufacturing,14,0,1/03/2025
D200508,C102468,12/09/2024,7/11/2024,Closed Won,PAYROLL_DIY,Payroll DIY,Direct,nobody,2000,0,Eurotec Ltd,Software,64,0,1/11/2024
D200509,C100547,2/02/2024,27/03/2024,Closed Lost,ADD_ON_TKR,TKR Add-on,Partners,mkoenen,1069,0,Tui Co.,Construction,85,0,
D200510,C102802,12/04/2025,28/05/2025,Closed Won,PM,People Management,Partners,dinkster,1198,0,Eurotec Holdings,Retail,55,0,1/06/2025
D200511,C102048,25/07/2024,9/08/2024,Closed Won,PAYROLL_DIY,Payroll DIY,Direct,shao,4108,0,Rimu Trust,Healthcare,3,0,1/09/2024
D200512,C104402,18/05/2024,19/06/2024,Closed Won,PAYROLL_MPS,Managed Payroll,Direct,shao,9330,0,Eurotec Co.,Legal,37,0,1/06/2024
D200513,C103805,24/01/2024,26/02/2024,Closed Won,PAYROLL_DIY,Payroll DIY,Partners,shao,2831,0,Tui Ltd,Legal,17,1,1/04/2024
D200514,C101010,31/10/2024,4/01/2025,Closed Won,ADD_ON_TKR,TKR Add-on,Partners,shao,1802,0,Pivot Holdings,Healthcare,46,0,1/01/2025
D200515,C101112,9/04/2025,23/06/2025,Closed Lost,ADD_ON_TKR,TKR Add-on,Direct,awong,664,0,Ohomairangi Group,Education,62,0,
D200516,C103915,21/06/2024,15/09/2024,Closed Won,PAYROLL_DIY,Payroll DIY,Direct,shao,994,0,Beta Partners,Manufacturing,1,0,1/10/2024
D200517,C104474,4/07/2024,10/09/2024,Closed Won,PAYROLL_DIY,Payroll DIY,Partners,dt,2758,0,Ohomairangi Harbour Services,Retail,2,0,1/10/2024
D200518,C104783,9/10/2024,29/11/2024,Closed Won,PM,People Management,Partners,mkoenen,1258,0,Harbour Partners,Education,1,0,1/12/2024
D200519,C102483,8/06/2024,,Open,ADD_ON_TKR,TKR Add-on,Partners,dt,1328,0,Kauri Beta Services,Legal,45,0,1/09/2025
D200520,C104113,26/04/2025,,Open,PM,People Management,Direct,awong,1029,0,Kauri Co.,Construction,63,0,1/05/2024
D200521,C101871,9/03/2025,31/05/2025,Closed Won,PM,People Management,Direct,unassigned,1253,0,Kea Trust,Software,69,0,1/06/2025
D200522,C100628,17/04/2025,22/04/2025,Closed Won,ADD_ON_TKR,TKR Add-on,Direct,dinkster,711,1,Alpha Limited,Accounting,17,1,1/05/2025
D200523,C103992,10/05/2024,,Open,PAYROLL_DIY,Payroll DIY,Partners,dinkster,1423,0,Harbour Holdings,Legal,1,0,1/05/2024
D200524,C101467,29/05/2025,23/08/2025,Closed Lost,PAYROLL_MPS,Managed Payroll,Direct,dt,5738,0,Duncan Air Co.,Software,1,0,
D200525,C100427,9/03/2025,,Open,ADD_ON_TKR,TKR Add-on,Direct,dinkster,584,0,Eurotec Holdings,Manufacturing,1,0,1/09/2024
D200526,C103406,2/03/2025,25/04/2025,Closed Won,ADD_ON_TKR,TKR Add-on,Partners,awong,790,0,Nimbus Eurotec Trust,Healthcare,44,0,1/05/2025
D200527,C103035,17/11/2024,9/01/2025,Closed Won,PAYROLL_DIY,Payroll DIY,Direct,shao,908,0,Beta Co.,Retail,82,0,1/01/2025
D200528,C103042,17/03/2024,4/05/2024,Closed Won,ADD_ON_TKR,TKR Add-on,Partners,awong,1184,0,Kea Ltd,Manufacturing,7,0,1/06/2024
D200529,C102555,1/02/2025,13/04/2025,Closed Lost,PM,People Management,Partners,dt,1946,0,Summit Co.,Healthcare,110,0,
D200530,C101623,28/03/2024,26/04/2024,Closed Lost,PAYROLL_DIY,Payroll DIY,Partners,shao,1570,0,Nimbus Co.,Healthcare,65,0,
D200531,C101478,21/12/2024,,Open,PAYROLL_DIY,Payroll DIY,Partners,dinkster_tmp,937,0,Duncan Air Holdings,Healthcare,76,0,1/03/2025
D200532,C103320,11/01/2024,1/03/2024,Closed Won,PAYROLL_MPS,Managed Payroll,Direct,dt,5217,0,Duncan Air Group,Manufacturing,32,0,1/03/2024
D200533,C102972,20/12/2024,8/02/2025,Closed Won,PAYROLL_DIY,Payroll DIY,Partners,shao,1287,0,Tui Ltd,Construction,35,0,1/03/2025
D200534,C102890,17/05/2025,7/07/2025,Closed Won,PM,People Management,Direct,dt,0,0,Tui Services,Legal,21,0,1/07/2025
D200535,C101305,25/04/2025,23/05/2025,Closed Won,PAYROLL_MPS,Managed Payroll,Partners,dt,4220,0,Atlas Holdings,Accounting,52,0,1/06/2025
D200536,C102661,10/05/2024,9/06/2024,Closed Lost,PM,People Management,Partners,awong,1201,0,Beta Services,Construction,7,0,
D200537,C100027,15/03/2025,,Open,PM,People Management,Partners,shao,1103,0,Summit Limited,Education,51,0,1/04/2025
D200538,C100524,15/04/2024,6/05/2024,Closed Won,PAYROLL_DIY,Payroll DIY,Partners,mkoenen,2989,0,Duncan Air Services,Accounting,1,0,1/05/2024
D200539,C102488,6/05/2025,16/05/2025,Closed Won,PAYROLL_MPS,Managed Payroll,Direct,mkoenen,3085,0,Kea Ltd,Legal,57,0,1/06/2025
D200540,C104025,20/02/2024,16/05/2024,Closed Lost,PM,People Management,Direct,shao,932,0,Kauri Partners,Education,15,0,
D200541,C101272,13/09/2024,30/09/2024,Closed Lost,ADD_ON_TKR,TKR Add-on,Partners,mkoenen,603,0,Atlas Ltd,Legal,1,0,
D200542,C102044,25/02/2024,30/04/2024,Closed Won,ADD_ON_TKR,TKR Add-on,Direct,mkoenen,1053,0,Tui Holdings,Legal,1,0,1/05/2024
D200543,C104438,14/03/2024,4/04/2024,Closed Won,PAYROLL_MPS,Managed Payroll,Direct,awong,2554,0,Duncan Air Trust,Construction,35,0,1/04/2024
D200544,C103388,1/10/2024,2/11/2024,Closed Lost,ADD_ON_TKR,TKR Add-on,Direct,mkoenen,915,0,Harbour Nimbus Holdings,Retail,1,0,
D200545,C101096,31/01/2025,14/04/2025,Closed Won,PM,People Management,Partners,unassigned,923,0,Atlas Partners,Healthcare,3,0,1/05/2025
D200546,C102497,26/09/2024,3/11/2024,Closed Lost,PAYROLL_MPS,Managed Payroll,Partners,unassigned,7298,0,Tui Co.,Manufacturing,19,1,
D200547,C101947,2/07/2025,,Open,PM,People Management,Partners,awong,0,0,Wenita Harbour Holdings,Healthcare,1,0,1/07/2025
D200548,C104772,2/04/2024,18/06/2024,Closed Lost,PM,People Management,Partners,unassigned,1929,0,Duncan Air Holdings,Retail,27,1,
D200549,C102986,11/07/2024,13/07/2024,Closed Won,PAYROLL_DIY,Payroll DIY,Partners,awong,1414,0,Alpha Trust,Legal,30,0,1/07/2024
D200550,C101882,23/02/2025,2/05/2025,Closed Won,ADD_ON_TKR,TKR Add-on,Direct,mkoenen,1577,0,Kea Limited,Accounting,60,0,1/05/2025
D200551,C104498,12/04/2024,,Open,PAYROLL_MPS,Managed Payroll,Direct,dt,4953,0,Duncan Air Group,Legal,23,0,1/07/2024
D200552,C103628,16/06/2024,,Open,PAYROLL_MPS,Managed Payroll,Partners,shao,4932,0,Tui Group,Retail,10,0,1/07/2025
D200553,C103768,13/04/2024,12/07/2024,Closed Lost,PAYROLL_DIY,Payroll DIY,Partners,mkoenen,3688,0,Eurotec Trust,Education,28,0,
D200554,C101587,21/02/2025,26/02/2025,Closed Won,PM,People Management,Partners,mkoenen,1222,0,Harbour Pivot Services,Manufacturing,21,0,1/03/2025
D200555,C102799,4/10/2024,,Open,ADD_ON_TKR,TKR Add-on,Direct,unassigned,1199,0,Harbour Kauri Limited,Education,11,1,1/09/2024
D200556,C104372,7/05/2024,28/05/2024,Closed Won,PM,People Management,Direct,awong,1713,0,Ohomairangi Trust,Construction,1,0,1/07/2024
D200557,C104164,19/02/2024,2/05/2024,Closed Lost,PM,People Management,Direct,nobody,2225,0,Rimu Atlas Services,Retail,5,0,
D200558,C102584,23/04/2025,,Open,PAYROLL_DIY,Payroll DIY,Direct,awong,3573,0,Ohomairangi Atlas Group,Software,1,0,1/01/2025
D200559,C104148,23/11/2024,19/01/2025,Closed Won,PAYROLL_MPS,Managed Payroll,Partners,unassigned,5706,0,Nimbus Limited,Manufacturing,1,0,1/02/2025
D200560,C100265,9/10/2024,23/10/2024,Closed Won,PM,People Management,Partners,mkoenen,2373,0,Kauri Summit Co.,Construction,47,0,1/11/2024
D200561,C102073,28/06/2024,7/07/2024,Closed Won,PAYROLL_DIY,Payroll DIY,Direct,dt,3241,0,Eurotec Group,Legal,1,0,1/08/2024
D200562,C104733,27/10/2024,9/01/2025,Closed Won,PM,People Management,Direct,shao,413,0,Tui Co.,Retail,22,0,1/01/2025
D200563,C101142,9/09/2024,6/11/2024,Closed Lost,ADD_ON_TKR,TKR Add-on,Partners,mkoenen,276,0,Wenita Co.,Manufacturing,59,1,
D200564,C104289,23/11/2024,,Open,PAYROLL_DIY,Payroll DIY,Direct,nobody,0,0,Alpha Tui Holdings,Software,62,0,1/10/2024
D200565,C102349,24/10/2024,16/01/2025,Closed Lost,PAYROLL_MPS,Managed Payroll,Direct,dt,536,0,Tui Ltd,Manufacturing,50,0,
D200566,C104656,28/07/2024,24/10/2024,Closed Lost,ADD_ON_TKR,TKR Add-on,Direct,shao,0,0,Harbour Trust,Education,72,0,
D200567,C102530,22/03/2024,7/04/2024,Closed Lost,PAYROLL_MPS,Managed Payroll,Direct,awong,3935,0,Wenita Limited,Manufacturing,48,0,
D200568,C103678,19/02/2025,,Open,ADD_ON_TKR,TKR Add-on,Direct,dt,1215,0,Kauri Group,Manufacturing,47,0,1/03/2025
D200569,C100273,21/08/2024,10/09/2024,Closed Won,ADD_ON_TKR,TKR Add-on,Partners,mkoenen,378,0,Atlas Limited,Software,1,0,1/10/2024
D200570,C100105,2/08/2024,20/09/2024,Closed Won,ADD_ON_TKR,TKR Add-on,Partners,dt,604,0,Wenita Services,Software,49,0,1/09/2024
D200571,C102651,15/12/2024,,Open,ADD_ON_TKR,TKR Add-on,Direct,shao,553,0,Beta Trust,Construction,15,0,1/06/2025
D200572,C102119,7/01/2025,16/02/2025,Closed Won,PM,People Management,Direct,mkoenen,724,0,Kauri Kea Ltd,Construction,52,0,1/02/2025
D200573,C104245,28/06/2025,9/08/2025,Closed Won,PAYROLL_MPS,Managed Payroll,Partners,unassigned,4818,0,Beta Ltd,Healthcare,87,0,1/09/2025
D200574,C102992,16/04/2024,,Open,PAYROLL_DIY,Payroll DIY,Direct,dinkster,1801,0,Duncan Air Ltd,Construction,1,0,1/09/2025
D200575,C103767,14/03/2025,7/05/2025,Closed Won,ADD_ON_TKR,TKR Add-on,Direct,unassigned,1090,0,Rimu Limited,Accounting,7,1,1/05/2025
D200576,C104984,26/07/2024,22/08/2024,Closed Won,PAYROLL_DIY,Payroll DIY,Direct,dinkster,2256,0,Kauri Summit Partners,Accounting,34,0,1/09/2024
D200577,C102451,18/12/2024,17/03/2025,Closed Won,PAYROLL_MPS,Managed Payroll,Direct,dt,6371,0,Kea Group,Software,25,0,1/04/2025
D200578,C102629,7/04/2025,17/04/2025,Closed Won,PM,People Management,Partners,unassigned,1507,0,Wenita Co.,Retail,22,0,1/05/2025
D200579,C101659,19/06/2024,,Open,PAYROLL_MPS,Managed Payroll,Partners,awong,3870,0,Ohomairangi Limited,Legal,5,0,1/06/2024
D200580,C101316,7/06/2025,,Open,ADD_ON_TKR,TKR Add-on,Partners,unassigned,1137,0,Tui Co.,Accounting,34,0,1/03/2025
D200581,C100201,2/08/2024,16/09/2024,Closed Lost,PM,People Management,Partners,dt,0,0,Beta Ltd,Healthcare,59,0,
D200582,C100786,12/07/2024,,Open,PAYROLL_MPS,Managed Payroll,Direct,unassigned,4654,0,Atlas Partners,Construction,61,1,1/03/2024
D200583,C101826,22/05/2024,20/08/2024,Closed Won,PAYROLL_DIY,Payroll DIY,Partners,shao,391,0,Rimu Limited,Legal,39,0,1/09/2024
D200584,C102953,8/10/2024,13/11/2024,Closed Won,PAYROLL_DIY,Payroll DIY,Direct,dinkster,-2387,0,Nimbus Kauri Holdings,Accounting,79,1,1/12/2024
D200585,C102843,15/02/2025,13/03/2025,Closed Won,PAYROLL_MPS,Managed Payroll,Direct,mkoenen,3473,0,Eurotec Services,Construction,13,0,1/03/2025
D200586,C103659,24/01/2025,6/02/2025,Closed Won,ADD_ON_TKR,TKR Add-on,Partners,unassigned,930,0,Ohomairangi Wenita Services,Software,1,0,1/02/2025
D200587,C103340,3/07/2025,10/08/2025,Closed Won,PAYROLL_MPS,Managed Payroll,Partners,mkoenen,532,0,Ohomairangi Ltd,Healthcare,42,0,1/08/2025
D200588,C101727,21/01/2024,8/03/2024,Closed Lost,ADD_ON_TKR,TKR Add-on,Direct,dt,689,0,Summit Ltd,Legal,21,0,
D200589,C101714,20/03/2024,21/04/2024,Closed Won,PAYROLL_DIY,Payroll DIY,Partners,mkoenen,2778,0,Eurotec Eurotec Services,Accounting,45,0,1/05/2024
D200590,C100116,29/08/2024,,Open,ADD_ON_TKR,TKR Add-on,Partners,dt,623,0,Eurotec Harbour Holdings,Retail,1,0,1/02/2025
D200591,C100739,19/03/2025,,Open,PAYROLL_MPS,Managed Payroll,Partners,unassigned,8479,0,Wenita Group,Accounting,61,0,1/05/2024
D200592,C100778,3/03/2024,31/05/2024,Closed Lost,PAYROLL_DIY,Payroll DIY,Partners,mkoenen,2448,0,Pivot Eurotec Limited,Healthcare,1,0,
D200593,C102606,9/11/2024,10/11/2024,Closed Won,PM,People Management,Partners,dt,2103,0,Kauri Ohomairangi Ltd,Education,14,0,1/11/2024
D200594,C100622,16/04/2024,21/06/2024,Closed Lost,PM,People Management,Partners,awong,1350,0,Duncan Air Partners,Retail,1,0,
D200595,C101496,2/02/2025,,Open,PM,People Management,Partners,nobody,216,0,Summit Beta Co.,Education,1,0,1/08/2025
D200596,C101632,7/06/2025,,Open,PAYROLL_DIY,Payroll DIY,Partners,shao,2710,0,Beta Limited,Healthcare,12,0,1/06/2025
D200597,C102358,23/11/2024,,Open,PAYROLL_MPS,Managed Payroll,Direct,awong,3716,0,Eurotec Beta Co.,Accounting,1,0,1/12/2024
D200598,C101252,4/08/2024,,Open,PAYROLL_MPS,Managed Payroll,Partners,dinkster,5033,0,Ohomairangi Holdings,Healthcare,1,0,1/07/2025
D200599,C103801,24/06/2024,11/08/2024,Closed Lost,PAYROLL_DIY,Payroll DIY,Direct,shao,1831,0,Tui Partners,Software,1,0,
D200600,C100249,11/03/2025,24/03/2025,Closed Won,PM,People Management,Partners,shao,1315,0,Wenita Limited,Legal,30,0,1/04/2025
D200601,C102923,18/09/2024,27/09/2024,Closed Lost,PAYROLL_MPS,Managed Payroll,Direct,dinkster,1762,0,Beta Alpha Co.,Legal,51,0,
D200602,C101473,3/06/2025,,Open,PAYROLL_DIY,Payroll DIY,Partners,unassigned,2662,0,Nimbus Alpha Limited,Manufacturing,16,0,1/10/2024
D200603,C103215,4/01/2024,25/01/2024,Closed Won,ADD_ON_TKR,TKR Add-on,Partners,shao,333,0,Rimu Eurotec Limited,Manufacturing,16,0,1/02/2024
D200604,C101113,12/10/2024,28/12/2024,Closed Lost,PAYROLL_DIY,Payroll DIY,Direct,dt,2371,0,Ohomairangi Trust,Software,56,0,
D200605,C101379,13/05/2025,3/07/2025,Closed Won,PAYROLL_MPS,Managed Payroll,Direct,dt,1285,0,Harbour Co.,Healthcare,76,0,1/08/2025
D200606,C101900,8/05/2025,23/06/2025,Closed Lost,PM,People Management,Direct,dt,1625,0,Beta Holdings,Healthcare,23,0,
D200607,C101565,18/08/2024,,Open,ADD_ON_TKR,TKR Add-on,Partners,awong,371,0,Kauri Trust,Construction,7,0,1/09/2025
D200608,C100383,11/06/2025,14/06/2025,Closed Won,PM,People Management,Direct,dinkster,916,0,Kea Co.,Retail,29,0,1/07/2025
D200609,C101026,4/08/2024,26/08/2024,Closed Won,PAYROLL_DIY,Payroll DIY,Direct,dt,1811,0,Nimbus Group,Software,23,0,1/09/2024
D200610,C100878,14/03/2024,16/05/2024,Closed Won,PM,People Management,Direct,awong,486,0,Wenita Ltd,Manufacturing,1,0,1/06/2024
D200611,C103245,3/12/2024,4/02/2025,Closed Lost,PAYROLL_MPS,Managed Payroll,Partners,dinkster,6150,0,Atlas Services,Manufacturing,10,0,
D200612,C103624,18/05/2024,6/07/2024,Closed Won,PAYROLL_DIY,Payroll DIY,Partners,mkoenen,748,0,Atlas Ltd,Software,44,0,1/07/2024
D200613,C101260,30/12/2024,,Open,PAYROLL_MPS,Managed Payroll,Partners,awong,3257,0,Alpha Group,Accounting,22,1,1/05/2025
D200614,C100149,20/05/2024,2/07/2024,Closed Won,ADD_ON_TKR,TKR Add-on,Partners,dinkster,511,0,Nimbus Limited,Education,1,0,1/07/2024
D200615,C100808,13/03/2025,13/05/2025,Closed Won,PAYROLL_DIY,Payroll DIY,Partners,dinkster,2163,0,Duncan Air Ltd,Retail,59,0,1/05/2025
D200616,C103157,1/10/2024,6/12/2024,Closed Won,PAYROLL_MPS,Managed Payroll,Direct,awong,5742,0,Kauri Limited,Software,14,0,1/01/2025
D200617,C103253,12/02/2024,21/04/2024,Closed Won,PM,People Management,Direct,shao,1138,0,Pivot Beta Holdings,Accounting,9,0,1/05/2024
D200618,C100247,5/04/2024,24/06/2024,Closed Won,ADD_ON_TKR,TKR Add-on,Partners,mkoenen,204,0,Kea Limited,Accounting,16,0,1/07/2024
D200619,C104820,10/02/2024,4/04/2024,Closed Lost,ADD_ON_TKR,TKR Add-on,Direct,dt,839,0,Ohomairangi Partners,Legal,13,0,
D200620,C104710,5/05/2025,,Open,PAYROLL_MPS,Managed Payroll,Partners,awong,5178,0,Alpha Services,Healthcare,21,1,1/08/2025
D200621,C103288,8/04/2024,,Open,PAYROLL_DIY,Payroll DIY,Partners,awong,3106,0,Wenita Holdings,Education,41,0,1/07/2025
D200622,C102276,7/08/2024,28/08/2024,Closed Won,PAYROLL_DIY,Payroll DIY,Partners,unassigned,1368,0,Alpha Ltd,Healthcare,1,0,1/09/2024
D200623,C103789,4/07/2024,5/08/2024,Closed Won,PM,People Management,Direct,awong,0,0,Tui Services,Manufacturing,1,0,1/09/2024
D200624,C103437,5/04/2025,,Open,PAYROLL_DIY,Payroll DIY,Direct,mkoenen,2712,0,Pivot Tui Services,Manufacturing,31,0,1/02/2025
D200625,C104807,30/04/2024,2/07/2024,Closed Won,PM,People Management,Direct,dinkster,2156,0,Pivot Group,Healthcare,15,1,1/08/2024
D200626,C104340,26/10/2024,24/01/2025,Closed Won,PM,People Management,Partners,dinkster,2188,0,Harbour Kea Trust,Healthcare,24,0,1/02/2025
D200627,C104338,24/11/2024,15/01/2025,Closed Won,ADD_ON_TKR,TKR Add-on,Direct,mkoenen,1069,0,Tui Partners,Construction,8,0,1/02/2025
D200628,C100782,4/10/2024,5/10/2024,Closed Lost,PAYROLL_DIY,Payroll DIY,Direct,unassigned,930,0,Summit Trust,Healthcare,40,0,
D200629,C101007,22/02/2024,2/04/2024,Closed Lost,PAYROLL_DIY,Payroll DIY,Partners,dt,2115,0,Nimbus Holdings,Construction,73,0,
D200630,C104602,30/05/2025,12/07/2025,Closed Lost,PM,People Management,Direct,mkoenen,1156,0,Wenita Group,Retail,58,0,
D200631,C104908,1/06/2024,,Open,PM,People Management,Direct,unassigned,1998,0,Rimu Harbour Trust,Manufacturing,74,0,1/12/2024
D200632,C102635,9/10/2024,25/11/2024,Closed Won,ADD_ON_TKR,TKR Add-on,Direct,unassigned,1378,0,Harbour Limited,Software,50,0,1/01/2025
D200633,C102904,26/02/2024,,Open,ADD_ON_TKR,TKR Add-on,Partners,awong,1028,0,Kauri Services,Manufacturing,59,0,1/08/2024
D200634,C100875,1/05/2025,30/05/2025,Closed Won,PAYROLL_DIY,Payroll DIY,Partners,awong,655,0,Kea Kea Co.,Accounting,61,0,1/07/2025
D200635,C103350,10/02/2025,,Open,ADD_ON_TKR,TKR Add-on,Partners,shao,1295,0,Harbour Ltd,Healthcare,1,0,1/06/2024
D200636,C103669,24/04/2025,19/06/2025,Closed Won,PAYROLL_MPS,Managed Payroll,Partners,awong,1857,0,Kea Co.,Accounting,13,0,1/07/2025
D200637,C100192,28/10/2024,7/01/2025,Closed Won,PAYROLL_DIY,Payroll DIY,Partners,unassigned,5204,0,Beta Limited,Construction,1,0,1/02/2025
D200638,C100283,27/05/2024,6/07/2024,Closed Lost,PAYROLL_MPS,Managed Payroll,Direct,mkoenen,2558,0,Wenita Partners,Legal,27,0,
D200639,C103952,9/05/2024,16/05/2024,Closed Won,PM,People Management,Partners,mkoenen,962,0,Rimu Beta Group,Construction,54,0,1/06/2024
D200640,C100175,4/02/2025,18/02/2025,Closed Lost,PM,People Management,Partners,awong,1573,0,Summit Rimu Partners,Construction,15,0,
D200641,C103860,19/08/2024,6/09/2024,Closed Won,PAYROLL_MPS,Managed Payroll,Direct,unassigned,3373,0,Tui Services,Accounting,1,0,1/09/2024
D200642,C102656,27/08/2024,19/09/2024,Closed Lost,PM,People Management,Direct,unassigned,2275,0,Harbour Group,Healthcare,3,0,
D200643,C101365,27/05/2025,6/06/2025,Closed Lost,ADD_ON_TKR,TKR Add-on,Direct,dinkster,0,0,Atlas Services,Construction,70,0,
D200644,C102727,8/04/2025,23/04/2025,Closed Won,PAYROLL_MPS,Managed Payroll,Partners,mkoenen,6495,0,Alpha Holdings,Retail,16,0,1/05/2025
D200645,C103348,22/04/2024,26/04/2024,Closed Won,ADD_ON_TKR,TKR Add-on,Direct,unassigned,532,0,Summit Summit Ltd,Manufacturing,64,0,1/05/2024
D200646,C103059,6/02/2024,15/04/2024,Closed Lost,ADD_ON_TKR,TKR Add-on,Partners,dinkster,467,0,Eurotec Kea Co.,Retail,7,0,
D200647,C104474,20/03/2025,30/04/2025,Closed Lost,ADD_ON_TKR,TKR Add-on,Direct,mkoenen,1297,0,Ohomairangi Harbour Services,Retail,2,0,
D200648,C102742,20/12/2024,1/01/2025,Closed Won,ADD_ON_TKR,TKR Add-on,Partners,unassigned,409,0,Kauri Limited,Software,17,0,1/02/2025
D200649,C101414,10/04/2025,,Open,PM,People Management,Partners,dinkster,853,0,Kauri Ohomairangi Ltd,Healthcare,12,0,1/04/2025
D200650,C103466,12/06/2024,17/07/2024,Closed Won,ADD_ON_TKR,TKR Add-on,Direct,mkoenen,398,0,Ohomairangi Limited,Accounting,35,1,1/08/2024
D200651,C101238,24/05/2024,19/08/2024,Closed Won,PM,People Management,Partners,awong,-2482,0,Nimbus Trust,Construction,17,0,1/09/2024
D200652,C100885,20/06/2024,16/08/2024,Closed Lost,PAYROLL_DIY,Payroll DIY,Partners,awong,2759,0,Rimu Partners,Software,27,0,
D200653,C102474,2/05/2024,,Open,ADD_ON_TKR,TKR Add-on,Direct,mkoenen,0,0,Alpha Beta Trust,Retail,85,0,1/08/2025
D200654,C100148,27/11/2024,11/02/2025,Closed Won,PAYROLL_DIY,Payroll DIY,Partners,unassigned,1119,0,Ohomairangi Co.,Legal,1,0,1/02/2025
D200655,C102784,4/02/2024,19/02/2024,Closed Lost,PAYROLL_DIY,Payroll DIY,Partners,mkoenen,1595,0,Beta Co.,Retail,29,0,
D200656,C103539,8/02/2024,22/02/2024,Closed Lost,PAYROLL_MPS,Managed Payroll,Direct,awong,4053,0,Kea Trust,Legal,16,0,
D200657,C101316,24/10/2024,,Open,ADD_ON_TKR,TKR Add-on,Partners,dinkster,879,0,Tui Co.,Accounting,34,0,1/12/2024
D200658,C102840,20/06/2025,,Open,ADD_ON_TKR,TKR Add-on,Direct,awong,262,0,Duncan Air Kea Holdings,Retail,19,1,1/04/2025
D200659,C102629,17/03/2024,,Open,ADD_ON_TKR,TKR Add-on,Direct,dt,283,0,Wenita Co.,Retail,22,0,1/06/2024
D200660,C103544,13/01/2025,11/04/2025,Closed Won,PM,People Management,Partners,unassigned,708,0,Tui Trust,Construction,45,0,1/05/2025
D200661,C101729,24/01/2024,7/04/2024,Closed Won,PM,People Management,Direct,dinkster,1471,0,Rimu Partners,Retail,26,0,1/05/2024
D200662,C103259,4/10/2024,11/12/2024,Closed Won,ADD_ON_TKR,TKR Add-on,Direct,unassigned,485,0,Rimu Ltd,Legal,62,0,1/01/2025
D200663,C103864,31/05/2024,,Open,ADD_ON_TKR,TKR Add-on,Partners,dinkster,1437,0,Summit Ltd,Healthcare,34,0,1/11/2024
D200664,C104657,7/01/2025,,Open,PM,People Management,Partners,dinkster,1101,0,Nimbus Ltd,Education,1,0,1/08/2024
D200665,C104723,8/09/2024,13/09/2024,Closed Won,PAYROLL_MPS,Managed Payroll,Partners,dinkster,4191,0,Summit Wenita Services,Construction,27,0,1/10/2024
D200666,C104345,27/12/2024,3/03/2025,Closed Lost,PAYROLL_DIY,Payroll DIY,Direct,awong,1364,0,Tui Group,Manufacturing,1,1,
D200667,C103397,25/05/2024,,Open,ADD_ON_TKR,TKR Add-on,Direct,shao,979,0,Ohomairangi Limited,Retail,55,0,1/10/2024
D200668,C102789,24/08/2024,,Open,PAYROLL_DIY,Payroll DIY,Direct,dt,4132,0,Nimbus Partners,Legal,49,0,1/06/2025
D200669,C104595,3/02/2024,21/02/2024,Closed Won,PAYROLL_DIY,Payroll DIY,Direct,mkoenen,1792,0,Ohomairangi Trust,Healthcare,1,0,1/03/2024
D200670,C100145,16/05/2024,9/08/2024,Closed Lost,PM,People Management,Partners,mkoenen,1261,0,Beta Services,Construction,21,0,
D200671,C102021,15/03/2024,12/04/2024,Closed Won,PAYROLL_MPS,Managed Payroll,Direct,unassigned,5116,0,Summit Trust,Retail,46,0,1/04/2024
D200672,C103839,21/02/2024,,Open,ADD_ON_TKR,TKR Add-on,Partners,unassigned,358,0,Nimbus Partners,Manufacturing,1,1,1/07/2025
D200673,C100503,29/10/2024,28/11/2024,Closed Won,PM,People Management,Direct,unassigned,450,0,Atlas Rimu Trust,Accounting,1,0,1/12/2024
D200674,C103661,25/04/2025,14/07/2025,Closed Lost,PM,People Management,Direct,shao,1134,0,Harbour Co.,Software,41,0,
D200675,C101062,17/05/2024,3/07/2024,Closed Won,ADD_ON_TKR,TKR Add-on,Partners,mkoenen,1009,0,Beta Tui Ltd,Construction,38,0,1/08/2024
D200676,C101350,19/04/2024,25/06/2024,Closed Lost,PM,People Management,Direct,awong,570,0,Kauri Kauri Ltd,Construction,31,0,
D200677,C101553,27/06/2025,17/08/2025,Closed Won,ADD_ON_TKR,TKR Add-on,Partners,shao,729,0,Beta Rimu Partners,Accounting,16,0,1/09/2025
D200678,C104815,9/09/2024,13/11/2024,Closed Won,PM,People Management,Partners,mkoenen,912,0,Nimbus Tui Partners,Healthcare,15,0,1/12/2024
D200679,C101977,13/05/2024,20/05/2024,Closed Lost,PAYROLL_MPS,Managed Payroll,Partners,dinkster,993,0,Kauri Services,Education,10,0,
D200680,C103884,23/10/2024,19/12/2024,Closed Won,ADD_ON_TKR,TKR Add-on,Direct,dt,864,0,Rimu Ltd,Healthcare,1,0,1/01/2025
D200681,C104703,29/11/2024,6/01/2025,Closed Lost,PM,People Management,Direct,unassigned,793,0,Duncan Air Ltd,Accounting,67,0,
D200682,C101416,23/08/2024,,Open,PM,People Management,Direct,awong,419,0,Summit Holdings,Education,36,0,1/05/2025
D200683,C104138,23/01/2025,,Open,PM,People Management,Partners,dt,1227,0,Kauri Co.,Legal,36,0,1/05/2025
D200684,C103921,6/06/2024,,Open,PAYROLL_MPS,Managed Payroll,Direct,awong,4714,0,Ohomairangi Wenita Group,Healthcare,58,0,1/06/2025
D200685,C103340,2/03/2025,22/04/2025,Closed Lost,PAYROLL_MPS,Managed Payroll,Partners,awong,4275,0,Ohomairangi Ltd,Healthcare,42,0,
D200686,C104773,13/02/2024,4/04/2024,Closed Lost,ADD_ON_TKR,TKR Add-on,Direct,unassigned,0,0,Eurotec Services,Accounting,18,0,
D200687,C102892,11/06/2025,5/07/2025,Closed Lost,PM,People Management,Direct,unassigned,365,0,Eurotec Services,Construction,1,0,
D200688,C104826,7/02/2025,3/05/2025,Closed Won,PAYROLL_MPS,Managed Payroll,Partners,dt,5237,0,Nimbus Services,Software,30,0,1/05/2025
D200689,C100523,3/07/2024,5/08/2024,Closed Lost,PAYROLL_MPS,Managed Payroll,Direct,dinkster,4161,0,Harbour Kauri Limited,Construction,92,0,
D200690,C103965,24/05/2025,26/06/2025,Closed Won,PAYROLL_MPS,Managed Payroll,Partners,dinkster,0,0,Alpha Beta Co.,Software,1,0,1/08/2025
D200691,C104909,4/04/2024,4/06/2024,Closed Won,ADD_ON_TKR,TKR Add-on,Direct,unassigned,976,0,Eurotec Co.,Construction,4,0,1/06/2024
D200692,C100699,6/02/2024,11/03/2024,Closed Won,ADD_ON_TKR,TKR Add-on,Partners,unassigned,205,0,Wenita Eurotec Ltd,Construction,3,0,1/03/2024
D200693,C100738,15/04/2025,7/05/2025,Closed Won,PM,People Management,Direct,dinkster,1213,0,Ohomairangi Partners,Software,13,0,1/05/2025
D200694,C101786,6/06/2024,2/07/2024,Closed Won,ADD_ON_TKR,TKR Add-on,Partners,unassigned,167,0,Eurotec Tui Trust,Software,54,0,1/07/2024
D200695,C100086,30/04/2025,,Open,PAYROLL_DIY,Payroll DIY,Direct,unassigned,1509,0,Summit Alpha Co.,Legal,1,0,1/08/2025
D200696,C103778,30/01/2025,25/03/2025,Closed Won,PAYROLL_DIY,Payroll DIY,Direct,unassigned,1287,0,Harbour Rimu Partners,Retail,64,0,1/03/2025
D200697,C100879,8/02/2025,6/04/2025,Closed Won,PM,People Management,Partners,unassigned,198,0,Nimbus Atlas Partners,Legal,7,1,1/04/2025
D200698,C104957,10/12/2024,31/01/2025,Closed Won,PAYROLL_MPS,Managed Payroll,Direct,awong,7131,0,Kauri Holdings,Healthcare,37,1,1/02/2025
D200699,C103185,22/09/2024,27/11/2024,Closed Won,ADD_ON_TKR,TKR Add-on,Direct,dinkster,1520,0,Wenita Trust,Education,36,0,1/12/2024
D200700,C101600,2/05/2025,27/07/2025,Closed Lost,PAYROLL_MPS,Managed Payroll,Partners,dinkster,3333,0,Summit Services,Healthcare,56,0,
D200701,C104457,5/02/2025,7/04/2025,Closed Won,PAYROLL_DIY,Payroll DIY,Partners,dinkster,1411,0,Duncan Air Harbour Partners,Legal,55,0,1/04/2025
D200702,C101492,28/01/2025,15/04/2025,Closed Lost,PAYROLL_DIY,Payroll DIY,Partners,dinkster,2249,0,Atlas Group,Legal,25,0,
D200703,C102025,10/08/2024,,Open,PAYROLL_DIY,Payroll DIY,Direct,shao,876,0,Pivot Holdings,Education,19,0,1/02/2025
D200704,C100161,9/06/2024,4/08/2024,Closed Won,PM,People Management,Direct,dinkster,1741,0,Eurotec Kea Holdings,Education,1,0,1/08/2024
D200705,C103067,5/03/2024,20/04/2024,Closed Lost,ADD_ON_TKR,TKR Add-on,Direct,mkoenen,1211,0,Pivot Services,Construction,16,0,
D200706,C101282,7/06/2024,25/07/2024,Closed Won,PM,People Management,Direct,unassigned,604,0,Eurotec Summit Ltd,Manufacturing,1,0,1/08/2024
D200707,C101239,31/05/2024,23/06/2024,Closed Won,PAYROLL_MPS,Managed Payroll,Direct,dinkster,508,0,Eurotec Ltd,Education,15,0,1/07/2024
D200708,C101588,25/12/2024,,Open,ADD_ON_TKR,TKR Add-on,Partners,mkoenen,399,0,Alpha Ltd,Education,13,0,1/12/2024
D200709,C102948,24/11/2024,20/02/2025,Closed Won,PAYROLL_MPS,Managed Payroll,Direct,awong,686,0,Rimu Limited,Healthcare,36,0,1/04/2025
D200710,C100403,22/06/2025,31/08/2025,Closed Won,ADD_ON_TKR,TKR Add-on,Partners,mkoenen,1422,0,Alpha Co.,Legal,1,0,1/09/2025
D200711,C100098,23/11/2024,7/12/2024,Closed Won,PAYROLL_DIY,Payroll DIY,Partners,mkoenen,1265,0,Beta Partners,Accounting,57,0,1/01/2025
D200712,C101737,2/04/2025,12/06/2025,Closed Won,ADD_ON_TKR,TKR Add-on,Partners,shao,607,0,Harbour Limited,Accounting,14,0,1/07/2025
D200713,C103638,29/03/2025,11/06/2025,Closed Won,ADD_ON_TKR,TKR Add-on,Direct,shao,1450,0,Duncan Air Group,Construction,15,0,1/07/2025
D200714,C103525,23/06/2024,10/09/2024,Closed Won,PAYROLL_DIY,Payroll DIY,Partners,awong,2303,0,Pivot Partners,Construction,48,0,1/10/2024
D200715,C102647,17/06/2024,25/07/2024,Closed Won,PAYROLL_DIY,Payroll DIY,Partners,nobody,3606,0,Summit Holdings,Accounting,18,1,1/08/2024
D200716,C104617,13/03/2025,23/03/2025,Closed Won,PM,People Management,Partners,dt,1774,0,Eurotec Ltd,Manufacturing,51,0,1/04/2025
D200717,C104756,27/04/2024,9/05/2024,Closed Lost,ADD_ON_TKR,TKR Add-on,Partners,mkoenen,727,0,Nimbus Ltd,Manufacturing,21,0,
D200718,C103614,25/06/2025,1/09/2025,Closed Won,ADD_ON_TKR,TKR Add-on,Partners,dt,468,0,Atlas Services,Education,55,0,1/10/2025
D200719,C104384,16/09/2024,,Open,PM,People Management,Partners,awong,1919,0,Duncan Air Services,Manufacturing,19,0,1/04/2024
D200720,C103923,13/09/2024,14/11/2024,Closed Won,PM,People Management,Direct,mkoenen,1283,0,Kea Harbour Group,Accounting,1,0,1/12/2024
D200721,C100595,24/03/2024,,Open,ADD_ON_TKR,TKR Add-on,Partners,dinkster,1115,0,Eurotec Atlas Partners,Retail,35,0,1/07/2024
D200722,C101039,10/07/2024,,Open,PAYROLL_DIY,Payroll DIY,Direct,awong,1463,0,Tui Group,Retail,1,0,1/01/2025
D200723,C104509,8/01/2025,19/02/2025,Closed Won,PAYROLL_DIY,Payroll DIY,Direct,dinkster,3237,0,Alpha Kea Partners,Manufacturing,67,0,1/03/2025
D200724,C103844,15/04/2024,,Open,PAYROLL_MPS,Managed Payroll,Direct,shao,4752,0,Pivot Trust,Software,1,0,1/06/2025
D200725,C101595,12/01/2025,14/03/2025,Closed Lost,PM,People Management,Direct,dt,194,0,Duncan Air Partners,Retail,31,0,
D200726,C100983,17/02/2025,,Open,ADD_ON_TKR,TKR Add-on,Partners,unassigned,506,0,Beta Partners,Education,43,0,1/08/2024
D200727,C101559,21/04/2025,,Open,ADD_ON_TKR,TKR Add-on,Direct,awong,386,0,Ohomairangi Group,Accounting,1,0,1/06/2025
D200728,C104222,10/09/2024,,Open,ADD_ON_TKR,TKR Add-on,Partners,awong,1273,0,Harbour Partners,Healthcare,66,0,1/04/2024
D200729,C100091,26/02/2024,4/04/2024,Closed Lost,PM,People Management,Partners,unassigned,1181,0,Kea Holdings,Construction,37,0,
D200730,C104995,28/01/2024,31/01/2024,Closed Lost,ADD_ON_TKR,TKR Add-on,Direct,unassigned,613,0,Ohomairangi Partners,Education,30,0,
D200731,C103160,31/08/2024,19/11/2024,Closed Won,PM,People Management,Direct,unassigned,1391,0,Nimbus Trust,Retail,10,0,1/12/2024
D200732,C104514,28/03/2025,18/06/2025,Closed Won,PM,People Management,Direct,unassigned,1583,0,Kea Services,Software,31,1,1/07/2025
D200733,C100058,21/05/2025,1/07/2025,Closed Won,PAYROLL_MPS,Managed Payroll,Direct,dinkster,2291,0,Eurotec Co.,Education,19,0,1/07/2025
D200734,C101777,14/01/2025,14/03/2025,Closed Won,PAYROLL_DIY,Payroll DIY,Partners,awong,1016,0,Duncan Air Ltd,Construction,1,0,1/03/2025
D200735,C102601,1/02/2025,13/04/2025,Closed Won,ADD_ON_TKR,TKR Add-on,Direct,shao,1024,0,Atlas Holdings,Software,13,0,1/05/2025
D200736,C104560,8/06/2024,21/08/2024,Closed Won,PAYROLL_MPS,Managed Payroll,Partners,awong,4431,0,Alpha Pivot Services,Retail,54,0,1/09/2024
D200737,C104335,15/01/2025,20/01/2025,Closed Won,ADD_ON_TKR,TKR Add-on,Partners,unassigned,1608,0,Kea Harbour Trust,Accounting,58,0,1/03/2025
D200738,C101012,9/03/2025,4/04/2025,Closed Won,ADD_ON_TKR,TKR Add-on,Partners,dinkster,431,0,Pivot Co.,Manufacturing,52,0,1/05/2025
D200739,C101994,30/11/2024,1/12/2024,Closed Won,PM,People Management,Partners,mkoenen,1606,0,Wenita Pivot Co.,Software,11,0,1/12/2024
D200740,C104367,29/05/2025,2/06/2025,Closed Won,PM,People Management,Partners,dt,703,0,Ohomairangi Holdings,Software,19,0,1/07/2025
D200741,C104312,22/01/2024,6/02/2024,Closed Won,PAYROLL_DIY,Payroll DIY,Partners,awong,1873,0,Ohomairangi Holdings,Construction,58,0,1/02/2024
D200742,C102004,29/04/2024,1/05/2024,Closed Won,PAYROLL_DIY,Payroll DIY,Partners,unassigned,962,0,Duncan Air Limited,Healthcare,14,0,1/06/2024
D200743,C100136,9/10/2024,1/01/2025,Closed Won,PM,People Management,Direct,awong,564,0,Kauri Services,Manufacturing,1,0,1/01/2025
D200744,C104536,21/05/2024,22/07/2024,Closed Won,PAYROLL_DIY,Payroll DIY,Partners,dt,1347,0,Summit Holdings,Legal,63,0,1/08/2024
D200745,C102853,2/06/2025,,Open,PAYROLL_MPS,Managed Payroll,Partners,shao,2730,0,Eurotec Ltd,Accounting,9,0,1/07/2024
D200746,C102493,6/01/2025,13/03/2025,Closed Won,PAYROLL_DIY,Payroll DIY,Partners,awong,880,0,Atlas Partners,Retail,25,0,1/04/2025
D200747,C102135,5/10/2024,23/12/2024,Closed Lost,ADD_ON_TKR,TKR Add-on,Partners,unassigned,1366,0,Wenita Trust,Manufacturing,31,0,
D200748,C102128,31/12/2024,12/03/2025,Closed Won,PAYROLL_DIY,Payroll DIY,Partners,unassigned,353,0,Harbour Co.,Manufacturing,2,0,1/03/2025
D200749,C102590,16/04/2024,13/07/2024,Closed Won,ADD_ON_TKR,TKR Add-on,Direct,unassigned,590,0,Tui Co.,Healthcare,1,0,1/08/2024
D200750,C100113,28/05/2025,,Open,ADD_ON_TKR,TKR Add-on,Partners,dt,1026,0,Kea Group,Accounting,27,0,1/08/2024
D200751,C104937,21/04/2024,1/07/2024,Closed Lost,PAYROLL_DIY,Payroll DIY,Partners,awong,1395,0,Summit Services,Manufacturing,1,0,
D200752,C101257,13/01/2025,28/01/2025,Closed Won,PAYROLL_MPS,Managed Payroll,Partners,shao,2175,0,Wenita Beta Group,Manufacturing,56,0,1/03/2025
D200753,C104784,29/12/2024,,Open,PM,People Management,Partners,dinkster,1606,0,Wenita Services,Software,33,0,1/07/2025
D200754,C103697,2/05/2024,1/06/2024,Closed Won,PAYROLL_MPS,Managed Payroll,Direct,dinkster,246,0,Nimbus Ohomairangi Limited,Legal,38,0,1/07/2024
D200755,C102171,15/09/2024,8/11/2024,Closed Won,PM,People Management,Direct,dinkster,1781,0,Duncan Air Harbour Trust,Education,58,0,1/12/2024
D200756,C104097,26/05/2024,19/07/2024,Closed Lost,PM,People Management,Partners,dinkster,85,0,Tui Co.,Healthcare,26,1,
D200757,C103792,15/02/2024,20/04/2024,Closed Won,ADD_ON_TKR,TKR Add-on,Partners,shao,431,0,Pivot Services,Accounting,6,0,1/04/2024
D200758,C103212,29/11/2024,8/01/2025,Closed Lost,PAYROLL_MPS,Managed Payroll,Partners,unassigned,1127,0,Wenita Trust,Construction,1,0,
D200759,C102213,4/01/2024,,Open,ADD_ON_TKR,TKR Add-on,Direct,shao,852,0,Summit Group,Accounting,29,0,1/08/2024
D200760,C100707,21/07/2024,15/09/2024,Closed Won,PAYROLL_MPS,Managed Payroll,Direct,shao,5494,0,Summit Co.,Construction,52,1,1/10/2024
D200761,C102237,15/05/2024,,Open,PM,People Management,Direct,mkoenen,770,0,Beta Wenita Limited,Education,86,0,1/06/2025
D200762,C100505,6/06/2025,,Open,PAYROLL_MPS,Managed Payroll,Direct,mkoenen,3095,0,Kea Eurotec Partners,Accounting,1,0,1/05/2025
D200763,C101735,15/05/2025,29/05/2025,Closed Won,PAYROLL_MPS,Managed Payroll,Direct,mkoenen,5099,0,Duncan Air Atlas Services,Legal,10,0,1/06/2025
D200764,C103663,15/03/2025,10/05/2025,Closed Won,PM,People Management,Direct,dt,12,0,Summit Group,Healthcare,16,0,1/06/2025
D200765,C101237,23/10/2024,10/01/2025,Closed Won,PAYROLL_MPS,Managed Payroll,Direct,shao,7874,0,Summit Trust,Construction,8,0,1/01/2025
D200766,C103303,22/02/2025,11/05/2025,Closed Won,PAYROLL_DIY,Payroll DIY,Partners,shao,814,0,Ohomairangi Services,Legal,8,0,1/06/2025
D200767,C101011,30/07/2024,,Open,ADD_ON_TKR,TKR Add-on,Partners,nobody,976,0,Eurotec Holdings,Education,22,0,1/02/2025
D200768,C104374,14/08/2024,28/08/2024,Closed Won,PM,People Management,Direct,nobody,995,0,Atlas Co.,Education,12,1,1/09/2024
D200769,C100976,15/08/2024,12/11/2024,Closed Won,PM,People Management,Direct,awong,2288,0,Beta Trust,Healthcare,25,0,1/11/2024
D200770,C104457,6/04/2024,8/05/2024,Closed Won,PM,People Management,Direct,dinkster,722,0,Duncan Air Harbour Partners,Legal,55,0,1/05/2024
D200771,C103113,27/12/2024,16/02/2025,Closed Won,PAYROLL_DIY,Payroll DIY,Direct,mkoenen,420,0,Harbour Summit Services,Education,41,1,1/03/2025
D200772,C104523,14/05/2024,27/06/2024,Closed Won,PAYROLL_DIY,Payroll DIY,Direct,mkoenen,1976,0,Beta Co.,Retail,1,1,1/07/2024
D200773,C104336,23/10/2024,4/12/2024,Closed Won,ADD_ON_TKR,TKR Add-on,Partners,nobody,510,0,Beta Trust,Software,1,0,1/01/2025
D200774,C103912,28/12/2024,21/02/2025,Closed Won,ADD_ON_TKR,TKR Add-on,Partners,dinkster,645,0,Summit Beta Ltd,Retail,7,0,1/03/2025
D200775,C101343,26/04/2024,22/06/2024,Closed Won,PAYROLL_MPS,Managed Payroll,Partners,shao,4653,0,Wenita Alpha Holdings,Healthcare,54,0,1/07/2024
D200776,C104739,19/01/2024,21/01/2024,Closed Won,PAYROLL_MPS,Managed Payroll,Direct,awong,3532,0,Pivot Ltd,Legal,46,1,1/02/2024
D200777,C102330,19/05/2025,30/06/2025,Closed Won,ADD_ON_TKR,TKR Add-on,Direct,awong,585,0,Alpha Co.,Accounting,74,0,1/08/2025
D200778,C101250,31/07/2024,13/10/2024,Closed Won,ADD_ON_TKR,TKR Add-on,Direct,dinkster,145,0,Rimu Ltd,Manufacturing,1,0,1/11/2024
D200779,C102422,16/05/2025,,Open,PM,People Management,Partners,shao,553,0,Eurotec Services,Legal,7,1,1/10/2024
D200780,C104916,1/10/2024,8/10/2024,Closed Won,PAYROLL_DIY,Payroll DIY,Partners,unassigned,1739,0,Eurotec Trust,Education,26,0,1/11/2024
D200781,C104286,4/09/2024,19/10/2024,Closed Won,PM,People Management,Partners,nobody,726,0,Beta Co.,Retail,43,0,1/11/2024
D200782,C100316,14/01/2024,,Open,ADD_ON_TKR,TKR Add-on,Partners,awong,963,0,Duncan Air Ltd,Healthcare,1,0,1/07/2024
D200783,C100637,20/08/2024,,Open,PAYROLL_DIY,Payroll DIY,Partners,shao,2702,0,Tui Kauri Group,Manufacturing,9,1,1/07/2024
D200784,C104756,6/03/2025,21/03/2025,Closed Won,PAYROLL_DIY,Payroll DIY,Direct,dinkster,1356,0,Nimbus Ltd,Manufacturing,21,0,1/04/2025
D200785,C103561,19/06/2024,,Open,ADD_ON_TKR,TKR Add-on,Direct,unassigned,619,0,Duncan Air Alpha Trust,Software,1,0,1/08/2025
D200786,C103164,12/02/2025,,Open,PAYROLL_MPS,Managed Payroll,Direct,awong,8485,0,Tui Harbour Services,Software,66,0,1/08/2025
D200787,C103894,28/03/2024,13/04/2024,Closed Lost,PM,People Management,Partners,mkoenen,358,0,Rimu Eurotec Partners,Construction,1,0,
D200788,C104691,5/01/2025,15/01/2025,Closed Won,PAYROLL_DIY,Payroll DIY,Direct,dinkster,2261,0,Ohomairangi Kea Limited,Healthcare,32,0,1/02/2025
D200789,C104899,12/01/2025,9/03/2025,Closed Won,PAYROLL_MPS,Managed Payroll,Partners,shao,1408,0,Pivot Partners,Manufacturing,36,1,1/03/2025
D200790,C104319,20/01/2025,2/02/2025,Closed Won,PAYROLL_DIY,Payroll DIY,Partners,mkoenen,2381,0,Beta Partners,Retail,1,0,1/02/2025
D200791,C103635,21/10/2024,29/11/2024,Closed Won,PAYROLL_DIY,Payroll DIY,Partners,mkoenen,2835,0,Alpha Co.,Retail,10,0,1/12/2024
D200792,C104040,22/12/2024,7/01/2025,Closed Won,PM,People Management,Partners,dt,1917,0,Duncan Air Co.,Retail,1,0,1/01/2025
D200793,C102042,11/04/2024,25/04/2024,Closed Won,PM,People Management,Direct,awong,831,0,Kea Services,Retail,48,0,1/05/2024
D200794,C104102,15/11/2024,,Open,PM,People Management,Partners,mkoenen,1796,0,Pivot Ltd,Manufacturing,24,0,1/09/2025
D200795,C102160,4/04/2024,5/04/2024,Closed Lost,ADD_ON_TKR,TKR Add-on,Partners,dt,628,0,Eurotec Rimu Trust,Retail,1,0,
D200796,C102882,2/05/2025,3/05/2025,Closed Lost,PAYROLL_MPS,Managed Payroll,Partners,awong,5564,0,Nimbus Duncan Air Partners,Software,83,0,
D200797,C103780,30/01/2024,26/02/2024,Closed Won,PAYROLL_DIY,Payroll DIY,Direct,awong,0,0,Nimbus Holdings,Construction,4,0,1/04/2024
D200798,C104279,30/03/2024,3/04/2024,Closed Won,PAYROLL_MPS,Managed Payroll,Partners,mkoenen,5060,0,Pivot Holdings,Accounting,1,0,1/04/2024
D200799,C102598,24/10/2024,,Open,ADD_ON_TKR,TKR Add-on,Direct,unassigned,536,0,Kea Holdings,Manufacturing,1,0,1/07/2024
D200800,C102383,17/03/2024,22/04/2024,Closed Won,PAYROLL_MPS,Managed Payroll,Partners,unassigned,3131,0,Rimu Services,Healthcare,10,0,1/06/2024
D200801,C102597,25/10/2024,20/12/2024,Closed Lost,PAYROLL_MPS,Managed Payroll,Partners,dt,307,0,Rimu Holdings,Education,35,0,
D200802,C102407,9/05/2024,20/05/2024,Closed Lost,ADD_ON_TKR,TKR Add-on,Partners,mkoenen,1312,0,Atlas Nimbus Ltd,Construction,43,0,
D200803,C102768,1/06/2024,29/08/2024,Closed Won,ADD_ON_TKR,TKR Add-on,Partners,dinkster,630,0,Alpha Limited,Construction,46,0,1/10/2024
D200804,C101913,10/04/2024,,Open,PM,People Management,Partners,awong,898,0,Beta Holdings,Manufacturing,1,0,1/11/2024
D200805,C103897,16/04/2024,,Open,PM,People Management,Partners,unassigned,808,0,Wenita Co.,Legal,32,0,1/07/2025
D200806,C104066,16/02/2024,25/04/2024,Closed Lost,ADD_ON_TKR,TKR Add-on,Partners,mkoenen,162,0,Summit Eurotec Trust,Construction,1,0,
D200807,C100872,26/11/2024,1/01/2025,Closed Lost,PM,People Management,Partners,dinkster,838,0,Atlas Eurotec Limited,Education,59,0,
D200808,C104986,25/04/2025,12/07/2025,Closed Won,ADD_ON_TKR,TKR Add-on,Direct,awong,314,0,Nimbus Services,Software,50,0,1/07/2025
D200809,C103962,23/11/2024,24/11/2024,Closed Won,PAYROLL_MPS,Managed Payroll,Partners,awong,7273,0,Eurotec Beta Holdings,Education,34,0,1/12/2024
D200810,C103667,2/10/2024,21/12/2024,Closed Lost,PM,People Management,Direct,dt,891,0,Nimbus Group,Education,6,0,
D200811,C104673,5/06/2024,12/08/2024,Closed Won,PM,People Management,Partners,unassigned,731,0,Alpha Ltd,Accounting,32,0,1/08/2024
D200812,C104967,25/06/2024,19/08/2024,Closed Won,PAYROLL_DIY,Payroll DIY,Direct,dt,2350,0,Eurotec Summit Trust,Accounting,2,0,1/09/2024
D200813,C103123,30/06/2024,4/09/2024,Closed Lost,PAYROLL_DIY,Payroll DIY,Direct,mkoenen,471,0,Duncan Air Limited,Retail,47,0,
D200814,C100964,16/04/2025,,Open,PM,People Management,Direct,dt,1438,0,Atlas Partners,Software,61,0,1/04/2025
D200815,C103981,25/05/2025,26/05/2025,Closed Won,PAYROLL_MPS,Managed Payroll,Partners,mkoenen,5519,0,Harbour Rimu Limited,Education,30,0,1/06/2025
D200816,C100753,13/07/2024,5/08/2024,Closed Won,ADD_ON_TKR,TKR Add-on,Partners,shao,180,0,Summit Services,Manufacturing,32,0,1/08/2024
D200817,C102535,3/06/2024,6/07/2024,Closed Won,PAYROLL_MPS,Managed Payroll,Direct,mkoenen,4365,0,Atlas Partners,Construction,79,0,1/07/2024
D200818,C100536,21/10/2024,28/10/2024,Closed Won,PM,People Management,Direct,unassigned,1380,0,Kauri Group,Education,30,0,1/12/2024
D200819,C104707,7/01/2025,5/04/2025,Closed Won,ADD_ON_TKR,TKR Add-on,Partners,dt,1598,0,Pivot Services,Legal,39,0,1/04/2025
D200820,C104002,3/08/2024,17/09/2024,Closed Won,ADD_ON_TKR,TKR Add-on,Direct,shao,266,0,Kauri Holdings,Healthcare,7,0,1/10/2024
D200821,C101960,24/11/2024,17/02/2025,Closed Won,PAYROLL_DIY,Payroll DIY,Direct,unassigned,2438,0,Kea Partners,Legal,6,0,1/03/2025
D200822,C100363,1/07/2024,,Open,ADD_ON_TKR,TKR Add-on,Partners,dt,603,0,Kauri Holdings,Legal,94,0,1/06/2024
D200823,C101033,4/07/2024,26/07/2024,Closed Won,PAYROLL_DIY,Payroll DIY,Partners,shao,11,0,Rimu Services,Legal,11,0,1/08/2024
D200824,C104714,7/11/2024,21/11/2024,Closed Won,PAYROLL_MPS,Managed Payroll,Partners,awong,2108,0,Summit Partners,Construction,7,0,1/12/2024
D200825,C101844,24/04/2024,4/07/2024,Closed Won,PAYROLL_MPS,Managed Payroll,Direct,mkoenen,3343,0,Duncan Air Kauri Holdings,Construction,64,0,1/08/2024
D200826,C100553,16/01/2025,15/02/2025,Closed Won,PAYROLL_DIY,Payroll DIY,Partners,dt,279,0,Ohomairangi Services,Legal,4,0,1/03/2025
D200827,C102279,24/03/2025,,Open,PAYROLL_MPS,Managed Payroll,Direct,awong,3181,0,Harbour Atlas Co.,Healthcare,34,0,1/07/2025
D200828,C102183,9/02/2025,28/03/2025,Closed Won,PM,People Management,Partners,awong,1305,0,Harbour Co.,Healthcare,11,0,1/04/2025
D200829,C104159,15/06/2025,12/07/2025,Closed Won,PM,People Management,Direct,unassigned,1189,0,Beta Ltd,Accounting,1,0,1/07/2025
D200830,C101903,13/06/2025,,Open,PAYROLL_DIY,Payroll DIY,Direct,unassigned,0,0,Beta Services,Construction,19,0,1/07/2025
D200831,C104222,12/05/2025,10/06/2025,Closed Lost,ADD_ON_TKR,TKR Add-on,Direct,dinkster,927,0,Harbour Partners,Healthcare,66,0,
D200832,C101923,9/08/2024,6/10/2024,Closed Lost,PAYROLL_DIY,Payroll DIY,Partners,mkoenen,3555,0,Tui Group,Legal,44,0,
D200833,C101908,2/04/2024,11/04/2024,Closed Won,ADD_ON_TKR,TKR Add-on,Direct,awong,1113,0,Rimu Holdings,Manufacturing,38,0,1/04/2024
D200834,C104014,29/07/2024,23/08/2024,Closed Lost,PM,People Management,Direct,shao,1276,0,Atlas Pivot Holdings,Accounting,1,0,
D200835,C101730,29/01/2024,7/04/2024,Closed Won,PAYROLL_MPS,Managed Payroll,Direct,awong,4153,0,Kauri Kea Partners,Software,13,0,1/05/2024
D200836,C100790,4/02/2025,11/03/2025,Closed Won,ADD_ON_TKR,TKR Add-on,Partners,shao,1071,0,Summit Duncan Air Limited,Software,28,0,1/03/2025
D200837,C103478,2/12/2024,,Open,PAYROLL_DIY,Payroll DIY,Partners,unassigned,1519,0,Pivot Limited,Education,50,0,1/09/2025
D200838,C100980,12/05/2024,9/07/2024,Closed Won,PAYROLL_MPS,Managed Payroll,Direct,dt,2687,0,Summit Group,Education,39,0,1/07/2024
D200839,C102628,12/01/2024,,Open,PAYROLL_DIY,Payroll DIY,Partners,dt,757,0,Kauri Duncan Air Ltd,Software,64,0,1/10/2024
D200840,C103567,30/11/2024,,Open,ADD_ON_TKR,TKR Add-on,Direct,unassigned,1217,0,Kauri Ltd,Manufacturing,1,0,1/06/2025
D200841,C102961,27/03/2024,,Open,PM,People Management,Partners,mkoenen,0,0,Alpha Kauri Partners,Retail,1,0,1/05/2025
D200842,C100397,29/04/2024,21/07/2024,Closed Lost,ADD_ON_TKR,TKR Add-on,Partners,dt,1898,0,Nimbus Rimu Group,Accounting,63,0,
D200843,C100642,6/11/2024,,Open,PM,People Management,Direct,mkoenen,1572,0,Atlas Partners,Legal,11,0,1/08/2024
D200844,C102226,19/03/2025,25/05/2025,Closed Won,PM,People Management,Direct,nobody,1685,0,Kea Wenita Trust,Education,1,0,1/07/2025
D200845,C103784,29/01/2025,26/02/2025,Closed Won,PM,People Management,Partners,dinkster,1316,0,Ohomairangi Co.,Manufacturing,28,0,1/04/2025
D200846,C101163,15/10/2024,2/11/2024,Closed Won,PM,People Management,Partners,mkoenen,290,0,Atlas Group,Construction,27,0,1/11/2024
D200847,C104154,24/04/2024,8/05/2024,Closed Won,ADD_ON_TKR,TKR Add-on,Partners,shao,682,0,Wenita Group,Accounting,1,0,1/05/2024
D200848,C104928,24/01/2024,7/02/2024,Closed Won,PM,People Management,Direct,mkoenen,1835,0,Kauri Duncan Air Co.,Accounting,67,0,1/03/2024
D200849,C103966,31/01/2025,,Open,PAYROLL_DIY,Payroll DIY,Direct,unassigned,2253,0,Tui Duncan Air Limited,Construction,1,0,1/09/2025
D200850,C100996,14/04/2025,22/04/2025,Closed Won,PAYROLL_MPS,Managed Payroll,Partners,dinkster,0,0,Nimbus Group,Education,75,0,1/05/2025
D200851,C104137,3/07/2024,12/08/2024,Closed Won,PAYROLL_DIY,Payroll DIY,Direct,shao,1674,0,Kea Group,Healthcare,74,0,1/09/2024
D200852,C103636,10/05/2024,6/08/2024,Closed Won,PM,People Management,Partners,unassigned,1329,0,Rimu Atlas Limited,Legal,52,0,1/08/2024
D200853,C102180,2/11/2024,,Open,PM,People Management,Direct,awong,549,0,Beta Holdings,Retail,1,0,1/11/2024
D200854,C104459,18/09/2024,,Open,PAYROLL_MPS,Managed Payroll,Direct,unassigned,5570,0,Nimbus Holdings,Construction,1,0,1/07/2024
D200855,C103904,6/09/2024,1/12/2024,Closed Won,ADD_ON_TKR,TKR Add-on,Partners,dinkster,405,0,Tui Co.,Construction,1,0,1/12/2024
D200856,C102246,31/05/2024,12/08/2024,Closed Won,PAYROLL_DIY,Payroll DIY,Partners,awong,1106,0,Kea Harbour Services,Software,1,0,1/08/2024
D200857,C103279,28/02/2024,10/03/2024,Closed Lost,PAYROLL_DIY,Payroll DIY,Direct,dinkster,1464,0,Atlas Tui Group,Legal,1,0,
D200858,C101725,25/04/2024,9/07/2024,Closed Won,ADD_ON_TKR,TKR Add-on,Direct,dt,1018,0,Harbour Ohomairangi Co.,Healthcare,1,1,1/08/2024
D200859,C103572,5/08/2024,,Open,ADD_ON_TKR,TKR Add-on,Partners,awong,526,0,Summit Group,Retail,44,0,1/01/2025
D200860,C103942,23/04/2024,8/06/2024,Closed Won,ADD_ON_TKR,TKR Add-on,Partners,awong,873,0,Beta Group,Software,55,0,1/06/2024
D200861,C102311,6/02/2024,26/04/2024,Closed Lost,PM,People Management,Partners,dinkster,1165,0,Kea Partners,Retail,71,0,
D200862,C102188,2/10/2024,15/11/2024,Closed Won,ADD_ON_TKR,TKR Add-on,Partners,unassigned,632,0,Rimu Alpha Co.,Accounting,1,0,1/12/2024
D200863,C100216,15/12/2024,,Open,PAYROLL_DIY,Payroll DIY,Partners,shao,2408,0,Kauri Services,Construction,1,0,1/08/2025
D200864,C101170,1/05/2025,12/06/2025,Closed Won,ADD_ON_TKR,TKR Add-on,Direct,unassigned,1233,0,Alpha Pivot Limited,Accounting,1,0,1/07/2025
D200865,C103302,24/01/2024,19/03/2024,Closed Won,PAYROLL_DIY,Payroll DIY,Direct,mkoenen,292,0,Wenita Trust,Software,1,0,1/04/2024
D200866,C104915,19/10/2024,5/12/2024,Closed Won,PAYROLL_DIY,Payroll DIY,Direct,mkoenen,2473,0,Harbour Rimu Partners,Retail,1,1,1/01/2025
D200867,C104304,19/09/2024,21/11/2024,Closed Won,PAYROLL_DIY,Payroll DIY,Partners,dinkster,2306,0,Nimbus Co.,Education,1,1,1/12/2024
D200868,C104767,7/12/2024,5/03/2025,Closed Won,ADD_ON_TKR,TKR Add-on,Direct,dinkster,1243,0,Duncan Air Co.,Education,7,0,1/04/2025
D200869,C103935,5/06/2025,12/06/2025,Closed Won,ADD_ON_TKR,TKR Add-on,Direct,awong,1118,0,Kauri Partners,Education,20,0,1/06/2025
D200870,C104747,19/01/2024,21/03/2024,Closed Won,PM,People Management,Direct,shao,1438,0,Kauri Harbour Co.,Construction,1,0,1/04/2024
D200871,C100030,2/04/2024,28/06/2024,Closed Lost,PM,People Management,Direct,awong,913,0,Summit Rimu Group,Software,26,0,
D200872,C102153,10/02/2024,24/02/2024,Closed Won,PAYROLL_MPS,Managed Payroll,Partners,dt,6612,0,Duncan Air Tui Trust,Construction,1,0,1/04/2024
D200873,C101544,24/08/2024,1/09/2024,Closed Lost,PM,People Management,Partners,mkoenen,791,0,Nimbus Group,Retail,51,0,
D200874,C102376,12/07/2024,8/08/2024,Closed Lost,ADD_ON_TKR,TKR Add-on,Partners,unassigned,1171,0,Kauri Group,Construction,1,1,
D200875,C103926,4/09/2024,14/11/2024,Closed Won,PM,People Management,Direct,unassigned,718,0,Pivot Co.,Construction,30,0,1/12/2024
D200876,C101119,22/03/2024,,Open,PAYROLL_MPS,Managed Payroll,Direct,mkoenen,5263,0,Duncan Air Ltd,Accounting,29,0,1/07/2024
D200877,C104967,29/05/2024,21/08/2024,Closed Won,PM,People Management,Direct,unassigned,730,0,Eurotec Summit Trust,Accounting,2,0,1/09/2024
D200878,C104826,3/09/2024,28/11/2024,Closed Lost,PM,People Management,Direct,shao,533,0,Nimbus Services,Software,30,0,
D200879,C104410,27/01/2025,,Open,PAYROLL_DIY,Payroll DIY,Direct,nobody,2178,0,Kauri Services,Retail,74,0,1/06/2025
D200880,C104889,21/01/2025,,Open,ADD_ON_TKR,TKR Add-on,Partners,shao,781,0,Nimbus Limited,Retail,4,1,1/09/2024
D200881,C101152,19/01/2024,22/02/2024,Closed Won,PAYROLL_DIY,Payroll DIY,Direct,mkoenen,762,0,Pivot Services,Software,1,0,1/03/2024
D200882,C102035,12/04/2025,6/05/2025,Closed Won,ADD_ON_TKR,TKR Add-on,Partners,mkoenen,593,0,Wenita Tui Trust,Accounting,44,0,1/06/2025
D200883,C103031,2/08/2024,,Open,PAYROLL_DIY,Payroll DIY,Direct,awong,1362,0,Rimu Group,Construction,32,0,1/08/2024
D200884,C101845,3/04/2024,,Open,ADD_ON_TKR,TKR Add-on,Direct,unassigned,1341,0,Alpha Ltd,Retail,11,0,1/05/2024
D200885,C100755,6/04/2025,10/04/2025,Closed Won,ADD_ON_TKR,TKR Add-on,Direct,awong,1036,0,Atlas Trust,Legal,1,0,1/04/2025
D200886,C103647,6/08/2024,6/09/2024,Closed Won,ADD_ON_TKR,TKR Add-on,Direct,awong,1474,0,Pivot Group,Accounting,1,0,1/09/2024
D200887,C104518,10/06/2024,,Open,PAYROLL_MPS,Managed Payroll,Partners,awong,6696,0,Pivot Partners,Retail,24,0,1/07/2025
D200888,C102211,12/03/2025,,Open,PAYROLL_DIY,Payroll DIY,Direct,unassigned,2448,0,Pivot Services,Manufacturing,37,0,1/06/2024
D200889,C102267,27/04/2025,8/07/2025,Closed Won,PAYROLL_DIY,Payroll DIY,Direct,dinkster,1589,0,Kea Holdings,Education,5,0,1/07/2025
D200890,C100921,1/12/2024,20/02/2025,Closed Lost,ADD_ON_TKR,TKR Add-on,Direct,shao,1105,0,Wenita Co.,Healthcare,66,0,
D200891,C104050,11/05/2025,4/07/2025,Closed Lost,PAYROLL_DIY,Payroll DIY,Partners,dinkster,3555,0,Eurotec Holdings,Healthcare,24,0,
D200892,C103868,24/12/2024,28/01/2025,Closed Won,PAYROLL_MPS,Managed Payroll,Direct,dinkster,6829,0,Rimu Kauri Partners,Software,31,0,1/02/2025
D200893,C100898,18/05/2025,21/06/2025,Closed Won,PAYROLL_DIY,Payroll DIY,Direct,mkoenen,2220,0,Wenita Limited,Software,12,0,1/07/2025
D200894,C100795,26/01/2025,8/04/2025,Closed Won,PAYROLL_DIY,Payroll DIY,Direct,dt,843,0,Wenita Co.,Construction,1,0,1/04/2025
D200895,C104492,25/01/2025,,Open,PM,People Management,Direct,dinkster,2353,0,Eurotec Duncan Air Co.,Retail,59,0,1/06/2025
D200896,C102285,20/05/2024,23/06/2024,Closed Lost,PAYROLL_MPS,Managed Payroll,Partners,mkoenen,1037,0,Alpha Holdings,Accounting,27,0,
D200897,C101014,20/08/2024,25/10/2024,Closed Won,ADD_ON_TKR,TKR Add-on,Direct,mkoenen,650,0,Pivot Trust,Software,1,0,1/10/2024
D200898,C102087,5/03/2024,17/05/2024,Closed Won,PAYROLL_DIY,Payroll DIY,Partners,shao,968,1,Rimu Group,Retail,63,0,1/05/2024
D200899,C103515,1/07/2025,4/08/2025,Closed Won,PAYROLL_MPS,Managed Payroll,Partners,dinkster,4894,0,Alpha Holdings,Healthcare,75,0,1/09/2025
D200900,C103829,4/02/2025,18/02/2025,Closed Won,PAYROLL_DIY,Payroll DIY,Partners,dinkster,2016,0,Pivot Co.,Manufacturing,19,0,1/02/2025
D200901,C103745,22/12/2024,,Open,PAYROLL_DIY,Payroll DIY,Direct,awong,1925,0,Summit Ltd,Legal,25,0,1/02/2025
D200902,C102326,11/01/2025,8/03/2025,Closed Won,PAYROLL_DIY,Payroll DIY,Partners,mkoenen,1370,0,Nimbus Tui Partners,Retail,6,0,1/03/2025
D200903,C101448,26/08/2024,11/09/2024,Closed Won,PM,People Management,Direct,awong,1339,0,Eurotec Services,Construction,1,0,1/10/2024
D200904,C101447,7/01/2025,17/03/2025,Closed Lost,PAYROLL_MPS,Managed Payroll,Direct,mkoenen,7829,0,Kauri Co.,Accounting,31,0,
D200905,C104720,14/04/2024,20/04/2024,Closed Won,PM,People Management,Partners,dinkster,1022,0,Atlas Services,Education,10,0,1/05/2024
D200906,C104419,30/01/2024,25/04/2024,Closed Won,PAYROLL_MPS,Managed Payroll,Partners,mkoenen,4399,0,Rimu Limited,Education,81,0,1/05/2024
D200907,C102930,17/05/2025,,Open,PAYROLL_DIY,Payroll DIY,Direct,mkoenen,2195,0,Nimbus Co.,Healthcare,1,0,1/03/2025
D200908,C101973,13/04/2025,31/05/2025,Closed Won,PM,People Management,Partners,dt,658,0,Harbour Co.,Education,12,0,1/06/2025
D200909,C104690,19/02/2025,,Open,PM,People Management,Partners,unassigned,1421,0,Atlas Trust,Legal,15,0,1/03/2024
D200910,C101994,19/01/2025,13/02/2025,Closed Won,PAYROLL_MPS,Managed Payroll,Direct,dt,4095,1,Wenita Pivot Co.,Software,11,0,1/03/2025
D200911,C102197,19/01/2024,31/03/2024,Closed Lost,ADD_ON_TKR,TKR Add-on,Direct,unassigned,921,0,Kea Partners,Retail,33,0,
D200912,C101639,21/10/2024,,Open,PAYROLL_DIY,Payroll DIY,Direct,nobody,750,0,Duncan Air Holdings,Accounting,19,0,1/12/2024
D200913,C101973,24/08/2024,,Open,PAYROLL_DIY,Payroll DIY,Partners,mkoenen,1531,0,Harbour Co.,Education,12,0,1/05/2025
D200914,C103392,2/01/2024,20/03/2024,Closed Lost,ADD_ON_TKR,TKR Add-on,Direct,mkoenen,616,0,Wenita Wenita Services,Healthcare,43,0,
D200915,C102315,23/04/2025,,Open,PAYROLL_DIY,Payroll DIY,Partners,unassigned,873,0,Kea Group,Legal,36,0,1/07/2024
D200916,C104002,26/06/2025,17/07/2025,Closed Lost,ADD_ON_TKR,TKR Add-on,Partners,dinkster,1760,0,Kauri Holdings,Healthcare,7,0,
D200917,C100409,1/05/2024,,Open,PM,People Management,Partners,dinkster,1239,0,Beta Trust,Accounting,36,0,1/08/2025
D200918,C104439,16/10/2024,25/11/2024,Closed Won,PAYROLL_DIY,Payroll DIY,Partners,shao,2007,1,Kauri Co.,Manufacturing,1,0,1/12/2024
D200919,C101147,3/07/2025,13/08/2025,Closed Won,PM,People Management,Direct,awong,564,0,Kauri Services,Manufacturing,1,0,1/08/2025
D200920,C104179,30/04/2025,14/06/2025,Closed Lost,PAYROLL_DIY,Payroll DIY,Partners,awong,1789,0,Duncan Air Atlas Ltd,Software,1,0,
D200921,C104201,26/01/2024,7/02/2024,Closed Won,PM,People Management,Direct,shao,896,0,Kea Wenita Limited,Manufacturing,44,0,1/03/2024
D200922,C100341,8/10/2024,25/11/2024,Closed Lost,PAYROLL_DIY,Payroll DIY,Partners,mkoenen,2174,0,Rimu Ohomairangi Ltd,Accounting,88,0,
D200923,C101191,26/01/2025,11/04/2025,Closed Lost,PM,People Management,Partners,shao,2250,0,Atlas Partners,Software,1,0,
D200924,C101235,13/01/2025,9/02/2025,Closed Won,PAYROLL_DIY,Payroll DIY,Partners,awong,2162,0,Ohomairangi Partners,Construction,24,0,1/03/2025
D200925,C101667,3/05/2025,11/06/2025,Closed Won,PAYROLL_DIY,Payroll DIY,Direct,unassigned,903,0,Tui Eurotec Trust,Construction,21,0,1/06/2025
D200926,C104739,21/10/2024,,Open,ADD_ON_TKR,TKR Add-on,Partners,shao,741,0,Pivot Ltd,Legal,46,1,1/04/2025
D200927,C102581,13/10/2024,6/12/2024,Closed Won,PAYROLL_DIY,Payroll DIY,Partners,awong,1446,0,Ohomairangi Group,Healthcare,19,1,1/01/2025
D200928,C101906,20/04/2024,9/07/2024,Closed Won,ADD_ON_TKR,TKR Add-on,Partners,shao,1054,0,Rimu Trust,Education,24,0,1/07/2024
D200929,C101818,14/06/2025,15/07/2025,Closed Won,PAYROLL_DIY,Payroll DIY,Partners,awong,1971,0,Nimbus Partners,Construction,14,0,1/07/2025
D200930,C100132,21/09/2024,31/10/2024,Closed Won,PAYROLL_MPS,Managed Payroll,Partners,mkoenen,6593,0,Kea Nimbus Services,Software,26,0,1/12/2024
D200931,C102576,3/05/2025,20/07/2025,Closed Lost,ADD_ON_TKR,TKR Add-on,Partners,shao,917,0,Pivot Group,Retail,13,0,
D200932,C101585,26/06/2025,6/09/2025,Closed Won,PAYROLL_MPS,Managed Payroll,Direct,shao,3298,0,Tui Co.,Retail,1,0,1/09/2025
D200933,C103802,26/05/2025,22/08/2025,Closed Won,ADD_ON_TKR,TKR Add-on,Partners,awong,-843,0,Harbour Partners,Legal,25,0,1/09/2025
D200934,C103391,11/07/2024,17/09/2024,Closed Won,PAYROLL_MPS,Managed Payroll,Direct,mkoenen,6242,0,Kauri Kauri Ltd,Healthcare,101,1,1/09/2024
D200935,C104289,5/03/2024,,Open,PAYROLL_MPS,Managed Payroll,Partners,dt,4344,0,Alpha Tui Holdings,Software,62,0,1/06/2025
D200936,C102181,21/01/2025,24/01/2025,Closed Won,ADD_ON_TKR,TKR Add-on,Direct,unassigned,674,0,Alpha Holdings,Education,3,0,1/02/2025
D200937,C103627,9/01/2024,15/01/2024,Closed Won,PAYROLL_DIY,Payroll DIY,Direct,dinkster_tmp,1495,0,Duncan Air Ltd,Retail,3,0,1/01/2024
D200938,C102117,20/09/2024,,Open,ADD_ON_TKR,TKR Add-on,Direct,dinkster,947,0,Kea Services,Healthcare,12,0,1/02/2025
D200939,C103750,18/05/2024,11/06/2024,Closed Won,PAYROLL_DIY,Payroll DIY,Direct,awong,2673,0,Ohomairangi Co.,Education,1,0,1/07/2024
D200940,C103399,31/10/2024,21/01/2025,Closed Won,ADD_ON_TKR,TKR Add-on,Partners,shao,791,0,Atlas Services,Accounting,6,0,1/03/2025
D200941,C102739,3/09/2024,20/09/2024,Closed Won,ADD_ON_TKR,TKR Add-on,Partners,awong,748,0,Kauri Harbour Group,Accounting,105,0,1/10/2024
D200942,C100806,28/08/2024,24/10/2024,Closed Lost,PAYROLL_MPS,Managed Payroll,Direct,dinkster,5951,0,Harbour Limited,Accounting,48,0,
D200943,C102212,7/05/2025,12/06/2025,Closed Lost,PM,People Management,Direct,shao,1666,0,Beta Group,Software,31,0,
D200944,C100319,26/12/2024,15/03/2025,Closed Lost,ADD_ON_TKR,TKR Add-on,Partners,mkoenen,1209,0,Tui Services,Software,27,0,
D200945,C103284,16/09/2024,,Open,PAYROLL_DIY,Payroll DIY,Partners,mkoenen,0,0,Ohomairangi Pivot Trust,Construction,53,0,1/11/2024
D200946,C103979,7/06/2025,1/08/2025,Closed Lost,PM,People Management,Direct,dinkster,1053,0,Tui Partners,Healthcare,33,0,
D200947,C103722,27/06/2024,9/09/2024,Closed Lost,PAYROLL_DIY,Payroll DIY,Partners,shao,2467,0,Nimbus Co.,Accounting,1,0,
D200948,C103550,25/01/2024,28/02/2024,Closed Won,PAYROLL_DIY,Payroll DIY,Direct,dt,2832,0,Wenita Holdings,Construction,3,0,1/03/2024
D200949,C101105,26/07/2024,,Open,ADD_ON_TKR,TKR Add-on,Direct,shao,576,0,Ohomairangi Limited,Education,1,0,1/05/2025
D200950,C103451,10/07/2024,4/09/2024,Closed Lost,PAYROLL_DIY,Payroll DIY,Direct,shao,1665,0,Atlas Co.,Accounting,5,0,
D200951,C104019,22/03/2024,5/06/2024,Closed Lost,PAYROLL_MPS,Managed Payroll,Partners,shao,0,0,Eurotec Ltd,Manufacturing,1,0,
D200952,C100428,20/03/2024,14/05/2024,Closed Won,ADD_ON_TKR,TKR Add-on,Partners,mkoenen,848,0,Tui Kea Limited,Software,34,0,1/06/2024
D200953,C100684,7/01/2024,21/01/2024,Closed Won,ADD_ON_TKR,TKR Add-on,Partners,dinkster,649,0,Rimu Group,Healthcare,47,0,1/02/2024
D200954,C102036,9/02/2024,10/04/2024,Closed Won,PM,People Management,Partners,shao,1029,0,Harbour Co.,Software,41,1,1/05/2024
D200955,C102578,4/07/2024,,Open,PAYROLL_MPS,Managed Payroll,Partners,unassigned,61,0,Tui Ohomairangi Group,Retail,20,1,1/01/2025
D200956,C101617,27/02/2024,24/03/2024,Closed Won,PAYROLL_MPS,Managed Payroll,Direct,mkoenen,4520,0,Duncan Air Services,Retail,56,0,1/03/2024
D200957,C104359,17/02/2025,,Open,PAYROLL_DIY,Payroll DIY,Direct,mkoenen,900,0,Atlas Ltd,Retail,29,0,1/09/2025
D200958,C102929,4/02/2024,,Open,ADD_ON_TKR,TKR Add-on,Partners,shao,180,0,Pivot Atlas Services,Construction,12,0,1/01/2025
D200959,C102511,27/02/2025,24/04/2025,Closed Won,PM,People Management,Direct,dinkster,1706,0,Harbour Alpha Trust,Education,1,0,1/05/2025
D200960,C100669,25/02/2025,2/05/2025,Closed Won,PM,People Management,Partners,shao,1914,0,Atlas Nimbus Limited,Manufacturing,42,0,1/06/2025
D200961,C104595,20/05/2025,,Open,PAYROLL_MPS,Managed Payroll,Direct,dinkster,3455,0,Ohomairangi Trust,Healthcare,1,0,1/12/2024
D200962,C104336,17/06/2024,,Open,PAYROLL_DIY,Payroll DIY,Direct,mkoenen,2035,0,Beta Trust,Software,1,0,1/03/2024
D200963,C101096,21/05/2025,26/06/2025,Closed Won,PM,People Management,Partners,shao,2508,0,Atlas Partners,Healthcare,3,0,1/07/2025
D200964,C103740,21/06/2025,24/08/2025,Closed Won,PM,People Management,Direct,dinkster,1495,0,Beta Co.,Healthcare,13,0,1/09/2025
D200965,C103938,2/06/2024,,Open,PAYROLL_MPS,Managed Payroll,Partners,awong,3812,0,Eurotec Trust,Retail,1,0,1/03/2025
D200966,C100610,23/01/2024,6/04/2024,Closed Won,ADD_ON_TKR,TKR Add-on,Partners,dinkster,1064,0,Ohomairangi Services,Software,1,0,1/04/2024
D200967,C101054,29/05/2025,14/07/2025,Closed Won,PM,People Management,Partners,awong,1871,0,Beta Partners,Healthcare,61,0,1/08/2025
D200968,C102804,7/01/2025,22/03/2025,Closed Won,PAYROLL_DIY,Payroll DIY,Partners,dt,1436,0,Kea Nimbus Limited,Education,47,0,1/04/2025
D200969,C101826,20/10/2024,23/11/2024,Closed Won,PM,People Management,Direct,unassigned,697,0,Rimu Limited,Legal,39,0,1/12/2024
D200970,C101773,13/03/2024,,Open,PAYROLL_MPS,Managed Payroll,Partners,dt,6587,0,Harbour Services,Accounting,65,0,1/02/2025
D200971,C102671,22/01/2024,18/02/2024,Closed Lost,PAYROLL_DIY,Payroll DIY,Direct,dt,1341,0,Rimu Tui Co.,Healthcare,1,0,
D200972,C102527,4/06/2024,28/08/2024,Closed Won,PAYROLL_DIY,Payroll DIY,Partners,dinkster,675,0,Tui Group,Software,82,0,1/10/2024
D200973,C103994,29/02/2024,4/03/2024,Closed Won,ADD_ON_TKR,TKR Add-on,Direct,dt,624,0,Kauri Partners,Retail,9,0,1/04/2024
D200974,C101780,8/07/2024,31/07/2024,Closed Won,PM,People Management,Direct,shao,2226,0,Atlas Tui Limited,Education,28,0,1/09/2024
D200975,C100328,7/05/2025,29/07/2025,Closed Won,PAYROLL_MPS,Managed Payroll,Partners,dt,4274,0,Kea Holdings,Education,57,0,1/08/2025
D200976,C101563,21/03/2025,,Open,PAYROLL_MPS,Managed Payroll,Partners,dt,3671,0,Kauri Group,Accounting,31,0,1/09/2025
D200977,C104802,17/08/2024,,Open,PM,People Management,Partners,unassigned,1659,0,Rimu Alpha Ltd,Healthcare,13,0,1/02/2025
D200978,C104953,19/01/2024,5/03/2024,Closed Won,PAYROLL_DIY,Payroll DIY,Partners,dt,1069,0,Summit Group,Manufacturing,18,0,1/03/2024
D200979,C104047,11/04/2024,24/05/2024,Closed Won,PAYROLL_MPS,Managed Payroll,Direct,shao,4397,0,Atlas Trust,Software,38,1,1/07/2024
D200980,C101746,1/11/2024,,Open,PM,People Management,Partners,awong,1755,0,Ohomairangi Limited,Construction,50,0,1/01/2025
D200981,C100922,21/01/2024,,Open,PAYROLL_DIY,Payroll DIY,Direct,mkoenen,2364,0,Ohomairangi Services,Retail,13,0,1/07/2025
D200982,C104274,20/04/2025,21/04/2025,Closed Won,PM,People Management,Direct,unassigned,331,0,Tui Partners,Retail,11,0,1/05/2025
D200983,C100022,4/12/2024,,Open,ADD_ON_TKR,TKR Add-on,Partners,dt,753,0,Eurotec Duncan Air Ltd,Legal,10,0,1/10/2024
D200984,C101374,24/05/2025,13/07/2025,Closed Won,PAYROLL_MPS,Managed Payroll,Direct,mkoenen,2835,0,Atlas Alpha Limited,Software,42,0,1/08/2025
D200985,C102131,30/07/2024,17/08/2024,Closed Won,PAYROLL_DIY,Payroll DIY,Partners,dinkster,1889,0,Pivot Services,Legal,1,0,1/09/2024
D200986,C104986,1/10/2024,,Open,PAYROLL_DIY,Payroll DIY,Partners,unassigned,0,0,Nimbus Services,Software,50,0,1/08/2024
D200987,C102152,26/07/2024,27/07/2024,Closed Lost,PAYROLL_MPS,Managed Payroll,Partners,mkoenen,1657,0,Summit Ltd,Accounting,82,0,
D200988,C101872,27/02/2025,28/02/2025,Closed Won,ADD_ON_TKR,TKR Add-on,Direct,dinkster,895,0,Duncan Air Group,Healthcare,1,1,1/04/2025
D200989,C100734,28/06/2025,15/07/2025,Closed Won,PAYROLL_DIY,Payroll DIY,Partners,dinkster,2122,0,Harbour Partners,Legal,39,0,1/07/2025
D200990,C100632,21/02/2025,,Open,ADD_ON_TKR,TKR Add-on,Partners,awong,-1099,0,Eurotec Trust,Accounting,51,0,1/05/2025
D200991,C100664,2/01/2024,,Open,ADD_ON_TKR,TKR Add-on,Partners,dinkster,906,0,Rimu Limited,Manufacturing,1,0,1/06/2024
D200992,C103234,6/01/2025,31/01/2025,Closed Lost,PAYROLL_MPS,Managed Payroll,Partners,mkoenen,4344,0,Pivot Limited,Manufacturing,25,0,
D200993,C101244,4/09/2024,22/11/2024,Closed Won,PM,People Management,Partners,unassigned,1215,0,Beta Pivot Group,Manufacturing,39,0,1/12/2024
D200994,C100800,19/01/2025,,Open,PM,People Management,Direct,mkoenen,1603,0,Wenita Ltd,Manufacturing,1,0,1/05/2024
D200995,C104449,1/01/2024,,Open,PAYROLL_DIY,Payroll DIY,Partners,shao,1848,0,Duncan Air Trust,Legal,31,0,1/04/2024
D200996,C100912,26/12/2024,,Open,ADD_ON_TKR,TKR Add-on,Direct,awong,575,0,Tui Co.,Software,40,0,1/08/2025
D200997,C102716,1/03/2024,17/03/2024,Closed Won,ADD_ON_TKR,TKR Add-on,Partners,mkoenen,628,0,Beta Services,Accounting,1,0,1/03/2024
D200998,C103630,3/02/2024,23/04/2024,Closed Lost,ADD_ON_TKR,TKR Add-on,Direct,dt,1172,0,Kea Tui Ltd,Construction,14,0,
D200999,C104188,12/08/2024,6/11/2024,Closed Won,ADD_ON_TKR,TKR Add-on,Partners,unassigned,94,0,Tui Nimbus Group,Software,1,0,1/11/2024
D201000,C101775,11/04/2025,2/06/2025,Closed Won,ADD_ON_TKR,TKR Add-on,Partners,shao,0,0,Duncan Air Partners,Manufacturing,18,0,1/06/2025
D201001,C104668,26/03/2025,7/05/2025,Closed Won,PM,People Management,Partners,dinkster,1180,0,Wenita Trust,Software,30,0,1/05/2025
D201002,C101770,28/01/2025,17/02/2025,Closed Won,PAYROLL_DIY,Payroll DIY,Direct,dinkster,1470,0,Kauri Ltd,Education,11,0,1/03/2025
D201003,C102406,19/02/2025,8/05/2025,Closed Won,PAYROLL_DIY,Payroll DIY,Direct,mkoenen,1754,0,Nimbus Trust,Software,25,0,1/06/2025
D201004,C101774,18/04/2024,30/06/2024,Closed Won,ADD_ON_TKR,TKR Add-on,Direct,mkoenen,941,0,Atlas Co.,Accounting,20,0,1/07/2024
D201005,C100610,4/09/2024,18/11/2024,Closed Won,PAYROLL_DIY,Payroll DIY,Direct,dinkster,3633,0,Ohomairangi Services,Software,1,0,1/11/2024
D201006,C102144,2/03/2024,,Open,PAYROLL_DIY,Payroll DIY,Partners,awong,1783,0,Kea Kauri Limited,Manufacturing,1,0,1/12/2024
D201007,C100595,13/06/2024,21/08/2024,Closed Won,PAYROLL_DIY,Payroll DIY,Direct,dt,2323,0,Eurotec Atlas Partners,Retail,35,0,1/09/2024
D201008,C104281,15/03/2024,,Open,PM,People Management,Partners,awong,1610,0,Alpha Kauri Group,Education,8,0,1/09/2025
D201009,C101246,11/10/2024,12/10/2024,Closed Won,ADD_ON_TKR,TKR Add-on,Partners,awong,512,0,Alpha Ltd,Manufacturing,4,0,1/11/2024
D201010,C101258,13/10/2024,,Open,PAYROLL_DIY,Payroll DIY,Partners,dt,817,0,Pivot Eurotec Partners,Legal,1,0,1/04/2025
D201011,C102333,7/01/2024,15/01/2024,Closed Won,PAYROLL_MPS,Managed Payroll,Direct,dinkster,0,0,Nimbus Co.,Construction,59,1,1/02/2024
D201012,C104574,21/03/2025,10/04/2025,Closed Won,PM,People Management,Partners,unassigned,1031,0,Harbour Group,Legal,54,1,1/05/2025
D201013,C104145,4/08/2024,20/09/2024,Closed Won,PAYROLL_DIY,Payroll DIY,Direct,nobody,1472,0,Duncan Air Partners,Software,7,0,1/10/2024
D201014,C101096,28/05/2024,30/07/2024,Closed Won,ADD_ON_TKR,TKR Add-on,Direct,dt,619,0,Atlas Partners,Healthcare,3,0,1/09/2024
D201015,C103037,27/09/2024,2/11/2024,Closed Won,PM,People Management,Direct,awong,632,0,Duncan Air Partners,Retail,27,0,1/11/2024
D201016,C103909,19/02/2025,4/03/2025,Closed Lost,PM,People Management,Direct,shao,826,0,Beta Wenita Services,Education,36,0,
D201017,C101677,26/04/2025,30/06/2025,Closed Won,PAYROLL_MPS,Managed Payroll,Partners,shao,5730,0,Wenita Co.,Education,32,0,1/07/2025
D201018,C101805,30/05/2024,2/07/2024,Closed Won,PAYROLL_MPS,Managed Payroll,Direct,unassigned,4016,0,Tui Eurotec Trust,Legal,1,0,1/07/2024
D201019,C104519,7/01/2024,5/02/2024,Closed Won,PM,People Management,Direct,awong,138,0,Atlas Services,Manufacturing,46,0,1/02/2024
D201020,C100362,8/11/2024,,Open,PAYROLL_MPS,Managed Payroll,Partners,awong,5306,0,Rimu Group,Accounting,20,0,1/10/2024
D201021,C103610,3/07/2024,30/08/2024,Closed Lost,PAYROLL_DIY,Payroll DIY,Partners,shao,2539,0,Wenita Group,Construction,61,0,
D201022,C101782,24/01/2025,1/02/2025,Closed Won,PM,People Management,Partners,dt,323,0,Nimbus Ltd,Construction,9,0,1/02/2025
D201023,C103769,17/01/2025,,Open,PAYROLL_DIY,Payroll DIY,Direct,dinkster,2544,0,Atlas Group,Healthcare,41,0,1/06/2025
D201024,C101761,3/11/2024,,Open,PM,People Management,Partners,mkoenen,1646,0,Eurotec Ltd,Accounting,27,0,1/09/2025
D201025,C103994,1/04/2024,28/05/2024,Closed Won,ADD_ON_TKR,TKR Add-on,Direct,dt,396,0,Kauri Partners,Retail,9,0,1/06/2024
D201026,C104420,18/03/2024,,Open,PAYROLL_MPS,Managed Payroll,Direct,unassigned,5281,0,Atlas Rimu Ltd,Healthcare,7,0,1/05/2024
D201027,C103987,2/02/2025,11/03/2025,Closed Won,PM,People Management,Direct,shao,617,1,Tui Limited,Accounting,48,0,1/04/2025
D201028,C101683,14/10/2024,,Open,PM,People Management,Partners,shao,888,0,Tui Ltd,Construction,42,0,1/05/2025
D201029,C103080,15/02/2024,,Open,ADD_ON_TKR,TKR Add-on,Direct,dt,979,0,Atlas Limited,Software,90,0,1/08/2025
D201030,C104335,23/07/2024,12/08/2024,Closed Won,PAYROLL_MPS,Managed Payroll,Direct,mkoenen,6245,0,Kea Harbour Trust,Accounting,58,0,1/09/2024
D201031,C104058,18/04/2024,,Open,PAYROLL_MPS,Managed Payroll,Partners,unassigned,4199,0,Beta Harbour Services,Software,66,0,1/10/2024
D201032,C103401,29/06/2024,4/07/2024,Closed Won,ADD_ON_TKR,TKR Add-on,Partners,awong,318,1,Duncan Air Co.,Software,9,0,1/08/2024
D201033,C104492,10/06/2025,,Open,ADD_ON_TKR,TKR Add-on,Direct,dt,0,0,Eurotec Duncan Air Co.,Retail,59,0,1/06/2024
D201034,C104881,27/06/2024,,Open,PAYROLL_MPS,Managed Payroll,Partners,awong,1706,0,Pivot Atlas Services,Legal,1,0,1/06/2024
D201035,C104141,20/10/2024,24/11/2024,Closed Won,PAYROLL_MPS,Managed Payroll,Partners,shao,4022,0,Alpha Eurotec Limited,Legal,31,0,1/01/2025
D201036,C104049,22/05/2025,,Open,PAYROLL_MPS,Managed Payroll,Direct,awong,4822,0,Rimu Ltd,Manufacturing,1,0,1/08/2024
D201037,C102433,3/09/2024,18/11/2024,Closed Won,ADD_ON_TKR,TKR Add-on,Partners,dinkster,736,0,Atlas Trust,Education,17,0,1/12/2024
D201038,C100995,3/02/2024,11/04/2024,Closed Won,ADD_ON_TKR,TKR Add-on,Partners,mkoenen,1606,0,Kea Rimu Trust,Healthcare,69,0,1/04/2024
D201039,C103610,12/11/2024,10/12/2024,Closed Won,PAYROLL_DIY,Payroll DIY,Direct,unassigned,1256,0,Wenita Group,Construction,61,0,1/01/2025
D201040,C100138,11/11/2024,13/12/2024,Closed Won,PAYROLL_MPS,Managed Payroll,Partners,dinkster,6008,0,Pivot Group,Construction,16,0,1/01/2025
D201041,C100199,24/09/2024,8/11/2024,Closed Won,PAYROLL_MPS,Managed Payroll,Partners,shao,2343,0,Kauri Ltd,Construction,27,0,1/11/2024
D201042,C101845,9/04/2024,,Open,PAYROLL_DIY,Payroll DIY,Direct,mkoenen,1815,0,Alpha Ltd,Retail,11,0,1/08/2025
D201043,C101278,18/07/2024,21/07/2024,Closed Won,PAYROLL_DIY,Payroll DIY,Direct,unassigned,1471,0,Atlas Partners,Manufacturing,25,0,1/08/2024
D201044,C100745,15/11/2024,21/12/2024,Closed Won,ADD_ON_TKR,TKR Add-on,Partners,awong,31,0,Beta Group,Legal,44,0,1/01/2025
D201045,C102312,8/01/2025,23/03/2025,Closed Won,PAYROLL_DIY,Payroll DIY,Partners,unassigned,3007,0,Summit Partners,Manufacturing,51,0,1/04/2025
D201046,C101694,6/01/2025,27/02/2025,Closed Won,PAYROLL_MPS,Managed Payroll,Partners,shao,2682,0,Nimbus Wenita Co.,Legal,28,0,1/03/2025
D201047,C100290,6/01/2025,19/02/2025,Closed Lost,PAYROLL_DIY,Payroll DIY,Direct,shao,3375,0,Harbour Group,Manufacturing,17,0,
D201048,C104804,2/06/2024,3/06/2024,Closed Won,ADD_ON_TKR,TKR Add-on,Partners,awong,248,0,Duncan Air Rimu Limited,Accounting,22,0,1/07/2024
D201049,C101821,28/01/2025,5/04/2025,Closed Won,PM,People Management,Partners,dinkster,829,1,Eurotec Group,Accounting,10,0,1/05/2025
D201050,C100095,29/01/2024,,Open,PM,People Management,Direct,mkoenen,1030,0,Atlas Co.,Retail,21,0,1/05/2024
D201051,C100993,1/10/2024,2/10/2024,Closed Won,PAYROLL_DIY,Payroll DIY,Direct,dt,2104,0,Summit Holdings,Legal,65,0,1/11/2024
D201052,C102379,1/02/2025,,Open,PM,People Management,Direct,awong,706,0,Nimbus Wenita Trust,Manufacturing,35,0,1/08/2024
D201053,C100777,19/01/2025,,Open,PAYROLL_DIY,Payroll DIY,Direct,mkoenen,837,0,Nimbus Kea Ltd,Accounting,34,0,1/11/2024
D201054,C102859,3/02/2024,18/03/2024,Closed Won,PAYROLL_DIY,Payroll DIY,Direct,mkoenen,720,0,Alpha Limited,Construction,60,0,1/03/2024
D201055,C101306,28/05/2024,2/08/2024,Closed Lost,PM,People Management,Direct,unassigned,394,0,Ohomairangi Trust,Healthcare,20,0,
D201056,C104571,26/05/2025,,Open,PAYROLL_MPS,Managed Payroll,Direct,shao,6827,0,Pivot Limited,Education,10,0,1/06/2024
D201057,C101862,27/01/2025,,Open,PM,People Management,Direct,dinkster,1056,0,Harbour Trust,Legal,29,0,1/04/2024
D201058,C101168,25/04/2025,9/07/2025,Closed Won,ADD_ON_TKR,TKR Add-on,Partners,dinkster,549,0,Atlas Limited,Manufacturing,13,0,1/07/2025
D201059,C101189,19/01/2024,,Open,PM,People Management,Partners,mkoenen,1635,0,Kea Summit Holdings,Education,19,0,1/09/2025
D201060,C103678,22/05/2024,18/06/2024,Closed Lost,ADD_ON_TKR,TKR Add-on,Direct,awong,0,0,Kauri Group,Manufacturing,47,0,
D201061,C104272,29/04/2024,24/06/2024,Closed Won,PM,People Management,Partners,awong,0,0,Alpha Partners,Construction,39,0,1/08/2024
D201062,C103505,14/01/2024,1/03/2024,Closed Won,PAYROLL_MPS,Managed Payroll,Partners,dinkster,3462,0,Kea Holdings,Legal,6,0,1/03/2024
D201063,C101529,29/01/2024,,Open,PM,People Management,Partners,awong,874,0,Ohomairangi Kauri Holdings,Software,17,0,1/06/2024
D201064,C103679,7/02/2024,18/04/2024,Closed Won,PM,People Management,Direct,dt,1485,0,Alpha Group,Education,10,0,1/05/2024
D201065,C100846,27/01/2024,,Open,PAYROLL_MPS,Managed Payroll,Partners,unassigned,7577,0,Nimbus Ltd,Construction,1,1,1/05/2025
D201066,C100498,26/01/2025,3/03/2025,Closed Won,ADD_ON_TKR,TKR Add-on,Partners,mkoenen,649,0,Duncan Air Services,Accounting,50,0,1/04/2025
D201067,C100474,20/03/2024,29/04/2024,Closed Lost,PAYROLL_MPS,Managed Payroll,Direct,dinkster,5208,0,Harbour Limited,Software,59,0,
D201068,C104215,18/03/2025,6/04/2025,Closed Won,PM,People Management,Partners,awong,1533,0,Atlas Ltd,Education,77,0,1/05/2025
D201069,C104436,23/02/2025,7/05/2025,Closed Won,PAYROLL_DIY,Payroll DIY,Direct,dt,1182,0,Duncan Air Co.,Legal,5,0,1/05/2025
D201070,C104953,13/02/2024,,Open,PM,People Management,Direct,awong,1950,0,Summit Group,Manufacturing,18,0,1/07/2024
D201071,C101859,23/06/2025,7/07/2025,Closed Won,ADD_ON_TKR,TKR Add-on,Partners,mkoenen,383,0,Atlas Trust,Legal,38,0,1/08/2025
D201072,C101007,18/01/2024,21/03/2024,Closed Won,PAYROLL_DIY,Payroll DIY,Partners,awong,1268,0,Nimbus Holdings,Construction,73,0,1/04/2024
D201073,C103575,29/04/2024,,Open,PAYROLL_MPS,Managed Payroll,Partners,mkoenen,8652,0,Ohomairangi Services,Accounting,1,0,1/12/2024
D201074,C102600,16/01/2025,12/03/2025,Closed Won,PM,People Management,Partners,dt,1164,0,Summit Services,Construction,1,0,1/04/2025
D201075,C101870,15/05/2025,,Open,PAYROLL_MPS,Managed Payroll,Direct,dt,2699,0,Atlas Group,Healthcare,13,0,1/04/2024
D201076,C100894,28/09/2024,28/10/2024,Closed Won,PM,People Management,Direct,awong,948,0,Tui Group,Manufacturing,8,0,1/11/2024
D201077,C104483,28/03/2024,23/05/2024,Closed Lost,PAYROLL_DIY,Payroll DIY,Partners,unassigned,1268,0,Beta Co.,Software,37,0,
D201078,C102195,9/07/2024,,Open,ADD_ON_TKR,TKR Add-on,Direct,mkoenen,319,0,Rimu Co.,Healthcare,51,0,1/06/2024
D201079,C104305,26/09/2024,6/10/2024,Closed Won,PAYROLL_MPS,Managed Payroll,Partners,unassigned,4805,0,Duncan Air Holdings,Accounting,27,0,1/11/2024
D201080,C100535,21/04/2024,28/05/2024,Closed Lost,ADD_ON_TKR,TKR Add-on,Partners,shao,355,0,Ohomairangi Ltd,Healthcare,15,0,
D201081,C102816,15/11/2024,27/12/2024,Closed Won,PM,People Management,Partners,dinkster,1365,0,Eurotec Partners,Retail,45,0,1/02/2025
D201082,C104193,30/06/2025,23/07/2025,Closed Won,ADD_ON_TKR,TKR Add-on,Partners,shao,1602,0,Nimbus Rimu Limited,Accounting,40,0,1/09/2025
D201083,C101592,16/02/2024,27/04/2024,Closed Won,PM,People Management,Partners,dt,1304,1,Eurotec Co.,Education,16,0,1/05/2024
D201084,C104337,18/02/2024,,Open,PM,People Management,Direct,dt,1500,0,Rimu Summit Ltd,Legal,58,0,1/06/2024
D201085,C101512,23/06/2025,,Open,ADD_ON_TKR,TKR Add-on,Direct,mkoenen,734,0,Duncan Air Partners,Legal,1,0,1/08/2025
D201086,C104465,13/04/2025,8/06/2025,Closed Won,PAYROLL_MPS,Managed Payroll,Direct,dinkster,2843,0,Nimbus Limited,Manufacturing,1,0,1/07/2025
D201087,C101650,16/06/2025,17/06/2025,Closed Lost,PM,People Management,Partners,awong_tmp,1160,0,Rimu Services,Legal,55,0,
D201088,C101882,10/10/2024,2/01/2025,Closed Lost,PAYROLL_DIY,Payroll DIY,Partners,dinkster,2207,0,Kea Limited,Accounting,60,0,
D201089,C104546,8/04/2024,8/05/2024,Closed Won,ADD_ON_TKR,TKR Add-on,Direct,unassigned,1218,0,Harbour Holdings,Software,51,0,1/05/2024
D201090,C102980,19/12/2024,,Open,PAYROLL_MPS,Managed Payroll,Partners,unassigned,5023,0,Wenita Duncan Air Group,Legal,67,0,1/08/2024
D201091,C100420,1/09/2024,11/10/2024,Closed Won,PAYROLL_DIY,Payroll DIY,Partners,dt,1640,0,Wenita Group,Healthcare,8,0,1/11/2024
D201092,C103867,12/06/2024,9/09/2024,Closed Won,PM,People Management,Direct,awong,668,0,Ohomairangi Co.,Manufacturing,1,0,1/10/2024
D201093,C101993,30/03/2025,28/04/2025,Closed Lost,PM,People Management,Direct,awong,873,0,Nimbus Trust,Healthcare,7,0,
D201094,C103670,13/06/2025,7/08/2025,Closed Won,PM,People Management,Direct,dt,562,0,Pivot Kauri Ltd,Manufacturing,68,0,1/08/2025
D201095,C100350,25/03/2025,3/05/2025,Closed Won,ADD_ON_TKR,TKR Add-on,Direct,unassigned,1027,0,Kea Atlas Co.,Legal,14,0,1/06/2025
D201096,C101304,24/08/2024,,Open,ADD_ON_TKR,TKR Add-on,Partners,dt,714,0,Kauri Duncan Air Group,Education,35,0,1/01/2025
D201097,C100634,3/06/2024,4/06/2024,Closed Lost,PM,People Management,Partners,mkoenen,1885,0,Ohomairangi Eurotec Services,Education,64,0,
D201098,C104602,25/07/2024,,Open,PAYROLL_MPS,Managed Payroll,Partners,dt,3006,0,Wenita Group,Retail,58,0,1/08/2025
D201099,C104556,11/03/2025,12/05/2025,Closed Lost,PAYROLL_MPS,Managed Payroll,Direct,mkoenen,5036,0,Harbour Trust,Construction,1,0,
D201100,C101542,5/12/2024,5/01/2025,Closed Lost,ADD_ON_TKR,TKR Add-on,Direct,mkoenen,1168,0,Beta Tui Partners,Construction,13,0,
D201101,C103401,18/02/2025,,Open,PAYROLL_MPS,Managed Payroll,Direct,mkoenen,5177,0,Duncan Air Co.,Software,9,0,1/02/2025
D201102,C104154,5/10/2024,18/11/2024,Closed Won,ADD_ON_TKR,TKR Add-on,Partners,mkoenen,658,0,Wenita Group,Accounting,1,0,1/12/2024
D201103,C103391,16/03/2024,12/06/2024,Closed Won,PAYROLL_MPS,Managed Payroll,Partners,dinkster,5072,0,Kauri Kauri Ltd,Healthcare,101,1,1/06/2024
D201104,C103091,8/02/2024,14/03/2024,Closed Won,PM,People Management,Partners,awong,538,0,Duncan Air Group,Construction,70,0,1/04/2024
D201105,C101417,6/12/2024,,Open,PAYROLL_DIY,Payroll DIY,Partners,awong,2620,0,Harbour Wenita Ltd,Healthcare,73,0,1/04/2024
D201106,C101325,25/10/2024,30/12/2024,Closed Won,PAYROLL_DIY,Payroll DIY,Partners,shao,2483,0,Nimbus Group,Manufacturing,56,0,1/01/2025
D201107,C103074,22/11/2024,8/12/2024,Closed Won,PAYROLL_DIY,Payroll DIY,Partners,awong,-2830,0,Beta Trust,Accounting,19,0,1/12/2024
D201108,C104115,30/07/2024,26/08/2024,Closed Lost,PAYROLL_DIY,Payroll DIY,Direct,shao,1084,0,Atlas Pivot Limited,Legal,17,0,
D201109,C100350,8/03/2024,,Open,ADD_ON_TKR,TKR Add-on,Partners,mkoenen,163,0,Kea Atlas Co.,Legal,14,0,1/06/2024
D201110,C101216,13/03/2024,,Open,ADD_ON_TKR,TKR Add-on,Direct,dinkster,618,0,Tui Partners,Healthcare,87,0,1/06/2025
D201111,C102325,28/04/2024,19/06/2024,Closed Won,PAYROLL_DIY,Payroll DIY,Direct,unassigned,2467,0,Summit Beta Co.,Legal,79,0,1/07/2024
D201112,C100547,17/12/2024,28/12/2024,Closed Won,ADD_ON_TKR,TKR Add-on,Partners,mkoenen,634,0,Tui Co.,Construction,85,0,1/01/2025
D201113,C104180,27/03/2024,26/04/2024,Closed Won,ADD_ON_TKR,TKR Add-on,Partners,dinkster,1392,1,Eurotec Partners,Construction,43,0,1/05/2024
D201114,C104559,14/07/2024,7/08/2024,Closed Won,ADD_ON_TKR,TKR Add-on,Direct,dinkster,98,0,Kauri Summit Group,Education,48,0,1/09/2024
D201115,C104820,13/02/2025,20/02/2025,Closed Won,PAYROLL_DIY,Payroll DIY,Partners,dinkster,1324,0,Ohomairangi Partners,Legal,13,0,1/03/2025
D201116,C101827,9/11/2024,13/12/2024,Closed Won,PM,People Management,Direct,shao,2233,0,Atlas Limited,Legal,47,0,1/12/2024
D201117,C101295,1/08/2024,,Open,PM,People Management,Partners,shao,523,0,Eurotec Ltd,Software,4,0,1/03/2025
D201118,C102250,27/11/2024,23/01/2025,Closed Won,PAYROLL_DIY,Payroll DIY,Direct,mkoenen,2147,0,Atlas Group,Healthcare,9,0,1/03/2025
D201119,C103125,2/08/2024,,Open,PM,People Management,Partners,dt,49,0,Kea Wenita Holdings,Software,51,0,1/07/2024
D201120,C100894,23/02/2024,25/03/2024,Closed Won,ADD_ON_TKR,TKR Add-on,Partners,mkoenen,422,0,Tui Group,Manufacturing,8,0,1/04/2024
D201121,C101053,15/05/2024,31/07/2024,Closed Won,ADD_ON_TKR,TKR Add-on,Partners,shao,831,0,Kea Trust,Manufacturing,1,0,1/09/2024
D201122,C100968,15/05/2024,1/08/2024,Closed Won,PM,People Management,Partners,dinkster,384,0,Harbour Limited,Education,40,0,1/09/2024
D201123,C104328,21/05/2024,5/08/2024,Closed Won,ADD_ON_TKR,TKR Add-on,Partners,dt,667,0,Kauri Atlas Group,Healthcare,18,0,1/08/2024
D201124,C104472,17/06/2025,21/08/2025,Closed Won,ADD_ON_TKR,TKR Add-on,Direct,dt,900,0,Eurotec Limited,Education,41,1,1/10/2025
D201125,C101960,27/11/2024,15/02/2025,Closed Lost,PM,People Management,Direct,unassigned,2517,0,Kea Partners,Legal,6,0,
D201126,C100436,8/04/2025,17/05/2025,Closed Won,PM,People Management,Partners,unassigned,1949,0,Wenita Partners,Software,50,1,1/06/2025
D201127,C103893,10/10/2024,,Open,ADD_ON_TKR,TKR Add-on,Partners,awong,1011,0,Harbour Beta Trust,Manufacturing,7,1,1/06/2025
D201128,C100059,1/09/2024,23/09/2024,Closed Won,PAYROLL_DIY,Payroll DIY,Direct,dinkster,1455,0,Ohomairangi Services,Education,77,0,1/10/2024
D201129,C104382,21/05/2025,22/05/2025,Closed Won,ADD_ON_TKR,TKR Add-on,Partners,awong,674,0,Atlas Group,Education,30,0,1/06/2025
D201130,C101420,26/11/2024,23/01/2025,Closed Won,ADD_ON_TKR,TKR Add-on,Partners,unassigned,1752,0,Ohomairangi Holdings,Construction,6,0,1/03/2025
D201131,C103328,20/02/2025,29/04/2025,Closed Lost,ADD_ON_TKR,TKR Add-on,Direct,mkoenen,1421,0,Harbour Tui Holdings,Retail,64,0,
D201132,C104375,2/05/2024,28/05/2024,Closed Won,PAYROLL_MPS,Managed Payroll,Partners,shao,2423,0,Alpha Limited,Healthcare,49,0,1/07/2024
D201133,C102267,13/05/2025,23/06/2025,Closed Won,PAYROLL_MPS,Managed Payroll,Partners,dinkster,4024,0,Kea Holdings,Education,5,0,1/07/2025
D201134,C102756,21/10/2024,4/11/2024,Closed Won,ADD_ON_TKR,TKR Add-on,Partners,shao,956,0,Alpha Holdings,Healthcare,33,0,1/12/2024
D201135,C102086,3/06/2025,5/06/2025,Closed Won,PAYROLL_DIY,Payroll DIY,Direct,awong,1870,0,Rimu Group,Legal,49,0,1/06/2025
D201136,C104297,12/03/2025,28/05/2025,Closed Lost,PAYROLL_DIY,Payroll DIY,Direct,awong,2398,0,Nimbus Ltd,Legal,1,0,
D201137,C100119,5/10/2024,,Open,PAYROLL_DIY,Payroll DIY,Partners,unassigned,3261,0,Wenita Services,Manufacturing,62,1,1/03/2024
D201138,C103786,9/03/2025,21/03/2025,Closed Won,PAYROLL_MPS,Managed Payroll,Partners,mkoenen,6089,0,Pivot Nimbus Limited,Construction,13,0,1/03/2025
D201139,C102692,22/03/2025,,Open,PM,People Management,Direct,awong,371,0,Ohomairangi Kauri Partners,Education,1,0,1/10/2024
D201140,C103098,26/03/2024,20/06/2024,Closed Won,PAYROLL_MPS,Managed Payroll,Partners,awong,5042,0,Harbour Rimu Services,Education,64,0,1/07/2024
D201141,C103988,8/09/2024,29/11/2024,Closed Lost,ADD_ON_TKR,TKR Add-on,Partners,shao,814,0,Summit Limited,Software,1,0,
D201142,C102965,15/10/2024,24/10/2024,Closed Won,PAYROLL_MPS,Managed Payroll,Direct,shao,4029,0,Nimbus Holdings,Manufacturing,20,0,1/12/2024
D201143,C100424,18/03/2024,,Open,PAYROLL_MPS,Managed Payroll,Direct,dinkster,2044,0,Pivot Tui Group,Software,1,0,1/07/2024
D201144,C102147,3/07/2024,28/08/2024,Closed Won,PAYROLL_MPS,Managed Payroll,Partners,unassigned,5081,0,Alpha Ltd,Legal,28,0,1/09/2024
D201145,C102324,10/04/2025,,Open,PAYROLL_DIY,Payroll DIY,Direct,unassigned,1775,0,Alpha Alpha Trust,Construction,39,0,1/11/2024
D201146,C100722,30/05/2025,,Open,PM,People Management,Direct,dinkster,2076,0,Wenita Partners,Construction,7,0,1/07/2024
D201147,C102582,2/10/2024,16/11/2024,Closed Won,PAYROLL_DIY,Payroll DIY,Direct,awong,1538,0,Alpha Duncan Air Limited,Retail,24,0,1/12/2024
D201148,C102857,10/04/2025,6/06/2025,Closed Won,PAYROLL_MPS,Managed Payroll,Partners,shao,3528,0,Rimu Co.,Software,13,0,1/07/2025
D201149,C102050,4/10/2024,,Open,PAYROLL_MPS,Managed Payroll,Direct,unassigned,5736,0,Alpha Services,Education,1,0,1/11/2024
D201150,C101726,20/04/2024,27/04/2024,Closed Lost,ADD_ON_TKR,TKR Add-on,Partners,nobody,588,0,Nimbus Co.,Accounting,18,0,
D201151,C102224,2/08/2024,,Open,PAYROLL_MPS,Managed Payroll,Partners,shao,1658,0,Harbour Co.,Accounting,16,0,1/04/2025
D201152,C102836,26/01/2025,,Open,PM,People Management,Partners,dinkster,1870,0,Summit Co.,Healthcare,22,0,1/06/2024
D201153,C101879,5/09/2024,13/10/2024,Closed Lost,PAYROLL_MPS,Managed Payroll,Direct,awong,2988,0,Nimbus Beta Group,Retail,17,0,
D201154,C102895,31/03/2025,7/06/2025,Closed Won,PAYROLL_MPS,Managed Payroll,Direct,unassigned,6000,0,Pivot Alpha Limited,Retail,1,0,1/07/2025
D201155,C100099,13/03/2024,24/05/2024,Closed Lost,ADD_ON_TKR,TKR Add-on,Partners,unassigned,1530,0,Atlas Services,Healthcare,1,0,
D201156,C100145,6/04/2025,,Open,PM,People Management,Partners,shao,717,0,Beta Services,Construction,21,0,1/08/2025
D201157,C103665,11/04/2024,,Open,ADD_ON_TKR,TKR Add-on,Partners,dt,1113,0,Harbour Harbour Limited,Software,51,0,1/05/2025
D201158,C100261,15/05/2024,28/06/2024,Closed Won,PAYROLL_MPS,Managed Payroll,Direct,dinkster,7917,0,Kauri Services,Accounting,65,0,1/07/2024
D201159,C103267,22/09/2024,,Open,PM,People Management,Partners,mkoenen,537,0,Kauri Limited,Legal,86,0,1/05/2024
D201160,C102092,2/10/2024,3/12/2024,Closed Won,PAYROLL_MPS,Managed Payroll,Direct,dt,0,0,Rimu Holdings,Legal,94,0,1/12/2024
D201161,C101604,11/02/2025,7/03/2025,Closed Won,PAYROLL_DIY,Payroll DIY,Partners,dt,574,0,Kauri Services,Legal,85,0,1/04/2025
D201162,C103213,1/03/2025,6/04/2025,Closed Lost,ADD_ON_TKR,TKR Add-on,Direct,awong,553,0,Beta Group,Retail,1,0,
D201163,C100204,10/09/2024,7/12/2024,Closed Won,PAYROLL_MPS,Managed Payroll,Direct,nobody,6066,0,Atlas Nimbus Services,Manufacturing,53,0,1/12/2024
D201164,C100742,4/12/2024,15/02/2025,Closed Won,PAYROLL_DIY,Payroll DIY,Direct,mkoenen,1149,0,Ohomairangi Atlas Holdings,Healthcare,49,0,1/03/2025
D201165,C103094,25/01/2024,,Open,PAYROLL_MPS,Managed Payroll,Direct,awong,5569,0,Rimu Group,Healthcare,89,0,1/08/2024
D201166,C103129,15/09/2024,,Open,ADD_ON_TKR,TKR Add-on,Direct,awong,1207,0,Kea Beta Group,Healthcare,1,0,1/12/2024
D201167,C103712,25/06/2025,13/09/2025,Closed Won,PAYROLL_MPS,Managed Payroll,Direct,dinkster,5068,0,Nimbus Limited,Manufacturing,33,0,1/10/2025
D201168,C104126,20/09/2024,28/11/2024,Closed Won,PAYROLL_DIY,Payroll DIY,Direct,unassigned,1297,0,Alpha Services,Education,1,0,1/12/2024
D201169,C102711,14/01/2025,2/03/2025,Closed Won,ADD_ON_TKR,TKR Add-on,Direct,shao,1129,0,Ohomairangi Kea Holdings,Construction,32,0,1/03/2025
D201170,C104825,13/10/2024,,Open,PAYROLL_DIY,Payroll DIY,Direct,dt,709,0,Beta Ltd,Healthcare,4,0,1/07/2024
D201171,C104335,16/10/2024,7/12/2024,Closed Won,PM,People Management,Direct,shao,776,0,Kea Harbour Trust,Accounting,58,0,1/12/2024
D201172,C101736,26/01/2024,5/04/2024,Closed Won,PAYROLL_MPS,Managed Payroll,Direct,mkoenen_tmp,7147,0,Eurotec Holdings,Construction,39,0,1/05/2024
D201173,C101657,20/03/2025,,Open,PAYROLL_DIY,Payroll DIY,Partners,shao,3631,0,Harbour Trust,Manufacturing,29,0,1/07/2024
D201174,C101155,26/07/2024,9/09/2024,Closed Won,PAYROLL_MPS,Managed Payroll,Direct,mkoenen,3054,0,Harbour Limited,Education,1,0,1/10/2024
D201175,C100433,21/09/2024,12/12/2024,Closed Lost,PAYROLL_DIY,Payroll DIY,Partners,unassigned,2215,0,Ohomairangi Group,Healthcare,12,0,
D201176,C102494,25/08/2024,5/10/2024,Closed Won,ADD_ON_TKR,TKR Add-on,Partners,shao,1118,0,Kea Ohomairangi Services,Construction,33,0,1/10/2024
D201177,C103718,1/03/2025,,Open,PAYROLL_MPS,Managed Payroll,Partners,shao,5532,0,Summit Wenita Ltd,Healthcare,80,1,1/05/2024
D201178,C103699,27/04/2024,24/06/2024,Closed Won,PAYROLL_DIY,Payroll DIY,Partners,dt,1377,0,Nimbus Co.,Legal,76,0,1/08/2024
D201179,C101926,24/12/2024,,Open,PM,People Management,Partners,dt,3045,0,Eurotec Partners,Accounting,1,0,1/10/2024
D201180,C102808,25/06/2024,21/08/2024,Closed Won,ADD_ON_TKR,TKR Add-on,Partners,unassigned,579,0,Nimbus Holdings,Construction,41,0,1/09/2024
D201181,C101839,13/06/2024,,Open,PAYROLL_MPS,Managed Payroll,Partners,unassigned,1718,0,Harbour Group,Software,92,0,1/07/2024
D201182,C102891,4/03/2024,26/05/2024,Closed Lost,PAYROLL_DIY,Payroll DIY,Partners,unassigned,1121,0,Kauri Rimu Group,Software,1,0,1/07/2024
D201183,C101153,16/08/2024,25/09/2024,Closed Won,ADD_ON_TKR,TKR Add-on,Partners,shao,550,0,Beta Rimu Trust,Healthcare,27,0,1/11/2024
D201184,C104985,18/12/2024,9/03/2025,Closed Lost,PAYROLL_MPS,Managed Payroll,Direct,dt,6685,0,Kauri Co.,Software,1,0,
D201185,C100141,20/03/2025,25/05/2025,Closed Won,PAYROLL_DIY,Payroll DIY,Partners,unassigned,2874,0,Harbour Services,Legal,36,0,1/06/2025
D201186,C100218,1/07/2025,12/07/2025,Closed Won,PAYROLL_MPS,Managed Payroll,Partners,shao,2653,0,Kea Ohomairangi Trust,Construction,1,0,1/08/2025
D201187,C104085,29/03/2025,30/04/2025,Closed Lost,PM,People Management,Partners,shao,1490,0,Summit Ltd,Education,67,0,
D201188,C103175,27/05/2024,4/08/2024,Closed Won,ADD_ON_TKR,TKR Add-on,Partners,shao,588,0,Duncan Air Services,Healthcare,33,0,1/08/2024
D201189,C102472,19/06/2025,5/09/2025,Closed Won,PAYROLL_MPS,Managed Payroll,Partners,awong,4201,0,Tui Tui Ltd,Education,5,0,1/09/2025
D201190,C102169,22/06/2025,,Open,ADD_ON_TKR,TKR Add-on,Direct,mkoenen,1528,0,Rimu Atlas Partners,Healthcare,69,0,1/09/2025
D201191,C104590,21/04/2025,12/06/2025,Closed Won,PAYROLL_MPS,Managed Payroll,Partners,awong,7057,0,Summit Holdings,Accounting,27,0,1/07/2025
D201192,C103830,11/03/2025,4/04/2025,Closed Won,PAYROLL_MPS,Managed Payroll,Partners,mkoenen,5688,0,Summit Trust,Education,94,0,1/05/2025
D201193,C103036,14/03/2024,15/04/2024,Closed Won,PM,People Management,Direct,unassigned,0,0,Eurotec Holdings,Construction,20,1,1/05/2024
D201194,C102679,8/01/2024,23/02/2024,Closed Lost,ADD_ON_TKR,TKR Add-on,Partners,unassigned,1199,0,Harbour Atlas Partners,Accounting,63,0,
D201195,C102442,27/04/2024,22/07/2024,Closed Won,PAYROLL_MPS,Managed Payroll,Direct,shao,4788,0,Tui Holdings,Healthcare,4,0,1/08/2024
D201196,C102344,29/06/2024,16/07/2024,Closed Lost,PM,People Management,Partners,shao,1232,0,Kea Services,Retail,2,0,
D201197,C101548,8/01/2025,,Open,PM,People Management,Direct,mkoenen,456,0,Eurotec Services,Construction,49,0,1/09/2024
D201198,C102146,11/04/2024,25/06/2024,Closed Won,PAYROLL_DIY,Payroll DIY,Direct,unassigned,1179,0,Atlas Limited,Legal,12,0,1/07/2024
D201199,C101387,2/06/2025,,Open,PAYROLL_MPS,Managed Payroll,Partners,dt,4547,0,Kauri Holdings,Retail,1,0,1/05/2025
D201200,C100811,17/05/2024,27/05/2024,Closed Won,PAYROLL_MPS,Managed Payroll,Partners,mkoenen,2338,0,Beta Summit Ltd,Retail,49,0,1/06/2024
D201201,C104838,8/04/2024,15/05/2024,Closed Lost,PM,People Management,Partners,dt,-1667,0,Pivot Trust,Healthcare,2,0,
D201202,C101575,30/01/2024,,Open,PAYROLL_MPS,Managed Payroll,Direct,dt,4132,0,Beta Group,Accounting,12,0,1/04/2024
D201203,C104553,29/10/2024,26/01/2025,Closed Won,PAYROLL_MPS,Managed Payroll,Partners,mkoenen,5145,0,Beta Limited,Legal,64,0,1/02/2025
D201204,C101060,21/06/2025,13/07/2025,Closed Won,PAYROLL_MPS,Managed Payroll,Partners,dinkster,0,0,Beta Harbour Limited,Construction,59,0,1/08/2025
D201205,C100984,22/06/2025,,Open,PAYROLL_DIY,Payroll DIY,Direct,unassigned_tmp,1840,0,Rimu Trust,Accounting,43,0,1/07/2025
D201206,C101259,10/02/2025,,Open,ADD_ON_TKR,TKR Add-on,Direct,unassigned,1437,0,Atlas Kea Partners,Education,1,0,1/08/2025
D201207,C100503,5/03/2024,,Open,ADD_ON_TKR,TKR Add-on,Direct,shao,1012,0,Atlas Rimu Trust,Accounting,1,0,1/05/2024
D201208,C103207,20/06/2024,25/07/2024,Closed Won,PAYROLL_DIY,Payroll DIY,Partners,unassigned,894,0,Harbour Trust,Accounting,10,0,1/07/2024
D201209,C101098,19/06/2024,,Open,PM,People Management,Direct,unassigned,955,0,Nimbus Harbour Holdings,Construction,17,0,1/08/2025
D201210,C102509,20/06/2024,9/08/2024,Closed Lost,PAYROLL_MPS,Managed Payroll,Partners,unassigned,3663,0,Kea Kauri Group,Construction,84,0,
D201211,C101881,2/09/2024,9/11/2024,Closed Won,PM,People Management,Partners,shao,1407,0,Duncan Air Eurotec Group,Healthcare,27,0,1/12/2024
D201212,C104988,9/04/2024,,Open,PAYROLL_DIY,Payroll DIY,Direct,dinkster,1187,0,Alpha Beta Group,Education,1,1,1/05/2024
D201213,C103353,29/03/2024,12/06/2024,Closed Won,PAYROLL_DIY,Payroll DIY,Partners,awong,1845,0,Eurotec Tui Limited,Accounting,1,1,1/06/2024
D201214,C103802,4/06/2025,1/09/2025,Closed Lost,PAYROLL_DIY,Payroll DIY,Partners,dinkster,2101,0,Harbour Partners,Legal,25,0,
D201215,C103876,14/06/2024,28/07/2024,Closed Won,PM,People Management,Partners,dinkster,1312,0,Wenita Limited,Legal,23,0,1/08/2024
D201216,C104527,13/06/2025,,Open,PM,People Management,Direct,mkoenen,1561,0,Nimbus Services,Education,14,0,1/12/2024
D201217,C100169,23/03/2024,26/05/2024,Closed Lost,PM,People Management,Direct,unassigned,524,0,Atlas Partners,Construction,61,0,
D201218,C101055,4/12/2024,4/03/2025,Closed Won,PM,People Management,Partners,dt,-1071,0,Kea Group,Construction,27,0,1/03/2025
D201219,C104604,23/04/2024,21/05/2024,Closed Won,ADD_ON_TKR,TKR Add-on,Direct,dinkster,1533,0,Summit Partners,Software,67,0,1/07/2024
D201220,C100304,5/01/2024,19/02/2024,Closed Won,PAYROLL_DIY,Payroll DIY,Direct,mkoenen,2690,0,Kauri Services,Legal,1,0,1/02/2024
D201221,C103875,11/05/2025,,Open,PM,People Management,Partners,mkoenen,1908,0,Tui Eurotec Co.,Software,18,0,1/10/2024
D201222,C104353,5/08/2024,22/08/2024,Closed Won,PAYROLL_DIY,Payroll DIY,Direct,unassigned,2126,0,Rimu Co.,Retail,1,0,1/09/2024
D201223,C100659,1/06/2025,5/07/2025,Closed Won,PAYROLL_MPS,Managed Payroll,Direct,unassigned,2802,0,Nimbus Harbour Limited,Manufacturing,12,0,1/08/2025
D201224,C102820,12/04/2025,7/06/2025,Closed Won,PAYROLL_MPS,Managed Payroll,Partners,mkoenen,3928,0,Duncan Air Group,Construction,33,0,1/07/2025
D201225,C103147,3/01/2025,27/02/2025,Closed Won,ADD_ON_TKR,TKR Add-on,Partners,dt,434,0,Kea Co.,Education,82,0,1/03/2025
D201226,C100913,17/08/2024,24/08/2024,Closed Won,PAYROLL_MPS,Managed Payroll,Partners,dinkster,3342,0,Duncan Air Trust,Retail,67,0,1/09/2024
D201227,C104792,28/09/2024,3/12/2024,Closed Lost,PM,People Management,Partners,nobody,1582,0,Kauri Limited,Construction,4,0,
D201228,C100288,2/12/2024,21/01/2025,Closed Lost,PAYROLL_MPS,Managed Payroll,Direct,mkoenen,3694,0,Pivot Services,Education,31,1,
D201229,C103226,3/05/2024,25/07/2024,Closed Won,ADD_ON_TKR,TKR Add-on,Partners,unassigned,962,0,Rimu Holdings,Software,1,0,1/08/2024
D201230,C100845,14/07/2024,5/10/2024,Closed Won,PAYROLL_MPS,Managed Payroll,Partners,awong,6731,1,Nimbus Co.,Legal,1,0,1/11/2024
D201231,C100884,21/01/2025,21/03/2025,Closed Won,PM,People Management,Direct,mkoenen,-166,0,Alpha Holdings,Construction,18,0,1/04/2025
D201232,C102718,7/06/2024,11/07/2024,Closed Won,PAYROLL_MPS,Managed Payroll,Partners,dt,5624,0,Duncan Air Partners,Retail,1,0,1/08/2024
D201233,C104233,30/06/2025,3/09/2025,Closed Lost,ADD_ON_TKR,TKR Add-on,Direct,mkoenen,797,0,Kauri Ltd,Accounting,19,0,
D201234,C103763,27/01/2025,9/03/2025,Closed Won,PAYROLL_DIY,Payroll DIY,Partners,shao,1444,0,Rimu Tui Services,Construction,78,0,1/03/2025
D201235,C100297,29/01/2024,,Open,PAYROLL_MPS,Managed Payroll,Direct,shao,3264,0,Summit Ltd,Legal,23,0,1/11/2024
D201236,C102450,4/03/2024,24/05/2024,Closed Won,PM,People Management,Partners,dt,1788,0,Tui Group,Construction,3,0,1/06/2024
D201237,C101397,1/03/2025,31/03/2025,Closed Won,PAYROLL_DIY,Payroll DIY,Partners,dt,1465,0,Wenita Harbour Co.,Manufacturing,20,0,1/04/2025
D201238,C102855,10/11/2024,11/12/2024,Closed Won,PM,People Management,Partners,dt,1544,0,Beta Holdings,Legal,57,0,1/12/2024
D201239,C102615,26/05/2025,9/06/2025,Closed Won,ADD_ON_TKR,TKR Add-on,Direct,unassigned,229,0,Atlas Ltd,Legal,21,0,1/07/2025
D201240,C101028,10/06/2025,,Open,PAYROLL_MPS,Managed Payroll,Direct,mkoenen,5510,0,Pivot Trust,Construction,51,0,1/08/2025
D201241,C104298,17/03/2024,5/05/2024,Closed Won,PAYROLL_DIY,Payroll DIY,Partners,mkoenen,2205,0,Beta Services,Construction,54,0,1/05/2024
D201242,C101486,19/01/2025,,Open,PAYROLL_MPS,Managed Payroll,Direct,unassigned,3461,0,Kauri Trust,Education,1,0,1/01/2025
D201243,C104057,8/02/2024,,Open,PM,People Management,Direct,awong,370,0,Nimbus Ltd,Healthcare,26,0,1/07/2024
D201244,C101865,25/12/2024,,Open,PAYROLL_DIY,Payroll DIY,Partners,shao,2560,0,Pivot Limited,Construction,65,0,1/07/2025
D201245,C102555,2/07/2025,21/08/2025,Closed Won,PAYROLL_DIY,Payroll DIY,Direct,unassigned,1400,0,Summit Co.,Healthcare,110,0,1/09/2025
D201246,C100291,23/11/2024,,Open,PM,People Management,Direct,awong,-3045,0,Nimbus Holdings,Legal,1,0,1/07/2024
D201247,C102994,27/06/2025,,Open,PAYROLL_MPS,Managed Payroll,Partners,dinkster,2593,0,Kauri Holdings,Education,2,0,1/05/2025
D201248,C100292,18/01/2025,14/04/2025,Closed Won,PAYROLL_MPS,Managed Payroll,Direct,dinkster,4328,0,Pivot Summit Trust,Construction,34,0,1/04/2025
D201249,C102135,2/08/2024,28/09/2024,Closed Lost,PM,People Management,Partners,dt,1776,0,Wenita Trust,Manufacturing,31,0,
D201250,C101708,26/07/2024,,Open,PAYROLL_DIY,Payroll DIY,Partners,dt,1058,0,Rimu Trust,Manufacturing,58,0,1/03/2025
D201251,C102490,14/09/2024,1/11/2024,Closed Won,PAYROLL_DIY,Payroll DIY,Direct,mkoenen,2296,0,Summit Limited,Education,60,0,1/11/2024
D201252,C102647,12/06/2025,30/08/2025,Closed Lost,PAYROLL_DIY,Payroll DIY,Partners,dinkster,282,0,Summit Holdings,Accounting,18,1,
D201253,C101341,25/07/2024,18/08/2024,Closed Won,PAYROLL_DIY,Payroll DIY,Partners,nobody,827,0,Eurotec Group,Retail,1,0,1/09/2024
D201254,C103519,25/04/2025,,Open,PAYROLL_DIY,Payroll DIY,Direct,mkoenen,2982,0,Beta Harbour Holdings,Software,38,0,1/01/2025
D201255,C101204,20/02/2024,,Open,PAYROLL_MPS,Managed Payroll,Partners,awong,5684,0,Kea Trust,Healthcare,49,0,1/06/2024
D201256,C100988,3/10/2024,20/10/2024,Closed Won,PM,People Management,Partners,dinkster,895,0,Kauri Group,Accounting,10,0,1/11/2024
D201257,C100456,16/01/2024,10/02/2024,Closed Won,PAYROLL_MPS,Managed Payroll,Partners,dt,3480,0,Nimbus Limited,Accounting,94,0,1/02/2024
D201258,C102727,3/03/2024,5/05/2024,Closed Lost,PAYROLL_DIY,Payroll DIY,Direct,dinkster,1411,0,Alpha Holdings,Retail,16,0,
D201259,C103365,7/07/2024,5/10/2024,Closed Lost,PM,People Management,Partners,unassigned,1727,0,Rimu Co.,Accounting,5,1,
D201260,C104883,10/04/2025,27/05/2025,Closed Won,PAYROLL_MPS,Managed Payroll,Partners,awong_tmp,5321,0,Summit Co.,Education,10,1,1/06/2025
D201261,C101945,20/01/2025,24/03/2025,Closed Won,PAYROLL_MPS,Managed Payroll,Direct,unassigned,6992,0,Pivot Trust,Healthcare,52,0,1/04/2025
D201262,C101620,15/03/2025,3/04/2025,Closed Won,PM,People Management,Partners,dt,884,0,Duncan Air Harbour Ltd,Accounting,77,0,1/04/2025
D201263,C102463,17/07/2024,,Open,PAYROLL_MPS,Managed Payroll,Direct,dinkster,145,0,Pivot Nimbus Services,Manufacturing,5,0,1/03/2025
D201264,C104342,16/08/2024,27/08/2024,Closed Won,PAYROLL_MPS,Managed Payroll,Partners,shao,3798,0,Nimbus Co.,Healthcare,31,0,1/09/2024
D201265,C102386,13/02/2024,,Open,PAYROLL_DIY,Payroll DIY,Partners,dinkster,1672,0,Harbour Services,Software,61,0,1/03/2025
D201266,C101268,14/09/2024,,Open,ADD_ON_TKR,TKR Add-on,Partners,unassigned,626,0,Harbour Limited,Manufacturing,1,0,1/09/2025
D201267,C102854,5/02/2024,26/02/2024,Closed Won,PAYROLL_MPS,Managed Payroll,Direct,unassigned,3028,0,Pivot Group,Construction,20,0,1/03/2024
D201268,C101919,31/07/2024,27/09/2024,Closed Lost,PM,People Management,Direct,unassigned,1642,0,Nimbus Partners,Software,1,0,
D201269,C102195,14/12/2024,30/01/2025,Closed Lost,PM,People Management,Direct,dt,1260,0,Rimu Co.,Healthcare,51,0,
D201270,C101843,5/07/2024,1/10/2024,Closed Lost,PAYROLL_MPS,Managed Payroll,Direct,awong,4762,0,Kea Ltd,Manufacturing,64,0,1/11/2024
D201271,C104120,1/11/2024,30/12/2024,Closed Won,PM,People Management,Partners,unassigned,1037,0,Ohomairangi Holdings,Accounting,45,1,1/01/2025
D201272,C103004,24/01/2025,,Open,PAYROLL_DIY,Payroll DIY,Partners,dt,0,0,Duncan Air Atlas Partners,Software,1,0,1/06/2024
D201273,C101414,6/12/2024,,Open,PM,People Management,Partners,unassigned,1569,0,Kauri Ohomairangi Ltd,Healthcare,12,0,1/03/2024
D201274,C103014,29/12/2024,21/01/2025,Closed Lost,PM,People Management,Direct,shao,441,0,Pivot Limited,Legal,1,0,
D201275,C104666,28/09/2024,,Open,PM,People Management,Partners,dinkster,1611,0,Kea Co.,Accounting,55,0,1/07/2025
D201276,C102367,28/11/2024,,Open,PAYROLL_MPS,Managed Payroll,Direct,mkoenen,4073,0,Eurotec Group,Manufacturing,1,0,1/06/2024
D201277,C101807,1/11/2024,,Open,PAYROLL_MPS,Managed Payroll,Partners,awong,3052,0,Alpha Group,Construction,1,0,1/06/2024
D201278,C100981,14/02/2024,28/03/2024,Closed Lost,ADD_ON_TKR,TKR Add-on,Direct,unassigned,1098,0,Kauri Nimbus Ltd,Healthcare,43,0,
D201279,C101526,16/06/2024,,Open,PAYROLL_MPS,Managed Payroll,Partners,dinkster,2955,0,Atlas Atlas Holdings,Software,29,0,1/11/2024
D201280,C103590,25/01/2025,15/02/2025,Closed Won,ADD_ON_TKR,TKR Add-on,Direct,awong,1278,0,Harbour Ltd,Retail,37,0,1/03/2025
D201281,C100894,18/05/2024,25/06/2024,Closed Won,PAYROLL_DIY,Payroll DIY,Partners,mkoenen,2004,0,Tui Group,Manufacturing,8,0,1/06/2024
D201282,C102518,21/01/2024,23/02/2024,Closed Won,PAYROLL_DIY,Payroll DIY,Direct,unassigned,506,0,Beta Nimbus Ltd,Education,13,1,1/02/2024
D201283,C104669,26/06/2024,,Open,PM,People Management,Direct,awong,1545,0,Ohomairangi Partners,Retail,7,0,1/09/2024
D201284,C101065,16/03/2024,22/03/2024,Closed Won,PM,People Management,Direct,awong,1293,0,Nimbus Beta Limited,Accounting,54,0,1/04/2024
D201285,C102592,9/02/2024,11/02/2024,Closed Won,ADD_ON_TKR,TKR Add-on,Partners,dinkster,527,0,Kea Partners,Healthcare,4,0,1/03/2024
D201286,C102720,16/02/2025,2/04/2025,Closed Won,PAYROLL_DIY,Payroll DIY,Partners,unassigned,2296,0,Kauri Services,Legal,1,0,1/04/2025
D201287,C100857,8/12/2024,19/12/2024,Closed Won,ADD_ON_TKR,TKR Add-on,Direct,unassigned,874,0,Tui Services,Manufacturing,11,0,1/12/2024
D201288,C100916,6/02/2024,29/04/2024,Closed Won,ADD_ON_TKR,TKR Add-on,Partners,awong,979,0,Alpha Rimu Co.,Retail,1,0,1/05/2024
D201289,C100295,23/05/2025,2/06/2025,Closed Won,PAYROLL_MPS,Managed Payroll,Direct,awong,3234,0,Kauri Group,Legal,36,0,1/07/2025
D201290,C101448,3/11/2024,,Open,ADD_ON_TKR,TKR Add-on,Direct,unassigned,1271,0,Eurotec Services,Construction,1,0,1/08/2025
D201291,C100319,11/04/2024,25/06/2024,Closed Lost,PAYROLL_MPS,Managed Payroll,Direct,dt,6782,0,Tui Services,Software,27,0,
D201292,C100482,27/01/2024,,Open,PAYROLL_DIY,Payroll DIY,Direct,unassigned,1037,0,Nimbus Limited,Healthcare,5,0,1/06/2025
D201293,C101513,12/06/2025,22/07/2025,Closed Won,PAYROLL_DIY,Payroll DIY,Partners,unassigned,0,0,Harbour Pivot Ltd,Healthcare,40,0,1/08/2025
D201294,C101570,1/11/2024,7/11/2024,Closed Lost,PAYROLL_MPS,Managed Payroll,Partners,mkoenen,4421,0,Pivot Beta Limited,Education,1,0,
D201295,C103225,23/03/2025,,Open,PAYROLL_DIY,Payroll DIY,Direct,awong,3913,0,Kauri Holdings,Retail,1,0,1/05/2025
D201296,C101111,24/04/2025,29/05/2025,Closed Won,PAYROLL_MPS,Managed Payroll,Direct,unassigned,3067,0,Duncan Air Partners,Construction,48,0,1/07/2025
D201297,C104040,4/01/2024,22/01/2024,Closed Won,PM,People Management,Direct,dt,905,0,Duncan Air Co.,Retail,1,0,1/02/2024
D201298,C101793,14/07/2024,27/07/2024,Closed Lost,PM,People Management,Partners,dt,698,0,Eurotec Partners,Legal,1,0,
D201299,C103173,16/06/2024,13/08/2024,Closed Won,PAYROLL_MPS,Managed Payroll,Partners,unassigned,921,0,Ohomairangi Services,Software,1,0,1/09/2024
D201300,C104605,4/03/2025,,Open,ADD_ON_TKR,TKR Add-on,Direct,awong,721,0,Harbour Group,Retail,36,0,1/06/2024
D201301,C101478,3/05/2025,4/07/2025,Closed Won,PAYROLL_MPS,Managed Payroll,Partners,awong,7314,0,Duncan Air Holdings,Healthcare,76,0,1/07/2025
D201302,C104878,20/12/2024,9/02/2025,Closed Won,ADD_ON_TKR,TKR Add-on,Partners,nobody,502,0,Tui Co.,Construction,22,0,1/03/2025
D201303,C100398,24/02/2024,1/03/2024,Closed Won,ADD_ON_TKR,TKR Add-on,Direct,dinkster,1187,0,Wenita Holdings,Software,41,1,1/03/2024
D201304,C103037,17/03/2025,,Open,PM,People Management,Direct,dt,1484,0,Duncan Air Partners,Retail,27,0,1/01/2025
D201305,C100394,15/01/2025,8/02/2025,Closed Won,PAYROLL_DIY,Payroll DIY,Partners,mkoenen,1992,0,Ohomairangi Group,Manufacturing,1,0,1/02/2025
D201306,C102543,3/07/2025,5/09/2025,Closed Won,PM,People Management,Direct,shao,738,0,Tui Eurotec Holdings,Accounting,62,0,1/09/2025
D201307,C103917,21/03/2025,8/05/2025,Closed Won,PAYROLL_DIY,Payroll DIY,Direct,dinkster,2025,0,Ohomairangi Partners,Legal,31,0,1/06/2025
D201308,C102723,1/04/2025,26/06/2025,Closed Won,PAYROLL_MPS,Managed Payroll,Direct,dt,4237,0,Beta Eurotec Co.,Legal,24,1,1/07/2025
D201309,C101744,10/03/2025,21/05/2025,Closed Won,ADD_ON_TKR,TKR Add-on,Partners,dinkster,1311,0,Duncan Air Services,Education,44,0,1/07/2025
D201310,C100614,19/11/2024,12/02/2025,Closed Won,ADD_ON_TKR,TKR Add-on,Partners,shao,988,0,Nimbus Services,Legal,21,0,1/02/2025
D201311,C100211,31/07/2024,12/08/2024,Closed Won,PAYROLL_DIY,Payroll DIY,Direct,awong,1802,0,Pivot Limited,Retail,55,0,1/09/2024
D201312,C102106,9/04/2024,,Open,ADD_ON_TKR,TKR Add-on,Direct,dt,348,0,Atlas Co.,Accounting,1,0,1/08/2025
D201313,C102896,26/04/2024,,Open,ADD_ON_TKR,TKR Add-on,Direct,nobody,903,0,Tui Partners,Education,65,0,1/08/2024
D201314,C104908,19/02/2024,5/05/2024,Closed Won,PM,People Management,Partners,unassigned,1779,0,Rimu Harbour Trust,Manufacturing,74,0,1/06/2024
D201315,C101083,17/03/2025,30/04/2025,Closed Won,PM,People Management,Direct,shao,1911,0,Eurotec Alpha Co.,Construction,10,0,1/05/2025
D201316,C103377,30/12/2024,15/03/2025,Closed Lost,PAYROLL_MPS,Managed Payroll,Direct,unassigned,508,0,Kauri Co.,Accounting,77,0,
D201317,C104719,10/08/2024,,Open,ADD_ON_TKR,TKR Add-on,Partners,dinkster,615,0,Tui Holdings,Construction,58,0,1/08/2024
D201318,C101911,28/10/2024,20/12/2024,Closed Lost,PAYROLL_DIY,Payroll DIY,Partners,dinkster,2568,0,Rimu Co.,Legal,38,0,
D201319,C103094,7/02/2024,15/02/2024,Closed Lost,PM,People Management,Partners,dinkster,468,0,Rimu Group,Healthcare,89,0,1/03/2024
D201320,C101770,17/04/2024,15/05/2024,Closed Won,PM,People Management,Direct,unassigned,1021,0,Kauri Ltd,Education,11,0,1/06/2024
D201321,C101286,26/07/2024,19/10/2024,Closed Won,PAYROLL_DIY,Payroll DIY,Partners,awong,2977,0,Beta Limited,Accounting,15,0,1/10/2024
D201322,C103303,5/01/2024,,Open,ADD_ON_TKR,TKR Add-on,Direct,nobody,486,0,Ohomairangi Services,Legal,8,0,1/08/2024
D201323,C101311,13/11/2024,31/12/2024,Closed Won,ADD_ON_TKR,TKR Add-on,Partners,dt,954,0,Atlas Ltd,Education,31,0,1/01/2025
D201324,C100340,3/11/2024,23/01/2025,Closed Lost,PM,People Management,Direct,unassigned,607,0,Pivot Group,Legal,94,0,
D201325,C103088,3/02/2025,6/02/2025,Closed Lost,PAYROLL_DIY,Payroll DIY,Partners,dinkster,2450,0,Summit Alpha Group,Retail,1,0,
D201326,C103313,4/12/2024,,Open,PAYROLL_MPS,Managed Payroll,Direct,awong,4581,0,Kauri Co.,Retail,1,0,1/09/2024
D201327,C100855,13/02/2024,,Open,ADD_ON_TKR,TKR Add-on,Partners,awong,810,0,Kauri Co.,Retail,20,1,1/06/2025
D201328,C101850,1/09/2024,,Open,PM,People Management,Partners,awong,510,0,Tui Tui Ltd,Education,1,1,1/06/2025
D201329,C100712,4/06/2025,7/08/2025,Closed Won,PAYROLL_DIY,Payroll DIY,Partners,unassigned,1019,0,Kauri Beta Trust,Retail,6,0,1/09/2025
D201330,C102527,15/08/2024,2/09/2024,Closed Won,PAYROLL_DIY,Payroll DIY,Direct,dt,850,0,Tui Group,Software,82,0,1/10/2024
D201331,C102727,8/12/2024,19/01/2025,Closed Won,PAYROLL_MPS,Managed Payroll,Partners,mkoenen,1134,0,Alpha Holdings,Retail,16,0,1/02/2025
D201332,C101801,5/02/2025,,Open,PAYROLL_MPS,Managed Payroll,Direct,mkoenen,4165,0,Wenita Limited,Education,76,0,1/03/2025
D201333,C100763,20/03/2025,9/04/2025,Closed Lost,PM,People Management,Partners,mkoenen,1687,0,Beta Kauri Group,Manufacturing,1,0,
D201334,C101280,27/09/2024,20/11/2024,Closed Lost,PM,People Management,Partners,awong,659,0,Nimbus Services,Construction,1,0,
D201335,C103168,10/03/2024,30/04/2024,Closed Won,PAYROLL_DIY,Payroll DIY,Direct,mkoenen,2065,0,Kauri Holdings,Manufacturing,32,1,1/05/2024
D201336,C100493,3/03/2024,,Open,PAYROLL_MPS,Managed Payroll,Partners,mkoenen,6809,0,Nimbus Trust,Construction,1,1,1/04/2024
D201337,C103494,9/05/2024,10/06/2024,Closed Won,ADD_ON_TKR,TKR Add-on,Partners,mkoenen,461,0,Beta Ohomairangi Trust,Legal,12,0,1/06/2024
D201338,C100994,16/10/2024,10/11/2024,Closed Won,ADD_ON_TKR,TKR Add-on,Partners,unassigned,115,0,Kauri Alpha Ltd,Manufacturing,63,0,1/12/2024
D201339,C103535,16/12/2024,14/01/2025,Closed Won,ADD_ON_TKR,TKR Add-on,Partners,dinkster,661,0,Eurotec Trust,Education,14,0,1/02/2025
D201340,C100113,27/08/2024,,Open,PAYROLL_MPS,Managed Payroll,Partners,dinkster,2774,0,Kea Group,Accounting,27,0,1/08/2025
D201341,C100402,25/09/2024,7/11/2024,Closed Won,PM,People Management,Partners,mkoenen,1498,0,Duncan Air Limited,Construction,30,0,1/11/2024
D201342,C100091,10/03/2024,,Open,ADD_ON_TKR,TKR Add-on,Partners,unassigned,498,0,Kea Holdings,Construction,37,0,1/05/2024
D201343,C101202,15/06/2025,31/07/2025,Closed Won,PAYROLL_MPS,Managed Payroll,Partners,unassigned,4754,0,Ohomairangi Limited,Healthcare,8,0,1/08/2025
D201344,C103818,2/09/2024,12/10/2024,Closed Won,PM,People Management,Direct,dinkster,1664,0,Harbour Services,Manufacturing,105,1,1/11/2024
D201345,C103475,11/06/2025,9/09/2025,Closed Won,PAYROLL_DIY,Payroll DIY,Partners,mkoenen,1780,0,Rimu Holdings,Legal,1,1,1/10/2025
D201346,C102517,25/03/2025,,Open,PAYROLL_DIY,Payroll DIY,Direct,dinkster,0,0,Wenita Limited,Retail,31,0,1/12/2024
D201347,C101004,17/02/2025,21/04/2025,Closed Won,PAYROLL_MPS,Managed Payroll,Partners,mkoenen,4816,0,Wenita Ltd,Software,9,0,1/05/2025
D201348,C100164,8/08/2024,,Open,PAYROLL_DIY,Payroll DIY,Partners,mkoenen,2199,0,Wenita Harbour Group,Education,50,0,1/04/2024
D201349,C104469,19/06/2025,10/09/2025,Closed Lost,ADD_ON_TKR,TKR Add-on,Partners,mkoenen,967,0,Ohomairangi Co.,Retail,1,0,
D201350,C103804,4/07/2024,6/09/2024,Closed Won,ADD_ON_TKR,TKR Add-on,Partners,mkoenen,1414,0,Harbour Pivot Services,Legal,1,0,1/10/2024
D201351,C102943,16/04/2025,29/05/2025,Closed Lost,ADD_ON_TKR,TKR Add-on,Partners,unassigned,1261,0,Ohomairangi Ltd,Accounting,11,0,
D201352,C100451,27/01/2024,,Open,PAYROLL_MPS,Managed Payroll,Partners,awong,4188,0,Nimbus Services,Education,41,0,1/06/2025
D201353,C100785,8/03/2024,18/04/2024,Closed Won,PAYROLL_MPS,Managed Payroll,Direct,awong,5863,0,Rimu Services,Healthcare,34,0,1/04/2024
D201354,C100015,6/04/2025,,Open,ADD_ON_TKR,TKR Add-on,Partners,mkoenen,210,0,Duncan Air Co.,Legal,63,0,1/04/2024
D201355,C103204,31/10/2024,10/01/2025,Closed Won,PAYROLL_MPS,Managed Payroll,Direct,mkoenen,1776,0,Ohomairangi Holdings,Healthcare,64,0,1/01/2025
D201356,C102955,7/09/2024,30/09/2024,Closed Won,PAYROLL_DIY,Payroll DIY,Direct,awong,1484,0,Atlas Limited,Manufacturing,25,0,1/11/2024
D201357,C104823,1/01/2025,,Open,ADD_ON_TKR,TKR Add-on,Partners,awong,384,0,Wenita Tui Co.,Education,6,0,1/12/2024
D201358,C104365,8/05/2024,3/06/2024,Closed Won,PAYROLL_MPS,Managed Payroll,Direct,awong,4576,0,Rimu Kea Co.,Legal,6,1,1/06/2024
D201359,C103244,27/04/2025,2/07/2025,Closed Lost,PAYROLL_MPS,Managed Payroll,Partners,dt,5957,0,Harbour Services,Accounting,1,0,
D201360,C102555,12/11/2024,,Open,PAYROLL_DIY,Payroll DIY,Direct,unassigned,1815,0,Summit Co.,Healthcare,110,0,1/07/2025
D201361,C104624,22/05/2024,10/07/2024,Closed Lost,PAYROLL_DIY,Payroll DIY,Partners,shao,224,0,Kauri Services,Education,46,0,
D201362,C101148,19/03/2024,11/04/2024,Closed Won,PM,People Management,Partners,dinkster,1341,0,Tui Trust,Manufacturing,1,0,1/04/2024
D201363,C101388,2/03/2024,29/03/2024,Closed Lost,ADD_ON_TKR,TKR Add-on,Direct,awong,446,0,Eurotec Partners,Software,5,1,
D201364,C104850,1/06/2025,17/08/2025,Closed Won,PAYROLL_DIY,Payroll DIY,Direct,dinkster,3089,0,Alpha Tui Partners,Manufacturing,34,1,1/09/2025
D201365,C103488,21/03/2024,29/03/2024,Closed Won,ADD_ON_TKR,TKR Add-on,Direct,shao,616,0,Ohomairangi Atlas Ltd,Software,50,1,1/04/2024
D201366,C102212,6/03/2025,17/03/2025,Closed Won,PAYROLL_MPS,Managed Payroll,Direct,dinkster,6176,0,Beta Group,Software,31,0,1/04/2025
D201367,C100882,2/05/2024,,Open,PM,People Management,Partners,dt,1203,0,Alpha Trust,Retail,77,0,1/08/2024
D201368,C104734,24/03/2024,,Open,ADD_ON_TKR,TKR Add-on,Direct,dt,1338,0,Wenita Holdings,Legal,58,0,1/04/2025
D201369,C101924,23/01/2025,27/03/2025,Closed Won,ADD_ON_TKR,TKR Add-on,Partners,unassigned,326,0,Alpha Atlas Group,Education,43,0,1/05/2025
D201370,C104440,27/07/2024,,Open,PAYROLL_DIY,Payroll DIY,Direct,awong,2090,0,Tui Atlas Limited,Construction,104,0,1/03/2025
D201371,C101775,2/03/2025,21/04/2025,Closed Won,PM,People Management,Direct,dt,1355,0,Duncan Air Partners,Manufacturing,18,0,1/05/2025
D201372,C104037,31/07/2024,1/08/2024,Closed Won,ADD_ON_TKR,TKR Add-on,Direct,awong,1184,0,Harbour Harbour Group,Construction,49,0,1/09/2024
D201373,C102817,18/03/2025,27/04/2025,Closed Lost,PAYROLL_DIY,Payroll DIY,Partners,dt,0,0,Nimbus Trust,Construction,69,0,
D201374,C102707,26/11/2024,9/12/2024,Closed Won,ADD_ON_TKR,TKR Add-on,Direct,shao,460,0,Ohomairangi Trust,Education,27,1,1/01/2025
D201375,C102369,12/04/2024,3/07/2024,Closed Won,PAYROLL_MPS,Managed Payroll,Partners,shao,7297,0,Duncan Air Trust,Education,1,0,1/07/2024
D201376,C103247,13/02/2025,12/05/2025,Closed Won,PAYROLL_DIY,Payroll DIY,Partners,shao,2469,0,Pivot Trust,Construction,98,0,1/06/2025
D201377,C100350,24/09/2024,19/10/2024,Closed Lost,PM,People Management,Direct,nobody,416,0,Kea Atlas Co.,Legal,14,0,
D201378,C104808,26/05/2024,4/08/2024,Closed Won,PM,People Management,Partners,dt,1515,0,Beta Pivot Co.,Manufacturing,46,0,1/09/2024
D201379,C101688,25/03/2024,12/05/2024,Closed Won,ADD_ON_TKR,TKR Add-on,Partners,dt,344,0,Summit Holdings,Software,67,0,1/06/2024
D201380,C100636,12/07/2024,15/07/2024,Closed Won,PM,People Management,Direct,nobody,1449,0,Atlas Beta Group,Healthcare,23,1,1/08/2024
D201381,C100274,3/01/2024,8/02/2024,Closed Won,PM,People Management,Partners,unassigned,1320,0,Kauri Group,Healthcare,1,1,1/03/2024
D201382,C102054,2/06/2025,,Open,PAYROLL_DIY,Payroll DIY,Partners,unassigned,2841,0,Eurotec Partners,Software,24,0,1/07/2025
D201383,C102958,17/03/2025,21/04/2025,Closed Won,PAYROLL_DIY,Payroll DIY,Direct,unassigned,870,0,Summit Eurotec Limited,Retail,31,0,1/05/2025
D201384,C100501,5/03/2024,,Open,PAYROLL_DIY,Payroll DIY,Direct,unassigned,1435,0,Alpha Kea Holdings,Accounting,57,0,1/12/2024
D201385,C100788,11/11/2024,11/12/2024,Closed Won,PAYROLL_MPS,Managed Payroll,Partners,unassigned,3668,0,Alpha Nimbus Co.,Software,1,0,1/01/2025
D201386,C103369,19/03/2024,8/05/2024,Closed Won,ADD_ON_TKR,TKR Add-on,Partners,dt,784,0,Ohomairangi Harbour Ltd,Software,9,0,1/06/2024
D201387,C100187,5/05/2024,19/07/2024,Closed Won,ADD_ON_TKR,TKR Add-on,Partners,dinkster,781,0,Beta Kea Group,Construction,1,0,1/08/2024
D201388,C101574,1/02/2025,14/02/2025,Closed Won,PM,People Management,Direct,dinkster,1522,0,Harbour Partners,Healthcare,21,0,1/03/2025
D201389,C100456,17/11/2024,,Open,PAYROLL_DIY,Payroll DIY,Partners,unassigned_tmp,2752,0,Nimbus Limited,Accounting,94,0,1/03/2025
D201390,C102214,14/06/2024,23/06/2024,Closed Won,ADD_ON_TKR,TKR Add-on,Direct,mkoenen,630,0,Kea Services,Healthcare,19,0,1/07/2024
D201391,C101001,21/02/2024,,Open,PM,People Management,Direct,dinkster,1213,0,Summit Services,Education,18,0,1/07/2024
D201392,C100688,17/01/2025,29/01/2025,Closed Won,PM,People Management,Partners,unassigned,869,0,Kauri Pivot Co.,Accounting,59,0,1/02/2025
D201393,C101624,11/05/2024,30/05/2024,Closed Lost,PM,People Management,Partners,unassigned,878,0,Wenita Group,Retail,54,0,
D201394,C101269,18/03/2024,16/05/2024,Closed Lost,PAYROLL_MPS,Managed Payroll,Partners,dinkster,4262,0,Nimbus Group,Construction,10,0,
D201395,C104019,12/06/2025,,Open,PAYROLL_MPS,Managed Payroll,Direct,dinkster,5838,0,Eurotec Ltd,Manufacturing,1,0,1/05/2024
D201396,C101860,3/03/2024,21/03/2024,Closed Won,PM,People Management,Direct,nobody,1318,0,Beta Limited,Healthcare,43,0,1/04/2024
D201397,C102034,21/04/2025,25/06/2025,Closed Lost,PAYROLL_DIY,Payroll DIY,Partners,dinkster,2510,0,Duncan Air Holdings,Healthcare,15,0,
D201398,C103885,25/01/2024,,Open,PAYROLL_MPS,Managed Payroll,Partners,awong,236,0,Alpha Co.,Healthcare,51,0,1/05/2025
D201399,C104244,5/04/2025,20/05/2025,Closed Lost,ADD_ON_TKR,TKR Add-on,Partners,unassigned,1352,0,Beta Pivot Holdings,Manufacturing,25,0,
D201400,C103668,20/03/2025,,Open,ADD_ON_TKR,TKR Add-on,Partners,shao,989,0,Wenita Services,Retail,1,0,1/10/2024
D201401,C103628,25/04/2024,,Open,PM,People Management,Partners,dinkster,1919,0,Tui Group,Retail,10,0,1/03/2025
D201402,C100372,7/04/2024,8/06/2024,Closed Won,PAYROLL_DIY,Payroll DIY,Partners,shao,3115,0,Kauri Rimu Holdings,Manufacturing,34,0,1/07/2024
D201403,C104521,28/03/2024,,Open,PAYROLL_MPS,Managed Payroll,Direct,awong,2800,0,Pivot Partners,Legal,68,0,1/05/2025
D201404,C103863,10/11/2024,2/01/2025,Closed Lost,ADD_ON_TKR,TKR Add-on,Direct,mkoenen,173,0,Beta Ltd,Software,3,0,
D201405,C100900,30/04/2024,9/07/2024,Closed Won,ADD_ON_TKR,TKR Add-on,Direct,shao,692,0,Summit Services,Education,40,0,1/07/2024
D201406,C104225,14/02/2025,7/04/2025,Closed Won,PM,People Management,Direct,shao,1494,0,Kea Trust,Legal,25,0,1/05/2025
D201407,C103082,30/07/2024,4/09/2024,Closed Won,ADD_ON_TKR,TKR Add-on,Partners,dinkster,493,0,Duncan Air Ltd,Healthcare,1,0,1/10/2024
D201408,C100536,10/03/2024,,Open,ADD_ON_TKR,TKR Add-on,Partners,unassigned,1057,0,Kauri Group,Education,30,0,1/11/2024
D201409,C102092,23/06/2024,23/07/2024,Closed Won,ADD_ON_TKR,TKR Add-on,Direct,mkoenen,1184,0,Rimu Holdings,Legal,94,0,1/09/2024
D201410,C103756,29/04/2024,6/07/2024,Closed Won,PAYROLL_DIY,Payroll DIY,Partners,awong,1532,0,Wenita Nimbus Services,Education,28,0,1/08/2024
D201411,C103421,24/03/2025,,Open,PM,People Management,Partners,unassigned,355,0,Summit Limited,Accounting,26,0,1/06/2025
D201412,C100838,12/06/2025,,Open,PAYROLL_DIY,Payroll DIY,Partners,mkoenen,2252,0,Ohomairangi Trust,Healthcare,27,0,1/05/2024
D201413,C102882,17/12/2024,4/03/2025,Closed Lost,ADD_ON_TKR,TKR Add-on,Direct,unassigned,990,0,Nimbus Duncan Air Partners,Software,83,0,
D201414,C100452,12/11/2024,30/12/2024,Closed Lost,PM,People Management,Direct,awong,1546,0,Eurotec Beta Co.,Legal,50,0,
D201415,C101409,25/12/2024,8/01/2025,Closed Lost,PAYROLL_MPS,Managed Payroll,Partners,mkoenen,7625,0,Kea Services,Software,7,0,
D201416,C101331,30/11/2024,,Open,PAYROLL_DIY,Payroll DIY,Partners,mkoenen,1324,0,Tui Limited,Healthcare,29,0,1/03/2025
D201417,C101275,3/10/2024,12/11/2024,Closed Won,PAYROLL_MPS,Managed Payroll,Direct,shao,-4713,0,Kea Limited,Accounting,6,0,1/12/2024
D201418,C104676,19/02/2025,12/03/2025,Closed Won,ADD_ON_TKR,TKR Add-on,Partners,shao,935,0,Wenita Trust,Healthcare,15,0,1/04/2025
D201419,C103368,7/04/2025,,Open,ADD_ON_TKR,TKR Add-on,Direct,dinkster,666,0,Summit Beta Holdings,Accounting,14,0,1/11/2024
D201420,C104693,16/12/2024,6/03/2025,Closed Won,PAYROLL_MPS,Managed Payroll,Direct,awong_tmp,4116,0,Wenita Duncan Air Partners,Accounting,13,0,1/03/2025
D201421,C102750,16/06/2025,10/09/2025,Closed Won,PM,People Management,Direct,shao,1026,0,Kea Tui Trust,Software,1,0,1/10/2025
D201422,C100272,23/06/2024,4/09/2024,Closed Won,ADD_ON_TKR,TKR Add-on,Partners,mkoenen,1190,0,Wenita Services,Retail,31,1,1/10/2024
D201423,C100981,22/04/2025,9/07/2025,Closed Won,ADD_ON_TKR,TKR Add-on,Partners,dt,666,0,Kauri Nimbus Ltd,Healthcare,43,0,1/07/2025
D201424,C101919,23/03/2024,,Open,PAYROLL_MPS,Managed Payroll,Partners,shao,5852,0,Nimbus Partners,Software,1,0,1/04/2025
D201425,C103730,13/04/2025,2/05/2025,Closed Won,ADD_ON_TKR,TKR Add-on,Partners,dt,895,0,Nimbus Tui Partners,Healthcare,5,0,1/06/2025
D201426,C103278,13/05/2025,,Open,PAYROLL_MPS,Managed Payroll,Partners,awong,7402,0,Rimu Partners,Legal,18,0,1/01/2025
D201427,C103688,6/08/2024,,Open,PAYROLL_DIY,Payroll DIY,Direct,awong,1665,0,Summit Summit Holdings,Healthcare,107,0,1/03/2024
D201428,C104755,3/06/2024,,Open,PAYROLL_MPS,Managed Payroll,Partners,shao,3348,0,Rimu Group,Legal,30,0,1/06/2024
D201429,C103256,4/09/2024,8/10/2024,Closed Lost,PM,People Management,Partners,dt,1608,0,Beta Partners,Retail,46,0,
D201430,C101387,4/03/2025,20/04/2025,Closed Won,PM,People Management,Partners,shao,776,0,Kauri Holdings,Retail,1,0,1/05/2025
D201431,C103120,20/03/2024,7/06/2024,Closed Lost,PAYROLL_DIY,Payroll DIY,Partners,mkoenen,816,0,Tui Services,Manufacturing,1,1,
D201432,C103500,10/01/2025,21/01/2025,Closed Won,PAYROLL_DIY,Payroll DIY,Partners,shao,2459,0,Nimbus Kauri Holdings,Retail,15,0,1/03/2025
D201433,C101684,25/11/2024,17/12/2024,Closed Won,PAYROLL_MPS,Managed Payroll,Partners,shao,6875,0,Nimbus Services,Manufacturing,52,0,1/01/2025
D201434,C103254,10/01/2024,25/02/2024,Closed Won,PAYROLL_DIY,Payroll DIY,Direct,dt,1415,0,Pivot Holdings,Accounting,12,0,1/03/2024
D201435,C103974,13/03/2024,,Open,PAYROLL_DIY,Payroll DIY,Partners,dt,2613,0,Beta Holdings,Retail,49,0,1/10/2024
D201436,C103720,1/07/2024,,Open,PAYROLL_DIY,Payroll DIY,Partners,dt,2928,0,Wenita Holdings,Manufacturing,1,0,1/11/2024
D201437,C102021,20/09/2024,16/11/2024,Closed Won,PM,People Management,Partners,mkoenen,2180,0,Summit Trust,Retail,46,0,1/12/2024
D201438,C102982,17/06/2025,,Open,PAYROLL_MPS,Managed Payroll,Partners,nobody,5708,0,Ohomairangi Summit Limited,Software,8,0,1/08/2024
D201439,C101593,28/04/2025,18/06/2025,Closed Won,PAYROLL_DIY,Payroll DIY,Partners,unassigned,4806,0,Rimu Services,Construction,31,0,1/07/2025
D201440,C100193,23/01/2024,11/03/2024,Closed Won,ADD_ON_TKR,TKR Add-on,Partners,shao,973,0,Alpha Nimbus Partners,Construction,45,0,1/03/2024
D201441,C100129,14/10/2024,15/10/2024,Closed Won,PAYROLL_MPS,Managed Payroll,Direct,shao,1961,0,Kauri Kea Co.,Software,30,0,1/11/2024
D201442,C103868,22/10/2024,14/11/2024,Closed Won,ADD_ON_TKR,TKR Add-on,Direct,dt,263,0,Rimu Kauri Partners,Software,31,0,1/11/2024
D201443,C102130,10/06/2024,3/08/2024,Closed Won,PAYROLL_MPS,Managed Payroll,Direct,unassigned,6046,0,Wenita Kauri Partners,Education,36,0,1/08/2024
D201444,C101755,24/05/2024,,Open,PAYROLL_DIY,Payroll DIY,Partners,shao,2048,0,Pivot Rimu Partners,Retail,17,0,1/08/2024
D201445,C103411,18/03/2024,22/03/2024,Closed Lost,PAYROLL_DIY,Payroll DIY,Direct,nobody,578,0,Eurotec Group,Construction,30,0,
D201446,C101200,2/10/2024,,Open,PM,People Management,Direct,shao,1655,0,Ohomairangi Limited,Accounting,6,0,1/03/2025
D201447,C103967,2/07/2024,21/07/2024,Closed Won,PAYROLL_DIY,Payroll DIY,Partners,dinkster,2586,0,Atlas Limited,Accounting,72,1,1/07/2024
D201448,C101536,9/07/2024,4/09/2024,Closed Lost,PM,People Management,Partners,awong,708,0,Ohomairangi Limited,Education,57,0,
D201449,C100034,12/02/2025,22/03/2025,Closed Won,PM,People Management,Direct,shao,-1994,0,Rimu Ohomairangi Limited,Software,46,0,1/05/2025
D201450,C102793,20/04/2025,10/05/2025,Closed Won,ADD_ON_TKR,TKR Add-on,Partners,unassigned,1353,0,Rimu Limited,Software,77,0,1/06/2025
D201451,C100031,9/04/2025,22/06/2025,Closed Won,PAYROLL_DIY,Payroll DIY,Direct,dt,2345,0,Atlas Harbour Partners,Retail,58,0,1/07/2025
D201452,C101780,19/03/2025,13/06/2025,Closed Lost,PM,People Management,Direct,mkoenen,127,0,Atlas Tui Limited,Education,28,0,
D201453,C104755,18/03/2024,,Open,ADD_ON_TKR,TKR Add-on,Partners,dt,1189,0,Rimu Group,Legal,30,0,1/07/2024
D201454,C102250,9/11/2024,22/01/2025,Closed Lost,PM,People Management,Direct,dinkster,1169,0,Atlas Group,Healthcare,9,0,
D201455,C102431,16/04/2024,,Open,PAYROLL_MPS,Managed Payroll,Partners,shao,2812,0,Kea Services,Manufacturing,41,0,1/04/2024
D201456,C102239,31/05/2024,13/06/2024,Closed Won,PAYROLL_MPS,Managed Payroll,Partners,shao,3615,0,Tui Holdings,Retail,1,0,1/06/2024
D201457,C104721,29/01/2024,,Open,PM,People Management,Partners,shao,415,0,Pivot Ohomairangi Partners,Retail,16,0,1/03/2024
D201458,C102992,30/08/2024,11/10/2024,Closed Lost,PAYROLL_DIY,Payroll DIY,Direct,shao,1616,0,Duncan Air Ltd,Construction,1,0,
D201459,C101782,21/11/2024,17/12/2024,Closed Lost,PM,People Management,Direct,awong,1590,0,Nimbus Ltd,Construction,9,0,
D201460,C100528,24/01/2025,19/02/2025,Closed Won,PM,People Management,Partners,mkoenen,2031,0,Tui Services,Education,41,0,1/04/2025
D201461,C101362,27/11/2024,29/01/2025,Closed Won,ADD_ON_TKR,TKR Add-on,Direct,unassigned,221,0,Eurotec Services,Construction,12,0,1/03/2025
D201462,C104848,17/09/2024,27/11/2024,Closed Won,PAYROLL_DIY,Payroll DIY,Direct,dt,2644,0,Harbour Wenita Co.,Education,65,0,1/01/2025
D201463,C104621,10/06/2025,,Open,ADD_ON_TKR,TKR Add-on,Direct,dinkster,1145,0,Nimbus Kauri Group,Construction,23,0,1/08/2024
D201464,C102639,11/09/2024,25/10/2024,Closed Lost,PAYROLL_DIY,Payroll DIY,Direct,shao,2290,0,Tui Ltd,Legal,1,0,
D201465,C103162,24/03/2024,18/05/2024,Closed Won,PAYROLL_DIY,Payroll DIY,Partners,dinkster,2210,0,Kauri Holdings,Accounting,35,0,1/06/2024
D201466,C101940,26/01/2025,12/02/2025,Closed Won,ADD_ON_TKR,TKR Add-on,Partners,nobody,1133,0,Ohomairangi Partners,Construction,43,0,1/03/2025
D201467,C104330,5/11/2024,,Open,ADD_ON_TKR,TKR Add-on,Partners,shao,601,0,Kauri Holdings,Retail,1,0,1/07/2024
D201468,C102235,1/04/2024,23/04/2024,Closed Lost,PAYROLL_MPS,Managed Payroll,Direct,dt,2571,0,Summit Trust,Accounting,1,0,
D201469,C102568,29/01/2025,2/04/2025,Closed Lost,PM,People Management,Direct,awong,1653,0,Eurotec Limited,Construction,11,0,
D201470,C100988,8/04/2025,,Open,PM,People Management,Direct,dinkster,1915,0,Kauri Group,Accounting,10,0,1/02/2025
D201471,C102227,20/02/2024,20/04/2024,Closed Won,PAYROLL_MPS,Managed Payroll,Partners,mkoenen,6329,0,Beta Partners,Construction,26,1,1/05/2024
D201472,C102410,1/04/2024,17/05/2024,Closed Won,PAYROLL_DIY,Payroll DIY,Partners,mkoenen,2807,0,Harbour Group,Software,30,1,1/06/2024
D201473,C101524,13/07/2024,9/08/2024,Closed Won,PAYROLL_MPS,Managed Payroll,Partners,mkoenen,5067,0,Alpha Partners,Education,22,0,1/09/2024
D201474,C102988,20/04/2024,,Open,ADD_ON_TKR,TKR Add-on,Partners,mkoenen,1366,0,Nimbus Duncan Air Limited,Education,52,0,1/01/2025
D201475,C102736,3/10/2024,31/12/2024,Closed Won,ADD_ON_TKR,TKR Add-on,Direct,mkoenen,538,0,Rimu Services,Legal,42,0,1/01/2025
D201476,C103581,14/01/2025,,Open,PM,People Management,Partners,dinkster,2170,0,Atlas Ltd,Legal,28,0,1/04/2025
D201477,C102759,29/05/2025,,Open,PAYROLL_MPS,Managed Payroll,Partners,dt,2476,0,Ohomairangi Duncan Air Ltd,Education,64,1,1/11/2024
D201478,C103782,3/06/2024,15/07/2024,Closed Won,PM,People Management,Direct,mkoenen,1259,0,Beta Trust,Retail,73,0,1/08/2024
D201479,C100972,26/09/2024,6/10/2024,Closed Won,PM,People Management,Partners,dinkster,697,0,Beta Services,Healthcare,30,0,1/10/2024
D201480,C101204,14/11/2024,,Open,PM,People Management,Partners,dinkster,1261,0,Kea Trust,Healthcare,49,0,1/09/2024
D201481,C103811,21/01/2024,23/02/2024,Closed Won,ADD_ON_TKR,TKR Add-on,Partners,mkoenen,568,0,Tui Group,Education,29,0,1/04/2024
D201482,C103617,15/05/2025,9/08/2025,Closed Won,PAYROLL_DIY,Payroll DIY,Direct,mkoenen,2607,0,Atlas Co.,Legal,1,0,1/08/2025
D201483,C101871,14/10/2024,,Open,ADD_ON_TKR,TKR Add-on,Direct,dinkster,0,0,Kea Trust,Software,69,0,1/05/2024
D201484,C100408,9/06/2025,29/06/2025,Closed Won,PAYROLL_MPS,Managed Payroll,Direct,dt,4264,0,Eurotec Holdings,Software,17,0,1/07/2025
D201485,C100366,6/03/2024,,Open,PAYROLL_DIY,Payroll DIY,Partners,mkoenen,1181,0,Kauri Services,Healthcare,57,0,1/04/2024
D201486,C104687,26/02/2024,14/04/2024,Closed Lost,PM,People Management,Direct,shao,862,0,Alpha Summit Limited,Legal,31,0,
D201487,C103932,26/10/2024,4/01/2025,Closed Won,PM,People Management,Partners,shao,890,0,Atlas Partners,Healthcare,1,0,1/02/2025
D201488,C104571,10/11/2024,,Open,ADD_ON_TKR,TKR Add-on,Partners,awong,681,0,Pivot Limited,Education,10,0,1/01/2025
D201489,C102413,1/04/2024,17/04/2024,Closed Won,ADD_ON_TKR,TKR Add-on,Direct,mkoenen,300,0,Eurotec Atlas Group,Software,30,0,1/04/2024
D201490,C100336,25/07/2024,6/10/2024,Closed Won,PAYROLL_MPS,Managed Payroll,Partners,awong,4002,0,Wenita Holdings,Construction,51,1,1/10/2024
D201491,C101914,13/02/2024,,Open,ADD_ON_TKR,TKR Add-on,Direct,dt,240,0,Duncan Air Beta Group,Software,50,0,1/06/2025
D201492,C104352,12/06/2024,1/08/2024,Closed Won,PAYROLL_DIY,Payroll DIY,Partners,unassigned,2008,0,Pivot Partners,Manufacturing,74,0,1/09/2024
D201493,C100929,27/03/2024,31/03/2024,Closed Lost,PAYROLL_DIY,Payroll DIY,Direct,shao,2883,0,Kea Trust,Manufacturing,43,0,1/05/2024
D201494,C103929,7/01/2024,,Open,PAYROLL_MPS,Managed Payroll,Partners,mkoenen,4644,0,Kauri Trust,Retail,1,0,1/07/2025
D201495,C100569,12/07/2024,8/09/2024,Closed Won,PAYROLL_MPS,Managed Payroll,Partners,shao,2042,1,Harbour Partners,Legal,7,0,1/09/2024
D201496,C101284,25/08/2024,28/09/2024,Closed Won,PAYROLL_MPS,Managed Payroll,Direct,shao,3030,0,Rimu Ltd,Software,1,0,1/11/2024
D201497,C101566,8/01/2025,,Open,PAYROLL_MPS,Managed Payroll,Partners,dt,3058,0,Kauri Holdings,Retail,9,0,1/08/2025
D201498,C100734,26/01/2024,28/03/2024,Closed Won,PAYROLL_MPS,Managed Payroll,Direct,shao,0,0,Harbour Partners,Legal,39,0,1/04/2024
D201499,C100429,1/07/2024,13/09/2024,Closed Lost,ADD_ON_TKR,TKR Add-on,Partners,dt,1580,0,Wenita Nimbus Partners,Retail,13,0,
D201500,C104487,19/12/2024,12/01/2025,Closed Lost,PAYROLL_DIY,Payroll DIY,Direct,awong,333,0,Pivot Tui Holdings,Manufacturing,10,0,
D201501,C102983,13/11/2024,23/12/2024,Closed Won,PM,People Management,Partners,dt,98,0,Duncan Air Partners,Legal,1,0,1/01/2025
D201502,C104500,22/04/2025,17/05/2025,Closed Won,PAYROLL_MPS,Managed Payroll,Direct,awong,2835,0,Atlas Services,Software,10,0,1/06/2025
D201503,C104890,26/06/2025,6/07/2025,Closed Won,PAYROLL_DIY,Payroll DIY,Direct,nobody,2892,0,Tui Holdings,Legal,1,0,1/08/2025
D201504,C104163,10/03/2024,30/03/2024,Closed Won,ADD_ON_TKR,TKR Add-on,Direct,dt,625,0,Nimbus Ltd,Education,39,1,1/04/2024
D201505,C100457,27/02/2024,15/05/2024,Closed Won,ADD_ON_TKR,TKR Add-on,Direct,shao,1133,0,Nimbus Co.,Legal,19,0,1/06/2024
D201506,C103579,29/06/2025,22/07/2025,Closed Lost,PAYROLL_DIY,Payroll DIY,Direct,mkoenen,2177,0,Kauri Tui Services,Construction,75,0,
D201507,C102847,30/06/2024,17/08/2024,Closed Lost,ADD_ON_TKR,TKR Add-on,Partners,mkoenen,578,0,Duncan Air Ltd,Legal,11,0,
D201508,C102671,3/02/2024,16/04/2024,Closed Lost,PM,People Management,Partners,awong,2085,0,Rimu Tui Co.,Healthcare,1,0,
D201509,C103701,28/06/2024,21/08/2024,Closed Won,PM,People Management,Partners,dt,702,0,Nimbus Rimu Ltd,Manufacturing,1,0,1/09/2024
D201510,C102648,23/05/2025,24/05/2025,Closed Won,PM,People Management,Direct,dt,1495,0,Harbour Co.,Retail,34,0,1/06/2025
D201511,C102294,11/12/2024,28/01/2025,Closed Won,PAYROLL_DIY,Payroll DIY,Partners,dt,1012,1,Rimu Group,Legal,44,0,1/02/2025
D201512,C101357,10/03/2025,28/05/2025,Closed Won,ADD_ON_TKR,TKR Add-on,Partners,awong,873,0,Kauri Group,Accounting,85,0,1/06/2025
D201513,C103192,13/08/2024,6/09/2024,Closed Won,PM,People Management,Direct,unassigned,706,0,Kea Holdings,Software,1,0,1/09/2024
D201514,C101333,29/01/2024,19/02/2024,Closed Lost,PAYROLL_MPS,Managed Payroll,Partners,shao,5246,0,Rimu Tui Limited,Software,35,1,
D201515,C102307,28/09/2024,16/11/2024,Closed Lost,PAYROLL_MPS,Managed Payroll,Partners,mkoenen,1716,0,Atlas Tui Holdings,Education,1,0,
D201516,C104190,20/04/2025,20/06/2025,Closed Won,PAYROLL_DIY,Payroll DIY,Partners,unassigned,2484,0,Alpha Limited,Construction,22,0,1/07/2025
D201517,C104474,16/11/2024,5/02/2025,Closed Won,PAYROLL_MPS,Managed Payroll,Partners,dt,3656,0,Ohomairangi Harbour Services,Retail,2,0,1/03/2025
D201518,C100545,19/03/2025,17/04/2025,Closed Lost,PM,People Management,Partners,shao,895,0,Tui Trust,Manufacturing,1,0,
D201519,C100361,8/03/2024,11/05/2024,Closed Won,PM,People Management,Partners,shao,767,0,Rimu Partners,Legal,1,0,1/05/2024
D201520,C103470,27/01/2024,15/04/2024,Closed Lost,PAYROLL_DIY,Payroll DIY,Direct,dinkster,2593,0,Ohomairangi Beta Co.,Accounting,32,0,
D201521,C100835,8/04/2025,,Open,PM,People Management,Direct,awong,1184,0,Duncan Air Group,Legal,22,1,1/03/2025
D201522,C101703,25/09/2024,,Open,PM,People Management,Partners,dt,1703,0,Pivot Group,Construction,30,0,1/10/2024
D201523,C102411,1/04/2024,,Open,PAYROLL_MPS,Managed Payroll,Partners,dinkster,4383,0,Ohomairangi Trust,Construction,30,0,1/07/2025
D201524,C102657,2/12/2024,19/01/2025,Closed Won,PM,People Management,Direct,dinkster,1588,0,Wenita Services,Retail,56,0,1/02/2025
D201525,C100018,29/03/2025,,Open,ADD_ON_TKR,TKR Add-on,Direct,unassigned,880,0,Pivot Trust,Accounting,18,0,1/11/2024
D201526,C101730,8/01/2025,,Open,PAYROLL_MPS,Managed Payroll,Partners,dt,2795,0,Kauri Kea Partners,Software,13,0,1/01/2025
D201527,C104408,12/06/2024,20/06/2024,Closed Won,ADD_ON_TKR,TKR Add-on,Direct,shao,1438,0,Kea Partners,Accounting,1,0,1/07/2024
D201528,C102062,30/01/2024,2/02/2024,Closed Won,PAYROLL_MPS,Managed Payroll,Partners,mkoenen,3731,0,Kauri Alpha Services,Education,10,0,1/03/2024
D201529,C102120,9/01/2025,,Open,ADD_ON_TKR,TKR Add-on,Direct,dinkster,436,0,Pivot Trust,Healthcare,1,0,1/12/2024
D201530,C101594,20/12/2024,,Open,ADD_ON_TKR,TKR Add-on,Direct,shao,162,0,Kauri Summit Group,Education,21,0,1/02/2025
D201531,C104428,29/04/2025,,Open,ADD_ON_TKR,TKR Add-on,Direct,awong,752,0,Beta Trust,Retail,30,0,1/09/2025
D201532,C100716,2/05/2024,1/06/2024,Closed Lost,ADD_ON_TKR,TKR Add-on,Partners,unassigned,1043,0,Pivot Limited,Manufacturing,16,0,
D201533,C103622,13/01/2024,26/01/2024,Closed Lost,PAYROLL_MPS,Managed Payroll,Partners,dt,5054,0,Harbour Limited,Retail,11,0,
D201534,C103975,11/02/2024,,Open,PAYROLL_DIY,Payroll DIY,Direct,unassigned,2817,0,Duncan Air Limited,Software,34,0,1/08/2024
D201535,C102500,15/10/2024,8/01/2025,Closed Won,PAYROLL_MPS,Managed Payroll,Partners,awong,4979,0,Harbour Ltd,Accounting,51,0,1/02/2025
D201536,C102092,27/12/2024,1/01/2025,Closed Won,PM,People Management,Direct,unassigned,1112,0,Rimu Holdings,Legal,94,0,1/02/2025
D201537,C101344,16/05/2024,29/05/2024,Closed Won,ADD_ON_TKR,TKR Add-on,Direct,unassigned,762,0,Tui Limited,Education,50,0,1/07/2024
D201538,C100783,1/09/2024,27/11/2024,Closed Won,PM,People Management,Direct,dinkster,2159,0,Kea Summit Ltd,Retail,32,0,1/12/2024
D201539,C100744,24/05/2025,25/06/2025,Closed Won,PM,People Management,Direct,shao,569,0,Atlas Kauri Group,Legal,1,0,1/07/2025
D201540,C101277,13/05/2025,23/07/2025,Closed Lost,PM,People Management,Partners,mkoenen,1275,0,Alpha Services,Retail,50,0,
D201541,C104211,20/05/2024,,Open,PAYROLL_MPS,Managed Payroll,Partners,awong,4119,0,Pivot Trust,Retail,1,0,1/04/2025
D201542,C102767,6/08/2024,19/10/2024,Closed Won,PAYROLL_MPS,Managed Payroll,Direct,unassigned,8162,0,Kauri Beta Services,Retail,50,0,1/11/2024
D201543,C103088,30/11/2024,17/12/2024,Closed Won,PAYROLL_DIY,Payroll DIY,Partners,dt,2279,0,Summit Alpha Group,Retail,1,0,1/01/2025
D201544,C104783,11/10/2024,7/12/2024,Closed Lost,PAYROLL_MPS,Managed Payroll,Partners,dinkster,4769,0,Harbour Partners,Education,1,0,
D201545,C102511,8/05/2024,5/07/2024,Closed Lost,PM,People Management,Partners,shao,1080,0,Harbour Alpha Trust,Education,1,0,
D201546,C102667,13/04/2024,,Open,PM,People Management,Partners,dinkster,479,0,Harbour Trust,Manufacturing,6,0,1/12/2024
D201547,C101311,20/11/2024,25/01/2025,Closed Won,ADD_ON_TKR,TKR Add-on,Partners,mkoenen,845,0,Atlas Ltd,Education,31,0,1/02/2025
D201548,C101951,25/03/2024,5/06/2024,Closed Won,PM,People Management,Direct,awong,1305,0,Tui Co.,Retail,21,1,1/07/2024
D201549,C104316,12/08/2024,14/10/2024,Closed Lost,ADD_ON_TKR,TKR Add-on,Partners,shao,1222,0,Duncan Air Group,Construction,63,0,
D201550,C102059,4/06/2024,19/06/2024,Closed Won,PAYROLL_MPS,Managed Payroll,Partners,awong,3458,0,Kauri Kauri Services,Accounting,42,1,1/06/2024
D201551,C101880,11/04/2025,,Open,PAYROLL_DIY,Payroll DIY,Partners,dinkster,1151,0,Nimbus Trust,Software,25,0,1/04/2025
D201552,C100403,23/02/2024,,Open,PAYROLL_MPS,Managed Payroll,Direct,shao,1438,0,Alpha Co.,Legal,1,0,1/10/2024
D201553,C101718,19/08/2024,,Open,PAYROLL_MPS,Managed Payroll,Direct,awong,3165,0,Duncan Air Ltd,Software,10,1,1/11/2024
D201554,C102995,30/12/2024,10/03/2025,Closed Lost,PAYROLL_MPS,Managed Payroll,Partners,shao,1202,0,Kea Holdings,Accounting,14,1,
D201555,C100819,3/03/2024,17/04/2024,Closed Lost,PAYROLL_DIY,Payroll DIY,Direct,awong,821,0,Alpha Partners,Education,28,0,
D201556,C104070,28/08/2024,19/11/2024,Closed Won,PAYROLL_DIY,Payroll DIY,Partners,dinkster,682,0,Kauri Co.,Software,65,0,1/11/2024
D201557,C101601,11/07/2024,6/10/2024,Closed Won,ADD_ON_TKR,TKR Add-on,Direct,dt,492,0,Ohomairangi Ltd,Education,18,1,1/11/2024
D201558,C101767,8/07/2024,13/08/2024,Closed Won,PAYROLL_MPS,Managed Payroll,Direct,awong,3986,0,Alpha Partners,Retail,21,0,1/08/2024
D201559,C102403,20/08/2024,26/10/2024,Closed Won,ADD_ON_TKR,TKR Add-on,Direct,dinkster,122,0,Pivot Duncan Air Group,Education,1,0,1/11/2024
D201560,C100973,18/05/2024,9/06/2024,Closed Won,PM,People Management,Partners,dt,461,0,Nimbus Eurotec Holdings,Construction,15,0,1/07/2024
D201561,C104660,30/05/2025,,Open,PAYROLL_MPS,Managed Payroll,Partners,shao,5383,0,Wenita Kea Services,Education,9,0,1/09/2024
D201562,C100305,27/03/2025,10/06/2025,Closed Won,PAYROLL_DIY,Payroll DIY,Partners,shao,3604,0,Eurotec Trust,Software,12,0,1/06/2025
D201563,C100874,12/03/2025,20/03/2025,Closed Won,PAYROLL_DIY,Payroll DIY,Direct,awong,2871,0,Tui Limited,Manufacturing,13,0,1/04/2025
D201564,C100484,29/04/2024,16/05/2024,Closed Lost,PAYROLL_MPS,Managed Payroll,Direct,mkoenen,3884,0,Eurotec Co.,Legal,15,1,
D201565,C103366,23/12/2024,1/02/2025,Closed Won,PAYROLL_MPS,Managed Payroll,Partners,unassigned,4545,0,Nimbus Partners,Accounting,57,0,1/02/2025
D201566,C100746,2/10/2024,,Open,PM,People Management,Direct,mkoenen,1365,0,Tui Trust,Retail,20,0,1/06/2025
D201567,C101572,20/02/2025,22/04/2025,Closed Won,PAYROLL_MPS,Managed Payroll,Partners,awong,5362,0,Nimbus Ltd,Software,50,0,1/05/2025
D201568,C100708,23/02/2024,14/03/2024,Closed Won,PAYROLL_MPS,Managed Payroll,Partners,awong,2516,0,Beta Nimbus Ltd,Retail,52,0,1/04/2024
D201569,C101248,12/06/2024,2/08/2024,Closed Won,PM,People Management,Partners,mkoenen,1341,0,Nimbus Holdings,Software,1,0,1/09/2024
D201570,C104875,24/02/2024,8/04/2024,Closed Won,PAYROLL_MPS,Managed Payroll,Partners,unassigned,6841,0,Eurotec Co.,Accounting,38,1,1/04/2024
D201571,C103474,7/04/2025,,Open,PAYROLL_MPS,Managed Payroll,Direct,mkoenen,8279,0,Beta Ohomairangi Co.,Manufacturing,38,1,1/03/2025
D201572,C103606,13/01/2024,28/02/2024,Closed Won,PM,People Management,Direct,shao,998,0,Eurotec Summit Partners,Retail,23,0,1/03/2024
D201573,C103000,22/10/2024,30/12/2024,Closed Lost,PAYROLL_DIY,Payroll DIY,Partners,dinkster,1005,0,Kea Ohomairangi Limited,Construction,77,0,
D201574,C103261,10/02/2024,6/03/2024,Closed Lost,PM,People Management,Partners,shao,1620,0,Summit Nimbus Ltd,Software,19,0,
D201575,C104637,14/01/2025,26/01/2025,Closed Won,PAYROLL_DIY,Payroll DIY,Partners,dinkster,2413,0,Atlas Ltd,Retail,1,1,1/02/2025
D201576,C101750,21/04/2025,29/04/2025,Closed Lost,ADD_ON_TKR,TKR Add-on,Direct,dt,145,0,Wenita Duncan Air Limited,Software,105,0,
D201577,C101838,13/03/2025,16/04/2025,Closed Won,ADD_ON_TKR,TKR Add-on,Partners,dt,686,0,Atlas Co.,Construction,58,0,1/05/2025
D201578,C102395,14/06/2024,5/09/2024,Closed Lost,PAYROLL_DIY,Payroll DIY,Partners,shao,894,0,Summit Group,Healthcare,46,0,
D201579,C104325,1/12/2024,28/02/2025,Closed Won,ADD_ON_TKR,TKR Add-on,Partners,mkoenen,857,0,Beta Limited,Education,1,0,1/03/2025
D201580,C104341,6/01/2024,27/02/2024,Closed Won,ADD_ON_TKR,TKR Add-on,Partners,dinkster,1483,0,Kauri Holdings,Software,1,0,1/03/2024
D201581,C103381,8/05/2025,30/07/2025,Closed Won,PAYROLL_MPS,Managed Payroll,Partners,dinkster,1424,0,Beta Nimbus Limited,Legal,10,0,1/08/2025
D201582,C103015,29/01/2025,8/02/2025,Closed Won,ADD_ON_TKR,TKR Add-on,Partners,mkoenen,1015,0,Wenita Beta Co.,Accounting,10,0,1/03/2025
D201583,C100164,7/03/2024,29/04/2024,Closed Won,PM,People Management,Direct,dt,1900,0,Wenita Harbour Group,Education,50,0,1/05/2024
D201584,C100469,4/08/2024,15/09/2024,Closed Won,PAYROLL_DIY,Payroll DIY,Partners,dt,1407,0,Beta Holdings,Accounting,68,1,1/10/2024
D201585,C100580,3/04/2024,28/04/2024,Closed Won,PAYROLL_DIY,Payroll DIY,Direct,unassigned,303,0,Tui Group,Construction,36,0,1/05/2024
D201586,C104841,28/02/2024,29/04/2024,Closed Lost,PAYROLL_MPS,Managed Payroll,Partners,shao,1837,0,Kea Limited,Accounting,40,1,
D201587,C101387,17/05/2025,24/05/2025,Closed Won,PAYROLL_DIY,Payroll DIY,Direct,awong,2388,0,Kauri Holdings,Retail,1,0,1/06/2025
D201588,C100422,2/01/2024,2/03/2024,Closed Lost,PAYROLL_DIY,Payroll DIY,Direct,dt,1091,0,Harbour Pivot Services,Retail,12,0,
D201589,C104457,9/01/2024,10/01/2024,Closed Won,PM,People Management,Direct,mkoenen,264,0,Duncan Air Harbour Partners,Legal,55,0,1/02/2024
D201590,C101150,15/05/2024,6/06/2024,Closed Lost,ADD_ON_TKR,TKR Add-on,Direct,dt,793,0,Rimu Kauri Ltd,Software,21,0,
D201591,C104473,10/03/2024,22/05/2024,Closed Lost,PAYROLL_MPS,Managed Payroll,Partners,unassigned_tmp,3129,0,Pivot Partners,Retail,48,0,
D201592,C104244,3/05/2025,,Open,PAYROLL_DIY,Payroll DIY,Direct,dinkster,2350,0,Beta Pivot Holdings,Manufacturing,25,0,1/12/2024
D201593,C101470,2/06/2024,19/07/2024,Closed Lost,PAYROLL_DIY,Payroll DIY,Partners,dinkster,0,0,Summit Group,Software,78,0,
D201594,C104152,30/01/2025,29/03/2025,Closed Won,PAYROLL_MPS,Managed Payroll,Direct,awong,5023,0,Tui Co.,Legal,19,0,1/04/2025
D201595,C104874,3/02/2025,8/02/2025,Closed Won,PAYROLL_MPS,Managed Payroll,Partners,unassigned,3296,0,Kea Atlas Group,Healthcare,40,0,1/03/2025
D201596,C102667,26/09/2024,3/10/2024,Closed Lost,PM,People Management,Partners,dinkster,2435,0,Harbour Trust,Manufacturing,6,0,
D201597,C101133,4/03/2025,21/04/2025,Closed Won,PAYROLL_MPS,Managed Payroll,Direct,awong,4253,0,Alpha Duncan Air Holdings,Construction,1,0,1/05/2025
D201598,C101591,6/06/2024,9/06/2024,Closed Won,ADD_ON_TKR,TKR Add-on,Direct,unassigned,1000,0,Beta Group,Construction,34,0,1/06/2024
D201599,C103786,13/10/2024,4/11/2024,Closed Won,PAYROLL_MPS,Managed Payroll,Partners,nobody,5322,0,Pivot Nimbus Limited,Construction,13,0,1/12/2024
D201600,C102451,18/03/2025,16/06/2025,Closed Won,ADD_ON_TKR,TKR Add-on,Partners,mkoenen,322,0,Kea Group,Software,25,0,1/06/2025
D201601,C104986,20/03/2025,,Open,PM,People Management,Direct,unassigned,1499,0,Nimbus Services,Software,50,0,1/10/2024
D201602,C102439,1/12/2024,,Open,PM,People Management,Partners,unassigned,266,0,Duncan Air Ltd,Retail,1,0,1/04/2025
D201603,C103688,23/04/2024,26/05/2024,Closed Won,PAYROLL_MPS,Managed Payroll,Partners,dt,4870,0,Summit Summit Holdings,Healthcare,107,0,1/06/2024
D201604,C101761,29/05/2024,,Open,PAYROLL_MPS,Managed Payroll,Partners,mkoenen,4300,0,Eurotec Ltd,Accounting,27,0,1/07/2024
D201605,C102499,23/10/2024,,Open,PM,People Management,Partners,unassigned,458,0,Beta Partners,Construction,1,0,1/02/2025
D201606,C100228,8/06/2024,17/07/2024,Closed Lost,PAYROLL_MPS,Managed Payroll,Partners,mkoenen,5909,0,Kauri Limited,Retail,19,0,
D201607,C104531,25/06/2024,,Open,PAYROLL_MPS,Managed Payroll,Direct,shao,3817,0,Ohomairangi Alpha Limited,Software,29,0,1/09/2025
D201608,C103175,3/03/2025,24/03/2025,Closed Won,PAYROLL_MPS,Managed Payroll,Partners,dinkster,2714,0,Duncan Air Services,Healthcare,33,0,1/04/2025
D201609,C101811,1/01/2024,31/01/2024,Closed Won,ADD_ON_TKR,TKR Add-on,Partners,awong,1613,0,Nimbus Limited,Accounting,68,1,1/02/2024
D201610,C100813,14/11/2024,,Open,PAYROLL_DIY,Payroll DIY,Direct,dinkster,678,0,Pivot Holdings,Education,27,1,1/05/2024
D201611,C104993,6/10/2024,16/10/2024,Closed Won,PAYROLL_DIY,Payroll DIY,Partners,dt,500,0,Eurotec Co.,Healthcare,67,0,1/11/2024
D201612,C103083,25/07/2024,,Open,ADD_ON_TKR,TKR Add-on,Partners,awong,767,0,Kauri Wenita Partners,Legal,5,0,1/09/2025
D201613,C103036,6/03/2024,23/05/2024,Closed Won,PAYROLL_DIY,Payroll DIY,Direct,awong,296,0,Eurotec Holdings,Construction,20,1,1/06/2024
D201614,C103998,18/08/2024,20/08/2024,Closed Won,ADD_ON_TKR,TKR Add-on,Partners,mkoenen,450,0,Summit Limited,Accounting,67,0,1/09/2024
D201615,C103134,21/07/2024,,Open,ADD_ON_TKR,TKR Add-on,Partners,mkoenen,359,0,Eurotec Trust,Construction,1,0,1/07/2024
D201616,C100648,3/03/2024,2/04/2024,Closed Won,ADD_ON_TKR,TKR Add-on,Direct,dinkster,1214,0,Pivot Ltd,Construction,35,0,1/04/2024
D201617,C103083,20/09/2024,5/10/2024,Closed Lost,PM,People Management,Direct,dt,1059,0,Kauri Wenita Partners,Legal,5,0,1/10/2024
D201618,C100518,26/02/2025,16/03/2025,Closed Won,PM,People Management,Partners,awong,754,0,Rimu Wenita Limited,Legal,24,1,1/04/2025
D201619,C101094,4/06/2025,,Open,ADD_ON_TKR,TKR Add-on,Direct,unassigned,847,0,Nimbus Ltd,Legal,3,0,1/12/2024
D201620,C104830,1/07/2024,7/08/2024,Closed Won,PM,People Management,Partners,unassigned,1517,0,Rimu Co.,Healthcare,54,0,1/09/2024
D201621,C103272,1/05/2024,1/07/2024,Closed Won,ADD_ON_TKR,TKR Add-on,Partners,dinkster,712,0,Harbour Kea Group,Construction,57,0,1/07/2024
D201622,C104476,24/01/2025,10/02/2025,Closed Won,ADD_ON_TKR,TKR Add-on,Direct,shao,850,0,Nimbus Partners,Software,18,0,1/03/2025
D201623,C101047,20/12/2024,15/01/2025,Closed Lost,PM,People Management,Direct,unassigned,2579,0,Summit Limited,Legal,1,0,
D201624,C101787,18/04/2024,3/06/2024,Closed Won,PAYROLL_MPS,Managed Payroll,Partners,dinkster,4575,0,Alpha Holdings,Construction,55,0,1/06/2024
D201625,C103644,25/12/2024,25/01/2025,Closed Won,PAYROLL_MPS,Managed Payroll,Partners,dt,3191,0,Atlas Partners,Healthcare,3,0,1/02/2025
D201626,C102759,29/03/2024,12/06/2024,Closed Won,PM,People Management,Partners,shao,544,0,Ohomairangi Duncan Air Ltd,Education,64,1,1/06/2024
D201627,C104985,8/08/2024,6/11/2024,Closed Won,PAYROLL_DIY,Payroll DIY,Direct,dinkster,1952,0,Kauri Co.,Software,1,0,1/11/2024
D201628,C103548,11/06/2024,12/08/2024,Closed Lost,PAYROLL_MPS,Managed Payroll,Partners,dinkster,-5572,0,Alpha Harbour Group,Manufacturing,1,0,
D201629,C104910,24/05/2024,,Open,ADD_ON_TKR,TKR Add-on,Partners,dt,465,0,Nimbus Rimu Limited,Healthcare,1,0,1/03/2024
D201630,C102576,15/08/2024,11/10/2024,Closed Won,PAYROLL_MPS,Managed Payroll,Direct,unassigned,4183,0,Pivot Group,Retail,13,0,1/11/2024
D201631,C101052,17/11/2024,,Open,ADD_ON_TKR,TKR Add-on,Partners,dt,426,0,Beta Holdings,Healthcare,28,0,1/07/2024
D201632,C101938,29/07/2024,9/08/2024,Closed Won,PAYROLL_DIY,Payroll DIY,Partners,mkoenen,840,0,Harbour Co.,Accounting,17,0,1/09/2024
D201633,C104242,12/02/2024,11/05/2024,Closed Won,PAYROLL_DIY,Payroll DIY,Direct,mkoenen,3916,0,Summit Kea Partners,Software,11,0,1/06/2024
D201634,C101406,28/05/2024,9/06/2024,Closed Lost,ADD_ON_TKR,TKR Add-on,Partners,mkoenen,1198,0,Atlas Co.,Retail,1,0,
D201635,C104223,24/03/2025,18/06/2025,Closed Won,PM,People Management,Partners,unassigned,1444,1,Atlas Co.,Healthcare,1,0,1/07/2025
D201636,C102394,11/12/2024,,Open,ADD_ON_TKR,TKR Add-on,Partners,mkoenen,1454,0,Harbour Limited,Retail,24,0,1/09/2025
D201637,C102837,12/04/2024,25/04/2024,Closed Won,ADD_ON_TKR,TKR Add-on,Direct,shao,248,0,Atlas Trust,Retail,33,0,1/05/2024
D201638,C103551,20/07/2024,17/09/2024,Closed Won,PM,People Management,Partners,unassigned,1665,0,Ohomairangi Trust,Software,27,0,1/10/2024
D201639,C100190,12/04/2025,31/05/2025,Closed Lost,ADD_ON_TKR,TKR Add-on,Partners,awong,488,0,Harbour Partners,Software,1,0,
D201640,C102957,31/05/2024,7/06/2024,Closed Won,ADD_ON_TKR,TKR Add-on,Partners,dinkster,900,0,Rimu Co.,Legal,1,0,1/07/2024
D201641,C102127,6/03/2024,10/04/2024,Closed Won,PAYROLL_DIY,Payroll DIY,Partners,shao,2659,0,Harbour Holdings,Retail,31,0,1/05/2024
D201642,C103176,21/02/2024,1/03/2024,Closed Won,PAYROLL_MPS,Managed Payroll,Direct,dt,5110,0,Kauri Partners,Construction,36,1,1/04/2024
D201643,C101188,3/05/2025,16/05/2025,Closed Won,PAYROLL_MPS,Managed Payroll,Direct,dt,8493,1,Nimbus Atlas Partners,Software,23,0,1/05/2025
D201644,C104298,16/03/2024,2/05/2024,Closed Won,ADD_ON_TKR,TKR Add-on,Partners,nobody,1214,0,Beta Services,Construction,54,0,1/06/2024
D201645,C101033,25/02/2025,13/05/2025,Closed Won,PAYROLL_DIY,Payroll DIY,Partners,shao,1592,0,Rimu Services,Legal,11,0,1/06/2025
D201646,C103307,22/03/2025,2/04/2025,Closed Won,ADD_ON_TKR,TKR Add-on,Partners,shao,256,0,Duncan Air Trust,Legal,41,0,1/04/2025
D201647,C102671,20/05/2024,22/07/2024,Closed Lost,ADD_ON_TKR,TKR Add-on,Direct,dinkster,324,0,Rimu Tui Co.,Healthcare,1,0,
D201648,C100512,5/04/2024,,Open,PAYROLL_MPS,Managed Payroll,Partners,mkoenen,4352,0,Kauri Co.,Software,14,0,1/10/2024
D201649,C101388,25/04/2025,7/06/2025,Closed Won,PM,People Management,Direct,mkoenen,913,0,Eurotec Partners,Software,5,1,1/06/2025
D201650,C101919,7/12/2024,2/01/2025,Closed Won,PM,People Management,Partners,awong,231,0,Nimbus Partners,Software,1,0,1/01/2025
D201651,C102422,14/03/2025,22/04/2025,Closed Lost,PM,People Management,Direct,awong,561,0,Eurotec Services,Legal,7,1,
D201652,C104568,30/06/2024,17/07/2024,Closed Won,PM,People Management,Partners,dt,104,0,Duncan Air Holdings,Accounting,1,0,1/08/2024
D201653,C100533,14/12/2024,23/01/2025,Closed Won,ADD_ON_TKR,TKR Add-on,Partners,awong,934,0,Eurotec Co.,Education,62,0,1/02/2025
D201654,C103512,12/08/2024,16/09/2024,Closed Won,PM,People Management,Partners,mkoenen,1702,0,Beta Co.,Healthcare,48,0,1/10/2024
D201655,C102039,26/09/2024,,Open,PAYROLL_DIY,Payroll DIY,Direct,mkoenen,3080,0,Beta Pivot Limited,Healthcare,51,0,1/01/2025
D201656,C103649,7/03/2025,,Open,PM,People Management,Partners,shao,1991,0,Kea Eurotec Co.,Healthcare,85,0,1/03/2025
D201657,C104971,26/08/2024,14/10/2024,Closed Won,ADD_ON_TKR,TKR Add-on,Partners,mkoenen,283,0,Harbour Holdings,Healthcare,51,0,1/10/2024
D201658,C104576,14/09/2024,14/11/2024,Closed Won,PAYROLL_DIY,Payroll DIY,Direct,dt,2315,0,Alpha Kauri Holdings,Education,29,0,1/12/2024
D201659,C102011,9/12/2024,13/02/2025,Closed Lost,PAYROLL_MPS,Managed Payroll,Partners,unassigned,3350,0,Ohomairangi Pivot Holdings,Legal,23,0,
D201660,C101107,24/02/2024,20/05/2024,Closed Won,PAYROLL_DIY,Payroll DIY,Partners,mkoenen,1680,0,Alpha Rimu Trust,Software,4,0,1/06/2024
D201661,C104163,25/05/2025,16/08/2025,Closed Lost,ADD_ON_TKR,TKR Add-on,Partners,dinkster,627,0,Nimbus Ltd,Education,39,1,
D201662,C102912,21/04/2025,22/06/2025,Closed Lost,PAYROLL_DIY,Payroll DIY,Direct,dinkster,2860,0,Ohomairangi Beta Ltd,Healthcare,32,1,
D201663,C100443,19/01/2025,11/02/2025,Closed Lost,PAYROLL_MPS,Managed Payroll,Partners,awong,2786,0,Tui Limited,Legal,83,0,
D201664,C101672,16/05/2024,,Open,ADD_ON_TKR,TKR Add-on,Partners,dt,508,0,Pivot Holdings,Retail,34,0,1/10/2024
D201665,C100171,22/08/2024,11/10/2024,Closed Won,PM,People Management,Direct,unassigned,507,0,Atlas Co.,Construction,1,0,1/10/2024
D201666,C102232,21/06/2024,17/08/2024,Closed Won,ADD_ON_TKR,TKR Add-on,Partners,awong,401,0,Duncan Air Wenita Limited,Healthcare,86,1,1/09/2024
D201667,C102037,3/03/2025,,Open,PAYROLL_DIY,Payroll DIY,Direct,dt,3268,0,Kea Ltd,Retail,1,0,1/05/2025
D201668,C104838,4/05/2025,14/06/2025,Closed Won,PAYROLL_MPS,Managed Payroll,Partners,dt,3274,0,Pivot Trust,Healthcare,2,0,1/07/2025
D201669,C101606,9/12/2024,20/01/2025,Closed Won,ADD_ON_TKR,TKR Add-on,Direct,dinkster,312,0,Nimbus Limited,Accounting,41,0,1/03/2025
D201670,C104195,14/07/2024,22/08/2024,Closed Lost,PM,People Management,Direct,awong,1890,0,Harbour Atlas Co.,Healthcare,27,0,
D201671,C102554,18/02/2024,,Open,PAYROLL_DIY,Payroll DIY,Direct,dinkster,2140,0,Pivot Partners,Software,81,0,1/03/2025
D201672,C102060,6/07/2024,,Open,ADD_ON_TKR,TKR Add-on,Direct,shao,569,0,Ohomairangi Trust,Legal,1,0,1/06/2025
D201673,C101015,8/06/2025,9/08/2025,Closed Lost,ADD_ON_TKR,TKR Add-on,Direct,awong,543,0,Duncan Air Limited,Education,1,0,
D201674,C102411,24/05/2024,,Open,PAYROLL_MPS,Managed Payroll,Direct,awong,2543,0,Ohomairangi Trust,Construction,30,0,1/09/2025
D201675,C102790,29/03/2024,,Open,PM,People Management,Direct,unassigned,1212,0,Rimu Trust,Software,33,0,1/03/2025
D201676,C101177,7/10/2024,31/12/2024,Closed Lost,PM,People Management,Partners,awong,674,0,Wenita Services,Manufacturing,1,0,
D201677,C101406,7/05/2025,21/06/2025,Closed Won,ADD_ON_TKR,TKR Add-on,Direct,mkoenen,354,0,Atlas Co.,Retail,1,0,1/07/2025
D201678,C101334,7/08/2024,24/09/2024,Closed Won,ADD_ON_TKR,TKR Add-on,Partners,awong,905,0,Kauri Partners,Retail,1,0,1/10/2024
D201679,C104956,29/03/2024,30/05/2024,Closed Won,PAYROLL_DIY,Payroll DIY,Partners,nobody,2031,0,Wenita Group,Accounting,13,0,1/06/2024
D201680,C101317,10/10/2024,3/11/2024,Closed Won,ADD_ON_TKR,TKR Add-on,Partners,nobody,895,0,Beta Trust,Construction,44,0,1/11/2024
D201681,C102349,9/03/2025,,Open,PM,People Management,Partners,unassigned,1939,0,Tui Ltd,Manufacturing,50,0,1/04/2025
D201682,C102490,7/06/2025,12/07/2025,Closed Won,PAYROLL_MPS,Managed Payroll,Direct,awong,5529,0,Summit Limited,Education,60,0,1/08/2025
D201683,C101695,26/04/2025,28/06/2025,Closed Won,PM,People Management,Partners,dinkster,1859,1,Beta Trust,Software,37,0,1/07/2025
D201684,C101174,23/09/2024,16/11/2024,Closed Lost,PM,People Management,Direct,awong,1455,0,Atlas Services,Manufacturing,1,0,
D201685,C102119,18/03/2024,11/05/2024,Closed Won,ADD_ON_TKR,TKR Add-on,Partners,shao,978,0,Kauri Kea Ltd,Construction,52,0,1/05/2024
D201686,C102582,13/01/2025,,Open,ADD_ON_TKR,TKR Add-on,Direct,awong,573,0,Alpha Duncan Air Limited,Retail,24,0,1/07/2025
D201687,C102074,18/05/2025,19/05/2025,Closed Won,PAYROLL_MPS,Managed Payroll,Direct,unassigned,2341,0,Nimbus Ltd,Retail,1,0,1/06/2025
D201688,C102589,22/06/2025,,Open,ADD_ON_TKR,TKR Add-on,Partners,awong,836,0,Eurotec Tui Limited,Software,1,0,1/04/2025
D201689,C102003,17/08/2024,,Open,PAYROLL_MPS,Managed Payroll,Direct,dt,7048,0,Tui Trust,Construction,72,0,1/04/2025
D201690,C104197,3/08/2024,24/09/2024,Closed Lost,PAYROLL_MPS,Managed Payroll,Partners,dt,1064,0,Wenita Partners,Software,35,0,
D201691,C103103,22/12/2024,10/01/2025,Closed Won,PAYROLL_MPS,Managed Payroll,Partners,awong,3019,0,Nimbus Services,Legal,1,0,1/01/2025
D201692,C103931,17/05/2025,6/08/2025,Closed Won,PM,People Management,Direct,awong,682,0,Ohomairangi Holdings,Manufacturing,37,0,1/09/2025
D201693,C101613,1/08/2024,,Open,PAYROLL_MPS,Managed Payroll,Partners,awong,5968,0,Wenita Limited,Construction,67,0,1/07/2025
D201694,C103554,8/07/2024,16/07/2024,Closed Won,ADD_ON_TKR,TKR Add-on,Partners,mkoenen,972,0,Alpha Nimbus Group,Manufacturing,18,1,1/07/2024
D201695,C104929,8/05/2025,17/05/2025,Closed Won,PAYROLL_DIY,Payroll DIY,Partners,unassigned,750,0,Rimu Atlas Services,Software,1,0,1/06/2025
D201696,C104657,21/08/2024,7/10/2024,Closed Won,PAYROLL_MPS,Managed Payroll,Partners,dinkster,5339,0,Nimbus Ltd,Education,1,0,1/10/2024
D201697,C102290,28/04/2025,17/06/2025,Closed Won,PM,People Management,Direct,dt,1147,0,Atlas Co.,Education,28,0,1/06/2025
D201698,C103223,24/03/2024,7/06/2024,Closed Won,PM,People Management,Direct,mkoenen,736,0,Eurotec Group,Accounting,9,1,1/07/2024
D201699,C103897,30/05/2024,,Open,PM,People Management,Direct,awong,1280,0,Wenita Co.,Legal,32,0,1/05/2024
D201700,C101856,4/06/2025,1/09/2025,Closed Lost,PM,People Management,Direct,awong,1742,0,Rimu Co.,Manufacturing,1,0,
D201701,C104656,13/06/2024,,Open,PM,People Management,Partners,nobody,869,0,Harbour Trust,Education,72,0,1/04/2025
D201702,C102543,30/05/2025,,Open,PAYROLL_MPS,Managed Payroll,Partners,unassigned,4462,0,Tui Eurotec Holdings,Accounting,62,0,1/05/2025
D201703,C103126,27/10/2024,17/12/2024,Closed Lost,PAYROLL_DIY,Payroll DIY,Direct,mkoenen,2531,0,Harbour Trust,Retail,1,0,
D201704,C101166,2/06/2024,31/08/2024,Closed Won,ADD_ON_TKR,TKR Add-on,Partners,mkoenen,1731,0,Beta Co.,Legal,1,0,1/09/2024
D201705,C100091,19/05/2024,5/07/2024,Closed Won,PAYROLL_DIY,Payroll DIY,Partners,mkoenen,1668,0,Kea Holdings,Construction,37,0,1/07/2024
D201706,C104612,6/09/2024,,Open,PAYROLL_DIY,Payroll DIY,Partners,awong,572,0,Alpha Co.,Legal,13,0,1/11/2024
D201707,C103562,12/06/2025,,Open,PAYROLL_DIY,Payroll DIY,Direct,awong,1365,0,Atlas Co.,Education,85,0,1/04/2025
D201708,C100662,22/12/2024,5/02/2025,Closed Won,PAYROLL_MPS,Managed Payroll,Direct,shao,2811,0,Nimbus Ltd,Software,17,0,1/03/2025
D201709,C104391,12/11/2024,23/11/2024,Closed Won,PAYROLL_MPS,Managed Payroll,Partners,unassigned,5968,0,Summit Co.,Software,1,0,1/12/2024
D201710,C101953,22/03/2024,5/06/2024,Closed Won,PM,People Management,Direct,nobody,904,0,Nimbus Holdings,Accounting,13,0,1/06/2024
D201711,C101709,25/02/2025,,Open,PAYROLL_DIY,Payroll DIY,Direct,dt,945,0,Harbour Co.,Construction,44,0,1/09/2024
D201712,C100926,6/03/2024,31/03/2024,Closed Won,PAYROLL_DIY,Payroll DIY,Partners,dt,1465,0,Ohomairangi Trust,Software,1,0,1/04/2024
D201713,C104255,10/02/2025,25/04/2025,Closed Won,PAYROLL_MPS,Managed Payroll,Direct,unassigned,4049,0,Eurotec Kauri Ltd,Healthcare,17,0,1/05/2025
D201714,C102624,27/01/2025,,Open,PAYROLL_MPS,Managed Payroll,Direct,dt,7284,0,Rimu Tui Ltd,Software,30,0,1/02/2025
D201715,C104327,7/03/2025,25/05/2025,Closed Won,PAYROLL_DIY,Payroll DIY,Partners,dinkster,2260,0,Wenita Trust,Accounting,33,0,1/06/2025
D201716,C102893,11/11/2024,30/01/2025,Closed Won,PAYROLL_MPS,Managed Payroll,Partners,unassigned,5735,0,Atlas Tui Group,Software,44,0,1/03/2025
D201717,C103269,24/01/2025,28/01/2025,Closed Won,PAYROLL_DIY,Payroll DIY,Partners,mkoenen,1599,0,Kauri Limited,Accounting,53,0,1/03/2025
D201718,C100885,4/01/2025,17/01/2025,Closed Won,PAYROLL_MPS,Managed Payroll,Direct,dinkster,2757,0,Rimu Partners,Software,27,0,1/02/2025
D201719,C100238,23/12/2024,27/02/2025,Closed Lost,PM,People Management,Partners,unassigned,1612,0,Summit Duncan Air Group,Retail,80,0,
D201720,C103901,11/09/2024,28/11/2024,Closed Lost,PM,People Management,Partners,dinkster,465,0,Wenita Rimu Trust,Manufacturing,16,0,
D201721,C101248,25/03/2024,6/06/2024,Closed Lost,ADD_ON_TKR,TKR Add-on,Direct,dt,580,0,Nimbus Holdings,Software,1,0,
D201722,C104072,13/03/2024,,Open,PM,People Management,Direct,dinkster,1406,0,Kea Rimu Holdings,Software,52,0,1/04/2025
D201723,C103578,2/03/2025,,Open,PAYROLL_MPS,Managed Payroll,Direct,mkoenen,4600,0,Alpha Limited,Education,26,0,1/03/2024
D201724,C101795,12/09/2024,20/11/2024,Closed Won,PAYROLL_MPS,Managed Payroll,Direct,dinkster,0,0,Duncan Air Ltd,Construction,12,0,1/12/2024
D201725,C101606,4/07/2024,7/08/2024,Closed Won,PAYROLL_MPS,Managed Payroll,Partners,mkoenen,4474,0,Nimbus Limited,Accounting,41,0,1/08/2024
D201726,C100279,7/12/2024,,Open,PAYROLL_DIY,Payroll DIY,Direct,awong,1057,0,Nimbus Trust,Education,18,0,1/05/2025
D201727,C104460,28/04/2024,15/06/2024,Closed Won,PAYROLL_DIY,Payroll DIY,Direct,dinkster,1417,0,Alpha Co.,Healthcare,37,0,1/07/2024
D201728,C103719,19/04/2024,26/04/2024,Closed Lost,ADD_ON_TKR,TKR Add-on,Partners,dt,664,0,Tui Co.,Construction,1,0,
D201729,C104345,16/06/2025,,Open,PAYROLL_DIY,Payroll DIY,Partners,unassigned,3833,0,Tui Group,Manufacturing,1,1,1/06/2024
D201730,C102416,4/10/2024,16/10/2024,Closed Won,PM,People Management,Partners,awong,1613,0,Duncan Air Holdings,Software,76,0,1/11/2024
D201731,C103202,14/03/2025,30/04/2025,Closed Won,PM,People Management,Partners,unassigned,747,0,Tui Ltd,Legal,41,0,1/05/2025
D201732,C104065,11/03/2025,28/05/2025,Closed Won,PM,People Management,Direct,shao,2148,0,Nimbus Co.,Retail,13,0,1/07/2025
D201733,C103505,4/07/2024,28/08/2024,Closed Won,PM,People Management,Partners,dt,699,0,Kea Holdings,Legal,6,0,1/09/2024
D201734,C104494,13/06/2025,11/07/2025,Closed Won,PM,People Management,Direct,unassigned,1685,0,Duncan Air Co.,Accounting,1,0,1/08/2025
D201735,C102830,17/03/2025,31/03/2025,Closed Won,ADD_ON_TKR,TKR Add-on,Direct,shao,996,0,Atlas Atlas Limited,Healthcare,1,0,1/04/2025
D201736,C104732,15/07/2024,7/08/2024,Closed Won,PAYROLL_MPS,Managed Payroll,Direct,mkoenen,2867,0,Tui Limited,Software,63,0,1/08/2024
D201737,C104475,15/12/2024,20/02/2025,Closed Lost,PM,People Management,Direct,awong,54,0,Kea Holdings,Software,1,0,
D201738,C104059,7/11/2024,4/01/2025,Closed Won,PM,People Management,Partners,dinkster,935,0,Kea Holdings,Healthcare,31,0,1/01/2025
D201739,C103336,15/12/2024,1/03/2025,Closed Won,PAYROLL_DIY,Payroll DIY,Partners,awong,1470,0,Tui Kauri Services,Retail,29,0,1/04/2025
D201740,C104145,8/02/2024,13/03/2024,Closed Lost,PM,People Management,Partners,awong,1397,0,Duncan Air Partners,Software,7,0,
D201741,C103538,30/08/2024,2/10/2024,Closed Won,PAYROLL_DIY,Payroll DIY,Direct,mkoenen,2100,0,Eurotec Kea Partners,Legal,31,0,1/10/2024
D201742,C103118,14/09/2024,30/09/2024,Closed Lost,PM,People Management,Partners,dinkster,992,0,Eurotec Partners,Healthcare,26,0,
D201743,C102944,25/01/2025,2/03/2025,Closed Lost,ADD_ON_TKR,TKR Add-on,Direct,mkoenen,455,0,Atlas Harbour Holdings,Legal,1,0,
D201744,C101866,11/07/2024,16/09/2024,Closed Won,PM,People Management,Direct,unassigned,1828,0,Kauri Eurotec Ltd,Healthcare,9,0,1/09/2024
D201745,C104700,18/01/2025,1/02/2025,Closed Won,PM,People Management,Partners,awong,1503,0,Ohomairangi Eurotec Ltd,Software,14,1,1/02/2025
D201746,C102677,28/06/2025,,Open,ADD_ON_TKR,TKR Add-on,Direct,mkoenen,273,0,Eurotec Group,Accounting,65,0,1/06/2024
D201747,C104239,20/02/2024,22/03/2024,Closed Won,PAYROLL_DIY,Payroll DIY,Partners,dt,2049,0,Tui Partners,Construction,1,0,1/04/2024
D201748,C100190,2/02/2024,5/02/2024,Closed Won,PM,People Management,Partners,dinkster_tmp,1269,0,Harbour Partners,Software,1,0,1/03/2024
D201749,C101018,18/02/2024,24/04/2024,Closed Won,ADD_ON_TKR,TKR Add-on,Direct,shao,806,0,Atlas Ltd,Manufacturing,1,0,1/05/2024
D201750,C101136,12/04/2025,9/05/2025,Closed Won,ADD_ON_TKR,TKR Add-on,Direct,mkoenen,779,0,Duncan Air Services,Software,59,0,1/06/2025
D201751,C104793,19/02/2024,20/03/2024,Closed Won,PM,People Management,Direct,dinkster,1608,0,Pivot Holdings,Legal,42,0,1/04/2024
D201752,C104830,29/07/2024,12/09/2024,Closed Won,PAYROLL_MPS,Managed Payroll,Partners,shao,6793,0,Rimu Co.,Healthcare,54,0,1/10/2024
D201753,C101188,6/03/2025,24/04/2025,Closed Won,PAYROLL_DIY,Payroll DIY,Direct,dt,2571,1,Nimbus Atlas Partners,Software,23,0,1/05/2025
D201754,C102574,1/04/2024,30/06/2024,Closed Won,PAYROLL_MPS,Managed Payroll,Direct,mkoenen,989,0,Harbour Summit Ltd,Accounting,23,0,1/07/2024
D201755,C100404,9/06/2024,16/07/2024,Closed Lost,PAYROLL_MPS,Managed Payroll,Partners,awong,1611,0,Alpha Limited,Manufacturing,33,0,
D201756,C101500,20/06/2024,24/07/2024,Closed Won,PAYROLL_MPS,Managed Payroll,Partners,mkoenen,1448,0,Kauri Harbour Ltd,Education,33,0,1/09/2024
D201757,C104606,20/06/2024,29/06/2024,Closed Won,ADD_ON_TKR,TKR Add-on,Partners,mkoenen,673,0,Kauri Services,Construction,18,0,1/07/2024
D201758,C102577,14/04/2024,19/06/2024,Closed Won,PM,People Management,Partners,shao,736,0,Pivot Holdings,Legal,35,0,1/07/2024
D201759,C100641,20/06/2024,30/06/2024,Closed Won,PAYROLL_MPS,Managed Payroll,Direct,unassigned,5261,0,Pivot Pivot Co.,Construction,15,0,1/08/2024
D201760,C102144,1/07/2024,7/08/2024,Closed Won,PAYROLL_MPS,Managed Payroll,Partners,dinkster,4265,0,Kea Kauri Limited,Manufacturing,1,0,1/09/2024
D201761,C103481,16/06/2025,,Open,PAYROLL_MPS,Managed Payroll,Partners,shao,1890,0,Harbour Trust,Retail,58,0,1/08/2024
D201762,C102798,11/09/2024,,Open,PM,People Management,Direct,awong,990,0,Beta Alpha Trust,Legal,98,0,1/04/2024
D201763,C100174,18/03/2025,,Open,PAYROLL_MPS,Managed Payroll,Partners,mkoenen,2637,0,Ohomairangi Services,Retail,47,0,1/03/2025
D201764,C100863,18/01/2024,13/04/2024,Closed Won,PAYROLL_DIY,Payroll DIY,Direct,shao,2900,0,Alpha Limited,Retail,1,0,1/05/2024
D201765,C101465,8/04/2024,,Open,ADD_ON_TKR,TKR Add-on,Direct,shao,396,0,Tui Nimbus Limited,Accounting,40,0,1/08/2025
D201766,C101036,17/06/2024,17/07/2024,Closed Won,PAYROLL_MPS,Managed Payroll,Partners,unassigned,3686,0,Pivot Ltd,Legal,1,0,1/08/2024
D201767,C102184,25/11/2024,13/02/2025,Closed Won,ADD_ON_TKR,TKR Add-on,Partners,dt,1137,0,Rimu Group,Education,1,1,1/03/2025
D201768,C100642,7/05/2024,24/07/2024,Closed Lost,PAYROLL_DIY,Payroll DIY,Direct,shao,1986,0,Atlas Partners,Legal,11,0,
D201769,C102910,2/10/2024,29/12/2024,Closed Won,PAYROLL_DIY,Payroll DIY,Direct,shao,2325,0,Summit Ltd,Retail,40,0,1/02/2025
D201770,C102795,31/03/2025,29/05/2025,Closed Won,PAYROLL_MPS,Managed Payroll,Direct,shao,3687,0,Wenita Atlas Partners,Software,29,0,1/07/2025
D201771,C103844,23/03/2025,13/04/2025,Closed Lost,ADD_ON_TKR,TKR Add-on,Direct,shao,1150,0,Pivot Trust,Software,1,0,
D201772,C104778,26/08/2024,13/11/2024,Closed Won,ADD_ON_TKR,TKR Add-on,Direct,dt,657,0,Tui Beta Partners,Legal,43,0,1/12/2024
D201773,C104970,10/08/2024,24/08/2024,Closed Lost,PAYROLL_DIY,Payroll DIY,Partners,dt,891,0,Atlas Partners,Software,24,0,
D201774,C101419,28/08/2024,,Open,PAYROLL_DIY,Payroll DIY,Direct,awong,1254,0,Atlas Group,Software,1,0,1/03/2024
D201775,C103247,10/08/2024,,Open,ADD_ON_TKR,TKR Add-on,Direct,dinkster,1199,0,Pivot Trust,Construction,98,0,1/05/2025
D201776,C104858,15/02/2025,12/04/2025,Closed Won,ADD_ON_TKR,TKR Add-on,Partners,dt,1157,0,Duncan Air Ltd,Legal,1,0,1/05/2025
D201777,C103318,29/12/2024,,Open,PAYROLL_DIY,Payroll DIY,Partners,unassigned,2175,0,Kea Partners,Construction,26,0,1/05/2024
D201778,C103297,7/01/2025,14/02/2025,Closed Lost,PAYROLL_MPS,Managed Payroll,Direct,awong,4783,0,Tui Co.,Retail,79,0,
D201779,C101178,17/04/2025,10/06/2025,Closed Won,PAYROLL_DIY,Payroll DIY,Partners,dt,1910,0,Kea Co.,Manufacturing,38,0,1/06/2025
D201780,C101669,18/09/2024,,Open,PAYROLL_MPS,Managed Payroll,Direct,dinkster,4683,0,Summit Co.,Education,40,0,1/05/2025
D201781,C104490,19/03/2025,6/04/2025,Closed Won,PAYROLL_DIY,Payroll DIY,Direct,dt,2160,0,Alpha Trust,Accounting,30,0,1/04/2025
D201782,C104790,28/04/2024,6/06/2024,Closed Won,PAYROLL_DIY,Payroll DIY,Partners,awong,1026,0,Summit Co.,Software,54,0,1/07/2024
D201783,C102234,14/06/2024,,Open,ADD_ON_TKR,TKR Add-on,Direct,mkoenen,1281,0,Atlas Holdings,Software,44,0,1/06/2024
D201784,C103704,18/05/2024,22/06/2024,Closed Won,PAYROLL_MPS,Managed Payroll,Direct,dinkster,4144,0,Rimu Nimbus Co.,Retail,31,0,1/07/2024
D201785,C100685,9/04/2025,29/06/2025,Closed Won,PM,People Management,Direct,dinkster,1103,0,Harbour Partners,Construction,59,0,1/08/2025
D201786,C103278,24/06/2025,13/09/2025,Closed Lost,PAYROLL_MPS,Managed Payroll,Partners,mkoenen,1793,0,Rimu Partners,Legal,18,0,
D201787,C102512,28/01/2025,3/03/2025,Closed Won,PAYROLL_MPS,Managed Payroll,Direct,dt_tmp,0,0,Harbour Rimu Co.,Education,36,0,1/03/2025
D201788,C100125,21/03/2025,6/05/2025,Closed Lost,PAYROLL_DIY,Payroll DIY,Partners,dt,1410,0,Harbour Wenita Partners,Manufacturing,24,1,
D201789,C102869,27/07/2024,12/10/2024,Closed Won,ADD_ON_TKR,TKR Add-on,Direct,dt,563,0,Ohomairangi Partners,Software,72,0,1/10/2024
D201790,C102831,16/04/2025,3/06/2025,Closed Won,PAYROLL_MPS,Managed Payroll,Partners,awong,5340,0,Kauri Nimbus Co.,Healthcare,22,0,1/07/2025
D201791,C101526,10/12/2024,,Open,ADD_ON_TKR,TKR Add-on,Partners,mkoenen,991,0,Atlas Atlas Holdings,Software,29,0,1/08/2025
D201792,C101932,12/03/2024,,Open,PM,People Management,Direct,dt,1011,0,Kauri Services,Education,49,0,1/12/2024
D201793,C101155,26/02/2025,24/03/2025,Closed Lost,PAYROLL_DIY,Payroll DIY,Partners,dinkster,2884,0,Harbour Limited,Education,1,0,
D201794,C101690,14/11/2024,30/11/2024,Closed Lost,PAYROLL_MPS,Managed Payroll,Direct,dinkster,5494,0,Beta Trust,Legal,1,0,
D201795,C101697,14/02/2025,12/03/2025,Closed Won,PM,People Management,Direct,unassigned,2247,0,Tui Holdings,Accounting,5,0,1/03/2025
D201796,C101140,28/11/2024,7/01/2025,Closed Lost,PM,People Management,Direct,unassigned,338,0,Nimbus Summit Holdings,Legal,1,0,
D201797,C103589,12/04/2025,13/05/2025,Closed Won,PAYROLL_MPS,Managed Payroll,Partners,shao,0,0,Kauri Summit Services,Retail,10,0,1/05/2025
D201798,C103548,22/10/2024,17/11/2024,Closed Won,PAYROLL_DIY,Payroll DIY,Partners,dinkster,0,0,Alpha Harbour Group,Manufacturing,1,0,1/12/2024
D201799,C100119,19/04/2024,8/05/2024,Closed Won,ADD_ON_TKR,TKR Add-on,Direct,shao,740,0,Wenita Services,Manufacturing,62,1,1/05/2024
D201800,C101027,24/01/2025,,Open,ADD_ON_TKR,TKR Add-on,Direct,mkoenen,1390,0,Kea Kea Group,Legal,44,0,1/01/2025
D201801,C102142,16/11/2024,,Open,PAYROLL_MPS,Managed Payroll,Partners,mkoenen,2802,0,Wenita Limited,Legal,86,0,1/09/2025
D201802,C103551,5/05/2025,24/06/2025,Closed Lost,ADD_ON_TKR,TKR Add-on,Direct,mkoenen,1088,0,Ohomairangi Trust,Software,27,0,
D201803,C101807,15/05/2024,26/07/2024,Closed Won,PAYROLL_MPS,Managed Payroll,Direct,nobody,8366,0,Alpha Group,Construction,1,0,1/08/2024
D201804,C104642,29/01/2025,17/04/2025,Closed Won,PM,People Management,Direct,dt,591,0,Nimbus Group,Accounting,53,0,1/04/2025
D201805,C101710,16/10/2024,27/11/2024,Closed Lost,PAYROLL_MPS,Managed Payroll,Partners,awong,4751,0,Kea Partners,Software,4,0,
D201806,C104110,14/04/2025,5/06/2025,Closed Lost,PAYROLL_DIY,Payroll DIY,Partners,awong,1549,0,Pivot Holdings,Software,15,0,1/07/2025
D201807,C101556,10/06/2024,7/08/2024,Closed Lost,PAYROLL_DIY,Payroll DIY,Partners,awong,2034,0,Pivot Co.,Education,30,0,
D201808,C101823,19/10/2024,20/12/2024,Closed Lost,PAYROLL_DIY,Payroll DIY,Direct,shao,3511,0,Nimbus Harbour Services,Healthcare,29,0,
D201809,C104326,6/01/2025,18/02/2025,Closed Lost,PAYROLL_DIY,Payroll DIY,Direct,dt,2065,0,Rimu Co.,Software,70,0,
D201810,C101613,16/02/2024,,Open,PAYROLL_MPS,Managed Payroll,Partners,unassigned,1617,0,Wenita Limited,Construction,67,0,1/08/2024
D201811,C100982,3/09/2024,22/11/2024,Closed Lost,ADD_ON_TKR,TKR Add-on,Partners,shao,544,0,Beta Trust,Legal,1,0,1/12/2024
D201812,C103832,3/02/2025,,Open,PAYROLL_MPS,Managed Payroll,Direct,nobody,3903,0,Pivot Limited,Software,8,0,1/05/2025
D201813,C103343,2/12/2024,4/01/2025,Closed Won,PM,People Management,Partners,dinkster,1505,0,Kauri Services,Construction,1,0,1/02/2025
D201814,C104324,7/03/2024,2/06/2024,Closed Won,PM,People Management,Direct,dt,2297,1,Duncan Air Holdings,Legal,1,0,1/07/2024
D201815,C100038,14/06/2025,5/09/2025,Closed Won,PAYROLL_MPS,Managed Payroll,Direct,dinkster,5457,0,Wenita Services,Healthcare,32,1,1/09/2025
D201816,C103588,24/02/2025,21/03/2025,Closed Won,PAYROLL_DIY,Payroll DIY,Partners,awong,1379,0,Harbour Partners,Manufacturing,44,0,1/04/2025
D201817,C101399,27/03/2025,11/06/2025,Closed Won,PAYROLL_MPS,Managed Payroll,Direct,shao,9426,0,Rimu Group,Education,28,1,1/07/2025
D201818,C103353,29/03/2024,13/06/2024,Closed Lost,PAYROLL_MPS,Managed Payroll,Partners,shao,3996,0,Eurotec Tui Limited,Accounting,1,1,
D201819,C103504,26/08/2024,30/10/2024,Closed Won,PAYROLL_DIY,Payroll DIY,Direct,nobody,266,0,Wenita Limited,Legal,1,0,1/12/2024
D201820,C100308,5/09/2024,26/09/2024,Closed Won,PAYROLL_MPS,Managed Payroll,Partners,unassigned,3984,0,Pivot Co.,Retail,56,0,1/10/2024
D201821,C102866,26/03/2024,,Open,PAYROLL_MPS,Managed Payroll,Partners,mkoenen,3119,0,Tui Group,Manufacturing,1,0,1/06/2025
D201822,C102277,20/03/2025,24/05/2025,Closed Won,PM,People Management,Partners,awong,1376,0,Kauri Wenita Holdings,Construction,26,0,1/06/2025
D201823,C104947,13/04/2024,,Open,PM,People Management,Direct,awong,1088,0,Rimu Partners,Manufacturing,1,0,1/09/2025
D201824,C100435,6/04/2024,12/04/2024,Closed Won,PAYROLL_MPS,Managed Payroll,Direct,unassigned,2325,0,Summit Limited,Construction,27,0,1/05/2024
D201825,C100797,4/10/2024,,Open,PAYROLL_DIY,Payroll DIY,Direct,unassigned,901,0,Pivot Partners,Legal,16,0,1/11/2024
D201826,C103133,8/02/2025,7/04/2025,Closed Won,PAYROLL_DIY,Payroll DIY,Partners,dt,2709,0,Tui Holdings,Manufacturing,16,0,1/04/2025
D201827,C103767,1/04/2024,19/06/2024,Closed Won,PAYROLL_MPS,Managed Payroll,Direct,dinkster,2577,0,Rimu Limited,Accounting,7,1,1/07/2024
D201828,C102093,30/04/2025,1/05/2025,Closed Won,PAYROLL_DIY,Payroll DIY,Direct,dt,2075,0,Beta Group,Education,58,0,1/06/2025
D201829,C100756,4/11/2024,7/11/2024,Closed Lost,PM,People Management,Partners,dinkster,1359,0,Beta Summit Trust,Legal,10,1,
D201830,C102684,26/02/2025,12/05/2025,Closed Won,PAYROLL_DIY,Payroll DIY,Direct,awong,1569,0,Duncan Air Alpha Partners,Accounting,68,0,1/05/2025
D201831,C100851,7/01/2025,19/01/2025,Closed Won,PAYROLL_MPS,Managed Payroll,Direct,shao,1372,1,Eurotec Nimbus Group,Retail,1,0,1/01/2025
D201832,C100870,1/02/2025,25/03/2025,Closed Lost,PM,People Management,Partners,dinkster,2109,0,Kea Group,Software,1,0,
D201833,C104277,15/05/2025,24/06/2025,Closed Won,PAYROLL_DIY,Payroll DIY,Direct,dt,954,0,Pivot Co.,Healthcare,1,0,1/07/2025
D201834,C102097,27/02/2024,24/04/2024,Closed Won,PAYROLL_MPS,Managed Payroll,Partners,mkoenen,5129,0,Tui Ltd,Retail,60,0,1/06/2024
D201835,C101251,27/01/2024,11/04/2024,Closed Lost,PAYROLL_DIY,Payroll DIY,Partners,awong,284,0,Atlas Group,Manufacturing,11,0,
D201836,C100897,3/05/2025,24/05/2025,Closed Lost,PAYROLL_MPS,Managed Payroll,Direct,dt,3538,0,Duncan Air Services,Legal,33,0,
D201837,C103079,5/09/2024,,Open,PAYROLL_MPS,Managed Payroll,Direct,unassigned,2218,0,Eurotec Limited,Education,43,0,1/02/2025
D201838,C102832,9/06/2025,,Open,PAYROLL_DIY,Payroll DIY,Partners,mkoenen,1137,0,Nimbus Services,Accounting,20,0,1/04/2025
D201839,C103412,21/11/2024,5/01/2025,Closed Won,ADD_ON_TKR,TKR Add-on,Partners,awong,1129,0,Kauri Atlas Holdings,Software,1,0,1/01/2025
D201840,C100918,26/03/2024,,Open,PAYROLL_MPS,Managed Payroll,Direct,nobody,2422,0,Ohomairangi Partners,Retail,83,0,1/09/2024
D201841,C101570,11/01/2025,15/03/2025,Closed Lost,PAYROLL_MPS,Managed Payroll,Partners,shao,1508,0,Pivot Beta Limited,Education,1,0,
D201842,C100640,23/12/2024,23/01/2025,Closed Won,PAYROLL_MPS,Managed Payroll,Partners,dt,4166,0,Beta Partners,Education,60,0,1/02/2025
D201843,C104231,14/07/2024,,Open,PM,People Management,Direct,dinkster,1386,0,Harbour Group,Retail,1,0,1/09/2024
D201844,C104063,17/01/2025,2/02/2025,Closed Won,PAYROLL_DIY,Payroll DIY,Direct,unassigned,0,1,Rimu Services,Legal,12,0,1/02/2025
D201845,C102025,16/05/2025,,Open,ADD_ON_TKR,TKR Add-on,Partners,dt,595,0,Pivot Holdings,Education,19,0,1/08/2024
D201846,C100130,18/04/2024,,Open,PAYROLL_DIY,Payroll DIY,Partners,mkoenen_tmp,2296,0,Ohomairangi Ltd,Software,44,0,1/06/2024
D201847,C104897,17/02/2024,6/05/2024,Closed Lost,PAYROLL_DIY,Payroll DIY,Direct,unassigned,949,0,Ohomairangi Holdings,Legal,31,0,
D201848,C101580,8/02/2025,17/02/2025,Closed Lost,PAYROLL_DIY,Payroll DIY,Direct,dt,1815,0,Nimbus Limited,Healthcare,1,0,
D201849,C103396,22/03/2024,16/04/2024,Closed Won,ADD_ON_TKR,TKR Add-on,Partners,unassigned,542,0,Eurotec Limited,Construction,24,1,1/04/2024
D201850,C104896,24/02/2025,23/05/2025,Closed Lost,PM,People Management,Direct,unassigned,1774,0,Atlas Limited,Software,1,0,
D201851,C104422,31/03/2024,4/05/2024,Closed Lost,PAYROLL_DIY,Payroll DIY,Direct,dinkster,683,0,Duncan Air Partners,Healthcare,12,0,
D201852,C100290,5/01/2025,15/03/2025,Closed Won,ADD_ON_TKR,TKR Add-on,Partners,dinkster,725,0,Harbour Group,Manufacturing,17,0,1/04/2025
D201853,C104396,29/06/2025,18/08/2025,Closed Lost,ADD_ON_TKR,TKR Add-on,Partners,awong,1565,0,Kea Co.,Legal,22,0,
D201854,C104305,17/04/2025,23/05/2025,Closed Won,PAYROLL_DIY,Payroll DIY,Partners,shao,2654,0,Duncan Air Holdings,Accounting,27,0,1/06/2025
D201855,C101429,17/03/2024,,Open,PM,People Management,Direct,dinkster,255,0,Wenita Services,Education,110,0,1/06/2025
D201856,C101605,1/01/2025,,Open,PAYROLL_MPS,Managed Payroll,Direct,mkoenen,4293,0,Alpha Services,Healthcare,77,0,1/07/2024
D201857,C102505,22/11/2024,,Open,PM,People Management,Partners,unassigned,1385,0,Duncan Air Ltd,Manufacturing,1,0,1/05/2025
D201858,C100514,13/02/2024,,Open,PM,People Management,Partners,dt,123,0,Harbour Trust,Manufacturing,58,0,1/07/2025
D201859,C103868,4/01/2024,14/01/2024,Closed Lost,PM,People Management,Partners,mkoenen,1286,0,Rimu Kauri Partners,Software,31,0,
D201860,C100759,10/02/2024,26/03/2024,Closed Won,ADD_ON_TKR,TKR Add-on,Direct,dinkster,1810,0,Eurotec Ltd,Legal,73,0,1/05/2024
D201861,C100211,20/12/2024,6/03/2025,Closed Won,PM,People Management,Partners,awong,1901,0,Pivot Limited,Retail,55,0,1/03/2025
D201862,C103131,31/08/2024,18/10/2024,Closed Won,ADD_ON_TKR,TKR Add-on,Direct,mkoenen,1404,0,Nimbus Partners,Retail,20,0,1/11/2024
D201863,C104655,2/07/2024,,Open,PAYROLL_MPS,Managed Payroll,Direct,dinkster,1378,0,Ohomairangi Co.,Legal,1,0,1/08/2025
D201864,C103214,30/01/2024,,Open,ADD_ON_TKR,TKR Add-on,Direct,awong,1050,0,Rimu Kauri Ltd,Manufacturing,21,0,1/05/2024
D201865,C101153,20/08/2024,21/10/2024,Closed Lost,PM,People Management,Partners,mkoenen,892,0,Beta Rimu Trust,Healthcare,27,0,
D201866,C104467,28/11/2024,22/12/2024,Closed Won,PM,People Management,Direct,dinkster,745,0,Beta Co.,Software,39,0,1/02/2025
D201867,C103987,27/03/2025,17/06/2025,Closed Won,PM,People Management,Partners,dinkster,577,0,Tui Limited,Accounting,48,0,1/07/2025
D201868,C103003,30/03/2024,,Open,PAYROLL_MPS,Managed Payroll,Partners,shao,1805,0,Harbour Summit Holdings,Healthcare,42,0,1/06/2025
D201869,C104583,6/01/2025,20/02/2025,Closed Won,PAYROLL_MPS,Managed Payroll,Direct,unassigned,6286,0,Rimu Ltd,Legal,26,0,1/03/2025
D201870,C103936,27/06/2025,31/07/2025,Closed Won,PAYROLL_DIY,Payroll DIY,Partners,dinkster,1042,0,Nimbus Co.,Retail,17,0,1/09/2025
D201871,C100633,19/01/2024,27/03/2024,Closed Won,ADD_ON_TKR,TKR Add-on,Direct,mkoenen,831,0,Kea Ltd,Accounting,11,0,1/04/2024
D201872,C104418,1/06/2025,,Open,ADD_ON_TKR,TKR Add-on,Partners,unassigned,1660,0,Pivot Co.,Retail,2,0,1/09/2024
D201873,C102657,26/04/2025,3/06/2025,Closed Won,ADD_ON_TKR,TKR Add-on,Direct,shao,322,0,Wenita Services,Retail,56,0,1/06/2025
D201874,C103315,21/11/2024,,Open,PM,People Management,Direct,awong,2268,0,Wenita Ltd,Legal,1,0,1/09/2024
D201875,C104110,10/05/2025,18/07/2025,Closed Lost,ADD_ON_TKR,TKR Add-on,Partners,dinkster,1144,0,Pivot Holdings,Software,15,0,
D201876,C100434,14/04/2024,29/05/2024,Closed Won,PAYROLL_MPS,Managed Payroll,Partners,mkoenen,4951,0,Ohomairangi Holdings,Retail,1,0,1/06/2024
D201877,C100637,16/05/2024,5/07/2024,Closed Won,PM,People Management,Partners,shao,702,0,Tui Kauri Group,Manufacturing,9,1,1/07/2024
D201878,C101602,20/11/2024,29/01/2025,Closed Won,PAYROLL_MPS,Managed Payroll,Direct,awong,4897,0,Nimbus Group,Legal,1,0,1/02/2025
D201879,C100411,2/03/2024,7/04/2024,Closed Won,PAYROLL_DIY,Payroll DIY,Direct,unassigned,841,0,Kea Co.,Software,3,0,1/05/2024
D201880,C102726,3/01/2025,7/03/2025,Closed Won,PAYROLL_MPS,Managed Payroll,Partners,unassigned,6042,0,Duncan Air Ohomairangi Limited,Legal,32,1,1/04/2025
D201881,C100543,3/09/2024,17/11/2024,Closed Won,PM,People Management,Direct,dinkster,2327,0,Harbour Ltd,Retail,51,0,1/11/2024
D201882,C104073,30/07/2024,27/09/2024,Closed Won,PM,People Management,Partners,dinkster,1515,0,Harbour Services,Retail,16,0,1/10/2024
D201883,C103214,21/06/2025,2/09/2025,Closed Won,PAYROLL_DIY,Payroll DIY,Direct,mkoenen,1459,0,Rimu Kauri Ltd,Manufacturing,21,0,1/09/2025
D201884,C100447,2/03/2025,26/04/2025,Closed Won,PM,People Management,Partners,unassigned,440,0,Wenita Group,Software,26,1,1/05/2025
D201885,C102461,2/02/2025,,Open,PAYROLL_MPS,Managed Payroll,Direct,shao,3659,0,Kea Group,Accounting,44,0,1/05/2025
D201886,C100351,25/06/2024,8/09/2024,Closed Won,PAYROLL_MPS,Managed Payroll,Direct,dt,4563,0,Pivot Summit Holdings,Education,1,0,1/10/2024
D201887,C101134,3/06/2025,30/06/2025,Closed Won,ADD_ON_TKR,TKR Add-on,Partners,awong,887,0,Wenita Ohomairangi Group,Accounting,1,0,1/07/2025
D201888,C101883,15/05/2025,23/07/2025,Closed Won,ADD_ON_TKR,TKR Add-on,Partners,mkoenen,801,0,Tui Limited,Education,66,0,1/07/2025
D201889,C101981,20/10/2024,,Open,ADD_ON_TKR,TKR Add-on,Partners,shao,528,0,Summit Co.,Construction,25,0,1/05/2025
D201890,C103458,5/10/2024,,Open,PAYROLL_MPS,Managed Payroll,Direct,awong,8051,0,Ohomairangi Services,Legal,70,0,1/09/2024
D201891,C102899,20/09/2024,15/11/2024,Closed Won,ADD_ON_TKR,TKR Add-on,Direct,awong,1690,0,Beta Limited,Retail,40,0,1/12/2024
D201892,C102274,15/12/2024,4/03/2025,Closed Lost,ADD_ON_TKR,TKR Add-on,Direct,shao,1188,0,Kea Co.,Accounting,1,0,
D201893,C102995,28/05/2025,3/08/2025,Closed Won,PAYROLL_MPS,Managed Payroll,Direct,unassigned,6545,0,Kea Holdings,Accounting,14,1,1/09/2025
D201894,C102702,23/04/2025,15/06/2025,Closed Won,ADD_ON_TKR,TKR Add-on,Direct,mkoenen,310,0,Kauri Partners,Retail,44,0,1/07/2025
D201895,C102458,16/09/2024,,Open,PM,People Management,Partners,unassigned,0,0,Kea Group,Retail,28,1,1/06/2024
D201896,C100568,15/04/2024,30/04/2024,Closed Won,PM,People Management,Partners,dt,1053,0,Wenita Group,Legal,12,0,1/05/2024
D201897,C103516,24/08/2024,29/09/2024,Closed Lost,ADD_ON_TKR,TKR Add-on,Partners,dinkster,612,0,Wenita Co.,Accounting,93,0,
D201898,C100119,15/07/2024,,Open,PM,People Management,Partners,shao,969,0,Wenita Services,Manufacturing,62,1,1/08/2024
D201899,C100581,7/06/2024,1/07/2024,Closed Won,PAYROLL_DIY,Payroll DIY,Direct,shao,840,0,Nimbus Partners,Retail,2,0,1/07/2024
D201900,C104483,1/02/2024,28/03/2024,Closed Won,ADD_ON_TKR,TKR Add-on,Partners,dt,356,0,Beta Co.,Software,37,0,1/04/2024
D201901,C100958,18/02/2025,25/03/2025,Closed Lost,PAYROLL_MPS,Managed Payroll,Direct,dinkster,1050,0,Harbour Ltd,Software,1,0,
D201902,C100599,20/03/2024,,Open,ADD_ON_TKR,TKR Add-on,Direct,unassigned_tmp,586,0,Eurotec Co.,Healthcare,19,0,1/01/2025
D201903,C101931,14/05/2024,20/05/2024,Closed Lost,PAYROLL_MPS,Managed Payroll,Partners,mkoenen,3930,0,Kea Ltd,Retail,65,0,
D201904,C103478,27/01/2025,26/03/2025,Closed Won,PAYROLL_DIY,Payroll DIY,Direct,awong,2484,0,Pivot Limited,Education,50,0,1/04/2025
D201905,C100816,4/05/2024,,Open,PAYROLL_MPS,Managed Payroll,Direct,mkoenen,7670,0,Ohomairangi Services,Healthcare,1,0,1/06/2025
D201906,C104117,8/01/2025,4/03/2025,Closed Won,PAYROLL_DIY,Payroll DIY,Direct,mkoenen,1208,0,Eurotec Group,Manufacturing,41,0,1/04/2025
D201907,C102787,16/01/2024,11/02/2024,Closed Won,PAYROLL_MPS,Managed Payroll,Partners,awong,4906,0,Alpha Nimbus Partners,Retail,1,0,1/03/2024
D201908,C100721,13/03/2025,15/04/2025,Closed Lost,PM,People Management,Partners,dinkster,188,0,Wenita Trust,Education,1,0,
D201909,C102083,25/02/2025,13/03/2025,Closed Lost,PM,People Management,Direct,unassigned_tmp,0,0,Ohomairangi Pivot Group,Retail,55,0,
D201910,C100110,22/04/2024,18/06/2024,Closed Won,PM,People Management,Direct,mkoenen,2026,0,Eurotec Trust,Construction,37,0,1/07/2024
D201911,C101478,30/05/2024,23/08/2024,Closed Won,PAYROLL_MPS,Managed Payroll,Direct,mkoenen,6236,0,Duncan Air Holdings,Healthcare,76,0,1/08/2024
D201912,C101712,28/08/2024,3/09/2024,Closed Won,PAYROLL_DIY,Payroll DIY,Partners,dinkster,1038,0,Duncan Air Tui Holdings,Legal,51,0,1/10/2024
D201913,C100413,6/02/2024,22/03/2024,Closed Won,PAYROLL_DIY,Payroll DIY,Direct,dt,2620,0,Harbour Co.,Accounting,54,0,1/04/2024
D201914,C101763,30/07/2024,,Open,PAYROLL_DIY,Payroll DIY,Partners,awong,1239,0,Duncan Air Holdings,Manufacturing,34,0,1/05/2024
D201915,C102621,21/12/2024,18/03/2025,Closed Lost,PAYROLL_DIY,Payroll DIY,Direct,dt,1104,0,Harbour Pivot Group,Retail,2,0,
D201916,C101736,22/04/2024,21/05/2024,Closed Won,PAYROLL_MPS,Managed Payroll,Direct,mkoenen,3888,1,Eurotec Holdings,Construction,39,0,1/06/2024
D201917,C101622,30/03/2024,16/05/2024,Closed Won,PM,People Management,Direct,dt,1652,0,Harbour Holdings,Retail,40,0,1/06/2024
D201918,C102647,9/04/2025,9/06/2025,Closed Won,ADD_ON_TKR,TKR Add-on,Direct,shao,920,0,Summit Holdings,Accounting,18,1,1/07/2025
D201919,C104628,13/05/2025,13/07/2025,Closed Won,PAYROLL_MPS,Managed Payroll,Direct,unassigned,4354,0,Wenita Ltd,Healthcare,1,0,1/07/2025
D201920,C102568,4/03/2025,,Open,PAYROLL_DIY,Payroll DIY,Partners,unassigned,274,0,Eurotec Limited,Construction,11,0,1/01/2025
D201921,C103147,16/02/2025,,Open,PAYROLL_DIY,Payroll DIY,Direct,unassigned,2475,0,Kea Co.,Education,82,0,1/07/2025
D201922,C100142,7/05/2025,2/07/2025,Closed Won,PM,People Management,Direct,dinkster,745,0,Rimu Co.,Education,44,0,1/07/2025
D201923,C102145,17/05/2024,1/08/2024,Closed Won,ADD_ON_TKR,TKR Add-on,Direct,dt,620,0,Kauri Trust,Retail,62,0,1/09/2024
D201924,C101785,13/09/2024,,Open,PM,People Management,Partners,dinkster,2274,0,Pivot Partners,Construction,46,0,1/08/2024
D201925,C104697,5/06/2024,19/07/2024,Closed Won,PAYROLL_MPS,Managed Payroll,Direct,awong,4884,0,Kauri Trust,Retail,33,0,1/08/2024
D201926,C103768,12/01/2025,13/02/2025,Closed Won,PM,People Management,Partners,dt,1902,0,Eurotec Trust,Education,28,0,1/02/2025
D201927,C104475,2/09/2024,,Open,PAYROLL_MPS,Managed Payroll,Partners,unassigned,4818,0,Kea Holdings,Software,1,0,1/07/2025
D201928,C103624,2/06/2025,,Open,PM,People Management,Direct,mkoenen,1320,0,Atlas Ltd,Software,44,0,1/07/2024
D201929,C104562,1/04/2024,1/06/2024,Closed Won,PAYROLL_DIY,Payroll DIY,Partners,mkoenen,1344,0,Rimu Services,Retail,50,1,1/07/2024
D201930,C104025,12/08/2024,15/10/2024,Closed Won,PM,People Management,Partners,mkoenen,384,1,Kauri Partners,Education,15,0,1/11/2024
D201931,C100509,29/01/2024,,Open,PAYROLL_DIY,Payroll DIY,Direct,shao,2003,0,Kauri Partners,Accounting,61,1,1/12/2024
D201932,C102263,19/01/2024,21/01/2024,Closed Won,PAYROLL_DIY,Payroll DIY,Direct,unassigned,2099,0,Beta Services,Software,24,0,1/02/2024
D201933,C100639,2/06/2024,4/08/2024,Closed Won,PAYROLL_MPS,Managed Payroll,Partners,dinkster,1269,0,Nimbus Trust,Software,46,0,1/08/2024
D201934,C104241,13/11/2024,26/01/2025,Closed Won,PAYROLL_DIY,Payroll DIY,Partners,unassigned,2459,0,Atlas Kauri Group,Education,10,0,1/03/2025
D201935,C103992,15/02/2024,,Open,PAYROLL_DIY,Payroll DIY,Partners,dt,3671,0,Harbour Holdings,Legal,1,0,1/03/2025
D201936,C104988,16/01/2024,,Open,PAYROLL_MPS,Managed Payroll,Direct,dt,2636,0,Alpha Beta Group,Education,1,1,1/01/2025
D201937,C104756,22/01/2025,1/02/2025,Closed Won,PAYROLL_MPS,Managed Payroll,Partners,mkoenen,5746,0,Nimbus Ltd,Manufacturing,21,0,1/02/2025
D201938,C104641,10/06/2024,8/08/2024,Closed Lost,ADD_ON_TKR,TKR Add-on,Direct,unassigned,176,0,Summit Group,Accounting,1,0,
D201939,C102428,10/03/2025,26/05/2025,Closed Won,ADD_ON_TKR,TKR Add-on,Partners,unassigned,1120,0,Kauri Co.,Manufacturing,45,0,1/07/2025
D201940,C104153,17/01/2024,17/03/2024,Closed Won,PM,People Management,Direct,unassigned,1545,0,Summit Group,Manufacturing,87,1,1/04/2024
D201941,C104636,1/09/2024,8/10/2024,Closed Won,PAYROLL_DIY,Payroll DIY,Direct,mkoenen,3163,0,Pivot Services,Healthcare,62,0,1/10/2024
D201942,C104461,11/01/2025,4/03/2025,Closed Won,PAYROLL_DIY,Payroll DIY,Partners,shao,2244,0,Beta Holdings,Retail,14,1,1/03/2025
D201943,C104210,25/03/2025,8/06/2025,Closed Lost,PAYROLL_MPS,Managed Payroll,Direct,shao,3198,0,Eurotec Trust,Legal,33,0,
D201944,C102838,7/12/2024,,Open,ADD_ON_TKR,TKR Add-on,Partners,dt,524,0,Tui Duncan Air Co.,Accounting,21,0,1/09/2024
D201945,C104902,11/03/2024,,Open,PAYROLL_DIY,Payroll DIY,Partners,shao,1711,0,Harbour Partners,Education,37,0,1/05/2024
D201946,C101841,9/11/2024,20/11/2024,Closed Won,ADD_ON_TKR,TKR Add-on,Partners,nobody,1184,0,Harbour Ltd,Legal,29,0,1/11/2024
D201947,C101297,27/10/2024,16/01/2025,Closed Lost,PM,People Management,Partners,shao,721,0,Kea Co.,Education,9,0,
D201948,C100385,13/09/2024,2/10/2024,Closed Won,ADD_ON_TKR,TKR Add-on,Partners,shao,427,0,Wenita Eurotec Group,Retail,1,0,1/10/2024
D201949,C101168,13/04/2024,3/06/2024,Closed Won,ADD_ON_TKR,TKR Add-on,Partners,awong,1152,0,Atlas Limited,Manufacturing,13,0,1/07/2024
D201950,C100059,1/10/2024,,Open,PAYROLL_MPS,Managed Payroll,Direct,mkoenen,5973,0,Ohomairangi Services,Education,77,0,1/05/2024
D201951,C101412,21/03/2024,1/06/2024,Closed Won,ADD_ON_TKR,TKR Add-on,Direct,dinkster,423,0,Nimbus Limited,Legal,1,0,1/07/2024
D201952,C103880,31/08/2024,1/11/2024,Closed Won,PM,People Management,Direct,dinkster,848,0,Ohomairangi Tui Limited,Education,30,0,1/11/2024
D201953,C101691,14/12/2024,24/12/2024,Closed Won,ADD_ON_TKR,TKR Add-on,Partners,unassigned,1068,0,Summit Tui Partners,Software,39,1,1/01/2025
D201954,C103128,23/07/2024,14/09/2024,Closed Won,PM,People Management,Partners,nobody,1086,0,Kea Holdings,Accounting,11,0,1/09/2024
D201955,C100011,6/03/2024,,Open,PAYROLL_DIY,Payroll DIY,Partners,dinkster,2391,0,Atlas Partners,Accounting,87,0,1/01/2025
D201956,C103564,13/03/2025,,Open,ADD_ON_TKR,TKR Add-on,Partners,dt,838,0,Alpha Group,Legal,1,0,1/06/2025
D201957,C102256,19/03/2025,2/06/2025,Closed Won,PAYROLL_DIY,Payroll DIY,Partners,shao,2117,0,Kauri Partners,Manufacturing,12,0,1/06/2025
D201958,C100621,17/06/2025,5/08/2025,Closed Won,PAYROLL_MPS,Managed Payroll,Direct,dt,3413,0,Kauri Group,Construction,1,0,1/09/2025
D201959,C100402,5/02/2024,29/04/2024,Closed Won,PAYROLL_DIY,Payroll DIY,Direct,mkoenen,2032,0,Duncan Air Limited,Construction,30,0,1/05/2024
D201960,C104230,28/09/2024,,Open,PAYROLL_DIY,Payroll DIY,Direct,dt,453,0,Tui Harbour Limited,Healthcare,50,0,1/06/2025
D201961,C101730,1/09/2024,21/09/2024,Closed Lost,PAYROLL_MPS,Managed Payroll,Partners,shao,7883,0,Kauri Kea Partners,Software,13,0,
D201962,C102959,16/05/2025,1/06/2025,Closed Lost,PAYROLL_DIY,Payroll DIY,Direct,unassigned,2637,0,Duncan Air Group,Software,13,0,
D201963,C100021,28/01/2024,28/02/2024,Closed Won,PAYROLL_DIY,Payroll DIY,Direct,unassigned,2476,0,Pivot Holdings,Healthcare,24,0,1/04/2024
D201964,C103687,13/02/2025,28/04/2025,Closed Won,ADD_ON_TKR,TKR Add-on,Direct,mkoenen,257,0,Rimu Summit Partners,Retail,37,0,1/05/2025
D201965,C102672,5/05/2024,1/06/2024,Closed Won,PM,People Management,Direct,awong,1342,0,Ohomairangi Services,Software,28,0,1/06/2024
D201966,C103771,20/05/2024,5/07/2024,Closed Lost,PAYROLL_DIY,Payroll DIY,Partners,unassigned,2477,0,Harbour Harbour Trust,Software,49,1,
D201967,C104066,2/04/2024,,Open,ADD_ON_TKR,TKR Add-on,Direct,dt,853,0,Summit Eurotec Trust,Construction,1,0,1/10/2024
D201968,C102377,19/10/2024,9/11/2024,Closed Won,PAYROLL_DIY,Payroll DIY,Partners,shao,2895,0,Tui Limited,Manufacturing,66,0,1/12/2024
D201969,C103597,24/08/2024,14/09/2024,Closed Won,PAYROLL_MPS,Managed Payroll,Direct,shao,4262,0,Kea Ohomairangi Trust,Legal,10,0,1/09/2024
D201970,C101759,6/02/2025,17/02/2025,Closed Won,PAYROLL_MPS,Managed Payroll,Partners,dinkster,5869,0,Nimbus Duncan Air Partners,Legal,1,0,1/03/2025
D201971,C102844,8/01/2024,8/03/2024,Closed Won,PM,People Management,Direct,mkoenen,-1750,0,Beta Limited,Manufacturing,122,0,1/04/2024
D201972,C102453,4/02/2024,17/03/2024,Closed Won,PAYROLL_MPS,Managed Payroll,Partners,shao,5426,0,Eurotec Trust,Legal,1,0,1/04/2024
D201973,C103065,1/05/2024,16/07/2024,Closed Lost,PM,People Management,Partners,awong,1564,0,Duncan Air Atlas Ltd,Accounting,16,0,
D201974,C102161,20/05/2025,29/07/2025,Closed Won,PAYROLL_DIY,Payroll DIY,Partners,unassigned,1064,0,Kea Services,Retail,41,0,1/08/2025
D201975,C101419,10/07/2024,4/08/2024,Closed Won,ADD_ON_TKR,TKR Add-on,Partners,awong,970,0,Atlas Group,Software,1,0,1/08/2024
D201976,C102050,12/05/2024,26/06/2024,Closed Won,PAYROLL_MPS,Managed Payroll,Direct,awong,4655,0,Alpha Services,Education,1,0,1/07/2024
D201977,C100174,30/04/2025,1/05/2025,Closed Lost,PAYROLL_MPS,Managed Payroll,Direct,awong,4707,0,Ohomairangi Services,Retail,47,0,
D201978,C104860,7/10/2024,,Open,PAYROLL_MPS,Managed Payroll,Partners,unassigned,5012,0,Alpha Wenita Trust,Software,43,0,1/01/2025
D201979,C101070,12/01/2024,24/01/2024,Closed Won,PAYROLL_DIY,Payroll DIY,Direct,unassigned,3213,0,Summit Partners,Manufacturing,16,0,1/03/2024
D201980,C102958,19/04/2025,2/07/2025,Closed Lost,PAYROLL_MPS,Managed Payroll,Partners,dt,4194,0,Summit Eurotec Limited,Retail,31,0,
D201981,C101459,23/06/2024,2/09/2024,Closed Won,PAYROLL_DIY,Payroll DIY,Partners,mkoenen,2420,0,Rimu Partners,Healthcare,45,0,1/09/2024
D201982,C102843,20/02/2024,,Open,PM,People Management,Direct,dinkster,1796,0,Eurotec Services,Construction,13,0,1/04/2025
D201983,C101324,21/02/2024,7/03/2024,Closed Won,PM,People Management,Direct,shao,711,0,Ohomairangi Rimu Co.,Retail,33,0,1/03/2024
D201984,C104690,12/04/2025,,Open,PM,People Management,Partners,awong,645,0,Atlas Trust,Legal,15,0,1/09/2024
D201985,C104102,15/05/2025,1/06/2025,Closed Won,PM,People Management,Direct,awong,1766,0,Pivot Ltd,Manufacturing,24,0,1/07/2025
D201986,C102204,22/08/2024,3/11/2024,Closed Lost,ADD_ON_TKR,TKR Add-on,Partners,unassigned,2083,0,Eurotec Group,Retail,1,0,
D201987,C104644,13/12/2024,28/02/2025,Closed Lost,PM,People Management,Partners,awong,930,0,Summit Ltd,Manufacturing,1,0,
D201988,C100422,15/02/2024,27/02/2024,Closed Won,PAYROLL_DIY,Payroll DIY,Direct,shao,2569,0,Harbour Pivot Services,Retail,12,0,1/03/2024
D201989,C101470,25/07/2024,7/09/2024,Closed Won,PAYROLL_DIY,Payroll DIY,Partners,dinkster,15,0,Summit Group,Software,78,0,1/10/2024
D201990,C100902,5/10/2024,14/12/2024,Closed Lost,ADD_ON_TKR,TKR Add-on,Direct,mkoenen,1324,0,Summit Services,Accounting,38,0,
D201991,C104275,27/05/2025,10/07/2025,Closed Lost,PM,People Management,Direct,dt,2224,0,Ohomairangi Limited,Healthcare,14,0,
D201992,C100963,2/05/2025,22/06/2025,Closed Won,ADD_ON_TKR,TKR Add-on,Partners,dinkster,1400,0,Harbour Holdings,Manufacturing,1,0,1/08/2025
D201993,C100005,5/04/2024,13/04/2024,Closed Lost,PAYROLL_DIY,Payroll DIY,Direct,awong,2635,0,Tui Ltd,Software,42,0,
D201994,C102223,28/08/2024,12/10/2024,Closed Won,PM,People Management,Partners,awong,1031,0,Alpha Ltd,Manufacturing,31,0,1/10/2024
D201995,C102668,7/03/2024,,Open,PAYROLL_DIY,Payroll DIY,Partners,dinkster,1420,0,Rimu Atlas Trust,Construction,1,0,1/02/2025
D201996,C101749,3/10/2024,5/11/2024,Closed Won,PAYROLL_MPS,Managed Payroll,Direct,dinkster,8327,0,Beta Holdings,Manufacturing,14,0,1/11/2024
D201997,C103282,5/04/2024,4/07/2024,Closed Lost,PAYROLL_MPS,Managed Payroll,Direct,shao,5446,0,Kea Trust,Construction,23,0,
D201998,C103152,21/10/2024,19/01/2025,Closed Won,PAYROLL_MPS,Managed Payroll,Direct,mkoenen,5336,0,Kauri Rimu Co.,Healthcare,69,1,1/02/2025
D201999,C100944,2/03/2024,17/03/2024,Closed Won,PAYROLL_DIY,Payroll DIY,Direct,mkoenen,742,0,Rimu Partners,Healthcare,23,1,1/05/2024
D202000,C101328,27/01/2024,10/03/2024,Closed Won,PAYROLL_MPS,Managed Payroll,Partners,dinkster,2581,0,Alpha Group,Healthcare,120,0,1/04/2024
D202001,C103560,29/01/2025,13/03/2025,Closed Lost,PM,People Management,Direct,dinkster,1778,0,Rimu Trust,Legal,13,0,
D202002,C103361,13/06/2025,29/06/2025,Closed Won,PAYROLL_DIY,Payroll DIY,Partners,unassigned,983,0,Rimu Tui Co.,Retail,31,0,1/07/2025
D202003,C100482,23/03/2024,29/03/2024,Closed Lost,PAYROLL_MPS,Managed Payroll,Direct,mkoenen,3474,0,Nimbus Limited,Healthcare,5,0,
D202004,C102044,25/06/2024,1/09/2024,Closed Won,PAYROLL_DIY,Payroll DIY,Direct,unassigned,1482,0,Tui Holdings,Legal,1,0,1/10/2024
D202005,C100781,31/01/2024,5/04/2024,Closed Won,PM,People Management,Partners,shao,907,1,Wenita Summit Holdings,Healthcare,4,0,1/05/2024
D202006,C102080,22/05/2024,,Open,PM,People Management,Partners,mkoenen,933,0,Pivot Trust,Construction,31,1,1/08/2024
D202007,C103608,27/12/2024,16/02/2025,Closed Won,PAYROLL_DIY,Payroll DIY,Partners,dt,2443,0,Eurotec Limited,Legal,1,0,1/03/2025
D202008,C102167,29/01/2024,14/04/2024,Closed Lost,PAYROLL_DIY,Payroll DIY,Partners,dinkster,2383,0,Wenita Holdings,Software,30,0,
D202009,C101185,22/04/2024,24/05/2024,Closed Won,ADD_ON_TKR,TKR Add-on,Direct,dt,470,0,Tui Ltd,Software,1,0,1/06/2024
D202010,C103295,12/05/2025,1/06/2025,Closed Won,PM,People Management,Partners,nobody,2508,0,Summit Summit Co.,Healthcare,47,0,1/07/2025
D202011,C103312,21/12/2024,,Open,PAYROLL_DIY,Payroll DIY,Direct,shao,3299,0,Alpha Ltd,Healthcare,41,0,1/05/2025
D202012,C101915,22/03/2025,28/03/2025,Closed Won,ADD_ON_TKR,TKR Add-on,Direct,awong,142,0,Nimbus Ltd,Legal,55,0,1/05/2025
D202013,C104974,22/08/2024,15/10/2024,Closed Won,PAYROLL_DIY,Payroll DIY,Direct,mkoenen,2184,0,Atlas Harbour Partners,Education,29,0,1/11/2024
D202014,C100551,27/07/2024,21/09/2024,Closed Won,PAYROLL_DIY,Payroll DIY,Direct,dinkster,2445,0,Summit Alpha Partners,Education,78,0,1/10/2024
D202015,C104512,11/05/2024,2/08/2024,Closed Won,PAYROLL_MPS,Managed Payroll,Direct,awong,5943,0,Kauri Wenita Ltd,Manufacturing,31,1,1/08/2024
D202016,C103269,27/04/2025,30/04/2025,Closed Lost,ADD_ON_TKR,TKR Add-on,Direct,dt,880,0,Kauri Limited,Accounting,53,0,
D202017,C103306,29/10/2024,27/11/2024,Closed Lost,PM,People Management,Partners,shao,794,0,Pivot Rimu Services,Construction,1,0,
D202018,C101583,19/04/2024,,Open,PM,People Management,Direct,shao,1462,0,Wenita Eurotec Services,Manufacturing,41,0,1/06/2025
D202019,C103399,16/09/2024,22/11/2024,Closed Won,ADD_ON_TKR,TKR Add-on,Direct,mkoenen,946,0,Atlas Services,Accounting,6,0,1/12/2024
D202020,C101318,8/04/2024,18/06/2024,Closed Won,PAYROLL_DIY,Payroll DIY,Partners,awong,3497,0,Beta Limited,Construction,1,0,1/07/2024
D202021,C104008,26/09/2024,,Open,PAYROLL_DIY,Payroll DIY,Direct,dinkster,1729,0,Atlas Pivot Group,Accounting,33,0,1/03/2025
D202022,C101597,24/10/2024,16/01/2025,Closed Won,PAYROLL_DIY,Payroll DIY,Partners,dt,843,0,Harbour Beta Trust,Software,67,0,1/02/2025
D202023,C103579,1/02/2025,,Open,ADD_ON_TKR,TKR Add-on,Direct,dinkster,2002,0,Kauri Tui Services,Construction,75,0,1/07/2024
D202024,C101116,14/02/2024,1/04/2024,Closed Won,ADD_ON_TKR,TKR Add-on,Partners,awong,601,0,Tui Summit Co.,Manufacturing,31,0,1/04/2024
D202025,C101705,6/01/2024,23/01/2024,Closed Won,PAYROLL_MPS,Managed Payroll,Partners,shao,5824,0,Atlas Atlas Co.,Retail,32,0,1/01/2024
D202026,C101867,10/08/2024,4/09/2024,Closed Lost,PM,People Management,Direct,dt,1146,0,Beta Ltd,Retail,23,0,
D202027,C101324,28/03/2025,,Open,PAYROLL_DIY,Payroll DIY,Direct,unassigned,0,0,Ohomairangi Rimu Co.,Retail,33,0,1/09/2024
D202028,C100388,29/04/2024,11/05/2024,Closed Lost,ADD_ON_TKR,TKR Add-on,Direct,awong,867,0,Beta Partners,Retail,55,0,
D202029,C100293,19/02/2024,,Open,PAYROLL_MPS,Managed Payroll,Direct,dinkster,3812,0,Pivot Partners,Healthcare,34,0,1/06/2025
D202030,C103280,20/12/2024,15/01/2025,Closed Won,PM,People Management,Direct,mkoenen,291,0,Beta Co.,Construction,51,0,1/01/2025
D202031,C104918,9/01/2024,6/02/2024,Closed Won,PAYROLL_MPS,Managed Payroll,Partners,dinkster,5029,0,Alpha Group,Education,1,0,1/03/2024
D202032,C104903,22/03/2025,22/05/2025,Closed Won,ADD_ON_TKR,TKR Add-on,Partners,dinkster,602,0,Eurotec Limited,Manufacturing,43,0,1/07/2025
D202033,C100597,19/06/2024,,Open,PM,People Management,Partners,unassigned,995,0,Summit Trust,Construction,1,0,1/09/2025
D202034,C100539,19/03/2024,24/05/2024,Closed Won,PM,People Management,Partners,dt,1395,0,Summit Duncan Air Ltd,Retail,44,0,1/07/2024
D202035,C104693,23/10/2024,17/01/2025,Closed Won,PM,People Management,Partners,dt,1500,0,Wenita Duncan Air Partners,Accounting,13,0,1/02/2025
D202036,C102467,2/12/2024,5/01/2025,Closed Won,PAYROLL_MPS,Managed Payroll,Direct,unassigned,4158,0,Pivot Co.,Education,63,0,1/01/2025
D202037,C101797,26/07/2024,,Open,PAYROLL_DIY,Payroll DIY,Partners,shao,1402,0,Eurotec Atlas Limited,Construction,52,0,1/07/2024
D202038,C103248,28/04/2024,,Open,PAYROLL_MPS,Managed Payroll,Direct,unassigned,1005,0,Ohomairangi Summit Partners,Education,1,0,1/03/2024
D202039,C102744,24/04/2024,,Open,ADD_ON_TKR,TKR Add-on,Direct,awong,1473,0,Nimbus Nimbus Holdings,Retail,80,0,1/12/2024
D202040,C101783,2/03/2024,,Open,ADD_ON_TKR,TKR Add-on,Direct,shao,891,0,Summit Services,Accounting,66,0,1/11/2024
D202041,C103922,17/12/2024,,Open,PAYROLL_MPS,Managed Payroll,Direct,dt,6269,0,Alpha Alpha Partners,Education,52,0,1/08/2024
D202042,C104497,10/06/2024,6/09/2024,Closed Won,PAYROLL_DIY,Payroll DIY,Direct,unassigned,1250,1,Beta Group,Legal,1,0,1/10/2024
D202043,C100301,4/02/2025,21/03/2025,Closed Won,PAYROLL_DIY,Payroll DIY,Direct,dinkster,1267,0,Rimu Ltd,Software,4,0,1/04/2025
D202044,C103333,13/06/2024,3/08/2024,Closed Won,PAYROLL_MPS,Managed Payroll,Partners,unassigned,3124,0,Nimbus Services,Legal,1,0,1/08/2024
D202045,C102874,26/03/2024,30/04/2024,Closed Lost,ADD_ON_TKR,TKR Add-on,Partners,shao,793,0,Nimbus Partners,Education,28,0,
D202046,C101999,24/09/2024,31/10/2024,Closed Won,PM,People Management,Direct,awong,1944,0,Ohomairangi Holdings,Education,51,0,1/11/2024
D202047,C102432,12/04/2024,29/04/2024,Closed Won,PAYROLL_DIY,Payroll DIY,Partners,dt,2354,0,Duncan Air Partners,Legal,1,0,1/05/2024
D202048,C104635,4/06/2024,28/06/2024,Closed Lost,PAYROLL_MPS,Managed Payroll,Direct,shao,6937,0,Duncan Air Holdings,Education,32,1,
D202049,C104850,25/03/2025,21/06/2025,Closed Won,ADD_ON_TKR,TKR Add-on,Direct,unassigned,291,0,Alpha Tui Partners,Manufacturing,34,1,1/07/2025
D202050,C100150,8/01/2024,2/04/2024,Closed Lost,ADD_ON_TKR,TKR Add-on,Partners,shao,440,0,Rimu Limited,Retail,75,0,
D202051,C102867,19/01/2024,7/02/2024,Closed Lost,PAYROLL_DIY,Payroll DIY,Direct,dinkster,1353,0,Harbour Harbour Trust,Retail,17,0,
D202052,C102068,22/07/2024,25/08/2024,Closed Won,ADD_ON_TKR,TKR Add-on,Partners,dt,447,0,Tui Group,Legal,9,0,1/10/2024
D202053,C100707,1/10/2024,25/10/2024,Closed Won,PAYROLL_DIY,Payroll DIY,Direct,dt,1922,0,Summit Co.,Construction,52,1,1/10/2024
D202054,C101479,20/01/2024,,Open,PM,People Management,Partners,dinkster,0,0,Harbour Services,Retail,51,0,1/10/2024
D202055,C104518,28/11/2024,,Open,PM,People Management,Partners,awong,2156,0,Pivot Partners,Retail,24,0,1/10/2024
D202056,C100112,27/12/2024,,Open,PAYROLL_MPS,Managed Payroll,Partners,awong,2613,0,Tui Wenita Group,Software,28,0,1/03/2025
D202057,C104751,2/06/2024,,Open,ADD_ON_TKR,TKR Add-on,Partners,dt,679,0,Duncan Air Trust,Software,1,0,1/09/2024
D202058,C102789,3/07/2024,9/08/2024,Closed Won,PM,People Management,Direct,awong,1187,0,Nimbus Partners,Legal,49,0,1/09/2024
D202059,C103540,27/08/2024,30/08/2024,Closed Lost,ADD_ON_TKR,TKR Add-on,Direct,mkoenen,379,0,Alpha Holdings,Retail,1,0,
D202060,C102863,24/02/2024,14/05/2024,Closed Won,PM,People Management,Direct,mkoenen,680,0,Rimu Co.,Legal,1,0,1/06/2024
D202061,C102151,4/06/2025,17/06/2025,Closed Won,PM,People Management,Direct,unassigned,811,0,Kauri Services,Healthcare,51,0,1/07/2025
D202062,C104282,16/10/2024,25/11/2024,Closed Lost,PAYROLL_DIY,Payroll DIY,Partners,mkoenen,1039,0,Eurotec Trust,Retail,49,0,
D202063,C103997,23/12/2024,,Open,PAYROLL_DIY,Payroll DIY,Partners,unassigned,187,0,Harbour Group,Manufacturing,22,1,1/04/2025
D202064,C100939,23/07/2024,6/10/2024,Closed Won,PAYROLL_DIY,Payroll DIY,Direct,mkoenen,3188,0,Duncan Air Holdings,Retail,32,0,1/10/2024
D202065,C104766,13/11/2024,4/02/2025,Closed Won,PAYROLL_DIY,Payroll DIY,Partners,awong,1920,0,Summit Partners,Education,68,0,1/02/2025
D202066,C104106,5/11/2024,24/12/2024,Closed Won,ADD_ON_TKR,TKR Add-on,Partners,dinkster,857,0,Alpha Holdings,Accounting,21,0,1/01/2025
D202067,C104553,17/12/2024,,Open,PAYROLL_MPS,Managed Payroll,Partners,awong,2525,0,Beta Limited,Legal,64,0,1/05/2025
D202068,C100930,6/04/2024,,Open,PM,People Management,Partners,shao,1738,0,Nimbus Trust,Manufacturing,56,0,1/04/2025
D202069,C102576,20/02/2025,27/03/2025,Closed Lost,PAYROLL_MPS,Managed Payroll,Direct,dinkster,5919,0,Pivot Group,Retail,13,0,
D202070,C104560,19/06/2025,5/07/2025,Closed Won,PM,People Management,Direct,dinkster,1190,0,Alpha Pivot Services,Retail,54,0,1/08/2025
D202071,C102115,5/04/2024,,Open,ADD_ON_TKR,TKR Add-on,Partners,awong,678,0,Beta Partners,Legal,1,0,1/05/2025
D202072,C104101,27/02/2024,7/03/2024,Closed Won,PAYROLL_MPS,Managed Payroll,Partners,dinkster,3910,0,Kea Eurotec Ltd,Accounting,55,0,1/04/2024
D202073,C104080,14/02/2024,14/04/2024,Closed Lost,PM,People Management,Partners,dinkster,2240,0,Rimu Trust,Manufacturing,32,0,
D202074,C101461,13/11/2024,21/11/2024,Closed Lost,PAYROLL_MPS,Managed Payroll,Partners,dt,5584,0,Atlas Co.,Construction,19,0,1/12/2024
D202075,C101078,2/01/2024,1/04/2024,Closed Won,PAYROLL_MPS,Managed Payroll,Partners,shao,1435,0,Harbour Services,Manufacturing,44,0,1/05/2024
D202076,C103585,27/01/2024,20/03/2024,Closed Won,PAYROLL_MPS,Managed Payroll,Direct,dinkster,4475,0,Ohomairangi Holdings,Construction,37,0,1/03/2024
D202077,C104665,21/01/2024,27/03/2024,Closed Lost,PM,People Management,Partners,unassigned,1840,0,Kauri Harbour Trust,Construction,54,0,
D202078,C102281,2/01/2024,,Open,PAYROLL_MPS,Managed Payroll,Partners,dt,2759,0,Atlas Pivot Ltd,Accounting,1,0,1/12/2024
D202079,C102425,21/04/2024,17/07/2024,Closed Lost,PM,People Management,Partners,dt,560,0,Wenita Trust,Healthcare,13,0,
D202080,C104018,19/06/2024,9/09/2024,Closed Won,PAYROLL_DIY,Payroll DIY,Partners,awong,2247,0,Ohomairangi Kea Partners,Legal,70,0,1/09/2024
D202081,C100112,25/06/2024,2/09/2024,Closed Lost,PAYROLL_DIY,Payroll DIY,Partners,unassigned,1286,0,Tui Wenita Group,Software,28,0,
D202082,C102572,17/11/2024,4/02/2025,Closed Won,PAYROLL_MPS,Managed Payroll,Direct,shao,3222,0,Ohomairangi Kauri Services,Manufacturing,1,1,1/03/2025
D202083,C104395,10/08/2024,,Open,PAYROLL_MPS,Managed Payroll,Direct,shao,4113,0,Alpha Atlas Ltd,Manufacturing,8,0,1/12/2024
D202084,C100584,5/02/2025,,Open,PAYROLL_MPS,Managed Payroll,Direct,dinkster,2028,0,Wenita Alpha Group,Construction,1,1,1/03/2025
D202085,C101344,7/08/2024,1/09/2024,Closed Lost,PAYROLL_MPS,Managed Payroll,Direct,dt,2726,0,Tui Limited,Education,50,0,
D202086,C100978,31/03/2025,5/06/2025,Closed Won,PAYROLL_DIY,Payroll DIY,Partners,shao,2790,0,Nimbus Co.,Healthcare,59,1,1/06/2025
D202087,C101462,23/03/2024,,Open,PM,People Management,Partners,dinkster,1752,0,Duncan Air Kea Trust,Healthcare,39,1,1/12/2024
D202088,C102163,12/06/2025,,Open,ADD_ON_TKR,TKR Add-on,Partners,dinkster,464,0,Nimbus Group,Legal,23,0,1/09/2024
D202089,C104027,16/09/2024,2/11/2024,Closed Won,PAYROLL_DIY,Payroll DIY,Direct,mkoenen,2936,0,Tui Trust,Software,13,0,1/12/2024
D202090,C100427,13/02/2025,7/05/2025,Closed Lost,PAYROLL_MPS,Managed Payroll,Direct,unassigned,7541,0,Eurotec Holdings,Manufacturing,1,0,
D202091,C104159,30/12/2024,25/02/2025,Closed Lost,ADD_ON_TKR,TKR Add-on,Direct,unassigned,614,0,Beta Ltd,Accounting,1,0,
D202092,C101905,6/12/2024,,Open,PAYROLL_MPS,Managed Payroll,Partners,dt,0,0,Rimu Partners,Software,1,0,1/01/2025
D202093,C102384,27/02/2024,14/05/2024,Closed Won,PM,People Management,Partners,mkoenen,905,0,Tui Limited,Accounting,26,0,1/06/2024
D202094,C100981,6/06/2024,12/06/2024,Closed Lost,ADD_ON_TKR,TKR Add-on,Partners,shao,307,0,Kauri Nimbus Ltd,Healthcare,43,0,
D202095,C101088,10/04/2025,25/04/2025,Closed Won,ADD_ON_TKR,TKR Add-on,Direct,mkoenen,551,0,Summit Co.,Legal,27,1,1/05/2025
D202096,C100521,25/04/2024,16/07/2024,Closed Won,PM,People Management,Partners,unassigned,1075,0,Atlas Holdings,Healthcare,45,0,1/08/2024
D202097,C102487,31/10/2024,17/01/2025,Closed Won,PAYROLL_DIY,Payroll DIY,Partners,awong,2453,0,Wenita Holdings,Software,24,0,1/02/2025
D202098,C104220,23/02/2024,16/03/2024,Closed Won,PM,People Management,Direct,shao,1283,0,Ohomairangi Partners,Education,67,0,1/03/2024
D202099,C103930,3/05/2024,,Open,PM,People Management,Direct,shao,1188,0,Wenita Alpha Partners,Education,1,0,1/01/2025
D202100,C100080,13/07/2024,,Open,PM,People Management,Direct,awong,1174,0,Tui Holdings,Manufacturing,28,0,1/03/2025
D202101,C100236,4/10/2024,9/12/2024,Closed Lost,PAYROLL_DIY,Payroll DIY,Partners,unassigned,1368,0,Eurotec Group,Manufacturing,57,0,
D202102,C101453,16/05/2024,,Open,ADD_ON_TKR,TKR Add-on,Direct,dt,866,0,Pivot Duncan Air Trust,Software,18,0,1/10/2024
D202103,C103244,3/08/2024,,Open,PAYROLL_DIY,Payroll DIY,Direct,mkoenen,3411,0,Harbour Services,Accounting,1,0,1/02/2025
D202104,C103397,20/07/2024,,Open,PAYROLL_MPS,Managed Payroll,Direct,mkoenen,4275,0,Ohomairangi Limited,Retail,55,0,1/04/2025
D202105,C103111,20/02/2025,,Open,PM,People Management,Partners,dinkster,446,0,Rimu Nimbus Holdings,Retail,58,0,1/08/2024
D202106,C102810,26/09/2024,22/11/2024,Closed Lost,PAYROLL_MPS,Managed Payroll,Partners,dinkster,3649,0,Wenita Limited,Legal,26,0,
D202107,C101110,11/12/2024,3/01/2025,Closed Won,PAYROLL_MPS,Managed Payroll,Direct,shao,0,0,Alpha Ltd,Construction,15,1,1/01/2025
D202108,C103050,11/06/2024,26/07/2024,Closed Won,PAYROLL_MPS,Managed Payroll,Partners,unassigned,4678,0,Kea Atlas Ltd,Legal,4,0,1/08/2024
D202109,C103162,27/01/2025,,Open,PAYROLL_MPS,Managed Payroll,Direct,mkoenen,4834,0,Kauri Holdings,Accounting,35,0,1/04/2025
D202110,C103810,27/03/2025,19/06/2025,Closed Won,PM,People Management,Partners,awong,1010,0,Summit Ltd,Education,17,0,1/07/2025
D202111,C100499,25/01/2025,,Open,PAYROLL_MPS,Managed Payroll,Partners,unassigned,6194,0,Eurotec Holdings,Accounting,40,0,1/01/2025
D202112,C104011,6/04/2024,14/05/2024,Closed Won,ADD_ON_TKR,TKR Add-on,Direct,dt,132,0,Tui Beta Trust,Legal,51,0,1/06/2024
D202113,C104890,3/01/2024,,Open,PAYROLL_DIY,Payroll DIY,Direct,awong,1823,0,Tui Holdings,Legal,1,0,1/05/2024
D202114,C100957,14/06/2025,,Open,PAYROLL_MPS,Managed Payroll,Partners,shao,2132,0,Atlas Co.,Manufacturing,14,0,1/06/2024
D202115,C101502,9/07/2024,13/09/2024,Closed Won,PAYROLL_DIY,Payroll DIY,Direct,shao,1262,0,Pivot Co.,Accounting,17,0,1/09/2024
D202116,C103024,28/09/2024,12/11/2024,Closed Lost,PM,People Management,Partners,mkoenen,2007,0,Kea Holdings,Accounting,2,0,
D202117,C103587,15/04/2025,,Open,PAYROLL_DIY,Payroll DIY,Partners,dinkster,1069,0,Beta Harbour Trust,Healthcare,30,0,1/04/2024
D202118,C104733,24/09/2024,25/09/2024,Closed Won,ADD_ON_TKR,TKR Add-on,Direct,shao,564,0,Tui Co.,Retail,22,0,1/11/2024
D202119,C102598,28/07/2024,,Open,ADD_ON_TKR,TKR Add-on,Partners,dt,752,0,Kea Holdings,Manufacturing,1,0,1/06/2025
D202120,C100675,14/06/2024,,Open,PAYROLL_MPS,Managed Payroll,Partners,unassigned,3440,0,Pivot Kauri Services,Healthcare,1,0,1/03/2025
D202121,C101403,23/06/2024,7/07/2024,Closed Lost,PAYROLL_MPS,Managed Payroll,Direct,dinkster,4532,0,Alpha Atlas Ltd,Construction,29,0,
D202122,C102380,23/08/2024,16/09/2024,Closed Won,PAYROLL_MPS,Managed Payroll,Partners,awong,6360,0,Nimbus Nimbus Trust,Legal,34,0,1/10/2024
D202123,C100381,12/03/2024,16/05/2024,Closed Won,PAYROLL_DIY,Payroll DIY,Direct,dinkster,3430,0,Beta Partners,Accounting,57,0,1/06/2024
D202124,C103821,9/06/2025,4/07/2025,Closed Won,PAYROLL_DIY,Payroll DIY,Partners,shao,1329,0,Tui Group,Accounting,1,0,1/08/2025
D202125,C103406,1/07/2025,,Open,PM,People Management,Direct,dinkster,923,0,Nimbus Eurotec Trust,Healthcare,44,0,1/06/2025
D202126,C104615,12/04/2024,24/05/2024,Closed Lost,PAYROLL_DIY,Payroll DIY,Direct,awong,3295,0,Duncan Air Ohomairangi Partners,Manufacturing,31,0,
D202127,C102752,3/04/2024,,Open,PM,People Management,Direct,dinkster,1149,0,Beta Kauri Ltd,Legal,26,0,1/04/2024
D202128,C104767,7/08/2024,14/08/2024,Closed Lost,PAYROLL_DIY,Payroll DIY,Direct,mkoenen,221,0,Duncan Air Co.,Education,7,0,
D202129,C101140,13/12/2024,8/03/2025,Closed Won,PM,People Management,Direct,shao,1521,0,Nimbus Summit Holdings,Legal,1,0,1/03/2025
D202130,C101282,8/07/2024,,Open,PAYROLL_MPS,Managed Payroll,Partners,dinkster,2387,0,Eurotec Summit Ltd,Manufacturing,1,0,1/03/2025
D202131,C100109,8/04/2025,17/06/2025,Closed Lost,PAYROLL_MPS,Managed Payroll,Partners,dinkster,3345,0,Rimu Holdings,Software,70,0,
D202132,C103073,28/03/2025,3/06/2025,Closed Lost,PAYROLL_MPS,Managed Payroll,Direct,mkoenen,4259,0,Atlas Partners,Retail,6,0,
D202133,C103955,2/11/2024,30/01/2025,Closed Won,PAYROLL_DIY,Payroll DIY,Partners,shao,1881,0,Duncan Air Holdings,Construction,55,0,1/03/2025
D202134,C102246,29/06/2025,20/08/2025,Closed Won,PAYROLL_DIY,Payroll DIY,Partners,unassigned,1792,0,Kea Harbour Services,Software,1,0,1/09/2025
D202135,C102966,26/01/2025,22/04/2025,Closed Won,PM,People Management,Partners,dt,2104,0,Pivot Holdings,Manufacturing,50,0,1/05/2025
D202136,C101834,1/12/2024,6/12/2024,Closed Lost,PAYROLL_MPS,Managed Payroll,Direct,dt,7050,0,Rimu Partners,Software,1,0,
D202137,C104186,19/02/2025,10/05/2025,Closed Won,PAYROLL_MPS,Managed Payroll,Direct,dinkster,5413,0,Pivot Summit Limited,Construction,39,0,1/06/2025
D202138,C102153,22/08/2024,20/11/2024,Closed Won,PAYROLL_DIY,Payroll DIY,Partners,dinkster,2904,0,Duncan Air Tui Trust,Construction,1,0,1/12/2024
D202139,C102152,30/11/2024,21/02/2025,Closed Won,PAYROLL_DIY,Payroll DIY,Partners,mkoenen,3552,0,Summit Ltd,Accounting,82,0,1/03/2025
D202140,C104321,2/07/2025,18/09/2025,Closed Lost,ADD_ON_TKR,TKR Add-on,Partners,dinkster,1206,0,Atlas Co.,Manufacturing,18,0,
D202141,C104190,24/03/2024,17/05/2024,Closed Won,PAYROLL_DIY,Payroll DIY,Partners,dinkster,1020,0,Alpha Limited,Construction,22,0,1/06/2024
D202142,C102341,6/11/2024,1/12/2024,Closed Lost,PAYROLL_MPS,Managed Payroll,Direct,mkoenen,4361,0,Alpha Services,Software,38,0,
D202143,C103785,24/01/2024,31/03/2024,Closed Won,PM,People Management,Partners,dt,702,0,Duncan Air Co.,Construction,40,0,1/05/2024
D202144,C102323,25/08/2024,,Open,ADD_ON_TKR,TKR Add-on,Partners,dinkster,747,0,Harbour Tui Holdings,Construction,34,0,1/07/2024
D202145,C100419,27/03/2024,,Open,PM,People Management,Partners,shao,677,0,Kauri Co.,Retail,67,0,1/08/2025
D202146,C104422,28/02/2024,,Open,PAYROLL_MPS,Managed Payroll,Partners,dt,3230,0,Duncan Air Partners,Healthcare,12,0,1/02/2025
D202147,C102273,22/02/2025,21/05/2025,Closed Won,ADD_ON_TKR,TKR Add-on,Partners,dt,1158,0,Alpha Beta Ltd,Legal,1,0,1/06/2025
D202148,C104413,3/08/2024,29/08/2024,Closed Won,PAYROLL_MPS,Managed Payroll,Direct,unassigned,3047,0,Summit Tui Services,Education,37,0,1/09/2024
D202149,C101348,28/05/2025,,Open,PAYROLL_MPS,Managed Payroll,Direct,mkoenen,2595,0,Beta Wenita Group,Legal,8,0,1/03/2024
D202150,C100718,5/02/2024,8/02/2024,Closed Lost,PAYROLL_MPS,Managed Payroll,Direct,awong,5279,0,Eurotec Holdings,Legal,57,0,
D202151,C104593,14/01/2024,20/03/2024,Closed Won,ADD_ON_TKR,TKR Add-on,Partners,dinkster,1161,0,Ohomairangi Ltd,Manufacturing,25,0,1/04/2024
D202152,C101176,21/05/2025,13/07/2025,Closed Lost,PM,People Management,Direct,shao,915,0,Harbour Beta Ltd,Healthcare,6,0,
D202153,C101262,16/05/2024,,Open,PAYROLL_DIY,Payroll DIY,Partners,shao,3269,0,Atlas Limited,Accounting,68,0,1/04/2024
D202154,C101280,7/05/2025,22/07/2025,Closed Won,ADD_ON_TKR,TKR Add-on,Partners,unassigned,907,0,Nimbus Services,Construction,1,0,1/08/2025
D202155,C100896,19/02/2024,,Open,ADD_ON_TKR,TKR Add-on,Direct,awong,987,0,Atlas Ltd,Construction,15,0,1/04/2025
D202156,C100161,14/08/2024,25/10/2024,Closed Won,ADD_ON_TKR,TKR Add-on,Partners,dt,1302,0,Eurotec Kea Holdings,Education,1,0,1/12/2024
D202157,C101678,15/08/2024,25/09/2024,Closed Won,PAYROLL_MPS,Managed Payroll,Partners,dt,4358,0,Nimbus Trust,Software,10,1,1/10/2024
D202158,C101812,8/04/2025,17/05/2025,Closed Won,PAYROLL_DIY,Payroll DIY,Partners,dinkster,1424,0,Summit Co.,Software,23,0,1/05/2025
D202159,C104993,9/04/2025,4/05/2025,Closed Lost,PAYROLL_MPS,Managed Payroll,Partners,dt,1779,0,Eurotec Co.,Healthcare,67,0,1/06/2025
D202160,C103384,8/08/2024,,Open,PM,People Management,Partners,unassigned,1755,0,Duncan Air Co.,Healthcare,31,1,1/04/2025
D202161,C100663,25/09/2024,,Open,PM,People Management,Direct,dinkster,1881,0,Rimu Wenita Services,Legal,15,0,1/05/2024
D202162,C100061,26/03/2024,,Open,ADD_ON_TKR,TKR Add-on,Partners,dinkster,267,0,Beta Eurotec Trust,Legal,68,0,1/06/2024
D202163,C102955,12/04/2024,1/05/2024,Closed Won,PAYROLL_DIY,Payroll DIY,Direct,shao,3777,1,Atlas Limited,Manufacturing,25,0,1/06/2024
D202164,C103703,15/03/2024,5/06/2024,Closed Won,ADD_ON_TKR,TKR Add-on,Direct,dinkster,976,0,Kauri Group,Construction,24,0,1/06/2024
D202165,C103974,27/04/2025,8/05/2025,Closed Won,PAYROLL_DIY,Payroll DIY,Direct,dt,1688,0,Beta Holdings,Retail,49,0,1/06/2025
D202166,C103550,13/06/2025,2/07/2025,Closed Won,PAYROLL_MPS,Managed Payroll,Direct,dt,3475,1,Wenita Holdings,Construction,3,0,1/07/2025
D202167,C103135,24/05/2025,12/06/2025,Closed Won,PAYROLL_MPS,Managed Payroll,Partners,dt,0,0,Rimu Trust,Manufacturing,67,0,1/07/2025
D202168,C104034,25/05/2024,7/07/2024,Closed Lost,PAYROLL_MPS,Managed Payroll,Partners,awong,5350,0,Kea Summit Ltd,Education,45,0,
D202169,C104268,19/07/2024,15/10/2024,Closed Lost,ADD_ON_TKR,TKR Add-on,Partners,shao,1060,0,Nimbus Ltd,Software,24,0,
D202170,C104474,10/06/2024,20/07/2024,Closed Won,PAYROLL_MPS,Managed Payroll,Direct,shao,5429,0,Ohomairangi Harbour Services,Retail,2,0,1/08/2024
D202171,C102491,26/06/2025,27/07/2025,Closed Won,PAYROLL_MPS,Managed Payroll,Direct,awong,172,0,Summit Co.,Legal,1,0,1/08/2025
D202172,C100244,11/09/2024,28/11/2024,Closed Won,PM,People Management,Partners,awong,1936,0,Beta Alpha Holdings,Retail,1,1,1/12/2024
D202173,C100160,9/10/2024,,Open,PAYROLL_MPS,Managed Payroll,Direct,awong,5252,0,Atlas Ltd,Software,57,0,1/04/2025
D202174,C104812,4/09/2024,,Open,PAYROLL_DIY,Payroll DIY,Partners,nobody,3431,0,Alpha Holdings,Healthcare,31,1,1/03/2025
D202175,C104314,5/02/2025,13/04/2025,Closed Won,PM,People Management,Direct,shao,629,0,Beta Services,Manufacturing,61,0,1/04/2025
D202176,C103000,21/03/2025,,Open,PM,People Management,Partners,shao,1061,0,Kea Ohomairangi Limited,Construction,77,0,1/03/2025
D202177,C101068,21/02/2025,,Open,PM,People Management,Partners,shao,1414,0,Atlas Beta Group,Legal,56,0,1/04/2025
D202178,C100475,29/12/2024,5/03/2025,Closed Won,PAYROLL_DIY,Payroll DIY,Partners,dt,1449,0,Summit Alpha Partners,Education,1,0,1/04/2025
D202179,C103739,25/05/2025,23/06/2025,Closed Won,PAYROLL_DIY,Payroll DIY,Direct,dinkster,3249,0,Harbour Co.,Accounting,53,0,1/07/2025
D202180,C101200,22/08/2024,,Open,ADD_ON_TKR,TKR Add-on,Partners,unassigned,246,0,Ohomairangi Limited,Accounting,6,0,1/09/2025
D202181,C103536,10/08/2024,5/10/2024,Closed Won,PM,People Management,Partners,dt,1374,0,Pivot Nimbus Ltd,Education,33,0,1/10/2024
D202182,C103181,10/03/2024,31/05/2024,Closed Won,ADD_ON_TKR,TKR Add-on,Direct,unassigned,322,0,Duncan Air Ltd,Construction,52,0,1/07/2024
D202183,C102198,15/11/2024,2/12/2024,Closed Lost,PAYROLL_MPS,Managed Payroll,Partners,dt,4332,0,Rimu Holdings,Education,1,0,
D202184,C102595,9/02/2025,26/03/2025,Closed Won,PM,People Management,Partners,awong,1492,0,Kauri Trust,Legal,1,0,1/04/2025
D202185,C104962,25/01/2025,,Open,PAYROLL_DIY,Payroll DIY,Partners,dt,617,0,Tui Beta Partners,Education,17,0,1/08/2025
D202186,C103591,9/05/2024,11/05/2024,Closed Lost,PAYROLL_DIY,Payroll DIY,Direct,mkoenen,1231,0,Nimbus Alpha Trust,Retail,9,0,
D202187,C100493,3/02/2025,26/04/2025,Closed Won,PAYROLL_DIY,Payroll DIY,Direct,mkoenen,2521,0,Nimbus Trust,Construction,1,1,1/05/2025
D202188,C102733,4/06/2024,,Open,PAYROLL_MPS,Managed Payroll,Direct,dt,0,0,Ohomairangi Kauri Limited,Healthcare,96,0,1/04/2024
D202189,C102025,26/06/2024,10/07/2024,Closed Won,PAYROLL_DIY,Payroll DIY,Partners,shao,2185,0,Pivot Holdings,Education,19,0,1/08/2024
D202190,C101482,2/09/2024,,Open,PAYROLL_MPS,Managed Payroll,Partners,dt,2982,0,Atlas Ltd,Software,70,1,1/03/2025
D202191,C101674,24/03/2024,4/04/2024,Closed Won,PAYROLL_DIY,Payroll DIY,Partners,mkoenen,1196,0,Beta Rimu Ltd,Software,27,0,1/04/2024
D202192,C103726,17/01/2024,30/03/2024,Closed Lost,ADD_ON_TKR,TKR Add-on,Direct,nobody,1134,0,Rimu Co.,Accounting,14,0,
D202193,C101821,7/04/2024,15/05/2024,Closed Won,ADD_ON_TKR,TKR Add-on,Direct,dt,621,0,Eurotec Group,Accounting,10,0,1/06/2024
D202194,C100175,16/12/2024,17/12/2024,Closed Won,ADD_ON_TKR,TKR Add-on,Partners,dinkster,351,0,Summit Rimu Partners,Construction,15,0,1/01/2025
D202195,C101571,22/02/2025,9/03/2025,Closed Won,PAYROLL_MPS,Managed Payroll,Direct,dinkster,972,0,Atlas Ltd,Education,1,0,1/04/2025
D202196,C100068,24/04/2025,,Open,PAYROLL_DIY,Payroll DIY,Partners,dt,204,0,Kea Co.,Manufacturing,6,0,1/12/2024
D202197,C100443,30/06/2024,26/08/2024,Closed Won,ADD_ON_TKR,TKR Add-on,Partners,nobody,1819,0,Tui Limited,Legal,83,0,1/09/2024
D202198,C103972,9/05/2024,6/07/2024,Closed Won,PAYROLL_MPS,Managed Payroll,Partners,dinkster,7272,0,Alpha Holdings,Legal,35,0,1/08/2024
D202199,C101177,7/03/2024,8/03/2024,Closed Lost,PAYROLL_MPS,Managed Payroll,Direct,mkoenen,2957,0,Wenita Services,Manufacturing,1,0,
D202200,C100842,20/01/2024,27/03/2024,Closed Lost,PM,People Management,Direct,dinkster,930,0,Rimu Alpha Co.,Accounting,90,0,
D202201,C101952,11/12/2024,14/01/2025,Closed Won,ADD_ON_TKR,TKR Add-on,Direct,dinkster,1061,0,Tui Limited,Retail,77,0,1/02/2025
D202202,C101587,18/06/2024,31/07/2024,Closed Won,PAYROLL_MPS,Managed Payroll,Partners,awong,2041,1,Harbour Pivot Services,Manufacturing,21,0,1/08/2024
D202203,C101884,14/06/2025,29/06/2025,Closed Won,PAYROLL_MPS,Managed Payroll,Partners,awong,4942,0,Harbour Services,Legal,11,0,1/08/2025
D202204,C101150,15/06/2024,26/06/2024,Closed Won,PAYROLL_MPS,Managed Payroll,Direct,awong,6012,0,Rimu Kauri Ltd,Software,21,0,1/07/2024
D202205,C101537,19/08/2024,28/10/2024,Closed Lost,ADD_ON_TKR,TKR Add-on,Direct,dt,1277,0,Tui Partners,Software,63,0,
D202206,C100269,25/02/2024,6/04/2024,Closed Won,ADD_ON_TKR,TKR Add-on,Direct,dt,276,0,Eurotec Partners,Education,1,0,1/04/2024
D202207,C102491,13/03/2024,14/05/2024,Closed Lost,PM,People Management,Direct,shao,855,0,Summit Co.,Legal,1,0,
D202208,C102627,10/09/2024,26/11/2024,Closed Lost,ADD_ON_TKR,TKR Add-on,Partners,mkoenen,93,0,Ohomairangi Alpha Partners,Construction,42,0,
D202209,C104124,21/06/2025,5/07/2025,Closed Lost,ADD_ON_TKR,TKR Add-on,Partners,mkoenen,402,0,Pivot Kea Trust,Retail,42,0,
D202210,C100284,24/03/2024,27/04/2024,Closed Won,PAYROLL_DIY,Payroll DIY,Partners,dt,1706,0,Kea Pivot Limited,Legal,25,0,1/05/2024
D202211,C100932,13/03/2024,,Open,PM,People Management,Direct,mkoenen,1214,0,Beta Ohomairangi Trust,Manufacturing,41,0,1/06/2024
D202212,C101486,10/03/2025,31/05/2025,Closed Won,PM,People Management,Direct,mkoenen,1779,0,Kauri Trust,Education,1,0,1/06/2025
D202213,C104630,9/08/2024,3/11/2024,Closed Won,PM,People Management,Partners,dinkster,1628,0,Kea Trust,Legal,35,0,1/12/2024
D202214,C100431,2/11/2024,7/11/2024,Closed Won,PM,People Management,Partners,mkoenen,531,0,Wenita Tui Trust,Manufacturing,9,0,1/11/2024
D202215,C101789,23/08/2024,,Open,PM,People Management,Partners,awong,1967,0,Tui Trust,Accounting,37,0,1/03/2024
D202216,C101676,5/06/2025,23/07/2025,Closed Lost,PAYROLL_MPS,Managed Payroll,Direct,dinkster,2765,0,Harbour Pivot Co.,Legal,47,0,
D202217,C101307,18/02/2024,18/03/2024,Closed Won,PAYROLL_DIY,Payroll DIY,Direct,unassigned,1903,0,Ohomairangi Services,Education,33,0,1/04/2024
D202218,C102159,3/04/2025,29/05/2025,Closed Won,ADD_ON_TKR,TKR Add-on,Direct,nobody,954,0,Pivot Co.,Education,2,0,1/07/2025
D202219,C104493,26/05/2024,12/08/2024,Closed Won,ADD_ON_TKR,TKR Add-on,Direct,dt,893,0,Tui Co.,Accounting,22,0,1/09/2024
D202220,C104681,18/04/2025,21/04/2025,Closed Won,PM,People Management,Partners,awong,1690,0,Rimu Holdings,Construction,55,0,1/05/2025
D202221,C102608,4/05/2024,,Open,ADD_ON_TKR,TKR Add-on,Partners,shao,381,0,Duncan Air Ltd,Education,1,0,1/09/2024
D202222,C100233,30/10/2024,21/11/2024,Closed Won,PAYROLL_MPS,Managed Payroll,Partners,dt,4656,0,Nimbus Trust,Software,32,0,1/12/2024
D202223,C103710,9/10/2024,21/10/2024,Closed Won,PAYROLL_DIY,Payroll DIY,Direct,awong,2780,0,Duncan Air Pivot Ltd,Retail,1,0,1/11/2024
D202224,C100987,3/06/2024,19/07/2024,Closed Won,PM,People Management,Partners,shao,1637,0,Summit Ltd,Construction,47,0,1/07/2024
D202225,C103623,24/02/2024,21/05/2024,Closed Won,PAYROLL_MPS,Managed Payroll,Partners,unassigned,5316,0,Ohomairangi Alpha Limited,Retail,1,0,1/06/2024
D202226,C103173,4/10/2024,27/12/2024,Closed Won,PAYROLL_MPS,Managed Payroll,Direct,dinkster,5089,0,Ohomairangi Services,Software,1,0,1/01/2025
D202227,C104405,4/03/2025,10/05/2025,Closed Won,PM,People Management,Direct,shao,537,0,Atlas Co.,Software,30,0,1/06/2025
D202228,C101673,26/05/2025,16/07/2025,Closed Won,PAYROLL_MPS,Managed Payroll,Partners,shao,3509,0,Ohomairangi Limited,Healthcare,47,0,1/08/2025
D202229,C104245,30/06/2025,11/08/2025,Closed Won,ADD_ON_TKR,TKR Add-on,Direct,mkoenen,1821,0,Beta Ltd,Healthcare,87,0,1/08/2025
D202230,C104126,19/05/2025,,Open,PAYROLL_DIY,Payroll DIY,Partners,dinkster,1147,0,Alpha Services,Education,1,0,1/03/2025
D202231,C104198,26/12/2024,1/01/2025,Closed Won,PAYROLL_DIY,Payroll DIY,Partners,mkoenen,1475,0,Eurotec Trust,Manufacturing,1,0,1/01/2025
D202232,C104314,6/12/2024,24/12/2024,Closed Won,PM,People Management,Partners,dinkster,2030,0,Beta Services,Manufacturing,61,0,1/01/2025
D202233,C101708,8/05/2024,11/05/2024,Closed Won,PAYROLL_MPS,Managed Payroll,Partners,awong,4969,0,Rimu Trust,Manufacturing,58,0,1/06/2024
D202234,C101085,12/07/2024,,Open,PAYROLL_MPS,Managed Payroll,Partners,unassigned,1948,0,Duncan Air Group,Software,29,0,1/04/2025
D202235,C104460,22/01/2024,14/03/2024,Closed Won,PAYROLL_DIY,Payroll DIY,Direct,awong,2099,0,Alpha Co.,Healthcare,37,0,1/04/2024
D202236,C101811,29/01/2025,25/02/2025,Closed Lost,ADD_ON_TKR,TKR Add-on,Direct,unassigned,942,0,Nimbus Limited,Accounting,68,1,
D202237,C101441,3/08/2024,,Open,PM,People Management,Direct,awong,2005,0,Summit Tui Group,Retail,3,0,1/03/2025
D202238,C104497,9/07/2024,,Open,PM,People Management,Partners,dt,1015,0,Beta Group,Legal,1,0,1/10/2024
D202239,C101645,9/12/2024,,Open,PAYROLL_MPS,Managed Payroll,Partners,unassigned,4206,0,Nimbus Co.,Retail,47,0,1/08/2024
D202240,C104918,12/05/2024,8/08/2024,Closed Lost,PAYROLL_MPS,Managed Payroll,Direct,awong,5915,0,Alpha Group,Education,1,0,
D202241,C100057,25/11/2024,25/01/2025,Closed Won,PM,People Management,Direct,awong,1244,0,Kauri Co.,Accounting,15,0,1/03/2025
D202242,C104749,8/03/2025,27/05/2025,Closed Lost,PAYROLL_MPS,Managed Payroll,Direct,mkoenen,1145,0,Eurotec Limited,Construction,25,0,
D202243,C102045,21/07/2024,,Open,ADD_ON_TKR,TKR Add-on,Partners,unassigned,615,0,Duncan Air Partners,Healthcare,16,0,1/12/2024
D202244,C102450,4/03/2024,30/05/2024,Closed Won,ADD_ON_TKR,TKR Add-on,Direct,dt,939,0,Tui Group,Construction,3,0,1/06/2024
D202245,C100911,17/03/2024,15/06/2024,Closed Won,PM,People Management,Direct,dt,1052,0,Duncan Air Ltd,Healthcare,26,0,1/07/2024
D202246,C104746,17/12/2024,22/02/2025,Closed Lost,PAYROLL_MPS,Managed Payroll,Direct,awong,6888,0,Alpha Holdings,Construction,56,0,
D202247,C100058,7/05/2025,26/05/2025,Closed Won,PAYROLL_MPS,Managed Payroll,Partners,dinkster,4127,0,Eurotec Co.,Education,19,0,1/06/2025
D202248,C102531,30/09/2024,5/12/2024,Closed Won,PAYROLL_MPS,Managed Payroll,Partners,dinkster,3057,0,Beta Limited,Education,1,0,1/12/2024
D202249,C104105,5/12/2024,4/02/2025,Closed Won,ADD_ON_TKR,TKR Add-on,Direct,shao,819,0,Rimu Services,Manufacturing,64,0,1/03/2025
D202250,C100538,18/01/2025,27/01/2025,Closed Won,PAYROLL_DIY,Payroll DIY,Direct,dinkster,688,0,Duncan Air Wenita Limited,Construction,1,0,1/03/2025
D202251,C102541,2/04/2024,22/04/2024,Closed Won,PM,People Management,Direct,dinkster,1468,0,Duncan Air Nimbus Co.,Construction,3,0,1/05/2024
D202252,C101291,9/03/2025,,Open,PM,People Management,Partners,awong,1424,0,Nimbus Atlas Group,Accounting,50,0,1/12/2024
D202253,C103399,30/03/2024,24/05/2024,Closed Lost,ADD_ON_TKR,TKR Add-on,Direct,dt,112,0,Atlas Services,Accounting,6,0,
D202254,C104806,19/05/2025,28/07/2025,Closed Won,PAYROLL_DIY,Payroll DIY,Direct,awong,3128,0,Kea Co.,Construction,12,1,1/09/2025
D202255,C104852,2/07/2024,21/08/2024,Closed Won,PM,People Management,Direct,awong,1572,0,Tui Partners,Accounting,64,0,1/09/2024
D202256,C101245,1/06/2025,7/06/2025,Closed Won,PM,People Management,Partners,awong,666,0,Harbour Group,Accounting,43,0,1/06/2025
D202257,C102737,30/03/2024,1/04/2024,Closed Won,PM,People Management,Direct,awong,973,0,Beta Services,Healthcare,27,0,1/04/2024
D202258,C104578,27/03/2025,13/04/2025,Closed Won,ADD_ON_TKR,TKR Add-on,Direct,shao,1033,0,Rimu Partners,Construction,1,0,1/04/2025
D202259,C100446,28/06/2024,8/07/2024,Closed Lost,PAYROLL_DIY,Payroll DIY,Direct,mkoenen,1259,0,Pivot Services,Accounting,52,0,
D202260,C102602,22/05/2024,26/05/2024,Closed Won,ADD_ON_TKR,TKR Add-on,Direct,mkoenen,1063,0,Kea Holdings,Accounting,68,0,1/07/2024
D202261,C104348,25/07/2024,14/09/2024,Closed Won,PAYROLL_DIY,Payroll DIY,Partners,awong,340,0,Beta Co.,Retail,43,1,1/09/2024
D202262,C102493,24/04/2024,16/07/2024,Closed Lost,PAYROLL_MPS,Managed Payroll,Partners,dinkster,3703,0,Atlas Partners,Retail,25,0,
D202263,C101888,27/02/2024,1/03/2024,Closed Won,PAYROLL_MPS,Managed Payroll,Direct,unassigned,6337,0,Ohomairangi Services,Legal,22,0,1/04/2024
D202264,C102951,9/06/2025,,Open,PAYROLL_MPS,Managed Payroll,Partners,awong,2610,0,Summit Duncan Air Limited,Construction,44,0,1/02/2025
D202265,C104886,9/10/2024,21/12/2024,Closed Lost,PM,People Management,Direct,mkoenen,859,0,Atlas Trust,Manufacturing,15,1,
D202266,C101676,27/06/2025,12/08/2025,Closed Won,PM,People Management,Partners,dt,0,0,Harbour Pivot Co.,Legal,47,0,1/08/2025
D202267,C104456,31/10/2024,,Open,PAYROLL_MPS,Managed Payroll,Partners,dt,712,0,Tui Limited,Legal,1,0,1/06/2025
D202268,C102293,9/02/2025,20/04/2025,Closed Won,PAYROLL_MPS,Managed Payroll,Partners,dt,3764,0,Duncan Air Trust,Education,32,0,1/05/2025
D202269,C104148,19/08/2024,20/08/2024,Closed Won,ADD_ON_TKR,TKR Add-on,Partners,awong,712,0,Nimbus Limited,Manufacturing,1,0,1/09/2024
D202270,C101805,22/04/2024,,Open,ADD_ON_TKR,TKR Add-on,Direct,dinkster,575,0,Tui Eurotec Trust,Legal,1,0,1/04/2025
D202271,C101974,20/04/2025,,Open,PM,People Management,Direct,awong,1357,0,Kauri Limited,Retail,50,0,1/08/2025
D202272,C104475,19/01/2025,12/02/2025,Closed Won,PAYROLL_MPS,Managed Payroll,Partners,awong,5280,0,Kea Holdings,Software,1,0,1/03/2025
D202273,C104421,26/03/2024,9/05/2024,Closed Won,PAYROLL_DIY,Payroll DIY,Direct,shao,1941,0,Harbour Partners,Construction,47,0,1/05/2024
D202274,C104843,17/05/2025,8/08/2025,Closed Won,ADD_ON_TKR,TKR Add-on,Partners,shao,148,0,Kauri Co.,Healthcare,1,0,1/08/2025
D202275,C102546,4/07/2024,12/08/2024,Closed Won,PAYROLL_MPS,Managed Payroll,Partners,awong,635,0,Duncan Air Partners,Software,8,0,1/09/2024
D202276,C103836,10/07/2024,28/09/2024,Closed Won,ADD_ON_TKR,TKR Add-on,Direct,dt,1183,0,Alpha Group,Healthcare,31,0,1/11/2024
D202277,C103811,6/01/2024,,Open,PM,People Management,Direct,unassigned,1220,0,Tui Group,Education,29,0,1/07/2025
D202278,C104548,24/04/2024,6/07/2024,Closed Won,PAYROLL_MPS,Managed Payroll,Partners,dt,4368,0,Eurotec Kauri Group,Education,30,0,1/08/2024
D202279,C100092,26/05/2024,25/06/2024,Closed Lost,PAYROLL_DIY,Payroll DIY,Direct,dt,0,0,Eurotec Ltd,Education,26,0,
D202280,C100575,28/04/2024,30/04/2024,Closed Lost,ADD_ON_TKR,TKR Add-on,Partners,dinkster,864,0,Eurotec Kauri Group,Software,34,0,
D202281,C102067,2/06/2025,9/07/2025,Closed Won,PAYROLL_MPS,Managed Payroll,Direct,dinkster,2970,0,Ohomairangi Ltd,Manufacturing,31,0,1/07/2025
D202282,C102757,29/12/2024,5/03/2025,Closed Won,PAYROLL_MPS,Managed Payroll,Direct,dt,0,0,Eurotec Services,Software,27,0,1/03/2025
D202283,C104761,30/11/2024,7/02/2025,Closed Lost,PAYROLL_DIY,Payroll DIY,Partners,shao,1067,0,Wenita Tui Ltd,Education,1,0,
D202284,C103119,16/08/2024,23/09/2024,Closed Won,PAYROLL_MPS,Managed Payroll,Partners,mkoenen,5218,0,Kea Ltd,Legal,41,0,1/10/2024
D202285,C101451,23/02/2024,16/03/2024,Closed Won,PAYROLL_MPS,Managed Payroll,Direct,shao,8715,0,Kauri Beta Trust,Accounting,10,0,1/04/2024
D202286,C101151,3/05/2025,,Open,PM,People Management,Direct,shao,1030,0,Duncan Air Services,Accounting,71,0,1/09/2025
D202287,C101355,29/08/2024,30/09/2024,Closed Lost,PAYROLL_DIY,Payroll DIY,Direct,dt,2308,0,Rimu Holdings,Construction,1,1,
D202288,C100195,29/11/2024,11/12/2024,Closed Lost,PM,People Management,Direct,unassigned,515,0,Rimu Group,Software,16,0,
D202289,C104736,17/02/2024,22/03/2024,Closed Lost,PM,People Management,Partners,awong,1314,0,Rimu Alpha Group,Education,44,0,
D202290,C100540,25/07/2024,,Open,PAYROLL_MPS,Managed Payroll,Partners,awong,3237,0,Nimbus Nimbus Limited,Construction,12,0,1/06/2024
D202291,C102135,24/03/2025,25/04/2025,Closed Won,ADD_ON_TKR,TKR Add-on,Direct,shao,0,0,Wenita Trust,Manufacturing,31,0,1/05/2025
D202292,C101564,24/10/2024,9/11/2024,Closed Lost,PM,People Management,Direct,unassigned,204,0,Duncan Air Services,Manufacturing,55,0,
D202293,C102062,18/05/2024,11/08/2024,Closed Won,PAYROLL_MPS,Managed Payroll,Partners,mkoenen,0,0,Kauri Alpha Services,Education,10,0,1/09/2024
D202294,C104861,1/01/2024,25/01/2024,Closed Won,ADD_ON_TKR,TKR Add-on,Partners,dinkster,130,0,Rimu Partners,Accounting,24,0,1/01/2024
D202295,C103042,19/01/2024,13/02/2024,Closed Won,PAYROLL_MPS,Managed Payroll,Partners,unassigned,6384,0,Kea Ltd,Manufacturing,7,0,1/03/2024
D202296,C101889,22/05/2025,4/06/2025,Closed Won,PM,People Management,Partners,shao,1738,0,Rimu Co.,Legal,4,0,1/06/2025
D202297,C101406,5/02/2025,8/03/2025,Closed Won,PAYROLL_DIY,Payroll DIY,Direct,shao,871,0,Atlas Co.,Retail,1,0,1/03/2025
D202298,C102385,23/07/2024,24/09/2024,Closed Won,PAYROLL_MPS,Managed Payroll,Partners,shao,4211,0,Harbour Services,Education,50,0,1/10/2024
D202299,C102288,4/01/2024,1/04/2024,Closed Lost,PAYROLL_MPS,Managed Payroll,Partners,dt,4845,0,Harbour Group,Education,25,0,1/04/2024
D202300,C104910,20/07/2024,8/10/2024,Closed Won,PM,People Management,Partners,shao,960,0,Nimbus Rimu Limited,Healthcare,1,0,1/10/2024
D202301,C100664,22/06/2025,13/09/2025,Closed Won,PAYROLL_MPS,Managed Payroll,Partners,unassigned,7372,0,Rimu Limited,Manufacturing,1,0,1/10/2025
D202302,C103598,12/08/2024,31/08/2024,Closed Won,PAYROLL_DIY,Payroll DIY,Partners,unassigned,1378,0,Eurotec Group,Retail,16,0,1/09/2024
D202303,C101460,25/01/2024,,Open,PM,People Management,Direct,shao,1593,0,Eurotec Harbour Co.,Accounting,47,0,1/07/2024
D202304,C103738,13/04/2024,1/05/2024,Closed Lost,ADD_ON_TKR,TKR Add-on,Partners,shao,278,0,Ohomairangi Group,Legal,45,0,
D202305,C100316,9/02/2024,,Open,PAYROLL_MPS,Managed Payroll,Direct,unassigned,2791,0,Duncan Air Ltd,Healthcare,1,0,1/04/2024
D202306,C100624,30/04/2025,27/05/2025,Closed Won,PM,People Management,Partners,shao,540,0,Nimbus Wenita Trust,Legal,8,0,1/06/2025
D202307,C103138,22/06/2025,21/07/2025,Closed Won,PM,People Management,Direct,awong,1185,0,Pivot Co.,Healthcare,1,0,1/08/2025
D202308,C102458,25/02/2025,26/02/2025,Closed Won,PAYROLL_DIY,Payroll DIY,Partners,mkoenen,1873,0,Kea Group,Retail,28,1,1/03/2025
D202309,C103265,11/04/2024,3/06/2024,Closed Won,PAYROLL_MPS,Managed Payroll,Direct,dt,640,0,Nimbus Alpha Co.,Software,12,0,1/07/2024
D202310,C103139,25/08/2024,19/10/2024,Closed Lost,ADD_ON_TKR,TKR Add-on,Partners,mkoenen,847,0,Atlas Trust,Construction,3,0,
D202311,C100151,8/04/2025,10/04/2025,Closed Won,PM,People Management,Direct,unassigned,1774,0,Kauri Wenita Trust,Accounting,18,1,1/04/2025
D202312,C104699,22/02/2024,21/04/2024,Closed Won,PM,People Management,Direct,dt_tmp,2056,0,Atlas Partners,Retail,68,0,1/06/2024
D202313,C104757,29/05/2025,6/08/2025,Closed Lost,ADD_ON_TKR,TKR Add-on,Direct,dt,748,0,Wenita Tui Ltd,Retail,32,0,
D202314,C100328,24/06/2024,25/06/2024,Closed Lost,PAYROLL_MPS,Managed Payroll,Direct,shao,3447,0,Kea Holdings,Education,57,0,
D202315,C103385,29/11/2024,27/02/2025,Closed Won,PM,People Management,Partners,mkoenen,747,0,Pivot Tui Trust,Software,53,0,1/03/2025
D202316,C102447,11/08/2024,18/10/2024,Closed Won,PAYROLL_MPS,Managed Payroll,Direct,dt,3020,0,Nimbus Beta Ltd,Accounting,40,0,1/11/2024
D202317,C103238,20/03/2024,22/04/2024,Closed Won,PM,People Management,Partners,mkoenen,553,0,Ohomairangi Co.,Retail,28,0,1/05/2024
D202318,C102145,26/02/2024,24/05/2024,Closed Lost,ADD_ON_TKR,TKR Add-on,Direct,unassigned,676,0,Kauri Trust,Retail,62,0,
D202319,C103181,1/12/2024,,Open,ADD_ON_TKR,TKR Add-on,Partners,unassigned,824,0,Duncan Air Ltd,Construction,52,0,1/05/2025
D202320,C100636,15/03/2025,21/03/2025,Closed Won,ADD_ON_TKR,TKR Add-on,Direct,unassigned,959,0,Atlas Beta Group,Healthcare,23,1,1/03/2025
D202321,C100380,23/02/2024,25/02/2024,Closed Won,PAYROLL_DIY,Payroll DIY,Direct,unassigned,1865,0,Nimbus Co.,Legal,1,0,1/04/2024
D202322,C102815,23/11/2024,27/11/2024,Closed Won,PM,People Management,Direct,shao,857,0,Summit Services,Manufacturing,20,0,1/12/2024
D202323,C100189,22/06/2024,13/09/2024,Closed Won,PAYROLL_DIY,Payroll DIY,Partners,awong,1047,0,Beta Limited,Education,23,0,1/10/2024
D202324,C102697,16/11/2024,5/01/2025,Closed Won,PM,People Management,Partners,unassigned,932,0,Wenita Kea Partners,Manufacturing,8,0,1/02/2025
D202325,C101447,21/02/2025,11/05/2025,Closed Won,ADD_ON_TKR,TKR Add-on,Partners,unassigned,1312,0,Kauri Co.,Accounting,31,0,1/06/2025
D202326,C100813,20/10/2024,22/10/2024,Closed Lost,ADD_ON_TKR,TKR Add-on,Direct,dinkster,418,0,Pivot Holdings,Education,27,1,
D202327,C103709,10/02/2024,25/04/2024,Closed Lost,PAYROLL_DIY,Payroll DIY,Partners,dt,1797,0,Nimbus Services,Manufacturing,51,0,
D202328,C101827,28/04/2025,1/06/2025,Closed Won,PM,People Management,Direct,mkoenen,952,0,Atlas Limited,Legal,47,0,1/06/2025
D202329,C103153,29/06/2025,,Open,ADD_ON_TKR,TKR Add-on,Partners,dt,541,0,Tui Summit Trust,Healthcare,4,0,1/03/2025
D202330,C103773,10/05/2025,15/05/2025,Closed Lost,PM,People Management,Direct,unassigned,2018,0,Kauri Trust,Healthcare,34,0,
D202331,C101738,14/09/2024,,Open,ADD_ON_TKR,TKR Add-on,Direct,shao,1081,0,Ohomairangi Wenita Limited,Software,28,0,1/08/2024
D202332,C101663,25/08/2024,,Open,PAYROLL_DIY,Payroll DIY,Direct,dinkster,2366,0,Beta Trust,Legal,77,0,1/12/2024
D202333,C103422,15/11/2024,1/12/2024,Closed Lost,PAYROLL_DIY,Payroll DIY,Partners,shao,1631,0,Duncan Air Group,Education,40,0,
D202334,C104518,31/01/2025,21/03/2025,Closed Won,PAYROLL_MPS,Managed Payroll,Direct,shao,5582,0,Pivot Partners,Retail,24,0,1/04/2025
D202335,C102332,24/03/2025,14/05/2025,Closed Lost,ADD_ON_TKR,TKR Add-on,Partners,mkoenen,917,0,Rimu Services,Accounting,8,0,
D202336,C100892,7/12/2024,,Open,PAYROLL_DIY,Payroll DIY,Partners,shao,1866,0,Atlas Limited,Manufacturing,39,1,1/04/2025
D202337,C101260,15/09/2024,,Open,ADD_ON_TKR,TKR Add-on,Direct,mkoenen,996,0,Alpha Group,Accounting,22,1,1/09/2025
D202338,C100306,10/02/2024,,Open,ADD_ON_TKR,TKR Add-on,Partners,awong,833,0,Pivot Tui Holdings,Manufacturing,31,0,1/09/2025
D202339,C102701,26/09/2024,20/10/2024,Closed Won,ADD_ON_TKR,TKR Add-on,Direct,unassigned,931,0,Kea Group,Legal,40,0,1/11/2024
D202340,C102620,26/02/2024,,Open,PAYROLL_MPS,Managed Payroll,Direct,dt,4682,0,Wenita Rimu Limited,Healthcare,27,0,1/01/2025
D202341,C100250,16/09/2024,15/12/2024,Closed Lost,PAYROLL_DIY,Payroll DIY,Direct,unassigned,2090,0,Kea Group,Software,58,0,
D202342,C102447,17/07/2024,4/08/2024,Closed Won,ADD_ON_TKR,TKR Add-on,Direct,dinkster,664,0,Nimbus Beta Ltd,Accounting,40,0,1/09/2024
D202343,C102751,7/12/2024,9/02/2025,Closed Won,PAYROLL_MPS,Managed Payroll,Direct,mkoenen,4966,0,Ohomairangi Services,Accounting,1,0,1/03/2025
D202344,C102424,1/07/2025,,Open,ADD_ON_TKR,TKR Add-on,Partners,unassigned,1205,0,Atlas Limited,Healthcare,51,0,1/07/2024
D202345,C103344,22/12/2024,,Open,PAYROLL_MPS,Managed Payroll,Direct,awong,5658,0,Alpha Co.,Construction,37,0,1/01/2025
D202346,C103258,22/04/2024,12/06/2024,Closed Won,ADD_ON_TKR,TKR Add-on,Partners,dt,777,0,Atlas Kea Co.,Retail,75,0,1/07/2024
D202347,C104394,16/06/2025,21/07/2025,Closed Won,PAYROLL_MPS,Managed Payroll,Direct,dt,5223,0,Kea Eurotec Services,Education,13,0,1/08/2025
D202348,C102930,23/10/2024,,Open,PAYROLL_DIY,Payroll DIY,Partners,dinkster,1244,0,Nimbus Co.,Healthcare,1,0,1/07/2025
D202349,C100359,31/01/2025,12/03/2025,Closed Lost,PAYROLL_MPS,Managed Payroll,Partners,dt,6364,0,Summit Pivot Partners,Manufacturing,38,0,
D202350,C104462,7/11/2024,,Open,PAYROLL_DIY,Payroll DIY,Partners,awong,1808,0,Ohomairangi Nimbus Trust,Software,35,0,1/08/2025
D202351,C100397,19/12/2024,5/01/2025,Closed Lost,PAYROLL_DIY,Payroll DIY,Direct,shao,1560,0,Nimbus Rimu Group,Accounting,63,0,
D202352,C100418,29/06/2025,,Open,PAYROLL_DIY,Payroll DIY,Partners,nobody,1912,0,Rimu Trust,Construction,43,0,1/01/2025
D202353,C103676,3/03/2024,15/05/2024,Closed Won,ADD_ON_TKR,TKR Add-on,Direct,dinkster,1064,0,Nimbus Services,Legal,49,0,1/06/2024
D202354,C103677,16/04/2024,,Open,PAYROLL_MPS,Managed Payroll,Partners,shao,1991,0,Nimbus Nimbus Co.,Legal,59,0,1/06/2024
D202355,C100142,7/11/2024,,Open,ADD_ON_TKR,TKR Add-on,Direct,mkoenen,1325,0,Rimu Co.,Education,44,0,1/08/2025
D202356,C100723,29/11/2024,3/01/2025,Closed Won,PM,People Management,Partners,awong,1004,0,Nimbus Tui Group,Education,18,0,1/01/2025
D202357,C100766,4/01/2024,5/02/2024,Closed Won,ADD_ON_TKR,TKR Add-on,Partners,unassigned,885,0,Wenita Ltd,Education,29,0,1/03/2024
D202358,C102743,7/04/2024,28/06/2024,Closed Lost,ADD_ON_TKR,TKR Add-on,Direct,mkoenen,906,0,Duncan Air Group,Accounting,6,0,
D202359,C102444,10/01/2024,13/01/2024,Closed Won,PAYROLL_DIY,Payroll DIY,Direct,awong,1889,0,Pivot Harbour Services,Construction,73,0,1/02/2024
D202360,C101681,13/11/2024,22/11/2024,Closed Won,PM,People Management,Partners,dinkster,830,0,Harbour Limited,Education,86,0,1/01/2025
D202361,C104392,11/03/2025,7/05/2025,Closed Won,PM,People Management,Partners,dinkster,931,0,Alpha Trust,Healthcare,84,0,1/05/2025
D202362,C103135,4/09/2024,24/09/2024,Closed Won,PAYROLL_DIY,Payroll DIY,Partners,dt,2110,0,Rimu Trust,Manufacturing,67,0,1/11/2024
D202363,C100013,21/06/2025,26/06/2025,Closed Won,PAYROLL_DIY,Payroll DIY,Partners,mkoenen,1304,0,Atlas Services,Retail,94,0,1/07/2025
D202364,C101340,2/05/2025,1/06/2025,Closed Lost,PAYROLL_MPS,Managed Payroll,Partners,mkoenen,8889,0,Tui Services,Legal,10,0,
D202365,C102734,30/01/2024,6/04/2024,Closed Won,PAYROLL_MPS,Managed Payroll,Direct,shao,7141,0,Rimu Nimbus Group,Accounting,1,1,1/04/2024
D202366,C102499,3/04/2025,5/06/2025,Closed Lost,PAYROLL_MPS,Managed Payroll,Direct,shao,6670,0,Beta Partners,Construction,1,0,
D202367,C100710,9/09/2024,19/10/2024,Closed Won,PAYROLL_DIY,Payroll DIY,Partners,awong,849,0,Atlas Duncan Air Trust,Education,64,0,1/10/2024
D202368,C104820,2/06/2024,,Open,PM,People Management,Partners,awong,729,0,Ohomairangi Partners,Legal,13,0,1/02/2025
D202369,C103518,7/04/2024,6/05/2024,Closed Won,PAYROLL_DIY,Payroll DIY,Direct,dinkster,2269,0,Ohomairangi Limited,Software,1,1,1/06/2024
D202370,C103624,3/10/2024,10/10/2024,Closed Won,PM,People Management,Partners,awong,978,0,Atlas Ltd,Software,44,0,1/11/2024
D202371,C103236,26/02/2024,5/04/2024,Closed Won,PAYROLL_MPS,Managed Payroll,Direct,unassigned,7332,0,Kea Co.,Education,1,0,1/04/2024
D202372,C100083,31/12/2024,,Open,PAYROLL_MPS,Managed Payroll,Direct,shao,1899,0,Harbour Harbour Partners,Software,48,0,1/09/2025
D202373,C104941,17/08/2024,18/10/2024,Closed Won,PAYROLL_MPS,Managed Payroll,Partners,unassigned,3777,0,Alpha Group,Healthcare,20,0,1/11/2024
D202374,C101443,18/05/2025,1/06/2025,Closed Lost,PAYROLL_MPS,Managed Payroll,Direct,mkoenen,5607,0,Kea Ltd,Construction,1,0,
D202375,C103672,20/10/2024,24/12/2024,Closed Lost,PAYROLL_DIY,Payroll DIY,Partners,unassigned,773,0,Alpha Alpha Ltd,Construction,22,0,
D202376,C103752,21/12/2024,2/01/2025,Closed Won,PAYROLL_DIY,Payroll DIY,Partners,awong,2298,0,Harbour Ltd,Legal,21,0,1/02/2025
D202377,C102180,17/06/2025,5/08/2025,Closed Won,PAYROLL_MPS,Managed Payroll,Partners,mkoenen,4086,0,Beta Holdings,Retail,1,0,1/08/2025
D202378,C104386,5/03/2025,,Open,PAYROLL_DIY,Payroll DIY,Direct,awong,2074,0,Summit Partners,Accounting,1,0,1/09/2024
D202379,C102452,20/04/2025,,Open,PAYROLL_DIY,Payroll DIY,Direct,mkoenen,772,0,Pivot Trust,Manufacturing,1,0,1/08/2024
D202380,C101236,2/09/2024,19/09/2024,Closed Won,ADD_ON_TKR,TKR Add-on,Direct,mkoenen,545,0,Harbour Co.,Education,47,1,1/10/2024
D202381,C101127,25/07/2024,23/08/2024,Closed Won,PM,People Management,Direct,shao,1049,0,Wenita Partners,Software,23,0,1/09/2024
D202382,C101794,28/12/2024,,Open,PM,People Management,Direct,dinkster,1320,0,Kea Services,Manufacturing,12,1,1/05/2025
D202383,C100179,12/02/2025,6/04/2025,Closed Lost,PAYROLL_DIY,Payroll DIY,Partners,dt,1549,0,Eurotec Pivot Holdings,Education,40,0,
D202384,C101729,30/05/2025,6/08/2025,Closed Won,PAYROLL_MPS,Managed Payroll,Direct,shao,5154,0,Rimu Partners,Retail,26,0,1/08/2025
D202385,C100354,13/06/2024,,Open,PAYROLL_MPS,Managed Payroll,Direct,dinkster,4551,0,Ohomairangi Partners,Construction,1,1,1/12/2024
D202386,C104828,6/04/2024,,Open,ADD_ON_TKR,TKR Add-on,Direct,dinkster,555,0,Kea Limited,Healthcare,23,0,1/05/2024
D202387,C100564,19/11/2024,18/12/2024,Closed Won,PAYROLL_MPS,Managed Payroll,Partners,mkoenen,3761,0,Atlas Services,Manufacturing,23,0,1/01/2025
D202388,C102309,22/08/2024,29/09/2024,Closed Won,PAYROLL_MPS,Managed Payroll,Partners,mkoenen,5639,0,Wenita Ltd,Manufacturing,8,0,1/11/2024
D202389,C102695,24/12/2024,17/03/2025,Closed Won,PAYROLL_DIY,Payroll DIY,Partners,awong,304,0,Kea Co.,Retail,32,0,1/04/2025
D202390,C103504,3/03/2025,13/03/2025,Closed Won,ADD_ON_TKR,TKR Add-on,Direct,unassigned,1449,1,Wenita Limited,Legal,1,0,1/03/2025
D202391,C102395,30/01/2024,16/04/2024,Closed Won,ADD_ON_TKR,TKR Add-on,Direct,mkoenen,1246,0,Summit Group,Healthcare,46,0,1/05/2024
D202392,C104789,8/11/2024,26/12/2024,Closed Won,PAYROLL_MPS,Managed Payroll,Direct,mkoenen,2121,0,Rimu Trust,Education,5,0,1/01/2025
D202393,C104530,9/03/2025,17/04/2025,Closed Lost,PAYROLL_MPS,Managed Payroll,Direct,unassigned,5885,0,Nimbus Ohomairangi Co.,Construction,58,0,
D202394,C103819,28/12/2024,,Open,ADD_ON_TKR,TKR Add-on,Direct,dt,410,0,Atlas Holdings,Manufacturing,18,0,1/04/2024
D202395,C101073,26/06/2025,20/08/2025,Closed Won,PAYROLL_DIY,Payroll DIY,Direct,unassigned,2252,0,Kea Group,Accounting,1,0,1/08/2025
D202396,C103298,8/08/2024,20/08/2024,Closed Lost,ADD_ON_TKR,TKR Add-on,Partners,dt,991,0,Alpha Ltd,Accounting,53,0,
D202397,C103140,10/01/2025,4/03/2025,Closed Lost,PM,People Management,Partners,awong,609,0,Alpha Duncan Air Services,Healthcare,42,0,
D202398,C101859,29/09/2024,24/11/2024,Closed Won,PAYROLL_DIY,Payroll DIY,Partners,unassigned,2058,0,Atlas Trust,Legal,38,0,1/01/2025
D202399,C102288,29/02/2024,20/03/2024,Closed Won,PAYROLL_DIY,Payroll DIY,Direct,dt,1059,0,Harbour Group,Education,25,0,1/03/2024
D202400,C103438,6/05/2025,4/07/2025,Closed Won,PAYROLL_MPS,Managed Payroll,Direct,shao,9243,0,Kea Ohomairangi Trust,Education,15,0,1/08/2025
D202401,C101428,7/11/2024,21/01/2025,Closed Won,PAYROLL_DIY,Payroll DIY,Direct,awong,654,0,Ohomairangi Ltd,Legal,1,0,1/02/2025
D202402,C100987,14/01/2025,,Open,PAYROLL_DIY,Payroll DIY,Partners,unassigned,2324,0,Summit Ltd,Construction,47,0,1/03/2024
D202403,C104808,18/09/2024,26/10/2024,Closed Lost,PAYROLL_DIY,Payroll DIY,Partners,dinkster,1849,0,Beta Pivot Co.,Manufacturing,46,0,
D202404,C103535,6/02/2025,28/02/2025,Closed Won,PM,People Management,Direct,awong,342,0,Eurotec Trust,Education,14,0,1/03/2025
D202405,C101493,2/06/2024,19/06/2024,Closed Won,PAYROLL_DIY,Payroll DIY,Direct,mkoenen,2050,0,Wenita Co.,Healthcare,1,0,1/07/2024
D202406,C102505,28/04/2024,16/05/2024,Closed Won,PAYROLL_DIY,Payroll DIY,Direct,dt_tmp,0,0,Duncan Air Ltd,Manufacturing,1,0,1/05/2024
D202407,C104501,23/04/2025,,Open,PAYROLL_MPS,Managed Payroll,Direct,mkoenen,1756,0,Harbour Group,Retail,47,0,1/02/2025
D202408,C103871,29/01/2024,,Open,PAYROLL_DIY,Payroll DIY,Partners,dt,2794,0,Rimu Ltd,Healthcare,60,0,1/07/2024
D202409,C103191,17/12/2024,6/02/2025,Closed Won,PM,People Management,Direct,unassigned,1010,0,Nimbus Co.,Legal,31,1,1/02/2025
D202410,C100833,18/08/2024,10/10/2024,Closed Won,PAYROLL_MPS,Managed Payroll,Direct,shao,6180,0,Eurotec Holdings,Healthcare,19,0,1/11/2024
D202411,C100171,7/01/2025,22/03/2025,Closed Won,ADD_ON_TKR,TKR Add-on,Direct,dt,893,0,Atlas Co.,Construction,1,0,1/04/2025
D202412,C102179,10/02/2025,8/05/2025,Closed Won,PAYROLL_MPS,Managed Payroll,Partners,unassigned,4040,0,Alpha Ohomairangi Co.,Healthcare,24,0,1/06/2025
D202413,C102335,25/04/2024,24/06/2024,Closed Lost,PM,People Management,Partners,mkoenen,425,0,Eurotec Ltd,Manufacturing,32,0,
D202414,C100717,15/08/2024,15/09/2024,Closed Won,PAYROLL_MPS,Managed Payroll,Partners,awong,5623,0,Pivot Ohomairangi Trust,Software,37,0,1/09/2024
D202415,C100838,5/02/2025,11/04/2025,Closed Won,PAYROLL_DIY,Payroll DIY,Partners,shao,964,0,Ohomairangi Trust,Healthcare,27,0,1/04/2025
D202416,C100937,17/08/2024,,Open,PAYROLL_MPS,Managed Payroll,Direct,nobody,2100,0,Ohomairangi Partners,Accounting,1,0,1/03/2025
D202417,C104923,25/03/2024,26/04/2024,Closed Lost,PAYROLL_DIY,Payroll DIY,Partners,shao,1740,0,Rimu Trust,Manufacturing,8,0,
D202418,C100503,24/12/2024,23/01/2025,Closed Won,PAYROLL_DIY,Payroll DIY,Direct,dt,2511,0,Atlas Rimu Trust,Accounting,1,0,1/02/2025
D202419,C103191,9/12/2024,9/03/2025,Closed Lost,PAYROLL_MPS,Managed Payroll,Partners,awong,2409,0,Nimbus Co.,Legal,31,1,
D202420,C104759,10/07/2024,13/08/2024,Closed Won,PAYROLL_MPS,Managed Payroll,Partners,dinkster,3763,0,Eurotec Co.,Manufacturing,33,0,1/09/2024
D202421,C104699,30/06/2024,18/07/2024,Closed Lost,PAYROLL_DIY,Payroll DIY,Partners,mkoenen,909,0,Atlas Partners,Retail,68,0,
D202422,C101541,21/06/2024,4/08/2024,Closed Won,PAYROLL_DIY,Payroll DIY,Partners,shao,2577,0,Atlas Limited,Software,44,0,1/08/2024
D202423,C102818,19/03/2024,27/03/2024,Closed Won,PAYROLL_DIY,Payroll DIY,Partners,awong,2480,0,Alpha Limited,Manufacturing,41,0,1/04/2024
D202424,C101636,14/12/2024,19/02/2025,Closed Won,PM,People Management,Partners,shao,2245,0,Kauri Atlas Ltd,Construction,119,0,1/03/2025
D202425,C101829,17/03/2025,4/05/2025,Closed Won,PAYROLL_MPS,Managed Payroll,Partners,mkoenen,1754,0,Atlas Atlas Ltd,Education,1,0,1/05/2025
D202426,C104712,9/06/2024,7/09/2024,Closed Lost,PM,People Management,Partners,unassigned,0,0,Summit Holdings,Legal,20,0,
D202427,C100569,24/03/2025,4/04/2025,Closed Won,PAYROLL_MPS,Managed Payroll,Partners,awong,3167,0,Harbour Partners,Legal,7,0,1/05/2025
D202428,C103891,4/07/2024,,Open,PAYROLL_DIY,Payroll DIY,Direct,shao,2008,0,Rimu Co.,Software,12,0,1/08/2024
D202429,C100108,30/07/2024,,Open,PAYROLL_DIY,Payroll DIY,Direct,dinkster,887,0,Tui Rimu Limited,Education,5,0,1/12/2024
D202430,C102090,9/03/2024,,Open,PAYROLL_MPS,Managed Payroll,Direct,unassigned,2940,0,Rimu Limited,Accounting,25,0,1/12/2024
D202431,C101887,18/04/2025,27/06/2025,Closed Won,ADD_ON_TKR,TKR Add-on,Direct,dt,638,0,Pivot Co.,Legal,12,0,1/07/2025
D202432,C102479,24/05/2024,,Open,ADD_ON_TKR,TKR Add-on,Partners,dt,1457,0,Tui Atlas Trust,Retail,65,0,1/02/2025
D202433,C103759,13/03/2025,11/05/2025,Closed Won,ADD_ON_TKR,TKR Add-on,Direct,dt,828,0,Summit Co.,Healthcare,1,0,1/06/2025
D202434,C104808,8/03/2024,15/05/2024,Closed Won,PM,People Management,Partners,awong,358,0,Beta Pivot Co.,Manufacturing,46,0,1/06/2024
D202435,C100994,2/01/2025,24/01/2025,Closed Won,PAYROLL_MPS,Managed Payroll,Direct,dinkster,4945,0,Kauri Alpha Ltd,Manufacturing,63,0,1/02/2025
D202436,C102714,6/03/2024,13/05/2024,Closed Won,PAYROLL_MPS,Managed Payroll,Direct,mkoenen_tmp,1917,0,Ohomairangi Group,Construction,14,0,1/05/2024
D202437,C104877,19/03/2025,9/05/2025,Closed Won,PAYROLL_DIY,Payroll DIY,Partners,unassigned,1655,0,Duncan Air Holdings,Accounting,14,0,1/05/2025
D202438,C102708,29/08/2024,,Open,PAYROLL_DIY,Payroll DIY,Partners,mkoenen,2498,0,Nimbus Limited,Construction,38,0,1/12/2024
D202439,C100917,12/01/2024,,Open,PAYROLL_DIY,Payroll DIY,Partners,shao,2538,0,Rimu Group,Software,1,0,1/07/2024
D202440,C102092,18/10/2024,13/11/2024,Closed Won,PAYROLL_DIY,Payroll DIY,Partners,dt,2984,0,Rimu Holdings,Legal,94,0,1/11/2024
D202441,C100941,20/01/2024,10/04/2024,Closed Won,PM,People Management,Partners,dinkster,377,0,Pivot Ltd,Construction,30,0,1/05/2024
D202442,C100204,24/01/2025,20/03/2025,Closed Lost,PAYROLL_DIY,Payroll DIY,Direct,awong,0,0,Atlas Nimbus Services,Manufacturing,53,0,
D202443,C102622,14/06/2024,6/08/2024,Closed Won,ADD_ON_TKR,TKR Add-on,Direct,dt,683,0,Ohomairangi Services,Retail,28,0,1/09/2024
D202444,C103994,22/07/2024,26/07/2024,Closed Lost,ADD_ON_TKR,TKR Add-on,Partners,shao,578,0,Kauri Partners,Retail,9,0,
D202445,C104935,4/01/2025,,Open,PAYROLL_DIY,Payroll DIY,Direct,shao,1603,0,Harbour Ltd,Retail,1,0,1/05/2024
D202446,C103053,1/10/2024,2/11/2024,Closed Won,PAYROLL_MPS,Managed Payroll,Partners,mkoenen,6279,0,Eurotec Co.,Manufacturing,39,0,1/11/2024
D202447,C104069,29/04/2025,20/05/2025,Closed Won,PAYROLL_DIY,Payroll DIY,Partners,shao,2672,0,Eurotec Partners,Healthcare,38,0,1/06/2025
D202448,C102236,25/05/2024,9/06/2024,Closed Won,ADD_ON_TKR,TKR Add-on,Partners,dinkster,622,0,Beta Group,Education,19,0,1/07/2024
D202449,C100151,27/07/2024,,Open,ADD_ON_TKR,TKR Add-on,Partners,dt,1016,0,Kauri Wenita Trust,Accounting,18,1,1/08/2025
D202450,C102508,1/01/2024,8/03/2024,Closed Won,PM,People Management,Direct,dinkster,852,0,Harbour Limited,Manufacturing,63,0,1/04/2024
D202451,C100803,16/05/2025,8/08/2025,Closed Won,PAYROLL_MPS,Managed Payroll,Direct,nobody,5121,0,Duncan Air Nimbus Holdings,Education,43,0,1/09/2025
D202452,C102797,3/04/2025,,Open,PAYROLL_MPS,Managed Payroll,Direct,dt,4114,0,Summit Beta Holdings,Accounting,1,0,1/09/2024
D202453,C100885,6/09/2024,,Open,ADD_ON_TKR,TKR Add-on,Partners,awong,641,0,Rimu Partners,Software,27,0,1/06/2024
D202454,C102959,18/03/2024,27/04/2024,Closed Won,PAYROLL_DIY,Payroll DIY,Partners,unassigned,1398,0,Duncan Air Group,Software,13,0,1/05/2024
D202455,C103768,27/10/2024,25/11/2024,Closed Won,PAYROLL_MPS,Managed Payroll,Direct,dt,5421,0,Eurotec Trust,Education,28,0,1/11/2024
D202456,C103460,21/02/2025,,Open,PAYROLL_DIY,Payroll DIY,Direct,shao,1744,0,Alpha Services,Healthcare,1,0,1/11/2024
D202457,C100865,30/04/2024,,Open,PAYROLL_MPS,Managed Payroll,Direct,shao,3282,0,Kea Partners,Retail,1,0,1/07/2025
D202458,C100703,19/01/2024,11/04/2024,Closed Won,PAYROLL_DIY,Payroll DIY,Partners,mkoenen,1544,0,Summit Trust,Manufacturing,12,0,1/05/2024
D202459,C101777,6/02/2024,5/04/2024,Closed Lost,ADD_ON_TKR,TKR Add-on,Partners,dt,862,0,Duncan Air Ltd,Construction,1,0,
D202460,C103157,7/10/2024,27/10/2024,Closed Won,PM,People Management,Partners,mkoenen,1435,0,Kauri Limited,Software,14,0,1/11/2024
D202461,C100056,5/10/2024,23/11/2024,Closed Won,ADD_ON_TKR,TKR Add-on,Direct,shao,576,0,Ohomairangi Co.,Healthcare,44,0,1/01/2025
D202462,C100990,8/05/2024,28/07/2024,Closed Lost,PAYROLL_DIY,Payroll DIY,Partners,awong,2342,0,Kea Holdings,Construction,18,0,
D202463,C104117,14/04/2024,8/07/2024,Closed Won,PM,People Management,Direct,dinkster,1615,0,Eurotec Group,Manufacturing,41,0,1/07/2024
D202464,C100304,23/09/2024,,Open,PAYROLL_MPS,Managed Payroll,Partners,shao,3115,0,Kauri Services,Legal,1,0,1/08/2025
D202465,C102631,25/12/2024,18/02/2025,Closed Lost,PAYROLL_MPS,Managed Payroll,Direct,shao,5393,0,Harbour Holdings,Healthcare,8,0,
D202466,C103314,31/01/2025,20/04/2025,Closed Won,ADD_ON_TKR,TKR Add-on,Partners,nobody,1301,0,Eurotec Kea Limited,Legal,23,1,1/05/2025
D202467,C100804,12/01/2025,25/01/2025,Closed Won,PM,People Management,Partners,awong,772,0,Nimbus Co.,Education,20,0,1/03/2025
D202468,C100063,13/09/2024,31/10/2024,Closed Won,PM,People Management,Partners,dt,1153,0,Tui Ltd,Construction,77,0,1/12/2024
D202469,C103509,9/03/2024,16/04/2024,Closed Won,PAYROLL_DIY,Payroll DIY,Direct,awong,0,0,Rimu Group,Accounting,54,0,1/05/2024
D202470,C100733,31/12/2024,25/02/2025,Closed Won,PAYROLL_MPS,Managed Payroll,Partners,shao,5080,0,Tui Summit Partners,Legal,70,0,1/03/2025
D202471,C101425,10/07/2024,28/07/2024,Closed Won,PM,People Management,Direct,unassigned,1406,0,Eurotec Group,Education,21,0,1/08/2024
D202472,C102365,23/04/2024,24/05/2024,Closed Lost,ADD_ON_TKR,TKR Add-on,Direct,shao,870,0,Kea Trust,Education,85,0,
D202473,C100562,28/05/2025,30/06/2025,Closed Won,ADD_ON_TKR,TKR Add-on,Partners,shao,1260,0,Duncan Air Trust,Education,55,0,1/07/2025
D202474,C102611,9/09/2024,,Open,PM,People Management,Partners,awong,1038,0,Ohomairangi Ltd,Healthcare,19,0,1/09/2024
D202475,C104039,10/05/2024,,Open,PAYROLL_MPS,Managed Payroll,Direct,dt,6321,0,Kauri Limited,Legal,27,0,1/06/2024
D202476,C102155,1/05/2024,,Open,PM,People Management,Partners,unassigned,1344,0,Summit Co.,Software,41,0,1/02/2025
D202477,C101573,11/09/2024,,Open,PM,People Management,Partners,dt,1073,0,Kea Eurotec Trust,Retail,32,0,1/08/2024
D202478,C104335,2/01/2024,,Open,PAYROLL_MPS,Managed Payroll,Partners,dt,6044,0,Kea Harbour Trust,Accounting,58,0,1/07/2025
D202479,C104940,2/02/2025,5/04/2025,Closed Won,PAYROLL_DIY,Payroll DIY,Partners,mkoenen,1833,0,Harbour Beta Group,Software,41,0,1/04/2025
D202480,C103247,29/08/2024,,Open,PAYROLL_DIY,Payroll DIY,Partners,awong,1720,0,Pivot Trust,Construction,98,0,1/05/2024
D202481,C104017,24/02/2024,31/03/2024,Closed Won,PAYROLL_MPS,Managed Payroll,Partners,awong,4685,0,Tui Holdings,Retail,68,0,1/05/2024
D202482,C100290,7/06/2024,,Open,PAYROLL_DIY,Payroll DIY,Direct,dinkster,543,0,Harbour Group,Manufacturing,17,0,1/07/2025
D202483,C102356,2/02/2025,21/03/2025,Closed Won,PAYROLL_MPS,Managed Payroll,Partners,unassigned,3838,0,Rimu Group,Software,1,0,1/04/2025
D202484,C101616,13/11/2024,6/01/2025,Closed Lost,ADD_ON_TKR,TKR Add-on,Direct,dinkster,1558,0,Eurotec Summit Co.,Construction,36,0,
D202485,C102756,29/10/2024,22/11/2024,Closed Won,PAYROLL_MPS,Managed Payroll,Direct,awong,3266,0,Alpha Holdings,Healthcare,33,0,1/12/2024
D202486,C100609,17/02/2024,4/03/2024,Closed Lost,PAYROLL_DIY,Payroll DIY,Direct,dt,1458,0,Beta Services,Software,23,0,
D202487,C103654,26/05/2025,,Open,PAYROLL_DIY,Payroll DIY,Partners,dt,0,0,Summit Harbour Ltd,Education,1,0,1/02/2025
D202488,C103158,16/03/2025,20/05/2025,Closed Won,PM,People Management,Direct,shao,1935,0,Summit Tui Holdings,Accounting,6,1,1/06/2025
D202489,C104017,23/05/2024,,Open,PAYROLL_DIY,Payroll DIY,Direct,dinkster,2028,0,Tui Holdings,Retail,68,0,1/12/2024
D202490,C103085,13/06/2025,17/07/2025,Closed Lost,ADD_ON_TKR,TKR Add-on,Direct,dt,687,0,Rimu Holdings,Healthcare,38,1,
D202491,C104237,13/01/2024,26/02/2024,Closed Won,PAYROLL_MPS,Managed Payroll,Partners,dt,5534,0,Summit Holdings,Construction,17,0,1/03/2024
D202492,C101840,6/02/2024,21/02/2024,Closed Won,PAYROLL_MPS,Managed Payroll,Partners,unassigned,938,0,Nimbus Co.,Education,48,0,1/03/2024
D202493,C102983,7/01/2025,21/02/2025,Closed Won,PAYROLL_DIY,Payroll DIY,Direct,unassigned,2833,0,Duncan Air Partners,Legal,1,0,1/03/2025
D202494,C102464,12/06/2024,5/08/2024,Closed Won,PAYROLL_MPS,Managed Payroll,Partners,dinkster,4212,0,Harbour Ltd,Accounting,1,0,1/08/2024
D202495,C100130,28/05/2025,17/08/2025,Closed Won,PAYROLL_MPS,Managed Payroll,Partners,dinkster,4034,0,Ohomairangi Ltd,Software,44,0,1/08/2025
D202496,C104309,2/01/2025,,Open,PM,People Management,Direct,dinkster,1342,0,Kea Trust,Accounting,3,0,1/04/2024
D202497,C100054,6/01/2025,,Open,ADD_ON_TKR,TKR Add-on,Direct,dinkster,1222,0,Kauri Alpha Trust,Legal,68,0,1/08/2025
D202498,C102108,15/07/2024,,Open,PAYROLL_DIY,Payroll DIY,Direct,awong,1996,0,Nimbus Atlas Co.,Retail,23,0,1/10/2025
D202499,C100591,15/05/2024,3/07/2024,Closed Won,PAYROLL_DIY,Payroll DIY,Partners,mkoenen,1838,0,Duncan Air Holdings,Software,48,0,1/07/2024
D202500,C104456,28/04/2025,13/05/2025,Closed Won,PAYROLL_DIY,Payroll DIY,Direct,unassigned,2272,0,Tui Limited,Legal,1,0,1/06/2025
D202501,C101216,20/03/2024,,Open,PM,People Management,Direct,unassigned,1814,0,Tui Partners,Healthcare,87,0,1/05/2025
D202502,C104614,29/03/2024,30/05/2024,Closed Won,PAYROLL_DIY,Payroll DIY,Partners,awong,1468,0,Rimu Services,Accounting,53,0,1/06/2024
D202503,C104909,18/03/2024,7/05/2024,Closed Lost,PAYROLL_MPS,Managed Payroll,Direct,mkoenen,6888,0,Eurotec Co.,Construction,4,0,
D202504,C102819,4/01/2024,4/02/2024,Closed Lost,PAYROLL_MPS,Managed Payroll,Direct,awong,8151,0,Alpha Holdings,Software,52,1,
D202505,C101392,3/01/2025,8/03/2025,Closed Lost,PAYROLL_DIY,Payroll DIY,Partners,dt,2308,0,Wenita Duncan Air Co.,Retail,2,0,
D202506,C103193,2/08/2024,,Open,PM,People Management,Partners,dinkster,1661,0,Atlas Holdings,Healthcare,25,0,1/06/2024
D202507,C100576,16/01/2025,7/02/2025,Closed Won,PAYROLL_DIY,Payroll DIY,Direct,dinkster,862,0,Kauri Co.,Retail,1,0,1/02/2025
D202508,C103486,23/06/2025,28/06/2025,Closed Won,PAYROLL_MPS,Managed Payroll,Direct,shao,6965,0,Summit Duncan Air Services,Legal,30,0,1/07/2025
D202509,C102166,20/10/2024,23/10/2024,Closed Won,PAYROLL_MPS,Managed Payroll,Direct,mkoenen,5533,0,Alpha Holdings,Construction,6,0,1/11/2024
D202510,C101757,11/06/2024,18/06/2024,Closed Won,ADD_ON_TKR,TKR Add-on,Direct,awong,633,0,Nimbus Ohomairangi Co.,Accounting,22,0,1/07/2024
D202511,C102812,7/10/2024,,Open,PM,People Management,Direct,mkoenen,2640,0,Nimbus Services,Education,13,0,1/08/2025
D202512,C103329,12/12/2024,15/01/2025,Closed Lost,ADD_ON_TKR,TKR Add-on,Partners,dinkster,1130,0,Duncan Air Holdings,Software,13,0,
D202513,C102893,9/12/2024,21/12/2024,Closed Lost,ADD_ON_TKR,TKR Add-on,Direct,dt,236,0,Atlas Tui Group,Software,44,0,
D202514,C100931,6/05/2025,,Open,PM,People Management,Partners,shao,828,0,Tui Eurotec Ltd,Manufacturing,37,0,1/04/2024
D202515,C102326,4/12/2024,17/12/2024,Closed Won,ADD_ON_TKR,TKR Add-on,Partners,awong,312,0,Nimbus Tui Partners,Retail,6,0,1/01/2025
D202516,C102731,1/10/2024,,Open,PAYROLL_DIY,Payroll DIY,Partners,unassigned,2247,0,Atlas Co.,Healthcare,38,0,1/11/2024
D202517,C100155,22/04/2025,,Open,ADD_ON_TKR,TKR Add-on,Direct,unassigned,243,0,Tui Atlas Ltd,Software,16,0,1/05/2025
D202518,C104439,12/03/2025,25/05/2025,Closed Won,PAYROLL_DIY,Payroll DIY,Direct,awong,3525,0,Kauri Co.,Manufacturing,1,0,1/06/2025
D202519,C102731,3/04/2025,,Open,PAYROLL_DIY,Payroll DIY,Partners,mkoenen,2040,0,Atlas Co.,Healthcare,38,0,1/08/2025
D202520,C104712,22/06/2025,,Open,ADD_ON_TKR,TKR Add-on,Partners,dt,576,0,Summit Holdings,Legal,20,0,1/07/2024
D202521,C103011,29/05/2024,15/07/2024,Closed Lost,ADD_ON_TKR,TKR Add-on,Partners,awong,913,0,Kauri Limited,Healthcare,1,1,
D202522,C100683,11/01/2025,,Open,ADD_ON_TKR,TKR Add-on,Partners,awong,1129,0,Summit Group,Education,1,1,1/07/2024
D202523,C104383,16/05/2025,21/07/2025,Closed Won,PAYROLL_DIY,Payroll DIY,Partners,awong,2277,0,Ohomairangi Ltd,Software,56,0,1/07/2025
D202524,C100820,24/01/2025,3/03/2025,Closed Lost,PAYROLL_DIY,Payroll DIY,Direct,shao,2244,0,Pivot Pivot Trust,Software,1,0,
D202525,C104589,20/07/2024,14/10/2024,Closed Lost,ADD_ON_TKR,TKR Add-on,Partners,mkoenen,1418,0,Ohomairangi Services,Education,38,0,
D202526,C102893,20/04/2025,4/05/2025,Closed Won,ADD_ON_TKR,TKR Add-on,Partners,dinkster,707,0,Atlas Tui Group,Software,44,0,1/05/2025
D202527,C103646,2/07/2025,27/07/2025,Closed Lost,PAYROLL_DIY,Payroll DIY,Direct,dt,0,0,Harbour Limited,Healthcare,34,0,
D202528,C100420,8/10/2024,28/11/2024,Closed Won,PAYROLL_MPS,Managed Payroll,Partners,shao,6338,0,Wenita Group,Healthcare,8,0,1/01/2025
D202529,C103622,12/03/2025,13/03/2025,Closed Won,PM,People Management,Direct,shao,2047,0,Harbour Limited,Retail,11,0,1/04/2025
D202530,C103251,19/04/2025,25/05/2025,Closed Won,PAYROLL_DIY,Payroll DIY,Partners,dt,1847,0,Kauri Co.,Healthcare,41,0,1/06/2025
D202531,C100497,2/06/2025,,Open,PAYROLL_MPS,Managed Payroll,Direct,unassigned,6053,0,Duncan Air Kauri Ltd,Education,43,0,1/07/2025
D202532,C103621,22/02/2024,7/05/2024,Closed Won,ADD_ON_TKR,TKR Add-on,Partners,shao,672,0,Beta Wenita Services,Accounting,1,0,1/06/2024
D202533,C101738,7/04/2025,13/06/2025,Closed Lost,PAYROLL_DIY,Payroll DIY,Direct,dinkster,0,0,Ohomairangi Wenita Limited,Software,28,0,
D202534,C104347,21/06/2024,,Open,ADD_ON_TKR,TKR Add-on,Partners,awong,694,0,Nimbus Holdings,Education,35,0,1/06/2025
D202535,C102458,26/06/2024,,Open,PM,People Management,Direct,awong,1261,0,Kea Group,Retail,28,1,1/12/2024
D202536,C101168,6/04/2024,4/05/2024,Closed Won,ADD_ON_TKR,TKR Add-on,Partners,unassigned,1049,0,Atlas Limited,Manufacturing,13,0,1/05/2024
D202537,C102158,30/05/2024,14/08/2024,Closed Won,PAYROLL_MPS,Managed Payroll,Direct,unassigned,4496,0,Eurotec Limited,Construction,11,0,1/09/2024
D202538,C101540,31/01/2024,,Open,PAYROLL_DIY,Payroll DIY,Partners,dt,3334,0,Rimu Harbour Co.,Healthcare,10,0,1/06/2025
D202539,C100204,15/05/2024,,Open,PM,People Management,Partners,dt,254,0,Atlas Nimbus Services,Manufacturing,53,0,1/09/2024
D202540,C104147,2/11/2024,29/12/2024,Closed Won,PM,People Management,Direct,shao,0,0,Beta Group,Construction,59,0,1/01/2025
D202541,C102282,17/04/2025,16/07/2025,Closed Won,ADD_ON_TKR,TKR Add-on,Partners,shao,1569,0,Summit Ltd,Accounting,29,0,1/07/2025
D202542,C100437,21/02/2025,4/03/2025,Closed Won,PAYROLL_MPS,Managed Payroll,Partners,dinkster,2321,0,Wenita Limited,Software,16,0,1/04/2025
D202543,C100939,17/04/2024,9/06/2024,Closed Won,PAYROLL_DIY,Payroll DIY,Partners,mkoenen,369,0,Duncan Air Holdings,Retail,32,0,1/07/2024
D202544,C101335,22/02/2025,6/03/2025,Closed Lost,ADD_ON_TKR,TKR Add-on,Partners,mkoenen,1051,0,Wenita Limited,Retail,82,0,
D202545,C100284,13/05/2024,10/06/2024,Closed Won,PAYROLL_MPS,Managed Payroll,Partners,unassigned,4603,0,Kea Pivot Limited,Legal,25,0,1/06/2024
D202546,C103199,19/10/2024,1/01/2025,Closed Won,ADD_ON_TKR,TKR Add-on,Direct,unassigned,545,0,Nimbus Co.,Education,35,0,1/01/2025
D202547,C101709,10/03/2024,21/05/2024,Closed Won,ADD_ON_TKR,TKR Add-on,Direct,mkoenen,2281,0,Harbour Co.,Construction,44,0,1/06/2024
D202548,C102359,28/12/2024,12/03/2025,Closed Won,PAYROLL_DIY,Payroll DIY,Partners,unassigned,2554,0,Eurotec Ltd,Legal,44,0,1/04/2025
D202549,C100202,19/04/2025,29/04/2025,Closed Lost,PAYROLL_MPS,Managed Payroll,Partners,unassigned,6565,0,Atlas Limited,Manufacturing,1,0,
D202550,C104051,28/02/2024,28/03/2024,Closed Won,PM,People Management,Direct,mkoenen,1152,0,Summit Limited,Manufacturing,12,0,1/04/2024
D202551,C104660,16/05/2024,2/06/2024,Closed Won,PM,People Management,Partners,awong,870,0,Wenita Kea Services,Education,9,0,1/07/2024
D202552,C104680,3/01/2025,,Open,PM,People Management,Direct,dinkster,1663,0,Eurotec Atlas Group,Legal,40,0,1/03/2024
D202553,C103344,8/02/2025,11/04/2025,Closed Won,PAYROLL_DIY,Payroll DIY,Direct,awong,581,0,Alpha Co.,Construction,37,0,1/05/2025
D202554,C104047,31/12/2024,20/03/2025,Closed Lost,ADD_ON_TKR,TKR Add-on,Partners,dt,396,0,Atlas Trust,Software,38,1,
D202555,C103089,10/02/2025,,Open,PM,People Management,Direct,shao,1353,0,Kauri Holdings,Retail,1,1,1/05/2025
D202556,C102280,13/01/2024,21/02/2024,Closed Won,PAYROLL_MPS,Managed Payroll,Direct,awong,4137,0,Rimu Summit Group,Construction,29,0,1/03/2024
D202557,C102350,16/05/2024,7/07/2024,Closed Won,PAYROLL_DIY,Payroll DIY,Direct,awong,1200,0,Duncan Air Rimu Services,Education,37,0,1/08/2024
D202558,C102739,29/05/2025,17/08/2025,Closed Won,PAYROLL_MPS,Managed Payroll,Partners,dinkster,2582,0,Kauri Harbour Group,Accounting,105,0,1/09/2025
D202559,C103381,27/12/2024,24/02/2025,Closed Won,PAYROLL_DIY,Payroll DIY,Direct,dinkster,1411,0,Beta Nimbus Limited,Legal,10,0,1/04/2025
D202560,C104079,1/01/2025,18/03/2025,Closed Won,PM,People Management,Direct,unassigned,623,0,Rimu Wenita Partners,Accounting,1,0,1/03/2025
D202561,C102254,8/02/2024,8/05/2024,Closed Won,PM,People Management,Direct,unassigned,2360,0,Beta Beta Partners,Software,12,0,1/05/2024
D202562,C100021,14/07/2024,,Open,PAYROLL_DIY,Payroll DIY,Direct,unassigned,2515,0,Pivot Holdings,Healthcare,24,0,1/04/2025
D202563,C103017,26/06/2024,,Open,PAYROLL_DIY,Payroll DIY,Partners,awong,1348,0,Beta Co.,Healthcare,31,0,1/08/2025
D202564,C100377,30/04/2024,14/05/2024,Closed Won,ADD_ON_TKR,TKR Add-on,Direct,shao,804,0,Wenita Services,Manufacturing,1,1,1/06/2024
D202565,C102350,30/09/2024,,Open,PAYROLL_DIY,Payroll DIY,Partners,dt,3184,0,Duncan Air Rimu Services,Education,37,0,1/10/2024
D202566,C104468,3/05/2024,,Open,PAYROLL_DIY,Payroll DIY,Partners,mkoenen,1472,0,Nimbus Kea Holdings,Healthcare,8,1,1/07/2024
D202567,C101000,18/01/2025,20/02/2025,Closed Won,PM,People Management,Direct,shao,1406,0,Summit Wenita Ltd,Retail,1,0,1/03/2025
D202568,C101628,19/04/2024,15/05/2024,Closed Won,PAYROLL_DIY,Payroll DIY,Direct,dinkster,778,0,Beta Co.,Accounting,24,0,1/06/2024
D202569,C103089,1/07/2024,31/07/2024,Closed Won,PM,People Management,Partners,awong_tmp,1829,0,Kauri Holdings,Retail,1,1,1/09/2024
D202570,C101074,10/01/2024,21/03/2024,Closed Won,PM,People Management,Partners,dinkster,736,0,Beta Co.,Software,1,0,1/05/2024
D202571,C101655,12/07/2024,9/08/2024,Closed Won,PAYROLL_MPS,Managed Payroll,Partners,dt,2695,0,Alpha Atlas Ltd,Software,1,0,1/09/2024
D202572,C103672,24/12/2024,3/03/2025,Closed Won,PAYROLL_MPS,Managed Payroll,Partners,dinkster,1516,0,Alpha Alpha Ltd,Construction,22,0,1/03/2025
D202573,C100722,24/05/2024,20/08/2024,Closed Won,PM,People Management,Partners,nobody,1169,0,Wenita Partners,Construction,7,0,1/08/2024
D202574,C104885,4/03/2024,21/03/2024,Closed Won,PM,People Management,Partners,mkoenen,620,0,Nimbus Trust,Manufacturing,31,0,1/04/2024
D202575,C103312,1/07/2024,21/08/2024,Closed Lost,PAYROLL_MPS,Managed Payroll,Direct,dt,5216,0,Alpha Ltd,Healthcare,41,0,
D202576,C100650,4/07/2024,30/07/2024,Closed Won,PM,People Management,Direct,dt,2607,0,Wenita Co.,Construction,24,0,1/09/2024
D202577,C104363,7/06/2025,22/07/2025,Closed Won,ADD_ON_TKR,TKR Add-on,Partners,unassigned,108,0,Pivot Co.,Accounting,24,0,1/08/2025
D202578,C103806,15/10/2024,14/12/2024,Closed Won,PAYROLL_DIY,Payroll DIY,Partners,dinkster,1229,0,Tui Partners,Construction,60,0,1/01/2025
D202579,C101271,1/10/2024,,Open,PM,People Management,Direct,shao,1822,0,Alpha Trust,Software,1,1,1/03/2024
D202580,C101763,10/09/2024,9/10/2024,Closed Lost,ADD_ON_TKR,TKR Add-on,Direct,mkoenen,1006,0,Duncan Air Holdings,Manufacturing,34,0,
D202581,C101124,29/10/2024,27/01/2025,Closed Won,ADD_ON_TKR,TKR Add-on,Partners,dinkster,1388,0,Harbour Ltd,Manufacturing,62,0,1/02/2025
D202582,C101573,4/05/2024,13/07/2024,Closed Lost,ADD_ON_TKR,TKR Add-on,Partners,dinkster,1177,0,Kea Eurotec Trust,Retail,32,0,
D202583,C101446,26/02/2025,4/04/2025,Closed Won,PAYROLL_MPS,Managed Payroll,Partners,mkoenen,385,0,Harbour Trust,Healthcare,33,0,1/04/2025
D202584,C104811,26/09/2024,26/10/2024,Closed Won,ADD_ON_TKR,TKR Add-on,Partners,dinkster,622,0,Nimbus Limited,Retail,5,0,1/11/2024
D202585,C100952,18/09/2024,17/12/2024,Closed Won,PAYROLL_DIY,Payroll DIY,Direct,shao,1585,0,Eurotec Alpha Co.,Retail,19,0,1/01/2025
D202586,C104194,16/05/2024,22/07/2024,Closed Lost,PM,People Management,Partners,unassigned,2005,0,Alpha Services,Education,41,0,
D202587,C102670,3/04/2024,,Open,PM,People Management,Direct,shao,1930,0,Ohomairangi Kauri Limited,Software,56,0,1/03/2024
D202588,C102525,30/03/2025,,Open,ADD_ON_TKR,TKR Add-on,Direct,mkoenen,939,0,Alpha Services,Construction,13,0,1/10/2024
D202589,C101343,16/07/2024,,Open,PAYROLL_DIY,Payroll DIY,Direct,dinkster,3326,0,Wenita Alpha Holdings,Healthcare,54,0,1/12/2024
D202590,C101124,8/01/2024,,Open,PAYROLL_MPS,Managed Payroll,Partners,dt,4574,0,Harbour Ltd,Manufacturing,62,0,1/10/2024
D202591,C102711,25/03/2024,21/06/2024,Closed Lost,ADD_ON_TKR,TKR Add-on,Direct,unassigned,250,0,Ohomairangi Kea Holdings,Construction,32,0,
D202592,C104639,22/04/2025,8/06/2025,Closed Won,PAYROLL_DIY,Payroll DIY,Partners,dinkster,2339,0,Pivot Partners,Construction,55,0,1/07/2025
D202593,C104516,17/10/2024,27/11/2024,Closed Won,PM,People Management,Partners,shao,1735,0,Tui Nimbus Trust,Education,1,0,1/12/2024
D202594,C103704,1/07/2024,,Open,PAYROLL_DIY,Payroll DIY,Direct,dt,1425,0,Rimu Nimbus Co.,Retail,31,0,1/09/2024
D202595,C101930,11/04/2025,1/07/2025,Closed Won,ADD_ON_TKR,TKR Add-on,Direct,shao_tmp,429,0,Kea Services,Accounting,32,0,1/07/2025
D202596,C102898,30/12/2024,,Open,ADD_ON_TKR,TKR Add-on,Partners,shao,680,0,Ohomairangi Rimu Trust,Accounting,90,0,1/04/2025
D202597,C102850,9/03/2025,9/05/2025,Closed Lost,PM,People Management,Partners,shao,956,0,Nimbus Beta Co.,Legal,1,0,
D202598,C101741,27/02/2025,5/05/2025,Closed Won,ADD_ON_TKR,TKR Add-on,Direct,shao,1083,0,Kauri Harbour Holdings,Construction,57,0,1/06/2025
D202599,C100162,7/12/2024,16/12/2024,Closed Won,ADD_ON_TKR,TKR Add-on,Partners,dt,266,0,Wenita Group,Construction,60,0,1/12/2024
D202600,C103654,9/06/2024,2/08/2024,Closed Won,PAYROLL_DIY,Payroll DIY,Direct,shao,1942,0,Summit Harbour Ltd,Education,1,0,1/09/2024
D202601,C103694,29/01/2024,,Open,PM,People Management,Direct,mkoenen,1,0,Duncan Air Alpha Services,Retail,2,0,1/01/2025
D202602,C103644,21/09/2024,24/09/2024,Closed Won,ADD_ON_TKR,TKR Add-on,Direct,mkoenen,764,0,Atlas Partners,Healthcare,3,0,1/10/2024
D202603,C101422,24/11/2024,31/12/2024,Closed Won,ADD_ON_TKR,TKR Add-on,Direct,awong,1518,0,Beta Beta Limited,Legal,20,0,1/01/2025
D202604,C100246,20/05/2024,,Open,PAYROLL_MPS,Managed Payroll,Direct,awong,4267,0,Alpha Nimbus Partners,Education,7,0,1/12/2024
D202605,C101870,25/12/2024,4/01/2025,Closed Won,ADD_ON_TKR,TKR Add-on,Partners,unassigned,898,0,Atlas Group,Healthcare,13,0,1/02/2025
D202606,C101680,26/09/2024,4/10/2024,Closed Won,ADD_ON_TKR,TKR Add-on,Direct,unassigned,1386,0,Rimu Limited,Construction,15,0,1/11/2024
D202607,C103138,23/04/2025,4/07/2025,Closed Won,PAYROLL_DIY,Payroll DIY,Partners,awong,2472,0,Pivot Co.,Healthcare,1,0,1/07/2025
D202608,C100229,29/12/2024,9/03/2025,Closed Won,PAYROLL_MPS,Managed Payroll,Direct,dt,3893,0,Kea Services,Education,24,0,1/03/2025
D202609,C100166,6/10/2024,12/12/2024,Closed Won,PAYROLL_MPS,Managed Payroll,Partners,shao,3300,0,Summit Trust,Legal,36,1,1/12/2024
D202610,C102935,9/06/2024,1/09/2024,Closed Won,PAYROLL_DIY,Payroll DIY,Direct,shao,3011,0,Beta Services,Software,5,0,1/09/2024
D202611,C101091,28/01/2025,28/04/2025,Closed Won,PAYROLL_MPS,Managed Payroll,Partners,unassigned,1494,0,Atlas Holdings,Education,40,0,1/06/2025
D202612,C103358,27/05/2025,19/07/2025,Closed Won,PAYROLL_DIY,Payroll DIY,Partners,dt,57,0,Ohomairangi Co.,Education,36,0,1/08/2025
D202613,C100660,18/01/2025,14/04/2025,Closed Won,ADD_ON_TKR,TKR Add-on,Partners,dt,747,0,Wenita Partners,Education,1,0,1/05/2025
D202614,C104979,18/09/2024,19/09/2024,Closed Lost,ADD_ON_TKR,TKR Add-on,Partners,dinkster,758,0,Pivot Group,Software,11,0,
D202615,C101381,27/08/2024,27/10/2024,Closed Won,PAYROLL_DIY,Payroll DIY,Partners,unassigned,3008,0,Ohomairangi Limited,Manufacturing,1,0,1/11/2024
D202616,C101224,8/03/2025,18/03/2025,Closed Won,PAYROLL_DIY,Payroll DIY,Direct,mkoenen,2781,0,Atlas Pivot Co.,Retail,52,0,1/04/2025
D202617,C104421,9/04/2024,8/05/2024,Closed Lost,ADD_ON_TKR,TKR Add-on,Direct,awong,0,0,Harbour Partners,Construction,47,0,
D202618,C102192,10/10/2024,12/11/2024,Closed Lost,PM,People Management,Partners,shao,1607,0,Summit Group,Software,1,0,
D202619,C100526,5/12/2024,17/12/2024,Closed Won,PAYROLL_DIY,Payroll DIY,Partners,dinkster,2485,0,Wenita Pivot Trust,Manufacturing,21,0,1/12/2024
D202620,C101087,13/03/2024,28/04/2024,Closed Won,PAYROLL_DIY,Payroll DIY,Partners,mkoenen,1815,0,Summit Services,Healthcare,10,0,1/05/2024
D202621,C103862,7/03/2025,21/03/2025,Closed Won,PM,People Management,Direct,mkoenen,1200,0,Summit Limited,Legal,4,0,1/04/2025
D202622,C103519,13/07/2024,18/08/2024,Closed Won,PAYROLL_MPS,Managed Payroll,Partners,dinkster,8868,0,Beta Harbour Holdings,Software,38,0,1/09/2024
D202623,C100590,11/02/2024,12/04/2024,Closed Won,ADD_ON_TKR,TKR Add-on,Direct,awong,1057,0,Eurotec Trust,Education,5,0,1/05/2024
D202624,C103724,22/11/2024,,Open,PAYROLL_MPS,Managed Payroll,Direct,dinkster,3539,0,Pivot Services,Accounting,31,0,1/09/2025
D202625,C102245,10/02/2024,14/04/2024,Closed Lost,PM,People Management,Partners,mkoenen,679,0,Kea Holdings,Education,1,0,
D202626,C104274,3/07/2025,,Open,PAYROLL_DIY,Payroll DIY,Direct,awong,2638,0,Tui Partners,Retail,11,0,1/09/2024
D202627,C102655,7/01/2025,,Open,ADD_ON_TKR,TKR Add-on,Direct,dinkster,913,0,Kauri Alpha Services,Healthcare,28,0,1/07/2024
D202628,C104859,20/02/2025,24/03/2025,Closed Won,PAYROLL_MPS,Managed Payroll,Partners,dinkster,8062,0,Atlas Trust,Education,24,0,1/05/2025
D202629,C101758,22/05/2025,,Open,PAYROLL_MPS,Managed Payroll,Direct,dinkster,1376,0,Eurotec Harbour Group,Retail,13,0,1/09/2024
D202630,C103570,3/07/2024,28/09/2024,Closed Lost,ADD_ON_TKR,TKR Add-on,Direct,mkoenen,671,0,Pivot Group,Healthcare,36,0,
D202631,C104441,28/11/2024,5/01/2025,Closed Lost,PM,People Management,Partners,awong,1118,0,Atlas Co.,Construction,36,1,
D202632,C104146,23/06/2025,27/08/2025,Closed Lost,PAYROLL_MPS,Managed Payroll,Direct,awong,4782,0,Rimu Holdings,Legal,16,0,
D202633,C102435,9/05/2024,26/07/2024,Closed Won,PM,People Management,Direct,dinkster,799,0,Tui Trust,Construction,25,0,1/08/2024
D202634,C100115,17/10/2024,8/11/2024,Closed Won,PM,People Management,Direct,dinkster,0,0,Eurotec Nimbus Trust,Construction,27,0,1/11/2024
D202635,C103166,21/10/2024,,Open,ADD_ON_TKR,TKR Add-on,Direct,awong,0,0,Eurotec Services,Legal,25,0,1/07/2025
D202636,C103610,29/09/2024,,Open,PAYROLL_DIY,Payroll DIY,Direct,unassigned,2432,0,Wenita Group,Construction,61,0,1/02/2025
D202637,C104101,27/01/2024,5/04/2024,Closed Lost,PM,People Management,Partners,dt,771,0,Kea Eurotec Ltd,Accounting,55,0,
D202638,C100792,24/05/2025,28/07/2025,Closed Won,PAYROLL_DIY,Payroll DIY,Partners,shao,1147,0,Alpha Wenita Limited,Manufacturing,43,0,1/09/2025
D202639,C103784,29/05/2024,14/08/2024,Closed Won,ADD_ON_TKR,TKR Add-on,Partners,mkoenen,841,0,Ohomairangi Co.,Manufacturing,28,0,1/09/2024
D202640,C103574,4/03/2024,15/04/2024,Closed Won,PAYROLL_DIY,Payroll DIY,Direct,dt,1865,0,Tui Nimbus Group,Accounting,34,0,1/04/2024
D202641,C103577,23/05/2025,,Open,PAYROLL_MPS,Managed Payroll,Direct,shao,1455,0,Ohomairangi Tui Ltd,Accounting,18,0,1/06/2025
D202642,C103324,4/04/2024,9/06/2024,Closed Won,ADD_ON_TKR,TKR Add-on,Partners,awong,837,0,Wenita Ltd,Legal,1,0,1/07/2024
D202643,C100554,23/03/2025,15/06/2025,Closed Won,PM,People Management,Partners,mkoenen,2127,0,Tui Limited,Manufacturing,34,0,1/07/2025
D202644,C103342,1/08/2024,13/08/2024,Closed Won,PAYROLL_MPS,Managed Payroll,Direct,awong,4306,0,Kea Limited,Education,49,0,1/08/2024
D202645,C104645,27/04/2024,29/05/2024,Closed Lost,PAYROLL_MPS,Managed Payroll,Direct,dinkster,6264,0,Pivot Group,Construction,1,0,
D202646,C103112,18/06/2024,,Open,PAYROLL_DIY,Payroll DIY,Partners,mkoenen,2685,0,Summit Services,Retail,97,0,1/12/2024
D202647,C100533,21/12/2024,30/12/2024,Closed Lost,ADD_ON_TKR,TKR Add-on,Direct,dt,966,0,Eurotec Co.,Education,62,0,
D202648,C102656,16/07/2024,,Open,ADD_ON_TKR,TKR Add-on,Direct,dinkster,315,0,Harbour Group,Healthcare,3,0,1/08/2025
D202649,C101861,20/04/2025,16/05/2025,Closed Won,ADD_ON_TKR,TKR Add-on,Direct,shao,630,0,Harbour Nimbus Services,Education,94,1,1/06/2025
D202650,C100798,22/06/2025,,Open,PAYROLL_DIY,Payroll DIY,Direct,dinkster,2080,0,Ohomairangi Partners,Education,5,0,1/01/2025
D202651,C101967,5/08/2024,1/09/2024,Closed Won,PAYROLL_DIY,Payroll DIY,Direct,unassigned,2241,0,Rimu Limited,Manufacturing,75,0,1/09/2024
D202652,C104828,30/03/2025,27/06/2025,Closed Lost,PM,People Management,Partners,shao,211,0,Kea Limited,Healthcare,23,0,
D202653,C102431,15/04/2024,30/06/2024,Closed Won,PM,People Management,Partners,shao,2286,0,Kea Services,Manufacturing,41,0,1/08/2024
D202654,C100050,16/07/2024,19/08/2024,Closed Won,PM,People Management,Direct,shao,1859,0,Tui Services,Manufacturing,73,0,1/09/2024
D202655,C101276,18/05/2024,,Open,PM,People Management,Partners,dt,912,0,Wenita Harbour Limited,Education,33,1,1/05/2024
D202656,C100582,22/09/2024,23/10/2024,Closed Won,ADD_ON_TKR,TKR Add-on,Direct,shao,919,0,Kea Services,Legal,25,0,1/11/2024
D202657,C101749,12/01/2024,25/01/2024,Closed Won,PAYROLL_MPS,Managed Payroll,Direct,awong,107,0,Beta Holdings,Manufacturing,14,0,1/02/2024
D202658,C103444,25/04/2025,14/07/2025,Closed Lost,PAYROLL_DIY,Payroll DIY,Direct,unassigned,1752,0,Harbour Holdings,Manufacturing,31,0,
D202659,C101243,19/03/2024,,Open,PAYROLL_DIY,Payroll DIY,Direct,dt,935,0,Ohomairangi Partners,Retail,20,0,1/03/2025
D202660,C100400,3/06/2025,15/08/2025,Closed Won,PAYROLL_MPS,Managed Payroll,Direct,shao,6533,0,Tui Group,Retail,27,0,1/08/2025
D202661,C104606,8/03/2025,,Open,PAYROLL_DIY,Payroll DIY,Direct,awong,2219,0,Kauri Services,Construction,18,0,1/03/2025
D202662,C103334,2/06/2025,11/08/2025,Closed Lost,PAYROLL_DIY,Payroll DIY,Partners,shao,3433,0,Pivot Ohomairangi Trust,Retail,29,0,
D202663,C104442,11/09/2024,,Open,PM,People Management,Direct,dinkster,1179,0,Duncan Air Group,Healthcare,16,0,1/03/2024
D202664,C104857,22/03/2025,20/05/2025,Closed Won,ADD_ON_TKR,TKR Add-on,Partners,dt,521,0,Wenita Group,Healthcare,1,0,1/06/2025
D202665,C104338,25/01/2025,1/03/2025,Closed Won,PAYROLL_DIY,Payroll DIY,Direct,unassigned,2151,0,Tui Partners,Construction,8,0,1/04/2025
D202666,C103052,18/09/2024,,Open,PAYROLL_MPS,Managed Payroll,Partners,dt,3543,0,Ohomairangi Services,Retail,107,0,1/12/2024
D202667,C101696,15/02/2025,13/05/2025,Closed Won,PAYROLL_DIY,Payroll DIY,Partners,dt,2644,0,Kauri Trust,Legal,47,0,1/06/2025
D202668,C100873,6/10/2024,7/11/2024,Closed Won,PM,People Management,Partners,dinkster,516,0,Pivot Holdings,Accounting,1,0,1/11/2024
D202669,C103412,13/07/2024,27/08/2024,Closed Won,ADD_ON_TKR,TKR Add-on,Direct,dt,1045,0,Kauri Atlas Holdings,Software,1,0,1/10/2024
D202670,C103094,21/02/2025,,Open,PM,People Management,Partners,unassigned,505,0,Rimu Group,Healthcare,89,0,1/04/2025
D202671,C102870,26/04/2025,27/06/2025,Closed Won,PAYROLL_DIY,Payroll DIY,Partners,awong,0,0,Duncan Air Ltd,Software,30,0,1/07/2025
D202672,C102780,3/03/2025,17/04/2025,Closed Won,PM,People Management,Partners,shao,1529,0,Kea Partners,Retail,1,0,1/05/2025
D202673,C103562,20/01/2024,,Open,PM,People Management,Partners,dt,0,0,Atlas Co.,Education,85,0,1/02/2025
D202674,C104367,21/04/2024,2/06/2024,Closed Won,ADD_ON_TKR,TKR Add-on,Partners,mkoenen,547,1,Ohomairangi Holdings,Software,19,0,1/06/2024
D202675,C100297,3/06/2025,3/08/2025,Closed Lost,PAYROLL_MPS,Managed Payroll,Direct,shao,4801,0,Summit Ltd,Legal,23,0,
D202676,C103810,24/04/2025,20/06/2025,Closed Won,PM,People Management,Direct,shao_tmp,1022,0,Summit Ltd,Education,17,0,1/06/2025
D202677,C101634,30/07/2024,6/09/2024,Closed Won,PAYROLL_MPS,Managed Payroll,Direct,mkoenen,1965,0,Harbour Limited,Software,36,0,1/10/2024
D202678,C101835,8/04/2024,12/06/2024,Closed Won,PM,People Management,Direct,unassigned,960,0,Duncan Air Trust,Software,10,0,1/07/2024
D202679,C102620,4/06/2024,26/06/2024,Closed Won,PAYROLL_MPS,Managed Payroll,Direct,awong,4883,0,Wenita Rimu Limited,Healthcare,27,0,1/08/2024
D202680,C103847,30/04/2025,10/07/2025,Closed Won,PM,People Management,Partners,shao,1170,0,Ohomairangi Kea Limited,Construction,52,0,1/07/2025
D202681,C104183,26/06/2024,17/08/2024,Closed Won,PAYROLL_MPS,Managed Payroll,Partners,awong,4592,0,Tui Limited,Software,87,0,1/09/2024
D202682,C103603,19/09/2024,29/09/2024,Closed Won,PAYROLL_MPS,Managed Payroll,Partners,awong,5320,0,Harbour Alpha Trust,Software,14,0,1/10/2024
D202683,C104306,22/06/2024,2/09/2024,Closed Lost,PAYROLL_MPS,Managed Payroll,Partners,mkoenen,0,0,Kauri Ltd,Construction,28,1,
D202684,C101908,15/01/2025,29/01/2025,Closed Won,ADD_ON_TKR,TKR Add-on,Direct,dinkster,853,0,Rimu Holdings,Manufacturing,38,0,1/02/2025
D202685,C103663,8/07/2024,3/10/2024,Closed Won,ADD_ON_TKR,TKR Add-on,Direct,awong,1245,0,Summit Group,Healthcare,16,0,1/10/2024
D202686,C102029,13/07/2024,17/09/2024,Closed Won,PAYROLL_DIY,Payroll DIY,Direct,unassigned,3210,0,Kea Tui Partners,Software,21,0,1/09/2024
D202687,C104846,7/04/2025,6/07/2025,Closed Won,PAYROLL_DIY,Payroll DIY,Partners,unassigned,1212,0,Tui Atlas Group,Manufacturing,35,0,1/07/2025
D202688,C103388,26/03/2024,30/04/2024,Closed Won,PAYROLL_MPS,Managed Payroll,Direct,shao,4675,0,Harbour Nimbus Holdings,Retail,1,0,1/05/2024
D202689,C102626,13/12/2024,,Open,PM,People Management,Direct,awong,0,0,Kea Nimbus Limited,Accounting,48,0,1/08/2025
D202690,C104889,12/05/2025,18/07/2025,Closed Lost,PM,People Management,Partners,mkoenen,341,0,Nimbus Limited,Retail,4,1,
D202691,C103622,28/07/2024,,Open,PAYROLL_MPS,Managed Payroll,Partners,dt,2755,0,Harbour Limited,Retail,11,0,1/10/2024
D202692,C104046,15/06/2025,27/08/2025,Closed Lost,ADD_ON_TKR,TKR Add-on,Direct,awong,0,0,Kea Co.,Construction,11,0,
D202693,C104262,13/03/2024,,Open,PAYROLL_DIY,Payroll DIY,Direct,mkoenen,563,0,Pivot Atlas Group,Software,29,0,1/12/2024
D202694,C104993,8/12/2024,,Open,PAYROLL_MPS,Managed Payroll,Partners,dinkster,7586,0,Eurotec Co.,Healthcare,67,0,1/07/2024
D202695,C101458,28/05/2024,,Open,PM,People Management,Direct,dinkster,230,0,Wenita Group,Education,69,0,1/08/2024
D202696,C102358,27/05/2025,,Open,PAYROLL_DIY,Payroll DIY,Partners,dt,1890,0,Eurotec Beta Co.,Accounting,1,0,1/08/2024
D202697,C101222,17/08/2024,15/09/2024,Closed Won,ADD_ON_TKR,TKR Add-on,Direct,dinkster,887,0,Rimu Partners,Software,63,0,1/10/2024
D202698,C100492,5/05/2024,4/07/2024,Closed Won,PAYROLL_MPS,Managed Payroll,Partners,dt,4046,0,Rimu Group,Education,37,0,1/07/2024
D202699,C103434,20/11/2024,27/01/2025,Closed Won,PM,People Management,Direct,unassigned,1346,1,Duncan Air Nimbus Services,Retail,44,0,1/02/2025
D202700,C101123,28/03/2024,,Open,PM,People Management,Direct,dinkster,1391,0,Duncan Air Kauri Services,Legal,54,0,1/07/2025
D202701,C100688,30/08/2024,,Open,PAYROLL_MPS,Managed Payroll,Partners,dt,5721,0,Kauri Pivot Co.,Accounting,59,0,1/10/2024
D202702,C103350,11/10/2024,,Open,PAYROLL_MPS,Managed Payroll,Direct,dt,2694,0,Harbour Ltd,Healthcare,1,0,1/12/2024
D202703,C100060,8/02/2024,16/04/2024,Closed Lost,PAYROLL_MPS,Managed Payroll,Direct,dinkster,5881,0,Kea Trust,Education,32,0,
D202704,C103141,13/04/2024,31/05/2024,Closed Won,PM,People Management,Partners,awong,1169,0,Summit Partners,Manufacturing,31,0,1/06/2024
D202705,C103068,21/04/2024,,Open,PAYROLL_DIY,Payroll DIY,Direct,shao,1829,0,Kea Group,Education,1,0,1/06/2025
D202706,C104727,16/01/2025,20/01/2025,Closed Won,PAYROLL_MPS,Managed Payroll,Direct,shao,3568,0,Alpha Ltd,Education,26,0,1/02/2025
D202707,C101112,18/11/2024,,Open,PAYROLL_DIY,Payroll DIY,Partners,shao,318,0,Ohomairangi Group,Education,62,0,1/01/2025
D202708,C102201,27/03/2024,8/04/2024,Closed Won,PAYROLL_DIY,Payroll DIY,Direct,dt,1882,0,Eurotec Co.,Accounting,52,0,1/04/2024
D202709,C102434,2/07/2024,,Open,PAYROLL_DIY,Payroll DIY,Partners,unassigned,2291,0,Summit Tui Partners,Manufacturing,1,0,1/03/2025
D202710,C102495,5/05/2024,18/07/2024,Closed Lost,ADD_ON_TKR,TKR Add-on,Direct,mkoenen,1377,0,Nimbus Group,Software,35,0,
D202711,C100840,20/04/2024,17/05/2024,Closed Won,PAYROLL_DIY,Payroll DIY,Partners,unassigned,2822,0,Alpha Kea Limited,Software,63,0,1/06/2024
D202712,C102471,18/06/2025,22/06/2025,Closed Won,ADD_ON_TKR,TKR Add-on,Partners,unassigned,741,0,Nimbus Holdings,Legal,1,0,1/06/2025
D202713,C104053,14/07/2024,31/08/2024,Closed Won,PAYROLL_MPS,Managed Payroll,Direct,dt,3787,0,Kea Holdings,Construction,28,0,1/09/2024
D202714,C102583,22/01/2025,21/04/2025,Closed Won,ADD_ON_TKR,TKR Add-on,Direct,mkoenen,973,0,Wenita Ltd,Manufacturing,61,0,1/05/2025
D202715,C102220,20/01/2024,23/01/2024,Closed Won,PM,People Management,Partners,shao,993,0,Alpha Services,Legal,33,0,1/03/2024
D202716,C104778,10/04/2025,,Open,ADD_ON_TKR,TKR Add-on,Direct,awong,368,0,Tui Beta Partners,Legal,43,0,1/05/2024
D202717,C100948,6/07/2024,,Open,PAYROLL_DIY,Payroll DIY,Direct,unassigned,1497,0,Ohomairangi Nimbus Group,Retail,1,0,1/11/2024
D202718,C101159,17/02/2025,,Open,ADD_ON_TKR,TKR Add-on,Partners,dt,1125,0,Alpha Services,Legal,7,0,1/07/2024
D202719,C101359,16/12/2024,,Open,PM,People Management,Direct,dt,1395,0,Beta Kea Partners,Healthcare,12,1,1/03/2024
D202720,C104995,9/07/2024,18/09/2024,Closed Lost,PAYROLL_DIY,Payroll DIY,Partners,mkoenen,1763,0,Ohomairangi Partners,Education,30,0,
D202721,C103962,29/05/2024,20/06/2024,Closed Lost,ADD_ON_TKR,TKR Add-on,Direct,dinkster,461,0,Eurotec Beta Holdings,Education,34,0,
D202722,C101572,31/10/2024,,Open,PAYROLL_DIY,Payroll DIY,Direct,mkoenen,1443,0,Nimbus Ltd,Software,50,0,1/02/2025
D202723,C100409,30/05/2025,19/06/2025,Closed Won,PAYROLL_DIY,Payroll DIY,Partners,mkoenen,0,0,Beta Trust,Accounting,36,0,1/07/2025
D202724,C102790,1/01/2025,21/03/2025,Closed Won,PM,People Management,Direct,dt,872,0,Rimu Trust,Software,33,0,1/04/2025
D202725,C102430,4/11/2024,,Open,PAYROLL_MPS,Managed Payroll,Direct,dt,751,0,Kauri Services,Construction,54,0,1/08/2025
D202726,C101495,22/06/2025,5/07/2025,Closed Won,ADD_ON_TKR,TKR Add-on,Partners,dt,1319,0,Kea Co.,Accounting,24,0,1/08/2025
D202727,C104103,15/04/2025,,Open,PM,People Management,Direct,mkoenen,2043,0,Beta Kea Co.,Retail,36,0,1/05/2025
D202728,C103361,12/08/2024,17/09/2024,Closed Won,PM,People Management,Partners,awong,983,0,Rimu Tui Co.,Retail,31,0,1/10/2024
D202729,C103557,20/07/2024,11/08/2024,Closed Won,PAYROLL_DIY,Payroll DIY,Direct,unassigned,2715,0,Tui Holdings,Accounting,74,0,1/08/2024
D202730,C100857,3/05/2024,,Open,PM,People Management,Partners,shao,2638,0,Tui Services,Manufacturing,11,0,1/06/2025
D202731,C103021,3/02/2025,25/04/2025,Closed Won,ADD_ON_TKR,TKR Add-on,Direct,awong,1355,0,Ohomairangi Holdings,Healthcare,11,0,1/06/2025
D202732,C104759,11/02/2024,2/04/2024,Closed Won,PM,People Management,Direct,mkoenen,1724,0,Eurotec Co.,Manufacturing,33,0,1/05/2024
D202733,C102167,3/02/2025,,Open,ADD_ON_TKR,TKR Add-on,Direct,dinkster,225,0,Wenita Holdings,Software,30,0,1/09/2025
D202734,C103138,1/06/2024,1/08/2024,Closed Won,ADD_ON_TKR,TKR Add-on,Partners,unassigned,1094,0,Pivot Co.,Healthcare,1,0,1/09/2024
D202735,C102584,19/04/2025,21/04/2025,Closed Won,ADD_ON_TKR,TKR Add-on,Direct,shao,18,0,Ohomairangi Atlas Group,Software,1,0,1/05/2025
D202736,C103460,22/02/2025,13/04/2025,Closed Won,PAYROLL_MPS,Managed Payroll,Direct,dinkster,5558,0,Alpha Services,Healthcare,1,0,1/05/2025
D202737,C104122,19/11/2024,12/01/2025,Closed Won,PAYROLL_MPS,Managed Payroll,Direct,mkoenen,3552,0,Summit Co.,Retail,1,0,1/01/2025
D202738,C101767,16/08/2024,9/10/2024,Closed Lost,PAYROLL_DIY,Payroll DIY,Direct,awong,2761,0,Alpha Partners,Retail,21,0,
D202739,C101758,16/10/2024,28/11/2024,Closed Lost,PAYROLL_DIY,Payroll DIY,Direct,dinkster,1440,0,Eurotec Harbour Group,Retail,13,0,
D202740,C102969,12/11/2024,21/01/2025,Closed Lost,PAYROLL_DIY,Payroll DIY,Partners,awong,1295,0,Kea Summit Partners,Legal,35,0,
D202741,C104284,14/01/2025,,Open,ADD_ON_TKR,TKR Add-on,Partners,mkoenen,1468,0,Tui Atlas Limited,Construction,35,0,1/12/2024
D202742,C101660,22/06/2024,,Open,PAYROLL_MPS,Managed Payroll,Partners,mkoenen,8952,0,Rimu Alpha Ltd,Healthcare,45,0,1/02/2025
D202743,C103359,31/01/2025,16/03/2025,Closed Lost,ADD_ON_TKR,TKR Add-on,Partners,mkoenen,269,0,Eurotec Group,Healthcare,51,0,
D202744,C100362,15/05/2025,,Open,ADD_ON_TKR,TKR Add-on,Partners,shao,259,0,Rimu Group,Accounting,20,0,1/04/2025
D202745,C103764,18/03/2025,15/06/2025,Closed Won,ADD_ON_TKR,TKR Add-on,Direct,mkoenen,1126,0,Duncan Air Ltd,Software,12,0,1/07/2025
D202746,C101041,19/07/2024,2/10/2024,Closed Won,PM,People Management,Partners,unassigned,1062,0,Beta Co.,Construction,57,1,1/11/2024
D202747,C101506,8/03/2025,15/05/2025,Closed Won,PAYROLL_DIY,Payroll DIY,Direct,dt,4399,0,Atlas Alpha Group,Legal,1,0,1/06/2025
D202748,C104603,7/09/2024,28/11/2024,Closed Won,PAYROLL_DIY,Payroll DIY,Partners,awong,2472,0,Summit Ltd,Software,39,0,1/01/2025
D202749,C102035,11/02/2024,25/03/2024,Closed Won,PAYROLL_DIY,Payroll DIY,Direct,dt,2399,0,Wenita Tui Trust,Accounting,44,0,1/04/2024
D202750,C104485,7/01/2025,22/03/2025,Closed Won,PAYROLL_DIY,Payroll DIY,Direct,awong,0,0,Alpha Limited,Retail,16,0,1/04/2025
D202751,C104549,29/01/2024,,Open,PAYROLL_DIY,Payroll DIY,Partners,dinkster,1278,0,Kea Group,Retail,7,0,1/04/2025
D202752,C100800,25/07/2024,,Open,ADD_ON_TKR,TKR Add-on,Direct,dinkster,426,0,Wenita Ltd,Manufacturing,1,0,1/10/2024
D202753,C100105,24/10/2024,,Open,PAYROLL_DIY,Payroll DIY,Direct,dinkster,1382,0,Wenita Services,Software,49,0,1/08/2024
D202754,C104773,19/06/2025,21/08/2025,Closed Lost,PM,People Management,Partners,unassigned,1237,0,Eurotec Services,Accounting,18,0,
D202755,C104411,25/05/2024,22/08/2024,Closed Won,PAYROLL_MPS,Managed Payroll,Partners,unassigned,2635,0,Atlas Holdings,Retail,1,0,1/09/2024
D202756,C104435,24/01/2024,21/03/2024,Closed Won,PAYROLL_MPS,Managed Payroll,Direct,awong,4758,0,Pivot Limited,Construction,75,0,1/03/2024
D202757,C104240,23/06/2024,,Open,PM,People Management,Partners,mkoenen,1374,0,Alpha Group,Legal,7,0,1/02/2025
D202758,C100686,25/02/2025,23/04/2025,Closed Won,ADD_ON_TKR,TKR Add-on,Direct,awong,807,0,Rimu Group,Retail,33,0,1/05/2025
D202759,C102047,7/02/2025,30/04/2025,Closed Lost,PM,People Management,Partners,awong,800,0,Kea Beta Partners,Legal,9,0,
D202760,C100277,5/09/2024,21/09/2024,Closed Won,ADD_ON_TKR,TKR Add-on,Direct,dt,629,0,Tui Nimbus Limited,Healthcare,67,0,1/10/2024
D202761,C103660,31/03/2024,,Open,PAYROLL_MPS,Managed Payroll,Direct,dinkster,4806,0,Wenita Co.,Retail,36,0,1/11/2024
D202762,C104381,11/03/2025,15/05/2025,Closed Won,PAYROLL_MPS,Managed Payroll,Partners,shao,3096,0,Eurotec Co.,Education,6,0,1/06/2025
D202763,C102681,26/08/2024,,Open,PAYROLL_DIY,Payroll DIY,Partners,mkoenen,1956,0,Duncan Air Group,Construction,34,0,1/03/2025
D202764,C104728,29/01/2025,13/04/2025,Closed Won,ADD_ON_TKR,TKR Add-on,Partners,dinkster,478,0,Atlas Services,Education,1,0,1/05/2025
D202765,C104037,13/03/2024,8/06/2024,Closed Won,PAYROLL_DIY,Payroll DIY,Partners,unassigned,3267,0,Harbour Harbour Group,Construction,49,0,1/06/2024
D202766,C100664,18/01/2024,,Open,PAYROLL_DIY,Payroll DIY,Direct,unassigned,2038,0,Rimu Limited,Manufacturing,1,0,1/06/2024
D202767,C104126,16/10/2024,22/10/2024,Closed Won,PAYROLL_DIY,Payroll DIY,Partners,dt,2401,0,Alpha Services,Education,1,0,1/11/2024
D202768,C101048,14/02/2024,19/04/2024,Closed Won,PM,People Management,Direct,dinkster,163,0,Ohomairangi Trust,Software,79,0,1/05/2024
D202769,C104304,16/08/2024,26/08/2024,Closed Lost,PAYROLL_DIY,Payroll DIY,Partners,shao,1246,0,Nimbus Co.,Education,1,1,
D202770,C101589,27/09/2024,28/11/2024,Closed Won,ADD_ON_TKR,TKR Add-on,Partners,dt,1455,0,Harbour Kauri Co.,Construction,1,0,1/01/2025
D202771,C103710,20/05/2025,15/07/2025,Closed Won,PM,People Management,Direct,dt,1154,0,Duncan Air Pivot Ltd,Retail,1,0,1/08/2025
D202772,C100250,16/10/2024,29/11/2024,Closed Won,PM,People Management,Partners,shao,0,0,Kea Group,Software,58,0,1/12/2024
D202773,C102183,27/08/2024,,Open,PAYROLL_DIY,Payroll DIY,Partners,dinkster,1635,0,Harbour Co.,Healthcare,11,0,1/06/2024
D202774,C102162,7/06/2025,7/07/2025,Closed Lost,PAYROLL_DIY,Payroll DIY,Direct,dt,2861,0,Eurotec Trust,Accounting,16,0,
D202775,C101803,22/08/2024,6/11/2024,Closed Lost,PM,People Management,Partners,mkoenen,1427,0,Nimbus Holdings,Software,53,0,
D202776,C102065,4/07/2024,18/09/2024,Closed Won,PAYROLL_MPS,Managed Payroll,Partners,dinkster,1282,0,Kauri Limited,Accounting,33,0,1/10/2024
D202777,C101771,10/06/2025,12/06/2025,Closed Lost,PM,People Management,Direct,mkoenen,1064,0,Summit Ohomairangi Ltd,Manufacturing,1,0,
D202778,C103172,22/05/2025,24/06/2025,Closed Won,ADD_ON_TKR,TKR Add-on,Direct,dinkster,663,0,Wenita Co.,Manufacturing,4,0,1/07/2025
D202779,C102146,20/04/2024,21/04/2024,Closed Won,ADD_ON_TKR,TKR Add-on,Partners,dinkster,1143,0,Atlas Limited,Legal,12,0,1/05/2024
D202780,C100325,20/12/2024,20/02/2025,Closed Won,ADD_ON_TKR,TKR Add-on,Partners,dt,1653,0,Kea Tui Ltd,Manufacturing,26,0,1/03/2025
D202781,C100512,23/09/2024,26/11/2024,Closed Won,ADD_ON_TKR,TKR Add-on,Partners,unassigned,1172,0,Kauri Co.,Software,14,0,1/01/2025
D202782,C101460,10/10/2024,15/10/2024,Closed Won,PAYROLL_MPS,Managed Payroll,Partners,unassigned,2105,0,Eurotec Harbour Co.,Accounting,47,0,1/11/2024
D202783,C103433,4/02/2025,4/03/2025,Closed Won,ADD_ON_TKR,TKR Add-on,Direct,shao,689,0,Harbour Group,Healthcare,1,0,1/03/2025
D202784,C102634,15/03/2025,20/04/2025,Closed Won,ADD_ON_TKR,TKR Add-on,Partners,dinkster,735,0,Harbour Co.,Accounting,1,0,1/04/2025
D202785,C103939,5/03/2025,,Open,PAYROLL_DIY,Payroll DIY,Direct,shao,1499,0,Nimbus Wenita Co.,Healthcare,35,0,1/01/2025
D202786,C101346,21/07/2024,7/10/2024,Closed Won,PAYROLL_DIY,Payroll DIY,Partners,mkoenen,3204,0,Rimu Pivot Ltd,Software,67,0,1/10/2024
D202787,C104009,19/11/2024,,Open,PAYROLL_DIY,Payroll DIY,Direct,mkoenen,1072,0,Atlas Partners,Software,1,0,1/02/2025
D202788,C103655,7/03/2024,17/03/2024,Closed Won,PAYROLL_DIY,Payroll DIY,Partners,unassigned,1357,0,Eurotec Tui Holdings,Retail,1,0,1/04/2024
D202789,C101624,20/06/2025,11/08/2025,Closed Won,PAYROLL_MPS,Managed Payroll,Partners,dt,4426,0,Wenita Group,Retail,54,0,1/09/2025
D202790,C104636,17/06/2024,13/09/2024,Closed Lost,PM,People Management,Partners,awong,1158,0,Pivot Services,Healthcare,62,0,
D202791,C102726,20/04/2025,11/07/2025,Closed Won,PAYROLL_MPS,Managed Payroll,Partners,unassigned,3576,0,Duncan Air Ohomairangi Limited,Legal,32,1,1/08/2025
D202792,C104494,24/10/2024,25/10/2024,Closed Won,PM,People Management,Partners,unassigned,604,0,Duncan Air Co.,Accounting,1,0,1/11/2024
D202793,C101863,17/06/2025,28/08/2025,Closed Won,PAYROLL_DIY,Payroll DIY,Partners,dinkster,1779,0,Ohomairangi Ltd,Manufacturing,17,0,1/09/2025
D202794,C100713,23/07/2024,18/08/2024,Closed Lost,ADD_ON_TKR,TKR Add-on,Direct,shao,385,0,Wenita Limited,Construction,48,0,
D202795,C102451,13/11/2024,26/01/2025,Closed Won,PAYROLL_DIY,Payroll DIY,Direct,awong,353,0,Kea Group,Software,25,0,1/02/2025
D202796,C104683,10/05/2024,10/07/2024,Closed Won,ADD_ON_TKR,TKR Add-on,Partners,unassigned,804,1,Kauri Rimu Co.,Manufacturing,60,0,1/07/2024
D202797,C102565,31/05/2024,5/08/2024,Closed Lost,ADD_ON_TKR,TKR Add-on,Direct,awong,284,0,Kea Services,Healthcare,45,0,
D202798,C103052,4/06/2024,,Open,PAYROLL_DIY,Payroll DIY,Direct,shao,1548,0,Ohomairangi Services,Retail,107,0,1/03/2024
D202799,C101279,8/02/2024,24/03/2024,Closed Won,PM,People Management,Partners,mkoenen,1845,0,Ohomairangi Partners,Education,58,0,1/04/2024
D202800,C103607,19/02/2024,28/02/2024,Closed Won,PAYROLL_DIY,Payroll DIY,Partners,unassigned,2445,0,Harbour Holdings,Retail,55,0,1/03/2024
D202801,C102807,8/04/2025,6/07/2025,Closed Lost,PAYROLL_MPS,Managed Payroll,Partners,awong,3923,0,Beta Trust,Accounting,15,1,1/08/2025
D202802,C104557,24/12/2024,,Open,ADD_ON_TKR,TKR Add-on,Direct,unassigned,1074,0,Tui Co.,Healthcare,10,0,1/12/2024
D202803,C102695,1/06/2025,,Open,PM,People Management,Direct,dt,567,0,Kea Co.,Retail,32,0,1/11/2024
D202804,C104246,30/09/2024,22/12/2024,Closed Won,ADD_ON_TKR,TKR Add-on,Direct,dt,1538,1,Summit Limited,Construction,11,0,1/01/2025
D202805,C100400,20/01/2024,23/03/2024,Closed Won,PAYROLL_DIY,Payroll DIY,Partners,awong,0,0,Tui Group,Retail,27,0,1/04/2024
D202806,C100451,17/07/2024,,Open,PAYROLL_DIY,Payroll DIY,Partners,awong,2485,0,Nimbus Services,Education,41,0,1/03/2025
D202807,C103767,27/10/2024,27/12/2024,Closed Won,PAYROLL_MPS,Managed Payroll,Partners,unassigned,1900,0,Rimu Limited,Accounting,7,1,1/02/2025
D202808,C100033,5/04/2024,,Open,ADD_ON_TKR,TKR Add-on,Direct,unassigned,558,0,Rimu Pivot Services,Healthcare,40,0,1/06/2025
D202809,C103300,1/02/2025,3/03/2025,Closed Lost,ADD_ON_TKR,TKR Add-on,Direct,awong,0,0,Kea Group,Construction,14,0,
D202810,C100833,14/09/2024,17/11/2024,Closed Lost,ADD_ON_TKR,TKR Add-on,Direct,awong,633,0,Eurotec Holdings,Healthcare,19,0,
D202811,C100146,25/07/2024,14/09/2024,Closed Won,PM,People Management,Direct,dinkster,1396,0,Wenita Group,Retail,79,1,1/09/2024
D202812,C102044,24/05/2025,,Open,PM,People Management,Partners,dt,874,0,Tui Holdings,Legal,1,0,1/08/2024
D202813,C101020,17/06/2025,2/07/2025,Closed Won,PAYROLL_MPS,Managed Payroll,Direct,dt,3986,0,Ohomairangi Eurotec Holdings,Legal,1,0,1/08/2025
D202814,C101843,6/07/2024,3/09/2024,Closed Lost,PM,People Management,Partners,awong,629,0,Kea Ltd,Manufacturing,64,0,
D202815,C100220,9/12/2024,10/02/2025,Closed Lost,PM,People Management,Partners,shao,1300,0,Atlas Holdings,Legal,1,0,
D202816,C100332,3/05/2025,24/05/2025,Closed Won,PM,People Management,Direct,dinkster,932,0,Ohomairangi Pivot Holdings,Healthcare,55,0,1/06/2025
D202817,C104061,30/12/2024,29/03/2025,Closed Lost,ADD_ON_TKR,TKR Add-on,Direct,awong,834,0,Tui Partners,Retail,32,0,
D202818,C102800,25/05/2025,12/06/2025,Closed Lost,ADD_ON_TKR,TKR Add-on,Partners,shao,1002,0,Kauri Partners,Legal,1,0,
D202819,C102828,24/07/2024,26/08/2024,Closed Won,PM,People Management,Partners,dt,1721,0,Alpha Harbour Services,Legal,11,0,1/09/2024
D202820,C104846,18/11/2024,,Open,PM,People Management,Direct,mkoenen,1956,0,Tui Atlas Group,Manufacturing,35,0,1/04/2025
D202821,C104185,17/01/2025,26/02/2025,Closed Won,PAYROLL_DIY,Payroll DIY,Direct,dt,2141,0,Nimbus Partners,Retail,18,0,1/04/2025
D202822,C104990,28/04/2025,23/06/2025,Closed Won,PM,People Management,Direct,awong,1104,0,Beta Holdings,Manufacturing,8,0,1/07/2025
D202823,C101823,17/05/2025,3/06/2025,Closed Won,PM,People Management,Partners,nobody,1978,0,Nimbus Harbour Services,Healthcare,29,0,1/07/2025
D202824,C104470,24/01/2024,3/03/2024,Closed Won,ADD_ON_TKR,TKR Add-on,Partners,awong,1155,0,Wenita Group,Healthcare,1,0,1/03/2024
D202825,C103351,3/03/2024,15/04/2024,Closed Won,ADD_ON_TKR,TKR Add-on,Direct,mkoenen,774,0,Alpha Trust,Construction,16,0,1/04/2024
D202826,C104908,11/04/2024,25/04/2024,Closed Won,PM,People Management,Direct,mkoenen,0,0,Rimu Harbour Trust,Manufacturing,74,0,1/05/2024
D202827,C102551,29/04/2025,15/06/2025,Closed Lost,PAYROLL_MPS,Managed Payroll,Direct,unassigned,5866,0,Kauri Limited,Healthcare,1,0,
D202828,C100524,7/03/2025,8/04/2025,Closed Won,PAYROLL_MPS,Managed Payroll,Direct,mkoenen,4790,0,Duncan Air Services,Accounting,1,0,1/04/2025
D202829,C104523,1/03/2025,19/03/2025,Closed Lost,ADD_ON_TKR,TKR Add-on,Partners,mkoenen,776,0,Beta Co.,Retail,1,1,
D202830,C101532,17/07/2024,12/09/2024,Closed Won,PM,People Management,Partners,mkoenen,856,0,Harbour Limited,Healthcare,17,0,1/09/2024
D202831,C101610,7/01/2024,27/03/2024,Closed Won,PAYROLL_MPS,Managed Payroll,Direct,shao,2538,0,Harbour Partners,Legal,39,0,1/04/2024
D202832,C101408,28/05/2025,8/06/2025,Closed Won,PM,People Management,Direct,unassigned,310,0,Kauri Ltd,Construction,41,0,1/06/2025
D202833,C104185,5/01/2024,14/02/2024,Closed Won,PAYROLL_MPS,Managed Payroll,Direct,shao,4138,0,Nimbus Partners,Retail,18,0,1/03/2024
D202834,C104310,28/03/2024,24/05/2024,Closed Lost,ADD_ON_TKR,TKR Add-on,Direct,dt,523,0,Wenita Nimbus Ltd,Education,7,0,
D202835,C104351,19/04/2024,22/04/2024,Closed Won,PM,People Management,Direct,shao,1811,0,Ohomairangi Ohomairangi Ltd,Legal,15,0,1/05/2024
D202836,C100876,8/07/2024,,Open,PAYROLL_MPS,Managed Payroll,Direct,mkoenen,5421,0,Ohomairangi Kea Services,Software,37,0,1/08/2024
D202837,C101161,19/06/2024,23/07/2024,Closed Won,PAYROLL_MPS,Managed Payroll,Partners,dinkster,1795,0,Wenita Limited,Retail,1,0,1/09/2024
D202838,C102234,6/12/2024,13/12/2024,Closed Won,PM,People Management,Direct,awong,1971,0,Atlas Holdings,Software,44,0,1/01/2025
D202839,C103043,6/05/2024,3/08/2024,Closed Won,PAYROLL_DIY,Payroll DIY,Partners,awong,2316,0,Kauri Harbour Group,Retail,1,0,1/09/2024
D202840,C100488,18/03/2024,9/04/2024,Closed Won,ADD_ON_TKR,TKR Add-on,Partners,awong,685,0,Ohomairangi Ltd,Education,38,0,1/04/2024
D202841,C100067,25/03/2025,7/04/2025,Closed Lost,PM,People Management,Direct,mkoenen,1235,0,Atlas Limited,Manufacturing,55,0,
D202842,C103030,23/04/2024,26/05/2024,Closed Won,ADD_ON_TKR,TKR Add-on,Direct,mkoenen,1157,0,Duncan Air Services,Software,1,0,1/06/2024
D202843,C101961,13/12/2024,,Open,PAYROLL_DIY,Payroll DIY,Direct,mkoenen,2018,0,Rimu Group,Retail,51,0,1/02/2025
D202844,C103874,27/02/2024,28/03/2024,Closed Won,PAYROLL_MPS,Managed Payroll,Partners,mkoenen,4350,0,Tui Holdings,Retail,26,0,1/05/2024
D202845,C103454,15/07/2024,,Open,ADD_ON_TKR,TKR Add-on,Partners,awong,275,0,Alpha Rimu Trust,Software,33,0,1/02/2025
D202846,C102708,2/06/2025,15/06/2025,Closed Lost,PM,People Management,Partners,mkoenen,2343,0,Nimbus Limited,Construction,38,0,1/06/2025
D202847,C103550,14/05/2024,,Open,ADD_ON_TKR,TKR Add-on,Direct,awong,912,0,Wenita Holdings,Construction,3,0,1/06/2024
D202848,C101413,3/02/2024,4/04/2024,Closed Won,PAYROLL_MPS,Managed Payroll,Partners,shao,4690,0,Ohomairangi Limited,Retail,55,0,1/04/2024
D202849,C100076,23/04/2025,,Open,ADD_ON_TKR,TKR Add-on,Direct,mkoenen,686,0,Alpha Limited,Retail,35,0,1/04/2025
D202850,C103820,1/12/2024,27/01/2025,Closed Won,PM,People Management,Direct,dinkster,1237,0,Nimbus Ltd,Healthcare,7,0,1/03/2025
D202851,C101429,28/02/2025,,Open,PM,People Management,Direct,dt,733,0,Wenita Services,Education,110,0,1/06/2025
D202852,C101910,12/07/2024,10/10/2024,Closed Won,PM,People Management,Direct,dinkster,165,0,Eurotec Services,Healthcare,80,0,1/11/2024
D202853,C103718,1/04/2024,9/06/2024,Closed Won,ADD_ON_TKR,TKR Add-on,Direct,mkoenen,454,0,Summit Wenita Ltd,Healthcare,80,1,1/06/2024
D202854,C104035,28/05/2025,6/08/2025,Closed Won,ADD_ON_TKR,TKR Add-on,Partners,unassigned,342,0,Kea Trust,Legal,24,0,1/08/2025
D202855,C103692,28/04/2025,8/06/2025,Closed Won,PM,People Management,Direct,awong_tmp,827,0,Pivot Ltd,Manufacturing,18,0,1/07/2025
D202856,C104797,5/10/2024,24/11/2024,Closed Won,ADD_ON_TKR,TKR Add-on,Direct,dinkster,352,0,Pivot Harbour Co.,Healthcare,1,0,1/01/2025
D202857,C103028,9/06/2024,,Open,ADD_ON_TKR,TKR Add-on,Direct,mkoenen,1059,0,Eurotec Eurotec Group,Construction,1,0,1/07/2024
D202858,C100942,28/01/2024,3/03/2024,Closed Won,PAYROLL_DIY,Payroll DIY,Partners,unassigned,1338,0,Ohomairangi Co.,Manufacturing,12,0,1/03/2024
D202859,C101876,2/02/2024,4/02/2024,Closed Lost,PM,People Management,Direct,shao,1304,0,Kea Ltd,Education,16,0,
D202860,C104316,13/03/2025,16/03/2025,Closed Won,PM,People Management,Partners,unassigned,1328,0,Duncan Air Group,Construction,63,0,1/04/2025
D202861,C102406,4/10/2024,,Open,PAYROLL_DIY,Payroll DIY,Partners,mkoenen,2452,0,Nimbus Trust,Software,25,0,1/11/2024
D202862,C100254,11/01/2024,23/03/2024,Closed Won,PAYROLL_MPS,Managed Payroll,Direct,mkoenen,4683,0,Alpha Partners,Manufacturing,45,0,1/04/2024
D202863,C102610,26/05/2024,18/06/2024,Closed Won,PAYROLL_DIY,Payroll DIY,Partners,unassigned,1917,0,Atlas Trust,Construction,4,0,1/06/2024
D202864,C104033,16/11/2024,30/11/2024,Closed Lost,ADD_ON_TKR,TKR Add-on,Partners,shao,304,0,Ohomairangi Services,Retail,98,1,
D202865,C104216,4/04/2025,,Open,PM,People Management,Direct,unassigned,1514,0,Harbour Kauri Partners,Legal,31,0,1/06/2024
D202866,C104569,21/03/2024,,Open,PAYROLL_MPS,Managed Payroll,Direct,shao,4808,0,Nimbus Services,Accounting,68,0,1/09/2024
D202867,C103357,11/03/2025,12/05/2025,Closed Lost,ADD_ON_TKR,TKR Add-on,Partners,dt,722,0,Wenita Wenita Services,Healthcare,44,0,
D202868,C101965,21/04/2025,,Open,PAYROLL_DIY,Payroll DIY,Partners,awong,2368,0,Eurotec Ltd,Manufacturing,12,0,1/05/2024
D202869,C102819,28/09/2024,16/12/2024,Closed Lost,PAYROLL_DIY,Payroll DIY,Partners,dt,2422,0,Alpha Holdings,Software,52,1,
D202870,C104480,20/07/2024,13/10/2024,Closed Won,PM,People Management,Partners,shao,661,0,Kauri Co.,Software,18,0,1/11/2024
D202871,C100695,27/02/2024,25/04/2024,Closed Won,PAYROLL_DIY,Payroll DIY,Partners,dinkster,1710,0,Duncan Air Co.,Retail,26,0,1/05/2024
D202872,C101594,3/06/2025,28/07/2025,Closed Won,PAYROLL_MPS,Managed Payroll,Direct,nobody,5176,0,Kauri Summit Group,Education,21,0,1/09/2025
D202873,C100027,18/04/2024,8/06/2024,Closed Won,PAYROLL_MPS,Managed Payroll,Partners,unassigned,7474,0,Summit Limited,Education,51,0,1/07/2024
D202874,C101794,13/11/2024,,Open,ADD_ON_TKR,TKR Add-on,Partners,unassigned,814,0,Kea Services,Manufacturing,12,1,1/11/2024
D202875,C101078,24/09/2024,5/10/2024,Closed Won,PAYROLL_DIY,Payroll DIY,Partners,mkoenen,1988,0,Harbour Services,Manufacturing,44,0,1/10/2024
D202876,C103735,29/04/2024,20/06/2024,Closed Lost,PM,People Management,Partners,mkoenen,810,0,Wenita Trust,Legal,31,0,
D202877,C101504,26/03/2024,23/04/2024,Closed Lost,ADD_ON_TKR,TKR Add-on,Partners,dt,1124,0,Alpha Alpha Partners,Education,19,0,
D202878,C100603,12/06/2024,,Open,PAYROLL_MPS,Managed Payroll,Partners,dt,163,0,Tui Atlas Partners,Accounting,17,0,1/08/2024
D202879,C101115,4/05/2024,13/05/2024,Closed Lost,PAYROLL_DIY,Payroll DIY,Direct,dt,2580,0,Duncan Air Co.,Education,1,0,
D202880,C100391,21/06/2024,,Open,PAYROLL_MPS,Managed Payroll,Partners,mkoenen,4573,0,Eurotec Beta Partners,Manufacturing,39,0,1/06/2024
D202881,C100628,8/08/2024,,Open,PAYROLL_DIY,Payroll DIY,Direct,shao,759,0,Alpha Limited,Accounting,17,1,1/03/2024
D202882,C104983,21/10/2024,24/12/2024,Closed Lost,PAYROLL_MPS,Managed Payroll,Partners,mkoenen,6218,0,Summit Eurotec Group,Construction,16,0,
D202883,C104688,4/12/2024,,Open,PM,People Management,Partners,dt,2593,0,Ohomairangi Services,Accounting,49,0,1/02/2025
D202884,C103740,15/02/2025,24/02/2025,Closed Won,PAYROLL_MPS,Managed Payroll,Direct,mkoenen,2105,0,Beta Co.,Healthcare,13,0,1/03/2025
D202885,C101517,11/07/2024,8/08/2024,Closed Lost,PAYROLL_MPS,Managed Payroll,Partners,mkoenen,6041,0,Nimbus Ltd,Software,12,0,
D202886,C103043,25/11/2024,,Open,PM,People Management,Partners,awong,1373,0,Kauri Harbour Group,Retail,1,0,1/05/2025
D202887,C100358,24/01/2025,,Open,PAYROLL_MPS,Managed Payroll,Partners,shao,9536,0,Duncan Air Holdings,Education,7,0,1/06/2024
D202888,C103947,23/11/2024,11/02/2025,Closed Won,PAYROLL_MPS,Managed Payroll,Direct,dt,3667,0,Beta Limited,Retail,39,0,1/03/2025
D202889,C102538,9/06/2025,2/08/2025,Closed Won,PM,People Management,Direct,awong,1078,0,Beta Beta Group,Education,17,0,1/08/2025
D202890,C100374,19/01/2024,14/03/2024,Closed Won,PAYROLL_MPS,Managed Payroll,Partners,mkoenen,-4340,0,Atlas Ohomairangi Limited,Accounting,49,0,1/04/2024
D202891,C101376,13/03/2024,18/03/2024,Closed Lost,PAYROLL_MPS,Managed Payroll,Direct,mkoenen,2094,0,Duncan Air Holdings,Education,1,0,
D202892,C102340,3/06/2025,,Open,PAYROLL_DIY,Payroll DIY,Direct,mkoenen,0,0,Duncan Air Limited,Construction,33,0,1/07/2025
D202893,C102966,26/01/2024,21/04/2024,Closed Won,PAYROLL_MPS,Managed Payroll,Partners,mkoenen,7227,0,Pivot Holdings,Manufacturing,50,0,1/05/2024
D202894,C100620,4/01/2025,12/03/2025,Closed Won,ADD_ON_TKR,TKR Add-on,Direct,unassigned,901,0,Wenita Alpha Co.,Software,71,0,1/04/2025
D202895,C100658,17/05/2025,9/08/2025,Closed Won,PAYROLL_DIY,Payroll DIY,Direct,mkoenen,2204,0,Eurotec Partners,Accounting,1,0,1/09/2025
D202896,C102068,5/08/2024,3/09/2024,Closed Won,ADD_ON_TKR,TKR Add-on,Partners,awong,889,0,Tui Group,Legal,9,0,1/09/2024
D202897,C101192,19/10/2024,,Open,PAYROLL_MPS,Managed Payroll,Direct,shao,6187,0,Nimbus Holdings,Manufacturing,20,0,1/07/2025
D202898,C102026,7/09/2024,8/10/2024,Closed Won,PAYROLL_MPS,Managed Payroll,Partners,awong,3578,0,Tui Limited,Construction,26,0,1/10/2024
D202899,C104086,28/12/2024,6/02/2025,Closed Won,PM,People Management,Direct,mkoenen,865,0,Kauri Limited,Manufacturing,1,0,1/03/2025
D202900,C104223,26/03/2024,8/06/2024,Closed Lost,PAYROLL_MPS,Managed Payroll,Partners,unassigned,3480,0,Atlas Co.,Healthcare,1,0,
D202901,C101854,30/12/2024,,Open,ADD_ON_TKR,TKR Add-on,Partners,shao,1518,0,Rimu Trust,Legal,1,0,1/07/2024
D202902,C101805,16/05/2025,,Open,PAYROLL_DIY,Payroll DIY,Direct,dt,759,0,Tui Eurotec Trust,Legal,1,0,1/09/2025
D202903,C102863,17/12/2024,4/03/2025,Closed Won,PM,People Management,Partners,dinkster,1461,0,Rimu Co.,Legal,1,0,1/04/2025
D202904,C101822,15/05/2025,26/07/2025,Closed Won,PAYROLL_MPS,Managed Payroll,Direct,shao,2816,0,Duncan Air Pivot Holdings,Accounting,1,0,1/08/2025
D202905,C101793,19/05/2025,31/05/2025,Closed Won,PAYROLL_MPS,Managed Payroll,Direct,awong,3909,0,Eurotec Partners,Legal,1,0,1/06/2025
D202906,C103441,15/09/2024,3/11/2024,Closed Won,ADD_ON_TKR,TKR Add-on,Partners,dinkster,65,0,Eurotec Kauri Ltd,Retail,1,0,1/11/2024
D202907,C104422,16/08/2024,,Open,PAYROLL_MPS,Managed Payroll,Direct,dinkster,4744,0,Duncan Air Partners,Healthcare,12,0,1/01/2025
D202908,C100140,5/05/2024,15/07/2024,Closed Won,PM,People Management,Direct,awong,1184,0,Nimbus Nimbus Services,Healthcare,1,0,1/08/2024
D202909,C100193,11/05/2024,22/05/2024,Closed Won,ADD_ON_TKR,TKR Add-on,Direct,dt,960,0,Alpha Nimbus Partners,Construction,45,0,1/06/2024
D202910,C103250,7/02/2025,20/04/2025,Closed Lost,ADD_ON_TKR,TKR Add-on,Partners,nobody,43,0,Nimbus Kauri Co.,Accounting,16,0,
D202911,C104422,21/02/2025,,Open,ADD_ON_TKR,TKR Add-on,Partners,mkoenen,46,0,Duncan Air Partners,Healthcare,12,0,1/05/2025
D202912,C102719,23/03/2024,26/03/2024,Closed Won,PAYROLL_MPS,Managed Payroll,Partners,dt,4330,0,Harbour Services,Software,62,0,1/04/2024
D202913,C101559,11/05/2024,30/06/2024,Closed Lost,PM,People Management,Partners,shao,1294,0,Ohomairangi Group,Accounting,1,0,
D202914,C101986,14/01/2024,,Open,PM,People Management,Direct,shao,2465,0,Kauri Holdings,Software,28,0,1/06/2025
D202915,C100800,21/01/2025,19/04/2025,Closed Won,PAYROLL_DIY,Payroll DIY,Direct,dinkster,1197,0,Wenita Ltd,Manufacturing,1,0,1/05/2025
D202916,C102065,26/02/2025,,Open,PAYROLL_MPS,Managed Payroll,Direct,dt,6378,0,Kauri Limited,Accounting,33,0,1/07/2024
D202917,C100424,23/06/2025,30/07/2025,Closed Won,ADD_ON_TKR,TKR Add-on,Direct,shao,619,0,Pivot Tui Group,Software,1,0,1/09/2025
D202918,C104352,9/11/2024,,Open,PAYROLL_MPS,Managed Payroll,Direct,shao,3182,0,Pivot Partners,Manufacturing,74,0,1/08/2025
D202919,C102991,5/08/2024,12/10/2024,Closed Lost,PAYROLL_MPS,Managed Payroll,Direct,shao_tmp,4464,0,Summit Ltd,Accounting,33,0,
D202920,C101321,29/05/2025,,Open,PAYROLL_MPS,Managed Payroll,Direct,unassigned,4238,0,Harbour Ltd,Software,1,0,1/03/2024
D202921,C101214,30/07/2024,21/08/2024,Closed Lost,PAYROLL_DIY,Payroll DIY,Direct,unassigned,1615,0,Harbour Holdings,Manufacturing,57,0,
D202922,C100815,6/01/2024,,Open,PAYROLL_DIY,Payroll DIY,Partners,dt,3895,0,Nimbus Ltd,Manufacturing,1,0,1/06/2025
D202923,C104764,24/03/2025,22/05/2025,Closed Lost,ADD_ON_TKR,TKR Add-on,Partners,unassigned,954,0,Harbour Trust,Construction,41,0,
D202924,C102539,8/12/2024,23/02/2025,Closed Won,PM,People Management,Direct,shao,1181,0,Wenita Limited,Construction,29,0,1/03/2025
D202925,C101463,20/12/2024,7/02/2025,Closed Won,PAYROLL_MPS,Managed Payroll,Direct,shao,2651,0,Rimu Co.,Construction,9,0,1/02/2025
D202926,C102238,12/11/2024,,Open,PM,People Management,Direct,awong,1439,0,Rimu Group,Retail,1,0,1/09/2025
D202927,C101754,1/03/2025,11/03/2025,Closed Won,ADD_ON_TKR,TKR Add-on,Direct,mkoenen,229,0,Nimbus Limited,Software,47,1,1/04/2025
D202928,C100253,11/05/2025,1/06/2025,Closed Won,PAYROLL_MPS,Managed Payroll,Partners,mkoenen,4281,0,Tui Ltd,Education,10,0,1/06/2025
D202929,C101734,9/06/2025,18/08/2025,Closed Lost,PAYROLL_DIY,Payroll DIY,Direct,shao,2414,0,Beta Ltd,Accounting,35,0,
D202930,C101709,25/08/2024,8/10/2024,Closed Lost,ADD_ON_TKR,TKR Add-on,Direct,shao,640,0,Harbour Co.,Construction,44,0,
D202931,C101181,3/03/2025,6/03/2025,Closed Won,PAYROLL_DIY,Payroll DIY,Partners,unassigned,1261,0,Eurotec Summit Group,Software,1,0,1/03/2025
D202932,C103198,11/12/2024,,Open,ADD_ON_TKR,TKR Add-on,Partners,awong,645,0,Kea Duncan Air Co.,Education,63,0,1/03/2025
D202933,C101950,5/11/2024,9/11/2024,Closed Won,PM,People Management,Direct,dt,946,0,Kauri Limited,Retail,1,0,1/11/2024
D202934,C100218,11/09/2024,6/11/2024,Closed Lost,ADD_ON_TKR,TKR Add-on,Partners,mkoenen,822,0,Kea Ohomairangi Trust,Construction,1,0,
D202935,C104544,1/05/2025,12/07/2025,Closed Won,PM,People Management,Direct,unassigned,859,0,Rimu Partners,Retail,46,0,1/08/2025
D202936,C103498,27/04/2024,29/06/2024,Closed Won,ADD_ON_TKR,TKR Add-on,Partners,unassigned,664,0,Harbour Holdings,Healthcare,13,0,1/08/2024
D202937,C100328,6/07/2024,27/07/2024,Closed Lost,ADD_ON_TKR,TKR Add-on,Partners,unassigned,1200,0,Kea Holdings,Education,57,0,
D202938,C104462,6/07/2024,13/08/2024,Closed Won,PM,People Management,Partners,mkoenen,467,0,Ohomairangi Nimbus Trust,Software,35,0,1/08/2024
D202939,C103165,7/06/2025,28/06/2025,Closed Won,PAYROLL_DIY,Payroll DIY,Direct,mkoenen,2140,0,Summit Partners,Accounting,44,0,1/08/2025
D202940,C103003,20/08/2024,,Open,PM,People Management,Direct,awong,2285,0,Harbour Summit Holdings,Healthcare,42,0,1/11/2024
D202941,C104054,10/04/2025,5/05/2025,Closed Lost,PAYROLL_DIY,Payroll DIY,Direct,shao,1599,0,Summit Co.,Retail,18,0,
D202942,C100399,12/05/2025,15/05/2025,Closed Won,PAYROLL_DIY,Payroll DIY,Direct,shao,2217,0,Eurotec Co.,Software,1,0,1/06/2025
D202943,C102775,14/01/2025,10/03/2025,Closed Won,PAYROLL_MPS,Managed Payroll,Partners,awong,3302,0,Kauri Group,Manufacturing,1,0,1/04/2025
D202944,C102258,25/02/2024,23/04/2024,Closed Won,ADD_ON_TKR,TKR Add-on,Partners,unassigned,337,0,Beta Ltd,Software,9,0,1/05/2024
D202945,C103455,26/11/2024,10/01/2025,Closed Won,PAYROLL_DIY,Payroll DIY,Direct,mkoenen,916,0,Beta Services,Retail,4,1,1/01/2025
D202946,C102232,17/06/2024,,Open,PAYROLL_DIY,Payroll DIY,Partners,awong,0,0,Duncan Air Wenita Limited,Healthcare,86,1,1/01/2025
D202947,C100487,28/01/2024,5/04/2024,Closed Won,PM,People Management,Partners,dinkster,1644,0,Tui Limited,Construction,7,0,1/05/2024
D202948,C101967,30/07/2024,22/10/2024,Closed Won,PAYROLL_DIY,Payroll DIY,Direct,shao,3857,0,Rimu Limited,Manufacturing,75,0,1/12/2024
D202949,C103217,7/06/2024,10/08/2024,Closed Won,ADD_ON_TKR,TKR Add-on,Direct,shao,476,0,Nimbus Trust,Construction,32,0,1/08/2024
D202950,C103240,5/03/2025,,Open,PAYROLL_DIY,Payroll DIY,Direct,awong,1647,0,Nimbus Group,Legal,6,0,1/04/2024
D202951,C103149,17/03/2025,30/04/2025,Closed Won,PM,People Management,Direct,unassigned,1238,0,Nimbus Holdings,Construction,14,0,1/05/2025
D202952,C104978,10/03/2024,29/04/2024,Closed Lost,PAYROLL_DIY,Payroll DIY,Partners,dt,507,0,Kauri Partners,Software,16,0,
D202953,C101416,22/05/2024,,Open,PM,People Management,Partners,mkoenen,1549,0,Summit Holdings,Education,36,0,1/07/2024
D202954,C102824,14/02/2024,3/05/2024,Closed Won,PAYROLL_DIY,Payroll DIY,Partners,mkoenen,1683,0,Summit Alpha Trust,Accounting,48,0,1/05/2024
D202955,C100640,2/03/2025,18/03/2025,Closed Lost,PAYROLL_MPS,Managed Payroll,Direct,shao,6960,0,Beta Partners,Education,60,0,
D202956,C100254,2/10/2024,27/10/2024,Closed Lost,PAYROLL_MPS,Managed Payroll,Partners,dinkster,4397,0,Alpha Partners,Manufacturing,45,0,
D202957,C103406,8/04/2024,,Open,PAYROLL_MPS,Managed Payroll,Partners,dt,3280,0,Nimbus Eurotec Trust,Healthcare,44,0,1/04/2024
D202958,C103820,4/11/2024,7/11/2024,Closed Lost,ADD_ON_TKR,TKR Add-on,Partners,dt,1630,0,Nimbus Ltd,Healthcare,7,0,
D202959,C104445,11/04/2024,7/06/2024,Closed Won,PAYROLL_DIY,Payroll DIY,Partners,awong,156,0,Harbour Group,Accounting,70,0,1/07/2024
D202960,C104505,24/03/2025,24/05/2025,Closed Won,PAYROLL_DIY,Payroll DIY,Partners,mkoenen,598,0,Wenita Trust,Manufacturing,32,0,1/06/2025
D202961,C101495,25/04/2024,22/06/2024,Closed Lost,ADD_ON_TKR,TKR Add-on,Partners,dinkster,1780,0,Kea Co.,Accounting,24,0,1/07/2024
D202962,C103355,30/01/2024,14/03/2024,Closed Won,ADD_ON_TKR,TKR Add-on,Direct,shao,113,0,Ohomairangi Limited,Accounting,17,0,1/04/2024
D202963,C103456,18/05/2024,7/08/2024,Closed Won,PAYROLL_DIY,Payroll DIY,Direct,mkoenen,4517,0,Duncan Air Co.,Healthcare,29,0,1/08/2024
D202964,C104307,26/10/2024,15/12/2024,Closed Won,ADD_ON_TKR,TKR Add-on,Partners,awong,1086,0,Summit Kea Holdings,Healthcare,1,0,1/01/2025
D202965,C103081,25/08/2024,,Open,PAYROLL_DIY,Payroll DIY,Direct,unassigned,2121,0,Nimbus Kea Partners,Healthcare,22,0,1/07/2024
D202966,C101122,5/04/2024,10/05/2024,Closed Won,PAYROLL_DIY,Payroll DIY,Direct,shao,4173,0,Harbour Trust,Manufacturing,72,0,1/05/2024
D202967,C100552,19/07/2024,,Open,PAYROLL_MPS,Managed Payroll,Partners,unassigned,5646,0,Pivot Co.,Construction,15,0,1/10/2024
D202968,C102469,18/09/2024,17/11/2024,Closed Won,PAYROLL_DIY,Payroll DIY,Direct,dt,3368,0,Summit Ltd,Manufacturing,16,0,1/11/2024
D202969,C101097,19/06/2024,,Open,PAYROLL_MPS,Managed Payroll,Direct,awong,8001,0,Ohomairangi Limited,Education,6,0,1/05/2024
D202970,C102546,9/05/2025,,Open,ADD_ON_TKR,TKR Add-on,Direct,dinkster,535,0,Duncan Air Partners,Software,8,0,1/04/2025
D202971,C101865,21/03/2024,,Open,PAYROLL_MPS,Managed Payroll,Direct,mkoenen,887,0,Pivot Limited,Construction,65,0,1/04/2025
D202972,C102539,7/09/2024,,Open,PAYROLL_MPS,Managed Payroll,Partners,dinkster,6138,0,Wenita Limited,Construction,29,0,1/04/2024
D202973,C103752,18/06/2025,,Open,PM,People Management,Direct,nobody,1790,0,Harbour Ltd,Legal,21,0,1/08/2024
D202974,C104321,6/04/2025,12/05/2025,Closed Won,PAYROLL_MPS,Managed Payroll,Partners,_tmp,6182,0,Atlas Co.,Manufacturing,18,0,1/05/2025
D202975,C103426,20/07/2024,2/10/2024,Closed Won,PAYROLL_MPS,Managed Payroll,Partners,awong,7644,0,Duncan Air Tui Group,Healthcare,55,0,1/10/2024
D202976,C103403,5/02/2024,,Open,ADD_ON_TKR,TKR Add-on,Direct,shao,59,0,Atlas Holdings,Education,1,0,1/10/2024
D202977,C100262,10/04/2025,20/04/2025,Closed Won,PAYROLL_DIY,Payroll DIY,Partners,mkoenen,961,0,Atlas Kea Partners,Retail,32,0,1/05/2025
D202978,C103034,26/08/2024,29/08/2024,Closed Won,PAYROLL_DIY,Payroll DIY,Direct,mkoenen,956,0,Rimu Limited,Accounting,20,0,1/10/2024
D202979,C104638,4/12/2024,31/12/2024,Closed Won,PAYROLL_DIY,Payroll DIY,Partners,awong,2320,0,Tui Kea Services,Healthcare,28,1,1/02/2025
D202980,C101410,28/04/2024,11/07/2024,Closed Won,PAYROLL_MPS,Managed Payroll,Direct,awong,3445,0,Alpha Partners,Accounting,1,0,1/07/2024
D202981,C104517,24/04/2025,8/05/2025,Closed Won,ADD_ON_TKR,TKR Add-on,Partners,awong,513,0,Summit Group,Healthcare,1,0,1/06/2025
D202982,C104698,9/06/2024,9/08/2024,Closed Won,PAYROLL_MPS,Managed Payroll,Partners,dt,2842,0,Harbour Limited,Retail,64,0,1/08/2024
D202983,C102714,9/05/2025,15/05/2025,Closed Won,PAYROLL_MPS,Managed Payroll,Partners,awong,7009,0,Ohomairangi Group,Construction,14,0,1/06/2025
D202984,C104067,23/08/2024,12/09/2024,Closed Lost,ADD_ON_TKR,TKR Add-on,Direct,dinkster,1740,0,Kea Limited,Legal,27,0,
D202985,C100991,9/06/2024,,Open,PM,People Management,Direct,unassigned,1454,0,Harbour Holdings,Construction,37,0,1/08/2024
D202986,C101430,23/06/2025,28/07/2025,Closed Won,ADD_ON_TKR,TKR Add-on,Direct,shao,930,0,Harbour Ltd,Legal,52,0,1/09/2025
D202987,C100700,28/02/2024,,Open,PAYROLL_DIY,Payroll DIY,Direct,awong,2543,0,Rimu Partners,Retail,13,0,1/03/2024
D202988,C101880,7/06/2025,24/07/2025,Closed Won,ADD_ON_TKR,TKR Add-on,Direct,dt,652,0,Nimbus Trust,Software,25,0,1/08/2025
D202989,C103147,26/06/2024,,Open,PAYROLL_DIY,Payroll DIY,Direct,shao,2442,0,Kea Co.,Education,82,0,1/08/2024
D202990,C102818,4/05/2025,,Open,PAYROLL_DIY,Payroll DIY,Direct,dinkster,1939,0,Alpha Limited,Manufacturing,41,0,1/11/2024
D202991,C104430,19/08/2024,13/10/2024,Closed Won,PAYROLL_MPS,Managed Payroll,Partners,awong,4149,0,Nimbus Services,Education,82,0,1/10/2024
D202992,C102911,8/01/2025,6/02/2025,Closed Won,PAYROLL_DIY,Payroll DIY,Direct,awong,3293,0,Kauri Pivot Ltd,Education,16,0,1/03/2025
D202993,C101496,30/04/2025,10/05/2025,Closed Won,PM,People Management,Direct,shao,86,0,Summit Beta Co.,Education,1,0,1/06/2025
D202994,C104988,22/05/2025,27/06/2025,Closed Lost,ADD_ON_TKR,TKR Add-on,Partners,awong,1173,0,Alpha Beta Group,Education,1,1,
D202995,C104311,16/10/2024,,Open,PAYROLL_MPS,Managed Payroll,Partners,shao,2405,0,Pivot Eurotec Partners,Education,27,0,1/08/2025
D202996,C101550,1/06/2024,19/06/2024,Closed Won,PAYROLL_MPS,Managed Payroll,Direct,dt,3994,0,Summit Co.,Legal,71,0,1/07/2024
D202997,C103604,17/04/2024,,Open,PM,People Management,Direct,awong,880,0,Wenita Limited,Manufacturing,31,0,1/05/2025
D202998,C100951,12/11/2024,7/02/2025,Closed Lost,PAYROLL_DIY,Payroll DIY,Direct,dt,2581,0,Eurotec Partners,Manufacturing,13,0,
D202999,C100799,28/06/2024,,Open,PAYROLL_MPS,Managed Payroll,Direct,dinkster,723,0,Tui Partners,Software,16,0,1/03/2025
D203000,C103495,7/04/2025,30/04/2025,Closed Won,PM,People Management,Direct,awong,373,0,Kauri Kea Trust,Retail,1,0,1/05/2025
D203001,C103795,28/02/2025,30/04/2025,Closed Won,PM,People Management,Partners,mkoenen,524,0,Ohomairangi Trust,Retail,71,1,1/05/2025
D203002,C103978,28/06/2024,11/09/2024,Closed Won,PAYROLL_MPS,Managed Payroll,Partners,dt,7442,0,Eurotec Limited,Manufacturing,38,0,1/10/2024
D203003,C101455,29/06/2025,31/07/2025,Closed Won,PM,People Management,Partners,unassigned,1537,0,Kauri Tui Holdings,Healthcare,1,0,1/08/2025
D203004,C103760,16/07/2024,27/07/2024,Closed Won,PAYROLL_MPS,Managed Payroll,Partners,dinkster,2009,0,Duncan Air Holdings,Healthcare,31,0,1/08/2024
D203005,C102558,17/08/2024,7/09/2024,Closed Won,PAYROLL_DIY,Payroll DIY,Partners,mkoenen,1417,0,Duncan Air Limited,Construction,29,1,1/10/2024
D203006,C101190,5/02/2024,1/04/2024,Closed Lost,PAYROLL_DIY,Payroll DIY,Partners,mkoenen,2032,0,Duncan Air Services,Healthcare,60,0,
D203007,C104330,16/02/2024,,Open,PAYROLL_DIY,Payroll DIY,Partners,dt,1762,0,Kauri Holdings,Retail,1,0,1/08/2024
D203008,C104955,23/01/2024,25/02/2024,Closed Won,PAYROLL_DIY,Payroll DIY,Partners,unassigned,1684,0,Summit Alpha Limited,Software,37,0,1/03/2024
D203009,C100115,21/04/2025,18/05/2025,Closed Lost,ADD_ON_TKR,TKR Add-on,Direct,shao,653,0,Eurotec Nimbus Trust,Construction,27,0,
D203010,C102047,15/06/2024,,Open,PAYROLL_MPS,Managed Payroll,Partners,shao,2124,0,Kea Beta Partners,Legal,9,0,1/03/2024
D203011,C103738,22/03/2024,,Open,PAYROLL_DIY,Payroll DIY,Direct,awong,694,0,Ohomairangi Group,Legal,45,0,1/04/2025
D203012,C104911,18/02/2025,5/03/2025,Closed Won,ADD_ON_TKR,TKR Add-on,Partners,dt,981,0,Kea Ltd,Software,31,0,1/03/2025
D203013,C104470,26/06/2024,23/09/2024,Closed Won,PM,People Management,Partners,awong,1719,0,Wenita Group,Healthcare,1,0,1/10/2024
D203014,C101130,7/04/2025,25/04/2025,Closed Won,PAYROLL_DIY,Payroll DIY,Partners,awong,3541,0,Eurotec Group,Retail,31,0,1/05/2025
D203015,C101793,21/04/2024,,Open,ADD_ON_TKR,TKR Add-on,Direct,dinkster,156,0,Eurotec Partners,Legal,1,0,1/04/2025
D203016,C103533,14/05/2025,26/05/2025,Closed Won,ADD_ON_TKR,TKR Add-on,Partners,awong,1316,0,Alpha Group,Accounting,1,0,1/07/2025
D203017,C103092,8/06/2025,,Open,PAYROLL_MPS,Managed Payroll,Partners,awong,2816,0,Eurotec Co.,Manufacturing,2,0,1/07/2025
D203018,C104114,12/04/2025,11/07/2025,Closed Won,PM,People Management,Direct,mkoenen,1081,0,Kea Ohomairangi Ltd,Legal,61,0,1/08/2025
D203019,C104615,19/03/2024,13/06/2024,Closed Lost,PAYROLL_MPS,Managed Payroll,Partners,dt,1024,0,Duncan Air Ohomairangi Partners,Manufacturing,31,0,
D203020,C100660,16/05/2024,6/07/2024,Closed Lost,PAYROLL_DIY,Payroll DIY,Direct,dt,1292,0,Wenita Partners,Education,1,0,
D203021,C102878,14/07/2024,24/09/2024,Closed Lost,PAYROLL_MPS,Managed Payroll,Partners,mkoenen,3993,0,Kauri Tui Limited,Construction,1,0,
D203022,C103453,10/11/2024,,Open,PAYROLL_MPS,Managed Payroll,Partners,unassigned,4413,0,Alpha Limited,Construction,3,0,1/09/2025
D203023,C102787,20/05/2024,7/08/2024,Closed Won,PM,People Management,Direct,dinkster,1448,0,Alpha Nimbus Partners,Retail,1,0,1/09/2024
D203024,C101161,11/05/2025,14/06/2025,Closed Won,ADD_ON_TKR,TKR Add-on,Partners,dt,0,0,Wenita Limited,Retail,1,0,1/07/2025
D203025,C103291,6/02/2025,,Open,PAYROLL_DIY,Payroll DIY,Direct,dt,3613,0,Kauri Partners,Construction,19,0,1/10/2024
D203026,C101657,29/12/2024,,Open,PAYROLL_DIY,Payroll DIY,Direct,awong,2940,0,Harbour Trust,Manufacturing,29,0,1/06/2025
D203027,C102774,8/01/2025,4/02/2025,Closed Lost,ADD_ON_TKR,TKR Add-on,Direct,unassigned,845,0,Eurotec Pivot Co.,Healthcare,77,0,
D203028,C100177,9/12/2024,,Open,PM,People Management,Direct,shao,1551,0,Summit Limited,Education,36,0,1/10/2024
D203029,C101493,17/10/2024,,Open,ADD_ON_TKR,TKR Add-on,Direct,mkoenen,814,0,Wenita Co.,Healthcare,1,0,1/06/2024
D203030,C104303,9/05/2025,,Open,PAYROLL_DIY,Payroll DIY,Direct,shao,1870,0,Ohomairangi Group,Retail,1,0,1/03/2024
D203031,C100183,26/02/2025,7/04/2025,Closed Won,PAYROLL_DIY,Payroll DIY,Partners,dt,1542,0,Wenita Limited,Software,33,0,1/05/2025
D203032,C104397,22/05/2025,4/06/2025,Closed Lost,PM,People Management,Partners,awong,758,0,Kea Holdings,Legal,8,0,
D203033,C104688,6/07/2024,16/09/2024,Closed Won,PAYROLL_DIY,Payroll DIY,Partners,dinkster,2192,0,Ohomairangi Services,Accounting,49,0,1/09/2024
D203034,C103281,9/01/2025,20/02/2025,Closed Won,PAYROLL_DIY,Payroll DIY,Direct,unassigned,2333,0,Beta Alpha Partners,Accounting,21,0,1/04/2025
D203035,C102710,8/03/2025,24/05/2025,Closed Won,PAYROLL_MPS,Managed Payroll,Partners,mkoenen,4608,0,Alpha Beta Partners,Education,14,0,1/06/2025
D203036,C103797,7/03/2024,,Open,PAYROLL_DIY,Payroll DIY,Partners,dinkster,1407,0,Atlas Pivot Holdings,Accounting,1,0,1/10/2025
D203037,C100954,19/03/2024,,Open,PAYROLL_MPS,Managed Payroll,Partners,dt,3847,0,Summit Beta Group,Retail,33,0,1/03/2025
D203038,C101422,4/06/2025,6/08/2025,Closed Won,PAYROLL_DIY,Payroll DIY,Partners,dinkster,2603,0,Beta Beta Limited,Legal,20,0,1/09/2025
D203039,C100424,17/09/2024,24/09/2024,Closed Won,ADD_ON_TKR,TKR Add-on,Direct,unassigned,970,0,Pivot Tui Group,Software,1,0,1/10/2024
D203040,C103945,13/04/2024,12/06/2024,Closed Won,PAYROLL_DIY,Payroll DIY,Direct,awong,2095,0,Eurotec Beta Co.,Healthcare,24,0,1/07/2024
D203041,C101877,9/12/2024,27/12/2024,Closed Won,PM,People Management,Direct,shao,1106,0,Tui Partners,Retail,79,0,1/01/2025
D203042,C104600,30/11/2024,6/12/2024,Closed Won,PAYROLL_DIY,Payroll DIY,Direct,dt,3349,0,Atlas Ltd,Education,1,0,1/12/2024
D203043,C102938,4/02/2024,24/03/2024,Closed Won,PAYROLL_DIY,Payroll DIY,Partners,dinkster,2512,0,Harbour Group,Retail,23,0,1/04/2024
D203044,C100746,6/10/2024,13/10/2024,Closed Won,PM,People Management,Partners,shao,391,0,Tui Trust,Retail,20,0,1/11/2024
D203045,C100207,15/09/2024,,Open,PM,People Management,Direct,mkoenen,1740,0,Atlas Partners,Construction,51,0,1/06/2024
D203046,C104111,12/01/2025,,Open,ADD_ON_TKR,TKR Add-on,Partners,awong,1003,0,Harbour Co.,Retail,1,0,1/01/2025
D203047,C100636,6/11/2024,14/01/2025,Closed Won,ADD_ON_TKR,TKR Add-on,Direct,mkoenen,330,0,Atlas Beta Group,Healthcare,23,1,1/02/2025
D203048,C102813,2/04/2025,26/04/2025,Closed Won,ADD_ON_TKR,TKR Add-on,Partners,mkoenen,387,0,Ohomairangi Co.,Retail,8,0,1/05/2025
D203049,C101196,3/02/2024,13/04/2024,Closed Lost,PAYROLL_DIY,Payroll DIY,Direct,mkoenen,2384,0,Alpha Limited,Legal,1,0,
D203050,C102016,30/11/2024,20/02/2025,Closed Lost,ADD_ON_TKR,TKR Add-on,Direct,shao,0,0,Pivot Tui Partners,Software,45,0,
D203051,C104684,31/05/2024,20/06/2024,Closed Won,PAYROLL_DIY,Payroll DIY,Partners,dt,2964,0,Tui Eurotec Services,Manufacturing,63,0,1/07/2024
D203052,C102686,2/04/2025,,Open,PM,People Management,Partners,dinkster,1543,0,Nimbus Kea Limited,Construction,18,0,1/01/2025
D203053,C103346,5/03/2024,18/04/2024,Closed Lost,ADD_ON_TKR,TKR Add-on,Partners,dt,1362,0,Pivot Eurotec Limited,Software,34,0,
D203054,C102754,2/05/2024,12/07/2024,Closed Lost,PAYROLL_DIY,Payroll DIY,Partners,dt,1693,0,Kea Group,Education,29,0,
D203055,C103324,17/05/2024,30/06/2024,Closed Lost,PAYROLL_DIY,Payroll DIY,Direct,shao,1932,0,Wenita Ltd,Legal,1,0,
D203056,C100274,1/09/2024,22/09/2024,Closed Won,PM,People Management,Partners,mkoenen,755,0,Kauri Group,Healthcare,1,1,1/11/2024
D203057,C100043,11/03/2025,,Open,PAYROLL_DIY,Payroll DIY,Direct,dt,1138,0,Rimu Partners,Education,44,0,1/10/2024
D203058,C103848,8/06/2024,,Open,ADD_ON_TKR,TKR Add-on,Partners,shao,433,0,Eurotec Co.,Construction,8,0,1/04/2025
D203059,C100294,26/07/2024,1/09/2024,Closed Won,PAYROLL_DIY,Payroll DIY,Partners,awong,1657,0,Pivot Ltd,Accounting,71,0,1/09/2024
D203060,C100334,8/12/2024,,Open,PAYROLL_MPS,Managed Payroll,Direct,unassigned,5755,0,Alpha Services,Healthcare,1,1,1/01/2025
D203061,C100482,15/03/2025,26/05/2025,Closed Won,PM,People Management,Direct,dt,1134,0,Nimbus Limited,Healthcare,5,0,1/07/2025
D203062,C103078,26/08/2024,21/11/2024,Closed Won,PAYROLL_DIY,Payroll DIY,Direct,dinkster,2131,0,Summit Atlas Holdings,Construction,1,0,1/12/2024
D203063,C102431,4/08/2024,8/08/2024,Closed Lost,PM,People Management,Partners,awong,359,0,Kea Services,Manufacturing,41,0,
D203064,C104188,24/05/2024,4/08/2024,Closed Won,PAYROLL_MPS,Managed Payroll,Partners,shao,5774,0,Tui Nimbus Group,Software,1,0,1/09/2024
D203065,C101211,7/06/2024,17/06/2024,Closed Won,PAYROLL_DIY,Payroll DIY,Partners,mkoenen,1743,0,Wenita Partners,Legal,51,1,1/07/2024
D203066,C103960,24/10/2024,,Open,PAYROLL_DIY,Payroll DIY,Direct,dinkster,2112,0,Alpha Limited,Retail,46,0,1/09/2024
D203067,C104927,31/08/2024,13/11/2024,Closed Won,ADD_ON_TKR,TKR Add-on,Direct,mkoenen,291,0,Alpha Ohomairangi Partners,Education,11,1,1/11/2024
D203068,C101970,14/03/2025,,Open,ADD_ON_TKR,TKR Add-on,Direct,dinkster,892,0,Rimu Co.,Software,26,0,1/07/2024
D203069,C103680,4/11/2024,3/01/2025,Closed Won,ADD_ON_TKR,TKR Add-on,Direct,dt,1389,0,Nimbus Duncan Air Services,Retail,1,0,1/01/2025
D203070,C102980,10/03/2024,5/04/2024,Closed Won,PAYROLL_DIY,Payroll DIY,Direct,awong,1652,0,Wenita Duncan Air Group,Legal,67,0,1/05/2024
D203071,C102259,28/02/2024,30/04/2024,Closed Won,PM,People Management,Direct,dinkster,1504,0,Duncan Air Partners,Software,41,0,1/05/2024
D203072,C101117,26/05/2025,14/08/2025,Closed Won,PAYROLL_MPS,Managed Payroll,Direct,mkoenen,6678,0,Beta Partners,Retail,17,0,1/09/2025
D203073,C103988,4/06/2025,,Open,PAYROLL_MPS,Managed Payroll,Partners,dinkster,6135,0,Summit Limited,Software,1,0,1/05/2025
D203074,C101022,20/03/2025,28/03/2025,Closed Won,PM,People Management,Direct,unassigned,1978,0,Eurotec Tui Group,Manufacturing,29,0,1/04/2025
D203075,C103678,12/02/2024,2/03/2024,Closed Won,PAYROLL_DIY,Payroll DIY,Partners,unassigned,2002,0,Kauri Group,Manufacturing,47,0,1/03/2024
D203076,C102318,22/09/2024,,Open,PAYROLL_DIY,Payroll DIY,Direct,dinkster,274,0,Pivot Atlas Group,Education,3,0,1/04/2024
D203077,C103419,2/11/2024,26/11/2024,Closed Lost,PAYROLL_MPS,Managed Payroll,Direct,mkoenen,0,0,Beta Ltd,Accounting,29,0,
D203078,C102940,5/02/2024,,Open,PAYROLL_MPS,Managed Payroll,Direct,dinkster,6888,0,Duncan Air Trust,Legal,23,0,1/04/2025
D203079,C101239,22/11/2024,22/01/2025,Closed Won,ADD_ON_TKR,TKR Add-on,Partners,shao,662,0,Eurotec Ltd,Education,15,0,1/02/2025
D203080,C101976,18/12/2024,2/02/2025,Closed Won,PM,People Management,Partners,shao,1395,0,Eurotec Co.,Education,35,0,1/03/2025
D203081,C104682,10/04/2024,1/07/2024,Closed Lost,PAYROLL_DIY,Payroll DIY,Direct,dinkster,3984,0,Duncan Air Summit Holdings,Manufacturing,2,0,
D203082,C104728,23/12/2024,,Open,PM,People Management,Direct,unassigned,1993,0,Atlas Services,Education,1,0,1/05/2024
D203083,C100447,29/06/2025,,Open,PAYROLL_MPS,Managed Payroll,Direct,shao,6352,0,Wenita Group,Software,26,1,1/10/2024
D203084,C103706,5/03/2025,17/03/2025,Closed Won,ADD_ON_TKR,TKR Add-on,Direct,unassigned,959,0,Alpha Services,Accounting,40,0,1/03/2025
D203085,C100771,26/05/2024,14/06/2024,Closed Won,PAYROLL_DIY,Payroll DIY,Direct,awong,523,0,Summit Wenita Limited,Education,1,0,1/07/2024
D203086,C104410,5/05/2025,7/05/2025,Closed Won,PM,People Management,Partners,dt,1235,0,Kauri Services,Retail,74,0,1/05/2025
D203087,C103117,22/02/2025,30/04/2025,Closed Won,PAYROLL_DIY,Payroll DIY,Partners,shao,3865,0,Tui Holdings,Accounting,63,0,1/05/2025
D203088,C101973,3/08/2024,27/09/2024,Closed Won,PM,People Management,Partners,dt,315,1,Harbour Co.,Education,12,0,1/10/2024
D203089,C102462,19/06/2025,5/08/2025,Closed Lost,PAYROLL_DIY,Payroll DIY,Partners,shao,3410,0,Tui Harbour Limited,Software,44,1,
D203090,C100466,7/05/2025,,Open,PAYROLL_MPS,Managed Payroll,Partners,dt,4728,0,Ohomairangi Trust,Construction,25,0,1/11/2024
D203091,C101198,7/04/2025,,Open,PAYROLL_MPS,Managed Payroll,Partners,awong,3918,0,Duncan Air Group,Construction,6,0,1/09/2024
D203092,C104504,18/10/2024,4/12/2024,Closed Won,PAYROLL_MPS,Managed Payroll,Direct,shao,1394,0,Eurotec Duncan Air Limited,Construction,1,1,1/01/2025
D203093,C102739,1/06/2025,25/08/2025,Closed Won,ADD_ON_TKR,TKR Add-on,Direct,dinkster,757,0,Kauri Harbour Group,Accounting,105,0,1/10/2025
D203094,C103311,25/03/2025,27/03/2025,Closed Won,PAYROLL_MPS,Managed Payroll,Partners,unassigned,6217,0,Summit Ohomairangi Limited,Manufacturing,12,0,1/04/2025
D203095,C103348,29/03/2025,,Open,PM,People Management,Partners,unassigned,0,0,Summit Summit Ltd,Manufacturing,64,0,1/06/2024
D203096,C103957,22/06/2025,15/07/2025,Closed Won,PAYROLL_MPS,Managed Payroll,Partners,dt,5518,0,Beta Limited,Healthcare,79,0,1/07/2025
D203097,C103019,25/08/2024,4/10/2024,Closed Won,PAYROLL_DIY,Payroll DIY,Partners,dt,1510,0,Pivot Group,Healthcare,79,0,1/10/2024
D203098,C104638,9/10/2024,17/12/2024,Closed Won,PAYROLL_MPS,Managed Payroll,Partners,dt_tmp,1952,0,Tui Kea Services,Healthcare,28,1,1/01/2025
D203099,C104801,16/07/2024,11/09/2024,Closed Won,ADD_ON_TKR,TKR Add-on,Partners,dinkster,564,0,Tui Eurotec Trust,Construction,30,0,1/10/2024
D203100,C102907,12/05/2024,,Open,PAYROLL_MPS,Managed Payroll,Direct,unassigned,3518,0,Rimu Alpha Limited,Retail,60,0,1/08/2025
D203101,C101576,22/02/2024,21/05/2024,Closed Won,ADD_ON_TKR,TKR Add-on,Direct,unassigned,975,0,Nimbus Ltd,Manufacturing,49,1,1/06/2024
D203102,C100459,22/07/2024,,Open,PAYROLL_MPS,Managed Payroll,Direct,awong,7365,0,Eurotec Co.,Manufacturing,22,0,1/07/2025
D203103,C101614,8/05/2024,22/06/2024,Closed Won,ADD_ON_TKR,TKR Add-on,Partners,dinkster,466,0,Atlas Alpha Co.,Construction,1,0,1/07/2024
D203104,C104265,28/08/2024,15/09/2024,Closed Won,PAYROLL_DIY,Payroll DIY,Partners,unassigned_tmp,2036,0,Kauri Ltd,Education,68,0,1/10/2024
D203105,C100533,1/07/2025,,Open,PAYROLL_DIY,Payroll DIY,Partners,unassigned,1700,0,Eurotec Co.,Education,62,0,1/07/2025
D203106,C100690,4/05/2024,,Open,PM,People Management,Direct,dt,1316,0,Ohomairangi Harbour Group,Healthcare,1,0,1/11/2024
D203107,C103187,28/07/2024,15/09/2024,Closed Won,PM,People Management,Partners,awong,557,0,Atlas Kea Trust,Retail,11,0,1/10/2024
D203108,C103698,12/04/2025,,Open,PM,People Management,Direct,mkoenen,894,0,Pivot Limited,Construction,1,0,1/03/2025
D203109,C101804,7/03/2024,26/03/2024,Closed Won,ADD_ON_TKR,TKR Add-on,Direct,dinkster,1233,0,Ohomairangi Ohomairangi Group,Education,30,0,1/04/2024
D203110,C102974,2/03/2025,,Open,PAYROLL_MPS,Managed Payroll,Direct,shao,4378,0,Kauri Partners,Manufacturing,15,0,1/03/2025
D203111,C101922,8/04/2025,5/07/2025,Closed Won,PM,People Management,Partners,awong,1805,0,Wenita Holdings,Healthcare,43,0,1/08/2025
D203112,C100707,19/07/2024,27/08/2024,Closed Won,PM,People Management,Partners,shao,1756,0,Summit Co.,Construction,52,1,1/09/2024
D203113,C103917,4/02/2024,,Open,PAYROLL_MPS,Managed Payroll,Direct,unassigned,4298,0,Ohomairangi Partners,Legal,31,0,1/04/2025
D203114,C101685,25/02/2024,26/03/2024,Closed Won,ADD_ON_TKR,TKR Add-on,Direct,unassigned,754,0,Kauri Group,Legal,1,0,1/04/2024
D203115,C102891,15/05/2025,23/07/2025,Closed Lost,PAYROLL_DIY,Payroll DIY,Direct,shao,1084,0,Kauri Rimu Group,Software,1,0,
D203116,C101631,22/02/2024,11/05/2024,Closed Won,PAYROLL_MPS,Managed Payroll,Partners,mkoenen,5937,0,Atlas Ltd,Construction,1,0,1/06/2024
D203117,C101719,21/02/2024,,Open,PAYROLL_DIY,Payroll DIY,Partners,awong,1729,0,Duncan Air Beta Limited,Education,10,0,1/03/2024
D203118,C104471,13/04/2024,11/07/2024,Closed Won,PAYROLL_MPS,Managed Payroll,Direct,shao,4072,0,Ohomairangi Group,Healthcare,57,0,1/07/2024
D203119,C103911,26/05/2025,15/07/2025,Closed Won,PAYROLL_MPS,Managed Payroll,Direct,unassigned,7288,0,Beta Eurotec Ltd,Software,56,0,1/07/2025
D203120,C100176,4/05/2025,13/05/2025,Closed Won,PM,People Management,Direct,mkoenen,1104,0,Duncan Air Partners,Accounting,9,0,1/05/2025
D203121,C100985,4/05/2024,,Open,PAYROLL_DIY,Payroll DIY,Direct,unassigned,1504,0,Summit Services,Healthcare,75,0,1/09/2024
D203122,C101525,7/01/2024,21/03/2024,Closed Won,PM,People Management,Direct,unassigned,830,0,Atlas Ohomairangi Limited,Retail,1,0,1/04/2024
D203123,C102026,20/04/2025,10/05/2025,Closed Won,PAYROLL_MPS,Managed Payroll,Partners,dt,5775,0,Tui Limited,Construction,26,0,1/06/2025
D203124,C101997,24/01/2025,,Open,ADD_ON_TKR,TKR Add-on,Direct,dt,896,0,Kea Holdings,Manufacturing,82,0,1/07/2025
D203125,C100543,23/05/2025,17/06/2025,Closed Won,PM,People Management,Direct,unassigned,1683,0,Harbour Ltd,Retail,51,0,1/07/2025
D203126,C102163,12/09/2024,,Open,ADD_ON_TKR,TKR Add-on,Direct,nobody,1227,0,Nimbus Group,Legal,23,0,1/06/2025
D203127,C100563,16/04/2024,10/05/2024,Closed Lost,PAYROLL_DIY,Payroll DIY,Direct,mkoenen,-2424,0,Eurotec Co.,Legal,66,0,
D203128,C100969,19/02/2024,8/03/2024,Closed Lost,ADD_ON_TKR,TKR Add-on,Partners,dinkster,443,0,Ohomairangi Group,Education,1,0,
D203129,C101592,17/04/2024,17/05/2024,Closed Won,PAYROLL_MPS,Managed Payroll,Partners,dt,2940,0,Eurotec Co.,Education,16,0,1/06/2024
D203130,C102455,14/05/2025,10/07/2025,Closed Won,PAYROLL_DIY,Payroll DIY,Partners,dinkster,1549,0,Summit Kauri Group,Construction,44,0,1/08/2025
D203131,C104810,30/01/2025,9/04/2025,Closed Won,PAYROLL_DIY,Payroll DIY,Partners,dt,1160,0,Eurotec Limited,Retail,1,0,1/05/2025
D203132,C101306,1/02/2025,27/02/2025,Closed Won,PAYROLL_DIY,Payroll DIY,Direct,mkoenen,1116,0,Ohomairangi Trust,Healthcare,20,0,1/03/2025
D203133,C103690,31/07/2024,7/08/2024,Closed Won,PAYROLL_DIY,Payroll DIY,Partners,shao,1746,0,Nimbus Limited,Education,5,0,1/08/2024
D203134,C101330,15/12/2024,28/02/2025,Closed Lost,ADD_ON_TKR,TKR Add-on,Partners,shao,816,0,Pivot Co.,Education,1,0,
D203135,C100837,6/06/2025,14/08/2025,Closed Won,PM,People Management,Direct,mkoenen,421,0,Duncan Air Co.,Retail,81,0,1/09/2025
D203136,C104497,29/12/2024,29/03/2025,Closed Lost,PAYROLL_MPS,Managed Payroll,Partners,mkoenen,6529,0,Beta Group,Legal,1,0,
D203137,C102782,30/04/2025,12/06/2025,Closed Won,PM,People Management,Direct,unassigned,918,0,Alpha Co.,Construction,13,0,1/07/2025
D203138,C103012,18/01/2025,12/04/2025,Closed Won,PAYROLL_MPS,Managed Payroll,Direct,awong,1919,0,Pivot Limited,Software,17,0,1/05/2025
D203139,C104720,18/03/2025,28/04/2025,Closed Won,PAYROLL_MPS,Managed Payroll,Direct,awong,5548,0,Atlas Services,Education,10,0,1/05/2025
D203140,C104682,2/10/2024,,Open,PM,People Management,Direct,awong,1480,0,Duncan Air Summit Holdings,Manufacturing,2,0,1/07/2025
D203141,C103642,17/07/2024,,Open,ADD_ON_TKR,TKR Add-on,Direct,awong,760,0,Kauri Nimbus Co.,Healthcare,1,0,1/04/2024
D203142,C104068,8/05/2024,13/06/2024,Closed Won,ADD_ON_TKR,TKR Add-on,Direct,dt,520,0,Kauri Ltd,Construction,44,0,1/07/2024
D203143,C104840,7/06/2024,,Open,PM,People Management,Direct,mkoenen,1401,0,Duncan Air Holdings,Retail,16,0,1/12/2024
D203144,C103638,12/12/2024,,Open,ADD_ON_TKR,TKR Add-on,Direct,awong,1607,0,Duncan Air Group,Construction,15,0,1/09/2025
D203145,C102593,20/12/2024,,Open,PAYROLL_DIY,Payroll DIY,Partners,awong,1888,0,Beta Summit Co.,Manufacturing,98,0,1/06/2025
D203146,C101670,27/06/2025,20/09/2025,Closed Won,ADD_ON_TKR,TKR Add-on,Direct,mkoenen,742,0,Ohomairangi Partners,Manufacturing,13,0,1/10/2025
D203147,C101597,2/11/2024,19/11/2024,Closed Won,PAYROLL_MPS,Managed Payroll,Direct,dt,2723,0,Harbour Beta Trust,Software,67,0,1/12/2024
D203148,C104301,18/03/2024,3/04/2024,Closed Lost,ADD_ON_TKR,TKR Add-on,Direct,dt,1157,0,Ohomairangi Partners,Retail,34,0,
D203149,C102729,26/05/2025,5/06/2025,Closed Lost,PAYROLL_MPS,Managed Payroll,Partners,awong,1377,0,Wenita Services,Healthcare,1,0,
D203150,C103015,26/06/2025,27/06/2025,Closed Won,PM,People Management,Direct,dt,955,0,Wenita Beta Co.,Accounting,10,0,1/07/2025
D203151,C102692,23/02/2024,12/03/2024,Closed Lost,PAYROLL_MPS,Managed Payroll,Direct,dinkster,2994,0,Ohomairangi Kauri Partners,Education,1,0,
D203152,C104640,7/09/2024,,Open,PAYROLL_MPS,Managed Payroll,Direct,shao,1090,0,Beta Partners,Accounting,18,0,1/11/2024
D203153,C100483,30/11/2024,,Open,PAYROLL_MPS,Managed Payroll,Partners,dt,4461,0,Atlas Kauri Holdings,Manufacturing,2,0,1/02/2025
D203154,C102649,8/12/2024,21/01/2025,Closed Won,ADD_ON_TKR,TKR Add-on,Partners,dinkster,1054,0,Pivot Holdings,Construction,28,0,1/02/2025
D203155,C102400,19/04/2025,26/06/2025,Closed Won,ADD_ON_TKR,TKR Add-on,Direct,dinkster,789,0,Ohomairangi Beta Ltd,Healthcare,16,0,1/08/2025
D203156,C104430,21/04/2024,10/07/2024,Closed Lost,PM,People Management,Partners,mkoenen,822,0,Nimbus Services,Education,82,0,
D203157,C104180,20/01/2024,,Open,ADD_ON_TKR,TKR Add-on,Direct,awong_tmp,411,0,Eurotec Partners,Construction,43,0,1/08/2024
D203158,C100089,3/10/2024,18/12/2024,Closed Lost,PAYROLL_DIY,Payroll DIY,Partners,dt,1217,0,Harbour Kea Holdings,Software,12,0,
D203159,C100816,21/01/2024,13/02/2024,Closed Won,ADD_ON_TKR,TKR Add-on,Direct,shao,1258,0,Ohomairangi Services,Healthcare,1,0,1/03/2024
D203160,C104262,16/10/2024,28/12/2024,Closed Won,PAYROLL_DIY,Payroll DIY,Direct,shao,2056,0,Pivot Atlas Group,Software,29,0,1/01/2025
D203161,C100557,18/02/2025,22/02/2025,Closed Won,ADD_ON_TKR,TKR Add-on,Direct,dt,1408,0,Rimu Trust,Manufacturing,27,0,1/04/2025
D203162,C101306,15/09/2024,7/11/2024,Closed Won,PM,People Management,Partners,dinkster,0,0,Ohomairangi Trust,Healthcare,20,0,1/12/2024
D203163,C102861,23/07/2024,1/09/2024,Closed Lost,PAYROLL_DIY,Payroll DIY,Partners,shao,3288,0,Duncan Air Harbour Ltd,Legal,1,0,
D203164,C101737,12/02/2024,21/02/2024,Closed Lost,PAYROLL_DIY,Payroll DIY,Partners,unassigned,2208,0,Harbour Limited,Accounting,14,0,
D203165,C101838,28/01/2024,,Open,PAYROLL_MPS,Managed Payroll,Partners,mkoenen,2831,0,Atlas Co.,Construction,58,0,1/03/2025
D203166,C101844,19/01/2025,3/04/2025,Closed Won,PAYROLL_DIY,Payroll DIY,Partners,dt,2637,0,Duncan Air Kauri Holdings,Construction,64,0,1/05/2025
D203167,C103946,14/06/2024,6/08/2024,Closed Lost,PAYROLL_MPS,Managed Payroll,Partners,awong,2799,0,Atlas Holdings,Construction,1,0,
D203168,C104493,13/07/2024,27/07/2024,Closed Won,ADD_ON_TKR,TKR Add-on,Direct,awong,582,0,Tui Co.,Accounting,22,0,1/08/2024
D203169,C101733,10/01/2025,20/01/2025,Closed Won,PAYROLL_DIY,Payroll DIY,Direct,unassigned,1178,0,Kauri Partners,Legal,1,0,1/02/2025
D203170,C102144,30/10/2024,12/12/2024,Closed Won,ADD_ON_TKR,TKR Add-on,Partners,dt,980,0,Kea Kauri Limited,Manufacturing,1,0,1/01/2025
D203171,C100106,22/04/2025,6/06/2025,Closed Won,PM,People Management,Direct,mkoenen,0,0,Tui Rimu Co.,Education,11,0,1/07/2025
D203172,C100208,9/03/2025,30/04/2025,Closed Won,PM,People Management,Direct,shao,1630,0,Harbour Ltd,Software,77,0,1/05/2025
D203173,C100078,24/09/2024,1/11/2024,Closed Won,PM,People Management,Direct,awong,455,0,Atlas Partners,Software,1,0,1/11/2024
D203174,C101153,24/02/2024,,Open,PM,People Management,Partners,dinkster,1287,0,Beta Rimu Trust,Healthcare,27,0,1/05/2024
D203175,C102510,12/08/2024,29/08/2024,Closed Won,PAYROLL_DIY,Payroll DIY,Direct,awong,2674,0,Rimu Wenita Group,Healthcare,20,0,1/09/2024
D203176,C104038,26/04/2024,26/06/2024,Closed Lost,ADD_ON_TKR,TKR Add-on,Direct,awong,294,0,Tui Kauri Group,Healthcare,37,0,
D203177,C101745,27/06/2024,2/09/2024,Closed Lost,PAYROLL_DIY,Payroll DIY,Partners,dinkster,0,0,Nimbus Group,Construction,1,0,
D203178,C100499,7/04/2024,22/05/2024,Closed Won,PM,People Management,Partners,dinkster,2446,0,Eurotec Holdings,Accounting,40,0,1/05/2024
D203179,C102930,13/04/2025,7/06/2025,Closed Won,PM,People Management,Direct,unassigned,1168,0,Nimbus Co.,Healthcare,1,0,1/06/2025
D203180,C101722,22/01/2024,,Open,PAYROLL_DIY,Payroll DIY,Partners,unassigned,0,0,Ohomairangi Limited,Retail,28,0,1/03/2025
D203181,C102366,8/02/2024,20/04/2024,Closed Lost,PM,People Management,Direct,shao,2054,0,Harbour Trust,Manufacturing,1,0,
D203182,C100221,10/11/2024,,Open,PAYROLL_DIY,Payroll DIY,Partners,dt,3210,0,Eurotec Partners,Construction,3,0,1/05/2024
D203183,C104508,26/05/2025,5/08/2025,Closed Won,PM,People Management,Direct,shao,1301,0,Summit Services,Retail,1,0,1/09/2025
D203184,C101631,12/05/2025,16/07/2025,Closed Won,PAYROLL_MPS,Managed Payroll,Partners,shao,3258,0,Atlas Ltd,Construction,1,0,1/08/2025
D203185,C104970,30/12/2024,,Open,ADD_ON_TKR,TKR Add-on,Partners,dinkster,1071,0,Atlas Partners,Software,24,0,1/12/2024
D203186,C102821,15/09/2024,28/11/2024,Closed Won,PAYROLL_DIY,Payroll DIY,Partners,unassigned,1812,1,Alpha Trust,Construction,30,0,1/12/2024
D203187,C101120,9/07/2024,28/07/2024,Closed Won,PAYROLL_MPS,Managed Payroll,Partners,nobody,6932,0,Rimu Trust,Retail,1,0,1/08/2024
D203188,C104108,30/06/2025,30/08/2025,Closed Lost,PAYROLL_DIY,Payroll DIY,Direct,unassigned,1474,0,Ohomairangi Services,Manufacturing,99,0,
D203189,C100249,20/06/2025,24/06/2025,Closed Won,ADD_ON_TKR,TKR Add-on,Partners,mkoenen,635,0,Wenita Limited,Legal,30,0,1/07/2025
D203190,C101570,10/05/2025,1/07/2025,Closed Won,PM,People Management,Direct,awong,2375,0,Pivot Beta Limited,Education,1,0,1/07/2025
D203191,C100158,30/09/2024,29/10/2024,Closed Lost,ADD_ON_TKR,TKR Add-on,Direct,mkoenen,746,0,Harbour Ohomairangi Services,Construction,28,0,
D203192,C104541,24/02/2024,,Open,ADD_ON_TKR,TKR Add-on,Direct,dt,354,0,Ohomairangi Holdings,Legal,26,0,1/11/2024
D203193,C102696,14/05/2024,24/06/2024,Closed Lost,PAYROLL_MPS,Managed Payroll,Partners,awong,3037,0,Summit Ltd,Accounting,16,0,
D203194,C101642,12/08/2024,,Open,PAYROLL_MPS,Managed Payroll,Partners,dinkster,4999,0,Pivot Co.,Education,24,0,1/08/2025
D203195,C104520,26/08/2024,5/09/2024,Closed Lost,PAYROLL_MPS,Managed Payroll,Partners,unassigned,3459,0,Duncan Air Partners,Software,34,0,
D203196,C103690,18/03/2024,24/05/2024,Closed Won,ADD_ON_TKR,TKR Add-on,Direct,dt,910,0,Nimbus Limited,Education,5,0,1/06/2024
D203197,C100092,18/01/2025,,Open,PM,People Management,Partners,dt,1231,0,Eurotec Ltd,Education,26,0,1/10/2024
D203198,C104071,9/04/2024,14/05/2024,Closed Won,ADD_ON_TKR,TKR Add-on,Partners,dt,1032,0,Eurotec Group,Software,1,0,1/06/2024
D203199,C101922,10/05/2025,29/05/2025,Closed Won,PAYROLL_MPS,Managed Payroll,Direct,unassigned,2155,0,Wenita Holdings,Healthcare,43,0,1/06/2025
D203200,C103785,19/06/2024,11/08/2024,Closed Won,PAYROLL_MPS,Managed Payroll,Direct,dt,4393,0,Duncan Air Co.,Construction,40,0,1/09/2024
D203201,C101163,13/01/2025,28/02/2025,Closed Won,ADD_ON_TKR,TKR Add-on,Direct,dt,556,0,Atlas Group,Construction,27,0,1/03/2025
D203202,C102392,28/02/2024,25/03/2024,Closed Lost,PM,People Management,Direct,mkoenen,1435,0,Alpha Holdings,Construction,1,0,
D203203,C104595,3/08/2024,18/08/2024,Closed Won,PAYROLL_DIY,Payroll DIY,Partners,dinkster,2329,1,Ohomairangi Trust,Healthcare,1,0,1/09/2024
D203204,C104879,18/08/2024,20/10/2024,Closed Lost,PAYROLL_MPS,Managed Payroll,Partners,mkoenen,2051,0,Eurotec Services,Healthcare,1,0,
D203205,C102536,12/12/2024,9/02/2025,Closed Lost,PAYROLL_DIY,Payroll DIY,Direct,mkoenen,2432,0,Duncan Air Holdings,Legal,51,0,
D203206,C100306,25/06/2024,25/08/2024,Closed Won,PAYROLL_MPS,Managed Payroll,Direct,shao,2639,0,Pivot Tui Holdings,Manufacturing,31,0,1/10/2024
D203207,C102935,14/05/2025,4/07/2025,Closed Lost,ADD_ON_TKR,TKR Add-on,Partners,dt,158,0,Beta Services,Software,5,0,
D203208,C102220,19/04/2025,,Open,ADD_ON_TKR,TKR Add-on,Partners,unassigned,672,0,Alpha Services,Legal,33,0,1/06/2025
D203209,C103501,2/05/2024,3/05/2024,Closed Won,PM,People Management,Partners,dt,640,0,Atlas Ltd,Manufacturing,1,0,1/05/2024
D203210,C102069,28/02/2024,13/04/2024,Closed Won,PAYROLL_DIY,Payroll DIY,Partners,unassigned,3648,0,Summit Services,Education,1,0,1/05/2024
D203211,C103056,15/03/2025,7/04/2025,Closed Won,PAYROLL_MPS,Managed Payroll,Partners,unassigned,6753,0,Eurotec Co.,Construction,1,0,1/04/2025
D203212,C102181,19/03/2025,5/06/2025,Closed Won,PAYROLL_MPS,Managed Payroll,Direct,dt,4050,0,Alpha Holdings,Education,3,0,1/06/2025
D203213,C101284,29/01/2025,26/04/2025,Closed Won,PAYROLL_DIY,Payroll DIY,Partners,awong,1289,0,Rimu Ltd,Software,1,0,1/05/2025
D203214,C104291,16/11/2024,26/11/2024,Closed Won,PAYROLL_MPS,Managed Payroll,Direct,awong,358,0,Wenita Group,Construction,13,0,1/12/2024
D203215,C101929,10/04/2025,,Open,PM,People Management,Partners,mkoenen,2169,0,Kea Trust,Retail,42,0,1/04/2024
D203216,C103913,14/07/2024,22/08/2024,Closed Won,PAYROLL_DIY,Payroll DIY,Direct,dt,1492,0,Summit Ltd,Retail,5,0,1/10/2024
D203217,C103466,26/02/2025,16/04/2025,Closed Won,PAYROLL_DIY,Payroll DIY,Partners,mkoenen,2189,0,Ohomairangi Limited,Accounting,35,1,1/05/2025
D203218,C100374,25/03/2025,,Open,PM,People Management,Partners,mkoenen,1829,0,Atlas Ohomairangi Limited,Accounting,49,0,1/04/2024
D203219,C101931,23/02/2025,30/03/2025,Closed Won,PM,People Management,Direct,shao,1361,0,Kea Ltd,Retail,65,0,1/04/2025
D203220,C100113,28/06/2024,16/07/2024,Closed Won,PAYROLL_DIY,Payroll DIY,Direct,dinkster,3062,0,Kea Group,Accounting,27,0,1/08/2024
D203221,C102557,13/02/2025,21/02/2025,Closed Won,PAYROLL_DIY,Payroll DIY,Partners,mkoenen,3645,0,Rimu Co.,Manufacturing,1,0,1/03/2025
D203222,C104250,20/01/2024,,Open,ADD_ON_TKR,TKR Add-on,Direct,shao,1090,0,Ohomairangi Group,Healthcare,55,0,1/07/2024
D203223,C100745,10/01/2024,17/01/2024,Closed Won,PAYROLL_DIY,Payroll DIY,Partners,shao,1185,0,Beta Group,Legal,44,0,1/02/2024
D203224,C104559,23/01/2024,5/03/2024,Closed Won,ADD_ON_TKR,TKR Add-on,Direct,dt,250,0,Kauri Summit Group,Education,48,0,1/03/2024
D203225,C104460,15/11/2024,,Open,PM,People Management,Partners,mkoenen,886,0,Alpha Co.,Healthcare,37,0,1/08/2025
D203226,C101362,11/09/2024,20/09/2024,Closed Won,PAYROLL_MPS,Managed Payroll,Partners,mkoenen,5275,0,Eurotec Services,Construction,12,0,1/10/2024
D203227,C102190,25/04/2024,6/05/2024,Closed Lost,ADD_ON_TKR,TKR Add-on,Partners,shao,632,0,Summit Co.,Manufacturing,13,0,1/05/2024
D203228,C103113,9/01/2025,11/03/2025,Closed Won,ADD_ON_TKR,TKR Add-on,Partners,unassigned,725,0,Harbour Summit Services,Education,41,1,1/04/2025
D203229,C104241,26/11/2024,11/02/2025,Closed Lost,ADD_ON_TKR,TKR Add-on,Partners,dinkster,253,0,Atlas Kauri Group,Education,10,0,
D203230,C102491,22/06/2025,10/08/2025,Closed Won,PM,People Management,Direct,awong,780,0,Summit Co.,Legal,1,0,1/08/2025
D203231,C103073,7/11/2024,8/11/2024,Closed Won,PAYROLL_MPS,Managed Payroll,Direct,awong,2184,0,Atlas Partners,Retail,6,0,1/12/2024
D203232,C104528,19/06/2025,27/08/2025,Closed Won,PAYROLL_MPS,Managed Payroll,Partners,shao,5751,0,Kea Wenita Partners,Legal,61,0,1/09/2025
D203233,C103247,17/01/2024,15/04/2024,Closed Won,ADD_ON_TKR,TKR Add-on,Direct,mkoenen,752,0,Pivot Trust,Construction,98,0,1/05/2024
D203234,C101374,17/02/2025,,Open,PAYROLL_DIY,Payroll DIY,Direct,dt,1339,0,Atlas Alpha Limited,Software,42,0,1/02/2025
D203235,C101480,7/09/2024,2/10/2024,Closed Won,ADD_ON_TKR,TKR Add-on,Partners,unassigned,126,0,Kea Holdings,Construction,16,0,1/11/2024
D203236,C100390,24/03/2024,,Open,ADD_ON_TKR,TKR Add-on,Direct,awong,1442,0,Tui Tui Trust,Software,36,0,1/08/2025
D203237,C100930,7/02/2025,16/02/2025,Closed Won,ADD_ON_TKR,TKR Add-on,Partners,unassigned,891,0,Nimbus Trust,Manufacturing,56,0,1/02/2025
D203238,C101050,6/04/2025,12/05/2025,Closed Won,PAYROLL_DIY,Payroll DIY,Partners,dt,1269,0,Summit Duncan Air Group,Legal,37,0,1/05/2025
D203239,C103517,22/05/2024,5/08/2024,Closed Won,ADD_ON_TKR,TKR Add-on,Partners,shao,899,0,Tui Services,Construction,72,1,1/09/2024
D203240,C101668,3/08/2024,23/10/2024,Closed Won,PAYROLL_DIY,Payroll DIY,Direct,shao,3475,0,Rimu Holdings,Construction,56,0,1/11/2024
D203241,C103359,22/01/2024,19/04/2024,Closed Lost,PAYROLL_MPS,Managed Payroll,Direct,dinkster,4428,0,Eurotec Group,Healthcare,51,0,
D203242,C100922,12/06/2024,10/07/2024,Closed Won,PAYROLL_MPS,Managed Payroll,Direct,dt,2089,0,Ohomairangi Services,Retail,13,0,1/07/2024
D203243,C100665,10/12/2024,16/02/2025,Closed Won,PM,People Management,Partners,shao,544,0,Nimbus Trust,Healthcare,1,0,1/03/2025
D203244,C101840,25/05/2024,21/08/2024,Closed Won,PAYROLL_MPS,Managed Payroll,Partners,unassigned,5741,0,Nimbus Co.,Education,48,0,1/08/2024
D203245,C101863,11/01/2024,23/02/2024,Closed Lost,PAYROLL_MPS,Managed Payroll,Direct,dt,4356,0,Ohomairangi Ltd,Manufacturing,17,0,
D203246,C101094,9/03/2025,27/05/2025,Closed Won,PAYROLL_DIY,Payroll DIY,Direct,shao,1233,0,Nimbus Ltd,Legal,3,0,1/06/2025
D203247,C104921,4/03/2024,30/05/2024,Closed Won,PAYROLL_DIY,Payroll DIY,Direct,mkoenen,3276,0,Eurotec Nimbus Ltd,Retail,44,0,1/06/2024
D203248,C101662,17/10/2024,23/10/2024,Closed Won,ADD_ON_TKR,TKR Add-on,Direct,mkoenen,1469,0,Ohomairangi Ltd,Accounting,21,0,1/11/2024
D203249,C103973,3/07/2024,8/07/2024,Closed Won,ADD_ON_TKR,TKR Add-on,Partners,mkoenen,1369,0,Atlas Limited,Software,54,0,1/07/2024
D203250,C103421,2/02/2025,2/05/2025,Closed Won,ADD_ON_TKR,TKR Add-on,Direct,mkoenen,675,0,Summit Limited,Accounting,26,0,1/05/2025
D203251,C104181,28/07/2024,14/10/2024,Closed Won,PAYROLL_MPS,Managed Payroll,Direct,unassigned,3334,0,Harbour Partners,Software,45,0,1/11/2024
D203252,C102469,16/05/2024,20/05/2024,Closed Lost,PM,People Management,Partners,mkoenen,1291,0,Summit Ltd,Manufacturing,16,0,
D203253,C102598,1/02/2025,24/02/2025,Closed Won,PAYROLL_DIY,Payroll DIY,Partners,shao,2636,1,Kea Holdings,Manufacturing,1,0,1/03/2025
D203254,C100135,2/10/2024,22/12/2024,Closed Lost,PAYROLL_DIY,Payroll DIY,Partners,nobody,2953,0,Ohomairangi Duncan Air Limited,Software,29,0,
D203255,C104568,25/04/2025,30/05/2025,Closed Won,ADD_ON_TKR,TKR Add-on,Direct,mkoenen,421,1,Duncan Air Holdings,Accounting,1,0,1/06/2025
D203256,C104698,7/09/2024,,Open,PM,People Management,Partners,awong,1633,0,Harbour Limited,Retail,64,0,1/10/2024
D203257,C103795,16/10/2024,27/11/2024,Closed Won,PAYROLL_DIY,Payroll DIY,Partners,dt,2789,0,Ohomairangi Trust,Retail,71,1,1/12/2024
D203258,C104363,30/10/2024,17/12/2024,Closed Won,ADD_ON_TKR,TKR Add-on,Direct,unassigned,868,0,Pivot Co.,Accounting,24,0,1/12/2024
D203259,C102114,1/07/2025,,Open,ADD_ON_TKR,TKR Add-on,Partners,awong,553,0,Pivot Eurotec Partners,Retail,26,0,1/11/2024
D203260,C102918,16/05/2024,3/06/2024,Closed Won,PAYROLL_DIY,Payroll DIY,Direct,shao,1051,0,Ohomairangi Group,Education,12,0,1/06/2024
D203261,C100094,9/05/2024,,Open,PAYROLL_DIY,Payroll DIY,Partners,shao,585,0,Kauri Limited,Healthcare,38,1,1/11/2024
D203262,C104451,26/06/2024,,Open,PAYROLL_MPS,Managed Payroll,Partners,mkoenen_tmp,2247,0,Kauri Duncan Air Ltd,Legal,18,0,1/12/2024
D203263,C100302,21/03/2025,30/03/2025,Closed Won,PAYROLL_MPS,Managed Payroll,Direct,unassigned,3034,0,Wenita Rimu Co.,Software,59,1,1/05/2025
D203264,C104381,16/06/2025,5/09/2025,Closed Lost,PAYROLL_DIY,Payroll DIY,Partners,unassigned,922,0,Eurotec Co.,Education,6,0,
D203265,C101312,30/08/2024,,Open,PAYROLL_MPS,Managed Payroll,Partners,dinkster,5637,0,Ohomairangi Rimu Co.,Education,3,0,1/04/2025
D203266,C102596,5/11/2024,23/12/2024,Closed Lost,ADD_ON_TKR,TKR Add-on,Direct,unassigned,862,0,Nimbus Ohomairangi Ltd,Legal,69,1,
D203267,C102534,13/03/2024,7/04/2024,Closed Won,ADD_ON_TKR,TKR Add-on,Direct,dinkster,471,0,Beta Wenita Trust,Retail,24,0,1/04/2024
D203268,C101789,16/03/2024,,Open,PAYROLL_MPS,Managed Payroll,Direct,awong,3023,0,Tui Trust,Accounting,37,0,1/01/2025
D203269,C104777,16/04/2024,,Open,ADD_ON_TKR,TKR Add-on,Direct,awong,114,0,Tui Ltd,Healthcare,2,0,1/04/2025
D203270,C103118,8/06/2025,24/07/2025,Closed Lost,PAYROLL_DIY,Payroll DIY,Partners,dinkster,3412,0,Eurotec Partners,Healthcare,26,0,
D203271,C100421,10/12/2024,16/01/2025,Closed Lost,PM,People Management,Partners,awong,1599,0,Alpha Partners,Accounting,26,0,
D203272,C101147,24/09/2024,,Open,PAYROLL_DIY,Payroll DIY,Direct,mkoenen,1930,0,Kauri Services,Manufacturing,1,0,1/06/2025
D203273,C102210,21/06/2025,11/07/2025,Closed Lost,PM,People Management,Partners,mkoenen,108,0,Tui Beta Group,Healthcare,32,0,
D203274,C101793,30/07/2024,,Open,PM,People Management,Direct,shao,1822,0,Eurotec Partners,Legal,1,0,1/11/2024
D203275,C104003,24/04/2024,27/05/2024,Closed Won,ADD_ON_TKR,TKR Add-on,Partners,dinkster,1792,0,Pivot Tui Services,Legal,18,0,1/07/2024
D203276,C101488,13/11/2024,11/01/2025,Closed Lost,ADD_ON_TKR,TKR Add-on,Direct,mkoenen,460,0,Summit Group,Healthcare,5,0,
D203277,C102652,12/10/2024,6/12/2024,Closed Won,ADD_ON_TKR,TKR Add-on,Partners,shao,638,0,Summit Co.,Healthcare,48,0,1/12/2024
D203278,C104834,9/10/2024,,Open,ADD_ON_TKR,TKR Add-on,Direct,mkoenen,601,0,Tui Atlas Group,Software,36,0,1/03/2024
D203279,C104091,16/11/2024,4/02/2025,Closed Won,PM,People Management,Direct,unassigned,683,0,Ohomairangi Group,Accounting,38,0,1/02/2025
D203280,C103535,31/01/2024,,Open,PM,People Management,Partners,mkoenen,1151,0,Eurotec Trust,Education,14,0,1/01/2025
D203281,C100616,21/09/2024,,Open,PM,People Management,Partners,dt,418,0,Kauri Summit Group,Retail,57,0,1/07/2024
D203282,C103721,9/04/2025,,Open,PAYROLL_DIY,Payroll DIY,Partners,awong,576,0,Kauri Co.,Healthcare,50,0,1/02/2025
D203283,C102965,18/05/2024,,Open,PAYROLL_MPS,Managed Payroll,Direct,shao,6865,0,Nimbus Holdings,Manufacturing,20,0,1/03/2025
D203284,C100483,29/11/2024,,Open,PAYROLL_MPS,Managed Payroll,Direct,dt,7226,0,Atlas Kauri Holdings,Manufacturing,2,0,1/05/2025
D203285,C103293,19/03/2024,21/04/2024,Closed Won,PAYROLL_MPS,Managed Payroll,Partners,dinkster,3275,0,Eurotec Eurotec Ltd,Construction,6,0,1/05/2024
D203286,C100088,28/12/2024,31/01/2025,Closed Won,ADD_ON_TKR,TKR Add-on,Direct,awong,1467,0,Atlas Ltd,Construction,14,0,1/02/2025
D203287,C100037,23/05/2024,,Open,ADD_ON_TKR,TKR Add-on,Direct,awong,726,0,Alpha Harbour Trust,Software,32,0,1/06/2024
D203288,C103203,22/09/2024,6/12/2024,Closed Won,ADD_ON_TKR,TKR Add-on,Partners,shao,0,0,Eurotec Ltd,Accounting,36,0,1/12/2024
D203289,C103360,7/09/2024,19/11/2024,Closed Won,ADD_ON_TKR,TKR Add-on,Partners,shao,1118,0,Duncan Air Wenita Holdings,Healthcare,12,0,1/01/2025
D203290,C104415,26/06/2025,6/07/2025,Closed Lost,ADD_ON_TKR,TKR Add-on,Direct,awong,586,0,Ohomairangi Trust,Healthcare,1,1,
D203291,C103729,19/04/2025,11/05/2025,Closed Won,ADD_ON_TKR,TKR Add-on,Partners,shao,774,0,Alpha Holdings,Accounting,1,0,1/05/2025
D203292,C104105,23/03/2024,20/06/2024,Closed Won,ADD_ON_TKR,TKR Add-on,Partners,awong,1233,0,Rimu Services,Manufacturing,64,0,1/07/2024
D203293,C102439,27/03/2025,14/06/2025,Closed Won,PM,People Management,Partners,dinkster,0,0,Duncan Air Ltd,Retail,1,0,1/07/2025
D203294,C101474,30/10/2024,8/01/2025,Closed Won,PAYROLL_MPS,Managed Payroll,Direct,shao,2640,0,Ohomairangi Ltd,Retail,1,0,1/01/2025
D203295,C101171,2/05/2024,10/05/2024,Closed Lost,PAYROLL_MPS,Managed Payroll,Direct,dinkster,2375,0,Wenita Trust,Legal,21,0,
D203296,C102030,4/08/2024,13/10/2024,Closed Won,PAYROLL_MPS,Managed Payroll,Partners,dt,4119,0,Kauri Duncan Air Limited,Legal,73,0,1/11/2024
D203297,C100772,2/08/2024,21/08/2024,Closed Won,PAYROLL_MPS,Managed Payroll,Direct,unassigned,4732,0,Tui Partners,Healthcare,18,0,1/09/2024
D203298,C102303,7/04/2025,13/06/2025,Closed Won,PAYROLL_MPS,Managed Payroll,Direct,dinkster,0,0,Duncan Air Trust,Manufacturing,38,1,1/07/2025
D203299,C103658,10/01/2024,,Open,ADD_ON_TKR,TKR Add-on,Partners,mkoenen,715,0,Alpha Rimu Co.,Manufacturing,59,0,1/03/2025
D203300,C104743,1/06/2025,9/06/2025,Closed Won,ADD_ON_TKR,TKR Add-on,Partners,awong,220,0,Ohomairangi Trust,Manufacturing,41,0,1/06/2025
D203301,C101895,31/01/2025,19/02/2025,Closed Lost,PAYROLL_DIY,Payroll DIY,Direct,dinkster,1472,0,Kea Alpha Group,Healthcare,1,0,
D203302,C104803,3/04/2024,24/06/2024,Closed Lost,PAYROLL_MPS,Managed Payroll,Partners,unassigned,1331,0,Harbour Ltd,Retail,8,0,
D203303,C102096,1/06/2024,27/08/2024,Closed Lost,PM,People Management,Direct,awong,680,0,Beta Pivot Services,Healthcare,100,0,
D203304,C101450,7/01/2024,4/02/2024,Closed Won,PAYROLL_DIY,Payroll DIY,Partners,unassigned,1063,0,Kauri Ltd,Software,29,0,1/03/2024
D203305,C101279,13/11/2024,,Open,PAYROLL_MPS,Managed Payroll,Direct,awong,1200,0,Ohomairangi Partners,Education,58,0,1/09/2025
D203306,C104871,30/04/2025,,Open,PAYROLL_DIY,Payroll DIY,Direct,mkoenen,2599,0,Summit Trust,Legal,1,0,1/03/2025
D203307,C104527,10/11/2024,,Open,ADD_ON_TKR,TKR Add-on,Direct,shao,470,0,Nimbus Services,Education,14,0,1/06/2025
D203308,C102944,19/08/2024,10/10/2024,Closed Won,PM,People Management,Partners,dt,404,0,Atlas Harbour Holdings,Legal,1,0,1/11/2024
D203309,C100790,6/04/2025,30/04/2025,Closed Lost,ADD_ON_TKR,TKR Add-on,Direct,shao,264,0,Summit Duncan Air Limited,Software,28,0,
D203310,C103376,7/05/2025,15/06/2025,Closed Won,PM,People Management,Partners,awong,771,0,Duncan Air Ltd,Manufacturing,6,0,1/07/2025
D203311,C103145,1/04/2025,,Open,PM,People Management,Direct,awong,1331,0,Alpha Ohomairangi Ltd,Healthcare,32,0,1/01/2025
D203312,C103494,29/01/2025,17/03/2025,Closed Lost,PAYROLL_MPS,Managed Payroll,Partners,dt,5632,0,Beta Ohomairangi Trust,Legal,12,0,
D203313,C104505,14/09/2024,2/11/2024,Closed Lost,PM,People Management,Direct,awong,1450,0,Wenita Trust,Manufacturing,32,0,
D203314,C103719,7/05/2024,1/06/2024,Closed Won,PAYROLL_DIY,Payroll DIY,Partners,unassigned,2487,0,Tui Co.,Construction,1,0,1/06/2024
D203315,C100491,15/02/2025,19/02/2025,Closed Lost,ADD_ON_TKR,TKR Add-on,Partners,awong,921,0,Eurotec Kauri Limited,Accounting,11,1,
D203316,C101187,13/06/2024,,Open,ADD_ON_TKR,TKR Add-on,Direct,mkoenen,642,0,Beta Trust,Retail,1,0,1/02/2025
D203317,C100092,9/03/2024,6/06/2024,Closed Won,ADD_ON_TKR,TKR Add-on,Partners,shao,1244,0,Eurotec Ltd,Education,26,0,1/06/2024
D203318,C103580,24/03/2024,8/06/2024,Closed Won,PAYROLL_DIY,Payroll DIY,Direct,dinkster,1828,0,Harbour Ltd,Accounting,19,0,1/06/2024
D203319,C104523,25/04/2024,29/06/2024,Closed Lost,PM,People Management,Direct,unassigned,558,0,Beta Co.,Retail,1,1,
D203320,C101943,5/06/2025,26/07/2025,Closed Won,ADD_ON_TKR,TKR Add-on,Direct,dt,261,0,Summit Trust,Accounting,21,0,1/08/2025
D203321,C102281,15/03/2024,18/04/2024,Closed Won,ADD_ON_TKR,TKR Add-on,Direct,dinkster,1070,0,Atlas Pivot Ltd,Accounting,1,0,1/05/2024
D203322,C101820,15/03/2025,,Open,PAYROLL_MPS,Managed Payroll,Direct,dt,-5336,0,Nimbus Eurotec Limited,Education,16,0,1/08/2024
D203323,C100598,5/08/2024,,Open,ADD_ON_TKR,TKR Add-on,Direct,unassigned,1178,0,Beta Co.,Retail,48,0,1/09/2024
D203324,C104409,8/03/2025,22/04/2025,Closed Won,PAYROLL_DIY,Payroll DIY,Partners,dinkster,4618,0,Rimu Wenita Holdings,Accounting,18,0,1/05/2025
D203325,C101417,7/05/2025,23/07/2025,Closed Won,PAYROLL_DIY,Payroll DIY,Partners,shao,1629,0,Harbour Wenita Ltd,Healthcare,73,0,1/08/2025
D203326,C102808,12/08/2024,1/11/2024,Closed Won,PAYROLL_MPS,Managed Payroll,Direct,mkoenen,5152,0,Nimbus Holdings,Construction,41,0,1/12/2024
D203327,C100916,24/12/2024,16/03/2025,Closed Won,PAYROLL_MPS,Managed Payroll,Partners,awong,4425,0,Alpha Rimu Co.,Retail,1,0,1/03/2025
D203328,C101938,20/01/2025,14/02/2025,Closed Won,ADD_ON_TKR,TKR Add-on,Partners,dinkster,0,0,Harbour Co.,Accounting,17,0,1/02/2025
D203329,C104391,28/03/2024,14/04/2024,Closed Lost,ADD_ON_TKR,TKR Add-on,Partners,dt,1361,0,Summit Co.,Software,1,0,
D203330,C103610,12/01/2025,11/03/2025,Closed Lost,PAYROLL_MPS,Managed Payroll,Direct,mkoenen,6633,0,Wenita Group,Construction,61,0,
D203331,C102908,18/11/2024,5/02/2025,Closed Won,ADD_ON_TKR,TKR Add-on,Direct,shao,1066,0,Kauri Duncan Air Holdings,Education,10,0,1/03/2025
D203332,C100968,19/04/2025,29/06/2025,Closed Won,ADD_ON_TKR,TKR Add-on,Direct,mkoenen,1241,0,Harbour Limited,Education,40,0,1/07/2025
D203333,C100559,10/08/2024,16/09/2024,Closed Won,PAYROLL_MPS,Managed Payroll,Direct,mkoenen,3771,0,Pivot Co.,Construction,1,1,1/10/2024
D203334,C102577,17/12/2024,9/03/2025,Closed Won,ADD_ON_TKR,TKR Add-on,Direct,dinkster,647,0,Pivot Holdings,Legal,35,0,1/04/2025
D203335,C104772,16/05/2024,28/05/2024,Closed Lost,PM,People Management,Direct,dt,1532,0,Duncan Air Holdings,Retail,27,1,
D203336,C101474,10/01/2025,7/04/2025,Closed Lost,ADD_ON_TKR,TKR Add-on,Partners,unassigned,1576,0,Ohomairangi Ltd,Retail,1,0,
D203337,C104309,12/02/2025,23/02/2025,Closed Won,PM,People Management,Direct,shao,1388,0,Kea Trust,Accounting,3,0,1/03/2025
D203338,C100419,1/03/2025,5/03/2025,Closed Won,PM,People Management,Partners,unassigned,990,1,Kauri Co.,Retail,67,0,1/04/2025
D203339,C104403,6/10/2024,3/11/2024,Closed Lost,PAYROLL_DIY,Payroll DIY,Direct,unassigned,1315,0,Pivot Holdings,Software,24,0,
D203340,C104047,26/06/2025,28/07/2025,Closed Won,ADD_ON_TKR,TKR Add-on,Direct,awong,1257,0,Atlas Trust,Software,38,1,1/08/2025
D203341,C100815,27/01/2025,28/01/2025,Closed Won,PAYROLL_DIY,Payroll DIY,Partners,dinkster,962,0,Nimbus Ltd,Manufacturing,1,0,1/03/2025
D203342,C102675,22/07/2024,16/10/2024,Closed Won,PAYROLL_DIY,Payroll DIY,Direct,dt,2539,0,Summit Co.,Retail,58,0,1/11/2024
D203343,C102878,1/12/2024,,Open,PM,People Management,Direct,unassigned,715,0,Kauri Tui Limited,Construction,1,0,1/08/2025
D203344,C100096,28/02/2024,23/03/2024,Closed Lost,PM,People Management,Direct,shao,1099,0,Nimbus Wenita Holdings,Construction,16,0,
D203345,C101401,3/08/2024,14/08/2024,Closed Won,PAYROLL_MPS,Managed Payroll,Partners,shao,7967,0,Beta Trust,Construction,49,0,1/09/2024
D203346,C100135,11/08/2024,21/08/2024,Closed Won,PAYROLL_MPS,Managed Payroll,Direct,shao,4163,0,Ohomairangi Duncan Air Limited,Software,29,0,1/09/2024
D203347,C102159,1/11/2024,24/01/2025,Closed Won,PAYROLL_MPS,Managed Payroll,Direct,dt,3840,0,Pivot Co.,Education,2,0,1/01/2025
D203348,C104557,14/01/2024,,Open,ADD_ON_TKR,TKR Add-on,Partners,mkoenen,1049,0,Tui Co.,Healthcare,10,0,1/08/2024
D203349,C101985,25/12/2024,22/02/2025,Closed Lost,PM,People Management,Direct,mkoenen,2522,0,Nimbus Limited,Healthcare,11,0,
D203350,C100375,22/07/2024,12/09/2024,Closed Won,PAYROLL_DIY,Payroll DIY,Direct,mkoenen,1366,0,Alpha Wenita Group,Construction,41,0,1/10/2024
D203351,C103064,9/04/2024,,Open,PAYROLL_DIY,Payroll DIY,Partners,shao,2635,0,Rimu Ltd,Software,5,0,1/05/2024
D203352,C102356,28/12/2024,24/02/2025,Closed Lost,PAYROLL_MPS,Managed Payroll,Partners,shao,5851,0,Rimu Group,Software,1,0,
D203353,C100030,21/06/2024,22/07/2024,Closed Won,PAYROLL_MPS,Managed Payroll,Direct,mkoenen,4333,0,Summit Rimu Group,Software,26,0,1/08/2024
D203354,C103800,27/01/2024,14/04/2024,Closed Won,PM,People Management,Direct,awong,0,0,Beta Harbour Partners,Legal,64,0,1/04/2024
D203355,C102166,12/01/2024,26/03/2024,Closed Lost,ADD_ON_TKR,TKR Add-on,Partners,mkoenen,1215,0,Alpha Holdings,Construction,6,0,
D203356,C103111,8/10/2024,,Open,PM,People Management,Direct,mkoenen,1545,0,Rimu Nimbus Holdings,Retail,58,0,1/08/2025
D203357,C102390,1/11/2024,23/11/2024,Closed Won,PAYROLL_DIY,Payroll DIY,Direct,dt,1925,0,Wenita Co.,Healthcare,29,0,1/12/2024
D203358,C101886,8/02/2024,,Open,PAYROLL_DIY,Payroll DIY,Partners,unassigned,1386,0,Wenita Group,Retail,1,0,1/07/2025
D203359,C100014,12/12/2024,,Open,ADD_ON_TKR,TKR Add-on,Direct,awong,983,0,Kauri Trust,Healthcare,25,0,1/03/2025
D203360,C101410,29/11/2024,14/02/2025,Closed Won,PAYROLL_MPS,Managed Payroll,Direct,dt_tmp,3795,0,Alpha Partners,Accounting,1,0,1/03/2025
D203361,C103931,15/10/2024,18/12/2024,Closed Won,PAYROLL_MPS,Managed Payroll,Direct,dinkster,2764,0,Ohomairangi Holdings,Manufacturing,37,0,1/01/2025
D203362,C100117,5/02/2024,8/04/2024,Closed Lost,ADD_ON_TKR,TKR Add-on,Direct,unassigned,497,0,Tui Ltd,Construction,34,0,
D203363,C102119,31/03/2024,14/06/2024,Closed Won,PAYROLL_DIY,Payroll DIY,Partners,shao,774,0,Kauri Kea Ltd,Construction,52,0,1/07/2024
D203364,C102540,5/03/2024,,Open,PAYROLL_MPS,Managed Payroll,Direct,dinkster,1864,0,Summit Group,Education,23,0,1/02/2025
D203365,C103014,3/09/2024,29/09/2024,Closed Lost,ADD_ON_TKR,TKR Add-on,Direct,dt,720,0,Pivot Limited,Legal,1,0,
D203366,C102309,13/01/2024,,Open,PM,People Management,Partners,unassigned_tmp,635,0,Wenita Ltd,Manufacturing,8,0,1/04/2025
D203367,C100418,20/02/2024,,Open,PAYROLL_DIY,Payroll DIY,Partners,dinkster,488,0,Rimu Trust,Construction,43,0,1/06/2024
D203368,C103013,26/12/2024,16/02/2025,Closed Lost,PM,People Management,Partners,awong,1858,0,Eurotec Limited,Retail,1,0,
D203369,C100334,13/06/2025,13/07/2025,Closed Won,PM,People Management,Partners,awong,896,0,Alpha Services,Healthcare,1,1,1/08/2025
D203370,C103486,12/03/2024,1/06/2024,Closed Won,ADD_ON_TKR,TKR Add-on,Direct,unassigned,992,0,Summit Duncan Air Services,Legal,30,0,1/06/2024
D203371,C102732,7/01/2025,23/02/2025,Closed Won,ADD_ON_TKR,TKR Add-on,Partners,shao,1052,0,Ohomairangi Pivot Group,Legal,7,1,1/03/2025
D203372,C103930,15/05/2024,12/08/2024,Closed Won,PM,People Management,Partners,dt,1804,0,Wenita Alpha Partners,Education,1,0,1/09/2024
D203373,C100807,5/04/2025,4/05/2025,Closed Won,ADD_ON_TKR,TKR Add-on,Direct,mkoenen,461,1,Duncan Air Limited,Education,12,0,1/06/2025
D203374,C104008,10/11/2024,19/11/2024,Closed Won,PAYROLL_MPS,Managed Payroll,Partners,awong,4809,0,Atlas Pivot Group,Accounting,33,0,1/12/2024
D203375,C100881,27/01/2024,5/03/2024,Closed Won,PAYROLL_DIY,Payroll DIY,Direct,shao,1649,0,Nimbus Limited,Manufacturing,1,0,1/04/2024
D203376,C104177,17/01/2024,27/03/2024,Closed Won,PAYROLL_DIY,Payroll DIY,Partners,dt,1288,0,Harbour Services,Accounting,16,0,1/04/2024
D203377,C101476,10/10/2024,,Open,PAYROLL_MPS,Managed Payroll,Direct,dt,7168,0,Ohomairangi Wenita Ltd,Retail,10,0,1/04/2025
D203378,C102045,4/07/2024,,Open,PAYROLL_DIY,Payroll DIY,Partners,unassigned,1606,0,Duncan Air Partners,Healthcare,16,0,1/07/2024
D203379,C103632,13/06/2025,,Open,PAYROLL_MPS,Managed Payroll,Partners,mkoenen,5281,0,Pivot Services,Education,48,0,1/10/2024
D203380,C102381,10/02/2025,23/04/2025,Closed Won,ADD_ON_TKR,TKR Add-on,Partners,dinkster,1366,0,Rimu Group,Retail,10,0,1/05/2025
D203381,C101072,16/10/2024,31/10/2024,Closed Lost,ADD_ON_TKR,TKR Add-on,Direct,mkoenen,1267,0,Ohomairangi Co.,Education,64,0,
D203382,C103643,5/06/2024,1/08/2024,Closed Lost,PAYROLL_MPS,Managed Payroll,Direct,mkoenen,2550,0,Kea Ltd,Accounting,1,0,
D203383,C103268,11/11/2024,8/02/2025,Closed Won,ADD_ON_TKR,TKR Add-on,Direct,awong,980,0,Harbour Services,Healthcare,12,0,1/02/2025
D203384,C100236,8/05/2025,23/07/2025,Closed Won,PM,People Management,Partners,shao,342,0,Eurotec Group,Manufacturing,57,0,1/09/2025
D203385,C100889,12/05/2024,22/05/2024,Closed Won,PM,People Management,Direct,dinkster,152,0,Kea Services,Accounting,33,0,1/06/2024
D203386,C102800,30/04/2024,9/06/2024,Closed Won,PAYROLL_MPS,Managed Payroll,Direct,dinkster,3464,0,Kauri Partners,Legal,1,0,1/07/2024
D203387,C100292,23/12/2024,17/01/2025,Closed Won,PM,People Management,Direct,dinkster,0,0,Pivot Summit Trust,Construction,34,0,1/02/2025
D203388,C104451,11/07/2024,17/08/2024,Closed Won,PAYROLL_MPS,Managed Payroll,Direct,dinkster,6446,0,Kauri Duncan Air Ltd,Legal,18,0,1/08/2024
D203389,C100608,8/10/2024,9/12/2024,Closed Lost,ADD_ON_TKR,TKR Add-on,Partners,shao,738,0,Kea Trust,Accounting,1,0,
D203390,C100381,28/08/2024,,Open,PAYROLL_MPS,Managed Payroll,Partners,shao,9358,0,Beta Partners,Accounting,57,0,1/06/2025
D203391,C101244,22/03/2024,,Open,PAYROLL_DIY,Payroll DIY,Partners,awong,1653,0,Beta Pivot Group,Manufacturing,39,0,1/10/2024
D203392,C100109,25/01/2024,26/03/2024,Closed Won,PAYROLL_DIY,Payroll DIY,Partners,shao,0,0,Rimu Holdings,Software,70,0,1/04/2024
D203393,C104710,4/10/2024,16/10/2024,Closed Won,PM,People Management,Direct,awong,890,0,Alpha Services,Healthcare,21,1,1/11/2024
D203394,C103868,19/06/2025,,Open,PAYROLL_MPS,Managed Payroll,Partners,unassigned,6010,0,Rimu Kauri Partners,Software,31,0,1/09/2024
D203395,C103265,6/10/2024,,Open,ADD_ON_TKR,TKR Add-on,Partners,nobody,1020,0,Nimbus Alpha Co.,Software,12,0,1/01/2025
D203396,C103396,12/06/2024,12/07/2024,Closed Won,ADD_ON_TKR,TKR Add-on,Partners,dinkster,961,0,Eurotec Limited,Construction,24,1,1/08/2024
D203397,C100603,25/07/2024,,Open,ADD_ON_TKR,TKR Add-on,Direct,dinkster,336,0,Tui Atlas Partners,Accounting,17,0,1/08/2024
D203398,C100963,4/04/2024,1/07/2024,Closed Lost,ADD_ON_TKR,TKR Add-on,Direct,mkoenen,496,0,Harbour Holdings,Manufacturing,1,0,
D203399,C104679,21/01/2024,5/04/2024,Closed Won,ADD_ON_TKR,TKR Add-on,Direct,awong,1572,0,Nimbus Ltd,Manufacturing,7,0,1/04/2024
D203400,C103314,13/03/2024,,Open,PM,People Management,Direct,shao,1800,0,Eurotec Kea Limited,Legal,23,1,1/08/2025
D203401,C101718,31/01/2024,12/03/2024,Closed Lost,ADD_ON_TKR,TKR Add-on,Partners,mkoenen,936,0,Duncan Air Ltd,Software,10,1,
D203402,C104799,6/06/2024,12/06/2024,Closed Won,PM,People Management,Partners,shao,1685,0,Alpha Atlas Limited,Construction,35,0,1/07/2024
D203403,C100875,29/03/2025,7/05/2025,Closed Won,PM,People Management,Direct,shao,1165,0,Kea Kea Co.,Accounting,61,0,1/06/2025
D203404,C101482,8/09/2024,,Open,PM,People Management,Partners,shao,1230,0,Atlas Ltd,Software,70,1,1/04/2024
D203405,C100820,22/05/2025,7/08/2025,Closed Won,PAYROLL_DIY,Payroll DIY,Partners,shao,3332,0,Pivot Pivot Trust,Software,1,0,1/09/2025
D203406,C102581,26/12/2024,16/02/2025,Closed Won,PAYROLL_DIY,Payroll DIY,Partners,awong,1359,0,Ohomairangi Group,Healthcare,19,1,1/03/2025
D203407,C101977,18/08/2024,1/09/2024,Closed Lost,PAYROLL_DIY,Payroll DIY,Direct,awong,1783,0,Kauri Services,Education,10,0,
D203408,C104929,21/05/2024,9/07/2024,Closed Won,PM,People Management,Direct,dt,387,0,Rimu Atlas Services,Software,1,0,1/08/2024
D203409,C101800,29/01/2025,,Open,PM,People Management,Partners,nobody,1140,0,Tui Holdings,Legal,27,0,1/07/2025
D203410,C103500,6/02/2024,7/03/2024,Closed Won,PAYROLL_MPS,Managed Payroll,Direct,unassigned,3845,0,Nimbus Kauri Holdings,Retail,15,0,1/04/2024
D203411,C104069,19/05/2024,24/05/2024,Closed Won,PM,People Management,Direct,unassigned,832,0,Eurotec Partners,Healthcare,38,0,1/06/2024
D203412,C104384,30/03/2025,22/05/2025,Closed Won,ADD_ON_TKR,TKR Add-on,Partners,mkoenen,682,0,Duncan Air Services,Manufacturing,19,0,1/06/2025
D203413,C101554,11/01/2024,13/02/2024,Closed Won,PAYROLL_MPS,Managed Payroll,Partners,nobody,0,0,Kea Services,Healthcare,34,0,1/03/2024
D203414,C103500,4/06/2025,23/07/2025,Closed Lost,PM,People Management,Partners,dinkster,1317,0,Nimbus Kauri Holdings,Retail,15,0,
D203415,C100149,17/03/2025,29/05/2025,Closed Lost,ADD_ON_TKR,TKR Add-on,Partners,nobody,0,0,Nimbus Limited,Education,1,0,
D203416,C100458,20/09/2024,1/12/2024,Closed Won,PAYROLL_DIY,Payroll DIY,Direct,dinkster,1898,0,Summit Eurotec Limited,Accounting,20,0,1/12/2024
D203417,C101558,5/11/2024,17/12/2024,Closed Lost,PM,People Management,Direct,dinkster,1184,0,Harbour Partners,Accounting,11,1,
D203418,C103616,17/06/2025,14/08/2025,Closed Won,ADD_ON_TKR,TKR Add-on,Direct,awong,1022,0,Duncan Air Services,Manufacturing,31,0,1/09/2025
D203419,C103149,29/12/2024,28/01/2025,Closed Lost,PM,People Management,Direct,dinkster,2187,0,Nimbus Holdings,Construction,14,0,1/02/2025
D203420,C103502,22/02/2024,17/03/2024,Closed Won,PM,People Management,Direct,dinkster,1144,0,Harbour Holdings,Healthcare,50,0,1/04/2024
D203421,C104588,5/06/2025,10/08/2025,Closed Won,PM,People Management,Direct,unassigned,980,0,Ohomairangi Ltd,Accounting,8,0,1/08/2025
D203422,C102544,27/08/2024,20/09/2024,Closed Won,PM,People Management,Partners,unassigned,252,0,Kauri Atlas Ltd,Software,33,0,1/10/2024
D203423,C104106,13/06/2024,20/06/2024,Closed Won,ADD_ON_TKR,TKR Add-on,Direct,dt,563,0,Alpha Holdings,Accounting,21,0,1/07/2024
D203424,C103744,17/08/2024,22/08/2024,Closed Won,PAYROLL_DIY,Payroll DIY,Direct,shao,2382,0,Atlas Limited,Retail,11,0,1/09/2024
D203425,C100692,22/09/2024,12/10/2024,Closed Won,PM,People Management,Direct,awong,656,0,Beta Ltd,Education,1,0,1/11/2024
D203426,C102669,30/03/2025,28/04/2025,Closed Won,ADD_ON_TKR,TKR Add-on,Partners,shao,439,0,Wenita Services,Healthcare,47,0,1/05/2025
D203427,C103069,22/04/2024,18/07/2024,Closed Won,PAYROLL_MPS,Managed Payroll,Partners,shao,3668,0,Harbour Services,Manufacturing,85,0,1/08/2024
D203428,C100996,21/04/2025,,Open,PAYROLL_DIY,Payroll DIY,Partners,awong,569,0,Nimbus Group,Education,75,0,1/08/2024
D203429,C103884,17/07/2024,24/07/2024,Closed Won,PAYROLL_DIY,Payroll DIY,Partners,unassigned,669,0,Rimu Ltd,Healthcare,1,0,1/08/2024
D203430,C100762,5/05/2024,10/06/2024,Closed Won,ADD_ON_TKR,TKR Add-on,Direct,dinkster,993,0,Eurotec Trust,Manufacturing,2,0,1/06/2024
D203431,C102802,25/11/2024,,Open,ADD_ON_TKR,TKR Add-on,Direct,dinkster,531,0,Eurotec Holdings,Retail,55,0,1/09/2024
D203432,C101468,9/06/2024,,Open,PAYROLL_DIY,Payroll DIY,Direct,mkoenen,1277,0,Atlas Pivot Group,Healthcare,49,0,1/01/2025
D203433,C101906,24/07/2024,26/08/2024,Closed Lost,PAYROLL_DIY,Payroll DIY,Direct,mkoenen,1245,0,Rimu Trust,Education,24,0,
D203434,C102958,3/03/2024,,Open,ADD_ON_TKR,TKR Add-on,Direct,dt,243,0,Summit Eurotec Limited,Retail,31,0,1/05/2024
D203435,C102617,13/03/2024,11/06/2024,Closed Won,PAYROLL_DIY,Payroll DIY,Partners,mkoenen,1804,0,Ohomairangi Ltd,Accounting,23,0,1/07/2024
D203436,C101420,19/06/2024,,Open,PAYROLL_DIY,Payroll DIY,Partners,awong,2033,0,Ohomairangi Holdings,Construction,6,0,1/01/2025
D203437,C104931,6/06/2025,18/08/2025,Closed Lost,PM,People Management,Direct,dinkster,1011,0,Summit Group,Healthcare,6,1,
D203438,C101502,23/05/2024,29/05/2024,Closed Won,PAYROLL_DIY,Payroll DIY,Partners,mkoenen,1161,0,Pivot Co.,Accounting,17,0,1/06/2024
D203439,C101457,22/07/2024,,Open,PAYROLL_MPS,Managed Payroll,Partners,awong,719,0,Harbour Services,Construction,35,0,1/02/2025
D203440,C100155,5/03/2025,20/04/2025,Closed Won,ADD_ON_TKR,TKR Add-on,Partners,dinkster,1205,0,Tui Atlas Ltd,Software,16,0,1/06/2025
D203441,C100782,12/06/2024,24/07/2024,Closed Lost,PAYROLL_MPS,Managed Payroll,Direct,awong,1131,0,Summit Trust,Healthcare,40,0,
D203442,C103537,8/06/2024,4/09/2024,Closed Lost,PM,People Management,Partners,dinkster,845,0,Kauri Alpha Group,Education,40,0,
D203443,C104433,15/10/2024,21/12/2024,Closed Lost,PM,People Management,Direct,awong,1420,0,Beta Kea Partners,Legal,23,0,
D203444,C103730,25/10/2024,26/11/2024,Closed Won,PAYROLL_DIY,Payroll DIY,Direct,unassigned,1509,0,Nimbus Tui Partners,Healthcare,5,0,1/12/2024
D203445,C102590,14/05/2024,17/07/2024,Closed Lost,PM,People Management,Partners,awong,1647,0,Tui Co.,Healthcare,1,0,
D203446,C101556,13/07/2024,7/10/2024,Closed Lost,PAYROLL_MPS,Managed Payroll,Direct,shao,605,0,Pivot Co.,Education,30,0,
D203447,C104179,16/10/2024,6/11/2024,Closed Won,PAYROLL_DIY,Payroll DIY,Direct,dinkster,1332,0,Duncan Air Atlas Ltd,Software,1,0,1/11/2024
D203448,C101226,16/08/2024,4/10/2024,Closed Won,PAYROLL_DIY,Payroll DIY,Direct,shao,1251,0,Kauri Summit Services,Healthcare,60,0,1/11/2024
D203449,C101050,15/01/2025,,Open,PM,People Management,Direct,shao,1143,0,Summit Duncan Air Group,Legal,37,0,1/08/2024
D203450,C101413,31/10/2024,25/01/2025,Closed Won,ADD_ON_TKR,TKR Add-on,Partners,unassigned,880,0,Ohomairangi Limited,Retail,55,0,1/02/2025
D203451,C102943,4/12/2024,6/01/2025,Closed Won,PAYROLL_MPS,Managed Payroll,Direct,mkoenen,4244,0,Ohomairangi Ltd,Accounting,11,0,1/02/2025
D203452,C104647,7/11/2024,19/01/2025,Closed Won,PAYROLL_DIY,Payroll DIY,Partners,dinkster,1101,0,Atlas Services,Construction,13,0,1/02/2025
D203453,C104988,30/05/2024,22/08/2024,Closed Won,ADD_ON_TKR,TKR Add-on,Partners,mkoenen,934,0,Alpha Beta Group,Education,1,1,1/08/2024
D203454,C100470,14/01/2024,2/04/2024,Closed Won,PAYROLL_DIY,Payroll DIY,Direct,mkoenen,3192,0,Rimu Ltd,Software,1,0,1/05/2024
D203455,C103783,20/11/2024,12/01/2025,Closed Won,PAYROLL_MPS,Managed Payroll,Partners,dt,878,0,Alpha Trust,Education,35,0,1/02/2025
D203456,C102911,30/01/2024,12/03/2024,Closed Won,PM,People Management,Partners,dt,1628,0,Kauri Pivot Ltd,Education,16,0,1/03/2024
D203457,C103819,17/05/2025,,Open,PAYROLL_DIY,Payroll DIY,Partners,shao,2251,0,Atlas Holdings,Manufacturing,18,0,1/12/2024
D203458,C101188,11/06/2024,12/06/2024,Closed Won,PAYROLL_MPS,Managed Payroll,Partners,unassigned,5976,0,Nimbus Atlas Partners,Software,23,0,1/07/2024
D203459,C100894,22/10/2024,27/10/2024,Closed Won,PM,People Management,Direct,mkoenen,1235,0,Tui Group,Manufacturing,8,0,1/11/2024
D203460,C103960,13/03/2024,21/04/2024,Closed Lost,ADD_ON_TKR,TKR Add-on,Partners,awong,519,0,Alpha Limited,Retail,46,0,
D203461,C101789,26/08/2024,,Open,PAYROLL_MPS,Managed Payroll,Direct,mkoenen,6860,0,Tui Trust,Accounting,37,0,1/09/2025
D203462,C100431,6/04/2025,16/04/2025,Closed Won,PM,People Management,Partners,mkoenen,1400,0,Wenita Tui Trust,Manufacturing,9,0,1/04/2025
D203463,C101919,27/01/2024,,Open,ADD_ON_TKR,TKR Add-on,Direct,dt,1062,0,Nimbus Partners,Software,1,0,1/05/2024
D203464,C103586,8/10/2024,5/11/2024,Closed Won,PM,People Management,Direct,unassigned,1053,0,Rimu Co.,Construction,95,0,1/11/2024
D203465,C101842,9/06/2024,23/08/2024,Closed Won,PAYROLL_DIY,Payroll DIY,Direct,shao,2072,0,Harbour Services,Retail,1,0,1/09/2024
D203466,C100692,24/04/2025,28/04/2025,Closed Won,PAYROLL_DIY,Payroll DIY,Direct,mkoenen,2699,0,Beta Ltd,Education,1,0,1/05/2025
D203467,C104595,24/03/2025,,Open,ADD_ON_TKR,TKR Add-on,Direct,shao,1155,0,Ohomairangi Trust,Healthcare,1,0,1/07/2024
D203468,C102115,14/11/2024,2/01/2025,Closed Won,PM,People Management,Partners,dinkster,1400,0,Beta Partners,Legal,1,0,1/01/2025
D203469,C104324,7/07/2024,14/09/2024,Closed Won,PAYROLL_DIY,Payroll DIY,Direct,shao,813,0,Duncan Air Holdings,Legal,1,0,1/10/2024
D203470,C101482,9/01/2025,13/02/2025,Closed Won,PM,People Management,Partners,mkoenen,1076,0,Atlas Ltd,Software,70,1,1/03/2025
D203471,C104677,26/03/2024,1/04/2024,Closed Won,PM,People Management,Partners,unassigned,1301,0,Wenita Ltd,Retail,12,0,1/05/2024
D203472,C102059,24/11/2024,22/12/2024,Closed Won,PAYROLL_DIY,Payroll DIY,Direct,dt,2151,0,Kauri Kauri Services,Accounting,42,1,1/01/2025
D203473,C104693,14/05/2024,12/06/2024,Closed Won,PAYROLL_MPS,Managed Payroll,Partners,awong,5848,0,Wenita Duncan Air Partners,Accounting,13,0,1/07/2024
D203474,C104969,26/03/2024,19/04/2024,Closed Lost,PAYROLL_MPS,Managed Payroll,Direct,mkoenen,6367,0,Ohomairangi Eurotec Partners,Retail,64,0,
D203475,C100691,30/03/2024,,Open,ADD_ON_TKR,TKR Add-on,Partners,shao,1095,0,Duncan Air Services,Construction,1,0,1/11/2024
D203476,C100717,10/08/2024,11/10/2024,Closed Won,PM,People Management,Partners,awong,1837,0,Pivot Ohomairangi Trust,Software,37,0,1/11/2024
D203477,C102193,1/07/2025,31/07/2025,Closed Won,ADD_ON_TKR,TKR Add-on,Direct,unassigned,877,0,Kauri Co.,Manufacturing,18,0,1/08/2025
D203478,C104597,20/04/2025,21/06/2025,Closed Won,PM,People Management,Direct,dt,1488,0,Summit Nimbus Services,Retail,1,0,1/08/2025
D203479,C101017,5/06/2024,7/08/2024,Closed Won,PM,People Management,Partners,dt,545,0,Wenita Kauri Services,Healthcare,97,0,1/08/2024
D203480,C100434,17/08/2024,2/09/2024,Closed Lost,ADD_ON_TKR,TKR Add-on,Direct,awong,1581,0,Ohomairangi Holdings,Retail,1,0,
D203481,C102373,23/05/2025,16/08/2025,Closed Won,ADD_ON_TKR,TKR Add-on,Direct,mkoenen,233,0,Rimu Eurotec Trust,Software,13,0,1/08/2025
D203482,C100030,11/05/2024,11/06/2024,Closed Won,ADD_ON_TKR,TKR Add-on,Direct,unassigned,1209,0,Summit Rimu Group,Software,26,0,1/06/2024
D203483,C100424,7/04/2025,21/06/2025,Closed Won,ADD_ON_TKR,TKR Add-on,Partners,mkoenen,710,0,Pivot Tui Group,Software,1,0,1/08/2025
D203484,C100416,18/02/2025,3/04/2025,Closed Won,PM,People Management,Partners,dinkster,1646,0,Nimbus Limited,Legal,5,0,1/04/2025
D203485,C102900,15/08/2024,26/10/2024,Closed Won,PM,People Management,Partners,awong,1371,0,Pivot Limited,Retail,14,0,1/11/2024
D203486,C103642,31/08/2024,,Open,PM,People Management,Partners,shao,818,0,Kauri Nimbus Co.,Healthcare,1,0,1/10/2024
D203487,C100725,21/03/2024,29/05/2024,Closed Won,PAYROLL_DIY,Payroll DIY,Partners,dt,205,0,Eurotec Limited,Construction,81,0,1/07/2024
D203488,C104319,15/12/2024,14/03/2025,Closed Won,ADD_ON_TKR,TKR Add-on,Partners,nobody,1266,0,Beta Partners,Retail,1,0,1/04/2025
D203489,C101935,5/11/2024,14/12/2024,Closed Won,PAYROLL_MPS,Managed Payroll,Direct,dinkster,3746,0,Pivot Limited,Software,99,0,1/12/2024
D203490,C102718,18/05/2024,14/06/2024,Closed Won,ADD_ON_TKR,TKR Add-on,Direct,mkoenen,349,0,Duncan Air Partners,Retail,1,0,1/06/2024
D203491,C102105,11/01/2024,15/02/2024,Closed Lost,ADD_ON_TKR,TKR Add-on,Partners,shao,1650,0,Wenita Services,Retail,1,0,
D203492,C101395,11/03/2024,,Open,ADD_ON_TKR,TKR Add-on,Direct,mkoenen,835,0,Beta Partners,Healthcare,1,0,1/01/2025
D203493,C100779,25/04/2024,,Open,PAYROLL_MPS,Managed Payroll,Partners,dt,7495,0,Kea Services,Education,26,1,1/07/2025
D203494,C103846,17/10/2024,,Open,PAYROLL_DIY,Payroll DIY,Direct,unassigned,1379,0,Harbour Atlas Limited,Healthcare,56,0,1/11/2024
D203495,C103061,19/03/2025,30/05/2025,Closed Won,PAYROLL_MPS,Managed Payroll,Partners,mkoenen,5406,0,Wenita Limited,Manufacturing,49,0,1/07/2025
D203496,C104278,6/05/2024,17/06/2024,Closed Won,ADD_ON_TKR,TKR Add-on,Direct,shao,572,0,Kea Harbour Limited,Healthcare,22,0,1/07/2024
D203497,C100953,7/01/2024,11/02/2024,Closed Won,PAYROLL_MPS,Managed Payroll,Partners,dt,663,0,Summit Beta Services,Education,34,0,1/03/2024
D203498,C102775,3/05/2025,28/06/2025,Closed Won,PM,People Management,Direct,dt,300,0,Kauri Group,Manufacturing,1,0,1/07/2025
D203499,C103704,20/04/2025,,Open,ADD_ON_TKR,TKR Add-on,Partners,shao,417,0,Rimu Nimbus Co.,Retail,31,0,1/05/2025
D203500,C100602,31/10/2024,4/11/2024,Closed Won,PM,People Management,Partners,dinkster,0,0,Duncan Air Group,Software,37,0,1/11/2024
D203501,C104300,11/12/2024,24/01/2025,Closed Won,PAYROLL_MPS,Managed Payroll,Partners,dinkster,2842,0,Beta Ltd,Retail,43,0,1/02/2025
D203502,C100764,23/04/2024,30/04/2024,Closed Lost,PAYROLL_MPS,Managed Payroll,Partners,dinkster,3832,0,Summit Trust,Software,27,1,
D203503,C101123,25/04/2024,,Open,PM,People Management,Partners,mkoenen,1428,0,Duncan Air Kauri Services,Legal,54,0,1/03/2024
D203504,C103874,2/07/2025,28/08/2025,Closed Won,ADD_ON_TKR,TKR Add-on,Direct,awong,392,0,Tui Holdings,Retail,26,0,1/09/2025
D203505,C101610,23/04/2025,9/05/2025,Closed Won,PAYROLL_MPS,Managed Payroll,Partners,shao,6326,0,Harbour Partners,Legal,39,0,1/06/2025
D203506,C102778,5/03/2024,,Open,PAYROLL_MPS,Managed Payroll,Partners,dinkster,3570,0,Kea Group,Software,48,0,1/06/2025
D203507,C101475,17/03/2024,31/05/2024,Closed Lost,PAYROLL_MPS,Managed Payroll,Partners,mkoenen,1537,0,Atlas Limited,Retail,1,1,
D203508,C102250,12/01/2024,16/03/2024,Closed Won,ADD_ON_TKR,TKR Add-on,Direct,dt,764,0,Atlas Group,Healthcare,9,0,1/04/2024
D203509,C103996,16/04/2025,24/04/2025,Closed Lost,ADD_ON_TKR,TKR Add-on,Partners,dt,372,0,Duncan Air Trust,Construction,26,0,1/04/2025
D203510,C101245,16/11/2024,,Open,PAYROLL_MPS,Managed Payroll,Direct,dinkster,2558,0,Harbour Group,Accounting,43,0,1/04/2024
D203511,C101450,16/01/2024,13/03/2024,Closed Lost,ADD_ON_TKR,TKR Add-on,Partners,mkoenen,658,0,Kauri Ltd,Software,29,0,
D203512,C103062,12/12/2024,30/12/2024,Closed Lost,ADD_ON_TKR,TKR Add-on,Partners,shao,990,0,Ohomairangi Tui Ltd,Manufacturing,1,0,
D203513,C101970,21/10/2024,,Open,PAYROLL_MPS,Managed Payroll,Partners,awong,3816,0,Rimu Co.,Software,26,0,1/06/2024
D203514,C103414,8/06/2025,24/07/2025,Closed Won,PAYROLL_MPS,Managed Payroll,Direct,mkoenen,2717,0,Beta Services,Manufacturing,1,0,1/08/2025
D203515,C103206,10/02/2025,,Open,PAYROLL_DIY,Payroll DIY,Partners,shao,1191,0,Duncan Air Limited,Legal,1,0,1/07/2024
D203516,C101242,1/06/2024,24/06/2024,Closed Won,PM,People Management,Partners,dinkster,1278,0,Harbour Ltd,Software,29,0,1/06/2024
D203517,C101858,10/06/2025,17/08/2025,Closed Won,PAYROLL_DIY,Payroll DIY,Partners,dinkster,1246,0,Summit Holdings,Accounting,7,0,1/09/2025
D203518,C102046,8/02/2025,12/04/2025,Closed Won,PM,People Management,Direct,dinkster_tmp,1766,0,Tui Kauri Limited,Accounting,1,1,1/05/2025
D203519,C100259,11/04/2025,26/04/2025,Closed Won,PAYROLL_MPS,Managed Payroll,Partners,dt,5601,0,Alpha Partners,Retail,5,0,1/05/2025
D203520,C100921,13/01/2024,21/01/2024,Closed Won,PAYROLL_MPS,Managed Payroll,Direct,nobody,3039,0,Wenita Co.,Healthcare,66,0,1/02/2024
D203521,C102639,11/11/2024,20/11/2024,Closed Won,PAYROLL_MPS,Managed Payroll,Partners,unassigned,1775,0,Tui Ltd,Legal,1,0,1/12/2024
D203522,C102463,6/09/2024,19/09/2024,Closed Won,PM,People Management,Direct,awong,969,0,Pivot Nimbus Services,Manufacturing,5,0,1/10/2024
D203523,C101901,27/09/2024,8/10/2024,Closed Won,PAYROLL_MPS,Managed Payroll,Direct,awong,260,0,Rimu Wenita Co.,Healthcare,12,0,1/10/2024
D203524,C104630,26/04/2024,26/05/2024,Closed Won,PAYROLL_MPS,Managed Payroll,Direct,mkoenen,7012,0,Kea Trust,Legal,35,0,1/06/2024
D203525,C104509,8/03/2024,20/04/2024,Closed Lost,PM,People Management,Direct,dinkster,2134,0,Alpha Kea Partners,Manufacturing,67,0,
D203526,C101274,10/04/2024,17/04/2024,Closed Won,PAYROLL_MPS,Managed Payroll,Direct,unassigned,7759,0,Wenita Rimu Ltd,Manufacturing,57,0,1/05/2024
D203527,C103247,23/06/2025,,Open,ADD_ON_TKR,TKR Add-on,Direct,mkoenen,184,0,Pivot Trust,Construction,98,0,1/11/2024
D203528,C100444,1/08/2024,15/10/2024,Closed Lost,ADD_ON_TKR,TKR Add-on,Partners,dt,356,0,Alpha Co.,Manufacturing,17,0,
D203529,C104194,4/03/2025,,Open,ADD_ON_TKR,TKR Add-on,Direct,dt,628,0,Alpha Services,Education,41,0,1/05/2024
D203530,C104873,3/12/2024,,Open,PAYROLL_MPS,Managed Payroll,Direct,shao,4588,0,Nimbus Services,Accounting,1,0,1/10/2024
D203531,C100971,22/09/2024,,Open,PAYROLL_DIY,Payroll DIY,Direct,dt,2075,0,Alpha Group,Accounting,2,0,1/03/2025
D203532,C101997,16/03/2024,11/05/2024,Closed Won,PAYROLL_MPS,Managed Payroll,Partners,dt,3113,0,Kea Holdings,Manufacturing,82,0,1/06/2024
D203533,C100915,15/02/2024,,Open,PAYROLL_DIY,Payroll DIY,Partners,mkoenen,499,0,Alpha Ltd,Legal,1,0,1/03/2024
D203534,C100861,7/01/2024,8/01/2024,Closed Won,PAYROLL_DIY,Payroll DIY,Partners,dinkster,4381,0,Nimbus Holdings,Accounting,44,0,1/01/2024
D203535,C101060,28/04/2024,9/07/2024,Closed Won,PAYROLL_DIY,Payroll DIY,Partners,dt,2215,0,Beta Harbour Limited,Construction,59,0,1/08/2024
D203536,C104198,30/05/2024,12/08/2024,Closed Won,PAYROLL_DIY,Payroll DIY,Direct,awong,1782,0,Eurotec Trust,Manufacturing,1,0,1/09/2024
D203537,C103413,5/03/2025,30/05/2025,Closed Lost,PAYROLL_DIY,Payroll DIY,Partners,awong,2540,0,Duncan Air Harbour Group,Accounting,1,0,
D203538,C102704,30/01/2025,11/02/2025,Closed Won,PAYROLL_DIY,Payroll DIY,Direct,dinkster,2410,0,Kea Limited,Education,70,0,1/03/2025
D203539,C101099,13/06/2025,4/07/2025,Closed Lost,PAYROLL_MPS,Managed Payroll,Partners,unassigned,1734,0,Nimbus Eurotec Services,Retail,1,0,
D203540,C101369,15/03/2025,19/04/2025,Closed Won,ADD_ON_TKR,TKR Add-on,Direct,dt,1089,0,Tui Holdings,Healthcare,1,0,1/05/2025
D203541,C103622,22/07/2024,21/09/2024,Closed Won,PAYROLL_MPS,Managed Payroll,Partners,awong,5228,0,Harbour Limited,Retail,11,0,1/10/2024
D203542,C101352,29/12/2024,,Open,PM,People Management,Direct,mkoenen,1162,0,Rimu Ltd,Education,16,0,1/04/2024
D203543,C103713,8/03/2025,17/03/2025,Closed Won,ADD_ON_TKR,TKR Add-on,Direct,mkoenen,237,0,Kauri Co.,Retail,15,0,1/03/2025
D203544,C101079,27/07/2024,7/09/2024,Closed Lost,PM,People Management,Partners,dinkster,1250,0,Rimu Group,Accounting,51,0,
D203545,C100009,11/08/2024,,Open,PAYROLL_MPS,Managed Payroll,Partners,awong,4698,0,Kea Rimu Trust,Construction,47,0,1/06/2025
D203546,C101834,12/11/2024,17/12/2024,Closed Won,PM,People Management,Partners,mkoenen,1525,0,Rimu Partners,Software,1,0,1/01/2025
D203547,C100434,20/10/2024,,Open,PM,People Management,Direct,mkoenen,43,0,Ohomairangi Holdings,Retail,1,0,1/03/2025
D203548,C103021,9/03/2024,22/03/2024,Closed Won,ADD_ON_TKR,TKR Add-on,Direct,unassigned,1286,0,Ohomairangi Holdings,Healthcare,11,0,1/05/2024
D203549,C101037,3/07/2025,10/08/2025,Closed Won,PM,People Management,Partners,awong,1131,0,Alpha Trust,Legal,53,0,1/08/2025
D203550,C101160,21/01/2024,24/03/2024,Closed Won,PM,People Management,Partners,awong,3066,0,Duncan Air Group,Education,60,0,1/04/2024
D203551,C103962,30/04/2025,29/05/2025,Closed Lost,ADD_ON_TKR,TKR Add-on,Partners,dt,828,0,Eurotec Beta Holdings,Education,34,0,
D203552,C100942,16/02/2025,15/05/2025,Closed Lost,PAYROLL_MPS,Managed Payroll,Partners,dt,6882,0,Ohomairangi Co.,Manufacturing,12,0,
D203553,C102619,18/03/2025,,Open,PAYROLL_MPS,Managed Payroll,Partners,mkoenen,3512,0,Alpha Co.,Healthcare,64,0,1/08/2024
D203554,C102587,9/05/2024,,Open,ADD_ON_TKR,TKR Add-on,Direct,dinkster,766,0,Atlas Trust,Retail,7,0,1/09/2025
D203555,C100194,6/02/2024,25/03/2024,Closed Won,PM,People Management,Partners,mkoenen,1420,0,Eurotec Co.,Accounting,64,0,1/04/2024
D203556,C104670,1/10/2024,6/10/2024,Closed Won,PAYROLL_DIY,Payroll DIY,Direct,awong,2466,0,Summit Services,Construction,47,0,1/11/2024
D203557,C104279,28/01/2025,31/03/2025,Closed Lost,PAYROLL_MPS,Managed Payroll,Direct,unassigned,2193,0,Pivot Holdings,Accounting,1,0,
D203558,C100853,12/01/2025,28/02/2025,Closed Lost,ADD_ON_TKR,TKR Add-on,Direct,shao,810,0,Wenita Group,Construction,16,0,1/03/2025
D203559,C102940,20/10/2024,8/01/2025,Closed Won,PAYROLL_MPS,Managed Payroll,Direct,awong,5329,0,Duncan Air Trust,Legal,23,0,1/01/2025
D203560,C101706,14/11/2024,6/02/2025,Closed Lost,PAYROLL_DIY,Payroll DIY,Partners,awong,1117,0,Duncan Air Trust,Manufacturing,9,0,
D203561,C102868,6/05/2025,24/05/2025,Closed Won,PAYROLL_MPS,Managed Payroll,Partners,dt,7019,0,Kea Co.,Manufacturing,54,0,1/06/2025
D203562,C104825,19/02/2024,6/03/2024,Closed Lost,PAYROLL_MPS,Managed Payroll,Partners,awong,5109,0,Beta Ltd,Healthcare,4,0,
D203563,C100957,23/03/2025,13/06/2025,Closed Lost,ADD_ON_TKR,TKR Add-on,Partners,shao,1059,0,Atlas Co.,Manufacturing,14,0,
D203564,C102952,2/04/2025,28/06/2025,Closed Lost,PM,People Management,Direct,dinkster,0,0,Wenita Ltd,Legal,32,0,
D203565,C101137,29/03/2024,13/04/2024,Closed Lost,PM,People Management,Direct,mkoenen,1094,0,Eurotec Trust,Manufacturing,57,0,
D203566,C104998,28/01/2024,7/03/2024,Closed Won,PAYROLL_DIY,Payroll DIY,Direct,awong,1939,0,Kauri Trust,Manufacturing,1,0,1/03/2024
D203567,C103678,4/07/2024,2/10/2024,Closed Won,PM,People Management,Partners,nobody,1721,0,Kauri Group,Manufacturing,47,0,1/11/2024
D203568,C104966,26/06/2024,,Open,PM,People Management,Partners,shao,1410,0,Duncan Air Co.,Accounting,38,0,1/06/2025
D203569,C100349,2/02/2025,5/02/2025,Closed Lost,PAYROLL_DIY,Payroll DIY,Direct,unassigned,874,0,Duncan Air Group,Retail,35,0,
D203570,C101306,12/09/2024,22/10/2024,Closed Won,PAYROLL_MPS,Managed Payroll,Direct,unassigned,2578,0,Ohomairangi Trust,Healthcare,20,0,1/11/2024
D203571,C101126,3/02/2025,15/03/2025,Closed Won,PAYROLL_DIY,Payroll DIY,Direct,awong,3310,0,Ohomairangi Group,Manufacturing,1,0,1/04/2025
D203572,C103135,10/07/2024,9/08/2024,Closed Won,ADD_ON_TKR,TKR Add-on,Direct,dinkster,758,0,Rimu Trust,Manufacturing,67,0,1/08/2024
D203573,C104821,24/01/2025,24/03/2025,Closed Lost,PAYROLL_MPS,Managed Payroll,Direct,awong,6927,0,Eurotec Co.,Healthcare,1,0,
D203574,C100571,2/03/2024,,Open,PAYROLL_DIY,Payroll DIY,Partners,dinkster,620,0,Duncan Air Rimu Limited,Retail,1,0,1/04/2024
D203575,C102991,24/07/2024,13/08/2024,Closed Lost,PAYROLL_DIY,Payroll DIY,Direct,dt,1199,0,Summit Ltd,Accounting,33,0,
D203576,C104944,5/12/2024,16/12/2024,Closed Won,PM,People Management,Direct,unassigned,2163,0,Harbour Ltd,Education,76,0,1/01/2025
D203577,C101000,17/11/2024,15/01/2025,Closed Won,PAYROLL_MPS,Managed Payroll,Direct,dinkster,4509,0,Summit Wenita Ltd,Retail,1,0,1/02/2025
D203578,C104286,19/03/2025,26/05/2025,Closed Won,ADD_ON_TKR,TKR Add-on,Direct,awong,301,0,Beta Co.,Retail,43,0,1/06/2025
D203579,C103299,13/10/2024,,Open,PAYROLL_MPS,Managed Payroll,Partners,dt,2965,0,Nimbus Ltd,Education,48,0,1/09/2024
D203580,C100740,10/06/2025,,Open,PAYROLL_MPS,Managed Payroll,Partners,dinkster,0,0,Ohomairangi Atlas Limited,Software,24,0,1/06/2024
D203581,C104396,5/07/2024,,Open,PAYROLL_MPS,Managed Payroll,Partners,shao,7776,0,Kea Co.,Legal,22,0,1/07/2025
D203582,C103506,20/01/2024,6/02/2024,Closed Won,ADD_ON_TKR,TKR Add-on,Direct,awong,987,0,Summit Pivot Services,Software,18,0,1/03/2024
D203583,C101711,15/11/2024,,Open,PAYROLL_DIY,Payroll DIY,Partners,nobody,2181,0,Duncan Air Ltd,Retail,51,0,1/05/2025
D203584,C104095,3/05/2025,22/07/2025,Closed Won,PAYROLL_MPS,Managed Payroll,Partners,dinkster,8043,0,Nimbus Co.,Software,13,0,1/08/2025
D203585,C103471,17/02/2025,22/04/2025,Closed Lost,ADD_ON_TKR,TKR Add-on,Direct,dinkster,942,0,Kea Services,Manufacturing,1,0,
D203586,C100622,1/06/2024,18/08/2024,Closed Won,PM,People Management,Direct,dinkster,1317,0,Duncan Air Partners,Retail,1,0,1/10/2024
D203587,C102840,11/02/2024,3/03/2024,Closed Lost,PAYROLL_MPS,Managed Payroll,Direct,mkoenen,3211,0,Duncan Air Kea Holdings,Retail,19,1,
D203588,C101421,4/07/2024,9/09/2024,Closed Won,PM,People Management,Direct,unassigned,737,0,Harbour Co.,Education,2,0,1/09/2024
D203589,C101192,24/11/2024,12/12/2024,Closed Lost,ADD_ON_TKR,TKR Add-on,Partners,dinkster,739,0,Nimbus Holdings,Manufacturing,20,0,
D203590,C101726,19/05/2024,13/07/2024,Closed Won,PAYROLL_DIY,Payroll DIY,Direct,dt,0,0,Nimbus Co.,Accounting,18,0,1/07/2024
D203591,C100309,1/02/2025,1/03/2025,Closed Won,PM,People Management,Partners,unassigned,521,0,Tui Wenita Limited,Legal,1,0,1/03/2025
D203592,C100921,13/06/2025,25/07/2025,Closed Lost,PAYROLL_MPS,Managed Payroll,Direct,dt,4590,0,Wenita Co.,Healthcare,66,0,
D203593,C100189,24/05/2025,7/06/2025,Closed Won,PM,People Management,Direct,mkoenen,709,0,Beta Limited,Education,23,0,1/07/2025
D203594,C100364,18/11/2024,,Open,PAYROLL_MPS,Managed Payroll,Direct,shao,3785,0,Rimu Services,Legal,22,0,1/09/2024
D203595,C100156,6/02/2025,15/04/2025,Closed Lost,PM,People Management,Partners,shao,0,0,Kauri Limited,Software,108,0,
D203596,C102177,25/05/2025,18/08/2025,Closed Lost,PAYROLL_MPS,Managed Payroll,Partners,nobody,1672,0,Eurotec Beta Co.,Education,49,0,
D203597,C103331,9/05/2025,,Open,ADD_ON_TKR,TKR Add-on,Direct,mkoenen,1265,0,Rimu Trust,Healthcare,24,0,1/06/2024
D203598,C103934,24/02/2024,9/03/2024,Closed Lost,PAYROLL_MPS,Managed Payroll,Partners,awong,4992,0,Harbour Partners,Legal,14,0,
D203599,C102625,10/12/2024,1/02/2025,Closed Won,PM,People Management,Direct,dinkster,2714,0,Duncan Air Group,Retail,1,1,1/02/2025
D203600,C104408,4/03/2025,13/04/2025,Closed Won,PM,People Management,Direct,dt,989,0,Kea Partners,Accounting,1,0,1/05/2025
D203601,C100276,27/03/2024,10/04/2024,Closed Lost,PAYROLL_DIY,Payroll DIY,Direct,dinkster,1350,0,Kea Trust,Construction,24,0,
D203602,C104446,14/04/2024,25/05/2024,Closed Won,PAYROLL_DIY,Payroll DIY,Direct,awong,1918,0,Summit Limited,Accounting,63,0,1/06/2024
D203603,C101559,25/10/2024,10/12/2024,Closed Lost,PM,People Management,Partners,dinkster,1732,0,Ohomairangi Group,Accounting,1,0,
D203604,C102590,1/07/2025,,Open,PM,People Management,Partners,shao,1384,0,Tui Co.,Healthcare,1,0,1/04/2024
D203605,C103505,14/06/2025,28/08/2025,Closed Won,ADD_ON_TKR,TKR Add-on,Partners,mkoenen,916,0,Kea Holdings,Legal,6,0,1/10/2025
D203606,C103817,15/02/2025,14/04/2025,Closed Won,PM,People Management,Partners,dinkster,1793,0,Kea Duncan Air Ltd,Software,53,0,1/04/2025
D203607,C103137,26/01/2025,7/02/2025,Closed Won,PAYROLL_DIY,Payroll DIY,Partners,shao,663,0,Pivot Group,Healthcare,61,0,1/03/2025
D203608,C104577,11/02/2025,26/04/2025,Closed Won,PAYROLL_DIY,Payroll DIY,Partners,unassigned,1730,0,Tui Holdings,Construction,1,1,1/05/2025
D203609,C103719,14/05/2024,27/05/2024,Closed Won,PAYROLL_MPS,Managed Payroll,Direct,dinkster,1013,0,Tui Co.,Construction,1,0,1/06/2024
D203610,C104295,14/09/2024,13/11/2024,Closed Won,PM,People Management,Partners,unassigned,1164,0,Summit Co.,Accounting,29,0,1/11/2024
D203611,C101788,21/02/2025,15/04/2025,Closed Won,PAYROLL_MPS,Managed Payroll,Partners,awong,6130,1,Pivot Ohomairangi Services,Legal,71,1,1/05/2025
D203612,C102176,16/04/2025,30/05/2025,Closed Won,PM,People Management,Direct,shao,0,0,Wenita Trust,Retail,19,0,1/07/2025
D203613,C102274,6/05/2025,3/07/2025,Closed Won,PAYROLL_DIY,Payroll DIY,Direct,shao,923,0,Kea Co.,Accounting,1,0,1/08/2025
D203614,C103280,15/06/2025,18/07/2025,Closed Won,PAYROLL_MPS,Managed Payroll,Partners,dinkster,6075,0,Beta Co.,Construction,51,0,1/08/2025
D203615,C104068,25/03/2025,,Open,PAYROLL_DIY,Payroll DIY,Partners,dt,762,0,Kauri Ltd,Construction,44,0,1/07/2024
D203616,C103231,1/05/2024,14/06/2024,Closed Lost,PAYROLL_DIY,Payroll DIY,Partners,nobody,1670,0,Pivot Services,Legal,5,0,
D203617,C102812,18/04/2024,11/06/2024,Closed Won,ADD_ON_TKR,TKR Add-on,Direct,unassigned,1063,0,Nimbus Services,Education,13,0,1/07/2024
D203618,C103000,15/08/2024,7/11/2024,Closed Won,ADD_ON_TKR,TKR Add-on,Direct,dinkster,703,0,Kea Ohomairangi Limited,Construction,77,0,1/11/2024
D203619,C102013,24/07/2024,,Open,PM,People Management,Direct,dt,2073,0,Pivot Services,Software,14,0,1/08/2024
D203620,C104026,26/12/2024,,Open,ADD_ON_TKR,TKR Add-on,Partners,awong,722,0,Rimu Services,Retail,11,0,1/05/2025
D203621,C103599,29/09/2024,4/12/2024,Closed Won,ADD_ON_TKR,TKR Add-on,Direct,dt,844,0,Pivot Harbour Trust,Construction,21,0,1/01/2025
D203622,C102411,2/07/2025,5/09/2025,Closed Won,PAYROLL_MPS,Managed Payroll,Direct,shao,7802,0,Ohomairangi Trust,Construction,30,0,1/10/2025
D203623,C100178,17/11/2024,25/01/2025,Closed Won,PM,People Management,Direct,nobody,1041,0,Alpha Ltd,Legal,25,0,1/01/2025
D203624,C100514,13/12/2024,4/02/2025,Closed Lost,ADD_ON_TKR,TKR Add-on,Direct,shao,1535,0,Harbour Trust,Manufacturing,58,0,
D203625,C100305,30/03/2025,9/04/2025,Closed Won,PAYROLL_MPS,Managed Payroll,Direct,unassigned,613,0,Eurotec Trust,Software,12,0,1/05/2025
D203626,C103274,11/01/2025,21/03/2025,Closed Won,PM,People Management,Partners,unassigned,2789,0,Rimu Limited,Healthcare,7,0,1/04/2025
D203627,C104180,3/02/2025,,Open,PAYROLL_MPS,Managed Payroll,Partners,awong,4265,0,Eurotec Partners,Construction,43,0,1/12/2024
D203628,C100988,4/05/2025,,Open,PAYROLL_MPS,Managed Payroll,Direct,mkoenen,458,0,Kauri Group,Accounting,10,0,1/05/2024
D203629,C102398,23/12/2024,27/02/2025,Closed Lost,PM,People Management,Direct,awong,1330,0,Tui Services,Healthcare,9,0,
D203630,C100760,11/01/2024,,Open,PAYROLL_DIY,Payroll DIY,Direct,mkoenen,1738,0,Harbour Co.,Education,50,0,1/12/2024
D203631,C104772,31/01/2024,1/03/2024,Closed Won,PM,People Management,Direct,nobody,1111,0,Duncan Air Holdings,Retail,27,1,1/03/2024
D203632,C103890,8/03/2024,,Open,ADD_ON_TKR,TKR Add-on,Direct,dt,563,0,Tui Ltd,Construction,41,0,1/10/2024
D203633,C104127,22/06/2024,14/07/2024,Closed Lost,PM,People Management,Partners,mkoenen,2028,0,Summit Services,Software,8,0,
D203634,C103859,24/10/2024,5/12/2024,Closed Won,ADD_ON_TKR,TKR Add-on,Partners,dt,1587,0,Kea Pivot Holdings,Construction,20,0,1/12/2024
D203635,C101312,20/07/2024,1/08/2024,Closed Won,PAYROLL_MPS,Managed Payroll,Direct,awong,4448,0,Ohomairangi Rimu Co.,Education,3,0,1/09/2024
D203636,C101331,19/05/2024,11/06/2024,Closed Won,PAYROLL_MPS,Managed Payroll,Partners,mkoenen,3692,0,Tui Limited,Healthcare,29,0,1/07/2024
D203637,C104804,3/04/2025,23/04/2025,Closed Lost,PAYROLL_MPS,Managed Payroll,Partners,dinkster,6299,0,Duncan Air Rimu Limited,Accounting,22,0,
D203638,C102106,26/10/2024,,Open,ADD_ON_TKR,TKR Add-on,Direct,dinkster,41,0,Atlas Co.,Accounting,1,0,1/07/2025
D203639,C103527,23/06/2025,23/08/2025,Closed Won,ADD_ON_TKR,TKR Add-on,Direct,awong,1411,0,Beta Group,Construction,1,0,1/10/2025
D203640,C103240,5/01/2025,,Open,PAYROLL_DIY,Payroll DIY,Direct,shao,1944,0,Nimbus Group,Legal,6,0,1/08/2024
D203641,C102066,26/05/2024,29/05/2024,Closed Won,PM,People Management,Partners,shao,703,0,Harbour Beta Limited,Software,1,0,1/07/2024
D203642,C102137,17/05/2025,30/07/2025,Closed Lost,PAYROLL_MPS,Managed Payroll,Direct,dt,3607,0,Summit Tui Trust,Legal,1,0,
D203643,C104154,27/11/2024,16/02/2025,Closed Lost,PAYROLL_DIY,Payroll DIY,Direct,dt,1723,0,Wenita Group,Accounting,1,0,
D203644,C103552,15/03/2025,,Open,PAYROLL_MPS,Managed Payroll,Direct,dinkster,2247,0,Pivot Co.,Manufacturing,1,0,1/08/2025
D203645,C103245,1/05/2024,23/07/2024,Closed Won,PAYROLL_DIY,Payroll DIY,Direct,dt,2190,0,Atlas Services,Manufacturing,10,0,1/08/2024
D203646,C100107,25/05/2025,16/07/2025,Closed Won,PAYROLL_DIY,Payroll DIY,Direct,unassigned,1421,0,Harbour Partners,Legal,62,0,1/08/2025
D203647,C100168,4/02/2024,26/03/2024,Closed Won,PAYROLL_MPS,Managed Payroll,Partners,dinkster,2152,0,Tui Limited,Software,1,0,1/05/2024
D203648,C100354,3/04/2025,29/05/2025,Closed Won,PAYROLL_MPS,Managed Payroll,Direct,dt,4350,0,Ohomairangi Partners,Construction,1,1,1/06/2025
D203649,C101880,14/01/2024,19/03/2024,Closed Won,PM,People Management,Partners,awong,2182,0,Nimbus Trust,Software,25,0,1/03/2024
D203650,C103750,20/03/2024,17/06/2024,Closed Won,PAYROLL_DIY,Payroll DIY,Direct,dinkster,1263,0,Ohomairangi Co.,Education,1,0,1/07/2024
D203651,C100871,18/02/2024,8/04/2024,Closed Won,ADD_ON_TKR,TKR Add-on,Direct,shao,1312,0,Nimbus Rimu Trust,Education,19,1,1/05/2024
D203652,C100300,9/06/2025,,Open,PM,People Management,Partners,dt_tmp,859,0,Atlas Wenita Co.,Healthcare,34,0,1/03/2025
D203653,C101985,14/07/2024,27/08/2024,Closed Won,PAYROLL_MPS,Managed Payroll,Direct,awong,3445,0,Nimbus Limited,Healthcare,11,0,1/10/2024
D203654,C104772,28/05/2025,14/07/2025,Closed Won,ADD_ON_TKR,TKR Add-on,Direct,shao,555,0,Duncan Air Holdings,Retail,27,1,1/08/2025
D203655,C103625,28/05/2024,,Open,PAYROLL_DIY,Payroll DIY,Partners,shao,854,0,Pivot Limited,Healthcare,76,0,1/08/2024
D203656,C100609,19/05/2025,,Open,PAYROLL_MPS,Managed Payroll,Partners,awong,3018,0,Beta Services,Software,23,0,1/05/2024
D203657,C102388,5/08/2024,29/08/2024,Closed Won,PAYROLL_DIY,Payroll DIY,Direct,shao,2757,0,Eurotec Partners,Legal,60,0,1/09/2024
D203658,C101379,6/04/2024,16/05/2024,Closed Won,ADD_ON_TKR,TKR Add-on,Direct,unassigned,738,0,Harbour Co.,Healthcare,76,0,1/06/2024
D203659,C102936,27/10/2024,25/01/2025,Closed Won,PM,People Management,Partners,unassigned,1644,0,Atlas Group,Software,13,0,1/02/2025
D203660,C100899,26/01/2024,30/01/2024,Closed Won,PM,People Management,Direct,unassigned,0,0,Beta Services,Manufacturing,19,0,1/03/2024
D203661,C103292,7/09/2024,13/09/2024,Closed Won,ADD_ON_TKR,TKR Add-on,Direct,dt,1671,0,Wenita Tui Co.,Legal,35,0,1/10/2024
D203662,C103475,3/05/2025,,Open,PM,People Management,Direct,dinkster,1590,0,Rimu Holdings,Legal,1,1,1/01/2025
D203663,C102614,23/02/2025,27/04/2025,Closed Won,PAYROLL_DIY,Payroll DIY,Direct,dt,1312,0,Alpha Wenita Trust,Healthcare,1,0,1/06/2025
D203664,C100043,9/02/2025,14/02/2025,Closed Won,ADD_ON_TKR,TKR Add-on,Direct,shao,1026,0,Rimu Partners,Education,44,0,1/03/2025
D203665,C103172,22/04/2024,7/05/2024,Closed Won,PM,People Management,Partners,dt,1083,0,Wenita Co.,Manufacturing,4,0,1/05/2024
D203666,C104110,19/11/2024,31/01/2025,Closed Won,PAYROLL_DIY,Payroll DIY,Partners,mkoenen,1804,0,Pivot Holdings,Software,15,0,1/03/2025
D203667,C100163,17/04/2024,9/05/2024,Closed Won,PAYROLL_DIY,Payroll DIY,Direct,awong,1675,0,Nimbus Partners,Healthcare,1,0,1/06/2024
D203668,C102905,2/06/2025,,Open,PAYROLL_MPS,Managed Payroll,Direct,awong,4239,0,Harbour Group,Accounting,1,0,1/11/2024
D203669,C100002,17/12/2024,,Open,ADD_ON_TKR,TKR Add-on,Partners,dinkster,415,0,Pivot Nimbus Ltd,Education,15,0,1/11/2024
D203670,C100769,3/10/2024,,Open,PAYROLL_DIY,Payroll DIY,Direct,dinkster,227,0,Rimu Trust,Retail,42,0,1/05/2025
D203671,C104389,8/06/2024,,Open,ADD_ON_TKR,TKR Add-on,Partners,dinkster,0,0,Wenita Partners,Healthcare,1,0,1/09/2025
D203672,C102720,26/06/2024,12/09/2024,Closed Won,PM,People Management,Partners,mkoenen,1065,0,Kauri Services,Legal,1,0,1/10/2024
D203673,C102669,20/04/2025,30/04/2025,Closed Won,PM,People Management,Direct,dt,1329,0,Wenita Services,Healthcare,47,0,1/05/2025
D203674,C100902,19/03/2025,8/06/2025,Closed Won,PM,People Management,Direct,awong,0,0,Summit Services,Accounting,38,0,1/07/2025
D203675,C100517,17/02/2025,7/03/2025,Closed Won,PM,People Management,Direct,shao,1468,0,Kea Kauri Limited,Legal,18,0,1/03/2025
D203676,C100943,10/05/2024,,Open,PM,People Management,Direct,mkoenen,792,0,Harbour Services,Education,45,0,1/06/2025
D203677,C103503,27/02/2025,27/05/2025,Closed Won,PAYROLL_MPS,Managed Payroll,Direct,unassigned,2782,0,Alpha Kea Ltd,Healthcare,34,0,1/06/2025
D203678,C104348,31/05/2024,16/08/2024,Closed Won,PAYROLL_DIY,Payroll DIY,Direct,dt,2240,0,Beta Co.,Retail,43,1,1/09/2024
D203679,C101812,2/06/2025,17/06/2025,Closed Lost,PAYROLL_DIY,Payroll DIY,Direct,unassigned,624,0,Summit Co.,Software,23,0,
D203680,C104363,26/08/2024,,Open,PM,People Management,Direct,awong,1416,0,Pivot Co.,Accounting,24,0,1/03/2024
D203681,C104558,11/06/2024,16/07/2024,Closed Won,PAYROLL_MPS,Managed Payroll,Direct,awong,4085,0,Tui Holdings,Education,26,1,1/08/2024
D203682,C102399,19/06/2025,,Open,PAYROLL_DIY,Payroll DIY,Direct,dinkster,740,0,Rimu Co.,Manufacturing,82,0,1/01/2025
D203683,C103178,24/02/2024,21/04/2024,Closed Lost,PAYROLL_MPS,Managed Payroll,Partners,shao,4590,0,Wenita Trust,Healthcare,57,0,
D203684,C103782,2/05/2025,4/06/2025,Closed Won,PAYROLL_DIY,Payroll DIY,Partners,shao,0,0,Beta Trust,Retail,73,0,1/06/2025
D203685,C100053,21/01/2025,18/03/2025,Closed Won,PAYROLL_MPS,Managed Payroll,Partners,mkoenen,6976,0,Kauri Ltd,Legal,19,0,1/03/2025
D203686,C103776,28/05/2025,19/07/2025,Closed Lost,PAYROLL_DIY,Payroll DIY,Partners,shao,1578,0,Kauri Co.,Software,1,0,
D203687,C103604,7/06/2024,23/06/2024,Closed Lost,PM,People Management,Partners,awong,875,0,Wenita Limited,Manufacturing,31,0,
D203688,C104665,24/01/2025,16/02/2025,Closed Won,PAYROLL_MPS,Managed Payroll,Partners,mkoenen,3260,0,Kauri Harbour Trust,Construction,54,0,1/02/2025
D203689,C104814,1/06/2025,6/07/2025,Closed Won,PAYROLL_MPS,Managed Payroll,Direct,dt,5852,0,Kauri Co.,Software,40,0,1/08/2025
D203690,C101941,18/04/2024,,Open,PM,People Management,Direct,awong,2115,0,Atlas Limited,Healthcare,1,1,1/09/2024
D203691,C101893,30/05/2025,24/07/2025,Closed Lost,ADD_ON_TKR,TKR Add-on,Direct,dt,496,0,Alpha Nimbus Ltd,Software,84,0,
D203692,C103491,22/04/2025,17/07/2025,Closed Lost,ADD_ON_TKR,TKR Add-on,Partners,unassigned,1144,0,Pivot Summit Limited,Legal,30,0,
D203693,C101025,3/11/2024,,Open,PAYROLL_DIY,Payroll DIY,Partners,unassigned,447,0,Kauri Group,Education,15,0,1/11/2024
D203694,C104617,23/08/2024,23/10/2024,Closed Won,PM,People Management,Partners,awong,1687,0,Eurotec Ltd,Manufacturing,51,0,1/11/2024
D203695,C103515,7/02/2024,11/04/2024,Closed Won,PM,People Management,Direct,mkoenen,633,0,Alpha Holdings,Healthcare,75,0,1/05/2024
D203696,C104467,6/06/2025,,Open,PAYROLL_MPS,Managed Payroll,Partners,awong,449,0,Beta Co.,Software,39,0,1/03/2024
D203697,C100585,23/07/2024,,Open,ADD_ON_TKR,TKR Add-on,Direct,mkoenen,1364,0,Tui Ltd,Accounting,57,0,1/07/2025
D203698,C100422,30/03/2024,14/04/2024,Closed Won,PAYROLL_MPS,Managed Payroll,Partners,unassigned,4650,0,Harbour Pivot Services,Retail,12,0,1/05/2024
D203699,C103613,5/03/2025,27/05/2025,Closed Won,ADD_ON_TKR,TKR Add-on,Partners,awong,317,0,Duncan Air Co.,Education,31,0,1/07/2025
D203700,C102819,3/02/2024,12/04/2024,Closed Lost,PAYROLL_DIY,Payroll DIY,Direct,awong,1730,0,Alpha Holdings,Software,52,1,
D203701,C100965,4/05/2024,6/05/2024,Closed Lost,ADD_ON_TKR,TKR Add-on,Partners,awong,817,0,Rimu Alpha Holdings,Software,46,0,
D203702,C101337,8/09/2024,31/10/2024,Closed Won,ADD_ON_TKR,TKR Add-on,Direct,unassigned,499,0,Tui Holdings,Software,44,0,1/11/2024
D203703,C102404,30/05/2024,15/08/2024,Closed Lost,PAYROLL_MPS,Managed Payroll,Direct,awong,6728,0,Kauri Trust,Accounting,1,0,
D203704,C101066,27/01/2024,20/03/2024,Closed Won,PM,People Management,Direct,dinkster,931,0,Tui Group,Accounting,38,0,1/04/2024
D203705,C103848,10/02/2024,25/03/2024,Closed Won,ADD_ON_TKR,TKR Add-on,Partners,dinkster,898,0,Eurotec Co.,Construction,8,0,1/04/2024
D203706,C102667,10/06/2025,2/09/2025,Closed Won,PM,People Management,Partners,unassigned,643,0,Harbour Trust,Manufacturing,6,0,1/10/2025
D203707,C102637,19/01/2025,10/02/2025,Closed Lost,ADD_ON_TKR,TKR Add-on,Direct,dinkster,310,0,Pivot Holdings,Legal,1,0,
D203708,C100704,29/10/2024,27/12/2024,Closed Won,PAYROLL_DIY,Payroll DIY,Direct,dinkster,1218,0,Harbour Group,Construction,24,0,1/01/2025
D203709,C100845,23/06/2024,16/08/2024,Closed Won,PAYROLL_DIY,Payroll DIY,Direct,awong,1854,0,Nimbus Co.,Legal,1,0,1/09/2024
D203710,C100740,6/03/2025,30/04/2025,Closed Won,PAYROLL_DIY,Payroll DIY,Partners,dt,1521,0,Ohomairangi Atlas Limited,Software,24,0,1/06/2025
D203711,C102462,8/06/2024,28/07/2024,Closed Won,PM,People Management,Partners,unassigned,0,0,Tui Harbour Limited,Software,44,1,1/08/2024
D203712,C104767,20/11/2024,10/12/2024,Closed Lost,PAYROLL_MPS,Managed Payroll,Direct,unassigned,5543,0,Duncan Air Co.,Education,7,0,
D203713,C101548,12/01/2024,30/03/2024,Closed Won,ADD_ON_TKR,TKR Add-on,Partners,shao,160,0,Eurotec Services,Construction,49,0,1/04/2024
D203714,C104593,9/12/2024,23/02/2025,Closed Won,PAYROLL_DIY,Payroll DIY,Direct,shao,902,0,Ohomairangi Ltd,Manufacturing,25,0,1/03/2025
D203715,C103976,13/01/2024,23/02/2024,Closed Won,PM,People Management,Partners,shao,1023,0,Eurotec Limited,Manufacturing,74,0,1/03/2024
D203716,C104631,3/05/2024,7/07/2024,Closed Won,PM,People Management,Partners,dinkster,1633,0,Kauri Limited,Accounting,21,0,1/07/2024
D203717,C104255,8/04/2025,14/04/2025,Closed Won,ADD_ON_TKR,TKR Add-on,Direct,awong,1169,0,Eurotec Kauri Ltd,Healthcare,17,0,1/05/2025
D203718,C101293,12/08/2024,1/11/2024,Closed Won,ADD_ON_TKR,TKR Add-on,Direct,dinkster,913,0,Beta Kea Holdings,Software,93,0,1/12/2024
D203719,C104117,21/10/2024,,Open,PAYROLL_DIY,Payroll DIY,Direct,unassigned,3362,0,Eurotec Group,Manufacturing,41,0,1/06/2024
D203720,C101830,28/06/2025,,Open,PAYROLL_DIY,Payroll DIY,Partners,awong,2466,0,Rimu Holdings,Manufacturing,1,0,1/01/2025
D203721,C104318,26/03/2025,29/03/2025,Closed Lost,PAYROLL_DIY,Payroll DIY,Direct,nobody,2261,0,Kea Trust,Construction,46,0,
D203722,C103889,28/11/2024,,Open,ADD_ON_TKR,TKR Add-on,Direct,dt,292,0,Ohomairangi Group,Healthcare,90,0,1/02/2025
D203723,C104133,2/09/2024,7/09/2024,Closed Won,PAYROLL_DIY,Payroll DIY,Direct,dt,666,0,Summit Limited,Retail,1,0,1/09/2024
D203724,C101504,31/05/2025,22/07/2025,Closed Won,PAYROLL_DIY,Payroll DIY,Partners,unassigned,2924,0,Alpha Alpha Partners,Education,19,0,1/08/2025
D203725,C101025,26/04/2024,13/05/2024,Closed Won,PAYROLL_MPS,Managed Payroll,Partners,awong,4718,0,Kauri Group,Education,15,0,1/06/2024
D203726,C102239,14/09/2024,28/11/2024,Closed Won,PM,People Management,Direct,awong,1297,0,Tui Holdings,Retail,1,0,1/01/2025
D203727,C100252,19/04/2025,,Open,ADD_ON_TKR,TKR Add-on,Partners,shao,872,0,Rimu Duncan Air Ltd,Legal,57,0,1/07/2024
D203728,C101044,29/05/2025,,Open,PM,People Management,Direct,dinkster,1724,0,Ohomairangi Tui Trust,Software,1,1,1/05/2024
D203729,C104778,6/01/2024,18/03/2024,Closed Won,PAYROLL_MPS,Managed Payroll,Partners,dinkster,3793,1,Tui Beta Partners,Legal,43,0,1/04/2024
D203730,C101471,28/01/2025,,Open,PAYROLL_MPS,Managed Payroll,Partners,unassigned,2859,0,Harbour Pivot Holdings,Manufacturing,20,0,1/04/2025
D203731,C102092,29/03/2024,7/06/2024,Closed Won,PAYROLL_MPS,Managed Payroll,Direct,unassigned,2440,0,Rimu Holdings,Legal,94,0,1/07/2024
D203732,C100720,9/08/2024,21/10/2024,Closed Lost,PAYROLL_MPS,Managed Payroll,Direct,shao,1924,0,Eurotec Holdings,Education,34,0,
D203733,C102372,2/12/2024,23/12/2024,Closed Won,PAYROLL_MPS,Managed Payroll,Partners,mkoenen,4130,0,Nimbus Beta Trust,Construction,78,0,1/02/2025
D203734,C103432,15/03/2025,12/05/2025,Closed Won,ADD_ON_TKR,TKR Add-on,Partners,dinkster,1239,0,Summit Alpha Co.,Retail,16,0,1/05/2025
D203735,C103036,8/06/2024,10/07/2024,Closed Lost,PAYROLL_DIY,Payroll DIY,Direct,dt,1821,0,Eurotec Holdings,Construction,20,1,
D203736,C103521,3/01/2024,20/01/2024,Closed Won,PAYROLL_MPS,Managed Payroll,Direct,awong,6518,0,Kauri Trust,Manufacturing,44,0,1/02/2024
D203737,C102300,8/02/2025,13/04/2025,Closed Won,PM,People Management,Partners,unassigned,2003,0,Tui Ltd,Construction,17,0,1/05/2025
D203738,C101901,17/09/2024,23/10/2024,Closed Won,PAYROLL_MPS,Managed Payroll,Partners,nobody,3811,0,Rimu Wenita Co.,Healthcare,12,0,1/11/2024
D203739,C102173,6/04/2025,24/05/2025,Closed Lost,PAYROLL_DIY,Payroll DIY,Partners,mkoenen,0,0,Duncan Air Rimu Services,Manufacturing,1,0,
D203740,C102793,3/11/2024,23/11/2024,Closed Lost,PAYROLL_DIY,Payroll DIY,Direct,unassigned_tmp,623,0,Rimu Limited,Software,77,0,
D203741,C102370,25/01/2024,,Open,ADD_ON_TKR,TKR Add-on,Partners,unassigned,555,0,Ohomairangi Partners,Healthcare,66,0,1/09/2025
D203742,C101696,18/12/2024,31/12/2024,Closed Won,ADD_ON_TKR,TKR Add-on,Partners,awong,181,0,Kauri Trust,Legal,47,0,1/01/2025
D203743,C104245,8/03/2025,30/05/2025,Closed Won,PM,People Management,Direct,dinkster,534,0,Beta Ltd,Healthcare,87,0,1/06/2025
D203744,C104502,28/12/2024,,Open,ADD_ON_TKR,TKR Add-on,Direct,unassigned,293,0,Kea Co.,Software,10,0,1/04/2024
D203745,C102927,19/12/2024,2/02/2025,Closed Won,PAYROLL_DIY,Payroll DIY,Direct,unassigned,1652,0,Wenita Co.,Healthcare,34,0,1/02/2025
D203746,C104147,7/01/2024,1/04/2024,Closed Won,PAYROLL_DIY,Payroll DIY,Direct,shao,2525,0,Beta Group,Construction,59,0,1/04/2024
D203747,C100998,1/04/2024,25/05/2024,Closed Won,PAYROLL_MPS,Managed Payroll,Direct,unassigned,5965,0,Wenita Holdings,Education,6,0,1/06/2024
D203748,C102793,12/04/2025,4/07/2025,Closed Lost,PAYROLL_MPS,Managed Payroll,Direct,dt,7920,0,Rimu Limited,Software,77,0,
D203749,C103262,9/10/2024,4/12/2024,Closed Won,PAYROLL_DIY,Payroll DIY,Partners,dt,1994,0,Atlas Limited,Software,57,0,1/01/2025
D203750,C100838,11/04/2025,13/04/2025,Closed Lost,PM,People Management,Direct,unassigned,1479,0,Ohomairangi Trust,Healthcare,27,0,
D203751,C100058,14/07/2024,15/07/2024,Closed Won,ADD_ON_TKR,TKR Add-on,Direct,mkoenen,619,0,Eurotec Co.,Education,19,0,1/07/2024
D203752,C103918,3/05/2025,18/05/2025,Closed Won,ADD_ON_TKR,TKR Add-on,Partners,dinkster,1176,0,Kea Duncan Air Group,Healthcare,21,0,1/06/2025
D203753,C102945,2/10/2024,2/12/2024,Closed Won,PAYROLL_MPS,Managed Payroll,Direct,dt,0,0,Kauri Tui Services,Healthcare,64,0,1/12/2024
D203754,C103514,19/04/2024,27/06/2024,Closed Won,PAYROLL_MPS,Managed Payroll,Partners,unassigned,3176,0,Pivot Holdings,Accounting,1,0,1/07/2024
D203755,C100225,1/09/2024,7/10/2024,Closed Won,ADD_ON_TKR,TKR Add-on,Partners,unassigned,731,0,Ohomairangi Atlas Group,Legal,58,0,1/11/2024
D203756,C104084,26/06/2024,29/08/2024,Closed Won,PM,People Management,Partners,shao,0,0,Wenita Services,Healthcare,1,0,1/09/2024
D203757,C100089,16/05/2025,5/07/2025,Closed Won,PAYROLL_MPS,Managed Payroll,Partners,dt,4786,0,Harbour Kea Holdings,Software,12,0,1/07/2025
D203758,C104907,24/04/2024,,Open,ADD_ON_TKR,TKR Add-on,Partners,dinkster,681,0,Kauri Alpha Ltd,Retail,59,0,1/01/2025
D203759,C101605,6/05/2024,27/07/2024,Closed Won,PAYROLL_DIY,Payroll DIY,Partners,shao,2596,0,Alpha Services,Healthcare,77,0,1/08/2024
D203760,C104927,24/01/2025,8/03/2025,Closed Won,PAYROLL_MPS,Managed Payroll,Partners,shao,4085,0,Alpha Ohomairangi Partners,Education,11,1,1/03/2025
D203761,C101374,29/09/2024,9/11/2024,Closed Won,PAYROLL_DIY,Payroll DIY,Partners,dt,2762,1,Atlas Alpha Limited,Software,42,0,1/11/2024
D203762,C104304,21/05/2025,,Open,PAYROLL_MPS,Managed Payroll,Partners,awong,5059,0,Nimbus Co.,Education,1,1,1/02/2025
D203763,C104734,6/07/2024,5/08/2024,Closed Won,PM,People Management,Direct,dt,2299,0,Wenita Holdings,Legal,58,0,1/08/2024
D203764,C103278,23/05/2025,1/08/2025,Closed Won,PAYROLL_MPS,Managed Payroll,Partners,mkoenen,2644,0,Rimu Partners,Legal,18,0,1/08/2025
D203765,C103325,20/08/2024,28/10/2024,Closed Lost,ADD_ON_TKR,TKR Add-on,Direct,shao,1158,0,Harbour Limited,Legal,2,0,
D203766,C103349,2/07/2025,15/09/2025,Closed Won,PAYROLL_MPS,Managed Payroll,Direct,mkoenen,1973,0,Beta Partners,Education,51,0,1/09/2025
D203767,C101590,29/01/2024,18/03/2024,Closed Lost,PM,People Management,Partners,awong,1445,0,Atlas Limited,Legal,1,0,
D203768,C103974,9/11/2024,2/02/2025,Closed Won,ADD_ON_TKR,TKR Add-on,Partners,unassigned,694,0,Beta Holdings,Retail,49,0,1/02/2025
D203769,C101998,19/01/2024,5/02/2024,Closed Lost,PAYROLL_DIY,Payroll DIY,Partners,unassigned,1262,0,Nimbus Eurotec Limited,Education,4,0,
D203770,C100052,1/07/2025,,Open,ADD_ON_TKR,TKR Add-on,Direct,unassigned,266,0,Tui Kauri Services,Retail,11,0,1/06/2024
D203771,C100525,16/01/2024,2/02/2024,Closed Lost,PAYROLL_DIY,Payroll DIY,Partners,dt,1774,0,Alpha Limited,Legal,43,0,
D203772,C101413,13/01/2025,6/04/2025,Closed Won,PAYROLL_DIY,Payroll DIY,Direct,dinkster,2719,0,Ohomairangi Limited,Retail,55,0,1/04/2025
D203773,C103545,2/09/2024,,Open,PAYROLL_DIY,Payroll DIY,Direct,unassigned,1743,0,Nimbus Co.,Legal,58,0,1/11/2024
D203774,C101672,21/05/2024,17/07/2024,Closed Lost,PAYROLL_MPS,Managed Payroll,Partners,mkoenen,2947,0,Pivot Holdings,Retail,34,0,
D203775,C101301,2/08/2024,29/10/2024,Closed Lost,PAYROLL_DIY,Payroll DIY,Partners,dinkster,1516,0,Alpha Kauri Trust,Construction,1,1,
D203776,C100378,30/06/2025,27/09/2025,Closed Won,PAYROLL_DIY,Payroll DIY,Partners,mkoenen,1873,0,Duncan Air Tui Ltd,Healthcare,48,0,1/11/2025
D203777,C103657,13/10/2024,,Open,PAYROLL_MPS,Managed Payroll,Partners,awong,5123,0,Eurotec Beta Services,Legal,42,0,1/11/2024
D203778,C103434,23/04/2025,23/06/2025,Closed Won,PAYROLL_DIY,Payroll DIY,Direct,awong,1640,0,Duncan Air Nimbus Services,Retail,44,0,1/07/2025
D203779,C100406,12/06/2025,30/07/2025,Closed Lost,PAYROLL_DIY,Payroll DIY,Direct,unassigned,327,0,Nimbus Group,Legal,59,0,
D203780,C104423,31/05/2025,17/06/2025,Closed Won,PAYROLL_DIY,Payroll DIY,Partners,dt,1190,0,Nimbus Ltd,Manufacturing,1,0,1/07/2025
D203781,C103050,16/06/2024,31/08/2024,Closed Won,PAYROLL_MPS,Managed Payroll,Direct,shao,5100,0,Kea Atlas Ltd,Legal,4,0,1/09/2024
D203782,C103280,12/01/2025,,Open,PM,People Management,Direct,mkoenen,2207,0,Beta Co.,Construction,51,0,1/01/2025
D203783,C103526,6/02/2025,15/03/2025,Closed Lost,ADD_ON_TKR,TKR Add-on,Partners,unassigned,763,0,Nimbus Rimu Group,Software,1,0,
D203784,C102934,20/01/2024,25/03/2024,Closed Won,PAYROLL_DIY,Payroll DIY,Direct,dinkster,2610,0,Ohomairangi Alpha Partners,Healthcare,73,0,1/04/2024
D203785,C103723,5/01/2025,,Open,PM,People Management,Partners,dt,1067,0,Wenita Trust,Accounting,87,0,1/06/2024
D203786,C103394,26/08/2024,,Open,PAYROLL_MPS,Managed Payroll,Direct,dt,3995,0,Pivot Harbour Holdings,Manufacturing,21,0,1/10/2024
D203787,C103085,29/08/2024,1/10/2024,Closed Lost,PAYROLL_MPS,Managed Payroll,Direct,dt,7554,0,Rimu Holdings,Healthcare,38,1,
D203788,C100304,22/03/2025,20/04/2025,Closed Won,ADD_ON_TKR,TKR Add-on,Partners,unassigned,219,0,Kauri Services,Legal,1,0,1/05/2025
D203789,C100659,21/04/2025,,Open,PAYROLL_DIY,Payroll DIY,Partners,mkoenen,665,0,Nimbus Harbour Limited,Manufacturing,12,0,1/08/2025
D203790,C100719,26/02/2024,10/04/2024,Closed Won,ADD_ON_TKR,TKR Add-on,Partners,unassigned,495,0,Alpha Services,Construction,16,0,1/04/2024
D203791,C104199,29/10/2024,28/12/2024,Closed Won,PAYROLL_DIY,Payroll DIY,Partners,unassigned,2020,0,Atlas Services,Manufacturing,52,1,1/02/2025
D203792,C104563,4/03/2025,,Open,PAYROLL_DIY,Payroll DIY,Partners,shao,1217,0,Summit Limited,Retail,57,0,1/09/2024
D203793,C102578,12/01/2024,,Open,ADD_ON_TKR,TKR Add-on,Direct,awong,669,0,Tui Ohomairangi Group,Retail,20,1,1/07/2025
D203794,C101401,23/04/2024,,Open,ADD_ON_TKR,TKR Add-on,Direct,shao,829,0,Beta Trust,Construction,49,0,1/03/2025
D203795,C100937,2/01/2024,7/01/2024,Closed Won,PAYROLL_DIY,Payroll DIY,Direct,dt,2544,0,Ohomairangi Partners,Accounting,1,0,1/01/2024
D203796,C104321,12/07/2024,27/09/2024,Closed Won,ADD_ON_TKR,TKR Add-on,Direct,mkoenen,1158,0,Atlas Co.,Manufacturing,18,0,1/10/2024
D203797,C101252,27/07/2024,24/10/2024,Closed Won,PM,People Management,Direct,awong_tmp,2716,0,Ohomairangi Holdings,Healthcare,1,0,1/11/2024
D203798,C103958,6/11/2024,28/12/2024,Closed Lost,PAYROLL_DIY,Payroll DIY,Direct,mkoenen,1373,0,Harbour Trust,Software,51,0,
D203799,C103558,26/01/2024,17/02/2024,Closed Lost,PAYROLL_DIY,Payroll DIY,Direct,mkoenen,823,0,Duncan Air Services,Healthcare,22,0,
D203800,C102197,18/11/2024,29/01/2025,Closed Won,PAYROLL_MPS,Managed Payroll,Direct,unassigned,4540,0,Kea Partners,Retail,33,0,1/02/2025
D203801,C104022,14/06/2024,,Open,PM,People Management,Direct,dt,245,0,Harbour Partners,Retail,3,0,1/05/2024
D203802,C103636,29/09/2024,23/10/2024,Closed Won,ADD_ON_TKR,TKR Add-on,Partners,dt,1109,1,Rimu Atlas Limited,Legal,52,0,1/11/2024
D203803,C102717,20/08/2024,23/09/2024,Closed Won,PAYROLL_MPS,Managed Payroll,Direct,mkoenen,3161,0,Kea Kauri Holdings,Legal,1,0,1/11/2024
D203804,C102492,11/12/2024,14/01/2025,Closed Won,PM,People Management,Partners,awong,1261,0,Alpha Alpha Services,Education,53,0,1/02/2025
D203805,C101492,16/08/2024,9/11/2024,Closed Won,PAYROLL_DIY,Payroll DIY,Partners,shao,2676,0,Atlas Group,Legal,25,0,1/12/2024
D203806,C101186,16/01/2024,4/02/2024,Closed Won,PM,People Management,Direct,unassigned,602,0,Wenita Services,Education,16,0,1/03/2024
D203807,C100101,7/04/2025,,Open,PAYROLL_DIY,Payroll DIY,Direct,awong,2341,0,Rimu Limited,Manufacturing,37,0,1/08/2025
D203808,C104994,12/12/2024,18/12/2024,Closed Won,PAYROLL_DIY,Payroll DIY,Direct,nobody,1554,0,Rimu Ltd,Software,55,0,1/01/2025
D203809,C104792,3/01/2025,6/03/2025,Closed Won,PAYROLL_DIY,Payroll DIY,Partners,mkoenen,871,0,Kauri Limited,Construction,4,0,1/03/2025
D203810,C101904,15/06/2025,,Open,PAYROLL_DIY,Payroll DIY,Direct,awong,2188,0,Wenita Beta Group,Legal,1,0,1/09/2025
D203811,C104647,26/06/2024,,Open,PAYROLL_MPS,Managed Payroll,Direct,awong,4267,0,Atlas Services,Construction,13,0,1/12/2024
D203812,C104191,17/04/2024,25/05/2024,Closed Won,PAYROLL_DIY,Payroll DIY,Partners,dt,150,0,Pivot Harbour Ltd,Software,8,0,1/06/2024
D203813,C101443,15/10/2024,,Open,PM,People Management,Partners,dinkster,2416,0,Kea Ltd,Construction,1,0,1/10/2024
D203814,C104760,1/04/2024,10/05/2024,Closed Won,PAYROLL_MPS,Managed Payroll,Direct,unassigned,2865,0,Eurotec Kauri Services,Legal,7,0,1/05/2024
D203815,C103070,26/06/2025,,Open,PM,People Management,Partners,dinkster,1078,0,Duncan Air Services,Accounting,39,0,1/07/2024
D203816,C102386,5/02/2025,17/03/2025,Closed Won,ADD_ON_TKR,TKR Add-on,Direct,dt,835,0,Harbour Services,Software,61,0,1/04/2025
D203817,C101833,10/04/2024,,Open,PAYROLL_DIY,Payroll DIY,Partners,unassigned,1980,0,Alpha Co.,Manufacturing,38,0,1/06/2025
D203818,C100368,17/09/2024,19/09/2024,Closed Lost,PAYROLL_MPS,Managed Payroll,Partners,awong,628,0,Ohomairangi Holdings,Construction,23,0,
D203819,C100109,14/01/2025,6/02/2025,Closed Won,PAYROLL_MPS,Managed Payroll,Direct,dinkster,1010,0,Rimu Holdings,Software,70,0,1/02/2025
D203820,C101007,28/08/2024,,Open,PM,People Management,Direct,unassigned,629,0,Nimbus Holdings,Construction,73,0,1/10/2024
D203821,C104646,10/01/2024,10/03/2024,Closed Won,PAYROLL_DIY,Payroll DIY,Partners,unassigned,2803,0,Atlas Partners,Legal,29,0,1/03/2024
D203822,C102475,11/04/2024,25/04/2024,Closed Won,ADD_ON_TKR,TKR Add-on,Direct,unassigned,895,0,Eurotec Trust,Accounting,31,0,1/05/2024
D203823,C100970,27/03/2024,21/06/2024,Closed Won,PAYROLL_MPS,Managed Payroll,Partners,dt,2895,0,Kauri Summit Ltd,Software,59,0,1/07/2024
D203824,C100231,9/12/2024,13/01/2025,Closed Lost,ADD_ON_TKR,TKR Add-on,Direct,unassigned,747,0,Kauri Group,Healthcare,1,0,
D203825,C101138,15/03/2025,8/05/2025,Closed Lost,PAYROLL_DIY,Payroll DIY,Direct,dt,1843,0,Harbour Holdings,Education,49,0,
D203826,C100311,15/05/2025,,Open,ADD_ON_TKR,TKR Add-on,Direct,dt,852,0,Kauri Limited,Education,60,0,1/04/2025
D203827,C104526,17/06/2025,,Open,PAYROLL_MPS,Managed Payroll,Partners,dt,5567,0,Beta Tui Co.,Software,15,0,1/01/2025
D203828,C102917,19/06/2024,31/07/2024,Closed Won,PAYROLL_DIY,Payroll DIY,Direct,unassigned,1154,0,Alpha Services,Manufacturing,1,0,1/09/2024
D203829,C101737,30/12/2024,,Open,PAYROLL_DIY,Payroll DIY,Partners,unassigned,1305,0,Harbour Limited,Accounting,14,0,1/04/2025
D203830,C102191,28/08/2024,,Open,PAYROLL_DIY,Payroll DIY,Direct,unassigned,964,0,Summit Nimbus Trust,Legal,1,0,1/09/2025
D203831,C102445,7/01/2025,3/03/2025,Closed Won,PM,People Management,Partners,shao,857,0,Alpha Alpha Services,Healthcare,3,1,1/03/2025
D203832,C104670,26/09/2024,,Open,PAYROLL_DIY,Payroll DIY,Direct,nobody,2551,0,Summit Services,Construction,47,0,1/05/2025
D203833,C102492,17/02/2025,1/04/2025,Closed Won,PAYROLL_DIY,Payroll DIY,Partners,dinkster,1887,0,Alpha Alpha Services,Education,53,0,1/04/2025
D203834,C101594,16/01/2024,31/01/2024,Closed Won,PM,People Management,Partners,mkoenen,546,0,Kauri Summit Group,Education,21,0,1/02/2024
D203835,C101685,23/04/2024,7/07/2024,Closed Won,PM,People Management,Direct,unassigned,1354,0,Kauri Group,Legal,1,0,1/07/2024
D203836,C100074,20/03/2025,31/05/2025,Closed Won,ADD_ON_TKR,TKR Add-on,Direct,dinkster,599,0,Alpha Rimu Services,Construction,1,0,1/07/2025
D203837,C102778,27/11/2024,11/02/2025,Closed Lost,PAYROLL_DIY,Payroll DIY,Partners,shao,961,0,Kea Group,Software,48,0,
D203838,C100482,1/02/2024,23/04/2024,Closed Won,PAYROLL_DIY,Payroll DIY,Partners,shao,2371,0,Nimbus Limited,Healthcare,5,0,1/04/2024
D203839,C101811,16/01/2024,,Open,PAYROLL_MPS,Managed Payroll,Direct,awong,3288,0,Nimbus Limited,Accounting,68,1,1/10/2024
D203840,C100353,23/06/2025,,Open,PAYROLL_MPS,Managed Payroll,Partners,awong,0,0,Rimu Tui Holdings,Legal,1,0,1/01/2025
D203841,C101886,9/03/2024,24/05/2024,Closed Won,ADD_ON_TKR,TKR Add-on,Direct,unassigned,719,0,Wenita Group,Retail,1,0,1/06/2024
D203842,C100539,2/06/2024,18/08/2024,Closed Won,PAYROLL_DIY,Payroll DIY,Partners,awong,1053,0,Summit Duncan Air Ltd,Retail,44,0,1/09/2024
D203843,C103380,4/01/2024,6/01/2024,Closed Won,PAYROLL_DIY,Payroll DIY,Direct,unassigned,1048,0,Tui Partners,Legal,1,0,1/01/2024
D203844,C104984,14/11/2024,18/01/2025,Closed Lost,PAYROLL_MPS,Managed Payroll,Direct,awong,597,0,Kauri Summit Partners,Accounting,34,0,
D203845,C102138,14/10/2024,,Open,PAYROLL_MPS,Managed Payroll,Partners,awong,1901,0,Pivot Co.,Healthcare,33,0,1/06/2024
D203846,C101468,21/06/2024,18/08/2024,Closed Lost,PAYROLL_DIY,Payroll DIY,Direct,shao,4037,0,Atlas Pivot Group,Healthcare,49,0,
D203847,C102508,2/01/2024,7/02/2024,Closed Lost,PAYROLL_MPS,Managed Payroll,Partners,unassigned,165,0,Harbour Limited,Manufacturing,63,0,
D203848,C102290,26/02/2024,17/04/2024,Closed Won,ADD_ON_TKR,TKR Add-on,Partners,mkoenen,709,0,Atlas Co.,Education,28,0,1/05/2024
D203849,C102620,5/12/2024,1/02/2025,Closed Won,ADD_ON_TKR,TKR Add-on,Direct,shao,164,0,Wenita Rimu Limited,Healthcare,27,0,1/02/2025
D203850,C102213,28/08/2024,,Open,PM,People Management,Partners,awong,1186,0,Summit Group,Accounting,29,0,1/12/2024
D203851,C104943,31/12/2024,13/01/2025,Closed Won,PM,People Management,Direct,mkoenen,1109,0,Beta Co.,Accounting,29,0,1/02/2025
D203852,C102609,25/02/2025,13/05/2025,Closed Lost,ADD_ON_TKR,TKR Add-on,Direct,shao,785,0,Beta Trust,Construction,50,0,
D203853,C103832,3/05/2025,23/06/2025,Closed Won,PAYROLL_DIY,Payroll DIY,Partners,dinkster,863,0,Pivot Limited,Software,8,0,1/07/2025
D203854,C100122,9/08/2024,,Open,PM,People Management,Partners,dt,0,0,Kauri Duncan Air Trust,Healthcare,41,0,1/09/2024
D203855,C101425,18/02/2024,19/04/2024,Closed Lost,ADD_ON_TKR,TKR Add-on,Direct,shao,1086,0,Eurotec Group,Education,21,0,
D203856,C100002,10/03/2024,29/03/2024,Closed Lost,ADD_ON_TKR,TKR Add-on,Partners,awong,1034,0,Pivot Nimbus Ltd,Education,15,0,
D203857,C101167,27/01/2024,30/01/2024,Closed Won,PAYROLL_MPS,Managed Payroll,Direct,mkoenen,2387,0,Kea Summit Holdings,Healthcare,4,0,1/03/2024
D203858,C104084,28/12/2024,25/01/2025,Closed Lost,PM,People Management,Direct,unassigned,1593,0,Wenita Services,Healthcare,1,0,
D203859,C102527,28/10/2024,14/11/2024,Closed Won,PAYROLL_DIY,Payroll DIY,Partners,shao,1871,0,Tui Group,Software,82,0,1/11/2024
D203860,C104585,1/02/2024,31/03/2024,Closed Won,ADD_ON_TKR,TKR Add-on,Direct,shao,1195,0,Beta Harbour Trust,Education,72,0,1/05/2024
D203861,C100152,7/05/2025,22/05/2025,Closed Lost,ADD_ON_TKR,TKR Add-on,Partners,dt,321,0,Tui Partners,Legal,4,0,
D203862,C100461,26/12/2024,29/01/2025,Closed Won,PM,People Management,Direct,awong,1136,0,Tui Beta Holdings,Healthcare,43,0,1/02/2025
D203863,C102952,21/02/2024,22/02/2024,Closed Won,PAYROLL_DIY,Payroll DIY,Partners,dinkster,2091,0,Wenita Ltd,Legal,32,0,1/02/2024
D203864,C100940,26/01/2024,,Open,PAYROLL_DIY,Payroll DIY,Direct,unassigned,861,0,Tui Group,Retail,93,0,1/06/2024
D203865,C102645,8/03/2024,,Open,ADD_ON_TKR,TKR Add-on,Direct,mkoenen,1038,0,Rimu Eurotec Trust,Retail,1,0,1/08/2024
D203866,C104482,21/02/2024,8/03/2024,Closed Won,PAYROLL_DIY,Payroll DIY,Partners,shao,0,0,Nimbus Harbour Partners,Legal,50,0,1/03/2024
D203867,C100524,16/05/2025,21/06/2025,Closed Lost,ADD_ON_TKR,TKR Add-on,Direct,mkoenen,674,0,Duncan Air Services,Accounting,1,0,
D203868,C102377,9/01/2025,,Open,PAYROLL_DIY,Payroll DIY,Partners,unassigned,1540,0,Tui Limited,Manufacturing,66,0,1/03/2024
D203869,C104014,23/05/2025,,Open,PAYROLL_DIY,Payroll DIY,Direct,awong,767,0,Atlas Pivot Holdings,Accounting,1,0,1/08/2024
D203870,C102972,31/03/2025,29/05/2025,Closed Lost,PAYROLL_DIY,Payroll DIY,Direct,shao,2098,0,Tui Ltd,Construction,35,0,
D203871,C103188,20/01/2025,3/02/2025,Closed Lost,PM,People Management,Partners,dt,1165,0,Rimu Wenita Ltd,Education,32,0,
D203872,C101135,4/02/2025,13/04/2025,Closed Lost,PAYROLL_DIY,Payroll DIY,Direct,unassigned,2721,0,Kea Kauri Limited,Accounting,43,0,
D203873,C100472,31/01/2024,9/03/2024,Closed Won,PM,People Management,Direct,awong,1844,0,Wenita Partners,Manufacturing,42,0,1/03/2024
D203874,C100699,4/03/2025,18/04/2025,Closed Lost,PAYROLL_DIY,Payroll DIY,Partners,awong,2457,0,Wenita Eurotec Ltd,Construction,3,0,
D203875,C100738,19/03/2025,30/05/2025,Closed Won,PAYROLL_MPS,Managed Payroll,Direct,shao,1167,0,Ohomairangi Partners,Software,13,0,1/06/2025
D203876,C104163,29/09/2024,11/12/2024,Closed Won,PAYROLL_DIY,Payroll DIY,Partners,dinkster,2672,0,Nimbus Ltd,Education,39,1,1/01/2025
D203877,C100227,2/07/2025,22/09/2025,Closed Won,ADD_ON_TKR,TKR Add-on,Direct,unassigned,1100,0,Beta Trust,Retail,15,0,1/10/2025
D203878,C100411,12/11/2024,25/12/2024,Closed Won,ADD_ON_TKR,TKR Add-on,Direct,unassigned,347,0,Kea Co.,Software,3,0,1/02/2025
D203879,C102406,11/10/2024,,Open,PAYROLL_DIY,Payroll DIY,Direct,unassigned,1983,0,Nimbus Trust,Software,25,0,1/12/2024
D203880,C103474,4/07/2024,,Open,PAYROLL_MPS,Managed Payroll,Partners,mkoenen,2341,0,Beta Ohomairangi Co.,Manufacturing,38,1,1/07/2025
D203881,C101350,2/07/2024,3/09/2024,Closed Lost,PAYROLL_DIY,Payroll DIY,Direct,dinkster,2268,0,Kauri Kauri Ltd,Construction,31,0,
D203882,C102212,30/04/2024,8/05/2024,Closed Won,ADD_ON_TKR,TKR Add-on,Partners,mkoenen,1291,0,Beta Group,Software,31,0,1/06/2024
D203883,C101533,15/02/2024,23/04/2024,Closed Lost,PM,People Management,Partners,unassigned,575,0,Alpha Limited,Accounting,1,0,
D203884,C100859,21/12/2024,,Open,ADD_ON_TKR,TKR Add-on,Direct,unassigned,612,0,Nimbus Services,Education,27,0,1/04/2024
D203885,C104534,29/01/2024,,Open,PAYROLL_DIY,Payroll DIY,Partners,shao,3170,0,Beta Partners,Education,1,0,1/11/2024
D203886,C103635,21/09/2024,30/09/2024,Closed Won,PM,People Management,Partners,dt,956,0,Alpha Co.,Retail,10,0,1/10/2024
D203887,C103435,19/01/2024,24/01/2024,Closed Won,PAYROLL_DIY,Payroll DIY,Partners,nobody,2122,0,Nimbus Tui Services,Software,1,0,1/02/2024
D203888,C104319,10/01/2024,9/03/2024,Closed Won,PAYROLL_MPS,Managed Payroll,Direct,dt,1296,0,Beta Partners,Retail,1,0,1/04/2024
D203889,C103623,3/06/2024,17/07/2024,Closed Won,PAYROLL_MPS,Managed Payroll,Direct,dinkster,4045,0,Ohomairangi Alpha Limited,Retail,1,0,1/08/2024
D203890,C104086,10/04/2024,,Open,PAYROLL_DIY,Payroll DIY,Direct,shao,2150,0,Kauri Limited,Manufacturing,1,0,1/07/2025
D203891,C100548,31/07/2024,28/10/2024,Closed Won,PM,People Management,Direct,mkoenen,42,0,Ohomairangi Harbour Services,Legal,40,0,1/11/2024
D203892,C104998,28/03/2025,12/04/2025,Closed Lost,PAYROLL_DIY,Payroll DIY,Partners,mkoenen,1452,0,Kauri Trust,Manufacturing,1,0,
D203893,C104576,2/04/2024,29/06/2024,Closed Won,PAYROLL_DIY,Payroll DIY,Direct,unassigned,1697,0,Alpha Kauri Holdings,Education,29,0,1/07/2024
D203894,C104520,30/10/2024,,Open,PAYROLL_DIY,Payroll DIY,Direct,dinkster,3474,0,Duncan Air Partners,Software,34,0,1/02/2025
D203895,C102786,10/03/2025,,Open,PAYROLL_DIY,Payroll DIY,Direct,mkoenen,703,0,Kauri Ltd,Education,6,1,1/10/2024
D203896,C101100,18/05/2025,29/05/2025,Closed Won,ADD_ON_TKR,TKR Add-on,Partners,dt,406,0,Atlas Trust,Manufacturing,1,0,1/07/2025
D203897,C101193,6/05/2025,23/06/2025,Closed Lost,PAYROLL_MPS,Managed Payroll,Partners,dt,4951,0,Kauri Nimbus Services,Construction,13,0,1/07/2025
D203898,C101354,9/02/2025,,Open,PAYROLL_DIY,Payroll DIY,Partners,dt,2249,0,Nimbus Ltd,Accounting,32,0,1/08/2024
D203899,C104393,11/08/2024,9/09/2024,Closed Won,PM,People Management,Direct,awong,1235,0,Tui Services,Legal,33,0,1/10/2024
D203900,C102567,1/12/2024,11/02/2025,Closed Won,PM,People Management,Partners,nobody,343,0,Ohomairangi Ltd,Construction,1,0,1/03/2025
D203901,C103834,10/09/2024,30/09/2024,Closed Won,PAYROLL_MPS,Managed Payroll,Direct,awong,73,0,Pivot Ltd,Retail,44,0,1/11/2024
D203902,C104729,20/04/2025,4/05/2025,Closed Won,PAYROLL_MPS,Managed Payroll,Direct,awong,4861,0,Rimu Alpha Holdings,Manufacturing,20,0,1/06/2025
D203903,C100937,25/03/2024,8/05/2024,Closed Won,PAYROLL_DIY,Payroll DIY,Direct,mkoenen,3493,0,Ohomairangi Partners,Accounting,1,0,1/06/2024
D203904,C103741,25/06/2024,11/09/2024,Closed Won,PM,People Management,Partners,shao,1567,0,Ohomairangi Atlas Group,Retail,54,0,1/09/2024
D203905,C101200,24/10/2024,31/12/2024,Closed Won,PAYROLL_MPS,Managed Payroll,Direct,dt_tmp,6294,0,Ohomairangi Limited,Accounting,6,0,1/01/2025
D203906,C101380,4/08/2024,4/09/2024,Closed Won,PAYROLL_DIY,Payroll DIY,Partners,unassigned,1726,0,Nimbus Co.,Healthcare,47,1,1/10/2024
D203907,C102813,21/11/2024,,Open,PAYROLL_MPS,Managed Payroll,Partners,mkoenen,439,0,Ohomairangi Co.,Retail,8,0,1/09/2024
D203908,C104303,2/07/2025,30/09/2025,Closed Won,PAYROLL_MPS,Managed Payroll,Partners,mkoenen,1249,0,Ohomairangi Group,Retail,1,0,1/11/2025
D203909,C100765,2/09/2024,25/09/2024,Closed Won,PAYROLL_MPS,Managed Payroll,Direct,shao,4133,0,Kauri Limited,Manufacturing,30,0,1/10/2024
D203910,C102737,1/03/2024,23/04/2024,Closed Won,PM,People Management,Direct,unassigned,1551,0,Beta Services,Healthcare,27,0,1/05/2024
D203911,C101383,28/05/2024,,Open,PAYROLL_MPS,Managed Payroll,Partners,dt,4468,0,Beta Partners,Healthcare,32,0,1/10/2024
D203912,C101251,30/08/2024,9/10/2024,Closed Won,PM,People Management,Direct,unassigned,1513,0,Atlas Group,Manufacturing,11,0,1/10/2024
D203913,C103060,23/04/2025,4/07/2025,Closed Lost,PAYROLL_DIY,Payroll DIY,Direct,mkoenen,1845,0,Beta Holdings,Accounting,1,0,
D203914,C100643,20/11/2024,,Open,PAYROLL_DIY,Payroll DIY,Partners,shao,1639,0,Pivot Ltd,Construction,41,0,1/08/2024
D203915,C104636,16/06/2024,1/07/2024,Closed Won,PAYROLL_DIY,Payroll DIY,Partners,dinkster,3403,0,Pivot Services,Healthcare,62,0,1/07/2024
D203916,C100893,19/10/2024,23/11/2024,Closed Lost,PAYROLL_MPS,Managed Payroll,Partners,awong,5629,0,Pivot Limited,Education,44,0,1/12/2024
D203917,C104940,9/11/2024,,Open,PM,People Management,Partners,dinkster,254,0,Harbour Beta Group,Software,41,0,1/11/2024
D203918,C103032,8/06/2025,25/06/2025,Closed Lost,PM,People Management,Partners,awong,0,0,Nimbus Limited,Retail,2,0,
D203919,C100716,28/11/2024,15/02/2025,Closed Won,PAYROLL_MPS,Managed Payroll,Direct,dt,4831,0,Pivot Limited,Manufacturing,16,0,1/03/2025
D203920,C101307,10/01/2025,17/02/2025,Closed Lost,PAYROLL_MPS,Managed Payroll,Partners,dinkster,2267,0,Ohomairangi Services,Education,33,0,
D203921,C103069,9/12/2024,16/12/2024,Closed Lost,PAYROLL_MPS,Managed Payroll,Direct,unassigned,2932,0,Harbour Services,Manufacturing,85,0,
D203922,C104874,22/01/2025,1/04/2025,Closed Lost,PAYROLL_MPS,Managed Payroll,Partners,mkoenen,5563,0,Kea Atlas Group,Healthcare,40,0,
D203923,C101046,24/02/2024,4/04/2024,Closed Lost,PAYROLL_MPS,Managed Payroll,Partners,nobody,2918,0,Harbour Group,Software,60,1,
D203924,C100140,18/04/2024,,Open,PAYROLL_MPS,Managed Payroll,Direct,unassigned,7481,0,Nimbus Nimbus Services,Healthcare,1,0,1/10/2024
D203925,C103357,11/06/2025,3/08/2025,Closed Won,ADD_ON_TKR,TKR Add-on,Partners,dt,1542,0,Wenita Wenita Services,Healthcare,44,0,1/08/2025
D203926,C102912,2/09/2024,,Open,PAYROLL_DIY,Payroll DIY,Direct,shao,2386,0,Ohomairangi Beta Ltd,Healthcare,32,1,1/11/2024
D203927,C103282,3/02/2024,,Open,ADD_ON_TKR,TKR Add-on,Direct,dinkster,823,0,Kea Trust,Construction,23,0,1/09/2024
D203928,C102085,20/09/2024,14/12/2024,Closed Lost,ADD_ON_TKR,TKR Add-on,Partners,dinkster,1165,0,Kea Group,Accounting,7,0,
D203929,C100366,3/01/2025,8/01/2025,Closed Won,PAYROLL_MPS,Managed Payroll,Direct,mkoenen,5192,0,Kauri Services,Healthcare,57,0,1/02/2025
D203930,C104549,17/04/2025,20/05/2025,Closed Won,PAYROLL_DIY,Payroll DIY,Partners,dinkster,1905,0,Kea Group,Retail,7,0,1/07/2025
D203931,C101241,24/05/2024,29/05/2024,Closed Won,PAYROLL_DIY,Payroll DIY,Partners,unassigned,0,0,Ohomairangi Services,Construction,19,0,1/07/2024
D203932,C102774,20/05/2025,,Open,PAYROLL_MPS,Managed Payroll,Partners,dt,5175,0,Eurotec Pivot Co.,Healthcare,77,0,1/08/2025
D203933,C101310,30/03/2025,,Open,PAYROLL_DIY,Payroll DIY,Direct,mkoenen,1685,0,Wenita Services,Software,1,0,1/08/2025
D203934,C100840,8/12/2024,2/03/2025,Closed Won,PAYROLL_DIY,Payroll DIY,Direct,dinkster,2809,0,Alpha Kea Limited,Software,63,0,1/03/2025
D203935,C101013,1/04/2025,9/06/2025,Closed Lost,PAYROLL_DIY,Payroll DIY,Direct,unassigned,1572,0,Ohomairangi Limited,Software,34,0,
D203936,C101925,9/05/2025,31/07/2025,Closed Won,PAYROLL_DIY,Payroll DIY,Direct,nobody,2455,0,Rimu Harbour Limited,Education,7,0,1/09/2025
D203937,C102647,18/04/2025,27/04/2025,Closed Won,PAYROLL_MPS,Managed Payroll,Partners,awong,5956,0,Summit Holdings,Accounting,18,1,1/05/2025
D203938,C100806,6/12/2024,16/12/2024,Closed Won,PAYROLL_DIY,Payroll DIY,Partners,mkoenen,2405,0,Harbour Limited,Accounting,48,0,1/01/2025
D203939,C101006,12/05/2024,26/05/2024,Closed Won,ADD_ON_TKR,TKR Add-on,Partners,shao,518,0,Duncan Air Wenita Partners,Accounting,10,0,1/06/2024
D203940,C104049,1/07/2025,,Open,PAYROLL_DIY,Payroll DIY,Direct,dinkster,1568,0,Rimu Ltd,Manufacturing,1,0,1/08/2024
D203941,C103473,27/08/2024,31/10/2024,Closed Won,PM,People Management,Partners,shao,1796,0,Duncan Air Partners,Healthcare,41,0,1/11/2024
D203942,C100022,25/11/2024,,Open,PM,People Management,Direct,awong,265,0,Eurotec Duncan Air Ltd,Legal,10,0,1/12/2024
D203943,C102363,22/01/2024,,Open,PM,People Management,Direct,dinkster,2070,0,Nimbus Limited,Manufacturing,64,0,1/05/2024
D203944,C103371,17/03/2025,14/05/2025,Closed Lost,ADD_ON_TKR,TKR Add-on,Partners,dt,1226,0,Wenita Trust,Retail,62,0,
D203945,C100975,13/02/2025,,Open,PAYROLL_DIY,Payroll DIY,Partners,awong,2117,0,Eurotec Holdings,Accounting,56,0,1/08/2024
D203946,C102218,12/02/2024,25/04/2024,Closed Won,ADD_ON_TKR,TKR Add-on,Direct,shao,952,0,Beta Partners,Software,87,0,1/05/2024
D203947,C103941,25/02/2024,25/03/2024,Closed Won,PAYROLL_DIY,Payroll DIY,Partners,dt,1806,0,Harbour Services,Healthcare,41,0,1/04/2024
D203948,C103088,15/01/2024,4/04/2024,Closed Lost,PM,People Management,Direct,shao,1540,0,Summit Alpha Group,Retail,1,0,
D203949,C101611,12/09/2024,17/10/2024,Closed Lost,PAYROLL_DIY,Payroll DIY,Direct,dinkster,1735,0,Duncan Air Group,Software,1,0,
D203950,C102063,12/05/2025,11/07/2025,Closed Won,PAYROLL_DIY,Payroll DIY,Direct,awong,1613,0,Kea Alpha Ltd,Legal,64,1,1/08/2025
D203951,C103029,28/03/2024,4/05/2024,Closed Won,ADD_ON_TKR,TKR Add-on,Direct,unassigned,463,0,Alpha Ltd,Legal,55,0,1/05/2024
D203952,C100738,30/05/2024,7/07/2024,Closed Won,ADD_ON_TKR,TKR Add-on,Direct,dinkster,616,0,Ohomairangi Partners,Software,13,0,1/08/2024
D203953,C100340,26/01/2024,1/04/2024,Closed Won,PAYROLL_MPS,Managed Payroll,Direct,mkoenen,4474,0,Pivot Group,Legal,94,0,1/04/2024
D203954,C101899,1/03/2024,18/05/2024,Closed Won,PAYROLL_MPS,Managed Payroll,Direct,unassigned,5373,0,Atlas Co.,Retail,2,0,1/06/2024
D203955,C101471,30/06/2025,28/09/2025,Closed Won,ADD_ON_TKR,TKR Add-on,Direct,dinkster,1256,0,Harbour Pivot Holdings,Manufacturing,20,0,1/10/2025
D203956,C103145,20/12/2024,14/03/2025,Closed Won,PAYROLL_DIY,Payroll DIY,Direct,dt,2065,0,Alpha Ohomairangi Ltd,Healthcare,32,0,1/03/2025
D203957,C104489,22/08/2024,,Open,ADD_ON_TKR,TKR Add-on,Direct,dinkster,998,0,Atlas Wenita Ltd,Construction,12,0,1/09/2025
D203958,C101159,20/11/2024,15/02/2025,Closed Won,ADD_ON_TKR,TKR Add-on,Direct,unassigned,536,0,Alpha Services,Legal,7,0,1/03/2025
D203959,C102446,11/06/2025,,Open,ADD_ON_TKR,TKR Add-on,Direct,dt,1066,0,Ohomairangi Kea Partners,Construction,86,0,1/04/2025
D203960,C104372,7/01/2024,,Open,ADD_ON_TKR,TKR Add-on,Partners,mkoenen,0,0,Ohomairangi Trust,Construction,1,0,1/02/2025
D203961,C103500,17/04/2024,,Open,ADD_ON_TKR,TKR Add-on,Direct,awong,1177,0,Nimbus Kauri Holdings,Retail,15,0,1/05/2024
D203962,C101512,9/01/2024,4/02/2024,Closed Won,PM,People Management,Partners,mkoenen,961,0,Duncan Air Partners,Legal,1,0,1/02/2024
D203963,C102917,26/01/2025,18/02/2025,Closed Won,PAYROLL_DIY,Payroll DIY,Direct,shao,2710,0,Alpha Services,Manufacturing,1,0,1/03/2025
D203964,C102059,14/04/2024,19/04/2024,Closed Won,PAYROLL_DIY,Payroll DIY,Partners,shao,2578,0,Kauri Kauri Services,Accounting,42,1,1/05/2024
D203965,C100873,28/12/2024,3/01/2025,Closed Won,PM,People Management,Direct,awong,887,0,Pivot Holdings,Accounting,1,0,1/01/2025
D203966,C102654,16/02/2024,4/04/2024,Closed Won,PM,People Management,Partners,mkoenen,1728,0,Atlas Trust,Manufacturing,59,0,1/04/2024
D203967,C102291,26/02/2025,,Open,PAYROLL_DIY,Payroll DIY,Partners,shao,1560,0,Ohomairangi Holdings,Education,33,0,1/03/2025
D203968,C104993,4/06/2024,13/07/2024,Closed Won,PAYROLL_DIY,Payroll DIY,Partners,dt,1830,0,Eurotec Co.,Healthcare,67,0,1/08/2024
D203969,C103689,10/02/2025,28/03/2025,Closed Won,PM,People Management,Direct,unassigned,1401,0,Beta Eurotec Group,Accounting,65,0,1/04/2025
D203970,C103557,11/04/2024,9/06/2024,Closed Lost,PAYROLL_DIY,Payroll DIY,Direct,awong,315,0,Tui Holdings,Accounting,74,0,
D203971,C100556,8/04/2025,23/06/2025,Closed Won,PM,People Management,Direct,shao,871,0,Harbour Pivot Ltd,Accounting,9,0,1/08/2025
D203972,C102969,5/11/2024,23/11/2024,Closed Won,PM,People Management,Partners,dinkster,1742,0,Kea Summit Partners,Legal,35,0,1/12/2024
D203973,C104973,12/01/2024,23/03/2024,Closed Won,PM,People Management,Direct,dt,1282,1,Alpha Duncan Air Partners,Construction,10,0,1/04/2024
D203974,C103528,10/09/2024,,Open,ADD_ON_TKR,TKR Add-on,Direct,shao,957,0,Atlas Alpha Trust,Retail,77,0,1/09/2024
D203975,C103204,23/11/2024,,Open,PAYROLL_DIY,Payroll DIY,Direct,shao,1399,0,Ohomairangi Holdings,Healthcare,64,0,1/04/2025
D203976,C100499,28/09/2024,2/11/2024,Closed Won,PM,People Management,Partners,mkoenen,1271,0,Eurotec Holdings,Accounting,40,0,1/11/2024
D203977,C104092,24/04/2025,19/05/2025,Closed Won,PAYROLL_DIY,Payroll DIY,Direct,unassigned,1097,0,Duncan Air Trust,Manufacturing,63,0,1/06/2025
D203978,C100274,6/06/2025,,Open,PAYROLL_MPS,Managed Payroll,Direct,dt,2305,0,Kauri Group,Healthcare,1,1,1/06/2024
D203979,C101409,16/02/2024,5/03/2024,Closed Won,PAYROLL_DIY,Payroll DIY,Partners,dinkster,1651,0,Kea Services,Software,7,0,1/04/2024
D203980,C103730,30/08/2024,26/10/2024,Closed Lost,ADD_ON_TKR,TKR Add-on,Direct,awong,255,0,Nimbus Tui Partners,Healthcare,5,0,
D203981,C103970,3/03/2025,25/05/2025,Closed Lost,ADD_ON_TKR,TKR Add-on,Direct,shao,1018,0,Wenita Limited,Accounting,25,0,
D203982,C100291,23/12/2024,10/01/2025,Closed Won,PAYROLL_DIY,Payroll DIY,Direct,dt,1992,0,Nimbus Holdings,Legal,1,0,1/01/2025
D203983,C104271,21/06/2024,30/06/2024,Closed Won,ADD_ON_TKR,TKR Add-on,Direct,unassigned,329,0,Harbour Holdings,Manufacturing,1,0,1/07/2024
D203984,C103032,31/05/2024,29/07/2024,Closed Won,PM,People Management,Partners,dt,3010,0,Nimbus Limited,Retail,2,0,1/08/2024
D203985,C104512,15/07/2024,6/08/2024,Closed Won,PAYROLL_DIY,Payroll DIY,Direct,awong,1131,0,Kauri Wenita Ltd,Manufacturing,31,1,1/08/2024
D203986,C104483,22/10/2024,26/10/2024,Closed Won,PAYROLL_DIY,Payroll DIY,Partners,dinkster,174,0,Beta Co.,Software,37,0,1/11/2024
D203987,C104951,16/05/2024,19/07/2024,Closed Won,PAYROLL_MPS,Managed Payroll,Partners,shao,7211,0,Atlas Limited,Accounting,14,0,1/08/2024
D203988,C102175,29/06/2025,,Open,PM,People Management,Partners,shao,393,0,Kauri Duncan Air Services,Construction,58,0,1/07/2025
D203989,C102756,11/01/2025,20/02/2025,Closed Lost,PM,People Management,Direct,unassigned,1924,0,Alpha Holdings,Healthcare,33,0,
D203990,C104877,19/05/2025,8/08/2025,Closed Won,PM,People Management,Direct,shao_tmp,1483,0,Duncan Air Holdings,Accounting,14,0,1/09/2025
D203991,C101800,9/12/2024,,Open,PAYROLL_DIY,Payroll DIY,Partners,dt,508,0,Tui Holdings,Legal,27,0,1/04/2025
D203992,C102265,30/01/2025,15/04/2025,Closed Lost,PM,People Management,Partners,unassigned,732,0,Kauri Kea Ltd,Software,41,0,
D203993,C104047,12/03/2025,17/04/2025,Closed Lost,PM,People Management,Direct,shao,2002,0,Atlas Trust,Software,38,1,
D203994,C103771,19/08/2024,25/10/2024,Closed Won,PM,People Management,Partners,dt,1032,0,Harbour Harbour Trust,Software,49,1,1/12/2024
D203995,C102624,10/10/2024,20/11/2024,Closed Lost,PAYROLL_MPS,Managed Payroll,Partners,awong,3615,0,Rimu Tui Ltd,Software,30,0,
D203996,C100674,4/12/2024,13/01/2025,Closed Won,PM,People Management,Direct,dinkster,1646,0,Kea Pivot Ltd,Education,56,0,1/01/2025
D203997,C104605,25/03/2025,,Open,PAYROLL_DIY,Payroll DIY,Direct,mkoenen,2810,0,Harbour Group,Retail,36,0,1/09/2024
D203998,C104976,25/04/2024,3/05/2024,Closed Won,ADD_ON_TKR,TKR Add-on,Partners,dt,303,0,Wenita Holdings,Manufacturing,4,1,1/05/2024
D203999,C103488,14/02/2024,16/02/2024,Closed Won,PAYROLL_MPS,Managed Payroll,Partners,mkoenen,4779,0,Ohomairangi Atlas Ltd,Software,50,1,1/02/2024
D204000,C101945,13/11/2024,16/01/2025,Closed Won,PM,People Management,Partners,dt,1743,0,Pivot Trust,Healthcare,52,0,1/02/2025
D204001,C102443,27/08/2024,14/09/2024,Closed Lost,PM,People Management,Direct,awong,2109,0,Beta Limited,Construction,59,0,
D204002,C103393,23/08/2024,26/10/2024,Closed Lost,PM,People Management,Partners,unassigned,1676,0,Eurotec Holdings,Accounting,3,1,
D204003,C104167,15/12/2024,19/12/2024,Closed Won,PM,People Management,Direct,unassigned,1010,0,Duncan Air Trust,Software,1,0,1/01/2025
D204004,C103862,4/01/2025,25/03/2025,Closed Lost,PAYROLL_MPS,Managed Payroll,Direct,dt,3619,0,Summit Limited,Legal,4,0,
D204005,C104102,14/09/2024,30/10/2024,Closed Won,PAYROLL_MPS,Managed Payroll,Direct,unassigned,3386,0,Pivot Ltd,Manufacturing,24,0,1/11/2024
D204006,C101616,21/02/2024,1/05/2024,Closed Won,PAYROLL_MPS,Managed Payroll,Direct,dinkster,7663,0,Eurotec Summit Co.,Construction,36,0,1/05/2024
D204007,C101871,30/05/2025,19/07/2025,Closed Won,PAYROLL_MPS,Managed Payroll,Partners,dinkster,4718,0,Kea Trust,Software,69,0,1/08/2025
D204008,C104437,7/01/2025,10/01/2025,Closed Won,PAYROLL_DIY,Payroll DIY,Direct,unassigned,2001,0,Harbour Co.,Education,8,0,1/01/2025
D204009,C100207,15/01/2025,30/01/2025,Closed Won,PAYROLL_DIY,Payroll DIY,Partners,shao,-3233,0,Atlas Partners,Construction,51,0,1/02/2025
D204010,C100419,19/09/2024,5/11/2024,Closed Won,ADD_ON_TKR,TKR Add-on,Direct,dinkster,955,0,Kauri Co.,Retail,67,0,1/12/2024
D204011,C101017,17/04/2024,21/06/2024,Closed Lost,PM,People Management,Partners,shao,1469,0,Wenita Kauri Services,Healthcare,97,0,
D204012,C104010,11/02/2024,31/03/2024,Closed Won,PAYROLL_DIY,Payroll DIY,Direct,dinkster,151,0,Eurotec Summit Holdings,Accounting,51,0,1/04/2024
D204013,C100898,29/06/2025,,Open,PAYROLL_MPS,Managed Payroll,Direct,nobody,2067,0,Wenita Limited,Software,12,0,1/06/2024
D204014,C102865,30/05/2024,3/07/2024,Closed Won,PAYROLL_DIY,Payroll DIY,Direct,unassigned,3541,0,Summit Alpha Ltd,Accounting,22,0,1/07/2024
D204015,C101736,10/10/2024,13/12/2024,Closed Lost,ADD_ON_TKR,TKR Add-on,Partners,dt,175,0,Eurotec Holdings,Construction,39,0,
D204016,C101269,30/01/2025,26/04/2025,Closed Lost,PAYROLL_DIY,Payroll DIY,Direct,mkoenen,3016,0,Nimbus Group,Construction,10,0,
D204017,C101775,7/07/2024,5/08/2024,Closed Won,PAYROLL_DIY,Payroll DIY,Direct,dt,2462,0,Duncan Air Partners,Manufacturing,18,0,1/08/2024
D204018,C101224,26/10/2024,16/01/2025,Closed Won,PM,People Management,Partners,awong,1782,0,Atlas Pivot Co.,Retail,52,0,1/01/2025
D204019,C104179,27/10/2024,5/12/2024,Closed Won,PAYROLL_DIY,Payroll DIY,Partners,dinkster,1430,0,Duncan Air Atlas Ltd,Software,1,0,1/01/2025
D204020,C102172,1/07/2024,10/08/2024,Closed Won,ADD_ON_TKR,TKR Add-on,Direct,unassigned,955,0,Duncan Air Trust,Retail,13,0,1/09/2024
D204021,C100069,22/06/2024,30/07/2024,Closed Won,PAYROLL_DIY,Payroll DIY,Direct,dinkster,1406,0,Wenita Group,Manufacturing,18,0,1/09/2024
D204022,C101304,31/01/2024,1/04/2024,Closed Lost,PAYROLL_DIY,Payroll DIY,Partners,unassigned,2378,0,Kauri Duncan Air Group,Education,35,0,
D204023,C103826,1/03/2025,,Open,PM,People Management,Partners,shao,686,0,Tui Group,Education,61,0,1/11/2024
D204024,C102576,9/06/2025,7/09/2025,Closed Won,PAYROLL_DIY,Payroll DIY,Direct,awong,2306,0,Pivot Group,Retail,13,0,1/10/2025
D204025,C104666,18/02/2025,11/03/2025,Closed Won,PAYROLL_DIY,Payroll DIY,Direct,mkoenen,2700,0,Kea Co.,Accounting,55,0,1/04/2025
D204026,C100921,26/02/2024,9/05/2024,Closed Won,PAYROLL_MPS,Managed Payroll,Direct,shao,3776,0,Wenita Co.,Healthcare,66,0,1/05/2024
D204027,C102469,9/07/2024,,Open,PAYROLL_DIY,Payroll DIY,Partners,dt,944,0,Summit Ltd,Manufacturing,16,0,1/08/2025
D204028,C101090,25/12/2024,11/01/2025,Closed Lost,PAYROLL_DIY,Payroll DIY,Direct,dt,2060,0,Eurotec Partners,Retail,47,0,
D204029,C102231,20/07/2024,8/08/2024,Closed Won,PAYROLL_DIY,Payroll DIY,Direct,dinkster,3048,0,Kea Limited,Construction,1,1,1/08/2024
D204030,C100963,9/06/2025,,Open,ADD_ON_TKR,TKR Add-on,Direct,mkoenen,572,0,Harbour Holdings,Manufacturing,1,0,1/03/2025
D204031,C100574,13/07/2024,8/08/2024,Closed Won,PAYROLL_DIY,Payroll DIY,Direct,dinkster,1397,0,Beta Summit Partners,Healthcare,20,0,1/08/2024
D204032,C102490,18/03/2024,16/05/2024,Closed Lost,PAYROLL_DIY,Payroll DIY,Partners,dinkster,2803,0,Summit Limited,Education,60,0,
D204033,C103498,29/09/2024,22/10/2024,Closed Won,PAYROLL_MPS,Managed Payroll,Partners,shao,6508,0,Harbour Holdings,Healthcare,13,0,1/11/2024
D204034,C103788,12/10/2024,29/10/2024,Closed Won,ADD_ON_TKR,TKR Add-on,Direct,unassigned,287,0,Wenita Group,Healthcare,71,0,1/12/2024
D204035,C101794,26/03/2024,30/03/2024,Closed Won,PAYROLL_MPS,Managed Payroll,Partners,mkoenen,4536,0,Kea Services,Manufacturing,12,1,1/05/2024
D204036,C103750,10/06/2025,12/08/2025,Closed Lost,PAYROLL_MPS,Managed Payroll,Partners,dt,3847,0,Ohomairangi Co.,Education,1,0,
D204037,C101401,1/08/2024,7/09/2024,Closed Won,PAYROLL_MPS,Managed Payroll,Partners,mkoenen,4752,0,Beta Trust,Construction,49,0,1/10/2024
D204038,C101204,8/08/2024,3/09/2024,Closed Lost,PAYROLL_DIY,Payroll DIY,Direct,awong,2043,0,Kea Trust,Healthcare,49,0,
D204039,C101917,18/04/2024,12/07/2024,Closed Won,PAYROLL_DIY,Payroll DIY,Direct,dinkster,2373,0,Duncan Air Kea Trust,Healthcare,37,0,1/07/2024
D204040,C104644,8/05/2025,,Open,PAYROLL_MPS,Managed Payroll,Direct,awong,0,0,Summit Ltd,Manufacturing,1,0,1/04/2024
D204041,C104576,7/12/2024,14/12/2024,Closed Won,PAYROLL_MPS,Managed Payroll,Direct,awong,3312,0,Alpha Kauri Holdings,Education,29,0,1/01/2025
D204042,C103238,30/01/2024,3/04/2024,Closed Won,PM,People Management,Partners,awong,1492,0,Ohomairangi Co.,Retail,28,0,1/04/2024
D204043,C104944,12/09/2024,20/10/2024,Closed Lost,ADD_ON_TKR,TKR Add-on,Partners,nobody,407,0,Harbour Ltd,Education,76,0,
D204044,C104731,3/09/2024,24/11/2024,Closed Won,PAYROLL_DIY,Payroll DIY,Partners,dinkster_tmp,623,0,Nimbus Holdings,Accounting,12,0,1/12/2024
D204045,C101397,8/08/2024,5/11/2024,Closed Won,PAYROLL_MPS,Managed Payroll,Direct,shao,4305,0,Wenita Harbour Co.,Manufacturing,20,0,1/12/2024
D204046,C104731,16/05/2025,21/05/2025,Closed Won,PM,People Management,Partners,awong,1191,0,Nimbus Holdings,Accounting,12,0,1/05/2025
D204047,C103986,29/01/2024,,Open,PAYROLL_DIY,Payroll DIY,Direct,unassigned,1875,0,Tui Partners,Legal,38,0,1/04/2024
D204048,C102902,27/10/2024,18/11/2024,Closed Lost,PAYROLL_MPS,Managed Payroll,Partners,dinkster,2190,0,Rimu Partners,Construction,1,0,
D204049,C104503,2/07/2024,11/08/2024,Closed Won,PAYROLL_MPS,Managed Payroll,Partners,dt,4467,0,Pivot Nimbus Ltd,Software,6,0,1/09/2024
D204050,C102412,19/02/2025,29/04/2025,Closed Won,PM,People Management,Partners,unassigned,641,0,Harbour Trust,Legal,59,0,1/05/2025
D204051,C103489,1/05/2024,,Open,ADD_ON_TKR,TKR Add-on,Direct,dinkster,456,0,Tui Harbour Partners,Manufacturing,66,0,1/10/2024
D204052,C102625,21/01/2024,15/03/2024,Closed Won,PAYROLL_MPS,Managed Payroll,Direct,shao,3321,0,Duncan Air Group,Retail,1,1,1/03/2024
D204053,C100267,3/04/2024,,Open,ADD_ON_TKR,TKR Add-on,Direct,dinkster,814,0,Wenita Summit Limited,Legal,40,0,1/08/2025
D204054,C100183,29/05/2024,,Open,ADD_ON_TKR,TKR Add-on,Partners,unassigned,1138,0,Wenita Limited,Software,33,0,1/11/2024
D204055,C100065,14/10/2024,,Open,PAYROLL_MPS,Managed Payroll,Direct,shao,5977,0,Tui Ltd,Retail,2,1,1/08/2024
D204056,C100668,9/02/2024,,Open,PM,People Management,Direct,dt,703,0,Duncan Air Services,Software,1,0,1/08/2025
D204057,C101715,5/05/2024,20/06/2024,Closed Won,ADD_ON_TKR,TKR Add-on,Direct,awong,854,0,Nimbus Beta Trust,Software,37,0,1/07/2024
D204058,C102544,14/01/2024,2/03/2024,Closed Lost,PAYROLL_DIY,Payroll DIY,Partners,unassigned,0,0,Kauri Atlas Ltd,Software,33,0,
D204059,C101013,6/03/2025,11/04/2025,Closed Lost,ADD_ON_TKR,TKR Add-on,Direct,mkoenen,975,0,Ohomairangi Limited,Software,34,0,
D204060,C104125,10/07/2024,3/10/2024,Closed Won,PM,People Management,Direct,awong,1116,0,Rimu Ltd,Software,38,0,1/11/2024
D204061,C103784,23/03/2024,,Open,PAYROLL_MPS,Managed Payroll,Direct,shao,7142,0,Ohomairangi Co.,Manufacturing,28,0,1/04/2025
D204062,C102276,1/06/2025,24/07/2025,Closed Won,ADD_ON_TKR,TKR Add-on,Partners,shao,1197,0,Alpha Ltd,Healthcare,1,0,1/08/2025
D204063,C103426,10/04/2025,18/05/2025,Closed Won,ADD_ON_TKR,TKR Add-on,Partners,shao,1317,0,Duncan Air Tui Group,Healthcare,55,0,1/06/2025
D204064,C103482,13/09/2024,27/10/2024,Closed Won,ADD_ON_TKR,TKR Add-on,Direct,dt,749,0,Atlas Ohomairangi Partners,Education,20,1,1/11/2024
D204065,C100983,24/09/2024,,Open,PAYROLL_MPS,Managed Payroll,Direct,dinkster,2206,0,Beta Partners,Education,43,0,1/08/2025
D204066,C104118,8/03/2025,,Open,PAYROLL_MPS,Managed Payroll,Direct,unassigned,3974,0,Kauri Limited,Software,63,0,1/05/2025
D204067,C101277,5/03/2025,,Open,ADD_ON_TKR,TKR Add-on,Partners,shao,1048,0,Alpha Services,Retail,50,0,1/12/2024
D204068,C103178,22/02/2024,25/03/2024,Closed Lost,PM,People Management,Partners,dinkster,1637,0,Wenita Trust,Healthcare,57,0,
D204069,C104222,14/02/2024,,Open,PAYROLL_DIY,Payroll DIY,Partners,nobody,1644,0,Harbour Partners,Healthcare,66,0,1/07/2024
D204070,C100188,21/04/2024,5/06/2024,Closed Won,PM,People Management,Partners,dt,564,0,Nimbus Partners,Retail,61,0,1/07/2024
D204071,C100113,28/03/2025,,Open,PAYROLL_MPS,Managed Payroll,Partners,shao,6482,0,Kea Group,Accounting,27,0,1/03/2025
D204072,C102664,23/03/2025,9/05/2025,Closed Won,PAYROLL_MPS,Managed Payroll,Direct,dinkster,3507,0,Kea Co.,Construction,36,0,1/06/2025
D204073,C103458,15/10/2024,20/12/2024,Closed Won,ADD_ON_TKR,TKR Add-on,Direct,awong,1334,0,Ohomairangi Services,Legal,70,0,1/01/2025
D204074,C100485,5/01/2025,23/01/2025,Closed Lost,ADD_ON_TKR,TKR Add-on,Direct,shao,-1077,0,Eurotec Eurotec Limited,Healthcare,46,0,
D204075,C102193,27/01/2024,,Open,PAYROLL_DIY,Payroll DIY,Direct,unassigned,3548,0,Kauri Co.,Manufacturing,18,0,1/09/2025
D204076,C103541,22/08/2024,27/10/2024,Closed Won,PAYROLL_DIY,Payroll DIY,Direct,shao,2850,0,Eurotec Rimu Holdings,Education,1,0,1/11/2024
D204077,C104375,15/04/2024,10/05/2024,Closed Won,PAYROLL_MPS,Managed Payroll,Direct,dt,0,0,Alpha Limited,Healthcare,49,0,1/06/2024
D204078,C104238,18/07/2024,18/08/2024,Closed Won,PAYROLL_MPS,Managed Payroll,Partners,mkoenen,5027,0,Rimu Trust,Education,42,0,1/09/2024
D204079,C104038,15/12/2024,,Open,PM,People Management,Partners,mkoenen,440,0,Tui Kauri Group,Healthcare,37,0,1/03/2025
D204080,C101481,19/02/2025,17/04/2025,Closed Won,ADD_ON_TKR,TKR Add-on,Partners,unassigned,1450,0,Atlas Nimbus Co.,Education,58,0,1/06/2025
D204081,C100975,1/03/2025,18/05/2025,Closed Won,PM,People Management,Direct,unassigned,2245,0,Eurotec Holdings,Accounting,56,0,1/07/2025
D204082,C102564,13/02/2024,12/03/2024,Closed Won,ADD_ON_TKR,TKR Add-on,Partners,unassigned,729,0,Atlas Beta Group,Software,68,0,1/03/2024
D204083,C100541,18/09/2024,20/09/2024,Closed Won,PAYROLL_DIY,Payroll DIY,Direct,dt,3021,0,Kea Co.,Manufacturing,19,0,1/10/2024
D204084,C100141,25/12/2024,,Open,PM,People Management,Partners,awong,1607,0,Harbour Services,Legal,36,0,1/05/2024
D204085,C104823,17/01/2025,,Open,PAYROLL_DIY,Payroll DIY,Direct,mkoenen,2424,0,Wenita Tui Co.,Education,6,0,1/04/2025
D204086,C100891,8/07/2024,,Open,PM,People Management,Partners,dt,903,0,Rimu Trust,Manufacturing,12,0,1/03/2024
D204087,C104056,13/11/2024,3/12/2024,Closed Won,ADD_ON_TKR,TKR Add-on,Partners,dinkster,1069,0,Kauri Limited,Legal,15,0,1/12/2024
D204088,C104782,19/06/2025,24/07/2025,Closed Won,ADD_ON_TKR,TKR Add-on,Direct,dinkster,1450,0,Duncan Air Eurotec Ltd,Manufacturing,1,0,1/09/2025
D204089,C100402,16/06/2025,10/09/2025,Closed Won,ADD_ON_TKR,TKR Add-on,Direct,mkoenen,1303,0,Duncan Air Limited,Construction,30,0,1/10/2025
D204090,C100379,29/06/2025,4/07/2025,Closed Won,PM,People Management,Partners,dt,2123,0,Eurotec Co.,Construction,13,0,1/08/2025
D204091,C102971,29/06/2025,1/08/2025,Closed Won,PAYROLL_MPS,Managed Payroll,Direct,nobody,4678,0,Duncan Air Partners,Construction,20,1,1/08/2025
D204092,C102185,10/08/2024,26/10/2024,Closed Won,ADD_ON_TKR,TKR Add-on,Direct,mkoenen,853,0,Ohomairangi Holdings,Manufacturing,66,0,1/11/2024
D204093,C103582,9/01/2024,8/04/2024,Closed Won,PM,People Management,Direct,dinkster,737,0,Duncan Air Co.,Accounting,1,0,1/04/2024
D204094,C100849,3/12/2024,3/03/2025,Closed Won,PM,People Management,Partners,awong,1897,0,Summit Group,Retail,54,0,1/03/2025
D204095,C100923,7/06/2025,12/07/2025,Closed Won,PAYROLL_DIY,Payroll DIY,Partners,awong,2035,0,Ohomairangi Holdings,Manufacturing,40,0,1/08/2025
D204096,C101753,4/02/2024,,Open,PM,People Management,Partners,dt,2078,0,Wenita Ltd,Legal,36,0,1/05/2025
D204097,C104148,30/10/2024,25/12/2024,Closed Won,ADD_ON_TKR,TKR Add-on,Partners,unassigned,815,0,Nimbus Limited,Manufacturing,1,0,1/01/2025
D204098,C104749,12/02/2025,12/05/2025,Closed Won,PAYROLL_DIY,Payroll DIY,Partners,dt,1171,0,Eurotec Limited,Construction,25,0,1/06/2025
D204099,C104165,5/05/2025,26/05/2025,Closed Won,ADD_ON_TKR,TKR Add-on,Direct,unassigned,850,0,Duncan Air Atlas Ltd,Construction,35,0,1/07/2025
D204100,C103039,16/03/2024,15/05/2024,Closed Won,PAYROLL_DIY,Payroll DIY,Direct,dt,3931,0,Eurotec Co.,Legal,54,0,1/05/2024
D204101,C100575,28/07/2024,19/10/2024,Closed Won,PAYROLL_DIY,Payroll DIY,Direct,awong,876,0,Eurotec Kauri Group,Software,34,0,1/10/2024
D204102,C104275,30/04/2025,15/06/2025,Closed Won,PAYROLL_DIY,Payroll DIY,Direct,shao,530,0,Ohomairangi Limited,Healthcare,14,0,1/07/2025
D204103,C102318,2/03/2024,,Open,PAYROLL_MPS,Managed Payroll,Partners,dt,-7445,0,Pivot Atlas Group,Education,3,0,1/05/2025
D204104,C102225,5/06/2025,,Open,ADD_ON_TKR,TKR Add-on,Direct,unassigned,84,0,Pivot Co.,Retail,2,0,1/12/2024
D204105,C102393,16/07/2024,2/08/2024,Closed Won,PAYROLL_DIY,Payroll DIY,Direct,dt,1695,0,Harbour Ltd,Software,40,0,1/08/2024
D204106,C100699,8/05/2025,8/06/2025,Closed Won,PAYROLL_DIY,Payroll DIY,Partners,shao,1722,0,Wenita Eurotec Ltd,Construction,3,0,1/06/2025
D204107,C104488,1/06/2024,7/07/2024,Closed Won,PAYROLL_DIY,Payroll DIY,Direct,dt,3208,0,Summit Co.,Retail,1,0,1/07/2024
D204108,C104553,31/08/2024,3/10/2024,Closed Won,PM,People Management,Partners,unassigned,1946,0,Beta Limited,Legal,64,0,1/11/2024
D204109,C103354,14/05/2025,,Open,PAYROLL_DIY,Payroll DIY,Partners,unassigned,1536,0,Wenita Trust,Construction,8,0,1/06/2024
D204110,C103431,12/12/2024,1/03/2025,Closed Won,PAYROLL_MPS,Managed Payroll,Direct,dt,1850,0,Beta Group,Software,24,0,1/03/2025
D204111,C104552,18/02/2024,27/04/2024,Closed Won,PAYROLL_DIY,Payroll DIY,Partners,awong,0,0,Duncan Air Kea Holdings,Healthcare,1,0,1/05/2024
D204112,C101363,30/06/2024,19/07/2024,Closed Won,PAYROLL_DIY,Payroll DIY,Direct,shao,2337,0,Tui Limited,Legal,1,0,1/08/2024
D204113,C103749,21/04/2024,8/05/2024,Closed Lost,PAYROLL_MPS,Managed Payroll,Partners,mkoenen,3606,0,Eurotec Co.,Retail,55,0,
D204114,C100349,13/02/2025,1/05/2025,Closed Won,ADD_ON_TKR,TKR Add-on,Partners,shao,1255,0,Duncan Air Group,Retail,35,0,1/06/2025
D204115,C104283,9/04/2025,6/05/2025,Closed Won,ADD_ON_TKR,TKR Add-on,Partners,dinkster,836,0,Kauri Services,Retail,18,0,1/05/2025
D204116,C103554,7/08/2024,13/09/2024,Closed Won,PAYROLL_DIY,Payroll DIY,Direct,unassigned,2375,0,Alpha Nimbus Group,Manufacturing,18,1,1/10/2024
D204117,C102455,19/05/2025,,Open,PAYROLL_DIY,Payroll DIY,Direct,awong,2883,0,Summit Kauri Group,Construction,44,0,1/03/2024
D204118,C103076,18/02/2025,28/04/2025,Closed Won,PM,People Management,Partners,dt,1927,0,Duncan Air Duncan Air Partners,Legal,1,1,1/05/2025
D204119,C104029,29/07/2024,24/10/2024,Closed Won,PAYROLL_MPS,Managed Payroll,Direct,dinkster,5267,0,Rimu Group,Manufacturing,1,0,1/11/2024
D204120,C103247,22/07/2024,14/09/2024,Closed Won,PAYROLL_MPS,Managed Payroll,Partners,unassigned,5069,0,Pivot Trust,Construction,98,0,1/10/2024
D204121,C102546,12/06/2024,20/08/2024,Closed Lost,PM,People Management,Partners,dt,880,0,Duncan Air Partners,Software,8,0,
D204122,C102365,1/02/2025,,Open,PAYROLL_DIY,Payroll DIY,Direct,shao,1248,0,Kea Trust,Education,85,0,1/09/2025
D204123,C101203,1/06/2025,8/06/2025,Closed Won,PM,People Management,Partners,shao,1212,0,Summit Co.,Accounting,3,0,1/06/2025
D204124,C104337,23/05/2024,,Open,PM,People Management,Partners,unassigned,1541,0,Rimu Summit Ltd,Legal,58,0,1/03/2025
D204125,C104538,18/01/2025,12/02/2025,Closed Won,ADD_ON_TKR,TKR Add-on,Direct,dinkster,1073,0,Pivot Rimu Trust,Construction,46,0,1/03/2025
D204126,C101391,26/11/2024,8/12/2024,Closed Lost,PM,People Management,Partners,shao,925,0,Nimbus Nimbus Group,Accounting,57,0,
D204127,C104299,9/01/2025,16/02/2025,Closed Won,ADD_ON_TKR,TKR Add-on,Direct,awong,1064,0,Harbour Partners,Construction,49,0,1/02/2025
D204128,C103787,14/10/2024,15/11/2024,Closed Won,PM,People Management,Direct,shao,1069,0,Alpha Alpha Limited,Healthcare,46,0,1/12/2024
D204129,C103079,21/11/2024,5/01/2025,Closed Won,ADD_ON_TKR,TKR Add-on,Partners,unassigned,576,0,Eurotec Limited,Education,43,0,1/02/2025
D204130,C103129,5/05/2024,30/05/2024,Closed Lost,ADD_ON_TKR,TKR Add-on,Partners,awong,356,0,Kea Beta Group,Healthcare,1,0,
D204131,C100032,10/05/2025,26/07/2025,Closed Won,PM,People Management,Direct,nobody,1715,0,Alpha Limited,Accounting,2,0,1/08/2025
D204132,C101592,10/05/2025,21/05/2025,Closed Won,ADD_ON_TKR,TKR Add-on,Partners,awong,1304,0,Eurotec Co.,Education,16,0,1/06/2025
D204133,C103882,10/08/2024,7/09/2024,Closed Lost,PAYROLL_MPS,Managed Payroll,Partners,dt,7875,0,Summit Eurotec Services,Manufacturing,123,0,
D204134,C101307,8/05/2025,23/06/2025,Closed Won,PAYROLL_DIY,Payroll DIY,Direct,shao,2671,0,Ohomairangi Services,Education,33,0,1/07/2025
D204135,C103072,2/07/2024,10/08/2024,Closed Won,PAYROLL_MPS,Managed Payroll,Direct,dt,5536,0,Ohomairangi Group,Education,52,0,1/09/2024
D204136,C102458,20/03/2024,26/04/2024,Closed Won,PM,People Management,Partners,dt,751,0,Kea Group,Retail,28,1,1/05/2024
D204137,C103664,23/09/2024,,Open,PM,People Management,Partners,unassigned,1092,0,Kauri Co.,Healthcare,40,0,1/05/2025
D204138,C100789,2/11/2024,12/12/2024,Closed Won,PAYROLL_DIY,Payroll DIY,Partners,awong,1573,0,Nimbus Limited,Accounting,17,0,1/01/2025
D204139,C102331,14/05/2025,10/06/2025,Closed Won,PM,People Management,Partners,dt,1624,0,Beta Beta Holdings,Construction,13,0,1/06/2025
D204140,C102017,10/03/2025,6/06/2025,Closed Won,PM,People Management,Partners,nobody,879,0,Kauri Partners,Healthcare,40,0,1/07/2025
D204141,C102621,20/04/2024,4/07/2024,Closed Won,PAYROLL_DIY,Payroll DIY,Direct,unassigned,1507,0,Harbour Pivot Group,Retail,2,0,1/08/2024
D204142,C101494,23/05/2024,,Open,PM,People Management,Direct,shao,1855,0,Alpha Kauri Group,Legal,1,0,1/05/2024
D204143,C103203,21/04/2025,3/05/2025,Closed Won,PM,People Management,Direct,dinkster,691,0,Eurotec Ltd,Accounting,36,0,1/06/2025
D204144,C104006,9/02/2024,10/04/2024,Closed Won,PAYROLL_DIY,Payroll DIY,Direct,unassigned,3320,0,Wenita Limited,Education,20,0,1/04/2024
D204145,C101463,16/04/2025,25/05/2025,Closed Lost,PAYROLL_DIY,Payroll DIY,Partners,unassigned,2628,0,Rimu Co.,Construction,9,0,
D204146,C104933,19/06/2025,7/09/2025,Closed Won,PAYROLL_MPS,Managed Payroll,Direct,dt,3634,1,Duncan Air Trust,Manufacturing,22,0,1/09/2025
D204147,C101543,6/04/2024,7/05/2024,Closed Won,PAYROLL_DIY,Payroll DIY,Partners,unassigned,3916,0,Duncan Air Ltd,Healthcare,14,0,1/05/2024
D204148,C102835,15/03/2024,7/04/2024,Closed Won,PM,People Management,Direct,mkoenen,474,0,Rimu Partners,Retail,28,0,1/05/2024
D204149,C100742,4/03/2024,21/03/2024,Closed Lost,PAYROLL_DIY,Payroll DIY,Partners,awong,1690,0,Ohomairangi Atlas Holdings,Healthcare,49,0,
D204150,C103431,14/08/2024,27/08/2024,Closed Won,PAYROLL_DIY,Payroll DIY,Partners,dinkster,1265,0,Beta Group,Software,24,0,1/09/2024
D204151,C104723,19/07/2024,13/10/2024,Closed Won,ADD_ON_TKR,TKR Add-on,Partners,shao,1018,0,Summit Wenita Services,Construction,27,0,1/11/2024
D204152,C102544,24/02/2024,3/04/2024,Closed Won,PM,People Management,Direct,mkoenen,2035,0,Kauri Atlas Ltd,Software,33,0,1/04/2024
D204153,C100962,15/01/2025,28/03/2025,Closed Lost,PAYROLL_MPS,Managed Payroll,Direct,dinkster,7659,0,Kea Limited,Software,26,0,
D204154,C104914,27/03/2025,12/06/2025,Closed Won,PAYROLL_DIY,Payroll DIY,Partners,dinkster,2331,0,Kea Partners,Legal,35,0,1/07/2025
D204155,C101866,1/02/2024,7/02/2024,Closed Won,PM,People Management,Direct,awong,1423,0,Kauri Eurotec Ltd,Healthcare,9,0,1/02/2024
D204156,C101124,14/09/2024,19/10/2024,Closed Lost,PAYROLL_DIY,Payroll DIY,Partners,unassigned,1302,0,Harbour Ltd,Manufacturing,62,0,
D204157,C100132,27/03/2025,1/06/2025,Closed Won,ADD_ON_TKR,TKR Add-on,Partners,mkoenen,1062,0,Kea Nimbus Services,Software,26,0,1/07/2025
D204158,C100763,25/06/2024,,Open,PM,People Management,Direct,dinkster,0,0,Beta Kauri Group,Manufacturing,1,0,1/05/2025
D204159,C104046,27/12/2024,3/03/2025,Closed Won,ADD_ON_TKR,TKR Add-on,Direct,shao,934,0,Kea Co.,Construction,11,0,1/03/2025
D204160,C102899,27/02/2025,28/04/2025,Closed Won,PM,People Management,Partners,mkoenen,0,0,Beta Limited,Retail,40,0,1/05/2025
D204161,C103164,8/04/2025,,Open,PAYROLL_MPS,Managed Payroll,Partners,shao,2257,0,Tui Harbour Services,Software,66,0,1/12/2024
D204162,C101390,25/02/2024,6/04/2024,Closed Won,PAYROLL_DIY,Payroll DIY,Partners,dinkster,2113,0,Kea Ltd,Healthcare,22,0,1/04/2024
D204163,C103601,25/08/2024,8/10/2024,Closed Won,PAYROLL_DIY,Payroll DIY,Direct,awong,1933,0,Tui Group,Construction,24,0,1/11/2024
D204164,C104902,18/06/2025,16/09/2025,Closed Won,ADD_ON_TKR,TKR Add-on,Direct,shao,909,0,Harbour Partners,Education,37,0,1/10/2025
D204165,C103596,3/05/2024,22/05/2024,Closed Won,PAYROLL_MPS,Managed Payroll,Direct,shao,-5851,0,Eurotec Holdings,Retail,1,0,1/06/2024
D204166,C101248,18/08/2024,,Open,PM,People Management,Partners,dinkster,1434,0,Nimbus Holdings,Software,1,0,1/04/2025
D204167,C102305,3/04/2025,17/05/2025,Closed Won,PM,People Management,Direct,awong,1050,0,Ohomairangi Services,Retail,42,0,1/05/2025
D204168,C102078,9/11/2024,16/11/2024,Closed Lost,PAYROLL_MPS,Managed Payroll,Direct,shao,4772,0,Tui Atlas Partners,Legal,44,0,
D204169,C104243,6/07/2024,,Open,PAYROLL_MPS,Managed Payroll,Direct,shao,4894,0,Kea Tui Ltd,Manufacturing,38,0,1/07/2024
D204170,C103072,24/06/2024,31/07/2024,Closed Won,PM,People Management,Partners,awong,890,0,Ohomairangi Group,Education,52,0,1/08/2024
D204171,C104539,5/11/2024,13/11/2024,Closed Won,PM,People Management,Direct,shao,1158,1,Rimu Nimbus Ltd,Construction,20,0,1/12/2024
D204172,C100433,22/08/2024,12/09/2024,Closed Won,PM,People Management,Partners,shao,647,0,Ohomairangi Group,Healthcare,12,0,1/10/2024
D204173,C100354,15/08/2024,23/10/2024,Closed Lost,PM,People Management,Partners,mkoenen,0,0,Ohomairangi Partners,Construction,1,1,
D204174,C101545,20/01/2025,,Open,PAYROLL_DIY,Payroll DIY,Partners,shao,1622,0,Kea Limited,Manufacturing,61,0,1/03/2024
D204175,C100117,19/05/2024,1/06/2024,Closed Won,ADD_ON_TKR,TKR Add-on,Partners,awong,748,0,Tui Ltd,Construction,34,0,1/07/2024
D204176,C103557,30/06/2024,12/09/2024,Closed Won,ADD_ON_TKR,TKR Add-on,Partners,shao,1203,0,Tui Holdings,Accounting,74,0,1/10/2024
D204177,C100684,17/07/2024,,Open,PM,People Management,Direct,dt,1698,0,Rimu Group,Healthcare,47,0,1/10/2024
D204178,C104436,15/02/2025,,Open,ADD_ON_TKR,TKR Add-on,Direct,dinkster,844,0,Duncan Air Co.,Legal,5,0,1/06/2024
D204179,C104250,3/10/2024,10/12/2024,Closed Won,ADD_ON_TKR,TKR Add-on,Partners,mkoenen,652,0,Ohomairangi Group,Healthcare,55,0,1/01/2025
D204180,C101986,22/07/2024,12/08/2024,Closed Lost,PAYROLL_DIY,Payroll DIY,Partners,unassigned,2165,0,Kauri Holdings,Software,28,0,
D204181,C101233,25/11/2024,23/02/2025,Closed Lost,PAYROLL_DIY,Payroll DIY,Partners,dt,1296,0,Summit Partners,Retail,28,0,
D204182,C100752,18/01/2024,,Open,PAYROLL_MPS,Managed Payroll,Partners,mkoenen,1299,0,Kauri Group,Healthcare,68,0,1/11/2024
D204183,C101800,16/05/2025,3/08/2025,Closed Won,ADD_ON_TKR,TKR Add-on,Direct,awong,671,0,Tui Holdings,Legal,27,0,1/09/2025
D204184,C103870,18/10/2024,1/12/2024,Closed Lost,ADD_ON_TKR,TKR Add-on,Partners,dt,585,0,Nimbus Group,Software,28,0,
D204185,C101822,24/04/2025,14/05/2025,Closed Lost,PAYROLL_MPS,Managed Payroll,Partners,awong,2544,0,Duncan Air Pivot Holdings,Accounting,1,0,
D204186,C100892,22/03/2024,15/05/2024,Closed Lost,ADD_ON_TKR,TKR Add-on,Direct,awong,256,0,Atlas Limited,Manufacturing,39,1,
D204187,C101433,4/02/2024,22/04/2024,Closed Won,ADD_ON_TKR,TKR Add-on,Direct,shao,836,0,Eurotec Co.,Retail,16,1,1/06/2024
D204188,C104829,8/01/2025,24/03/2025,Closed Lost,PAYROLL_DIY,Payroll DIY,Direct,awong,3268,0,Summit Atlas Holdings,Retail,57,0,
D204189,C100780,18/05/2024,,Open,PM,People Management,Partners,unassigned,330,0,Wenita Group,Manufacturing,52,0,1/04/2024
D204190,C104686,15/12/2024,6/03/2025,Closed Lost,PAYROLL_MPS,Managed Payroll,Partners,unassigned,4606,0,Kea Limited,Retail,46,0,1/03/2025
D204191,C104319,1/08/2024,,Open,PAYROLL_DIY,Payroll DIY,Partners,unassigned,3017,0,Beta Partners,Retail,1,0,1/03/2024
D204192,C100465,22/11/2024,11/01/2025,Closed Won,PAYROLL_MPS,Managed Payroll,Direct,dinkster,7075,0,Kea Trust,Healthcare,26,0,1/02/2025
D204193,C100551,13/07/2024,,Open,PAYROLL_MPS,Managed Payroll,Direct,shao,4222,0,Summit Alpha Partners,Education,78,0,1/08/2025
D204194,C102741,6/04/2024,27/04/2024,Closed Lost,PM,People Management,Direct,shao,1121,0,Pivot Group,Software,2,0,
D204195,C102408,23/02/2025,2/04/2025,Closed Lost,PM,People Management,Partners,mkoenen,1269,0,Tui Summit Services,Retail,1,0,
D204196,C102875,13/10/2024,29/10/2024,Closed Won,PM,People Management,Partners,dinkster,579,0,Ohomairangi Group,Construction,23,0,1/12/2024
D204197,C101263,23/01/2025,23/02/2025,Closed Won,PAYROLL_MPS,Managed Payroll,Direct,unassigned,4477,0,Ohomairangi Harbour Partners,Retail,1,0,1/03/2025
D204198,C100074,4/10/2024,,Open,ADD_ON_TKR,TKR Add-on,Partners,dinkster,748,0,Alpha Rimu Services,Construction,1,0,1/07/2025
D204199,C100879,7/04/2025,13/04/2025,Closed Won,ADD_ON_TKR,TKR Add-on,Direct,mkoenen,1053,0,Nimbus Atlas Partners,Legal,7,1,1/04/2025
D204200,C103426,21/10/2024,13/01/2025,Closed Won,ADD_ON_TKR,TKR Add-on,Partners,shao,1198,0,Duncan Air Tui Group,Healthcare,55,0,1/02/2025
D204201,C101085,9/01/2025,9/04/2025,Closed Won,PAYROLL_DIY,Payroll DIY,Partners,dinkster,2240,0,Duncan Air Group,Software,29,0,1/05/2025
D204202,C103907,23/09/2024,21/11/2024,Closed Lost,PM,People Management,Direct,awong,1362,0,Nimbus Kea Trust,Education,40,0,
D204203,C104668,13/01/2025,26/02/2025,Closed Won,PM,People Management,Direct,shao,388,0,Wenita Trust,Software,30,0,1/04/2025
D204204,C103717,6/12/2024,28/01/2025,Closed Won,ADD_ON_TKR,TKR Add-on,Partners,dt_tmp,277,0,Summit Services,Manufacturing,27,0,1/02/2025
D204205,C102596,6/10/2024,16/10/2024,Closed Won,PAYROLL_DIY,Payroll DIY,Partners,dinkster,1362,0,Nimbus Ohomairangi Ltd,Legal,69,1,1/11/2024
D204206,C104321,4/06/2024,19/07/2024,Closed Won,ADD_ON_TKR,TKR Add-on,Direct,dt,501,0,Atlas Co.,Manufacturing,18,0,1/08/2024
D204207,C101509,7/08/2024,,Open,PM,People Management,Partners,dinkster,2408,0,Duncan Air Holdings,Education,1,0,1/02/2025
D204208,C102455,14/10/2024,15/12/2024,Closed Lost,PM,People Management,Partners,nobody,1968,0,Summit Kauri Group,Construction,44,0,
D204209,C103519,27/07/2024,21/10/2024,Closed Won,PM,People Management,Direct,mkoenen,577,0,Beta Harbour Holdings,Software,38,0,1/11/2024
D204210,C101181,5/11/2024,26/12/2024,Closed Lost,PAYROLL_MPS,Managed Payroll,Direct,dinkster,8169,0,Eurotec Summit Group,Software,1,0,
D204211,C103314,21/09/2024,23/11/2024,Closed Won,PAYROLL_DIY,Payroll DIY,Direct,unassigned,2857,0,Eurotec Kea Limited,Legal,23,1,1/12/2024
D204212,C101425,3/03/2024,7/03/2024,Closed Lost,PAYROLL_MPS,Managed Payroll,Direct,unassigned,4256,0,Eurotec Group,Education,21,0,
D204213,C102280,19/11/2024,14/01/2025,Closed Won,PAYROLL_MPS,Managed Payroll,Partners,dinkster,4836,0,Rimu Summit Group,Construction,29,0,1/02/2025
D204214,C103832,10/05/2024,,Open,PM,People Management,Partners,shao,1289,0,Pivot Limited,Software,8,0,1/01/2025
D204215,C100161,22/11/2024,30/11/2024,Closed Lost,PAYROLL_MPS,Managed Payroll,Direct,awong,6131,0,Eurotec Kea Holdings,Education,1,0,
D204216,C102336,6/02/2025,21/03/2025,Closed Won,PM,People Management,Partners,mkoenen,85,0,Summit Group,Software,20,0,1/03/2025
D204217,C103039,17/04/2025,2/05/2025,Closed Lost,PAYROLL_DIY,Payroll DIY,Direct,dt,3163,0,Eurotec Co.,Legal,54,0,
D204218,C102449,14/02/2024,2/04/2024,Closed Won,PM,People Management,Direct,dinkster,1548,0,Ohomairangi Trust,Healthcare,50,1,1/04/2024
D204219,C101528,23/04/2025,27/06/2025,Closed Won,PAYROLL_DIY,Payroll DIY,Direct,dinkster,2041,0,Harbour Partners,Healthcare,35,0,1/08/2025
D204220,C103627,13/07/2024,,Open,PAYROLL_MPS,Managed Payroll,Direct,dt,5716,0,Duncan Air Ltd,Retail,3,0,1/09/2025
D204221,C103368,1/05/2025,23/07/2025,Closed Won,PAYROLL_DIY,Payroll DIY,Direct,shao,2569,0,Summit Beta Holdings,Accounting,14,0,1/08/2025
D204222,C103656,27/06/2025,5/07/2025,Closed Lost,ADD_ON_TKR,TKR Add-on,Direct,mkoenen,873,0,Duncan Air Trust,Accounting,12,0,
D204223,C100731,21/05/2025,12/08/2025,Closed Won,PAYROLL_DIY,Payroll DIY,Partners,shao,2050,0,Wenita Services,Legal,53,0,1/08/2025
D204224,C104607,14/09/2024,,Open,PAYROLL_MPS,Managed Payroll,Direct,awong,1648,0,Kea Limited,Healthcare,13,0,1/09/2025
D204225,C103168,6/01/2024,7/02/2024,Closed Lost,ADD_ON_TKR,TKR Add-on,Partners,dt,390,0,Kauri Holdings,Manufacturing,32,1,
D204226,C104230,11/01/2025,7/03/2025,Closed Won,PM,People Management,Direct,shao,1524,0,Tui Harbour Limited,Healthcare,50,0,1/04/2025
D204227,C101987,9/11/2024,20/11/2024,Closed Won,PAYROLL_DIY,Payroll DIY,Partners,dinkster,1305,0,Duncan Air Wenita Services,Education,38,0,1/12/2024
D204228,C101939,28/03/2024,2/04/2024,Closed Won,PM,People Management,Partners,unassigned,902,0,Eurotec Services,Legal,46,0,1/05/2024
D204229,C102205,4/06/2025,17/07/2025,Closed Won,PAYROLL_DIY,Payroll DIY,Partners,awong,1534,0,Rimu Group,Software,1,0,1/07/2025
D204230,C101738,1/12/2024,27/02/2025,Closed Won,PM,People Management,Partners,shao,919,0,Ohomairangi Wenita Limited,Software,28,0,1/03/2025
D204231,C104433,15/07/2024,,Open,PAYROLL_DIY,Payroll DIY,Direct,dinkster,3334,0,Beta Kea Partners,Legal,23,0,1/09/2024
D204232,C102453,1/12/2024,21/12/2024,Closed Won,PM,People Management,Direct,awong,1577,0,Eurotec Trust,Legal,1,0,1/01/2025
D204233,C102152,6/03/2025,12/04/2025,Closed Won,PAYROLL_DIY,Payroll DIY,Partners,unassigned,1207,0,Summit Ltd,Accounting,82,0,1/05/2025
D204234,C102400,13/07/2024,4/09/2024,Closed Won,PAYROLL_MPS,Managed Payroll,Direct,dinkster,3749,0,Ohomairangi Beta Ltd,Healthcare,16,0,1/09/2024
D204235,C103081,18/06/2025,23/07/2025,Closed Lost,PAYROLL_DIY,Payroll DIY,Direct,nobody,2156,0,Nimbus Kea Partners,Healthcare,22,0,1/07/2025
D204236,C100783,13/03/2024,,Open,PAYROLL_MPS,Managed Payroll,Direct,unassigned,5948,0,Kea Summit Ltd,Retail,32,0,1/09/2025
D204237,C104277,10/07/2024,,Open,PAYROLL_DIY,Payroll DIY,Partners,dinkster,2403,0,Pivot Co.,Healthcare,1,0,1/01/2025
D204238,C100042,25/08/2024,17/11/2024,Closed Lost,ADD_ON_TKR,TKR Add-on,Direct,unassigned,776,0,Rimu Ltd,Construction,1,0,
D204239,C101156,26/06/2024,8/08/2024,Closed Won,ADD_ON_TKR,TKR Add-on,Direct,unassigned,72,0,Duncan Air Partners,Accounting,6,0,1/09/2024
D204240,C101361,6/01/2025,,Open,ADD_ON_TKR,TKR Add-on,Direct,mkoenen,153,0,Kea Ltd,Construction,27,0,1/06/2025
D204241,C103723,10/05/2024,23/05/2024,Closed Lost,PAYROLL_MPS,Managed Payroll,Direct,shao,942,0,Wenita Trust,Accounting,87,0,
D204242,C102625,6/01/2024,8/01/2024,Closed Lost,ADD_ON_TKR,TKR Add-on,Direct,awong,149,0,Duncan Air Group,Retail,1,1,
D204243,C101749,11/10/2024,21/11/2024,Closed Won,PAYROLL_DIY,Payroll DIY,Direct,mkoenen,3410,0,Beta Holdings,Manufacturing,14,0,1/12/2024
D204244,C101657,11/03/2025,,Open,PAYROLL_DIY,Payroll DIY,Direct,shao,1839,0,Harbour Trust,Manufacturing,29,0,1/08/2025
D204245,C100370,17/06/2024,,Open,PM,People Management,Direct,shao,1257,0,Harbour Ltd,Accounting,1,0,1/06/2025
D204246,C103461,15/04/2025,2/06/2025,Closed Lost,PM,People Management,Direct,dt,1336,0,Alpha Services,Healthcare,8,0,
D204247,C104916,16/03/2025,22/03/2025,Closed Won,PAYROLL_MPS,Managed Payroll,Direct,shao,3168,0,Eurotec Trust,Education,26,0,1/03/2025
D204248,C102425,3/02/2024,,Open,PAYROLL_DIY,Payroll DIY,Direct,mkoenen,1767,0,Wenita Trust,Healthcare,13,0,1/04/2024
D204249,C103076,19/02/2024,15/03/2024,Closed Won,PAYROLL_MPS,Managed Payroll,Partners,awong,4519,0,Duncan Air Duncan Air Partners,Legal,1,1,1/04/2024
D204250,C104665,20/12/2024,24/02/2025,Closed Won,ADD_ON_TKR,TKR Add-on,Direct,mkoenen,796,0,Kauri Harbour Trust,Construction,54,0,1/03/2025
D204251,C102715,18/05/2025,30/07/2025,Closed Lost,ADD_ON_TKR,TKR Add-on,Partners,shao,918,0,Kauri Services,Retail,75,0,
D204252,C103962,23/05/2024,22/06/2024,Closed Won,ADD_ON_TKR,TKR Add-on,Direct,dt,1191,0,Eurotec Beta Holdings,Education,34,0,1/07/2024
D204253,C104231,4/03/2025,27/05/2025,Closed Won,ADD_ON_TKR,TKR Add-on,Partners,unassigned,1527,0,Harbour Group,Retail,1,0,1/06/2025
D204254,C104795,26/06/2024,20/07/2024,Closed Won,PAYROLL_MPS,Managed Payroll,Direct,shao,2189,0,Kea Partners,Software,31,1,1/08/2024
D204255,C101969,4/03/2024,18/04/2024,Closed Won,PM,People Management,Direct,shao,865,0,Eurotec Kea Limited,Legal,41,0,1/05/2024
D204256,C103191,12/11/2024,14/01/2025,Closed Lost,PAYROLL_DIY,Payroll DIY,Partners,mkoenen,3120,0,Nimbus Co.,Legal,31,1,
D204257,C100744,3/03/2025,5/05/2025,Closed Won,PAYROLL_MPS,Managed Payroll,Partners,awong,4175,0,Atlas Kauri Group,Legal,1,0,1/06/2025
D204258,C100515,19/08/2024,14/09/2024,Closed Won,ADD_ON_TKR,TKR Add-on,Direct,dinkster,442,0,Harbour Ltd,Healthcare,59,0,1/10/2024
D204259,C100766,14/12/2024,31/01/2025,Closed Won,ADD_ON_TKR,TKR Add-on,Direct,nobody,1590,0,Wenita Ltd,Education,29,0,1/02/2025
D204260,C102485,30/01/2025,6/02/2025,Closed Won,ADD_ON_TKR,TKR Add-on,Direct,dt,818,0,Beta Partners,Healthcare,29,0,1/03/2025
D204261,C101393,18/02/2025,24/03/2025,Closed Won,PAYROLL_DIY,Payroll DIY,Partners,mkoenen,1308,0,Duncan Air Co.,Healthcare,1,0,1/04/2025
D204262,C102035,23/06/2024,,Open,PAYROLL_MPS,Managed Payroll,Partners,unassigned,6576,0,Wenita Tui Trust,Accounting,44,0,1/05/2025
D204263,C104928,22/03/2024,,Open,PAYROLL_MPS,Managed Payroll,Partners,awong,5636,0,Kauri Duncan Air Co.,Accounting,67,0,1/07/2024
D204264,C101766,6/07/2024,21/07/2024,Closed Won,PM,People Management,Partners,awong,1256,0,Kea Trust,Education,1,0,1/08/2024
D204265,C103562,27/03/2024,20/04/2024,Closed Won,PAYROLL_DIY,Payroll DIY,Direct,dt,3249,0,Atlas Co.,Education,85,0,1/06/2024
D204266,C104246,30/08/2024,18/10/2024,Closed Won,PAYROLL_DIY,Payroll DIY,Direct,unassigned,2172,0,Summit Limited,Construction,11,0,1/11/2024
D204267,C101685,15/07/2024,20/07/2024,Closed Won,ADD_ON_TKR,TKR Add-on,Partners,dt,411,1,Kauri Group,Legal,1,0,1/08/2024
D204268,C102207,30/01/2025,8/04/2025,Closed Won,PAYROLL_DIY,Payroll DIY,Partners,dt,722,0,Alpha Partners,Construction,12,0,1/05/2025
D204269,C104520,23/03/2024,4/06/2024,Closed Won,PAYROLL_DIY,Payroll DIY,Direct,awong,21,0,Duncan Air Partners,Software,34,0,1/06/2024
D204270,C103764,10/08/2024,4/10/2024,Closed Lost,PAYROLL_MPS,Managed Payroll,Partners,dinkster,2509,0,Duncan Air Ltd,Software,12,0,
D204271,C104852,30/11/2024,20/12/2024,Closed Lost,PAYROLL_MPS,Managed Payroll,Partners,unassigned_tmp,5383,0,Tui Partners,Accounting,64,0,
D204272,C102630,25/01/2025,9/02/2025,Closed Won,ADD_ON_TKR,TKR Add-on,Direct,unassigned,1231,0,Ohomairangi Services,Construction,44,0,1/03/2025
D204273,C104463,7/11/2024,1/02/2025,Closed Lost,PAYROLL_DIY,Payroll DIY,Partners,dinkster,187,0,Pivot Alpha Holdings,Legal,17,0,
D204274,C102298,24/10/2024,31/12/2024,Closed Won,ADD_ON_TKR,TKR Add-on,Direct,dinkster,911,0,Harbour Group,Construction,44,0,1/01/2025
D204275,C102771,13/01/2024,20/03/2024,Closed Won,PAYROLL_MPS,Managed Payroll,Direct,dinkster,7288,0,Nimbus Rimu Co.,Retail,64,0,1/04/2024
D204276,C104906,8/03/2024,,Open,PM,People Management,Direct,shao,905,0,Wenita Partners,Legal,1,0,1/10/2024
D204277,C100035,27/04/2025,1/07/2025,Closed Won,ADD_ON_TKR,TKR Add-on,Partners,unassigned,1382,1,Pivot Ltd,Construction,1,0,1/07/2025
D204278,C100452,21/04/2025,3/07/2025,Closed Lost,PAYROLL_DIY,Payroll DIY,Direct,unassigned,2285,0,Eurotec Beta Co.,Legal,50,0,
D204279,C104430,1/03/2024,21/04/2024,Closed Won,ADD_ON_TKR,TKR Add-on,Partners,dinkster,1346,0,Nimbus Services,Education,82,0,1/05/2024
D204280,C102547,7/06/2025,1/07/2025,Closed Won,ADD_ON_TKR,TKR Add-on,Direct,awong,751,0,Nimbus Ltd,Manufacturing,18,0,1/07/2025
D204281,C102717,13/06/2025,18/08/2025,Closed Won,PAYROLL_DIY,Payroll DIY,Partners,mkoenen,163,0,Kea Kauri Holdings,Legal,1,0,1/09/2025
D204282,C101829,2/02/2024,28/03/2024,Closed Won,ADD_ON_TKR,TKR Add-on,Partners,shao,1354,0,Atlas Atlas Ltd,Education,1,0,1/05/2024
D204283,C103574,26/04/2025,20/05/2025,Closed Won,PAYROLL_MPS,Managed Payroll,Partners,dt,5207,0,Tui Nimbus Group,Accounting,34,0,1/06/2025
D204284,C104218,2/10/2024,11/11/2024,Closed Won,PAYROLL_MPS,Managed Payroll,Partners,shao,8084,0,Pivot Beta Trust,Education,1,0,1/11/2024
D204285,C104191,24/05/2025,27/07/2025,Closed Won,ADD_ON_TKR,TKR Add-on,Direct,dinkster,335,0,Pivot Harbour Ltd,Software,8,0,1/08/2025
D204286,C102214,27/06/2024,14/08/2024,Closed Won,PAYROLL_MPS,Managed Payroll,Partners,mkoenen,4566,0,Kea Services,Healthcare,19,0,1/08/2024
D204287,C101855,3/12/2024,25/02/2025,Closed Lost,ADD_ON_TKR,TKR Add-on,Partners,dinkster,904,0,Beta Trust,Software,47,0,
D204288,C100653,25/05/2025,8/08/2025,Closed Lost,ADD_ON_TKR,TKR Add-on,Partners,mkoenen,1091,0,Harbour Limited,Accounting,43,0,
D204289,C103592,8/01/2025,21/02/2025,Closed Lost,ADD_ON_TKR,TKR Add-on,Partners,mkoenen,1089,0,Ohomairangi Partners,Construction,1,0,
D204290,C100277,20/01/2024,16/02/2024,Closed Won,PAYROLL_DIY,Payroll DIY,Direct,mkoenen,1630,0,Tui Nimbus Limited,Healthcare,67,0,1/03/2024
D204291,C103844,22/05/2024,,Open,PAYROLL_MPS,Managed Payroll,Direct,dinkster,4898,0,Pivot Trust,Software,1,0,1/09/2025
D204292,C104931,2/03/2024,29/03/2024,Closed Won,ADD_ON_TKR,TKR Add-on,Partners,mkoenen,1123,0,Summit Group,Healthcare,6,1,1/04/2024
D204293,C100359,23/12/2024,6/01/2025,Closed Won,PAYROLL_MPS,Managed Payroll,Partners,shao,1624,0,Summit Pivot Partners,Manufacturing,38,0,1/02/2025
D204294,C100830,15/03/2025,16/05/2025,Closed Lost,ADD_ON_TKR,TKR Add-on,Direct,awong,90,0,Harbour Group,Construction,20,0,
D204295,C104514,26/02/2024,23/03/2024,Closed Won,PAYROLL_MPS,Managed Payroll,Partners,dt,2268,0,Kea Services,Software,31,1,1/04/2024
D204296,C104211,19/03/2025,,Open,PAYROLL_DIY,Payroll DIY,Direct,awong,2783,0,Pivot Trust,Retail,1,0,1/04/2025
D204297,C104867,14/04/2024,,Open,ADD_ON_TKR,TKR Add-on,Partners,awong,1102,0,Kea Trust,Legal,108,0,1/02/2025
D204298,C104125,4/05/2024,30/06/2024,Closed Won,PAYROLL_MPS,Managed Payroll,Partners,dinkster,2198,0,Rimu Ltd,Software,38,0,1/07/2024
D204299,C100021,14/01/2025,,Open,PAYROLL_MPS,Managed Payroll,Direct,dinkster,4021,0,Pivot Holdings,Healthcare,24,0,1/05/2024
D204300,C104469,5/10/2024,24/11/2024,Closed Won,ADD_ON_TKR,TKR Add-on,Partners,unassigned,295,0,Ohomairangi Co.,Retail,1,0,1/12/2024
D204301,C104721,15/02/2025,19/03/2025,Closed Won,PAYROLL_MPS,Managed Payroll,Partners,mkoenen,4097,0,Pivot Ohomairangi Partners,Retail,16,0,1/04/2025
D204302,C103904,27/03/2024,22/06/2024,Closed Won,PAYROLL_MPS,Managed Payroll,Direct,shao,5035,0,Tui Co.,Construction,1,0,1/06/2024
D204303,C100638,13/04/2025,9/05/2025,Closed Lost,ADD_ON_TKR,TKR Add-on,Partners,dt,930,0,Duncan Air Group,Accounting,40,1,
D204304,C102211,3/02/2025,1/04/2025,Closed Lost,PAYROLL_DIY,Payroll DIY,Partners,dt,2233,0,Pivot Services,Manufacturing,37,0,
D204305,C103842,6/08/2024,23/08/2024,Closed Won,PAYROLL_DIY,Payroll DIY,Partners,dt,1328,0,Beta Partners,Construction,7,0,1/09/2024
D204306,C101149,17/04/2024,15/07/2024,Closed Lost,PAYROLL_DIY,Payroll DIY,Partners,shao,1712,0,Summit Group,Software,21,1,
D204307,C104241,17/03/2024,18/03/2024,Closed Won,PAYROLL_DIY,Payroll DIY,Partners,dt,2171,0,Atlas Kauri Group,Education,10,0,1/04/2024
D204308,C104974,6/06/2025,10/07/2025,Closed Won,PAYROLL_MPS,Managed Payroll,Partners,shao,3738,0,Atlas Harbour Partners,Education,29,0,1/07/2025
D204309,C100944,9/05/2024,16/07/2024,Closed Won,PAYROLL_DIY,Payroll DIY,Direct,unassigned,897,0,Rimu Partners,Healthcare,23,1,1/08/2024
D204310,C103945,8/06/2025,11/08/2025,Closed Lost,PAYROLL_MPS,Managed Payroll,Partners,shao,2335,0,Eurotec Beta Co.,Healthcare,24,0,
D204311,C103823,10/12/2024,26/01/2025,Closed Won,ADD_ON_TKR,TKR Add-on,Direct,mkoenen,0,0,Ohomairangi Trust,Healthcare,19,1,1/02/2025
D204312,C103630,14/07/2024,27/08/2024,Closed Won,ADD_ON_TKR,TKR Add-on,Direct,shao,584,0,Kea Tui Ltd,Construction,14,0,1/10/2024
D204313,C102871,3/08/2024,1/10/2024,Closed Won,ADD_ON_TKR,TKR Add-on,Direct,awong,755,0,Eurotec Pivot Ltd,Retail,1,0,1/10/2024
D204314,C103987,9/06/2025,9/07/2025,Closed Won,ADD_ON_TKR,TKR Add-on,Partners,awong,877,0,Tui Limited,Accounting,48,0,1/08/2025
D204315,C101374,17/05/2025,,Open,PAYROLL_MPS,Managed Payroll,Partners,awong,3168,0,Atlas Alpha Limited,Software,42,0,1/08/2025
D204316,C100489,4/04/2024,3/05/2024,Closed Won,PAYROLL_MPS,Managed Payroll,Direct,shao,8667,0,Kea Harbour Ltd,Manufacturing,2,0,1/06/2024
D204317,C101416,12/05/2025,,Open,ADD_ON_TKR,TKR Add-on,Partners,mkoenen,634,0,Summit Holdings,Education,36,0,1/12/2024
D204318,C101657,15/05/2025,13/06/2025,Closed Won,ADD_ON_TKR,TKR Add-on,Direct,awong,385,0,Harbour Trust,Manufacturing,29,0,1/07/2025
D204319,C103359,13/09/2024,,Open,PAYROLL_MPS,Managed Payroll,Direct,dt,5243,0,Eurotec Group,Healthcare,51,0,1/06/2024
D204320,C102146,30/12/2024,30/03/2025,Closed Lost,PAYROLL_MPS,Managed Payroll,Partners,shao,1226,0,Atlas Limited,Legal,12,0,
D204321,C102274,15/06/2025,,Open,PAYROLL_DIY,Payroll DIY,Direct,dt,1390,0,Kea Co.,Accounting,1,0,1/05/2025
D204322,C103548,1/06/2025,,Open,PAYROLL_MPS,Managed Payroll,Direct,dinkster,5741,0,Alpha Harbour Group,Manufacturing,1,0,1/09/2024
D204323,C102817,20/01/2025,20/04/2025,Closed Won,PM,People Management,Direct,dinkster,1375,0,Nimbus Trust,Construction,69,0,1/04/2025
D204324,C101065,6/03/2024,,Open,PM,People Management,Direct,shao,1198,0,Nimbus Beta Limited,Accounting,54,0,1/04/2024
D204325,C100386,2/07/2025,14/07/2025,Closed Won,PAYROLL_MPS,Managed Payroll,Direct,awong,7884,0,Alpha Tui Services,Legal,25,0,1/08/2025
D204326,C104528,4/01/2024,4/02/2024,Closed Lost,PM,People Management,Direct,mkoenen,978,0,Kea Wenita Partners,Legal,61,0,
D204327,C100017,23/03/2024,,Open,ADD_ON_TKR,TKR Add-on,Direct,mkoenen,1342,0,Atlas Harbour Limited,Retail,1,0,1/12/2024
D204328,C104332,21/04/2025,4/06/2025,Closed Won,ADD_ON_TKR,TKR Add-on,Direct,mkoenen,1061,0,Pivot Ohomairangi Trust,Healthcare,3,0,1/06/2025
D204329,C100660,18/01/2024,9/02/2024,Closed Won,PAYROLL_DIY,Payroll DIY,Direct,shao,2500,0,Wenita Partners,Education,1,0,1/02/2024
D204330,C101997,20/01/2025,21/01/2025,Closed Won,PAYROLL_MPS,Managed Payroll,Direct,dinkster,1815,0,Kea Holdings,Manufacturing,82,0,1/03/2025
D204331,C101449,29/12/2024,12/02/2025,Closed Won,PM,People Management,Direct,unassigned,695,0,Beta Holdings,Construction,20,0,1/03/2025
D204332,C101773,9/12/2024,,Open,PAYROLL_MPS,Managed Payroll,Direct,dt,2561,0,Harbour Services,Accounting,65,0,1/04/2024
D204333,C103976,6/03/2025,25/04/2025,Closed Won,PAYROLL_MPS,Managed Payroll,Direct,shao,6889,0,Eurotec Limited,Manufacturing,74,0,1/05/2025
D204334,C103254,2/01/2024,3/01/2024,Closed Won,PAYROLL_DIY,Payroll DIY,Partners,unassigned,1482,0,Pivot Holdings,Accounting,12,0,1/01/2024
D204335,C100448,12/04/2025,3/05/2025,Closed Won,PAYROLL_MPS,Managed Payroll,Direct,dinkster,5106,0,Wenita Limited,Construction,1,0,1/06/2025
D204336,C101123,17/06/2025,,Open,PAYROLL_DIY,Payroll DIY,Partners,unassigned,1220,0,Duncan Air Kauri Services,Legal,54,0,1/01/2025
D204337,C101246,10/05/2025,25/05/2025,Closed Won,PAYROLL_MPS,Managed Payroll,Partners,unassigned,6048,0,Alpha Ltd,Manufacturing,4,0,1/07/2025
D204338,C102595,3/11/2024,,Open,ADD_ON_TKR,TKR Add-on,Partners,awong,1019,0,Kauri Trust,Legal,1,0,1/11/2024
D204339,C101356,1/05/2024,1/06/2024,Closed Lost,PAYROLL_MPS,Managed Payroll,Partners,dt,5546,0,Alpha Kea Holdings,Construction,36,0,
D204340,C101044,12/05/2024,,Open,PAYROLL_DIY,Payroll DIY,Partners,unassigned,1939,0,Ohomairangi Tui Trust,Software,1,1,1/03/2024
D204341,C100686,27/04/2024,,Open,PAYROLL_MPS,Managed Payroll,Partners,dt,6242,0,Rimu Group,Retail,33,0,1/05/2024
D204342,C104280,18/02/2024,8/05/2024,Closed Won,PAYROLL_MPS,Managed Payroll,Partners,unassigned,3715,1,Summit Limited,Education,1,0,1/06/2024
D204343,C102018,28/06/2025,4/09/2025,Closed Won,PAYROLL_MPS,Managed Payroll,Direct,dinkster,5785,0,Kauri Group,Healthcare,8,0,1/09/2025
D204344,C101400,1/05/2025,22/05/2025,Closed Lost,PM,People Management,Partners,shao,1425,0,Eurotec Rimu Trust,Retail,1,0,
D204345,C101750,24/06/2024,4/07/2024,Closed Won,PM,People Management,Partners,awong,1641,0,Wenita Duncan Air Limited,Software,105,0,1/08/2024
D204346,C104657,26/01/2025,18/04/2025,Closed Won,PAYROLL_DIY,Payroll DIY,Direct,unassigned,1709,0,Nimbus Ltd,Education,1,0,1/04/2025
D204347,C104142,18/01/2025,19/03/2025,Closed Won,PAYROLL_DIY,Payroll DIY,Direct,shao,1551,0,Beta Limited,Legal,70,1,1/03/2025
D204348,C101846,4/02/2024,18/02/2024,Closed Won,PAYROLL_MPS,Managed Payroll,Direct,mkoenen,0,0,Duncan Air Partners,Construction,4,0,1/03/2024
D204349,C102356,9/06/2025,29/06/2025,Closed Won,ADD_ON_TKR,TKR Add-on,Partners,unassigned,1133,0,Rimu Group,Software,1,0,1/07/2025
D204350,C104833,25/02/2025,26/03/2025,Closed Won,PAYROLL_MPS,Managed Payroll,Direct,shao,2678,0,Rimu Ltd,Healthcare,76,0,1/04/2025
D204351,C101944,3/08/2024,6/09/2024,Closed Won,ADD_ON_TKR,TKR Add-on,Direct,mkoenen,807,0,Kea Ltd,Legal,24,0,1/10/2024
D204352,C102617,25/05/2025,1/06/2025,Closed Lost,ADD_ON_TKR,TKR Add-on,Partners,dt,1535,0,Ohomairangi Ltd,Accounting,23,0,
D204353,C102899,27/01/2024,17/03/2024,Closed Won,ADD_ON_TKR,TKR Add-on,Direct,dt,1056,0,Beta Limited,Retail,40,0,1/03/2024
D204354,C100371,14/03/2024,,Open,PM,People Management,Direct,unassigned,592,0,Ohomairangi Wenita Co.,Healthcare,20,0,1/12/2024
D204355,C101480,16/07/2024,20/07/2024,Closed Lost,PAYROLL_MPS,Managed Payroll,Partners,dinkster,6472,0,Kea Holdings,Construction,16,0,
D204356,C103308,16/07/2024,3/10/2024,Closed Won,PM,People Management,Direct,dinkster,1006,0,Eurotec Holdings,Retail,1,0,1/10/2024
D204357,C103292,20/04/2024,26/04/2024,Closed Lost,PM,People Management,Direct,dinkster,1256,0,Wenita Tui Co.,Legal,35,0,1/06/2024
D204358,C102490,2/04/2024,25/06/2024,Closed Won,ADD_ON_TKR,TKR Add-on,Partners,dt,503,0,Summit Limited,Education,60,0,1/07/2024
D204359,C102175,3/06/2025,18/06/2025,Closed Won,PAYROLL_MPS,Managed Payroll,Direct,awong,2986,0,Kauri Duncan Air Services,Construction,58,0,1/07/2025
D204360,C100857,24/03/2025,18/05/2025,Closed Lost,PAYROLL_MPS,Managed Payroll,Partners,unassigned,7450,0,Tui Services,Manufacturing,11,0,
D204361,C104301,1/07/2024,25/09/2024,Closed Won,PAYROLL_MPS,Managed Payroll,Direct,shao,4677,0,Ohomairangi Partners,Retail,34,0,1/10/2024
D204362,C104743,26/03/2024,8/06/2024,Closed Won,PAYROLL_MPS,Managed Payroll,Direct,unassigned,5249,0,Ohomairangi Trust,Manufacturing,41,0,1/06/2024
D204363,C100510,8/06/2025,23/07/2025,Closed Won,PAYROLL_MPS,Managed Payroll,Direct,mkoenen,7575,0,Duncan Air Group,Construction,58,0,1/09/2025
D204364,C101721,21/04/2025,29/06/2025,Closed Won,PAYROLL_DIY,Payroll DIY,Partners,shao,576,0,Ohomairangi Holdings,Manufacturing,30,0,1/07/2025
D204365,C101641,30/09/2024,,Open,ADD_ON_TKR,TKR Add-on,Partners,mkoenen,1066,0,Atlas Trust,Software,44,0,1/01/2025
D204366,C102921,14/09/2024,29/10/2024,Closed Won,PM,People Management,Partners,mkoenen,1906,0,Kea Wenita Co.,Software,23,0,1/11/2024
D204367,C100107,16/04/2024,,Open,ADD_ON_TKR,TKR Add-on,Partners,shao,1019,0,Harbour Partners,Legal,62,0,1/08/2024
D204368,C100121,28/05/2024,28/07/2024,Closed Lost,PAYROLL_MPS,Managed Payroll,Partners,shao,5281,0,Atlas Holdings,Retail,1,0,
D204369,C103559,25/04/2025,7/05/2025,Closed Won,PM,People Management,Direct,dinkster,1544,0,Tui Group,Healthcare,65,0,1/06/2025
D204370,C104053,13/06/2024,24/08/2024,Closed Won,ADD_ON_TKR,TKR Add-on,Direct,unassigned,1074,0,Kea Holdings,Construction,28,0,1/09/2024
D204371,C100759,21/04/2025,21/06/2025,Closed Lost,PAYROLL_MPS,Managed Payroll,Direct,dinkster,3275,0,Eurotec Ltd,Legal,73,0,
D204372,C101266,7/12/2024,16/02/2025,Closed Won,PM,People Management,Partners,mkoenen,1634,0,Atlas Trust,Education,28,0,1/03/2025
D204373,C103869,7/10/2024,,Open,PAYROLL_MPS,Managed Payroll,Partners,dt,2331,0,Kea Services,Legal,59,0,1/04/2025
D204374,C100959,28/06/2025,1/09/2025,Closed Won,PAYROLL_DIY,Payroll DIY,Partners,dt,1190,0,Beta Holdings,Accounting,29,0,1/10/2025
D204375,C101845,21/04/2025,1/07/2025,Closed Won,ADD_ON_TKR,TKR Add-on,Direct,dinkster,628,0,Alpha Ltd,Retail,11,0,1/07/2025
D204376,C104727,20/08/2024,6/10/2024,Closed Won,PAYROLL_MPS,Managed Payroll,Partners,awong,1982,0,Alpha Ltd,Education,26,0,1/11/2024
D204377,C104195,6/06/2024,24/08/2024,Closed Won,PAYROLL_DIY,Payroll DIY,Partners,unassigned,2566,0,Harbour Atlas Co.,Healthcare,27,0,1/09/2024
D204378,C103715,22/01/2024,12/04/2024,Closed Won,PAYROLL_MPS,Managed Payroll,Direct,dt,2767,0,Beta Co.,Accounting,69,0,1/04/2024
D204379,C104131,13/06/2024,,Open,ADD_ON_TKR,TKR Add-on,Partners,dinkster,1506,0,Kauri Holdings,Manufacturing,32,0,1/09/2024
D204380,C103244,9/05/2025,22/07/2025,Closed Won,PAYROLL_MPS,Managed Payroll,Direct,awong,6347,0,Harbour Services,Accounting,1,0,1/08/2025
D204381,C100592,14/01/2024,7/02/2024,Closed Won,ADD_ON_TKR,TKR Add-on,Direct,dt,983,0,Atlas Beta Limited,Software,32,0,1/03/2024
D204382,C102161,25/01/2025,11/03/2025,Closed Lost,PAYROLL_DIY,Payroll DIY,Partners,dinkster,2458,0,Kea Services,Retail,41,0,
D204383,C101027,15/09/2024,21/10/2024,Closed Won,PAYROLL_DIY,Payroll DIY,Direct,mkoenen,1164,0,Kea Kea Group,Legal,44,0,1/11/2024
D204384,C102509,14/12/2024,16/02/2025,Closed Won,ADD_ON_TKR,TKR Add-on,Direct,dinkster,940,0,Kea Kauri Group,Construction,84,0,1/03/2025
D204385,C103102,3/08/2024,18/08/2024,Closed Lost,PAYROLL_DIY,Payroll DIY,Direct,unassigned,2060,0,Eurotec Harbour Group,Retail,6,0,
D204386,C102762,6/06/2024,29/07/2024,Closed Won,ADD_ON_TKR,TKR Add-on,Partners,awong,801,0,Duncan Air Limited,Accounting,32,0,1/08/2024
D204387,C102168,13/07/2024,8/09/2024,Closed Won,PAYROLL_MPS,Managed Payroll,Direct,unassigned,4110,0,Alpha Ltd,Retail,37,0,1/09/2024
D204388,C102599,27/04/2024,5/05/2024,Closed Lost,ADD_ON_TKR,TKR Add-on,Direct,dt,733,0,Eurotec Group,Construction,1,0,
D204389,C102291,24/04/2025,,Open,PAYROLL_DIY,Payroll DIY,Partners,unassigned,4277,0,Ohomairangi Holdings,Education,33,0,1/05/2024
D204390,C102939,9/12/2024,16/12/2024,Closed Won,ADD_ON_TKR,TKR Add-on,Direct,dinkster,263,0,Pivot Limited,Software,42,1,1/01/2025
D204391,C104841,28/05/2024,,Open,PM,People Management,Partners,mkoenen,2038,0,Kea Limited,Accounting,40,1,1/09/2024
D204392,C104813,10/07/2024,2/08/2024,Closed Lost,PAYROLL_DIY,Payroll DIY,Direct,awong,2845,0,Rimu Group,Legal,63,0,
D204393,C100976,30/03/2025,22/04/2025,Closed Won,ADD_ON_TKR,TKR Add-on,Partners,dt,311,0,Beta Trust,Healthcare,25,0,1/06/2025
D204394,C104191,1/07/2025,,Open,PM,People Management,Direct,dt,681,0,Pivot Harbour Ltd,Software,8,0,1/04/2024
D204395,C100918,12/06/2025,,Open,PM,People Management,Direct,unassigned,1608,0,Ohomairangi Partners,Retail,83,0,1/08/2024
D204396,C102847,26/02/2024,28/02/2024,Closed Won,PM,People Management,Partners,dt,321,0,Duncan Air Ltd,Legal,11,0,1/03/2024
D204397,C104298,4/04/2024,24/05/2024,Closed Won,PAYROLL_MPS,Managed Payroll,Partners,unassigned,169,0,Beta Services,Construction,54,0,1/07/2024
D204398,C100414,18/07/2024,11/10/2024,Closed Lost,ADD_ON_TKR,TKR Add-on,Partners,awong,216,0,Eurotec Wenita Limited,Construction,36,0,
D204399,C102798,23/05/2025,2/08/2025,Closed Won,PM,People Management,Direct,shao,198,1,Beta Alpha Trust,Legal,98,0,1/09/2025
D204400,C103313,27/02/2025,17/03/2025,Closed Won,PAYROLL_MPS,Managed Payroll,Partners,dt,4275,0,Kauri Co.,Retail,1,0,1/04/2025
D204401,C104768,27/09/2024,5/10/2024,Closed Won,PM,People Management,Partners,unassigned,886,0,Beta Ltd,Retail,9,0,1/11/2024
D204402,C104696,1/02/2025,,Open,PM,People Management,Direct,nobody,766,0,Summit Limited,Retail,5,0,1/07/2025
D204403,C102857,2/05/2024,24/07/2024,Closed Won,PAYROLL_MPS,Managed Payroll,Partners,shao,6442,0,Rimu Co.,Software,13,0,1/08/2024
D204404,C100726,2/11/2024,26/11/2024,Closed Won,PAYROLL_MPS,Managed Payroll,Partners,dt,5355,0,Atlas Services,Accounting,28,1,1/01/2025
D204405,C100141,9/02/2025,5/04/2025,Closed Lost,ADD_ON_TKR,TKR Add-on,Partners,dinkster,171,0,Harbour Services,Legal,36,0,
D204406,C103780,28/01/2024,18/04/2024,Closed Won,PAYROLL_DIY,Payroll DIY,Direct,shao,1012,0,Nimbus Holdings,Construction,4,0,1/05/2024
D204407,C103371,17/06/2024,15/08/2024,Closed Lost,PAYROLL_MPS,Managed Payroll,Direct,unassigned,1637,0,Wenita Trust,Retail,62,0,
D204408,C102858,5/02/2025,25/02/2025,Closed Won,PAYROLL_DIY,Payroll DIY,Direct,shao_tmp,182,0,Nimbus Trust,Construction,6,0,1/03/2025
D204409,C104725,13/10/2024,18/10/2024,Closed Won,ADD_ON_TKR,TKR Add-on,Direct,shao,847,0,Tui Atlas Ltd,Healthcare,11,0,1/10/2024
D204410,C100804,14/03/2025,3/05/2025,Closed Won,PAYROLL_DIY,Payroll DIY,Direct,unassigned,2430,0,Nimbus Co.,Education,20,0,1/05/2025
D204411,C102890,16/04/2025,2/06/2025,Closed Won,PAYROLL_MPS,Managed Payroll,Direct,unassigned,1416,0,Tui Services,Legal,21,0,1/07/2025
D204412,C100327,16/06/2024,,Open,PAYROLL_MPS,Managed Payroll,Direct,dt,3712,0,Wenita Trust,Construction,53,0,1/07/2024
D204413,C100237,12/06/2025,31/07/2025,Closed Lost,PAYROLL_MPS,Managed Payroll,Direct,mkoenen,4971,0,Wenita Limited,Manufacturing,36,0,
D204414,C101161,31/03/2025,,Open,PAYROLL_DIY,Payroll DIY,Direct,shao,0,0,Wenita Limited,Retail,1,0,1/09/2025
D204415,C100838,26/05/2025,,Open,ADD_ON_TKR,TKR Add-on,Direct,awong,614,0,Ohomairangi Trust,Healthcare,27,0,1/08/2025
D204416,C103998,30/03/2024,17/04/2024,Closed Lost,PAYROLL_DIY,Payroll DIY,Direct,shao,2065,0,Summit Limited,Accounting,67,0,
D204417,C102349,5/11/2024,,Open,PAYROLL_MPS,Managed Payroll,Partners,awong,3373,0,Tui Ltd,Manufacturing,50,0,1/03/2025
D204418,C102569,7/06/2024,19/08/2024,Closed Won,PAYROLL_MPS,Managed Payroll,Partners,unassigned,0,0,Duncan Air Partners,Accounting,1,0,1/09/2024
D204419,C101584,10/07/2024,,Open,PAYROLL_DIY,Payroll DIY,Partners,dt,4310,0,Eurotec Services,Healthcare,99,0,1/09/2025
D204420,C104351,7/01/2025,10/02/2025,Closed Won,PAYROLL_MPS,Managed Payroll,Partners,mkoenen,4659,0,Ohomairangi Ohomairangi Ltd,Legal,15,0,1/03/2025
D204421,C100927,2/11/2024,25/11/2024,Closed Lost,PAYROLL_DIY,Payroll DIY,Direct,dt,2352,0,Atlas Wenita Limited,Manufacturing,21,0,
D204422,C104071,1/07/2025,7/07/2025,Closed Won,PM,People Management,Partners,mkoenen,1362,0,Eurotec Group,Software,1,0,1/07/2025
D204423,C101024,1/01/2025,3/03/2025,Closed Won,PAYROLL_DIY,Payroll DIY,Partners,unassigned,3975,0,Duncan Air Kauri Trust,Healthcare,81,0,1/03/2025
D204424,C102781,2/03/2024,26/04/2024,Closed Won,ADD_ON_TKR,TKR Add-on,Direct,dinkster,620,1,Beta Duncan Air Group,Accounting,88,0,1/05/2024
D204425,C102086,12/06/2024,21/06/2024,Closed Won,PAYROLL_DIY,Payroll DIY,Direct,mkoenen,2747,0,Rimu Group,Legal,49,0,1/07/2024
D204426,C104580,8/02/2024,17/02/2024,Closed Won,ADD_ON_TKR,TKR Add-on,Partners,mkoenen,521,0,Beta Tui Ltd,Construction,46,0,1/03/2024
D204427,C104481,27/02/2024,14/03/2024,Closed Lost,PAYROLL_MPS,Managed Payroll,Partners,unassigned,5881,0,Nimbus Nimbus Services,Retail,38,0,
D204428,C101785,10/07/2024,,Open,PAYROLL_DIY,Payroll DIY,Partners,unassigned,-2113,0,Pivot Partners,Construction,46,0,1/07/2024
D204429,C101061,19/10/2024,,Open,PAYROLL_DIY,Payroll DIY,Partners,awong,2679,0,Alpha Eurotec Ltd,Software,29,0,1/04/2024
D204430,C101076,29/05/2025,,Open,PAYROLL_DIY,Payroll DIY,Partners,shao,1441,0,Kea Holdings,Retail,66,0,1/09/2025
D204431,C104502,8/05/2024,2/08/2024,Closed Won,PM,People Management,Direct,dinkster,1349,0,Kea Co.,Software,10,0,1/09/2024
D204432,C103403,22/04/2025,,Open,PM,People Management,Direct,mkoenen,2250,0,Atlas Holdings,Education,1,0,1/07/2025
D204433,C102369,10/02/2025,17/04/2025,Closed Won,PAYROLL_DIY,Payroll DIY,Partners,unassigned,1383,0,Duncan Air Trust,Education,1,0,1/05/2025
D204434,C103904,24/03/2024,,Open,PM,People Management,Direct,dt,1192,0,Tui Co.,Construction,1,0,1/04/2024
D204435,C102514,4/06/2024,18/08/2024,Closed Won,ADD_ON_TKR,TKR Add-on,Partners,shao,189,0,Beta Co.,Manufacturing,4,0,1/08/2024
D204436,C100923,17/03/2024,,Open,PAYROLL_MPS,Managed Payroll,Direct,awong,1050,0,Ohomairangi Holdings,Manufacturing,40,0,1/05/2024
D204437,C103112,2/03/2024,1/04/2024,Closed Lost,PM,People Management,Partners,shao,865,0,Summit Services,Retail,97,0,
D204438,C100022,4/07/2024,5/09/2024,Closed Won,PAYROLL_MPS,Managed Payroll,Partners,shao,1580,1,Eurotec Duncan Air Ltd,Legal,10,0,1/09/2024
D204439,C103746,29/09/2024,7/12/2024,Closed Won,PAYROLL_MPS,Managed Payroll,Direct,shao,-2086,0,Beta Rimu Holdings,Legal,11,1,1/12/2024
D204440,C101195,6/09/2024,11/10/2024,Closed Won,PAYROLL_MPS,Managed Payroll,Direct,shao,6673,0,Kea Group,Healthcare,34,0,1/10/2024
D204441,C101018,21/02/2024,16/03/2024,Closed Won,PM,People Management,Direct,dt,0,0,Atlas Ltd,Manufacturing,1,0,1/04/2024
D204442,C104669,24/03/2025,,Open,PM,People Management,Partners,dt,906,0,Ohomairangi Partners,Retail,7,0,1/12/2024
D204443,C101368,10/03/2024,,Open,PAYROLL_DIY,Payroll DIY,Partners,dt,1114,0,Tui Holdings,Retail,26,1,1/11/2024
D204444,C104441,10/05/2025,8/06/2025,Closed Won,PAYROLL_MPS,Managed Payroll,Partners,awong,3221,0,Atlas Co.,Construction,36,1,1/07/2025
D204445,C104104,14/11/2024,,Open,PM,People Management,Direct,unassigned,1142,0,Atlas Holdings,Legal,40,0,1/11/2024
D204446,C104392,10/01/2024,30/01/2024,Closed Won,ADD_ON_TKR,TKR Add-on,Partners,shao,932,0,Alpha Trust,Healthcare,84,0,1/02/2024
D204447,C102114,8/06/2025,16/07/2025,Closed Won,PM,People Management,Direct,dt,959,0,Pivot Eurotec Partners,Retail,26,0,1/07/2025
D204448,C102290,3/09/2024,2/10/2024,Closed Won,ADD_ON_TKR,TKR Add-on,Direct,dinkster,941,0,Atlas Co.,Education,28,0,1/10/2024
D204449,C100557,11/02/2024,1/04/2024,Closed Won,PAYROLL_MPS,Managed Payroll,Partners,shao,6326,0,Rimu Trust,Manufacturing,27,0,1/04/2024
D204450,C101470,17/12/2024,18/02/2025,Closed Lost,ADD_ON_TKR,TKR Add-on,Direct,shao,0,0,Summit Group,Software,78,0,
D204451,C104506,20/05/2024,,Open,PM,People Management,Partners,shao,1185,0,Eurotec Group,Legal,28,0,1/08/2024
D204452,C101261,9/02/2024,,Open,PAYROLL_MPS,Managed Payroll,Partners,unassigned,4327,0,Pivot Duncan Air Services,Retail,23,0,1/07/2024
D204453,C103753,11/03/2024,23/03/2024,Closed Won,PM,People Management,Partners,dt,1254,0,Wenita Wenita Services,Software,16,0,1/04/2024
D204454,C102962,11/02/2025,26/03/2025,Closed Won,PM,People Management,Direct,mkoenen,1124,0,Summit Duncan Air Trust,Education,76,0,1/04/2025
D204455,C104020,22/08/2024,18/09/2024,Closed Won,PAYROLL_DIY,Payroll DIY,Direct,shao,3254,0,Alpha Co.,Retail,16,0,1/10/2024
D204456,C100709,27/08/2024,,Open,PAYROLL_DIY,Payroll DIY,Partners,unassigned,1537,0,Nimbus Alpha Group,Software,12,0,1/05/2025
D204457,C102202,2/02/2024,11/04/2024,Closed Won,PAYROLL_DIY,Payroll DIY,Direct,awong,2214,0,Duncan Air Group,Retail,54,0,1/05/2024
D204458,C103952,13/05/2024,,Open,PAYROLL_MPS,Managed Payroll,Partners,mkoenen,6375,0,Rimu Beta Group,Construction,54,0,1/05/2024
D204459,C103652,29/11/2024,6/02/2025,Closed Won,PAYROLL_MPS,Managed Payroll,Partners,awong,5152,0,Rimu Co.,Accounting,1,0,1/02/2025
D204460,C104621,24/05/2025,25/07/2025,Closed Lost,PAYROLL_MPS,Managed Payroll,Partners,awong,8181,0,Nimbus Kauri Group,Construction,23,0,
D204461,C103272,25/06/2025,,Open,ADD_ON_TKR,TKR Add-on,Partners,dinkster,293,0,Harbour Kea Group,Construction,57,0,1/06/2024
D204462,C102412,25/05/2025,9/08/2025,Closed Won,ADD_ON_TKR,TKR Add-on,Partners,dt,793,0,Harbour Trust,Legal,59,0,1/08/2025
D204463,C100001,2/07/2024,28/08/2024,Closed Lost,ADD_ON_TKR,TKR Add-on,Direct,awong,623,0,Beta Co.,Accounting,73,1,
D204464,C102939,14/05/2025,16/05/2025,Closed Won,PM,People Management,Partners,shao,1573,0,Pivot Limited,Software,42,1,1/06/2025
D204465,C103967,23/10/2024,25/12/2024,Closed Won,ADD_ON_TKR,TKR Add-on,Partners,dinkster,980,0,Atlas Limited,Accounting,72,1,1/12/2024
D204466,C103208,18/10/2024,26/10/2024,Closed Won,ADD_ON_TKR,TKR Add-on,Direct,mkoenen,1140,0,Pivot Partners,Manufacturing,15,0,1/12/2024
D204467,C100003,8/02/2024,,Open,PAYROLL_DIY,Payroll DIY,Partners,mkoenen,1712,0,Tui Ltd,Healthcare,1,0,1/07/2024
D204468,C101845,28/11/2024,9/01/2025,Closed Won,PAYROLL_MPS,Managed Payroll,Partners,awong,6921,0,Alpha Ltd,Retail,11,0,1/02/2025
D204469,C100732,26/07/2024,13/08/2024,Closed Won,PM,People Management,Partners,shao,1069,0,Rimu Harbour Limited,Legal,1,0,1/09/2024
D204470,C103674,29/02/2024,26/03/2024,Closed Won,PAYROLL_MPS,Managed Payroll,Partners,unassigned,4626,0,Beta Trust,Education,61,0,1/04/2024
D204471,C101479,15/05/2024,,Open,PAYROLL_DIY,Payroll DIY,Partners,dt,607,0,Harbour Services,Retail,51,0,1/01/2025
D204472,C100514,28/04/2025,17/07/2025,Closed Lost,PAYROLL_DIY,Payroll DIY,Partners,dinkster,2584,0,Harbour Trust,Manufacturing,58,0,
D204473,C102732,11/04/2024,26/06/2024,Closed Won,PM,People Management,Direct,shao,989,0,Ohomairangi Pivot Group,Legal,7,1,1/07/2024
D204474,C101499,20/09/2024,8/12/2024,Closed Won,PAYROLL_DIY,Payroll DIY,Direct,dinkster,1198,0,Beta Kauri Co.,Accounting,79,0,1/12/2024
D204475,C101623,16/07/2024,20/08/2024,Closed Won,PM,People Management,Direct,dt,1578,0,Nimbus Co.,Healthcare,65,0,1/09/2024
D204476,C103916,4/03/2024,30/03/2024,Closed Won,PM,People Management,Partners,awong,606,0,Alpha Co.,Accounting,43,0,1/05/2024
D204477,C102063,8/01/2025,21/03/2025,Closed Lost,PAYROLL_MPS,Managed Payroll,Direct,unassigned,6269,0,Kea Alpha Ltd,Legal,64,1,
D204478,C103064,30/03/2024,15/04/2024,Closed Won,PAYROLL_MPS,Managed Payroll,Direct,dt,2881,0,Rimu Ltd,Software,5,0,1/05/2024
D204479,C100111,3/04/2025,26/04/2025,Closed Won,PM,People Management,Direct,shao,-1454,0,Wenita Group,Manufacturing,3,1,1/05/2025
D204480,C101632,4/03/2024,,Open,PAYROLL_MPS,Managed Payroll,Partners,dt,6403,0,Beta Limited,Healthcare,12,0,1/09/2024
D204481,C101224,18/10/2024,14/11/2024,Closed Won,PAYROLL_MPS,Managed Payroll,Partners,unassigned,1687,0,Atlas Pivot Co.,Retail,52,0,1/12/2024
D204482,C102958,20/08/2024,16/10/2024,Closed Won,ADD_ON_TKR,TKR Add-on,Partners,dt,331,0,Summit Eurotec Limited,Retail,31,0,1/10/2024
D204483,C101360,16/11/2024,11/02/2025,Closed Won,PM,People Management,Partners,awong,726,0,Alpha Co.,Education,14,0,1/03/2025
D204484,C101482,17/10/2024,6/01/2025,Closed Won,PAYROLL_DIY,Payroll DIY,Direct,unassigned,1386,0,Atlas Ltd,Software,70,1,1/01/2025
D204485,C101952,29/11/2024,23/12/2024,Closed Won,PAYROLL_DIY,Payroll DIY,Partners,mkoenen,2764,0,Tui Limited,Retail,77,0,1/01/2025
D204486,C103715,25/06/2025,18/08/2025,Closed Won,ADD_ON_TKR,TKR Add-on,Partners,mkoenen,300,0,Beta Co.,Accounting,69,0,1/09/2025
D204487,C103872,17/06/2025,8/09/2025,Closed Lost,ADD_ON_TKR,TKR Add-on,Direct,dt,716,0,Pivot Kea Trust,Healthcare,46,0,
D204488,C104016,2/03/2025,,Open,PAYROLL_DIY,Payroll DIY,Direct,dinkster,2531,0,Beta Group,Construction,32,0,1/05/2024
D204489,C104921,25/01/2025,,Open,PAYROLL_DIY,Payroll DIY,Partners,mkoenen_tmp,1237,0,Eurotec Nimbus Ltd,Retail,44,0,1/05/2025
D204490,C100470,12/02/2024,12/03/2024,Closed Won,PAYROLL_DIY,Payroll DIY,Direct,dt,3442,0,Rimu Ltd,Software,1,0,1/04/2024
D204491,C103595,29/03/2024,26/06/2024,Closed Won,ADD_ON_TKR,TKR Add-on,Direct,shao,270,0,Kauri Holdings,Manufacturing,32,0,1/07/2024
D204492,C102037,25/05/2024,28/07/2024,Closed Won,PM,People Management,Direct,dinkster,1847,0,Kea Ltd,Retail,1,0,1/08/2024
D204493,C101168,20/06/2024,,Open,ADD_ON_TKR,TKR Add-on,Direct,unassigned,334,0,Atlas Limited,Manufacturing,13,0,1/11/2024
D204494,C104528,9/01/2024,22/03/2024,Closed Won,PM,People Management,Direct,shao,516,0,Kea Wenita Partners,Legal,61,0,1/04/2024
D204495,C101932,26/05/2024,31/07/2024,Closed Won,ADD_ON_TKR,TKR Add-on,Partners,mkoenen,629,0,Kauri Services,Education,49,0,1/08/2024
D204496,C104454,12/04/2024,11/06/2024,Closed Lost,ADD_ON_TKR,TKR Add-on,Direct,shao,1132,0,Kauri Trust,Accounting,1,0,
D204497,C104714,1/01/2025,21/02/2025,Closed Won,PM,People Management,Direct,shao,768,0,Summit Partners,Construction,7,0,1/03/2025
D204498,C102645,18/10/2024,30/11/2024,Closed Won,PM,People Management,Partners,dt,1477,0,Rimu Eurotec Trust,Retail,1,0,1/12/2024
D204499,C101020,8/12/2024,18/12/2024,Closed Lost,ADD_ON_TKR,TKR Add-on,Partners,mkoenen,550,0,Ohomairangi Eurotec Holdings,Legal,1,0,
D204500,C102929,16/03/2025,5/06/2025,Closed Won,PAYROLL_DIY,Payroll DIY,Direct,dinkster,2419,0,Pivot Atlas Services,Construction,12,0,1/06/2025
D204501,C101734,14/11/2024,11/02/2025,Closed Won,PAYROLL_MPS,Managed Payroll,Partners,shao,5485,0,Beta Ltd,Accounting,35,0,1/02/2025
D204502,C103647,9/09/2024,9/10/2024,Closed Won,PAYROLL_DIY,Payroll DIY,Direct,unassigned,659,0,Pivot Group,Accounting,1,0,1/10/2024
D204503,C103770,11/04/2024,14/06/2024,Closed Lost,PAYROLL_MPS,Managed Payroll,Partners,unassigned,4029,0,Rimu Holdings,Construction,1,0,
D204504,C101129,1/11/2024,,Open,PAYROLL_MPS,Managed Payroll,Partners,awong,4716,0,Kea Limited,Construction,9,0,1/04/2025
D204505,C100388,14/03/2024,25/03/2024,Closed Lost,PAYROLL_MPS,Managed Payroll,Partners,dt,1499,0,Beta Partners,Retail,55,0,
D204506,C102300,11/03/2024,,Open,PM,People Management,Direct,shao,1588,0,Tui Ltd,Construction,17,0,1/09/2024
D204507,C100438,19/04/2024,6/05/2024,Closed Won,PAYROLL_DIY,Payroll DIY,Direct,shao,1272,0,Ohomairangi Limited,Retail,31,0,1/06/2024
D204508,C101468,15/03/2025,5/05/2025,Closed Lost,PAYROLL_MPS,Managed Payroll,Direct,mkoenen,6493,0,Atlas Pivot Group,Healthcare,49,0,
D204509,C102668,17/12/2024,,Open,ADD_ON_TKR,TKR Add-on,Partners,unassigned,601,0,Rimu Atlas Trust,Construction,1,0,1/05/2024
D204510,C101923,18/06/2025,,Open,ADD_ON_TKR,TKR Add-on,Partners,shao,1205,0,Tui Group,Legal,44,0,1/03/2024
D204511,C100734,30/03/2025,,Open,PAYROLL_MPS,Managed Payroll,Partners,mkoenen,2143,0,Harbour Partners,Legal,39,0,1/01/2025
D204512,C100976,8/01/2024,11/03/2024,Closed Won,PAYROLL_MPS,Managed Payroll,Partners,dt,5162,0,Beta Trust,Healthcare,25,0,1/03/2024
D204513,C103909,6/01/2024,,Open,ADD_ON_TKR,TKR Add-on,Partners,awong,296,0,Beta Wenita Services,Education,36,0,1/07/2025
D204514,C102955,19/11/2024,,Open,PAYROLL_DIY,Payroll DIY,Partners,unassigned,2000,0,Atlas Limited,Manufacturing,25,0,1/11/2024
D204515,C101837,5/05/2024,17/06/2024,Closed Won,ADD_ON_TKR,TKR Add-on,Partners,dinkster,1108,0,Eurotec Trust,Retail,45,0,1/07/2024
D204516,C103167,11/05/2025,,Open,ADD_ON_TKR,TKR Add-on,Direct,unassigned,1318,0,Tui Atlas Partners,Education,1,1,1/12/2024
D204517,C101031,13/06/2025,20/06/2025,Closed Won,PAYROLL_MPS,Managed Payroll,Partners,shao,2119,0,Nimbus Group,Software,29,0,1/07/2025
D204518,C103095,31/03/2025,1/04/2025,Closed Lost,PM,People Management,Direct,dinkster,1507,0,Eurotec Trust,Manufacturing,5,0,
D204519,C103570,21/03/2025,24/03/2025,Closed Lost,ADD_ON_TKR,TKR Add-on,Partners,awong,573,0,Pivot Group,Healthcare,36,0,
D204520,C103483,20/02/2025,22/02/2025,Closed Won,PAYROLL_DIY,Payroll DIY,Direct,shao,1843,0,Beta Duncan Air Trust,Software,37,0,1/03/2025
D204521,C103172,31/03/2025,16/05/2025,Closed Won,PAYROLL_MPS,Managed Payroll,Direct,shao,2193,0,Wenita Co.,Manufacturing,4,0,1/06/2025
D204522,C102751,5/06/2024,9/07/2024,Closed Lost,PAYROLL_MPS,Managed Payroll,Partners,awong,4754,0,Ohomairangi Services,Accounting,1,0,
D204523,C102660,1/10/2024,,Open,PAYROLL_DIY,Payroll DIY,Partners,unassigned,2612,0,Duncan Air Partners,Legal,20,0,1/10/2024
D204524,C100459,8/06/2025,,Open,PAYROLL_DIY,Payroll DIY,Partners,unassigned,463,0,Eurotec Co.,Manufacturing,22,0,1/07/2024
D204525,C103737,18/08/2024,4/10/2024,Closed Won,PAYROLL_DIY,Payroll DIY,Direct,awong,1993,0,Ohomairangi Trust,Legal,47,0,1/10/2024
D204526,C102682,16/05/2024,24/05/2024,Closed Won,PAYROLL_DIY,Payroll DIY,Direct,dt,3249,0,Nimbus Harbour Services,Accounting,1,0,1/06/2024
D204527,C101617,20/03/2024,,Open,ADD_ON_TKR,TKR Add-on,Partners,dt,970,0,Duncan Air Services,Retail,56,0,1/07/2024
D204528,C100748,3/02/2024,,Open,PAYROLL_DIY,Payroll DIY,Direct,mkoenen,439,0,Kauri Holdings,Manufacturing,68,0,1/08/2025
D204529,C101477,2/11/2024,18/11/2024,Closed Lost,PAYROLL_MPS,Managed Payroll,Direct,dinkster,4184,0,Duncan Air Ltd,Software,1,0,
D204530,C102855,29/11/2024,9/01/2025,Closed Lost,PAYROLL_DIY,Payroll DIY,Partners,unassigned,1064,0,Beta Holdings,Legal,57,0,
D204531,C104281,26/03/2025,7/04/2025,Closed Lost,ADD_ON_TKR,TKR Add-on,Direct,shao,1193,0,Alpha Kauri Group,Education,8,0,
D204532,C100572,15/04/2024,,Open,PAYROLL_MPS,Managed Payroll,Partners,unassigned,5689,0,Ohomairangi Group,Healthcare,52,0,1/06/2024
D204533,C100064,14/10/2024,17/10/2024,Closed Won,PAYROLL_MPS,Managed Payroll,Partners,dinkster,6130,0,Eurotec Partners,Retail,1,0,1/11/2024
D204534,C101690,30/04/2025,17/07/2025,Closed Won,PAYROLL_DIY,Payroll DIY,Direct,dt,626,0,Beta Trust,Legal,1,0,1/08/2025
D204535,C102124,12/04/2024,18/05/2024,Closed Won,PAYROLL_DIY,Payroll DIY,Partners,shao,953,1,Ohomairangi Alpha Holdings,Healthcare,13,0,1/06/2024
D204536,C100849,19/02/2025,9/04/2025,Closed Won,PAYROLL_DIY,Payroll DIY,Direct,dinkster,2642,0,Summit Group,Retail,54,0,1/05/2025
D204537,C103204,6/09/2024,19/11/2024,Closed Won,PM,People Management,Partners,shao,739,0,Ohomairangi Holdings,Healthcare,64,0,1/12/2024
D204538,C100072,14/07/2024,,Open,PAYROLL_DIY,Payroll DIY,Partners,dinkster,1750,0,Wenita Group,Construction,15,0,1/04/2025
D204539,C103425,5/07/2024,24/09/2024,Closed Won,ADD_ON_TKR,TKR Add-on,Direct,dinkster,1808,0,Ohomairangi Eurotec Trust,Manufacturing,25,0,1/11/2024
D204540,C103035,31/07/2024,17/08/2024,Closed Won,PAYROLL_MPS,Managed Payroll,Partners,unassigned,5727,0,Beta Co.,Retail,82,0,1/08/2024
D204541,C100381,21/02/2025,,Open,PM,People Management,Partners,unassigned,664,0,Beta Partners,Accounting,57,0,1/08/2025
D204542,C102607,30/09/2024,13/11/2024,Closed Won,PAYROLL_DIY,Payroll DIY,Partners,mkoenen,1806,0,Wenita Trust,Construction,1,0,1/12/2024
D204543,C104464,30/04/2025,1/05/2025,Closed Won,PAYROLL_DIY,Payroll DIY,Partners,dt,1132,0,Tui Partners,Education,1,0,1/06/2025
D204544,C100340,4/03/2025,9/03/2025,Closed Lost,ADD_ON_TKR,TKR Add-on,Direct,shao,1384,0,Pivot Group,Legal,94,0,
D204545,C101246,1/01/2024,8/01/2024,Closed Won,ADD_ON_TKR,TKR Add-on,Partners,mkoenen,1672,0,Alpha Ltd,Manufacturing,4,0,1/01/2024
D204546,C101607,22/02/2025,26/04/2025,Closed Won,ADD_ON_TKR,TKR Add-on,Direct,unassigned,495,0,Kauri Co.,Education,106,0,1/05/2025
D204547,C104367,26/03/2024,31/05/2024,Closed Lost,ADD_ON_TKR,TKR Add-on,Partners,mkoenen_tmp,755,0,Ohomairangi Holdings,Software,19,0,
D204548,C101715,22/02/2024,17/03/2024,Closed Won,PAYROLL_DIY,Payroll DIY,Partners,unassigned,2648,0,Nimbus Beta Trust,Software,37,0,1/03/2024
D204549,C100375,1/07/2025,,Open,PM,People Management,Direct,mkoenen,2562,0,Alpha Wenita Group,Construction,41,0,1/09/2025
D204550,C100208,22/10/2024,,Open,PM,People Management,Direct,awong,1042,0,Harbour Ltd,Software,77,0,1/07/2025
D204551,C104200,15/03/2025,2/05/2025,Closed Won,PM,People Management,Direct,dinkster,524,0,Duncan Air Services,Education,8,0,1/06/2025
D204552,C102867,25/12/2024,24/02/2025,Closed Won,PM,People Management,Direct,dt,704,0,Harbour Harbour Trust,Retail,17,0,1/03/2025
D204553,C100831,29/06/2025,16/09/2025,Closed Won,PAYROLL_MPS,Managed Payroll,Partners,awong,1646,0,Atlas Holdings,Retail,1,0,1/09/2025
D204554,C103921,6/02/2024,,Open,ADD_ON_TKR,TKR Add-on,Direct,awong,391,0,Ohomairangi Wenita Group,Healthcare,58,0,1/07/2025
D204555,C104359,19/04/2024,6/06/2024,Closed Won,ADD_ON_TKR,TKR Add-on,Partners,dinkster_tmp,939,0,Atlas Ltd,Retail,29,0,1/06/2024
D204556,C103193,8/06/2024,5/07/2024,Closed Won,PAYROLL_MPS,Managed Payroll,Direct,dt,9025,0,Atlas Holdings,Healthcare,25,0,1/07/2024
D204557,C101306,5/06/2024,15/07/2024,Closed Won,PAYROLL_DIY,Payroll DIY,Partners,dinkster,3015,0,Ohomairangi Trust,Healthcare,20,0,1/07/2024
D204558,C103680,25/09/2024,24/11/2024,Closed Won,PAYROLL_MPS,Managed Payroll,Partners,mkoenen,5321,0,Nimbus Duncan Air Services,Retail,1,0,1/12/2024
D204559,C101655,14/04/2024,,Open,PM,People Management,Direct,shao,998,0,Alpha Atlas Ltd,Software,1,0,1/02/2025
D204560,C104350,27/03/2025,13/06/2025,Closed Won,ADD_ON_TKR,TKR Add-on,Direct,dt,0,0,Pivot Kauri Co.,Healthcare,1,0,1/06/2025
D204561,C100890,1/10/2024,19/11/2024,Closed Won,PAYROLL_MPS,Managed Payroll,Direct,awong,8964,0,Wenita Trust,Accounting,2,0,1/12/2024
D204562,C102735,16/01/2024,9/02/2024,Closed Won,PM,People Management,Partners,unassigned,1570,0,Duncan Air Limited,Education,1,0,1/03/2024
D204563,C102821,10/05/2025,14/06/2025,Closed Won,PAYROLL_DIY,Payroll DIY,Partners,dinkster,2098,0,Alpha Trust,Construction,30,0,1/07/2025
D204564,C102817,18/12/2024,15/02/2025,Closed Lost,PM,People Management,Partners,mkoenen,1606,0,Nimbus Trust,Construction,69,0,
D204565,C102185,26/05/2025,5/08/2025,Closed Won,ADD_ON_TKR,TKR Add-on,Direct,shao,125,0,Ohomairangi Holdings,Manufacturing,66,0,1/09/2025
D204566,C103020,12/09/2024,5/12/2024,Closed Won,PM,People Management,Partners,shao,0,0,Alpha Ltd,Healthcare,1,0,1/01/2025
D204567,C100804,5/08/2024,2/09/2024,Closed Won,ADD_ON_TKR,TKR Add-on,Direct,mkoenen,810,0,Nimbus Co.,Education,20,0,1/09/2024
D204568,C103814,25/08/2024,19/11/2024,Closed Won,PM,People Management,Direct,dinkster,1920,0,Alpha Co.,Construction,40,0,1/12/2024
D204569,C102151,7/05/2024,18/06/2024,Closed Won,PAYROLL_DIY,Payroll DIY,Direct,unassigned,2225,0,Kauri Services,Healthcare,51,0,1/06/2024
D204570,C102924,10/09/2024,20/11/2024,Closed Won,PM,People Management,Partners,unassigned,1091,0,Beta Wenita Holdings,Manufacturing,57,0,1/01/2025
D204571,C102673,6/11/2024,2/12/2024,Closed Lost,ADD_ON_TKR,TKR Add-on,Partners,shao,954,0,Pivot Holdings,Construction,56,0,
D204572,C104641,14/05/2025,,Open,PM,People Management,Partners,shao,2097,0,Summit Group,Accounting,1,0,1/07/2025
D204573,C100976,27/08/2024,,Open,PM,People Management,Direct,nobody,0,0,Beta Trust,Healthcare,25,0,1/06/2025
D204574,C103889,20/08/2024,5/10/2024,Closed Won,ADD_ON_TKR,TKR Add-on,Direct,mkoenen,872,0,Ohomairangi Group,Healthcare,90,0,1/11/2024
D204575,C100337,26/03/2024,12/06/2024,Closed Won,ADD_ON_TKR,TKR Add-on,Direct,shao,953,0,Duncan Air Limited,Software,32,1,1/07/2024
D204576,C102201,30/04/2024,13/06/2024,Closed Won,PAYROLL_DIY,Payroll DIY,Direct,unassigned,202,0,Eurotec Co.,Accounting,52,0,1/06/2024
D204577,C103119,17/11/2024,30/01/2025,Closed Won,PAYROLL_MPS,Managed Payroll,Partners,unassigned,4669,0,Kea Ltd,Legal,41,0,1/02/2025
D204578,C100087,14/10/2024,,Open,PM,People Management,Partners,awong,1703,0,Duncan Air Group,Accounting,1,0,1/05/2024
D204579,C100548,3/01/2025,,Open,ADD_ON_TKR,TKR Add-on,Direct,dt_tmp,0,0,Ohomairangi Harbour Services,Legal,40,0,1/04/2025
D204580,C104677,24/03/2024,27/03/2024,Closed Lost,PAYROLL_MPS,Managed Payroll,Direct,dt,2945,0,Wenita Ltd,Retail,12,0,
D204581,C102728,29/05/2025,8/08/2025,Closed Won,ADD_ON_TKR,TKR Add-on,Direct,unassigned,1375,0,Beta Tui Trust,Manufacturing,46,0,1/09/2025
D204582,C103378,14/11/2024,8/01/2025,Closed Won,PAYROLL_DIY,Payroll DIY,Partners,mkoenen,1391,0,Atlas Atlas Partners,Legal,81,0,1/01/2025
D204583,C100727,8/08/2024,24/08/2024,Closed Lost,PM,People Management,Partners,dinkster,1641,0,Nimbus Partners,Software,1,0,
D204584,C102174,3/08/2024,4/10/2024,Closed Lost,ADD_ON_TKR,TKR Add-on,Direct,dt,1279,0,Harbour Ltd,Software,56,1,
D204585,C103200,14/02/2024,,Open,PAYROLL_MPS,Managed Payroll,Direct,awong,2368,0,Wenita Group,Retail,44,0,1/03/2024
D204586,C101059,11/10/2024,29/11/2024,Closed Won,PM,People Management,Partners,mkoenen,869,0,Ohomairangi Wenita Group,Education,17,0,1/01/2025
D204587,C103121,17/06/2024,13/09/2024,Closed Won,PM,People Management,Partners,shao,657,0,Pivot Services,Retail,30,0,1/10/2024
D204588,C102018,8/03/2024,1/05/2024,Closed Won,ADD_ON_TKR,TKR Add-on,Partners,mkoenen,948,0,Kauri Group,Healthcare,8,0,1/05/2024
D204589,C100021,30/05/2025,21/08/2025,Closed Won,PAYROLL_MPS,Managed Payroll,Partners,dt,6315,0,Pivot Holdings,Healthcare,24,0,1/08/2025
D204590,C100843,3/08/2024,,Open,PAYROLL_MPS,Managed Payroll,Direct,shao,5263,0,Rimu Holdings,Construction,1,0,1/04/2025
D204591,C101250,8/12/2024,22/12/2024,Closed Won,PM,People Management,Partners,shao,2043,0,Rimu Ltd,Manufacturing,1,0,1/01/2025
D204592,C104854,4/12/2024,,Open,PAYROLL_MPS,Managed Payroll,Partners,mkoenen,4522,0,Tui Limited,Construction,8,1,1/04/2025
D204593,C103352,4/03/2025,10/04/2025,Closed Won,ADD_ON_TKR,TKR Add-on,Direct,dt,1126,0,Ohomairangi Rimu Limited,Accounting,20,0,1/04/2025
D204594,C104491,22/01/2025,21/04/2025,Closed Won,PAYROLL_DIY,Payroll DIY,Partners,shao,929,0,Ohomairangi Ohomairangi Partners,Education,5,0,1/05/2025
D204595,C100314,15/07/2024,12/10/2024,Closed Won,ADD_ON_TKR,TKR Add-on,Direct,dt,943,0,Duncan Air Services,Software,1,0,1/11/2024
D204596,C102850,20/02/2024,21/04/2024,Closed Won,ADD_ON_TKR,TKR Add-on,Direct,mkoenen,1325,0,Nimbus Beta Co.,Legal,1,0,1/05/2024
D204597,C101198,19/02/2025,15/05/2025,Closed Lost,PAYROLL_DIY,Payroll DIY,Direct,dt,1405,0,Duncan Air Group,Construction,6,0,
D204598,C103251,6/06/2024,,Open,PM,People Management,Partners,dinkster,1564,0,Kauri Co.,Healthcare,41,0,1/04/2025
D204599,C100867,7/10/2024,18/10/2024,Closed Lost,PAYROLL_MPS,Managed Payroll,Partners,shao,4364,0,Harbour Holdings,Education,27,0,
D204600,C103175,6/01/2024,13/03/2024,Closed Won,PAYROLL_MPS,Managed Payroll,Partners,mkoenen,7696,0,Duncan Air Services,Healthcare,33,0,1/04/2024
D204601,C100508,11/03/2024,13/03/2024,Closed Won,ADD_ON_TKR,TKR Add-on,Partners,dt,626,0,Rimu Alpha Services,Accounting,4,0,1/04/2024
D204602,C102693,11/01/2025,3/02/2025,Closed Won,ADD_ON_TKR,TKR Add-on,Partners,mkoenen,355,0,Atlas Ltd,Retail,26,0,1/03/2025
D204603,C100571,22/02/2024,,Open,ADD_ON_TKR,TKR Add-on,Partners,dinkster,1634,0,Duncan Air Rimu Limited,Retail,1,0,1/04/2024
D204604,C104280,18/03/2024,,Open,PAYROLL_DIY,Payroll DIY,Partners,unassigned,1042,0,Summit Limited,Education,1,0,1/04/2025
D204605,C104612,31/10/2024,,Open,PM,People Management,Direct,shao,2115,0,Alpha Co.,Legal,13,0,1/08/2025
D204606,C104286,21/09/2024,,Open,PM,People Management,Direct,unassigned,1765,0,Beta Co.,Retail,43,0,1/09/2024
D204607,C104665,16/03/2025,,Open,PAYROLL_DIY,Payroll DIY,Direct,mkoenen,552,0,Kauri Harbour Trust,Construction,54,0,1/12/2024
D204608,C101516,18/04/2024,21/06/2024,Closed Lost,ADD_ON_TKR,TKR Add-on,Partners,awong,1290,0,Harbour Co.,Retail,9,1,
D204609,C103615,18/01/2025,,Open,PM,People Management,Direct,awong,176,0,Beta Group,Healthcare,29,0,1/12/2024
D204610,C104327,15/02/2025,1/04/2025,Closed Lost,PAYROLL_MPS,Managed Payroll,Direct,dt,2194,0,Wenita Trust,Accounting,33,0,
D204611,C103652,31/01/2024,7/02/2024,Closed Won,PAYROLL_DIY,Payroll DIY,Partners,mkoenen,2604,0,Rimu Co.,Accounting,1,0,1/02/2024
D204612,C104145,25/01/2024,16/04/2024,Closed Won,ADD_ON_TKR,TKR Add-on,Direct,mkoenen_tmp,760,0,Duncan Air Partners,Software,7,0,1/05/2024
D204613,C100409,19/09/2024,,Open,PAYROLL_DIY,Payroll DIY,Partners,dinkster,1343,0,Beta Trust,Accounting,36,0,1/03/2025
D204614,C104588,18/01/2025,25/03/2025,Closed Won,ADD_ON_TKR,TKR Add-on,Direct,awong,339,0,Ohomairangi Ltd,Accounting,8,0,1/04/2025
D204615,C100771,29/10/2024,1/11/2024,Closed Won,PAYROLL_MPS,Managed Payroll,Partners,dinkster,4947,0,Summit Wenita Limited,Education,1,0,1/12/2024
D204616,C104889,6/02/2024,3/05/2024,Closed Won,PAYROLL_MPS,Managed Payroll,Direct,dt,5714,0,Nimbus Limited,Retail,4,1,1/06/2024
D204617,C103924,4/08/2024,14/09/2024,Closed Won,ADD_ON_TKR,TKR Add-on,Direct,mkoenen,401,0,Nimbus Ltd,Construction,40,0,1/09/2024
D204618,C104827,23/09/2024,30/10/2024,Closed Won,PAYROLL_MPS,Managed Payroll,Direct,dinkster,2962,0,Rimu Partners,Software,1,0,1/11/2024
D204619,C104834,23/05/2024,16/07/2024,Closed Won,PAYROLL_MPS,Managed Payroll,Direct,mkoenen,2631,0,Tui Atlas Group,Software,36,0,1/08/2024
D204620,C103080,12/02/2025,,Open,PM,People Management,Direct,awong,1491,0,Atlas Limited,Software,90,0,1/10/2024
D204621,C101354,4/03/2024,24/05/2024,Closed Lost,PAYROLL_MPS,Managed Payroll,Direct,awong,5341,0,Nimbus Ltd,Accounting,32,0,
D204622,C104367,7/01/2024,3/02/2024,Closed Won,ADD_ON_TKR,TKR Add-on,Partners,dt,737,0,Ohomairangi Holdings,Software,19,0,1/02/2024
D204623,C102412,13/11/2024,21/11/2024,Closed Won,ADD_ON_TKR,TKR Add-on,Partners,unassigned,932,0,Harbour Trust,Legal,59,0,1/12/2024
D204624,C104828,29/02/2024,29/03/2024,Closed Won,PM,People Management,Direct,dt,2227,0,Kea Limited,Healthcare,23,0,1/05/2024
D204625,C104887,31/07/2024,4/09/2024,Closed Lost,PAYROLL_DIY,Payroll DIY,Direct,shao,1892,0,Duncan Air Group,Retail,82,0,
D204626,C102024,12/03/2025,,Open,PM,People Management,Partners,shao,812,0,Atlas Wenita Trust,Manufacturing,28,0,1/06/2024
D204627,C103711,16/03/2024,,Open,ADD_ON_TKR,TKR Add-on,Direct,mkoenen,971,0,Alpha Group,Accounting,27,0,1/04/2024
D204628,C103202,17/05/2024,16/07/2024,Closed Lost,PAYROLL_MPS,Managed Payroll,Direct,unassigned,5836,0,Tui Ltd,Legal,41,0,
D204629,C104962,15/11/2024,4/01/2025,Closed Won,PAYROLL_MPS,Managed Payroll,Direct,dinkster,3440,0,Tui Beta Partners,Education,17,0,1/01/2025
D204630,C100250,18/05/2024,7/06/2024,Closed Won,PAYROLL_MPS,Managed Payroll,Direct,shao,1769,0,Kea Group,Software,58,0,1/07/2024
D204631,C103008,27/05/2024,6/07/2024,Closed Won,PM,People Management,Partners,unassigned,885,0,Kea Kea Group,Construction,21,0,1/07/2024
D204632,C101446,19/03/2025,11/05/2025,Closed Won,PM,People Management,Partners,unassigned,926,0,Harbour Trust,Healthcare,33,0,1/05/2025
D204633,C101998,5/11/2024,29/12/2024,Closed Won,PM,People Management,Partners,shao,527,0,Nimbus Eurotec Limited,Education,4,0,1/01/2025
D204634,C102038,9/09/2024,17/11/2024,Closed Won,PM,People Management,Partners,shao,1538,0,Ohomairangi Partners,Software,19,1,1/12/2024
D204635,C102460,16/12/2024,12/03/2025,Closed Won,PAYROLL_MPS,Managed Payroll,Partners,shao,6949,0,Harbour Partners,Software,42,0,1/03/2025
D204636,C103907,6/02/2025,10/02/2025,Closed Won,PAYROLL_MPS,Managed Payroll,Partners,dinkster,6977,0,Nimbus Kea Trust,Education,40,0,1/02/2025
D204637,C102221,22/06/2025,21/07/2025,Closed Won,ADD_ON_TKR,TKR Add-on,Direct,awong,1222,0,Summit Co.,Legal,19,1,1/08/2025
D204638,C102874,18/02/2024,30/04/2024,Closed Won,PAYROLL_MPS,Managed Payroll,Partners,unassigned,1635,0,Nimbus Partners,Education,28,0,1/05/2024
D204639,C103007,7/12/2024,28/12/2024,Closed Won,PAYROLL_MPS,Managed Payroll,Direct,dinkster,4598,0,Harbour Group,Accounting,52,0,1/01/2025
D204640,C104361,3/04/2024,6/06/2024,Closed Won,PM,People Management,Partners,shao,764,0,Eurotec Services,Construction,62,0,1/06/2024
D204641,C103661,27/10/2024,24/01/2025,Closed Won,PAYROLL_DIY,Payroll DIY,Direct,shao,1380,0,Harbour Co.,Software,41,0,1/03/2025
D204642,C103882,25/07/2024,19/10/2024,Closed Won,ADD_ON_TKR,TKR Add-on,Partners,shao,971,0,Summit Eurotec Services,Manufacturing,123,0,1/11/2024
D204643,C104352,27/08/2024,,Open,PM,People Management,Partners,dinkster,-1274,0,Pivot Partners,Manufacturing,74,0,1/05/2024
D204644,C103995,17/01/2024,3/02/2024,Closed Won,PAYROLL_DIY,Payroll DIY,Direct,shao,1033,0,Atlas Ltd,Construction,42,0,1/03/2024
D204645,C101789,24/02/2024,21/05/2024,Closed Won,PAYROLL_DIY,Payroll DIY,Partners,shao,1515,0,Tui Trust,Accounting,37,0,1/06/2024
D204646,C104793,14/02/2025,26/02/2025,Closed Won,PAYROLL_MPS,Managed Payroll,Partners,dt,1099,0,Pivot Holdings,Legal,42,0,1/04/2025
D204647,C101150,20/03/2024,24/04/2024,Closed Lost,PAYROLL_MPS,Managed Payroll,Partners,dt,3428,0,Rimu Kauri Ltd,Software,21,0,
D204648,C101116,31/07/2024,,Open,ADD_ON_TKR,TKR Add-on,Partners,awong_tmp,1087,0,Tui Summit Co.,Manufacturing,31,0,1/03/2024
D204649,C103919,2/04/2024,2/05/2024,Closed Won,ADD_ON_TKR,TKR Add-on,Direct,awong,852,0,Harbour Harbour Services,Accounting,38,0,1/06/2024
D204650,C100352,14/08/2024,20/10/2024,Closed Lost,ADD_ON_TKR,TKR Add-on,Direct,mkoenen,760,0,Eurotec Services,Accounting,1,0,
D204651,C102248,29/06/2025,,Open,PAYROLL_DIY,Payroll DIY,Partners,unassigned,2016,0,Harbour Co.,Accounting,61,0,1/06/2025
D204652,C101878,6/01/2025,,Open,PAYROLL_MPS,Managed Payroll,Direct,awong,6253,0,Atlas Holdings,Construction,13,0,1/05/2024
D204653,C104842,2/11/2024,15/01/2025,Closed Won,ADD_ON_TKR,TKR Add-on,Direct,unassigned,1424,0,Beta Ltd,Construction,1,0,1/02/2025
D204654,C101289,7/01/2024,22/01/2024,Closed Won,ADD_ON_TKR,TKR Add-on,Direct,dt,58,0,Pivot Partners,Manufacturing,31,0,1/02/2024
D204655,C104568,9/01/2025,28/01/2025,Closed Won,PM,People Management,Partners,dinkster,1963,0,Duncan Air Holdings,Accounting,1,0,1/02/2025
D204656,C100296,30/09/2024,4/12/2024,Closed Won,PM,People Management,Partners,dinkster,1224,0,Harbour Trust,Legal,1,0,1/01/2025
D204657,C104011,27/11/2024,,Open,PM,People Management,Direct,dinkster,1879,0,Tui Beta Trust,Legal,51,0,1/05/2024
D204658,C102348,23/12/2024,9/03/2025,Closed Lost,PAYROLL_MPS,Managed Payroll,Partners,dinkster,5533,0,Wenita Co.,Accounting,1,1,
D204659,C103897,30/06/2025,15/08/2025,Closed Won,PM,People Management,Partners,nobody,699,0,Wenita Co.,Legal,32,0,1/09/2025
D204660,C101747,9/01/2024,28/02/2024,Closed Won,PM,People Management,Direct,dt,1774,0,Alpha Partners,Accounting,50,0,1/03/2024
D204661,C103305,3/10/2024,,Open,PM,People Management,Partners,shao,1157,0,Nimbus Services,Construction,16,0,1/06/2025
D204662,C104348,29/04/2025,6/07/2025,Closed Lost,PAYROLL_MPS,Managed Payroll,Direct,dinkster,3514,0,Beta Co.,Retail,43,1,
D204663,C100497,6/12/2024,,Open,PAYROLL_DIY,Payroll DIY,Partners,dinkster,238,0,Duncan Air Kauri Ltd,Education,43,0,1/01/2025
D204664,C100852,8/06/2024,23/06/2024,Closed Won,PM,People Management,Partners,dinkster,0,0,Kauri Services,Education,34,0,1/07/2024
D204665,C100507,15/05/2024,28/05/2024,Closed Won,PAYROLL_DIY,Payroll DIY,Partners,awong,290,0,Kauri Services,Accounting,1,0,1/07/2024
D204666,C101395,21/07/2024,11/08/2024,Closed Lost,PM,People Management,Partners,awong,1256,0,Beta Partners,Healthcare,1,0,
D204667,C101429,27/01/2025,29/01/2025,Closed Won,PAYROLL_MPS,Managed Payroll,Partners,shao,2800,0,Wenita Services,Education,110,0,1/03/2025
D204668,C102703,17/02/2025,27/03/2025,Closed Won,ADD_ON_TKR,TKR Add-on,Direct,awong,187,0,Ohomairangi Holdings,Legal,59,0,1/05/2025
D204669,C100321,13/01/2024,15/02/2024,Closed Won,PAYROLL_DIY,Payroll DIY,Partners,dt,3097,0,Wenita Group,Accounting,1,0,1/03/2024
D204670,C100948,25/03/2024,18/06/2024,Closed Won,PAYROLL_MPS,Managed Payroll,Direct,awong,4176,0,Ohomairangi Nimbus Group,Retail,1,0,1/07/2024
D204671,C101978,9/05/2025,6/08/2025,Closed Won,PAYROLL_DIY,Payroll DIY,Partners,shao,1517,0,Duncan Air Alpha Holdings,Software,1,0,1/09/2025
D204672,C104785,24/02/2024,18/04/2024,Closed Won,PM,People Management,Partners,dt,91,0,Tui Co.,Healthcare,121,0,1/04/2024
D204673,C104336,18/05/2025,4/07/2025,Closed Won,PAYROLL_DIY,Payroll DIY,Partners,dt,1869,0,Beta Trust,Software,1,0,1/07/2025
D204674,C101261,18/04/2024,29/06/2024,Closed Won,PAYROLL_MPS,Managed Payroll,Direct,shao,2651,0,Pivot Duncan Air Services,Retail,23,0,1/07/2024
D204675,C101739,27/11/2024,12/02/2025,Closed Won,PM,People Management,Direct,awong,1198,0,Kea Limited,Software,1,0,1/03/2025
D204676,C104269,16/05/2025,,Open,ADD_ON_TKR,TKR Add-on,Direct,dt,860,0,Summit Group,Accounting,1,1,1/01/2025
D204677,C104386,12/02/2025,,Open,PAYROLL_DIY,Payroll DIY,Partners,shao,2178,0,Summit Partners,Accounting,1,0,1/03/2025
D204678,C101556,31/08/2024,14/11/2024,Closed Lost,PAYROLL_DIY,Payroll DIY,Direct,mkoenen,1849,0,Pivot Co.,Education,30,0,
D204679,C104699,27/05/2025,,Open,PAYROLL_DIY,Payroll DIY,Partners,mkoenen,2437,0,Atlas Partners,Retail,68,0,1/09/2024
D204680,C101745,21/01/2025,21/04/2025,Closed Won,PAYROLL_MPS,Managed Payroll,Direct,awong,3337,0,Nimbus Group,Construction,1,0,1/05/2025
D204681,C103148,31/01/2025,11/02/2025,Closed Won,PAYROLL_MPS,Managed Payroll,Partners,unassigned,0,0,Atlas Services,Accounting,1,0,1/02/2025
D204682,C100931,26/03/2025,,Open,PAYROLL_MPS,Managed Payroll,Direct,dt,4008,0,Tui Eurotec Ltd,Manufacturing,37,0,1/02/2025
D204683,C101977,19/12/2024,15/02/2025,Closed Won,ADD_ON_TKR,TKR Add-on,Direct,dt,695,0,Kauri Services,Education,10,0,1/03/2025
D204684,C103294,8/04/2025,14/04/2025,Closed Lost,PAYROLL_MPS,Managed Payroll,Partners,dinkster,7144,0,Kea Co.,Software,34,0,
D204685,C102733,22/05/2025,23/07/2025,Closed Won,PM,People Management,Partners,mkoenen,1013,0,Ohomairangi Kauri Limited,Healthcare,96,0,1/08/2025
D204686,C102484,14/10/2024,,Open,PAYROLL_DIY,Payroll DIY,Direct,unassigned,2007,0,Eurotec Services,Construction,1,0,1/04/2025
D204687,C100248,28/05/2024,,Open,PAYROLL_DIY,Payroll DIY,Partners,dt,404,0,Atlas Co.,Legal,24,0,1/02/2025
D204688,C104295,3/02/2025,31/03/2025,Closed Lost,ADD_ON_TKR,TKR Add-on,Direct,dinkster,435,0,Summit Co.,Accounting,29,0,
D204689,C100726,7/01/2025,22/03/2025,Closed Lost,PM,People Management,Direct,awong,1450,0,Atlas Services,Accounting,28,1,
D204690,C101220,3/01/2025,27/02/2025,Closed Lost,PM,People Management,Direct,dinkster,816,0,Kea Rimu Holdings,Legal,11,0,
D204691,C103887,10/01/2025,29/01/2025,Closed Lost,PAYROLL_DIY,Payroll DIY,Partners,mkoenen,2805,0,Harbour Limited,Accounting,35,0,
D204692,C104949,14/04/2024,,Open,ADD_ON_TKR,TKR Add-on,Partners,mkoenen,894,0,Summit Alpha Limited,Software,19,1,1/03/2024
D204693,C101369,5/06/2024,13/08/2024,Closed Won,PM,People Management,Partners,shao,1112,0,Tui Holdings,Healthcare,1,0,1/09/2024
D204694,C100943,11/12/2024,26/01/2025,Closed Won,PM,People Management,Direct,unassigned,2159,0,Harbour Services,Education,45,0,1/02/2025
D204695,C100197,24/10/2024,7/11/2024,Closed Won,ADD_ON_TKR,TKR Add-on,Direct,awong,1019,0,Eurotec Ltd,Manufacturing,1,1,1/11/2024
D204696,C103961,2/12/2024,2/01/2025,Closed Lost,PAYROLL_DIY,Payroll DIY,Direct,mkoenen,597,0,Harbour Eurotec Holdings,Manufacturing,42,0,
D204697,C100714,8/05/2025,,Open,PAYROLL_DIY,Payroll DIY,Direct,awong,1519,0,Pivot Partners,Legal,48,0,1/04/2025
D204698,C102005,18/03/2024,29/05/2024,Closed Won,PM,People Management,Direct,unassigned,1648,0,Nimbus Services,Software,23,0,1/07/2024
D204699,C101070,19/05/2025,2/08/2025,Closed Won,PAYROLL_MPS,Managed Payroll,Partners,shao,4854,0,Summit Partners,Manufacturing,16,0,1/08/2025
D204700,C100953,26/01/2024,22/04/2024,Closed Won,PAYROLL_DIY,Payroll DIY,Partners,dinkster,2231,0,Summit Beta Services,Education,34,0,1/06/2024
D204701,C104119,4/02/2025,16/04/2025,Closed Won,PAYROLL_MPS,Managed Payroll,Partners,awong,5053,0,Atlas Kea Trust,Retail,1,0,1/05/2025
D204702,C101122,4/10/2024,13/10/2024,Closed Lost,PM,People Management,Partners,shao,2081,0,Harbour Trust,Manufacturing,72,0,
D204703,C104780,26/03/2024,27/03/2024,Closed Won,PAYROLL_DIY,Payroll DIY,Partners,unassigned,627,0,Kea Group,Education,11,0,1/05/2024
D204704,C104839,1/06/2025,,Open,ADD_ON_TKR,TKR Add-on,Partners,dt,299,0,Wenita Group,Software,18,0,1/05/2024
D204705,C101547,30/11/2024,3/01/2025,Closed Won,PAYROLL_DIY,Payroll DIY,Partners,awong,3591,0,Kauri Partners,Healthcare,1,0,1/02/2025
D204706,C104845,26/04/2025,,Open,ADD_ON_TKR,TKR Add-on,Partners,awong_tmp,336,0,Pivot Holdings,Accounting,41,0,1/02/2025
D204707,C103709,7/09/2024,3/11/2024,Closed Lost,PAYROLL_MPS,Managed Payroll,Partners,awong,1813,0,Nimbus Services,Manufacturing,51,0,
D204708,C102396,28/12/2024,25/01/2025,Closed Won,PAYROLL_DIY,Payroll DIY,Partners,awong,1144,0,Pivot Holdings,Accounting,53,0,1/02/2025
D204709,C101792,3/04/2025,29/06/2025,Closed Won,PAYROLL_MPS,Managed Payroll,Partners,awong,7077,0,Atlas Co.,Construction,1,0,1/07/2025
D204710,C102895,10/02/2024,30/03/2024,Closed Won,PM,People Management,Partners,dt,1187,0,Pivot Alpha Limited,Retail,1,0,1/04/2024
D204711,C102306,18/02/2024,13/03/2024,Closed Won,ADD_ON_TKR,TKR Add-on,Partners,shao,409,0,Duncan Air Alpha Limited,Manufacturing,13,0,1/04/2024
D204712,C103008,22/02/2024,19/04/2024,Closed Won,PM,People Management,Direct,shao,1240,0,Kea Kea Group,Construction,21,0,1/05/2024
D204713,C103113,19/04/2025,24/04/2025,Closed Lost,PAYROLL_DIY,Payroll DIY,Direct,shao,487,0,Harbour Summit Services,Education,41,1,
D204714,C103033,24/04/2024,,Open,PAYROLL_MPS,Managed Payroll,Direct,mkoenen,5035,0,Tui Harbour Ltd,Healthcare,1,0,1/10/2024
D204715,C100634,6/10/2024,3/11/2024,Closed Lost,ADD_ON_TKR,TKR Add-on,Direct,dinkster,1329,0,Ohomairangi Eurotec Services,Education,64,0,
D204716,C101816,25/06/2025,,Open,PAYROLL_MPS,Managed Payroll,Partners,mkoenen,5302,0,Pivot Duncan Air Co.,Manufacturing,13,0,1/07/2025
D204717,C104457,7/10/2024,6/12/2024,Closed Won,PM,People Management,Direct,shao,2064,0,Duncan Air Harbour Partners,Legal,55,0,1/01/2025
D204718,C104464,8/01/2024,,Open,PAYROLL_DIY,Payroll DIY,Direct,awong,1689,0,Tui Partners,Education,1,0,1/11/2024
D204719,C104578,22/08/2024,28/08/2024,Closed Lost,PAYROLL_MPS,Managed Payroll,Direct,awong,4639,0,Rimu Partners,Construction,1,0,
D204720,C104045,13/02/2024,17/04/2024,Closed Lost,PM,People Management,Partners,mkoenen,912,0,Alpha Alpha Ltd,Accounting,40,0,
D204721,C101962,3/03/2024,30/03/2024,Closed Won,PAYROLL_DIY,Payroll DIY,Partners,shao,1294,0,Ohomairangi Nimbus Limited,Software,1,0,1/05/2024
D204722,C101200,6/04/2025,,Open,PAYROLL_MPS,Managed Payroll,Direct,mkoenen,5169,0,Ohomairangi Limited,Accounting,6,0,1/08/2025
D204723,C102914,27/01/2024,,Open,PAYROLL_DIY,Payroll DIY,Direct,shao,2722,0,Alpha Pivot Services,Retail,52,0,1/05/2025
D204724,C104471,8/08/2024,,Open,PAYROLL_MPS,Managed Payroll,Direct,dt,3936,0,Ohomairangi Group,Healthcare,57,0,1/08/2024
D204725,C102072,11/01/2024,,Open,PAYROLL_DIY,Payroll DIY,Partners,dinkster,2289,0,Tui Partners,Software,7,0,1/01/2025
D204726,C103934,1/09/2024,30/09/2024,Closed Won,PAYROLL_MPS,Managed Payroll,Partners,mkoenen,7098,0,Harbour Partners,Legal,14,0,1/10/2024
D204727,C104869,20/12/2024,,Open,PAYROLL_DIY,Payroll DIY,Partners,shao,3817,0,Beta Limited,Education,36,0,1/06/2024
D204728,C102417,24/05/2025,,Open,ADD_ON_TKR,TKR Add-on,Direct,awong,757,0,Atlas Duncan Air Limited,Manufacturing,80,0,1/05/2025
D204729,C104426,8/05/2025,17/07/2025,Closed Lost,PAYROLL_DIY,Payroll DIY,Direct,mkoenen,654,0,Rimu Holdings,Construction,2,0,
D204730,C104438,16/07/2024,27/09/2024,Closed Lost,ADD_ON_TKR,TKR Add-on,Partners,dinkster,300,0,Duncan Air Trust,Construction,35,0,
D204731,C100406,2/04/2025,11/06/2025,Closed Won,ADD_ON_TKR,TKR Add-on,Direct,mkoenen,76,0,Nimbus Group,Legal,59,0,1/07/2025
D204732,C104561,1/07/2024,19/09/2024,Closed Lost,PAYROLL_DIY,Payroll DIY,Direct,awong,1570,0,Alpha Co.,Software,8,0,
D204733,C103997,17/10/2024,,Open,PAYROLL_MPS,Managed Payroll,Direct,shao,4706,0,Harbour Group,Manufacturing,22,1,1/08/2024
D204734,C102020,16/02/2025,,Open,PAYROLL_MPS,Managed Payroll,Direct,mkoenen,0,0,Ohomairangi Trust,Legal,41,0,1/03/2024
D204735,C100027,5/07/2024,,Open,PAYROLL_DIY,Payroll DIY,Partners,unassigned,2000,0,Summit Limited,Education,51,0,1/06/2024
D204736,C104815,20/09/2024,30/10/2024,Closed Won,ADD_ON_TKR,TKR Add-on,Direct,unassigned,792,0,Nimbus Tui Partners,Healthcare,15,0,1/11/2024
D204737,C102508,12/09/2024,,Open,PAYROLL_DIY,Payroll DIY,Direct,dt,627,0,Harbour Limited,Manufacturing,63,0,1/04/2025
D204738,C100483,25/07/2024,9/09/2024,Closed Won,ADD_ON_TKR,TKR Add-on,Direct,mkoenen,745,0,Atlas Kauri Holdings,Manufacturing,2,0,1/10/2024
D204739,C102613,2/04/2024,18/06/2024,Closed Won,PM,People Management,Partners,shao,1031,0,Kea Partners,Retail,2,1,1/08/2024
D204740,C102658,5/03/2025,23/03/2025,Closed Won,ADD_ON_TKR,TKR Add-on,Partners,awong,170,0,Nimbus Limited,Manufacturing,94,0,1/05/2025
D204741,C101800,4/05/2024,16/05/2024,Closed Won,PAYROLL_MPS,Managed Payroll,Partners,mkoenen,5088,0,Tui Holdings,Legal,27,0,1/06/2024
D204742,C100146,7/06/2024,,Open,ADD_ON_TKR,TKR Add-on,Partners,awong,885,0,Wenita Group,Retail,79,1,1/07/2025
D204743,C100223,25/12/2024,14/01/2025,Closed Won,ADD_ON_TKR,TKR Add-on,Direct,dt,563,0,Harbour Co.,Legal,18,0,1/02/2025
D204744,C101731,21/01/2025,15/03/2025,Closed Won,ADD_ON_TKR,TKR Add-on,Partners,dinkster,1241,0,Tui Co.,Construction,1,0,1/04/2025
D204745,C103877,28/06/2025,,Open,PAYROLL_DIY,Payroll DIY,Direct,mkoenen,199,0,Duncan Air Services,Manufacturing,1,0,1/11/2024
D204746,C104859,20/03/2025,19/05/2025,Closed Won,PM,People Management,Direct,dinkster,2249,0,Atlas Trust,Education,24,0,1/06/2025
D204747,C101368,28/12/2024,8/03/2025,Closed Won,ADD_ON_TKR,TKR Add-on,Direct,shao,891,0,Tui Holdings,Retail,26,1,1/04/2025
D204748,C101234,12/06/2025,,Open,PAYROLL_DIY,Payroll DIY,Direct,dinkster,3087,0,Nimbus Group,Healthcare,1,0,1/12/2024
D204749,C101695,10/02/2024,17/03/2024,Closed Won,PM,People Management,Direct,dt,0,0,Beta Trust,Software,37,0,1/04/2024
D204750,C103222,27/11/2024,28/01/2025,Closed Lost,ADD_ON_TKR,TKR Add-on,Partners,awong,0,0,Duncan Air Holdings,Accounting,59,0,
D204751,C101680,31/05/2024,17/08/2024,Closed Won,ADD_ON_TKR,TKR Add-on,Partners,unassigned,959,0,Rimu Limited,Construction,15,0,1/08/2024
D204752,C103956,12/09/2024,1/12/2024,Closed Lost,PAYROLL_MPS,Managed Payroll,Partners,awong,769,0,Nimbus Trust,Accounting,37,0,
D204753,C104387,10/11/2024,,Open,PAYROLL_DIY,Payroll DIY,Direct,unassigned,1223,0,Summit Services,Manufacturing,21,0,1/09/2024
D204754,C102830,3/04/2025,,Open,PAYROLL_MPS,Managed Payroll,Partners,awong,4502,0,Atlas Atlas Limited,Healthcare,1,0,1/09/2025
D204755,C100462,25/10/2024,,Open,PM,People Management,Partners,dt,1421,0,Atlas Limited,Manufacturing,9,0,1/02/2025
D204756,C100879,31/03/2025,,Open,PAYROLL_DIY,Payroll DIY,Partners,shao,1323,0,Nimbus Atlas Partners,Legal,7,1,1/01/2025
D204757,C104113,5/04/2024,29/04/2024,Closed Won,PAYROLL_DIY,Payroll DIY,Direct,unassigned,4212,0,Kauri Co.,Construction,63,0,1/05/2024
D204758,C101485,22/02/2025,,Open,PM,People Management,Partners,dinkster,2377,0,Pivot Duncan Air Group,Retail,35,0,1/11/2024
D204759,C100306,22/04/2024,8/07/2024,Closed Won,ADD_ON_TKR,TKR Add-on,Partners,awong,113,0,Pivot Tui Holdings,Manufacturing,31,0,1/07/2024
D204760,C100637,23/05/2024,,Open,PM,People Management,Partners,mkoenen,1710,0,Tui Kauri Group,Manufacturing,9,1,1/11/2024
D204761,C101735,17/04/2025,12/07/2025,Closed Won,PAYROLL_DIY,Payroll DIY,Partners,shao,2093,0,Duncan Air Atlas Services,Legal,10,0,1/08/2025
D204762,C103305,26/07/2024,7/09/2024,Closed Won,PAYROLL_MPS,Managed Payroll,Direct,awong,5872,0,Nimbus Services,Construction,16,0,1/10/2024
D204763,C100315,25/12/2024,,Open,ADD_ON_TKR,TKR Add-on,Direct,dt,360,0,Alpha Duncan Air Limited,Education,1,0,1/08/2025
D204764,C103439,8/01/2025,28/01/2025,Closed Won,PM,People Management,Partners,awong,2325,0,Harbour Group,Construction,49,0,1/02/2025
D204765,C104835,3/02/2025,26/04/2025,Closed Lost,PAYROLL_MPS,Managed Payroll,Direct,dt,4037,0,Alpha Services,Education,89,0,
D204766,C103923,20/02/2024,15/03/2024,Closed Won,ADD_ON_TKR,TKR Add-on,Direct,dt,1043,0,Kea Harbour Group,Accounting,1,0,1/03/2024
D204767,C102926,2/03/2024,1/04/2024,Closed Won,ADD_ON_TKR,TKR Add-on,Partners,dinkster,715,0,Kea Holdings,Retail,7,0,1/04/2024
D204768,C103261,17/02/2025,8/03/2025,Closed Lost,PAYROLL_MPS,Managed Payroll,Partners,dinkster,1834,0,Summit Nimbus Ltd,Software,19,0,
D204769,C100504,9/03/2024,30/03/2024,Closed Won,PM,People Management,Partners,unassigned,626,0,Nimbus Co.,Legal,110,0,1/04/2024
D204770,C103469,30/03/2025,,Open,PM,People Management,Partners,dt,347,0,Kauri Holdings,Retail,1,0,1/12/2024
D204771,C103823,18/04/2025,23/05/2025,Closed Won,PAYROLL_DIY,Payroll DIY,Partners,dinkster,2795,0,Ohomairangi Trust,Healthcare,19,1,1/06/2025
D204772,C104503,9/10/2024,29/11/2024,Closed Won,PAYROLL_MPS,Managed Payroll,Partners,dinkster,261,1,Pivot Nimbus Ltd,Software,6,0,1/12/2024
D204773,C101374,17/02/2025,26/04/2025,Closed Won,PAYROLL_DIY,Payroll DIY,Direct,unassigned,1985,0,Atlas Alpha Limited,Software,42,0,1/05/2025
D204774,C101686,16/06/2024,,Open,PM,People Management,Partners,unassigned,1475,0,Alpha Atlas Services,Retail,15,0,1/02/2025
D204775,C102826,14/05/2024,4/07/2024,Closed Won,PAYROLL_MPS,Managed Payroll,Direct,nobody,2518,0,Beta Summit Partners,Education,1,0,1/08/2024
D204776,C100207,8/04/2025,23/04/2025,Closed Won,PAYROLL_MPS,Managed Payroll,Partners,unassigned_tmp,3689,0,Atlas Partners,Construction,51,0,1/04/2025
D204777,C101164,6/11/2024,,Open,PM,People Management,Partners,dinkster,1065,0,Wenita Trust,Healthcare,16,0,1/07/2024
D204778,C103168,18/10/2024,7/12/2024,Closed Won,PAYROLL_MPS,Managed Payroll,Partners,shao,5284,0,Kauri Holdings,Manufacturing,32,1,1/01/2025
D204779,C103862,13/01/2024,18/01/2024,Closed Won,ADD_ON_TKR,TKR Add-on,Direct,dinkster,572,0,Summit Limited,Legal,4,0,1/02/2024
D204780,C104865,13/05/2025,27/05/2025,Closed Lost,PAYROLL_DIY,Payroll DIY,Partners,unassigned,1256,0,Duncan Air Ltd,Software,33,0,
D204781,C102624,11/02/2024,12/03/2024,Closed Lost,PAYROLL_MPS,Managed Payroll,Direct,dinkster,6329,0,Rimu Tui Ltd,Software,30,0,
D204782,C101610,4/07/2024,13/09/2024,Closed Won,PAYROLL_DIY,Payroll DIY,Direct,unassigned,1690,0,Harbour Partners,Legal,39,0,1/09/2024
D204783,C100056,9/04/2024,,Open,PAYROLL_MPS,Managed Payroll,Partners,awong,1343,0,Ohomairangi Co.,Healthcare,44,0,1/04/2025
D204784,C102132,23/09/2024,26/11/2024,Closed Won,ADD_ON_TKR,TKR Add-on,Partners,shao,825,0,Rimu Partners,Education,1,1,1/12/2024
D204785,C101282,17/02/2025,,Open,PAYROLL_DIY,Payroll DIY,Partners,dinkster,602,0,Eurotec Summit Ltd,Manufacturing,1,0,1/11/2024
D204786,C104985,4/06/2025,2/09/2025,Closed Won,PM,People Management,Direct,dt,86,0,Kauri Co.,Software,1,0,1/10/2025
D204787,C104956,26/04/2024,,Open,ADD_ON_TKR,TKR Add-on,Partners,awong,876,0,Wenita Group,Accounting,13,0,1/12/2024
D204788,C102125,29/04/2025,3/07/2025,Closed Lost,PAYROLL_MPS,Managed Payroll,Direct,mkoenen,4468,0,Rimu Holdings,Education,4,0,
D204789,C103365,13/11/2024,9/02/2025,Closed Lost,PAYROLL_MPS,Managed Payroll,Direct,shao,3195,0,Rimu Co.,Accounting,5,1,
D204790,C102806,13/01/2025,26/02/2025,Closed Won,PAYROLL_MPS,Managed Payroll,Direct,dinkster,5246,0,Atlas Ltd,Construction,27,0,1/03/2025
D204791,C104358,25/10/2024,15/01/2025,Closed Won,PAYROLL_DIY,Payroll DIY,Direct,unassigned,0,0,Summit Trust,Software,71,0,1/02/2025
D204792,C102255,13/09/2024,19/10/2024,Closed Won,ADD_ON_TKR,TKR Add-on,Direct,shao,211,0,Rimu Co.,Software,14,1,1/11/2024
D204793,C101794,26/01/2024,22/03/2024,Closed Won,ADD_ON_TKR,TKR Add-on,Partners,dt,592,0,Kea Services,Manufacturing,12,1,1/04/2024
D204794,C104874,8/06/2024,,Open,ADD_ON_TKR,TKR Add-on,Partners,dinkster,1399,0,Kea Atlas Group,Healthcare,40,0,1/02/2025
D204795,C100202,26/04/2024,,Open,ADD_ON_TKR,TKR Add-on,Partners,dinkster,966,0,Atlas Limited,Manufacturing,1,0,1/06/2024
D204796,C100650,24/10/2024,10/12/2024,Closed Won,PAYROLL_DIY,Payroll DIY,Direct,dinkster,0,0,Wenita Co.,Construction,24,0,1/12/2024
D204797,C100680,5/06/2024,23/07/2024,Closed Won,ADD_ON_TKR,TKR Add-on,Partners,mkoenen,1148,0,Pivot Nimbus Group,Retail,8,0,1/08/2024
D204798,C103533,3/09/2024,,Open,PAYROLL_MPS,Managed Payroll,Partners,shao,3672,0,Alpha Group,Accounting,1,0,1/02/2025
D204799,C101726,6/05/2024,26/06/2024,Closed Lost,ADD_ON_TKR,TKR Add-on,Direct,shao,843,0,Nimbus Co.,Accounting,18,0,
D204800,C102505,10/12/2024,12/01/2025,Closed Won,PAYROLL_DIY,Payroll DIY,Partners,awong,2247,0,Duncan Air Ltd,Manufacturing,1,0,1/02/2025
D204801,C103424,11/02/2024,1/05/2024,Closed Won,PM,People Management,Partners,shao,2538,0,Duncan Air Tui Partners,Accounting,1,0,1/06/2024
D204802,C104691,9/05/2025,11/05/2025,Closed Lost,PAYROLL_MPS,Managed Payroll,Direct,awong,1063,0,Ohomairangi Kea Limited,Healthcare,32,0,
D204803,C103517,26/04/2024,15/06/2024,Closed Won,PM,People Management,Direct,unassigned,731,0,Tui Services,Construction,72,1,1/07/2024
D204804,C104409,26/05/2024,28/06/2024,Closed Lost,PM,People Management,Direct,dt,1638,0,Rimu Wenita Holdings,Accounting,18,0,
D204805,C101446,15/11/2024,16/01/2025,Closed Won,PM,People Management,Direct,unassigned,1123,0,Harbour Trust,Healthcare,33,0,1/02/2025
D204806,C101768,6/05/2024,,Open,PAYROLL_MPS,Managed Payroll,Direct,dt,3451,0,Tui Limited,Education,74,0,1/07/2024
D204807,C100673,27/09/2024,18/10/2024,Closed Won,PM,People Management,Direct,shao,1227,1,Tui Group,Software,40,0,1/11/2024
D204808,C101423,25/08/2024,5/10/2024,Closed Won,PAYROLL_DIY,Payroll DIY,Partners,mkoenen,1030,0,Kea Kauri Partners,Retail,1,0,1/11/2024
D204809,C102321,10/03/2025,29/03/2025,Closed Lost,ADD_ON_TKR,TKR Add-on,Partners,unassigned,822,0,Kauri Holdings,Accounting,1,0,
D204810,C102771,2/04/2024,18/04/2024,Closed Lost,ADD_ON_TKR,TKR Add-on,Partners,shao,1039,0,Nimbus Rimu Co.,Retail,64,0,
D204811,C104026,12/06/2024,9/08/2024,Closed Won,PM,People Management,Partners,awong,1231,0,Rimu Services,Retail,11,0,1/09/2024
D204812,C104316,23/02/2025,4/04/2025,Closed Won,PM,People Management,Direct,unassigned,2212,0,Duncan Air Group,Construction,63,0,1/05/2025
D204813,C101593,6/02/2025,7/05/2025,Closed Won,PM,People Management,Partners,mkoenen,79,0,Rimu Services,Construction,31,0,1/05/2025
D204814,C102339,21/07/2024,8/09/2024,Closed Lost,ADD_ON_TKR,TKR Add-on,Partners,dinkster,-1257,0,Atlas Services,Education,16,0,
D204815,C101634,26/06/2025,,Open,PAYROLL_MPS,Managed Payroll,Partners,mkoenen,2271,0,Harbour Limited,Software,36,0,1/01/2025
D204816,C103269,11/05/2025,5/08/2025,Closed Won,PAYROLL_DIY,Payroll DIY,Direct,dt,1988,0,Kauri Limited,Accounting,53,0,1/09/2025
D204817,C101454,4/12/2024,8/01/2025,Closed Won,PAYROLL_DIY,Payroll DIY,Partners,dinkster,2155,0,Kea Partners,Education,8,1,1/02/2025
D204818,C100597,6/05/2024,,Open,PM,People Management,Partners,mkoenen,1864,0,Summit Trust,Construction,1,0,1/09/2024
D204819,C101733,14/07/2024,14/08/2024,Closed Lost,PAYROLL_DIY,Payroll DIY,Direct,dt,599,0,Kauri Partners,Legal,1,0,
D204820,C102732,13/05/2025,,Open,PM,People Management,Partners,mkoenen,1337,0,Ohomairangi Pivot Group,Legal,7,1,1/11/2024
D204821,C103585,5/03/2025,7/04/2025,Closed Won,PAYROLL_MPS,Managed Payroll,Partners,unassigned,0,0,Ohomairangi Holdings,Construction,37,0,1/05/2025
D204822,C100288,20/01/2024,,Open,PAYROLL_DIY,Payroll DIY,Direct,unassigned,2370,0,Pivot Services,Education,31,1,1/03/2024
D204823,C101385,10/02/2024,10/05/2024,Closed Won,ADD_ON_TKR,TKR Add-on,Partners,dinkster,1123,0,Harbour Co.,Legal,1,0,1/05/2024
D204824,C104795,8/09/2024,6/11/2024,Closed Won,PAYROLL_MPS,Managed Payroll,Direct,awong,0,0,Kea Partners,Software,31,1,1/11/2024
D204825,C103878,17/08/2024,6/10/2024,Closed Won,PAYROLL_DIY,Payroll DIY,Direct,dinkster,1837,0,Nimbus Limited,Retail,27,1,1/10/2024
D204826,C101043,15/06/2024,8/08/2024,Closed Lost,ADD_ON_TKR,TKR Add-on,Partners,awong,1210,0,Kauri Ohomairangi Co.,Manufacturing,8,0,
D204827,C102907,3/03/2025,10/04/2025,Closed Lost,PAYROLL_DIY,Payroll DIY,Partners,dinkster,2681,0,Rimu Alpha Limited,Retail,60,0,1/05/2025
D204828,C102115,3/08/2024,26/08/2024,Closed Won,PAYROLL_DIY,Payroll DIY,Direct,dinkster,2136,0,Beta Partners,Legal,1,0,1/09/2024
D204829,C103210,3/12/2024,6/02/2025,Closed Won,PM,People Management,Partners,dt,727,0,Duncan Air Pivot Services,Software,2,0,1/02/2025
D204830,C104198,9/04/2024,19/05/2024,Closed Won,PM,People Management,Partners,awong,1496,0,Eurotec Trust,Manufacturing,1,0,1/06/2024
D204831,C102867,19/04/2025,27/06/2025,Closed Won,PAYROLL_MPS,Managed Payroll,Partners,dinkster,5944,0,Harbour Harbour Trust,Retail,17,0,1/07/2025
D204832,C102325,14/03/2025,15/05/2025,Closed Won,ADD_ON_TKR,TKR Add-on,Direct,dt,1387,0,Summit Beta Co.,Legal,79,0,1/06/2025
D204833,C104486,22/09/2024,6/11/2024,Closed Won,PAYROLL_DIY,Payroll DIY,Partners,dinkster,1410,0,Beta Partners,Software,14,0,1/11/2024
D204834,C102015,27/05/2025,,Open,ADD_ON_TKR,TKR Add-on,Direct,shao,135,0,Kauri Holdings,Construction,10,0,1/04/2024
D204835,C101209,26/07/2024,,Open,PM,People Management,Direct,dinkster,1233,0,Harbour Ltd,Healthcare,50,0,1/01/2025
D204836,C102966,7/05/2025,,Open,PAYROLL_MPS,Managed Payroll,Direct,shao,4528,0,Pivot Holdings,Manufacturing,50,0,1/04/2025
D204837,C100439,14/05/2024,7/08/2024,Closed Won,PAYROLL_MPS,Managed Payroll,Partners,nobody,5157,0,Ohomairangi Tui Partners,Healthcare,56,0,1/08/2024
D204838,C104742,19/12/2024,26/01/2025,Closed Won,PAYROLL_MPS,Managed Payroll,Direct,shao,3614,0,Kea Group,Software,4,0,1/02/2025
D204839,C100208,10/05/2025,15/07/2025,Closed Won,PAYROLL_DIY,Payroll DIY,Partners,unassigned,2253,0,Harbour Ltd,Software,77,0,1/08/2025
D204840,C101045,21/10/2024,,Open,PAYROLL_DIY,Payroll DIY,Direct,mkoenen,817,0,Tui Tui Services,Construction,12,0,1/06/2025
D204841,C103638,1/01/2025,6/02/2025,Closed Lost,ADD_ON_TKR,TKR Add-on,Partners,unassigned,688,0,Duncan Air Group,Construction,15,0,
D204842,C100567,15/02/2024,30/04/2024,Closed Lost,PAYROLL_MPS,Managed Payroll,Direct,dt,2868,0,Kauri Trust,Construction,22,0,
D204843,C101865,3/09/2024,,Open,PM,People Management,Partners,shao,999,0,Pivot Limited,Construction,65,0,1/09/2025
D204844,C102685,10/01/2024,,Open,PM,People Management,Partners,unassigned,-862,0,Harbour Trust,Manufacturing,11,0,1/08/2025
D204845,C102551,17/06/2024,1/09/2024,Closed Won,PAYROLL_MPS,Managed Payroll,Partners,unassigned,4994,0,Kauri Limited,Healthcare,1,0,1/09/2024
D204846,C103211,14/03/2024,,Open,PAYROLL_MPS,Managed Payroll,Direct,mkoenen,5818,0,Eurotec Co.,Retail,1,0,1/03/2024
D204847,C104466,12/09/2024,,Open,PM,People Management,Direct,awong,1306,0,Alpha Partners,Education,19,0,1/05/2025
D204848,C101035,3/06/2024,27/06/2024,Closed Won,PM,People Management,Direct,dinkster,1478,0,Beta Co.,Education,36,0,1/07/2024
D204849,C104668,4/07/2024,,Open,PM,People Management,Direct,shao,1826,0,Wenita Trust,Software,30,0,1/02/2025
D204850,C102191,31/03/2025,12/05/2025,Closed Won,ADD_ON_TKR,TKR Add-on,Partners,shao,0,0,Summit Nimbus Trust,Legal,1,0,1/06/2025
D204851,C103744,1/12/2024,11/02/2025,Closed Won,PAYROLL_MPS,Managed Payroll,Direct,mkoenen,1366,0,Atlas Limited,Retail,11,0,1/02/2025
D204852,C101224,28/10/2024,,Open,PAYROLL_MPS,Managed Payroll,Direct,mkoenen,994,0,Atlas Pivot Co.,Retail,52,0,1/02/2025
D204853,C103517,31/03/2024,6/06/2024,Closed Lost,ADD_ON_TKR,TKR Add-on,Direct,shao,605,0,Tui Services,Construction,72,1,
D204854,C102306,13/01/2024,,Open,ADD_ON_TKR,TKR Add-on,Partners,dt,1405,0,Duncan Air Alpha Limited,Manufacturing,13,0,1/03/2024
D204855,C104745,4/04/2025,,Open,PM,People Management,Direct,shao,464,0,Rimu Services,Education,62,0,1/04/2025
D204856,C104980,7/06/2025,3/09/2025,Closed Won,PAYROLL_DIY,Payroll DIY,Partners,dinkster,2904,0,Beta Group,Construction,57,0,1/09/2025
D204857,C103697,23/12/2024,,Open,PAYROLL_MPS,Managed Payroll,Partners,mkoenen,3494,0,Nimbus Ohomairangi Limited,Legal,38,0,1/05/2024
D204858,C104045,16/03/2025,25/03/2025,Closed Won,PAYROLL_DIY,Payroll DIY,Direct,awong,3042,0,Alpha Alpha Ltd,Accounting,40,0,1/04/2025
D204859,C103421,9/01/2025,10/01/2025,Closed Lost,PM,People Management,Partners,awong,410,0,Summit Limited,Accounting,26,0,
D204860,C104285,19/10/2024,4/11/2024,Closed Won,PAYROLL_DIY,Payroll DIY,Partners,mkoenen,2686,0,Atlas Atlas Limited,Legal,1,0,1/12/2024
D204861,C101346,29/02/2024,,Open,PAYROLL_DIY,Payroll DIY,Partners,shao,801,0,Rimu Pivot Ltd,Software,67,0,1/11/2024
D204862,C104566,4/03/2024,21/05/2024,Closed Lost,PAYROLL_DIY,Payroll DIY,Partners,unassigned,1465,0,Kauri Co.,Manufacturing,1,0,
D204863,C101656,4/06/2024,8/06/2024,Closed Won,PAYROLL_MPS,Managed Payroll,Direct,mkoenen,2731,0,Harbour Ltd,Accounting,22,0,1/07/2024
D204864,C102243,8/07/2024,28/09/2024,Closed Won,PM,People Management,Direct,mkoenen,1228,0,Duncan Air Partners,Construction,18,0,1/11/2024
D204865,C104019,11/07/2024,31/08/2024,Closed Lost,PM,People Management,Partners,mkoenen,760,0,Eurotec Ltd,Manufacturing,1,0,
D204866,C100268,30/09/2024,,Open,PAYROLL_DIY,Payroll DIY,Direct,mkoenen,1812,0,Pivot Trust,Manufacturing,53,0,1/03/2024
D204867,C100164,25/02/2024,,Open,PM,People Management,Direct,nobody,1925,0,Wenita Harbour Group,Education,50,0,1/02/2025
D204868,C104222,17/10/2024,8/01/2025,Closed Won,PM,People Management,Partners,dt,323,0,Harbour Partners,Healthcare,66,0,1/02/2025
D204869,C103696,17/04/2025,5/07/2025,Closed Won,PM,People Management,Direct,shao,787,0,Atlas Group,Legal,49,0,1/08/2025
D204870,C101831,24/02/2024,1/05/2024,Closed Won,PAYROLL_DIY,Payroll DIY,Direct,dinkster,2440,0,Kauri Holdings,Construction,31,0,1/06/2024
D204871,C101655,1/04/2025,20/06/2025,Closed Won,ADD_ON_TKR,TKR Add-on,Direct,mkoenen,499,0,Alpha Atlas Ltd,Software,1,0,1/08/2025
D204872,C104230,12/05/2025,1/06/2025,Closed Won,ADD_ON_TKR,TKR Add-on,Partners,unassigned,1196,0,Tui Harbour Limited,Healthcare,50,0,1/06/2025
D204873,C102106,6/12/2024,12/02/2025,Closed Won,PM,People Management,Direct,awong,2185,0,Atlas Co.,Accounting,1,0,1/03/2025
D204874,C102387,1/07/2024,11/07/2024,Closed Won,PAYROLL_DIY,Payroll DIY,Partners,shao,2970,0,Alpha Trust,Education,75,0,1/07/2024
D204875,C100367,6/06/2024,26/06/2024,Closed Lost,PAYROLL_MPS,Managed Payroll,Partners,dt,4218,0,Alpha Ohomairangi Limited,Accounting,6,0,
D204876,C104496,21/08/2024,,Open,PAYROLL_MPS,Managed Payroll,Partners,shao,5796,0,Kea Wenita Holdings,Retail,77,0,1/12/2024
D204877,C101895,12/06/2024,15/07/2024,Closed Won,PAYROLL_DIY,Payroll DIY,Direct,mkoenen,869,0,Kea Alpha Group,Healthcare,1,0,1/08/2024
D204878,C100611,9/08/2024,12/09/2024,Closed Won,PAYROLL_DIY,Payroll DIY,Direct,awong,2578,0,Harbour Harbour Ltd,Accounting,102,0,1/10/2024
D204879,C102130,10/12/2024,18/01/2025,Closed Won,PAYROLL_MPS,Managed Payroll,Direct,awong,7898,0,Wenita Kauri Partners,Education,36,0,1/03/2025
D204880,C104359,27/08/2024,26/09/2024,Closed Won,PAYROLL_DIY,Payroll DIY,Partners,shao,1777,0,Atlas Ltd,Retail,29,0,1/10/2024
D204881,C102461,3/08/2024,4/08/2024,Closed Won,ADD_ON_TKR,TKR Add-on,Partners,dinkster,1447,0,Kea Group,Accounting,44,0,1/08/2024
D204882,C102965,21/11/2024,30/12/2024,Closed Lost,PM,People Management,Partners,shao,1555,0,Nimbus Holdings,Manufacturing,20,0,
D204883,C102045,6/10/2024,19/10/2024,Closed Won,ADD_ON_TKR,TKR Add-on,Direct,dt,836,0,Duncan Air Partners,Healthcare,16,0,1/11/2024
D204884,C102752,13/08/2024,21/09/2024,Closed Lost,PAYROLL_DIY,Payroll DIY,Direct,awong,3260,0,Beta Kauri Ltd,Legal,26,0,
D204885,C103345,25/03/2024,26/04/2024,Closed Lost,PAYROLL_DIY,Payroll DIY,Direct,shao,3345,0,Eurotec Ltd,Education,1,0,
D204886,C101697,22/11/2024,27/11/2024,Closed Lost,PAYROLL_DIY,Payroll DIY,Direct,unassigned,1303,0,Tui Holdings,Accounting,5,0,
D204887,C101284,3/09/2024,,Open,PM,People Management,Partners,mkoenen,2116,0,Rimu Ltd,Software,1,0,1/04/2024
D204888,C103778,7/06/2025,22/07/2025,Closed Won,PM,People Management,Direct,dinkster,697,0,Harbour Rimu Partners,Retail,64,0,1/09/2025
D204889,C104943,8/08/2024,3/11/2024,Closed Won,PAYROLL_DIY,Payroll DIY,Direct,mkoenen,2137,0,Beta Co.,Accounting,29,0,1/11/2024
D204890,C102149,27/09/2024,,Open,ADD_ON_TKR,TKR Add-on,Partners,shao,407,0,Ohomairangi Limited,Healthcare,29,0,1/09/2025
D204891,C100475,9/11/2024,8/12/2024,Closed Won,PAYROLL_MPS,Managed Payroll,Partners,unassigned,3390,1,Summit Alpha Partners,Education,1,0,1/12/2024
D204892,C103020,12/06/2024,6/09/2024,Closed Won,PAYROLL_DIY,Payroll DIY,Partners,dinkster,1572,0,Alpha Ltd,Healthcare,1,0,1/09/2024
D204893,C100050,27/04/2024,30/04/2024,Closed Won,PAYROLL_MPS,Managed Payroll,Direct,awong,2383,0,Tui Services,Manufacturing,73,0,1/05/2024
D204894,C103266,8/01/2025,17/03/2025,Closed Won,PAYROLL_MPS,Managed Payroll,Partners,shao,1543,0,Harbour Co.,Legal,61,0,1/03/2025
D204895,C100720,2/05/2025,17/05/2025,Closed Won,PM,People Management,Direct,awong,420,0,Eurotec Holdings,Education,34,0,1/07/2025
D204896,C104115,8/01/2024,1/03/2024,Closed Lost,ADD_ON_TKR,TKR Add-on,Partners,dt,745,0,Atlas Pivot Limited,Legal,17,0,
D204897,C102529,23/02/2024,16/05/2024,Closed Won,PAYROLL_DIY,Payroll DIY,Direct,mkoenen,1510,0,Kauri Limited,Manufacturing,83,0,1/06/2024
D204898,C101770,8/04/2024,5/05/2024,Closed Won,PAYROLL_MPS,Managed Payroll,Partners,shao,2648,0,Kauri Ltd,Education,11,0,1/06/2024
D204899,C101661,15/01/2025,19/03/2025,Closed Won,PM,People Management,Partners,dt,970,0,Kauri Limited,Education,41,0,1/04/2025
D204900,C103065,19/04/2024,,Open,ADD_ON_TKR,TKR Add-on,Partners,dt,100,0,Duncan Air Atlas Ltd,Accounting,16,0,1/12/2024
D204901,C103542,7/11/2024,14/11/2024,Closed Lost,PAYROLL_DIY,Payroll DIY,Partners,dt,500,0,Ohomairangi Rimu Co.,Healthcare,11,0,
D204902,C103816,18/06/2024,,Open,PAYROLL_MPS,Managed Payroll,Direct,mkoenen,632,0,Kauri Trust,Construction,32,0,1/07/2025
D204903,C101820,24/12/2024,7/01/2025,Closed Won,PAYROLL_MPS,Managed Payroll,Partners,dinkster,4915,0,Nimbus Eurotec Limited,Education,16,0,1/01/2025
D204904,C102312,15/01/2025,,Open,ADD_ON_TKR,TKR Add-on,Partners,unassigned,685,0,Summit Partners,Manufacturing,51,0,1/09/2024
D204905,C101404,5/04/2025,12/04/2025,Closed Lost,PAYROLL_MPS,Managed Payroll,Partners,dt,6562,0,Harbour Trust,Software,1,0,
D204906,C101208,3/06/2025,6/06/2025,Closed Lost,ADD_ON_TKR,TKR Add-on,Partners,dt,1010,0,Wenita Limited,Construction,8,0,
D204907,C103829,16/03/2025,,Open,ADD_ON_TKR,TKR Add-on,Partners,unassigned,429,0,Pivot Co.,Manufacturing,19,0,1/10/2024
D204908,C100372,21/02/2025,17/05/2025,Closed Won,PAYROLL_DIY,Payroll DIY,Direct,unassigned,1719,0,Kauri Rimu Holdings,Manufacturing,34,0,1/06/2025
D204909,C104556,26/03/2024,,Open,PAYROLL_DIY,Payroll DIY,Direct,unassigned,1634,0,Harbour Trust,Construction,1,0,1/04/2025
D204910,C101800,13/02/2025,3/05/2025,Closed Won,PM,People Management,Partners,awong,461,0,Tui Holdings,Legal,27,0,1/06/2025
D204911,C103483,18/04/2025,1/07/2025,Closed Lost,ADD_ON_TKR,TKR Add-on,Direct,dinkster,1128,0,Beta Duncan Air Trust,Software,37,0,
D204912,C104199,15/01/2025,30/03/2025,Closed Won,PM,People Management,Partners,shao,863,0,Atlas Services,Manufacturing,52,1,1/04/2025
D204913,C101808,27/07/2024,,Open,ADD_ON_TKR,TKR Add-on,Partners,dt,530,0,Wenita Services,Construction,30,0,1/05/2025
D204914,C101569,6/01/2025,6/03/2025,Closed Won,ADD_ON_TKR,TKR Add-on,Partners,shao,478,0,Beta Beta Partners,Legal,34,1,1/03/2025
D204915,C101548,7/05/2025,16/07/2025,Closed Won,ADD_ON_TKR,TKR Add-on,Direct,dt,509,0,Eurotec Services,Construction,49,0,1/08/2025
D204916,C103984,3/07/2024,9/09/2024,Closed Won,PAYROLL_MPS,Managed Payroll,Direct,unassigned,4764,0,Tui Duncan Air Ltd,Construction,21,0,1/10/2024
D204917,C101634,13/05/2025,26/06/2025,Closed Won,PAYROLL_DIY,Payroll DIY,Partners,awong,1169,0,Harbour Limited,Software,36,0,1/07/2025
D204918,C100365,22/02/2024,,Open,PAYROLL_MPS,Managed Payroll,Direct,mkoenen,7619,0,Summit Services,Healthcare,80,0,1/05/2024
D204919,C104037,7/11/2024,19/11/2024,Closed Lost,ADD_ON_TKR,TKR Add-on,Direct,shao,324,0,Harbour Harbour Group,Construction,49,0,1/12/2024
D204920,C101590,21/08/2024,,Open,PM,People Management,Partners,dinkster,1661,0,Atlas Limited,Legal,1,0,1/09/2025
D204921,C103712,1/10/2024,4/12/2024,Closed Won,ADD_ON_TKR,TKR Add-on,Direct,awong,569,0,Nimbus Limited,Manufacturing,33,0,1/01/2025
D204922,C101843,13/01/2025,18/02/2025,Closed Won,ADD_ON_TKR,TKR Add-on,Partners,dt,1352,0,Kea Ltd,Manufacturing,64,0,1/03/2025
D204923,C104276,9/01/2025,4/02/2025,Closed Won,ADD_ON_TKR,TKR Add-on,Partners,dinkster,767,0,Rimu Services,Software,19,0,1/02/2025
D204924,C101402,2/01/2024,27/02/2024,Closed Lost,ADD_ON_TKR,TKR Add-on,Direct,awong,341,0,Kea Alpha Holdings,Software,1,1,
D204925,C102109,3/08/2024,15/09/2024,Closed Won,PM,People Management,Direct,dt,1524,0,Summit Ltd,Retail,16,0,1/10/2024
D204926,C101240,1/03/2025,12/04/2025,Closed Lost,PAYROLL_MPS,Managed Payroll,Partners,mkoenen,2792,0,Alpha Limited,Healthcare,48,0,
D204927,C102892,25/03/2024,11/05/2024,Closed Won,ADD_ON_TKR,TKR Add-on,Partners,unassigned,1006,0,Eurotec Services,Construction,1,0,1/06/2024
D204928,C101131,20/06/2024,5/08/2024,Closed Won,PAYROLL_MPS,Managed Payroll,Direct,awong,3071,0,Tui Group,Legal,1,0,1/09/2024
D204929,C100073,23/01/2024,3/02/2024,Closed Won,ADD_ON_TKR,TKR Add-on,Partners,unassigned,589,0,Eurotec Rimu Trust,Education,68,0,1/03/2024
D204930,C102255,21/01/2025,21/03/2025,Closed Won,PM,People Management,Direct,mkoenen,823,0,Rimu Co.,Software,14,1,1/05/2025
D204931,C101799,1/05/2024,27/05/2024,Closed Won,PM,People Management,Partners,awong,2267,0,Pivot Services,Legal,1,0,1/07/2024
D204932,C104696,6/12/2024,,Open,PAYROLL_DIY,Payroll DIY,Direct,dt,0,0,Summit Limited,Retail,5,0,1/05/2025
D204933,C102617,5/08/2024,13/08/2024,Closed Won,PAYROLL_DIY,Payroll DIY,Partners,mkoenen,3021,0,Ohomairangi Ltd,Accounting,23,0,1/08/2024
D204934,C103741,12/01/2025,,Open,PAYROLL_MPS,Managed Payroll,Partners,unassigned,3925,0,Ohomairangi Atlas Group,Retail,54,0,1/08/2024
D204935,C104114,27/01/2024,,Open,PAYROLL_MPS,Managed Payroll,Direct,shao,6401,0,Kea Ohomairangi Ltd,Legal,61,0,1/09/2024
D204936,C100027,13/05/2025,2/06/2025,Closed Lost,PAYROLL_MPS,Managed Payroll,Partners,dinkster,2984,0,Summit Limited,Education,51,0,
D204937,C104570,29/03/2025,15/05/2025,Closed Lost,PM,People Management,Partners,dt,1322,0,Ohomairangi Atlas Limited,Software,18,1,
D204938,C104313,21/04/2025,6/07/2025,Closed Won,PAYROLL_DIY,Payroll DIY,Partners,unassigned,2016,0,Atlas Kauri Group,Legal,72,0,1/07/2025
D204939,C102808,16/05/2024,,Open,ADD_ON_TKR,TKR Add-on,Partners,unassigned,713,0,Nimbus Holdings,Construction,41,0,1/03/2024
D204940,C100828,13/01/2025,24/03/2025,Closed Lost,PM,People Management,Direct,mkoenen,130,0,Tui Holdings,Manufacturing,40,0,
D204941,C104897,8/01/2024,24/02/2024,Closed Won,PAYROLL_DIY,Payroll DIY,Partners,shao,2161,0,Ohomairangi Holdings,Legal,31,0,1/03/2024
D204942,C103229,22/06/2025,17/08/2025,Closed Won,ADD_ON_TKR,TKR Add-on,Partners,dinkster,1426,0,Kauri Holdings,Education,25,0,1/09/2025
D204943,C104834,20/06/2024,,Open,ADD_ON_TKR,TKR Add-on,Direct,awong,1174,0,Tui Atlas Group,Software,36,0,1/05/2025
D204944,C101276,29/02/2024,6/04/2024,Closed Won,PM,People Management,Direct,mkoenen,814,0,Wenita Harbour Limited,Education,33,1,1/04/2024
D204945,C102843,15/12/2024,12/02/2025,Closed Won,ADD_ON_TKR,TKR Add-on,Partners,shao,977,0,Eurotec Services,Construction,13,0,1/03/2025
D204946,C100146,28/02/2025,,Open,PM,People Management,Direct,shao,805,0,Wenita Group,Retail,79,1,1/01/2025
D204947,C101333,13/04/2024,6/06/2024,Closed Won,ADD_ON_TKR,TKR Add-on,Partners,awong,779,0,Rimu Tui Limited,Software,35,1,1/06/2024
D204948,C100064,21/04/2025,2/07/2025,Closed Won,PM,People Management,Partners,mkoenen,740,0,Eurotec Partners,Retail,1,0,1/08/2025
D204949,C102246,12/08/2024,,Open,PAYROLL_MPS,Managed Payroll,Direct,unassigned,5739,0,Kea Harbour Services,Software,1,0,1/08/2025
D204950,C104472,10/03/2024,,Open,PM,People Management,Direct,shao,720,0,Eurotec Limited,Education,41,1,1/08/2024
D204951,C104861,18/04/2025,22/04/2025,Closed Lost,PAYROLL_DIY,Payroll DIY,Partners,nobody,306,0,Rimu Partners,Accounting,24,0,
D204952,C100294,11/08/2024,7/11/2024,Closed Won,ADD_ON_TKR,TKR Add-on,Direct,awong,865,0,Pivot Ltd,Accounting,71,0,1/12/2024
D204953,C103586,11/03/2025,7/04/2025,Closed Lost,ADD_ON_TKR,TKR Add-on,Partners,unassigned,0,0,Rimu Co.,Construction,95,0,
D204954,C104551,4/01/2025,,Open,PAYROLL_DIY,Payroll DIY,Partners,dinkster,2829,0,Kea Services,Manufacturing,1,0,1/06/2025
D204955,C103013,26/10/2024,12/11/2024,Closed Won,PM,People Management,Partners,awong,423,0,Eurotec Limited,Retail,1,0,1/11/2024
D204956,C102128,30/09/2024,20/10/2024,Closed Lost,PAYROLL_DIY,Payroll DIY,Direct,dinkster,2372,0,Harbour Co.,Manufacturing,2,0,
D204957,C100093,18/02/2024,,Open,PM,People Management,Direct,mkoenen,873,0,Atlas Beta Holdings,Software,30,0,1/02/2025
D204958,C102002,6/12/2024,,Open,PAYROLL_DIY,Payroll DIY,Direct,mkoenen,1867,0,Tui Eurotec Group,Education,31,0,1/04/2025
D204959,C102915,2/04/2025,13/05/2025,Closed Won,PM,People Management,Partners,dt,1006,0,Harbour Eurotec Limited,Manufacturing,51,1,1/06/2025
D204960,C103234,9/06/2025,10/07/2025,Closed Won,PM,People Management,Direct,mkoenen,2050,0,Pivot Limited,Manufacturing,25,0,1/08/2025
D204961,C103516,12/02/2024,21/04/2024,Closed Won,PAYROLL_DIY,Payroll DIY,Direct,dt,1556,0,Wenita Co.,Accounting,93,0,1/05/2024
D204962,C104046,14/01/2024,22/03/2024,Closed Won,PAYROLL_MPS,Managed Payroll,Partners,unassigned,3702,0,Kea Co.,Construction,11,0,1/05/2024
D204963,C102145,27/02/2025,14/05/2025,Closed Won,PM,People Management,Partners,unassigned,1678,0,Kauri Trust,Retail,62,0,1/06/2025
D204964,C100440,26/02/2024,,Open,PAYROLL_DIY,Payroll DIY,Partners,shao,904,0,Kea Ltd,Accounting,67,0,1/06/2025
D204965,C104773,8/03/2024,,Open,ADD_ON_TKR,TKR Add-on,Direct,dt_tmp,1520,0,Eurotec Services,Accounting,18,0,1/12/2024
D204966,C100275,9/05/2024,1/06/2024,Closed Lost,PAYROLL_DIY,Payroll DIY,Direct,shao,1645,0,Kauri Tui Group,Healthcare,52,0,
D204967,C100892,1/11/2024,26/11/2024,Closed Won,ADD_ON_TKR,TKR Add-on,Partners,shao,809,0,Atlas Limited,Manufacturing,39,1,1/12/2024
D204968,C104072,13/03/2024,20/04/2024,Closed Lost,PM,People Management,Partners,mkoenen,1183,0,Kea Rimu Holdings,Software,52,0,
D204969,C100214,22/07/2024,1/09/2024,Closed Won,PAYROLL_MPS,Managed Payroll,Partners,dt,2036,0,Rimu Kauri Group,Construction,47,0,1/10/2024
D204970,C102919,12/08/2024,,Open,PAYROLL_MPS,Managed Payroll,Partners,mkoenen,3339,0,Atlas Limited,Accounting,53,1,1/10/2024
D204971,C101562,13/04/2025,14/04/2025,Closed Won,PAYROLL_MPS,Managed Payroll,Partners,dinkster,5699,0,Eurotec Ltd,Manufacturing,33,0,1/05/2025
D204972,C101040,18/09/2024,,Open,PAYROLL_DIY,Payroll DIY,Partners,awong,1906,0,Ohomairangi Limited,Healthcare,33,0,1/11/2024
D204973,C102154,3/01/2025,18/01/2025,Closed Lost,PAYROLL_DIY,Payroll DIY,Partners,dinkster,1765,0,Pivot Kauri Limited,Software,31,0,
D204974,C104251,4/05/2025,14/05/2025,Closed Won,PM,People Management,Partners,mkoenen,241,0,Eurotec Partners,Software,46,0,1/06/2025
D204975,C104795,19/05/2024,10/08/2024,Closed Won,ADD_ON_TKR,TKR Add-on,Direct,dinkster,742,0,Kea Partners,Software,31,1,1/09/2024
D204976,C102308,24/09/2024,1/11/2024,Closed Won,PM,People Management,Direct,dinkster,1606,0,Atlas Ltd,Retail,1,0,1/12/2024
D204977,C103350,15/10/2024,28/10/2024,Closed Won,PM,People Management,Direct,unassigned,349,0,Harbour Ltd,Healthcare,1,0,1/11/2024
D204978,C101183,22/03/2025,,Open,ADD_ON_TKR,TKR Add-on,Direct,dinkster,1249,0,Nimbus Ohomairangi Co.,Accounting,35,0,1/07/2024
D204979,C102371,21/09/2024,,Open,PAYROLL_MPS,Managed Payroll,Partners,dt,3991,0,Wenita Trust,Software,1,0,1/10/2024
D204980,C103969,13/06/2025,22/06/2025,Closed Won,PAYROLL_DIY,Payroll DIY,Direct,dt,1654,0,Duncan Air Limited,Retail,56,0,1/07/2025
D204981,C101090,29/01/2024,25/02/2024,Closed Won,ADD_ON_TKR,TKR Add-on,Direct,awong,549,0,Eurotec Partners,Retail,47,0,1/03/2024
D204982,C102879,24/05/2025,,Open,PAYROLL_MPS,Managed Payroll,Direct,dinkster,6601,0,Pivot Co.,Accounting,82,1,1/07/2024
D204983,C103488,12/10/2024,6/12/2024,Closed Won,PAYROLL_MPS,Managed Payroll,Partners,mkoenen,0,0,Ohomairangi Atlas Ltd,Software,50,1,1/12/2024
D204984,C102399,16/05/2024,3/06/2024,Closed Won,PAYROLL_MPS,Managed Payroll,Direct,unassigned,0,0,Rimu Co.,Manufacturing,82,0,1/07/2024
D204985,C103082,20/10/2024,17/12/2024,Closed Lost,PM,People Management,Partners,unassigned,950,0,Duncan Air Ltd,Healthcare,1,0,
D204986,C100936,22/08/2024,31/08/2024,Closed Won,PAYROLL_DIY,Payroll DIY,Direct,dinkster,603,0,Harbour Co.,Education,1,0,1/09/2024
D204987,C104932,20/06/2024,11/08/2024,Closed Won,PAYROLL_DIY,Payroll DIY,Direct,unassigned,939,0,Kauri Wenita Ltd,Construction,43,0,1/08/2024
D204988,C100576,15/08/2024,19/09/2024,Closed Lost,PAYROLL_DIY,Payroll DIY,Direct,mkoenen,1991,0,Kauri Co.,Retail,1,0,
D204989,C102869,29/04/2025,26/07/2025,Closed Won,ADD_ON_TKR,TKR Add-on,Partners,awong,602,0,Ohomairangi Partners,Software,72,0,1/08/2025
D204990,C104142,17/07/2024,1/08/2024,Closed Lost,PAYROLL_MPS,Managed Payroll,Direct,mkoenen,2674,0,Beta Limited,Legal,70,1,
D204991,C104303,3/08/2024,2/10/2024,Closed Won,PM,People Management,Direct,unassigned,1892,0,Ohomairangi Group,Retail,1,0,1/10/2024
D204992,C102843,24/03/2024,9/04/2024,Closed Lost,PAYROLL_MPS,Managed Payroll,Partners,unassigned,4313,0,Eurotec Services,Construction,13,0,
D204993,C104241,27/06/2025,,Open,PM,People Management,Partners,shao,1221,0,Atlas Kauri Group,Education,10,0,1/04/2025
D204994,C100587,11/03/2024,2/05/2024,Closed Won,PAYROLL_DIY,Payroll DIY,Direct,dt,1466,0,Kauri Holdings,Accounting,39,0,1/05/2024
D204995,C101101,10/03/2025,13/03/2025,Closed Lost,PM,People Management,Partners,awong,1492,0,Nimbus Services,Healthcare,40,0,
D204996,C100268,4/06/2025,18/08/2025,Closed Won,PM,People Management,Partners,dt,1312,0,Pivot Trust,Manufacturing,53,0,1/08/2025
D204997,C101237,24/08/2024,6/11/2024,Closed Won,PAYROLL_MPS,Managed Payroll,Direct,dt,3621,0,Summit Trust,Construction,8,0,1/12/2024
D204998,C104388,3/03/2024,14/05/2024,Closed Won,PM,People Management,Partners,unassigned,2053,0,Ohomairangi Partners,Manufacturing,7,0,1/06/2024
D204999,C102539,19/01/2024,14/03/2024,Closed Lost,ADD_ON_TKR,TKR Add-on,Direct,dt,373,0,Wenita Limited,Construction,29,0,
