deal_id,company_id,deal_created_date,deal_close_date,status,product_code,product_name,channel,owner,deal_mrr,reopened_flag
D200000,C101717,2024-01-15,2024-02-08,Closed Won,ADD_ON_TKR,TKR Add-on,Direct,mkoenen,1072,0
D200001,C101897,2024-12-28,2025-02-04,Closed Won,PAYROLL_DIY,Payroll DIY,Direct,shao,1239,0
D200002,C101403,2025-06-19,2025-08-07,Closed Lost,ADD_ON_TKR,TKR Add-on,Direct,dinkster,102,0
D200003,C101438,2025-07-03,2025-07-24,Closed Won,PM,People Management,Partners,awong,2063,0
D200004,C104426,2025-04-16,2025-05-08,Closed Won,PAYROLL_MPS,Managed Payroll,Direct,awong,2544,0
D200005,C103936,2025-02-02,2025-04-13,Closed Won,PM,People Management,Direct,mkoenen,1635,0
D200006,C100051,2025-06-01,,Open,ADD_ON_TKR,TKR Add-on,Partners,dt,0,0
D200007,C104398,2024-08-21,,Open,PM,People Management,Partners,unassigned,917,0
D200008,C101580,2024-05-12,,Open,ADD_ON_TKR,TKR Add-on,Partners,unassigned,791,0
D200009,C103848,2024-08-11,2024-08-28,Closed Won,ADD_ON_TKR,TKR Add-on,Direct,unassigned,1076,0
D200010,C103671,2024-01-24,2024-02-14,Closed Won,PM,People Management,Direct,unassigned,513,0
D200011,C101826,2025-04-05,,Open,ADD_ON_TKR,TKR Add-on,Direct,dinkster,1544,0
D200012,C100566,2025-01-03,,Open,ADD_ON_TKR,TKR Add-on,Partners,mkoenen,43,0
D200013,C104986,2024-01-11,2024-02-16,Closed Won,PM,People Management,Partners,mkoenen,1001,0
D200014,C101335,2024-10-17,2024-11-29,Closed Won,PM,People Management,Partners,unassigned,1936,0
D200015,C104773,2024-10-12,,Open,ADD_ON_TKR,TKR Add-on,Partners,awong,115,0
D200016,C100484,2024-03-28,2024-04-04,Closed Won,PAYROLL_MPS,Managed Payroll,Direct,dt,4475,0
D200017,C104458,2024-08-17,2024-10-11,Closed Won,PAYROLL_DIY,Payroll DIY,Partners,dt,3966,0
D200018,C101789,2024-07-30,2024-08-25,Closed Won,PM,People Management,Partners,mkoenen,856,0
D200019,C103120,2025-01-09,2025-04-04,Closed Lost,PM,People Management,Partners,unassigned,1311,0
D200020,C102790,2024-12-17,2025-02-03,Closed Lost,PM,People Management,Direct,dinkster,975,0
D200021,C103629,2024-04-27,2024-06-13,Closed Won,PM,People Management,Direct,dt,650,0
D200022,C103006,2024-05-26,,Open,PAYROLL_DIY,Payroll DIY,Partners,unassigned,245,0
D200023,C100788,2024-03-09,2024-04-02,Closed Lost,PAYROLL_DIY,Payroll DIY,Partners,dinkster,1793,0
D200024,C101675,2024-02-11,,Open,PAYROLL_MPS,Managed Payroll,Partners,unassigned,4092,0
D200025,C101159,2024-11-03,,Open,PAYROLL_MPS,Managed Payroll,Partners,unassigned,5608,0
D200026,C102330,2024-10-19,2025-01-17,Closed Won,PAYROLL_MPS,Managed Payroll,Direct,mkoenen,4321,0
D200027,C104519,2024-02-09,2024-05-04,Closed Won,PAYROLL_MPS,Managed Payroll,Partners,mkoenen,3773,0
D200028,C103919,2024-09-15,2024-12-08,Closed Won,PAYROLL_MPS,Managed Payroll,Direct,dinkster_tmp,1538,0
D200029,C102478,2024-08-26,2024-10-30,Closed Won,PM,People Management,Partners,awong,933,0
D200030,C103782,2025-03-13,2025-03-25,Closed Won,PAYROLL_MPS,Managed Payroll,Partners,shao,4335,0
D200031,C101669,2025-05-29,2025-06-27,Closed Won,PAYROLL_DIY,Payroll DIY,Direct,dinkster,1288,0
D200032,C100415,2025-06-24,2025-09-07,Closed Lost,ADD_ON_TKR,TKR Add-on,Partners,dinkster,1186,0
D200033,C100295,2025-06-09,2025-09-03,Closed Won,PAYROLL_MPS,Managed Payroll,Direct,dinkster,6035,0
D200034,C101241,2024-08-27,,Open,ADD_ON_TKR,TKR Add-on,Partners,awong,652,0
D200035,C100092,2024-08-10,2024-10-22,Closed Lost,PAYROLL_DIY,Payroll DIY,Direct,dt,451,0
D200036,C100247,2024-04-24,2024-05-21,Closed Won,PAYROLL_MPS,Managed Payroll,Direct,shao,2338,0
D200037,C103889,2025-02-04,2025-04-09,Closed Won,ADD_ON_TKR,TKR Add-on,Partners,unassigned,567,0
D200038,C103091,2024-08-01,2024-08-05,Closed Won,PAYROLL_MPS,Managed Payroll,Partners,unassigned,1832,0
D200039,C103600,2024-02-01,,Open,ADD_ON_TKR,TKR Add-on,Direct,awong,159,0
D200040,C104976,2024-10-14,2024-12-30,Closed Won,ADD_ON_TKR,TKR Add-on,Partners,unassigned,1244,0
D200041,C100885,2024-11-21,2024-11-23,Closed Won,PAYROLL_DIY,Payroll DIY,Partners,awong,2962,0
D200042,C101765,2024-02-01,,Open,ADD_ON_TKR,TKR Add-on,Partners,dt,1167,0
D200043,C101401,2024-09-06,2024-11-22,Closed Won,PAYROLL_DIY,Payroll DIY,Partners,shao,1039,0
D200044,C103062,2024-12-11,2025-01-26,Closed Lost,PM,People Management,Direct,shao,643,0
D200045,C102546,2025-06-15,,Open,PAYROLL_MPS,Managed Payroll,Partners,mkoenen,3189,0
D200046,C103247,2024-07-16,2024-08-16,Closed Won,PAYROLL_DIY,Payroll DIY,Direct,dinkster,790,0
D200047,C103528,2025-05-06,,Open,PM,People Management,Direct,mkoenen,1471,0
D200048,C100865,2025-04-13,2025-05-05,Closed Won,ADD_ON_TKR,TKR Add-on,Partners,mkoenen,760,0
D200049,C100651,2025-01-13,2025-03-24,Closed Won,PAYROLL_DIY,Payroll DIY,Partners,unassigned,1792,0
D200050,C100835,2024-11-10,2024-11-14,Closed Won,PAYROLL_MPS,Managed Payroll,Partners,awong,1382,0
D200051,C102208,2025-01-23,,Open,PM,People Management,Direct,unassigned,1787,0
D200052,C101896,2025-05-26,2025-06-30,Closed Won,PAYROLL_DIY,Payroll DIY,Direct,dinkster,1271,0
D200053,C103360,2025-03-10,2025-04-09,Closed Won,PAYROLL_DIY,Payroll DIY,Direct,awong,1223,0
D200054,C101806,2025-06-19,2025-09-03,Closed Won,ADD_ON_TKR,TKR Add-on,Partners,unassigned,1448,0
D200055,C104344,2024-08-25,2024-11-18,Closed Won,PAYROLL_DIY,Payroll DIY,Partners,unassigned,0,0
D200056,C104952,2024-03-28,2024-05-14,Closed Won,PAYROLL_DIY,Payroll DIY,Direct,awong,2248,0
D200057,C104322,2024-09-14,2024-10-09,Closed Lost,ADD_ON_TKR,TKR Add-on,Partners,,37,0
D200058,C102709,2024-12-09,,Open,PAYROLL_DIY,Payroll DIY,Partners,shao,1472,0
D200059,C101132,2024-03-27,,Open,ADD_ON_TKR,TKR Add-on,Partners,mkoenen,1448,0
D200060,C100919,2025-02-28,,Open,PAYROLL_DIY,Payroll DIY,Partners,shao,1414,0
D200061,C101918,2024-11-16,2025-01-08,Closed Lost,PAYROLL_MPS,Managed Payroll,Direct,shao,2736,0
D200062,C100746,2024-02-17,2024-04-14,Closed Won,PAYROLL_DIY,Payroll DIY,Partners,dt,1286,0
D200063,C100613,2024-09-02,2024-10-07,Closed Won,PM,People Management,Partners,awong,434,0
D200064,C102008,2024-11-16,2024-12-06,Closed Lost,PAYROLL_MPS,Managed Payroll,Direct,mkoenen,2249,0
D200065,C104544,2024-05-07,2024-05-14,Closed Lost,PAYROLL_MPS,Managed Payroll,Partners,dinkster,4548,0
D200066,C100678,2024-12-15,2025-01-01,Closed Won,PAYROLL_DIY,Payroll DIY,Partners,awong,-1509,0
D200067,C100989,2024-04-28,,Open,PAYROLL_DIY,Payroll DIY,Direct,dinkster,1603,0
D200068,C100844,2025-05-31,2025-08-13,Closed Won,ADD_ON_TKR,TKR Add-on,Partners,dinkster,1124,0
D200069,C104477,2024-12-10,,Open,PAYROLL_MPS,Managed Payroll,Direct,mkoenen,2458,0
D200070,C104059,2025-04-14,2025-06-14,Closed Won,PAYROLL_DIY,Payroll DIY,Direct,dinkster,2116,0
D200071,C104510,2024-06-16,,Open,ADD_ON_TKR,TKR Add-on,Partners,dt,895,0
D200072,C100159,2024-05-31,2024-07-17,Closed Won,PAYROLL_MPS,Managed Payroll,Direct,dt,5860,0
D200073,C100888,2024-01-02,,Open,PAYROLL_MPS,Managed Payroll,Partners,awong,4895,0
D200074,C100382,2024-09-08,2024-09-16,Closed Won,ADD_ON_TKR,TKR Add-on,Partners,dt,1022,0
D200075,C104217,2024-08-28,2024-10-02,Closed Won,PAYROLL_MPS,Managed Payroll,Partners,mkoenen,651,0
D200076,C103357,2024-12-21,2025-02-20,Closed Won,PM,People Management,Partners,dinkster,660,0
D200077,C101312,2025-05-29,2025-08-13,Closed Won,PM,People Management,Partners,mkoenen_tmp,1466,0
D200078,C101084,2024-06-01,2024-07-27,Closed Won,PAYROLL_MPS,Managed Payroll,Partners,dt,5042,0
D200079,C101407,2025-01-15,,Open,PAYROLL_MPS,Managed Payroll,Direct,awong,8167,0
D200080,C102112,2024-02-10,2024-03-11,Closed Lost,PM,People Management,Direct,mkoenen,1599,0
D200081,C101025,2024-12-16,2025-01-11,Closed Lost,ADD_ON_TKR,TKR Add-on,Direct,awong,1159,0
D200082,C103343,2024-08-01,2024-10-04,Closed Won,ADD_ON_TKR,TKR Add-on,Direct,shao,433,0
D200083,C101891,2025-04-21,2025-05-20,Closed Won,ADD_ON_TKR,TKR Add-on,Direct,shao,723,0
D200084,C103862,2024-02-24,2024-05-23,Closed Won,PM,People Management,Direct,unassigned,2166,0
D200085,C101610,2024-05-06,2024-07-14,Closed Lost,PAYROLL_MPS,Managed Payroll,Partners,dinkster,4934,0
D200086,C103988,2024-01-13,2024-02-11,Closed Won,ADD_ON_TKR,TKR Add-on,Direct,dt,331,0
D200087,C104680,2025-01-29,2025-04-23,Closed Won,ADD_ON_TKR,TKR Add-on,Partners,dinkster,323,0
D200088,C103011,2025-05-16,2025-07-25,Closed Lost,PAYROLL_MPS,Managed Payroll,Partners,dt,5601,0
D200089,C101623,2025-03-14,2025-04-30,Closed Won,PAYROLL_MPS,Managed Payroll,Partners,unassigned,4468,0
D200090,C101810,2025-04-12,2025-06-29,Closed Lost,ADD_ON_TKR,TKR Add-on,Direct,unassigned,1037,0
D200091,C104764,2025-03-06,,Open,PM,People Management,Direct,unassigned,1251,0
D200092,C103558,2025-06-20,2025-09-14,Closed Won,PAYROLL_DIY,Payroll DIY,Partners,unassigned,784,0
D200093,C104357,2025-03-14,2025-05-25,Closed Won,PM,People Management,Direct,,1224,0
D200094,C101383,2024-06-05,2024-07-21,Closed Won,ADD_ON_TKR,TKR Add-on,Direct,unassigned,615,0
D200095,C104886,2024-10-22,2025-01-02,Closed Won,PM,People Management,Partners,unassigned,643,0
D200096,C103849,2024-02-29,2024-03-28,Closed Won,PAYROLL_DIY,Payroll DIY,Direct,shao,1029,0
D200097,C103080,2024-08-14,2024-09-05,Closed Lost,PM,People Management,Partners,unassigned,365,0
D200098,C101675,2024-10-18,,Open,ADD_ON_TKR,TKR Add-on,Partners,dt,443,0
D200099,C100273,2024-01-11,2024-03-18,Closed Won,ADD_ON_TKR,TKR Add-on,Partners,unassigned,978,0
D200100,C103386,2024-11-12,2025-01-09,Closed Won,PAYROLL_MPS,Managed Payroll,Partners,dt,5053,0
D200101,C100190,2024-07-21,2024-09-13,Closed Won,PM,People Management,Partners,unassigned,1102,0
D200102,C102227,2025-03-04,2025-05-17,Closed Won,PM,People Management,Partners,mkoenen,1932,0
D200103,C102667,2024-05-13,2024-07-26,Closed Won,PAYROLL_DIY,Payroll DIY,Partners,mkoenen,1579,0
D200104,C102481,2025-04-05,2025-06-20,Closed Won,PAYROLL_MPS,Managed Payroll,Partners,dinkster,7941,0
D200105,C103236,2024-06-10,2024-06-18,Closed Lost,PAYROLL_MPS,Managed Payroll,Direct,awong,5246,0
D200106,C102297,2025-02-06,,Open,PAYROLL_MPS,Managed Payroll,Partners,shao,2579,0
D200107,C100918,2024-07-10,,Open,PM,People Management,Partners,awong,1771,0
D200108,C100368,2024-08-02,2024-09-11,Closed Won,ADD_ON_TKR,TKR Add-on,Partners,mkoenen,681,0
D200109,C103525,2024-05-05,2024-05-16,Closed Lost,ADD_ON_TKR,TKR Add-on,Direct,shao,727,0
D200110,C104706,2025-02-18,2025-04-04,Closed Lost,ADD_ON_TKR,TKR Add-on,Direct,unassigned,1524,0
D200111,C101815,2024-08-08,2024-08-25,Closed Won,ADD_ON_TKR,TKR Add-on,Partners,awong,997,0
D200112,C100212,2024-06-20,2024-08-21,Closed Lost,PAYROLL_MPS,Managed Payroll,Direct,awong,7953,0
D200113,C100775,2024-04-04,,Open,PAYROLL_DIY,Payroll DIY,Partners,unassigned,2539,0
D200114,C104738,2024-04-28,2024-06-19,Closed Won,PM,People Management,Direct,dinkster,735,0
D200115,C104360,2025-03-24,2025-05-19,Closed Won,ADD_ON_TKR,TKR Add-on,Direct,,221,0
D200116,C101671,2024-06-15,,Open,PM,People Management,Direct,mkoenen,997,0
D200117,C101150,2024-03-17,,Open,PM,People Management,Partners,shao,1052,0
D200118,C102172,2024-02-12,2024-03-11,Closed Lost,ADD_ON_TKR,TKR Add-on,Direct,mkoenen,665,0
D200119,C103183,2025-02-13,2025-05-13,Closed Won,PAYROLL_MPS,Managed Payroll,Partners,unassigned,5189,0
D200120,C103035,2024-03-16,2024-05-18,Closed Won,PAYROLL_DIY,Payroll DIY,Direct,awong,1959,0
D200121,C101884,2024-08-14,2024-09-07,Closed Won,PM,People Management,Partners,dt,1010,0
D200122,C103515,2024-06-03,2024-07-10,Closed Won,PM,People Management,Partners,dt,283,0
D200123,C103169,2024-04-20,2024-06-11,Closed Lost,PAYROLL_DIY,Payroll DIY,Partners,dinkster,729,0
D200124,C101778,2025-03-08,2025-03-24,Closed Won,ADD_ON_TKR,TKR Add-on,Partners,awong,835,0
D200125,C104432,2024-03-18,2024-05-21,Closed Lost,PAYROLL_DIY,Payroll DIY,Partners,awong,1117,0
D200126,C102667,2024-09-26,2024-11-11,Closed Won,PAYROLL_DIY,Payroll DIY,Partners,awong,1696,0
D200127,C103741,2024-09-25,2024-11-20,Closed Won,PAYROLL_MPS,Managed Payroll,Partners,dt,263,0
D200128,C101172,2024-01-17,2024-03-03,Closed Won,ADD_ON_TKR,TKR Add-on,Partners,mkoenen,543,0
D200129,C100701,2024-12-19,2025-01-01,Closed Won,ADD_ON_TKR,TKR Add-on,Partners,mkoenen,300,0
D200130,C103074,2025-06-15,2025-06-17,Closed Won,PAYROLL_MPS,Managed Payroll,Partners,shao,3386,0
D200131,C103268,2025-03-21,2025-04-15,Closed Won,PM,People Management,Direct,dinkster,1397,0
D200132,C103383,2025-05-09,2025-05-25,Closed Lost,ADD_ON_TKR,TKR Add-on,Partners,mkoenen,193,0
D200133,C102981,2025-05-24,,Open,PAYROLL_MPS,Managed Payroll,Direct,unassigned,4378,0
D200134,C102786,2024-06-04,2024-07-24,Closed Won,PAYROLL_DIY,Payroll DIY,Direct,dt,2205,0
D200135,C102965,2024-02-27,2024-03-18,Closed Won,PAYROLL_DIY,Payroll DIY,Partners,unassigned,1140,0
D200136,C102229,2025-01-15,,Open,PAYROLL_DIY,Payroll DIY,Partners,dt,1678,0
D200137,C101012,2024-01-07,2024-01-26,Closed Lost,PM,People Management,Partners,unassigned,1531,0
D200138,C100615,2024-10-14,,Open,ADD_ON_TKR,TKR Add-on,Direct,dinkster,1052,0
D200139,C104847,2024-06-03,2024-07-12,Closed Lost,PAYROLL_DIY,Payroll DIY,Direct,awong,3435,0
D200140,C101777,2025-05-18,2025-07-30,Closed Lost,PAYROLL_DIY,Payroll DIY,Direct,,1428,0
D200141,C103345,2024-12-18,,Open,ADD_ON_TKR,TKR Add-on,Direct,unassigned,443,0
D200142,C102841,2024-05-10,2024-08-08,Closed Won,PM,People Management,Direct,shao,1352,0
D200143,C102637,2024-07-26,2024-08-04,Closed Won,ADD_ON_TKR,TKR Add-on,Direct,dt,596,0
D200144,C104319,2024-07-10,2024-09-09,Closed Won,PAYROLL_MPS,Managed Payroll,Direct,dinkster,2708,0
D200145,C104056,2024-11-02,2025-01-31,Closed Won,ADD_ON_TKR,TKR Add-on,Direct,unassigned,1067,0
D200146,C101762,2025-02-03,2025-04-22,Closed Lost,PAYROLL_MPS,Managed Payroll,Direct,dinkster,3453,0
D200147,C102421,2024-03-25,2024-04-28,Closed Won,PAYROLL_MPS,Managed Payroll,Direct,unassigned,4770,0
D200148,C101166,2025-01-26,,Open,PM,People Management,Partners,dinkster,2170,0
D200149,C101003,2025-01-06,2025-02-07,Closed Won,PM,People Management,Partners,shao,1649,0
D200150,C101687,2024-11-05,2024-12-14,Closed Won,ADD_ON_TKR,TKR Add-on,Partners,unassigned,1047,0
D200151,C100756,2025-05-02,2025-05-09,Closed Won,PAYROLL_MPS,Managed Payroll,Direct,dinkster,1127,0
D200152,C101798,2025-06-11,2025-07-18,Closed Won,PAYROLL_DIY,Payroll DIY,Direct,shao,1959,0
D200153,C100112,2024-10-23,2025-01-19,Closed Won,PAYROLL_DIY,Payroll DIY,Partners,unassigned,3011,0
D200154,C103795,2024-11-13,2025-01-16,Closed Won,PM,People Management,Direct,,0,1
D200155,C103680,2025-01-21,,Open,PAYROLL_MPS,Managed Payroll,Direct,dt,8125,0
D200156,C104413,2024-05-10,2024-06-07,Closed Won,ADD_ON_TKR,TKR Add-on,Direct,mkoenen,407,0
D200157,C100090,2024-11-02,2024-12-19,Closed Lost,ADD_ON_TKR,TKR Add-on,Direct,unassigned,954,0
D200158,C100265,2024-10-06,2024-11-05,Closed Won,PAYROLL_DIY,Payroll DIY,Direct,shao,2026,0
D200159,C104607,2024-04-03,2024-06-09,Closed Won,PM,People Management,Partners,dinkster,1725,0
D200160,C101925,2025-04-23,2025-05-05,Closed Lost,ADD_ON_TKR,TKR Add-on,Direct,dinkster,859,0
D200161,C100681,2025-02-24,2025-05-10,Closed Lost,PM,People Management,Partners,unassigned,1776,0
D200162,C102113,2024-06-19,2024-07-21,Closed Won,ADD_ON_TKR,TKR Add-on,Direct,awong,1012,0
D200163,C103778,2025-03-13,2025-05-13,Closed Won,ADD_ON_TKR,TKR Add-on,Partners,dt,1373,0
D200164,C100731,2025-05-12,2025-07-28,Closed Won,PAYROLL_DIY,Payroll DIY,Partners,shao,2921,0
D200165,C104025,2024-05-13,2024-07-30,Closed Won,PAYROLL_DIY,Payroll DIY,Partners,mkoenen,1966,0
D200166,C100870,2024-12-08,2024-12-09,Closed Won,PM,People Management,Partners,shao,1194,0
D200167,C100104,2024-03-30,2024-06-06,Closed Won,ADD_ON_TKR,TKR Add-on,Direct,mkoenen,1355,0
D200168,C102554,2024-04-01,2024-06-02,Closed Won,PAYROLL_MPS,Managed Payroll,Direct,mkoenen,1920,0
D200169,C103230,2024-05-01,2024-05-25,Closed Won,PAYROLL_MPS,Managed Payroll,Partners,shao,6317,0
D200170,C104649,2025-03-25,,Open,PM,People Management,Partners,dt,1682,0
D200171,C101601,2024-06-09,,Open,ADD_ON_TKR,TKR Add-on,Partners,awong,321,0
D200172,C103821,2025-05-26,2025-06-19,Closed Won,ADD_ON_TKR,TKR Add-on,Direct,dt,190,0
D200173,C100514,2024-02-05,,Open,PM,People Management,Partners,shao,1151,0
D200174,C104842,2024-10-27,,Open,PAYROLL_MPS,Managed Payroll,Partners,dinkster,4891,0
D200175,C103475,2024-12-25,2025-01-28,Closed Lost,PM,People Management,Partners,unassigned,1549,0
D200176,C102171,2025-03-29,2025-05-13,Closed Lost,PM,People Management,Direct,dinkster,1767,0
D200177,C100192,2025-01-08,2025-03-13,Closed Won,PAYROLL_MPS,Managed Payroll,Direct,dt,1905,0
D200178,C101859,2024-09-21,2024-09-25,Closed Won,PAYROLL_MPS,Managed Payroll,Partners,dinkster,9591,0
D200179,C101627,2025-06-30,2025-08-21,Closed Won,PAYROLL_MPS,Managed Payroll,Direct,unassigned,5317,0
D200180,C100351,2024-10-10,,Open,PAYROLL_DIY,Payroll DIY,Partners,shao,2035,0
D200181,C103164,2024-08-11,2024-09-13,Closed Won,PAYROLL_DIY,Payroll DIY,Partners,awong,1118,0
D200182,C104366,2025-04-07,2025-06-02,Closed Lost,PAYROLL_MPS,Managed Payroll,Direct,dinkster,3209,0
D200183,C103228,2025-03-18,2025-04-19,Closed Lost,PAYROLL_MPS,Managed Payroll,Direct,mkoenen,2876,0
D200184,C102749,2024-05-30,,Open,PM,People Management,Direct,awong,755,0
D200185,C104885,2024-12-01,2025-01-09,Closed Won,PM,People Management,Partners,mkoenen,736,0
D200186,C100177,2025-03-13,2025-04-15,Closed Won,PAYROLL_MPS,Managed Payroll,Partners,mkoenen,3548,0
D200187,C102817,2024-07-06,2024-07-30,Closed Won,ADD_ON_TKR,TKR Add-on,Direct,unassigned,364,0
D200188,C100697,2024-05-02,,Open,PAYROLL_MPS,Managed Payroll,Direct,unassigned,4399,0
D200189,C102981,2025-06-17,,Open,PAYROLL_DIY,Payroll DIY,Direct,shao,2225,0
D200190,C104137,2024-01-12,2024-01-21,Closed Won,PAYROLL_DIY,Payroll DIY,Partners,unassigned,2096,0
D200191,C104406,2024-11-04,2024-12-09,Closed Won,PAYROLL_MPS,Managed Payroll,Direct,shao,2695,0
D200192,C102691,2024-10-18,2024-10-19,Closed Lost,PM,People Management,Partners,dt,1279,0
D200193,C104145,2024-09-07,,Open,ADD_ON_TKR,TKR Add-on,Partners,shao,820,0
D200194,C104117,2024-09-30,,Open,PM,People Management,Direct,dt,804,0
D200195,C101525,2024-02-04,2024-03-23,Closed Won,ADD_ON_TKR,TKR Add-on,Direct,unassigned,1403,0
D200196,C102962,2024-06-11,2024-09-03,Closed Won,PAYROLL_DIY,Payroll DIY,Direct,dt,1314,0
D200197,C102014,2025-01-01,,Open,ADD_ON_TKR,TKR Add-on,Partners,dinkster,952,0
D200198,C104859,2024-04-30,,Open,PM,People Management,Direct,shao,1355,0
D200199,C102926,2024-08-08,2024-09-19,Closed Won,PAYROLL_DIY,Payroll DIY,Direct,dinkster,2184,0
D200200,C103149,2025-06-13,2025-06-21,Closed Won,PM,People Management,Direct,unassigned,2488,0
D200201,C101781,2025-06-12,2025-08-14,Closed Won,ADD_ON_TKR,TKR Add-on,Direct,dt,623,0
D200202,C102682,2024-08-30,2024-09-13,Closed Won,PM,People Management,Direct,dt,756,0
D200203,C101077,2024-12-29,,Open,PAYROLL_DIY,Payroll DIY,Partners,shao,420,0
D200204,C104324,2025-06-22,2025-07-03,Closed Lost,PM,People Management,Partners,dt,417,0
D200205,C102689,2024-11-06,2025-01-10,Closed Won,ADD_ON_TKR,TKR Add-on,Partners,awong,756,0
D200206,C102307,2024-04-27,,Open,PM,People Management,Direct,dt,975,0
D200207,C100219,2025-03-30,,Open,ADD_ON_TKR,TKR Add-on,Partners,dinkster,1413,0
D200208,C103016,2024-12-06,2024-12-16,Closed Won,PAYROLL_DIY,Payroll DIY,Direct,unassigned,1329,0
D200209,C102224,2025-01-16,2025-02-09,Closed Lost,PM,People Management,Partners,unassigned,1772,0
D200210,C104807,2024-09-11,2024-11-11,Closed Won,PAYROLL_DIY,Payroll DIY,Direct,mkoenen,1382,0
D200211,C103408,2025-04-17,,Open,PAYROLL_DIY,Payroll DIY,Partners,mkoenen,2548,0
D200212,C104002,2024-04-30,2024-06-16,Closed Won,PAYROLL_MPS,Managed Payroll,Partners,awong,2709,0
D200213,C101268,2024-06-05,2024-08-31,Closed Won,ADD_ON_TKR,TKR Add-on,Partners,dinkster,931,0
D200214,C101654,2024-10-09,2024-12-30,Closed Won,PAYROLL_DIY,Payroll DIY,Direct,dinkster,305,0
D200215,C102978,2025-03-21,,Open,PAYROLL_DIY,Payroll DIY,Partners,dt,1254,0
D200216,C103962,2025-02-28,2025-03-07,Closed Won,PM,People Management,Direct,dinkster,1794,0
D200217,C103880,2024-03-31,2024-05-13,Closed Won,ADD_ON_TKR,TKR Add-on,Partners,shao,1057,0
D200218,C103143,2024-02-17,,Open,PAYROLL_MPS,Managed Payroll,Direct,unassigned,0,0
D200219,C102869,2024-01-26,,Open,PAYROLL_DIY,Payroll DIY,Partners,dinkster,738,0
D200220,C103026,2024-07-28,2024-08-18,Closed Won,ADD_ON_TKR,TKR Add-on,Partners,awong,545,0
D200221,C104094,2024-02-13,2024-02-14,Closed Won,PAYROLL_MPS,Managed Payroll,Partners,dt,1057,0
D200222,C104327,2024-10-31,2024-12-28,Closed Won,PAYROLL_DIY,Payroll DIY,Partners,mkoenen,3168,0
D200223,C102449,2025-06-08,2025-07-02,Closed Lost,PM,People Management,Direct,unassigned,364,0
D200224,C103383,2024-11-10,2024-11-14,Closed Won,PM,People Management,Partners,unassigned,1295,0
D200225,C104865,2024-12-01,2025-02-27,Closed Won,ADD_ON_TKR,TKR Add-on,Partners,dinkster,125,0
D200226,C102506,2024-09-20,2024-12-08,Closed Won,PAYROLL_MPS,Managed Payroll,Partners,shao,4961,0
D200227,C101250,2025-01-22,,Open,PAYROLL_DIY,Payroll DIY,Partners,dinkster,945,0
D200228,C104254,2024-03-06,,Open,PAYROLL_DIY,Payroll DIY,Direct,shao,1868,0
D200229,C101117,2024-09-29,2024-12-01,Closed Won,PAYROLL_MPS,Managed Payroll,Direct,awong,7808,0
D200230,C103168,2024-03-06,2024-04-28,Closed Won,ADD_ON_TKR,TKR Add-on,Partners,unassigned,581,0
D200231,C104785,2025-01-29,2025-03-12,Closed Lost,ADD_ON_TKR,TKR Add-on,Partners,unassigned,1218,0
D200232,C103771,2025-05-29,2025-08-24,Closed Won,PAYROLL_DIY,Payroll DIY,Direct,dinkster,2410,0
D200233,C102092,2024-09-27,2024-11-20,Closed Won,PAYROLL_MPS,Managed Payroll,Direct,mkoenen,5752,0
D200234,C102058,2024-09-16,2024-09-24,Closed Won,PM,People Management,Direct,awong,579,0
D200235,C102668,2024-03-25,2024-04-06,Closed Lost,PM,People Management,Direct,dinkster,1431,0
D200236,C104483,2024-11-23,2024-12-05,Closed Won,PM,People Management,Direct,shao,0,0
D200237,C101525,2025-05-16,2025-08-13,Closed Lost,PAYROLL_DIY,Payroll DIY,Partners,shao,0,0
D200238,C104140,2024-03-20,2024-05-22,Closed Lost,PAYROLL_DIY,Payroll DIY,Direct,dinkster,978,0
D200239,C102420,2025-02-20,2025-05-08,Closed Won,PAYROLL_DIY,Payroll DIY,Partners,shao,1650,0
D200240,C100926,2024-10-23,2024-12-27,Closed Won,PAYROLL_MPS,Managed Payroll,Direct,dinkster_tmp,811,0
D200241,C103507,2024-03-19,2024-04-08,Closed Won,PAYROLL_MPS,Managed Payroll,Direct,mkoenen,4542,0
D200242,C100903,2024-10-16,,Open,PAYROLL_MPS,Managed Payroll,Direct,awong,5399,0
D200243,C103481,2025-02-25,2025-03-03,Closed Won,PAYROLL_MPS,Managed Payroll,Direct,shao,5418,0
D200244,C101192,2024-09-13,2024-10-26,Closed Won,PM,People Management,Direct,mkoenen,1621,0
D200245,C103724,2024-11-17,2024-11-18,Closed Won,PM,People Management,Partners,dt,0,0
D200246,C100581,2024-07-01,2024-09-06,Closed Won,PAYROLL_DIY,Payroll DIY,Partners,mkoenen,2687,0
D200247,C101881,2024-08-24,2024-10-11,Closed Won,PM,People Management,Partners,unassigned,0,0
D200248,C100459,2025-03-28,2025-04-22,Closed Lost,PAYROLL_MPS,Managed Payroll,Direct,unassigned,3917,0
D200249,C102738,2024-12-04,2025-02-16,Closed Lost,PAYROLL_DIY,Payroll DIY,Direct,unassigned,2695,0
D200250,C102645,2024-11-08,2024-11-13,Closed Won,PM,People Management,Direct,awong,756,0
D200251,C101950,2024-01-07,2024-02-24,Closed Won,PM,People Management,Direct,mkoenen,1560,0
D200252,C103322,2024-09-26,2024-11-23,Closed Won,PAYROLL_DIY,Payroll DIY,Direct,awong,2497,0
D200253,C101389,2024-08-17,,Open,ADD_ON_TKR,TKR Add-on,Direct,mkoenen,734,0
D200254,C103719,2025-01-22,2025-03-11,Closed Lost,PAYROLL_DIY,Payroll DIY,Partners,dt,1914,0
D200255,C100566,2024-02-28,2024-04-15,Closed Lost,PAYROLL_DIY,Payroll DIY,Partners,dt,3171,0
D200256,C104823,2024-08-04,,Open,ADD_ON_TKR,TKR Add-on,Partners,unassigned,729,0
D200257,C102424,2024-12-29,,Open,PM,People Management,Direct,dinkster,748,0
D200258,C103020,2024-01-07,2024-02-27,Closed Lost,PAYROLL_MPS,Managed Payroll,Direct,mkoenen,1476,0
D200259,C104759,2024-06-12,2024-06-29,Closed Won,ADD_ON_TKR,TKR Add-on,Direct,awong,1062,0
D200260,C104967,2024-08-13,2024-08-14,Closed Won,PAYROLL_DIY,Payroll DIY,Partners,,1637,0
D200261,C103327,2024-06-21,2024-08-05,Closed Won,ADD_ON_TKR,TKR Add-on,Partners,mkoenen,695,0
D200262,C103159,2025-06-02,2025-06-15,Closed Won,PAYROLL_DIY,Payroll DIY,Partners,mkoenen,1062,0
D200263,C102604,2025-01-05,2025-03-19,Closed Won,PAYROLL_DIY,Payroll DIY,Direct,shao,1264,0
D200264,C103287,2024-09-02,,Open,ADD_ON_TKR,TKR Add-on,Partners,unassigned,855,0
D200265,C103825,2024-09-29,,Open,ADD_ON_TKR,TKR Add-on,Partners,shao,907,0
D200266,C104068,2024-09-25,2024-11-01,Closed Won,ADD_ON_TKR,TKR Add-on,Partners,dt,379,0
D200267,C101770,2025-07-03,2025-08-22,Closed Won,ADD_ON_TKR,TKR Add-on,Direct,shao,432,0
D200268,C103112,2024-09-17,2024-11-30,Closed Won,PAYROLL_DIY,Payroll DIY,Direct,mkoenen,2596,0
D200269,C100307,2024-08-05,2024-09-06,Closed Lost,ADD_ON_TKR,TKR Add-on,Direct,awong,1021,0
D200270,C103911,2025-01-17,2025-03-01,Closed Won,PM,People Management,Direct,mkoenen,806,0
D200271,C101014,2024-04-26,2024-05-17,Closed Won,ADD_ON_TKR,TKR Add-on,Direct,dinkster,613,0
D200272,C101125,2024-08-14,2024-11-05,Closed Won,ADD_ON_TKR,TKR Add-on,Partners,dinkster_tmp,820,0
D200273,C100454,2024-11-19,2025-01-20,Closed Won,ADD_ON_TKR,TKR Add-on,Partners,dt,1380,0
D200274,C102472,2024-11-22,2024-12-24,Closed Won,PAYROLL_DIY,Payroll DIY,Direct,unassigned,2108,0
D200275,C104223,2024-02-05,2024-03-01,Closed Lost,ADD_ON_TKR,TKR Add-on,Partners,mkoenen,627,0
D200276,C101614,2024-07-23,2024-09-14,Closed Lost,ADD_ON_TKR,TKR Add-on,Partners,awong,617,0
D200277,C104744,2024-10-06,2024-10-20,Closed Won,PAYROLL_DIY,Payroll DIY,Direct,awong,2611,0
D200278,C101580,2024-12-23,2025-03-08,Closed Won,PAYROLL_MPS,Managed Payroll,Direct,awong,6579,0
D200279,C100930,2024-08-07,,Open,PAYROLL_MPS,Managed Payroll,Partners,mkoenen,5338,0
D200280,C100635,2024-04-13,2024-06-16,Closed Won,PAYROLL_DIY,Payroll DIY,Direct,dinkster,666,0
D200281,C101321,2025-01-28,2025-03-12,Closed Won,PM,People Management,Partners,mkoenen_tmp,250,0
D200282,C102053,2025-02-02,2025-05-03,Closed Lost,PAYROLL_MPS,Managed Payroll,Direct,unassigned,42,0
D200283,C102417,2024-08-22,2024-10-11,Closed Won,PAYROLL_DIY,Payroll DIY,Partners,dinkster,1909,0
D200284,C102046,2025-06-22,,Open,PAYROLL_DIY,Payroll DIY,Direct,mkoenen,2253,0
D200285,C100699,2024-06-30,2024-07-22,Closed Won,PAYROLL_MPS,Managed Payroll,Partners,unassigned,5057,0
D200286,C102764,2025-03-22,2025-04-02,Closed Won,PM,People Management,Partners,awong,680,0
D200287,C104892,2024-03-09,2024-05-04,Closed Won,PM,People Management,Direct,mkoenen,1425,0
D200288,C100487,2024-12-03,2025-01-11,Closed Won,PAYROLL_MPS,Managed Payroll,Direct,awong,3591,0
D200289,C102214,2025-05-30,2025-06-14,Closed Won,PM,People Management,Direct,awong,981,0
D200290,C104760,2024-07-13,2024-08-19,Closed Lost,PAYROLL_MPS,Managed Payroll,Partners,dinkster,6051,0
D200291,C100351,2024-06-04,2024-08-08,Closed Won,PM,People Management,Partners,mkoenen,221,0
D200292,C102435,2024-03-16,2024-04-04,Closed Lost,ADD_ON_TKR,TKR Add-on,Direct,dt,227,0
D200293,C103410,2024-11-15,,Open,PAYROLL_DIY,Payroll DIY,Partners,shao,2156,0
D200294,C100779,2024-04-10,2024-06-16,Closed Won,PM,People Management,Direct,shao,1937,0
D200295,C102053,2024-01-13,2024-02-01,Closed Lost,PM,People Management,Partners,shao,488,0
D200296,C101295,2024-01-11,,Open,PM,People Management,Direct,dinkster,1041,0
D200297,C102547,2024-05-17,2024-06-12,Closed Lost,ADD_ON_TKR,TKR Add-on,Partners,unassigned,841,0
D200298,C104089,2025-05-13,,Open,PAYROLL_DIY,Payroll DIY,Direct,mkoenen,1440,0
D200299,C100293,2025-01-14,,Open,PAYROLL_DIY,Payroll DIY,Partners,shao,3126,0
D200300,C101497,2025-03-18,2025-03-27,Closed Won,ADD_ON_TKR,TKR Add-on,Direct,dt,211,0
D200301,C102613,2024-07-08,2024-10-01,Closed Won,PAYROLL_DIY,Payroll DIY,Direct,dt,2378,0
D200302,C103763,2025-03-12,2025-05-13,Closed Won,PAYROLL_DIY,Payroll DIY,Partners,shao,2617,0
D200303,C103008,2024-08-28,2024-09-08,Closed Won,ADD_ON_TKR,TKR Add-on,Direct,unassigned,548,0
D200304,C102835,2024-01-08,,Open,PAYROLL_DIY,Payroll DIY,Partners,mkoenen,327,0
D200305,C104733,2025-02-13,2025-03-30,Closed Won,ADD_ON_TKR,TKR Add-on,Partners,dt,580,0
D200306,C100094,2024-11-29,,Open,PM,People Management,Direct,dt,1095,0
D200307,C103037,2024-12-06,2025-01-01,Closed Won,PAYROLL_MPS,Managed Payroll,Direct,unassigned,6146,0
D200308,C102903,2024-04-22,,Open,PAYROLL_DIY,Payroll DIY,Direct,dt,2308,0
D200309,C101879,2025-02-15,,Open,PAYROLL_DIY,Payroll DIY,Partners,unassigned,2206,0
D200310,C101166,2024-05-24,2024-06-11,Closed Won,ADD_ON_TKR,TKR Add-on,Partners,dt,910,0
D200311,C101413,2024-08-09,2024-10-18,Closed Lost,PAYROLL_DIY,Payroll DIY,Direct,dt,1737,0
D200312,C104671,2024-08-23,2024-10-02,Closed Won,ADD_ON_TKR,TKR Add-on,Partners,shao,1154,0
D200313,C104079,2024-08-10,2024-09-19,Closed Won,PAYROLL_MPS,Managed Payroll,Direct,awong,2904,0
D200314,C103538,2024-12-08,,Open,PM,People Management,Direct,awong,2089,0
D200315,C104482,2025-01-16,2025-04-13,Closed Lost,PAYROLL_DIY,Payroll DIY,Direct,shao,2713,0
D200316,C104456,2024-03-30,2024-04-17,Closed Won,PM,People Management,Partners,awong,358,0
D200317,C104652,2025-05-04,,Open,PAYROLL_DIY,Payroll DIY,Direct,unassigned,1534,0
D200318,C104059,2024-09-18,2024-10-15,Closed Won,PM,People Management,Partners,shao,1366,1
D200319,C100098,2024-10-26,2024-11-11,Closed Won,PAYROLL_MPS,Managed Payroll,Partners,dinkster,4457,0
D200320,C101202,2024-05-10,2024-07-26,Closed Lost,PM,People Management,Partners,unassigned,134,0
D200321,C104914,2025-05-23,2025-07-21,Closed Lost,ADD_ON_TKR,TKR Add-on,Partners,mkoenen,848,0
D200322,C103935,2025-04-20,2025-05-07,Closed Lost,PAYROLL_MPS,Managed Payroll,Direct,dt,1325,0
D200323,C103903,2024-08-18,2024-10-04,Closed Won,PAYROLL_DIY,Payroll DIY,Partners,dinkster,2145,0
D200324,C103737,2024-08-16,2024-10-24,Closed Won,PAYROLL_DIY,Payroll DIY,Partners,dt,1764,0
D200325,C103968,2024-11-22,2025-02-10,Closed Won,PAYROLL_MPS,Managed Payroll,Direct,dt,3605,0
D200326,C102284,2024-11-09,2024-12-10,Closed Lost,PAYROLL_MPS,Managed Payroll,Partners,awong,6318,0
D200327,C103736,2024-01-09,2024-01-16,Closed Won,ADD_ON_TKR,TKR Add-on,Direct,dinkster,879,0
D200328,C102941,2024-12-22,2025-01-20,Closed Lost,PM,People Management,Partners,dinkster,0,0
D200329,C103384,2025-04-11,2025-06-15,Closed Won,PAYROLL_MPS,Managed Payroll,Direct,awong,5729,0
D200330,C100074,2024-10-10,2024-12-29,Closed Won,PM,People Management,Partners,awong,1120,0
D200331,C100127,2024-10-13,2024-10-16,Closed Won,PM,People Management,Partners,mkoenen,1472,0
D200332,C101032,2024-10-26,2024-12-29,Closed Won,PAYROLL_DIY,Payroll DIY,Partners,dt,1920,0
D200333,C101891,2024-09-05,2024-11-04,Closed Won,PAYROLL_DIY,Payroll DIY,Partners,unassigned,1905,0
D200334,C103081,2025-03-09,,Open,ADD_ON_TKR,TKR Add-on,Partners,dt,817,0
D200335,C101864,2025-06-09,,Open,ADD_ON_TKR,TKR Add-on,Partners,dt,229,0
D200336,C102139,2025-02-17,,Open,PAYROLL_MPS,Managed Payroll,Partners,mkoenen,7696,0
D200337,C104191,2025-03-12,,Open,PM,People Management,Direct,shao,2152,0
D200338,C103044,2024-04-09,2024-04-25,Closed Won,PAYROLL_MPS,Managed Payroll,Partners,dinkster,3766,0
D200339,C101620,2024-06-07,2024-07-26,Closed Won,ADD_ON_TKR,TKR Add-on,Partners,awong,813,0
D200340,C102582,2024-04-03,,Open,PAYROLL_MPS,Managed Payroll,Direct,awong,4802,0
D200341,C100221,2024-05-20,2024-05-22,Closed Won,ADD_ON_TKR,TKR Add-on,Direct,shao,894,0
D200342,C101053,2024-06-29,2024-09-24,Closed Won,PM,People Management,Partners,shao,1984,0
D200343,C101639,2024-09-28,2024-11-08,Closed Lost,ADD_ON_TKR,TKR Add-on,Direct,awong,543,0
D200344,C104676,2024-11-14,2024-12-03,Closed Won,ADD_ON_TKR,TKR Add-on,Direct,dt,630,0
D200345,C101263,2025-02-15,2025-05-09,Closed Won,PM,People Management,Direct,dt,1792,0
D200346,C100257,2024-07-06,,Open,PAYROLL_MPS,Managed Payroll,Direct,dinkster,5347,0
D200347,C102730,2024-06-24,2024-06-28,Closed Won,PM,People Management,Direct,mkoenen,561,0
D200348,C103695,2024-08-04,2024-09-11,Closed Won,PAYROLL_MPS,Managed Payroll,Partners,shao,1792,0
D200349,C102167,2024-09-08,2024-11-02,Closed Won,PM,People Management,Direct,awong,1233,0
D200350,C102438,2025-03-20,2025-06-14,Closed Won,ADD_ON_TKR,TKR Add-on,Partners,dinkster,216,0
D200351,C102377,2025-01-23,2025-02-05,Closed Won,PAYROLL_MPS,Managed Payroll,Direct,awong,2154,0
D200352,C102901,2024-07-21,2024-07-27,Closed Lost,PAYROLL_DIY,Payroll DIY,Partners,awong,2807,0
D200353,C102071,2025-04-24,2025-07-06,Closed Won,PAYROLL_MPS,Managed Payroll,Partners,shao,1146,0
D200354,C101018,2025-02-07,,Open,PAYROLL_MPS,Managed Payroll,Direct,dinkster,4182,0
D200355,C104894,2025-06-04,,Open,PM,People Management,Partners,shao,0,0
D200356,C103501,2024-04-02,,Open,ADD_ON_TKR,TKR Add-on,Partners,dt,1106,0
D200357,C102900,2025-04-12,2025-04-27,Closed Lost,PAYROLL_MPS,Managed Payroll,Partners,unassigned,3399,0
D200358,C101177,2025-03-25,2025-06-01,Closed Lost,PAYROLL_MPS,Managed Payroll,Direct,shao,5638,0
D200359,C101059,2025-05-02,2025-07-01,Closed Won,ADD_ON_TKR,TKR Add-on,Partners,unassigned,841,0
D200360,C102755,2025-01-10,2025-01-31,Closed Won,ADD_ON_TKR,TKR Add-on,Direct,dt,845,0
D200361,C104940,2024-06-14,2024-09-06,Closed Won,PM,People Management,Partners,dt,1206,0
D200362,C103623,2025-03-06,2025-04-10,Closed Won,PAYROLL_MPS,Managed Payroll,Direct,dt,4921,0
D200363,C101091,2025-03-27,2025-04-24,Closed Won,ADD_ON_TKR,TKR Add-on,Direct,awong,1453,1
D200364,C103612,2024-06-18,2024-07-13,Closed Won,PM,People Management,Partners,dt,1482,0
D200365,C102920,2025-05-02,2025-05-06,Closed Won,PM,People Management,Direct,awong,103,0
D200366,C104655,2025-01-05,2025-03-26,Closed Won,PAYROLL_MPS,Managed Payroll,Direct,mkoenen,5032,0
D200367,C102254,2024-03-28,2024-06-03,Closed Lost,PM,People Management,Direct,shao,2888,0
D200368,C100219,2025-06-22,2025-08-31,Closed Won,PAYROLL_DIY,Payroll DIY,Direct,dt,3093,0
D200369,C100993,2025-06-18,2025-07-24,Closed Lost,PM,People Management,Direct,shao,1350,0
D200370,C100309,2024-05-14,2024-05-24,Closed Won,PM,People Management,Partners,dinkster,1236,0
D200371,C104307,2024-02-28,,Open,PAYROLL_DIY,Payroll DIY,Partners,awong,1586,0
D200372,C100997,2024-08-14,,Open,PAYROLL_DIY,Payroll DIY,Partners,dt,1160,0
D200373,C104433,2024-12-12,,Open,PAYROLL_DIY,Payroll DIY,Partners,dt,924,0
D200374,C103585,2024-06-29,,Open,ADD_ON_TKR,TKR Add-on,Partners,dt,355,0
D200375,C101022,2024-10-21,,Open,PAYROLL_MPS,Managed Payroll,Direct,dinkster,5035,0
D200376,C102653,2024-02-17,2024-05-16,Closed Lost,PM,People Management,Partners,shao,1173,0
D200377,C104702,2024-10-20,2024-12-08,Closed Won,ADD_ON_TKR,TKR Add-on,Partners,awong,1061,0
D200378,C104184,2025-01-03,2025-03-02,Closed Won,PM,People Management,Direct,awong,1812,0
D200379,C104128,2025-04-03,2025-06-26,Closed Lost,ADD_ON_TKR,TKR Add-on,Partners,shao,629,0
D200380,C101742,2024-04-22,2024-05-27,Closed Won,PM,People Management,Direct,dinkster,1104,0
D200381,C104826,2024-07-24,2024-08-02,Closed Won,ADD_ON_TKR,TKR Add-on,Partners,mkoenen,825,0
D200382,C100411,2024-08-13,2024-09-03,Closed Lost,ADD_ON_TKR,TKR Add-on,Direct,dinkster,246,0
D200383,C101264,2024-09-12,2024-11-22,Closed Won,PM,People Management,Partners,unassigned,2151,0
D200384,C102498,2024-07-04,2024-08-23,Closed Won,ADD_ON_TKR,TKR Add-on,Direct,awong,1296,0
D200385,C103336,2024-02-17,2024-03-15,Closed Lost,PAYROLL_DIY,Payroll DIY,Direct,dinkster,341,0
D200386,C102771,2024-07-12,2024-09-16,Closed Won,PM,People Management,Partners,unassigned,1827,0
D200387,C100226,2025-05-25,,Open,ADD_ON_TKR,TKR Add-on,Direct,awong,453,0
D200388,C101962,2024-09-10,,Open,PAYROLL_DIY,Payroll DIY,Direct,dinkster,2501,0
D200389,C101613,2025-01-31,2025-02-11,Closed Lost,ADD_ON_TKR,TKR Add-on,Direct,dt,457,0
D200390,C102930,2025-05-04,2025-06-12,Closed Lost,PAYROLL_DIY,Payroll DIY,Partners,dinkster,1376,0
D200391,C104091,2024-11-10,2024-12-02,Closed Won,ADD_ON_TKR,TKR Add-on,Partners,shao,878,0
D200392,C101418,2025-03-04,2025-04-07,Closed Won,PAYROLL_MPS,Managed Payroll,Direct,unassigned,5025,0
D200393,C101304,2024-05-05,2024-05-09,Closed Won,PAYROLL_DIY,Payroll DIY,Partners,unassigned,3581,1
D200394,C102237,2025-06-07,2025-07-22,Closed Won,ADD_ON_TKR,TKR Add-on,Partners,mkoenen,703,0
D200395,C100057,2024-10-30,2025-01-09,Closed Won,PAYROLL_MPS,Managed Payroll,Direct,awong,3319,0
D200396,C103687,2025-02-13,,Open,ADD_ON_TKR,TKR Add-on,Partners,mkoenen,922,0
D200397,C102801,2024-05-23,2024-07-02,Closed Lost,PM,People Management,Partners,shao,1168,0
D200398,C104254,2025-05-21,2025-08-05,Closed Won,ADD_ON_TKR,TKR Add-on,Direct,mkoenen,825,0
D200399,C100332,2025-02-28,,Open,PAYROLL_MPS,Managed Payroll,Partners,unassigned,4362,0
D200400,C100505,2025-01-24,,Open,PAYROLL_MPS,Managed Payroll,Partners,mkoenen,2838,0
D200401,C102024,2024-02-26,2024-05-06,Closed Won,PAYROLL_MPS,Managed Payroll,Direct,shao,3404,0
D200402,C102153,2024-01-22,2024-02-24,Closed Won,PM,People Management,Partners,dt,1014,0
D200403,C101579,2025-02-25,2025-03-30,Closed Lost,PM,People Management,Partners,unassigned,669,0
D200404,C104684,2024-07-23,2024-09-20,Closed Lost,PAYROLL_DIY,Payroll DIY,Direct,dinkster,690,0
D200405,C101665,2024-12-29,2025-03-08,Closed Lost,ADD_ON_TKR,TKR Add-on,Partners,awong,1054,0
D200406,C103170,2024-02-17,2024-05-04,Closed Lost,PAYROLL_DIY,Payroll DIY,Partners,shao,781,0
D200407,C104848,2024-07-19,2024-10-15,Closed Won,PM,People Management,Direct,mkoenen,688,0
D200408,C103556,2025-05-07,2025-07-24,Closed Lost,PAYROLL_DIY,Payroll DIY,Direct,awong,2228,0
D200409,C102562,2024-05-10,,Open,PAYROLL_MPS,Managed Payroll,Partners,shao,1959,0
D200410,C100616,2024-02-12,2024-03-29,Closed Lost,ADD_ON_TKR,TKR Add-on,Direct,dinkster,579,0
D200411,C103481,2025-02-21,2025-03-24,Closed Won,PAYROLL_MPS,Managed Payroll,Partners,awong,4864,0
D200412,C104411,2024-04-03,,Open,PAYROLL_DIY,Payroll DIY,Direct,awong,2937,0
D200413,C102241,2024-06-12,2024-07-19,Closed Won,PM,People Management,Direct,dinkster,923,0
D200414,C102021,2024-07-07,2024-09-20,Closed Won,ADD_ON_TKR,TKR Add-on,Direct,shao_tmp,1041,0
D200415,C100788,2024-06-27,2024-08-09,Closed Won,PAYROLL_MPS,Managed Payroll,Direct,mkoenen,3581,0
D200416,C103259,2024-03-07,2024-05-03,Closed Won,PM,People Management,Partners,shao,1643,0
D200417,C103506,2024-04-18,2024-07-15,Closed Won,PAYROLL_MPS,Managed Payroll,Direct,dt,3431,0
D200418,C101137,2024-03-11,2024-06-02,Closed Won,PAYROLL_DIY,Payroll DIY,Direct,dinkster,1800,0
D200419,C102707,2025-05-31,2025-07-07,Closed Won,ADD_ON_TKR,TKR Add-on,Partners,shao,928,0
D200420,C104945,2024-02-14,2024-02-29,Closed Won,PAYROLL_DIY,Payroll DIY,Direct,mkoenen,1519,0
D200421,C101480,2024-03-27,,Open,PAYROLL_DIY,Payroll DIY,Partners,unassigned,993,0
D200422,C102664,2024-03-31,2024-05-06,Closed Won,PM,People Management,Direct,mkoenen,1151,0
D200423,C103427,2024-04-05,2024-04-26,Closed Won,PAYROLL_DIY,Payroll DIY,Direct,mkoenen,2480,0
D200424,C101957,2024-11-22,2025-01-27,Closed Won,PAYROLL_DIY,Payroll DIY,Partners,dt,3678,0
D200425,C100116,2024-02-14,2024-02-22,Closed Lost,ADD_ON_TKR,TKR Add-on,Direct,unassigned,1108,0
D200426,C103898,2025-04-01,,Open,PM,People Management,Partners,dinkster,1644,0
D200427,C101976,2024-10-23,2024-12-16,Closed Won,PAYROLL_MPS,Managed Payroll,Direct,shao,6854,0
D200428,C103384,2025-06-25,2025-07-04,Closed Won,PM,People Management,Partners,unassigned,1576,0
D200429,C104216,2025-01-10,2025-03-15,Closed Won,ADD_ON_TKR,TKR Add-on,Partners,dinkster,1038,0
D200430,C100103,2024-02-12,,Open,PAYROLL_MPS,Managed Payroll,Direct,mkoenen,2291,0
D200431,C101144,2024-03-31,2024-04-21,Closed Won,PAYROLL_MPS,Managed Payroll,Direct,dinkster,3310,0
D200432,C101621,2025-04-09,2025-05-09,Closed Lost,ADD_ON_TKR,TKR Add-on,Partners,mkoenen,1062,0
D200433,C103865,2024-02-17,2024-03-17,Closed Won,ADD_ON_TKR,TKR Add-on,Direct,shao,1133,0
D200434,C101217,2024-11-14,,Open,PAYROLL_MPS,Managed Payroll,Direct,shao,9602,0
D200435,C104651,2025-02-07,,Open,PM,People Management,Direct,mkoenen,2138,0
D200436,C101623,2024-02-25,,Open,ADD_ON_TKR,TKR Add-on,Direct,unassigned,357,0
D200437,C103590,2025-06-01,2025-07-10,Closed Won,ADD_ON_TKR,TKR Add-on,Partners,mkoenen,803,0
D200438,C100039,2024-11-12,2025-01-04,Closed Won,PAYROLL_MPS,Managed Payroll,Partners,,2536,0
D200439,C101510,2025-01-21,2025-02-09,Closed Won,PAYROLL_MPS,Managed Payroll,Direct,dinkster,3295,0
D200440,C103382,2024-06-18,2024-06-26,Closed Won,PM,People Management,Partners,shao,1248,0
D200441,C100863,2024-02-17,2024-03-27,Closed Won,ADD_ON_TKR,TKR Add-on,Direct,dt,1369,0
D200442,C103163,2025-06-16,2025-08-16,Closed Lost,PAYROLL_MPS,Managed Payroll,Partners,dinkster,6902,0
D200443,C102950,2024-03-26,2024-05-20,Closed Won,PM,People Management,Partners,awong,557,0
D200444,C101927,2024-04-13,2024-06-22,Closed Won,PAYROLL_DIY,Payroll DIY,Direct,mkoenen,628,0
D200445,C101666,2025-05-20,,Open,PAYROLL_MPS,Managed Payroll,Direct,awong,4740,0
D200446,C100628,2025-01-29,2025-04-04,Closed Won,PM,People Management,Direct,,699,0
D200447,C103235,2024-08-10,2024-09-17,Closed Lost,PAYROLL_DIY,Payroll DIY,Direct,awong,1387,0
D200448,C103493,2025-05-10,2025-05-25,Closed Won,PAYROLL_MPS,Managed Payroll,Partners,,4299,0
D200449,C104712,2024-01-15,2024-01-16,Closed Won,PAYROLL_DIY,Payroll DIY,Direct,mkoenen,3126,0
D200450,C102408,2024-11-12,2024-12-15,Closed Won,PAYROLL_MPS,Managed Payroll,Partners,awong,3671,0
D200451,C100479,2025-04-08,2025-06-09,Closed Won,PAYROLL_MPS,Managed Payroll,Direct,awong,6589,0
D200452,C104257,2024-01-10,,Open,PAYROLL_MPS,Managed Payroll,Partners,unassigned,4815,0
D200453,C100103,2024-01-26,2024-04-12,Closed Won,PAYROLL_MPS,Managed Payroll,Direct,dinkster,5481,0
D200454,C103693,2025-01-28,2025-02-16,Closed Won,PAYROLL_DIY,Payroll DIY,Direct,awong,987,0
D200455,C101762,2024-06-20,,Open,ADD_ON_TKR,TKR Add-on,Direct,awong,875,0
D200456,C103547,2025-04-24,,Open,ADD_ON_TKR,TKR Add-on,Direct,,562,0
D200457,C103541,2025-03-29,2025-04-01,Closed Won,PAYROLL_MPS,Managed Payroll,Direct,awong,6365,0
D200458,C101709,2024-01-24,2024-04-20,Closed Won,PAYROLL_DIY,Payroll DIY,Partners,shao,1858,0
D200459,C100021,2025-06-24,2025-08-04,Closed Won,PAYROLL_MPS,Managed Payroll,Partners,mkoenen,3469,0
D200460,C103703,2025-05-18,2025-05-19,Closed Won,PAYROLL_MPS,Managed Payroll,Direct,unassigned,4035,0
D200461,C100063,2024-03-27,2024-04-17,Closed Won,ADD_ON_TKR,TKR Add-on,Direct,mkoenen,910,0
D200462,C104626,2024-01-27,2024-04-25,Closed Won,PAYROLL_MPS,Managed Payroll,Direct,awong,6354,0
D200463,C103140,2025-06-30,2025-09-18,Closed Won,PAYROLL_DIY,Payroll DIY,Partners,awong,3208,0
D200464,C102237,2025-05-01,,Open,PAYROLL_DIY,Payroll DIY,Partners,awong,819,0
D200465,C104179,2025-02-19,,Open,PAYROLL_DIY,Payroll DIY,Direct,dinkster,3121,0
D200466,C102439,2024-03-23,,Open,PAYROLL_DIY,Payroll DIY,Direct,awong,2734,0
D200467,C103294,2025-04-20,2025-04-30,Closed Won,PM,People Management,Direct,dinkster,277,0
D200468,C100774,2025-04-05,2025-05-18,Closed Won,PAYROLL_DIY,Payroll DIY,Partners,mkoenen,2795,0
D200469,C101884,2024-11-08,2024-11-29,Closed Won,ADD_ON_TKR,TKR Add-on,Partners,unassigned,406,0
D200470,C104817,2024-07-05,2024-09-11,Closed Won,ADD_ON_TKR,TKR Add-on,Direct,dinkster,1795,0
D200471,C102780,2025-04-28,,Open,PAYROLL_DIY,Payroll DIY,Direct,unassigned,1495,0
D200472,C104120,2025-02-14,2025-03-12,Closed Lost,PM,People Management,Partners,dinkster,1000,0
D200473,C103218,2024-12-21,2025-01-21,Closed Won,PAYROLL_DIY,Payroll DIY,Partners,unassigned,1189,0
D200474,C101849,2024-08-28,,Open,PAYROLL_DIY,Payroll DIY,Partners,unassigned,1298,0
D200475,C102144,2024-05-16,2024-07-06,Closed Won,PAYROLL_MPS,Managed Payroll,Partners,unassigned,4932,0
D200476,C104326,2025-03-05,2025-04-02,Closed Won,PAYROLL_MPS,Managed Payroll,Partners,mkoenen,1732,0
D200477,C102510,2024-07-27,2024-09-03,Closed Won,PAYROLL_MPS,Managed Payroll,Direct,awong,7041,0
D200478,C102723,2025-05-04,2025-05-26,Closed Lost,PAYROLL_DIY,Payroll DIY,Partners,shao,1027,0
D200479,C100911,2024-05-05,,Open,ADD_ON_TKR,TKR Add-on,Partners,mkoenen,1128,0
D200480,C101458,2025-05-28,,Open,PAYROLL_MPS,Managed Payroll,Partners,mkoenen,2505,0
D200481,C104668,2024-05-01,2024-05-02,Closed Won,PAYROLL_DIY,Payroll DIY,Partners,dinkster,776,0
D200482,C101804,2024-10-11,2024-12-23,Closed Won,PAYROLL_MPS,Managed Payroll,Direct,awong,5185,0
D200483,C104121,2024-04-03,2024-05-25,Closed Won,PM,People Management,Direct,unassigned,962,0
D200484,C101684,2024-02-18,,Open,PAYROLL_DIY,Payroll DIY,Partners,unassigned,1697,0
D200485,C104873,2025-02-27,2025-04-26,Closed Won,PM,People Management,Direct,shao,401,0
D200486,C100302,2025-01-30,2025-03-26,Closed Won,PAYROLL_DIY,Payroll DIY,Partners,mkoenen,3346,0
D200487,C100666,2025-03-01,2025-04-03,Closed Won,PAYROLL_DIY,Payroll DIY,Direct,mkoenen,2959,0
D200488,C104189,2024-08-20,2024-09-04,Closed Lost,PAYROLL_MPS,Managed Payroll,Direct,dt,4154,0
D200489,C103785,2025-02-08,,Open,ADD_ON_TKR,TKR Add-on,Partners,shao,245,0
D200490,C102209,2024-05-19,2024-05-21,Closed Won,ADD_ON_TKR,TKR Add-on,Direct,mkoenen,389,0
D200491,C104250,2024-11-25,2025-02-10,Closed Lost,PM,People Management,Partners,dinkster,1069,0
D200492,C104012,2025-05-30,2025-06-29,Closed Won,PAYROLL_DIY,Payroll DIY,Partners,dinkster,1146,0
D200493,C103559,2024-01-17,2024-04-07,Closed Won,PAYROLL_DIY,Payroll DIY,Direct,dinkster,769,0
D200494,C102299,2024-08-23,2024-09-23,Closed Lost,PM,People Management,Partners,unassigned,732,0
D200495,C103138,2025-03-11,2025-05-30,Closed Lost,ADD_ON_TKR,TKR Add-on,Direct,dinkster,1199,0
D200496,C103982,2024-11-30,,Open,PAYROLL_MPS,Managed Payroll,Direct,awong,1819,0
D200497,C102340,2024-04-16,2024-05-03,Closed Won,PM,People Management,Partners,dt,1766,0
D200498,C103320,2025-01-17,2025-02-07,Closed Won,PM,People Management,Direct,mkoenen,1706,0
D200499,C102969,2024-11-26,2024-12-25,Closed Won,ADD_ON_TKR,TKR Add-on,Partners,dt,678,0
D200500,C100622,2024-06-23,2024-08-05,Closed Won,PM,People Management,Partners,mkoenen,2035,0
D200501,C103934,2024-06-28,2024-09-09,Closed Lost,ADD_ON_TKR,TKR Add-on,Partners,shao,986,0
D200502,C104790,2024-02-24,2024-03-24,Closed Won,PM,People Management,Partners,awong,1180,0
D200503,C101175,2025-02-28,2025-04-10,Closed Lost,ADD_ON_TKR,TKR Add-on,Partners,shao,972,0
D200504,C104982,2025-05-08,2025-06-09,Closed Won,PM,People Management,Direct,dt,1636,0
D200505,C101152,2024-01-23,2024-02-24,Closed Won,PAYROLL_MPS,Managed Payroll,Partners,mkoenen,5842,0
D200506,C104270,2024-07-02,2024-08-16,Closed Lost,PAYROLL_MPS,Managed Payroll,Direct,unassigned,3513,0
D200507,C103150,2024-02-19,,Open,PAYROLL_MPS,Managed Payroll,Direct,awong,1389,0
D200508,C102468,2024-09-12,2024-11-07,Closed Won,PAYROLL_DIY,Payroll DIY,Direct,,2000,0
D200509,C100547,2024-02-02,2024-03-27,Closed Lost,ADD_ON_TKR,TKR Add-on,Partners,mkoenen,1069,0
D200510,C102802,2025-04-12,2025-05-28,Closed Won,PM,People Management,Partners,dinkster,1198,0
D200511,C102048,2024-07-25,2024-08-09,Closed Won,PAYROLL_DIY,Payroll DIY,Direct,shao,4108,0
D200512,C104402,2024-05-18,2024-06-19,Closed Won,PAYROLL_MPS,Managed Payroll,Direct,shao,9330,0
D200513,C103805,2024-01-24,2024-02-26,Closed Won,PAYROLL_DIY,Payroll DIY,Partners,shao,2831,0
D200514,C101010,2024-10-31,2025-01-04,Closed Won,ADD_ON_TKR,TKR Add-on,Partners,shao,1802,0
D200515,C101112,2025-04-09,2025-06-23,Closed Lost,ADD_ON_TKR,TKR Add-on,Direct,awong,664,0
D200516,C103915,2024-06-21,2024-09-15,Closed Won,PAYROLL_DIY,Payroll DIY,Direct,shao,994,0
D200517,C104474,2024-07-04,2024-09-10,Closed Won,PAYROLL_DIY,Payroll DIY,Partners,dt,2758,0
D200518,C104783,2024-10-09,2024-11-29,Closed Won,PM,People Management,Partners,mkoenen,1258,0
D200519,C102483,2024-06-08,,Open,ADD_ON_TKR,TKR Add-on,Partners,dt,1328,0
D200520,C104113,2025-04-26,,Open,PM,People Management,Direct,awong,1029,0
D200521,C101871,2025-03-09,2025-05-31,Closed Won,PM,People Management,Direct,unassigned,1253,0
D200522,C100628,2025-04-17,2025-04-22,Closed Won,ADD_ON_TKR,TKR Add-on,Direct,dinkster,711,1
D200523,C103992,2024-05-10,,Open,PAYROLL_DIY,Payroll DIY,Partners,dinkster,1423,0
D200524,C101467,2025-05-29,2025-08-23,Closed Lost,PAYROLL_MPS,Managed Payroll,Direct,dt,5738,0
D200525,C100427,2025-03-09,,Open,ADD_ON_TKR,TKR Add-on,Direct,dinkster,584,0
D200526,C103406,2025-03-02,2025-04-25,Closed Won,ADD_ON_TKR,TKR Add-on,Partners,awong,790,0
D200527,C103035,2024-11-17,2025-01-09,Closed Won,PAYROLL_DIY,Payroll DIY,Direct,shao,908,0
D200528,C103042,2024-03-17,2024-05-04,Closed Won,ADD_ON_TKR,TKR Add-on,Partners,awong,1184,0
D200529,C102555,2025-02-01,2025-04-13,Closed Lost,PM,People Management,Partners,dt,1946,0
D200530,C101623,2024-03-28,2024-04-26,Closed Lost,PAYROLL_DIY,Payroll DIY,Partners,shao,1570,0
D200531,C101478,2024-12-21,,Open,PAYROLL_DIY,Payroll DIY,Partners,dinkster_tmp,937,0
D200532,C103320,2024-01-11,2024-03-01,Closed Won,PAYROLL_MPS,Managed Payroll,Direct,dt,5217,0
D200533,C102972,2024-12-20,2025-02-08,Closed Won,PAYROLL_DIY,Payroll DIY,Partners,shao,1287,0
D200534,C102890,2025-05-17,2025-07-07,Closed Won,PM,People Management,Direct,dt,0,0
D200535,C101305,2025-04-25,2025-05-23,Closed Won,PAYROLL_MPS,Managed Payroll,Partners,dt,4220,0
D200536,C102661,2024-05-10,2024-06-09,Closed Lost,PM,People Management,Partners,awong,1201,0
D200537,C100027,2025-03-15,,Open,PM,People Management,Partners,shao,1103,0
D200538,C100524,2024-04-15,2024-05-06,Closed Won,PAYROLL_DIY,Payroll DIY,Partners,mkoenen,2989,0
D200539,C102488,2025-05-06,2025-05-16,Closed Won,PAYROLL_MPS,Managed Payroll,Direct,mkoenen,3085,0
D200540,C104025,2024-02-20,2024-05-16,Closed Lost,PM,People Management,Direct,shao,932,0
D200541,C101272,2024-09-13,2024-09-30,Closed Lost,ADD_ON_TKR,TKR Add-on,Partners,mkoenen,603,0
D200542,C102044,2024-02-25,2024-04-30,Closed Won,ADD_ON_TKR,TKR Add-on,Direct,mkoenen,1053,0
D200543,C104438,2024-03-14,2024-04-04,Closed Won,PAYROLL_MPS,Managed Payroll,Direct,awong,2554,0
D200544,C103388,2024-10-01,2024-11-02,Closed Lost,ADD_ON_TKR,TKR Add-on,Direct,mkoenen,915,0
D200545,C101096,2025-01-31,2025-04-14,Closed Won,PM,People Management,Partners,unassigned,923,0
D200546,C102497,2024-09-26,2024-11-03,Closed Lost,PAYROLL_MPS,Managed Payroll,Partners,unassigned,7298,0
D200547,C101947,2025-07-02,,Open,PM,People Management,Partners,awong,0,0
D200548,C104772,2024-04-02,2024-06-18,Closed Lost,PM,People Management,Partners,unassigned,1929,0
D200549,C102986,2024-07-11,2024-07-13,Closed Won,PAYROLL_DIY,Payroll DIY,Partners,awong,1414,0
D200550,C101882,2025-02-23,2025-05-02,Closed Won,ADD_ON_TKR,TKR Add-on,Direct,mkoenen,1577,0
D200551,C104498,2024-04-12,,Open,PAYROLL_MPS,Managed Payroll,Direct,dt,4953,0
D200552,C103628,2024-06-16,,Open,PAYROLL_MPS,Managed Payroll,Partners,shao,4932,0
D200553,C103768,2024-04-13,2024-07-12,Closed Lost,PAYROLL_DIY,Payroll DIY,Partners,mkoenen,3688,0
D200554,C101587,2025-02-21,2025-02-26,Closed Won,PM,People Management,Partners,mkoenen,1222,0
D200555,C102799,2024-10-04,,Open,ADD_ON_TKR,TKR Add-on,Direct,unassigned,1199,0
D200556,C104372,2024-05-07,2024-05-28,Closed Won,PM,People Management,Direct,awong,1713,0
D200557,C104164,2024-02-19,2024-05-02,Closed Lost,PM,People Management,Direct,,2225,0
D200558,C102584,2025-04-23,,Open,PAYROLL_DIY,Payroll DIY,Direct,awong,3573,0
D200559,C104148,2024-11-23,2025-01-19,Closed Won,PAYROLL_MPS,Managed Payroll,Partners,unassigned,5706,0
D200560,C100265,2024-10-09,2024-10-23,Closed Won,PM,People Management,Partners,mkoenen,2373,0
D200561,C102073,2024-06-28,2024-07-07,Closed Won,PAYROLL_DIY,Payroll DIY,Direct,dt,3241,0
D200562,C104733,2024-10-27,2025-01-09,Closed Won,PM,People Management,Direct,shao,413,0
D200563,C101142,2024-09-09,2024-11-06,Closed Lost,ADD_ON_TKR,TKR Add-on,Partners,mkoenen,276,0
D200564,C104289,2024-11-23,,Open,PAYROLL_DIY,Payroll DIY,Direct,,0,0
D200565,C102349,2024-10-24,2025-01-16,Closed Lost,PAYROLL_MPS,Managed Payroll,Direct,dt,536,0
D200566,C104656,2024-07-28,2024-10-24,Closed Lost,ADD_ON_TKR,TKR Add-on,Direct,shao,0,0
D200567,C102530,2024-03-22,2024-04-07,Closed Lost,PAYROLL_MPS,Managed Payroll,Direct,awong,3935,0
D200568,C103678,2025-02-19,,Open,ADD_ON_TKR,TKR Add-on,Direct,dt,1215,0
D200569,C100273,2024-08-21,2024-09-10,Closed Won,ADD_ON_TKR,TKR Add-on,Partners,mkoenen,378,0
D200570,C100105,2024-08-02,2024-09-20,Closed Won,ADD_ON_TKR,TKR Add-on,Partners,dt,604,0
D200571,C102651,2024-12-15,,Open,ADD_ON_TKR,TKR Add-on,Direct,shao,553,0
D200572,C102119,2025-01-07,2025-02-16,Closed Won,PM,People Management,Direct,mkoenen,724,0
D200573,C104245,2025-06-28,2025-08-09,Closed Won,PAYROLL_MPS,Managed Payroll,Partners,unassigned,4818,0
D200574,C102992,2024-04-16,,Open,PAYROLL_DIY,Payroll DIY,Direct,dinkster,1801,0
D200575,C103767,2025-03-14,2025-05-07,Closed Won,ADD_ON_TKR,TKR Add-on,Direct,unassigned,1090,0
D200576,C104984,2024-07-26,2024-08-22,Closed Won,PAYROLL_DIY,Payroll DIY,Direct,dinkster,2256,0
D200577,C102451,2024-12-18,2025-03-17,Closed Won,PAYROLL_MPS,Managed Payroll,Direct,dt,6371,0
D200578,C102629,2025-04-07,2025-04-17,Closed Won,PM,People Management,Partners,unassigned,1507,0
D200579,C101659,2024-06-19,,Open,PAYROLL_MPS,Managed Payroll,Partners,awong,3870,0
D200580,C101316,2025-06-07,,Open,ADD_ON_TKR,TKR Add-on,Partners,unassigned,1137,0
D200581,C100201,2024-08-02,2024-09-16,Closed Lost,PM,People Management,Partners,dt,0,0
D200582,C100786,2024-07-12,,Open,PAYROLL_MPS,Managed Payroll,Direct,unassigned,4654,0
D200583,C101826,2024-05-22,2024-08-20,Closed Won,PAYROLL_DIY,Payroll DIY,Partners,shao,391,0
D200584,C102953,2024-10-08,2024-11-13,Closed Won,PAYROLL_DIY,Payroll DIY,Direct,dinkster,-2387,0
D200585,C102843,2025-02-15,2025-03-13,Closed Won,PAYROLL_MPS,Managed Payroll,Direct,mkoenen,3473,0
D200586,C103659,2025-01-24,2025-02-06,Closed Won,ADD_ON_TKR,TKR Add-on,Partners,unassigned,930,0
D200587,C103340,2025-07-03,2025-08-10,Closed Won,PAYROLL_MPS,Managed Payroll,Partners,mkoenen,532,0
D200588,C101727,2024-01-21,2024-03-08,Closed Lost,ADD_ON_TKR,TKR Add-on,Direct,dt,689,0
D200589,C101714,2024-03-20,2024-04-21,Closed Won,PAYROLL_DIY,Payroll DIY,Partners,mkoenen,2778,0
D200590,C100116,2024-08-29,,Open,ADD_ON_TKR,TKR Add-on,Partners,dt,623,0
D200591,C100739,2025-03-19,,Open,PAYROLL_MPS,Managed Payroll,Partners,unassigned,8479,0
D200592,C100778,2024-03-03,2024-05-31,Closed Lost,PAYROLL_DIY,Payroll DIY,Partners,mkoenen,2448,0
D200593,C102606,2024-11-09,2024-11-10,Closed Won,PM,People Management,Partners,dt,2103,0
D200594,C100622,2024-04-16,2024-06-21,Closed Lost,PM,People Management,Partners,awong,1350,0
D200595,C101496,2025-02-02,,Open,PM,People Management,Partners,,216,0
D200596,C101632,2025-06-07,,Open,PAYROLL_DIY,Payroll DIY,Partners,shao,2710,0
D200597,C102358,2024-11-23,,Open,PAYROLL_MPS,Managed Payroll,Direct,awong,3716,0
D200598,C101252,2024-08-04,,Open,PAYROLL_MPS,Managed Payroll,Partners,dinkster,5033,0
D200599,C103801,2024-06-24,2024-08-11,Closed Lost,PAYROLL_DIY,Payroll DIY,Direct,shao,1831,0
D200600,C100249,2025-03-11,2025-03-24,Closed Won,PM,People Management,Partners,shao,1315,0
D200601,C102923,2024-09-18,2024-09-27,Closed Lost,PAYROLL_MPS,Managed Payroll,Direct,dinkster,1762,0
D200602,C101473,2025-06-03,,Open,PAYROLL_DIY,Payroll DIY,Partners,unassigned,2662,0
D200603,C103215,2024-01-04,2024-01-25,Closed Won,ADD_ON_TKR,TKR Add-on,Partners,shao,333,0
D200604,C101113,2024-10-12,2024-12-28,Closed Lost,PAYROLL_DIY,Payroll DIY,Direct,dt,2371,0
D200605,C101379,2025-05-13,2025-07-03,Closed Won,PAYROLL_MPS,Managed Payroll,Direct,dt,1285,0
D200606,C101900,2025-05-08,2025-06-23,Closed Lost,PM,People Management,Direct,dt,1625,0
D200607,C101565,2024-08-18,,Open,ADD_ON_TKR,TKR Add-on,Partners,awong,371,0
D200608,C100383,2025-06-11,2025-06-14,Closed Won,PM,People Management,Direct,dinkster,916,0
D200609,C101026,2024-08-04,2024-08-26,Closed Won,PAYROLL_DIY,Payroll DIY,Direct,dt,1811,0
D200610,C100878,2024-03-14,2024-05-16,Closed Won,PM,People Management,Direct,awong,486,0
D200611,C103245,2024-12-03,2025-02-04,Closed Lost,PAYROLL_MPS,Managed Payroll,Partners,dinkster,6150,0
D200612,C103624,2024-05-18,2024-07-06,Closed Won,PAYROLL_DIY,Payroll DIY,Partners,mkoenen,748,0
D200613,C101260,2024-12-30,,Open,PAYROLL_MPS,Managed Payroll,Partners,awong,3257,0
D200614,C100149,2024-05-20,2024-07-02,Closed Won,ADD_ON_TKR,TKR Add-on,Partners,dinkster,511,0
D200615,C100808,2025-03-13,2025-05-13,Closed Won,PAYROLL_DIY,Payroll DIY,Partners,dinkster,2163,0
D200616,C103157,2024-10-01,2024-12-06,Closed Won,PAYROLL_MPS,Managed Payroll,Direct,awong,5742,0
D200617,C103253,2024-02-12,2024-04-21,Closed Won,PM,People Management,Direct,shao,1138,0
D200618,C100247,2024-04-05,2024-06-24,Closed Won,ADD_ON_TKR,TKR Add-on,Partners,mkoenen,204,0
D200619,C104820,2024-02-10,2024-04-04,Closed Lost,ADD_ON_TKR,TKR Add-on,Direct,dt,839,0
D200620,C104710,2025-05-05,,Open,PAYROLL_MPS,Managed Payroll,Partners,awong,5178,0
D200621,C103288,2024-04-08,,Open,PAYROLL_DIY,Payroll DIY,Partners,awong,3106,0
D200622,C102276,2024-08-07,2024-08-28,Closed Won,PAYROLL_DIY,Payroll DIY,Partners,unassigned,1368,0
D200623,C103789,2024-07-04,2024-08-05,Closed Won,PM,People Management,Direct,awong,0,0
D200624,C103437,2025-04-05,,Open,PAYROLL_DIY,Payroll DIY,Direct,mkoenen,2712,0
D200625,C104807,2024-04-30,2024-07-02,Closed Won,PM,People Management,Direct,dinkster,2156,0
D200626,C104340,2024-10-26,2025-01-24,Closed Won,PM,People Management,Partners,dinkster,2188,0
D200627,C104338,2024-11-24,2025-01-15,Closed Won,ADD_ON_TKR,TKR Add-on,Direct,mkoenen,1069,0
D200628,C100782,2024-10-04,2024-10-05,Closed Lost,PAYROLL_DIY,Payroll DIY,Direct,unassigned,930,0
D200629,C101007,2024-02-22,2024-04-02,Closed Lost,PAYROLL_DIY,Payroll DIY,Partners,dt,2115,0
D200630,C104602,2025-05-30,2025-07-12,Closed Lost,PM,People Management,Direct,mkoenen,1156,0
D200631,C104908,2024-06-01,,Open,PM,People Management,Direct,unassigned,1998,0
D200632,C102635,2024-10-09,2024-11-25,Closed Won,ADD_ON_TKR,TKR Add-on,Direct,unassigned,1378,0
D200633,C102904,2024-02-26,,Open,ADD_ON_TKR,TKR Add-on,Partners,awong,1028,0
D200634,C100875,2025-05-01,2025-05-30,Closed Won,PAYROLL_DIY,Payroll DIY,Partners,awong,655,0
D200635,C103350,2025-02-10,,Open,ADD_ON_TKR,TKR Add-on,Partners,shao,1295,0
D200636,C103669,2025-04-24,2025-06-19,Closed Won,PAYROLL_MPS,Managed Payroll,Partners,awong,1857,0
D200637,C100192,2024-10-28,2025-01-07,Closed Won,PAYROLL_DIY,Payroll DIY,Partners,unassigned,5204,0
D200638,C100283,2024-05-27,2024-07-06,Closed Lost,PAYROLL_MPS,Managed Payroll,Direct,mkoenen,2558,0
D200639,C103952,2024-05-09,2024-05-16,Closed Won,PM,People Management,Partners,mkoenen,962,0
D200640,C100175,2025-02-04,2025-02-18,Closed Lost,PM,People Management,Partners,awong,1573,0
D200641,C103860,2024-08-19,2024-09-06,Closed Won,PAYROLL_MPS,Managed Payroll,Direct,unassigned,3373,0
D200642,C102656,2024-08-27,2024-09-19,Closed Lost,PM,People Management,Direct,unassigned,2275,0
D200643,C101365,2025-05-27,2025-06-06,Closed Lost,ADD_ON_TKR,TKR Add-on,Direct,dinkster,0,0
D200644,C102727,2025-04-08,2025-04-23,Closed Won,PAYROLL_MPS,Managed Payroll,Partners,mkoenen,6495,0
D200645,C103348,2024-04-22,2024-04-26,Closed Won,ADD_ON_TKR,TKR Add-on,Direct,unassigned,532,0
D200646,C103059,2024-02-06,2024-04-15,Closed Lost,ADD_ON_TKR,TKR Add-on,Partners,dinkster,467,0
D200647,C104474,2025-03-20,2025-04-30,Closed Lost,ADD_ON_TKR,TKR Add-on,Direct,mkoenen,1297,0
D200648,C102742,2024-12-20,2025-01-01,Closed Won,ADD_ON_TKR,TKR Add-on,Partners,unassigned,409,0
D200649,C101414,2025-04-10,,Open,PM,People Management,Partners,dinkster,853,0
D200650,C103466,2024-06-12,2024-07-17,Closed Won,ADD_ON_TKR,TKR Add-on,Direct,mkoenen,398,0
D200651,C101238,2024-05-24,2024-08-19,Closed Won,PM,People Management,Partners,awong,-2482,0
D200652,C100885,2024-06-20,2024-08-16,Closed Lost,PAYROLL_DIY,Payroll DIY,Partners,awong,2759,0
D200653,C102474,2024-05-02,,Open,ADD_ON_TKR,TKR Add-on,Direct,mkoenen,0,0
D200654,C100148,2024-11-27,2025-02-11,Closed Won,PAYROLL_DIY,Payroll DIY,Partners,unassigned,1119,0
D200655,C102784,2024-02-04,2024-02-19,Closed Lost,PAYROLL_DIY,Payroll DIY,Partners,mkoenen,1595,0
D200656,C103539,2024-02-08,2024-02-22,Closed Lost,PAYROLL_MPS,Managed Payroll,Direct,awong,4053,0
D200657,C101316,2024-10-24,,Open,ADD_ON_TKR,TKR Add-on,Partners,dinkster,879,0
D200658,C102840,2025-06-20,,Open,ADD_ON_TKR,TKR Add-on,Direct,awong,262,0
D200659,C102629,2024-03-17,,Open,ADD_ON_TKR,TKR Add-on,Direct,dt,283,0
D200660,C103544,2025-01-13,2025-04-11,Closed Won,PM,People Management,Partners,unassigned,708,0
D200661,C101729,2024-01-24,2024-04-07,Closed Won,PM,People Management,Direct,dinkster,1471,0
D200662,C103259,2024-10-04,2024-12-11,Closed Won,ADD_ON_TKR,TKR Add-on,Direct,unassigned,485,0
D200663,C103864,2024-05-31,,Open,ADD_ON_TKR,TKR Add-on,Partners,dinkster,1437,0
D200664,C104657,2025-01-07,,Open,PM,People Management,Partners,dinkster,1101,0
D200665,C104723,2024-09-08,2024-09-13,Closed Won,PAYROLL_MPS,Managed Payroll,Partners,dinkster,4191,0
D200666,C104345,2024-12-27,2025-03-03,Closed Lost,PAYROLL_DIY,Payroll DIY,Direct,awong,1364,0
D200667,C103397,2024-05-25,,Open,ADD_ON_TKR,TKR Add-on,Direct,shao,979,0
D200668,C102789,2024-08-24,,Open,PAYROLL_DIY,Payroll DIY,Direct,dt,4132,0
D200669,C104595,2024-02-03,2024-02-21,Closed Won,PAYROLL_DIY,Payroll DIY,Direct,mkoenen,1792,0
D200670,C100145,2024-05-16,2024-08-09,Closed Lost,PM,People Management,Partners,mkoenen,1261,0
D200671,C102021,2024-03-15,2024-04-12,Closed Won,PAYROLL_MPS,Managed Payroll,Direct,unassigned,5116,0
D200672,C103839,2024-02-21,,Open,ADD_ON_TKR,TKR Add-on,Partners,unassigned,358,0
D200673,C100503,2024-10-29,2024-11-28,Closed Won,PM,People Management,Direct,unassigned,450,0
D200674,C103661,2025-04-25,2025-07-14,Closed Lost,PM,People Management,Direct,shao,1134,0
D200675,C101062,2024-05-17,2024-07-03,Closed Won,ADD_ON_TKR,TKR Add-on,Partners,mkoenen,1009,0
D200676,C101350,2024-04-19,2024-06-25,Closed Lost,PM,People Management,Direct,awong,570,0
D200677,C101553,2025-06-27,2025-08-17,Closed Won,ADD_ON_TKR,TKR Add-on,Partners,shao,729,0
D200678,C104815,2024-09-09,2024-11-13,Closed Won,PM,People Management,Partners,mkoenen,912,0
D200679,C101977,2024-05-13,2024-05-20,Closed Lost,PAYROLL_MPS,Managed Payroll,Partners,dinkster,993,0
D200680,C103884,2024-10-23,2024-12-19,Closed Won,ADD_ON_TKR,TKR Add-on,Direct,dt,864,0
D200681,C104703,2024-11-29,2025-01-06,Closed Lost,PM,People Management,Direct,unassigned,793,0
D200682,C101416,2024-08-23,,Open,PM,People Management,Direct,awong,419,0
D200683,C104138,2025-01-23,,Open,PM,People Management,Partners,dt,1227,0
D200684,C103921,2024-06-06,,Open,PAYROLL_MPS,Managed Payroll,Direct,awong,4714,0
D200685,C103340,2025-03-02,2025-04-22,Closed Lost,PAYROLL_MPS,Managed Payroll,Partners,awong,4275,0
D200686,C104773,2024-02-13,2024-04-04,Closed Lost,ADD_ON_TKR,TKR Add-on,Direct,unassigned,0,0
D200687,C102892,2025-06-11,2025-07-05,Closed Lost,PM,People Management,Direct,unassigned,365,0
D200688,C104826,2025-02-07,2025-05-03,Closed Won,PAYROLL_MPS,Managed Payroll,Partners,dt,5237,0
D200689,C100523,2024-07-03,2024-08-05,Closed Lost,PAYROLL_MPS,Managed Payroll,Direct,dinkster,4161,0
D200690,C103965,2025-05-24,2025-06-26,Closed Won,PAYROLL_MPS,Managed Payroll,Partners,dinkster,0,0
D200691,C104909,2024-04-04,2024-06-04,Closed Won,ADD_ON_TKR,TKR Add-on,Direct,unassigned,976,0
D200692,C100699,2024-02-06,2024-03-11,Closed Won,ADD_ON_TKR,TKR Add-on,Partners,unassigned,205,0
D200693,C100738,2025-04-15,2025-05-07,Closed Won,PM,People Management,Direct,dinkster,1213,0
D200694,C101786,2024-06-06,2024-07-02,Closed Won,ADD_ON_TKR,TKR Add-on,Partners,unassigned,167,0
D200695,C100086,2025-04-30,,Open,PAYROLL_DIY,Payroll DIY,Direct,unassigned,1509,0
D200696,C103778,2025-01-30,2025-03-25,Closed Won,PAYROLL_DIY,Payroll DIY,Direct,unassigned,1287,0
D200697,C100879,2025-02-08,2025-04-06,Closed Won,PM,People Management,Partners,unassigned,198,0
D200698,C104957,2024-12-10,2025-01-31,Closed Won,PAYROLL_MPS,Managed Payroll,Direct,awong,7131,0
D200699,C103185,2024-09-22,2024-11-27,Closed Won,ADD_ON_TKR,TKR Add-on,Direct,dinkster,1520,0
D200700,C101600,2025-05-02,2025-07-27,Closed Lost,PAYROLL_MPS,Managed Payroll,Partners,dinkster,3333,0
D200701,C104457,2025-02-05,2025-04-07,Closed Won,PAYROLL_DIY,Payroll DIY,Partners,dinkster,1411,0
D200702,C101492,2025-01-28,2025-04-15,Closed Lost,PAYROLL_DIY,Payroll DIY,Partners,dinkster,2249,0
D200703,C102025,2024-08-10,,Open,PAYROLL_DIY,Payroll DIY,Direct,shao,876,0
D200704,C100161,2024-06-09,2024-08-04,Closed Won,PM,People Management,Direct,dinkster,1741,0
D200705,C103067,2024-03-05,2024-04-20,Closed Lost,ADD_ON_TKR,TKR Add-on,Direct,mkoenen,1211,0
D200706,C101282,2024-06-07,2024-07-25,Closed Won,PM,People Management,Direct,unassigned,604,0
D200707,C101239,2024-05-31,2024-06-23,Closed Won,PAYROLL_MPS,Managed Payroll,Direct,dinkster,508,0
D200708,C101588,2024-12-25,,Open,ADD_ON_TKR,TKR Add-on,Partners,mkoenen,399,0
D200709,C102948,2024-11-24,2025-02-20,Closed Won,PAYROLL_MPS,Managed Payroll,Direct,awong,686,0
D200710,C100403,2025-06-22,2025-08-31,Closed Won,ADD_ON_TKR,TKR Add-on,Partners,mkoenen,1422,0
D200711,C100098,2024-11-23,2024-12-07,Closed Won,PAYROLL_DIY,Payroll DIY,Partners,mkoenen,1265,0
D200712,C101737,2025-04-02,2025-06-12,Closed Won,ADD_ON_TKR,TKR Add-on,Partners,shao,607,0
D200713,C103638,2025-03-29,2025-06-11,Closed Won,ADD_ON_TKR,TKR Add-on,Direct,shao,1450,0
D200714,C103525,2024-06-23,2024-09-10,Closed Won,PAYROLL_DIY,Payroll DIY,Partners,awong,2303,0
D200715,C102647,2024-06-17,2024-07-25,Closed Won,PAYROLL_DIY,Payroll DIY,Partners,,3606,0
D200716,C104617,2025-03-13,2025-03-23,Closed Won,PM,People Management,Partners,dt,1774,0
D200717,C104756,2024-04-27,2024-05-09,Closed Lost,ADD_ON_TKR,TKR Add-on,Partners,mkoenen,727,0
D200718,C103614,2025-06-25,2025-09-01,Closed Won,ADD_ON_TKR,TKR Add-on,Partners,dt,468,0
D200719,C104384,2024-09-16,,Open,PM,People Management,Partners,awong,1919,0
D200720,C103923,2024-09-13,2024-11-14,Closed Won,PM,People Management,Direct,mkoenen,1283,0
D200721,C100595,2024-03-24,,Open,ADD_ON_TKR,TKR Add-on,Partners,dinkster,1115,0
D200722,C101039,2024-07-10,,Open,PAYROLL_DIY,Payroll DIY,Direct,awong,1463,0
D200723,C104509,2025-01-08,2025-02-19,Closed Won,PAYROLL_DIY,Payroll DIY,Direct,dinkster,3237,0
D200724,C103844,2024-04-15,,Open,PAYROLL_MPS,Managed Payroll,Direct,shao,4752,0
D200725,C101595,2025-01-12,2025-03-14,Closed Lost,PM,People Management,Direct,dt,194,0
D200726,C100983,2025-02-17,,Open,ADD_ON_TKR,TKR Add-on,Partners,unassigned,506,0
D200727,C101559,2025-04-21,,Open,ADD_ON_TKR,TKR Add-on,Direct,awong,386,0
D200728,C104222,2024-09-10,,Open,ADD_ON_TKR,TKR Add-on,Partners,awong,1273,0
D200729,C100091,2024-02-26,2024-04-04,Closed Lost,PM,People Management,Partners,unassigned,1181,0
D200730,C104995,2024-01-28,2024-01-31,Closed Lost,ADD_ON_TKR,TKR Add-on,Direct,unassigned,613,0
D200731,C103160,2024-08-31,2024-11-19,Closed Won,PM,People Management,Direct,unassigned,1391,0
D200732,C104514,2025-03-28,2025-06-18,Closed Won,PM,People Management,Direct,unassigned,1583,0
D200733,C100058,2025-05-21,2025-07-01,Closed Won,PAYROLL_MPS,Managed Payroll,Direct,dinkster,2291,0
D200734,C101777,2025-01-14,2025-03-14,Closed Won,PAYROLL_DIY,Payroll DIY,Partners,awong,1016,0
D200735,C102601,2025-02-01,2025-04-13,Closed Won,ADD_ON_TKR,TKR Add-on,Direct,shao,1024,0
D200736,C104560,2024-06-08,2024-08-21,Closed Won,PAYROLL_MPS,Managed Payroll,Partners,awong,4431,0
D200737,C104335,2025-01-15,2025-01-20,Closed Won,ADD_ON_TKR,TKR Add-on,Partners,unassigned,1608,0
D200738,C101012,2025-03-09,2025-04-04,Closed Won,ADD_ON_TKR,TKR Add-on,Partners,dinkster,431,0
D200739,C101994,2024-11-30,2024-12-01,Closed Won,PM,People Management,Partners,mkoenen,1606,0
D200740,C104367,2025-05-29,2025-06-02,Closed Won,PM,People Management,Partners,dt,703,0
D200741,C104312,2024-01-22,2024-02-06,Closed Won,PAYROLL_DIY,Payroll DIY,Partners,awong,1873,0
D200742,C102004,2024-04-29,2024-05-01,Closed Won,PAYROLL_DIY,Payroll DIY,Partners,unassigned,962,0
D200743,C100136,2024-10-09,2025-01-01,Closed Won,PM,People Management,Direct,awong,564,0
D200744,C104536,2024-05-21,2024-07-22,Closed Won,PAYROLL_DIY,Payroll DIY,Partners,dt,1347,0
D200745,C102853,2025-06-02,,Open,PAYROLL_MPS,Managed Payroll,Partners,shao,2730,0
D200746,C102493,2025-01-06,2025-03-13,Closed Won,PAYROLL_DIY,Payroll DIY,Partners,awong,880,0
D200747,C102135,2024-10-05,2024-12-23,Closed Lost,ADD_ON_TKR,TKR Add-on,Partners,unassigned,1366,0
D200748,C102128,2024-12-31,2025-03-12,Closed Won,PAYROLL_DIY,Payroll DIY,Partners,unassigned,353,0
D200749,C102590,2024-04-16,2024-07-13,Closed Won,ADD_ON_TKR,TKR Add-on,Direct,unassigned,590,0
D200750,C100113,2025-05-28,,Open,ADD_ON_TKR,TKR Add-on,Partners,dt,1026,0
D200751,C104937,2024-04-21,2024-07-01,Closed Lost,PAYROLL_DIY,Payroll DIY,Partners,awong,1395,0
D200752,C101257,2025-01-13,2025-01-28,Closed Won,PAYROLL_MPS,Managed Payroll,Partners,shao,2175,0
D200753,C104784,2024-12-29,,Open,PM,People Management,Partners,dinkster,1606,0
D200754,C103697,2024-05-02,2024-06-01,Closed Won,PAYROLL_MPS,Managed Payroll,Direct,dinkster,246,0
D200755,C102171,2024-09-15,2024-11-08,Closed Won,PM,People Management,Direct,dinkster,1781,0
D200756,C104097,2024-05-26,2024-07-19,Closed Lost,PM,People Management,Partners,dinkster,85,0
D200757,C103792,2024-02-15,2024-04-20,Closed Won,ADD_ON_TKR,TKR Add-on,Partners,shao,431,0
D200758,C103212,2024-11-29,2025-01-08,Closed Lost,PAYROLL_MPS,Managed Payroll,Partners,unassigned,1127,0
D200759,C102213,2024-01-04,,Open,ADD_ON_TKR,TKR Add-on,Direct,shao,852,0
D200760,C100707,2024-07-21,2024-09-15,Closed Won,PAYROLL_MPS,Managed Payroll,Direct,shao,5494,0
D200761,C102237,2024-05-15,,Open,PM,People Management,Direct,mkoenen,770,0
D200762,C100505,2025-06-06,,Open,PAYROLL_MPS,Managed Payroll,Direct,mkoenen,3095,0
D200763,C101735,2025-05-15,2025-05-29,Closed Won,PAYROLL_MPS,Managed Payroll,Direct,mkoenen,5099,0
D200764,C103663,2025-03-15,2025-05-10,Closed Won,PM,People Management,Direct,dt,12,0
D200765,C101237,2024-10-23,2025-01-10,Closed Won,PAYROLL_MPS,Managed Payroll,Direct,shao,7874,0
D200766,C103303,2025-02-22,2025-05-11,Closed Won,PAYROLL_DIY,Payroll DIY,Partners,shao,814,0
D200767,C101011,2024-07-30,,Open,ADD_ON_TKR,TKR Add-on,Partners,,976,0
D200768,C104374,2024-08-14,2024-08-28,Closed Won,PM,People Management,Direct,,995,0
D200769,C100976,2024-08-15,2024-11-12,Closed Won,PM,People Management,Direct,awong,2288,0
D200770,C104457,2024-04-06,2024-05-08,Closed Won,PM,People Management,Direct,dinkster,722,0
D200771,C103113,2024-12-27,2025-02-16,Closed Won,PAYROLL_DIY,Payroll DIY,Direct,mkoenen,420,0
D200772,C104523,2024-05-14,2024-06-27,Closed Won,PAYROLL_DIY,Payroll DIY,Direct,mkoenen,1976,0
D200773,C104336,2024-10-23,2024-12-04,Closed Won,ADD_ON_TKR,TKR Add-on,Partners,,510,0
D200774,C103912,2024-12-28,2025-02-21,Closed Won,ADD_ON_TKR,TKR Add-on,Partners,dinkster,645,0
D200775,C101343,2024-04-26,2024-06-22,Closed Won,PAYROLL_MPS,Managed Payroll,Partners,shao,4653,0
D200776,C104739,2024-01-19,2024-01-21,Closed Won,PAYROLL_MPS,Managed Payroll,Direct,awong,3532,0
D200777,C102330,2025-05-19,2025-06-30,Closed Won,ADD_ON_TKR,TKR Add-on,Direct,awong,585,0
D200778,C101250,2024-07-31,2024-10-13,Closed Won,ADD_ON_TKR,TKR Add-on,Direct,dinkster,145,0
D200779,C102422,2025-05-16,,Open,PM,People Management,Partners,shao,553,0
D200780,C104916,2024-10-01,2024-10-08,Closed Won,PAYROLL_DIY,Payroll DIY,Partners,unassigned,1739,0
D200781,C104286,2024-09-04,2024-10-19,Closed Won,PM,People Management,Partners,,726,0
D200782,C100316,2024-01-14,,Open,ADD_ON_TKR,TKR Add-on,Partners,awong,963,0
D200783,C100637,2024-08-20,,Open,PAYROLL_DIY,Payroll DIY,Partners,shao,2702,0
D200784,C104756,2025-03-06,2025-03-21,Closed Won,PAYROLL_DIY,Payroll DIY,Direct,dinkster,1356,0
D200785,C103561,2024-06-19,,Open,ADD_ON_TKR,TKR Add-on,Direct,unassigned,619,0
D200786,C103164,2025-02-12,,Open,PAYROLL_MPS,Managed Payroll,Direct,awong,8485,0
D200787,C103894,2024-03-28,2024-04-13,Closed Lost,PM,People Management,Partners,mkoenen,358,0
D200788,C104691,2025-01-05,2025-01-15,Closed Won,PAYROLL_DIY,Payroll DIY,Direct,dinkster,2261,0
D200789,C104899,2025-01-12,2025-03-09,Closed Won,PAYROLL_MPS,Managed Payroll,Partners,shao,1408,0
D200790,C104319,2025-01-20,2025-02-02,Closed Won,PAYROLL_DIY,Payroll DIY,Partners,mkoenen,2381,0
D200791,C103635,2024-10-21,2024-11-29,Closed Won,PAYROLL_DIY,Payroll DIY,Partners,mkoenen,2835,0
D200792,C104040,2024-12-22,2025-01-07,Closed Won,PM,People Management,Partners,dt,1917,0
D200793,C102042,2024-04-11,2024-04-25,Closed Won,PM,People Management,Direct,awong,831,0
D200794,C104102,2024-11-15,,Open,PM,People Management,Partners,mkoenen,1796,0
D200795,C102160,2024-04-04,2024-04-05,Closed Lost,ADD_ON_TKR,TKR Add-on,Partners,dt,628,0
D200796,C102882,2025-05-02,2025-05-03,Closed Lost,PAYROLL_MPS,Managed Payroll,Partners,awong,5564,0
D200797,C103780,2024-01-30,2024-02-26,Closed Won,PAYROLL_DIY,Payroll DIY,Direct,awong,0,0
D200798,C104279,2024-03-30,2024-04-03,Closed Won,PAYROLL_MPS,Managed Payroll,Partners,mkoenen,5060,0
D200799,C102598,2024-10-24,,Open,ADD_ON_TKR,TKR Add-on,Direct,unassigned,536,0
D200800,C102383,2024-03-17,2024-04-22,Closed Won,PAYROLL_MPS,Managed Payroll,Partners,unassigned,3131,0
D200801,C102597,2024-10-25,2024-12-20,Closed Lost,PAYROLL_MPS,Managed Payroll,Partners,dt,307,0
D200802,C102407,2024-05-09,2024-05-20,Closed Lost,ADD_ON_TKR,TKR Add-on,Partners,mkoenen,1312,0
D200803,C102768,2024-06-01,2024-08-29,Closed Won,ADD_ON_TKR,TKR Add-on,Partners,dinkster,630,0
D200804,C101913,2024-04-10,,Open,PM,People Management,Partners,awong,898,0
D200805,C103897,2024-04-16,,Open,PM,People Management,Partners,unassigned,808,0
D200806,C104066,2024-02-16,2024-04-25,Closed Lost,ADD_ON_TKR,TKR Add-on,Partners,mkoenen,162,0
D200807,C100872,2024-11-26,2025-01-01,Closed Lost,PM,People Management,Partners,dinkster,838,0
D200808,C104986,2025-04-25,2025-07-12,Closed Won,ADD_ON_TKR,TKR Add-on,Direct,awong,314,0
D200809,C103962,2024-11-23,2024-11-24,Closed Won,PAYROLL_MPS,Managed Payroll,Partners,awong,7273,0
D200810,C103667,2024-10-02,2024-12-21,Closed Lost,PM,People Management,Direct,dt,891,0
D200811,C104673,2024-06-05,2024-08-12,Closed Won,PM,People Management,Partners,unassigned,731,0
D200812,C104967,2024-06-25,2024-08-19,Closed Won,PAYROLL_DIY,Payroll DIY,Direct,dt,2350,0
D200813,C103123,2024-06-30,2024-09-04,Closed Lost,PAYROLL_DIY,Payroll DIY,Direct,mkoenen,471,0
D200814,C100964,2025-04-16,,Open,PM,People Management,Direct,dt,1438,0
D200815,C103981,2025-05-25,2025-05-26,Closed Won,PAYROLL_MPS,Managed Payroll,Partners,mkoenen,5519,0
D200816,C100753,2024-07-13,2024-08-05,Closed Won,ADD_ON_TKR,TKR Add-on,Partners,shao,180,0
D200817,C102535,2024-06-03,2024-07-06,Closed Won,PAYROLL_MPS,Managed Payroll,Direct,mkoenen,4365,0
D200818,C100536,2024-10-21,2024-10-28,Closed Won,PM,People Management,Direct,unassigned,1380,0
D200819,C104707,2025-01-07,2025-04-05,Closed Won,ADD_ON_TKR,TKR Add-on,Partners,dt,1598,0
D200820,C104002,2024-08-03,2024-09-17,Closed Won,ADD_ON_TKR,TKR Add-on,Direct,shao,266,0
D200821,C101960,2024-11-24,2025-02-17,Closed Won,PAYROLL_DIY,Payroll DIY,Direct,unassigned,2438,0
D200822,C100363,2024-07-01,,Open,ADD_ON_TKR,TKR Add-on,Partners,dt,603,0
D200823,C101033,2024-07-04,2024-07-26,Closed Won,PAYROLL_DIY,Payroll DIY,Partners,shao,11,0
D200824,C104714,2024-11-07,2024-11-21,Closed Won,PAYROLL_MPS,Managed Payroll,Partners,awong,2108,0
D200825,C101844,2024-04-24,2024-07-04,Closed Won,PAYROLL_MPS,Managed Payroll,Direct,mkoenen,3343,0
D200826,C100553,2025-01-16,2025-02-15,Closed Won,PAYROLL_DIY,Payroll DIY,Partners,dt,279,0
D200827,C102279,2025-03-24,,Open,PAYROLL_MPS,Managed Payroll,Direct,awong,3181,0
D200828,C102183,2025-02-09,2025-03-28,Closed Won,PM,People Management,Partners,awong,1305,0
D200829,C104159,2025-06-15,2025-07-12,Closed Won,PM,People Management,Direct,unassigned,1189,0
D200830,C101903,2025-06-13,,Open,PAYROLL_DIY,Payroll DIY,Direct,unassigned,0,0
D200831,C104222,2025-05-12,2025-06-10,Closed Lost,ADD_ON_TKR,TKR Add-on,Direct,dinkster,927,0
D200832,C101923,2024-08-09,2024-10-06,Closed Lost,PAYROLL_DIY,Payroll DIY,Partners,mkoenen,3555,0
D200833,C101908,2024-04-02,2024-04-11,Closed Won,ADD_ON_TKR,TKR Add-on,Direct,awong,1113,0
D200834,C104014,2024-07-29,2024-08-23,Closed Lost,PM,People Management,Direct,shao,1276,0
D200835,C101730,2024-01-29,2024-04-07,Closed Won,PAYROLL_MPS,Managed Payroll,Direct,awong,4153,0
D200836,C100790,2025-02-04,2025-03-11,Closed Won,ADD_ON_TKR,TKR Add-on,Partners,shao,1071,0
D200837,C103478,2024-12-02,,Open,PAYROLL_DIY,Payroll DIY,Partners,unassigned,1519,0
D200838,C100980,2024-05-12,2024-07-09,Closed Won,PAYROLL_MPS,Managed Payroll,Direct,dt,2687,0
D200839,C102628,2024-01-12,,Open,PAYROLL_DIY,Payroll DIY,Partners,dt,757,0
D200840,C103567,2024-11-30,,Open,ADD_ON_TKR,TKR Add-on,Direct,unassigned,1217,0
D200841,C102961,2024-03-27,,Open,PM,People Management,Partners,mkoenen,0,0
D200842,C100397,2024-04-29,2024-07-21,Closed Lost,ADD_ON_TKR,TKR Add-on,Partners,dt,1898,0
D200843,C100642,2024-11-06,,Open,PM,People Management,Direct,mkoenen,1572,0
D200844,C102226,2025-03-19,2025-05-25,Closed Won,PM,People Management,Direct,,1685,0
D200845,C103784,2025-01-29,2025-02-26,Closed Won,PM,People Management,Partners,dinkster,1316,0
D200846,C101163,2024-10-15,2024-11-02,Closed Won,PM,People Management,Partners,mkoenen,290,0
D200847,C104154,2024-04-24,2024-05-08,Closed Won,ADD_ON_TKR,TKR Add-on,Partners,shao,682,0
D200848,C104928,2024-01-24,2024-02-07,Closed Won,PM,People Management,Direct,mkoenen,1835,0
D200849,C103966,2025-01-31,,Open,PAYROLL_DIY,Payroll DIY,Direct,unassigned,2253,0
D200850,C100996,2025-04-14,2025-04-22,Closed Won,PAYROLL_MPS,Managed Payroll,Partners,dinkster,0,0
D200851,C104137,2024-07-03,2024-08-12,Closed Won,PAYROLL_DIY,Payroll DIY,Direct,shao,1674,0
D200852,C103636,2024-05-10,2024-08-06,Closed Won,PM,People Management,Partners,unassigned,1329,0
D200853,C102180,2024-11-02,,Open,PM,People Management,Direct,awong,549,0
D200854,C104459,2024-09-18,,Open,PAYROLL_MPS,Managed Payroll,Direct,unassigned,5570,0
D200855,C103904,2024-09-06,2024-12-01,Closed Won,ADD_ON_TKR,TKR Add-on,Partners,dinkster,405,0
D200856,C102246,2024-05-31,2024-08-12,Closed Won,PAYROLL_DIY,Payroll DIY,Partners,awong,1106,0
D200857,C103279,2024-02-28,2024-03-10,Closed Lost,PAYROLL_DIY,Payroll DIY,Direct,dinkster,1464,0
D200858,C101725,2024-04-25,2024-07-09,Closed Won,ADD_ON_TKR,TKR Add-on,Direct,dt,1018,0
D200859,C103572,2024-08-05,,Open,ADD_ON_TKR,TKR Add-on,Partners,awong,526,0
D200860,C103942,2024-04-23,2024-06-08,Closed Won,ADD_ON_TKR,TKR Add-on,Partners,awong,873,0
D200861,C102311,2024-02-06,2024-04-26,Closed Lost,PM,People Management,Partners,dinkster,1165,0
D200862,C102188,2024-10-02,2024-11-15,Closed Won,ADD_ON_TKR,TKR Add-on,Partners,unassigned,632,0
D200863,C100216,2024-12-15,,Open,PAYROLL_DIY,Payroll DIY,Partners,shao,2408,0
D200864,C101170,2025-05-01,2025-06-12,Closed Won,ADD_ON_TKR,TKR Add-on,Direct,unassigned,1233,0
D200865,C103302,2024-01-24,2024-03-19,Closed Won,PAYROLL_DIY,Payroll DIY,Direct,mkoenen,292,0
D200866,C104915,2024-10-19,2024-12-05,Closed Won,PAYROLL_DIY,Payroll DIY,Direct,mkoenen,2473,0
D200867,C104304,2024-09-19,2024-11-21,Closed Won,PAYROLL_DIY,Payroll DIY,Partners,dinkster,2306,0
D200868,C104767,2024-12-07,2025-03-05,Closed Won,ADD_ON_TKR,TKR Add-on,Direct,dinkster,1243,0
D200869,C103935,2025-06-05,2025-06-12,Closed Won,ADD_ON_TKR,TKR Add-on,Direct,awong,1118,0
D200870,C104747,2024-01-19,2024-03-21,Closed Won,PM,People Management,Direct,shao,1438,0
D200871,C100030,2024-04-02,2024-06-28,Closed Lost,PM,People Management,Direct,awong,913,0
D200872,C102153,2024-02-10,2024-02-24,Closed Won,PAYROLL_MPS,Managed Payroll,Partners,dt,6612,0
D200873,C101544,2024-08-24,2024-09-01,Closed Lost,PM,People Management,Partners,mkoenen,791,0
D200874,C102376,2024-07-12,2024-08-08,Closed Lost,ADD_ON_TKR,TKR Add-on,Partners,unassigned,1171,0
D200875,C103926,2024-09-04,2024-11-14,Closed Won,PM,People Management,Direct,unassigned,718,0
D200876,C101119,2024-03-22,,Open,PAYROLL_MPS,Managed Payroll,Direct,mkoenen,5263,0
D200877,C104967,2024-05-29,2024-08-21,Closed Won,PM,People Management,Direct,unassigned,730,0
D200878,C104826,2024-09-03,2024-11-28,Closed Lost,PM,People Management,Direct,shao,533,0
D200879,C104410,2025-01-27,,Open,PAYROLL_DIY,Payroll DIY,Direct,,2178,0
D200880,C104889,2025-01-21,,Open,ADD_ON_TKR,TKR Add-on,Partners,shao,781,0
D200881,C101152,2024-01-19,2024-02-22,Closed Won,PAYROLL_DIY,Payroll DIY,Direct,mkoenen,762,0
D200882,C102035,2025-04-12,2025-05-06,Closed Won,ADD_ON_TKR,TKR Add-on,Partners,mkoenen,593,0
D200883,C103031,2024-08-02,,Open,PAYROLL_DIY,Payroll DIY,Direct,awong,1362,0
D200884,C101845,2024-04-03,,Open,ADD_ON_TKR,TKR Add-on,Direct,unassigned,1341,0
D200885,C100755,2025-04-06,2025-04-10,Closed Won,ADD_ON_TKR,TKR Add-on,Direct,awong,1036,0
D200886,C103647,2024-08-06,2024-09-06,Closed Won,ADD_ON_TKR,TKR Add-on,Direct,awong,1474,0
D200887,C104518,2024-06-10,,Open,PAYROLL_MPS,Managed Payroll,Partners,awong,6696,0
D200888,C102211,2025-03-12,,Open,PAYROLL_DIY,Payroll DIY,Direct,unassigned,2448,0
D200889,C102267,2025-04-27,2025-07-08,Closed Won,PAYROLL_DIY,Payroll DIY,Direct,dinkster,1589,0
D200890,C100921,2024-12-01,2025-02-20,Closed Lost,ADD_ON_TKR,TKR Add-on,Direct,shao,1105,0
D200891,C104050,2025-05-11,2025-07-04,Closed Lost,PAYROLL_DIY,Payroll DIY,Partners,dinkster,3555,0
D200892,C103868,2024-12-24,2025-01-28,Closed Won,PAYROLL_MPS,Managed Payroll,Direct,dinkster,6829,0
D200893,C100898,2025-05-18,2025-06-21,Closed Won,PAYROLL_DIY,Payroll DIY,Direct,mkoenen,2220,0
D200894,C100795,2025-01-26,2025-04-08,Closed Won,PAYROLL_DIY,Payroll DIY,Direct,dt,843,0
D200895,C104492,2025-01-25,,Open,PM,People Management,Direct,dinkster,2353,0
D200896,C102285,2024-05-20,2024-06-23,Closed Lost,PAYROLL_MPS,Managed Payroll,Partners,mkoenen,1037,0
D200897,C101014,2024-08-20,2024-10-25,Closed Won,ADD_ON_TKR,TKR Add-on,Direct,mkoenen,650,0
D200898,C102087,2024-03-05,2024-05-17,Closed Won,PAYROLL_DIY,Payroll DIY,Partners,shao,968,1
D200899,C103515,2025-07-01,2025-08-04,Closed Won,PAYROLL_MPS,Managed Payroll,Partners,dinkster,4894,0
D200900,C103829,2025-02-04,2025-02-18,Closed Won,PAYROLL_DIY,Payroll DIY,Partners,dinkster,2016,0
D200901,C103745,2024-12-22,,Open,PAYROLL_DIY,Payroll DIY,Direct,awong,1925,0
D200902,C102326,2025-01-11,2025-03-08,Closed Won,PAYROLL_DIY,Payroll DIY,Partners,mkoenen,1370,0
D200903,C101448,2024-08-26,2024-09-11,Closed Won,PM,People Management,Direct,awong,1339,0
D200904,C101447,2025-01-07,2025-03-17,Closed Lost,PAYROLL_MPS,Managed Payroll,Direct,mkoenen,7829,0
D200905,C104720,2024-04-14,2024-04-20,Closed Won,PM,People Management,Partners,dinkster,1022,0
D200906,C104419,2024-01-30,2024-04-25,Closed Won,PAYROLL_MPS,Managed Payroll,Partners,mkoenen,4399,0
D200907,C102930,2025-05-17,,Open,PAYROLL_DIY,Payroll DIY,Direct,mkoenen,2195,0
D200908,C101973,2025-04-13,2025-05-31,Closed Won,PM,People Management,Partners,dt,658,0
D200909,C104690,2025-02-19,,Open,PM,People Management,Partners,unassigned,1421,0
D200910,C101994,2025-01-19,2025-02-13,Closed Won,PAYROLL_MPS,Managed Payroll,Direct,dt,4095,1
D200911,C102197,2024-01-19,2024-03-31,Closed Lost,ADD_ON_TKR,TKR Add-on,Direct,unassigned,921,0
D200912,C101639,2024-10-21,,Open,PAYROLL_DIY,Payroll DIY,Direct,,750,0
D200913,C101973,2024-08-24,,Open,PAYROLL_DIY,Payroll DIY,Partners,mkoenen,1531,0
D200914,C103392,2024-01-02,2024-03-20,Closed Lost,ADD_ON_TKR,TKR Add-on,Direct,mkoenen,616,0
D200915,C102315,2025-04-23,,Open,PAYROLL_DIY,Payroll DIY,Partners,unassigned,873,0
D200916,C104002,2025-06-26,2025-07-17,Closed Lost,ADD_ON_TKR,TKR Add-on,Partners,dinkster,1760,0
D200917,C100409,2024-05-01,,Open,PM,People Management,Partners,dinkster,1239,0
D200918,C104439,2024-10-16,2024-11-25,Closed Won,PAYROLL_DIY,Payroll DIY,Partners,shao,2007,1
D200919,C101147,2025-07-03,2025-08-13,Closed Won,PM,People Management,Direct,awong,564,0
D200920,C104179,2025-04-30,2025-06-14,Closed Lost,PAYROLL_DIY,Payroll DIY,Partners,awong,1789,0
D200921,C104201,2024-01-26,2024-02-07,Closed Won,PM,People Management,Direct,shao,896,0
D200922,C100341,2024-10-08,2024-11-25,Closed Lost,PAYROLL_DIY,Payroll DIY,Partners,mkoenen,2174,0
D200923,C101191,2025-01-26,2025-04-11,Closed Lost,PM,People Management,Partners,shao,2250,0
D200924,C101235,2025-01-13,2025-02-09,Closed Won,PAYROLL_DIY,Payroll DIY,Partners,awong,2162,0
D200925,C101667,2025-05-03,2025-06-11,Closed Won,PAYROLL_DIY,Payroll DIY,Direct,unassigned,903,0
D200926,C104739,2024-10-21,,Open,ADD_ON_TKR,TKR Add-on,Partners,shao,741,0
D200927,C102581,2024-10-13,2024-12-06,Closed Won,PAYROLL_DIY,Payroll DIY,Partners,awong,1446,0
D200928,C101906,2024-04-20,2024-07-09,Closed Won,ADD_ON_TKR,TKR Add-on,Partners,shao,1054,0
D200929,C101818,2025-06-14,2025-07-15,Closed Won,PAYROLL_DIY,Payroll DIY,Partners,awong,1971,0
D200930,C100132,2024-09-21,2024-10-31,Closed Won,PAYROLL_MPS,Managed Payroll,Partners,mkoenen,6593,0
D200931,C102576,2025-05-03,2025-07-20,Closed Lost,ADD_ON_TKR,TKR Add-on,Partners,shao,917,0
D200932,C101585,2025-06-26,2025-09-06,Closed Won,PAYROLL_MPS,Managed Payroll,Direct,shao,3298,0
D200933,C103802,2025-05-26,2025-08-22,Closed Won,ADD_ON_TKR,TKR Add-on,Partners,awong,-843,0
D200934,C103391,2024-07-11,2024-09-17,Closed Won,PAYROLL_MPS,Managed Payroll,Direct,mkoenen,6242,0
D200935,C104289,2024-03-05,,Open,PAYROLL_MPS,Managed Payroll,Partners,dt,4344,0
D200936,C102181,2025-01-21,2025-01-24,Closed Won,ADD_ON_TKR,TKR Add-on,Direct,unassigned,674,0
D200937,C103627,2024-01-09,2024-01-15,Closed Won,PAYROLL_DIY,Payroll DIY,Direct,dinkster_tmp,1495,0
D200938,C102117,2024-09-20,,Open,ADD_ON_TKR,TKR Add-on,Direct,dinkster,947,0
D200939,C103750,2024-05-18,2024-06-11,Closed Won,PAYROLL_DIY,Payroll DIY,Direct,awong,2673,0
D200940,C103399,2024-10-31,2025-01-21,Closed Won,ADD_ON_TKR,TKR Add-on,Partners,shao,791,0
D200941,C102739,2024-09-03,2024-09-20,Closed Won,ADD_ON_TKR,TKR Add-on,Partners,awong,748,0
D200942,C100806,2024-08-28,2024-10-24,Closed Lost,PAYROLL_MPS,Managed Payroll,Direct,dinkster,5951,0
D200943,C102212,2025-05-07,2025-06-12,Closed Lost,PM,People Management,Direct,shao,1666,0
D200944,C100319,2024-12-26,2025-03-15,Closed Lost,ADD_ON_TKR,TKR Add-on,Partners,mkoenen,1209,0
D200945,C103284,2024-09-16,,Open,PAYROLL_DIY,Payroll DIY,Partners,mkoenen,0,0
D200946,C103979,2025-06-07,2025-08-01,Closed Lost,PM,People Management,Direct,dinkster,1053,0
D200947,C103722,2024-06-27,2024-09-09,Closed Lost,PAYROLL_DIY,Payroll DIY,Partners,shao,2467,0
D200948,C103550,2024-01-25,2024-02-28,Closed Won,PAYROLL_DIY,Payroll DIY,Direct,dt,2832,0
D200949,C101105,2024-07-26,,Open,ADD_ON_TKR,TKR Add-on,Direct,shao,576,0
D200950,C103451,2024-07-10,2024-09-04,Closed Lost,PAYROLL_DIY,Payroll DIY,Direct,shao,1665,0
D200951,C104019,2024-03-22,2024-06-05,Closed Lost,PAYROLL_MPS,Managed Payroll,Partners,shao,0,0
D200952,C100428,2024-03-20,2024-05-14,Closed Won,ADD_ON_TKR,TKR Add-on,Partners,mkoenen,848,0
D200953,C100684,2024-01-07,2024-01-21,Closed Won,ADD_ON_TKR,TKR Add-on,Partners,dinkster,649,0
D200954,C102036,2024-02-09,2024-04-10,Closed Won,PM,People Management,Partners,shao,1029,0
D200955,C102578,2024-07-04,,Open,PAYROLL_MPS,Managed Payroll,Partners,unassigned,61,0
D200956,C101617,2024-02-27,2024-03-24,Closed Won,PAYROLL_MPS,Managed Payroll,Direct,mkoenen,4520,0
D200957,C104359,2025-02-17,,Open,PAYROLL_DIY,Payroll DIY,Direct,mkoenen,900,0
D200958,C102929,2024-02-04,,Open,ADD_ON_TKR,TKR Add-on,Partners,shao,180,0
D200959,C102511,2025-02-27,2025-04-24,Closed Won,PM,People Management,Direct,dinkster,1706,0
D200960,C100669,2025-02-25,2025-05-02,Closed Won,PM,People Management,Partners,shao,1914,0
D200961,C104595,2025-05-20,,Open,PAYROLL_MPS,Managed Payroll,Direct,dinkster,3455,0
D200962,C104336,2024-06-17,,Open,PAYROLL_DIY,Payroll DIY,Direct,mkoenen,2035,0
D200963,C101096,2025-05-21,2025-06-26,Closed Won,PM,People Management,Partners,shao,2508,0
D200964,C103740,2025-06-21,2025-08-24,Closed Won,PM,People Management,Direct,dinkster,1495,0
D200965,C103938,2024-06-02,,Open,PAYROLL_MPS,Managed Payroll,Partners,awong,3812,0
D200966,C100610,2024-01-23,2024-04-06,Closed Won,ADD_ON_TKR,TKR Add-on,Partners,dinkster,1064,0
D200967,C101054,2025-05-29,2025-07-14,Closed Won,PM,People Management,Partners,awong,1871,0
D200968,C102804,2025-01-07,2025-03-22,Closed Won,PAYROLL_DIY,Payroll DIY,Partners,dt,1436,0
D200969,C101826,2024-10-20,2024-11-23,Closed Won,PM,People Management,Direct,unassigned,697,0
D200970,C101773,2024-03-13,,Open,PAYROLL_MPS,Managed Payroll,Partners,dt,6587,0
D200971,C102671,2024-01-22,2024-02-18,Closed Lost,PAYROLL_DIY,Payroll DIY,Direct,dt,1341,0
D200972,C102527,2024-06-04,2024-08-28,Closed Won,PAYROLL_DIY,Payroll DIY,Partners,dinkster,675,0
D200973,C103994,2024-02-29,2024-03-04,Closed Won,ADD_ON_TKR,TKR Add-on,Direct,dt,624,0
D200974,C101780,2024-07-08,2024-07-31,Closed Won,PM,People Management,Direct,shao,2226,0
D200975,C100328,2025-05-07,2025-07-29,Closed Won,PAYROLL_MPS,Managed Payroll,Partners,dt,4274,0
D200976,C101563,2025-03-21,,Open,PAYROLL_MPS,Managed Payroll,Partners,dt,3671,0
D200977,C104802,2024-08-17,,Open,PM,People Management,Partners,unassigned,1659,0
D200978,C104953,2024-01-19,2024-03-05,Closed Won,PAYROLL_DIY,Payroll DIY,Partners,dt,1069,0
D200979,C104047,2024-04-11,2024-05-24,Closed Won,PAYROLL_MPS,Managed Payroll,Direct,shao,4397,0
D200980,C101746,2024-11-01,,Open,PM,People Management,Partners,awong,1755,0
D200981,C100922,2024-01-21,,Open,PAYROLL_DIY,Payroll DIY,Direct,mkoenen,2364,0
D200982,C104274,2025-04-20,2025-04-21,Closed Won,PM,People Management,Direct,unassigned,331,0
D200983,C100022,2024-12-04,,Open,ADD_ON_TKR,TKR Add-on,Partners,dt,753,0
D200984,C101374,2025-05-24,2025-07-13,Closed Won,PAYROLL_MPS,Managed Payroll,Direct,mkoenen,2835,0
D200985,C102131,2024-07-30,2024-08-17,Closed Won,PAYROLL_DIY,Payroll DIY,Partners,dinkster,1889,0
D200986,C104986,2024-10-01,,Open,PAYROLL_DIY,Payroll DIY,Partners,unassigned,0,0
D200987,C102152,2024-07-26,2024-07-27,Closed Lost,PAYROLL_MPS,Managed Payroll,Partners,mkoenen,1657,0
D200988,C101872,2025-02-27,2025-02-28,Closed Won,ADD_ON_TKR,TKR Add-on,Direct,dinkster,895,0
D200989,C100734,2025-06-28,2025-07-15,Closed Won,PAYROLL_DIY,Payroll DIY,Partners,dinkster,2122,0
D200990,C100632,2025-02-21,,Open,ADD_ON_TKR,TKR Add-on,Partners,awong,-1099,0
D200991,C100664,2024-01-02,,Open,ADD_ON_TKR,TKR Add-on,Partners,dinkster,906,0
D200992,C103234,2025-01-06,2025-01-31,Closed Lost,PAYROLL_MPS,Managed Payroll,Partners,mkoenen,4344,0
D200993,C101244,2024-09-04,2024-11-22,Closed Won,PM,People Management,Partners,unassigned,1215,0
D200994,C100800,2025-01-19,,Open,PM,People Management,Direct,mkoenen,1603,0
D200995,C104449,2024-01-01,,Open,PAYROLL_DIY,Payroll DIY,Partners,shao,1848,0
D200996,C100912,2024-12-26,,Open,ADD_ON_TKR,TKR Add-on,Direct,awong,575,0
D200997,C102716,2024-03-01,2024-03-17,Closed Won,ADD_ON_TKR,TKR Add-on,Partners,mkoenen,628,0
D200998,C103630,2024-02-03,2024-04-23,Closed Lost,ADD_ON_TKR,TKR Add-on,Direct,dt,1172,0
D200999,C104188,2024-08-12,2024-11-06,Closed Won,ADD_ON_TKR,TKR Add-on,Partners,unassigned,94,0
D201000,C101775,2025-04-11,2025-06-02,Closed Won,ADD_ON_TKR,TKR Add-on,Partners,shao,0,0
D201001,C104668,2025-03-26,2025-05-07,Closed Won,PM,People Management,Partners,dinkster,1180,0
D201002,C101770,2025-01-28,2025-02-17,Closed Won,PAYROLL_DIY,Payroll DIY,Direct,dinkster,1470,0
D201003,C102406,2025-02-19,2025-05-08,Closed Won,PAYROLL_DIY,Payroll DIY,Direct,mkoenen,1754,0
D201004,C101774,2024-04-18,2024-06-30,Closed Won,ADD_ON_TKR,TKR Add-on,Direct,mkoenen,941,0
D201005,C100610,2024-09-04,2024-11-18,Closed Won,PAYROLL_DIY,Payroll DIY,Direct,dinkster,3633,0
D201006,C102144,2024-03-02,,Open,PAYROLL_DIY,Payroll DIY,Partners,awong,1783,0
D201007,C100595,2024-06-13,2024-08-21,Closed Won,PAYROLL_DIY,Payroll DIY,Direct,dt,2323,0
D201008,C104281,2024-03-15,,Open,PM,People Management,Partners,awong,1610,0
D201009,C101246,2024-10-11,2024-10-12,Closed Won,ADD_ON_TKR,TKR Add-on,Partners,awong,512,0
D201010,C101258,2024-10-13,,Open,PAYROLL_DIY,Payroll DIY,Partners,dt,817,0
D201011,C102333,2024-01-07,2024-01-15,Closed Won,PAYROLL_MPS,Managed Payroll,Direct,dinkster,0,0
D201012,C104574,2025-03-21,2025-04-10,Closed Won,PM,People Management,Partners,unassigned,1031,0
D201013,C104145,2024-08-04,2024-09-20,Closed Won,PAYROLL_DIY,Payroll DIY,Direct,,1472,0
D201014,C101096,2024-05-28,2024-07-30,Closed Won,ADD_ON_TKR,TKR Add-on,Direct,dt,619,0
D201015,C103037,2024-09-27,2024-11-02,Closed Won,PM,People Management,Direct,awong,632,0
D201016,C103909,2025-02-19,2025-03-04,Closed Lost,PM,People Management,Direct,shao,826,0
D201017,C101677,2025-04-26,2025-06-30,Closed Won,PAYROLL_MPS,Managed Payroll,Partners,shao,5730,0
D201018,C101805,2024-05-30,2024-07-02,Closed Won,PAYROLL_MPS,Managed Payroll,Direct,unassigned,4016,0
D201019,C104519,2024-01-07,2024-02-05,Closed Won,PM,People Management,Direct,awong,138,0
D201020,C100362,2024-11-08,,Open,PAYROLL_MPS,Managed Payroll,Partners,awong,5306,0
D201021,C103610,2024-07-03,2024-08-30,Closed Lost,PAYROLL_DIY,Payroll DIY,Partners,shao,2539,0
D201022,C101782,2025-01-24,2025-02-01,Closed Won,PM,People Management,Partners,dt,323,0
D201023,C103769,2025-01-17,,Open,PAYROLL_DIY,Payroll DIY,Direct,dinkster,2544,0
D201024,C101761,2024-11-03,,Open,PM,People Management,Partners,mkoenen,1646,0
D201025,C103994,2024-04-01,2024-05-28,Closed Won,ADD_ON_TKR,TKR Add-on,Direct,dt,396,0
D201026,C104420,2024-03-18,,Open,PAYROLL_MPS,Managed Payroll,Direct,unassigned,5281,0
D201027,C103987,2025-02-02,2025-03-11,Closed Won,PM,People Management,Direct,shao,617,1
D201028,C101683,2024-10-14,,Open,PM,People Management,Partners,shao,888,0
D201029,C103080,2024-02-15,,Open,ADD_ON_TKR,TKR Add-on,Direct,dt,979,0
D201030,C104335,2024-07-23,2024-08-12,Closed Won,PAYROLL_MPS,Managed Payroll,Direct,mkoenen,6245,0
D201031,C104058,2024-04-18,,Open,PAYROLL_MPS,Managed Payroll,Partners,unassigned,4199,0
D201032,C103401,2024-06-29,2024-07-04,Closed Won,ADD_ON_TKR,TKR Add-on,Partners,awong,318,1
D201033,C104492,2025-06-10,,Open,ADD_ON_TKR,TKR Add-on,Direct,dt,0,0
D201034,C104881,2024-06-27,,Open,PAYROLL_MPS,Managed Payroll,Partners,awong,1706,0
D201035,C104141,2024-10-20,2024-11-24,Closed Won,PAYROLL_MPS,Managed Payroll,Partners,shao,4022,0
D201036,C104049,2025-05-22,,Open,PAYROLL_MPS,Managed Payroll,Direct,awong,4822,0
D201037,C102433,2024-09-03,2024-11-18,Closed Won,ADD_ON_TKR,TKR Add-on,Partners,dinkster,736,0
D201038,C100995,2024-02-03,2024-04-11,Closed Won,ADD_ON_TKR,TKR Add-on,Partners,mkoenen,1606,0
D201039,C103610,2024-11-12,2024-12-10,Closed Won,PAYROLL_DIY,Payroll DIY,Direct,unassigned,1256,0
D201040,C100138,2024-11-11,2024-12-13,Closed Won,PAYROLL_MPS,Managed Payroll,Partners,dinkster,6008,0
D201041,C100199,2024-09-24,2024-11-08,Closed Won,PAYROLL_MPS,Managed Payroll,Partners,shao,2343,0
D201042,C101845,2024-04-09,,Open,PAYROLL_DIY,Payroll DIY,Direct,mkoenen,1815,0
D201043,C101278,2024-07-18,2024-07-21,Closed Won,PAYROLL_DIY,Payroll DIY,Direct,unassigned,1471,0
D201044,C100745,2024-11-15,2024-12-21,Closed Won,ADD_ON_TKR,TKR Add-on,Partners,awong,31,0
D201045,C102312,2025-01-08,2025-03-23,Closed Won,PAYROLL_DIY,Payroll DIY,Partners,unassigned,3007,0
D201046,C101694,2025-01-06,2025-02-27,Closed Won,PAYROLL_MPS,Managed Payroll,Partners,shao,2682,0
D201047,C100290,2025-01-06,2025-02-19,Closed Lost,PAYROLL_DIY,Payroll DIY,Direct,shao,3375,0
D201048,C104804,2024-06-02,2024-06-03,Closed Won,ADD_ON_TKR,TKR Add-on,Partners,awong,248,0
D201049,C101821,2025-01-28,2025-04-05,Closed Won,PM,People Management,Partners,dinkster,829,1
D201050,C100095,2024-01-29,,Open,PM,People Management,Direct,mkoenen,1030,0
D201051,C100993,2024-10-01,2024-10-02,Closed Won,PAYROLL_DIY,Payroll DIY,Direct,dt,2104,0
D201052,C102379,2025-02-01,,Open,PM,People Management,Direct,awong,706,0
D201053,C100777,2025-01-19,,Open,PAYROLL_DIY,Payroll DIY,Direct,mkoenen,837,0
D201054,C102859,2024-02-03,2024-03-18,Closed Won,PAYROLL_DIY,Payroll DIY,Direct,mkoenen,720,0
D201055,C101306,2024-05-28,2024-08-02,Closed Lost,PM,People Management,Direct,unassigned,394,0
D201056,C104571,2025-05-26,,Open,PAYROLL_MPS,Managed Payroll,Direct,shao,6827,0
D201057,C101862,2025-01-27,,Open,PM,People Management,Direct,dinkster,1056,0
D201058,C101168,2025-04-25,2025-07-09,Closed Won,ADD_ON_TKR,TKR Add-on,Partners,dinkster,549,0
D201059,C101189,2024-01-19,,Open,PM,People Management,Partners,mkoenen,1635,0
D201060,C103678,2024-05-22,2024-06-18,Closed Lost,ADD_ON_TKR,TKR Add-on,Direct,awong,0,0
D201061,C104272,2024-04-29,2024-06-24,Closed Won,PM,People Management,Partners,awong,0,0
D201062,C103505,2024-01-14,2024-03-01,Closed Won,PAYROLL_MPS,Managed Payroll,Partners,dinkster,3462,0
D201063,C101529,2024-01-29,,Open,PM,People Management,Partners,awong,874,0
D201064,C103679,2024-02-07,2024-04-18,Closed Won,PM,People Management,Direct,dt,1485,0
D201065,C100846,2024-01-27,,Open,PAYROLL_MPS,Managed Payroll,Partners,unassigned,7577,0
D201066,C100498,2025-01-26,2025-03-03,Closed Won,ADD_ON_TKR,TKR Add-on,Partners,mkoenen,649,0
D201067,C100474,2024-03-20,2024-04-29,Closed Lost,PAYROLL_MPS,Managed Payroll,Direct,dinkster,5208,0
D201068,C104215,2025-03-18,2025-04-06,Closed Won,PM,People Management,Partners,awong,1533,0
D201069,C104436,2025-02-23,2025-05-07,Closed Won,PAYROLL_DIY,Payroll DIY,Direct,dt,1182,0
D201070,C104953,2024-02-13,,Open,PM,People Management,Direct,awong,1950,0
D201071,C101859,2025-06-23,2025-07-07,Closed Won,ADD_ON_TKR,TKR Add-on,Partners,mkoenen,383,0
D201072,C101007,2024-01-18,2024-03-21,Closed Won,PAYROLL_DIY,Payroll DIY,Partners,awong,1268,0
D201073,C103575,2024-04-29,,Open,PAYROLL_MPS,Managed Payroll,Partners,mkoenen,8652,0
D201074,C102600,2025-01-16,2025-03-12,Closed Won,PM,People Management,Partners,dt,1164,0
D201075,C101870,2025-05-15,,Open,PAYROLL_MPS,Managed Payroll,Direct,dt,2699,0
D201076,C100894,2024-09-28,2024-10-28,Closed Won,PM,People Management,Direct,awong,948,0
D201077,C104483,2024-03-28,2024-05-23,Closed Lost,PAYROLL_DIY,Payroll DIY,Partners,unassigned,1268,0
D201078,C102195,2024-07-09,,Open,ADD_ON_TKR,TKR Add-on,Direct,mkoenen,319,0
D201079,C104305,2024-09-26,2024-10-06,Closed Won,PAYROLL_MPS,Managed Payroll,Partners,unassigned,4805,0
D201080,C100535,2024-04-21,2024-05-28,Closed Lost,ADD_ON_TKR,TKR Add-on,Partners,shao,355,0
D201081,C102816,2024-11-15,2024-12-27,Closed Won,PM,People Management,Partners,dinkster,1365,0
D201082,C104193,2025-06-30,2025-07-23,Closed Won,ADD_ON_TKR,TKR Add-on,Partners,shao,1602,0
D201083,C101592,2024-02-16,2024-04-27,Closed Won,PM,People Management,Partners,dt,1304,1
D201084,C104337,2024-02-18,,Open,PM,People Management,Direct,dt,1500,0
D201085,C101512,2025-06-23,,Open,ADD_ON_TKR,TKR Add-on,Direct,mkoenen,734,0
D201086,C104465,2025-04-13,2025-06-08,Closed Won,PAYROLL_MPS,Managed Payroll,Direct,dinkster,2843,0
D201087,C101650,2025-06-16,2025-06-17,Closed Lost,PM,People Management,Partners,awong_tmp,1160,0
D201088,C101882,2024-10-10,2025-01-02,Closed Lost,PAYROLL_DIY,Payroll DIY,Partners,dinkster,2207,0
D201089,C104546,2024-04-08,2024-05-08,Closed Won,ADD_ON_TKR,TKR Add-on,Direct,unassigned,1218,0
D201090,C102980,2024-12-19,,Open,PAYROLL_MPS,Managed Payroll,Partners,unassigned,5023,0
D201091,C100420,2024-09-01,2024-10-11,Closed Won,PAYROLL_DIY,Payroll DIY,Partners,dt,1640,0
D201092,C103867,2024-06-12,2024-09-09,Closed Won,PM,People Management,Direct,awong,668,0
D201093,C101993,2025-03-30,2025-04-28,Closed Lost,PM,People Management,Direct,awong,873,0
D201094,C103670,2025-06-13,2025-08-07,Closed Won,PM,People Management,Direct,dt,562,0
D201095,C100350,2025-03-25,2025-05-03,Closed Won,ADD_ON_TKR,TKR Add-on,Direct,unassigned,1027,0
D201096,C101304,2024-08-24,,Open,ADD_ON_TKR,TKR Add-on,Partners,dt,714,0
D201097,C100634,2024-06-03,2024-06-04,Closed Lost,PM,People Management,Partners,mkoenen,1885,0
D201098,C104602,2024-07-25,,Open,PAYROLL_MPS,Managed Payroll,Partners,dt,3006,0
D201099,C104556,2025-03-11,2025-05-12,Closed Lost,PAYROLL_MPS,Managed Payroll,Direct,mkoenen,5036,0
D201100,C101542,2024-12-05,2025-01-05,Closed Lost,ADD_ON_TKR,TKR Add-on,Direct,mkoenen,1168,0
D201101,C103401,2025-02-18,,Open,PAYROLL_MPS,Managed Payroll,Direct,mkoenen,5177,0
D201102,C104154,2024-10-05,2024-11-18,Closed Won,ADD_ON_TKR,TKR Add-on,Partners,mkoenen,658,0
D201103,C103391,2024-03-16,2024-06-12,Closed Won,PAYROLL_MPS,Managed Payroll,Partners,dinkster,5072,0
D201104,C103091,2024-02-08,2024-03-14,Closed Won,PM,People Management,Partners,awong,538,0
D201105,C101417,2024-12-06,,Open,PAYROLL_DIY,Payroll DIY,Partners,awong,2620,0
D201106,C101325,2024-10-25,2024-12-30,Closed Won,PAYROLL_DIY,Payroll DIY,Partners,shao,2483,0
D201107,C103074,2024-11-22,2024-12-08,Closed Won,PAYROLL_DIY,Payroll DIY,Partners,awong,-2830,0
D201108,C104115,2024-07-30,2024-08-26,Closed Lost,PAYROLL_DIY,Payroll DIY,Direct,shao,1084,0
D201109,C100350,2024-03-08,,Open,ADD_ON_TKR,TKR Add-on,Partners,mkoenen,163,0
D201110,C101216,2024-03-13,,Open,ADD_ON_TKR,TKR Add-on,Direct,dinkster,618,0
D201111,C102325,2024-04-28,2024-06-19,Closed Won,PAYROLL_DIY,Payroll DIY,Direct,unassigned,2467,0
D201112,C100547,2024-12-17,2024-12-28,Closed Won,ADD_ON_TKR,TKR Add-on,Partners,mkoenen,634,0
D201113,C104180,2024-03-27,2024-04-26,Closed Won,ADD_ON_TKR,TKR Add-on,Partners,dinkster,1392,1
D201114,C104559,2024-07-14,2024-08-07,Closed Won,ADD_ON_TKR,TKR Add-on,Direct,dinkster,98,0
D201115,C104820,2025-02-13,2025-02-20,Closed Won,PAYROLL_DIY,Payroll DIY,Partners,dinkster,1324,0
D201116,C101827,2024-11-09,2024-12-13,Closed Won,PM,People Management,Direct,shao,2233,0
D201117,C101295,2024-08-01,,Open,PM,People Management,Partners,shao,523,0
D201118,C102250,2024-11-27,2025-01-23,Closed Won,PAYROLL_DIY,Payroll DIY,Direct,mkoenen,2147,0
D201119,C103125,2024-08-02,,Open,PM,People Management,Partners,dt,49,0
D201120,C100894,2024-02-23,2024-03-25,Closed Won,ADD_ON_TKR,TKR Add-on,Partners,mkoenen,422,0
D201121,C101053,2024-05-15,2024-07-31,Closed Won,ADD_ON_TKR,TKR Add-on,Partners,shao,831,0
D201122,C100968,2024-05-15,2024-08-01,Closed Won,PM,People Management,Partners,dinkster,384,0
D201123,C104328,2024-05-21,2024-08-05,Closed Won,ADD_ON_TKR,TKR Add-on,Partners,dt,667,0
D201124,C104472,2025-06-17,2025-08-21,Closed Won,ADD_ON_TKR,TKR Add-on,Direct,dt,900,0
D201125,C101960,2024-11-27,2025-02-15,Closed Lost,PM,People Management,Direct,unassigned,2517,0
D201126,C100436,2025-04-08,2025-05-17,Closed Won,PM,People Management,Partners,unassigned,1949,0
D201127,C103893,2024-10-10,,Open,ADD_ON_TKR,TKR Add-on,Partners,awong,1011,0
D201128,C100059,2024-09-01,2024-09-23,Closed Won,PAYROLL_DIY,Payroll DIY,Direct,dinkster,1455,0
D201129,C104382,2025-05-21,2025-05-22,Closed Won,ADD_ON_TKR,TKR Add-on,Partners,awong,674,0
D201130,C101420,2024-11-26,2025-01-23,Closed Won,ADD_ON_TKR,TKR Add-on,Partners,unassigned,1752,0
D201131,C103328,2025-02-20,2025-04-29,Closed Lost,ADD_ON_TKR,TKR Add-on,Direct,mkoenen,1421,0
D201132,C104375,2024-05-02,2024-05-28,Closed Won,PAYROLL_MPS,Managed Payroll,Partners,shao,2423,0
D201133,C102267,2025-05-13,2025-06-23,Closed Won,PAYROLL_MPS,Managed Payroll,Partners,dinkster,4024,0
D201134,C102756,2024-10-21,2024-11-04,Closed Won,ADD_ON_TKR,TKR Add-on,Partners,shao,956,0
D201135,C102086,2025-06-03,2025-06-05,Closed Won,PAYROLL_DIY,Payroll DIY,Direct,awong,1870,0
D201136,C104297,2025-03-12,2025-05-28,Closed Lost,PAYROLL_DIY,Payroll DIY,Direct,awong,2398,0
D201137,C100119,2024-10-05,,Open,PAYROLL_DIY,Payroll DIY,Partners,unassigned,3261,0
D201138,C103786,2025-03-09,2025-03-21,Closed Won,PAYROLL_MPS,Managed Payroll,Partners,mkoenen,6089,0
D201139,C102692,2025-03-22,,Open,PM,People Management,Direct,awong,371,0
D201140,C103098,2024-03-26,2024-06-20,Closed Won,PAYROLL_MPS,Managed Payroll,Partners,awong,5042,0
D201141,C103988,2024-09-08,2024-11-29,Closed Lost,ADD_ON_TKR,TKR Add-on,Partners,shao,814,0
D201142,C102965,2024-10-15,2024-10-24,Closed Won,PAYROLL_MPS,Managed Payroll,Direct,shao,4029,0
D201143,C100424,2024-03-18,,Open,PAYROLL_MPS,Managed Payroll,Direct,dinkster,2044,0
D201144,C102147,2024-07-03,2024-08-28,Closed Won,PAYROLL_MPS,Managed Payroll,Partners,unassigned,5081,0
D201145,C102324,2025-04-10,,Open,PAYROLL_DIY,Payroll DIY,Direct,unassigned,1775,0
D201146,C100722,2025-05-30,,Open,PM,People Management,Direct,dinkster,2076,0
D201147,C102582,2024-10-02,2024-11-16,Closed Won,PAYROLL_DIY,Payroll DIY,Direct,awong,1538,0
D201148,C102857,2025-04-10,2025-06-06,Closed Won,PAYROLL_MPS,Managed Payroll,Partners,shao,3528,0
D201149,C102050,2024-10-04,,Open,PAYROLL_MPS,Managed Payroll,Direct,unassigned,5736,0
D201150,C101726,2024-04-20,2024-04-27,Closed Lost,ADD_ON_TKR,TKR Add-on,Partners,,588,0
D201151,C102224,2024-08-02,,Open,PAYROLL_MPS,Managed Payroll,Partners,shao,1658,0
D201152,C102836,2025-01-26,,Open,PM,People Management,Partners,dinkster,1870,0
D201153,C101879,2024-09-05,2024-10-13,Closed Lost,PAYROLL_MPS,Managed Payroll,Direct,awong,2988,0
D201154,C102895,2025-03-31,2025-06-07,Closed Won,PAYROLL_MPS,Managed Payroll,Direct,unassigned,6000,0
D201155,C100099,2024-03-13,2024-05-24,Closed Lost,ADD_ON_TKR,TKR Add-on,Partners,unassigned,1530,0
D201156,C100145,2025-04-06,,Open,PM,People Management,Partners,shao,717,0
D201157,C103665,2024-04-11,,Open,ADD_ON_TKR,TKR Add-on,Partners,dt,1113,0
D201158,C100261,2024-05-15,2024-06-28,Closed Won,PAYROLL_MPS,Managed Payroll,Direct,dinkster,7917,0
D201159,C103267,2024-09-22,,Open,PM,People Management,Partners,mkoenen,537,0
D201160,C102092,2024-10-02,2024-12-03,Closed Won,PAYROLL_MPS,Managed Payroll,Direct,dt,0,0
D201161,C101604,2025-02-11,2025-03-07,Closed Won,PAYROLL_DIY,Payroll DIY,Partners,dt,574,0
D201162,C103213,2025-03-01,2025-04-06,Closed Lost,ADD_ON_TKR,TKR Add-on,Direct,awong,553,0
D201163,C100204,2024-09-10,2024-12-07,Closed Won,PAYROLL_MPS,Managed Payroll,Direct,,6066,0
D201164,C100742,2024-12-04,2025-02-15,Closed Won,PAYROLL_DIY,Payroll DIY,Direct,mkoenen,1149,0
D201165,C103094,2024-01-25,,Open,PAYROLL_MPS,Managed Payroll,Direct,awong,5569,0
D201166,C103129,2024-09-15,,Open,ADD_ON_TKR,TKR Add-on,Direct,awong,1207,0
D201167,C103712,2025-06-25,2025-09-13,Closed Won,PAYROLL_MPS,Managed Payroll,Direct,dinkster,5068,0
D201168,C104126,2024-09-20,2024-11-28,Closed Won,PAYROLL_DIY,Payroll DIY,Direct,unassigned,1297,0
D201169,C102711,2025-01-14,2025-03-02,Closed Won,ADD_ON_TKR,TKR Add-on,Direct,shao,1129,0
D201170,C104825,2024-10-13,,Open,PAYROLL_DIY,Payroll DIY,Direct,dt,709,0
D201171,C104335,2024-10-16,2024-12-07,Closed Won,PM,People Management,Direct,shao,776,0
D201172,C101736,2024-01-26,2024-04-05,Closed Won,PAYROLL_MPS,Managed Payroll,Direct,mkoenen_tmp,7147,0
D201173,C101657,2025-03-20,,Open,PAYROLL_DIY,Payroll DIY,Partners,shao,3631,0
D201174,C101155,2024-07-26,2024-09-09,Closed Won,PAYROLL_MPS,Managed Payroll,Direct,mkoenen,3054,0
D201175,C100433,2024-09-21,2024-12-12,Closed Lost,PAYROLL_DIY,Payroll DIY,Partners,unassigned,2215,0
D201176,C102494,2024-08-25,2024-10-05,Closed Won,ADD_ON_TKR,TKR Add-on,Partners,shao,1118,0
D201177,C103718,2025-03-01,,Open,PAYROLL_MPS,Managed Payroll,Partners,shao,5532,0
D201178,C103699,2024-04-27,2024-06-24,Closed Won,PAYROLL_DIY,Payroll DIY,Partners,dt,1377,0
D201179,C101926,2024-12-24,,Open,PM,People Management,Partners,dt,3045,0
D201180,C102808,2024-06-25,2024-08-21,Closed Won,ADD_ON_TKR,TKR Add-on,Partners,unassigned,579,0
D201181,C101839,2024-06-13,,Open,PAYROLL_MPS,Managed Payroll,Partners,unassigned,1718,0
D201182,C102891,2024-03-04,2024-05-26,Closed Lost,PAYROLL_DIY,Payroll DIY,Partners,unassigned,1121,0
D201183,C101153,2024-08-16,2024-09-25,Closed Won,ADD_ON_TKR,TKR Add-on,Partners,shao,550,0
D201184,C104985,2024-12-18,2025-03-09,Closed Lost,PAYROLL_MPS,Managed Payroll,Direct,dt,6685,0
D201185,C100141,2025-03-20,2025-05-25,Closed Won,PAYROLL_DIY,Payroll DIY,Partners,unassigned,2874,0
D201186,C100218,2025-07-01,2025-07-12,Closed Won,PAYROLL_MPS,Managed Payroll,Partners,shao,2653,0
D201187,C104085,2025-03-29,2025-04-30,Closed Lost,PM,People Management,Partners,shao,1490,0
D201188,C103175,2024-05-27,2024-08-04,Closed Won,ADD_ON_TKR,TKR Add-on,Partners,shao,588,0
D201189,C102472,2025-06-19,2025-09-05,Closed Won,PAYROLL_MPS,Managed Payroll,Partners,awong,4201,0
D201190,C102169,2025-06-22,,Open,ADD_ON_TKR,TKR Add-on,Direct,mkoenen,1528,0
D201191,C104590,2025-04-21,2025-06-12,Closed Won,PAYROLL_MPS,Managed Payroll,Partners,awong,7057,0
D201192,C103830,2025-03-11,2025-04-04,Closed Won,PAYROLL_MPS,Managed Payroll,Partners,mkoenen,5688,0
D201193,C103036,2024-03-14,2024-04-15,Closed Won,PM,People Management,Direct,unassigned,0,0
D201194,C102679,2024-01-08,2024-02-23,Closed Lost,ADD_ON_TKR,TKR Add-on,Partners,unassigned,1199,0
D201195,C102442,2024-04-27,2024-07-22,Closed Won,PAYROLL_MPS,Managed Payroll,Direct,shao,4788,0
D201196,C102344,2024-06-29,2024-07-16,Closed Lost,PM,People Management,Partners,shao,1232,0
D201197,C101548,2025-01-08,,Open,PM,People Management,Direct,mkoenen,456,0
D201198,C102146,2024-04-11,2024-06-25,Closed Won,PAYROLL_DIY,Payroll DIY,Direct,unassigned,1179,0
D201199,C101387,2025-06-02,,Open,PAYROLL_MPS,Managed Payroll,Partners,dt,4547,0
D201200,C100811,2024-05-17,2024-05-27,Closed Won,PAYROLL_MPS,Managed Payroll,Partners,mkoenen,2338,0
D201201,C104838,2024-04-08,2024-05-15,Closed Lost,PM,People Management,Partners,dt,-1667,0
D201202,C101575,2024-01-30,,Open,PAYROLL_MPS,Managed Payroll,Direct,dt,4132,0
D201203,C104553,2024-10-29,2025-01-26,Closed Won,PAYROLL_MPS,Managed Payroll,Partners,mkoenen,5145,0
D201204,C101060,2025-06-21,2025-07-13,Closed Won,PAYROLL_MPS,Managed Payroll,Partners,dinkster,0,0
D201205,C100984,2025-06-22,,Open,PAYROLL_DIY,Payroll DIY,Direct,unassigned_tmp,1840,0
D201206,C101259,2025-02-10,,Open,ADD_ON_TKR,TKR Add-on,Direct,unassigned,1437,0
D201207,C100503,2024-03-05,,Open,ADD_ON_TKR,TKR Add-on,Direct,shao,1012,0
D201208,C103207,2024-06-20,2024-07-25,Closed Won,PAYROLL_DIY,Payroll DIY,Partners,unassigned,894,0
D201209,C101098,2024-06-19,,Open,PM,People Management,Direct,unassigned,955,0
D201210,C102509,2024-06-20,2024-08-09,Closed Lost,PAYROLL_MPS,Managed Payroll,Partners,unassigned,3663,0
D201211,C101881,2024-09-02,2024-11-09,Closed Won,PM,People Management,Partners,shao,1407,0
D201212,C104988,2024-04-09,,Open,PAYROLL_DIY,Payroll DIY,Direct,dinkster,1187,0
D201213,C103353,2024-03-29,2024-06-12,Closed Won,PAYROLL_DIY,Payroll DIY,Partners,awong,1845,0
D201214,C103802,2025-06-04,2025-09-01,Closed Lost,PAYROLL_DIY,Payroll DIY,Partners,dinkster,2101,0
D201215,C103876,2024-06-14,2024-07-28,Closed Won,PM,People Management,Partners,dinkster,1312,0
D201216,C104527,2025-06-13,,Open,PM,People Management,Direct,mkoenen,1561,0
D201217,C100169,2024-03-23,2024-05-26,Closed Lost,PM,People Management,Direct,unassigned,524,0
D201218,C101055,2024-12-04,2025-03-04,Closed Won,PM,People Management,Partners,dt,-1071,0
D201219,C104604,2024-04-23,2024-05-21,Closed Won,ADD_ON_TKR,TKR Add-on,Direct,dinkster,1533,0
D201220,C100304,2024-01-05,2024-02-19,Closed Won,PAYROLL_DIY,Payroll DIY,Direct,mkoenen,2690,0
D201221,C103875,2025-05-11,,Open,PM,People Management,Partners,mkoenen,1908,0
D201222,C104353,2024-08-05,2024-08-22,Closed Won,PAYROLL_DIY,Payroll DIY,Direct,unassigned,2126,0
D201223,C100659,2025-06-01,2025-07-05,Closed Won,PAYROLL_MPS,Managed Payroll,Direct,unassigned,2802,0
D201224,C102820,2025-04-12,2025-06-07,Closed Won,PAYROLL_MPS,Managed Payroll,Partners,mkoenen,3928,0
D201225,C103147,2025-01-03,2025-02-27,Closed Won,ADD_ON_TKR,TKR Add-on,Partners,dt,434,0
D201226,C100913,2024-08-17,2024-08-24,Closed Won,PAYROLL_MPS,Managed Payroll,Partners,dinkster,3342,0
D201227,C104792,2024-09-28,2024-12-03,Closed Lost,PM,People Management,Partners,,1582,0
D201228,C100288,2024-12-02,2025-01-21,Closed Lost,PAYROLL_MPS,Managed Payroll,Direct,mkoenen,3694,0
D201229,C103226,2024-05-03,2024-07-25,Closed Won,ADD_ON_TKR,TKR Add-on,Partners,unassigned,962,0
D201230,C100845,2024-07-14,2024-10-05,Closed Won,PAYROLL_MPS,Managed Payroll,Partners,awong,6731,1
D201231,C100884,2025-01-21,2025-03-21,Closed Won,PM,People Management,Direct,mkoenen,-166,0
D201232,C102718,2024-06-07,2024-07-11,Closed Won,PAYROLL_MPS,Managed Payroll,Partners,dt,5624,0
D201233,C104233,2025-06-30,2025-09-03,Closed Lost,ADD_ON_TKR,TKR Add-on,Direct,mkoenen,797,0
D201234,C103763,2025-01-27,2025-03-09,Closed Won,PAYROLL_DIY,Payroll DIY,Partners,shao,1444,0
D201235,C100297,2024-01-29,,Open,PAYROLL_MPS,Managed Payroll,Direct,shao,3264,0
D201236,C102450,2024-03-04,2024-05-24,Closed Won,PM,People Management,Partners,dt,1788,0
D201237,C101397,2025-03-01,2025-03-31,Closed Won,PAYROLL_DIY,Payroll DIY,Partners,dt,1465,0
D201238,C102855,2024-11-10,2024-12-11,Closed Won,PM,People Management,Partners,dt,1544,0
D201239,C102615,2025-05-26,2025-06-09,Closed Won,ADD_ON_TKR,TKR Add-on,Direct,unassigned,229,0
D201240,C101028,2025-06-10,,Open,PAYROLL_MPS,Managed Payroll,Direct,mkoenen,5510,0
D201241,C104298,2024-03-17,2024-05-05,Closed Won,PAYROLL_DIY,Payroll DIY,Partners,mkoenen,2205,0
D201242,C101486,2025-01-19,,Open,PAYROLL_MPS,Managed Payroll,Direct,unassigned,3461,0
D201243,C104057,2024-02-08,,Open,PM,People Management,Direct,awong,370,0
D201244,C101865,2024-12-25,,Open,PAYROLL_DIY,Payroll DIY,Partners,shao,2560,0
D201245,C102555,2025-07-02,2025-08-21,Closed Won,PAYROLL_DIY,Payroll DIY,Direct,unassigned,1400,0
D201246,C100291,2024-11-23,,Open,PM,People Management,Direct,awong,-3045,0
D201247,C102994,2025-06-27,,Open,PAYROLL_MPS,Managed Payroll,Partners,dinkster,2593,0
D201248,C100292,2025-01-18,2025-04-14,Closed Won,PAYROLL_MPS,Managed Payroll,Direct,dinkster,4328,0
D201249,C102135,2024-08-02,2024-09-28,Closed Lost,PM,People Management,Partners,dt,1776,0
D201250,C101708,2024-07-26,,Open,PAYROLL_DIY,Payroll DIY,Partners,dt,1058,0
D201251,C102490,2024-09-14,2024-11-01,Closed Won,PAYROLL_DIY,Payroll DIY,Direct,mkoenen,2296,0
D201252,C102647,2025-06-12,2025-08-30,Closed Lost,PAYROLL_DIY,Payroll DIY,Partners,dinkster,282,0
D201253,C101341,2024-07-25,2024-08-18,Closed Won,PAYROLL_DIY,Payroll DIY,Partners,,827,0
D201254,C103519,2025-04-25,,Open,PAYROLL_DIY,Payroll DIY,Direct,mkoenen,2982,0
D201255,C101204,2024-02-20,,Open,PAYROLL_MPS,Managed Payroll,Partners,awong,5684,0
D201256,C100988,2024-10-03,2024-10-20,Closed Won,PM,People Management,Partners,dinkster,895,0
D201257,C100456,2024-01-16,2024-02-10,Closed Won,PAYROLL_MPS,Managed Payroll,Partners,dt,3480,0
D201258,C102727,2024-03-03,2024-05-05,Closed Lost,PAYROLL_DIY,Payroll DIY,Direct,dinkster,1411,0
D201259,C103365,2024-07-07,2024-10-05,Closed Lost,PM,People Management,Partners,unassigned,1727,0
D201260,C104883,2025-04-10,2025-05-27,Closed Won,PAYROLL_MPS,Managed Payroll,Partners,awong_tmp,5321,0
D201261,C101945,2025-01-20,2025-03-24,Closed Won,PAYROLL_MPS,Managed Payroll,Direct,unassigned,6992,0
D201262,C101620,2025-03-15,2025-04-03,Closed Won,PM,People Management,Partners,dt,884,0
D201263,C102463,2024-07-17,,Open,PAYROLL_MPS,Managed Payroll,Direct,dinkster,145,0
D201264,C104342,2024-08-16,2024-08-27,Closed Won,PAYROLL_MPS,Managed Payroll,Partners,shao,3798,0
D201265,C102386,2024-02-13,,Open,PAYROLL_DIY,Payroll DIY,Partners,dinkster,1672,0
D201266,C101268,2024-09-14,,Open,ADD_ON_TKR,TKR Add-on,Partners,unassigned,626,0
D201267,C102854,2024-02-05,2024-02-26,Closed Won,PAYROLL_MPS,Managed Payroll,Direct,unassigned,3028,0
D201268,C101919,2024-07-31,2024-09-27,Closed Lost,PM,People Management,Direct,unassigned,1642,0
D201269,C102195,2024-12-14,2025-01-30,Closed Lost,PM,People Management,Direct,dt,1260,0
D201270,C101843,2024-07-05,2024-10-01,Closed Lost,PAYROLL_MPS,Managed Payroll,Direct,awong,4762,0
D201271,C104120,2024-11-01,2024-12-30,Closed Won,PM,People Management,Partners,unassigned,1037,0
D201272,C103004,2025-01-24,,Open,PAYROLL_DIY,Payroll DIY,Partners,dt,0,0
D201273,C101414,2024-12-06,,Open,PM,People Management,Partners,unassigned,1569,0
D201274,C103014,2024-12-29,2025-01-21,Closed Lost,PM,People Management,Direct,shao,441,0
D201275,C104666,2024-09-28,,Open,PM,People Management,Partners,dinkster,1611,0
D201276,C102367,2024-11-28,,Open,PAYROLL_MPS,Managed Payroll,Direct,mkoenen,4073,0
D201277,C101807,2024-11-01,,Open,PAYROLL_MPS,Managed Payroll,Partners,awong,3052,0
D201278,C100981,2024-02-14,2024-03-28,Closed Lost,ADD_ON_TKR,TKR Add-on,Direct,unassigned,1098,0
D201279,C101526,2024-06-16,,Open,PAYROLL_MPS,Managed Payroll,Partners,dinkster,2955,0
D201280,C103590,2025-01-25,2025-02-15,Closed Won,ADD_ON_TKR,TKR Add-on,Direct,awong,1278,0
D201281,C100894,2024-05-18,2024-06-25,Closed Won,PAYROLL_DIY,Payroll DIY,Partners,mkoenen,2004,0
D201282,C102518,2024-01-21,2024-02-23,Closed Won,PAYROLL_DIY,Payroll DIY,Direct,unassigned,506,0
D201283,C104669,2024-06-26,,Open,PM,People Management,Direct,awong,1545,0
D201284,C101065,2024-03-16,2024-03-22,Closed Won,PM,People Management,Direct,awong,1293,0
D201285,C102592,2024-02-09,2024-02-11,Closed Won,ADD_ON_TKR,TKR Add-on,Partners,dinkster,527,0
D201286,C102720,2025-02-16,2025-04-02,Closed Won,PAYROLL_DIY,Payroll DIY,Partners,unassigned,2296,0
D201287,C100857,2024-12-08,2024-12-19,Closed Won,ADD_ON_TKR,TKR Add-on,Direct,unassigned,874,0
D201288,C100916,2024-02-06,2024-04-29,Closed Won,ADD_ON_TKR,TKR Add-on,Partners,awong,979,0
D201289,C100295,2025-05-23,2025-06-02,Closed Won,PAYROLL_MPS,Managed Payroll,Direct,awong,3234,0
D201290,C101448,2024-11-03,,Open,ADD_ON_TKR,TKR Add-on,Direct,unassigned,1271,0
D201291,C100319,2024-04-11,2024-06-25,Closed Lost,PAYROLL_MPS,Managed Payroll,Direct,dt,6782,0
D201292,C100482,2024-01-27,,Open,PAYROLL_DIY,Payroll DIY,Direct,unassigned,1037,0
D201293,C101513,2025-06-12,2025-07-22,Closed Won,PAYROLL_DIY,Payroll DIY,Partners,unassigned,0,0
D201294,C101570,2024-11-01,2024-11-07,Closed Lost,PAYROLL_MPS,Managed Payroll,Partners,mkoenen,4421,0
D201295,C103225,2025-03-23,,Open,PAYROLL_DIY,Payroll DIY,Direct,awong,3913,0
D201296,C101111,2025-04-24,2025-05-29,Closed Won,PAYROLL_MPS,Managed Payroll,Direct,unassigned,3067,0
D201297,C104040,2024-01-04,2024-01-22,Closed Won,PM,People Management,Direct,dt,905,0
D201298,C101793,2024-07-14,2024-07-27,Closed Lost,PM,People Management,Partners,dt,698,0
D201299,C103173,2024-06-16,2024-08-13,Closed Won,PAYROLL_MPS,Managed Payroll,Partners,unassigned,921,0
D201300,C104605,2025-03-04,,Open,ADD_ON_TKR,TKR Add-on,Direct,awong,721,0
D201301,C101478,2025-05-03,2025-07-04,Closed Won,PAYROLL_MPS,Managed Payroll,Partners,awong,7314,0
D201302,C104878,2024-12-20,2025-02-09,Closed Won,ADD_ON_TKR,TKR Add-on,Partners,,502,0
D201303,C100398,2024-02-24,2024-03-01,Closed Won,ADD_ON_TKR,TKR Add-on,Direct,dinkster,1187,0
D201304,C103037,2025-03-17,,Open,PM,People Management,Direct,dt,1484,0
D201305,C100394,2025-01-15,2025-02-08,Closed Won,PAYROLL_DIY,Payroll DIY,Partners,mkoenen,1992,0
D201306,C102543,2025-07-03,2025-09-05,Closed Won,PM,People Management,Direct,shao,738,0
D201307,C103917,2025-03-21,2025-05-08,Closed Won,PAYROLL_DIY,Payroll DIY,Direct,dinkster,2025,0
D201308,C102723,2025-04-01,2025-06-26,Closed Won,PAYROLL_MPS,Managed Payroll,Direct,dt,4237,0
D201309,C101744,2025-03-10,2025-05-21,Closed Won,ADD_ON_TKR,TKR Add-on,Partners,dinkster,1311,0
D201310,C100614,2024-11-19,2025-02-12,Closed Won,ADD_ON_TKR,TKR Add-on,Partners,shao,988,0
D201311,C100211,2024-07-31,2024-08-12,Closed Won,PAYROLL_DIY,Payroll DIY,Direct,awong,1802,0
D201312,C102106,2024-04-09,,Open,ADD_ON_TKR,TKR Add-on,Direct,dt,348,0
D201313,C102896,2024-04-26,,Open,ADD_ON_TKR,TKR Add-on,Direct,,903,0
D201314,C104908,2024-02-19,2024-05-05,Closed Won,PM,People Management,Partners,unassigned,1779,0
D201315,C101083,2025-03-17,2025-04-30,Closed Won,PM,People Management,Direct,shao,1911,0
D201316,C103377,2024-12-30,2025-03-15,Closed Lost,PAYROLL_MPS,Managed Payroll,Direct,unassigned,508,0
D201317,C104719,2024-08-10,,Open,ADD_ON_TKR,TKR Add-on,Partners,dinkster,615,0
D201318,C101911,2024-10-28,2024-12-20,Closed Lost,PAYROLL_DIY,Payroll DIY,Partners,dinkster,2568,0
D201319,C103094,2024-02-07,2024-02-15,Closed Lost,PM,People Management,Partners,dinkster,468,0
D201320,C101770,2024-04-17,2024-05-15,Closed Won,PM,People Management,Direct,unassigned,1021,0
D201321,C101286,2024-07-26,2024-10-19,Closed Won,PAYROLL_DIY,Payroll DIY,Partners,awong,2977,0
D201322,C103303,2024-01-05,,Open,ADD_ON_TKR,TKR Add-on,Direct,,486,0
D201323,C101311,2024-11-13,2024-12-31,Closed Won,ADD_ON_TKR,TKR Add-on,Partners,dt,954,0
D201324,C100340,2024-11-03,2025-01-23,Closed Lost,PM,People Management,Direct,unassigned,607,0
D201325,C103088,2025-02-03,2025-02-06,Closed Lost,PAYROLL_DIY,Payroll DIY,Partners,dinkster,2450,0
D201326,C103313,2024-12-04,,Open,PAYROLL_MPS,Managed Payroll,Direct,awong,4581,0
D201327,C100855,2024-02-13,,Open,ADD_ON_TKR,TKR Add-on,Partners,awong,810,0
D201328,C101850,2024-09-01,,Open,PM,People Management,Partners,awong,510,0
D201329,C100712,2025-06-04,2025-08-07,Closed Won,PAYROLL_DIY,Payroll DIY,Partners,unassigned,1019,0
D201330,C102527,2024-08-15,2024-09-02,Closed Won,PAYROLL_DIY,Payroll DIY,Direct,dt,850,0
D201331,C102727,2024-12-08,2025-01-19,Closed Won,PAYROLL_MPS,Managed Payroll,Partners,mkoenen,1134,0
D201332,C101801,2025-02-05,,Open,PAYROLL_MPS,Managed Payroll,Direct,mkoenen,4165,0
D201333,C100763,2025-03-20,2025-04-09,Closed Lost,PM,People Management,Partners,mkoenen,1687,0
D201334,C101280,2024-09-27,2024-11-20,Closed Lost,PM,People Management,Partners,awong,659,0
D201335,C103168,2024-03-10,2024-04-30,Closed Won,PAYROLL_DIY,Payroll DIY,Direct,mkoenen,2065,0
D201336,C100493,2024-03-03,,Open,PAYROLL_MPS,Managed Payroll,Partners,mkoenen,6809,0
D201337,C103494,2024-05-09,2024-06-10,Closed Won,ADD_ON_TKR,TKR Add-on,Partners,mkoenen,461,0
D201338,C100994,2024-10-16,2024-11-10,Closed Won,ADD_ON_TKR,TKR Add-on,Partners,unassigned,115,0
D201339,C103535,2024-12-16,2025-01-14,Closed Won,ADD_ON_TKR,TKR Add-on,Partners,dinkster,661,0
D201340,C100113,2024-08-27,,Open,PAYROLL_MPS,Managed Payroll,Partners,dinkster,2774,0
D201341,C100402,2024-09-25,2024-11-07,Closed Won,PM,People Management,Partners,mkoenen,1498,0
D201342,C100091,2024-03-10,,Open,ADD_ON_TKR,TKR Add-on,Partners,unassigned,498,0
D201343,C101202,2025-06-15,2025-07-31,Closed Won,PAYROLL_MPS,Managed Payroll,Partners,unassigned,4754,0
D201344,C103818,2024-09-02,2024-10-12,Closed Won,PM,People Management,Direct,dinkster,1664,0
D201345,C103475,2025-06-11,2025-09-09,Closed Won,PAYROLL_DIY,Payroll DIY,Partners,mkoenen,1780,0
D201346,C102517,2025-03-25,,Open,PAYROLL_DIY,Payroll DIY,Direct,dinkster,0,0
D201347,C101004,2025-02-17,2025-04-21,Closed Won,PAYROLL_MPS,Managed Payroll,Partners,mkoenen,4816,0
D201348,C100164,2024-08-08,,Open,PAYROLL_DIY,Payroll DIY,Partners,mkoenen,2199,0
D201349,C104469,2025-06-19,2025-09-10,Closed Lost,ADD_ON_TKR,TKR Add-on,Partners,mkoenen,967,0
D201350,C103804,2024-07-04,2024-09-06,Closed Won,ADD_ON_TKR,TKR Add-on,Partners,mkoenen,1414,0
D201351,C102943,2025-04-16,2025-05-29,Closed Lost,ADD_ON_TKR,TKR Add-on,Partners,unassigned,1261,0
D201352,C100451,2024-01-27,,Open,PAYROLL_MPS,Managed Payroll,Partners,awong,4188,0
D201353,C100785,2024-03-08,2024-04-18,Closed Won,PAYROLL_MPS,Managed Payroll,Direct,awong,5863,0
D201354,C100015,2025-04-06,,Open,ADD_ON_TKR,TKR Add-on,Partners,mkoenen,210,0
D201355,C103204,2024-10-31,2025-01-10,Closed Won,PAYROLL_MPS,Managed Payroll,Direct,mkoenen,1776,0
D201356,C102955,2024-09-07,2024-09-30,Closed Won,PAYROLL_DIY,Payroll DIY,Direct,awong,1484,0
D201357,C104823,2025-01-01,,Open,ADD_ON_TKR,TKR Add-on,Partners,awong,384,0
D201358,C104365,2024-05-08,2024-06-03,Closed Won,PAYROLL_MPS,Managed Payroll,Direct,awong,4576,0
D201359,C103244,2025-04-27,2025-07-02,Closed Lost,PAYROLL_MPS,Managed Payroll,Partners,dt,5957,0
D201360,C102555,2024-11-12,,Open,PAYROLL_DIY,Payroll DIY,Direct,unassigned,1815,0
D201361,C104624,2024-05-22,2024-07-10,Closed Lost,PAYROLL_DIY,Payroll DIY,Partners,shao,224,0
D201362,C101148,2024-03-19,2024-04-11,Closed Won,PM,People Management,Partners,dinkster,1341,0
D201363,C101388,2024-03-02,2024-03-29,Closed Lost,ADD_ON_TKR,TKR Add-on,Direct,awong,446,0
D201364,C104850,2025-06-01,2025-08-17,Closed Won,PAYROLL_DIY,Payroll DIY,Direct,dinkster,3089,0
D201365,C103488,2024-03-21,2024-03-29,Closed Won,ADD_ON_TKR,TKR Add-on,Direct,shao,616,0
D201366,C102212,2025-03-06,2025-03-17,Closed Won,PAYROLL_MPS,Managed Payroll,Direct,dinkster,6176,0
D201367,C100882,2024-05-02,,Open,PM,People Management,Partners,dt,1203,0
D201368,C104734,2024-03-24,,Open,ADD_ON_TKR,TKR Add-on,Direct,dt,1338,0
D201369,C101924,2025-01-23,2025-03-27,Closed Won,ADD_ON_TKR,TKR Add-on,Partners,unassigned,326,0
D201370,C104440,2024-07-27,,Open,PAYROLL_DIY,Payroll DIY,Direct,awong,2090,0
D201371,C101775,2025-03-02,2025-04-21,Closed Won,PM,People Management,Direct,dt,1355,0
D201372,C104037,2024-07-31,2024-08-01,Closed Won,ADD_ON_TKR,TKR Add-on,Direct,awong,1184,0
D201373,C102817,2025-03-18,2025-04-27,Closed Lost,PAYROLL_DIY,Payroll DIY,Partners,dt,0,0
D201374,C102707,2024-11-26,2024-12-09,Closed Won,ADD_ON_TKR,TKR Add-on,Direct,shao,460,0
D201375,C102369,2024-04-12,2024-07-03,Closed Won,PAYROLL_MPS,Managed Payroll,Partners,shao,7297,0
D201376,C103247,2025-02-13,2025-05-12,Closed Won,PAYROLL_DIY,Payroll DIY,Partners,shao,2469,0
D201377,C100350,2024-09-24,2024-10-19,Closed Lost,PM,People Management,Direct,,416,0
D201378,C104808,2024-05-26,2024-08-04,Closed Won,PM,People Management,Partners,dt,1515,0
D201379,C101688,2024-03-25,2024-05-12,Closed Won,ADD_ON_TKR,TKR Add-on,Partners,dt,344,0
D201380,C100636,2024-07-12,2024-07-15,Closed Won,PM,People Management,Direct,,1449,0
D201381,C100274,2024-01-03,2024-02-08,Closed Won,PM,People Management,Partners,unassigned,1320,0
D201382,C102054,2025-06-02,,Open,PAYROLL_DIY,Payroll DIY,Partners,unassigned,2841,0
D201383,C102958,2025-03-17,2025-04-21,Closed Won,PAYROLL_DIY,Payroll DIY,Direct,unassigned,870,0
D201384,C100501,2024-03-05,,Open,PAYROLL_DIY,Payroll DIY,Direct,unassigned,1435,0
D201385,C100788,2024-11-11,2024-12-11,Closed Won,PAYROLL_MPS,Managed Payroll,Partners,unassigned,3668,0
D201386,C103369,2024-03-19,2024-05-08,Closed Won,ADD_ON_TKR,TKR Add-on,Partners,dt,784,0
D201387,C100187,2024-05-05,2024-07-19,Closed Won,ADD_ON_TKR,TKR Add-on,Partners,dinkster,781,0
D201388,C101574,2025-02-01,2025-02-14,Closed Won,PM,People Management,Direct,dinkster,1522,0
D201389,C100456,2024-11-17,,Open,PAYROLL_DIY,Payroll DIY,Partners,unassigned_tmp,2752,0
D201390,C102214,2024-06-14,2024-06-23,Closed Won,ADD_ON_TKR,TKR Add-on,Direct,mkoenen,630,0
D201391,C101001,2024-02-21,,Open,PM,People Management,Direct,dinkster,1213,0
D201392,C100688,2025-01-17,2025-01-29,Closed Won,PM,People Management,Partners,unassigned,869,0
D201393,C101624,2024-05-11,2024-05-30,Closed Lost,PM,People Management,Partners,unassigned,878,0
D201394,C101269,2024-03-18,2024-05-16,Closed Lost,PAYROLL_MPS,Managed Payroll,Partners,dinkster,4262,0
D201395,C104019,2025-06-12,,Open,PAYROLL_MPS,Managed Payroll,Direct,dinkster,5838,0
D201396,C101860,2024-03-03,2024-03-21,Closed Won,PM,People Management,Direct,,1318,0
D201397,C102034,2025-04-21,2025-06-25,Closed Lost,PAYROLL_DIY,Payroll DIY,Partners,dinkster,2510,0
D201398,C103885,2024-01-25,,Open,PAYROLL_MPS,Managed Payroll,Partners,awong,236,0
D201399,C104244,2025-04-05,2025-05-20,Closed Lost,ADD_ON_TKR,TKR Add-on,Partners,unassigned,1352,0
D201400,C103668,2025-03-20,,Open,ADD_ON_TKR,TKR Add-on,Partners,shao,989,0
D201401,C103628,2024-04-25,,Open,PM,People Management,Partners,dinkster,1919,0
D201402,C100372,2024-04-07,2024-06-08,Closed Won,PAYROLL_DIY,Payroll DIY,Partners,shao,3115,0
D201403,C104521,2024-03-28,,Open,PAYROLL_MPS,Managed Payroll,Direct,awong,2800,0
D201404,C103863,2024-11-10,2025-01-02,Closed Lost,ADD_ON_TKR,TKR Add-on,Direct,mkoenen,173,0
D201405,C100900,2024-04-30,2024-07-09,Closed Won,ADD_ON_TKR,TKR Add-on,Direct,shao,692,0
D201406,C104225,2025-02-14,2025-04-07,Closed Won,PM,People Management,Direct,shao,1494,0
D201407,C103082,2024-07-30,2024-09-04,Closed Won,ADD_ON_TKR,TKR Add-on,Partners,dinkster,493,0
D201408,C100536,2024-03-10,,Open,ADD_ON_TKR,TKR Add-on,Partners,unassigned,1057,0
D201409,C102092,2024-06-23,2024-07-23,Closed Won,ADD_ON_TKR,TKR Add-on,Direct,mkoenen,1184,0
D201410,C103756,2024-04-29,2024-07-06,Closed Won,PAYROLL_DIY,Payroll DIY,Partners,awong,1532,0
D201411,C103421,2025-03-24,,Open,PM,People Management,Partners,unassigned,355,0
D201412,C100838,2025-06-12,,Open,PAYROLL_DIY,Payroll DIY,Partners,mkoenen,2252,0
D201413,C102882,2024-12-17,2025-03-04,Closed Lost,ADD_ON_TKR,TKR Add-on,Direct,unassigned,990,0
D201414,C100452,2024-11-12,2024-12-30,Closed Lost,PM,People Management,Direct,awong,1546,0
D201415,C101409,2024-12-25,2025-01-08,Closed Lost,PAYROLL_MPS,Managed Payroll,Partners,mkoenen,7625,0
D201416,C101331,2024-11-30,,Open,PAYROLL_DIY,Payroll DIY,Partners,mkoenen,1324,0
D201417,C101275,2024-10-03,2024-11-12,Closed Won,PAYROLL_MPS,Managed Payroll,Direct,shao,-4713,0
D201418,C104676,2025-02-19,2025-03-12,Closed Won,ADD_ON_TKR,TKR Add-on,Partners,shao,935,0
D201419,C103368,2025-04-07,,Open,ADD_ON_TKR,TKR Add-on,Direct,dinkster,666,0
D201420,C104693,2024-12-16,2025-03-06,Closed Won,PAYROLL_MPS,Managed Payroll,Direct,awong_tmp,4116,0
D201421,C102750,2025-06-16,2025-09-10,Closed Won,PM,People Management,Direct,shao,1026,0
D201422,C100272,2024-06-23,2024-09-04,Closed Won,ADD_ON_TKR,TKR Add-on,Partners,mkoenen,1190,0
D201423,C100981,2025-04-22,2025-07-09,Closed Won,ADD_ON_TKR,TKR Add-on,Partners,dt,666,0
D201424,C101919,2024-03-23,,Open,PAYROLL_MPS,Managed Payroll,Partners,shao,5852,0
D201425,C103730,2025-04-13,2025-05-02,Closed Won,ADD_ON_TKR,TKR Add-on,Partners,dt,895,0
D201426,C103278,2025-05-13,,Open,PAYROLL_MPS,Managed Payroll,Partners,awong,7402,0
D201427,C103688,2024-08-06,,Open,PAYROLL_DIY,Payroll DIY,Direct,awong,1665,0
D201428,C104755,2024-06-03,,Open,PAYROLL_MPS,Managed Payroll,Partners,shao,3348,0
D201429,C103256,2024-09-04,2024-10-08,Closed Lost,PM,People Management,Partners,dt,1608,0
D201430,C101387,2025-03-04,2025-04-20,Closed Won,PM,People Management,Partners,shao,776,0
D201431,C103120,2024-03-20,2024-06-07,Closed Lost,PAYROLL_DIY,Payroll DIY,Partners,mkoenen,816,0
D201432,C103500,2025-01-10,2025-01-21,Closed Won,PAYROLL_DIY,Payroll DIY,Partners,shao,2459,0
D201433,C101684,2024-11-25,2024-12-17,Closed Won,PAYROLL_MPS,Managed Payroll,Partners,shao,6875,0
D201434,C103254,2024-01-10,2024-02-25,Closed Won,PAYROLL_DIY,Payroll DIY,Direct,dt,1415,0
D201435,C103974,2024-03-13,,Open,PAYROLL_DIY,Payroll DIY,Partners,dt,2613,0
D201436,C103720,2024-07-01,,Open,PAYROLL_DIY,Payroll DIY,Partners,dt,2928,0
D201437,C102021,2024-09-20,2024-11-16,Closed Won,PM,People Management,Partners,mkoenen,2180,0
D201438,C102982,2025-06-17,,Open,PAYROLL_MPS,Managed Payroll,Partners,,5708,0
D201439,C101593,2025-04-28,2025-06-18,Closed Won,PAYROLL_DIY,Payroll DIY,Partners,unassigned,4806,0
D201440,C100193,2024-01-23,2024-03-11,Closed Won,ADD_ON_TKR,TKR Add-on,Partners,shao,973,0
D201441,C100129,2024-10-14,2024-10-15,Closed Won,PAYROLL_MPS,Managed Payroll,Direct,shao,1961,0
D201442,C103868,2024-10-22,2024-11-14,Closed Won,ADD_ON_TKR,TKR Add-on,Direct,dt,263,0
D201443,C102130,2024-06-10,2024-08-03,Closed Won,PAYROLL_MPS,Managed Payroll,Direct,unassigned,6046,0
D201444,C101755,2024-05-24,,Open,PAYROLL_DIY,Payroll DIY,Partners,shao,2048,0
D201445,C103411,2024-03-18,2024-03-22,Closed Lost,PAYROLL_DIY,Payroll DIY,Direct,,578,0
D201446,C101200,2024-10-02,,Open,PM,People Management,Direct,shao,1655,0
D201447,C103967,2024-07-02,2024-07-21,Closed Won,PAYROLL_DIY,Payroll DIY,Partners,dinkster,2586,0
D201448,C101536,2024-07-09,2024-09-04,Closed Lost,PM,People Management,Partners,awong,708,0
D201449,C100034,2025-02-12,2025-03-22,Closed Won,PM,People Management,Direct,shao,-1994,0
D201450,C102793,2025-04-20,2025-05-10,Closed Won,ADD_ON_TKR,TKR Add-on,Partners,unassigned,1353,0
D201451,C100031,2025-04-09,2025-06-22,Closed Won,PAYROLL_DIY,Payroll DIY,Direct,dt,2345,0
D201452,C101780,2025-03-19,2025-06-13,Closed Lost,PM,People Management,Direct,mkoenen,127,0
D201453,C104755,2024-03-18,,Open,ADD_ON_TKR,TKR Add-on,Partners,dt,1189,0
D201454,C102250,2024-11-09,2025-01-22,Closed Lost,PM,People Management,Direct,dinkster,1169,0
D201455,C102431,2024-04-16,,Open,PAYROLL_MPS,Managed Payroll,Partners,shao,2812,0
D201456,C102239,2024-05-31,2024-06-13,Closed Won,PAYROLL_MPS,Managed Payroll,Partners,shao,3615,0
D201457,C104721,2024-01-29,,Open,PM,People Management,Partners,shao,415,0
D201458,C102992,2024-08-30,2024-10-11,Closed Lost,PAYROLL_DIY,Payroll DIY,Direct,shao,1616,0
D201459,C101782,2024-11-21,2024-12-17,Closed Lost,PM,People Management,Direct,awong,1590,0
D201460,C100528,2025-01-24,2025-02-19,Closed Won,PM,People Management,Partners,mkoenen,2031,0
D201461,C101362,2024-11-27,2025-01-29,Closed Won,ADD_ON_TKR,TKR Add-on,Direct,unassigned,221,0
D201462,C104848,2024-09-17,2024-11-27,Closed Won,PAYROLL_DIY,Payroll DIY,Direct,dt,2644,0
D201463,C104621,2025-06-10,,Open,ADD_ON_TKR,TKR Add-on,Direct,dinkster,1145,0
D201464,C102639,2024-09-11,2024-10-25,Closed Lost,PAYROLL_DIY,Payroll DIY,Direct,shao,2290,0
D201465,C103162,2024-03-24,2024-05-18,Closed Won,PAYROLL_DIY,Payroll DIY,Partners,dinkster,2210,0
D201466,C101940,2025-01-26,2025-02-12,Closed Won,ADD_ON_TKR,TKR Add-on,Partners,,1133,0
D201467,C104330,2024-11-05,,Open,ADD_ON_TKR,TKR Add-on,Partners,shao,601,0
D201468,C102235,2024-04-01,2024-04-23,Closed Lost,PAYROLL_MPS,Managed Payroll,Direct,dt,2571,0
D201469,C102568,2025-01-29,2025-04-02,Closed Lost,PM,People Management,Direct,awong,1653,0
D201470,C100988,2025-04-08,,Open,PM,People Management,Direct,dinkster,1915,0
D201471,C102227,2024-02-20,2024-04-20,Closed Won,PAYROLL_MPS,Managed Payroll,Partners,mkoenen,6329,0
D201472,C102410,2024-04-01,2024-05-17,Closed Won,PAYROLL_DIY,Payroll DIY,Partners,mkoenen,2807,0
D201473,C101524,2024-07-13,2024-08-09,Closed Won,PAYROLL_MPS,Managed Payroll,Partners,mkoenen,5067,0
D201474,C102988,2024-04-20,,Open,ADD_ON_TKR,TKR Add-on,Partners,mkoenen,1366,0
D201475,C102736,2024-10-03,2024-12-31,Closed Won,ADD_ON_TKR,TKR Add-on,Direct,mkoenen,538,0
D201476,C103581,2025-01-14,,Open,PM,People Management,Partners,dinkster,2170,0
D201477,C102759,2025-05-29,,Open,PAYROLL_MPS,Managed Payroll,Partners,dt,2476,0
D201478,C103782,2024-06-03,2024-07-15,Closed Won,PM,People Management,Direct,mkoenen,1259,0
D201479,C100972,2024-09-26,2024-10-06,Closed Won,PM,People Management,Partners,dinkster,697,0
D201480,C101204,2024-11-14,,Open,PM,People Management,Partners,dinkster,1261,0
D201481,C103811,2024-01-21,2024-02-23,Closed Won,ADD_ON_TKR,TKR Add-on,Partners,mkoenen,568,0
D201482,C103617,2025-05-15,2025-08-09,Closed Won,PAYROLL_DIY,Payroll DIY,Direct,mkoenen,2607,0
D201483,C101871,2024-10-14,,Open,ADD_ON_TKR,TKR Add-on,Direct,dinkster,0,0
D201484,C100408,2025-06-09,2025-06-29,Closed Won,PAYROLL_MPS,Managed Payroll,Direct,dt,4264,0
D201485,C100366,2024-03-06,,Open,PAYROLL_DIY,Payroll DIY,Partners,mkoenen,1181,0
D201486,C104687,2024-02-26,2024-04-14,Closed Lost,PM,People Management,Direct,shao,862,0
D201487,C103932,2024-10-26,2025-01-04,Closed Won,PM,People Management,Partners,shao,890,0
D201488,C104571,2024-11-10,,Open,ADD_ON_TKR,TKR Add-on,Partners,awong,681,0
D201489,C102413,2024-04-01,2024-04-17,Closed Won,ADD_ON_TKR,TKR Add-on,Direct,mkoenen,300,0
D201490,C100336,2024-07-25,2024-10-06,Closed Won,PAYROLL_MPS,Managed Payroll,Partners,awong,4002,0
D201491,C101914,2024-02-13,,Open,ADD_ON_TKR,TKR Add-on,Direct,dt,240,0
D201492,C104352,2024-06-12,2024-08-01,Closed Won,PAYROLL_DIY,Payroll DIY,Partners,unassigned,2008,0
D201493,C100929,2024-03-27,2024-03-31,Closed Lost,PAYROLL_DIY,Payroll DIY,Direct,shao,2883,0
D201494,C103929,2024-01-07,,Open,PAYROLL_MPS,Managed Payroll,Partners,mkoenen,4644,0
D201495,C100569,2024-07-12,2024-09-08,Closed Won,PAYROLL_MPS,Managed Payroll,Partners,shao,2042,1
D201496,C101284,2024-08-25,2024-09-28,Closed Won,PAYROLL_MPS,Managed Payroll,Direct,shao,3030,0
D201497,C101566,2025-01-08,,Open,PAYROLL_MPS,Managed Payroll,Partners,dt,3058,0
D201498,C100734,2024-01-26,2024-03-28,Closed Won,PAYROLL_MPS,Managed Payroll,Direct,shao,0,0
D201499,C100429,2024-07-01,2024-09-13,Closed Lost,ADD_ON_TKR,TKR Add-on,Partners,dt,1580,0
D201500,C104487,2024-12-19,2025-01-12,Closed Lost,PAYROLL_DIY,Payroll DIY,Direct,awong,333,0
D201501,C102983,2024-11-13,2024-12-23,Closed Won,PM,People Management,Partners,dt,98,0
D201502,C104500,2025-04-22,2025-05-17,Closed Won,PAYROLL_MPS,Managed Payroll,Direct,awong,2835,0
D201503,C104890,2025-06-26,2025-07-06,Closed Won,PAYROLL_DIY,Payroll DIY,Direct,,2892,0
D201504,C104163,2024-03-10,2024-03-30,Closed Won,ADD_ON_TKR,TKR Add-on,Direct,dt,625,0
D201505,C100457,2024-02-27,2024-05-15,Closed Won,ADD_ON_TKR,TKR Add-on,Direct,shao,1133,0
D201506,C103579,2025-06-29,2025-07-22,Closed Lost,PAYROLL_DIY,Payroll DIY,Direct,mkoenen,2177,0
D201507,C102847,2024-06-30,2024-08-17,Closed Lost,ADD_ON_TKR,TKR Add-on,Partners,mkoenen,578,0
D201508,C102671,2024-02-03,2024-04-16,Closed Lost,PM,People Management,Partners,awong,2085,0
D201509,C103701,2024-06-28,2024-08-21,Closed Won,PM,People Management,Partners,dt,702,0
D201510,C102648,2025-05-23,2025-05-24,Closed Won,PM,People Management,Direct,dt,1495,0
D201511,C102294,2024-12-11,2025-01-28,Closed Won,PAYROLL_DIY,Payroll DIY,Partners,dt,1012,1
D201512,C101357,2025-03-10,2025-05-28,Closed Won,ADD_ON_TKR,TKR Add-on,Partners,awong,873,0
D201513,C103192,2024-08-13,2024-09-06,Closed Won,PM,People Management,Direct,unassigned,706,0
D201514,C101333,2024-01-29,2024-02-19,Closed Lost,PAYROLL_MPS,Managed Payroll,Partners,shao,5246,0
D201515,C102307,2024-09-28,2024-11-16,Closed Lost,PAYROLL_MPS,Managed Payroll,Partners,mkoenen,1716,0
D201516,C104190,2025-04-20,2025-06-20,Closed Won,PAYROLL_DIY,Payroll DIY,Partners,unassigned,2484,0
D201517,C104474,2024-11-16,2025-02-05,Closed Won,PAYROLL_MPS,Managed Payroll,Partners,dt,3656,0
D201518,C100545,2025-03-19,2025-04-17,Closed Lost,PM,People Management,Partners,shao,895,0
D201519,C100361,2024-03-08,2024-05-11,Closed Won,PM,People Management,Partners,shao,767,0
D201520,C103470,2024-01-27,2024-04-15,Closed Lost,PAYROLL_DIY,Payroll DIY,Direct,dinkster,2593,0
D201521,C100835,2025-04-08,,Open,PM,People Management,Direct,awong,1184,0
D201522,C101703,2024-09-25,,Open,PM,People Management,Partners,dt,1703,0
D201523,C102411,2024-04-01,,Open,PAYROLL_MPS,Managed Payroll,Partners,dinkster,4383,0
D201524,C102657,2024-12-02,2025-01-19,Closed Won,PM,People Management,Direct,dinkster,1588,0
D201525,C100018,2025-03-29,,Open,ADD_ON_TKR,TKR Add-on,Direct,unassigned,880,0
D201526,C101730,2025-01-08,,Open,PAYROLL_MPS,Managed Payroll,Partners,dt,2795,0
D201527,C104408,2024-06-12,2024-06-20,Closed Won,ADD_ON_TKR,TKR Add-on,Direct,shao,1438,0
D201528,C102062,2024-01-30,2024-02-02,Closed Won,PAYROLL_MPS,Managed Payroll,Partners,mkoenen,3731,0
D201529,C102120,2025-01-09,,Open,ADD_ON_TKR,TKR Add-on,Direct,dinkster,436,0
D201530,C101594,2024-12-20,,Open,ADD_ON_TKR,TKR Add-on,Direct,shao,162,0
D201531,C104428,2025-04-29,,Open,ADD_ON_TKR,TKR Add-on,Direct,awong,752,0
D201532,C100716,2024-05-02,2024-06-01,Closed Lost,ADD_ON_TKR,TKR Add-on,Partners,unassigned,1043,0
D201533,C103622,2024-01-13,2024-01-26,Closed Lost,PAYROLL_MPS,Managed Payroll,Partners,dt,5054,0
D201534,C103975,2024-02-11,,Open,PAYROLL_DIY,Payroll DIY,Direct,unassigned,2817,0
D201535,C102500,2024-10-15,2025-01-08,Closed Won,PAYROLL_MPS,Managed Payroll,Partners,awong,4979,0
D201536,C102092,2024-12-27,2025-01-01,Closed Won,PM,People Management,Direct,unassigned,1112,0
D201537,C101344,2024-05-16,2024-05-29,Closed Won,ADD_ON_TKR,TKR Add-on,Direct,unassigned,762,0
D201538,C100783,2024-09-01,2024-11-27,Closed Won,PM,People Management,Direct,dinkster,2159,0
D201539,C100744,2025-05-24,2025-06-25,Closed Won,PM,People Management,Direct,shao,569,0
D201540,C101277,2025-05-13,2025-07-23,Closed Lost,PM,People Management,Partners,mkoenen,1275,0
D201541,C104211,2024-05-20,,Open,PAYROLL_MPS,Managed Payroll,Partners,awong,4119,0
D201542,C102767,2024-08-06,2024-10-19,Closed Won,PAYROLL_MPS,Managed Payroll,Direct,unassigned,8162,0
D201543,C103088,2024-11-30,2024-12-17,Closed Won,PAYROLL_DIY,Payroll DIY,Partners,dt,2279,0
D201544,C104783,2024-10-11,2024-12-07,Closed Lost,PAYROLL_MPS,Managed Payroll,Partners,dinkster,4769,0
D201545,C102511,2024-05-08,2024-07-05,Closed Lost,PM,People Management,Partners,shao,1080,0
D201546,C102667,2024-04-13,,Open,PM,People Management,Partners,dinkster,479,0
D201547,C101311,2024-11-20,2025-01-25,Closed Won,ADD_ON_TKR,TKR Add-on,Partners,mkoenen,845,0
D201548,C101951,2024-03-25,2024-06-05,Closed Won,PM,People Management,Direct,awong,1305,0
D201549,C104316,2024-08-12,2024-10-14,Closed Lost,ADD_ON_TKR,TKR Add-on,Partners,shao,1222,0
D201550,C102059,2024-06-04,2024-06-19,Closed Won,PAYROLL_MPS,Managed Payroll,Partners,awong,3458,0
D201551,C101880,2025-04-11,,Open,PAYROLL_DIY,Payroll DIY,Partners,dinkster,1151,0
D201552,C100403,2024-02-23,,Open,PAYROLL_MPS,Managed Payroll,Direct,shao,1438,0
D201553,C101718,2024-08-19,,Open,PAYROLL_MPS,Managed Payroll,Direct,awong,3165,0
D201554,C102995,2024-12-30,2025-03-10,Closed Lost,PAYROLL_MPS,Managed Payroll,Partners,shao,1202,0
D201555,C100819,2024-03-03,2024-04-17,Closed Lost,PAYROLL_DIY,Payroll DIY,Direct,awong,821,0
D201556,C104070,2024-08-28,2024-11-19,Closed Won,PAYROLL_DIY,Payroll DIY,Partners,dinkster,682,0
D201557,C101601,2024-07-11,2024-10-06,Closed Won,ADD_ON_TKR,TKR Add-on,Direct,dt,492,0
D201558,C101767,2024-07-08,2024-08-13,Closed Won,PAYROLL_MPS,Managed Payroll,Direct,awong,3986,0
D201559,C102403,2024-08-20,2024-10-26,Closed Won,ADD_ON_TKR,TKR Add-on,Direct,dinkster,122,0
D201560,C100973,2024-05-18,2024-06-09,Closed Won,PM,People Management,Partners,dt,461,0
D201561,C104660,2025-05-30,,Open,PAYROLL_MPS,Managed Payroll,Partners,shao,5383,0
D201562,C100305,2025-03-27,2025-06-10,Closed Won,PAYROLL_DIY,Payroll DIY,Partners,shao,3604,0
D201563,C100874,2025-03-12,2025-03-20,Closed Won,PAYROLL_DIY,Payroll DIY,Direct,awong,2871,0
D201564,C100484,2024-04-29,2024-05-16,Closed Lost,PAYROLL_MPS,Managed Payroll,Direct,mkoenen,3884,0
D201565,C103366,2024-12-23,2025-02-01,Closed Won,PAYROLL_MPS,Managed Payroll,Partners,unassigned,4545,0
D201566,C100746,2024-10-02,,Open,PM,People Management,Direct,mkoenen,1365,0
D201567,C101572,2025-02-20,2025-04-22,Closed Won,PAYROLL_MPS,Managed Payroll,Partners,awong,5362,0
D201568,C100708,2024-02-23,2024-03-14,Closed Won,PAYROLL_MPS,Managed Payroll,Partners,awong,2516,0
D201569,C101248,2024-06-12,2024-08-02,Closed Won,PM,People Management,Partners,mkoenen,1341,0
D201570,C104875,2024-02-24,2024-04-08,Closed Won,PAYROLL_MPS,Managed Payroll,Partners,unassigned,6841,0
D201571,C103474,2025-04-07,,Open,PAYROLL_MPS,Managed Payroll,Direct,mkoenen,8279,0
D201572,C103606,2024-01-13,2024-02-28,Closed Won,PM,People Management,Direct,shao,998,0
D201573,C103000,2024-10-22,2024-12-30,Closed Lost,PAYROLL_DIY,Payroll DIY,Partners,dinkster,1005,0
D201574,C103261,2024-02-10,2024-03-06,Closed Lost,PM,People Management,Partners,shao,1620,0
D201575,C104637,2025-01-14,2025-01-26,Closed Won,PAYROLL_DIY,Payroll DIY,Partners,dinkster,2413,0
D201576,C101750,2025-04-21,2025-04-29,Closed Lost,ADD_ON_TKR,TKR Add-on,Direct,dt,145,0
D201577,C101838,2025-03-13,2025-04-16,Closed Won,ADD_ON_TKR,TKR Add-on,Partners,dt,686,0
D201578,C102395,2024-06-14,2024-09-05,Closed Lost,PAYROLL_DIY,Payroll DIY,Partners,shao,894,0
D201579,C104325,2024-12-01,2025-02-28,Closed Won,ADD_ON_TKR,TKR Add-on,Partners,mkoenen,857,0
D201580,C104341,2024-01-06,2024-02-27,Closed Won,ADD_ON_TKR,TKR Add-on,Partners,dinkster,1483,0
D201581,C103381,2025-05-08,2025-07-30,Closed Won,PAYROLL_MPS,Managed Payroll,Partners,dinkster,1424,0
D201582,C103015,2025-01-29,2025-02-08,Closed Won,ADD_ON_TKR,TKR Add-on,Partners,mkoenen,1015,0
D201583,C100164,2024-03-07,2024-04-29,Closed Won,PM,People Management,Direct,dt,1900,0
D201584,C100469,2024-08-04,2024-09-15,Closed Won,PAYROLL_DIY,Payroll DIY,Partners,dt,1407,0
D201585,C100580,2024-04-03,2024-04-28,Closed Won,PAYROLL_DIY,Payroll DIY,Direct,unassigned,303,0
D201586,C104841,2024-02-28,2024-04-29,Closed Lost,PAYROLL_MPS,Managed Payroll,Partners,shao,1837,0
D201587,C101387,2025-05-17,2025-05-24,Closed Won,PAYROLL_DIY,Payroll DIY,Direct,awong,2388,0
D201588,C100422,2024-01-02,2024-03-02,Closed Lost,PAYROLL_DIY,Payroll DIY,Direct,dt,1091,0
D201589,C104457,2024-01-09,2024-01-10,Closed Won,PM,People Management,Direct,mkoenen,264,0
D201590,C101150,2024-05-15,2024-06-06,Closed Lost,ADD_ON_TKR,TKR Add-on,Direct,dt,793,0
D201591,C104473,2024-03-10,2024-05-22,Closed Lost,PAYROLL_MPS,Managed Payroll,Partners,unassigned_tmp,3129,0
D201592,C104244,2025-05-03,,Open,PAYROLL_DIY,Payroll DIY,Direct,dinkster,2350,0
D201593,C101470,2024-06-02,2024-07-19,Closed Lost,PAYROLL_DIY,Payroll DIY,Partners,dinkster,0,0
D201594,C104152,2025-01-30,2025-03-29,Closed Won,PAYROLL_MPS,Managed Payroll,Direct,awong,5023,0
D201595,C104874,2025-02-03,2025-02-08,Closed Won,PAYROLL_MPS,Managed Payroll,Partners,unassigned,3296,0
D201596,C102667,2024-09-26,2024-10-03,Closed Lost,PM,People Management,Partners,dinkster,2435,0
D201597,C101133,2025-03-04,2025-04-21,Closed Won,PAYROLL_MPS,Managed Payroll,Direct,awong,4253,0
D201598,C101591,2024-06-06,2024-06-09,Closed Won,ADD_ON_TKR,TKR Add-on,Direct,unassigned,1000,0
D201599,C103786,2024-10-13,2024-11-04,Closed Won,PAYROLL_MPS,Managed Payroll,Partners,,5322,0
D201600,C102451,2025-03-18,2025-06-16,Closed Won,ADD_ON_TKR,TKR Add-on,Partners,mkoenen,322,0
D201601,C104986,2025-03-20,,Open,PM,People Management,Direct,unassigned,1499,0
D201602,C102439,2024-12-01,,Open,PM,People Management,Partners,unassigned,266,0
D201603,C103688,2024-04-23,2024-05-26,Closed Won,PAYROLL_MPS,Managed Payroll,Partners,dt,4870,0
D201604,C101761,2024-05-29,,Open,PAYROLL_MPS,Managed Payroll,Partners,mkoenen,4300,0
D201605,C102499,2024-10-23,,Open,PM,People Management,Partners,unassigned,458,0
D201606,C100228,2024-06-08,2024-07-17,Closed Lost,PAYROLL_MPS,Managed Payroll,Partners,mkoenen,5909,0
D201607,C104531,2024-06-25,,Open,PAYROLL_MPS,Managed Payroll,Direct,shao,3817,0
D201608,C103175,2025-03-03,2025-03-24,Closed Won,PAYROLL_MPS,Managed Payroll,Partners,dinkster,2714,0
D201609,C101811,2024-01-01,2024-01-31,Closed Won,ADD_ON_TKR,TKR Add-on,Partners,awong,1613,0
D201610,C100813,2024-11-14,,Open,PAYROLL_DIY,Payroll DIY,Direct,dinkster,678,0
D201611,C104993,2024-10-06,2024-10-16,Closed Won,PAYROLL_DIY,Payroll DIY,Partners,dt,500,0
D201612,C103083,2024-07-25,,Open,ADD_ON_TKR,TKR Add-on,Partners,awong,767,0
D201613,C103036,2024-03-06,2024-05-23,Closed Won,PAYROLL_DIY,Payroll DIY,Direct,awong,296,0
D201614,C103998,2024-08-18,2024-08-20,Closed Won,ADD_ON_TKR,TKR Add-on,Partners,mkoenen,450,0
D201615,C103134,2024-07-21,,Open,ADD_ON_TKR,TKR Add-on,Partners,mkoenen,359,0
D201616,C100648,2024-03-03,2024-04-02,Closed Won,ADD_ON_TKR,TKR Add-on,Direct,dinkster,1214,0
D201617,C103083,2024-09-20,2024-10-05,Closed Lost,PM,People Management,Direct,dt,1059,0
D201618,C100518,2025-02-26,2025-03-16,Closed Won,PM,People Management,Partners,awong,754,0
D201619,C101094,2025-06-04,,Open,ADD_ON_TKR,TKR Add-on,Direct,unassigned,847,0
D201620,C104830,2024-07-01,2024-08-07,Closed Won,PM,People Management,Partners,unassigned,1517,0
D201621,C103272,2024-05-01,2024-07-01,Closed Won,ADD_ON_TKR,TKR Add-on,Partners,dinkster,712,0
D201622,C104476,2025-01-24,2025-02-10,Closed Won,ADD_ON_TKR,TKR Add-on,Direct,shao,850,0
D201623,C101047,2024-12-20,2025-01-15,Closed Lost,PM,People Management,Direct,unassigned,2579,0
D201624,C101787,2024-04-18,2024-06-03,Closed Won,PAYROLL_MPS,Managed Payroll,Partners,dinkster,4575,0
D201625,C103644,2024-12-25,2025-01-25,Closed Won,PAYROLL_MPS,Managed Payroll,Partners,dt,3191,0
D201626,C102759,2024-03-29,2024-06-12,Closed Won,PM,People Management,Partners,shao,544,0
D201627,C104985,2024-08-08,2024-11-06,Closed Won,PAYROLL_DIY,Payroll DIY,Direct,dinkster,1952,0
D201628,C103548,2024-06-11,2024-08-12,Closed Lost,PAYROLL_MPS,Managed Payroll,Partners,dinkster,-5572,0
D201629,C104910,2024-05-24,,Open,ADD_ON_TKR,TKR Add-on,Partners,dt,465,0
D201630,C102576,2024-08-15,2024-10-11,Closed Won,PAYROLL_MPS,Managed Payroll,Direct,unassigned,4183,0
D201631,C101052,2024-11-17,,Open,ADD_ON_TKR,TKR Add-on,Partners,dt,426,0
D201632,C101938,2024-07-29,2024-08-09,Closed Won,PAYROLL_DIY,Payroll DIY,Partners,mkoenen,840,0
D201633,C104242,2024-02-12,2024-05-11,Closed Won,PAYROLL_DIY,Payroll DIY,Direct,mkoenen,3916,0
D201634,C101406,2024-05-28,2024-06-09,Closed Lost,ADD_ON_TKR,TKR Add-on,Partners,mkoenen,1198,0
D201635,C104223,2025-03-24,2025-06-18,Closed Won,PM,People Management,Partners,unassigned,1444,1
D201636,C102394,2024-12-11,,Open,ADD_ON_TKR,TKR Add-on,Partners,mkoenen,1454,0
D201637,C102837,2024-04-12,2024-04-25,Closed Won,ADD_ON_TKR,TKR Add-on,Direct,shao,248,0
D201638,C103551,2024-07-20,2024-09-17,Closed Won,PM,People Management,Partners,unassigned,1665,0
D201639,C100190,2025-04-12,2025-05-31,Closed Lost,ADD_ON_TKR,TKR Add-on,Partners,awong,488,0
D201640,C102957,2024-05-31,2024-06-07,Closed Won,ADD_ON_TKR,TKR Add-on,Partners,dinkster,900,0
D201641,C102127,2024-03-06,2024-04-10,Closed Won,PAYROLL_DIY,Payroll DIY,Partners,shao,2659,0
D201642,C103176,2024-02-21,2024-03-01,Closed Won,PAYROLL_MPS,Managed Payroll,Direct,dt,5110,0
D201643,C101188,2025-05-03,2025-05-16,Closed Won,PAYROLL_MPS,Managed Payroll,Direct,dt,8493,1
D201644,C104298,2024-03-16,2024-05-02,Closed Won,ADD_ON_TKR,TKR Add-on,Partners,,1214,0
D201645,C101033,2025-02-25,2025-05-13,Closed Won,PAYROLL_DIY,Payroll DIY,Partners,shao,1592,0
D201646,C103307,2025-03-22,2025-04-02,Closed Won,ADD_ON_TKR,TKR Add-on,Partners,shao,256,0
D201647,C102671,2024-05-20,2024-07-22,Closed Lost,ADD_ON_TKR,TKR Add-on,Direct,dinkster,324,0
D201648,C100512,2024-04-05,,Open,PAYROLL_MPS,Managed Payroll,Partners,mkoenen,4352,0
D201649,C101388,2025-04-25,2025-06-07,Closed Won,PM,People Management,Direct,mkoenen,913,0
D201650,C101919,2024-12-07,2025-01-02,Closed Won,PM,People Management,Partners,awong,231,0
D201651,C102422,2025-03-14,2025-04-22,Closed Lost,PM,People Management,Direct,awong,561,0
D201652,C104568,2024-06-30,2024-07-17,Closed Won,PM,People Management,Partners,dt,104,0
D201653,C100533,2024-12-14,2025-01-23,Closed Won,ADD_ON_TKR,TKR Add-on,Partners,awong,934,0
D201654,C103512,2024-08-12,2024-09-16,Closed Won,PM,People Management,Partners,mkoenen,1702,0
D201655,C102039,2024-09-26,,Open,PAYROLL_DIY,Payroll DIY,Direct,mkoenen,3080,0
D201656,C103649,2025-03-07,,Open,PM,People Management,Partners,shao,1991,0
D201657,C104971,2024-08-26,2024-10-14,Closed Won,ADD_ON_TKR,TKR Add-on,Partners,mkoenen,283,0
D201658,C104576,2024-09-14,2024-11-14,Closed Won,PAYROLL_DIY,Payroll DIY,Direct,dt,2315,0
D201659,C102011,2024-12-09,2025-02-13,Closed Lost,PAYROLL_MPS,Managed Payroll,Partners,unassigned,3350,0
D201660,C101107,2024-02-24,2024-05-20,Closed Won,PAYROLL_DIY,Payroll DIY,Partners,mkoenen,1680,0
D201661,C104163,2025-05-25,2025-08-16,Closed Lost,ADD_ON_TKR,TKR Add-on,Partners,dinkster,627,0
D201662,C102912,2025-04-21,2025-06-22,Closed Lost,PAYROLL_DIY,Payroll DIY,Direct,dinkster,2860,0
D201663,C100443,2025-01-19,2025-02-11,Closed Lost,PAYROLL_MPS,Managed Payroll,Partners,awong,2786,0
D201664,C101672,2024-05-16,,Open,ADD_ON_TKR,TKR Add-on,Partners,dt,508,0
D201665,C100171,2024-08-22,2024-10-11,Closed Won,PM,People Management,Direct,unassigned,507,0
D201666,C102232,2024-06-21,2024-08-17,Closed Won,ADD_ON_TKR,TKR Add-on,Partners,awong,401,0
D201667,C102037,2025-03-03,,Open,PAYROLL_DIY,Payroll DIY,Direct,dt,3268,0
D201668,C104838,2025-05-04,2025-06-14,Closed Won,PAYROLL_MPS,Managed Payroll,Partners,dt,3274,0
D201669,C101606,2024-12-09,2025-01-20,Closed Won,ADD_ON_TKR,TKR Add-on,Direct,dinkster,312,0
D201670,C104195,2024-07-14,2024-08-22,Closed Lost,PM,People Management,Direct,awong,1890,0
D201671,C102554,2024-02-18,,Open,PAYROLL_DIY,Payroll DIY,Direct,dinkster,2140,0
D201672,C102060,2024-07-06,,Open,ADD_ON_TKR,TKR Add-on,Direct,shao,569,0
D201673,C101015,2025-06-08,2025-08-09,Closed Lost,ADD_ON_TKR,TKR Add-on,Direct,awong,543,0
D201674,C102411,2024-05-24,,Open,PAYROLL_MPS,Managed Payroll,Direct,awong,2543,0
D201675,C102790,2024-03-29,,Open,PM,People Management,Direct,unassigned,1212,0
D201676,C101177,2024-10-07,2024-12-31,Closed Lost,PM,People Management,Partners,awong,674,0
D201677,C101406,2025-05-07,2025-06-21,Closed Won,ADD_ON_TKR,TKR Add-on,Direct,mkoenen,354,0
D201678,C101334,2024-08-07,2024-09-24,Closed Won,ADD_ON_TKR,TKR Add-on,Partners,awong,905,0
D201679,C104956,2024-03-29,2024-05-30,Closed Won,PAYROLL_DIY,Payroll DIY,Partners,,2031,0
D201680,C101317,2024-10-10,2024-11-03,Closed Won,ADD_ON_TKR,TKR Add-on,Partners,,895,0
D201681,C102349,2025-03-09,,Open,PM,People Management,Partners,unassigned,1939,0
D201682,C102490,2025-06-07,2025-07-12,Closed Won,PAYROLL_MPS,Managed Payroll,Direct,awong,5529,0
D201683,C101695,2025-04-26,2025-06-28,Closed Won,PM,People Management,Partners,dinkster,1859,1
D201684,C101174,2024-09-23,2024-11-16,Closed Lost,PM,People Management,Direct,awong,1455,0
D201685,C102119,2024-03-18,2024-05-11,Closed Won,ADD_ON_TKR,TKR Add-on,Partners,shao,978,0
D201686,C102582,2025-01-13,,Open,ADD_ON_TKR,TKR Add-on,Direct,awong,573,0
D201687,C102074,2025-05-18,2025-05-19,Closed Won,PAYROLL_MPS,Managed Payroll,Direct,unassigned,2341,0
D201688,C102589,2025-06-22,,Open,ADD_ON_TKR,TKR Add-on,Partners,awong,836,0
D201689,C102003,2024-08-17,,Open,PAYROLL_MPS,Managed Payroll,Direct,dt,7048,0
D201690,C104197,2024-08-03,2024-09-24,Closed Lost,PAYROLL_MPS,Managed Payroll,Partners,dt,1064,0
D201691,C103103,2024-12-22,2025-01-10,Closed Won,PAYROLL_MPS,Managed Payroll,Partners,awong,3019,0
D201692,C103931,2025-05-17,2025-08-06,Closed Won,PM,People Management,Direct,awong,682,0
D201693,C101613,2024-08-01,,Open,PAYROLL_MPS,Managed Payroll,Partners,awong,5968,0
D201694,C103554,2024-07-08,2024-07-16,Closed Won,ADD_ON_TKR,TKR Add-on,Partners,mkoenen,972,0
D201695,C104929,2025-05-08,2025-05-17,Closed Won,PAYROLL_DIY,Payroll DIY,Partners,unassigned,750,0
D201696,C104657,2024-08-21,2024-10-07,Closed Won,PAYROLL_MPS,Managed Payroll,Partners,dinkster,5339,0
D201697,C102290,2025-04-28,2025-06-17,Closed Won,PM,People Management,Direct,dt,1147,0
D201698,C103223,2024-03-24,2024-06-07,Closed Won,PM,People Management,Direct,mkoenen,736,0
D201699,C103897,2024-05-30,,Open,PM,People Management,Direct,awong,1280,0
D201700,C101856,2025-06-04,2025-09-01,Closed Lost,PM,People Management,Direct,awong,1742,0
D201701,C104656,2024-06-13,,Open,PM,People Management,Partners,,869,0
D201702,C102543,2025-05-30,,Open,PAYROLL_MPS,Managed Payroll,Partners,unassigned,4462,0
D201703,C103126,2024-10-27,2024-12-17,Closed Lost,PAYROLL_DIY,Payroll DIY,Direct,mkoenen,2531,0
D201704,C101166,2024-06-02,2024-08-31,Closed Won,ADD_ON_TKR,TKR Add-on,Partners,mkoenen,1731,0
D201705,C100091,2024-05-19,2024-07-05,Closed Won,PAYROLL_DIY,Payroll DIY,Partners,mkoenen,1668,0
D201706,C104612,2024-09-06,,Open,PAYROLL_DIY,Payroll DIY,Partners,awong,572,0
D201707,C103562,2025-06-12,,Open,PAYROLL_DIY,Payroll DIY,Direct,awong,1365,0
D201708,C100662,2024-12-22,2025-02-05,Closed Won,PAYROLL_MPS,Managed Payroll,Direct,shao,2811,0
D201709,C104391,2024-11-12,2024-11-23,Closed Won,PAYROLL_MPS,Managed Payroll,Partners,unassigned,5968,0
D201710,C101953,2024-03-22,2024-06-05,Closed Won,PM,People Management,Direct,,904,0
D201711,C101709,2025-02-25,,Open,PAYROLL_DIY,Payroll DIY,Direct,dt,945,0
D201712,C100926,2024-03-06,2024-03-31,Closed Won,PAYROLL_DIY,Payroll DIY,Partners,dt,1465,0
D201713,C104255,2025-02-10,2025-04-25,Closed Won,PAYROLL_MPS,Managed Payroll,Direct,unassigned,4049,0
D201714,C102624,2025-01-27,,Open,PAYROLL_MPS,Managed Payroll,Direct,dt,7284,0
D201715,C104327,2025-03-07,2025-05-25,Closed Won,PAYROLL_DIY,Payroll DIY,Partners,dinkster,2260,0
D201716,C102893,2024-11-11,2025-01-30,Closed Won,PAYROLL_MPS,Managed Payroll,Partners,unassigned,5735,0
D201717,C103269,2025-01-24,2025-01-28,Closed Won,PAYROLL_DIY,Payroll DIY,Partners,mkoenen,1599,0
D201718,C100885,2025-01-04,2025-01-17,Closed Won,PAYROLL_MPS,Managed Payroll,Direct,dinkster,2757,0
D201719,C100238,2024-12-23,2025-02-27,Closed Lost,PM,People Management,Partners,unassigned,1612,0
D201720,C103901,2024-09-11,2024-11-28,Closed Lost,PM,People Management,Partners,dinkster,465,0
D201721,C101248,2024-03-25,2024-06-06,Closed Lost,ADD_ON_TKR,TKR Add-on,Direct,dt,580,0
D201722,C104072,2024-03-13,,Open,PM,People Management,Direct,dinkster,1406,0
D201723,C103578,2025-03-02,,Open,PAYROLL_MPS,Managed Payroll,Direct,mkoenen,4600,0
D201724,C101795,2024-09-12,2024-11-20,Closed Won,PAYROLL_MPS,Managed Payroll,Direct,dinkster,0,0
D201725,C101606,2024-07-04,2024-08-07,Closed Won,PAYROLL_MPS,Managed Payroll,Partners,mkoenen,4474,0
D201726,C100279,2024-12-07,,Open,PAYROLL_DIY,Payroll DIY,Direct,awong,1057,0
D201727,C104460,2024-04-28,2024-06-15,Closed Won,PAYROLL_DIY,Payroll DIY,Direct,dinkster,1417,0
D201728,C103719,2024-04-19,2024-04-26,Closed Lost,ADD_ON_TKR,TKR Add-on,Partners,dt,664,0
D201729,C104345,2025-06-16,,Open,PAYROLL_DIY,Payroll DIY,Partners,unassigned,3833,0
D201730,C102416,2024-10-04,2024-10-16,Closed Won,PM,People Management,Partners,awong,1613,0
D201731,C103202,2025-03-14,2025-04-30,Closed Won,PM,People Management,Partners,unassigned,747,0
D201732,C104065,2025-03-11,2025-05-28,Closed Won,PM,People Management,Direct,shao,2148,0
D201733,C103505,2024-07-04,2024-08-28,Closed Won,PM,People Management,Partners,dt,699,0
D201734,C104494,2025-06-13,2025-07-11,Closed Won,PM,People Management,Direct,unassigned,1685,0
D201735,C102830,2025-03-17,2025-03-31,Closed Won,ADD_ON_TKR,TKR Add-on,Direct,shao,996,0
D201736,C104732,2024-07-15,2024-08-07,Closed Won,PAYROLL_MPS,Managed Payroll,Direct,mkoenen,2867,0
D201737,C104475,2024-12-15,2025-02-20,Closed Lost,PM,People Management,Direct,awong,54,0
D201738,C104059,2024-11-07,2025-01-04,Closed Won,PM,People Management,Partners,dinkster,935,0
D201739,C103336,2024-12-15,2025-03-01,Closed Won,PAYROLL_DIY,Payroll DIY,Partners,awong,1470,0
D201740,C104145,2024-02-08,2024-03-13,Closed Lost,PM,People Management,Partners,awong,1397,0
D201741,C103538,2024-08-30,2024-10-02,Closed Won,PAYROLL_DIY,Payroll DIY,Direct,mkoenen,2100,0
D201742,C103118,2024-09-14,2024-09-30,Closed Lost,PM,People Management,Partners,dinkster,992,0
D201743,C102944,2025-01-25,2025-03-02,Closed Lost,ADD_ON_TKR,TKR Add-on,Direct,mkoenen,455,0
D201744,C101866,2024-07-11,2024-09-16,Closed Won,PM,People Management,Direct,unassigned,1828,0
D201745,C104700,2025-01-18,2025-02-01,Closed Won,PM,People Management,Partners,awong,1503,0
D201746,C102677,2025-06-28,,Open,ADD_ON_TKR,TKR Add-on,Direct,mkoenen,273,0
D201747,C104239,2024-02-20,2024-03-22,Closed Won,PAYROLL_DIY,Payroll DIY,Partners,dt,2049,0
D201748,C100190,2024-02-02,2024-02-05,Closed Won,PM,People Management,Partners,dinkster_tmp,1269,0
D201749,C101018,2024-02-18,2024-04-24,Closed Won,ADD_ON_TKR,TKR Add-on,Direct,shao,806,0
D201750,C101136,2025-04-12,2025-05-09,Closed Won,ADD_ON_TKR,TKR Add-on,Direct,mkoenen,779,0
D201751,C104793,2024-02-19,2024-03-20,Closed Won,PM,People Management,Direct,dinkster,1608,0
D201752,C104830,2024-07-29,2024-09-12,Closed Won,PAYROLL_MPS,Managed Payroll,Partners,shao,6793,0
D201753,C101188,2025-03-06,2025-04-24,Closed Won,PAYROLL_DIY,Payroll DIY,Direct,dt,2571,1
D201754,C102574,2024-04-01,2024-06-30,Closed Won,PAYROLL_MPS,Managed Payroll,Direct,mkoenen,989,0
D201755,C100404,2024-06-09,2024-07-16,Closed Lost,PAYROLL_MPS,Managed Payroll,Partners,awong,1611,0
D201756,C101500,2024-06-20,2024-07-24,Closed Won,PAYROLL_MPS,Managed Payroll,Partners,mkoenen,1448,0
D201757,C104606,2024-06-20,2024-06-29,Closed Won,ADD_ON_TKR,TKR Add-on,Partners,mkoenen,673,0
D201758,C102577,2024-04-14,2024-06-19,Closed Won,PM,People Management,Partners,shao,736,0
D201759,C100641,2024-06-20,2024-06-30,Closed Won,PAYROLL_MPS,Managed Payroll,Direct,unassigned,5261,0
D201760,C102144,2024-07-01,2024-08-07,Closed Won,PAYROLL_MPS,Managed Payroll,Partners,dinkster,4265,0
D201761,C103481,2025-06-16,,Open,PAYROLL_MPS,Managed Payroll,Partners,shao,1890,0
D201762,C102798,2024-09-11,,Open,PM,People Management,Direct,awong,990,0
D201763,C100174,2025-03-18,,Open,PAYROLL_MPS,Managed Payroll,Partners,mkoenen,2637,0
D201764,C100863,2024-01-18,2024-04-13,Closed Won,PAYROLL_DIY,Payroll DIY,Direct,shao,2900,0
D201765,C101465,2024-04-08,,Open,ADD_ON_TKR,TKR Add-on,Direct,shao,396,0
D201766,C101036,2024-06-17,2024-07-17,Closed Won,PAYROLL_MPS,Managed Payroll,Partners,unassigned,3686,0
D201767,C102184,2024-11-25,2025-02-13,Closed Won,ADD_ON_TKR,TKR Add-on,Partners,dt,1137,0
D201768,C100642,2024-05-07,2024-07-24,Closed Lost,PAYROLL_DIY,Payroll DIY,Direct,shao,1986,0
D201769,C102910,2024-10-02,2024-12-29,Closed Won,PAYROLL_DIY,Payroll DIY,Direct,shao,2325,0
D201770,C102795,2025-03-31,2025-05-29,Closed Won,PAYROLL_MPS,Managed Payroll,Direct,shao,3687,0
D201771,C103844,2025-03-23,2025-04-13,Closed Lost,ADD_ON_TKR,TKR Add-on,Direct,shao,1150,0
D201772,C104778,2024-08-26,2024-11-13,Closed Won,ADD_ON_TKR,TKR Add-on,Direct,dt,657,0
D201773,C104970,2024-08-10,2024-08-24,Closed Lost,PAYROLL_DIY,Payroll DIY,Partners,dt,891,0
D201774,C101419,2024-08-28,,Open,PAYROLL_DIY,Payroll DIY,Direct,awong,1254,0
D201775,C103247,2024-08-10,,Open,ADD_ON_TKR,TKR Add-on,Direct,dinkster,1199,0
D201776,C104858,2025-02-15,2025-04-12,Closed Won,ADD_ON_TKR,TKR Add-on,Partners,dt,1157,0
D201777,C103318,2024-12-29,,Open,PAYROLL_DIY,Payroll DIY,Partners,unassigned,2175,0
D201778,C103297,2025-01-07,2025-02-14,Closed Lost,PAYROLL_MPS,Managed Payroll,Direct,awong,4783,0
D201779,C101178,2025-04-17,2025-06-10,Closed Won,PAYROLL_DIY,Payroll DIY,Partners,dt,1910,0
D201780,C101669,2024-09-18,,Open,PAYROLL_MPS,Managed Payroll,Direct,dinkster,4683,0
D201781,C104490,2025-03-19,2025-04-06,Closed Won,PAYROLL_DIY,Payroll DIY,Direct,dt,2160,0
D201782,C104790,2024-04-28,2024-06-06,Closed Won,PAYROLL_DIY,Payroll DIY,Partners,awong,1026,0
D201783,C102234,2024-06-14,,Open,ADD_ON_TKR,TKR Add-on,Direct,mkoenen,1281,0
D201784,C103704,2024-05-18,2024-06-22,Closed Won,PAYROLL_MPS,Managed Payroll,Direct,dinkster,4144,0
D201785,C100685,2025-04-09,2025-06-29,Closed Won,PM,People Management,Direct,dinkster,1103,0
D201786,C103278,2025-06-24,2025-09-13,Closed Lost,PAYROLL_MPS,Managed Payroll,Partners,mkoenen,1793,0
D201787,C102512,2025-01-28,2025-03-03,Closed Won,PAYROLL_MPS,Managed Payroll,Direct,dt_tmp,0,0
D201788,C100125,2025-03-21,2025-05-06,Closed Lost,PAYROLL_DIY,Payroll DIY,Partners,dt,1410,0
D201789,C102869,2024-07-27,2024-10-12,Closed Won,ADD_ON_TKR,TKR Add-on,Direct,dt,563,0
D201790,C102831,2025-04-16,2025-06-03,Closed Won,PAYROLL_MPS,Managed Payroll,Partners,awong,5340,0
D201791,C101526,2024-12-10,,Open,ADD_ON_TKR,TKR Add-on,Partners,mkoenen,991,0
D201792,C101932,2024-03-12,,Open,PM,People Management,Direct,dt,1011,0
D201793,C101155,2025-02-26,2025-03-24,Closed Lost,PAYROLL_DIY,Payroll DIY,Partners,dinkster,2884,0
D201794,C101690,2024-11-14,2024-11-30,Closed Lost,PAYROLL_MPS,Managed Payroll,Direct,dinkster,5494,0
D201795,C101697,2025-02-14,2025-03-12,Closed Won,PM,People Management,Direct,unassigned,2247,0
D201796,C101140,2024-11-28,2025-01-07,Closed Lost,PM,People Management,Direct,unassigned,338,0
D201797,C103589,2025-04-12,2025-05-13,Closed Won,PAYROLL_MPS,Managed Payroll,Partners,shao,0,0
D201798,C103548,2024-10-22,2024-11-17,Closed Won,PAYROLL_DIY,Payroll DIY,Partners,dinkster,0,0
D201799,C100119,2024-04-19,2024-05-08,Closed Won,ADD_ON_TKR,TKR Add-on,Direct,shao,740,0
D201800,C101027,2025-01-24,,Open,ADD_ON_TKR,TKR Add-on,Direct,mkoenen,1390,0
D201801,C102142,2024-11-16,,Open,PAYROLL_MPS,Managed Payroll,Partners,mkoenen,2802,0
D201802,C103551,2025-05-05,2025-06-24,Closed Lost,ADD_ON_TKR,TKR Add-on,Direct,mkoenen,1088,0
D201803,C101807,2024-05-15,2024-07-26,Closed Won,PAYROLL_MPS,Managed Payroll,Direct,,8366,0
D201804,C104642,2025-01-29,2025-04-17,Closed Won,PM,People Management,Direct,dt,591,0
D201805,C101710,2024-10-16,2024-11-27,Closed Lost,PAYROLL_MPS,Managed Payroll,Partners,awong,4751,0
D201806,C104110,2025-04-14,2025-06-05,Closed Lost,PAYROLL_DIY,Payroll DIY,Partners,awong,1549,0
D201807,C101556,2024-06-10,2024-08-07,Closed Lost,PAYROLL_DIY,Payroll DIY,Partners,awong,2034,0
D201808,C101823,2024-10-19,2024-12-20,Closed Lost,PAYROLL_DIY,Payroll DIY,Direct,shao,3511,0
D201809,C104326,2025-01-06,2025-02-18,Closed Lost,PAYROLL_DIY,Payroll DIY,Direct,dt,2065,0
D201810,C101613,2024-02-16,,Open,PAYROLL_MPS,Managed Payroll,Partners,unassigned,1617,0
D201811,C100982,2024-09-03,2024-11-22,Closed Lost,ADD_ON_TKR,TKR Add-on,Partners,shao,544,0
D201812,C103832,2025-02-03,,Open,PAYROLL_MPS,Managed Payroll,Direct,,3903,0
D201813,C103343,2024-12-02,2025-01-04,Closed Won,PM,People Management,Partners,dinkster,1505,0
D201814,C104324,2024-03-07,2024-06-02,Closed Won,PM,People Management,Direct,dt,2297,1
D201815,C100038,2025-06-14,2025-09-05,Closed Won,PAYROLL_MPS,Managed Payroll,Direct,dinkster,5457,0
D201816,C103588,2025-02-24,2025-03-21,Closed Won,PAYROLL_DIY,Payroll DIY,Partners,awong,1379,0
D201817,C101399,2025-03-27,2025-06-11,Closed Won,PAYROLL_MPS,Managed Payroll,Direct,shao,9426,0
D201818,C103353,2024-03-29,2024-06-13,Closed Lost,PAYROLL_MPS,Managed Payroll,Partners,shao,3996,0
D201819,C103504,2024-08-26,2024-10-30,Closed Won,PAYROLL_DIY,Payroll DIY,Direct,,266,0
D201820,C100308,2024-09-05,2024-09-26,Closed Won,PAYROLL_MPS,Managed Payroll,Partners,unassigned,3984,0
D201821,C102866,2024-03-26,,Open,PAYROLL_MPS,Managed Payroll,Partners,mkoenen,3119,0
D201822,C102277,2025-03-20,2025-05-24,Closed Won,PM,People Management,Partners,awong,1376,0
D201823,C104947,2024-04-13,,Open,PM,People Management,Direct,awong,1088,0
D201824,C100435,2024-04-06,2024-04-12,Closed Won,PAYROLL_MPS,Managed Payroll,Direct,unassigned,2325,0
D201825,C100797,2024-10-04,,Open,PAYROLL_DIY,Payroll DIY,Direct,unassigned,901,0
D201826,C103133,2025-02-08,2025-04-07,Closed Won,PAYROLL_DIY,Payroll DIY,Partners,dt,2709,0
D201827,C103767,2024-04-01,2024-06-19,Closed Won,PAYROLL_MPS,Managed Payroll,Direct,dinkster,2577,0
D201828,C102093,2025-04-30,2025-05-01,Closed Won,PAYROLL_DIY,Payroll DIY,Direct,dt,2075,0
D201829,C100756,2024-11-04,2024-11-07,Closed Lost,PM,People Management,Partners,dinkster,1359,0
D201830,C102684,2025-02-26,2025-05-12,Closed Won,PAYROLL_DIY,Payroll DIY,Direct,awong,1569,0
D201831,C100851,2025-01-07,2025-01-19,Closed Won,PAYROLL_MPS,Managed Payroll,Direct,shao,1372,1
D201832,C100870,2025-02-01,2025-03-25,Closed Lost,PM,People Management,Partners,dinkster,2109,0
D201833,C104277,2025-05-15,2025-06-24,Closed Won,PAYROLL_DIY,Payroll DIY,Direct,dt,954,0
D201834,C102097,2024-02-27,2024-04-24,Closed Won,PAYROLL_MPS,Managed Payroll,Partners,mkoenen,5129,0
D201835,C101251,2024-01-27,2024-04-11,Closed Lost,PAYROLL_DIY,Payroll DIY,Partners,awong,284,0
D201836,C100897,2025-05-03,2025-05-24,Closed Lost,PAYROLL_MPS,Managed Payroll,Direct,dt,3538,0
D201837,C103079,2024-09-05,,Open,PAYROLL_MPS,Managed Payroll,Direct,unassigned,2218,0
D201838,C102832,2025-06-09,,Open,PAYROLL_DIY,Payroll DIY,Partners,mkoenen,1137,0
D201839,C103412,2024-11-21,2025-01-05,Closed Won,ADD_ON_TKR,TKR Add-on,Partners,awong,1129,0
D201840,C100918,2024-03-26,,Open,PAYROLL_MPS,Managed Payroll,Direct,,2422,0
D201841,C101570,2025-01-11,2025-03-15,Closed Lost,PAYROLL_MPS,Managed Payroll,Partners,shao,1508,0
D201842,C100640,2024-12-23,2025-01-23,Closed Won,PAYROLL_MPS,Managed Payroll,Partners,dt,4166,0
D201843,C104231,2024-07-14,,Open,PM,People Management,Direct,dinkster,1386,0
D201844,C104063,2025-01-17,2025-02-02,Closed Won,PAYROLL_DIY,Payroll DIY,Direct,unassigned,0,1
D201845,C102025,2025-05-16,,Open,ADD_ON_TKR,TKR Add-on,Partners,dt,595,0
D201846,C100130,2024-04-18,,Open,PAYROLL_DIY,Payroll DIY,Partners,mkoenen_tmp,2296,0
D201847,C104897,2024-02-17,2024-05-06,Closed Lost,PAYROLL_DIY,Payroll DIY,Direct,unassigned,949,0
D201848,C101580,2025-02-08,2025-02-17,Closed Lost,PAYROLL_DIY,Payroll DIY,Direct,dt,1815,0
D201849,C103396,2024-03-22,2024-04-16,Closed Won,ADD_ON_TKR,TKR Add-on,Partners,unassigned,542,0
D201850,C104896,2025-02-24,2025-05-23,Closed Lost,PM,People Management,Direct,unassigned,1774,0
D201851,C104422,2024-03-31,2024-05-04,Closed Lost,PAYROLL_DIY,Payroll DIY,Direct,dinkster,683,0
D201852,C100290,2025-01-05,2025-03-15,Closed Won,ADD_ON_TKR,TKR Add-on,Partners,dinkster,725,0
D201853,C104396,2025-06-29,2025-08-18,Closed Lost,ADD_ON_TKR,TKR Add-on,Partners,awong,1565,0
D201854,C104305,2025-04-17,2025-05-23,Closed Won,PAYROLL_DIY,Payroll DIY,Partners,shao,2654,0
D201855,C101429,2024-03-17,,Open,PM,People Management,Direct,dinkster,255,0
D201856,C101605,2025-01-01,,Open,PAYROLL_MPS,Managed Payroll,Direct,mkoenen,4293,0
D201857,C102505,2024-11-22,,Open,PM,People Management,Partners,unassigned,1385,0
D201858,C100514,2024-02-13,,Open,PM,People Management,Partners,dt,123,0
D201859,C103868,2024-01-04,2024-01-14,Closed Lost,PM,People Management,Partners,mkoenen,1286,0
D201860,C100759,2024-02-10,2024-03-26,Closed Won,ADD_ON_TKR,TKR Add-on,Direct,dinkster,1810,0
D201861,C100211,2024-12-20,2025-03-06,Closed Won,PM,People Management,Partners,awong,1901,0
D201862,C103131,2024-08-31,2024-10-18,Closed Won,ADD_ON_TKR,TKR Add-on,Direct,mkoenen,1404,0
D201863,C104655,2024-07-02,,Open,PAYROLL_MPS,Managed Payroll,Direct,dinkster,1378,0
D201864,C103214,2024-01-30,,Open,ADD_ON_TKR,TKR Add-on,Direct,awong,1050,0
D201865,C101153,2024-08-20,2024-10-21,Closed Lost,PM,People Management,Partners,mkoenen,892,0
D201866,C104467,2024-11-28,2024-12-22,Closed Won,PM,People Management,Direct,dinkster,745,0
D201867,C103987,2025-03-27,2025-06-17,Closed Won,PM,People Management,Partners,dinkster,577,0
D201868,C103003,2024-03-30,,Open,PAYROLL_MPS,Managed Payroll,Partners,shao,1805,0
D201869,C104583,2025-01-06,2025-02-20,Closed Won,PAYROLL_MPS,Managed Payroll,Direct,unassigned,6286,0
D201870,C103936,2025-06-27,2025-07-31,Closed Won,PAYROLL_DIY,Payroll DIY,Partners,dinkster,1042,0
D201871,C100633,2024-01-19,2024-03-27,Closed Won,ADD_ON_TKR,TKR Add-on,Direct,mkoenen,831,0
D201872,C104418,2025-06-01,,Open,ADD_ON_TKR,TKR Add-on,Partners,unassigned,1660,0
D201873,C102657,2025-04-26,2025-06-03,Closed Won,ADD_ON_TKR,TKR Add-on,Direct,shao,322,0
D201874,C103315,2024-11-21,,Open,PM,People Management,Direct,awong,2268,0
D201875,C104110,2025-05-10,2025-07-18,Closed Lost,ADD_ON_TKR,TKR Add-on,Partners,dinkster,1144,0
D201876,C100434,2024-04-14,2024-05-29,Closed Won,PAYROLL_MPS,Managed Payroll,Partners,mkoenen,4951,0
D201877,C100637,2024-05-16,2024-07-05,Closed Won,PM,People Management,Partners,shao,702,0
D201878,C101602,2024-11-20,2025-01-29,Closed Won,PAYROLL_MPS,Managed Payroll,Direct,awong,4897,0
D201879,C100411,2024-03-02,2024-04-07,Closed Won,PAYROLL_DIY,Payroll DIY,Direct,unassigned,841,0
D201880,C102726,2025-01-03,2025-03-07,Closed Won,PAYROLL_MPS,Managed Payroll,Partners,unassigned,6042,0
D201881,C100543,2024-09-03,2024-11-17,Closed Won,PM,People Management,Direct,dinkster,2327,0
D201882,C104073,2024-07-30,2024-09-27,Closed Won,PM,People Management,Partners,dinkster,1515,0
D201883,C103214,2025-06-21,2025-09-02,Closed Won,PAYROLL_DIY,Payroll DIY,Direct,mkoenen,1459,0
D201884,C100447,2025-03-02,2025-04-26,Closed Won,PM,People Management,Partners,unassigned,440,0
D201885,C102461,2025-02-02,,Open,PAYROLL_MPS,Managed Payroll,Direct,shao,3659,0
D201886,C100351,2024-06-25,2024-09-08,Closed Won,PAYROLL_MPS,Managed Payroll,Direct,dt,4563,0
D201887,C101134,2025-06-03,2025-06-30,Closed Won,ADD_ON_TKR,TKR Add-on,Partners,awong,887,0
D201888,C101883,2025-05-15,2025-07-23,Closed Won,ADD_ON_TKR,TKR Add-on,Partners,mkoenen,801,0
D201889,C101981,2024-10-20,,Open,ADD_ON_TKR,TKR Add-on,Partners,shao,528,0
D201890,C103458,2024-10-05,,Open,PAYROLL_MPS,Managed Payroll,Direct,awong,8051,0
D201891,C102899,2024-09-20,2024-11-15,Closed Won,ADD_ON_TKR,TKR Add-on,Direct,awong,1690,0
D201892,C102274,2024-12-15,2025-03-04,Closed Lost,ADD_ON_TKR,TKR Add-on,Direct,shao,1188,0
D201893,C102995,2025-05-28,2025-08-03,Closed Won,PAYROLL_MPS,Managed Payroll,Direct,unassigned,6545,0
D201894,C102702,2025-04-23,2025-06-15,Closed Won,ADD_ON_TKR,TKR Add-on,Direct,mkoenen,310,0
D201895,C102458,2024-09-16,,Open,PM,People Management,Partners,unassigned,0,0
D201896,C100568,2024-04-15,2024-04-30,Closed Won,PM,People Management,Partners,dt,1053,0
D201897,C103516,2024-08-24,2024-09-29,Closed Lost,ADD_ON_TKR,TKR Add-on,Partners,dinkster,612,0
D201898,C100119,2024-07-15,,Open,PM,People Management,Partners,shao,969,0
D201899,C100581,2024-06-07,2024-07-01,Closed Won,PAYROLL_DIY,Payroll DIY,Direct,shao,840,0
D201900,C104483,2024-02-01,2024-03-28,Closed Won,ADD_ON_TKR,TKR Add-on,Partners,dt,356,0
D201901,C100958,2025-02-18,2025-03-25,Closed Lost,PAYROLL_MPS,Managed Payroll,Direct,dinkster,1050,0
D201902,C100599,2024-03-20,,Open,ADD_ON_TKR,TKR Add-on,Direct,unassigned_tmp,586,0
D201903,C101931,2024-05-14,2024-05-20,Closed Lost,PAYROLL_MPS,Managed Payroll,Partners,mkoenen,3930,0
D201904,C103478,2025-01-27,2025-03-26,Closed Won,PAYROLL_DIY,Payroll DIY,Direct,awong,2484,0
D201905,C100816,2024-05-04,,Open,PAYROLL_MPS,Managed Payroll,Direct,mkoenen,7670,0
D201906,C104117,2025-01-08,2025-03-04,Closed Won,PAYROLL_DIY,Payroll DIY,Direct,mkoenen,1208,0
D201907,C102787,2024-01-16,2024-02-11,Closed Won,PAYROLL_MPS,Managed Payroll,Partners,awong,4906,0
D201908,C100721,2025-03-13,2025-04-15,Closed Lost,PM,People Management,Partners,dinkster,188,0
D201909,C102083,2025-02-25,2025-03-13,Closed Lost,PM,People Management,Direct,unassigned_tmp,0,0
D201910,C100110,2024-04-22,2024-06-18,Closed Won,PM,People Management,Direct,mkoenen,2026,0
D201911,C101478,2024-05-30,2024-08-23,Closed Won,PAYROLL_MPS,Managed Payroll,Direct,mkoenen,6236,0
D201912,C101712,2024-08-28,2024-09-03,Closed Won,PAYROLL_DIY,Payroll DIY,Partners,dinkster,1038,0
D201913,C100413,2024-02-06,2024-03-22,Closed Won,PAYROLL_DIY,Payroll DIY,Direct,dt,2620,0
D201914,C101763,2024-07-30,,Open,PAYROLL_DIY,Payroll DIY,Partners,awong,1239,0
D201915,C102621,2024-12-21,2025-03-18,Closed Lost,PAYROLL_DIY,Payroll DIY,Direct,dt,1104,0
D201916,C101736,2024-04-22,2024-05-21,Closed Won,PAYROLL_MPS,Managed Payroll,Direct,mkoenen,3888,1
D201917,C101622,2024-03-30,2024-05-16,Closed Won,PM,People Management,Direct,dt,1652,0
D201918,C102647,2025-04-09,2025-06-09,Closed Won,ADD_ON_TKR,TKR Add-on,Direct,shao,920,0
D201919,C104628,2025-05-13,2025-07-13,Closed Won,PAYROLL_MPS,Managed Payroll,Direct,unassigned,4354,0
D201920,C102568,2025-03-04,,Open,PAYROLL_DIY,Payroll DIY,Partners,unassigned,274,0
D201921,C103147,2025-02-16,,Open,PAYROLL_DIY,Payroll DIY,Direct,unassigned,2475,0
D201922,C100142,2025-05-07,2025-07-02,Closed Won,PM,People Management,Direct,dinkster,745,0
D201923,C102145,2024-05-17,2024-08-01,Closed Won,ADD_ON_TKR,TKR Add-on,Direct,dt,620,0
D201924,C101785,2024-09-13,,Open,PM,People Management,Partners,dinkster,2274,0
D201925,C104697,2024-06-05,2024-07-19,Closed Won,PAYROLL_MPS,Managed Payroll,Direct,awong,4884,0
D201926,C103768,2025-01-12,2025-02-13,Closed Won,PM,People Management,Partners,dt,1902,0
D201927,C104475,2024-09-02,,Open,PAYROLL_MPS,Managed Payroll,Partners,unassigned,4818,0
D201928,C103624,2025-06-02,,Open,PM,People Management,Direct,mkoenen,1320,0
D201929,C104562,2024-04-01,2024-06-01,Closed Won,PAYROLL_DIY,Payroll DIY,Partners,mkoenen,1344,0
D201930,C104025,2024-08-12,2024-10-15,Closed Won,PM,People Management,Partners,mkoenen,384,1
D201931,C100509,2024-01-29,,Open,PAYROLL_DIY,Payroll DIY,Direct,shao,2003,0
D201932,C102263,2024-01-19,2024-01-21,Closed Won,PAYROLL_DIY,Payroll DIY,Direct,unassigned,2099,0
D201933,C100639,2024-06-02,2024-08-04,Closed Won,PAYROLL_MPS,Managed Payroll,Partners,dinkster,1269,0
D201934,C104241,2024-11-13,2025-01-26,Closed Won,PAYROLL_DIY,Payroll DIY,Partners,unassigned,2459,0
D201935,C103992,2024-02-15,,Open,PAYROLL_DIY,Payroll DIY,Partners,dt,3671,0
D201936,C104988,2024-01-16,,Open,PAYROLL_MPS,Managed Payroll,Direct,dt,2636,0
D201937,C104756,2025-01-22,2025-02-01,Closed Won,PAYROLL_MPS,Managed Payroll,Partners,mkoenen,5746,0
D201938,C104641,2024-06-10,2024-08-08,Closed Lost,ADD_ON_TKR,TKR Add-on,Direct,unassigned,176,0
D201939,C102428,2025-03-10,2025-05-26,Closed Won,ADD_ON_TKR,TKR Add-on,Partners,unassigned,1120,0
D201940,C104153,2024-01-17,2024-03-17,Closed Won,PM,People Management,Direct,unassigned,1545,0
D201941,C104636,2024-09-01,2024-10-08,Closed Won,PAYROLL_DIY,Payroll DIY,Direct,mkoenen,3163,0
D201942,C104461,2025-01-11,2025-03-04,Closed Won,PAYROLL_DIY,Payroll DIY,Partners,shao,2244,0
D201943,C104210,2025-03-25,2025-06-08,Closed Lost,PAYROLL_MPS,Managed Payroll,Direct,shao,3198,0
D201944,C102838,2024-12-07,,Open,ADD_ON_TKR,TKR Add-on,Partners,dt,524,0
D201945,C104902,2024-03-11,,Open,PAYROLL_DIY,Payroll DIY,Partners,shao,1711,0
D201946,C101841,2024-11-09,2024-11-20,Closed Won,ADD_ON_TKR,TKR Add-on,Partners,,1184,0
D201947,C101297,2024-10-27,2025-01-16,Closed Lost,PM,People Management,Partners,shao,721,0
D201948,C100385,2024-09-13,2024-10-02,Closed Won,ADD_ON_TKR,TKR Add-on,Partners,shao,427,0
D201949,C101168,2024-04-13,2024-06-03,Closed Won,ADD_ON_TKR,TKR Add-on,Partners,awong,1152,0
D201950,C100059,2024-10-01,,Open,PAYROLL_MPS,Managed Payroll,Direct,mkoenen,5973,0
D201951,C101412,2024-03-21,2024-06-01,Closed Won,ADD_ON_TKR,TKR Add-on,Direct,dinkster,423,0
D201952,C103880,2024-08-31,2024-11-01,Closed Won,PM,People Management,Direct,dinkster,848,0
D201953,C101691,2024-12-14,2024-12-24,Closed Won,ADD_ON_TKR,TKR Add-on,Partners,unassigned,1068,0
D201954,C103128,2024-07-23,2024-09-14,Closed Won,PM,People Management,Partners,,1086,0
D201955,C100011,2024-03-06,,Open,PAYROLL_DIY,Payroll DIY,Partners,dinkster,2391,0
D201956,C103564,2025-03-13,,Open,ADD_ON_TKR,TKR Add-on,Partners,dt,838,0
D201957,C102256,2025-03-19,2025-06-02,Closed Won,PAYROLL_DIY,Payroll DIY,Partners,shao,2117,0
D201958,C100621,2025-06-17,2025-08-05,Closed Won,PAYROLL_MPS,Managed Payroll,Direct,dt,3413,0
D201959,C100402,2024-02-05,2024-04-29,Closed Won,PAYROLL_DIY,Payroll DIY,Direct,mkoenen,2032,0
D201960,C104230,2024-09-28,,Open,PAYROLL_DIY,Payroll DIY,Direct,dt,453,0
D201961,C101730,2024-09-01,2024-09-21,Closed Lost,PAYROLL_MPS,Managed Payroll,Partners,shao,7883,0
D201962,C102959,2025-05-16,2025-06-01,Closed Lost,PAYROLL_DIY,Payroll DIY,Direct,unassigned,2637,0
D201963,C100021,2024-01-28,2024-02-28,Closed Won,PAYROLL_DIY,Payroll DIY,Direct,unassigned,2476,0
D201964,C103687,2025-02-13,2025-04-28,Closed Won,ADD_ON_TKR,TKR Add-on,Direct,mkoenen,257,0
D201965,C102672,2024-05-05,2024-06-01,Closed Won,PM,People Management,Direct,awong,1342,0
D201966,C103771,2024-05-20,2024-07-05,Closed Lost,PAYROLL_DIY,Payroll DIY,Partners,unassigned,2477,0
D201967,C104066,2024-04-02,,Open,ADD_ON_TKR,TKR Add-on,Direct,dt,853,0
D201968,C102377,2024-10-19,2024-11-09,Closed Won,PAYROLL_DIY,Payroll DIY,Partners,shao,2895,0
D201969,C103597,2024-08-24,2024-09-14,Closed Won,PAYROLL_MPS,Managed Payroll,Direct,shao,4262,0
D201970,C101759,2025-02-06,2025-02-17,Closed Won,PAYROLL_MPS,Managed Payroll,Partners,dinkster,5869,0
D201971,C102844,2024-01-08,2024-03-08,Closed Won,PM,People Management,Direct,mkoenen,-1750,0
D201972,C102453,2024-02-04,2024-03-17,Closed Won,PAYROLL_MPS,Managed Payroll,Partners,shao,5426,0
D201973,C103065,2024-05-01,2024-07-16,Closed Lost,PM,People Management,Partners,awong,1564,0
D201974,C102161,2025-05-20,2025-07-29,Closed Won,PAYROLL_DIY,Payroll DIY,Partners,unassigned,1064,0
D201975,C101419,2024-07-10,2024-08-04,Closed Won,ADD_ON_TKR,TKR Add-on,Partners,awong,970,0
D201976,C102050,2024-05-12,2024-06-26,Closed Won,PAYROLL_MPS,Managed Payroll,Direct,awong,4655,0
D201977,C100174,2025-04-30,2025-05-01,Closed Lost,PAYROLL_MPS,Managed Payroll,Direct,awong,4707,0
D201978,C104860,2024-10-07,,Open,PAYROLL_MPS,Managed Payroll,Partners,unassigned,5012,0
D201979,C101070,2024-01-12,2024-01-24,Closed Won,PAYROLL_DIY,Payroll DIY,Direct,unassigned,3213,0
D201980,C102958,2025-04-19,2025-07-02,Closed Lost,PAYROLL_MPS,Managed Payroll,Partners,dt,4194,0
D201981,C101459,2024-06-23,2024-09-02,Closed Won,PAYROLL_DIY,Payroll DIY,Partners,mkoenen,2420,0
D201982,C102843,2024-02-20,,Open,PM,People Management,Direct,dinkster,1796,0
D201983,C101324,2024-02-21,2024-03-07,Closed Won,PM,People Management,Direct,shao,711,0
D201984,C104690,2025-04-12,,Open,PM,People Management,Partners,awong,645,0
D201985,C104102,2025-05-15,2025-06-01,Closed Won,PM,People Management,Direct,awong,1766,0
D201986,C102204,2024-08-22,2024-11-03,Closed Lost,ADD_ON_TKR,TKR Add-on,Partners,unassigned,2083,0
D201987,C104644,2024-12-13,2025-02-28,Closed Lost,PM,People Management,Partners,awong,930,0
D201988,C100422,2024-02-15,2024-02-27,Closed Won,PAYROLL_DIY,Payroll DIY,Direct,shao,2569,0
D201989,C101470,2024-07-25,2024-09-07,Closed Won,PAYROLL_DIY,Payroll DIY,Partners,dinkster,15,0
D201990,C100902,2024-10-05,2024-12-14,Closed Lost,ADD_ON_TKR,TKR Add-on,Direct,mkoenen,1324,0
D201991,C104275,2025-05-27,2025-07-10,Closed Lost,PM,People Management,Direct,dt,2224,0
D201992,C100963,2025-05-02,2025-06-22,Closed Won,ADD_ON_TKR,TKR Add-on,Partners,dinkster,1400,0
D201993,C100005,2024-04-05,2024-04-13,Closed Lost,PAYROLL_DIY,Payroll DIY,Direct,awong,2635,0
D201994,C102223,2024-08-28,2024-10-12,Closed Won,PM,People Management,Partners,awong,1031,0
D201995,C102668,2024-03-07,,Open,PAYROLL_DIY,Payroll DIY,Partners,dinkster,1420,0
D201996,C101749,2024-10-03,2024-11-05,Closed Won,PAYROLL_MPS,Managed Payroll,Direct,dinkster,8327,0
D201997,C103282,2024-04-05,2024-07-04,Closed Lost,PAYROLL_MPS,Managed Payroll,Direct,shao,5446,0
D201998,C103152,2024-10-21,2025-01-19,Closed Won,PAYROLL_MPS,Managed Payroll,Direct,mkoenen,5336,0
D201999,C100944,2024-03-02,2024-03-17,Closed Won,PAYROLL_DIY,Payroll DIY,Direct,mkoenen,742,0
D202000,C101328,2024-01-27,2024-03-10,Closed Won,PAYROLL_MPS,Managed Payroll,Partners,dinkster,2581,0
D202001,C103560,2025-01-29,2025-03-13,Closed Lost,PM,People Management,Direct,dinkster,1778,0
D202002,C103361,2025-06-13,2025-06-29,Closed Won,PAYROLL_DIY,Payroll DIY,Partners,unassigned,983,0
D202003,C100482,2024-03-23,2024-03-29,Closed Lost,PAYROLL_MPS,Managed Payroll,Direct,mkoenen,3474,0
D202004,C102044,2024-06-25,2024-09-01,Closed Won,PAYROLL_DIY,Payroll DIY,Direct,unassigned,1482,0
D202005,C100781,2024-01-31,2024-04-05,Closed Won,PM,People Management,Partners,shao,907,1
D202006,C102080,2024-05-22,,Open,PM,People Management,Partners,mkoenen,933,0
D202007,C103608,2024-12-27,2025-02-16,Closed Won,PAYROLL_DIY,Payroll DIY,Partners,dt,2443,0
D202008,C102167,2024-01-29,2024-04-14,Closed Lost,PAYROLL_DIY,Payroll DIY,Partners,dinkster,2383,0
D202009,C101185,2024-04-22,2024-05-24,Closed Won,ADD_ON_TKR,TKR Add-on,Direct,dt,470,0
D202010,C103295,2025-05-12,2025-06-01,Closed Won,PM,People Management,Partners,,2508,0
D202011,C103312,2024-12-21,,Open,PAYROLL_DIY,Payroll DIY,Direct,shao,3299,0
D202012,C101915,2025-03-22,2025-03-28,Closed Won,ADD_ON_TKR,TKR Add-on,Direct,awong,142,0
D202013,C104974,2024-08-22,2024-10-15,Closed Won,PAYROLL_DIY,Payroll DIY,Direct,mkoenen,2184,0
D202014,C100551,2024-07-27,2024-09-21,Closed Won,PAYROLL_DIY,Payroll DIY,Direct,dinkster,2445,0
D202015,C104512,2024-05-11,2024-08-02,Closed Won,PAYROLL_MPS,Managed Payroll,Direct,awong,5943,0
D202016,C103269,2025-04-27,2025-04-30,Closed Lost,ADD_ON_TKR,TKR Add-on,Direct,dt,880,0
D202017,C103306,2024-10-29,2024-11-27,Closed Lost,PM,People Management,Partners,shao,794,0
D202018,C101583,2024-04-19,,Open,PM,People Management,Direct,shao,1462,0
D202019,C103399,2024-09-16,2024-11-22,Closed Won,ADD_ON_TKR,TKR Add-on,Direct,mkoenen,946,0
D202020,C101318,2024-04-08,2024-06-18,Closed Won,PAYROLL_DIY,Payroll DIY,Partners,awong,3497,0
D202021,C104008,2024-09-26,,Open,PAYROLL_DIY,Payroll DIY,Direct,dinkster,1729,0
D202022,C101597,2024-10-24,2025-01-16,Closed Won,PAYROLL_DIY,Payroll DIY,Partners,dt,843,0
D202023,C103579,2025-02-01,,Open,ADD_ON_TKR,TKR Add-on,Direct,dinkster,2002,0
D202024,C101116,2024-02-14,2024-04-01,Closed Won,ADD_ON_TKR,TKR Add-on,Partners,awong,601,0
D202025,C101705,2024-01-06,2024-01-23,Closed Won,PAYROLL_MPS,Managed Payroll,Partners,shao,5824,0
D202026,C101867,2024-08-10,2024-09-04,Closed Lost,PM,People Management,Direct,dt,1146,0
D202027,C101324,2025-03-28,,Open,PAYROLL_DIY,Payroll DIY,Direct,unassigned,0,0
D202028,C100388,2024-04-29,2024-05-11,Closed Lost,ADD_ON_TKR,TKR Add-on,Direct,awong,867,0
D202029,C100293,2024-02-19,,Open,PAYROLL_MPS,Managed Payroll,Direct,dinkster,3812,0
D202030,C103280,2024-12-20,2025-01-15,Closed Won,PM,People Management,Direct,mkoenen,291,0
D202031,C104918,2024-01-09,2024-02-06,Closed Won,PAYROLL_MPS,Managed Payroll,Partners,dinkster,5029,0
D202032,C104903,2025-03-22,2025-05-22,Closed Won,ADD_ON_TKR,TKR Add-on,Partners,dinkster,602,0
D202033,C100597,2024-06-19,,Open,PM,People Management,Partners,unassigned,995,0
D202034,C100539,2024-03-19,2024-05-24,Closed Won,PM,People Management,Partners,dt,1395,0
D202035,C104693,2024-10-23,2025-01-17,Closed Won,PM,People Management,Partners,dt,1500,0
D202036,C102467,2024-12-02,2025-01-05,Closed Won,PAYROLL_MPS,Managed Payroll,Direct,unassigned,4158,0
D202037,C101797,2024-07-26,,Open,PAYROLL_DIY,Payroll DIY,Partners,shao,1402,0
D202038,C103248,2024-04-28,,Open,PAYROLL_MPS,Managed Payroll,Direct,unassigned,1005,0
D202039,C102744,2024-04-24,,Open,ADD_ON_TKR,TKR Add-on,Direct,awong,1473,0
D202040,C101783,2024-03-02,,Open,ADD_ON_TKR,TKR Add-on,Direct,shao,891,0
D202041,C103922,2024-12-17,,Open,PAYROLL_MPS,Managed Payroll,Direct,dt,6269,0
D202042,C104497,2024-06-10,2024-09-06,Closed Won,PAYROLL_DIY,Payroll DIY,Direct,unassigned,1250,1
D202043,C100301,2025-02-04,2025-03-21,Closed Won,PAYROLL_DIY,Payroll DIY,Direct,dinkster,1267,0
D202044,C103333,2024-06-13,2024-08-03,Closed Won,PAYROLL_MPS,Managed Payroll,Partners,unassigned,3124,0
D202045,C102874,2024-03-26,2024-04-30,Closed Lost,ADD_ON_TKR,TKR Add-on,Partners,shao,793,0
D202046,C101999,2024-09-24,2024-10-31,Closed Won,PM,People Management,Direct,awong,1944,0
D202047,C102432,2024-04-12,2024-04-29,Closed Won,PAYROLL_DIY,Payroll DIY,Partners,dt,2354,0
D202048,C104635,2024-06-04,2024-06-28,Closed Lost,PAYROLL_MPS,Managed Payroll,Direct,shao,6937,0
D202049,C104850,2025-03-25,2025-06-21,Closed Won,ADD_ON_TKR,TKR Add-on,Direct,unassigned,291,0
D202050,C100150,2024-01-08,2024-04-02,Closed Lost,ADD_ON_TKR,TKR Add-on,Partners,shao,440,0
D202051,C102867,2024-01-19,2024-02-07,Closed Lost,PAYROLL_DIY,Payroll DIY,Direct,dinkster,1353,0
D202052,C102068,2024-07-22,2024-08-25,Closed Won,ADD_ON_TKR,TKR Add-on,Partners,dt,447,0
D202053,C100707,2024-10-01,2024-10-25,Closed Won,PAYROLL_DIY,Payroll DIY,Direct,dt,1922,0
D202054,C101479,2024-01-20,,Open,PM,People Management,Partners,dinkster,0,0
D202055,C104518,2024-11-28,,Open,PM,People Management,Partners,awong,2156,0
D202056,C100112,2024-12-27,,Open,PAYROLL_MPS,Managed Payroll,Partners,awong,2613,0
D202057,C104751,2024-06-02,,Open,ADD_ON_TKR,TKR Add-on,Partners,dt,679,0
D202058,C102789,2024-07-03,2024-08-09,Closed Won,PM,People Management,Direct,awong,1187,0
D202059,C103540,2024-08-27,2024-08-30,Closed Lost,ADD_ON_TKR,TKR Add-on,Direct,mkoenen,379,0
D202060,C102863,2024-02-24,2024-05-14,Closed Won,PM,People Management,Direct,mkoenen,680,0
D202061,C102151,2025-06-04,2025-06-17,Closed Won,PM,People Management,Direct,unassigned,811,0
D202062,C104282,2024-10-16,2024-11-25,Closed Lost,PAYROLL_DIY,Payroll DIY,Partners,mkoenen,1039,0
D202063,C103997,2024-12-23,,Open,PAYROLL_DIY,Payroll DIY,Partners,unassigned,187,0
D202064,C100939,2024-07-23,2024-10-06,Closed Won,PAYROLL_DIY,Payroll DIY,Direct,mkoenen,3188,0
D202065,C104766,2024-11-13,2025-02-04,Closed Won,PAYROLL_DIY,Payroll DIY,Partners,awong,1920,0
D202066,C104106,2024-11-05,2024-12-24,Closed Won,ADD_ON_TKR,TKR Add-on,Partners,dinkster,857,0
D202067,C104553,2024-12-17,,Open,PAYROLL_MPS,Managed Payroll,Partners,awong,2525,0
D202068,C100930,2024-04-06,,Open,PM,People Management,Partners,shao,1738,0
D202069,C102576,2025-02-20,2025-03-27,Closed Lost,PAYROLL_MPS,Managed Payroll,Direct,dinkster,5919,0
D202070,C104560,2025-06-19,2025-07-05,Closed Won,PM,People Management,Direct,dinkster,1190,0
D202071,C102115,2024-04-05,,Open,ADD_ON_TKR,TKR Add-on,Partners,awong,678,0
D202072,C104101,2024-02-27,2024-03-07,Closed Won,PAYROLL_MPS,Managed Payroll,Partners,dinkster,3910,0
D202073,C104080,2024-02-14,2024-04-14,Closed Lost,PM,People Management,Partners,dinkster,2240,0
D202074,C101461,2024-11-13,2024-11-21,Closed Lost,PAYROLL_MPS,Managed Payroll,Partners,dt,5584,0
D202075,C101078,2024-01-02,2024-04-01,Closed Won,PAYROLL_MPS,Managed Payroll,Partners,shao,1435,0
D202076,C103585,2024-01-27,2024-03-20,Closed Won,PAYROLL_MPS,Managed Payroll,Direct,dinkster,4475,0
D202077,C104665,2024-01-21,2024-03-27,Closed Lost,PM,People Management,Partners,unassigned,1840,0
D202078,C102281,2024-01-02,,Open,PAYROLL_MPS,Managed Payroll,Partners,dt,2759,0
D202079,C102425,2024-04-21,2024-07-17,Closed Lost,PM,People Management,Partners,dt,560,0
D202080,C104018,2024-06-19,2024-09-09,Closed Won,PAYROLL_DIY,Payroll DIY,Partners,awong,2247,0
D202081,C100112,2024-06-25,2024-09-02,Closed Lost,PAYROLL_DIY,Payroll DIY,Partners,unassigned,1286,0
D202082,C102572,2024-11-17,2025-02-04,Closed Won,PAYROLL_MPS,Managed Payroll,Direct,shao,3222,0
D202083,C104395,2024-08-10,,Open,PAYROLL_MPS,Managed Payroll,Direct,shao,4113,0
D202084,C100584,2025-02-05,,Open,PAYROLL_MPS,Managed Payroll,Direct,dinkster,2028,0
D202085,C101344,2024-08-07,2024-09-01,Closed Lost,PAYROLL_MPS,Managed Payroll,Direct,dt,2726,0
D202086,C100978,2025-03-31,2025-06-05,Closed Won,PAYROLL_DIY,Payroll DIY,Partners,shao,2790,0
D202087,C101462,2024-03-23,,Open,PM,People Management,Partners,dinkster,1752,0
D202088,C102163,2025-06-12,,Open,ADD_ON_TKR,TKR Add-on,Partners,dinkster,464,0
D202089,C104027,2024-09-16,2024-11-02,Closed Won,PAYROLL_DIY,Payroll DIY,Direct,mkoenen,2936,0
D202090,C100427,2025-02-13,2025-05-07,Closed Lost,PAYROLL_MPS,Managed Payroll,Direct,unassigned,7541,0
D202091,C104159,2024-12-30,2025-02-25,Closed Lost,ADD_ON_TKR,TKR Add-on,Direct,unassigned,614,0
D202092,C101905,2024-12-06,,Open,PAYROLL_MPS,Managed Payroll,Partners,dt,0,0
D202093,C102384,2024-02-27,2024-05-14,Closed Won,PM,People Management,Partners,mkoenen,905,0
D202094,C100981,2024-06-06,2024-06-12,Closed Lost,ADD_ON_TKR,TKR Add-on,Partners,shao,307,0
D202095,C101088,2025-04-10,2025-04-25,Closed Won,ADD_ON_TKR,TKR Add-on,Direct,mkoenen,551,0
D202096,C100521,2024-04-25,2024-07-16,Closed Won,PM,People Management,Partners,unassigned,1075,0
D202097,C102487,2024-10-31,2025-01-17,Closed Won,PAYROLL_DIY,Payroll DIY,Partners,awong,2453,0
D202098,C104220,2024-02-23,2024-03-16,Closed Won,PM,People Management,Direct,shao,1283,0
D202099,C103930,2024-05-03,,Open,PM,People Management,Direct,shao,1188,0
D202100,C100080,2024-07-13,,Open,PM,People Management,Direct,awong,1174,0
D202101,C100236,2024-10-04,2024-12-09,Closed Lost,PAYROLL_DIY,Payroll DIY,Partners,unassigned,1368,0
D202102,C101453,2024-05-16,,Open,ADD_ON_TKR,TKR Add-on,Direct,dt,866,0
D202103,C103244,2024-08-03,,Open,PAYROLL_DIY,Payroll DIY,Direct,mkoenen,3411,0
D202104,C103397,2024-07-20,,Open,PAYROLL_MPS,Managed Payroll,Direct,mkoenen,4275,0
D202105,C103111,2025-02-20,,Open,PM,People Management,Partners,dinkster,446,0
D202106,C102810,2024-09-26,2024-11-22,Closed Lost,PAYROLL_MPS,Managed Payroll,Partners,dinkster,3649,0
D202107,C101110,2024-12-11,2025-01-03,Closed Won,PAYROLL_MPS,Managed Payroll,Direct,shao,0,0
D202108,C103050,2024-06-11,2024-07-26,Closed Won,PAYROLL_MPS,Managed Payroll,Partners,unassigned,4678,0
D202109,C103162,2025-01-27,,Open,PAYROLL_MPS,Managed Payroll,Direct,mkoenen,4834,0
D202110,C103810,2025-03-27,2025-06-19,Closed Won,PM,People Management,Partners,awong,1010,0
D202111,C100499,2025-01-25,,Open,PAYROLL_MPS,Managed Payroll,Partners,unassigned,6194,0
D202112,C104011,2024-04-06,2024-05-14,Closed Won,ADD_ON_TKR,TKR Add-on,Direct,dt,132,0
D202113,C104890,2024-01-03,,Open,PAYROLL_DIY,Payroll DIY,Direct,awong,1823,0
D202114,C100957,2025-06-14,,Open,PAYROLL_MPS,Managed Payroll,Partners,shao,2132,0
D202115,C101502,2024-07-09,2024-09-13,Closed Won,PAYROLL_DIY,Payroll DIY,Direct,shao,1262,0
D202116,C103024,2024-09-28,2024-11-12,Closed Lost,PM,People Management,Partners,mkoenen,2007,0
D202117,C103587,2025-04-15,,Open,PAYROLL_DIY,Payroll DIY,Partners,dinkster,1069,0
D202118,C104733,2024-09-24,2024-09-25,Closed Won,ADD_ON_TKR,TKR Add-on,Direct,shao,564,0
D202119,C102598,2024-07-28,,Open,ADD_ON_TKR,TKR Add-on,Partners,dt,752,0
D202120,C100675,2024-06-14,,Open,PAYROLL_MPS,Managed Payroll,Partners,unassigned,3440,0
D202121,C101403,2024-06-23,2024-07-07,Closed Lost,PAYROLL_MPS,Managed Payroll,Direct,dinkster,4532,0
D202122,C102380,2024-08-23,2024-09-16,Closed Won,PAYROLL_MPS,Managed Payroll,Partners,awong,6360,0
D202123,C100381,2024-03-12,2024-05-16,Closed Won,PAYROLL_DIY,Payroll DIY,Direct,dinkster,3430,0
D202124,C103821,2025-06-09,2025-07-04,Closed Won,PAYROLL_DIY,Payroll DIY,Partners,shao,1329,0
D202125,C103406,2025-07-01,,Open,PM,People Management,Direct,dinkster,923,0
D202126,C104615,2024-04-12,2024-05-24,Closed Lost,PAYROLL_DIY,Payroll DIY,Direct,awong,3295,0
D202127,C102752,2024-04-03,,Open,PM,People Management,Direct,dinkster,1149,0
D202128,C104767,2024-08-07,2024-08-14,Closed Lost,PAYROLL_DIY,Payroll DIY,Direct,mkoenen,221,0
D202129,C101140,2024-12-13,2025-03-08,Closed Won,PM,People Management,Direct,shao,1521,0
D202130,C101282,2024-07-08,,Open,PAYROLL_MPS,Managed Payroll,Partners,dinkster,2387,0
D202131,C100109,2025-04-08,2025-06-17,Closed Lost,PAYROLL_MPS,Managed Payroll,Partners,dinkster,3345,0
D202132,C103073,2025-03-28,2025-06-03,Closed Lost,PAYROLL_MPS,Managed Payroll,Direct,mkoenen,4259,0
D202133,C103955,2024-11-02,2025-01-30,Closed Won,PAYROLL_DIY,Payroll DIY,Partners,shao,1881,0
D202134,C102246,2025-06-29,2025-08-20,Closed Won,PAYROLL_DIY,Payroll DIY,Partners,unassigned,1792,0
D202135,C102966,2025-01-26,2025-04-22,Closed Won,PM,People Management,Partners,dt,2104,0
D202136,C101834,2024-12-01,2024-12-06,Closed Lost,PAYROLL_MPS,Managed Payroll,Direct,dt,7050,0
D202137,C104186,2025-02-19,2025-05-10,Closed Won,PAYROLL_MPS,Managed Payroll,Direct,dinkster,5413,0
D202138,C102153,2024-08-22,2024-11-20,Closed Won,PAYROLL_DIY,Payroll DIY,Partners,dinkster,2904,0
D202139,C102152,2024-11-30,2025-02-21,Closed Won,PAYROLL_DIY,Payroll DIY,Partners,mkoenen,3552,0
D202140,C104321,2025-07-02,2025-09-18,Closed Lost,ADD_ON_TKR,TKR Add-on,Partners,dinkster,1206,0
D202141,C104190,2024-03-24,2024-05-17,Closed Won,PAYROLL_DIY,Payroll DIY,Partners,dinkster,1020,0
D202142,C102341,2024-11-06,2024-12-01,Closed Lost,PAYROLL_MPS,Managed Payroll,Direct,mkoenen,4361,0
D202143,C103785,2024-01-24,2024-03-31,Closed Won,PM,People Management,Partners,dt,702,0
D202144,C102323,2024-08-25,,Open,ADD_ON_TKR,TKR Add-on,Partners,dinkster,747,0
D202145,C100419,2024-03-27,,Open,PM,People Management,Partners,shao,677,0
D202146,C104422,2024-02-28,,Open,PAYROLL_MPS,Managed Payroll,Partners,dt,3230,0
D202147,C102273,2025-02-22,2025-05-21,Closed Won,ADD_ON_TKR,TKR Add-on,Partners,dt,1158,0
D202148,C104413,2024-08-03,2024-08-29,Closed Won,PAYROLL_MPS,Managed Payroll,Direct,unassigned,3047,0
D202149,C101348,2025-05-28,,Open,PAYROLL_MPS,Managed Payroll,Direct,mkoenen,2595,0
D202150,C100718,2024-02-05,2024-02-08,Closed Lost,PAYROLL_MPS,Managed Payroll,Direct,awong,5279,0
D202151,C104593,2024-01-14,2024-03-20,Closed Won,ADD_ON_TKR,TKR Add-on,Partners,dinkster,1161,0
D202152,C101176,2025-05-21,2025-07-13,Closed Lost,PM,People Management,Direct,shao,915,0
D202153,C101262,2024-05-16,,Open,PAYROLL_DIY,Payroll DIY,Partners,shao,3269,0
D202154,C101280,2025-05-07,2025-07-22,Closed Won,ADD_ON_TKR,TKR Add-on,Partners,unassigned,907,0
D202155,C100896,2024-02-19,,Open,ADD_ON_TKR,TKR Add-on,Direct,awong,987,0
D202156,C100161,2024-08-14,2024-10-25,Closed Won,ADD_ON_TKR,TKR Add-on,Partners,dt,1302,0
D202157,C101678,2024-08-15,2024-09-25,Closed Won,PAYROLL_MPS,Managed Payroll,Partners,dt,4358,0
D202158,C101812,2025-04-08,2025-05-17,Closed Won,PAYROLL_DIY,Payroll DIY,Partners,dinkster,1424,0
D202159,C104993,2025-04-09,2025-05-04,Closed Lost,PAYROLL_MPS,Managed Payroll,Partners,dt,1779,0
D202160,C103384,2024-08-08,,Open,PM,People Management,Partners,unassigned,1755,0
D202161,C100663,2024-09-25,,Open,PM,People Management,Direct,dinkster,1881,0
D202162,C100061,2024-03-26,,Open,ADD_ON_TKR,TKR Add-on,Partners,dinkster,267,0
D202163,C102955,2024-04-12,2024-05-01,Closed Won,PAYROLL_DIY,Payroll DIY,Direct,shao,3777,1
D202164,C103703,2024-03-15,2024-06-05,Closed Won,ADD_ON_TKR,TKR Add-on,Direct,dinkster,976,0
D202165,C103974,2025-04-27,2025-05-08,Closed Won,PAYROLL_DIY,Payroll DIY,Direct,dt,1688,0
D202166,C103550,2025-06-13,2025-07-02,Closed Won,PAYROLL_MPS,Managed Payroll,Direct,dt,3475,1
D202167,C103135,2025-05-24,2025-06-12,Closed Won,PAYROLL_MPS,Managed Payroll,Partners,dt,0,0
D202168,C104034,2024-05-25,2024-07-07,Closed Lost,PAYROLL_MPS,Managed Payroll,Partners,awong,5350,0
D202169,C104268,2024-07-19,2024-10-15,Closed Lost,ADD_ON_TKR,TKR Add-on,Partners,shao,1060,0
D202170,C104474,2024-06-10,2024-07-20,Closed Won,PAYROLL_MPS,Managed Payroll,Direct,shao,5429,0
D202171,C102491,2025-06-26,2025-07-27,Closed Won,PAYROLL_MPS,Managed Payroll,Direct,awong,172,0
D202172,C100244,2024-09-11,2024-11-28,Closed Won,PM,People Management,Partners,awong,1936,0
D202173,C100160,2024-10-09,,Open,PAYROLL_MPS,Managed Payroll,Direct,awong,5252,0
D202174,C104812,2024-09-04,,Open,PAYROLL_DIY,Payroll DIY,Partners,,3431,0
D202175,C104314,2025-02-05,2025-04-13,Closed Won,PM,People Management,Direct,shao,629,0
D202176,C103000,2025-03-21,,Open,PM,People Management,Partners,shao,1061,0
D202177,C101068,2025-02-21,,Open,PM,People Management,Partners,shao,1414,0
D202178,C100475,2024-12-29,2025-03-05,Closed Won,PAYROLL_DIY,Payroll DIY,Partners,dt,1449,0
D202179,C103739,2025-05-25,2025-06-23,Closed Won,PAYROLL_DIY,Payroll DIY,Direct,dinkster,3249,0
D202180,C101200,2024-08-22,,Open,ADD_ON_TKR,TKR Add-on,Partners,unassigned,246,0
D202181,C103536,2024-08-10,2024-10-05,Closed Won,PM,People Management,Partners,dt,1374,0
D202182,C103181,2024-03-10,2024-05-31,Closed Won,ADD_ON_TKR,TKR Add-on,Direct,unassigned,322,0
D202183,C102198,2024-11-15,2024-12-02,Closed Lost,PAYROLL_MPS,Managed Payroll,Partners,dt,4332,0
D202184,C102595,2025-02-09,2025-03-26,Closed Won,PM,People Management,Partners,awong,1492,0
D202185,C104962,2025-01-25,,Open,PAYROLL_DIY,Payroll DIY,Partners,dt,617,0
D202186,C103591,2024-05-09,2024-05-11,Closed Lost,PAYROLL_DIY,Payroll DIY,Direct,mkoenen,1231,0
D202187,C100493,2025-02-03,2025-04-26,Closed Won,PAYROLL_DIY,Payroll DIY,Direct,mkoenen,2521,0
D202188,C102733,2024-06-04,,Open,PAYROLL_MPS,Managed Payroll,Direct,dt,0,0
D202189,C102025,2024-06-26,2024-07-10,Closed Won,PAYROLL_DIY,Payroll DIY,Partners,shao,2185,0
D202190,C101482,2024-09-02,,Open,PAYROLL_MPS,Managed Payroll,Partners,dt,2982,0
D202191,C101674,2024-03-24,2024-04-04,Closed Won,PAYROLL_DIY,Payroll DIY,Partners,mkoenen,1196,0
D202192,C103726,2024-01-17,2024-03-30,Closed Lost,ADD_ON_TKR,TKR Add-on,Direct,,1134,0
D202193,C101821,2024-04-07,2024-05-15,Closed Won,ADD_ON_TKR,TKR Add-on,Direct,dt,621,0
D202194,C100175,2024-12-16,2024-12-17,Closed Won,ADD_ON_TKR,TKR Add-on,Partners,dinkster,351,0
D202195,C101571,2025-02-22,2025-03-09,Closed Won,PAYROLL_MPS,Managed Payroll,Direct,dinkster,972,0
D202196,C100068,2025-04-24,,Open,PAYROLL_DIY,Payroll DIY,Partners,dt,204,0
D202197,C100443,2024-06-30,2024-08-26,Closed Won,ADD_ON_TKR,TKR Add-on,Partners,,1819,0
D202198,C103972,2024-05-09,2024-07-06,Closed Won,PAYROLL_MPS,Managed Payroll,Partners,dinkster,7272,0
D202199,C101177,2024-03-07,2024-03-08,Closed Lost,PAYROLL_MPS,Managed Payroll,Direct,mkoenen,2957,0
D202200,C100842,2024-01-20,2024-03-27,Closed Lost,PM,People Management,Direct,dinkster,930,0
D202201,C101952,2024-12-11,2025-01-14,Closed Won,ADD_ON_TKR,TKR Add-on,Direct,dinkster,1061,0
D202202,C101587,2024-06-18,2024-07-31,Closed Won,PAYROLL_MPS,Managed Payroll,Partners,awong,2041,1
D202203,C101884,2025-06-14,2025-06-29,Closed Won,PAYROLL_MPS,Managed Payroll,Partners,awong,4942,0
D202204,C101150,2024-06-15,2024-06-26,Closed Won,PAYROLL_MPS,Managed Payroll,Direct,awong,6012,0
D202205,C101537,2024-08-19,2024-10-28,Closed Lost,ADD_ON_TKR,TKR Add-on,Direct,dt,1277,0
D202206,C100269,2024-02-25,2024-04-06,Closed Won,ADD_ON_TKR,TKR Add-on,Direct,dt,276,0
D202207,C102491,2024-03-13,2024-05-14,Closed Lost,PM,People Management,Direct,shao,855,0
D202208,C102627,2024-09-10,2024-11-26,Closed Lost,ADD_ON_TKR,TKR Add-on,Partners,mkoenen,93,0
D202209,C104124,2025-06-21,2025-07-05,Closed Lost,ADD_ON_TKR,TKR Add-on,Partners,mkoenen,402,0
D202210,C100284,2024-03-24,2024-04-27,Closed Won,PAYROLL_DIY,Payroll DIY,Partners,dt,1706,0
D202211,C100932,2024-03-13,,Open,PM,People Management,Direct,mkoenen,1214,0
D202212,C101486,2025-03-10,2025-05-31,Closed Won,PM,People Management,Direct,mkoenen,1779,0
D202213,C104630,2024-08-09,2024-11-03,Closed Won,PM,People Management,Partners,dinkster,1628,0
D202214,C100431,2024-11-02,2024-11-07,Closed Won,PM,People Management,Partners,mkoenen,531,0
D202215,C101789,2024-08-23,,Open,PM,People Management,Partners,awong,1967,0
D202216,C101676,2025-06-05,2025-07-23,Closed Lost,PAYROLL_MPS,Managed Payroll,Direct,dinkster,2765,0
D202217,C101307,2024-02-18,2024-03-18,Closed Won,PAYROLL_DIY,Payroll DIY,Direct,unassigned,1903,0
D202218,C102159,2025-04-03,2025-05-29,Closed Won,ADD_ON_TKR,TKR Add-on,Direct,,954,0
D202219,C104493,2024-05-26,2024-08-12,Closed Won,ADD_ON_TKR,TKR Add-on,Direct,dt,893,0
D202220,C104681,2025-04-18,2025-04-21,Closed Won,PM,People Management,Partners,awong,1690,0
D202221,C102608,2024-05-04,,Open,ADD_ON_TKR,TKR Add-on,Partners,shao,381,0
D202222,C100233,2024-10-30,2024-11-21,Closed Won,PAYROLL_MPS,Managed Payroll,Partners,dt,4656,0
D202223,C103710,2024-10-09,2024-10-21,Closed Won,PAYROLL_DIY,Payroll DIY,Direct,awong,2780,0
D202224,C100987,2024-06-03,2024-07-19,Closed Won,PM,People Management,Partners,shao,1637,0
D202225,C103623,2024-02-24,2024-05-21,Closed Won,PAYROLL_MPS,Managed Payroll,Partners,unassigned,5316,0
D202226,C103173,2024-10-04,2024-12-27,Closed Won,PAYROLL_MPS,Managed Payroll,Direct,dinkster,5089,0
D202227,C104405,2025-03-04,2025-05-10,Closed Won,PM,People Management,Direct,shao,537,0
D202228,C101673,2025-05-26,2025-07-16,Closed Won,PAYROLL_MPS,Managed Payroll,Partners,shao,3509,0
D202229,C104245,2025-06-30,2025-08-11,Closed Won,ADD_ON_TKR,TKR Add-on,Direct,mkoenen,1821,0
D202230,C104126,2025-05-19,,Open,PAYROLL_DIY,Payroll DIY,Partners,dinkster,1147,0
D202231,C104198,2024-12-26,2025-01-01,Closed Won,PAYROLL_DIY,Payroll DIY,Partners,mkoenen,1475,0
D202232,C104314,2024-12-06,2024-12-24,Closed Won,PM,People Management,Partners,dinkster,2030,0
D202233,C101708,2024-05-08,2024-05-11,Closed Won,PAYROLL_MPS,Managed Payroll,Partners,awong,4969,0
D202234,C101085,2024-07-12,,Open,PAYROLL_MPS,Managed Payroll,Partners,unassigned,1948,0
D202235,C104460,2024-01-22,2024-03-14,Closed Won,PAYROLL_DIY,Payroll DIY,Direct,awong,2099,0
D202236,C101811,2025-01-29,2025-02-25,Closed Lost,ADD_ON_TKR,TKR Add-on,Direct,unassigned,942,0
D202237,C101441,2024-08-03,,Open,PM,People Management,Direct,awong,2005,0
D202238,C104497,2024-07-09,,Open,PM,People Management,Partners,dt,1015,0
D202239,C101645,2024-12-09,,Open,PAYROLL_MPS,Managed Payroll,Partners,unassigned,4206,0
D202240,C104918,2024-05-12,2024-08-08,Closed Lost,PAYROLL_MPS,Managed Payroll,Direct,awong,5915,0
D202241,C100057,2024-11-25,2025-01-25,Closed Won,PM,People Management,Direct,awong,1244,0
D202242,C104749,2025-03-08,2025-05-27,Closed Lost,PAYROLL_MPS,Managed Payroll,Direct,mkoenen,1145,0
D202243,C102045,2024-07-21,,Open,ADD_ON_TKR,TKR Add-on,Partners,unassigned,615,0
D202244,C102450,2024-03-04,2024-05-30,Closed Won,ADD_ON_TKR,TKR Add-on,Direct,dt,939,0
D202245,C100911,2024-03-17,2024-06-15,Closed Won,PM,People Management,Direct,dt,1052,0
D202246,C104746,2024-12-17,2025-02-22,Closed Lost,PAYROLL_MPS,Managed Payroll,Direct,awong,6888,0
D202247,C100058,2025-05-07,2025-05-26,Closed Won,PAYROLL_MPS,Managed Payroll,Partners,dinkster,4127,0
D202248,C102531,2024-09-30,2024-12-05,Closed Won,PAYROLL_MPS,Managed Payroll,Partners,dinkster,3057,0
D202249,C104105,2024-12-05,2025-02-04,Closed Won,ADD_ON_TKR,TKR Add-on,Direct,shao,819,0
D202250,C100538,2025-01-18,2025-01-27,Closed Won,PAYROLL_DIY,Payroll DIY,Direct,dinkster,688,0
D202251,C102541,2024-04-02,2024-04-22,Closed Won,PM,People Management,Direct,dinkster,1468,0
D202252,C101291,2025-03-09,,Open,PM,People Management,Partners,awong,1424,0
D202253,C103399,2024-03-30,2024-05-24,Closed Lost,ADD_ON_TKR,TKR Add-on,Direct,dt,112,0
D202254,C104806,2025-05-19,2025-07-28,Closed Won,PAYROLL_DIY,Payroll DIY,Direct,awong,3128,0
D202255,C104852,2024-07-02,2024-08-21,Closed Won,PM,People Management,Direct,awong,1572,0
D202256,C101245,2025-06-01,2025-06-07,Closed Won,PM,People Management,Partners,awong,666,0
D202257,C102737,2024-03-30,2024-04-01,Closed Won,PM,People Management,Direct,awong,973,0
D202258,C104578,2025-03-27,2025-04-13,Closed Won,ADD_ON_TKR,TKR Add-on,Direct,shao,1033,0
D202259,C100446,2024-06-28,2024-07-08,Closed Lost,PAYROLL_DIY,Payroll DIY,Direct,mkoenen,1259,0
D202260,C102602,2024-05-22,2024-05-26,Closed Won,ADD_ON_TKR,TKR Add-on,Direct,mkoenen,1063,0
D202261,C104348,2024-07-25,2024-09-14,Closed Won,PAYROLL_DIY,Payroll DIY,Partners,awong,340,0
D202262,C102493,2024-04-24,2024-07-16,Closed Lost,PAYROLL_MPS,Managed Payroll,Partners,dinkster,3703,0
D202263,C101888,2024-02-27,2024-03-01,Closed Won,PAYROLL_MPS,Managed Payroll,Direct,unassigned,6337,0
D202264,C102951,2025-06-09,,Open,PAYROLL_MPS,Managed Payroll,Partners,awong,2610,0
D202265,C104886,2024-10-09,2024-12-21,Closed Lost,PM,People Management,Direct,mkoenen,859,0
D202266,C101676,2025-06-27,2025-08-12,Closed Won,PM,People Management,Partners,dt,0,0
D202267,C104456,2024-10-31,,Open,PAYROLL_MPS,Managed Payroll,Partners,dt,712,0
D202268,C102293,2025-02-09,2025-04-20,Closed Won,PAYROLL_MPS,Managed Payroll,Partners,dt,3764,0
D202269,C104148,2024-08-19,2024-08-20,Closed Won,ADD_ON_TKR,TKR Add-on,Partners,awong,712,0
D202270,C101805,2024-04-22,,Open,ADD_ON_TKR,TKR Add-on,Direct,dinkster,575,0
D202271,C101974,2025-04-20,,Open,PM,People Management,Direct,awong,1357,0
D202272,C104475,2025-01-19,2025-02-12,Closed Won,PAYROLL_MPS,Managed Payroll,Partners,awong,5280,0
D202273,C104421,2024-03-26,2024-05-09,Closed Won,PAYROLL_DIY,Payroll DIY,Direct,shao,1941,0
D202274,C104843,2025-05-17,2025-08-08,Closed Won,ADD_ON_TKR,TKR Add-on,Partners,shao,148,0
D202275,C102546,2024-07-04,2024-08-12,Closed Won,PAYROLL_MPS,Managed Payroll,Partners,awong,635,0
D202276,C103836,2024-07-10,2024-09-28,Closed Won,ADD_ON_TKR,TKR Add-on,Direct,dt,1183,0
D202277,C103811,2024-01-06,,Open,PM,People Management,Direct,unassigned,1220,0
D202278,C104548,2024-04-24,2024-07-06,Closed Won,PAYROLL_MPS,Managed Payroll,Partners,dt,4368,0
D202279,C100092,2024-05-26,2024-06-25,Closed Lost,PAYROLL_DIY,Payroll DIY,Direct,dt,0,0
D202280,C100575,2024-04-28,2024-04-30,Closed Lost,ADD_ON_TKR,TKR Add-on,Partners,dinkster,864,0
D202281,C102067,2025-06-02,2025-07-09,Closed Won,PAYROLL_MPS,Managed Payroll,Direct,dinkster,2970,0
D202282,C102757,2024-12-29,2025-03-05,Closed Won,PAYROLL_MPS,Managed Payroll,Direct,dt,0,0
D202283,C104761,2024-11-30,2025-02-07,Closed Lost,PAYROLL_DIY,Payroll DIY,Partners,shao,1067,0
D202284,C103119,2024-08-16,2024-09-23,Closed Won,PAYROLL_MPS,Managed Payroll,Partners,mkoenen,5218,0
D202285,C101451,2024-02-23,2024-03-16,Closed Won,PAYROLL_MPS,Managed Payroll,Direct,shao,8715,0
D202286,C101151,2025-05-03,,Open,PM,People Management,Direct,shao,1030,0
D202287,C101355,2024-08-29,2024-09-30,Closed Lost,PAYROLL_DIY,Payroll DIY,Direct,dt,2308,0
D202288,C100195,2024-11-29,2024-12-11,Closed Lost,PM,People Management,Direct,unassigned,515,0
D202289,C104736,2024-02-17,2024-03-22,Closed Lost,PM,People Management,Partners,awong,1314,0
D202290,C100540,2024-07-25,,Open,PAYROLL_MPS,Managed Payroll,Partners,awong,3237,0
D202291,C102135,2025-03-24,2025-04-25,Closed Won,ADD_ON_TKR,TKR Add-on,Direct,shao,0,0
D202292,C101564,2024-10-24,2024-11-09,Closed Lost,PM,People Management,Direct,unassigned,204,0
D202293,C102062,2024-05-18,2024-08-11,Closed Won,PAYROLL_MPS,Managed Payroll,Partners,mkoenen,0,0
D202294,C104861,2024-01-01,2024-01-25,Closed Won,ADD_ON_TKR,TKR Add-on,Partners,dinkster,130,0
D202295,C103042,2024-01-19,2024-02-13,Closed Won,PAYROLL_MPS,Managed Payroll,Partners,unassigned,6384,0
D202296,C101889,2025-05-22,2025-06-04,Closed Won,PM,People Management,Partners,shao,1738,0
D202297,C101406,2025-02-05,2025-03-08,Closed Won,PAYROLL_DIY,Payroll DIY,Direct,shao,871,0
D202298,C102385,2024-07-23,2024-09-24,Closed Won,PAYROLL_MPS,Managed Payroll,Partners,shao,4211,0
D202299,C102288,2024-01-04,2024-04-01,Closed Lost,PAYROLL_MPS,Managed Payroll,Partners,dt,4845,0
D202300,C104910,2024-07-20,2024-10-08,Closed Won,PM,People Management,Partners,shao,960,0
D202301,C100664,2025-06-22,2025-09-13,Closed Won,PAYROLL_MPS,Managed Payroll,Partners,unassigned,7372,0
D202302,C103598,2024-08-12,2024-08-31,Closed Won,PAYROLL_DIY,Payroll DIY,Partners,unassigned,1378,0
D202303,C101460,2024-01-25,,Open,PM,People Management,Direct,shao,1593,0
D202304,C103738,2024-04-13,2024-05-01,Closed Lost,ADD_ON_TKR,TKR Add-on,Partners,shao,278,0
D202305,C100316,2024-02-09,,Open,PAYROLL_MPS,Managed Payroll,Direct,unassigned,2791,0
D202306,C100624,2025-04-30,2025-05-27,Closed Won,PM,People Management,Partners,shao,540,0
D202307,C103138,2025-06-22,2025-07-21,Closed Won,PM,People Management,Direct,awong,1185,0
D202308,C102458,2025-02-25,2025-02-26,Closed Won,PAYROLL_DIY,Payroll DIY,Partners,mkoenen,1873,0
D202309,C103265,2024-04-11,2024-06-03,Closed Won,PAYROLL_MPS,Managed Payroll,Direct,dt,640,0
D202310,C103139,2024-08-25,2024-10-19,Closed Lost,ADD_ON_TKR,TKR Add-on,Partners,mkoenen,847,0
D202311,C100151,2025-04-08,2025-04-10,Closed Won,PM,People Management,Direct,unassigned,1774,0
D202312,C104699,2024-02-22,2024-04-21,Closed Won,PM,People Management,Direct,dt_tmp,2056,0
D202313,C104757,2025-05-29,2025-08-06,Closed Lost,ADD_ON_TKR,TKR Add-on,Direct,dt,748,0
D202314,C100328,2024-06-24,2024-06-25,Closed Lost,PAYROLL_MPS,Managed Payroll,Direct,shao,3447,0
D202315,C103385,2024-11-29,2025-02-27,Closed Won,PM,People Management,Partners,mkoenen,747,0
D202316,C102447,2024-08-11,2024-10-18,Closed Won,PAYROLL_MPS,Managed Payroll,Direct,dt,3020,0
D202317,C103238,2024-03-20,2024-04-22,Closed Won,PM,People Management,Partners,mkoenen,553,0
D202318,C102145,2024-02-26,2024-05-24,Closed Lost,ADD_ON_TKR,TKR Add-on,Direct,unassigned,676,0
D202319,C103181,2024-12-01,,Open,ADD_ON_TKR,TKR Add-on,Partners,unassigned,824,0
D202320,C100636,2025-03-15,2025-03-21,Closed Won,ADD_ON_TKR,TKR Add-on,Direct,unassigned,959,0
D202321,C100380,2024-02-23,2024-02-25,Closed Won,PAYROLL_DIY,Payroll DIY,Direct,unassigned,1865,0
D202322,C102815,2024-11-23,2024-11-27,Closed Won,PM,People Management,Direct,shao,857,0
D202323,C100189,2024-06-22,2024-09-13,Closed Won,PAYROLL_DIY,Payroll DIY,Partners,awong,1047,0
D202324,C102697,2024-11-16,2025-01-05,Closed Won,PM,People Management,Partners,unassigned,932,0
D202325,C101447,2025-02-21,2025-05-11,Closed Won,ADD_ON_TKR,TKR Add-on,Partners,unassigned,1312,0
D202326,C100813,2024-10-20,2024-10-22,Closed Lost,ADD_ON_TKR,TKR Add-on,Direct,dinkster,418,0
D202327,C103709,2024-02-10,2024-04-25,Closed Lost,PAYROLL_DIY,Payroll DIY,Partners,dt,1797,0
D202328,C101827,2025-04-28,2025-06-01,Closed Won,PM,People Management,Direct,mkoenen,952,0
D202329,C103153,2025-06-29,,Open,ADD_ON_TKR,TKR Add-on,Partners,dt,541,0
D202330,C103773,2025-05-10,2025-05-15,Closed Lost,PM,People Management,Direct,unassigned,2018,0
D202331,C101738,2024-09-14,,Open,ADD_ON_TKR,TKR Add-on,Direct,shao,1081,0
D202332,C101663,2024-08-25,,Open,PAYROLL_DIY,Payroll DIY,Direct,dinkster,2366,0
D202333,C103422,2024-11-15,2024-12-01,Closed Lost,PAYROLL_DIY,Payroll DIY,Partners,shao,1631,0
D202334,C104518,2025-01-31,2025-03-21,Closed Won,PAYROLL_MPS,Managed Payroll,Direct,shao,5582,0
D202335,C102332,2025-03-24,2025-05-14,Closed Lost,ADD_ON_TKR,TKR Add-on,Partners,mkoenen,917,0
D202336,C100892,2024-12-07,,Open,PAYROLL_DIY,Payroll DIY,Partners,shao,1866,0
D202337,C101260,2024-09-15,,Open,ADD_ON_TKR,TKR Add-on,Direct,mkoenen,996,0
D202338,C100306,2024-02-10,,Open,ADD_ON_TKR,TKR Add-on,Partners,awong,833,0
D202339,C102701,2024-09-26,2024-10-20,Closed Won,ADD_ON_TKR,TKR Add-on,Direct,unassigned,931,0
D202340,C102620,2024-02-26,,Open,PAYROLL_MPS,Managed Payroll,Direct,dt,4682,0
D202341,C100250,2024-09-16,2024-12-15,Closed Lost,PAYROLL_DIY,Payroll DIY,Direct,unassigned,2090,0
D202342,C102447,2024-07-17,2024-08-04,Closed Won,ADD_ON_TKR,TKR Add-on,Direct,dinkster,664,0
D202343,C102751,2024-12-07,2025-02-09,Closed Won,PAYROLL_MPS,Managed Payroll,Direct,mkoenen,4966,0
D202344,C102424,2025-07-01,,Open,ADD_ON_TKR,TKR Add-on,Partners,unassigned,1205,0
D202345,C103344,2024-12-22,,Open,PAYROLL_MPS,Managed Payroll,Direct,awong,5658,0
D202346,C103258,2024-04-22,2024-06-12,Closed Won,ADD_ON_TKR,TKR Add-on,Partners,dt,777,0
D202347,C104394,2025-06-16,2025-07-21,Closed Won,PAYROLL_MPS,Managed Payroll,Direct,dt,5223,0
D202348,C102930,2024-10-23,,Open,PAYROLL_DIY,Payroll DIY,Partners,dinkster,1244,0
D202349,C100359,2025-01-31,2025-03-12,Closed Lost,PAYROLL_MPS,Managed Payroll,Partners,dt,6364,0
D202350,C104462,2024-11-07,,Open,PAYROLL_DIY,Payroll DIY,Partners,awong,1808,0
D202351,C100397,2024-12-19,2025-01-05,Closed Lost,PAYROLL_DIY,Payroll DIY,Direct,shao,1560,0
D202352,C100418,2025-06-29,,Open,PAYROLL_DIY,Payroll DIY,Partners,,1912,0
D202353,C103676,2024-03-03,2024-05-15,Closed Won,ADD_ON_TKR,TKR Add-on,Direct,dinkster,1064,0
D202354,C103677,2024-04-16,,Open,PAYROLL_MPS,Managed Payroll,Partners,shao,1991,0
D202355,C100142,2024-11-07,,Open,ADD_ON_TKR,TKR Add-on,Direct,mkoenen,1325,0
D202356,C100723,2024-11-29,2025-01-03,Closed Won,PM,People Management,Partners,awong,1004,0
D202357,C100766,2024-01-04,2024-02-05,Closed Won,ADD_ON_TKR,TKR Add-on,Partners,unassigned,885,0
D202358,C102743,2024-04-07,2024-06-28,Closed Lost,ADD_ON_TKR,TKR Add-on,Direct,mkoenen,906,0
D202359,C102444,2024-01-10,2024-01-13,Closed Won,PAYROLL_DIY,Payroll DIY,Direct,awong,1889,0
D202360,C101681,2024-11-13,2024-11-22,Closed Won,PM,People Management,Partners,dinkster,830,0
D202361,C104392,2025-03-11,2025-05-07,Closed Won,PM,People Management,Partners,dinkster,931,0
D202362,C103135,2024-09-04,2024-09-24,Closed Won,PAYROLL_DIY,Payroll DIY,Partners,dt,2110,0
D202363,C100013,2025-06-21,2025-06-26,Closed Won,PAYROLL_DIY,Payroll DIY,Partners,mkoenen,1304,0
D202364,C101340,2025-05-02,2025-06-01,Closed Lost,PAYROLL_MPS,Managed Payroll,Partners,mkoenen,8889,0
D202365,C102734,2024-01-30,2024-04-06,Closed Won,PAYROLL_MPS,Managed Payroll,Direct,shao,7141,0
D202366,C102499,2025-04-03,2025-06-05,Closed Lost,PAYROLL_MPS,Managed Payroll,Direct,shao,6670,0
D202367,C100710,2024-09-09,2024-10-19,Closed Won,PAYROLL_DIY,Payroll DIY,Partners,awong,849,0
D202368,C104820,2024-06-02,,Open,PM,People Management,Partners,awong,729,0
D202369,C103518,2024-04-07,2024-05-06,Closed Won,PAYROLL_DIY,Payroll DIY,Direct,dinkster,2269,0
D202370,C103624,2024-10-03,2024-10-10,Closed Won,PM,People Management,Partners,awong,978,0
D202371,C103236,2024-02-26,2024-04-05,Closed Won,PAYROLL_MPS,Managed Payroll,Direct,unassigned,7332,0
D202372,C100083,2024-12-31,,Open,PAYROLL_MPS,Managed Payroll,Direct,shao,1899,0
D202373,C104941,2024-08-17,2024-10-18,Closed Won,PAYROLL_MPS,Managed Payroll,Partners,unassigned,3777,0
D202374,C101443,2025-05-18,2025-06-01,Closed Lost,PAYROLL_MPS,Managed Payroll,Direct,mkoenen,5607,0
D202375,C103672,2024-10-20,2024-12-24,Closed Lost,PAYROLL_DIY,Payroll DIY,Partners,unassigned,773,0
D202376,C103752,2024-12-21,2025-01-02,Closed Won,PAYROLL_DIY,Payroll DIY,Partners,awong,2298,0
D202377,C102180,2025-06-17,2025-08-05,Closed Won,PAYROLL_MPS,Managed Payroll,Partners,mkoenen,4086,0
D202378,C104386,2025-03-05,,Open,PAYROLL_DIY,Payroll DIY,Direct,awong,2074,0
D202379,C102452,2025-04-20,,Open,PAYROLL_DIY,Payroll DIY,Direct,mkoenen,772,0
D202380,C101236,2024-09-02,2024-09-19,Closed Won,ADD_ON_TKR,TKR Add-on,Direct,mkoenen,545,0
D202381,C101127,2024-07-25,2024-08-23,Closed Won,PM,People Management,Direct,shao,1049,0
D202382,C101794,2024-12-28,,Open,PM,People Management,Direct,dinkster,1320,0
D202383,C100179,2025-02-12,2025-04-06,Closed Lost,PAYROLL_DIY,Payroll DIY,Partners,dt,1549,0
D202384,C101729,2025-05-30,2025-08-06,Closed Won,PAYROLL_MPS,Managed Payroll,Direct,shao,5154,0
D202385,C100354,2024-06-13,,Open,PAYROLL_MPS,Managed Payroll,Direct,dinkster,4551,0
D202386,C104828,2024-04-06,,Open,ADD_ON_TKR,TKR Add-on,Direct,dinkster,555,0
D202387,C100564,2024-11-19,2024-12-18,Closed Won,PAYROLL_MPS,Managed Payroll,Partners,mkoenen,3761,0
D202388,C102309,2024-08-22,2024-09-29,Closed Won,PAYROLL_MPS,Managed Payroll,Partners,mkoenen,5639,0
D202389,C102695,2024-12-24,2025-03-17,Closed Won,PAYROLL_DIY,Payroll DIY,Partners,awong,304,0
D202390,C103504,2025-03-03,2025-03-13,Closed Won,ADD_ON_TKR,TKR Add-on,Direct,unassigned,1449,1
D202391,C102395,2024-01-30,2024-04-16,Closed Won,ADD_ON_TKR,TKR Add-on,Direct,mkoenen,1246,0
D202392,C104789,2024-11-08,2024-12-26,Closed Won,PAYROLL_MPS,Managed Payroll,Direct,mkoenen,2121,0
D202393,C104530,2025-03-09,2025-04-17,Closed Lost,PAYROLL_MPS,Managed Payroll,Direct,unassigned,5885,0
D202394,C103819,2024-12-28,,Open,ADD_ON_TKR,TKR Add-on,Direct,dt,410,0
D202395,C101073,2025-06-26,2025-08-20,Closed Won,PAYROLL_DIY,Payroll DIY,Direct,unassigned,2252,0
D202396,C103298,2024-08-08,2024-08-20,Closed Lost,ADD_ON_TKR,TKR Add-on,Partners,dt,991,0
D202397,C103140,2025-01-10,2025-03-04,Closed Lost,PM,People Management,Partners,awong,609,0
D202398,C101859,2024-09-29,2024-11-24,Closed Won,PAYROLL_DIY,Payroll DIY,Partners,unassigned,2058,0
D202399,C102288,2024-02-29,2024-03-20,Closed Won,PAYROLL_DIY,Payroll DIY,Direct,dt,1059,0
D202400,C103438,2025-05-06,2025-07-04,Closed Won,PAYROLL_MPS,Managed Payroll,Direct,shao,9243,0
D202401,C101428,2024-11-07,2025-01-21,Closed Won,PAYROLL_DIY,Payroll DIY,Direct,awong,654,0
D202402,C100987,2025-01-14,,Open,PAYROLL_DIY,Payroll DIY,Partners,unassigned,2324,0
D202403,C104808,2024-09-18,2024-10-26,Closed Lost,PAYROLL_DIY,Payroll DIY,Partners,dinkster,1849,0
D202404,C103535,2025-02-06,2025-02-28,Closed Won,PM,People Management,Direct,awong,342,0
D202405,C101493,2024-06-02,2024-06-19,Closed Won,PAYROLL_DIY,Payroll DIY,Direct,mkoenen,2050,0
D202406,C102505,2024-04-28,2024-05-16,Closed Won,PAYROLL_DIY,Payroll DIY,Direct,dt_tmp,0,0
D202407,C104501,2025-04-23,,Open,PAYROLL_MPS,Managed Payroll,Direct,mkoenen,1756,0
D202408,C103871,2024-01-29,,Open,PAYROLL_DIY,Payroll DIY,Partners,dt,2794,0
D202409,C103191,2024-12-17,2025-02-06,Closed Won,PM,People Management,Direct,unassigned,1010,0
D202410,C100833,2024-08-18,2024-10-10,Closed Won,PAYROLL_MPS,Managed Payroll,Direct,shao,6180,0
D202411,C100171,2025-01-07,2025-03-22,Closed Won,ADD_ON_TKR,TKR Add-on,Direct,dt,893,0
D202412,C102179,2025-02-10,2025-05-08,Closed Won,PAYROLL_MPS,Managed Payroll,Partners,unassigned,4040,0
D202413,C102335,2024-04-25,2024-06-24,Closed Lost,PM,People Management,Partners,mkoenen,425,0
D202414,C100717,2024-08-15,2024-09-15,Closed Won,PAYROLL_MPS,Managed Payroll,Partners,awong,5623,0
D202415,C100838,2025-02-05,2025-04-11,Closed Won,PAYROLL_DIY,Payroll DIY,Partners,shao,964,0
D202416,C100937,2024-08-17,,Open,PAYROLL_MPS,Managed Payroll,Direct,,2100,0
D202417,C104923,2024-03-25,2024-04-26,Closed Lost,PAYROLL_DIY,Payroll DIY,Partners,shao,1740,0
D202418,C100503,2024-12-24,2025-01-23,Closed Won,PAYROLL_DIY,Payroll DIY,Direct,dt,2511,0
D202419,C103191,2024-12-09,2025-03-09,Closed Lost,PAYROLL_MPS,Managed Payroll,Partners,awong,2409,0
D202420,C104759,2024-07-10,2024-08-13,Closed Won,PAYROLL_MPS,Managed Payroll,Partners,dinkster,3763,0
D202421,C104699,2024-06-30,2024-07-18,Closed Lost,PAYROLL_DIY,Payroll DIY,Partners,mkoenen,909,0
D202422,C101541,2024-06-21,2024-08-04,Closed Won,PAYROLL_DIY,Payroll DIY,Partners,shao,2577,0
D202423,C102818,2024-03-19,2024-03-27,Closed Won,PAYROLL_DIY,Payroll DIY,Partners,awong,2480,0
D202424,C101636,2024-12-14,2025-02-19,Closed Won,PM,People Management,Partners,shao,2245,0
D202425,C101829,2025-03-17,2025-05-04,Closed Won,PAYROLL_MPS,Managed Payroll,Partners,mkoenen,1754,0
D202426,C104712,2024-06-09,2024-09-07,Closed Lost,PM,People Management,Partners,unassigned,0,0
D202427,C100569,2025-03-24,2025-04-04,Closed Won,PAYROLL_MPS,Managed Payroll,Partners,awong,3167,0
D202428,C103891,2024-07-04,,Open,PAYROLL_DIY,Payroll DIY,Direct,shao,2008,0
D202429,C100108,2024-07-30,,Open,PAYROLL_DIY,Payroll DIY,Direct,dinkster,887,0
D202430,C102090,2024-03-09,,Open,PAYROLL_MPS,Managed Payroll,Direct,unassigned,2940,0
D202431,C101887,2025-04-18,2025-06-27,Closed Won,ADD_ON_TKR,TKR Add-on,Direct,dt,638,0
D202432,C102479,2024-05-24,,Open,ADD_ON_TKR,TKR Add-on,Partners,dt,1457,0
D202433,C103759,2025-03-13,2025-05-11,Closed Won,ADD_ON_TKR,TKR Add-on,Direct,dt,828,0
D202434,C104808,2024-03-08,2024-05-15,Closed Won,PM,People Management,Partners,awong,358,0
D202435,C100994,2025-01-02,2025-01-24,Closed Won,PAYROLL_MPS,Managed Payroll,Direct,dinkster,4945,0
D202436,C102714,2024-03-06,2024-05-13,Closed Won,PAYROLL_MPS,Managed Payroll,Direct,mkoenen_tmp,1917,0
D202437,C104877,2025-03-19,2025-05-09,Closed Won,PAYROLL_DIY,Payroll DIY,Partners,unassigned,1655,0
D202438,C102708,2024-08-29,,Open,PAYROLL_DIY,Payroll DIY,Partners,mkoenen,2498,0
D202439,C100917,2024-01-12,,Open,PAYROLL_DIY,Payroll DIY,Partners,shao,2538,0
D202440,C102092,2024-10-18,2024-11-13,Closed Won,PAYROLL_DIY,Payroll DIY,Partners,dt,2984,0
D202441,C100941,2024-01-20,2024-04-10,Closed Won,PM,People Management,Partners,dinkster,377,0
D202442,C100204,2025-01-24,2025-03-20,Closed Lost,PAYROLL_DIY,Payroll DIY,Direct,awong,0,0
D202443,C102622,2024-06-14,2024-08-06,Closed Won,ADD_ON_TKR,TKR Add-on,Direct,dt,683,0
D202444,C103994,2024-07-22,2024-07-26,Closed Lost,ADD_ON_TKR,TKR Add-on,Partners,shao,578,0
D202445,C104935,2025-01-04,,Open,PAYROLL_DIY,Payroll DIY,Direct,shao,1603,0
D202446,C103053,2024-10-01,2024-11-02,Closed Won,PAYROLL_MPS,Managed Payroll,Partners,mkoenen,6279,0
D202447,C104069,2025-04-29,2025-05-20,Closed Won,PAYROLL_DIY,Payroll DIY,Partners,shao,2672,0
D202448,C102236,2024-05-25,2024-06-09,Closed Won,ADD_ON_TKR,TKR Add-on,Partners,dinkster,622,0
D202449,C100151,2024-07-27,,Open,ADD_ON_TKR,TKR Add-on,Partners,dt,1016,0
D202450,C102508,2024-01-01,2024-03-08,Closed Won,PM,People Management,Direct,dinkster,852,0
D202451,C100803,2025-05-16,2025-08-08,Closed Won,PAYROLL_MPS,Managed Payroll,Direct,,5121,0
D202452,C102797,2025-04-03,,Open,PAYROLL_MPS,Managed Payroll,Direct,dt,4114,0
D202453,C100885,2024-09-06,,Open,ADD_ON_TKR,TKR Add-on,Partners,awong,641,0
D202454,C102959,2024-03-18,2024-04-27,Closed Won,PAYROLL_DIY,Payroll DIY,Partners,unassigned,1398,0
D202455,C103768,2024-10-27,2024-11-25,Closed Won,PAYROLL_MPS,Managed Payroll,Direct,dt,5421,0
D202456,C103460,2025-02-21,,Open,PAYROLL_DIY,Payroll DIY,Direct,shao,1744,0
D202457,C100865,2024-04-30,,Open,PAYROLL_MPS,Managed Payroll,Direct,shao,3282,0
D202458,C100703,2024-01-19,2024-04-11,Closed Won,PAYROLL_DIY,Payroll DIY,Partners,mkoenen,1544,0
D202459,C101777,2024-02-06,2024-04-05,Closed Lost,ADD_ON_TKR,TKR Add-on,Partners,dt,862,0
D202460,C103157,2024-10-07,2024-10-27,Closed Won,PM,People Management,Partners,mkoenen,1435,0
D202461,C100056,2024-10-05,2024-11-23,Closed Won,ADD_ON_TKR,TKR Add-on,Direct,shao,576,0
D202462,C100990,2024-05-08,2024-07-28,Closed Lost,PAYROLL_DIY,Payroll DIY,Partners,awong,2342,0
D202463,C104117,2024-04-14,2024-07-08,Closed Won,PM,People Management,Direct,dinkster,1615,0
D202464,C100304,2024-09-23,,Open,PAYROLL_MPS,Managed Payroll,Partners,shao,3115,0
D202465,C102631,2024-12-25,2025-02-18,Closed Lost,PAYROLL_MPS,Managed Payroll,Direct,shao,5393,0
D202466,C103314,2025-01-31,2025-04-20,Closed Won,ADD_ON_TKR,TKR Add-on,Partners,,1301,0
D202467,C100804,2025-01-12,2025-01-25,Closed Won,PM,People Management,Partners,awong,772,0
D202468,C100063,2024-09-13,2024-10-31,Closed Won,PM,People Management,Partners,dt,1153,0
D202469,C103509,2024-03-09,2024-04-16,Closed Won,PAYROLL_DIY,Payroll DIY,Direct,awong,0,0
D202470,C100733,2024-12-31,2025-02-25,Closed Won,PAYROLL_MPS,Managed Payroll,Partners,shao,5080,0
D202471,C101425,2024-07-10,2024-07-28,Closed Won,PM,People Management,Direct,unassigned,1406,0
D202472,C102365,2024-04-23,2024-05-24,Closed Lost,ADD_ON_TKR,TKR Add-on,Direct,shao,870,0
D202473,C100562,2025-05-28,2025-06-30,Closed Won,ADD_ON_TKR,TKR Add-on,Partners,shao,1260,0
D202474,C102611,2024-09-09,,Open,PM,People Management,Partners,awong,1038,0
D202475,C104039,2024-05-10,,Open,PAYROLL_MPS,Managed Payroll,Direct,dt,6321,0
D202476,C102155,2024-05-01,,Open,PM,People Management,Partners,unassigned,1344,0
D202477,C101573,2024-09-11,,Open,PM,People Management,Partners,dt,1073,0
D202478,C104335,2024-01-02,,Open,PAYROLL_MPS,Managed Payroll,Partners,dt,6044,0
D202479,C104940,2025-02-02,2025-04-05,Closed Won,PAYROLL_DIY,Payroll DIY,Partners,mkoenen,1833,0
D202480,C103247,2024-08-29,,Open,PAYROLL_DIY,Payroll DIY,Partners,awong,1720,0
D202481,C104017,2024-02-24,2024-03-31,Closed Won,PAYROLL_MPS,Managed Payroll,Partners,awong,4685,0
D202482,C100290,2024-06-07,,Open,PAYROLL_DIY,Payroll DIY,Direct,dinkster,543,0
D202483,C102356,2025-02-02,2025-03-21,Closed Won,PAYROLL_MPS,Managed Payroll,Partners,unassigned,3838,0
D202484,C101616,2024-11-13,2025-01-06,Closed Lost,ADD_ON_TKR,TKR Add-on,Direct,dinkster,1558,0
D202485,C102756,2024-10-29,2024-11-22,Closed Won,PAYROLL_MPS,Managed Payroll,Direct,awong,3266,0
D202486,C100609,2024-02-17,2024-03-04,Closed Lost,PAYROLL_DIY,Payroll DIY,Direct,dt,1458,0
D202487,C103654,2025-05-26,,Open,PAYROLL_DIY,Payroll DIY,Partners,dt,0,0
D202488,C103158,2025-03-16,2025-05-20,Closed Won,PM,People Management,Direct,shao,1935,0
D202489,C104017,2024-05-23,,Open,PAYROLL_DIY,Payroll DIY,Direct,dinkster,2028,0
D202490,C103085,2025-06-13,2025-07-17,Closed Lost,ADD_ON_TKR,TKR Add-on,Direct,dt,687,0
D202491,C104237,2024-01-13,2024-02-26,Closed Won,PAYROLL_MPS,Managed Payroll,Partners,dt,5534,0
D202492,C101840,2024-02-06,2024-02-21,Closed Won,PAYROLL_MPS,Managed Payroll,Partners,unassigned,938,0
D202493,C102983,2025-01-07,2025-02-21,Closed Won,PAYROLL_DIY,Payroll DIY,Direct,unassigned,2833,0
D202494,C102464,2024-06-12,2024-08-05,Closed Won,PAYROLL_MPS,Managed Payroll,Partners,dinkster,4212,0
D202495,C100130,2025-05-28,2025-08-17,Closed Won,PAYROLL_MPS,Managed Payroll,Partners,dinkster,4034,0
D202496,C104309,2025-01-02,,Open,PM,People Management,Direct,dinkster,1342,0
D202497,C100054,2025-01-06,,Open,ADD_ON_TKR,TKR Add-on,Direct,dinkster,1222,0
D202498,C102108,2024-07-15,,Open,PAYROLL_DIY,Payroll DIY,Direct,awong,1996,0
D202499,C100591,2024-05-15,2024-07-03,Closed Won,PAYROLL_DIY,Payroll DIY,Partners,mkoenen,1838,0
D202500,C104456,2025-04-28,2025-05-13,Closed Won,PAYROLL_DIY,Payroll DIY,Direct,unassigned,2272,0
D202501,C101216,2024-03-20,,Open,PM,People Management,Direct,unassigned,1814,0
D202502,C104614,2024-03-29,2024-05-30,Closed Won,PAYROLL_DIY,Payroll DIY,Partners,awong,1468,0
D202503,C104909,2024-03-18,2024-05-07,Closed Lost,PAYROLL_MPS,Managed Payroll,Direct,mkoenen,6888,0
D202504,C102819,2024-01-04,2024-02-04,Closed Lost,PAYROLL_MPS,Managed Payroll,Direct,awong,8151,0
D202505,C101392,2025-01-03,2025-03-08,Closed Lost,PAYROLL_DIY,Payroll DIY,Partners,dt,2308,0
D202506,C103193,2024-08-02,,Open,PM,People Management,Partners,dinkster,1661,0
D202507,C100576,2025-01-16,2025-02-07,Closed Won,PAYROLL_DIY,Payroll DIY,Direct,dinkster,862,0
D202508,C103486,2025-06-23,2025-06-28,Closed Won,PAYROLL_MPS,Managed Payroll,Direct,shao,6965,0
D202509,C102166,2024-10-20,2024-10-23,Closed Won,PAYROLL_MPS,Managed Payroll,Direct,mkoenen,5533,0
D202510,C101757,2024-06-11,2024-06-18,Closed Won,ADD_ON_TKR,TKR Add-on,Direct,awong,633,0
D202511,C102812,2024-10-07,,Open,PM,People Management,Direct,mkoenen,2640,0
D202512,C103329,2024-12-12,2025-01-15,Closed Lost,ADD_ON_TKR,TKR Add-on,Partners,dinkster,1130,0
D202513,C102893,2024-12-09,2024-12-21,Closed Lost,ADD_ON_TKR,TKR Add-on,Direct,dt,236,0
D202514,C100931,2025-05-06,,Open,PM,People Management,Partners,shao,828,0
D202515,C102326,2024-12-04,2024-12-17,Closed Won,ADD_ON_TKR,TKR Add-on,Partners,awong,312,0
D202516,C102731,2024-10-01,,Open,PAYROLL_DIY,Payroll DIY,Partners,unassigned,2247,0
D202517,C100155,2025-04-22,,Open,ADD_ON_TKR,TKR Add-on,Direct,unassigned,243,0
D202518,C104439,2025-03-12,2025-05-25,Closed Won,PAYROLL_DIY,Payroll DIY,Direct,awong,3525,0
D202519,C102731,2025-04-03,,Open,PAYROLL_DIY,Payroll DIY,Partners,mkoenen,2040,0
D202520,C104712,2025-06-22,,Open,ADD_ON_TKR,TKR Add-on,Partners,dt,576,0
D202521,C103011,2024-05-29,2024-07-15,Closed Lost,ADD_ON_TKR,TKR Add-on,Partners,awong,913,0
D202522,C100683,2025-01-11,,Open,ADD_ON_TKR,TKR Add-on,Partners,awong,1129,0
D202523,C104383,2025-05-16,2025-07-21,Closed Won,PAYROLL_DIY,Payroll DIY,Partners,awong,2277,0
D202524,C100820,2025-01-24,2025-03-03,Closed Lost,PAYROLL_DIY,Payroll DIY,Direct,shao,2244,0
D202525,C104589,2024-07-20,2024-10-14,Closed Lost,ADD_ON_TKR,TKR Add-on,Partners,mkoenen,1418,0
D202526,C102893,2025-04-20,2025-05-04,Closed Won,ADD_ON_TKR,TKR Add-on,Partners,dinkster,707,0
D202527,C103646,2025-07-02,2025-07-27,Closed Lost,PAYROLL_DIY,Payroll DIY,Direct,dt,0,0
D202528,C100420,2024-10-08,2024-11-28,Closed Won,PAYROLL_MPS,Managed Payroll,Partners,shao,6338,0
D202529,C103622,2025-03-12,2025-03-13,Closed Won,PM,People Management,Direct,shao,2047,0
D202530,C103251,2025-04-19,2025-05-25,Closed Won,PAYROLL_DIY,Payroll DIY,Partners,dt,1847,0
D202531,C100497,2025-06-02,,Open,PAYROLL_MPS,Managed Payroll,Direct,unassigned,6053,0
D202532,C103621,2024-02-22,2024-05-07,Closed Won,ADD_ON_TKR,TKR Add-on,Partners,shao,672,0
D202533,C101738,2025-04-07,2025-06-13,Closed Lost,PAYROLL_DIY,Payroll DIY,Direct,dinkster,0,0
D202534,C104347,2024-06-21,,Open,ADD_ON_TKR,TKR Add-on,Partners,awong,694,0
D202535,C102458,2024-06-26,,Open,PM,People Management,Direct,awong,1261,0
D202536,C101168,2024-04-06,2024-05-04,Closed Won,ADD_ON_TKR,TKR Add-on,Partners,unassigned,1049,0
D202537,C102158,2024-05-30,2024-08-14,Closed Won,PAYROLL_MPS,Managed Payroll,Direct,unassigned,4496,0
D202538,C101540,2024-01-31,,Open,PAYROLL_DIY,Payroll DIY,Partners,dt,3334,0
D202539,C100204,2024-05-15,,Open,PM,People Management,Partners,dt,254,0
D202540,C104147,2024-11-02,2024-12-29,Closed Won,PM,People Management,Direct,shao,0,0
D202541,C102282,2025-04-17,2025-07-16,Closed Won,ADD_ON_TKR,TKR Add-on,Partners,shao,1569,0
D202542,C100437,2025-02-21,2025-03-04,Closed Won,PAYROLL_MPS,Managed Payroll,Partners,dinkster,2321,0
D202543,C100939,2024-04-17,2024-06-09,Closed Won,PAYROLL_DIY,Payroll DIY,Partners,mkoenen,369,0
D202544,C101335,2025-02-22,2025-03-06,Closed Lost,ADD_ON_TKR,TKR Add-on,Partners,mkoenen,1051,0
D202545,C100284,2024-05-13,2024-06-10,Closed Won,PAYROLL_MPS,Managed Payroll,Partners,unassigned,4603,0
D202546,C103199,2024-10-19,2025-01-01,Closed Won,ADD_ON_TKR,TKR Add-on,Direct,unassigned,545,0
D202547,C101709,2024-03-10,2024-05-21,Closed Won,ADD_ON_TKR,TKR Add-on,Direct,mkoenen,2281,0
D202548,C102359,2024-12-28,2025-03-12,Closed Won,PAYROLL_DIY,Payroll DIY,Partners,unassigned,2554,0
D202549,C100202,2025-04-19,2025-04-29,Closed Lost,PAYROLL_MPS,Managed Payroll,Partners,unassigned,6565,0
D202550,C104051,2024-02-28,2024-03-28,Closed Won,PM,People Management,Direct,mkoenen,1152,0
D202551,C104660,2024-05-16,2024-06-02,Closed Won,PM,People Management,Partners,awong,870,0
D202552,C104680,2025-01-03,,Open,PM,People Management,Direct,dinkster,1663,0
D202553,C103344,2025-02-08,2025-04-11,Closed Won,PAYROLL_DIY,Payroll DIY,Direct,awong,581,0
D202554,C104047,2024-12-31,2025-03-20,Closed Lost,ADD_ON_TKR,TKR Add-on,Partners,dt,396,0
D202555,C103089,2025-02-10,,Open,PM,People Management,Direct,shao,1353,0
D202556,C102280,2024-01-13,2024-02-21,Closed Won,PAYROLL_MPS,Managed Payroll,Direct,awong,4137,0
D202557,C102350,2024-05-16,2024-07-07,Closed Won,PAYROLL_DIY,Payroll DIY,Direct,awong,1200,0
D202558,C102739,2025-05-29,2025-08-17,Closed Won,PAYROLL_MPS,Managed Payroll,Partners,dinkster,2582,0
D202559,C103381,2024-12-27,2025-02-24,Closed Won,PAYROLL_DIY,Payroll DIY,Direct,dinkster,1411,0
D202560,C104079,2025-01-01,2025-03-18,Closed Won,PM,People Management,Direct,unassigned,623,0
D202561,C102254,2024-02-08,2024-05-08,Closed Won,PM,People Management,Direct,unassigned,2360,0
D202562,C100021,2024-07-14,,Open,PAYROLL_DIY,Payroll DIY,Direct,unassigned,2515,0
D202563,C103017,2024-06-26,,Open,PAYROLL_DIY,Payroll DIY,Partners,awong,1348,0
D202564,C100377,2024-04-30,2024-05-14,Closed Won,ADD_ON_TKR,TKR Add-on,Direct,shao,804,0
D202565,C102350,2024-09-30,,Open,PAYROLL_DIY,Payroll DIY,Partners,dt,3184,0
D202566,C104468,2024-05-03,,Open,PAYROLL_DIY,Payroll DIY,Partners,mkoenen,1472,0
D202567,C101000,2025-01-18,2025-02-20,Closed Won,PM,People Management,Direct,shao,1406,0
D202568,C101628,2024-04-19,2024-05-15,Closed Won,PAYROLL_DIY,Payroll DIY,Direct,dinkster,778,0
D202569,C103089,2024-07-01,2024-07-31,Closed Won,PM,People Management,Partners,awong_tmp,1829,0
D202570,C101074,2024-01-10,2024-03-21,Closed Won,PM,People Management,Partners,dinkster,736,0
D202571,C101655,2024-07-12,2024-08-09,Closed Won,PAYROLL_MPS,Managed Payroll,Partners,dt,2695,0
D202572,C103672,2024-12-24,2025-03-03,Closed Won,PAYROLL_MPS,Managed Payroll,Partners,dinkster,1516,0
D202573,C100722,2024-05-24,2024-08-20,Closed Won,PM,People Management,Partners,,1169,0
D202574,C104885,2024-03-04,2024-03-21,Closed Won,PM,People Management,Partners,mkoenen,620,0
D202575,C103312,2024-07-01,2024-08-21,Closed Lost,PAYROLL_MPS,Managed Payroll,Direct,dt,5216,0
D202576,C100650,2024-07-04,2024-07-30,Closed Won,PM,People Management,Direct,dt,2607,0
D202577,C104363,2025-06-07,2025-07-22,Closed Won,ADD_ON_TKR,TKR Add-on,Partners,unassigned,108,0
D202578,C103806,2024-10-15,2024-12-14,Closed Won,PAYROLL_DIY,Payroll DIY,Partners,dinkster,1229,0
D202579,C101271,2024-10-01,,Open,PM,People Management,Direct,shao,1822,0
D202580,C101763,2024-09-10,2024-10-09,Closed Lost,ADD_ON_TKR,TKR Add-on,Direct,mkoenen,1006,0
D202581,C101124,2024-10-29,2025-01-27,Closed Won,ADD_ON_TKR,TKR Add-on,Partners,dinkster,1388,0
D202582,C101573,2024-05-04,2024-07-13,Closed Lost,ADD_ON_TKR,TKR Add-on,Partners,dinkster,1177,0
D202583,C101446,2025-02-26,2025-04-04,Closed Won,PAYROLL_MPS,Managed Payroll,Partners,mkoenen,385,0
D202584,C104811,2024-09-26,2024-10-26,Closed Won,ADD_ON_TKR,TKR Add-on,Partners,dinkster,622,0
D202585,C100952,2024-09-18,2024-12-17,Closed Won,PAYROLL_DIY,Payroll DIY,Direct,shao,1585,0
D202586,C104194,2024-05-16,2024-07-22,Closed Lost,PM,People Management,Partners,unassigned,2005,0
D202587,C102670,2024-04-03,,Open,PM,People Management,Direct,shao,1930,0
D202588,C102525,2025-03-30,,Open,ADD_ON_TKR,TKR Add-on,Direct,mkoenen,939,0
D202589,C101343,2024-07-16,,Open,PAYROLL_DIY,Payroll DIY,Direct,dinkster,3326,0
D202590,C101124,2024-01-08,,Open,PAYROLL_MPS,Managed Payroll,Partners,dt,4574,0
D202591,C102711,2024-03-25,2024-06-21,Closed Lost,ADD_ON_TKR,TKR Add-on,Direct,unassigned,250,0
D202592,C104639,2025-04-22,2025-06-08,Closed Won,PAYROLL_DIY,Payroll DIY,Partners,dinkster,2339,0
D202593,C104516,2024-10-17,2024-11-27,Closed Won,PM,People Management,Partners,shao,1735,0
D202594,C103704,2024-07-01,,Open,PAYROLL_DIY,Payroll DIY,Direct,dt,1425,0
D202595,C101930,2025-04-11,2025-07-01,Closed Won,ADD_ON_TKR,TKR Add-on,Direct,shao_tmp,429,0
D202596,C102898,2024-12-30,,Open,ADD_ON_TKR,TKR Add-on,Partners,shao,680,0
D202597,C102850,2025-03-09,2025-05-09,Closed Lost,PM,People Management,Partners,shao,956,0
D202598,C101741,2025-02-27,2025-05-05,Closed Won,ADD_ON_TKR,TKR Add-on,Direct,shao,1083,0
D202599,C100162,2024-12-07,2024-12-16,Closed Won,ADD_ON_TKR,TKR Add-on,Partners,dt,266,0
D202600,C103654,2024-06-09,2024-08-02,Closed Won,PAYROLL_DIY,Payroll DIY,Direct,shao,1942,0
D202601,C103694,2024-01-29,,Open,PM,People Management,Direct,mkoenen,1,0
D202602,C103644,2024-09-21,2024-09-24,Closed Won,ADD_ON_TKR,TKR Add-on,Direct,mkoenen,764,0
D202603,C101422,2024-11-24,2024-12-31,Closed Won,ADD_ON_TKR,TKR Add-on,Direct,awong,1518,0
D202604,C100246,2024-05-20,,Open,PAYROLL_MPS,Managed Payroll,Direct,awong,4267,0
D202605,C101870,2024-12-25,2025-01-04,Closed Won,ADD_ON_TKR,TKR Add-on,Partners,unassigned,898,0
D202606,C101680,2024-09-26,2024-10-04,Closed Won,ADD_ON_TKR,TKR Add-on,Direct,unassigned,1386,0
D202607,C103138,2025-04-23,2025-07-04,Closed Won,PAYROLL_DIY,Payroll DIY,Partners,awong,2472,0
D202608,C100229,2024-12-29,2025-03-09,Closed Won,PAYROLL_MPS,Managed Payroll,Direct,dt,3893,0
D202609,C100166,2024-10-06,2024-12-12,Closed Won,PAYROLL_MPS,Managed Payroll,Partners,shao,3300,0
D202610,C102935,2024-06-09,2024-09-01,Closed Won,PAYROLL_DIY,Payroll DIY,Direct,shao,3011,0
D202611,C101091,2025-01-28,2025-04-28,Closed Won,PAYROLL_MPS,Managed Payroll,Partners,unassigned,1494,0
D202612,C103358,2025-05-27,2025-07-19,Closed Won,PAYROLL_DIY,Payroll DIY,Partners,dt,57,0
D202613,C100660,2025-01-18,2025-04-14,Closed Won,ADD_ON_TKR,TKR Add-on,Partners,dt,747,0
D202614,C104979,2024-09-18,2024-09-19,Closed Lost,ADD_ON_TKR,TKR Add-on,Partners,dinkster,758,0
D202615,C101381,2024-08-27,2024-10-27,Closed Won,PAYROLL_DIY,Payroll DIY,Partners,unassigned,3008,0
D202616,C101224,2025-03-08,2025-03-18,Closed Won,PAYROLL_DIY,Payroll DIY,Direct,mkoenen,2781,0
D202617,C104421,2024-04-09,2024-05-08,Closed Lost,ADD_ON_TKR,TKR Add-on,Direct,awong,0,0
D202618,C102192,2024-10-10,2024-11-12,Closed Lost,PM,People Management,Partners,shao,1607,0
D202619,C100526,2024-12-05,2024-12-17,Closed Won,PAYROLL_DIY,Payroll DIY,Partners,dinkster,2485,0
D202620,C101087,2024-03-13,2024-04-28,Closed Won,PAYROLL_DIY,Payroll DIY,Partners,mkoenen,1815,0
D202621,C103862,2025-03-07,2025-03-21,Closed Won,PM,People Management,Direct,mkoenen,1200,0
D202622,C103519,2024-07-13,2024-08-18,Closed Won,PAYROLL_MPS,Managed Payroll,Partners,dinkster,8868,0
D202623,C100590,2024-02-11,2024-04-12,Closed Won,ADD_ON_TKR,TKR Add-on,Direct,awong,1057,0
D202624,C103724,2024-11-22,,Open,PAYROLL_MPS,Managed Payroll,Direct,dinkster,3539,0
D202625,C102245,2024-02-10,2024-04-14,Closed Lost,PM,People Management,Partners,mkoenen,679,0
D202626,C104274,2025-07-03,,Open,PAYROLL_DIY,Payroll DIY,Direct,awong,2638,0
D202627,C102655,2025-01-07,,Open,ADD_ON_TKR,TKR Add-on,Direct,dinkster,913,0
D202628,C104859,2025-02-20,2025-03-24,Closed Won,PAYROLL_MPS,Managed Payroll,Partners,dinkster,8062,0
D202629,C101758,2025-05-22,,Open,PAYROLL_MPS,Managed Payroll,Direct,dinkster,1376,0
D202630,C103570,2024-07-03,2024-09-28,Closed Lost,ADD_ON_TKR,TKR Add-on,Direct,mkoenen,671,0
D202631,C104441,2024-11-28,2025-01-05,Closed Lost,PM,People Management,Partners,awong,1118,0
D202632,C104146,2025-06-23,2025-08-27,Closed Lost,PAYROLL_MPS,Managed Payroll,Direct,awong,4782,0
D202633,C102435,2024-05-09,2024-07-26,Closed Won,PM,People Management,Direct,dinkster,799,0
D202634,C100115,2024-10-17,2024-11-08,Closed Won,PM,People Management,Direct,dinkster,0,0
D202635,C103166,2024-10-21,,Open,ADD_ON_TKR,TKR Add-on,Direct,awong,0,0
D202636,C103610,2024-09-29,,Open,PAYROLL_DIY,Payroll DIY,Direct,unassigned,2432,0
D202637,C104101,2024-01-27,2024-04-05,Closed Lost,PM,People Management,Partners,dt,771,0
D202638,C100792,2025-05-24,2025-07-28,Closed Won,PAYROLL_DIY,Payroll DIY,Partners,shao,1147,0
D202639,C103784,2024-05-29,2024-08-14,Closed Won,ADD_ON_TKR,TKR Add-on,Partners,mkoenen,841,0
D202640,C103574,2024-03-04,2024-04-15,Closed Won,PAYROLL_DIY,Payroll DIY,Direct,dt,1865,0
D202641,C103577,2025-05-23,,Open,PAYROLL_MPS,Managed Payroll,Direct,shao,1455,0
D202642,C103324,2024-04-04,2024-06-09,Closed Won,ADD_ON_TKR,TKR Add-on,Partners,awong,837,0
D202643,C100554,2025-03-23,2025-06-15,Closed Won,PM,People Management,Partners,mkoenen,2127,0
D202644,C103342,2024-08-01,2024-08-13,Closed Won,PAYROLL_MPS,Managed Payroll,Direct,awong,4306,0
D202645,C104645,2024-04-27,2024-05-29,Closed Lost,PAYROLL_MPS,Managed Payroll,Direct,dinkster,6264,0
D202646,C103112,2024-06-18,,Open,PAYROLL_DIY,Payroll DIY,Partners,mkoenen,2685,0
D202647,C100533,2024-12-21,2024-12-30,Closed Lost,ADD_ON_TKR,TKR Add-on,Direct,dt,966,0
D202648,C102656,2024-07-16,,Open,ADD_ON_TKR,TKR Add-on,Direct,dinkster,315,0
D202649,C101861,2025-04-20,2025-05-16,Closed Won,ADD_ON_TKR,TKR Add-on,Direct,shao,630,0
D202650,C100798,2025-06-22,,Open,PAYROLL_DIY,Payroll DIY,Direct,dinkster,2080,0
D202651,C101967,2024-08-05,2024-09-01,Closed Won,PAYROLL_DIY,Payroll DIY,Direct,unassigned,2241,0
D202652,C104828,2025-03-30,2025-06-27,Closed Lost,PM,People Management,Partners,shao,211,0
D202653,C102431,2024-04-15,2024-06-30,Closed Won,PM,People Management,Partners,shao,2286,0
D202654,C100050,2024-07-16,2024-08-19,Closed Won,PM,People Management,Direct,shao,1859,0
D202655,C101276,2024-05-18,,Open,PM,People Management,Partners,dt,912,0
D202656,C100582,2024-09-22,2024-10-23,Closed Won,ADD_ON_TKR,TKR Add-on,Direct,shao,919,0
D202657,C101749,2024-01-12,2024-01-25,Closed Won,PAYROLL_MPS,Managed Payroll,Direct,awong,107,0
D202658,C103444,2025-04-25,2025-07-14,Closed Lost,PAYROLL_DIY,Payroll DIY,Direct,unassigned,1752,0
D202659,C101243,2024-03-19,,Open,PAYROLL_DIY,Payroll DIY,Direct,dt,935,0
D202660,C100400,2025-06-03,2025-08-15,Closed Won,PAYROLL_MPS,Managed Payroll,Direct,shao,6533,0
D202661,C104606,2025-03-08,,Open,PAYROLL_DIY,Payroll DIY,Direct,awong,2219,0
D202662,C103334,2025-06-02,2025-08-11,Closed Lost,PAYROLL_DIY,Payroll DIY,Partners,shao,3433,0
D202663,C104442,2024-09-11,,Open,PM,People Management,Direct,dinkster,1179,0
D202664,C104857,2025-03-22,2025-05-20,Closed Won,ADD_ON_TKR,TKR Add-on,Partners,dt,521,0
D202665,C104338,2025-01-25,2025-03-01,Closed Won,PAYROLL_DIY,Payroll DIY,Direct,unassigned,2151,0
D202666,C103052,2024-09-18,,Open,PAYROLL_MPS,Managed Payroll,Partners,dt,3543,0
D202667,C101696,2025-02-15,2025-05-13,Closed Won,PAYROLL_DIY,Payroll DIY,Partners,dt,2644,0
D202668,C100873,2024-10-06,2024-11-07,Closed Won,PM,People Management,Partners,dinkster,516,0
D202669,C103412,2024-07-13,2024-08-27,Closed Won,ADD_ON_TKR,TKR Add-on,Direct,dt,1045,0
D202670,C103094,2025-02-21,,Open,PM,People Management,Partners,unassigned,505,0
D202671,C102870,2025-04-26,2025-06-27,Closed Won,PAYROLL_DIY,Payroll DIY,Partners,awong,0,0
D202672,C102780,2025-03-03,2025-04-17,Closed Won,PM,People Management,Partners,shao,1529,0
D202673,C103562,2024-01-20,,Open,PM,People Management,Partners,dt,0,0
D202674,C104367,2024-04-21,2024-06-02,Closed Won,ADD_ON_TKR,TKR Add-on,Partners,mkoenen,547,1
D202675,C100297,2025-06-03,2025-08-03,Closed Lost,PAYROLL_MPS,Managed Payroll,Direct,shao,4801,0
D202676,C103810,2025-04-24,2025-06-20,Closed Won,PM,People Management,Direct,shao_tmp,1022,0
D202677,C101634,2024-07-30,2024-09-06,Closed Won,PAYROLL_MPS,Managed Payroll,Direct,mkoenen,1965,0
D202678,C101835,2024-04-08,2024-06-12,Closed Won,PM,People Management,Direct,unassigned,960,0
D202679,C102620,2024-06-04,2024-06-26,Closed Won,PAYROLL_MPS,Managed Payroll,Direct,awong,4883,0
D202680,C103847,2025-04-30,2025-07-10,Closed Won,PM,People Management,Partners,shao,1170,0
D202681,C104183,2024-06-26,2024-08-17,Closed Won,PAYROLL_MPS,Managed Payroll,Partners,awong,4592,0
D202682,C103603,2024-09-19,2024-09-29,Closed Won,PAYROLL_MPS,Managed Payroll,Partners,awong,5320,0
D202683,C104306,2024-06-22,2024-09-02,Closed Lost,PAYROLL_MPS,Managed Payroll,Partners,mkoenen,0,0
D202684,C101908,2025-01-15,2025-01-29,Closed Won,ADD_ON_TKR,TKR Add-on,Direct,dinkster,853,0
D202685,C103663,2024-07-08,2024-10-03,Closed Won,ADD_ON_TKR,TKR Add-on,Direct,awong,1245,0
D202686,C102029,2024-07-13,2024-09-17,Closed Won,PAYROLL_DIY,Payroll DIY,Direct,unassigned,3210,0
D202687,C104846,2025-04-07,2025-07-06,Closed Won,PAYROLL_DIY,Payroll DIY,Partners,unassigned,1212,0
D202688,C103388,2024-03-26,2024-04-30,Closed Won,PAYROLL_MPS,Managed Payroll,Direct,shao,4675,0
D202689,C102626,2024-12-13,,Open,PM,People Management,Direct,awong,0,0
D202690,C104889,2025-05-12,2025-07-18,Closed Lost,PM,People Management,Partners,mkoenen,341,0
D202691,C103622,2024-07-28,,Open,PAYROLL_MPS,Managed Payroll,Partners,dt,2755,0
D202692,C104046,2025-06-15,2025-08-27,Closed Lost,ADD_ON_TKR,TKR Add-on,Direct,awong,0,0
D202693,C104262,2024-03-13,,Open,PAYROLL_DIY,Payroll DIY,Direct,mkoenen,563,0
D202694,C104993,2024-12-08,,Open,PAYROLL_MPS,Managed Payroll,Partners,dinkster,7586,0
D202695,C101458,2024-05-28,,Open,PM,People Management,Direct,dinkster,230,0
D202696,C102358,2025-05-27,,Open,PAYROLL_DIY,Payroll DIY,Partners,dt,1890,0
D202697,C101222,2024-08-17,2024-09-15,Closed Won,ADD_ON_TKR,TKR Add-on,Direct,dinkster,887,0
D202698,C100492,2024-05-05,2024-07-04,Closed Won,PAYROLL_MPS,Managed Payroll,Partners,dt,4046,0
D202699,C103434,2024-11-20,2025-01-27,Closed Won,PM,People Management,Direct,unassigned,1346,1
D202700,C101123,2024-03-28,,Open,PM,People Management,Direct,dinkster,1391,0
D202701,C100688,2024-08-30,,Open,PAYROLL_MPS,Managed Payroll,Partners,dt,5721,0
D202702,C103350,2024-10-11,,Open,PAYROLL_MPS,Managed Payroll,Direct,dt,2694,0
D202703,C100060,2024-02-08,2024-04-16,Closed Lost,PAYROLL_MPS,Managed Payroll,Direct,dinkster,5881,0
D202704,C103141,2024-04-13,2024-05-31,Closed Won,PM,People Management,Partners,awong,1169,0
D202705,C103068,2024-04-21,,Open,PAYROLL_DIY,Payroll DIY,Direct,shao,1829,0
D202706,C104727,2025-01-16,2025-01-20,Closed Won,PAYROLL_MPS,Managed Payroll,Direct,shao,3568,0
D202707,C101112,2024-11-18,,Open,PAYROLL_DIY,Payroll DIY,Partners,shao,318,0
D202708,C102201,2024-03-27,2024-04-08,Closed Won,PAYROLL_DIY,Payroll DIY,Direct,dt,1882,0
D202709,C102434,2024-07-02,,Open,PAYROLL_DIY,Payroll DIY,Partners,unassigned,2291,0
D202710,C102495,2024-05-05,2024-07-18,Closed Lost,ADD_ON_TKR,TKR Add-on,Direct,mkoenen,1377,0
D202711,C100840,2024-04-20,2024-05-17,Closed Won,PAYROLL_DIY,Payroll DIY,Partners,unassigned,2822,0
D202712,C102471,2025-06-18,2025-06-22,Closed Won,ADD_ON_TKR,TKR Add-on,Partners,unassigned,741,0
D202713,C104053,2024-07-14,2024-08-31,Closed Won,PAYROLL_MPS,Managed Payroll,Direct,dt,3787,0
D202714,C102583,2025-01-22,2025-04-21,Closed Won,ADD_ON_TKR,TKR Add-on,Direct,mkoenen,973,0
D202715,C102220,2024-01-20,2024-01-23,Closed Won,PM,People Management,Partners,shao,993,0
D202716,C104778,2025-04-10,,Open,ADD_ON_TKR,TKR Add-on,Direct,awong,368,0
D202717,C100948,2024-07-06,,Open,PAYROLL_DIY,Payroll DIY,Direct,unassigned,1497,0
D202718,C101159,2025-02-17,,Open,ADD_ON_TKR,TKR Add-on,Partners,dt,1125,0
D202719,C101359,2024-12-16,,Open,PM,People Management,Direct,dt,1395,0
D202720,C104995,2024-07-09,2024-09-18,Closed Lost,PAYROLL_DIY,Payroll DIY,Partners,mkoenen,1763,0
D202721,C103962,2024-05-29,2024-06-20,Closed Lost,ADD_ON_TKR,TKR Add-on,Direct,dinkster,461,0
D202722,C101572,2024-10-31,,Open,PAYROLL_DIY,Payroll DIY,Direct,mkoenen,1443,0
D202723,C100409,2025-05-30,2025-06-19,Closed Won,PAYROLL_DIY,Payroll DIY,Partners,mkoenen,0,0
D202724,C102790,2025-01-01,2025-03-21,Closed Won,PM,People Management,Direct,dt,872,0
D202725,C102430,2024-11-04,,Open,PAYROLL_MPS,Managed Payroll,Direct,dt,751,0
D202726,C101495,2025-06-22,2025-07-05,Closed Won,ADD_ON_TKR,TKR Add-on,Partners,dt,1319,0
D202727,C104103,2025-04-15,,Open,PM,People Management,Direct,mkoenen,2043,0
D202728,C103361,2024-08-12,2024-09-17,Closed Won,PM,People Management,Partners,awong,983,0
D202729,C103557,2024-07-20,2024-08-11,Closed Won,PAYROLL_DIY,Payroll DIY,Direct,unassigned,2715,0
D202730,C100857,2024-05-03,,Open,PM,People Management,Partners,shao,2638,0
D202731,C103021,2025-02-03,2025-04-25,Closed Won,ADD_ON_TKR,TKR Add-on,Direct,awong,1355,0
D202732,C104759,2024-02-11,2024-04-02,Closed Won,PM,People Management,Direct,mkoenen,1724,0
D202733,C102167,2025-02-03,,Open,ADD_ON_TKR,TKR Add-on,Direct,dinkster,225,0
D202734,C103138,2024-06-01,2024-08-01,Closed Won,ADD_ON_TKR,TKR Add-on,Partners,unassigned,1094,0
D202735,C102584,2025-04-19,2025-04-21,Closed Won,ADD_ON_TKR,TKR Add-on,Direct,shao,18,0
D202736,C103460,2025-02-22,2025-04-13,Closed Won,PAYROLL_MPS,Managed Payroll,Direct,dinkster,5558,0
D202737,C104122,2024-11-19,2025-01-12,Closed Won,PAYROLL_MPS,Managed Payroll,Direct,mkoenen,3552,0
D202738,C101767,2024-08-16,2024-10-09,Closed Lost,PAYROLL_DIY,Payroll DIY,Direct,awong,2761,0
D202739,C101758,2024-10-16,2024-11-28,Closed Lost,PAYROLL_DIY,Payroll DIY,Direct,dinkster,1440,0
D202740,C102969,2024-11-12,2025-01-21,Closed Lost,PAYROLL_DIY,Payroll DIY,Partners,awong,1295,0
D202741,C104284,2025-01-14,,Open,ADD_ON_TKR,TKR Add-on,Partners,mkoenen,1468,0
D202742,C101660,2024-06-22,,Open,PAYROLL_MPS,Managed Payroll,Partners,mkoenen,8952,0
D202743,C103359,2025-01-31,2025-03-16,Closed Lost,ADD_ON_TKR,TKR Add-on,Partners,mkoenen,269,0
D202744,C100362,2025-05-15,,Open,ADD_ON_TKR,TKR Add-on,Partners,shao,259,0
D202745,C103764,2025-03-18,2025-06-15,Closed Won,ADD_ON_TKR,TKR Add-on,Direct,mkoenen,1126,0
D202746,C101041,2024-07-19,2024-10-02,Closed Won,PM,People Management,Partners,unassigned,1062,0
D202747,C101506,2025-03-08,2025-05-15,Closed Won,PAYROLL_DIY,Payroll DIY,Direct,dt,4399,0
D202748,C104603,2024-09-07,2024-11-28,Closed Won,PAYROLL_DIY,Payroll DIY,Partners,awong,2472,0
D202749,C102035,2024-02-11,2024-03-25,Closed Won,PAYROLL_DIY,Payroll DIY,Direct,dt,2399,0
D202750,C104485,2025-01-07,2025-03-22,Closed Won,PAYROLL_DIY,Payroll DIY,Direct,awong,0,0
D202751,C104549,2024-01-29,,Open,PAYROLL_DIY,Payroll DIY,Partners,dinkster,1278,0
D202752,C100800,2024-07-25,,Open,ADD_ON_TKR,TKR Add-on,Direct,dinkster,426,0
D202753,C100105,2024-10-24,,Open,PAYROLL_DIY,Payroll DIY,Direct,dinkster,1382,0
D202754,C104773,2025-06-19,2025-08-21,Closed Lost,PM,People Management,Partners,unassigned,1237,0
D202755,C104411,2024-05-25,2024-08-22,Closed Won,PAYROLL_MPS,Managed Payroll,Partners,unassigned,2635,0
D202756,C104435,2024-01-24,2024-03-21,Closed Won,PAYROLL_MPS,Managed Payroll,Direct,awong,4758,0
D202757,C104240,2024-06-23,,Open,PM,People Management,Partners,mkoenen,1374,0
D202758,C100686,2025-02-25,2025-04-23,Closed Won,ADD_ON_TKR,TKR Add-on,Direct,awong,807,0
D202759,C102047,2025-02-07,2025-04-30,Closed Lost,PM,People Management,Partners,awong,800,0
D202760,C100277,2024-09-05,2024-09-21,Closed Won,ADD_ON_TKR,TKR Add-on,Direct,dt,629,0
D202761,C103660,2024-03-31,,Open,PAYROLL_MPS,Managed Payroll,Direct,dinkster,4806,0
D202762,C104381,2025-03-11,2025-05-15,Closed Won,PAYROLL_MPS,Managed Payroll,Partners,shao,3096,0
D202763,C102681,2024-08-26,,Open,PAYROLL_DIY,Payroll DIY,Partners,mkoenen,1956,0
D202764,C104728,2025-01-29,2025-04-13,Closed Won,ADD_ON_TKR,TKR Add-on,Partners,dinkster,478,0
D202765,C104037,2024-03-13,2024-06-08,Closed Won,PAYROLL_DIY,Payroll DIY,Partners,unassigned,3267,0
D202766,C100664,2024-01-18,,Open,PAYROLL_DIY,Payroll DIY,Direct,unassigned,2038,0
D202767,C104126,2024-10-16,2024-10-22,Closed Won,PAYROLL_DIY,Payroll DIY,Partners,dt,2401,0
D202768,C101048,2024-02-14,2024-04-19,Closed Won,PM,People Management,Direct,dinkster,163,0
D202769,C104304,2024-08-16,2024-08-26,Closed Lost,PAYROLL_DIY,Payroll DIY,Partners,shao,1246,0
D202770,C101589,2024-09-27,2024-11-28,Closed Won,ADD_ON_TKR,TKR Add-on,Partners,dt,1455,0
D202771,C103710,2025-05-20,2025-07-15,Closed Won,PM,People Management,Direct,dt,1154,0
D202772,C100250,2024-10-16,2024-11-29,Closed Won,PM,People Management,Partners,shao,0,0
D202773,C102183,2024-08-27,,Open,PAYROLL_DIY,Payroll DIY,Partners,dinkster,1635,0
D202774,C102162,2025-06-07,2025-07-07,Closed Lost,PAYROLL_DIY,Payroll DIY,Direct,dt,2861,0
D202775,C101803,2024-08-22,2024-11-06,Closed Lost,PM,People Management,Partners,mkoenen,1427,0
D202776,C102065,2024-07-04,2024-09-18,Closed Won,PAYROLL_MPS,Managed Payroll,Partners,dinkster,1282,0
D202777,C101771,2025-06-10,2025-06-12,Closed Lost,PM,People Management,Direct,mkoenen,1064,0
D202778,C103172,2025-05-22,2025-06-24,Closed Won,ADD_ON_TKR,TKR Add-on,Direct,dinkster,663,0
D202779,C102146,2024-04-20,2024-04-21,Closed Won,ADD_ON_TKR,TKR Add-on,Partners,dinkster,1143,0
D202780,C100325,2024-12-20,2025-02-20,Closed Won,ADD_ON_TKR,TKR Add-on,Partners,dt,1653,0
D202781,C100512,2024-09-23,2024-11-26,Closed Won,ADD_ON_TKR,TKR Add-on,Partners,unassigned,1172,0
D202782,C101460,2024-10-10,2024-10-15,Closed Won,PAYROLL_MPS,Managed Payroll,Partners,unassigned,2105,0
D202783,C103433,2025-02-04,2025-03-04,Closed Won,ADD_ON_TKR,TKR Add-on,Direct,shao,689,0
D202784,C102634,2025-03-15,2025-04-20,Closed Won,ADD_ON_TKR,TKR Add-on,Partners,dinkster,735,0
D202785,C103939,2025-03-05,,Open,PAYROLL_DIY,Payroll DIY,Direct,shao,1499,0
D202786,C101346,2024-07-21,2024-10-07,Closed Won,PAYROLL_DIY,Payroll DIY,Partners,mkoenen,3204,0
D202787,C104009,2024-11-19,,Open,PAYROLL_DIY,Payroll DIY,Direct,mkoenen,1072,0
D202788,C103655,2024-03-07,2024-03-17,Closed Won,PAYROLL_DIY,Payroll DIY,Partners,unassigned,1357,0
D202789,C101624,2025-06-20,2025-08-11,Closed Won,PAYROLL_MPS,Managed Payroll,Partners,dt,4426,0
D202790,C104636,2024-06-17,2024-09-13,Closed Lost,PM,People Management,Partners,awong,1158,0
D202791,C102726,2025-04-20,2025-07-11,Closed Won,PAYROLL_MPS,Managed Payroll,Partners,unassigned,3576,0
D202792,C104494,2024-10-24,2024-10-25,Closed Won,PM,People Management,Partners,unassigned,604,0
D202793,C101863,2025-06-17,2025-08-28,Closed Won,PAYROLL_DIY,Payroll DIY,Partners,dinkster,1779,0
D202794,C100713,2024-07-23,2024-08-18,Closed Lost,ADD_ON_TKR,TKR Add-on,Direct,shao,385,0
D202795,C102451,2024-11-13,2025-01-26,Closed Won,PAYROLL_DIY,Payroll DIY,Direct,awong,353,0
D202796,C104683,2024-05-10,2024-07-10,Closed Won,ADD_ON_TKR,TKR Add-on,Partners,unassigned,804,1
D202797,C102565,2024-05-31,2024-08-05,Closed Lost,ADD_ON_TKR,TKR Add-on,Direct,awong,284,0
D202798,C103052,2024-06-04,,Open,PAYROLL_DIY,Payroll DIY,Direct,shao,1548,0
D202799,C101279,2024-02-08,2024-03-24,Closed Won,PM,People Management,Partners,mkoenen,1845,0
D202800,C103607,2024-02-19,2024-02-28,Closed Won,PAYROLL_DIY,Payroll DIY,Partners,unassigned,2445,0
D202801,C102807,2025-04-08,2025-07-06,Closed Lost,PAYROLL_MPS,Managed Payroll,Partners,awong,3923,0
D202802,C104557,2024-12-24,,Open,ADD_ON_TKR,TKR Add-on,Direct,unassigned,1074,0
D202803,C102695,2025-06-01,,Open,PM,People Management,Direct,dt,567,0
D202804,C104246,2024-09-30,2024-12-22,Closed Won,ADD_ON_TKR,TKR Add-on,Direct,dt,1538,1
D202805,C100400,2024-01-20,2024-03-23,Closed Won,PAYROLL_DIY,Payroll DIY,Partners,awong,0,0
D202806,C100451,2024-07-17,,Open,PAYROLL_DIY,Payroll DIY,Partners,awong,2485,0
D202807,C103767,2024-10-27,2024-12-27,Closed Won,PAYROLL_MPS,Managed Payroll,Partners,unassigned,1900,0
D202808,C100033,2024-04-05,,Open,ADD_ON_TKR,TKR Add-on,Direct,unassigned,558,0
D202809,C103300,2025-02-01,2025-03-03,Closed Lost,ADD_ON_TKR,TKR Add-on,Direct,awong,0,0
D202810,C100833,2024-09-14,2024-11-17,Closed Lost,ADD_ON_TKR,TKR Add-on,Direct,awong,633,0
D202811,C100146,2024-07-25,2024-09-14,Closed Won,PM,People Management,Direct,dinkster,1396,0
D202812,C102044,2025-05-24,,Open,PM,People Management,Partners,dt,874,0
D202813,C101020,2025-06-17,2025-07-02,Closed Won,PAYROLL_MPS,Managed Payroll,Direct,dt,3986,0
D202814,C101843,2024-07-06,2024-09-03,Closed Lost,PM,People Management,Partners,awong,629,0
D202815,C100220,2024-12-09,2025-02-10,Closed Lost,PM,People Management,Partners,shao,1300,0
D202816,C100332,2025-05-03,2025-05-24,Closed Won,PM,People Management,Direct,dinkster,932,0
D202817,C104061,2024-12-30,2025-03-29,Closed Lost,ADD_ON_TKR,TKR Add-on,Direct,awong,834,0
D202818,C102800,2025-05-25,2025-06-12,Closed Lost,ADD_ON_TKR,TKR Add-on,Partners,shao,1002,0
D202819,C102828,2024-07-24,2024-08-26,Closed Won,PM,People Management,Partners,dt,1721,0
D202820,C104846,2024-11-18,,Open,PM,People Management,Direct,mkoenen,1956,0
D202821,C104185,2025-01-17,2025-02-26,Closed Won,PAYROLL_DIY,Payroll DIY,Direct,dt,2141,0
D202822,C104990,2025-04-28,2025-06-23,Closed Won,PM,People Management,Direct,awong,1104,0
D202823,C101823,2025-05-17,2025-06-03,Closed Won,PM,People Management,Partners,,1978,0
D202824,C104470,2024-01-24,2024-03-03,Closed Won,ADD_ON_TKR,TKR Add-on,Partners,awong,1155,0
D202825,C103351,2024-03-03,2024-04-15,Closed Won,ADD_ON_TKR,TKR Add-on,Direct,mkoenen,774,0
D202826,C104908,2024-04-11,2024-04-25,Closed Won,PM,People Management,Direct,mkoenen,0,0
D202827,C102551,2025-04-29,2025-06-15,Closed Lost,PAYROLL_MPS,Managed Payroll,Direct,unassigned,5866,0
D202828,C100524,2025-03-07,2025-04-08,Closed Won,PAYROLL_MPS,Managed Payroll,Direct,mkoenen,4790,0
D202829,C104523,2025-03-01,2025-03-19,Closed Lost,ADD_ON_TKR,TKR Add-on,Partners,mkoenen,776,0
D202830,C101532,2024-07-17,2024-09-12,Closed Won,PM,People Management,Partners,mkoenen,856,0
D202831,C101610,2024-01-07,2024-03-27,Closed Won,PAYROLL_MPS,Managed Payroll,Direct,shao,2538,0
D202832,C101408,2025-05-28,2025-06-08,Closed Won,PM,People Management,Direct,unassigned,310,0
D202833,C104185,2024-01-05,2024-02-14,Closed Won,PAYROLL_MPS,Managed Payroll,Direct,shao,4138,0
D202834,C104310,2024-03-28,2024-05-24,Closed Lost,ADD_ON_TKR,TKR Add-on,Direct,dt,523,0
D202835,C104351,2024-04-19,2024-04-22,Closed Won,PM,People Management,Direct,shao,1811,0
D202836,C100876,2024-07-08,,Open,PAYROLL_MPS,Managed Payroll,Direct,mkoenen,5421,0
D202837,C101161,2024-06-19,2024-07-23,Closed Won,PAYROLL_MPS,Managed Payroll,Partners,dinkster,1795,0
D202838,C102234,2024-12-06,2024-12-13,Closed Won,PM,People Management,Direct,awong,1971,0
D202839,C103043,2024-05-06,2024-08-03,Closed Won,PAYROLL_DIY,Payroll DIY,Partners,awong,2316,0
D202840,C100488,2024-03-18,2024-04-09,Closed Won,ADD_ON_TKR,TKR Add-on,Partners,awong,685,0
D202841,C100067,2025-03-25,2025-04-07,Closed Lost,PM,People Management,Direct,mkoenen,1235,0
D202842,C103030,2024-04-23,2024-05-26,Closed Won,ADD_ON_TKR,TKR Add-on,Direct,mkoenen,1157,0
D202843,C101961,2024-12-13,,Open,PAYROLL_DIY,Payroll DIY,Direct,mkoenen,2018,0
D202844,C103874,2024-02-27,2024-03-28,Closed Won,PAYROLL_MPS,Managed Payroll,Partners,mkoenen,4350,0
D202845,C103454,2024-07-15,,Open,ADD_ON_TKR,TKR Add-on,Partners,awong,275,0
D202846,C102708,2025-06-02,2025-06-15,Closed Lost,PM,People Management,Partners,mkoenen,2343,0
D202847,C103550,2024-05-14,,Open,ADD_ON_TKR,TKR Add-on,Direct,awong,912,0
D202848,C101413,2024-02-03,2024-04-04,Closed Won,PAYROLL_MPS,Managed Payroll,Partners,shao,4690,0
D202849,C100076,2025-04-23,,Open,ADD_ON_TKR,TKR Add-on,Direct,mkoenen,686,0
D202850,C103820,2024-12-01,2025-01-27,Closed Won,PM,People Management,Direct,dinkster,1237,0
D202851,C101429,2025-02-28,,Open,PM,People Management,Direct,dt,733,0
D202852,C101910,2024-07-12,2024-10-10,Closed Won,PM,People Management,Direct,dinkster,165,0
D202853,C103718,2024-04-01,2024-06-09,Closed Won,ADD_ON_TKR,TKR Add-on,Direct,mkoenen,454,0
D202854,C104035,2025-05-28,2025-08-06,Closed Won,ADD_ON_TKR,TKR Add-on,Partners,unassigned,342,0
D202855,C103692,2025-04-28,2025-06-08,Closed Won,PM,People Management,Direct,awong_tmp,827,0
D202856,C104797,2024-10-05,2024-11-24,Closed Won,ADD_ON_TKR,TKR Add-on,Direct,dinkster,352,0
D202857,C103028,2024-06-09,,Open,ADD_ON_TKR,TKR Add-on,Direct,mkoenen,1059,0
D202858,C100942,2024-01-28,2024-03-03,Closed Won,PAYROLL_DIY,Payroll DIY,Partners,unassigned,1338,0
D202859,C101876,2024-02-02,2024-02-04,Closed Lost,PM,People Management,Direct,shao,1304,0
D202860,C104316,2025-03-13,2025-03-16,Closed Won,PM,People Management,Partners,unassigned,1328,0
D202861,C102406,2024-10-04,,Open,PAYROLL_DIY,Payroll DIY,Partners,mkoenen,2452,0
D202862,C100254,2024-01-11,2024-03-23,Closed Won,PAYROLL_MPS,Managed Payroll,Direct,mkoenen,4683,0
D202863,C102610,2024-05-26,2024-06-18,Closed Won,PAYROLL_DIY,Payroll DIY,Partners,unassigned,1917,0
D202864,C104033,2024-11-16,2024-11-30,Closed Lost,ADD_ON_TKR,TKR Add-on,Partners,shao,304,0
D202865,C104216,2025-04-04,,Open,PM,People Management,Direct,unassigned,1514,0
D202866,C104569,2024-03-21,,Open,PAYROLL_MPS,Managed Payroll,Direct,shao,4808,0
D202867,C103357,2025-03-11,2025-05-12,Closed Lost,ADD_ON_TKR,TKR Add-on,Partners,dt,722,0
D202868,C101965,2025-04-21,,Open,PAYROLL_DIY,Payroll DIY,Partners,awong,2368,0
D202869,C102819,2024-09-28,2024-12-16,Closed Lost,PAYROLL_DIY,Payroll DIY,Partners,dt,2422,0
D202870,C104480,2024-07-20,2024-10-13,Closed Won,PM,People Management,Partners,shao,661,0
D202871,C100695,2024-02-27,2024-04-25,Closed Won,PAYROLL_DIY,Payroll DIY,Partners,dinkster,1710,0
D202872,C101594,2025-06-03,2025-07-28,Closed Won,PAYROLL_MPS,Managed Payroll,Direct,,5176,0
D202873,C100027,2024-04-18,2024-06-08,Closed Won,PAYROLL_MPS,Managed Payroll,Partners,unassigned,7474,0
D202874,C101794,2024-11-13,,Open,ADD_ON_TKR,TKR Add-on,Partners,unassigned,814,0
D202875,C101078,2024-09-24,2024-10-05,Closed Won,PAYROLL_DIY,Payroll DIY,Partners,mkoenen,1988,0
D202876,C103735,2024-04-29,2024-06-20,Closed Lost,PM,People Management,Partners,mkoenen,810,0
D202877,C101504,2024-03-26,2024-04-23,Closed Lost,ADD_ON_TKR,TKR Add-on,Partners,dt,1124,0
D202878,C100603,2024-06-12,,Open,PAYROLL_MPS,Managed Payroll,Partners,dt,163,0
D202879,C101115,2024-05-04,2024-05-13,Closed Lost,PAYROLL_DIY,Payroll DIY,Direct,dt,2580,0
D202880,C100391,2024-06-21,,Open,PAYROLL_MPS,Managed Payroll,Partners,mkoenen,4573,0
D202881,C100628,2024-08-08,,Open,PAYROLL_DIY,Payroll DIY,Direct,shao,759,0
D202882,C104983,2024-10-21,2024-12-24,Closed Lost,PAYROLL_MPS,Managed Payroll,Partners,mkoenen,6218,0
D202883,C104688,2024-12-04,,Open,PM,People Management,Partners,dt,2593,0
D202884,C103740,2025-02-15,2025-02-24,Closed Won,PAYROLL_MPS,Managed Payroll,Direct,mkoenen,2105,0
D202885,C101517,2024-07-11,2024-08-08,Closed Lost,PAYROLL_MPS,Managed Payroll,Partners,mkoenen,6041,0
D202886,C103043,2024-11-25,,Open,PM,People Management,Partners,awong,1373,0
D202887,C100358,2025-01-24,,Open,PAYROLL_MPS,Managed Payroll,Partners,shao,9536,0
D202888,C103947,2024-11-23,2025-02-11,Closed Won,PAYROLL_MPS,Managed Payroll,Direct,dt,3667,0
D202889,C102538,2025-06-09,2025-08-02,Closed Won,PM,People Management,Direct,awong,1078,0
D202890,C100374,2024-01-19,2024-03-14,Closed Won,PAYROLL_MPS,Managed Payroll,Partners,mkoenen,-4340,0
D202891,C101376,2024-03-13,2024-03-18,Closed Lost,PAYROLL_MPS,Managed Payroll,Direct,mkoenen,2094,0
D202892,C102340,2025-06-03,,Open,PAYROLL_DIY,Payroll DIY,Direct,mkoenen,0,0
D202893,C102966,2024-01-26,2024-04-21,Closed Won,PAYROLL_MPS,Managed Payroll,Partners,mkoenen,7227,0
D202894,C100620,2025-01-04,2025-03-12,Closed Won,ADD_ON_TKR,TKR Add-on,Direct,unassigned,901,0
D202895,C100658,2025-05-17,2025-08-09,Closed Won,PAYROLL_DIY,Payroll DIY,Direct,mkoenen,2204,0
D202896,C102068,2024-08-05,2024-09-03,Closed Won,ADD_ON_TKR,TKR Add-on,Partners,awong,889,0
D202897,C101192,2024-10-19,,Open,PAYROLL_MPS,Managed Payroll,Direct,shao,6187,0
D202898,C102026,2024-09-07,2024-10-08,Closed Won,PAYROLL_MPS,Managed Payroll,Partners,awong,3578,0
D202899,C104086,2024-12-28,2025-02-06,Closed Won,PM,People Management,Direct,mkoenen,865,0
D202900,C104223,2024-03-26,2024-06-08,Closed Lost,PAYROLL_MPS,Managed Payroll,Partners,unassigned,3480,0
D202901,C101854,2024-12-30,,Open,ADD_ON_TKR,TKR Add-on,Partners,shao,1518,0
D202902,C101805,2025-05-16,,Open,PAYROLL_DIY,Payroll DIY,Direct,dt,759,0
D202903,C102863,2024-12-17,2025-03-04,Closed Won,PM,People Management,Partners,dinkster,1461,0
D202904,C101822,2025-05-15,2025-07-26,Closed Won,PAYROLL_MPS,Managed Payroll,Direct,shao,2816,0
D202905,C101793,2025-05-19,2025-05-31,Closed Won,PAYROLL_MPS,Managed Payroll,Direct,awong,3909,0
D202906,C103441,2024-09-15,2024-11-03,Closed Won,ADD_ON_TKR,TKR Add-on,Partners,dinkster,65,0
D202907,C104422,2024-08-16,,Open,PAYROLL_MPS,Managed Payroll,Direct,dinkster,4744,0
D202908,C100140,2024-05-05,2024-07-15,Closed Won,PM,People Management,Direct,awong,1184,0
D202909,C100193,2024-05-11,2024-05-22,Closed Won,ADD_ON_TKR,TKR Add-on,Direct,dt,960,0
D202910,C103250,2025-02-07,2025-04-20,Closed Lost,ADD_ON_TKR,TKR Add-on,Partners,,43,0
D202911,C104422,2025-02-21,,Open,ADD_ON_TKR,TKR Add-on,Partners,mkoenen,46,0
D202912,C102719,2024-03-23,2024-03-26,Closed Won,PAYROLL_MPS,Managed Payroll,Partners,dt,4330,0
D202913,C101559,2024-05-11,2024-06-30,Closed Lost,PM,People Management,Partners,shao,1294,0
D202914,C101986,2024-01-14,,Open,PM,People Management,Direct,shao,2465,0
D202915,C100800,2025-01-21,2025-04-19,Closed Won,PAYROLL_DIY,Payroll DIY,Direct,dinkster,1197,0
D202916,C102065,2025-02-26,,Open,PAYROLL_MPS,Managed Payroll,Direct,dt,6378,0
D202917,C100424,2025-06-23,2025-07-30,Closed Won,ADD_ON_TKR,TKR Add-on,Direct,shao,619,0
D202918,C104352,2024-11-09,,Open,PAYROLL_MPS,Managed Payroll,Direct,shao,3182,0
D202919,C102991,2024-08-05,2024-10-12,Closed Lost,PAYROLL_MPS,Managed Payroll,Direct,shao_tmp,4464,0
D202920,C101321,2025-05-29,,Open,PAYROLL_MPS,Managed Payroll,Direct,unassigned,4238,0
D202921,C101214,2024-07-30,2024-08-21,Closed Lost,PAYROLL_DIY,Payroll DIY,Direct,unassigned,1615,0
D202922,C100815,2024-01-06,,Open,PAYROLL_DIY,Payroll DIY,Partners,dt,3895,0
D202923,C104764,2025-03-24,2025-05-22,Closed Lost,ADD_ON_TKR,TKR Add-on,Partners,unassigned,954,0
D202924,C102539,2024-12-08,2025-02-23,Closed Won,PM,People Management,Direct,shao,1181,0
D202925,C101463,2024-12-20,2025-02-07,Closed Won,PAYROLL_MPS,Managed Payroll,Direct,shao,2651,0
D202926,C102238,2024-11-12,,Open,PM,People Management,Direct,awong,1439,0
D202927,C101754,2025-03-01,2025-03-11,Closed Won,ADD_ON_TKR,TKR Add-on,Direct,mkoenen,229,0
D202928,C100253,2025-05-11,2025-06-01,Closed Won,PAYROLL_MPS,Managed Payroll,Partners,mkoenen,4281,0
D202929,C101734,2025-06-09,2025-08-18,Closed Lost,PAYROLL_DIY,Payroll DIY,Direct,shao,2414,0
D202930,C101709,2024-08-25,2024-10-08,Closed Lost,ADD_ON_TKR,TKR Add-on,Direct,shao,640,0
D202931,C101181,2025-03-03,2025-03-06,Closed Won,PAYROLL_DIY,Payroll DIY,Partners,unassigned,1261,0
D202932,C103198,2024-12-11,,Open,ADD_ON_TKR,TKR Add-on,Partners,awong,645,0
D202933,C101950,2024-11-05,2024-11-09,Closed Won,PM,People Management,Direct,dt,946,0
D202934,C100218,2024-09-11,2024-11-06,Closed Lost,ADD_ON_TKR,TKR Add-on,Partners,mkoenen,822,0
D202935,C104544,2025-05-01,2025-07-12,Closed Won,PM,People Management,Direct,unassigned,859,0
D202936,C103498,2024-04-27,2024-06-29,Closed Won,ADD_ON_TKR,TKR Add-on,Partners,unassigned,664,0
D202937,C100328,2024-07-06,2024-07-27,Closed Lost,ADD_ON_TKR,TKR Add-on,Partners,unassigned,1200,0
D202938,C104462,2024-07-06,2024-08-13,Closed Won,PM,People Management,Partners,mkoenen,467,0
D202939,C103165,2025-06-07,2025-06-28,Closed Won,PAYROLL_DIY,Payroll DIY,Direct,mkoenen,2140,0
D202940,C103003,2024-08-20,,Open,PM,People Management,Direct,awong,2285,0
D202941,C104054,2025-04-10,2025-05-05,Closed Lost,PAYROLL_DIY,Payroll DIY,Direct,shao,1599,0
D202942,C100399,2025-05-12,2025-05-15,Closed Won,PAYROLL_DIY,Payroll DIY,Direct,shao,2217,0
D202943,C102775,2025-01-14,2025-03-10,Closed Won,PAYROLL_MPS,Managed Payroll,Partners,awong,3302,0
D202944,C102258,2024-02-25,2024-04-23,Closed Won,ADD_ON_TKR,TKR Add-on,Partners,unassigned,337,0
D202945,C103455,2024-11-26,2025-01-10,Closed Won,PAYROLL_DIY,Payroll DIY,Direct,mkoenen,916,0
D202946,C102232,2024-06-17,,Open,PAYROLL_DIY,Payroll DIY,Partners,awong,0,0
D202947,C100487,2024-01-28,2024-04-05,Closed Won,PM,People Management,Partners,dinkster,1644,0
D202948,C101967,2024-07-30,2024-10-22,Closed Won,PAYROLL_DIY,Payroll DIY,Direct,shao,3857,0
D202949,C103217,2024-06-07,2024-08-10,Closed Won,ADD_ON_TKR,TKR Add-on,Direct,shao,476,0
D202950,C103240,2025-03-05,,Open,PAYROLL_DIY,Payroll DIY,Direct,awong,1647,0
D202951,C103149,2025-03-17,2025-04-30,Closed Won,PM,People Management,Direct,unassigned,1238,0
D202952,C104978,2024-03-10,2024-04-29,Closed Lost,PAYROLL_DIY,Payroll DIY,Partners,dt,507,0
D202953,C101416,2024-05-22,,Open,PM,People Management,Partners,mkoenen,1549,0
D202954,C102824,2024-02-14,2024-05-03,Closed Won,PAYROLL_DIY,Payroll DIY,Partners,mkoenen,1683,0
D202955,C100640,2025-03-02,2025-03-18,Closed Lost,PAYROLL_MPS,Managed Payroll,Direct,shao,6960,0
D202956,C100254,2024-10-02,2024-10-27,Closed Lost,PAYROLL_MPS,Managed Payroll,Partners,dinkster,4397,0
D202957,C103406,2024-04-08,,Open,PAYROLL_MPS,Managed Payroll,Partners,dt,3280,0
D202958,C103820,2024-11-04,2024-11-07,Closed Lost,ADD_ON_TKR,TKR Add-on,Partners,dt,1630,0
D202959,C104445,2024-04-11,2024-06-07,Closed Won,PAYROLL_DIY,Payroll DIY,Partners,awong,156,0
D202960,C104505,2025-03-24,2025-05-24,Closed Won,PAYROLL_DIY,Payroll DIY,Partners,mkoenen,598,0
D202961,C101495,2024-04-25,2024-06-22,Closed Lost,ADD_ON_TKR,TKR Add-on,Partners,dinkster,1780,0
D202962,C103355,2024-01-30,2024-03-14,Closed Won,ADD_ON_TKR,TKR Add-on,Direct,shao,113,0
D202963,C103456,2024-05-18,2024-08-07,Closed Won,PAYROLL_DIY,Payroll DIY,Direct,mkoenen,4517,0
D202964,C104307,2024-10-26,2024-12-15,Closed Won,ADD_ON_TKR,TKR Add-on,Partners,awong,1086,0
D202965,C103081,2024-08-25,,Open,PAYROLL_DIY,Payroll DIY,Direct,unassigned,2121,0
D202966,C101122,2024-04-05,2024-05-10,Closed Won,PAYROLL_DIY,Payroll DIY,Direct,shao,4173,0
D202967,C100552,2024-07-19,,Open,PAYROLL_MPS,Managed Payroll,Partners,unassigned,5646,0
D202968,C102469,2024-09-18,2024-11-17,Closed Won,PAYROLL_DIY,Payroll DIY,Direct,dt,3368,0
D202969,C101097,2024-06-19,,Open,PAYROLL_MPS,Managed Payroll,Direct,awong,8001,0
D202970,C102546,2025-05-09,,Open,ADD_ON_TKR,TKR Add-on,Direct,dinkster,535,0
D202971,C101865,2024-03-21,,Open,PAYROLL_MPS,Managed Payroll,Direct,mkoenen,887,0
D202972,C102539,2024-09-07,,Open,PAYROLL_MPS,Managed Payroll,Partners,dinkster,6138,0
D202973,C103752,2025-06-18,,Open,PM,People Management,Direct,,1790,0
D202974,C104321,2025-04-06,2025-05-12,Closed Won,PAYROLL_MPS,Managed Payroll,Partners,_tmp,6182,0
D202975,C103426,2024-07-20,2024-10-02,Closed Won,PAYROLL_MPS,Managed Payroll,Partners,awong,7644,0
D202976,C103403,2024-02-05,,Open,ADD_ON_TKR,TKR Add-on,Direct,shao,59,0
D202977,C100262,2025-04-10,2025-04-20,Closed Won,PAYROLL_DIY,Payroll DIY,Partners,mkoenen,961,0
D202978,C103034,2024-08-26,2024-08-29,Closed Won,PAYROLL_DIY,Payroll DIY,Direct,mkoenen,956,0
D202979,C104638,2024-12-04,2024-12-31,Closed Won,PAYROLL_DIY,Payroll DIY,Partners,awong,2320,0
D202980,C101410,2024-04-28,2024-07-11,Closed Won,PAYROLL_MPS,Managed Payroll,Direct,awong,3445,0
D202981,C104517,2025-04-24,2025-05-08,Closed Won,ADD_ON_TKR,TKR Add-on,Partners,awong,513,0
D202982,C104698,2024-06-09,2024-08-09,Closed Won,PAYROLL_MPS,Managed Payroll,Partners,dt,2842,0
D202983,C102714,2025-05-09,2025-05-15,Closed Won,PAYROLL_MPS,Managed Payroll,Partners,awong,7009,0
D202984,C104067,2024-08-23,2024-09-12,Closed Lost,ADD_ON_TKR,TKR Add-on,Direct,dinkster,1740,0
D202985,C100991,2024-06-09,,Open,PM,People Management,Direct,unassigned,1454,0
D202986,C101430,2025-06-23,2025-07-28,Closed Won,ADD_ON_TKR,TKR Add-on,Direct,shao,930,0
D202987,C100700,2024-02-28,,Open,PAYROLL_DIY,Payroll DIY,Direct,awong,2543,0
D202988,C101880,2025-06-07,2025-07-24,Closed Won,ADD_ON_TKR,TKR Add-on,Direct,dt,652,0
D202989,C103147,2024-06-26,,Open,PAYROLL_DIY,Payroll DIY,Direct,shao,2442,0
D202990,C102818,2025-05-04,,Open,PAYROLL_DIY,Payroll DIY,Direct,dinkster,1939,0
D202991,C104430,2024-08-19,2024-10-13,Closed Won,PAYROLL_MPS,Managed Payroll,Partners,awong,4149,0
D202992,C102911,2025-01-08,2025-02-06,Closed Won,PAYROLL_DIY,Payroll DIY,Direct,awong,3293,0
D202993,C101496,2025-04-30,2025-05-10,Closed Won,PM,People Management,Direct,shao,86,0
D202994,C104988,2025-05-22,2025-06-27,Closed Lost,ADD_ON_TKR,TKR Add-on,Partners,awong,1173,0
D202995,C104311,2024-10-16,,Open,PAYROLL_MPS,Managed Payroll,Partners,shao,2405,0
D202996,C101550,2024-06-01,2024-06-19,Closed Won,PAYROLL_MPS,Managed Payroll,Direct,dt,3994,0
D202997,C103604,2024-04-17,,Open,PM,People Management,Direct,awong,880,0
D202998,C100951,2024-11-12,2025-02-07,Closed Lost,PAYROLL_DIY,Payroll DIY,Direct,dt,2581,0
D202999,C100799,2024-06-28,,Open,PAYROLL_MPS,Managed Payroll,Direct,dinkster,723,0
D203000,C103495,2025-04-07,2025-04-30,Closed Won,PM,People Management,Direct,awong,373,0
D203001,C103795,2025-02-28,2025-04-30,Closed Won,PM,People Management,Partners,mkoenen,524,0
D203002,C103978,2024-06-28,2024-09-11,Closed Won,PAYROLL_MPS,Managed Payroll,Partners,dt,7442,0
D203003,C101455,2025-06-29,2025-07-31,Closed Won,PM,People Management,Partners,unassigned,1537,0
D203004,C103760,2024-07-16,2024-07-27,Closed Won,PAYROLL_MPS,Managed Payroll,Partners,dinkster,2009,0
D203005,C102558,2024-08-17,2024-09-07,Closed Won,PAYROLL_DIY,Payroll DIY,Partners,mkoenen,1417,0
D203006,C101190,2024-02-05,2024-04-01,Closed Lost,PAYROLL_DIY,Payroll DIY,Partners,mkoenen,2032,0
D203007,C104330,2024-02-16,,Open,PAYROLL_DIY,Payroll DIY,Partners,dt,1762,0
D203008,C104955,2024-01-23,2024-02-25,Closed Won,PAYROLL_DIY,Payroll DIY,Partners,unassigned,1684,0
D203009,C100115,2025-04-21,2025-05-18,Closed Lost,ADD_ON_TKR,TKR Add-on,Direct,shao,653,0
D203010,C102047,2024-06-15,,Open,PAYROLL_MPS,Managed Payroll,Partners,shao,2124,0
D203011,C103738,2024-03-22,,Open,PAYROLL_DIY,Payroll DIY,Direct,awong,694,0
D203012,C104911,2025-02-18,2025-03-05,Closed Won,ADD_ON_TKR,TKR Add-on,Partners,dt,981,0
D203013,C104470,2024-06-26,2024-09-23,Closed Won,PM,People Management,Partners,awong,1719,0
D203014,C101130,2025-04-07,2025-04-25,Closed Won,PAYROLL_DIY,Payroll DIY,Partners,awong,3541,0
D203015,C101793,2024-04-21,,Open,ADD_ON_TKR,TKR Add-on,Direct,dinkster,156,0
D203016,C103533,2025-05-14,2025-05-26,Closed Won,ADD_ON_TKR,TKR Add-on,Partners,awong,1316,0
D203017,C103092,2025-06-08,,Open,PAYROLL_MPS,Managed Payroll,Partners,awong,2816,0
D203018,C104114,2025-04-12,2025-07-11,Closed Won,PM,People Management,Direct,mkoenen,1081,0
D203019,C104615,2024-03-19,2024-06-13,Closed Lost,PAYROLL_MPS,Managed Payroll,Partners,dt,1024,0
D203020,C100660,2024-05-16,2024-07-06,Closed Lost,PAYROLL_DIY,Payroll DIY,Direct,dt,1292,0
D203021,C102878,2024-07-14,2024-09-24,Closed Lost,PAYROLL_MPS,Managed Payroll,Partners,mkoenen,3993,0
D203022,C103453,2024-11-10,,Open,PAYROLL_MPS,Managed Payroll,Partners,unassigned,4413,0
D203023,C102787,2024-05-20,2024-08-07,Closed Won,PM,People Management,Direct,dinkster,1448,0
D203024,C101161,2025-05-11,2025-06-14,Closed Won,ADD_ON_TKR,TKR Add-on,Partners,dt,0,0
D203025,C103291,2025-02-06,,Open,PAYROLL_DIY,Payroll DIY,Direct,dt,3613,0
D203026,C101657,2024-12-29,,Open,PAYROLL_DIY,Payroll DIY,Direct,awong,2940,0
D203027,C102774,2025-01-08,2025-02-04,Closed Lost,ADD_ON_TKR,TKR Add-on,Direct,unassigned,845,0
D203028,C100177,2024-12-09,,Open,PM,People Management,Direct,shao,1551,0
D203029,C101493,2024-10-17,,Open,ADD_ON_TKR,TKR Add-on,Direct,mkoenen,814,0
D203030,C104303,2025-05-09,,Open,PAYROLL_DIY,Payroll DIY,Direct,shao,1870,0
D203031,C100183,2025-02-26,2025-04-07,Closed Won,PAYROLL_DIY,Payroll DIY,Partners,dt,1542,0
D203032,C104397,2025-05-22,2025-06-04,Closed Lost,PM,People Management,Partners,awong,758,0
D203033,C104688,2024-07-06,2024-09-16,Closed Won,PAYROLL_DIY,Payroll DIY,Partners,dinkster,2192,0
D203034,C103281,2025-01-09,2025-02-20,Closed Won,PAYROLL_DIY,Payroll DIY,Direct,unassigned,2333,0
D203035,C102710,2025-03-08,2025-05-24,Closed Won,PAYROLL_MPS,Managed Payroll,Partners,mkoenen,4608,0
D203036,C103797,2024-03-07,,Open,PAYROLL_DIY,Payroll DIY,Partners,dinkster,1407,0
D203037,C100954,2024-03-19,,Open,PAYROLL_MPS,Managed Payroll,Partners,dt,3847,0
D203038,C101422,2025-06-04,2025-08-06,Closed Won,PAYROLL_DIY,Payroll DIY,Partners,dinkster,2603,0
D203039,C100424,2024-09-17,2024-09-24,Closed Won,ADD_ON_TKR,TKR Add-on,Direct,unassigned,970,0
D203040,C103945,2024-04-13,2024-06-12,Closed Won,PAYROLL_DIY,Payroll DIY,Direct,awong,2095,0
D203041,C101877,2024-12-09,2024-12-27,Closed Won,PM,People Management,Direct,shao,1106,0
D203042,C104600,2024-11-30,2024-12-06,Closed Won,PAYROLL_DIY,Payroll DIY,Direct,dt,3349,0
D203043,C102938,2024-02-04,2024-03-24,Closed Won,PAYROLL_DIY,Payroll DIY,Partners,dinkster,2512,0
D203044,C100746,2024-10-06,2024-10-13,Closed Won,PM,People Management,Partners,shao,391,0
D203045,C100207,2024-09-15,,Open,PM,People Management,Direct,mkoenen,1740,0
D203046,C104111,2025-01-12,,Open,ADD_ON_TKR,TKR Add-on,Partners,awong,1003,0
D203047,C100636,2024-11-06,2025-01-14,Closed Won,ADD_ON_TKR,TKR Add-on,Direct,mkoenen,330,0
D203048,C102813,2025-04-02,2025-04-26,Closed Won,ADD_ON_TKR,TKR Add-on,Partners,mkoenen,387,0
D203049,C101196,2024-02-03,2024-04-13,Closed Lost,PAYROLL_DIY,Payroll DIY,Direct,mkoenen,2384,0
D203050,C102016,2024-11-30,2025-02-20,Closed Lost,ADD_ON_TKR,TKR Add-on,Direct,shao,0,0
D203051,C104684,2024-05-31,2024-06-20,Closed Won,PAYROLL_DIY,Payroll DIY,Partners,dt,2964,0
D203052,C102686,2025-04-02,,Open,PM,People Management,Partners,dinkster,1543,0
D203053,C103346,2024-03-05,2024-04-18,Closed Lost,ADD_ON_TKR,TKR Add-on,Partners,dt,1362,0
D203054,C102754,2024-05-02,2024-07-12,Closed Lost,PAYROLL_DIY,Payroll DIY,Partners,dt,1693,0
D203055,C103324,2024-05-17,2024-06-30,Closed Lost,PAYROLL_DIY,Payroll DIY,Direct,shao,1932,0
D203056,C100274,2024-09-01,2024-09-22,Closed Won,PM,People Management,Partners,mkoenen,755,0
D203057,C100043,2025-03-11,,Open,PAYROLL_DIY,Payroll DIY,Direct,dt,1138,0
D203058,C103848,2024-06-08,,Open,ADD_ON_TKR,TKR Add-on,Partners,shao,433,0
D203059,C100294,2024-07-26,2024-09-01,Closed Won,PAYROLL_DIY,Payroll DIY,Partners,awong,1657,0
D203060,C100334,2024-12-08,,Open,PAYROLL_MPS,Managed Payroll,Direct,unassigned,5755,0
D203061,C100482,2025-03-15,2025-05-26,Closed Won,PM,People Management,Direct,dt,1134,0
D203062,C103078,2024-08-26,2024-11-21,Closed Won,PAYROLL_DIY,Payroll DIY,Direct,dinkster,2131,0
D203063,C102431,2024-08-04,2024-08-08,Closed Lost,PM,People Management,Partners,awong,359,0
D203064,C104188,2024-05-24,2024-08-04,Closed Won,PAYROLL_MPS,Managed Payroll,Partners,shao,5774,0
D203065,C101211,2024-06-07,2024-06-17,Closed Won,PAYROLL_DIY,Payroll DIY,Partners,mkoenen,1743,0
D203066,C103960,2024-10-24,,Open,PAYROLL_DIY,Payroll DIY,Direct,dinkster,2112,0
D203067,C104927,2024-08-31,2024-11-13,Closed Won,ADD_ON_TKR,TKR Add-on,Direct,mkoenen,291,0
D203068,C101970,2025-03-14,,Open,ADD_ON_TKR,TKR Add-on,Direct,dinkster,892,0
D203069,C103680,2024-11-04,2025-01-03,Closed Won,ADD_ON_TKR,TKR Add-on,Direct,dt,1389,0
D203070,C102980,2024-03-10,2024-04-05,Closed Won,PAYROLL_DIY,Payroll DIY,Direct,awong,1652,0
D203071,C102259,2024-02-28,2024-04-30,Closed Won,PM,People Management,Direct,dinkster,1504,0
D203072,C101117,2025-05-26,2025-08-14,Closed Won,PAYROLL_MPS,Managed Payroll,Direct,mkoenen,6678,0
D203073,C103988,2025-06-04,,Open,PAYROLL_MPS,Managed Payroll,Partners,dinkster,6135,0
D203074,C101022,2025-03-20,2025-03-28,Closed Won,PM,People Management,Direct,unassigned,1978,0
D203075,C103678,2024-02-12,2024-03-02,Closed Won,PAYROLL_DIY,Payroll DIY,Partners,unassigned,2002,0
D203076,C102318,2024-09-22,,Open,PAYROLL_DIY,Payroll DIY,Direct,dinkster,274,0
D203077,C103419,2024-11-02,2024-11-26,Closed Lost,PAYROLL_MPS,Managed Payroll,Direct,mkoenen,0,0
D203078,C102940,2024-02-05,,Open,PAYROLL_MPS,Managed Payroll,Direct,dinkster,6888,0
D203079,C101239,2024-11-22,2025-01-22,Closed Won,ADD_ON_TKR,TKR Add-on,Partners,shao,662,0
D203080,C101976,2024-12-18,2025-02-02,Closed Won,PM,People Management,Partners,shao,1395,0
D203081,C104682,2024-04-10,2024-07-01,Closed Lost,PAYROLL_DIY,Payroll DIY,Direct,dinkster,3984,0
D203082,C104728,2024-12-23,,Open,PM,People Management,Direct,unassigned,1993,0
D203083,C100447,2025-06-29,,Open,PAYROLL_MPS,Managed Payroll,Direct,shao,6352,0
D203084,C103706,2025-03-05,2025-03-17,Closed Won,ADD_ON_TKR,TKR Add-on,Direct,unassigned,959,0
D203085,C100771,2024-05-26,2024-06-14,Closed Won,PAYROLL_DIY,Payroll DIY,Direct,awong,523,0
D203086,C104410,2025-05-05,2025-05-07,Closed Won,PM,People Management,Partners,dt,1235,0
D203087,C103117,2025-02-22,2025-04-30,Closed Won,PAYROLL_DIY,Payroll DIY,Partners,shao,3865,0
D203088,C101973,2024-08-03,2024-09-27,Closed Won,PM,People Management,Partners,dt,315,1
D203089,C102462,2025-06-19,2025-08-05,Closed Lost,PAYROLL_DIY,Payroll DIY,Partners,shao,3410,0
D203090,C100466,2025-05-07,,Open,PAYROLL_MPS,Managed Payroll,Partners,dt,4728,0
D203091,C101198,2025-04-07,,Open,PAYROLL_MPS,Managed Payroll,Partners,awong,3918,0
D203092,C104504,2024-10-18,2024-12-04,Closed Won,PAYROLL_MPS,Managed Payroll,Direct,shao,1394,0
D203093,C102739,2025-06-01,2025-08-25,Closed Won,ADD_ON_TKR,TKR Add-on,Direct,dinkster,757,0
D203094,C103311,2025-03-25,2025-03-27,Closed Won,PAYROLL_MPS,Managed Payroll,Partners,unassigned,6217,0
D203095,C103348,2025-03-29,,Open,PM,People Management,Partners,unassigned,0,0
D203096,C103957,2025-06-22,2025-07-15,Closed Won,PAYROLL_MPS,Managed Payroll,Partners,dt,5518,0
D203097,C103019,2024-08-25,2024-10-04,Closed Won,PAYROLL_DIY,Payroll DIY,Partners,dt,1510,0
D203098,C104638,2024-10-09,2024-12-17,Closed Won,PAYROLL_MPS,Managed Payroll,Partners,dt_tmp,1952,0
D203099,C104801,2024-07-16,2024-09-11,Closed Won,ADD_ON_TKR,TKR Add-on,Partners,dinkster,564,0
D203100,C102907,2024-05-12,,Open,PAYROLL_MPS,Managed Payroll,Direct,unassigned,3518,0
D203101,C101576,2024-02-22,2024-05-21,Closed Won,ADD_ON_TKR,TKR Add-on,Direct,unassigned,975,0
D203102,C100459,2024-07-22,,Open,PAYROLL_MPS,Managed Payroll,Direct,awong,7365,0
D203103,C101614,2024-05-08,2024-06-22,Closed Won,ADD_ON_TKR,TKR Add-on,Partners,dinkster,466,0
D203104,C104265,2024-08-28,2024-09-15,Closed Won,PAYROLL_DIY,Payroll DIY,Partners,unassigned_tmp,2036,0
D203105,C100533,2025-07-01,,Open,PAYROLL_DIY,Payroll DIY,Partners,unassigned,1700,0
D203106,C100690,2024-05-04,,Open,PM,People Management,Direct,dt,1316,0
D203107,C103187,2024-07-28,2024-09-15,Closed Won,PM,People Management,Partners,awong,557,0
D203108,C103698,2025-04-12,,Open,PM,People Management,Direct,mkoenen,894,0
D203109,C101804,2024-03-07,2024-03-26,Closed Won,ADD_ON_TKR,TKR Add-on,Direct,dinkster,1233,0
D203110,C102974,2025-03-02,,Open,PAYROLL_MPS,Managed Payroll,Direct,shao,4378,0
D203111,C101922,2025-04-08,2025-07-05,Closed Won,PM,People Management,Partners,awong,1805,0
D203112,C100707,2024-07-19,2024-08-27,Closed Won,PM,People Management,Partners,shao,1756,0
D203113,C103917,2024-02-04,,Open,PAYROLL_MPS,Managed Payroll,Direct,unassigned,4298,0
D203114,C101685,2024-02-25,2024-03-26,Closed Won,ADD_ON_TKR,TKR Add-on,Direct,unassigned,754,0
D203115,C102891,2025-05-15,2025-07-23,Closed Lost,PAYROLL_DIY,Payroll DIY,Direct,shao,1084,0
D203116,C101631,2024-02-22,2024-05-11,Closed Won,PAYROLL_MPS,Managed Payroll,Partners,mkoenen,5937,0
D203117,C101719,2024-02-21,,Open,PAYROLL_DIY,Payroll DIY,Partners,awong,1729,0
D203118,C104471,2024-04-13,2024-07-11,Closed Won,PAYROLL_MPS,Managed Payroll,Direct,shao,4072,0
D203119,C103911,2025-05-26,2025-07-15,Closed Won,PAYROLL_MPS,Managed Payroll,Direct,unassigned,7288,0
D203120,C100176,2025-05-04,2025-05-13,Closed Won,PM,People Management,Direct,mkoenen,1104,0
D203121,C100985,2024-05-04,,Open,PAYROLL_DIY,Payroll DIY,Direct,unassigned,1504,0
D203122,C101525,2024-01-07,2024-03-21,Closed Won,PM,People Management,Direct,unassigned,830,0
D203123,C102026,2025-04-20,2025-05-10,Closed Won,PAYROLL_MPS,Managed Payroll,Partners,dt,5775,0
D203124,C101997,2025-01-24,,Open,ADD_ON_TKR,TKR Add-on,Direct,dt,896,0
D203125,C100543,2025-05-23,2025-06-17,Closed Won,PM,People Management,Direct,unassigned,1683,0
D203126,C102163,2024-09-12,,Open,ADD_ON_TKR,TKR Add-on,Direct,,1227,0
D203127,C100563,2024-04-16,2024-05-10,Closed Lost,PAYROLL_DIY,Payroll DIY,Direct,mkoenen,-2424,0
D203128,C100969,2024-02-19,2024-03-08,Closed Lost,ADD_ON_TKR,TKR Add-on,Partners,dinkster,443,0
D203129,C101592,2024-04-17,2024-05-17,Closed Won,PAYROLL_MPS,Managed Payroll,Partners,dt,2940,0
D203130,C102455,2025-05-14,2025-07-10,Closed Won,PAYROLL_DIY,Payroll DIY,Partners,dinkster,1549,0
D203131,C104810,2025-01-30,2025-04-09,Closed Won,PAYROLL_DIY,Payroll DIY,Partners,dt,1160,0
D203132,C101306,2025-02-01,2025-02-27,Closed Won,PAYROLL_DIY,Payroll DIY,Direct,mkoenen,1116,0
D203133,C103690,2024-07-31,2024-08-07,Closed Won,PAYROLL_DIY,Payroll DIY,Partners,shao,1746,0
D203134,C101330,2024-12-15,2025-02-28,Closed Lost,ADD_ON_TKR,TKR Add-on,Partners,shao,816,0
D203135,C100837,2025-06-06,2025-08-14,Closed Won,PM,People Management,Direct,mkoenen,421,0
D203136,C104497,2024-12-29,2025-03-29,Closed Lost,PAYROLL_MPS,Managed Payroll,Partners,mkoenen,6529,0
D203137,C102782,2025-04-30,2025-06-12,Closed Won,PM,People Management,Direct,unassigned,918,0
D203138,C103012,2025-01-18,2025-04-12,Closed Won,PAYROLL_MPS,Managed Payroll,Direct,awong,1919,0
D203139,C104720,2025-03-18,2025-04-28,Closed Won,PAYROLL_MPS,Managed Payroll,Direct,awong,5548,0
D203140,C104682,2024-10-02,,Open,PM,People Management,Direct,awong,1480,0
D203141,C103642,2024-07-17,,Open,ADD_ON_TKR,TKR Add-on,Direct,awong,760,0
D203142,C104068,2024-05-08,2024-06-13,Closed Won,ADD_ON_TKR,TKR Add-on,Direct,dt,520,0
D203143,C104840,2024-06-07,,Open,PM,People Management,Direct,mkoenen,1401,0
D203144,C103638,2024-12-12,,Open,ADD_ON_TKR,TKR Add-on,Direct,awong,1607,0
D203145,C102593,2024-12-20,,Open,PAYROLL_DIY,Payroll DIY,Partners,awong,1888,0
D203146,C101670,2025-06-27,2025-09-20,Closed Won,ADD_ON_TKR,TKR Add-on,Direct,mkoenen,742,0
D203147,C101597,2024-11-02,2024-11-19,Closed Won,PAYROLL_MPS,Managed Payroll,Direct,dt,2723,0
D203148,C104301,2024-03-18,2024-04-03,Closed Lost,ADD_ON_TKR,TKR Add-on,Direct,dt,1157,0
D203149,C102729,2025-05-26,2025-06-05,Closed Lost,PAYROLL_MPS,Managed Payroll,Partners,awong,1377,0
D203150,C103015,2025-06-26,2025-06-27,Closed Won,PM,People Management,Direct,dt,955,0
D203151,C102692,2024-02-23,2024-03-12,Closed Lost,PAYROLL_MPS,Managed Payroll,Direct,dinkster,2994,0
D203152,C104640,2024-09-07,,Open,PAYROLL_MPS,Managed Payroll,Direct,shao,1090,0
D203153,C100483,2024-11-30,,Open,PAYROLL_MPS,Managed Payroll,Partners,dt,4461,0
D203154,C102649,2024-12-08,2025-01-21,Closed Won,ADD_ON_TKR,TKR Add-on,Partners,dinkster,1054,0
D203155,C102400,2025-04-19,2025-06-26,Closed Won,ADD_ON_TKR,TKR Add-on,Direct,dinkster,789,0
D203156,C104430,2024-04-21,2024-07-10,Closed Lost,PM,People Management,Partners,mkoenen,822,0
D203157,C104180,2024-01-20,,Open,ADD_ON_TKR,TKR Add-on,Direct,awong_tmp,411,0
D203158,C100089,2024-10-03,2024-12-18,Closed Lost,PAYROLL_DIY,Payroll DIY,Partners,dt,1217,0
D203159,C100816,2024-01-21,2024-02-13,Closed Won,ADD_ON_TKR,TKR Add-on,Direct,shao,1258,0
D203160,C104262,2024-10-16,2024-12-28,Closed Won,PAYROLL_DIY,Payroll DIY,Direct,shao,2056,0
D203161,C100557,2025-02-18,2025-02-22,Closed Won,ADD_ON_TKR,TKR Add-on,Direct,dt,1408,0
D203162,C101306,2024-09-15,2024-11-07,Closed Won,PM,People Management,Partners,dinkster,0,0
D203163,C102861,2024-07-23,2024-09-01,Closed Lost,PAYROLL_DIY,Payroll DIY,Partners,shao,3288,0
D203164,C101737,2024-02-12,2024-02-21,Closed Lost,PAYROLL_DIY,Payroll DIY,Partners,unassigned,2208,0
D203165,C101838,2024-01-28,,Open,PAYROLL_MPS,Managed Payroll,Partners,mkoenen,2831,0
D203166,C101844,2025-01-19,2025-04-03,Closed Won,PAYROLL_DIY,Payroll DIY,Partners,dt,2637,0
D203167,C103946,2024-06-14,2024-08-06,Closed Lost,PAYROLL_MPS,Managed Payroll,Partners,awong,2799,0
D203168,C104493,2024-07-13,2024-07-27,Closed Won,ADD_ON_TKR,TKR Add-on,Direct,awong,582,0
D203169,C101733,2025-01-10,2025-01-20,Closed Won,PAYROLL_DIY,Payroll DIY,Direct,unassigned,1178,0
D203170,C102144,2024-10-30,2024-12-12,Closed Won,ADD_ON_TKR,TKR Add-on,Partners,dt,980,0
D203171,C100106,2025-04-22,2025-06-06,Closed Won,PM,People Management,Direct,mkoenen,0,0
D203172,C100208,2025-03-09,2025-04-30,Closed Won,PM,People Management,Direct,shao,1630,0
D203173,C100078,2024-09-24,2024-11-01,Closed Won,PM,People Management,Direct,awong,455,0
D203174,C101153,2024-02-24,,Open,PM,People Management,Partners,dinkster,1287,0
D203175,C102510,2024-08-12,2024-08-29,Closed Won,PAYROLL_DIY,Payroll DIY,Direct,awong,2674,0
D203176,C104038,2024-04-26,2024-06-26,Closed Lost,ADD_ON_TKR,TKR Add-on,Direct,awong,294,0
D203177,C101745,2024-06-27,2024-09-02,Closed Lost,PAYROLL_DIY,Payroll DIY,Partners,dinkster,0,0
D203178,C100499,2024-04-07,2024-05-22,Closed Won,PM,People Management,Partners,dinkster,2446,0
D203179,C102930,2025-04-13,2025-06-07,Closed Won,PM,People Management,Direct,unassigned,1168,0
D203180,C101722,2024-01-22,,Open,PAYROLL_DIY,Payroll DIY,Partners,unassigned,0,0
D203181,C102366,2024-02-08,2024-04-20,Closed Lost,PM,People Management,Direct,shao,2054,0
D203182,C100221,2024-11-10,,Open,PAYROLL_DIY,Payroll DIY,Partners,dt,3210,0
D203183,C104508,2025-05-26,2025-08-05,Closed Won,PM,People Management,Direct,shao,1301,0
D203184,C101631,2025-05-12,2025-07-16,Closed Won,PAYROLL_MPS,Managed Payroll,Partners,shao,3258,0
D203185,C104970,2024-12-30,,Open,ADD_ON_TKR,TKR Add-on,Partners,dinkster,1071,0
D203186,C102821,2024-09-15,2024-11-28,Closed Won,PAYROLL_DIY,Payroll DIY,Partners,unassigned,1812,1
D203187,C101120,2024-07-09,2024-07-28,Closed Won,PAYROLL_MPS,Managed Payroll,Partners,,6932,0
D203188,C104108,2025-06-30,2025-08-30,Closed Lost,PAYROLL_DIY,Payroll DIY,Direct,unassigned,1474,0
D203189,C100249,2025-06-20,2025-06-24,Closed Won,ADD_ON_TKR,TKR Add-on,Partners,mkoenen,635,0
D203190,C101570,2025-05-10,2025-07-01,Closed Won,PM,People Management,Direct,awong,2375,0
D203191,C100158,2024-09-30,2024-10-29,Closed Lost,ADD_ON_TKR,TKR Add-on,Direct,mkoenen,746,0
D203192,C104541,2024-02-24,,Open,ADD_ON_TKR,TKR Add-on,Direct,dt,354,0
D203193,C102696,2024-05-14,2024-06-24,Closed Lost,PAYROLL_MPS,Managed Payroll,Partners,awong,3037,0
D203194,C101642,2024-08-12,,Open,PAYROLL_MPS,Managed Payroll,Partners,dinkster,4999,0
D203195,C104520,2024-08-26,2024-09-05,Closed Lost,PAYROLL_MPS,Managed Payroll,Partners,unassigned,3459,0
D203196,C103690,2024-03-18,2024-05-24,Closed Won,ADD_ON_TKR,TKR Add-on,Direct,dt,910,0
D203197,C100092,2025-01-18,,Open,PM,People Management,Partners,dt,1231,0
D203198,C104071,2024-04-09,2024-05-14,Closed Won,ADD_ON_TKR,TKR Add-on,Partners,dt,1032,0
D203199,C101922,2025-05-10,2025-05-29,Closed Won,PAYROLL_MPS,Managed Payroll,Direct,unassigned,2155,0
D203200,C103785,2024-06-19,2024-08-11,Closed Won,PAYROLL_MPS,Managed Payroll,Direct,dt,4393,0
D203201,C101163,2025-01-13,2025-02-28,Closed Won,ADD_ON_TKR,TKR Add-on,Direct,dt,556,0
D203202,C102392,2024-02-28,2024-03-25,Closed Lost,PM,People Management,Direct,mkoenen,1435,0
D203203,C104595,2024-08-03,2024-08-18,Closed Won,PAYROLL_DIY,Payroll DIY,Partners,dinkster,2329,1
D203204,C104879,2024-08-18,2024-10-20,Closed Lost,PAYROLL_MPS,Managed Payroll,Partners,mkoenen,2051,0
D203205,C102536,2024-12-12,2025-02-09,Closed Lost,PAYROLL_DIY,Payroll DIY,Direct,mkoenen,2432,0
D203206,C100306,2024-06-25,2024-08-25,Closed Won,PAYROLL_MPS,Managed Payroll,Direct,shao,2639,0
D203207,C102935,2025-05-14,2025-07-04,Closed Lost,ADD_ON_TKR,TKR Add-on,Partners,dt,158,0
D203208,C102220,2025-04-19,,Open,ADD_ON_TKR,TKR Add-on,Partners,unassigned,672,0
D203209,C103501,2024-05-02,2024-05-03,Closed Won,PM,People Management,Partners,dt,640,0
D203210,C102069,2024-02-28,2024-04-13,Closed Won,PAYROLL_DIY,Payroll DIY,Partners,unassigned,3648,0
D203211,C103056,2025-03-15,2025-04-07,Closed Won,PAYROLL_MPS,Managed Payroll,Partners,unassigned,6753,0
D203212,C102181,2025-03-19,2025-06-05,Closed Won,PAYROLL_MPS,Managed Payroll,Direct,dt,4050,0
D203213,C101284,2025-01-29,2025-04-26,Closed Won,PAYROLL_DIY,Payroll DIY,Partners,awong,1289,0
D203214,C104291,2024-11-16,2024-11-26,Closed Won,PAYROLL_MPS,Managed Payroll,Direct,awong,358,0
D203215,C101929,2025-04-10,,Open,PM,People Management,Partners,mkoenen,2169,0
D203216,C103913,2024-07-14,2024-08-22,Closed Won,PAYROLL_DIY,Payroll DIY,Direct,dt,1492,0
D203217,C103466,2025-02-26,2025-04-16,Closed Won,PAYROLL_DIY,Payroll DIY,Partners,mkoenen,2189,0
D203218,C100374,2025-03-25,,Open,PM,People Management,Partners,mkoenen,1829,0
D203219,C101931,2025-02-23,2025-03-30,Closed Won,PM,People Management,Direct,shao,1361,0
D203220,C100113,2024-06-28,2024-07-16,Closed Won,PAYROLL_DIY,Payroll DIY,Direct,dinkster,3062,0
D203221,C102557,2025-02-13,2025-02-21,Closed Won,PAYROLL_DIY,Payroll DIY,Partners,mkoenen,3645,0
D203222,C104250,2024-01-20,,Open,ADD_ON_TKR,TKR Add-on,Direct,shao,1090,0
D203223,C100745,2024-01-10,2024-01-17,Closed Won,PAYROLL_DIY,Payroll DIY,Partners,shao,1185,0
D203224,C104559,2024-01-23,2024-03-05,Closed Won,ADD_ON_TKR,TKR Add-on,Direct,dt,250,0
D203225,C104460,2024-11-15,,Open,PM,People Management,Partners,mkoenen,886,0
D203226,C101362,2024-09-11,2024-09-20,Closed Won,PAYROLL_MPS,Managed Payroll,Partners,mkoenen,5275,0
D203227,C102190,2024-04-25,2024-05-06,Closed Lost,ADD_ON_TKR,TKR Add-on,Partners,shao,632,0
D203228,C103113,2025-01-09,2025-03-11,Closed Won,ADD_ON_TKR,TKR Add-on,Partners,unassigned,725,0
D203229,C104241,2024-11-26,2025-02-11,Closed Lost,ADD_ON_TKR,TKR Add-on,Partners,dinkster,253,0
D203230,C102491,2025-06-22,2025-08-10,Closed Won,PM,People Management,Direct,awong,780,0
D203231,C103073,2024-11-07,2024-11-08,Closed Won,PAYROLL_MPS,Managed Payroll,Direct,awong,2184,0
D203232,C104528,2025-06-19,2025-08-27,Closed Won,PAYROLL_MPS,Managed Payroll,Partners,shao,5751,0
D203233,C103247,2024-01-17,2024-04-15,Closed Won,ADD_ON_TKR,TKR Add-on,Direct,mkoenen,752,0
D203234,C101374,2025-02-17,,Open,PAYROLL_DIY,Payroll DIY,Direct,dt,1339,0
D203235,C101480,2024-09-07,2024-10-02,Closed Won,ADD_ON_TKR,TKR Add-on,Partners,unassigned,126,0
D203236,C100390,2024-03-24,,Open,ADD_ON_TKR,TKR Add-on,Direct,awong,1442,0
D203237,C100930,2025-02-07,2025-02-16,Closed Won,ADD_ON_TKR,TKR Add-on,Partners,unassigned,891,0
D203238,C101050,2025-04-06,2025-05-12,Closed Won,PAYROLL_DIY,Payroll DIY,Partners,dt,1269,0
D203239,C103517,2024-05-22,2024-08-05,Closed Won,ADD_ON_TKR,TKR Add-on,Partners,shao,899,0
D203240,C101668,2024-08-03,2024-10-23,Closed Won,PAYROLL_DIY,Payroll DIY,Direct,shao,3475,0
D203241,C103359,2024-01-22,2024-04-19,Closed Lost,PAYROLL_MPS,Managed Payroll,Direct,dinkster,4428,0
D203242,C100922,2024-06-12,2024-07-10,Closed Won,PAYROLL_MPS,Managed Payroll,Direct,dt,2089,0
D203243,C100665,2024-12-10,2025-02-16,Closed Won,PM,People Management,Partners,shao,544,0
D203244,C101840,2024-05-25,2024-08-21,Closed Won,PAYROLL_MPS,Managed Payroll,Partners,unassigned,5741,0
D203245,C101863,2024-01-11,2024-02-23,Closed Lost,PAYROLL_MPS,Managed Payroll,Direct,dt,4356,0
D203246,C101094,2025-03-09,2025-05-27,Closed Won,PAYROLL_DIY,Payroll DIY,Direct,shao,1233,0
D203247,C104921,2024-03-04,2024-05-30,Closed Won,PAYROLL_DIY,Payroll DIY,Direct,mkoenen,3276,0
D203248,C101662,2024-10-17,2024-10-23,Closed Won,ADD_ON_TKR,TKR Add-on,Direct,mkoenen,1469,0
D203249,C103973,2024-07-03,2024-07-08,Closed Won,ADD_ON_TKR,TKR Add-on,Partners,mkoenen,1369,0
D203250,C103421,2025-02-02,2025-05-02,Closed Won,ADD_ON_TKR,TKR Add-on,Direct,mkoenen,675,0
D203251,C104181,2024-07-28,2024-10-14,Closed Won,PAYROLL_MPS,Managed Payroll,Direct,unassigned,3334,0
D203252,C102469,2024-05-16,2024-05-20,Closed Lost,PM,People Management,Partners,mkoenen,1291,0
D203253,C102598,2025-02-01,2025-02-24,Closed Won,PAYROLL_DIY,Payroll DIY,Partners,shao,2636,1
D203254,C100135,2024-10-02,2024-12-22,Closed Lost,PAYROLL_DIY,Payroll DIY,Partners,,2953,0
D203255,C104568,2025-04-25,2025-05-30,Closed Won,ADD_ON_TKR,TKR Add-on,Direct,mkoenen,421,1
D203256,C104698,2024-09-07,,Open,PM,People Management,Partners,awong,1633,0
D203257,C103795,2024-10-16,2024-11-27,Closed Won,PAYROLL_DIY,Payroll DIY,Partners,dt,2789,0
D203258,C104363,2024-10-30,2024-12-17,Closed Won,ADD_ON_TKR,TKR Add-on,Direct,unassigned,868,0
D203259,C102114,2025-07-01,,Open,ADD_ON_TKR,TKR Add-on,Partners,awong,553,0
D203260,C102918,2024-05-16,2024-06-03,Closed Won,PAYROLL_DIY,Payroll DIY,Direct,shao,1051,0
D203261,C100094,2024-05-09,,Open,PAYROLL_DIY,Payroll DIY,Partners,shao,585,0
D203262,C104451,2024-06-26,,Open,PAYROLL_MPS,Managed Payroll,Partners,mkoenen_tmp,2247,0
D203263,C100302,2025-03-21,2025-03-30,Closed Won,PAYROLL_MPS,Managed Payroll,Direct,unassigned,3034,0
D203264,C104381,2025-06-16,2025-09-05,Closed Lost,PAYROLL_DIY,Payroll DIY,Partners,unassigned,922,0
D203265,C101312,2024-08-30,,Open,PAYROLL_MPS,Managed Payroll,Partners,dinkster,5637,0
D203266,C102596,2024-11-05,2024-12-23,Closed Lost,ADD_ON_TKR,TKR Add-on,Direct,unassigned,862,0
D203267,C102534,2024-03-13,2024-04-07,Closed Won,ADD_ON_TKR,TKR Add-on,Direct,dinkster,471,0
D203268,C101789,2024-03-16,,Open,PAYROLL_MPS,Managed Payroll,Direct,awong,3023,0
D203269,C104777,2024-04-16,,Open,ADD_ON_TKR,TKR Add-on,Direct,awong,114,0
D203270,C103118,2025-06-08,2025-07-24,Closed Lost,PAYROLL_DIY,Payroll DIY,Partners,dinkster,3412,0
D203271,C100421,2024-12-10,2025-01-16,Closed Lost,PM,People Management,Partners,awong,1599,0
D203272,C101147,2024-09-24,,Open,PAYROLL_DIY,Payroll DIY,Direct,mkoenen,1930,0
D203273,C102210,2025-06-21,2025-07-11,Closed Lost,PM,People Management,Partners,mkoenen,108,0
D203274,C101793,2024-07-30,,Open,PM,People Management,Direct,shao,1822,0
D203275,C104003,2024-04-24,2024-05-27,Closed Won,ADD_ON_TKR,TKR Add-on,Partners,dinkster,1792,0
D203276,C101488,2024-11-13,2025-01-11,Closed Lost,ADD_ON_TKR,TKR Add-on,Direct,mkoenen,460,0
D203277,C102652,2024-10-12,2024-12-06,Closed Won,ADD_ON_TKR,TKR Add-on,Partners,shao,638,0
D203278,C104834,2024-10-09,,Open,ADD_ON_TKR,TKR Add-on,Direct,mkoenen,601,0
D203279,C104091,2024-11-16,2025-02-04,Closed Won,PM,People Management,Direct,unassigned,683,0
D203280,C103535,2024-01-31,,Open,PM,People Management,Partners,mkoenen,1151,0
D203281,C100616,2024-09-21,,Open,PM,People Management,Partners,dt,418,0
D203282,C103721,2025-04-09,,Open,PAYROLL_DIY,Payroll DIY,Partners,awong,576,0
D203283,C102965,2024-05-18,,Open,PAYROLL_MPS,Managed Payroll,Direct,shao,6865,0
D203284,C100483,2024-11-29,,Open,PAYROLL_MPS,Managed Payroll,Direct,dt,7226,0
D203285,C103293,2024-03-19,2024-04-21,Closed Won,PAYROLL_MPS,Managed Payroll,Partners,dinkster,3275,0
D203286,C100088,2024-12-28,2025-01-31,Closed Won,ADD_ON_TKR,TKR Add-on,Direct,awong,1467,0
D203287,C100037,2024-05-23,,Open,ADD_ON_TKR,TKR Add-on,Direct,awong,726,0
D203288,C103203,2024-09-22,2024-12-06,Closed Won,ADD_ON_TKR,TKR Add-on,Partners,shao,0,0
D203289,C103360,2024-09-07,2024-11-19,Closed Won,ADD_ON_TKR,TKR Add-on,Partners,shao,1118,0
D203290,C104415,2025-06-26,2025-07-06,Closed Lost,ADD_ON_TKR,TKR Add-on,Direct,awong,586,0
D203291,C103729,2025-04-19,2025-05-11,Closed Won,ADD_ON_TKR,TKR Add-on,Partners,shao,774,0
D203292,C104105,2024-03-23,2024-06-20,Closed Won,ADD_ON_TKR,TKR Add-on,Partners,awong,1233,0
D203293,C102439,2025-03-27,2025-06-14,Closed Won,PM,People Management,Partners,dinkster,0,0
D203294,C101474,2024-10-30,2025-01-08,Closed Won,PAYROLL_MPS,Managed Payroll,Direct,shao,2640,0
D203295,C101171,2024-05-02,2024-05-10,Closed Lost,PAYROLL_MPS,Managed Payroll,Direct,dinkster,2375,0
D203296,C102030,2024-08-04,2024-10-13,Closed Won,PAYROLL_MPS,Managed Payroll,Partners,dt,4119,0
D203297,C100772,2024-08-02,2024-08-21,Closed Won,PAYROLL_MPS,Managed Payroll,Direct,unassigned,4732,0
D203298,C102303,2025-04-07,2025-06-13,Closed Won,PAYROLL_MPS,Managed Payroll,Direct,dinkster,0,0
D203299,C103658,2024-01-10,,Open,ADD_ON_TKR,TKR Add-on,Partners,mkoenen,715,0
D203300,C104743,2025-06-01,2025-06-09,Closed Won,ADD_ON_TKR,TKR Add-on,Partners,awong,220,0
D203301,C101895,2025-01-31,2025-02-19,Closed Lost,PAYROLL_DIY,Payroll DIY,Direct,dinkster,1472,0
D203302,C104803,2024-04-03,2024-06-24,Closed Lost,PAYROLL_MPS,Managed Payroll,Partners,unassigned,1331,0
D203303,C102096,2024-06-01,2024-08-27,Closed Lost,PM,People Management,Direct,awong,680,0
D203304,C101450,2024-01-07,2024-02-04,Closed Won,PAYROLL_DIY,Payroll DIY,Partners,unassigned,1063,0
D203305,C101279,2024-11-13,,Open,PAYROLL_MPS,Managed Payroll,Direct,awong,1200,0
D203306,C104871,2025-04-30,,Open,PAYROLL_DIY,Payroll DIY,Direct,mkoenen,2599,0
D203307,C104527,2024-11-10,,Open,ADD_ON_TKR,TKR Add-on,Direct,shao,470,0
D203308,C102944,2024-08-19,2024-10-10,Closed Won,PM,People Management,Partners,dt,404,0
D203309,C100790,2025-04-06,2025-04-30,Closed Lost,ADD_ON_TKR,TKR Add-on,Direct,shao,264,0
D203310,C103376,2025-05-07,2025-06-15,Closed Won,PM,People Management,Partners,awong,771,0
D203311,C103145,2025-04-01,,Open,PM,People Management,Direct,awong,1331,0
D203312,C103494,2025-01-29,2025-03-17,Closed Lost,PAYROLL_MPS,Managed Payroll,Partners,dt,5632,0
D203313,C104505,2024-09-14,2024-11-02,Closed Lost,PM,People Management,Direct,awong,1450,0
D203314,C103719,2024-05-07,2024-06-01,Closed Won,PAYROLL_DIY,Payroll DIY,Partners,unassigned,2487,0
D203315,C100491,2025-02-15,2025-02-19,Closed Lost,ADD_ON_TKR,TKR Add-on,Partners,awong,921,0
D203316,C101187,2024-06-13,,Open,ADD_ON_TKR,TKR Add-on,Direct,mkoenen,642,0
D203317,C100092,2024-03-09,2024-06-06,Closed Won,ADD_ON_TKR,TKR Add-on,Partners,shao,1244,0
D203318,C103580,2024-03-24,2024-06-08,Closed Won,PAYROLL_DIY,Payroll DIY,Direct,dinkster,1828,0
D203319,C104523,2024-04-25,2024-06-29,Closed Lost,PM,People Management,Direct,unassigned,558,0
D203320,C101943,2025-06-05,2025-07-26,Closed Won,ADD_ON_TKR,TKR Add-on,Direct,dt,261,0
D203321,C102281,2024-03-15,2024-04-18,Closed Won,ADD_ON_TKR,TKR Add-on,Direct,dinkster,1070,0
D203322,C101820,2025-03-15,,Open,PAYROLL_MPS,Managed Payroll,Direct,dt,-5336,0
D203323,C100598,2024-08-05,,Open,ADD_ON_TKR,TKR Add-on,Direct,unassigned,1178,0
D203324,C104409,2025-03-08,2025-04-22,Closed Won,PAYROLL_DIY,Payroll DIY,Partners,dinkster,4618,0
D203325,C101417,2025-05-07,2025-07-23,Closed Won,PAYROLL_DIY,Payroll DIY,Partners,shao,1629,0
D203326,C102808,2024-08-12,2024-11-01,Closed Won,PAYROLL_MPS,Managed Payroll,Direct,mkoenen,5152,0
D203327,C100916,2024-12-24,2025-03-16,Closed Won,PAYROLL_MPS,Managed Payroll,Partners,awong,4425,0
D203328,C101938,2025-01-20,2025-02-14,Closed Won,ADD_ON_TKR,TKR Add-on,Partners,dinkster,0,0
D203329,C104391,2024-03-28,2024-04-14,Closed Lost,ADD_ON_TKR,TKR Add-on,Partners,dt,1361,0
D203330,C103610,2025-01-12,2025-03-11,Closed Lost,PAYROLL_MPS,Managed Payroll,Direct,mkoenen,6633,0
D203331,C102908,2024-11-18,2025-02-05,Closed Won,ADD_ON_TKR,TKR Add-on,Direct,shao,1066,0
D203332,C100968,2025-04-19,2025-06-29,Closed Won,ADD_ON_TKR,TKR Add-on,Direct,mkoenen,1241,0
D203333,C100559,2024-08-10,2024-09-16,Closed Won,PAYROLL_MPS,Managed Payroll,Direct,mkoenen,3771,0
D203334,C102577,2024-12-17,2025-03-09,Closed Won,ADD_ON_TKR,TKR Add-on,Direct,dinkster,647,0
D203335,C104772,2024-05-16,2024-05-28,Closed Lost,PM,People Management,Direct,dt,1532,0
D203336,C101474,2025-01-10,2025-04-07,Closed Lost,ADD_ON_TKR,TKR Add-on,Partners,unassigned,1576,0
D203337,C104309,2025-02-12,2025-02-23,Closed Won,PM,People Management,Direct,shao,1388,0
D203338,C100419,2025-03-01,2025-03-05,Closed Won,PM,People Management,Partners,unassigned,990,1
D203339,C104403,2024-10-06,2024-11-03,Closed Lost,PAYROLL_DIY,Payroll DIY,Direct,unassigned,1315,0
D203340,C104047,2025-06-26,2025-07-28,Closed Won,ADD_ON_TKR,TKR Add-on,Direct,awong,1257,0
D203341,C100815,2025-01-27,2025-01-28,Closed Won,PAYROLL_DIY,Payroll DIY,Partners,dinkster,962,0
D203342,C102675,2024-07-22,2024-10-16,Closed Won,PAYROLL_DIY,Payroll DIY,Direct,dt,2539,0
D203343,C102878,2024-12-01,,Open,PM,People Management,Direct,unassigned,715,0
D203344,C100096,2024-02-28,2024-03-23,Closed Lost,PM,People Management,Direct,shao,1099,0
D203345,C101401,2024-08-03,2024-08-14,Closed Won,PAYROLL_MPS,Managed Payroll,Partners,shao,7967,0
D203346,C100135,2024-08-11,2024-08-21,Closed Won,PAYROLL_MPS,Managed Payroll,Direct,shao,4163,0
D203347,C102159,2024-11-01,2025-01-24,Closed Won,PAYROLL_MPS,Managed Payroll,Direct,dt,3840,0
D203348,C104557,2024-01-14,,Open,ADD_ON_TKR,TKR Add-on,Partners,mkoenen,1049,0
D203349,C101985,2024-12-25,2025-02-22,Closed Lost,PM,People Management,Direct,mkoenen,2522,0
D203350,C100375,2024-07-22,2024-09-12,Closed Won,PAYROLL_DIY,Payroll DIY,Direct,mkoenen,1366,0
D203351,C103064,2024-04-09,,Open,PAYROLL_DIY,Payroll DIY,Partners,shao,2635,0
D203352,C102356,2024-12-28,2025-02-24,Closed Lost,PAYROLL_MPS,Managed Payroll,Partners,shao,5851,0
D203353,C100030,2024-06-21,2024-07-22,Closed Won,PAYROLL_MPS,Managed Payroll,Direct,mkoenen,4333,0
D203354,C103800,2024-01-27,2024-04-14,Closed Won,PM,People Management,Direct,awong,0,0
D203355,C102166,2024-01-12,2024-03-26,Closed Lost,ADD_ON_TKR,TKR Add-on,Partners,mkoenen,1215,0
D203356,C103111,2024-10-08,,Open,PM,People Management,Direct,mkoenen,1545,0
D203357,C102390,2024-11-01,2024-11-23,Closed Won,PAYROLL_DIY,Payroll DIY,Direct,dt,1925,0
D203358,C101886,2024-02-08,,Open,PAYROLL_DIY,Payroll DIY,Partners,unassigned,1386,0
D203359,C100014,2024-12-12,,Open,ADD_ON_TKR,TKR Add-on,Direct,awong,983,0
D203360,C101410,2024-11-29,2025-02-14,Closed Won,PAYROLL_MPS,Managed Payroll,Direct,dt_tmp,3795,0
D203361,C103931,2024-10-15,2024-12-18,Closed Won,PAYROLL_MPS,Managed Payroll,Direct,dinkster,2764,0
D203362,C100117,2024-02-05,2024-04-08,Closed Lost,ADD_ON_TKR,TKR Add-on,Direct,unassigned,497,0
D203363,C102119,2024-03-31,2024-06-14,Closed Won,PAYROLL_DIY,Payroll DIY,Partners,shao,774,0
D203364,C102540,2024-03-05,,Open,PAYROLL_MPS,Managed Payroll,Direct,dinkster,1864,0
D203365,C103014,2024-09-03,2024-09-29,Closed Lost,ADD_ON_TKR,TKR Add-on,Direct,dt,720,0
D203366,C102309,2024-01-13,,Open,PM,People Management,Partners,unassigned_tmp,635,0
D203367,C100418,2024-02-20,,Open,PAYROLL_DIY,Payroll DIY,Partners,dinkster,488,0
D203368,C103013,2024-12-26,2025-02-16,Closed Lost,PM,People Management,Partners,awong,1858,0
D203369,C100334,2025-06-13,2025-07-13,Closed Won,PM,People Management,Partners,awong,896,0
D203370,C103486,2024-03-12,2024-06-01,Closed Won,ADD_ON_TKR,TKR Add-on,Direct,unassigned,992,0
D203371,C102732,2025-01-07,2025-02-23,Closed Won,ADD_ON_TKR,TKR Add-on,Partners,shao,1052,0
D203372,C103930,2024-05-15,2024-08-12,Closed Won,PM,People Management,Partners,dt,1804,0
D203373,C100807,2025-04-05,2025-05-04,Closed Won,ADD_ON_TKR,TKR Add-on,Direct,mkoenen,461,1
D203374,C104008,2024-11-10,2024-11-19,Closed Won,PAYROLL_MPS,Managed Payroll,Partners,awong,4809,0
D203375,C100881,2024-01-27,2024-03-05,Closed Won,PAYROLL_DIY,Payroll DIY,Direct,shao,1649,0
D203376,C104177,2024-01-17,2024-03-27,Closed Won,PAYROLL_DIY,Payroll DIY,Partners,dt,1288,0
D203377,C101476,2024-10-10,,Open,PAYROLL_MPS,Managed Payroll,Direct,dt,7168,0
D203378,C102045,2024-07-04,,Open,PAYROLL_DIY,Payroll DIY,Partners,unassigned,1606,0
D203379,C103632,2025-06-13,,Open,PAYROLL_MPS,Managed Payroll,Partners,mkoenen,5281,0
D203380,C102381,2025-02-10,2025-04-23,Closed Won,ADD_ON_TKR,TKR Add-on,Partners,dinkster,1366,0
D203381,C101072,2024-10-16,2024-10-31,Closed Lost,ADD_ON_TKR,TKR Add-on,Direct,mkoenen,1267,0
D203382,C103643,2024-06-05,2024-08-01,Closed Lost,PAYROLL_MPS,Managed Payroll,Direct,mkoenen,2550,0
D203383,C103268,2024-11-11,2025-02-08,Closed Won,ADD_ON_TKR,TKR Add-on,Direct,awong,980,0
D203384,C100236,2025-05-08,2025-07-23,Closed Won,PM,People Management,Partners,shao,342,0
D203385,C100889,2024-05-12,2024-05-22,Closed Won,PM,People Management,Direct,dinkster,152,0
D203386,C102800,2024-04-30,2024-06-09,Closed Won,PAYROLL_MPS,Managed Payroll,Direct,dinkster,3464,0
D203387,C100292,2024-12-23,2025-01-17,Closed Won,PM,People Management,Direct,dinkster,0,0
D203388,C104451,2024-07-11,2024-08-17,Closed Won,PAYROLL_MPS,Managed Payroll,Direct,dinkster,6446,0
D203389,C100608,2024-10-08,2024-12-09,Closed Lost,ADD_ON_TKR,TKR Add-on,Partners,shao,738,0
D203390,C100381,2024-08-28,,Open,PAYROLL_MPS,Managed Payroll,Partners,shao,9358,0
D203391,C101244,2024-03-22,,Open,PAYROLL_DIY,Payroll DIY,Partners,awong,1653,0
D203392,C100109,2024-01-25,2024-03-26,Closed Won,PAYROLL_DIY,Payroll DIY,Partners,shao,0,0
D203393,C104710,2024-10-04,2024-10-16,Closed Won,PM,People Management,Direct,awong,890,0
D203394,C103868,2025-06-19,,Open,PAYROLL_MPS,Managed Payroll,Partners,unassigned,6010,0
D203395,C103265,2024-10-06,,Open,ADD_ON_TKR,TKR Add-on,Partners,,1020,0
D203396,C103396,2024-06-12,2024-07-12,Closed Won,ADD_ON_TKR,TKR Add-on,Partners,dinkster,961,0
D203397,C100603,2024-07-25,,Open,ADD_ON_TKR,TKR Add-on,Direct,dinkster,336,0
D203398,C100963,2024-04-04,2024-07-01,Closed Lost,ADD_ON_TKR,TKR Add-on,Direct,mkoenen,496,0
D203399,C104679,2024-01-21,2024-04-05,Closed Won,ADD_ON_TKR,TKR Add-on,Direct,awong,1572,0
D203400,C103314,2024-03-13,,Open,PM,People Management,Direct,shao,1800,0
D203401,C101718,2024-01-31,2024-03-12,Closed Lost,ADD_ON_TKR,TKR Add-on,Partners,mkoenen,936,0
D203402,C104799,2024-06-06,2024-06-12,Closed Won,PM,People Management,Partners,shao,1685,0
D203403,C100875,2025-03-29,2025-05-07,Closed Won,PM,People Management,Direct,shao,1165,0
D203404,C101482,2024-09-08,,Open,PM,People Management,Partners,shao,1230,0
D203405,C100820,2025-05-22,2025-08-07,Closed Won,PAYROLL_DIY,Payroll DIY,Partners,shao,3332,0
D203406,C102581,2024-12-26,2025-02-16,Closed Won,PAYROLL_DIY,Payroll DIY,Partners,awong,1359,0
D203407,C101977,2024-08-18,2024-09-01,Closed Lost,PAYROLL_DIY,Payroll DIY,Direct,awong,1783,0
D203408,C104929,2024-05-21,2024-07-09,Closed Won,PM,People Management,Direct,dt,387,0
D203409,C101800,2025-01-29,,Open,PM,People Management,Partners,,1140,0
D203410,C103500,2024-02-06,2024-03-07,Closed Won,PAYROLL_MPS,Managed Payroll,Direct,unassigned,3845,0
D203411,C104069,2024-05-19,2024-05-24,Closed Won,PM,People Management,Direct,unassigned,832,0
D203412,C104384,2025-03-30,2025-05-22,Closed Won,ADD_ON_TKR,TKR Add-on,Partners,mkoenen,682,0
D203413,C101554,2024-01-11,2024-02-13,Closed Won,PAYROLL_MPS,Managed Payroll,Partners,,0,0
D203414,C103500,2025-06-04,2025-07-23,Closed Lost,PM,People Management,Partners,dinkster,1317,0
D203415,C100149,2025-03-17,2025-05-29,Closed Lost,ADD_ON_TKR,TKR Add-on,Partners,,0,0
D203416,C100458,2024-09-20,2024-12-01,Closed Won,PAYROLL_DIY,Payroll DIY,Direct,dinkster,1898,0
D203417,C101558,2024-11-05,2024-12-17,Closed Lost,PM,People Management,Direct,dinkster,1184,0
D203418,C103616,2025-06-17,2025-08-14,Closed Won,ADD_ON_TKR,TKR Add-on,Direct,awong,1022,0
D203419,C103149,2024-12-29,2025-01-28,Closed Lost,PM,People Management,Direct,dinkster,2187,0
D203420,C103502,2024-02-22,2024-03-17,Closed Won,PM,People Management,Direct,dinkster,1144,0
D203421,C104588,2025-06-05,2025-08-10,Closed Won,PM,People Management,Direct,unassigned,980,0
D203422,C102544,2024-08-27,2024-09-20,Closed Won,PM,People Management,Partners,unassigned,252,0
D203423,C104106,2024-06-13,2024-06-20,Closed Won,ADD_ON_TKR,TKR Add-on,Direct,dt,563,0
D203424,C103744,2024-08-17,2024-08-22,Closed Won,PAYROLL_DIY,Payroll DIY,Direct,shao,2382,0
D203425,C100692,2024-09-22,2024-10-12,Closed Won,PM,People Management,Direct,awong,656,0
D203426,C102669,2025-03-30,2025-04-28,Closed Won,ADD_ON_TKR,TKR Add-on,Partners,shao,439,0
D203427,C103069,2024-04-22,2024-07-18,Closed Won,PAYROLL_MPS,Managed Payroll,Partners,shao,3668,0
D203428,C100996,2025-04-21,,Open,PAYROLL_DIY,Payroll DIY,Partners,awong,569,0
D203429,C103884,2024-07-17,2024-07-24,Closed Won,PAYROLL_DIY,Payroll DIY,Partners,unassigned,669,0
D203430,C100762,2024-05-05,2024-06-10,Closed Won,ADD_ON_TKR,TKR Add-on,Direct,dinkster,993,0
D203431,C102802,2024-11-25,,Open,ADD_ON_TKR,TKR Add-on,Direct,dinkster,531,0
D203432,C101468,2024-06-09,,Open,PAYROLL_DIY,Payroll DIY,Direct,mkoenen,1277,0
D203433,C101906,2024-07-24,2024-08-26,Closed Lost,PAYROLL_DIY,Payroll DIY,Direct,mkoenen,1245,0
D203434,C102958,2024-03-03,,Open,ADD_ON_TKR,TKR Add-on,Direct,dt,243,0
D203435,C102617,2024-03-13,2024-06-11,Closed Won,PAYROLL_DIY,Payroll DIY,Partners,mkoenen,1804,0
D203436,C101420,2024-06-19,,Open,PAYROLL_DIY,Payroll DIY,Partners,awong,2033,0
D203437,C104931,2025-06-06,2025-08-18,Closed Lost,PM,People Management,Direct,dinkster,1011,0
D203438,C101502,2024-05-23,2024-05-29,Closed Won,PAYROLL_DIY,Payroll DIY,Partners,mkoenen,1161,0
D203439,C101457,2024-07-22,,Open,PAYROLL_MPS,Managed Payroll,Partners,awong,719,0
D203440,C100155,2025-03-05,2025-04-20,Closed Won,ADD_ON_TKR,TKR Add-on,Partners,dinkster,1205,0
D203441,C100782,2024-06-12,2024-07-24,Closed Lost,PAYROLL_MPS,Managed Payroll,Direct,awong,1131,0
D203442,C103537,2024-06-08,2024-09-04,Closed Lost,PM,People Management,Partners,dinkster,845,0
D203443,C104433,2024-10-15,2024-12-21,Closed Lost,PM,People Management,Direct,awong,1420,0
D203444,C103730,2024-10-25,2024-11-26,Closed Won,PAYROLL_DIY,Payroll DIY,Direct,unassigned,1509,0
D203445,C102590,2024-05-14,2024-07-17,Closed Lost,PM,People Management,Partners,awong,1647,0
D203446,C101556,2024-07-13,2024-10-07,Closed Lost,PAYROLL_MPS,Managed Payroll,Direct,shao,605,0
D203447,C104179,2024-10-16,2024-11-06,Closed Won,PAYROLL_DIY,Payroll DIY,Direct,dinkster,1332,0
D203448,C101226,2024-08-16,2024-10-04,Closed Won,PAYROLL_DIY,Payroll DIY,Direct,shao,1251,0
D203449,C101050,2025-01-15,,Open,PM,People Management,Direct,shao,1143,0
D203450,C101413,2024-10-31,2025-01-25,Closed Won,ADD_ON_TKR,TKR Add-on,Partners,unassigned,880,0
D203451,C102943,2024-12-04,2025-01-06,Closed Won,PAYROLL_MPS,Managed Payroll,Direct,mkoenen,4244,0
D203452,C104647,2024-11-07,2025-01-19,Closed Won,PAYROLL_DIY,Payroll DIY,Partners,dinkster,1101,0
D203453,C104988,2024-05-30,2024-08-22,Closed Won,ADD_ON_TKR,TKR Add-on,Partners,mkoenen,934,0
D203454,C100470,2024-01-14,2024-04-02,Closed Won,PAYROLL_DIY,Payroll DIY,Direct,mkoenen,3192,0
D203455,C103783,2024-11-20,2025-01-12,Closed Won,PAYROLL_MPS,Managed Payroll,Partners,dt,878,0
D203456,C102911,2024-01-30,2024-03-12,Closed Won,PM,People Management,Partners,dt,1628,0
D203457,C103819,2025-05-17,,Open,PAYROLL_DIY,Payroll DIY,Partners,shao,2251,0
D203458,C101188,2024-06-11,2024-06-12,Closed Won,PAYROLL_MPS,Managed Payroll,Partners,unassigned,5976,0
D203459,C100894,2024-10-22,2024-10-27,Closed Won,PM,People Management,Direct,mkoenen,1235,0
D203460,C103960,2024-03-13,2024-04-21,Closed Lost,ADD_ON_TKR,TKR Add-on,Partners,awong,519,0
D203461,C101789,2024-08-26,,Open,PAYROLL_MPS,Managed Payroll,Direct,mkoenen,6860,0
D203462,C100431,2025-04-06,2025-04-16,Closed Won,PM,People Management,Partners,mkoenen,1400,0
D203463,C101919,2024-01-27,,Open,ADD_ON_TKR,TKR Add-on,Direct,dt,1062,0
D203464,C103586,2024-10-08,2024-11-05,Closed Won,PM,People Management,Direct,unassigned,1053,0
D203465,C101842,2024-06-09,2024-08-23,Closed Won,PAYROLL_DIY,Payroll DIY,Direct,shao,2072,0
D203466,C100692,2025-04-24,2025-04-28,Closed Won,PAYROLL_DIY,Payroll DIY,Direct,mkoenen,2699,0
D203467,C104595,2025-03-24,,Open,ADD_ON_TKR,TKR Add-on,Direct,shao,1155,0
D203468,C102115,2024-11-14,2025-01-02,Closed Won,PM,People Management,Partners,dinkster,1400,0
D203469,C104324,2024-07-07,2024-09-14,Closed Won,PAYROLL_DIY,Payroll DIY,Direct,shao,813,0
D203470,C101482,2025-01-09,2025-02-13,Closed Won,PM,People Management,Partners,mkoenen,1076,0
D203471,C104677,2024-03-26,2024-04-01,Closed Won,PM,People Management,Partners,unassigned,1301,0
D203472,C102059,2024-11-24,2024-12-22,Closed Won,PAYROLL_DIY,Payroll DIY,Direct,dt,2151,0
D203473,C104693,2024-05-14,2024-06-12,Closed Won,PAYROLL_MPS,Managed Payroll,Partners,awong,5848,0
D203474,C104969,2024-03-26,2024-04-19,Closed Lost,PAYROLL_MPS,Managed Payroll,Direct,mkoenen,6367,0
D203475,C100691,2024-03-30,,Open,ADD_ON_TKR,TKR Add-on,Partners,shao,1095,0
D203476,C100717,2024-08-10,2024-10-11,Closed Won,PM,People Management,Partners,awong,1837,0
D203477,C102193,2025-07-01,2025-07-31,Closed Won,ADD_ON_TKR,TKR Add-on,Direct,unassigned,877,0
D203478,C104597,2025-04-20,2025-06-21,Closed Won,PM,People Management,Direct,dt,1488,0
D203479,C101017,2024-06-05,2024-08-07,Closed Won,PM,People Management,Partners,dt,545,0
D203480,C100434,2024-08-17,2024-09-02,Closed Lost,ADD_ON_TKR,TKR Add-on,Direct,awong,1581,0
D203481,C102373,2025-05-23,2025-08-16,Closed Won,ADD_ON_TKR,TKR Add-on,Direct,mkoenen,233,0
D203482,C100030,2024-05-11,2024-06-11,Closed Won,ADD_ON_TKR,TKR Add-on,Direct,unassigned,1209,0
D203483,C100424,2025-04-07,2025-06-21,Closed Won,ADD_ON_TKR,TKR Add-on,Partners,mkoenen,710,0
D203484,C100416,2025-02-18,2025-04-03,Closed Won,PM,People Management,Partners,dinkster,1646,0
D203485,C102900,2024-08-15,2024-10-26,Closed Won,PM,People Management,Partners,awong,1371,0
D203486,C103642,2024-08-31,,Open,PM,People Management,Partners,shao,818,0
D203487,C100725,2024-03-21,2024-05-29,Closed Won,PAYROLL_DIY,Payroll DIY,Partners,dt,205,0
D203488,C104319,2024-12-15,2025-03-14,Closed Won,ADD_ON_TKR,TKR Add-on,Partners,,1266,0
D203489,C101935,2024-11-05,2024-12-14,Closed Won,PAYROLL_MPS,Managed Payroll,Direct,dinkster,3746,0
D203490,C102718,2024-05-18,2024-06-14,Closed Won,ADD_ON_TKR,TKR Add-on,Direct,mkoenen,349,0
D203491,C102105,2024-01-11,2024-02-15,Closed Lost,ADD_ON_TKR,TKR Add-on,Partners,shao,1650,0
D203492,C101395,2024-03-11,,Open,ADD_ON_TKR,TKR Add-on,Direct,mkoenen,835,0
D203493,C100779,2024-04-25,,Open,PAYROLL_MPS,Managed Payroll,Partners,dt,7495,0
D203494,C103846,2024-10-17,,Open,PAYROLL_DIY,Payroll DIY,Direct,unassigned,1379,0
D203495,C103061,2025-03-19,2025-05-30,Closed Won,PAYROLL_MPS,Managed Payroll,Partners,mkoenen,5406,0
D203496,C104278,2024-05-06,2024-06-17,Closed Won,ADD_ON_TKR,TKR Add-on,Direct,shao,572,0
D203497,C100953,2024-01-07,2024-02-11,Closed Won,PAYROLL_MPS,Managed Payroll,Partners,dt,663,0
D203498,C102775,2025-05-03,2025-06-28,Closed Won,PM,People Management,Direct,dt,300,0
D203499,C103704,2025-04-20,,Open,ADD_ON_TKR,TKR Add-on,Partners,shao,417,0
D203500,C100602,2024-10-31,2024-11-04,Closed Won,PM,People Management,Partners,dinkster,0,0
D203501,C104300,2024-12-11,2025-01-24,Closed Won,PAYROLL_MPS,Managed Payroll,Partners,dinkster,2842,0
D203502,C100764,2024-04-23,2024-04-30,Closed Lost,PAYROLL_MPS,Managed Payroll,Partners,dinkster,3832,0
D203503,C101123,2024-04-25,,Open,PM,People Management,Partners,mkoenen,1428,0
D203504,C103874,2025-07-02,2025-08-28,Closed Won,ADD_ON_TKR,TKR Add-on,Direct,awong,392,0
D203505,C101610,2025-04-23,2025-05-09,Closed Won,PAYROLL_MPS,Managed Payroll,Partners,shao,6326,0
D203506,C102778,2024-03-05,,Open,PAYROLL_MPS,Managed Payroll,Partners,dinkster,3570,0
D203507,C101475,2024-03-17,2024-05-31,Closed Lost,PAYROLL_MPS,Managed Payroll,Partners,mkoenen,1537,0
D203508,C102250,2024-01-12,2024-03-16,Closed Won,ADD_ON_TKR,TKR Add-on,Direct,dt,764,0
D203509,C103996,2025-04-16,2025-04-24,Closed Lost,ADD_ON_TKR,TKR Add-on,Partners,dt,372,0
D203510,C101245,2024-11-16,,Open,PAYROLL_MPS,Managed Payroll,Direct,dinkster,2558,0
D203511,C101450,2024-01-16,2024-03-13,Closed Lost,ADD_ON_TKR,TKR Add-on,Partners,mkoenen,658,0
D203512,C103062,2024-12-12,2024-12-30,Closed Lost,ADD_ON_TKR,TKR Add-on,Partners,shao,990,0
D203513,C101970,2024-10-21,,Open,PAYROLL_MPS,Managed Payroll,Partners,awong,3816,0
D203514,C103414,2025-06-08,2025-07-24,Closed Won,PAYROLL_MPS,Managed Payroll,Direct,mkoenen,2717,0
D203515,C103206,2025-02-10,,Open,PAYROLL_DIY,Payroll DIY,Partners,shao,1191,0
D203516,C101242,2024-06-01,2024-06-24,Closed Won,PM,People Management,Partners,dinkster,1278,0
D203517,C101858,2025-06-10,2025-08-17,Closed Won,PAYROLL_DIY,Payroll DIY,Partners,dinkster,1246,0
D203518,C102046,2025-02-08,2025-04-12,Closed Won,PM,People Management,Direct,dinkster_tmp,1766,0
D203519,C100259,2025-04-11,2025-04-26,Closed Won,PAYROLL_MPS,Managed Payroll,Partners,dt,5601,0
D203520,C100921,2024-01-13,2024-01-21,Closed Won,PAYROLL_MPS,Managed Payroll,Direct,,3039,0
D203521,C102639,2024-11-11,2024-11-20,Closed Won,PAYROLL_MPS,Managed Payroll,Partners,unassigned,1775,0
D203522,C102463,2024-09-06,2024-09-19,Closed Won,PM,People Management,Direct,awong,969,0
D203523,C101901,2024-09-27,2024-10-08,Closed Won,PAYROLL_MPS,Managed Payroll,Direct,awong,260,0
D203524,C104630,2024-04-26,2024-05-26,Closed Won,PAYROLL_MPS,Managed Payroll,Direct,mkoenen,7012,0
D203525,C104509,2024-03-08,2024-04-20,Closed Lost,PM,People Management,Direct,dinkster,2134,0
D203526,C101274,2024-04-10,2024-04-17,Closed Won,PAYROLL_MPS,Managed Payroll,Direct,unassigned,7759,0
D203527,C103247,2025-06-23,,Open,ADD_ON_TKR,TKR Add-on,Direct,mkoenen,184,0
D203528,C100444,2024-08-01,2024-10-15,Closed Lost,ADD_ON_TKR,TKR Add-on,Partners,dt,356,0
D203529,C104194,2025-03-04,,Open,ADD_ON_TKR,TKR Add-on,Direct,dt,628,0
D203530,C104873,2024-12-03,,Open,PAYROLL_MPS,Managed Payroll,Direct,shao,4588,0
D203531,C100971,2024-09-22,,Open,PAYROLL_DIY,Payroll DIY,Direct,dt,2075,0
D203532,C101997,2024-03-16,2024-05-11,Closed Won,PAYROLL_MPS,Managed Payroll,Partners,dt,3113,0
D203533,C100915,2024-02-15,,Open,PAYROLL_DIY,Payroll DIY,Partners,mkoenen,499,0
D203534,C100861,2024-01-07,2024-01-08,Closed Won,PAYROLL_DIY,Payroll DIY,Partners,dinkster,4381,0
D203535,C101060,2024-04-28,2024-07-09,Closed Won,PAYROLL_DIY,Payroll DIY,Partners,dt,2215,0
D203536,C104198,2024-05-30,2024-08-12,Closed Won,PAYROLL_DIY,Payroll DIY,Direct,awong,1782,0
D203537,C103413,2025-03-05,2025-05-30,Closed Lost,PAYROLL_DIY,Payroll DIY,Partners,awong,2540,0
D203538,C102704,2025-01-30,2025-02-11,Closed Won,PAYROLL_DIY,Payroll DIY,Direct,dinkster,2410,0
D203539,C101099,2025-06-13,2025-07-04,Closed Lost,PAYROLL_MPS,Managed Payroll,Partners,unassigned,1734,0
D203540,C101369,2025-03-15,2025-04-19,Closed Won,ADD_ON_TKR,TKR Add-on,Direct,dt,1089,0
D203541,C103622,2024-07-22,2024-09-21,Closed Won,PAYROLL_MPS,Managed Payroll,Partners,awong,5228,0
D203542,C101352,2024-12-29,,Open,PM,People Management,Direct,mkoenen,1162,0
D203543,C103713,2025-03-08,2025-03-17,Closed Won,ADD_ON_TKR,TKR Add-on,Direct,mkoenen,237,0
D203544,C101079,2024-07-27,2024-09-07,Closed Lost,PM,People Management,Partners,dinkster,1250,0
D203545,C100009,2024-08-11,,Open,PAYROLL_MPS,Managed Payroll,Partners,awong,4698,0
D203546,C101834,2024-11-12,2024-12-17,Closed Won,PM,People Management,Partners,mkoenen,1525,0
D203547,C100434,2024-10-20,,Open,PM,People Management,Direct,mkoenen,43,0
D203548,C103021,2024-03-09,2024-03-22,Closed Won,ADD_ON_TKR,TKR Add-on,Direct,unassigned,1286,0
D203549,C101037,2025-07-03,2025-08-10,Closed Won,PM,People Management,Partners,awong,1131,0
D203550,C101160,2024-01-21,2024-03-24,Closed Won,PM,People Management,Partners,awong,3066,0
D203551,C103962,2025-04-30,2025-05-29,Closed Lost,ADD_ON_TKR,TKR Add-on,Partners,dt,828,0
D203552,C100942,2025-02-16,2025-05-15,Closed Lost,PAYROLL_MPS,Managed Payroll,Partners,dt,6882,0
D203553,C102619,2025-03-18,,Open,PAYROLL_MPS,Managed Payroll,Partners,mkoenen,3512,0
D203554,C102587,2024-05-09,,Open,ADD_ON_TKR,TKR Add-on,Direct,dinkster,766,0
D203555,C100194,2024-02-06,2024-03-25,Closed Won,PM,People Management,Partners,mkoenen,1420,0
D203556,C104670,2024-10-01,2024-10-06,Closed Won,PAYROLL_DIY,Payroll DIY,Direct,awong,2466,0
D203557,C104279,2025-01-28,2025-03-31,Closed Lost,PAYROLL_MPS,Managed Payroll,Direct,unassigned,2193,0
D203558,C100853,2025-01-12,2025-02-28,Closed Lost,ADD_ON_TKR,TKR Add-on,Direct,shao,810,0
D203559,C102940,2024-10-20,2025-01-08,Closed Won,PAYROLL_MPS,Managed Payroll,Direct,awong,5329,0
D203560,C101706,2024-11-14,2025-02-06,Closed Lost,PAYROLL_DIY,Payroll DIY,Partners,awong,1117,0
D203561,C102868,2025-05-06,2025-05-24,Closed Won,PAYROLL_MPS,Managed Payroll,Partners,dt,7019,0
D203562,C104825,2024-02-19,2024-03-06,Closed Lost,PAYROLL_MPS,Managed Payroll,Partners,awong,5109,0
D203563,C100957,2025-03-23,2025-06-13,Closed Lost,ADD_ON_TKR,TKR Add-on,Partners,shao,1059,0
D203564,C102952,2025-04-02,2025-06-28,Closed Lost,PM,People Management,Direct,dinkster,0,0
D203565,C101137,2024-03-29,2024-04-13,Closed Lost,PM,People Management,Direct,mkoenen,1094,0
D203566,C104998,2024-01-28,2024-03-07,Closed Won,PAYROLL_DIY,Payroll DIY,Direct,awong,1939,0
D203567,C103678,2024-07-04,2024-10-02,Closed Won,PM,People Management,Partners,,1721,0
D203568,C104966,2024-06-26,,Open,PM,People Management,Partners,shao,1410,0
D203569,C100349,2025-02-02,2025-02-05,Closed Lost,PAYROLL_DIY,Payroll DIY,Direct,unassigned,874,0
D203570,C101306,2024-09-12,2024-10-22,Closed Won,PAYROLL_MPS,Managed Payroll,Direct,unassigned,2578,0
D203571,C101126,2025-02-03,2025-03-15,Closed Won,PAYROLL_DIY,Payroll DIY,Direct,awong,3310,0
D203572,C103135,2024-07-10,2024-08-09,Closed Won,ADD_ON_TKR,TKR Add-on,Direct,dinkster,758,0
D203573,C104821,2025-01-24,2025-03-24,Closed Lost,PAYROLL_MPS,Managed Payroll,Direct,awong,6927,0
D203574,C100571,2024-03-02,,Open,PAYROLL_DIY,Payroll DIY,Partners,dinkster,620,0
D203575,C102991,2024-07-24,2024-08-13,Closed Lost,PAYROLL_DIY,Payroll DIY,Direct,dt,1199,0
D203576,C104944,2024-12-05,2024-12-16,Closed Won,PM,People Management,Direct,unassigned,2163,0
D203577,C101000,2024-11-17,2025-01-15,Closed Won,PAYROLL_MPS,Managed Payroll,Direct,dinkster,4509,0
D203578,C104286,2025-03-19,2025-05-26,Closed Won,ADD_ON_TKR,TKR Add-on,Direct,awong,301,0
D203579,C103299,2024-10-13,,Open,PAYROLL_MPS,Managed Payroll,Partners,dt,2965,0
D203580,C100740,2025-06-10,,Open,PAYROLL_MPS,Managed Payroll,Partners,dinkster,0,0
D203581,C104396,2024-07-05,,Open,PAYROLL_MPS,Managed Payroll,Partners,shao,7776,0
D203582,C103506,2024-01-20,2024-02-06,Closed Won,ADD_ON_TKR,TKR Add-on,Direct,awong,987,0
D203583,C101711,2024-11-15,,Open,PAYROLL_DIY,Payroll DIY,Partners,,2181,0
D203584,C104095,2025-05-03,2025-07-22,Closed Won,PAYROLL_MPS,Managed Payroll,Partners,dinkster,8043,0
D203585,C103471,2025-02-17,2025-04-22,Closed Lost,ADD_ON_TKR,TKR Add-on,Direct,dinkster,942,0
D203586,C100622,2024-06-01,2024-08-18,Closed Won,PM,People Management,Direct,dinkster,1317,0
D203587,C102840,2024-02-11,2024-03-03,Closed Lost,PAYROLL_MPS,Managed Payroll,Direct,mkoenen,3211,0
D203588,C101421,2024-07-04,2024-09-09,Closed Won,PM,People Management,Direct,unassigned,737,0
D203589,C101192,2024-11-24,2024-12-12,Closed Lost,ADD_ON_TKR,TKR Add-on,Partners,dinkster,739,0
D203590,C101726,2024-05-19,2024-07-13,Closed Won,PAYROLL_DIY,Payroll DIY,Direct,dt,0,0
D203591,C100309,2025-02-01,2025-03-01,Closed Won,PM,People Management,Partners,unassigned,521,0
D203592,C100921,2025-06-13,2025-07-25,Closed Lost,PAYROLL_MPS,Managed Payroll,Direct,dt,4590,0
D203593,C100189,2025-05-24,2025-06-07,Closed Won,PM,People Management,Direct,mkoenen,709,0
D203594,C100364,2024-11-18,,Open,PAYROLL_MPS,Managed Payroll,Direct,shao,3785,0
D203595,C100156,2025-02-06,2025-04-15,Closed Lost,PM,People Management,Partners,shao,0,0
D203596,C102177,2025-05-25,2025-08-18,Closed Lost,PAYROLL_MPS,Managed Payroll,Partners,,1672,0
D203597,C103331,2025-05-09,,Open,ADD_ON_TKR,TKR Add-on,Direct,mkoenen,1265,0
D203598,C103934,2024-02-24,2024-03-09,Closed Lost,PAYROLL_MPS,Managed Payroll,Partners,awong,4992,0
D203599,C102625,2024-12-10,2025-02-01,Closed Won,PM,People Management,Direct,dinkster,2714,0
D203600,C104408,2025-03-04,2025-04-13,Closed Won,PM,People Management,Direct,dt,989,0
D203601,C100276,2024-03-27,2024-04-10,Closed Lost,PAYROLL_DIY,Payroll DIY,Direct,dinkster,1350,0
D203602,C104446,2024-04-14,2024-05-25,Closed Won,PAYROLL_DIY,Payroll DIY,Direct,awong,1918,0
D203603,C101559,2024-10-25,2024-12-10,Closed Lost,PM,People Management,Partners,dinkster,1732,0
D203604,C102590,2025-07-01,,Open,PM,People Management,Partners,shao,1384,0
D203605,C103505,2025-06-14,2025-08-28,Closed Won,ADD_ON_TKR,TKR Add-on,Partners,mkoenen,916,0
D203606,C103817,2025-02-15,2025-04-14,Closed Won,PM,People Management,Partners,dinkster,1793,0
D203607,C103137,2025-01-26,2025-02-07,Closed Won,PAYROLL_DIY,Payroll DIY,Partners,shao,663,0
D203608,C104577,2025-02-11,2025-04-26,Closed Won,PAYROLL_DIY,Payroll DIY,Partners,unassigned,1730,0
D203609,C103719,2024-05-14,2024-05-27,Closed Won,PAYROLL_MPS,Managed Payroll,Direct,dinkster,1013,0
D203610,C104295,2024-09-14,2024-11-13,Closed Won,PM,People Management,Partners,unassigned,1164,0
D203611,C101788,2025-02-21,2025-04-15,Closed Won,PAYROLL_MPS,Managed Payroll,Partners,awong,6130,1
D203612,C102176,2025-04-16,2025-05-30,Closed Won,PM,People Management,Direct,shao,0,0
D203613,C102274,2025-05-06,2025-07-03,Closed Won,PAYROLL_DIY,Payroll DIY,Direct,shao,923,0
D203614,C103280,2025-06-15,2025-07-18,Closed Won,PAYROLL_MPS,Managed Payroll,Partners,dinkster,6075,0
D203615,C104068,2025-03-25,,Open,PAYROLL_DIY,Payroll DIY,Partners,dt,762,0
D203616,C103231,2024-05-01,2024-06-14,Closed Lost,PAYROLL_DIY,Payroll DIY,Partners,,1670,0
D203617,C102812,2024-04-18,2024-06-11,Closed Won,ADD_ON_TKR,TKR Add-on,Direct,unassigned,1063,0
D203618,C103000,2024-08-15,2024-11-07,Closed Won,ADD_ON_TKR,TKR Add-on,Direct,dinkster,703,0
D203619,C102013,2024-07-24,,Open,PM,People Management,Direct,dt,2073,0
D203620,C104026,2024-12-26,,Open,ADD_ON_TKR,TKR Add-on,Partners,awong,722,0
D203621,C103599,2024-09-29,2024-12-04,Closed Won,ADD_ON_TKR,TKR Add-on,Direct,dt,844,0
D203622,C102411,2025-07-02,2025-09-05,Closed Won,PAYROLL_MPS,Managed Payroll,Direct,shao,7802,0
D203623,C100178,2024-11-17,2025-01-25,Closed Won,PM,People Management,Direct,,1041,0
D203624,C100514,2024-12-13,2025-02-04,Closed Lost,ADD_ON_TKR,TKR Add-on,Direct,shao,1535,0
D203625,C100305,2025-03-30,2025-04-09,Closed Won,PAYROLL_MPS,Managed Payroll,Direct,unassigned,613,0
D203626,C103274,2025-01-11,2025-03-21,Closed Won,PM,People Management,Partners,unassigned,2789,0
D203627,C104180,2025-02-03,,Open,PAYROLL_MPS,Managed Payroll,Partners,awong,4265,0
D203628,C100988,2025-05-04,,Open,PAYROLL_MPS,Managed Payroll,Direct,mkoenen,458,0
D203629,C102398,2024-12-23,2025-02-27,Closed Lost,PM,People Management,Direct,awong,1330,0
D203630,C100760,2024-01-11,,Open,PAYROLL_DIY,Payroll DIY,Direct,mkoenen,1738,0
D203631,C104772,2024-01-31,2024-03-01,Closed Won,PM,People Management,Direct,,1111,0
D203632,C103890,2024-03-08,,Open,ADD_ON_TKR,TKR Add-on,Direct,dt,563,0
D203633,C104127,2024-06-22,2024-07-14,Closed Lost,PM,People Management,Partners,mkoenen,2028,0
D203634,C103859,2024-10-24,2024-12-05,Closed Won,ADD_ON_TKR,TKR Add-on,Partners,dt,1587,0
D203635,C101312,2024-07-20,2024-08-01,Closed Won,PAYROLL_MPS,Managed Payroll,Direct,awong,4448,0
D203636,C101331,2024-05-19,2024-06-11,Closed Won,PAYROLL_MPS,Managed Payroll,Partners,mkoenen,3692,0
D203637,C104804,2025-04-03,2025-04-23,Closed Lost,PAYROLL_MPS,Managed Payroll,Partners,dinkster,6299,0
D203638,C102106,2024-10-26,,Open,ADD_ON_TKR,TKR Add-on,Direct,dinkster,41,0
D203639,C103527,2025-06-23,2025-08-23,Closed Won,ADD_ON_TKR,TKR Add-on,Direct,awong,1411,0
D203640,C103240,2025-01-05,,Open,PAYROLL_DIY,Payroll DIY,Direct,shao,1944,0
D203641,C102066,2024-05-26,2024-05-29,Closed Won,PM,People Management,Partners,shao,703,0
D203642,C102137,2025-05-17,2025-07-30,Closed Lost,PAYROLL_MPS,Managed Payroll,Direct,dt,3607,0
D203643,C104154,2024-11-27,2025-02-16,Closed Lost,PAYROLL_DIY,Payroll DIY,Direct,dt,1723,0
D203644,C103552,2025-03-15,,Open,PAYROLL_MPS,Managed Payroll,Direct,dinkster,2247,0
D203645,C103245,2024-05-01,2024-07-23,Closed Won,PAYROLL_DIY,Payroll DIY,Direct,dt,2190,0
D203646,C100107,2025-05-25,2025-07-16,Closed Won,PAYROLL_DIY,Payroll DIY,Direct,unassigned,1421,0
D203647,C100168,2024-02-04,2024-03-26,Closed Won,PAYROLL_MPS,Managed Payroll,Partners,dinkster,2152,0
D203648,C100354,2025-04-03,2025-05-29,Closed Won,PAYROLL_MPS,Managed Payroll,Direct,dt,4350,0
D203649,C101880,2024-01-14,2024-03-19,Closed Won,PM,People Management,Partners,awong,2182,0
D203650,C103750,2024-03-20,2024-06-17,Closed Won,PAYROLL_DIY,Payroll DIY,Direct,dinkster,1263,0
D203651,C100871,2024-02-18,2024-04-08,Closed Won,ADD_ON_TKR,TKR Add-on,Direct,shao,1312,0
D203652,C100300,2025-06-09,,Open,PM,People Management,Partners,dt_tmp,859,0
D203653,C101985,2024-07-14,2024-08-27,Closed Won,PAYROLL_MPS,Managed Payroll,Direct,awong,3445,0
D203654,C104772,2025-05-28,2025-07-14,Closed Won,ADD_ON_TKR,TKR Add-on,Direct,shao,555,0
D203655,C103625,2024-05-28,,Open,PAYROLL_DIY,Payroll DIY,Partners,shao,854,0
D203656,C100609,2025-05-19,,Open,PAYROLL_MPS,Managed Payroll,Partners,awong,3018,0
D203657,C102388,2024-08-05,2024-08-29,Closed Won,PAYROLL_DIY,Payroll DIY,Direct,shao,2757,0
D203658,C101379,2024-04-06,2024-05-16,Closed Won,ADD_ON_TKR,TKR Add-on,Direct,unassigned,738,0
D203659,C102936,2024-10-27,2025-01-25,Closed Won,PM,People Management,Partners,unassigned,1644,0
D203660,C100899,2024-01-26,2024-01-30,Closed Won,PM,People Management,Direct,unassigned,0,0
D203661,C103292,2024-09-07,2024-09-13,Closed Won,ADD_ON_TKR,TKR Add-on,Direct,dt,1671,0
D203662,C103475,2025-05-03,,Open,PM,People Management,Direct,dinkster,1590,0
D203663,C102614,2025-02-23,2025-04-27,Closed Won,PAYROLL_DIY,Payroll DIY,Direct,dt,1312,0
D203664,C100043,2025-02-09,2025-02-14,Closed Won,ADD_ON_TKR,TKR Add-on,Direct,shao,1026,0
D203665,C103172,2024-04-22,2024-05-07,Closed Won,PM,People Management,Partners,dt,1083,0
D203666,C104110,2024-11-19,2025-01-31,Closed Won,PAYROLL_DIY,Payroll DIY,Partners,mkoenen,1804,0
D203667,C100163,2024-04-17,2024-05-09,Closed Won,PAYROLL_DIY,Payroll DIY,Direct,awong,1675,0
D203668,C102905,2025-06-02,,Open,PAYROLL_MPS,Managed Payroll,Direct,awong,4239,0
D203669,C100002,2024-12-17,,Open,ADD_ON_TKR,TKR Add-on,Partners,dinkster,415,0
D203670,C100769,2024-10-03,,Open,PAYROLL_DIY,Payroll DIY,Direct,dinkster,227,0
D203671,C104389,2024-06-08,,Open,ADD_ON_TKR,TKR Add-on,Partners,dinkster,0,0
D203672,C102720,2024-06-26,2024-09-12,Closed Won,PM,People Management,Partners,mkoenen,1065,0
D203673,C102669,2025-04-20,2025-04-30,Closed Won,PM,People Management,Direct,dt,1329,0
D203674,C100902,2025-03-19,2025-06-08,Closed Won,PM,People Management,Direct,awong,0,0
D203675,C100517,2025-02-17,2025-03-07,Closed Won,PM,People Management,Direct,shao,1468,0
D203676,C100943,2024-05-10,,Open,PM,People Management,Direct,mkoenen,792,0
D203677,C103503,2025-02-27,2025-05-27,Closed Won,PAYROLL_MPS,Managed Payroll,Direct,unassigned,2782,0
D203678,C104348,2024-05-31,2024-08-16,Closed Won,PAYROLL_DIY,Payroll DIY,Direct,dt,2240,0
D203679,C101812,2025-06-02,2025-06-17,Closed Lost,PAYROLL_DIY,Payroll DIY,Direct,unassigned,624,0
D203680,C104363,2024-08-26,,Open,PM,People Management,Direct,awong,1416,0
D203681,C104558,2024-06-11,2024-07-16,Closed Won,PAYROLL_MPS,Managed Payroll,Direct,awong,4085,0
D203682,C102399,2025-06-19,,Open,PAYROLL_DIY,Payroll DIY,Direct,dinkster,740,0
D203683,C103178,2024-02-24,2024-04-21,Closed Lost,PAYROLL_MPS,Managed Payroll,Partners,shao,4590,0
D203684,C103782,2025-05-02,2025-06-04,Closed Won,PAYROLL_DIY,Payroll DIY,Partners,shao,0,0
D203685,C100053,2025-01-21,2025-03-18,Closed Won,PAYROLL_MPS,Managed Payroll,Partners,mkoenen,6976,0
D203686,C103776,2025-05-28,2025-07-19,Closed Lost,PAYROLL_DIY,Payroll DIY,Partners,shao,1578,0
D203687,C103604,2024-06-07,2024-06-23,Closed Lost,PM,People Management,Partners,awong,875,0
D203688,C104665,2025-01-24,2025-02-16,Closed Won,PAYROLL_MPS,Managed Payroll,Partners,mkoenen,3260,0
D203689,C104814,2025-06-01,2025-07-06,Closed Won,PAYROLL_MPS,Managed Payroll,Direct,dt,5852,0
D203690,C101941,2024-04-18,,Open,PM,People Management,Direct,awong,2115,0
D203691,C101893,2025-05-30,2025-07-24,Closed Lost,ADD_ON_TKR,TKR Add-on,Direct,dt,496,0
D203692,C103491,2025-04-22,2025-07-17,Closed Lost,ADD_ON_TKR,TKR Add-on,Partners,unassigned,1144,0
D203693,C101025,2024-11-03,,Open,PAYROLL_DIY,Payroll DIY,Partners,unassigned,447,0
D203694,C104617,2024-08-23,2024-10-23,Closed Won,PM,People Management,Partners,awong,1687,0
D203695,C103515,2024-02-07,2024-04-11,Closed Won,PM,People Management,Direct,mkoenen,633,0
D203696,C104467,2025-06-06,,Open,PAYROLL_MPS,Managed Payroll,Partners,awong,449,0
D203697,C100585,2024-07-23,,Open,ADD_ON_TKR,TKR Add-on,Direct,mkoenen,1364,0
D203698,C100422,2024-03-30,2024-04-14,Closed Won,PAYROLL_MPS,Managed Payroll,Partners,unassigned,4650,0
D203699,C103613,2025-03-05,2025-05-27,Closed Won,ADD_ON_TKR,TKR Add-on,Partners,awong,317,0
D203700,C102819,2024-02-03,2024-04-12,Closed Lost,PAYROLL_DIY,Payroll DIY,Direct,awong,1730,0
D203701,C100965,2024-05-04,2024-05-06,Closed Lost,ADD_ON_TKR,TKR Add-on,Partners,awong,817,0
D203702,C101337,2024-09-08,2024-10-31,Closed Won,ADD_ON_TKR,TKR Add-on,Direct,unassigned,499,0
D203703,C102404,2024-05-30,2024-08-15,Closed Lost,PAYROLL_MPS,Managed Payroll,Direct,awong,6728,0
D203704,C101066,2024-01-27,2024-03-20,Closed Won,PM,People Management,Direct,dinkster,931,0
D203705,C103848,2024-02-10,2024-03-25,Closed Won,ADD_ON_TKR,TKR Add-on,Partners,dinkster,898,0
D203706,C102667,2025-06-10,2025-09-02,Closed Won,PM,People Management,Partners,unassigned,643,0
D203707,C102637,2025-01-19,2025-02-10,Closed Lost,ADD_ON_TKR,TKR Add-on,Direct,dinkster,310,0
D203708,C100704,2024-10-29,2024-12-27,Closed Won,PAYROLL_DIY,Payroll DIY,Direct,dinkster,1218,0
D203709,C100845,2024-06-23,2024-08-16,Closed Won,PAYROLL_DIY,Payroll DIY,Direct,awong,1854,0
D203710,C100740,2025-03-06,2025-04-30,Closed Won,PAYROLL_DIY,Payroll DIY,Partners,dt,1521,0
D203711,C102462,2024-06-08,2024-07-28,Closed Won,PM,People Management,Partners,unassigned,0,0
D203712,C104767,2024-11-20,2024-12-10,Closed Lost,PAYROLL_MPS,Managed Payroll,Direct,unassigned,5543,0
D203713,C101548,2024-01-12,2024-03-30,Closed Won,ADD_ON_TKR,TKR Add-on,Partners,shao,160,0
D203714,C104593,2024-12-09,2025-02-23,Closed Won,PAYROLL_DIY,Payroll DIY,Direct,shao,902,0
D203715,C103976,2024-01-13,2024-02-23,Closed Won,PM,People Management,Partners,shao,1023,0
D203716,C104631,2024-05-03,2024-07-07,Closed Won,PM,People Management,Partners,dinkster,1633,0
D203717,C104255,2025-04-08,2025-04-14,Closed Won,ADD_ON_TKR,TKR Add-on,Direct,awong,1169,0
D203718,C101293,2024-08-12,2024-11-01,Closed Won,ADD_ON_TKR,TKR Add-on,Direct,dinkster,913,0
D203719,C104117,2024-10-21,,Open,PAYROLL_DIY,Payroll DIY,Direct,unassigned,3362,0
D203720,C101830,2025-06-28,,Open,PAYROLL_DIY,Payroll DIY,Partners,awong,2466,0
D203721,C104318,2025-03-26,2025-03-29,Closed Lost,PAYROLL_DIY,Payroll DIY,Direct,,2261,0
D203722,C103889,2024-11-28,,Open,ADD_ON_TKR,TKR Add-on,Direct,dt,292,0
D203723,C104133,2024-09-02,2024-09-07,Closed Won,PAYROLL_DIY,Payroll DIY,Direct,dt,666,0
D203724,C101504,2025-05-31,2025-07-22,Closed Won,PAYROLL_DIY,Payroll DIY,Partners,unassigned,2924,0
D203725,C101025,2024-04-26,2024-05-13,Closed Won,PAYROLL_MPS,Managed Payroll,Partners,awong,4718,0
D203726,C102239,2024-09-14,2024-11-28,Closed Won,PM,People Management,Direct,awong,1297,0
D203727,C100252,2025-04-19,,Open,ADD_ON_TKR,TKR Add-on,Partners,shao,872,0
D203728,C101044,2025-05-29,,Open,PM,People Management,Direct,dinkster,1724,0
D203729,C104778,2024-01-06,2024-03-18,Closed Won,PAYROLL_MPS,Managed Payroll,Partners,dinkster,3793,1
D203730,C101471,2025-01-28,,Open,PAYROLL_MPS,Managed Payroll,Partners,unassigned,2859,0
D203731,C102092,2024-03-29,2024-06-07,Closed Won,PAYROLL_MPS,Managed Payroll,Direct,unassigned,2440,0
D203732,C100720,2024-08-09,2024-10-21,Closed Lost,PAYROLL_MPS,Managed Payroll,Direct,shao,1924,0
D203733,C102372,2024-12-02,2024-12-23,Closed Won,PAYROLL_MPS,Managed Payroll,Partners,mkoenen,4130,0
D203734,C103432,2025-03-15,2025-05-12,Closed Won,ADD_ON_TKR,TKR Add-on,Partners,dinkster,1239,0
D203735,C103036,2024-06-08,2024-07-10,Closed Lost,PAYROLL_DIY,Payroll DIY,Direct,dt,1821,0
D203736,C103521,2024-01-03,2024-01-20,Closed Won,PAYROLL_MPS,Managed Payroll,Direct,awong,6518,0
D203737,C102300,2025-02-08,2025-04-13,Closed Won,PM,People Management,Partners,unassigned,2003,0
D203738,C101901,2024-09-17,2024-10-23,Closed Won,PAYROLL_MPS,Managed Payroll,Partners,,3811,0
D203739,C102173,2025-04-06,2025-05-24,Closed Lost,PAYROLL_DIY,Payroll DIY,Partners,mkoenen,0,0
D203740,C102793,2024-11-03,2024-11-23,Closed Lost,PAYROLL_DIY,Payroll DIY,Direct,unassigned_tmp,623,0
D203741,C102370,2024-01-25,,Open,ADD_ON_TKR,TKR Add-on,Partners,unassigned,555,0
D203742,C101696,2024-12-18,2024-12-31,Closed Won,ADD_ON_TKR,TKR Add-on,Partners,awong,181,0
D203743,C104245,2025-03-08,2025-05-30,Closed Won,PM,People Management,Direct,dinkster,534,0
D203744,C104502,2024-12-28,,Open,ADD_ON_TKR,TKR Add-on,Direct,unassigned,293,0
D203745,C102927,2024-12-19,2025-02-02,Closed Won,PAYROLL_DIY,Payroll DIY,Direct,unassigned,1652,0
D203746,C104147,2024-01-07,2024-04-01,Closed Won,PAYROLL_DIY,Payroll DIY,Direct,shao,2525,0
D203747,C100998,2024-04-01,2024-05-25,Closed Won,PAYROLL_MPS,Managed Payroll,Direct,unassigned,5965,0
D203748,C102793,2025-04-12,2025-07-04,Closed Lost,PAYROLL_MPS,Managed Payroll,Direct,dt,7920,0
D203749,C103262,2024-10-09,2024-12-04,Closed Won,PAYROLL_DIY,Payroll DIY,Partners,dt,1994,0
D203750,C100838,2025-04-11,2025-04-13,Closed Lost,PM,People Management,Direct,unassigned,1479,0
D203751,C100058,2024-07-14,2024-07-15,Closed Won,ADD_ON_TKR,TKR Add-on,Direct,mkoenen,619,0
D203752,C103918,2025-05-03,2025-05-18,Closed Won,ADD_ON_TKR,TKR Add-on,Partners,dinkster,1176,0
D203753,C102945,2024-10-02,2024-12-02,Closed Won,PAYROLL_MPS,Managed Payroll,Direct,dt,0,0
D203754,C103514,2024-04-19,2024-06-27,Closed Won,PAYROLL_MPS,Managed Payroll,Partners,unassigned,3176,0
D203755,C100225,2024-09-01,2024-10-07,Closed Won,ADD_ON_TKR,TKR Add-on,Partners,unassigned,731,0
D203756,C104084,2024-06-26,2024-08-29,Closed Won,PM,People Management,Partners,shao,0,0
D203757,C100089,2025-05-16,2025-07-05,Closed Won,PAYROLL_MPS,Managed Payroll,Partners,dt,4786,0
D203758,C104907,2024-04-24,,Open,ADD_ON_TKR,TKR Add-on,Partners,dinkster,681,0
D203759,C101605,2024-05-06,2024-07-27,Closed Won,PAYROLL_DIY,Payroll DIY,Partners,shao,2596,0
D203760,C104927,2025-01-24,2025-03-08,Closed Won,PAYROLL_MPS,Managed Payroll,Partners,shao,4085,0
D203761,C101374,2024-09-29,2024-11-09,Closed Won,PAYROLL_DIY,Payroll DIY,Partners,dt,2762,1
D203762,C104304,2025-05-21,,Open,PAYROLL_MPS,Managed Payroll,Partners,awong,5059,0
D203763,C104734,2024-07-06,2024-08-05,Closed Won,PM,People Management,Direct,dt,2299,0
D203764,C103278,2025-05-23,2025-08-01,Closed Won,PAYROLL_MPS,Managed Payroll,Partners,mkoenen,2644,0
D203765,C103325,2024-08-20,2024-10-28,Closed Lost,ADD_ON_TKR,TKR Add-on,Direct,shao,1158,0
D203766,C103349,2025-07-02,2025-09-15,Closed Won,PAYROLL_MPS,Managed Payroll,Direct,mkoenen,1973,0
D203767,C101590,2024-01-29,2024-03-18,Closed Lost,PM,People Management,Partners,awong,1445,0
D203768,C103974,2024-11-09,2025-02-02,Closed Won,ADD_ON_TKR,TKR Add-on,Partners,unassigned,694,0
D203769,C101998,2024-01-19,2024-02-05,Closed Lost,PAYROLL_DIY,Payroll DIY,Partners,unassigned,1262,0
D203770,C100052,2025-07-01,,Open,ADD_ON_TKR,TKR Add-on,Direct,unassigned,266,0
D203771,C100525,2024-01-16,2024-02-02,Closed Lost,PAYROLL_DIY,Payroll DIY,Partners,dt,1774,0
D203772,C101413,2025-01-13,2025-04-06,Closed Won,PAYROLL_DIY,Payroll DIY,Direct,dinkster,2719,0
D203773,C103545,2024-09-02,,Open,PAYROLL_DIY,Payroll DIY,Direct,unassigned,1743,0
D203774,C101672,2024-05-21,2024-07-17,Closed Lost,PAYROLL_MPS,Managed Payroll,Partners,mkoenen,2947,0
D203775,C101301,2024-08-02,2024-10-29,Closed Lost,PAYROLL_DIY,Payroll DIY,Partners,dinkster,1516,0
D203776,C100378,2025-06-30,2025-09-27,Closed Won,PAYROLL_DIY,Payroll DIY,Partners,mkoenen,1873,0
D203777,C103657,2024-10-13,,Open,PAYROLL_MPS,Managed Payroll,Partners,awong,5123,0
D203778,C103434,2025-04-23,2025-06-23,Closed Won,PAYROLL_DIY,Payroll DIY,Direct,awong,1640,0
D203779,C100406,2025-06-12,2025-07-30,Closed Lost,PAYROLL_DIY,Payroll DIY,Direct,unassigned,327,0
D203780,C104423,2025-05-31,2025-06-17,Closed Won,PAYROLL_DIY,Payroll DIY,Partners,dt,1190,0
D203781,C103050,2024-06-16,2024-08-31,Closed Won,PAYROLL_MPS,Managed Payroll,Direct,shao,5100,0
D203782,C103280,2025-01-12,,Open,PM,People Management,Direct,mkoenen,2207,0
D203783,C103526,2025-02-06,2025-03-15,Closed Lost,ADD_ON_TKR,TKR Add-on,Partners,unassigned,763,0
D203784,C102934,2024-01-20,2024-03-25,Closed Won,PAYROLL_DIY,Payroll DIY,Direct,dinkster,2610,0
D203785,C103723,2025-01-05,,Open,PM,People Management,Partners,dt,1067,0
D203786,C103394,2024-08-26,,Open,PAYROLL_MPS,Managed Payroll,Direct,dt,3995,0
D203787,C103085,2024-08-29,2024-10-01,Closed Lost,PAYROLL_MPS,Managed Payroll,Direct,dt,7554,0
D203788,C100304,2025-03-22,2025-04-20,Closed Won,ADD_ON_TKR,TKR Add-on,Partners,unassigned,219,0
D203789,C100659,2025-04-21,,Open,PAYROLL_DIY,Payroll DIY,Partners,mkoenen,665,0
D203790,C100719,2024-02-26,2024-04-10,Closed Won,ADD_ON_TKR,TKR Add-on,Partners,unassigned,495,0
D203791,C104199,2024-10-29,2024-12-28,Closed Won,PAYROLL_DIY,Payroll DIY,Partners,unassigned,2020,0
D203792,C104563,2025-03-04,,Open,PAYROLL_DIY,Payroll DIY,Partners,shao,1217,0
D203793,C102578,2024-01-12,,Open,ADD_ON_TKR,TKR Add-on,Direct,awong,669,0
D203794,C101401,2024-04-23,,Open,ADD_ON_TKR,TKR Add-on,Direct,shao,829,0
D203795,C100937,2024-01-02,2024-01-07,Closed Won,PAYROLL_DIY,Payroll DIY,Direct,dt,2544,0
D203796,C104321,2024-07-12,2024-09-27,Closed Won,ADD_ON_TKR,TKR Add-on,Direct,mkoenen,1158,0
D203797,C101252,2024-07-27,2024-10-24,Closed Won,PM,People Management,Direct,awong_tmp,2716,0
D203798,C103958,2024-11-06,2024-12-28,Closed Lost,PAYROLL_DIY,Payroll DIY,Direct,mkoenen,1373,0
D203799,C103558,2024-01-26,2024-02-17,Closed Lost,PAYROLL_DIY,Payroll DIY,Direct,mkoenen,823,0
D203800,C102197,2024-11-18,2025-01-29,Closed Won,PAYROLL_MPS,Managed Payroll,Direct,unassigned,4540,0
D203801,C104022,2024-06-14,,Open,PM,People Management,Direct,dt,245,0
D203802,C103636,2024-09-29,2024-10-23,Closed Won,ADD_ON_TKR,TKR Add-on,Partners,dt,1109,1
D203803,C102717,2024-08-20,2024-09-23,Closed Won,PAYROLL_MPS,Managed Payroll,Direct,mkoenen,3161,0
D203804,C102492,2024-12-11,2025-01-14,Closed Won,PM,People Management,Partners,awong,1261,0
D203805,C101492,2024-08-16,2024-11-09,Closed Won,PAYROLL_DIY,Payroll DIY,Partners,shao,2676,0
D203806,C101186,2024-01-16,2024-02-04,Closed Won,PM,People Management,Direct,unassigned,602,0
D203807,C100101,2025-04-07,,Open,PAYROLL_DIY,Payroll DIY,Direct,awong,2341,0
D203808,C104994,2024-12-12,2024-12-18,Closed Won,PAYROLL_DIY,Payroll DIY,Direct,,1554,0
D203809,C104792,2025-01-03,2025-03-06,Closed Won,PAYROLL_DIY,Payroll DIY,Partners,mkoenen,871,0
D203810,C101904,2025-06-15,,Open,PAYROLL_DIY,Payroll DIY,Direct,awong,2188,0
D203811,C104647,2024-06-26,,Open,PAYROLL_MPS,Managed Payroll,Direct,awong,4267,0
D203812,C104191,2024-04-17,2024-05-25,Closed Won,PAYROLL_DIY,Payroll DIY,Partners,dt,150,0
D203813,C101443,2024-10-15,,Open,PM,People Management,Partners,dinkster,2416,0
D203814,C104760,2024-04-01,2024-05-10,Closed Won,PAYROLL_MPS,Managed Payroll,Direct,unassigned,2865,0
D203815,C103070,2025-06-26,,Open,PM,People Management,Partners,dinkster,1078,0
D203816,C102386,2025-02-05,2025-03-17,Closed Won,ADD_ON_TKR,TKR Add-on,Direct,dt,835,0
D203817,C101833,2024-04-10,,Open,PAYROLL_DIY,Payroll DIY,Partners,unassigned,1980,0
D203818,C100368,2024-09-17,2024-09-19,Closed Lost,PAYROLL_MPS,Managed Payroll,Partners,awong,628,0
D203819,C100109,2025-01-14,2025-02-06,Closed Won,PAYROLL_MPS,Managed Payroll,Direct,dinkster,1010,0
D203820,C101007,2024-08-28,,Open,PM,People Management,Direct,unassigned,629,0
D203821,C104646,2024-01-10,2024-03-10,Closed Won,PAYROLL_DIY,Payroll DIY,Partners,unassigned,2803,0
D203822,C102475,2024-04-11,2024-04-25,Closed Won,ADD_ON_TKR,TKR Add-on,Direct,unassigned,895,0
D203823,C100970,2024-03-27,2024-06-21,Closed Won,PAYROLL_MPS,Managed Payroll,Partners,dt,2895,0
D203824,C100231,2024-12-09,2025-01-13,Closed Lost,ADD_ON_TKR,TKR Add-on,Direct,unassigned,747,0
D203825,C101138,2025-03-15,2025-05-08,Closed Lost,PAYROLL_DIY,Payroll DIY,Direct,dt,1843,0
D203826,C100311,2025-05-15,,Open,ADD_ON_TKR,TKR Add-on,Direct,dt,852,0
D203827,C104526,2025-06-17,,Open,PAYROLL_MPS,Managed Payroll,Partners,dt,5567,0
D203828,C102917,2024-06-19,2024-07-31,Closed Won,PAYROLL_DIY,Payroll DIY,Direct,unassigned,1154,0
D203829,C101737,2024-12-30,,Open,PAYROLL_DIY,Payroll DIY,Partners,unassigned,1305,0
D203830,C102191,2024-08-28,,Open,PAYROLL_DIY,Payroll DIY,Direct,unassigned,964,0
D203831,C102445,2025-01-07,2025-03-03,Closed Won,PM,People Management,Partners,shao,857,0
D203832,C104670,2024-09-26,,Open,PAYROLL_DIY,Payroll DIY,Direct,,2551,0
D203833,C102492,2025-02-17,2025-04-01,Closed Won,PAYROLL_DIY,Payroll DIY,Partners,dinkster,1887,0
D203834,C101594,2024-01-16,2024-01-31,Closed Won,PM,People Management,Partners,mkoenen,546,0
D203835,C101685,2024-04-23,2024-07-07,Closed Won,PM,People Management,Direct,unassigned,1354,0
D203836,C100074,2025-03-20,2025-05-31,Closed Won,ADD_ON_TKR,TKR Add-on,Direct,dinkster,599,0
D203837,C102778,2024-11-27,2025-02-11,Closed Lost,PAYROLL_DIY,Payroll DIY,Partners,shao,961,0
D203838,C100482,2024-02-01,2024-04-23,Closed Won,PAYROLL_DIY,Payroll DIY,Partners,shao,2371,0
D203839,C101811,2024-01-16,,Open,PAYROLL_MPS,Managed Payroll,Direct,awong,3288,0
D203840,C100353,2025-06-23,,Open,PAYROLL_MPS,Managed Payroll,Partners,awong,0,0
D203841,C101886,2024-03-09,2024-05-24,Closed Won,ADD_ON_TKR,TKR Add-on,Direct,unassigned,719,0
D203842,C100539,2024-06-02,2024-08-18,Closed Won,PAYROLL_DIY,Payroll DIY,Partners,awong,1053,0
D203843,C103380,2024-01-04,2024-01-06,Closed Won,PAYROLL_DIY,Payroll DIY,Direct,unassigned,1048,0
D203844,C104984,2024-11-14,2025-01-18,Closed Lost,PAYROLL_MPS,Managed Payroll,Direct,awong,597,0
D203845,C102138,2024-10-14,,Open,PAYROLL_MPS,Managed Payroll,Partners,awong,1901,0
D203846,C101468,2024-06-21,2024-08-18,Closed Lost,PAYROLL_DIY,Payroll DIY,Direct,shao,4037,0
D203847,C102508,2024-01-02,2024-02-07,Closed Lost,PAYROLL_MPS,Managed Payroll,Partners,unassigned,165,0
D203848,C102290,2024-02-26,2024-04-17,Closed Won,ADD_ON_TKR,TKR Add-on,Partners,mkoenen,709,0
D203849,C102620,2024-12-05,2025-02-01,Closed Won,ADD_ON_TKR,TKR Add-on,Direct,shao,164,0
D203850,C102213,2024-08-28,,Open,PM,People Management,Partners,awong,1186,0
D203851,C104943,2024-12-31,2025-01-13,Closed Won,PM,People Management,Direct,mkoenen,1109,0
D203852,C102609,2025-02-25,2025-05-13,Closed Lost,ADD_ON_TKR,TKR Add-on,Direct,shao,785,0
D203853,C103832,2025-05-03,2025-06-23,Closed Won,PAYROLL_DIY,Payroll DIY,Partners,dinkster,863,0
D203854,C100122,2024-08-09,,Open,PM,People Management,Partners,dt,0,0
D203855,C101425,2024-02-18,2024-04-19,Closed Lost,ADD_ON_TKR,TKR Add-on,Direct,shao,1086,0
D203856,C100002,2024-03-10,2024-03-29,Closed Lost,ADD_ON_TKR,TKR Add-on,Partners,awong,1034,0
D203857,C101167,2024-01-27,2024-01-30,Closed Won,PAYROLL_MPS,Managed Payroll,Direct,mkoenen,2387,0
D203858,C104084,2024-12-28,2025-01-25,Closed Lost,PM,People Management,Direct,unassigned,1593,0
D203859,C102527,2024-10-28,2024-11-14,Closed Won,PAYROLL_DIY,Payroll DIY,Partners,shao,1871,0
D203860,C104585,2024-02-01,2024-03-31,Closed Won,ADD_ON_TKR,TKR Add-on,Direct,shao,1195,0
D203861,C100152,2025-05-07,2025-05-22,Closed Lost,ADD_ON_TKR,TKR Add-on,Partners,dt,321,0
D203862,C100461,2024-12-26,2025-01-29,Closed Won,PM,People Management,Direct,awong,1136,0
D203863,C102952,2024-02-21,2024-02-22,Closed Won,PAYROLL_DIY,Payroll DIY,Partners,dinkster,2091,0
D203864,C100940,2024-01-26,,Open,PAYROLL_DIY,Payroll DIY,Direct,unassigned,861,0
D203865,C102645,2024-03-08,,Open,ADD_ON_TKR,TKR Add-on,Direct,mkoenen,1038,0
D203866,C104482,2024-02-21,2024-03-08,Closed Won,PAYROLL_DIY,Payroll DIY,Partners,shao,0,0
D203867,C100524,2025-05-16,2025-06-21,Closed Lost,ADD_ON_TKR,TKR Add-on,Direct,mkoenen,674,0
D203868,C102377,2025-01-09,,Open,PAYROLL_DIY,Payroll DIY,Partners,unassigned,1540,0
D203869,C104014,2025-05-23,,Open,PAYROLL_DIY,Payroll DIY,Direct,awong,767,0
D203870,C102972,2025-03-31,2025-05-29,Closed Lost,PAYROLL_DIY,Payroll DIY,Direct,shao,2098,0
D203871,C103188,2025-01-20,2025-02-03,Closed Lost,PM,People Management,Partners,dt,1165,0
D203872,C101135,2025-02-04,2025-04-13,Closed Lost,PAYROLL_DIY,Payroll DIY,Direct,unassigned,2721,0
D203873,C100472,2024-01-31,2024-03-09,Closed Won,PM,People Management,Direct,awong,1844,0
D203874,C100699,2025-03-04,2025-04-18,Closed Lost,PAYROLL_DIY,Payroll DIY,Partners,awong,2457,0
D203875,C100738,2025-03-19,2025-05-30,Closed Won,PAYROLL_MPS,Managed Payroll,Direct,shao,1167,0
D203876,C104163,2024-09-29,2024-12-11,Closed Won,PAYROLL_DIY,Payroll DIY,Partners,dinkster,2672,0
D203877,C100227,2025-07-02,2025-09-22,Closed Won,ADD_ON_TKR,TKR Add-on,Direct,unassigned,1100,0
D203878,C100411,2024-11-12,2024-12-25,Closed Won,ADD_ON_TKR,TKR Add-on,Direct,unassigned,347,0
D203879,C102406,2024-10-11,,Open,PAYROLL_DIY,Payroll DIY,Direct,unassigned,1983,0
D203880,C103474,2024-07-04,,Open,PAYROLL_MPS,Managed Payroll,Partners,mkoenen,2341,0
D203881,C101350,2024-07-02,2024-09-03,Closed Lost,PAYROLL_DIY,Payroll DIY,Direct,dinkster,2268,0
D203882,C102212,2024-04-30,2024-05-08,Closed Won,ADD_ON_TKR,TKR Add-on,Partners,mkoenen,1291,0
D203883,C101533,2024-02-15,2024-04-23,Closed Lost,PM,People Management,Partners,unassigned,575,0
D203884,C100859,2024-12-21,,Open,ADD_ON_TKR,TKR Add-on,Direct,unassigned,612,0
D203885,C104534,2024-01-29,,Open,PAYROLL_DIY,Payroll DIY,Partners,shao,3170,0
D203886,C103635,2024-09-21,2024-09-30,Closed Won,PM,People Management,Partners,dt,956,0
D203887,C103435,2024-01-19,2024-01-24,Closed Won,PAYROLL_DIY,Payroll DIY,Partners,,2122,0
D203888,C104319,2024-01-10,2024-03-09,Closed Won,PAYROLL_MPS,Managed Payroll,Direct,dt,1296,0
D203889,C103623,2024-06-03,2024-07-17,Closed Won,PAYROLL_MPS,Managed Payroll,Direct,dinkster,4045,0
D203890,C104086,2024-04-10,,Open,PAYROLL_DIY,Payroll DIY,Direct,shao,2150,0
D203891,C100548,2024-07-31,2024-10-28,Closed Won,PM,People Management,Direct,mkoenen,42,0
D203892,C104998,2025-03-28,2025-04-12,Closed Lost,PAYROLL_DIY,Payroll DIY,Partners,mkoenen,1452,0
D203893,C104576,2024-04-02,2024-06-29,Closed Won,PAYROLL_DIY,Payroll DIY,Direct,unassigned,1697,0
D203894,C104520,2024-10-30,,Open,PAYROLL_DIY,Payroll DIY,Direct,dinkster,3474,0
D203895,C102786,2025-03-10,,Open,PAYROLL_DIY,Payroll DIY,Direct,mkoenen,703,0
D203896,C101100,2025-05-18,2025-05-29,Closed Won,ADD_ON_TKR,TKR Add-on,Partners,dt,406,0
D203897,C101193,2025-05-06,2025-06-23,Closed Lost,PAYROLL_MPS,Managed Payroll,Partners,dt,4951,0
D203898,C101354,2025-02-09,,Open,PAYROLL_DIY,Payroll DIY,Partners,dt,2249,0
D203899,C104393,2024-08-11,2024-09-09,Closed Won,PM,People Management,Direct,awong,1235,0
D203900,C102567,2024-12-01,2025-02-11,Closed Won,PM,People Management,Partners,,343,0
D203901,C103834,2024-09-10,2024-09-30,Closed Won,PAYROLL_MPS,Managed Payroll,Direct,awong,73,0
D203902,C104729,2025-04-20,2025-05-04,Closed Won,PAYROLL_MPS,Managed Payroll,Direct,awong,4861,0
D203903,C100937,2024-03-25,2024-05-08,Closed Won,PAYROLL_DIY,Payroll DIY,Direct,mkoenen,3493,0
D203904,C103741,2024-06-25,2024-09-11,Closed Won,PM,People Management,Partners,shao,1567,0
D203905,C101200,2024-10-24,2024-12-31,Closed Won,PAYROLL_MPS,Managed Payroll,Direct,dt_tmp,6294,0
D203906,C101380,2024-08-04,2024-09-04,Closed Won,PAYROLL_DIY,Payroll DIY,Partners,unassigned,1726,0
D203907,C102813,2024-11-21,,Open,PAYROLL_MPS,Managed Payroll,Partners,mkoenen,439,0
D203908,C104303,2025-07-02,2025-09-30,Closed Won,PAYROLL_MPS,Managed Payroll,Partners,mkoenen,1249,0
D203909,C100765,2024-09-02,2024-09-25,Closed Won,PAYROLL_MPS,Managed Payroll,Direct,shao,4133,0
D203910,C102737,2024-03-01,2024-04-23,Closed Won,PM,People Management,Direct,unassigned,1551,0
D203911,C101383,2024-05-28,,Open,PAYROLL_MPS,Managed Payroll,Partners,dt,4468,0
D203912,C101251,2024-08-30,2024-10-09,Closed Won,PM,People Management,Direct,unassigned,1513,0
D203913,C103060,2025-04-23,2025-07-04,Closed Lost,PAYROLL_DIY,Payroll DIY,Direct,mkoenen,1845,0
D203914,C100643,2024-11-20,,Open,PAYROLL_DIY,Payroll DIY,Partners,shao,1639,0
D203915,C104636,2024-06-16,2024-07-01,Closed Won,PAYROLL_DIY,Payroll DIY,Partners,dinkster,3403,0
D203916,C100893,2024-10-19,2024-11-23,Closed Lost,PAYROLL_MPS,Managed Payroll,Partners,awong,5629,0
D203917,C104940,2024-11-09,,Open,PM,People Management,Partners,dinkster,254,0
D203918,C103032,2025-06-08,2025-06-25,Closed Lost,PM,People Management,Partners,awong,0,0
D203919,C100716,2024-11-28,2025-02-15,Closed Won,PAYROLL_MPS,Managed Payroll,Direct,dt,4831,0
D203920,C101307,2025-01-10,2025-02-17,Closed Lost,PAYROLL_MPS,Managed Payroll,Partners,dinkster,2267,0
D203921,C103069,2024-12-09,2024-12-16,Closed Lost,PAYROLL_MPS,Managed Payroll,Direct,unassigned,2932,0
D203922,C104874,2025-01-22,2025-04-01,Closed Lost,PAYROLL_MPS,Managed Payroll,Partners,mkoenen,5563,0
D203923,C101046,2024-02-24,2024-04-04,Closed Lost,PAYROLL_MPS,Managed Payroll,Partners,,2918,0
D203924,C100140,2024-04-18,,Open,PAYROLL_MPS,Managed Payroll,Direct,unassigned,7481,0
D203925,C103357,2025-06-11,2025-08-03,Closed Won,ADD_ON_TKR,TKR Add-on,Partners,dt,1542,0
D203926,C102912,2024-09-02,,Open,PAYROLL_DIY,Payroll DIY,Direct,shao,2386,0
D203927,C103282,2024-02-03,,Open,ADD_ON_TKR,TKR Add-on,Direct,dinkster,823,0
D203928,C102085,2024-09-20,2024-12-14,Closed Lost,ADD_ON_TKR,TKR Add-on,Partners,dinkster,1165,0
D203929,C100366,2025-01-03,2025-01-08,Closed Won,PAYROLL_MPS,Managed Payroll,Direct,mkoenen,5192,0
D203930,C104549,2025-04-17,2025-05-20,Closed Won,PAYROLL_DIY,Payroll DIY,Partners,dinkster,1905,0
D203931,C101241,2024-05-24,2024-05-29,Closed Won,PAYROLL_DIY,Payroll DIY,Partners,unassigned,0,0
D203932,C102774,2025-05-20,,Open,PAYROLL_MPS,Managed Payroll,Partners,dt,5175,0
D203933,C101310,2025-03-30,,Open,PAYROLL_DIY,Payroll DIY,Direct,mkoenen,1685,0
D203934,C100840,2024-12-08,2025-03-02,Closed Won,PAYROLL_DIY,Payroll DIY,Direct,dinkster,2809,0
D203935,C101013,2025-04-01,2025-06-09,Closed Lost,PAYROLL_DIY,Payroll DIY,Direct,unassigned,1572,0
D203936,C101925,2025-05-09,2025-07-31,Closed Won,PAYROLL_DIY,Payroll DIY,Direct,,2455,0
D203937,C102647,2025-04-18,2025-04-27,Closed Won,PAYROLL_MPS,Managed Payroll,Partners,awong,5956,0
D203938,C100806,2024-12-06,2024-12-16,Closed Won,PAYROLL_DIY,Payroll DIY,Partners,mkoenen,2405,0
D203939,C101006,2024-05-12,2024-05-26,Closed Won,ADD_ON_TKR,TKR Add-on,Partners,shao,518,0
D203940,C104049,2025-07-01,,Open,PAYROLL_DIY,Payroll DIY,Direct,dinkster,1568,0
D203941,C103473,2024-08-27,2024-10-31,Closed Won,PM,People Management,Partners,shao,1796,0
D203942,C100022,2024-11-25,,Open,PM,People Management,Direct,awong,265,0
D203943,C102363,2024-01-22,,Open,PM,People Management,Direct,dinkster,2070,0
D203944,C103371,2025-03-17,2025-05-14,Closed Lost,ADD_ON_TKR,TKR Add-on,Partners,dt,1226,0
D203945,C100975,2025-02-13,,Open,PAYROLL_DIY,Payroll DIY,Partners,awong,2117,0
D203946,C102218,2024-02-12,2024-04-25,Closed Won,ADD_ON_TKR,TKR Add-on,Direct,shao,952,0
D203947,C103941,2024-02-25,2024-03-25,Closed Won,PAYROLL_DIY,Payroll DIY,Partners,dt,1806,0
D203948,C103088,2024-01-15,2024-04-04,Closed Lost,PM,People Management,Direct,shao,1540,0
D203949,C101611,2024-09-12,2024-10-17,Closed Lost,PAYROLL_DIY,Payroll DIY,Direct,dinkster,1735,0
D203950,C102063,2025-05-12,2025-07-11,Closed Won,PAYROLL_DIY,Payroll DIY,Direct,awong,1613,0
D203951,C103029,2024-03-28,2024-05-04,Closed Won,ADD_ON_TKR,TKR Add-on,Direct,unassigned,463,0
D203952,C100738,2024-05-30,2024-07-07,Closed Won,ADD_ON_TKR,TKR Add-on,Direct,dinkster,616,0
D203953,C100340,2024-01-26,2024-04-01,Closed Won,PAYROLL_MPS,Managed Payroll,Direct,mkoenen,4474,0
D203954,C101899,2024-03-01,2024-05-18,Closed Won,PAYROLL_MPS,Managed Payroll,Direct,unassigned,5373,0
D203955,C101471,2025-06-30,2025-09-28,Closed Won,ADD_ON_TKR,TKR Add-on,Direct,dinkster,1256,0
D203956,C103145,2024-12-20,2025-03-14,Closed Won,PAYROLL_DIY,Payroll DIY,Direct,dt,2065,0
D203957,C104489,2024-08-22,,Open,ADD_ON_TKR,TKR Add-on,Direct,dinkster,998,0
D203958,C101159,2024-11-20,2025-02-15,Closed Won,ADD_ON_TKR,TKR Add-on,Direct,unassigned,536,0
D203959,C102446,2025-06-11,,Open,ADD_ON_TKR,TKR Add-on,Direct,dt,1066,0
D203960,C104372,2024-01-07,,Open,ADD_ON_TKR,TKR Add-on,Partners,mkoenen,0,0
D203961,C103500,2024-04-17,,Open,ADD_ON_TKR,TKR Add-on,Direct,awong,1177,0
D203962,C101512,2024-01-09,2024-02-04,Closed Won,PM,People Management,Partners,mkoenen,961,0
D203963,C102917,2025-01-26,2025-02-18,Closed Won,PAYROLL_DIY,Payroll DIY,Direct,shao,2710,0
D203964,C102059,2024-04-14,2024-04-19,Closed Won,PAYROLL_DIY,Payroll DIY,Partners,shao,2578,0
D203965,C100873,2024-12-28,2025-01-03,Closed Won,PM,People Management,Direct,awong,887,0
D203966,C102654,2024-02-16,2024-04-04,Closed Won,PM,People Management,Partners,mkoenen,1728,0
D203967,C102291,2025-02-26,,Open,PAYROLL_DIY,Payroll DIY,Partners,shao,1560,0
D203968,C104993,2024-06-04,2024-07-13,Closed Won,PAYROLL_DIY,Payroll DIY,Partners,dt,1830,0
D203969,C103689,2025-02-10,2025-03-28,Closed Won,PM,People Management,Direct,unassigned,1401,0
D203970,C103557,2024-04-11,2024-06-09,Closed Lost,PAYROLL_DIY,Payroll DIY,Direct,awong,315,0
D203971,C100556,2025-04-08,2025-06-23,Closed Won,PM,People Management,Direct,shao,871,0
D203972,C102969,2024-11-05,2024-11-23,Closed Won,PM,People Management,Partners,dinkster,1742,0
D203973,C104973,2024-01-12,2024-03-23,Closed Won,PM,People Management,Direct,dt,1282,1
D203974,C103528,2024-09-10,,Open,ADD_ON_TKR,TKR Add-on,Direct,shao,957,0
D203975,C103204,2024-11-23,,Open,PAYROLL_DIY,Payroll DIY,Direct,shao,1399,0
D203976,C100499,2024-09-28,2024-11-02,Closed Won,PM,People Management,Partners,mkoenen,1271,0
D203977,C104092,2025-04-24,2025-05-19,Closed Won,PAYROLL_DIY,Payroll DIY,Direct,unassigned,1097,0
D203978,C100274,2025-06-06,,Open,PAYROLL_MPS,Managed Payroll,Direct,dt,2305,0
D203979,C101409,2024-02-16,2024-03-05,Closed Won,PAYROLL_DIY,Payroll DIY,Partners,dinkster,1651,0
D203980,C103730,2024-08-30,2024-10-26,Closed Lost,ADD_ON_TKR,TKR Add-on,Direct,awong,255,0
D203981,C103970,2025-03-03,2025-05-25,Closed Lost,ADD_ON_TKR,TKR Add-on,Direct,shao,1018,0
D203982,C100291,2024-12-23,2025-01-10,Closed Won,PAYROLL_DIY,Payroll DIY,Direct,dt,1992,0
D203983,C104271,2024-06-21,2024-06-30,Closed Won,ADD_ON_TKR,TKR Add-on,Direct,unassigned,329,0
D203984,C103032,2024-05-31,2024-07-29,Closed Won,PM,People Management,Partners,dt,3010,0
D203985,C104512,2024-07-15,2024-08-06,Closed Won,PAYROLL_DIY,Payroll DIY,Direct,awong,1131,0
D203986,C104483,2024-10-22,2024-10-26,Closed Won,PAYROLL_DIY,Payroll DIY,Partners,dinkster,174,0
D203987,C104951,2024-05-16,2024-07-19,Closed Won,PAYROLL_MPS,Managed Payroll,Partners,shao,7211,0
D203988,C102175,2025-06-29,,Open,PM,People Management,Partners,shao,393,0
D203989,C102756,2025-01-11,2025-02-20,Closed Lost,PM,People Management,Direct,unassigned,1924,0
D203990,C104877,2025-05-19,2025-08-08,Closed Won,PM,People Management,Direct,shao_tmp,1483,0
D203991,C101800,2024-12-09,,Open,PAYROLL_DIY,Payroll DIY,Partners,dt,508,0
D203992,C102265,2025-01-30,2025-04-15,Closed Lost,PM,People Management,Partners,unassigned,732,0
D203993,C104047,2025-03-12,2025-04-17,Closed Lost,PM,People Management,Direct,shao,2002,0
D203994,C103771,2024-08-19,2024-10-25,Closed Won,PM,People Management,Partners,dt,1032,0
D203995,C102624,2024-10-10,2024-11-20,Closed Lost,PAYROLL_MPS,Managed Payroll,Partners,awong,3615,0
D203996,C100674,2024-12-04,2025-01-13,Closed Won,PM,People Management,Direct,dinkster,1646,0
D203997,C104605,2025-03-25,,Open,PAYROLL_DIY,Payroll DIY,Direct,mkoenen,2810,0
D203998,C104976,2024-04-25,2024-05-03,Closed Won,ADD_ON_TKR,TKR Add-on,Partners,dt,303,0
D203999,C103488,2024-02-14,2024-02-16,Closed Won,PAYROLL_MPS,Managed Payroll,Partners,mkoenen,4779,0
D204000,C101945,2024-11-13,2025-01-16,Closed Won,PM,People Management,Partners,dt,1743,0
D204001,C102443,2024-08-27,2024-09-14,Closed Lost,PM,People Management,Direct,awong,2109,0
D204002,C103393,2024-08-23,2024-10-26,Closed Lost,PM,People Management,Partners,unassigned,1676,0
D204003,C104167,2024-12-15,2024-12-19,Closed Won,PM,People Management,Direct,unassigned,1010,0
D204004,C103862,2025-01-04,2025-03-25,Closed Lost,PAYROLL_MPS,Managed Payroll,Direct,dt,3619,0
D204005,C104102,2024-09-14,2024-10-30,Closed Won,PAYROLL_MPS,Managed Payroll,Direct,unassigned,3386,0
D204006,C101616,2024-02-21,2024-05-01,Closed Won,PAYROLL_MPS,Managed Payroll,Direct,dinkster,7663,0
D204007,C101871,2025-05-30,2025-07-19,Closed Won,PAYROLL_MPS,Managed Payroll,Partners,dinkster,4718,0
D204008,C104437,2025-01-07,2025-01-10,Closed Won,PAYROLL_DIY,Payroll DIY,Direct,unassigned,2001,0
D204009,C100207,2025-01-15,2025-01-30,Closed Won,PAYROLL_DIY,Payroll DIY,Partners,shao,-3233,0
D204010,C100419,2024-09-19,2024-11-05,Closed Won,ADD_ON_TKR,TKR Add-on,Direct,dinkster,955,0
D204011,C101017,2024-04-17,2024-06-21,Closed Lost,PM,People Management,Partners,shao,1469,0
D204012,C104010,2024-02-11,2024-03-31,Closed Won,PAYROLL_DIY,Payroll DIY,Direct,dinkster,151,0
D204013,C100898,2025-06-29,,Open,PAYROLL_MPS,Managed Payroll,Direct,,2067,0
D204014,C102865,2024-05-30,2024-07-03,Closed Won,PAYROLL_DIY,Payroll DIY,Direct,unassigned,3541,0
D204015,C101736,2024-10-10,2024-12-13,Closed Lost,ADD_ON_TKR,TKR Add-on,Partners,dt,175,0
D204016,C101269,2025-01-30,2025-04-26,Closed Lost,PAYROLL_DIY,Payroll DIY,Direct,mkoenen,3016,0
D204017,C101775,2024-07-07,2024-08-05,Closed Won,PAYROLL_DIY,Payroll DIY,Direct,dt,2462,0
D204018,C101224,2024-10-26,2025-01-16,Closed Won,PM,People Management,Partners,awong,1782,0
D204019,C104179,2024-10-27,2024-12-05,Closed Won,PAYROLL_DIY,Payroll DIY,Partners,dinkster,1430,0
D204020,C102172,2024-07-01,2024-08-10,Closed Won,ADD_ON_TKR,TKR Add-on,Direct,unassigned,955,0
D204021,C100069,2024-06-22,2024-07-30,Closed Won,PAYROLL_DIY,Payroll DIY,Direct,dinkster,1406,0
D204022,C101304,2024-01-31,2024-04-01,Closed Lost,PAYROLL_DIY,Payroll DIY,Partners,unassigned,2378,0
D204023,C103826,2025-03-01,,Open,PM,People Management,Partners,shao,686,0
D204024,C102576,2025-06-09,2025-09-07,Closed Won,PAYROLL_DIY,Payroll DIY,Direct,awong,2306,0
D204025,C104666,2025-02-18,2025-03-11,Closed Won,PAYROLL_DIY,Payroll DIY,Direct,mkoenen,2700,0
D204026,C100921,2024-02-26,2024-05-09,Closed Won,PAYROLL_MPS,Managed Payroll,Direct,shao,3776,0
D204027,C102469,2024-07-09,,Open,PAYROLL_DIY,Payroll DIY,Partners,dt,944,0
D204028,C101090,2024-12-25,2025-01-11,Closed Lost,PAYROLL_DIY,Payroll DIY,Direct,dt,2060,0
D204029,C102231,2024-07-20,2024-08-08,Closed Won,PAYROLL_DIY,Payroll DIY,Direct,dinkster,3048,0
D204030,C100963,2025-06-09,,Open,ADD_ON_TKR,TKR Add-on,Direct,mkoenen,572,0
D204031,C100574,2024-07-13,2024-08-08,Closed Won,PAYROLL_DIY,Payroll DIY,Direct,dinkster,1397,0
D204032,C102490,2024-03-18,2024-05-16,Closed Lost,PAYROLL_DIY,Payroll DIY,Partners,dinkster,2803,0
D204033,C103498,2024-09-29,2024-10-22,Closed Won,PAYROLL_MPS,Managed Payroll,Partners,shao,6508,0
D204034,C103788,2024-10-12,2024-10-29,Closed Won,ADD_ON_TKR,TKR Add-on,Direct,unassigned,287,0
D204035,C101794,2024-03-26,2024-03-30,Closed Won,PAYROLL_MPS,Managed Payroll,Partners,mkoenen,4536,0
D204036,C103750,2025-06-10,2025-08-12,Closed Lost,PAYROLL_MPS,Managed Payroll,Partners,dt,3847,0
D204037,C101401,2024-08-01,2024-09-07,Closed Won,PAYROLL_MPS,Managed Payroll,Partners,mkoenen,4752,0
D204038,C101204,2024-08-08,2024-09-03,Closed Lost,PAYROLL_DIY,Payroll DIY,Direct,awong,2043,0
D204039,C101917,2024-04-18,2024-07-12,Closed Won,PAYROLL_DIY,Payroll DIY,Direct,dinkster,2373,0
D204040,C104644,2025-05-08,,Open,PAYROLL_MPS,Managed Payroll,Direct,awong,0,0
D204041,C104576,2024-12-07,2024-12-14,Closed Won,PAYROLL_MPS,Managed Payroll,Direct,awong,3312,0
D204042,C103238,2024-01-30,2024-04-03,Closed Won,PM,People Management,Partners,awong,1492,0
D204043,C104944,2024-09-12,2024-10-20,Closed Lost,ADD_ON_TKR,TKR Add-on,Partners,,407,0
D204044,C104731,2024-09-03,2024-11-24,Closed Won,PAYROLL_DIY,Payroll DIY,Partners,dinkster_tmp,623,0
D204045,C101397,2024-08-08,2024-11-05,Closed Won,PAYROLL_MPS,Managed Payroll,Direct,shao,4305,0
D204046,C104731,2025-05-16,2025-05-21,Closed Won,PM,People Management,Partners,awong,1191,0
D204047,C103986,2024-01-29,,Open,PAYROLL_DIY,Payroll DIY,Direct,unassigned,1875,0
D204048,C102902,2024-10-27,2024-11-18,Closed Lost,PAYROLL_MPS,Managed Payroll,Partners,dinkster,2190,0
D204049,C104503,2024-07-02,2024-08-11,Closed Won,PAYROLL_MPS,Managed Payroll,Partners,dt,4467,0
D204050,C102412,2025-02-19,2025-04-29,Closed Won,PM,People Management,Partners,unassigned,641,0
D204051,C103489,2024-05-01,,Open,ADD_ON_TKR,TKR Add-on,Direct,dinkster,456,0
D204052,C102625,2024-01-21,2024-03-15,Closed Won,PAYROLL_MPS,Managed Payroll,Direct,shao,3321,0
D204053,C100267,2024-04-03,,Open,ADD_ON_TKR,TKR Add-on,Direct,dinkster,814,0
D204054,C100183,2024-05-29,,Open,ADD_ON_TKR,TKR Add-on,Partners,unassigned,1138,0
D204055,C100065,2024-10-14,,Open,PAYROLL_MPS,Managed Payroll,Direct,shao,5977,0
D204056,C100668,2024-02-09,,Open,PM,People Management,Direct,dt,703,0
D204057,C101715,2024-05-05,2024-06-20,Closed Won,ADD_ON_TKR,TKR Add-on,Direct,awong,854,0
D204058,C102544,2024-01-14,2024-03-02,Closed Lost,PAYROLL_DIY,Payroll DIY,Partners,unassigned,0,0
D204059,C101013,2025-03-06,2025-04-11,Closed Lost,ADD_ON_TKR,TKR Add-on,Direct,mkoenen,975,0
D204060,C104125,2024-07-10,2024-10-03,Closed Won,PM,People Management,Direct,awong,1116,0
D204061,C103784,2024-03-23,,Open,PAYROLL_MPS,Managed Payroll,Direct,shao,7142,0
D204062,C102276,2025-06-01,2025-07-24,Closed Won,ADD_ON_TKR,TKR Add-on,Partners,shao,1197,0
D204063,C103426,2025-04-10,2025-05-18,Closed Won,ADD_ON_TKR,TKR Add-on,Partners,shao,1317,0
D204064,C103482,2024-09-13,2024-10-27,Closed Won,ADD_ON_TKR,TKR Add-on,Direct,dt,749,0
D204065,C100983,2024-09-24,,Open,PAYROLL_MPS,Managed Payroll,Direct,dinkster,2206,0
D204066,C104118,2025-03-08,,Open,PAYROLL_MPS,Managed Payroll,Direct,unassigned,3974,0
D204067,C101277,2025-03-05,,Open,ADD_ON_TKR,TKR Add-on,Partners,shao,1048,0
D204068,C103178,2024-02-22,2024-03-25,Closed Lost,PM,People Management,Partners,dinkster,1637,0
D204069,C104222,2024-02-14,,Open,PAYROLL_DIY,Payroll DIY,Partners,,1644,0
D204070,C100188,2024-04-21,2024-06-05,Closed Won,PM,People Management,Partners,dt,564,0
D204071,C100113,2025-03-28,,Open,PAYROLL_MPS,Managed Payroll,Partners,shao,6482,0
D204072,C102664,2025-03-23,2025-05-09,Closed Won,PAYROLL_MPS,Managed Payroll,Direct,dinkster,3507,0
D204073,C103458,2024-10-15,2024-12-20,Closed Won,ADD_ON_TKR,TKR Add-on,Direct,awong,1334,0
D204074,C100485,2025-01-05,2025-01-23,Closed Lost,ADD_ON_TKR,TKR Add-on,Direct,shao,-1077,0
D204075,C102193,2024-01-27,,Open,PAYROLL_DIY,Payroll DIY,Direct,unassigned,3548,0
D204076,C103541,2024-08-22,2024-10-27,Closed Won,PAYROLL_DIY,Payroll DIY,Direct,shao,2850,0
D204077,C104375,2024-04-15,2024-05-10,Closed Won,PAYROLL_MPS,Managed Payroll,Direct,dt,0,0
D204078,C104238,2024-07-18,2024-08-18,Closed Won,PAYROLL_MPS,Managed Payroll,Partners,mkoenen,5027,0
D204079,C104038,2024-12-15,,Open,PM,People Management,Partners,mkoenen,440,0
D204080,C101481,2025-02-19,2025-04-17,Closed Won,ADD_ON_TKR,TKR Add-on,Partners,unassigned,1450,0
D204081,C100975,2025-03-01,2025-05-18,Closed Won,PM,People Management,Direct,unassigned,2245,0
D204082,C102564,2024-02-13,2024-03-12,Closed Won,ADD_ON_TKR,TKR Add-on,Partners,unassigned,729,0
D204083,C100541,2024-09-18,2024-09-20,Closed Won,PAYROLL_DIY,Payroll DIY,Direct,dt,3021,0
D204084,C100141,2024-12-25,,Open,PM,People Management,Partners,awong,1607,0
D204085,C104823,2025-01-17,,Open,PAYROLL_DIY,Payroll DIY,Direct,mkoenen,2424,0
D204086,C100891,2024-07-08,,Open,PM,People Management,Partners,dt,903,0
D204087,C104056,2024-11-13,2024-12-03,Closed Won,ADD_ON_TKR,TKR Add-on,Partners,dinkster,1069,0
D204088,C104782,2025-06-19,2025-07-24,Closed Won,ADD_ON_TKR,TKR Add-on,Direct,dinkster,1450,0
D204089,C100402,2025-06-16,2025-09-10,Closed Won,ADD_ON_TKR,TKR Add-on,Direct,mkoenen,1303,0
D204090,C100379,2025-06-29,2025-07-04,Closed Won,PM,People Management,Partners,dt,2123,0
D204091,C102971,2025-06-29,2025-08-01,Closed Won,PAYROLL_MPS,Managed Payroll,Direct,,4678,0
D204092,C102185,2024-08-10,2024-10-26,Closed Won,ADD_ON_TKR,TKR Add-on,Direct,mkoenen,853,0
D204093,C103582,2024-01-09,2024-04-08,Closed Won,PM,People Management,Direct,dinkster,737,0
D204094,C100849,2024-12-03,2025-03-03,Closed Won,PM,People Management,Partners,awong,1897,0
D204095,C100923,2025-06-07,2025-07-12,Closed Won,PAYROLL_DIY,Payroll DIY,Partners,awong,2035,0
D204096,C101753,2024-02-04,,Open,PM,People Management,Partners,dt,2078,0
D204097,C104148,2024-10-30,2024-12-25,Closed Won,ADD_ON_TKR,TKR Add-on,Partners,unassigned,815,0
D204098,C104749,2025-02-12,2025-05-12,Closed Won,PAYROLL_DIY,Payroll DIY,Partners,dt,1171,0
D204099,C104165,2025-05-05,2025-05-26,Closed Won,ADD_ON_TKR,TKR Add-on,Direct,unassigned,850,0
D204100,C103039,2024-03-16,2024-05-15,Closed Won,PAYROLL_DIY,Payroll DIY,Direct,dt,3931,0
D204101,C100575,2024-07-28,2024-10-19,Closed Won,PAYROLL_DIY,Payroll DIY,Direct,awong,876,0
D204102,C104275,2025-04-30,2025-06-15,Closed Won,PAYROLL_DIY,Payroll DIY,Direct,shao,530,0
D204103,C102318,2024-03-02,,Open,PAYROLL_MPS,Managed Payroll,Partners,dt,-7445,0
D204104,C102225,2025-06-05,,Open,ADD_ON_TKR,TKR Add-on,Direct,unassigned,84,0
D204105,C102393,2024-07-16,2024-08-02,Closed Won,PAYROLL_DIY,Payroll DIY,Direct,dt,1695,0
D204106,C100699,2025-05-08,2025-06-08,Closed Won,PAYROLL_DIY,Payroll DIY,Partners,shao,1722,0
D204107,C104488,2024-06-01,2024-07-07,Closed Won,PAYROLL_DIY,Payroll DIY,Direct,dt,3208,0
D204108,C104553,2024-08-31,2024-10-03,Closed Won,PM,People Management,Partners,unassigned,1946,0
D204109,C103354,2025-05-14,,Open,PAYROLL_DIY,Payroll DIY,Partners,unassigned,1536,0
D204110,C103431,2024-12-12,2025-03-01,Closed Won,PAYROLL_MPS,Managed Payroll,Direct,dt,1850,0
D204111,C104552,2024-02-18,2024-04-27,Closed Won,PAYROLL_DIY,Payroll DIY,Partners,awong,0,0
D204112,C101363,2024-06-30,2024-07-19,Closed Won,PAYROLL_DIY,Payroll DIY,Direct,shao,2337,0
D204113,C103749,2024-04-21,2024-05-08,Closed Lost,PAYROLL_MPS,Managed Payroll,Partners,mkoenen,3606,0
D204114,C100349,2025-02-13,2025-05-01,Closed Won,ADD_ON_TKR,TKR Add-on,Partners,shao,1255,0
D204115,C104283,2025-04-09,2025-05-06,Closed Won,ADD_ON_TKR,TKR Add-on,Partners,dinkster,836,0
D204116,C103554,2024-08-07,2024-09-13,Closed Won,PAYROLL_DIY,Payroll DIY,Direct,unassigned,2375,0
D204117,C102455,2025-05-19,,Open,PAYROLL_DIY,Payroll DIY,Direct,awong,2883,0
D204118,C103076,2025-02-18,2025-04-28,Closed Won,PM,People Management,Partners,dt,1927,0
D204119,C104029,2024-07-29,2024-10-24,Closed Won,PAYROLL_MPS,Managed Payroll,Direct,dinkster,5267,0
D204120,C103247,2024-07-22,2024-09-14,Closed Won,PAYROLL_MPS,Managed Payroll,Partners,unassigned,5069,0
D204121,C102546,2024-06-12,2024-08-20,Closed Lost,PM,People Management,Partners,dt,880,0
D204122,C102365,2025-02-01,,Open,PAYROLL_DIY,Payroll DIY,Direct,shao,1248,0
D204123,C101203,2025-06-01,2025-06-08,Closed Won,PM,People Management,Partners,shao,1212,0
D204124,C104337,2024-05-23,,Open,PM,People Management,Partners,unassigned,1541,0
D204125,C104538,2025-01-18,2025-02-12,Closed Won,ADD_ON_TKR,TKR Add-on,Direct,dinkster,1073,0
D204126,C101391,2024-11-26,2024-12-08,Closed Lost,PM,People Management,Partners,shao,925,0
D204127,C104299,2025-01-09,2025-02-16,Closed Won,ADD_ON_TKR,TKR Add-on,Direct,awong,1064,0
D204128,C103787,2024-10-14,2024-11-15,Closed Won,PM,People Management,Direct,shao,1069,0
D204129,C103079,2024-11-21,2025-01-05,Closed Won,ADD_ON_TKR,TKR Add-on,Partners,unassigned,576,0
D204130,C103129,2024-05-05,2024-05-30,Closed Lost,ADD_ON_TKR,TKR Add-on,Partners,awong,356,0
D204131,C100032,2025-05-10,2025-07-26,Closed Won,PM,People Management,Direct,,1715,0
D204132,C101592,2025-05-10,2025-05-21,Closed Won,ADD_ON_TKR,TKR Add-on,Partners,awong,1304,0
D204133,C103882,2024-08-10,2024-09-07,Closed Lost,PAYROLL_MPS,Managed Payroll,Partners,dt,7875,0
D204134,C101307,2025-05-08,2025-06-23,Closed Won,PAYROLL_DIY,Payroll DIY,Direct,shao,2671,0
D204135,C103072,2024-07-02,2024-08-10,Closed Won,PAYROLL_MPS,Managed Payroll,Direct,dt,5536,0
D204136,C102458,2024-03-20,2024-04-26,Closed Won,PM,People Management,Partners,dt,751,0
D204137,C103664,2024-09-23,,Open,PM,People Management,Partners,unassigned,1092,0
D204138,C100789,2024-11-02,2024-12-12,Closed Won,PAYROLL_DIY,Payroll DIY,Partners,awong,1573,0
D204139,C102331,2025-05-14,2025-06-10,Closed Won,PM,People Management,Partners,dt,1624,0
D204140,C102017,2025-03-10,2025-06-06,Closed Won,PM,People Management,Partners,,879,0
D204141,C102621,2024-04-20,2024-07-04,Closed Won,PAYROLL_DIY,Payroll DIY,Direct,unassigned,1507,0
D204142,C101494,2024-05-23,,Open,PM,People Management,Direct,shao,1855,0
D204143,C103203,2025-04-21,2025-05-03,Closed Won,PM,People Management,Direct,dinkster,691,0
D204144,C104006,2024-02-09,2024-04-10,Closed Won,PAYROLL_DIY,Payroll DIY,Direct,unassigned,3320,0
D204145,C101463,2025-04-16,2025-05-25,Closed Lost,PAYROLL_DIY,Payroll DIY,Partners,unassigned,2628,0
D204146,C104933,2025-06-19,2025-09-07,Closed Won,PAYROLL_MPS,Managed Payroll,Direct,dt,3634,1
D204147,C101543,2024-04-06,2024-05-07,Closed Won,PAYROLL_DIY,Payroll DIY,Partners,unassigned,3916,0
D204148,C102835,2024-03-15,2024-04-07,Closed Won,PM,People Management,Direct,mkoenen,474,0
D204149,C100742,2024-03-04,2024-03-21,Closed Lost,PAYROLL_DIY,Payroll DIY,Partners,awong,1690,0
D204150,C103431,2024-08-14,2024-08-27,Closed Won,PAYROLL_DIY,Payroll DIY,Partners,dinkster,1265,0
D204151,C104723,2024-07-19,2024-10-13,Closed Won,ADD_ON_TKR,TKR Add-on,Partners,shao,1018,0
D204152,C102544,2024-02-24,2024-04-03,Closed Won,PM,People Management,Direct,mkoenen,2035,0
D204153,C100962,2025-01-15,2025-03-28,Closed Lost,PAYROLL_MPS,Managed Payroll,Direct,dinkster,7659,0
D204154,C104914,2025-03-27,2025-06-12,Closed Won,PAYROLL_DIY,Payroll DIY,Partners,dinkster,2331,0
D204155,C101866,2024-02-01,2024-02-07,Closed Won,PM,People Management,Direct,awong,1423,0
D204156,C101124,2024-09-14,2024-10-19,Closed Lost,PAYROLL_DIY,Payroll DIY,Partners,unassigned,1302,0
D204157,C100132,2025-03-27,2025-06-01,Closed Won,ADD_ON_TKR,TKR Add-on,Partners,mkoenen,1062,0
D204158,C100763,2024-06-25,,Open,PM,People Management,Direct,dinkster,0,0
D204159,C104046,2024-12-27,2025-03-03,Closed Won,ADD_ON_TKR,TKR Add-on,Direct,shao,934,0
D204160,C102899,2025-02-27,2025-04-28,Closed Won,PM,People Management,Partners,mkoenen,0,0
D204161,C103164,2025-04-08,,Open,PAYROLL_MPS,Managed Payroll,Partners,shao,2257,0
D204162,C101390,2024-02-25,2024-04-06,Closed Won,PAYROLL_DIY,Payroll DIY,Partners,dinkster,2113,0
D204163,C103601,2024-08-25,2024-10-08,Closed Won,PAYROLL_DIY,Payroll DIY,Direct,awong,1933,0
D204164,C104902,2025-06-18,2025-09-16,Closed Won,ADD_ON_TKR,TKR Add-on,Direct,shao,909,0
D204165,C103596,2024-05-03,2024-05-22,Closed Won,PAYROLL_MPS,Managed Payroll,Direct,shao,-5851,0
D204166,C101248,2024-08-18,,Open,PM,People Management,Partners,dinkster,1434,0
D204167,C102305,2025-04-03,2025-05-17,Closed Won,PM,People Management,Direct,awong,1050,0
D204168,C102078,2024-11-09,2024-11-16,Closed Lost,PAYROLL_MPS,Managed Payroll,Direct,shao,4772,0
D204169,C104243,2024-07-06,,Open,PAYROLL_MPS,Managed Payroll,Direct,shao,4894,0
D204170,C103072,2024-06-24,2024-07-31,Closed Won,PM,People Management,Partners,awong,890,0
D204171,C104539,2024-11-05,2024-11-13,Closed Won,PM,People Management,Direct,shao,1158,1
D204172,C100433,2024-08-22,2024-09-12,Closed Won,PM,People Management,Partners,shao,647,0
D204173,C100354,2024-08-15,2024-10-23,Closed Lost,PM,People Management,Partners,mkoenen,0,0
D204174,C101545,2025-01-20,,Open,PAYROLL_DIY,Payroll DIY,Partners,shao,1622,0
D204175,C100117,2024-05-19,2024-06-01,Closed Won,ADD_ON_TKR,TKR Add-on,Partners,awong,748,0
D204176,C103557,2024-06-30,2024-09-12,Closed Won,ADD_ON_TKR,TKR Add-on,Partners,shao,1203,0
D204177,C100684,2024-07-17,,Open,PM,People Management,Direct,dt,1698,0
D204178,C104436,2025-02-15,,Open,ADD_ON_TKR,TKR Add-on,Direct,dinkster,844,0
D204179,C104250,2024-10-03,2024-12-10,Closed Won,ADD_ON_TKR,TKR Add-on,Partners,mkoenen,652,0
D204180,C101986,2024-07-22,2024-08-12,Closed Lost,PAYROLL_DIY,Payroll DIY,Partners,unassigned,2165,0
D204181,C101233,2024-11-25,2025-02-23,Closed Lost,PAYROLL_DIY,Payroll DIY,Partners,dt,1296,0
D204182,C100752,2024-01-18,,Open,PAYROLL_MPS,Managed Payroll,Partners,mkoenen,1299,0
D204183,C101800,2025-05-16,2025-08-03,Closed Won,ADD_ON_TKR,TKR Add-on,Direct,awong,671,0
D204184,C103870,2024-10-18,2024-12-01,Closed Lost,ADD_ON_TKR,TKR Add-on,Partners,dt,585,0
D204185,C101822,2025-04-24,2025-05-14,Closed Lost,PAYROLL_MPS,Managed Payroll,Partners,awong,2544,0
D204186,C100892,2024-03-22,2024-05-15,Closed Lost,ADD_ON_TKR,TKR Add-on,Direct,awong,256,0
D204187,C101433,2024-02-04,2024-04-22,Closed Won,ADD_ON_TKR,TKR Add-on,Direct,shao,836,0
D204188,C104829,2025-01-08,2025-03-24,Closed Lost,PAYROLL_DIY,Payroll DIY,Direct,awong,3268,0
D204189,C100780,2024-05-18,,Open,PM,People Management,Partners,unassigned,330,0
D204190,C104686,2024-12-15,2025-03-06,Closed Lost,PAYROLL_MPS,Managed Payroll,Partners,unassigned,4606,0
D204191,C104319,2024-08-01,,Open,PAYROLL_DIY,Payroll DIY,Partners,unassigned,3017,0
D204192,C100465,2024-11-22,2025-01-11,Closed Won,PAYROLL_MPS,Managed Payroll,Direct,dinkster,7075,0
D204193,C100551,2024-07-13,,Open,PAYROLL_MPS,Managed Payroll,Direct,shao,4222,0
D204194,C102741,2024-04-06,2024-04-27,Closed Lost,PM,People Management,Direct,shao,1121,0
D204195,C102408,2025-02-23,2025-04-02,Closed Lost,PM,People Management,Partners,mkoenen,1269,0
D204196,C102875,2024-10-13,2024-10-29,Closed Won,PM,People Management,Partners,dinkster,579,0
D204197,C101263,2025-01-23,2025-02-23,Closed Won,PAYROLL_MPS,Managed Payroll,Direct,unassigned,4477,0
D204198,C100074,2024-10-04,,Open,ADD_ON_TKR,TKR Add-on,Partners,dinkster,748,0
D204199,C100879,2025-04-07,2025-04-13,Closed Won,ADD_ON_TKR,TKR Add-on,Direct,mkoenen,1053,0
D204200,C103426,2024-10-21,2025-01-13,Closed Won,ADD_ON_TKR,TKR Add-on,Partners,shao,1198,0
D204201,C101085,2025-01-09,2025-04-09,Closed Won,PAYROLL_DIY,Payroll DIY,Partners,dinkster,2240,0
D204202,C103907,2024-09-23,2024-11-21,Closed Lost,PM,People Management,Direct,awong,1362,0
D204203,C104668,2025-01-13,2025-02-26,Closed Won,PM,People Management,Direct,shao,388,0
D204204,C103717,2024-12-06,2025-01-28,Closed Won,ADD_ON_TKR,TKR Add-on,Partners,dt_tmp,277,0
D204205,C102596,2024-10-06,2024-10-16,Closed Won,PAYROLL_DIY,Payroll DIY,Partners,dinkster,1362,0
D204206,C104321,2024-06-04,2024-07-19,Closed Won,ADD_ON_TKR,TKR Add-on,Direct,dt,501,0
D204207,C101509,2024-08-07,,Open,PM,People Management,Partners,dinkster,2408,0
D204208,C102455,2024-10-14,2024-12-15,Closed Lost,PM,People Management,Partners,,1968,0
D204209,C103519,2024-07-27,2024-10-21,Closed Won,PM,People Management,Direct,mkoenen,577,0
D204210,C101181,2024-11-05,2024-12-26,Closed Lost,PAYROLL_MPS,Managed Payroll,Direct,dinkster,8169,0
D204211,C103314,2024-09-21,2024-11-23,Closed Won,PAYROLL_DIY,Payroll DIY,Direct,unassigned,2857,0
D204212,C101425,2024-03-03,2024-03-07,Closed Lost,PAYROLL_MPS,Managed Payroll,Direct,unassigned,4256,0
D204213,C102280,2024-11-19,2025-01-14,Closed Won,PAYROLL_MPS,Managed Payroll,Partners,dinkster,4836,0
D204214,C103832,2024-05-10,,Open,PM,People Management,Partners,shao,1289,0
D204215,C100161,2024-11-22,2024-11-30,Closed Lost,PAYROLL_MPS,Managed Payroll,Direct,awong,6131,0
D204216,C102336,2025-02-06,2025-03-21,Closed Won,PM,People Management,Partners,mkoenen,85,0
D204217,C103039,2025-04-17,2025-05-02,Closed Lost,PAYROLL_DIY,Payroll DIY,Direct,dt,3163,0
D204218,C102449,2024-02-14,2024-04-02,Closed Won,PM,People Management,Direct,dinkster,1548,0
D204219,C101528,2025-04-23,2025-06-27,Closed Won,PAYROLL_DIY,Payroll DIY,Direct,dinkster,2041,0
D204220,C103627,2024-07-13,,Open,PAYROLL_MPS,Managed Payroll,Direct,dt,5716,0
D204221,C103368,2025-05-01,2025-07-23,Closed Won,PAYROLL_DIY,Payroll DIY,Direct,shao,2569,0
D204222,C103656,2025-06-27,2025-07-05,Closed Lost,ADD_ON_TKR,TKR Add-on,Direct,mkoenen,873,0
D204223,C100731,2025-05-21,2025-08-12,Closed Won,PAYROLL_DIY,Payroll DIY,Partners,shao,2050,0
D204224,C104607,2024-09-14,,Open,PAYROLL_MPS,Managed Payroll,Direct,awong,1648,0
D204225,C103168,2024-01-06,2024-02-07,Closed Lost,ADD_ON_TKR,TKR Add-on,Partners,dt,390,0
D204226,C104230,2025-01-11,2025-03-07,Closed Won,PM,People Management,Direct,shao,1524,0
D204227,C101987,2024-11-09,2024-11-20,Closed Won,PAYROLL_DIY,Payroll DIY,Partners,dinkster,1305,0
D204228,C101939,2024-03-28,2024-04-02,Closed Won,PM,People Management,Partners,unassigned,902,0
D204229,C102205,2025-06-04,2025-07-17,Closed Won,PAYROLL_DIY,Payroll DIY,Partners,awong,1534,0
D204230,C101738,2024-12-01,2025-02-27,Closed Won,PM,People Management,Partners,shao,919,0
D204231,C104433,2024-07-15,,Open,PAYROLL_DIY,Payroll DIY,Direct,dinkster,3334,0
D204232,C102453,2024-12-01,2024-12-21,Closed Won,PM,People Management,Direct,awong,1577,0
D204233,C102152,2025-03-06,2025-04-12,Closed Won,PAYROLL_DIY,Payroll DIY,Partners,unassigned,1207,0
D204234,C102400,2024-07-13,2024-09-04,Closed Won,PAYROLL_MPS,Managed Payroll,Direct,dinkster,3749,0
D204235,C103081,2025-06-18,2025-07-23,Closed Lost,PAYROLL_DIY,Payroll DIY,Direct,,2156,0
D204236,C100783,2024-03-13,,Open,PAYROLL_MPS,Managed Payroll,Direct,unassigned,5948,0
D204237,C104277,2024-07-10,,Open,PAYROLL_DIY,Payroll DIY,Partners,dinkster,2403,0
D204238,C100042,2024-08-25,2024-11-17,Closed Lost,ADD_ON_TKR,TKR Add-on,Direct,unassigned,776,0
D204239,C101156,2024-06-26,2024-08-08,Closed Won,ADD_ON_TKR,TKR Add-on,Direct,unassigned,72,0
D204240,C101361,2025-01-06,,Open,ADD_ON_TKR,TKR Add-on,Direct,mkoenen,153,0
D204241,C103723,2024-05-10,2024-05-23,Closed Lost,PAYROLL_MPS,Managed Payroll,Direct,shao,942,0
D204242,C102625,2024-01-06,2024-01-08,Closed Lost,ADD_ON_TKR,TKR Add-on,Direct,awong,149,0
D204243,C101749,2024-10-11,2024-11-21,Closed Won,PAYROLL_DIY,Payroll DIY,Direct,mkoenen,3410,0
D204244,C101657,2025-03-11,,Open,PAYROLL_DIY,Payroll DIY,Direct,shao,1839,0
D204245,C100370,2024-06-17,,Open,PM,People Management,Direct,shao,1257,0
D204246,C103461,2025-04-15,2025-06-02,Closed Lost,PM,People Management,Direct,dt,1336,0
D204247,C104916,2025-03-16,2025-03-22,Closed Won,PAYROLL_MPS,Managed Payroll,Direct,shao,3168,0
D204248,C102425,2024-02-03,,Open,PAYROLL_DIY,Payroll DIY,Direct,mkoenen,1767,0
D204249,C103076,2024-02-19,2024-03-15,Closed Won,PAYROLL_MPS,Managed Payroll,Partners,awong,4519,0
D204250,C104665,2024-12-20,2025-02-24,Closed Won,ADD_ON_TKR,TKR Add-on,Direct,mkoenen,796,0
D204251,C102715,2025-05-18,2025-07-30,Closed Lost,ADD_ON_TKR,TKR Add-on,Partners,shao,918,0
D204252,C103962,2024-05-23,2024-06-22,Closed Won,ADD_ON_TKR,TKR Add-on,Direct,dt,1191,0
D204253,C104231,2025-03-04,2025-05-27,Closed Won,ADD_ON_TKR,TKR Add-on,Partners,unassigned,1527,0
D204254,C104795,2024-06-26,2024-07-20,Closed Won,PAYROLL_MPS,Managed Payroll,Direct,shao,2189,0
D204255,C101969,2024-03-04,2024-04-18,Closed Won,PM,People Management,Direct,shao,865,0
D204256,C103191,2024-11-12,2025-01-14,Closed Lost,PAYROLL_DIY,Payroll DIY,Partners,mkoenen,3120,0
D204257,C100744,2025-03-03,2025-05-05,Closed Won,PAYROLL_MPS,Managed Payroll,Partners,awong,4175,0
D204258,C100515,2024-08-19,2024-09-14,Closed Won,ADD_ON_TKR,TKR Add-on,Direct,dinkster,442,0
D204259,C100766,2024-12-14,2025-01-31,Closed Won,ADD_ON_TKR,TKR Add-on,Direct,,1590,0
D204260,C102485,2025-01-30,2025-02-06,Closed Won,ADD_ON_TKR,TKR Add-on,Direct,dt,818,0
D204261,C101393,2025-02-18,2025-03-24,Closed Won,PAYROLL_DIY,Payroll DIY,Partners,mkoenen,1308,0
D204262,C102035,2024-06-23,,Open,PAYROLL_MPS,Managed Payroll,Partners,unassigned,6576,0
D204263,C104928,2024-03-22,,Open,PAYROLL_MPS,Managed Payroll,Partners,awong,5636,0
D204264,C101766,2024-07-06,2024-07-21,Closed Won,PM,People Management,Partners,awong,1256,0
D204265,C103562,2024-03-27,2024-04-20,Closed Won,PAYROLL_DIY,Payroll DIY,Direct,dt,3249,0
D204266,C104246,2024-08-30,2024-10-18,Closed Won,PAYROLL_DIY,Payroll DIY,Direct,unassigned,2172,0
D204267,C101685,2024-07-15,2024-07-20,Closed Won,ADD_ON_TKR,TKR Add-on,Partners,dt,411,1
D204268,C102207,2025-01-30,2025-04-08,Closed Won,PAYROLL_DIY,Payroll DIY,Partners,dt,722,0
D204269,C104520,2024-03-23,2024-06-04,Closed Won,PAYROLL_DIY,Payroll DIY,Direct,awong,21,0
D204270,C103764,2024-08-10,2024-10-04,Closed Lost,PAYROLL_MPS,Managed Payroll,Partners,dinkster,2509,0
D204271,C104852,2024-11-30,2024-12-20,Closed Lost,PAYROLL_MPS,Managed Payroll,Partners,unassigned_tmp,5383,0
D204272,C102630,2025-01-25,2025-02-09,Closed Won,ADD_ON_TKR,TKR Add-on,Direct,unassigned,1231,0
D204273,C104463,2024-11-07,2025-02-01,Closed Lost,PAYROLL_DIY,Payroll DIY,Partners,dinkster,187,0
D204274,C102298,2024-10-24,2024-12-31,Closed Won,ADD_ON_TKR,TKR Add-on,Direct,dinkster,911,0
D204275,C102771,2024-01-13,2024-03-20,Closed Won,PAYROLL_MPS,Managed Payroll,Direct,dinkster,7288,0
D204276,C104906,2024-03-08,,Open,PM,People Management,Direct,shao,905,0
D204277,C100035,2025-04-27,2025-07-01,Closed Won,ADD_ON_TKR,TKR Add-on,Partners,unassigned,1382,1
D204278,C100452,2025-04-21,2025-07-03,Closed Lost,PAYROLL_DIY,Payroll DIY,Direct,unassigned,2285,0
D204279,C104430,2024-03-01,2024-04-21,Closed Won,ADD_ON_TKR,TKR Add-on,Partners,dinkster,1346,0
D204280,C102547,2025-06-07,2025-07-01,Closed Won,ADD_ON_TKR,TKR Add-on,Direct,awong,751,0
D204281,C102717,2025-06-13,2025-08-18,Closed Won,PAYROLL_DIY,Payroll DIY,Partners,mkoenen,163,0
D204282,C101829,2024-02-02,2024-03-28,Closed Won,ADD_ON_TKR,TKR Add-on,Partners,shao,1354,0
D204283,C103574,2025-04-26,2025-05-20,Closed Won,PAYROLL_MPS,Managed Payroll,Partners,dt,5207,0
D204284,C104218,2024-10-02,2024-11-11,Closed Won,PAYROLL_MPS,Managed Payroll,Partners,shao,8084,0
D204285,C104191,2025-05-24,2025-07-27,Closed Won,ADD_ON_TKR,TKR Add-on,Direct,dinkster,335,0
D204286,C102214,2024-06-27,2024-08-14,Closed Won,PAYROLL_MPS,Managed Payroll,Partners,mkoenen,4566,0
D204287,C101855,2024-12-03,2025-02-25,Closed Lost,ADD_ON_TKR,TKR Add-on,Partners,dinkster,904,0
D204288,C100653,2025-05-25,2025-08-08,Closed Lost,ADD_ON_TKR,TKR Add-on,Partners,mkoenen,1091,0
D204289,C103592,2025-01-08,2025-02-21,Closed Lost,ADD_ON_TKR,TKR Add-on,Partners,mkoenen,1089,0
D204290,C100277,2024-01-20,2024-02-16,Closed Won,PAYROLL_DIY,Payroll DIY,Direct,mkoenen,1630,0
D204291,C103844,2024-05-22,,Open,PAYROLL_MPS,Managed Payroll,Direct,dinkster,4898,0
D204292,C104931,2024-03-02,2024-03-29,Closed Won,ADD_ON_TKR,TKR Add-on,Partners,mkoenen,1123,0
D204293,C100359,2024-12-23,2025-01-06,Closed Won,PAYROLL_MPS,Managed Payroll,Partners,shao,1624,0
D204294,C100830,2025-03-15,2025-05-16,Closed Lost,ADD_ON_TKR,TKR Add-on,Direct,awong,90,0
D204295,C104514,2024-02-26,2024-03-23,Closed Won,PAYROLL_MPS,Managed Payroll,Partners,dt,2268,0
D204296,C104211,2025-03-19,,Open,PAYROLL_DIY,Payroll DIY,Direct,awong,2783,0
D204297,C104867,2024-04-14,,Open,ADD_ON_TKR,TKR Add-on,Partners,awong,1102,0
D204298,C104125,2024-05-04,2024-06-30,Closed Won,PAYROLL_MPS,Managed Payroll,Partners,dinkster,2198,0
D204299,C100021,2025-01-14,,Open,PAYROLL_MPS,Managed Payroll,Direct,dinkster,4021,0
D204300,C104469,2024-10-05,2024-11-24,Closed Won,ADD_ON_TKR,TKR Add-on,Partners,unassigned,295,0
D204301,C104721,2025-02-15,2025-03-19,Closed Won,PAYROLL_MPS,Managed Payroll,Partners,mkoenen,4097,0
D204302,C103904,2024-03-27,2024-06-22,Closed Won,PAYROLL_MPS,Managed Payroll,Direct,shao,5035,0
D204303,C100638,2025-04-13,2025-05-09,Closed Lost,ADD_ON_TKR,TKR Add-on,Partners,dt,930,0
D204304,C102211,2025-02-03,2025-04-01,Closed Lost,PAYROLL_DIY,Payroll DIY,Partners,dt,2233,0
D204305,C103842,2024-08-06,2024-08-23,Closed Won,PAYROLL_DIY,Payroll DIY,Partners,dt,1328,0
D204306,C101149,2024-04-17,2024-07-15,Closed Lost,PAYROLL_DIY,Payroll DIY,Partners,shao,1712,0
D204307,C104241,2024-03-17,2024-03-18,Closed Won,PAYROLL_DIY,Payroll DIY,Partners,dt,2171,0
D204308,C104974,2025-06-06,2025-07-10,Closed Won,PAYROLL_MPS,Managed Payroll,Partners,shao,3738,0
D204309,C100944,2024-05-09,2024-07-16,Closed Won,PAYROLL_DIY,Payroll DIY,Direct,unassigned,897,0
D204310,C103945,2025-06-08,2025-08-11,Closed Lost,PAYROLL_MPS,Managed Payroll,Partners,shao,2335,0
D204311,C103823,2024-12-10,2025-01-26,Closed Won,ADD_ON_TKR,TKR Add-on,Direct,mkoenen,0,0
D204312,C103630,2024-07-14,2024-08-27,Closed Won,ADD_ON_TKR,TKR Add-on,Direct,shao,584,0
D204313,C102871,2024-08-03,2024-10-01,Closed Won,ADD_ON_TKR,TKR Add-on,Direct,awong,755,0
D204314,C103987,2025-06-09,2025-07-09,Closed Won,ADD_ON_TKR,TKR Add-on,Partners,awong,877,0
D204315,C101374,2025-05-17,,Open,PAYROLL_MPS,Managed Payroll,Partners,awong,3168,0
D204316,C100489,2024-04-04,2024-05-03,Closed Won,PAYROLL_MPS,Managed Payroll,Direct,shao,8667,0
D204317,C101416,2025-05-12,,Open,ADD_ON_TKR,TKR Add-on,Partners,mkoenen,634,0
D204318,C101657,2025-05-15,2025-06-13,Closed Won,ADD_ON_TKR,TKR Add-on,Direct,awong,385,0
D204319,C103359,2024-09-13,,Open,PAYROLL_MPS,Managed Payroll,Direct,dt,5243,0
D204320,C102146,2024-12-30,2025-03-30,Closed Lost,PAYROLL_MPS,Managed Payroll,Partners,shao,1226,0
D204321,C102274,2025-06-15,,Open,PAYROLL_DIY,Payroll DIY,Direct,dt,1390,0
D204322,C103548,2025-06-01,,Open,PAYROLL_MPS,Managed Payroll,Direct,dinkster,5741,0
D204323,C102817,2025-01-20,2025-04-20,Closed Won,PM,People Management,Direct,dinkster,1375,0
D204324,C101065,2024-03-06,,Open,PM,People Management,Direct,shao,1198,0
D204325,C100386,2025-07-02,2025-07-14,Closed Won,PAYROLL_MPS,Managed Payroll,Direct,awong,7884,0
D204326,C104528,2024-01-04,2024-02-04,Closed Lost,PM,People Management,Direct,mkoenen,978,0
D204327,C100017,2024-03-23,,Open,ADD_ON_TKR,TKR Add-on,Direct,mkoenen,1342,0
D204328,C104332,2025-04-21,2025-06-04,Closed Won,ADD_ON_TKR,TKR Add-on,Direct,mkoenen,1061,0
D204329,C100660,2024-01-18,2024-02-09,Closed Won,PAYROLL_DIY,Payroll DIY,Direct,shao,2500,0
D204330,C101997,2025-01-20,2025-01-21,Closed Won,PAYROLL_MPS,Managed Payroll,Direct,dinkster,1815,0
D204331,C101449,2024-12-29,2025-02-12,Closed Won,PM,People Management,Direct,unassigned,695,0
D204332,C101773,2024-12-09,,Open,PAYROLL_MPS,Managed Payroll,Direct,dt,2561,0
D204333,C103976,2025-03-06,2025-04-25,Closed Won,PAYROLL_MPS,Managed Payroll,Direct,shao,6889,0
D204334,C103254,2024-01-02,2024-01-03,Closed Won,PAYROLL_DIY,Payroll DIY,Partners,unassigned,1482,0
D204335,C100448,2025-04-12,2025-05-03,Closed Won,PAYROLL_MPS,Managed Payroll,Direct,dinkster,5106,0
D204336,C101123,2025-06-17,,Open,PAYROLL_DIY,Payroll DIY,Partners,unassigned,1220,0
D204337,C101246,2025-05-10,2025-05-25,Closed Won,PAYROLL_MPS,Managed Payroll,Partners,unassigned,6048,0
D204338,C102595,2024-11-03,,Open,ADD_ON_TKR,TKR Add-on,Partners,awong,1019,0
D204339,C101356,2024-05-01,2024-06-01,Closed Lost,PAYROLL_MPS,Managed Payroll,Partners,dt,5546,0
D204340,C101044,2024-05-12,,Open,PAYROLL_DIY,Payroll DIY,Partners,unassigned,1939,0
D204341,C100686,2024-04-27,,Open,PAYROLL_MPS,Managed Payroll,Partners,dt,6242,0
D204342,C104280,2024-02-18,2024-05-08,Closed Won,PAYROLL_MPS,Managed Payroll,Partners,unassigned,3715,1
D204343,C102018,2025-06-28,2025-09-04,Closed Won,PAYROLL_MPS,Managed Payroll,Direct,dinkster,5785,0
D204344,C101400,2025-05-01,2025-05-22,Closed Lost,PM,People Management,Partners,shao,1425,0
D204345,C101750,2024-06-24,2024-07-04,Closed Won,PM,People Management,Partners,awong,1641,0
D204346,C104657,2025-01-26,2025-04-18,Closed Won,PAYROLL_DIY,Payroll DIY,Direct,unassigned,1709,0
D204347,C104142,2025-01-18,2025-03-19,Closed Won,PAYROLL_DIY,Payroll DIY,Direct,shao,1551,0
D204348,C101846,2024-02-04,2024-02-18,Closed Won,PAYROLL_MPS,Managed Payroll,Direct,mkoenen,0,0
D204349,C102356,2025-06-09,2025-06-29,Closed Won,ADD_ON_TKR,TKR Add-on,Partners,unassigned,1133,0
D204350,C104833,2025-02-25,2025-03-26,Closed Won,PAYROLL_MPS,Managed Payroll,Direct,shao,2678,0
D204351,C101944,2024-08-03,2024-09-06,Closed Won,ADD_ON_TKR,TKR Add-on,Direct,mkoenen,807,0
D204352,C102617,2025-05-25,2025-06-01,Closed Lost,ADD_ON_TKR,TKR Add-on,Partners,dt,1535,0
D204353,C102899,2024-01-27,2024-03-17,Closed Won,ADD_ON_TKR,TKR Add-on,Direct,dt,1056,0
D204354,C100371,2024-03-14,,Open,PM,People Management,Direct,unassigned,592,0
D204355,C101480,2024-07-16,2024-07-20,Closed Lost,PAYROLL_MPS,Managed Payroll,Partners,dinkster,6472,0
D204356,C103308,2024-07-16,2024-10-03,Closed Won,PM,People Management,Direct,dinkster,1006,0
D204357,C103292,2024-04-20,2024-04-26,Closed Lost,PM,People Management,Direct,dinkster,1256,0
D204358,C102490,2024-04-02,2024-06-25,Closed Won,ADD_ON_TKR,TKR Add-on,Partners,dt,503,0
D204359,C102175,2025-06-03,2025-06-18,Closed Won,PAYROLL_MPS,Managed Payroll,Direct,awong,2986,0
D204360,C100857,2025-03-24,2025-05-18,Closed Lost,PAYROLL_MPS,Managed Payroll,Partners,unassigned,7450,0
D204361,C104301,2024-07-01,2024-09-25,Closed Won,PAYROLL_MPS,Managed Payroll,Direct,shao,4677,0
D204362,C104743,2024-03-26,2024-06-08,Closed Won,PAYROLL_MPS,Managed Payroll,Direct,unassigned,5249,0
D204363,C100510,2025-06-08,2025-07-23,Closed Won,PAYROLL_MPS,Managed Payroll,Direct,mkoenen,7575,0
D204364,C101721,2025-04-21,2025-06-29,Closed Won,PAYROLL_DIY,Payroll DIY,Partners,shao,576,0
D204365,C101641,2024-09-30,,Open,ADD_ON_TKR,TKR Add-on,Partners,mkoenen,1066,0
D204366,C102921,2024-09-14,2024-10-29,Closed Won,PM,People Management,Partners,mkoenen,1906,0
D204367,C100107,2024-04-16,,Open,ADD_ON_TKR,TKR Add-on,Partners,shao,1019,0
D204368,C100121,2024-05-28,2024-07-28,Closed Lost,PAYROLL_MPS,Managed Payroll,Partners,shao,5281,0
D204369,C103559,2025-04-25,2025-05-07,Closed Won,PM,People Management,Direct,dinkster,1544,0
D204370,C104053,2024-06-13,2024-08-24,Closed Won,ADD_ON_TKR,TKR Add-on,Direct,unassigned,1074,0
D204371,C100759,2025-04-21,2025-06-21,Closed Lost,PAYROLL_MPS,Managed Payroll,Direct,dinkster,3275,0
D204372,C101266,2024-12-07,2025-02-16,Closed Won,PM,People Management,Partners,mkoenen,1634,0
D204373,C103869,2024-10-07,,Open,PAYROLL_MPS,Managed Payroll,Partners,dt,2331,0
D204374,C100959,2025-06-28,2025-09-01,Closed Won,PAYROLL_DIY,Payroll DIY,Partners,dt,1190,0
D204375,C101845,2025-04-21,2025-07-01,Closed Won,ADD_ON_TKR,TKR Add-on,Direct,dinkster,628,0
D204376,C104727,2024-08-20,2024-10-06,Closed Won,PAYROLL_MPS,Managed Payroll,Partners,awong,1982,0
D204377,C104195,2024-06-06,2024-08-24,Closed Won,PAYROLL_DIY,Payroll DIY,Partners,unassigned,2566,0
D204378,C103715,2024-01-22,2024-04-12,Closed Won,PAYROLL_MPS,Managed Payroll,Direct,dt,2767,0
D204379,C104131,2024-06-13,,Open,ADD_ON_TKR,TKR Add-on,Partners,dinkster,1506,0
D204380,C103244,2025-05-09,2025-07-22,Closed Won,PAYROLL_MPS,Managed Payroll,Direct,awong,6347,0
D204381,C100592,2024-01-14,2024-02-07,Closed Won,ADD_ON_TKR,TKR Add-on,Direct,dt,983,0
D204382,C102161,2025-01-25,2025-03-11,Closed Lost,PAYROLL_DIY,Payroll DIY,Partners,dinkster,2458,0
D204383,C101027,2024-09-15,2024-10-21,Closed Won,PAYROLL_DIY,Payroll DIY,Direct,mkoenen,1164,0
D204384,C102509,2024-12-14,2025-02-16,Closed Won,ADD_ON_TKR,TKR Add-on,Direct,dinkster,940,0
D204385,C103102,2024-08-03,2024-08-18,Closed Lost,PAYROLL_DIY,Payroll DIY,Direct,unassigned,2060,0
D204386,C102762,2024-06-06,2024-07-29,Closed Won,ADD_ON_TKR,TKR Add-on,Partners,awong,801,0
D204387,C102168,2024-07-13,2024-09-08,Closed Won,PAYROLL_MPS,Managed Payroll,Direct,unassigned,4110,0
D204388,C102599,2024-04-27,2024-05-05,Closed Lost,ADD_ON_TKR,TKR Add-on,Direct,dt,733,0
D204389,C102291,2025-04-24,,Open,PAYROLL_DIY,Payroll DIY,Partners,unassigned,4277,0
D204390,C102939,2024-12-09,2024-12-16,Closed Won,ADD_ON_TKR,TKR Add-on,Direct,dinkster,263,0
D204391,C104841,2024-05-28,,Open,PM,People Management,Partners,mkoenen,2038,0
D204392,C104813,2024-07-10,2024-08-02,Closed Lost,PAYROLL_DIY,Payroll DIY,Direct,awong,2845,0
D204393,C100976,2025-03-30,2025-04-22,Closed Won,ADD_ON_TKR,TKR Add-on,Partners,dt,311,0
D204394,C104191,2025-07-01,,Open,PM,People Management,Direct,dt,681,0
D204395,C100918,2025-06-12,,Open,PM,People Management,Direct,unassigned,1608,0
D204396,C102847,2024-02-26,2024-02-28,Closed Won,PM,People Management,Partners,dt,321,0
D204397,C104298,2024-04-04,2024-05-24,Closed Won,PAYROLL_MPS,Managed Payroll,Partners,unassigned,169,0
D204398,C100414,2024-07-18,2024-10-11,Closed Lost,ADD_ON_TKR,TKR Add-on,Partners,awong,216,0
D204399,C102798,2025-05-23,2025-08-02,Closed Won,PM,People Management,Direct,shao,198,1
D204400,C103313,2025-02-27,2025-03-17,Closed Won,PAYROLL_MPS,Managed Payroll,Partners,dt,4275,0
D204401,C104768,2024-09-27,2024-10-05,Closed Won,PM,People Management,Partners,unassigned,886,0
D204402,C104696,2025-02-01,,Open,PM,People Management,Direct,,766,0
D204403,C102857,2024-05-02,2024-07-24,Closed Won,PAYROLL_MPS,Managed Payroll,Partners,shao,6442,0
D204404,C100726,2024-11-02,2024-11-26,Closed Won,PAYROLL_MPS,Managed Payroll,Partners,dt,5355,0
D204405,C100141,2025-02-09,2025-04-05,Closed Lost,ADD_ON_TKR,TKR Add-on,Partners,dinkster,171,0
D204406,C103780,2024-01-28,2024-04-18,Closed Won,PAYROLL_DIY,Payroll DIY,Direct,shao,1012,0
D204407,C103371,2024-06-17,2024-08-15,Closed Lost,PAYROLL_MPS,Managed Payroll,Direct,unassigned,1637,0
D204408,C102858,2025-02-05,2025-02-25,Closed Won,PAYROLL_DIY,Payroll DIY,Direct,shao_tmp,182,0
D204409,C104725,2024-10-13,2024-10-18,Closed Won,ADD_ON_TKR,TKR Add-on,Direct,shao,847,0
D204410,C100804,2025-03-14,2025-05-03,Closed Won,PAYROLL_DIY,Payroll DIY,Direct,unassigned,2430,0
D204411,C102890,2025-04-16,2025-06-02,Closed Won,PAYROLL_MPS,Managed Payroll,Direct,unassigned,1416,0
D204412,C100327,2024-06-16,,Open,PAYROLL_MPS,Managed Payroll,Direct,dt,3712,0
D204413,C100237,2025-06-12,2025-07-31,Closed Lost,PAYROLL_MPS,Managed Payroll,Direct,mkoenen,4971,0
D204414,C101161,2025-03-31,,Open,PAYROLL_DIY,Payroll DIY,Direct,shao,0,0
D204415,C100838,2025-05-26,,Open,ADD_ON_TKR,TKR Add-on,Direct,awong,614,0
D204416,C103998,2024-03-30,2024-04-17,Closed Lost,PAYROLL_DIY,Payroll DIY,Direct,shao,2065,0
D204417,C102349,2024-11-05,,Open,PAYROLL_MPS,Managed Payroll,Partners,awong,3373,0
D204418,C102569,2024-06-07,2024-08-19,Closed Won,PAYROLL_MPS,Managed Payroll,Partners,unassigned,0,0
D204419,C101584,2024-07-10,,Open,PAYROLL_DIY,Payroll DIY,Partners,dt,4310,0
D204420,C104351,2025-01-07,2025-02-10,Closed Won,PAYROLL_MPS,Managed Payroll,Partners,mkoenen,4659,0
D204421,C100927,2024-11-02,2024-11-25,Closed Lost,PAYROLL_DIY,Payroll DIY,Direct,dt,2352,0
D204422,C104071,2025-07-01,2025-07-07,Closed Won,PM,People Management,Partners,mkoenen,1362,0
D204423,C101024,2025-01-01,2025-03-03,Closed Won,PAYROLL_DIY,Payroll DIY,Partners,unassigned,3975,0
D204424,C102781,2024-03-02,2024-04-26,Closed Won,ADD_ON_TKR,TKR Add-on,Direct,dinkster,620,1
D204425,C102086,2024-06-12,2024-06-21,Closed Won,PAYROLL_DIY,Payroll DIY,Direct,mkoenen,2747,0
D204426,C104580,2024-02-08,2024-02-17,Closed Won,ADD_ON_TKR,TKR Add-on,Partners,mkoenen,521,0
D204427,C104481,2024-02-27,2024-03-14,Closed Lost,PAYROLL_MPS,Managed Payroll,Partners,unassigned,5881,0
D204428,C101785,2024-07-10,,Open,PAYROLL_DIY,Payroll DIY,Partners,unassigned,-2113,0
D204429,C101061,2024-10-19,,Open,PAYROLL_DIY,Payroll DIY,Partners,awong,2679,0
D204430,C101076,2025-05-29,,Open,PAYROLL_DIY,Payroll DIY,Partners,shao,1441,0
D204431,C104502,2024-05-08,2024-08-02,Closed Won,PM,People Management,Direct,dinkster,1349,0
D204432,C103403,2025-04-22,,Open,PM,People Management,Direct,mkoenen,2250,0
D204433,C102369,2025-02-10,2025-04-17,Closed Won,PAYROLL_DIY,Payroll DIY,Partners,unassigned,1383,0
D204434,C103904,2024-03-24,,Open,PM,People Management,Direct,dt,1192,0
D204435,C102514,2024-06-04,2024-08-18,Closed Won,ADD_ON_TKR,TKR Add-on,Partners,shao,189,0
D204436,C100923,2024-03-17,,Open,PAYROLL_MPS,Managed Payroll,Direct,awong,1050,0
D204437,C103112,2024-03-02,2024-04-01,Closed Lost,PM,People Management,Partners,shao,865,0
D204438,C100022,2024-07-04,2024-09-05,Closed Won,PAYROLL_MPS,Managed Payroll,Partners,shao,1580,1
D204439,C103746,2024-09-29,2024-12-07,Closed Won,PAYROLL_MPS,Managed Payroll,Direct,shao,-2086,0
D204440,C101195,2024-09-06,2024-10-11,Closed Won,PAYROLL_MPS,Managed Payroll,Direct,shao,6673,0
D204441,C101018,2024-02-21,2024-03-16,Closed Won,PM,People Management,Direct,dt,0,0
D204442,C104669,2025-03-24,,Open,PM,People Management,Partners,dt,906,0
D204443,C101368,2024-03-10,,Open,PAYROLL_DIY,Payroll DIY,Partners,dt,1114,0
D204444,C104441,2025-05-10,2025-06-08,Closed Won,PAYROLL_MPS,Managed Payroll,Partners,awong,3221,0
D204445,C104104,2024-11-14,,Open,PM,People Management,Direct,unassigned,1142,0
D204446,C104392,2024-01-10,2024-01-30,Closed Won,ADD_ON_TKR,TKR Add-on,Partners,shao,932,0
D204447,C102114,2025-06-08,2025-07-16,Closed Won,PM,People Management,Direct,dt,959,0
D204448,C102290,2024-09-03,2024-10-02,Closed Won,ADD_ON_TKR,TKR Add-on,Direct,dinkster,941,0
D204449,C100557,2024-02-11,2024-04-01,Closed Won,PAYROLL_MPS,Managed Payroll,Partners,shao,6326,0
D204450,C101470,2024-12-17,2025-02-18,Closed Lost,ADD_ON_TKR,TKR Add-on,Direct,shao,0,0
D204451,C104506,2024-05-20,,Open,PM,People Management,Partners,shao,1185,0
D204452,C101261,2024-02-09,,Open,PAYROLL_MPS,Managed Payroll,Partners,unassigned,4327,0
D204453,C103753,2024-03-11,2024-03-23,Closed Won,PM,People Management,Partners,dt,1254,0
D204454,C102962,2025-02-11,2025-03-26,Closed Won,PM,People Management,Direct,mkoenen,1124,0
D204455,C104020,2024-08-22,2024-09-18,Closed Won,PAYROLL_DIY,Payroll DIY,Direct,shao,3254,0
D204456,C100709,2024-08-27,,Open,PAYROLL_DIY,Payroll DIY,Partners,unassigned,1537,0
D204457,C102202,2024-02-02,2024-04-11,Closed Won,PAYROLL_DIY,Payroll DIY,Direct,awong,2214,0
D204458,C103952,2024-05-13,,Open,PAYROLL_MPS,Managed Payroll,Partners,mkoenen,6375,0
D204459,C103652,2024-11-29,2025-02-06,Closed Won,PAYROLL_MPS,Managed Payroll,Partners,awong,5152,0
D204460,C104621,2025-05-24,2025-07-25,Closed Lost,PAYROLL_MPS,Managed Payroll,Partners,awong,8181,0
D204461,C103272,2025-06-25,,Open,ADD_ON_TKR,TKR Add-on,Partners,dinkster,293,0
D204462,C102412,2025-05-25,2025-08-09,Closed Won,ADD_ON_TKR,TKR Add-on,Partners,dt,793,0
D204463,C100001,2024-07-02,2024-08-28,Closed Lost,ADD_ON_TKR,TKR Add-on,Direct,awong,623,0
D204464,C102939,2025-05-14,2025-05-16,Closed Won,PM,People Management,Partners,shao,1573,0
D204465,C103967,2024-10-23,2024-12-25,Closed Won,ADD_ON_TKR,TKR Add-on,Partners,dinkster,980,0
D204466,C103208,2024-10-18,2024-10-26,Closed Won,ADD_ON_TKR,TKR Add-on,Direct,mkoenen,1140,0
D204467,C100003,2024-02-08,,Open,PAYROLL_DIY,Payroll DIY,Partners,mkoenen,1712,0
D204468,C101845,2024-11-28,2025-01-09,Closed Won,PAYROLL_MPS,Managed Payroll,Partners,awong,6921,0
D204469,C100732,2024-07-26,2024-08-13,Closed Won,PM,People Management,Partners,shao,1069,0
D204470,C103674,2024-02-29,2024-03-26,Closed Won,PAYROLL_MPS,Managed Payroll,Partners,unassigned,4626,0
D204471,C101479,2024-05-15,,Open,PAYROLL_DIY,Payroll DIY,Partners,dt,607,0
D204472,C100514,2025-04-28,2025-07-17,Closed Lost,PAYROLL_DIY,Payroll DIY,Partners,dinkster,2584,0
D204473,C102732,2024-04-11,2024-06-26,Closed Won,PM,People Management,Direct,shao,989,0
D204474,C101499,2024-09-20,2024-12-08,Closed Won,PAYROLL_DIY,Payroll DIY,Direct,dinkster,1198,0
D204475,C101623,2024-07-16,2024-08-20,Closed Won,PM,People Management,Direct,dt,1578,0
D204476,C103916,2024-03-04,2024-03-30,Closed Won,PM,People Management,Partners,awong,606,0
D204477,C102063,2025-01-08,2025-03-21,Closed Lost,PAYROLL_MPS,Managed Payroll,Direct,unassigned,6269,0
D204478,C103064,2024-03-30,2024-04-15,Closed Won,PAYROLL_MPS,Managed Payroll,Direct,dt,2881,0
D204479,C100111,2025-04-03,2025-04-26,Closed Won,PM,People Management,Direct,shao,-1454,0
D204480,C101632,2024-03-04,,Open,PAYROLL_MPS,Managed Payroll,Partners,dt,6403,0
D204481,C101224,2024-10-18,2024-11-14,Closed Won,PAYROLL_MPS,Managed Payroll,Partners,unassigned,1687,0
D204482,C102958,2024-08-20,2024-10-16,Closed Won,ADD_ON_TKR,TKR Add-on,Partners,dt,331,0
D204483,C101360,2024-11-16,2025-02-11,Closed Won,PM,People Management,Partners,awong,726,0
D204484,C101482,2024-10-17,2025-01-06,Closed Won,PAYROLL_DIY,Payroll DIY,Direct,unassigned,1386,0
D204485,C101952,2024-11-29,2024-12-23,Closed Won,PAYROLL_DIY,Payroll DIY,Partners,mkoenen,2764,0
D204486,C103715,2025-06-25,2025-08-18,Closed Won,ADD_ON_TKR,TKR Add-on,Partners,mkoenen,300,0
D204487,C103872,2025-06-17,2025-09-08,Closed Lost,ADD_ON_TKR,TKR Add-on,Direct,dt,716,0
D204488,C104016,2025-03-02,,Open,PAYROLL_DIY,Payroll DIY,Direct,dinkster,2531,0
D204489,C104921,2025-01-25,,Open,PAYROLL_DIY,Payroll DIY,Partners,mkoenen_tmp,1237,0
D204490,C100470,2024-02-12,2024-03-12,Closed Won,PAYROLL_DIY,Payroll DIY,Direct,dt,3442,0
D204491,C103595,2024-03-29,2024-06-26,Closed Won,ADD_ON_TKR,TKR Add-on,Direct,shao,270,0
D204492,C102037,2024-05-25,2024-07-28,Closed Won,PM,People Management,Direct,dinkster,1847,0
D204493,C101168,2024-06-20,,Open,ADD_ON_TKR,TKR Add-on,Direct,unassigned,334,0
D204494,C104528,2024-01-09,2024-03-22,Closed Won,PM,People Management,Direct,shao,516,0
D204495,C101932,2024-05-26,2024-07-31,Closed Won,ADD_ON_TKR,TKR Add-on,Partners,mkoenen,629,0
D204496,C104454,2024-04-12,2024-06-11,Closed Lost,ADD_ON_TKR,TKR Add-on,Direct,shao,1132,0
D204497,C104714,2025-01-01,2025-02-21,Closed Won,PM,People Management,Direct,shao,768,0
D204498,C102645,2024-10-18,2024-11-30,Closed Won,PM,People Management,Partners,dt,1477,0
D204499,C101020,2024-12-08,2024-12-18,Closed Lost,ADD_ON_TKR,TKR Add-on,Partners,mkoenen,550,0
D204500,C102929,2025-03-16,2025-06-05,Closed Won,PAYROLL_DIY,Payroll DIY,Direct,dinkster,2419,0
D204501,C101734,2024-11-14,2025-02-11,Closed Won,PAYROLL_MPS,Managed Payroll,Partners,shao,5485,0
D204502,C103647,2024-09-09,2024-10-09,Closed Won,PAYROLL_DIY,Payroll DIY,Direct,unassigned,659,0
D204503,C103770,2024-04-11,2024-06-14,Closed Lost,PAYROLL_MPS,Managed Payroll,Partners,unassigned,4029,0
D204504,C101129,2024-11-01,,Open,PAYROLL_MPS,Managed Payroll,Partners,awong,4716,0
D204505,C100388,2024-03-14,2024-03-25,Closed Lost,PAYROLL_MPS,Managed Payroll,Partners,dt,1499,0
D204506,C102300,2024-03-11,,Open,PM,People Management,Direct,shao,1588,0
D204507,C100438,2024-04-19,2024-05-06,Closed Won,PAYROLL_DIY,Payroll DIY,Direct,shao,1272,0
D204508,C101468,2025-03-15,2025-05-05,Closed Lost,PAYROLL_MPS,Managed Payroll,Direct,mkoenen,6493,0
D204509,C102668,2024-12-17,,Open,ADD_ON_TKR,TKR Add-on,Partners,unassigned,601,0
D204510,C101923,2025-06-18,,Open,ADD_ON_TKR,TKR Add-on,Partners,shao,1205,0
D204511,C100734,2025-03-30,,Open,PAYROLL_MPS,Managed Payroll,Partners,mkoenen,2143,0
D204512,C100976,2024-01-08,2024-03-11,Closed Won,PAYROLL_MPS,Managed Payroll,Partners,dt,5162,0
D204513,C103909,2024-01-06,,Open,ADD_ON_TKR,TKR Add-on,Partners,awong,296,0
D204514,C102955,2024-11-19,,Open,PAYROLL_DIY,Payroll DIY,Partners,unassigned,2000,0
D204515,C101837,2024-05-05,2024-06-17,Closed Won,ADD_ON_TKR,TKR Add-on,Partners,dinkster,1108,0
D204516,C103167,2025-05-11,,Open,ADD_ON_TKR,TKR Add-on,Direct,unassigned,1318,0
D204517,C101031,2025-06-13,2025-06-20,Closed Won,PAYROLL_MPS,Managed Payroll,Partners,shao,2119,0
D204518,C103095,2025-03-31,2025-04-01,Closed Lost,PM,People Management,Direct,dinkster,1507,0
D204519,C103570,2025-03-21,2025-03-24,Closed Lost,ADD_ON_TKR,TKR Add-on,Partners,awong,573,0
D204520,C103483,2025-02-20,2025-02-22,Closed Won,PAYROLL_DIY,Payroll DIY,Direct,shao,1843,0
D204521,C103172,2025-03-31,2025-05-16,Closed Won,PAYROLL_MPS,Managed Payroll,Direct,shao,2193,0
D204522,C102751,2024-06-05,2024-07-09,Closed Lost,PAYROLL_MPS,Managed Payroll,Partners,awong,4754,0
D204523,C102660,2024-10-01,,Open,PAYROLL_DIY,Payroll DIY,Partners,unassigned,2612,0
D204524,C100459,2025-06-08,,Open,PAYROLL_DIY,Payroll DIY,Partners,unassigned,463,0
D204525,C103737,2024-08-18,2024-10-04,Closed Won,PAYROLL_DIY,Payroll DIY,Direct,awong,1993,0
D204526,C102682,2024-05-16,2024-05-24,Closed Won,PAYROLL_DIY,Payroll DIY,Direct,dt,3249,0
D204527,C101617,2024-03-20,,Open,ADD_ON_TKR,TKR Add-on,Partners,dt,970,0
D204528,C100748,2024-02-03,,Open,PAYROLL_DIY,Payroll DIY,Direct,mkoenen,439,0
D204529,C101477,2024-11-02,2024-11-18,Closed Lost,PAYROLL_MPS,Managed Payroll,Direct,dinkster,4184,0
D204530,C102855,2024-11-29,2025-01-09,Closed Lost,PAYROLL_DIY,Payroll DIY,Partners,unassigned,1064,0
D204531,C104281,2025-03-26,2025-04-07,Closed Lost,ADD_ON_TKR,TKR Add-on,Direct,shao,1193,0
D204532,C100572,2024-04-15,,Open,PAYROLL_MPS,Managed Payroll,Partners,unassigned,5689,0
D204533,C100064,2024-10-14,2024-10-17,Closed Won,PAYROLL_MPS,Managed Payroll,Partners,dinkster,6130,0
D204534,C101690,2025-04-30,2025-07-17,Closed Won,PAYROLL_DIY,Payroll DIY,Direct,dt,626,0
D204535,C102124,2024-04-12,2024-05-18,Closed Won,PAYROLL_DIY,Payroll DIY,Partners,shao,953,1
D204536,C100849,2025-02-19,2025-04-09,Closed Won,PAYROLL_DIY,Payroll DIY,Direct,dinkster,2642,0
D204537,C103204,2024-09-06,2024-11-19,Closed Won,PM,People Management,Partners,shao,739,0
D204538,C100072,2024-07-14,,Open,PAYROLL_DIY,Payroll DIY,Partners,dinkster,1750,0
D204539,C103425,2024-07-05,2024-09-24,Closed Won,ADD_ON_TKR,TKR Add-on,Direct,dinkster,1808,0
D204540,C103035,2024-07-31,2024-08-17,Closed Won,PAYROLL_MPS,Managed Payroll,Partners,unassigned,5727,0
D204541,C100381,2025-02-21,,Open,PM,People Management,Partners,unassigned,664,0
D204542,C102607,2024-09-30,2024-11-13,Closed Won,PAYROLL_DIY,Payroll DIY,Partners,mkoenen,1806,0
D204543,C104464,2025-04-30,2025-05-01,Closed Won,PAYROLL_DIY,Payroll DIY,Partners,dt,1132,0
D204544,C100340,2025-03-04,2025-03-09,Closed Lost,ADD_ON_TKR,TKR Add-on,Direct,shao,1384,0
D204545,C101246,2024-01-01,2024-01-08,Closed Won,ADD_ON_TKR,TKR Add-on,Partners,mkoenen,1672,0
D204546,C101607,2025-02-22,2025-04-26,Closed Won,ADD_ON_TKR,TKR Add-on,Direct,unassigned,495,0
D204547,C104367,2024-03-26,2024-05-31,Closed Lost,ADD_ON_TKR,TKR Add-on,Partners,mkoenen_tmp,755,0
D204548,C101715,2024-02-22,2024-03-17,Closed Won,PAYROLL_DIY,Payroll DIY,Partners,unassigned,2648,0
D204549,C100375,2025-07-01,,Open,PM,People Management,Direct,mkoenen,2562,0
D204550,C100208,2024-10-22,,Open,PM,People Management,Direct,awong,1042,0
D204551,C104200,2025-03-15,2025-05-02,Closed Won,PM,People Management,Direct,dinkster,524,0
D204552,C102867,2024-12-25,2025-02-24,Closed Won,PM,People Management,Direct,dt,704,0
D204553,C100831,2025-06-29,2025-09-16,Closed Won,PAYROLL_MPS,Managed Payroll,Partners,awong,1646,0
D204554,C103921,2024-02-06,,Open,ADD_ON_TKR,TKR Add-on,Direct,awong,391,0
D204555,C104359,2024-04-19,2024-06-06,Closed Won,ADD_ON_TKR,TKR Add-on,Partners,dinkster_tmp,939,0
D204556,C103193,2024-06-08,2024-07-05,Closed Won,PAYROLL_MPS,Managed Payroll,Direct,dt,9025,0
D204557,C101306,2024-06-05,2024-07-15,Closed Won,PAYROLL_DIY,Payroll DIY,Partners,dinkster,3015,0
D204558,C103680,2024-09-25,2024-11-24,Closed Won,PAYROLL_MPS,Managed Payroll,Partners,mkoenen,5321,0
D204559,C101655,2024-04-14,,Open,PM,People Management,Direct,shao,998,0
D204560,C104350,2025-03-27,2025-06-13,Closed Won,ADD_ON_TKR,TKR Add-on,Direct,dt,0,0
D204561,C100890,2024-10-01,2024-11-19,Closed Won,PAYROLL_MPS,Managed Payroll,Direct,awong,8964,0
D204562,C102735,2024-01-16,2024-02-09,Closed Won,PM,People Management,Partners,unassigned,1570,0
D204563,C102821,2025-05-10,2025-06-14,Closed Won,PAYROLL_DIY,Payroll DIY,Partners,dinkster,2098,0
D204564,C102817,2024-12-18,2025-02-15,Closed Lost,PM,People Management,Partners,mkoenen,1606,0
D204565,C102185,2025-05-26,2025-08-05,Closed Won,ADD_ON_TKR,TKR Add-on,Direct,shao,125,0
D204566,C103020,2024-09-12,2024-12-05,Closed Won,PM,People Management,Partners,shao,0,0
D204567,C100804,2024-08-05,2024-09-02,Closed Won,ADD_ON_TKR,TKR Add-on,Direct,mkoenen,810,0
D204568,C103814,2024-08-25,2024-11-19,Closed Won,PM,People Management,Direct,dinkster,1920,0
D204569,C102151,2024-05-07,2024-06-18,Closed Won,PAYROLL_DIY,Payroll DIY,Direct,unassigned,2225,0
D204570,C102924,2024-09-10,2024-11-20,Closed Won,PM,People Management,Partners,unassigned,1091,0
D204571,C102673,2024-11-06,2024-12-02,Closed Lost,ADD_ON_TKR,TKR Add-on,Partners,shao,954,0
D204572,C104641,2025-05-14,,Open,PM,People Management,Partners,shao,2097,0
D204573,C100976,2024-08-27,,Open,PM,People Management,Direct,,0,0
D204574,C103889,2024-08-20,2024-10-05,Closed Won,ADD_ON_TKR,TKR Add-on,Direct,mkoenen,872,0
D204575,C100337,2024-03-26,2024-06-12,Closed Won,ADD_ON_TKR,TKR Add-on,Direct,shao,953,0
D204576,C102201,2024-04-30,2024-06-13,Closed Won,PAYROLL_DIY,Payroll DIY,Direct,unassigned,202,0
D204577,C103119,2024-11-17,2025-01-30,Closed Won,PAYROLL_MPS,Managed Payroll,Partners,unassigned,4669,0
D204578,C100087,2024-10-14,,Open,PM,People Management,Partners,awong,1703,0
D204579,C100548,2025-01-03,,Open,ADD_ON_TKR,TKR Add-on,Direct,dt_tmp,0,0
D204580,C104677,2024-03-24,2024-03-27,Closed Lost,PAYROLL_MPS,Managed Payroll,Direct,dt,2945,0
D204581,C102728,2025-05-29,2025-08-08,Closed Won,ADD_ON_TKR,TKR Add-on,Direct,unassigned,1375,0
D204582,C103378,2024-11-14,2025-01-08,Closed Won,PAYROLL_DIY,Payroll DIY,Partners,mkoenen,1391,0
D204583,C100727,2024-08-08,2024-08-24,Closed Lost,PM,People Management,Partners,dinkster,1641,0
D204584,C102174,2024-08-03,2024-10-04,Closed Lost,ADD_ON_TKR,TKR Add-on,Direct,dt,1279,0
D204585,C103200,2024-02-14,,Open,PAYROLL_MPS,Managed Payroll,Direct,awong,2368,0
D204586,C101059,2024-10-11,2024-11-29,Closed Won,PM,People Management,Partners,mkoenen,869,0
D204587,C103121,2024-06-17,2024-09-13,Closed Won,PM,People Management,Partners,shao,657,0
D204588,C102018,2024-03-08,2024-05-01,Closed Won,ADD_ON_TKR,TKR Add-on,Partners,mkoenen,948,0
D204589,C100021,2025-05-30,2025-08-21,Closed Won,PAYROLL_MPS,Managed Payroll,Partners,dt,6315,0
D204590,C100843,2024-08-03,,Open,PAYROLL_MPS,Managed Payroll,Direct,shao,5263,0
D204591,C101250,2024-12-08,2024-12-22,Closed Won,PM,People Management,Partners,shao,2043,0
D204592,C104854,2024-12-04,,Open,PAYROLL_MPS,Managed Payroll,Partners,mkoenen,4522,0
D204593,C103352,2025-03-04,2025-04-10,Closed Won,ADD_ON_TKR,TKR Add-on,Direct,dt,1126,0
D204594,C104491,2025-01-22,2025-04-21,Closed Won,PAYROLL_DIY,Payroll DIY,Partners,shao,929,0
D204595,C100314,2024-07-15,2024-10-12,Closed Won,ADD_ON_TKR,TKR Add-on,Direct,dt,943,0
D204596,C102850,2024-02-20,2024-04-21,Closed Won,ADD_ON_TKR,TKR Add-on,Direct,mkoenen,1325,0
D204597,C101198,2025-02-19,2025-05-15,Closed Lost,PAYROLL_DIY,Payroll DIY,Direct,dt,1405,0
D204598,C103251,2024-06-06,,Open,PM,People Management,Partners,dinkster,1564,0
D204599,C100867,2024-10-07,2024-10-18,Closed Lost,PAYROLL_MPS,Managed Payroll,Partners,shao,4364,0
D204600,C103175,2024-01-06,2024-03-13,Closed Won,PAYROLL_MPS,Managed Payroll,Partners,mkoenen,7696,0
D204601,C100508,2024-03-11,2024-03-13,Closed Won,ADD_ON_TKR,TKR Add-on,Partners,dt,626,0
D204602,C102693,2025-01-11,2025-02-03,Closed Won,ADD_ON_TKR,TKR Add-on,Partners,mkoenen,355,0
D204603,C100571,2024-02-22,,Open,ADD_ON_TKR,TKR Add-on,Partners,dinkster,1634,0
D204604,C104280,2024-03-18,,Open,PAYROLL_DIY,Payroll DIY,Partners,unassigned,1042,0
D204605,C104612,2024-10-31,,Open,PM,People Management,Direct,shao,2115,0
D204606,C104286,2024-09-21,,Open,PM,People Management,Direct,unassigned,1765,0
D204607,C104665,2025-03-16,,Open,PAYROLL_DIY,Payroll DIY,Direct,mkoenen,552,0
D204608,C101516,2024-04-18,2024-06-21,Closed Lost,ADD_ON_TKR,TKR Add-on,Partners,awong,1290,0
D204609,C103615,2025-01-18,,Open,PM,People Management,Direct,awong,176,0
D204610,C104327,2025-02-15,2025-04-01,Closed Lost,PAYROLL_MPS,Managed Payroll,Direct,dt,2194,0
D204611,C103652,2024-01-31,2024-02-07,Closed Won,PAYROLL_DIY,Payroll DIY,Partners,mkoenen,2604,0
D204612,C104145,2024-01-25,2024-04-16,Closed Won,ADD_ON_TKR,TKR Add-on,Direct,mkoenen_tmp,760,0
D204613,C100409,2024-09-19,,Open,PAYROLL_DIY,Payroll DIY,Partners,dinkster,1343,0
D204614,C104588,2025-01-18,2025-03-25,Closed Won,ADD_ON_TKR,TKR Add-on,Direct,awong,339,0
D204615,C100771,2024-10-29,2024-11-01,Closed Won,PAYROLL_MPS,Managed Payroll,Partners,dinkster,4947,0
D204616,C104889,2024-02-06,2024-05-03,Closed Won,PAYROLL_MPS,Managed Payroll,Direct,dt,5714,0
D204617,C103924,2024-08-04,2024-09-14,Closed Won,ADD_ON_TKR,TKR Add-on,Direct,mkoenen,401,0
D204618,C104827,2024-09-23,2024-10-30,Closed Won,PAYROLL_MPS,Managed Payroll,Direct,dinkster,2962,0
D204619,C104834,2024-05-23,2024-07-16,Closed Won,PAYROLL_MPS,Managed Payroll,Direct,mkoenen,2631,0
D204620,C103080,2025-02-12,,Open,PM,People Management,Direct,awong,1491,0
D204621,C101354,2024-03-04,2024-05-24,Closed Lost,PAYROLL_MPS,Managed Payroll,Direct,awong,5341,0
D204622,C104367,2024-01-07,2024-02-03,Closed Won,ADD_ON_TKR,TKR Add-on,Partners,dt,737,0
D204623,C102412,2024-11-13,2024-11-21,Closed Won,ADD_ON_TKR,TKR Add-on,Partners,unassigned,932,0
D204624,C104828,2024-02-29,2024-03-29,Closed Won,PM,People Management,Direct,dt,2227,0
D204625,C104887,2024-07-31,2024-09-04,Closed Lost,PAYROLL_DIY,Payroll DIY,Direct,shao,1892,0
D204626,C102024,2025-03-12,,Open,PM,People Management,Partners,shao,812,0
D204627,C103711,2024-03-16,,Open,ADD_ON_TKR,TKR Add-on,Direct,mkoenen,971,0
D204628,C103202,2024-05-17,2024-07-16,Closed Lost,PAYROLL_MPS,Managed Payroll,Direct,unassigned,5836,0
D204629,C104962,2024-11-15,2025-01-04,Closed Won,PAYROLL_MPS,Managed Payroll,Direct,dinkster,3440,0
D204630,C100250,2024-05-18,2024-06-07,Closed Won,PAYROLL_MPS,Managed Payroll,Direct,shao,1769,0
D204631,C103008,2024-05-27,2024-07-06,Closed Won,PM,People Management,Partners,unassigned,885,0
D204632,C101446,2025-03-19,2025-05-11,Closed Won,PM,People Management,Partners,unassigned,926,0
D204633,C101998,2024-11-05,2024-12-29,Closed Won,PM,People Management,Partners,shao,527,0
D204634,C102038,2024-09-09,2024-11-17,Closed Won,PM,People Management,Partners,shao,1538,0
D204635,C102460,2024-12-16,2025-03-12,Closed Won,PAYROLL_MPS,Managed Payroll,Partners,shao,6949,0
D204636,C103907,2025-02-06,2025-02-10,Closed Won,PAYROLL_MPS,Managed Payroll,Partners,dinkster,6977,0
D204637,C102221,2025-06-22,2025-07-21,Closed Won,ADD_ON_TKR,TKR Add-on,Direct,awong,1222,0
D204638,C102874,2024-02-18,2024-04-30,Closed Won,PAYROLL_MPS,Managed Payroll,Partners,unassigned,1635,0
D204639,C103007,2024-12-07,2024-12-28,Closed Won,PAYROLL_MPS,Managed Payroll,Direct,dinkster,4598,0
D204640,C104361,2024-04-03,2024-06-06,Closed Won,PM,People Management,Partners,shao,764,0
D204641,C103661,2024-10-27,2025-01-24,Closed Won,PAYROLL_DIY,Payroll DIY,Direct,shao,1380,0
D204642,C103882,2024-07-25,2024-10-19,Closed Won,ADD_ON_TKR,TKR Add-on,Partners,shao,971,0
D204643,C104352,2024-08-27,,Open,PM,People Management,Partners,dinkster,-1274,0
D204644,C103995,2024-01-17,2024-02-03,Closed Won,PAYROLL_DIY,Payroll DIY,Direct,shao,1033,0
D204645,C101789,2024-02-24,2024-05-21,Closed Won,PAYROLL_DIY,Payroll DIY,Partners,shao,1515,0
D204646,C104793,2025-02-14,2025-02-26,Closed Won,PAYROLL_MPS,Managed Payroll,Partners,dt,1099,0
D204647,C101150,2024-03-20,2024-04-24,Closed Lost,PAYROLL_MPS,Managed Payroll,Partners,dt,3428,0
D204648,C101116,2024-07-31,,Open,ADD_ON_TKR,TKR Add-on,Partners,awong_tmp,1087,0
D204649,C103919,2024-04-02,2024-05-02,Closed Won,ADD_ON_TKR,TKR Add-on,Direct,awong,852,0
D204650,C100352,2024-08-14,2024-10-20,Closed Lost,ADD_ON_TKR,TKR Add-on,Direct,mkoenen,760,0
D204651,C102248,2025-06-29,,Open,PAYROLL_DIY,Payroll DIY,Partners,unassigned,2016,0
D204652,C101878,2025-01-06,,Open,PAYROLL_MPS,Managed Payroll,Direct,awong,6253,0
D204653,C104842,2024-11-02,2025-01-15,Closed Won,ADD_ON_TKR,TKR Add-on,Direct,unassigned,1424,0
D204654,C101289,2024-01-07,2024-01-22,Closed Won,ADD_ON_TKR,TKR Add-on,Direct,dt,58,0
D204655,C104568,2025-01-09,2025-01-28,Closed Won,PM,People Management,Partners,dinkster,1963,0
D204656,C100296,2024-09-30,2024-12-04,Closed Won,PM,People Management,Partners,dinkster,1224,0
D204657,C104011,2024-11-27,,Open,PM,People Management,Direct,dinkster,1879,0
D204658,C102348,2024-12-23,2025-03-09,Closed Lost,PAYROLL_MPS,Managed Payroll,Partners,dinkster,5533,0
D204659,C103897,2025-06-30,2025-08-15,Closed Won,PM,People Management,Partners,,699,0
D204660,C101747,2024-01-09,2024-02-28,Closed Won,PM,People Management,Direct,dt,1774,0
D204661,C103305,2024-10-03,,Open,PM,People Management,Partners,shao,1157,0
D204662,C104348,2025-04-29,2025-07-06,Closed Lost,PAYROLL_MPS,Managed Payroll,Direct,dinkster,3514,0
D204663,C100497,2024-12-06,,Open,PAYROLL_DIY,Payroll DIY,Partners,dinkster,238,0
D204664,C100852,2024-06-08,2024-06-23,Closed Won,PM,People Management,Partners,dinkster,0,0
D204665,C100507,2024-05-15,2024-05-28,Closed Won,PAYROLL_DIY,Payroll DIY,Partners,awong,290,0
D204666,C101395,2024-07-21,2024-08-11,Closed Lost,PM,People Management,Partners,awong,1256,0
D204667,C101429,2025-01-27,2025-01-29,Closed Won,PAYROLL_MPS,Managed Payroll,Partners,shao,2800,0
D204668,C102703,2025-02-17,2025-03-27,Closed Won,ADD_ON_TKR,TKR Add-on,Direct,awong,187,0
D204669,C100321,2024-01-13,2024-02-15,Closed Won,PAYROLL_DIY,Payroll DIY,Partners,dt,3097,0
D204670,C100948,2024-03-25,2024-06-18,Closed Won,PAYROLL_MPS,Managed Payroll,Direct,awong,4176,0
D204671,C101978,2025-05-09,2025-08-06,Closed Won,PAYROLL_DIY,Payroll DIY,Partners,shao,1517,0
D204672,C104785,2024-02-24,2024-04-18,Closed Won,PM,People Management,Partners,dt,91,0
D204673,C104336,2025-05-18,2025-07-04,Closed Won,PAYROLL_DIY,Payroll DIY,Partners,dt,1869,0
D204674,C101261,2024-04-18,2024-06-29,Closed Won,PAYROLL_MPS,Managed Payroll,Direct,shao,2651,0
D204675,C101739,2024-11-27,2025-02-12,Closed Won,PM,People Management,Direct,awong,1198,0
D204676,C104269,2025-05-16,,Open,ADD_ON_TKR,TKR Add-on,Direct,dt,860,0
D204677,C104386,2025-02-12,,Open,PAYROLL_DIY,Payroll DIY,Partners,shao,2178,0
D204678,C101556,2024-08-31,2024-11-14,Closed Lost,PAYROLL_DIY,Payroll DIY,Direct,mkoenen,1849,0
D204679,C104699,2025-05-27,,Open,PAYROLL_DIY,Payroll DIY,Partners,mkoenen,2437,0
D204680,C101745,2025-01-21,2025-04-21,Closed Won,PAYROLL_MPS,Managed Payroll,Direct,awong,3337,0
D204681,C103148,2025-01-31,2025-02-11,Closed Won,PAYROLL_MPS,Managed Payroll,Partners,unassigned,0,0
D204682,C100931,2025-03-26,,Open,PAYROLL_MPS,Managed Payroll,Direct,dt,4008,0
D204683,C101977,2024-12-19,2025-02-15,Closed Won,ADD_ON_TKR,TKR Add-on,Direct,dt,695,0
D204684,C103294,2025-04-08,2025-04-14,Closed Lost,PAYROLL_MPS,Managed Payroll,Partners,dinkster,7144,0
D204685,C102733,2025-05-22,2025-07-23,Closed Won,PM,People Management,Partners,mkoenen,1013,0
D204686,C102484,2024-10-14,,Open,PAYROLL_DIY,Payroll DIY,Direct,unassigned,2007,0
D204687,C100248,2024-05-28,,Open,PAYROLL_DIY,Payroll DIY,Partners,dt,404,0
D204688,C104295,2025-02-03,2025-03-31,Closed Lost,ADD_ON_TKR,TKR Add-on,Direct,dinkster,435,0
D204689,C100726,2025-01-07,2025-03-22,Closed Lost,PM,People Management,Direct,awong,1450,0
D204690,C101220,2025-01-03,2025-02-27,Closed Lost,PM,People Management,Direct,dinkster,816,0
D204691,C103887,2025-01-10,2025-01-29,Closed Lost,PAYROLL_DIY,Payroll DIY,Partners,mkoenen,2805,0
D204692,C104949,2024-04-14,,Open,ADD_ON_TKR,TKR Add-on,Partners,mkoenen,894,0
D204693,C101369,2024-06-05,2024-08-13,Closed Won,PM,People Management,Partners,shao,1112,0
D204694,C100943,2024-12-11,2025-01-26,Closed Won,PM,People Management,Direct,unassigned,2159,0
D204695,C100197,2024-10-24,2024-11-07,Closed Won,ADD_ON_TKR,TKR Add-on,Direct,awong,1019,0
D204696,C103961,2024-12-02,2025-01-02,Closed Lost,PAYROLL_DIY,Payroll DIY,Direct,mkoenen,597,0
D204697,C100714,2025-05-08,,Open,PAYROLL_DIY,Payroll DIY,Direct,awong,1519,0
D204698,C102005,2024-03-18,2024-05-29,Closed Won,PM,People Management,Direct,unassigned,1648,0
D204699,C101070,2025-05-19,2025-08-02,Closed Won,PAYROLL_MPS,Managed Payroll,Partners,shao,4854,0
D204700,C100953,2024-01-26,2024-04-22,Closed Won,PAYROLL_DIY,Payroll DIY,Partners,dinkster,2231,0
D204701,C104119,2025-02-04,2025-04-16,Closed Won,PAYROLL_MPS,Managed Payroll,Partners,awong,5053,0
D204702,C101122,2024-10-04,2024-10-13,Closed Lost,PM,People Management,Partners,shao,2081,0
D204703,C104780,2024-03-26,2024-03-27,Closed Won,PAYROLL_DIY,Payroll DIY,Partners,unassigned,627,0
D204704,C104839,2025-06-01,,Open,ADD_ON_TKR,TKR Add-on,Partners,dt,299,0
D204705,C101547,2024-11-30,2025-01-03,Closed Won,PAYROLL_DIY,Payroll DIY,Partners,awong,3591,0
D204706,C104845,2025-04-26,,Open,ADD_ON_TKR,TKR Add-on,Partners,awong_tmp,336,0
D204707,C103709,2024-09-07,2024-11-03,Closed Lost,PAYROLL_MPS,Managed Payroll,Partners,awong,1813,0
D204708,C102396,2024-12-28,2025-01-25,Closed Won,PAYROLL_DIY,Payroll DIY,Partners,awong,1144,0
D204709,C101792,2025-04-03,2025-06-29,Closed Won,PAYROLL_MPS,Managed Payroll,Partners,awong,7077,0
D204710,C102895,2024-02-10,2024-03-30,Closed Won,PM,People Management,Partners,dt,1187,0
D204711,C102306,2024-02-18,2024-03-13,Closed Won,ADD_ON_TKR,TKR Add-on,Partners,shao,409,0
D204712,C103008,2024-02-22,2024-04-19,Closed Won,PM,People Management,Direct,shao,1240,0
D204713,C103113,2025-04-19,2025-04-24,Closed Lost,PAYROLL_DIY,Payroll DIY,Direct,shao,487,0
D204714,C103033,2024-04-24,,Open,PAYROLL_MPS,Managed Payroll,Direct,mkoenen,5035,0
D204715,C100634,2024-10-06,2024-11-03,Closed Lost,ADD_ON_TKR,TKR Add-on,Direct,dinkster,1329,0
D204716,C101816,2025-06-25,,Open,PAYROLL_MPS,Managed Payroll,Partners,mkoenen,5302,0
D204717,C104457,2024-10-07,2024-12-06,Closed Won,PM,People Management,Direct,shao,2064,0
D204718,C104464,2024-01-08,,Open,PAYROLL_DIY,Payroll DIY,Direct,awong,1689,0
D204719,C104578,2024-08-22,2024-08-28,Closed Lost,PAYROLL_MPS,Managed Payroll,Direct,awong,4639,0
D204720,C104045,2024-02-13,2024-04-17,Closed Lost,PM,People Management,Partners,mkoenen,912,0
D204721,C101962,2024-03-03,2024-03-30,Closed Won,PAYROLL_DIY,Payroll DIY,Partners,shao,1294,0
D204722,C101200,2025-04-06,,Open,PAYROLL_MPS,Managed Payroll,Direct,mkoenen,5169,0
D204723,C102914,2024-01-27,,Open,PAYROLL_DIY,Payroll DIY,Direct,shao,2722,0
D204724,C104471,2024-08-08,,Open,PAYROLL_MPS,Managed Payroll,Direct,dt,3936,0
D204725,C102072,2024-01-11,,Open,PAYROLL_DIY,Payroll DIY,Partners,dinkster,2289,0
D204726,C103934,2024-09-01,2024-09-30,Closed Won,PAYROLL_MPS,Managed Payroll,Partners,mkoenen,7098,0
D204727,C104869,2024-12-20,,Open,PAYROLL_DIY,Payroll DIY,Partners,shao,3817,0
D204728,C102417,2025-05-24,,Open,ADD_ON_TKR,TKR Add-on,Direct,awong,757,0
D204729,C104426,2025-05-08,2025-07-17,Closed Lost,PAYROLL_DIY,Payroll DIY,Direct,mkoenen,654,0
D204730,C104438,2024-07-16,2024-09-27,Closed Lost,ADD_ON_TKR,TKR Add-on,Partners,dinkster,300,0
D204731,C100406,2025-04-02,2025-06-11,Closed Won,ADD_ON_TKR,TKR Add-on,Direct,mkoenen,76,0
D204732,C104561,2024-07-01,2024-09-19,Closed Lost,PAYROLL_DIY,Payroll DIY,Direct,awong,1570,0
D204733,C103997,2024-10-17,,Open,PAYROLL_MPS,Managed Payroll,Direct,shao,4706,0
D204734,C102020,2025-02-16,,Open,PAYROLL_MPS,Managed Payroll,Direct,mkoenen,0,0
D204735,C100027,2024-07-05,,Open,PAYROLL_DIY,Payroll DIY,Partners,unassigned,2000,0
D204736,C104815,2024-09-20,2024-10-30,Closed Won,ADD_ON_TKR,TKR Add-on,Direct,unassigned,792,0
D204737,C102508,2024-09-12,,Open,PAYROLL_DIY,Payroll DIY,Direct,dt,627,0
D204738,C100483,2024-07-25,2024-09-09,Closed Won,ADD_ON_TKR,TKR Add-on,Direct,mkoenen,745,0
D204739,C102613,2024-04-02,2024-06-18,Closed Won,PM,People Management,Partners,shao,1031,0
D204740,C102658,2025-03-05,2025-03-23,Closed Won,ADD_ON_TKR,TKR Add-on,Partners,awong,170,0
D204741,C101800,2024-05-04,2024-05-16,Closed Won,PAYROLL_MPS,Managed Payroll,Partners,mkoenen,5088,0
D204742,C100146,2024-06-07,,Open,ADD_ON_TKR,TKR Add-on,Partners,awong,885,0
D204743,C100223,2024-12-25,2025-01-14,Closed Won,ADD_ON_TKR,TKR Add-on,Direct,dt,563,0
D204744,C101731,2025-01-21,2025-03-15,Closed Won,ADD_ON_TKR,TKR Add-on,Partners,dinkster,1241,0
D204745,C103877,2025-06-28,,Open,PAYROLL_DIY,Payroll DIY,Direct,mkoenen,199,0
D204746,C104859,2025-03-20,2025-05-19,Closed Won,PM,People Management,Direct,dinkster,2249,0
D204747,C101368,2024-12-28,2025-03-08,Closed Won,ADD_ON_TKR,TKR Add-on,Direct,shao,891,0
D204748,C101234,2025-06-12,,Open,PAYROLL_DIY,Payroll DIY,Direct,dinkster,3087,0
D204749,C101695,2024-02-10,2024-03-17,Closed Won,PM,People Management,Direct,dt,0,0
D204750,C103222,2024-11-27,2025-01-28,Closed Lost,ADD_ON_TKR,TKR Add-on,Partners,awong,0,0
D204751,C101680,2024-05-31,2024-08-17,Closed Won,ADD_ON_TKR,TKR Add-on,Partners,unassigned,959,0
D204752,C103956,2024-09-12,2024-12-01,Closed Lost,PAYROLL_MPS,Managed Payroll,Partners,awong,769,0
D204753,C104387,2024-11-10,,Open,PAYROLL_DIY,Payroll DIY,Direct,unassigned,1223,0
D204754,C102830,2025-04-03,,Open,PAYROLL_MPS,Managed Payroll,Partners,awong,4502,0
D204755,C100462,2024-10-25,,Open,PM,People Management,Partners,dt,1421,0
D204756,C100879,2025-03-31,,Open,PAYROLL_DIY,Payroll DIY,Partners,shao,1323,0
D204757,C104113,2024-04-05,2024-04-29,Closed Won,PAYROLL_DIY,Payroll DIY,Direct,unassigned,4212,0
D204758,C101485,2025-02-22,,Open,PM,People Management,Partners,dinkster,2377,0
D204759,C100306,2024-04-22,2024-07-08,Closed Won,ADD_ON_TKR,TKR Add-on,Partners,awong,113,0
D204760,C100637,2024-05-23,,Open,PM,People Management,Partners,mkoenen,1710,0
D204761,C101735,2025-04-17,2025-07-12,Closed Won,PAYROLL_DIY,Payroll DIY,Partners,shao,2093,0
D204762,C103305,2024-07-26,2024-09-07,Closed Won,PAYROLL_MPS,Managed Payroll,Direct,awong,5872,0
D204763,C100315,2024-12-25,,Open,ADD_ON_TKR,TKR Add-on,Direct,dt,360,0
D204764,C103439,2025-01-08,2025-01-28,Closed Won,PM,People Management,Partners,awong,2325,0
D204765,C104835,2025-02-03,2025-04-26,Closed Lost,PAYROLL_MPS,Managed Payroll,Direct,dt,4037,0
D204766,C103923,2024-02-20,2024-03-15,Closed Won,ADD_ON_TKR,TKR Add-on,Direct,dt,1043,0
D204767,C102926,2024-03-02,2024-04-01,Closed Won,ADD_ON_TKR,TKR Add-on,Partners,dinkster,715,0
D204768,C103261,2025-02-17,2025-03-08,Closed Lost,PAYROLL_MPS,Managed Payroll,Partners,dinkster,1834,0
D204769,C100504,2024-03-09,2024-03-30,Closed Won,PM,People Management,Partners,unassigned,626,0
D204770,C103469,2025-03-30,,Open,PM,People Management,Partners,dt,347,0
D204771,C103823,2025-04-18,2025-05-23,Closed Won,PAYROLL_DIY,Payroll DIY,Partners,dinkster,2795,0
D204772,C104503,2024-10-09,2024-11-29,Closed Won,PAYROLL_MPS,Managed Payroll,Partners,dinkster,261,1
D204773,C101374,2025-02-17,2025-04-26,Closed Won,PAYROLL_DIY,Payroll DIY,Direct,unassigned,1985,0
D204774,C101686,2024-06-16,,Open,PM,People Management,Partners,unassigned,1475,0
D204775,C102826,2024-05-14,2024-07-04,Closed Won,PAYROLL_MPS,Managed Payroll,Direct,,2518,0
D204776,C100207,2025-04-08,2025-04-23,Closed Won,PAYROLL_MPS,Managed Payroll,Partners,unassigned_tmp,3689,0
D204777,C101164,2024-11-06,,Open,PM,People Management,Partners,dinkster,1065,0
D204778,C103168,2024-10-18,2024-12-07,Closed Won,PAYROLL_MPS,Managed Payroll,Partners,shao,5284,0
D204779,C103862,2024-01-13,2024-01-18,Closed Won,ADD_ON_TKR,TKR Add-on,Direct,dinkster,572,0
D204780,C104865,2025-05-13,2025-05-27,Closed Lost,PAYROLL_DIY,Payroll DIY,Partners,unassigned,1256,0
D204781,C102624,2024-02-11,2024-03-12,Closed Lost,PAYROLL_MPS,Managed Payroll,Direct,dinkster,6329,0
D204782,C101610,2024-07-04,2024-09-13,Closed Won,PAYROLL_DIY,Payroll DIY,Direct,unassigned,1690,0
D204783,C100056,2024-04-09,,Open,PAYROLL_MPS,Managed Payroll,Partners,awong,1343,0
D204784,C102132,2024-09-23,2024-11-26,Closed Won,ADD_ON_TKR,TKR Add-on,Partners,shao,825,0
D204785,C101282,2025-02-17,,Open,PAYROLL_DIY,Payroll DIY,Partners,dinkster,602,0
D204786,C104985,2025-06-04,2025-09-02,Closed Won,PM,People Management,Direct,dt,86,0
D204787,C104956,2024-04-26,,Open,ADD_ON_TKR,TKR Add-on,Partners,awong,876,0
D204788,C102125,2025-04-29,2025-07-03,Closed Lost,PAYROLL_MPS,Managed Payroll,Direct,mkoenen,4468,0
D204789,C103365,2024-11-13,2025-02-09,Closed Lost,PAYROLL_MPS,Managed Payroll,Direct,shao,3195,0
D204790,C102806,2025-01-13,2025-02-26,Closed Won,PAYROLL_MPS,Managed Payroll,Direct,dinkster,5246,0
D204791,C104358,2024-10-25,2025-01-15,Closed Won,PAYROLL_DIY,Payroll DIY,Direct,unassigned,0,0
D204792,C102255,2024-09-13,2024-10-19,Closed Won,ADD_ON_TKR,TKR Add-on,Direct,shao,211,0
D204793,C101794,2024-01-26,2024-03-22,Closed Won,ADD_ON_TKR,TKR Add-on,Partners,dt,592,0
D204794,C104874,2024-06-08,,Open,ADD_ON_TKR,TKR Add-on,Partners,dinkster,1399,0
D204795,C100202,2024-04-26,,Open,ADD_ON_TKR,TKR Add-on,Partners,dinkster,966,0
D204796,C100650,2024-10-24,2024-12-10,Closed Won,PAYROLL_DIY,Payroll DIY,Direct,dinkster,0,0
D204797,C100680,2024-06-05,2024-07-23,Closed Won,ADD_ON_TKR,TKR Add-on,Partners,mkoenen,1148,0
D204798,C103533,2024-09-03,,Open,PAYROLL_MPS,Managed Payroll,Partners,shao,3672,0
D204799,C101726,2024-05-06,2024-06-26,Closed Lost,ADD_ON_TKR,TKR Add-on,Direct,shao,843,0
D204800,C102505,2024-12-10,2025-01-12,Closed Won,PAYROLL_DIY,Payroll DIY,Partners,awong,2247,0
D204801,C103424,2024-02-11,2024-05-01,Closed Won,PM,People Management,Partners,shao,2538,0
D204802,C104691,2025-05-09,2025-05-11,Closed Lost,PAYROLL_MPS,Managed Payroll,Direct,awong,1063,0
D204803,C103517,2024-04-26,2024-06-15,Closed Won,PM,People Management,Direct,unassigned,731,0
D204804,C104409,2024-05-26,2024-06-28,Closed Lost,PM,People Management,Direct,dt,1638,0
D204805,C101446,2024-11-15,2025-01-16,Closed Won,PM,People Management,Direct,unassigned,1123,0
D204806,C101768,2024-05-06,,Open,PAYROLL_MPS,Managed Payroll,Direct,dt,3451,0
D204807,C100673,2024-09-27,2024-10-18,Closed Won,PM,People Management,Direct,shao,1227,1
D204808,C101423,2024-08-25,2024-10-05,Closed Won,PAYROLL_DIY,Payroll DIY,Partners,mkoenen,1030,0
D204809,C102321,2025-03-10,2025-03-29,Closed Lost,ADD_ON_TKR,TKR Add-on,Partners,unassigned,822,0
D204810,C102771,2024-04-02,2024-04-18,Closed Lost,ADD_ON_TKR,TKR Add-on,Partners,shao,1039,0
D204811,C104026,2024-06-12,2024-08-09,Closed Won,PM,People Management,Partners,awong,1231,0
D204812,C104316,2025-02-23,2025-04-04,Closed Won,PM,People Management,Direct,unassigned,2212,0
D204813,C101593,2025-02-06,2025-05-07,Closed Won,PM,People Management,Partners,mkoenen,79,0
D204814,C102339,2024-07-21,2024-09-08,Closed Lost,ADD_ON_TKR,TKR Add-on,Partners,dinkster,-1257,0
D204815,C101634,2025-06-26,,Open,PAYROLL_MPS,Managed Payroll,Partners,mkoenen,2271,0
D204816,C103269,2025-05-11,2025-08-05,Closed Won,PAYROLL_DIY,Payroll DIY,Direct,dt,1988,0
D204817,C101454,2024-12-04,2025-01-08,Closed Won,PAYROLL_DIY,Payroll DIY,Partners,dinkster,2155,0
D204818,C100597,2024-05-06,,Open,PM,People Management,Partners,mkoenen,1864,0
D204819,C101733,2024-07-14,2024-08-14,Closed Lost,PAYROLL_DIY,Payroll DIY,Direct,dt,599,0
D204820,C102732,2025-05-13,,Open,PM,People Management,Partners,mkoenen,1337,0
D204821,C103585,2025-03-05,2025-04-07,Closed Won,PAYROLL_MPS,Managed Payroll,Partners,unassigned,0,0
D204822,C100288,2024-01-20,,Open,PAYROLL_DIY,Payroll DIY,Direct,unassigned,2370,0
D204823,C101385,2024-02-10,2024-05-10,Closed Won,ADD_ON_TKR,TKR Add-on,Partners,dinkster,1123,0
D204824,C104795,2024-09-08,2024-11-06,Closed Won,PAYROLL_MPS,Managed Payroll,Direct,awong,0,0
D204825,C103878,2024-08-17,2024-10-06,Closed Won,PAYROLL_DIY,Payroll DIY,Direct,dinkster,1837,0
D204826,C101043,2024-06-15,2024-08-08,Closed Lost,ADD_ON_TKR,TKR Add-on,Partners,awong,1210,0
D204827,C102907,2025-03-03,2025-04-10,Closed Lost,PAYROLL_DIY,Payroll DIY,Partners,dinkster,2681,0
D204828,C102115,2024-08-03,2024-08-26,Closed Won,PAYROLL_DIY,Payroll DIY,Direct,dinkster,2136,0
D204829,C103210,2024-12-03,2025-02-06,Closed Won,PM,People Management,Partners,dt,727,0
D204830,C104198,2024-04-09,2024-05-19,Closed Won,PM,People Management,Partners,awong,1496,0
D204831,C102867,2025-04-19,2025-06-27,Closed Won,PAYROLL_MPS,Managed Payroll,Partners,dinkster,5944,0
D204832,C102325,2025-03-14,2025-05-15,Closed Won,ADD_ON_TKR,TKR Add-on,Direct,dt,1387,0
D204833,C104486,2024-09-22,2024-11-06,Closed Won,PAYROLL_DIY,Payroll DIY,Partners,dinkster,1410,0
D204834,C102015,2025-05-27,,Open,ADD_ON_TKR,TKR Add-on,Direct,shao,135,0
D204835,C101209,2024-07-26,,Open,PM,People Management,Direct,dinkster,1233,0
D204836,C102966,2025-05-07,,Open,PAYROLL_MPS,Managed Payroll,Direct,shao,4528,0
D204837,C100439,2024-05-14,2024-08-07,Closed Won,PAYROLL_MPS,Managed Payroll,Partners,,5157,0
D204838,C104742,2024-12-19,2025-01-26,Closed Won,PAYROLL_MPS,Managed Payroll,Direct,shao,3614,0
D204839,C100208,2025-05-10,2025-07-15,Closed Won,PAYROLL_DIY,Payroll DIY,Partners,unassigned,2253,0
D204840,C101045,2024-10-21,,Open,PAYROLL_DIY,Payroll DIY,Direct,mkoenen,817,0
D204841,C103638,2025-01-01,2025-02-06,Closed Lost,ADD_ON_TKR,TKR Add-on,Partners,unassigned,688,0
D204842,C100567,2024-02-15,2024-04-30,Closed Lost,PAYROLL_MPS,Managed Payroll,Direct,dt,2868,0
D204843,C101865,2024-09-03,,Open,PM,People Management,Partners,shao,999,0
D204844,C102685,2024-01-10,,Open,PM,People Management,Partners,unassigned,-862,0
D204845,C102551,2024-06-17,2024-09-01,Closed Won,PAYROLL_MPS,Managed Payroll,Partners,unassigned,4994,0
D204846,C103211,2024-03-14,,Open,PAYROLL_MPS,Managed Payroll,Direct,mkoenen,5818,0
D204847,C104466,2024-09-12,,Open,PM,People Management,Direct,awong,1306,0
D204848,C101035,2024-06-03,2024-06-27,Closed Won,PM,People Management,Direct,dinkster,1478,0
D204849,C104668,2024-07-04,,Open,PM,People Management,Direct,shao,1826,0
D204850,C102191,2025-03-31,2025-05-12,Closed Won,ADD_ON_TKR,TKR Add-on,Partners,shao,0,0
D204851,C103744,2024-12-01,2025-02-11,Closed Won,PAYROLL_MPS,Managed Payroll,Direct,mkoenen,1366,0
D204852,C101224,2024-10-28,,Open,PAYROLL_MPS,Managed Payroll,Direct,mkoenen,994,0
D204853,C103517,2024-03-31,2024-06-06,Closed Lost,ADD_ON_TKR,TKR Add-on,Direct,shao,605,0
D204854,C102306,2024-01-13,,Open,ADD_ON_TKR,TKR Add-on,Partners,dt,1405,0
D204855,C104745,2025-04-04,,Open,PM,People Management,Direct,shao,464,0
D204856,C104980,2025-06-07,2025-09-03,Closed Won,PAYROLL_DIY,Payroll DIY,Partners,dinkster,2904,0
D204857,C103697,2024-12-23,,Open,PAYROLL_MPS,Managed Payroll,Partners,mkoenen,3494,0
D204858,C104045,2025-03-16,2025-03-25,Closed Won,PAYROLL_DIY,Payroll DIY,Direct,awong,3042,0
D204859,C103421,2025-01-09,2025-01-10,Closed Lost,PM,People Management,Partners,awong,410,0
D204860,C104285,2024-10-19,2024-11-04,Closed Won,PAYROLL_DIY,Payroll DIY,Partners,mkoenen,2686,0
D204861,C101346,2024-02-29,,Open,PAYROLL_DIY,Payroll DIY,Partners,shao,801,0
D204862,C104566,2024-03-04,2024-05-21,Closed Lost,PAYROLL_DIY,Payroll DIY,Partners,unassigned,1465,0
D204863,C101656,2024-06-04,2024-06-08,Closed Won,PAYROLL_MPS,Managed Payroll,Direct,mkoenen,2731,0
D204864,C102243,2024-07-08,2024-09-28,Closed Won,PM,People Management,Direct,mkoenen,1228,0
D204865,C104019,2024-07-11,2024-08-31,Closed Lost,PM,People Management,Partners,mkoenen,760,0
D204866,C100268,2024-09-30,,Open,PAYROLL_DIY,Payroll DIY,Direct,mkoenen,1812,0
D204867,C100164,2024-02-25,,Open,PM,People Management,Direct,,1925,0
D204868,C104222,2024-10-17,2025-01-08,Closed Won,PM,People Management,Partners,dt,323,0
D204869,C103696,2025-04-17,2025-07-05,Closed Won,PM,People Management,Direct,shao,787,0
D204870,C101831,2024-02-24,2024-05-01,Closed Won,PAYROLL_DIY,Payroll DIY,Direct,dinkster,2440,0
D204871,C101655,2025-04-01,2025-06-20,Closed Won,ADD_ON_TKR,TKR Add-on,Direct,mkoenen,499,0
D204872,C104230,2025-05-12,2025-06-01,Closed Won,ADD_ON_TKR,TKR Add-on,Partners,unassigned,1196,0
D204873,C102106,2024-12-06,2025-02-12,Closed Won,PM,People Management,Direct,awong,2185,0
D204874,C102387,2024-07-01,2024-07-11,Closed Won,PAYROLL_DIY,Payroll DIY,Partners,shao,2970,0
D204875,C100367,2024-06-06,2024-06-26,Closed Lost,PAYROLL_MPS,Managed Payroll,Partners,dt,4218,0
D204876,C104496,2024-08-21,,Open,PAYROLL_MPS,Managed Payroll,Partners,shao,5796,0
D204877,C101895,2024-06-12,2024-07-15,Closed Won,PAYROLL_DIY,Payroll DIY,Direct,mkoenen,869,0
D204878,C100611,2024-08-09,2024-09-12,Closed Won,PAYROLL_DIY,Payroll DIY,Direct,awong,2578,0
D204879,C102130,2024-12-10,2025-01-18,Closed Won,PAYROLL_MPS,Managed Payroll,Direct,awong,7898,0
D204880,C104359,2024-08-27,2024-09-26,Closed Won,PAYROLL_DIY,Payroll DIY,Partners,shao,1777,0
D204881,C102461,2024-08-03,2024-08-04,Closed Won,ADD_ON_TKR,TKR Add-on,Partners,dinkster,1447,0
D204882,C102965,2024-11-21,2024-12-30,Closed Lost,PM,People Management,Partners,shao,1555,0
D204883,C102045,2024-10-06,2024-10-19,Closed Won,ADD_ON_TKR,TKR Add-on,Direct,dt,836,0
D204884,C102752,2024-08-13,2024-09-21,Closed Lost,PAYROLL_DIY,Payroll DIY,Direct,awong,3260,0
D204885,C103345,2024-03-25,2024-04-26,Closed Lost,PAYROLL_DIY,Payroll DIY,Direct,shao,3345,0
D204886,C101697,2024-11-22,2024-11-27,Closed Lost,PAYROLL_DIY,Payroll DIY,Direct,unassigned,1303,0
D204887,C101284,2024-09-03,,Open,PM,People Management,Partners,mkoenen,2116,0
D204888,C103778,2025-06-07,2025-07-22,Closed Won,PM,People Management,Direct,dinkster,697,0
D204889,C104943,2024-08-08,2024-11-03,Closed Won,PAYROLL_DIY,Payroll DIY,Direct,mkoenen,2137,0
D204890,C102149,2024-09-27,,Open,ADD_ON_TKR,TKR Add-on,Partners,shao,407,0
D204891,C100475,2024-11-09,2024-12-08,Closed Won,PAYROLL_MPS,Managed Payroll,Partners,unassigned,3390,1
D204892,C103020,2024-06-12,2024-09-06,Closed Won,PAYROLL_DIY,Payroll DIY,Partners,dinkster,1572,0
D204893,C100050,2024-04-27,2024-04-30,Closed Won,PAYROLL_MPS,Managed Payroll,Direct,awong,2383,0
D204894,C103266,2025-01-08,2025-03-17,Closed Won,PAYROLL_MPS,Managed Payroll,Partners,shao,1543,0
D204895,C100720,2025-05-02,2025-05-17,Closed Won,PM,People Management,Direct,awong,420,0
D204896,C104115,2024-01-08,2024-03-01,Closed Lost,ADD_ON_TKR,TKR Add-on,Partners,dt,745,0
D204897,C102529,2024-02-23,2024-05-16,Closed Won,PAYROLL_DIY,Payroll DIY,Direct,mkoenen,1510,0
D204898,C101770,2024-04-08,2024-05-05,Closed Won,PAYROLL_MPS,Managed Payroll,Partners,shao,2648,0
D204899,C101661,2025-01-15,2025-03-19,Closed Won,PM,People Management,Partners,dt,970,0
D204900,C103065,2024-04-19,,Open,ADD_ON_TKR,TKR Add-on,Partners,dt,100,0
D204901,C103542,2024-11-07,2024-11-14,Closed Lost,PAYROLL_DIY,Payroll DIY,Partners,dt,500,0
D204902,C103816,2024-06-18,,Open,PAYROLL_MPS,Managed Payroll,Direct,mkoenen,632,0
D204903,C101820,2024-12-24,2025-01-07,Closed Won,PAYROLL_MPS,Managed Payroll,Partners,dinkster,4915,0
D204904,C102312,2025-01-15,,Open,ADD_ON_TKR,TKR Add-on,Partners,unassigned,685,0
D204905,C101404,2025-04-05,2025-04-12,Closed Lost,PAYROLL_MPS,Managed Payroll,Partners,dt,6562,0
D204906,C101208,2025-06-03,2025-06-06,Closed Lost,ADD_ON_TKR,TKR Add-on,Partners,dt,1010,0
D204907,C103829,2025-03-16,,Open,ADD_ON_TKR,TKR Add-on,Partners,unassigned,429,0
D204908,C100372,2025-02-21,2025-05-17,Closed Won,PAYROLL_DIY,Payroll DIY,Direct,unassigned,1719,0
D204909,C104556,2024-03-26,,Open,PAYROLL_DIY,Payroll DIY,Direct,unassigned,1634,0
D204910,C101800,2025-02-13,2025-05-03,Closed Won,PM,People Management,Partners,awong,461,0
D204911,C103483,2025-04-18,2025-07-01,Closed Lost,ADD_ON_TKR,TKR Add-on,Direct,dinkster,1128,0
D204912,C104199,2025-01-15,2025-03-30,Closed Won,PM,People Management,Partners,shao,863,0
D204913,C101808,2024-07-27,,Open,ADD_ON_TKR,TKR Add-on,Partners,dt,530,0
D204914,C101569,2025-01-06,2025-03-06,Closed Won,ADD_ON_TKR,TKR Add-on,Partners,shao,478,0
D204915,C101548,2025-05-07,2025-07-16,Closed Won,ADD_ON_TKR,TKR Add-on,Direct,dt,509,0
D204916,C103984,2024-07-03,2024-09-09,Closed Won,PAYROLL_MPS,Managed Payroll,Direct,unassigned,4764,0
D204917,C101634,2025-05-13,2025-06-26,Closed Won,PAYROLL_DIY,Payroll DIY,Partners,awong,1169,0
D204918,C100365,2024-02-22,,Open,PAYROLL_MPS,Managed Payroll,Direct,mkoenen,7619,0
D204919,C104037,2024-11-07,2024-11-19,Closed Lost,ADD_ON_TKR,TKR Add-on,Direct,shao,324,0
D204920,C101590,2024-08-21,,Open,PM,People Management,Partners,dinkster,1661,0
D204921,C103712,2024-10-01,2024-12-04,Closed Won,ADD_ON_TKR,TKR Add-on,Direct,awong,569,0
D204922,C101843,2025-01-13,2025-02-18,Closed Won,ADD_ON_TKR,TKR Add-on,Partners,dt,1352,0
D204923,C104276,2025-01-09,2025-02-04,Closed Won,ADD_ON_TKR,TKR Add-on,Partners,dinkster,767,0
D204924,C101402,2024-01-02,2024-02-27,Closed Lost,ADD_ON_TKR,TKR Add-on,Direct,awong,341,0
D204925,C102109,2024-08-03,2024-09-15,Closed Won,PM,People Management,Direct,dt,1524,0
D204926,C101240,2025-03-01,2025-04-12,Closed Lost,PAYROLL_MPS,Managed Payroll,Partners,mkoenen,2792,0
D204927,C102892,2024-03-25,2024-05-11,Closed Won,ADD_ON_TKR,TKR Add-on,Partners,unassigned,1006,0
D204928,C101131,2024-06-20,2024-08-05,Closed Won,PAYROLL_MPS,Managed Payroll,Direct,awong,3071,0
D204929,C100073,2024-01-23,2024-02-03,Closed Won,ADD_ON_TKR,TKR Add-on,Partners,unassigned,589,0
D204930,C102255,2025-01-21,2025-03-21,Closed Won,PM,People Management,Direct,mkoenen,823,0
D204931,C101799,2024-05-01,2024-05-27,Closed Won,PM,People Management,Partners,awong,2267,0
D204932,C104696,2024-12-06,,Open,PAYROLL_DIY,Payroll DIY,Direct,dt,0,0
D204933,C102617,2024-08-05,2024-08-13,Closed Won,PAYROLL_DIY,Payroll DIY,Partners,mkoenen,3021,0
D204934,C103741,2025-01-12,,Open,PAYROLL_MPS,Managed Payroll,Partners,unassigned,3925,0
D204935,C104114,2024-01-27,,Open,PAYROLL_MPS,Managed Payroll,Direct,shao,6401,0
D204936,C100027,2025-05-13,2025-06-02,Closed Lost,PAYROLL_MPS,Managed Payroll,Partners,dinkster,2984,0
D204937,C104570,2025-03-29,2025-05-15,Closed Lost,PM,People Management,Partners,dt,1322,0
D204938,C104313,2025-04-21,2025-07-06,Closed Won,PAYROLL_DIY,Payroll DIY,Partners,unassigned,2016,0
D204939,C102808,2024-05-16,,Open,ADD_ON_TKR,TKR Add-on,Partners,unassigned,713,0
D204940,C100828,2025-01-13,2025-03-24,Closed Lost,PM,People Management,Direct,mkoenen,130,0
D204941,C104897,2024-01-08,2024-02-24,Closed Won,PAYROLL_DIY,Payroll DIY,Partners,shao,2161,0
D204942,C103229,2025-06-22,2025-08-17,Closed Won,ADD_ON_TKR,TKR Add-on,Partners,dinkster,1426,0
D204943,C104834,2024-06-20,,Open,ADD_ON_TKR,TKR Add-on,Direct,awong,1174,0
D204944,C101276,2024-02-29,2024-04-06,Closed Won,PM,People Management,Direct,mkoenen,814,0
D204945,C102843,2024-12-15,2025-02-12,Closed Won,ADD_ON_TKR,TKR Add-on,Partners,shao,977,0
D204946,C100146,2025-02-28,,Open,PM,People Management,Direct,shao,805,0
D204947,C101333,2024-04-13,2024-06-06,Closed Won,ADD_ON_TKR,TKR Add-on,Partners,awong,779,0
D204948,C100064,2025-04-21,2025-07-02,Closed Won,PM,People Management,Partners,mkoenen,740,0
D204949,C102246,2024-08-12,,Open,PAYROLL_MPS,Managed Payroll,Direct,unassigned,5739,0
D204950,C104472,2024-03-10,,Open,PM,People Management,Direct,shao,720,0
D204951,C104861,2025-04-18,2025-04-22,Closed Lost,PAYROLL_DIY,Payroll DIY,Partners,,306,0
D204952,C100294,2024-08-11,2024-11-07,Closed Won,ADD_ON_TKR,TKR Add-on,Direct,awong,865,0
D204953,C103586,2025-03-11,2025-04-07,Closed Lost,ADD_ON_TKR,TKR Add-on,Partners,unassigned,0,0
D204954,C104551,2025-01-04,,Open,PAYROLL_DIY,Payroll DIY,Partners,dinkster,2829,0
D204955,C103013,2024-10-26,2024-11-12,Closed Won,PM,People Management,Partners,awong,423,0
D204956,C102128,2024-09-30,2024-10-20,Closed Lost,PAYROLL_DIY,Payroll DIY,Direct,dinkster,2372,0
D204957,C100093,2024-02-18,,Open,PM,People Management,Direct,mkoenen,873,0
D204958,C102002,2024-12-06,,Open,PAYROLL_DIY,Payroll DIY,Direct,mkoenen,1867,0
D204959,C102915,2025-04-02,2025-05-13,Closed Won,PM,People Management,Partners,dt,1006,0
D204960,C103234,2025-06-09,2025-07-10,Closed Won,PM,People Management,Direct,mkoenen,2050,0
D204961,C103516,2024-02-12,2024-04-21,Closed Won,PAYROLL_DIY,Payroll DIY,Direct,dt,1556,0
D204962,C104046,2024-01-14,2024-03-22,Closed Won,PAYROLL_MPS,Managed Payroll,Partners,unassigned,3702,0
D204963,C102145,2025-02-27,2025-05-14,Closed Won,PM,People Management,Partners,unassigned,1678,0
D204964,C100440,2024-02-26,,Open,PAYROLL_DIY,Payroll DIY,Partners,shao,904,0
D204965,C104773,2024-03-08,,Open,ADD_ON_TKR,TKR Add-on,Direct,dt_tmp,1520,0
D204966,C100275,2024-05-09,2024-06-01,Closed Lost,PAYROLL_DIY,Payroll DIY,Direct,shao,1645,0
D204967,C100892,2024-11-01,2024-11-26,Closed Won,ADD_ON_TKR,TKR Add-on,Partners,shao,809,0
D204968,C104072,2024-03-13,2024-04-20,Closed Lost,PM,People Management,Partners,mkoenen,1183,0
D204969,C100214,2024-07-22,2024-09-01,Closed Won,PAYROLL_MPS,Managed Payroll,Partners,dt,2036,0
D204970,C102919,2024-08-12,,Open,PAYROLL_MPS,Managed Payroll,Partners,mkoenen,3339,0
D204971,C101562,2025-04-13,2025-04-14,Closed Won,PAYROLL_MPS,Managed Payroll,Partners,dinkster,5699,0
D204972,C101040,2024-09-18,,Open,PAYROLL_DIY,Payroll DIY,Partners,awong,1906,0
D204973,C102154,2025-01-03,2025-01-18,Closed Lost,PAYROLL_DIY,Payroll DIY,Partners,dinkster,1765,0
D204974,C104251,2025-05-04,2025-05-14,Closed Won,PM,People Management,Partners,mkoenen,241,0
D204975,C104795,2024-05-19,2024-08-10,Closed Won,ADD_ON_TKR,TKR Add-on,Direct,dinkster,742,0
D204976,C102308,2024-09-24,2024-11-01,Closed Won,PM,People Management,Direct,dinkster,1606,0
D204977,C103350,2024-10-15,2024-10-28,Closed Won,PM,People Management,Direct,unassigned,349,0
D204978,C101183,2025-03-22,,Open,ADD_ON_TKR,TKR Add-on,Direct,dinkster,1249,0
D204979,C102371,2024-09-21,,Open,PAYROLL_MPS,Managed Payroll,Partners,dt,3991,0
D204980,C103969,2025-06-13,2025-06-22,Closed Won,PAYROLL_DIY,Payroll DIY,Direct,dt,1654,0
D204981,C101090,2024-01-29,2024-02-25,Closed Won,ADD_ON_TKR,TKR Add-on,Direct,awong,549,0
D204982,C102879,2025-05-24,,Open,PAYROLL_MPS,Managed Payroll,Direct,dinkster,6601,0
D204983,C103488,2024-10-12,2024-12-06,Closed Won,PAYROLL_MPS,Managed Payroll,Partners,mkoenen,0,0
D204984,C102399,2024-05-16,2024-06-03,Closed Won,PAYROLL_MPS,Managed Payroll,Direct,unassigned,0,0
D204985,C103082,2024-10-20,2024-12-17,Closed Lost,PM,People Management,Partners,unassigned,950,0
D204986,C100936,2024-08-22,2024-08-31,Closed Won,PAYROLL_DIY,Payroll DIY,Direct,dinkster,603,0
D204987,C104932,2024-06-20,2024-08-11,Closed Won,PAYROLL_DIY,Payroll DIY,Direct,unassigned,939,0
D204988,C100576,2024-08-15,2024-09-19,Closed Lost,PAYROLL_DIY,Payroll DIY,Direct,mkoenen,1991,0
D204989,C102869,2025-04-29,2025-07-26,Closed Won,ADD_ON_TKR,TKR Add-on,Partners,awong,602,0
D204990,C104142,2024-07-17,2024-08-01,Closed Lost,PAYROLL_MPS,Managed Payroll,Direct,mkoenen,2674,0
D204991,C104303,2024-08-03,2024-10-02,Closed Won,PM,People Management,Direct,unassigned,1892,0
D204992,C102843,2024-03-24,2024-04-09,Closed Lost,PAYROLL_MPS,Managed Payroll,Partners,unassigned,4313,0
D204993,C104241,2025-06-27,,Open,PM,People Management,Partners,shao,1221,0
D204994,C100587,2024-03-11,2024-05-02,Closed Won,PAYROLL_DIY,Payroll DIY,Direct,dt,1466,0
D204995,C101101,2025-03-10,2025-03-13,Closed Lost,PM,People Management,Partners,awong,1492,0
D204996,C100268,2025-06-04,2025-08-18,Closed Won,PM,People Management,Partners,dt,1312,0
D204997,C101237,2024-08-24,2024-11-06,Closed Won,PAYROLL_MPS,Managed Payroll,Direct,dt,3621,0
D204998,C104388,2024-03-03,2024-05-14,Closed Won,PM,People Management,Partners,unassigned,2053,0
D204999,C102539,2024-01-19,2024-03-14,Closed Lost,ADD_ON_TKR,TKR Add-on,Direct,dt,373,0
