-1.501726,-9.455755
4.332590,-12.972488
16.960770,14.490745
14.966108,8.893173
-2.345103,15.755284
-1.755816,-9.465389
3.515138,-9.364427
18.125771,9.115084
-3.052976,12.558107
4.325731,-12.977379
16.839584,4.264620
1.430321,8.436824
1.705013,-9.503199
18.847170,5.448308
11.724667,14.142056
-3.049716,12.560533
11.088512,8.628008
17.028215,-9.932690
-3.052299,12.559148
11.446832,13.915293
2.033115,-11.970471
-1.588408,-9.491911
2.131246,1.843606
11.548303,13.911618
22.436634,4.977088
-6.926502,4.617343
3.398689,-6.142448
16.974800,14.473945
-0.499520,8.625854
-2.762655,-1.583005
2.236809,-4.185379
-1.615571,-9.530331
-5.933556,6.500123
11.123756,-13.156394
-1.416815,-9.351045
1.071018,-1.178747
11.060234,-12.614196
5.993145,-5.772128
16.860594,4.264931
1.453905,8.438821
-0.405818,13.029295
8.773728,-8.002501
14.953288,8.894311
-7.891893,0.527918
9.562646,10.262060
-2.598549,0.830149
-3.266270,7.912722
1.633385,-9.409828
1.372620,-1.255080
3.422894,-6.159544
11.036116,-13.141070
-3.516696,10.228433
-1.731515,-9.427532
1.503546,8.403984
-2.762850,-1.584047
4.036514,14.642174
3.415530,-6.141614
14.968082,8.888063
11.815495,10.622694
9.982793,16.971640
15.353185,5.652861
1.072735,-1.177685
17.031231,-9.969546
11.613908,13.924362
14.963099,8.890833
-1.420630,-9.412227
5.338863,8.494944
-3.507746,10.239981
1.702955,-9.497299
0.243374,-11.163255
2.115963,-12.022391
10.074598,14.907363
3.930794,-4.001546
17.015003,-9.936328
1.750010,-9.483716
1.695177,-9.419424
2.449874,-11.822221
-0.648130,13.184637
-1.068805,13.343584
17.399618,10.742338
1.458478,8.421891
-0.634132,13.183822
4.384625,-12.921145
-6.905588,4.593834
-3.111532,8.451077
17.119022,-10.172703
-4.143377,-2.022759
1.576487,-9.343165
7.035895,1.098063
-7.889865,0.530310
15.305754,1.320302
2.017113,-4.421185
-7.028357,4.714745
14.955238,8.878913
9.964958,12.145673
2.467278,-7.636462
17.266586,-7.120273
5.456661,8.552103
1.572412,-9.270793
-1.618307,-9.489346
11.173547,-13.005136
15.569481,-12.276525
17.034508,-9.950402
17.424677,-10.515252
1.355241,-14.668680
11.192651,-12.993095
4.401873,-0.614110
-5.841445,6.404335
6.301023,8.941043
-1.594524,-9.347510
-0.421227,13.038394
1.343201,-1.279718
-1.906008,2.799243
16.660831,-10.433193
-3.583317,-0.256253
11.119858,-12.984124
-7.088084,4.773933
3.413908,-6.151662
-3.027847,10.017323
-0.974144,-6.587120
10.519964,9.934401
11.154928,-13.180643
11.793048,8.999269
10.087011,14.893148
-4.020154,-3.852171
4.327654,-12.980645
2.622614,7.390545
10.073838,14.906131
11.283174,-12.673276
11.772571,14.129055
9.109262,16.566755
1.476624,8.391833
4.246611,-12.981573
2.626933,7.386044
6.890063,8.002913
11.260622,-12.654468
4.336601,-12.967980
8.308281,10.321244
10.858071,-12.579735
10.858501,-12.863915
13.757866,16.233149
3.955231,2.146228
1.199848,4.477298
11.244467,-12.695319
11.141511,-13.153183
11.451517,13.917311
-6.830298,-3.205226
2.528804,12.291001
9.991343,16.968029
17.164614,-10.124883
14.977498,8.884101
20.899246,5.410514
-1.659524,-9.297713
8.770745,-8.006138
-0.971764,-6.591177
11.564378,13.995462
14.962362,8.894372
0.577109,9.413787
10.477577,-13.168841
11.117930,-13.146552
8.037056,10.431273
1.361128,-14.686949
1.744322,16.426702
10.529344,-12.644405
1.642890,-9.405094
1.391339,8.404892
-1.587705,-9.500649
1.681993,-9.469738
15.228636,5.565763
15.605515,-12.262627
10.711714,-12.574915
10.054078,14.889595
10.038771,11.083467
-2.189004,11.763495
16.824701,4.270395
16.822609,4.307876
2.545160,12.310065
1.572108,-9.255578
11.688765,14.091464
8.781323,-8.001491
1.306417,11.704673
1.063757,-1.168628
11.650995,13.987197
1.551805,-9.303143
15.347334,5.641828
-3.053324,12.558754
8.178025,10.647375
8.430160,-7.705558
0.240279,-11.170768
3.479108,-6.206255
-7.927206,0.551906
-1.721954,-9.434852
-1.634087,-9.556806
-6.970619,4.662965
11.139547,-12.693149
13.616574,-8.350705
11.440529,14.041707
6.907356,2.450812
-1.637210,-9.517030
-6.824810,-3.211602
-7.053112,4.735588
-3.263976,7.926230
10.953881,-12.924073
23.093365,0.989956
11.607074,13.967097
11.802573,14.173851
2.469841,-7.637156
-1.655868,-9.563994
8.301258,10.326929
-7.894193,0.528997
11.114311,-12.760754
-7.881793,0.531591
13.747795,16.263018
11.423377,14.014127
17.045984,-9.981706
4.397917,-0.613900
-2.666742,15.529362
3.144249,8.780427
12.812192,17.859543
2.475687,-7.643450
2.495264,12.273543
16.586802,-10.392731
10.013467,12.139550
6.313620,9.515205
10.506206,9.928816
17.049715,-10.064636
9.097193,16.549446
3.392717,-6.137919
14.647720,9.048815
-0.407972,13.030982
16.984585,-10.024445
11.559972,13.929093
17.636044,14.842706
14.647628,9.050214
17.040327,-9.942146
16.934221,-10.053144
16.823769,4.268588
16.614422,-10.315761
16.827868,4.271929
-6.494322,-3.705728
2.001371,-4.384797
10.043336,11.084453
-4.130769,-2.014715
1.662618,-9.397380
-1.384471,-9.297195
9.122491,16.584625
13.679369,-8.332624
-1.699556,-9.436110
11.104142,-12.747367
11.767380,14.114720
-6.919595,4.612144
2.163499,-12.092921
1.718662,16.456408
1.046669,-1.165621
3.432149,-6.194178
16.705774,-10.433057
10.018053,12.139866
4.282077,-13.007002
10.072188,14.907411
11.036136,-12.697721
10.868781,-12.953643
3.395965,-6.146640
1.583570,-9.268908
-3.460459,10.253885
9.520963,13.302959
20.164312,8.348048
3.407105,-6.155487
16.865482,4.270237
6.695537,-15.496743
16.753185,-10.430471
3.522022,-9.369013
-6.802310,-3.240119
1.707202,-9.572130
9.977341,12.143336
-6.966301,4.662073
-7.882105,0.536262
-0.400116,13.025321
2.297724,13.969937
1.733438,16.435863
-3.244478,8.131670
17.320881,-10.438869
-5.920390,6.486064
4.329399,-0.338510
17.050266,-9.996790
13.674789,-8.337888
1.452897,8.454587
-6.921407,4.611714
1.317101,-14.714341
10.862668,-12.646340
-5.651806,10.622776
-1.737352,-9.389172
18.867943,9.893500
20.905504,5.405332
10.322808,-3.042405
1.662684,-9.472477
1.577049,-1.041400
13.696935,-8.314322
20.898615,5.409577
-6.830268,-3.205683
1.697972,-9.494358
14.956411,8.908907
-6.921319,4.611362
-7.887816,0.530732
1.722278,16.449133
8.042668,10.451017
1.698590,-9.490895
-1.580047,-9.491138
10.461782,-13.161404
2.115675,-12.058436
9.098132,16.548716
-6.908101,4.600528
18.868818,5.428163
6.322895,19.998447
-1.064614,13.335798
14.464730,10.807025
-6.967361,4.655432
2.002710,-11.969639
4.297398,-13.010184
-2.187746,11.761528
10.971945,-12.762931
11.065455,-13.130951
15.003057,8.859340
8.765182,-7.994112
6.997296,2.412754
1.454152,8.447081
4.142132,-7.220876
13.395832,-8.621274
4.402279,-0.603379
18.849165,5.447074
11.154997,-12.824434
17.282509,-7.146031
14.927107,8.933219
13.662106,-8.353568
3.562637,-6.327266
-3.466492,10.181401
10.433352,-13.130341
1.479331,8.437789
1.995575,-4.393183
16.649035,11.519679
1.735416,16.435078
13.447387,-8.580978
7.142231,1.050823
-3.078675,-5.334579
17.077181,-10.121436
-1.482817,-9.154216
8.068486,10.454718
1.689208,-9.561880
16.844917,-10.517608
1.306365,11.705495
-1.382722,-9.224814
3.411319,-6.170778
10.812457,-12.903664
-6.870337,4.580716
11.246245,-12.766491
-2.638950,15.564241
1.457671,8.451225
13.425505,-8.563014
3.881103,14.507997
10.321184,-13.014437
14.494270,10.827809
-1.609230,-9.517887
11.609774,14.047187
11.810991,13.812841
-5.960017,6.527018
-6.806605,4.511059
4.357630,-0.580153
16.840843,4.236364
-3.504332,10.218426
-0.380956,10.988153
20.832626,5.433832
11.591409,13.942243
-5.952877,6.519141
17.231077,-7.089509
1.468455,8.394662
14.967602,8.892375
13.643552,-8.371445
2.506250,7.975208
16.946093,-9.965598
-1.704322,-9.376854
11.138649,-13.142768
11.244687,-12.760328
10.046796,14.882669
8.448209,-7.721039
11.780717,8.997405
10.974902,-12.707663
10.049207,14.886879
18.842165,5.454326
2.537785,12.297873
2.460351,-7.645666
11.539133,8.166991
0.601076,9.426104
4.437580,-0.594793
7.028204,2.350569
-7.034124,4.727547
10.716621,-12.807236
-2.764626,-1.587914
1.463964,8.414570
-4.127638,-2.011092
2.447292,-11.821362
16.972925,-9.972633
12.791694,17.780998
2.003176,-4.392104
3.286208,10.303549
11.698786,14.132033
18.793837,5.500983
10.328231,-3.035142
5.351774,8.505204
-6.830435,-3.204965
1.544708,-9.289000
10.871377,-13.196328
1.706617,16.466661
17.172462,-10.104392
1.459211,8.405023
-6.914935,4.606090
5.521883,18.222481
16.822605,4.217221
5.990439,-5.769691
2.525195,12.289275
-6.501480,-3.700651
16.045898,10.680697
3.606718,-6.391283
3.381611,-6.127553
1.425729,8.319800
11.223145,-12.732622
1.315628,-14.716203
8.782976,-8.009335
11.501425,13.983166
17.098293,-10.229237
1.360367,-14.681903
11.233679,-12.760032
-7.016092,4.702298
-1.538973,-9.367987
11.203134,-12.726448
16.740004,-10.212193
11.214540,-12.722433
-6.924923,4.614276
17.251965,-7.103422
3.354422,-6.101787
1.348148,-1.279070
-7.011396,4.705614
9.979407,16.976801
1.377565,-14.666421
11.049220,-12.659036
3.957933,2.154930
1.596298,-9.267533
16.826740,4.267457
18.832926,9.928537
9.161630,5.635481
1.709695,16.461819
14.965570,8.892923
1.653979,-9.444187
2.310635,14.025070
10.183891,9.502116
2.463815,-7.632002
2.069612,-11.975836
2.081419,-12.019237
2.622747,7.387750
1.503362,-9.259097
16.867275,11.006643
11.201241,-12.729395
-2.986383,-5.242697
16.740583,-10.317876
11.161366,-13.060183
-0.235584,6.378656
-4.031243,12.061918
6.276079,9.081850
1.456226,8.423333
17.107805,-10.153182
11.145215,-13.133120
-3.261431,7.930796
-0.409402,13.030267
11.480132,17.075994
14.976874,8.886903
11.218270,-12.776865
-4.145201,-2.013788
16.777699,-10.248284
-1.597138,-9.491617
-0.499767,8.624352
1.463857,8.367518
-0.499244,8.625426
17.028648,-10.014245
1.631917,-9.353235
1.999532,-4.395411
17.284540,-7.136357
1.728949,16.442738
16.558733,0.276695
-2.567797,-3.333171
4.953290,1.322058
18.854500,5.440962
16.773722,-10.196431
1.558610,-9.248959
11.271157,-12.670303
11.014557,-12.638163
1.188092,4.467520
-3.077529,-5.334451
1.464626,8.445208
-3.079304,-5.333656
-3.072672,-5.311785
11.121020,-13.064333
4.335322,-12.967869
-2.763723,0.653829
18.872551,9.892570
3.520377,-9.370443
11.037739,-12.637742
11.030923,-12.869660
17.017870,-10.060401
0.587965,9.416441
13.609819,-8.407624
19.105494,10.671577
1.415326,8.429436
-7.912903,0.535149
-7.026441,4.718975
10.312082,6.781931
6.723289,-15.525413
7.141996,1.046872
16.957903,14.497257
11.779685,9.007324
17.020630,-9.903276
1.999187,-4.398741
19.501429,-7.646570
6.939353,10.383355
10.354149,-3.004979
-6.930416,4.620017
3.364355,-6.111765
-3.052420,12.557793
10.872957,-12.799163
8.789971,-8.013360
-1.607432,-9.514948
10.190636,9.500937
-0.534187,10.152574
15.599583,-12.218657
12.710051,17.666073
1.710970,16.464533
3.491982,-6.216923
-6.934433,4.622203
-3.079798,-5.324509
11.186393,-13.106310
16.980051,-10.057734
14.951112,8.903777
16.661789,-10.339315
10.962406,-12.910015
-0.409082,13.043793
-0.954261,-6.610459
1.453229,8.422924
-7.549061,2.342330
-7.010451,4.703597
11.538298,8.174335
11.133645,-13.010032
-3.255037,7.916691
11.693286,14.133209
-1.056019,13.333161
-7.000592,4.695180
20.160360,8.339189
9.178349,5.635993
11.286273,-12.678441
-7.032525,4.725748
6.334182,20.011597
16.820902,4.272491
11.536176,8.169475
1.626062,-9.394560
17.277847,-7.126714
16.844017,4.235944
18.132032,9.105663
1.608200,-9.383039
-1.061627,13.331891
6.814676,-15.600348
9.103203,16.550100
2.512765,12.276672
17.239265,-7.074553
1.725433,16.453911
18.847805,5.447550
10.843358,-13.140422
17.065056,10.466788
18.793167,5.501127
2.290704,13.973635
6.256635,9.436812
17.834030,14.474503
1.659923,-9.428357
17.407509,-10.454720
11.639071,14.027365
-6.491735,-3.717347
1.091570,-1.191849
6.334291,20.011925
-1.590095,-9.427942
-0.955203,-6.609850
16.638199,-10.369405
10.990456,-13.089061
11.742220,13.900528
4.289859,-13.022488
6.705986,-15.508314
4.243863,-13.066285
1.575377,-9.268443
-0.431963,9.944169
6.310298,9.509905
-0.407926,13.030506
-0.626147,13.181829
17.429092,10.722672
17.242819,-7.099213
4.302370,-0.354463
-5.647982,10.625621
10.553086,-12.593355
11.198443,-12.730352
8.313581,10.323566
6.751374,-15.549209
2.129395,-12.058670
2.088937,-11.995557
18.791161,5.504229
6.730940,-15.532662
-5.666158,10.609323
10.068210,14.909142
1.389265,-14.669195
-3.502018,10.231261
9.980626,16.976936
10.872589,-13.126912
18.830526,5.477150
-1.612816,-9.370660
0.251807,-11.165364
16.927895,-10.386070
16.984648,-10.396091
18.867918,9.893456
6.018991,-5.749908
1.607184,-0.972635
1.610751,-9.350326
-3.049553,12.560178
1.575749,-9.346004
3.551480,-6.311042
2.529837,12.290114
1.093868,-1.194660
11.091599,8.622144
1.996140,-4.399911
11.433948,9.482421
14.499173,10.833292
16.908665,-9.990802
1.280362,11.733758
5.132226,17.836718
2.299626,13.962788
17.024681,10.732166
10.316896,6.776139
-0.400380,13.038281
-5.964424,6.531400
-0.499071,8.639811
16.640841,-10.369550
13.685174,-8.335108
4.309819,-13.000936
2.518685,12.283143
5.485732,18.224657
2.022439,-4.378370
20.924318,5.393080
-1.515247,-9.285973
2.006358,-4.389783
20.896530,5.414147
1.495659,8.412113
-1.104630,5.607520
-7.059106,4.747962
4.267975,-13.044110
11.269071,-12.676322
8.073480,10.457870
6.715911,-15.521729
-7.052734,4.744608
9.093964,16.544724
15.353901,5.650962
11.653182,14.017508
1.458701,8.322806
10.739408,-12.579925
10.043148,11.086410
10.417770,-13.131193
1.462536,8.442829
4.288765,-13.022001
-1.913793,2.789926
-0.400605,13.025481
17.204426,-10.426113
13.652206,-8.343047
-5.652349,10.620422
11.160808,-12.732419
3.413311,-6.149934
-1.726249,-9.428143
6.742834,-15.543721
1.524270,-9.281830
-0.492655,8.627655
-6.753430,4.458977
8.046802,10.433686
-0.385348,13.008383
-5.942729,6.510362
-7.035361,4.719310
-1.419342,-9.234922
11.714499,14.156472
3.393718,-6.144172
-5.934728,6.502285
-1.566669,-9.472909
17.150562,10.440524
20.888523,5.419662
16.724558,-10.405582
1.595962,-9.511234
11.533728,13.986798
2.032881,-4.373183
5.541603,18.225300
-6.815468,4.523899
11.038848,-13.000916
18.866606,9.894391
-1.378747,-9.367008
2.348853,15.348326
14.949250,8.914042
-4.106656,-1.980969
-0.362378,12.986776
1.475627,8.455414
-6.683692,-3.468617
18.869062,9.892338
1.913931,-14.147175
1.658029,-9.426722
11.219018,-12.719613
-5.968951,6.535462
-3.080398,-5.331881
5.549527,18.244650
-3.585724,-0.257940
11.088773,8.620673
16.839924,4.270476
-7.879997,0.532402
11.246083,-12.777079
-3.084306,-5.327954
-6.903958,4.596049
1.064679,-1.168207
-1.373261,-9.223266
17.418024,-10.497320
1.462424,8.444348
11.242512,-12.722923
-3.048419,12.562689
-0.372760,13.057937
-6.807994,4.513760
-1.639359,-9.274524
-6.848752,-3.193188
16.978710,-9.999037
10.042091,11.086225
10.272390,-12.977000
-1.463651,-9.206273
11.716252,13.914659
0.214965,-11.189722
16.800932,-10.325003
6.010328,-5.754992
-7.883872,0.535960
3.395087,-6.146502
17.027943,-9.975284
-1.397370,-9.276801
16.900768,-10.127559
14.967103,8.891081
14.966053,8.892200
17.361313,-10.563431
9.169117,5.635314
5.507283,18.198132
13.676501,-8.342178
-1.475307,-9.213545
1.601073,8.537859
11.082676,-13.160402
-1.782832,-9.382785
1.208286,4.477749
2.639364,7.413134
7.509928,18.025190
-6.804432,4.502869
7.541117,15.548043
10.009292,14.861172
1.692575,-9.487082
-2.962494,-5.222142
16.957926,-10.032245
1.668135,-9.517150
3.240671,10.423411
-3.886694,-3.743870
-3.079208,-5.323196
16.824377,4.269794
16.052166,10.729740
20.906874,5.403262
17.168829,-10.699393
11.779292,13.904135
17.413506,-10.541345
4.220522,-13.089075
-6.977930,4.671819
1.320942,-14.712668
11.642269,14.090294
10.457318,-13.137137
-1.394979,-9.212836
17.022984,-10.163336
-6.934971,4.627202
-4.140472,-1.997126
10.527476,-13.144791
-0.404938,13.037360
4.340129,-12.966014
18.845673,5.448952
-3.479596,10.208574
1.612000,-0.969700
10.403316,-2.961272
20.164862,8.331207
-7.891839,0.532338
13.590530,-8.359984
17.092896,-10.174954
-3.065526,12.540179
13.623610,-8.313404
-3.288687,7.924582
-1.426710,-9.239038
11.542144,13.931622
-1.461893,-9.174533
-2.559938,-3.328254
-7.886308,0.531123
6.023530,-5.738588
-3.069973,-5.322947
11.803606,13.846399
13.695721,-8.332379
-4.112757,-2.006706
17.154846,10.436893
9.983452,16.972837
11.497447,13.957543
-2.189567,11.764505
6.034731,-5.745374
11.270107,-12.685824
-1.153016,5.120623
14.954607,8.888813
1.338932,-14.701206
2.309837,13.950315
17.130716,-10.445772
8.050389,-6.582051
-3.484151,10.212346
1.597383,-14.471926
1.361098,-14.681803
-1.057326,13.329216
11.476624,13.966370
16.703312,-10.417980
8.052322,-6.582197
11.441743,14.001645
-1.057883,13.333323
1.712196,16.462488
2.101076,-11.994031
-7.891949,0.532406
3.392051,-6.140694
-3.477567,10.230545
8.054662,-6.592800
11.198175,-12.677153
-1.627159,-9.529460
4.275204,-13.037070
1.074217,-1.177899
1.715598,16.456957
17.627068,14.858948
16.821527,11.187775
16.849485,4.242002
10.458116,-13.147885
13.578778,-8.360549
4.283039,-13.030305
10.300385,-12.928047
1.702384,16.473486
17.141985,-10.700030
-1.721266,-9.433730
11.580033,14.055132
11.126906,-13.146841
2.614054,7.392061
1.658095,16.516397
1.357844,-14.671814
16.625700,10.313370
10.676543,-12.580956
-3.083414,-5.331216
1.460361,8.380795
11.088541,-13.075229
11.651488,13.986350
10.860476,-12.608993
-1.056353,13.331023
-7.393338,0.644471
11.429731,9.483559
9.981129,16.974108
3.414681,-6.160339
17.063400,-10.696005
1.561703,-9.253695
17.038198,-10.236405
13.740621,-8.282148
3.394406,-6.143101
-5.727626,10.557224
-0.423313,13.036719
1.479857,8.389380
11.093279,-12.626329
8.048398,-6.579921
-3.019112,10.015698
-6.826620,-3.208982
-2.361340,15.744608
10.714967,-12.655935
1.594646,-9.261708
-7.001864,4.695423
11.561337,13.928885
11.129533,-12.661291
17.347237,13.244785
16.648859,-10.345128
16.512918,10.378514
1.211230,4.512328
-1.650399,-9.493535
11.172584,-12.790174
-1.719931,-9.445601
4.996384,1.327707
20.889465,5.418528
6.321130,19.996256
1.223019,11.810323
11.130685,-13.160775
9.759494,13.101452
6.726329,-15.529466
16.948544,-9.973899
1.481166,8.384308
-6.919637,4.610733
11.168303,-12.994755
1.508099,8.350739
-5.960350,6.526028
10.071236,14.906788
-2.956044,0.451845
-1.709609,-9.300047
-1.732505,-9.446263
1.802960,16.366335
16.959414,-9.887964
-7.380956,0.653997
-1.909217,2.792048
14.960775,8.892350
1.466169,8.449272
-3.490928,10.217839
16.857325,4.247851
-1.941916,2.784724
1.406044,8.351766
7.032890,14.102152
13.709537,-8.321990
14.949345,8.903779
10.316689,6.777088
-4.440199,3.071677
1.529667,-9.278062
-3.264361,7.916623
7.015326,14.095840
10.969148,-12.625016
3.403575,-6.150888
2.284482,13.998056
11.012659,-13.219816
10.967790,-12.985443
-5.961966,6.528423
22.437449,4.976779
17.215254,-7.031460
17.132452,11.108137
17.229935,11.173501
10.843278,-12.891944
16.649858,-10.276255
11.133339,-13.124423
-6.919898,4.610834
3.515814,-9.364244
11.538085,13.881034
10.369949,-13.096530
17.200403,11.173099
2.047879,15.814572
0.238444,-11.175658
11.831809,13.811336
-7.067791,4.760709
2.297894,13.991817
10.039345,11.085839
8.454543,-7.720865
4.296646,-12.987589
3.921760,-3.992092
1.620759,-9.411988
16.608288,-10.386563
10.385380,-2.975184
11.088908,8.624501
4.393739,-0.617261
1.979959,-11.946073
-7.887655,0.535602
11.486242,13.935656
16.654310,-10.276568
4.416240,-0.588639
5.458586,8.551789
9.090858,16.540586
-1.059644,13.334488
16.988249,-9.978601
-4.132541,-2.015950
11.844699,14.016894
1.790420,16.374723
10.848366,-12.950112
1.728775,16.443075
7.146336,1.046178
1.487758,-9.292201
16.986057,-9.963698
-7.891434,0.529510
2.525877,12.288482
2.624911,7.373504
6.251400,9.449957
4.162441,-7.238656
6.894418,7.998764
-2.961163,0.445009
16.912346,-10.014266
4.250472,-13.062304
9.519798,12.195235
16.843468,4.280982
17.071264,-10.234015
-7.549564,2.342315
-6.926731,4.617642
5.124806,17.828125
6.018641,-5.744737
-2.579604,0.851707
1.050813,6.306096
-1.748421,-9.467566
13.680073,-8.339272
17.795828,-5.901850
2.094786,-12.006399
16.712917,-10.455877
-7.068533,4.759135
16.962263,-9.987313
11.674517,14.040280
14.385419,-7.284121
11.798095,8.999077
6.039164,-5.732501
7.988104,-6.526638
9.986473,16.973061
-3.078797,-5.336154
1.715999,16.450739
14.957080,8.899077
14.952454,8.905241
16.658909,-10.462535
9.981964,16.974787
16.625673,-10.321990
1.633626,-0.953673
1.472555,8.380617
3.368208,-6.121292
-0.386638,13.041432
10.685089,-12.680416
-6.824790,-3.210054
-7.007900,4.701567
9.891774,12.224955
17.155870,-10.694587
5.547281,18.229029
1.689459,-9.552790
16.849361,4.239780
6.902939,2.425305
8.090869,-6.631924
2.006067,-11.965208
-0.954252,-6.610086
10.336806,-3.026271
16.613693,-10.389663
2.103012,-12.024690
-1.454734,-9.248714
-1.042233,13.363152
-3.921355,-3.778733
16.720011,-10.454886
13.389289,-8.545879
-6.829644,-3.206631
2.102190,1.817480
-2.992239,-5.248314
6.021371,-5.738293
-4.029736,12.060427
6.737177,-15.534244
-7.023789,4.710052
15.622740,-12.189370
2.102394,-12.025697
16.831074,4.264587
11.215895,-12.746709
3.635424,-6.370202
1.916036,-14.144814
15.028691,-6.917163
4.325807,-12.979358
1.622054,-9.381497
11.176028,-12.852650
20.890989,5.418165
10.561706,-13.210071
17.086477,-10.665131
17.451900,-10.641521
17.074459,-10.177360
10.466019,-13.161208
11.138926,-12.748887
1.725851,16.444897
11.077161,-13.126858
1.670478,-9.525688
7.030853,2.342209
10.454415,-13.207131
1.719813,16.453209
-1.478735,-9.199111
9.502299,13.313703
-1.068373,13.349744
17.421780,-10.501210
6.939575,10.380516
8.435450,-7.710837
-4.169552,-1.947217
-1.031324,16.248940
13.674131,-8.345055
16.974842,-10.012749
-4.032777,12.060055
7.511604,18.031994
13.368266,-8.636450
15.028216,-6.917864
4.395164,-0.615493
-1.910620,2.804646
4.222134,-13.086473
2.014147,-11.984468
16.602121,-10.383549
11.227282,-12.727977
-2.946256,0.459989
11.814439,10.620423
10.673869,-12.511678
1.668244,-9.513439
16.652699,-10.304349
17.819880,-5.874561
3.550834,-6.344987
-3.485378,10.216168
13.672115,-8.353078
-7.033484,4.727518
9.497591,13.318243
9.640550,15.697600
-2.974842,0.415593
16.975918,-10.009819
1.760937,16.411470
16.628891,-10.456967
15.635163,-12.230562
0.239258,-11.173641
18.847057,5.448765
2.050785,15.806638
15.352477,5.651539
-0.956042,-6.609001
17.089952,-10.157166
-6.832919,-3.202078
1.807647,16.357950
1.567578,8.506229
1.627225,-0.958090
-0.421616,13.035185
2.111754,-12.074016
2.152045,-12.076443
12.895535,5.197988
17.142590,10.424106
-6.826358,-3.210886
-3.060308,-5.319109
18.868080,9.893868
0.589247,9.422807
14.952655,8.898284
16.939259,-9.986182
-0.953646,-6.611138
2.464338,-7.632583
9.989835,16.987411
1.743700,-9.527635
17.336529,-10.610491
15.633479,-12.181845
9.985840,16.955379
1.557459,8.482465
-7.041075,4.729572
8.049170,-6.585721
2.138580,-12.065492
11.010961,-12.979867
-1.513002,-9.135708
16.669666,-10.430468
1.053444,-1.167470
10.513975,-12.622006
15.028685,-6.917502
19.504789,-7.645361
-0.404068,13.031729
17.626860,14.863091
1.995093,-4.387489
1.733159,16.438686
11.489196,13.953941
1.536538,8.449087
1.540013,-9.241142
16.815491,4.273429
11.074901,-12.656437
1.619490,-9.488941
16.850212,4.255673
-3.494863,10.228339
1.619745,-0.969206
1.453725,8.371818
-0.217896,6.381629
1.696930,-9.547610
17.815954,-5.879779
9.591351,10.233065
1.411988,8.437583
11.280916,-12.691659
16.996439,-9.917252
3.233331,10.345772
2.618252,7.385229
11.455510,13.914251
3.358229,-6.105194
4.347071,-12.960604
16.852053,4.257988
15.030136,-6.920006
16.861420,11.006057
16.777462,-10.156259
11.266270,-12.710638
1.361736,-14.648470
15.642856,-12.161742
1.575671,-9.258825
11.295534,-12.763590
6.717247,-15.523963
11.144269,-13.146500
3.441488,-6.183714
1.636379,-9.351598
-0.417448,13.034846
17.346746,-10.681876
-0.533132,10.144156
16.643951,-10.263565
9.515120,13.303656
-1.917441,2.790224
2.474309,-7.641130
-3.050583,12.558671
11.222346,-12.702000
-3.489630,10.223007
-6.820924,-3.216073
9.521777,12.191204
16.591463,-10.402145
-3.492944,10.214921
2.503363,-7.670159
1.448522,8.421948
1.549318,-9.236823
16.794174,10.386801
13.759332,16.238329
17.184769,11.115079
7.955967,-6.488319
16.178482,14.319042
-7.549078,2.342142
-5.958686,6.525237
11.250640,-12.631833
14.378883,-7.289546
4.392288,-0.611987
7.513025,18.037748
-1.727678,-9.429665
17.215509,-10.454594
19.506777,-7.644111
-6.828417,-3.209074
8.014105,-6.553192
3.504774,-9.359280
3.513842,-9.365713
16.957535,-9.923189
1.432253,8.449265
0.237443,-11.174656
11.808177,10.616416
1.461993,8.383207
7.010095,14.093363
1.480293,8.395202
-2.601782,0.827376
17.203497,11.163576
8.774446,-8.003464
20.891960,5.415160
6.244830,9.406979
16.841730,4.246541
2.521686,12.286327
1.863084,-9.514149
1.078557,-1.181856
1.456358,8.452827
1.685110,-9.431779
17.019604,-9.935279
-3.248536,7.903147
13.702850,-8.320522
5.468030,18.186369
18.838890,5.456665
11.470141,13.966204
18.844873,5.450596
8.022282,-6.562549
10.775484,-12.891851
2.104451,1.818116
11.705050,14.119612
8.782001,-8.005874
8.045697,-6.576826
4.317273,-12.971866
11.669475,14.023310
16.945993,-9.930895
10.307030,-3.053236
16.972361,-9.913499
5.454604,8.546787
11.230690,-13.024349
-1.715597,-9.424300
16.829964,4.259856
-0.415572,13.033979
11.495552,14.004503
-3.253749,7.903089
-2.979137,0.424902
17.158165,10.436432
-3.053857,12.556952
1.370214,-14.670916
-0.415226,13.028015
-1.603528,-9.533192
18.867823,9.892838
1.988687,-11.952909
4.336498,-12.969790
-5.961742,6.528345
13.716915,-8.307689
-1.507100,-9.462631
16.976460,-9.897107
10.937240,-12.790106
3.681030,-6.225626
-7.073092,4.764738
-5.650280,10.622488
-1.669989,-9.384074
10.040285,11.086513
6.029787,-5.745127
16.943079,-9.947989
3.392550,-6.139723
13.365893,-8.650414
16.645754,-10.262237
-1.714496,-9.430946
10.749920,-12.776135
1.335177,-14.690057
3.378775,-6.131619
11.292907,-12.681102
11.494490,13.956702
20.897360,5.412472
1.609913,-9.286792
13.720587,-8.304416
2.495847,8.005163
-1.004059,16.270638
17.818785,14.494920
4.302315,-12.982871
11.739324,14.133698
16.581585,-10.366955
2.289929,13.964003
4.398817,-0.623366
1.365874,-14.691107
-3.521045,10.215482
-0.956564,-6.608756
6.878509,8.018827
10.344361,-3.013981
-3.504734,10.225571
1.616522,-9.307500
11.859044,13.968678
7.513013,18.077497
11.200120,-13.065760
3.405840,-6.151333
16.655130,-10.266123
4.331056,-12.977316
3.436928,-6.178348
1.646346,-9.375295
10.303352,-3.052680
1.549524,8.482024
13.530020,-8.405463
14.966514,8.897538
17.211088,-7.068088
11.241951,-12.735716
11.618941,13.969295
16.850420,-10.050385
9.520576,13.305085
-1.448111,-9.412539
10.074280,14.905217
17.216797,11.176557
1.518823,-9.253984
11.483802,13.989884
-7.101268,4.789815
10.901292,-12.800319
1.364251,-14.676737
4.398242,-0.617609
13.584966,-8.357888
16.857168,4.304744
-0.984350,-6.582675
16.524584,10.355577
4.454302,-0.651163
-3.081186,-5.339924
20.894375,5.413984
16.930790,-9.958580
-0.536494,10.149722
-0.414317,13.034605
16.849241,4.239353
11.653319,14.108735
1.658331,-9.402201
-5.970062,6.537577
11.624337,13.978443
2.004130,-4.390875
11.858643,13.778300
15.588622,-12.276011
6.777715,-15.577613
17.371536,-10.581520
17.244684,-7.101414
6.720268,-15.525216
-2.562317,-3.339175
16.947191,14.505439
9.980967,16.953665
17.050669,-10.178477
14.944806,8.907351
13.709527,-8.312269
11.762360,13.901937
11.568533,14.045647
1.469292,8.395421
1.375576,-14.663399
19.459040,14.199647
1.700244,16.476784
15.584112,-12.243040
-3.095068,8.444069
11.271373,-12.674253
11.500443,13.954795
16.898737,4.218189
11.471410,13.945463
3.554186,-6.240842
16.961338,-9.902941
20.171766,8.366001
1.328057,-14.641096
15.671568,-12.164949
-0.529692,10.128928
2.500084,8.005078
-2.817262,12.791684
3.382695,-6.127718
16.460066,4.175567
3.450269,-6.185789
4.167955,-7.253479
1.487641,8.427310
12.788121,17.787289
-2.951461,0.456640
10.297365,-3.059246
17.317411,5.541063
13.358991,-8.646482
3.554495,-6.355076
11.680375,13.993231
6.722723,-15.524349
16.713352,-10.535944
11.247942,-12.699620
-0.411808,13.034161
1.705273,16.470171
6.746823,-15.546881
10.931907,-12.593055
-1.492108,-9.194452
15.032731,-6.917024
23.109053,0.975403
13.737278,-8.290954
-1.392885,-9.203946
16.571798,-10.380796
10.071995,14.904753
-0.379147,10.989833
-3.070348,-5.320744
18.815954,5.482288
16.587412,-10.370801
2.047735,15.815348
2.295861,13.982025
16.665829,-10.232596
1.356517,-14.679893
18.810530,5.487383
11.278277,-12.727538
-3.491331,10.201333
11.220424,-12.672411
16.622377,10.431267
11.284781,-12.652789
18.850595,5.445582
-1.610973,-9.284218
11.279848,-12.681051
-6.829030,-3.208852
3.391464,-6.139790
16.929720,-10.001477
2.460509,-7.628070
18.848009,5.447445
3.381018,-6.128660
10.921925,-12.904415
5.133931,17.834633
16.917406,-10.000518
8.048819,-6.583257
16.836990,4.278565
10.490191,-12.672958
-0.419434,13.036212
0.241747,-11.173438
0.238321,-11.175447
10.293763,6.783928
2.120306,-12.051772
-1.914836,2.791564
-2.771297,-1.592781
12.796871,-8.804955
16.457817,4.180485
17.264217,-10.784847
-1.158232,5.119387
10.036865,11.087544
-1.476362,-9.504819
4.944220,1.315275
10.070428,14.905435
1.707058,16.448404
9.511744,13.311584
-6.670055,-3.485774
17.237610,-10.428780
1.736114,16.430510
17.873829,-5.801573
10.242695,-13.007317
11.838905,13.926396
8.043270,-6.577641
8.056817,-6.597261
8.788803,-8.013356
-6.905263,4.595531
16.966297,-10.348795
-3.068250,12.541565
17.101770,-10.027659
10.814853,-12.549944
16.560682,-10.389207
-6.822328,-3.214334
2.065725,-11.992502
8.309862,10.316361
-6.881791,-3.127766
10.285260,-3.079576
11.812057,10.618044
4.179245,-13.131761
13.399532,-8.608583
11.241496,-13.002902
-3.501166,10.218322
18.793381,5.501270
1.640781,8.565989
11.511546,13.915867
1.756809,-9.415678
17.240768,-7.086303
-3.081171,-5.334717
10.245956,-3.110790
6.888339,8.004022
2.235889,-4.189995
4.333175,-12.974575
1.979452,-11.940051
16.997494,-10.033121
11.300509,-12.691609
-0.621045,13.194489
10.838863,-12.545786
17.069496,-9.980327
17.270494,-10.767879
10.308218,-12.972673
-6.806245,4.509952
-3.563548,10.251822
17.009039,-9.933120
16.674829,-10.214731
11.494967,13.916438
1.999210,-4.396189
5.462318,18.147316
3.233108,10.440895
1.350907,-14.690964
-1.551909,-9.536479
14.963204,8.889004
-1.683820,-9.460730
4.333619,-12.974055
0.236810,-11.176226
11.260058,-12.684639
3.577218,-6.378415
20.576279,5.639004
2.529255,12.292397
10.074730,14.907236
-1.663501,-9.456543
13.693810,-8.325605
1.572655,8.502308
11.289187,-12.645372
3.487190,-6.220358
11.246207,-12.805042
-7.548361,2.342004
-0.138169,6.441388
11.148465,-13.016458
16.652405,-10.457126
1.986625,-11.958434
6.747960,-15.549114
-5.971530,6.538095
10.860013,-12.604424
-7.548616,2.342107
4.340604,-12.968177
9.978653,16.952112
3.397895,-6.144366
16.702196,-10.476559
1.394709,-14.634441
1.997658,-4.399044
17.220345,-10.443065
1.512160,-9.274902
7.550685,16.998629
2.466786,-7.635524
17.113613,-10.668429
-3.493590,10.232831
12.885670,5.194498
15.587557,-12.263502
-6.975085,4.667819
-7.547297,2.342293
17.271156,-7.127919
16.951971,-9.935416
2.393811,-11.859282
16.599356,-10.322361
2.040839,15.833193
10.470571,-13.185122
15.697961,-12.174072
7.031782,2.345234
1.062196,-1.167468
-5.647712,10.622189
-3.513819,10.225317
1.817455,16.337511
11.858100,13.798925
-1.486024,-9.167889
-6.830941,-3.201510
-3.502002,10.224279
1.061969,-1.163910
-5.654251,10.618969
11.666584,14.011003
-1.471122,-9.476165
-0.236806,6.371141
16.969076,-9.908554
2.023929,-12.029622
10.462194,-13.162689
15.028813,-6.919087
3.540257,-6.309288
3.450835,-6.184671
17.092329,-10.681686
11.244414,-12.744296
10.470006,-13.142248
10.478280,-12.643188
15.337226,5.641959
-5.917291,6.488511
17.352535,-10.720654
1.048212,-1.159898
17.130844,-10.684743
16.586750,-10.384212
0.238233,-11.175399
3.454000,-6.195918
-5.838583,6.403127
7.121969,1.062160
3.572646,-6.364389
2.523713,12.286562
16.828484,11.230254
16.633184,10.292460
1.065713,-1.175514
-3.078782,-5.281921
0.237455,-11.175950
4.404223,-0.613278
-1.501025,-9.180211
10.476525,-13.124306
16.863714,-10.537168
11.254450,-12.743567
8.425371,-7.703642
11.847791,13.796375
17.060257,-9.990054
-6.920122,4.611993
16.672878,-10.228920
2.461892,-7.631730
17.344715,-10.696146
9.976100,16.976843
11.766288,14.120500
16.846975,4.253605
8.773009,-7.999860
3.592367,-6.338258
2.353954,15.342579
17.025396,-10.028123
10.303861,-12.999016
16.869915,4.310422
16.602674,-10.403985
3.378067,-6.131757
14.501138,10.832321
-0.848740,-6.684826
-2.766340,-1.590660
4.315314,-12.995999
3.238252,10.436858
1.571157,-9.247707
11.232000,-12.692372
7.170031,1.022833
8.074485,-6.612147
11.135209,-13.144544
11.886489,13.823257
-6.953688,4.644022
1.055771,-1.160497
16.971302,-10.340788
17.633551,14.854376
4.320863,-12.985927
17.048716,-9.963389
11.862530,13.914608
16.865696,-10.494309
1.441730,8.419753
6.724492,-15.527163
-6.815699,-3.221199
11.090776,8.625177
-7.060858,4.753003
14.500779,10.828962
11.153333,-13.064070
-1.563608,-9.319548
17.230574,-7.071640
-6.685428,-3.466915
11.279358,-12.670470
13.436409,-8.528946
1.332638,-14.693974
-2.766762,-1.589654
1.517861,-9.319649
2.059347,-11.980453
10.948697,-12.709457
11.164578,-13.112657
16.204988,10.517773
4.349707,-12.957755
-6.826955,-3.209368
-1.714160,-9.422222
13.706985,-8.330227
12.761916,17.729921
11.139007,-13.148522
13.660426,-8.353352
10.291717,6.790717
-0.438140,13.047966
7.487506,18.018480
17.055820,-10.665435
16.806999,11.289769
6.021571,-5.741343
2.521967,12.285122
11.232167,-12.692516
16.638597,-10.387498
10.066068,14.899535
1.641055,-9.388378
4.160962,-7.241139
17.075974,-10.714074
13.469187,-8.463789
11.227880,-12.696877
7.026215,2.349325
6.334378,20.012180
11.253477,-12.672569
1.608746,-0.969345
1.899558,-14.162468
13.754100,-8.284206
-1.754673,-9.419537
7.426373,15.537777
-0.962492,-6.602102
11.095859,-12.645116
2.617182,7.387690
-1.640583,-9.389856
-7.065726,4.752051
17.213223,11.177052
-3.077152,-5.335130
13.495776,-8.406479
1.792031,16.380451
16.724268,-10.475971
8.050325,-6.581022
16.537100,-10.372743
-7.043868,4.736887
-3.524467,10.225751
1.556952,-9.326087
10.076395,14.909301
3.396255,-6.160310
13.587891,-8.323179
5.434382,8.587666
1.694013,16.483021
11.564351,13.929310
10.938229,-13.224443
0.240807,-11.169724
-3.280028,7.932293
16.603033,-10.378377
11.281417,-12.671488
-0.497873,8.626710
17.620272,14.861478
2.349674,15.346048
6.889255,8.004151
-7.886740,0.531257
6.751526,-15.553120
-1.643661,-9.497277
1.617081,8.533846
20.880781,5.425611
17.022396,-10.644707
11.479968,13.943076
16.823309,4.253024
-6.907040,4.598114
3.493070,-6.209533
16.884048,-10.088091
1.371476,-14.693680
-7.028046,4.721862
8.100517,-6.642590
11.107147,-13.143130
3.935421,2.130199
-3.541739,10.196392
16.823196,-10.540773
-4.126469,-2.003884
1.668614,16.506950
17.148884,10.445652
2.288487,13.992028
-3.075731,-5.332479
1.689389,-9.470089
1.364166,-14.682900
11.260576,-12.647449
8.048601,-6.577389
16.444456,4.174835
13.691316,-8.332208
13.684699,-8.350588
3.584226,-6.392723
1.447733,8.443706
-0.499826,8.624827
13.711249,-8.322797
1.442862,8.446196
3.955170,2.152699
1.370804,-14.666612
-0.235976,6.364602
1.099619,-1.202600
17.150028,-6.993465
2.349401,15.345840
10.312614,6.779819
4.349364,-12.959155
20.907967,5.402658
16.305843,11.052467
-6.891715,4.583569
17.363201,-10.498790
1.711755,-9.300142
12.798076,-8.807468
2.611843,7.389451
1.070400,-1.167466
10.187982,9.503194
-3.072504,-5.318645
17.205605,11.181914
11.455166,13.912526
11.536797,8.169137
1.701191,16.475969
-0.406777,13.029828
12.339645,17.557093
-7.552750,2.340482
10.073453,14.905857
-2.953042,0.454856
3.390170,-6.144405
16.205967,10.517162
1.483066,8.398696
2.101719,-11.964254
16.744259,-10.481936
3.569847,-6.376331
-1.672717,-9.341150
11.146773,-13.143795
17.453341,-10.581140
10.314272,-13.057312
16.641417,-10.433442
10.327440,-3.029866
3.911511,14.533366
-5.834615,6.396895
8.049391,-6.579427
3.515918,-9.365354
16.756266,-10.244820
17.223511,-10.773192
17.103655,-10.221409
-0.960136,-6.603694
2.046744,15.820265
1.455434,8.453046
0.562445,7.897285
2.351182,15.345634
16.609203,-10.376356
1.705566,16.469463
13.721674,-8.303210
10.044767,14.884242
-2.189860,11.764309
1.408860,8.402125
13.570468,-8.330051
-3.524326,10.214991
3.434932,-6.175776
1.411391,-14.634939
15.602423,-12.258349
10.059581,14.899708
20.202442,7.936246
16.188780,14.324167
16.847624,11.252248
13.553802,-8.335891
-1.661883,-9.529508
1.301752,11.705390
8.048330,-6.576743
11.320515,-12.626738
17.425333,-10.531015
-2.176644,-5.858860
17.128899,11.125272
13.736280,-8.322047
20.888752,5.416979
3.187412,10.507915
10.974111,-12.632507
9.100991,16.547503
13.594824,-8.306664
13.442761,-8.552761
8.728749,-7.957077
-0.489473,8.621956
10.677874,-12.625698
17.804653,-5.904575
1.226925,11.805116
4.339196,-12.963655
20.569435,5.660176
11.242464,-12.651093
2.141920,-12.072863
4.354693,-12.956845
15.027719,-6.914970
2.498255,8.009990
2.063770,-11.952248
-0.228834,6.359286
-3.585018,-0.257695
8.048785,10.443185
11.424918,13.930621
1.396652,-14.655627
16.062092,10.696506
-1.668096,-9.344462
13.487806,-8.424580
13.525249,-8.405441
17.466187,-10.611051
8.055866,-6.593563
1.577361,-9.221334
-6.847987,-3.188664
11.050179,-13.198892
0.235648,-11.175853
-5.949547,6.515738
11.095831,-12.691458
4.390745,-0.622449
10.970992,-12.624577
1.964573,-4.431406
-6.819276,-3.218482
4.170974,-13.140272
-6.493480,-3.710849
12.802718,-8.804555
11.216537,-12.690562
4.362907,-12.946277
11.500361,13.945374
-3.513471,10.224241
13.693510,-8.329931
6.725643,-15.534027
10.942035,-12.670726
8.072799,-6.602461
16.913214,-10.081623
-1.694074,-9.399183
10.340278,-12.972419
17.037138,-10.017071
4.165565,-13.143467
9.988874,16.985220
9.984934,16.968245
-7.055740,4.749467
2.006439,-11.966338
12.799214,-8.802734
-7.095166,4.786983
2.523995,12.287711
17.082745,-10.032639
1.338447,-14.688099
-3.085203,-5.341937
5.124774,17.830200
8.775181,-8.005639
10.773957,-12.859719
1.744731,-9.520849
1.733525,16.441795
4.179896,-13.130486
15.113321,12.439034
17.009356,-10.008685
2.348863,15.347006
13.753258,16.232851
3.511768,-6.250264
1.362526,-14.679934
17.623772,14.866957
3.211092,10.353989
17.202717,-7.042548
8.779275,-8.005794
3.903685,14.528369
1.549830,-9.198106
10.043232,11.089563
-6.802715,4.509109
6.718845,-15.526649
10.903259,-12.606930
-5.848035,6.410398
4.346963,-12.960044
1.661320,8.536222
8.035703,-6.560395
16.670946,-10.416320
-0.499415,8.623933
10.071724,14.907835
9.812233,14.898618
16.956558,-10.059904
13.709489,-8.322127
1.384297,-14.663207
1.456562,8.506789
16.638159,11.533031
10.973240,-12.602586
11.594905,14.138587
13.692069,-8.332218
3.384381,-6.135540
5.551881,18.248512
3.586553,-6.382438
13.689737,-8.332556
1.345483,-14.691563
20.582449,5.648008
2.170666,-12.100703
1.773257,16.399944
-3.482047,10.258940
16.599405,-10.397473
8.426384,-7.706975
3.570021,-6.337598
17.005159,-10.006286
18.869534,9.891735
20.906013,5.401800
-0.378872,10.990104
17.382553,10.789219
1.467851,8.458381
11.443678,9.456919
2.439735,-11.841771
-1.632877,-9.519149
14.500436,10.829510
17.432838,-10.520224
-7.070992,4.762483
10.534916,-12.596002
6.727892,-15.530717
-6.938564,4.641235
13.690516,-8.331804
-1.662441,-9.562638
13.681485,-8.334900
16.850286,4.241756
-0.225657,6.379965
17.233427,-7.071244
16.647776,-10.423216
1.461697,8.349545
1.723902,16.444250
2.043190,-11.998102
1.558913,-9.192034
16.868649,-10.491663
1.997626,-11.970912
1.464811,8.452222
16.632170,-10.409576
1.466163,8.457135
-6.834523,-3.201757
17.248331,-7.101369
-3.040945,10.033957
8.045968,-6.561851
17.253908,-10.412008
13.417130,-8.594856
-5.741319,10.553439
11.097324,-13.145264
-1.380292,-9.329735
10.266150,-3.096627
3.603616,-6.266923
13.420321,-8.554010
16.732174,-10.499778
1.572550,8.523319
11.445224,13.952834
3.546237,-6.287327
14.631586,9.058563
-0.408856,13.041958
-3.262667,7.916203
-1.386420,-9.249773
2.521865,12.285620
9.523745,12.194920
16.527187,11.354377
4.291157,-13.019673
2.026871,-12.023043
12.518203,-7.078919
-0.431416,9.942832
-5.652922,10.621316
-7.096914,4.790800
15.027595,-6.918982
16.643152,-10.425010
3.562495,-6.358222
-7.085246,4.778168
6.936555,10.383665
10.011785,12.134132
2.349870,15.347399
3.958451,2.154972
-0.623333,13.351192
-5.933907,6.501644
8.050776,-6.582920
17.459641,-10.506437
17.296062,-7.149371
11.886683,13.956928
2.511607,7.995262
10.277939,-13.000874
-1.713956,-9.436872
3.629029,-6.389337
-0.232821,6.374106
3.639474,-6.311870
6.031273,-5.729142
8.039077,-6.560199
10.299397,-3.065250
3.365498,-6.118018
11.841185,13.978020
10.297331,-12.997405
10.355829,-12.951153
1.989831,-4.404296
17.460545,-10.486429
10.419855,-13.135274
17.437021,-10.559347
2.661580,7.336595
1.663949,-9.422616
1.806779,16.359947
6.937634,10.383927
11.766817,13.878315
-1.653534,-9.278267
17.429836,-10.583874
-3.076765,-5.333325
1.704479,-9.516085
18.847591,5.447831
7.050365,1.091462
15.639898,-12.224334
1.730870,-9.592854
-3.273402,7.912917
10.221884,-12.933323
-2.678940,15.518486
16.598682,11.492427
4.196708,-7.295455
10.408707,-13.110471
16.439964,10.884876
-1.519199,-9.351420
2.502068,8.001217
17.450485,-10.491077
2.494718,12.260323
17.819792,-5.874568
11.293411,-12.662201
2.467044,-7.635840
15.677403,-12.169065
10.329576,6.764334
20.202803,7.929590
-0.521941,10.119250
13.374642,-8.639706
10.293697,-12.982402
-0.963210,13.321453
-7.906749,0.535087
-6.908956,4.599568
2.524018,12.285726
17.249723,-7.104519
1.785098,16.387003
16.956799,-10.101431
1.716474,-9.554737
6.752546,-15.554723
4.401579,-0.617343
6.046929,-5.713720
-3.582360,-0.255643
-1.511507,-9.185706
14.949457,8.900118
4.206460,-13.102951
-6.915390,4.622982
1.730833,16.447105
1.322027,-14.710666
17.157829,10.442036
1.655965,8.570345
3.024499,-4.842301
10.307611,-12.869911
-3.257447,7.905015
16.475983,10.866024
1.726001,16.441166
2.520722,12.282891
-3.084075,-5.333893
1.223096,11.810167
3.564006,-6.361027
6.733217,-15.533801
1.723352,16.445372
6.025858,-5.732978
4.146942,-7.238958
3.383801,-6.128559
1.761603,16.406851
16.876951,11.007756
-2.558665,-3.327656
13.620215,-8.354009
11.448635,13.931367
6.024138,-5.737924
16.957041,-9.922680
-6.823224,-3.221734
3.556522,-6.334632
16.585052,-10.369085
3.653942,-6.403855
3.559467,-6.333534
4.120170,-13.190912
13.696265,-8.325759
-6.943838,4.649112
16.820904,11.196813
11.792779,9.005605
8.096489,-6.629413
-6.485521,-3.719310
-3.110220,-5.348002
20.165764,8.353442
-7.880081,0.536699
17.210506,-10.489468
10.041594,11.087884
-3.074682,-5.322171
3.952013,2.145917
1.997488,-4.399853
6.334914,20.012705
1.707800,16.469107
18.122829,9.121075
10.956232,-12.625864
1.458068,8.458575
-5.634728,10.640659
4.344584,-12.962458
1.641356,-9.424625
11.293636,-12.654308
16.611860,-10.332670
-7.039581,4.714940
1.649994,-9.366678
-4.124848,-2.004494
16.429804,4.169187
0.235738,-11.177214
11.678186,14.106641
5.128693,17.836197
14.472057,10.813908
-2.823555,12.786116
1.858980,-9.535084
1.681890,8.551237
1.321944,-14.711915
1.481439,8.389616
1.570115,-9.254937
17.240574,-10.770474
-0.430507,9.943942
-7.882960,0.535858
1.749455,16.436605
1.662648,-9.476141
12.807179,-8.799064
3.893301,14.516943
10.075139,14.887959
10.940669,-12.908468
3.559106,-6.304779
8.064801,-6.597296
16.959381,-9.965853
-5.926746,6.498543
10.927752,-12.593160
1.687345,16.481392
13.673338,-8.341219
10.285441,-12.997064
10.988271,-12.603088
10.763473,-12.568596
1.484115,8.390110
2.618166,7.387368
18.125643,9.107773
16.870981,11.010796
13.692756,-8.324008
10.849393,-12.943871
3.382904,-6.130219
1.708596,16.467352
17.403250,-10.516258
16.892874,-10.037666
11.155469,-13.103268
2.621032,7.386002
10.969513,-12.591589
15.028114,-6.918005
4.338486,-12.969556
4.246030,-13.065553
1.549998,8.461635
1.741757,16.431765
2.350481,15.346825
1.691252,16.487522
16.667046,-10.388445
-0.416772,13.031801
4.237334,-13.074630
-3.061234,12.549691
-3.916927,-3.774691
10.403220,-13.080354
1.076498,-1.179690
8.048422,-6.574788
2.351462,15.345066
11.260756,-12.610601
0.580887,7.909773
1.624402,8.541412
10.004698,12.132794
0.241523,-11.172344
4.181166,-13.130646
4.143132,-13.167603
6.938232,10.385187
1.483541,8.387183
-2.953455,0.458647
8.057924,-6.589128
2.502642,8.000774
2.502231,7.996835
6.759641,-15.559311
-0.418720,13.039135
-6.857229,4.548162
1.717244,16.456141
10.838077,-12.850383
2.165765,-12.072432
10.271308,-13.030592
-0.240125,6.367163
6.718975,-15.520821
7.139318,1.053360
11.271035,-12.721720
13.674133,-8.334723
4.181499,-13.129307
-2.739451,-1.535327
14.661811,9.043388
8.784814,-8.013275
1.483184,8.403406
20.164454,8.350490
11.735866,14.147435
-3.058496,-5.312238
1.579624,8.509042
16.834789,4.274751
17.227974,-7.073601
13.641116,-8.352698
3.599690,-6.289258
20.168201,8.351892
4.166780,-7.256125
1.495621,-9.328015
13.348135,-8.660888
11.291176,-12.594262
-3.495808,10.238323
16.530182,11.312689
13.761195,16.233486
9.475778,13.332486
17.502302,-10.694810
4.191255,-13.118005
-5.936027,6.503772
11.060839,-12.974189
-1.677877,-9.434862
-1.922040,2.793291
4.142286,-7.278869
1.996725,-4.398441
15.026990,-6.916773
10.106082,14.921588
6.748792,-15.549095
10.314087,-12.982190
-3.531310,10.206159
1.425971,8.415190
2.017124,-11.971832
23.110674,0.972894
-5.890869,6.477849
5.454817,18.142925
17.439661,-10.573322
16.186382,14.322995
-1.158772,5.117841
3.651275,-6.331534
3.507168,-9.361598
3.544097,-6.305652
1.336319,-1.316031
1.554474,8.495551
13.666105,-8.349481
10.300486,-12.991948
11.821023,14.053003
10.473092,-13.147051
4.174652,-7.260793
10.426278,-13.120897
-1.507846,-9.185346
10.261371,-13.032549
17.322374,-10.573482
19.458416,14.198669
-7.017911,4.711328
3.896027,14.521399
17.161932,-10.673136
12.810593,-8.797103
1.585605,8.506466
-1.609234,-9.243558
11.513855,13.904317
1.076531,-1.185495
11.915921,13.783276
11.824497,10.629037
11.819593,10.625241
17.168106,10.435445
5.547898,18.247181
17.425123,-10.547347
13.348411,-8.656979
17.477356,-10.707736
1.591573,8.517633
2.620986,7.384592
3.643707,-6.400829
-5.834355,6.396991
4.398583,-0.615951
10.471766,-12.887828
4.161295,-13.151183
-3.024504,-5.282889
10.310551,-13.009839
2.583143,7.357463
17.279823,-10.771504
17.031141,-10.145151
5.553693,18.250183
17.054293,-10.037317
1.054808,-1.161585
-3.111194,8.449094
13.351233,-8.653837
10.328828,6.765736
10.407263,-12.921418
1.811859,16.360075
17.429695,-10.556794
7.549584,17.003855
-4.120441,-2.030575
10.187846,-12.999062
-4.128063,-2.019259
-3.505828,10.241030
17.399509,-10.582749
1.681224,-9.478935
14.498899,10.832338
1.215410,11.822368
16.508863,11.334662
8.031639,-6.556038
15.697265,-12.156446
1.329537,-14.701547
10.719597,-12.560789
11.226859,-12.642318
4.364053,-12.945637
14.377209,-7.293047
1.429312,8.428391
2.620742,7.386827
2.046833,15.819745
8.045156,-6.573291
13.734436,-8.294303
1.714589,16.458946
-3.080056,-5.336664
16.184870,14.324170
10.930902,-12.576146
4.296421,-12.983653
12.795394,-8.808072
11.481370,13.938624
1.599939,-9.257052
7.142846,1.051399
-6.988022,4.679965
10.678136,-12.764870
4.374989,-12.934425
10.298533,-13.052682
17.101328,-10.135666
-1.712532,-9.277244
17.634344,14.849894
1.435884,8.437331
-2.775354,-1.593309
11.661599,14.109885
11.492374,13.936558
4.361306,-12.948103
11.209546,-12.602191
8.040617,-6.574700
1.354856,-14.672211
20.874790,5.427446
11.209003,-13.094818
19.458780,14.198880
10.100739,14.895512
3.377402,-6.120348
-0.988366,-6.582009
1.397078,8.453724
11.134134,-12.879471
-7.047016,4.738221
16.561836,-10.376029
4.307122,-13.004632
6.335208,20.013262
16.503096,10.380867
1.356613,8.364512
-1.551481,-9.186229
1.708949,16.465187
-0.499042,8.623091
2.347397,15.348693
11.215009,-12.682117
-2.766934,-1.590323
13.702786,-8.312176
16.998827,10.735740
2.522586,12.283749
10.573323,-12.593578
17.378881,10.794683
17.319996,5.542273
11.815207,10.623401
16.548115,-10.386642
-5.964611,6.531899
8.034057,-6.575477
1.413514,8.433954
1.356493,-14.688803
10.028254,14.864919
0.234707,-11.177780
19.104048,10.675343
16.702639,-10.320555
13.713683,-8.342816
1.431151,8.442964
13.745179,-8.284784
1.432848,8.445029
11.255989,-12.633682
-3.082077,-5.343470
-6.808671,-3.220645
15.030114,-6.918812
9.626101,10.190723
1.700055,16.474485
17.419615,10.719254
-6.963107,4.654525
1.685042,16.491211
16.880278,4.278641
3.449328,-6.169951
2.040447,-11.965005
17.085737,-10.189878
1.688695,-9.346164
14.907674,8.941330
18.812504,5.488927
2.468133,-7.639068
1.356464,-14.670751
3.233031,10.344921
3.039422,-4.841890
13.435285,-8.584924
13.717406,-8.305884
13.598630,-8.298147
1.422451,8.443382
0.238152,-11.174299
8.041687,-6.574671
1.720814,16.455177
16.726576,-10.219090
16.852144,4.234389
13.584026,-8.347707
4.416732,-0.611535
6.062716,-5.712392
-3.060286,12.551337
2.020828,-11.953751
2.525105,12.289001
-5.650223,10.622918
10.811758,-13.162528
1.909793,-14.151588
2.075932,-4.341149
-0.231795,6.377435
1.880668,-9.608181
2.473536,-7.643116
-3.268495,7.937054
11.208379,-13.027423
11.125463,-13.138165
11.750030,14.187965
-3.055108,12.555543
-7.886668,0.538656
15.027151,-6.917434
10.923436,-13.219110
10.370476,-2.992428
11.777136,13.853783
10.636534,-13.214426
22.441547,4.979330
14.975694,8.889503
11.015633,-12.982760
13.537024,-8.395187
14.935835,8.913890
1.348539,-1.330387
16.880943,4.245378
8.051311,10.444466
-7.902465,0.532031
-1.554152,-9.453854
11.525950,13.996095
14.963514,8.897372
-1.915230,2.788384
4.398972,-0.610638
18.848024,5.446805
-7.380263,0.646899
2.037849,-12.010462
-6.868066,4.561144
9.587543,13.258896
16.908533,-10.033536
1.632027,-9.368999
4.355358,-12.931951
1.609538,-0.974755
16.561646,0.272181
-4.029774,12.062084
11.699066,14.183096
-1.576587,-9.528186
6.733419,-15.534228
10.377171,-2.985715
-1.527206,-9.388484
9.542980,12.198778
10.376457,-2.987331
-3.055598,12.554989
-3.917426,-3.775220
8.071717,-6.609715
-0.529400,10.127971
2.485482,-7.647303
-0.412696,13.031191
3.917920,14.538176
16.481470,4.186456
10.002114,12.143439
10.390256,-2.972819
6.334806,20.012554
14.533092,9.103997
15.619296,-12.249978
10.970321,-12.896010
10.292101,6.795753
2.493700,7.994896
5.464253,8.560410
1.648217,-9.439878
1.476105,8.397218
10.513196,-12.608189
11.683791,14.126260
10.960583,-12.762265
17.024117,-10.062832
10.050959,14.888015
10.796542,-13.022557
9.533039,12.192002
4.354831,-12.955315
-1.695526,-9.312967
-3.082247,-5.339466
-6.912602,4.604520
-7.894101,0.531018
9.098632,16.548502
8.774474,-8.000270
11.728149,14.201065
9.557275,13.287328
11.813601,10.622207
-3.264256,7.920230
2.464570,-7.636106
3.397721,-6.140700
13.580844,-8.357140
-7.393960,0.643896
16.859049,4.241172
1.721789,16.448381
-1.694820,-9.282079
-5.727411,10.557601
2.161869,-12.087228
11.085305,-12.591163
5.342358,8.501192
1.349956,-14.690860
11.090948,8.625196
17.101692,-10.034543
6.315143,8.937486
-3.917254,-3.774574
2.619895,7.387319
11.567927,13.922327
1.770475,-9.538605
17.404438,-10.556433
10.034615,12.183818
5.361451,8.523683
16.852512,-10.237506
11.441828,9.463404
16.823145,4.258191
13.560785,-8.368154
16.632452,10.414629
2.620956,7.373286
-6.779157,4.492493
5.486264,-2.975382
11.534838,8.170812
1.717686,-9.582762
1.478321,8.403002
2.530064,12.287126
10.035679,11.086289
10.301974,-13.002728
-1.544949,-9.429267
7.506007,18.042557
17.022102,-10.021569
17.108999,1.995062
-6.826981,-3.210496
-1.707809,-9.561337
-7.007578,4.695460
17.167000,-10.743992
16.825417,4.266872
11.433081,9.485372
-7.885639,0.531286
1.082964,-1.182972
17.401741,-10.565166
18.868803,9.893431
-6.854792,4.629245
1.891513,-9.598338
1.373720,8.387570
1.994896,-4.387943
-1.599612,-9.538745
1.717184,16.458874
11.252588,-12.679029
11.231687,-12.687922
17.286369,-7.137859
-6.686812,-3.466066
-1.423491,-9.272799
10.936278,-13.210781
1.081342,-1.181257
10.204326,9.507236
13.718056,-8.305409
11.713284,14.147064
-1.702798,-9.408309
11.190503,-12.989749
-6.792779,4.493805
1.767328,16.392046
16.961212,-10.469516
-0.530070,10.132995
1.350113,-14.685435
17.346413,-10.556934
1.623966,-9.251598
11.716666,14.173560
1.807149,-9.551462
10.966088,-12.640062
10.955562,-12.699289
-3.051717,-5.259854
-3.586929,-0.256413
-6.945342,4.636341
-1.059091,13.334519
15.597941,-12.269775
8.778920,-8.014805
9.980844,16.974436
-0.978886,-6.586148
11.091272,8.621376
-1.571628,-9.547955
-1.434572,-9.569150
17.278126,-7.129481
-6.827365,-3.213369
5.536095,18.235113
2.483813,-7.644532
2.384388,13.926363
10.028768,16.563824
0.236924,-11.169795
2.142462,-12.060198
-1.066711,13.342976
16.819811,4.272771
17.449999,-10.716317
1.766508,-9.612867
-1.596787,-9.534572
4.358716,-12.949541
-2.560572,-3.331593
-1.490507,-9.165364
10.558591,-12.773604
16.827703,4.270400
17.088572,-10.184138
14.964572,8.897240
17.122925,10.448976
11.478571,13.966514
5.463874,8.561092
22.437635,4.977277
11.110311,-13.027364
10.925134,-12.563160
6.753679,-15.546637
-6.933933,4.660941
1.049480,-1.159887
1.975667,-4.419178
13.433216,-8.585207
2.981878,1.752007
3.354915,-6.105608
6.306860,9.508700
-3.080664,-5.340591
17.098707,-10.173163
17.060209,-10.093562
10.047764,11.102902
8.755971,-7.982193
17.096579,-10.215749
1.593636,8.539287
17.097885,-10.683955
10.932971,-12.544501
1.587596,-9.291303
10.201963,-12.935137
-2.771093,-1.593284
13.347747,-8.666143
11.021268,-13.077767
1.307737,-14.732296
10.133739,-13.015380
-3.043990,-5.306367
-3.919179,-3.776991
17.846012,14.448310
17.452885,-10.554537
7.549459,17.002398
15.668879,-12.174015
-6.828551,-3.205121
-5.657125,10.617346
1.859882,-9.607491
17.317913,5.542088
8.785145,-8.013888
-7.851890,0.493156
11.635698,14.091142
3.643608,-6.286277
3.517847,-6.225149
-7.393495,0.643879
1.635725,8.577082
-3.237164,8.143530
1.699115,-9.506021
-7.878905,0.534059
17.309038,5.536386
11.896782,13.802394
-1.385206,-9.305677
16.592299,-10.397095
17.090984,-10.164011
16.617373,-10.405581
13.752311,16.232134
14.963797,8.897727
10.106438,-12.984370
-2.992222,0.410407
15.683846,-12.156702
10.082200,14.902069
17.008663,-10.010650
1.715843,16.456812
17.221560,-10.729748
-7.039792,4.733898
-4.161496,-2.047072
17.247931,-7.109932
7.936151,-6.477695
-3.057368,-5.315792
5.124125,17.827824
-0.378070,10.990024
17.298431,-10.711476
17.817879,-5.878637
-6.805784,-3.234943
-3.585203,-0.257794
-0.953289,-6.611573
10.492884,-12.606963
7.060232,1.088015
17.433699,-10.578162
1.711543,-9.571799
-3.536655,10.208784
-1.465451,-9.226090
17.187038,-10.615728
17.389359,10.780981
1.780313,-9.541727
10.928419,-12.561701
10.842143,-13.204977
-1.154174,16.189270
17.040815,-10.070069
6.885114,8.006757
1.357906,-14.664287
14.650166,9.043874
4.199100,-13.112670
11.851874,13.808603
13.556065,-8.377667
-6.770387,4.480533
13.427201,-8.579193
1.101511,-1.178014
-6.506460,-3.693266
-6.787678,4.502868
17.631773,14.852884
10.965745,-12.567583
8.783017,-8.008391
-6.864387,4.556995
1.541861,8.470499
15.601777,-12.267609
1.746343,16.390696
1.550053,8.455108
-6.805817,-3.232364
-7.408252,0.635008
17.299269,-10.422064
10.039456,11.085742
16.643385,11.529649
-3.512293,10.242524
22.444599,4.983103
18.853016,5.442280
17.277237,-10.553313
6.057627,-5.722054
16.909779,10.991283
10.268754,-12.909019
-5.865201,6.441916
16.876055,11.004863
-6.805804,4.497577
14.943232,8.907092
11.151198,-13.140076
1.994528,-4.394602
17.847225,14.450727
12.801119,-8.799931
1.980466,-4.413682
2.040470,-11.980309
17.056883,-10.689682
7.499940,18.070620
11.123240,-13.136703
2.093355,1.810179
1.992652,-4.404928
1.059961,-1.164004
10.889036,-13.192000
17.089874,-10.245189
-7.064938,4.754507
9.989395,16.949753
10.275183,-12.985569
-3.267199,7.905120
10.061963,-3.525681
1.565768,-1.045054
-7.041392,4.734262
-1.593771,-9.534098
18.810972,5.488238
10.347256,-3.016018
2.983347,1.752498
3.561273,-6.360829
4.381217,-13.047981
-6.853839,4.546525
17.012764,-9.972690
11.040861,-13.214826
1.330593,-1.297953
-2.993552,-5.255276
15.619026,-12.251031
17.609503,14.876324
2.000516,-4.389135
2.115633,-12.035688
16.063026,10.690889
20.897087,5.412464
10.354635,-13.029922
-6.785842,-3.263108
1.060115,-1.170881
1.670435,-9.352042
11.033287,-13.268757
1.693765,-9.453565
1.105462,-1.199118
-2.593170,-3.317240
-3.584990,-0.255178
1.715441,16.455339
-1.599145,-9.581408
8.772274,-8.005467
3.575568,-6.374427
13.610519,-8.367074
-1.620614,-9.573121
2.532780,7.996259
17.052660,-9.995365
-6.882494,4.572734
4.163844,-7.247808
1.555460,-9.322043
13.632835,-8.353564
-1.680237,-9.493986
-6.855447,4.547875
8.004663,-6.542934
16.830694,4.269756
-6.923960,4.617347
11.772072,14.202472
-1.574457,-9.513059
-7.026531,4.713104
15.023067,-6.917377
2.480307,12.245850
4.279965,-13.041346
17.627554,14.862294
4.918023,1.289049
11.744960,14.136260
12.890666,5.194506
1.843491,-9.573308
-7.898029,0.527433
11.768840,14.184587
1.465180,8.424540
11.156818,-13.128840
1.657358,-9.407482
-7.055446,4.743222
-1.161813,16.194098
1.659386,-9.451001
10.362760,-2.998143
1.658491,-9.466113
6.223222,9.390559
6.230964,9.408092
17.400223,13.263809
-2.345942,15.754534
6.738878,-15.540782
2.526890,12.290437
-1.650631,-9.564330
10.682289,-12.965593
17.037504,-10.371185
10.318693,-3.037158
10.963099,-12.652210
1.780239,-9.551123
16.841301,4.262888
17.058746,-9.967085
2.133338,-12.042394
17.071623,-10.045856
-1.916592,2.788789
10.187702,6.882494
-3.512267,10.226396
10.314993,-3.042372
10.782208,-12.950787
11.157467,-13.121596
10.838758,-13.176966
-5.895146,6.463686
9.506317,13.310991
10.827323,-13.015579
1.720394,16.448044
17.281342,-7.134396
2.144856,-12.070222
17.072950,-10.200627
17.071758,-10.172226
6.020232,-5.748700
11.155414,-12.576686
17.063429,-9.978161
14.646498,9.053750
12.778288,-8.815992
1.889975,-9.610682
-7.057346,4.746602
6.757075,-15.569168
-5.907215,6.475879
13.621757,-8.317804
10.910667,-13.216712
10.813749,-13.070535
-3.024529,12.564657
1.355671,-14.668424
8.785280,-8.012983
2.063012,-11.983659
-1.463878,-9.390473
11.142815,-12.824921
-7.031248,4.719726
-1.585563,-9.513988
-1.490878,-9.415475
10.816691,-13.004358
17.013781,-10.019016
10.069514,-3.505891
-7.026510,4.718539
17.021349,-9.980886
-7.896771,0.529423
17.086969,-10.150842
-3.588047,-0.256660
17.626883,14.865795
-7.008836,4.697125
8.057160,-6.591656
-1.920235,2.792477
-0.499537,8.625327
-0.965202,-6.600611
11.160613,-13.123555
-7.582432,2.330525
17.047432,-10.010406
-6.842167,4.537035
1.802454,-9.542795
1.455418,8.454563
17.050798,-9.988042
0.287475,5.790682
-3.074472,-5.333675
16.584156,-10.424667
1.626172,-9.364282
17.051281,-10.213937
11.812109,10.619614
-0.470798,10.019106
1.588661,-9.352670
11.792298,14.182249
-3.075831,-5.334449
17.113745,-10.198988
-3.009412,12.599689
14.976086,8.896502
17.100637,-10.319402
16.592104,11.505206
9.990072,16.978477
4.327984,-12.994718
10.946095,-13.231482
17.042654,-10.003128
11.159979,-13.037512
10.059956,-3.521380
2.000935,-4.393340
11.613229,13.956904
-2.732286,-1.512287
5.142465,17.850157
17.231867,-7.071999
-7.912346,0.536142
3.569971,-6.333333
-1.117223,5.168783
-2.763495,-1.588207
13.494065,-8.441647
10.309082,-3.049724
17.370213,10.770618
5.616205,8.685063
17.101336,-10.166285
8.750901,-7.978236
2.145125,-12.080897
18.867861,9.892656
1.082366,-1.175904
3.969921,2.159505
8.066018,-6.609804
8.753548,-8.030930
-7.399051,0.640229
11.102308,-12.559295
10.188270,-13.064939
16.851568,4.256869
11.024915,-13.173257
-0.387523,13.007014
3.556089,-6.291487
16.111692,10.659448
5.541815,18.235588
11.074477,-13.142786
17.621641,14.869356
17.631832,14.870521
2.106048,-12.048714
10.616243,-13.224067
9.509381,13.308527
-1.723796,-9.430469
10.853967,-13.136535
2.478021,-7.648373
-3.074224,-5.331507
-0.956517,-6.608991
-3.305648,7.926199
1.485883,8.388726
4.329554,-0.324077
3.896517,14.520550
17.233967,-7.091667
9.529520,13.286600
2.266521,13.935772
16.849854,4.240933
1.844402,-9.598915
16.923344,-10.506967
-7.917952,0.534461
-0.262085,6.368608
-7.912455,0.534589
7.145360,1.046660
17.055286,-10.034439
-2.966349,0.440572
10.789299,-13.219868
17.381628,-10.643187
15.026501,-6.917831
17.085815,-10.275506
9.985733,16.970064
11.021784,-13.211871
11.807726,14.032676
10.924448,-13.233033
10.811599,-13.038278
-0.410634,13.028583
3.478778,-9.393516
11.061044,-12.574544
-0.495342,8.622824
16.652544,-10.379287
13.514085,-8.425390
2.282797,13.989753
11.764018,14.187688
1.699124,-9.485521
11.684888,13.976573
1.780910,16.371307
1.460468,8.403442
2.527724,12.289927
11.107788,-12.681436
10.834560,-12.957927
10.761553,-12.875024
17.444044,-10.606667
1.704522,16.465815
10.548019,-13.232794
18.872389,9.892512
-5.911322,6.477656
20.876337,5.427198
-7.097566,4.788631
3.885318,14.507752
3.558653,-6.275472
11.177047,-13.140554
12.798292,-8.808136
-7.002297,4.695492
16.523691,11.307135
10.632526,-13.233555
1.711282,-9.616871
9.986222,16.968216
-6.956986,4.644660
15.381209,5.669178
1.658712,-9.458353
3.215867,10.370194
11.875588,13.985796
1.856754,-9.595266
17.315594,-10.416330
2.527519,12.288847
-1.496497,-9.143670
-1.062538,13.332468
5.526545,-2.988635
17.038441,-10.000400
11.464297,17.069338
11.749341,13.961165
17.346220,-10.688354
1.471246,8.387118
17.029972,-10.047385
16.864971,11.016635
2.477876,-7.648174
-0.409409,13.031878
-1.496216,-9.144343
12.807143,-8.799889
4.188414,-13.121864
-3.921259,-3.777669
13.757315,16.231422
-7.893624,0.527677
16.838911,4.259988
-5.978421,6.543714
17.231913,-10.436637
9.103200,16.553871
-0.412396,13.035652
1.470279,8.381292
4.395076,-0.615329
11.800644,10.608621
-6.738692,4.445731
16.978493,-10.209997
-7.945202,0.568707
10.310237,-3.050998
3.234617,10.338881
-3.490177,10.221047
1.780906,-9.555674
-2.964078,0.443293
17.537689,-11.110400
11.652277,13.987811
16.742661,-10.525299
20.910675,5.395016
-0.407686,13.027914
11.549006,13.885636
1.078848,-1.178363
1.997433,-4.400902
17.103168,-10.184378
1.405881,8.406709
4.198321,-13.103258
17.040932,-10.019906
13.646999,-8.319244
17.111946,-10.001903
17.637985,14.847712
2.526593,12.289887
2.503078,12.265687
-7.007630,4.695691
12.811118,17.855261
13.618690,-8.315995
10.745158,-13.001184
17.015114,-10.227235
16.775148,-10.488976
10.141088,-13.064188
2.054906,-11.997073
-7.079638,4.771421
4.306180,-13.015921
10.883549,-13.166703
16.839657,4.280851
17.395840,-10.618358
5.576795,18.276936
10.323691,6.769248
13.405525,-8.612995
-6.833809,4.545704
10.662490,-13.211401
10.759360,-12.574233
1.744802,-9.523740
-6.997328,4.692251
4.250571,-13.046638
10.184930,-13.060374
17.407751,-10.578917
17.284788,-7.142864
10.391224,-13.084349
1.991627,-4.405570
11.164952,-12.721255
11.140706,-12.716497
1.756001,-9.578178
1.569749,8.508657
-1.672693,-9.259898
-7.053627,4.746042
-7.940318,0.535427
15.585899,-12.258150
10.844535,-13.207210
17.046032,-10.018229
-7.035245,4.728648
1.766721,-9.552632
4.188174,-13.120374
17.383101,-10.582282
-6.860493,4.554947
11.752797,14.182268
1.355121,-14.684327
10.675137,-12.564173
14.930707,8.913350
14.985760,8.885308
10.263821,-3.098557
2.000626,-4.397369
-3.067540,-5.329867
-3.048883,12.561275
17.113506,1.990246
-5.890731,6.459980
10.131947,-13.054968
1.102502,-1.198381
1.666487,-9.555426
13.558428,-8.395992
-6.841735,-3.196146
-6.822703,-3.215172
17.089516,-10.067845
0.237213,-11.174988
-1.549158,-9.513763
8.770579,-8.003926
4.176584,-13.131465
20.169664,8.374871
11.779498,13.928155
-6.788142,4.488124
-1.909633,2.791435
6.016315,-5.752270
6.969028,2.439478
-1.565168,-9.509913
17.619396,14.870194
2.036584,-12.031373
7.146222,1.049293
16.632748,11.546333
10.276967,-3.087558
11.738499,14.167296
17.074902,-10.299109
10.420551,-13.067256
22.449886,4.990126
4.424531,-0.619466
6.777356,-15.572361
1.752227,16.423517
-2.957534,0.447851
3.600555,-6.297550
11.833596,13.967204
-1.500598,-9.446047
17.618607,14.873334
11.731053,13.957653
15.028924,-6.919258
-0.235193,6.376657
10.427331,-13.057425
-1.535427,-9.521426
11.465307,17.073219
10.519093,-12.698320
17.118011,-10.261477
-6.881771,4.572199
-5.887365,6.456438
-5.938986,6.505863
16.638390,10.334906
1.514055,-1.125068
2.659211,7.918345
-1.471659,-9.435353
1.507015,8.425991
8.803948,-8.028504
1.865984,-9.601540
12.788167,17.801203
11.712520,14.145557
-6.896528,4.587742
11.774851,13.858144
11.772401,14.165111
5.531372,18.233673
-7.392455,0.645515
1.649214,-9.438161
6.247310,9.428251
-3.017519,10.009930
11.789645,14.226306
10.810790,-13.190495
-6.804019,-3.236862
5.474086,8.565372
-3.918169,-3.773782
-0.526164,10.130319
16.855249,4.288804
6.249275,9.424990
1.212407,4.514488
-7.915169,0.538655
-1.062009,13.335564
17.133341,-10.243141
-2.980778,0.424794
9.204332,5.639627
1.897237,-14.164911
-1.564722,-9.541399
11.765409,14.129120
8.757042,-7.983222
4.315812,-12.976803
11.838966,13.986263
-0.404292,13.026743
-1.027132,13.299067
-0.499378,8.625822
1.091184,-1.180248
5.534519,18.237295
10.780119,-13.056098
17.136955,-10.226423
-5.663562,10.610239
0.455710,9.327699
5.129620,17.841616
10.887435,-13.216133
-6.828868,-3.205912
13.646832,-8.372638
16.947115,-10.147072
-7.915692,0.539007
11.015607,-13.221645
5.538253,18.235624
2.979170,1.752018
13.680526,-8.345145
10.775872,-12.902315
-6.837458,4.528451
17.162245,-10.159430
-5.838696,6.401662
2.462044,-7.634678
9.764680,13.099537
-6.833821,-3.198694
13.359004,-8.609301
10.825234,-13.000457
17.150019,-10.194294
13.634316,-8.376746
1.966431,-4.422836
1.869861,-9.603868
15.014094,8.844163
-6.820223,-3.215414
11.111477,-13.185452
8.066953,-6.606220
-6.886416,4.577591
11.729407,14.156590
17.151823,-10.235800
2.304331,13.958081
16.831343,4.278578
-3.098528,-5.354006
17.127277,-10.207367
12.764773,17.748619
-3.085364,-5.339841
-0.128835,6.437563
17.076509,-10.328169
17.632977,14.861917
-3.045090,12.561618
17.132252,-10.104786
8.760804,-7.986833
11.802328,14.039137
11.789860,14.160490
10.793023,-13.038664
17.135172,-10.229944
16.767878,-10.231659
17.070370,10.424853
17.319616,5.544680
-6.904694,4.595484
11.163635,-13.157071
10.778654,-13.043297
17.641489,14.824661
17.216116,-10.207648
16.957327,14.500967
9.997087,12.140671
9.501949,13.316804
17.301567,-7.158174
17.101797,-10.198150
14.960285,8.893820
10.071147,14.907794
3.537020,-6.322626
10.728584,-12.538132
16.969458,14.495272
16.841171,4.278890
4.216073,-7.316986
4.428863,-0.600555
4.424268,-0.608021
-1.454942,-9.399478
-7.912949,0.536151
7.030261,2.354595
1.832170,-9.576183
17.376471,-10.571008
1.530588,8.416328
-7.899403,0.526532
12.797635,-8.807051
17.599606,14.842413
-1.160031,5.120053
8.054811,-6.598559
16.814800,4.284907
5.626174,8.703947
14.958585,8.898426
1.730285,-9.447984
-0.954147,16.290583
1.535547,8.357234
1.749096,16.416712
5.449171,18.303959
11.171098,-12.587005
-1.580023,-9.561077
11.822149,14.254001
9.494224,13.315869
11.169847,-13.144435
-1.428323,-9.245112
8.047724,10.443808
5.485599,8.576950
8.054237,-6.597731
9.767260,13.097054
10.509237,-12.996417
17.243999,-10.601253
16.828920,4.258128
17.047659,-10.395856
-7.894375,0.530188
-7.894342,0.531425
16.938005,-10.143244
15.620923,-12.253700
4.365846,-12.943410
17.185230,-10.175061
11.664188,14.109622
13.345634,-8.658747
11.169971,-12.663147
2.355371,13.923635
-1.531594,-9.475895
11.808190,9.025580
10.897185,-13.212257
17.586002,-11.009773
17.124956,-10.248827
17.374031,-10.540009
17.196367,-10.236403
11.792483,14.186211
8.444273,-7.718845
14.500041,10.836514
1.602501,-9.342708
-7.883775,0.529033
-1.413041,-9.333375
10.754896,-13.064617
4.038230,14.647243
17.424059,13.288136
20.904776,5.405948
-5.924341,6.492007
-6.740953,4.451689
9.973351,16.962580
2.459624,-7.632998
-3.011713,10.006160
3.513588,-9.365486
1.653639,-9.406687
1.733240,16.445251
12.518313,-7.079651
-2.968890,0.433349
9.594598,10.235273
16.986437,-9.989699
-3.049220,12.561229
16.601915,-10.394193
1.496264,8.433409
11.795421,8.997644
8.040533,10.428568
11.166767,-13.138631
1.546925,-1.049202
4.335413,-12.969022
3.400718,-6.149494
13.700032,-8.370121
1.361168,-14.667171
11.131885,-13.178024
11.028435,-13.223525
2.471177,-7.643215
10.079962,14.904965
2.109336,-12.056327
17.198349,11.184370
6.334997,20.012693
10.139332,-12.995020
4.403551,-0.612284
6.334986,20.012880
1.709100,-9.552837
3.431857,-6.177291
10.772142,-13.134722
11.789566,9.004869
-1.557524,-9.503345
-1.159173,5.120954
17.219030,-10.808080
5.453953,8.551048
-1.416828,-9.304816
11.178066,-13.027359
1.953369,-11.914384
16.469027,4.184555
9.982336,16.975033
11.796071,9.001512
10.320003,6.772847
-1.475067,-9.429753
8.030985,10.424168
2.463789,-7.636405
10.642464,-13.234371
9.562502,12.161171
11.177423,-13.169843
3.558330,-6.324756
-4.029680,12.061835
11.715522,14.160153
-6.845158,-3.188188
2.005826,-4.388774
3.465252,-6.196088
17.156054,-10.168147
7.988760,-6.518422
8.070376,-6.571391
-3.016943,10.009183
7.029668,2.343929
1.364007,-14.690959
1.556332,-9.540446
1.815609,16.347080
8.774940,-8.005647
19.458696,14.199021
10.061399,14.893991
-5.654855,10.618421
11.184526,-13.136168
11.689423,14.146362
18.846600,5.448358
-5.918030,6.484828
10.908480,-13.207289
7.534719,17.769760
17.034761,-9.995731
3.220171,10.317548
-3.087355,10.043610
20.891859,5.419732
-0.480625,10.038364
-0.420633,13.034877
-6.929440,4.620149
4.415233,-0.573400
11.806508,14.200307
-7.033512,4.726611
17.202681,-10.298753
1.539053,-9.315765
0.978784,-1.105999
8.026255,-6.564632
2.519759,12.278747
-1.424899,-9.347568
16.821724,11.203768
20.911070,5.400375
-0.240630,6.372561
10.049685,11.103747
2.503737,7.997004
1.656678,-9.420932
-7.394045,0.644300
-1.452162,-9.408617
5.465590,18.152273
8.044865,-6.573943
-0.498031,8.623830
-0.948666,-6.616728
-3.158451,10.081905
-2.749191,-1.571122
11.581013,13.902805
-2.962524,0.445117
2.091320,-12.026522
-7.056859,4.744528
-6.832863,-3.204082
3.416702,-6.154036
-1.309024,-9.198541
5.537565,18.237921
17.182217,-10.781191
-3.442127,10.178402
1.682709,-0.914159
17.341265,-10.422886
-3.495620,10.237167
11.618253,13.907346
-6.812541,4.523902
8.087516,-6.635945
-2.768815,-1.591639
16.790010,11.230132
10.855108,-12.566961
14.967546,8.893940
-4.030872,12.059201
-1.536484,-9.526154
10.659163,-13.204295
10.170861,-3.168164
15.025449,-6.917399
16.848867,4.241916
-1.440892,-9.357672
2.044828,-4.355884
-1.058289,13.324015
7.429258,15.537870
9.101849,16.556255
13.706143,-8.318688
-3.584666,-0.258054
3.408849,-6.154881
-2.172503,-5.853454
0.235112,-11.177214
-2.699523,15.498099
11.783836,13.972067
17.215353,-10.356971
1.596697,-9.418242
6.753056,-15.552710
-3.038032,12.570561
17.014215,-10.415427
12.359133,17.581989
1.776830,16.377317
17.427465,-10.590393
17.088066,-10.196198
17.135372,-10.506627
13.352011,-8.647573
17.230175,-10.792001
10.360755,-13.030762
10.380376,-13.055437
10.112147,-13.061300
11.770047,14.178408
17.141645,-10.205746
8.084553,-6.619266
14.950647,8.894691
10.517481,-12.737881
17.245153,-10.406437
17.387838,-10.547407
17.417971,-10.446980
-6.890078,4.580003
11.820800,14.080173
-1.838435,2.801694
-1.381665,-9.334538
1.992507,-4.399199
4.314076,-12.975479
10.494914,-13.159512
12.762631,17.762459
11.849711,13.861483
2.070215,-12.007499
4.161213,-13.147631
16.538393,10.462718
-1.448204,-9.394901
-2.586147,-3.324620
13.667423,-8.350787
1.777150,-9.576640
-6.837483,4.529367
6.752004,-15.550816
10.141471,-13.036321
10.688293,-12.760028
5.778798,8.628823
17.151947,-10.172692
-0.437844,9.955814
15.657193,-12.212026
10.509623,-13.168251
-1.704720,-9.278300
8.765589,-7.991220
17.210428,-10.455552
-6.881126,4.573760
8.042078,-6.572165
17.469471,-10.561380
11.813889,14.125061
11.607379,13.906129
1.754790,16.420935
1.035168,-1.143161
11.080348,-12.704546
1.041159,-1.156018
15.626835,-12.246758
6.034166,-5.732123
17.524920,-10.842917
1.722982,16.458174
-6.835571,-3.201904
3.547278,-6.265395
-1.364906,-9.299998
17.469564,-10.718201
17.130320,-10.296992
10.311129,-12.932510
3.487355,-6.209499
2.029565,-11.966867
17.156343,-10.078627
2.976400,1.755385
-1.404866,-9.311508
17.141205,-10.245478
0.575184,9.412303
2.010661,-4.383654
-6.808891,4.505652
4.419717,-0.615194
-6.799084,4.494526
9.514038,13.308231
4.136015,-13.175110
1.682079,-9.477845
10.917144,-12.593037
2.315617,13.964398
16.561985,0.272971
10.501080,-13.060453
1.458148,8.446363
0.284262,5.787228
1.939711,-9.693036
2.066396,-12.041902
10.425054,-13.097075
1.993329,-4.400080
11.783895,13.839621
17.246712,-10.414166
-6.887874,4.585502
-1.107700,5.605422
16.835924,4.279027
1.719726,-9.539763
-7.882352,0.536143
2.590787,-7.722891
2.465286,8.027040
3.507199,-9.362246
8.778111,-8.005069
11.728209,14.154481
11.793250,9.007889
17.251886,-10.485299
9.591636,10.247306
13.388231,-8.622763
10.313187,-13.031980
3.446615,-6.188680
1.767168,16.413681
1.307741,-14.726049
17.341354,-10.524696
1.598056,-14.471141
1.652433,-9.421178
1.702927,-9.518457
1.567126,-9.241198
17.375576,-10.355193
10.232592,-3.126576
12.518570,-7.079503
1.054727,-1.158702
-3.059036,12.552363
11.876427,13.875106
-6.833828,4.533727
15.620019,-12.254241
5.554006,18.243105
10.915790,-13.213926
10.562971,-13.128242
-3.311408,7.921772
-3.031214,10.020349
3.961543,2.159195
17.048994,-10.069775
3.369318,-6.117092
8.024136,-6.559518
14.958550,8.899644
14.959087,8.892388
-4.127990,-2.015757
-2.173414,-5.855647
-7.875715,0.536717
16.837519,4.270857
1.664457,-9.501960
17.390436,-10.501178
-2.950631,0.456628
10.883304,-12.970177
1.598424,8.524883
4.246737,-13.052296
17.055807,-10.645158
7.037517,1.099667
18.846046,5.451097
8.778870,-8.007501
10.941025,-12.667239
13.687768,-8.335311
10.283113,-12.905967
-4.123250,-2.002000
-6.820915,-3.216837
1.326500,-1.265482
7.547885,17.003185
-3.592100,-0.255982
1.575213,-9.303704
9.983917,16.971937
8.311570,10.324369
-6.946139,4.640670
3.494518,-6.233389
6.727139,-15.527027
-3.915447,-3.774770
3.232723,10.438134
-1.437324,-9.431249
11.829655,14.114583
1.651234,-9.434756
1.644703,-9.448030
20.161844,8.342708
-6.896368,4.591792
2.466209,-7.611241
-1.709399,-9.315668
-0.496225,8.629459
1.452255,8.419879
1.303139,-14.730962
9.169568,5.636373
8.784820,-8.010373
10.024384,14.865121
2.299502,13.976635
1.702281,16.473658
12.764821,17.779024
0.235564,-11.176241
-1.673157,-9.259163
16.849144,4.269637
-0.378496,10.991188
14.977582,8.886343
1.546343,8.455508
11.553323,13.901212
-1.606060,-9.493886
3.225766,10.357467
1.649800,-9.414154
11.143716,-12.949528
16.445660,4.174045
11.660378,13.995806
11.124159,-12.581566
10.540885,-12.617982
0.561280,7.900016
1.328036,-1.266296
-7.004225,4.697971
1.452972,8.445387
2.622867,7.391292
-0.427228,13.043652
16.819366,4.263542
-3.488190,10.244867
1.660388,-9.447220
17.062784,-10.168672
0.610109,14.744637
11.531424,13.904701
8.777326,-8.007497
4.165033,-7.252166
-7.011394,4.704960
17.103531,-10.238119
-7.550268,2.341325
1.631906,-9.452759
14.979565,8.884776
8.039820,-6.567006
2.449885,-7.615510
1.723464,16.453806
2.470998,-7.636655
17.032156,-9.974860
-2.946808,0.455290
5.515873,18.252419
1.666757,-9.434796
-6.999624,4.693322
10.971817,-12.698303
11.571260,13.929277
5.535862,18.231649
2.578783,-7.712230
3.494776,-6.239713
-0.431903,13.046454
10.756594,-12.540231
11.807415,10.614665
-3.113634,8.428536
-6.899294,4.592502
11.529970,13.903475
11.463348,13.916988
2.503717,7.998707
1.708750,16.468803
-0.433348,13.049126
0.587955,9.422065
17.620359,14.879817
1.707600,16.472836
-3.064384,-5.322452
-3.079789,-5.337812
2.005843,-11.978153
-2.762222,-1.585205
15.350665,5.652236
-3.043727,12.567966
1.445721,8.430653
17.080584,-10.261159
17.231926,-7.078177
2.611296,7.400135
17.139215,-10.686644
4.932580,1.304195
-0.432200,13.046137
10.793832,-12.540443
9.984646,16.971392
11.157142,-12.715303
2.025298,-4.373823
8.775729,-8.002946
-0.531019,10.136147
-3.078988,-5.336155
-1.361998,-9.159879
8.778634,-8.005763
1.355552,-14.690928
11.161909,-12.612796
-3.072495,-5.327024
13.495582,-8.471244
4.427914,-0.643161
13.425208,-8.576505
-5.850483,6.421556
4.314565,-12.991251
16.823757,4.271341
16.803448,-10.522448
6.252272,9.435794
10.996276,-12.509005
11.802197,10.611533
13.629354,-8.339436
-5.961058,6.527586
10.548718,-13.146302
10.968739,-13.073231
-2.771192,-1.596408
16.703081,-10.512557
13.679783,-8.333362
15.345704,5.648228
4.241160,-13.069402
2.033257,-11.991647
3.129460,10.597714
-3.281005,7.922101
8.010955,-6.549708
-4.116893,-2.010958
8.030183,-6.560617
1.429935,8.393492
1.441767,8.442360
3.968272,2.164452
7.996109,-6.533461
-4.125961,-2.003743
12.823182,-8.793034
16.846764,4.244506
13.674519,-8.344713
-0.439025,13.054617
16.781944,-10.488322
-0.228155,6.378083
17.633615,14.844952
-3.055727,12.556821
10.965127,-12.609378
1.657957,16.521763
1.706625,16.471170
8.750966,-7.979021
16.703650,-10.475824
16.985332,-10.529966
13.536791,-8.390781
1.999568,-4.396746
17.270947,-10.540426
1.359464,-14.695706
4.273483,-13.028259
4.246140,-13.067709
10.352482,-3.011223
15.602471,-12.267398
4.209259,-13.098977
1.355917,-14.665478
16.749645,-10.574146
12.767708,17.777935
17.420872,-10.500843
4.297280,-13.009779
1.063074,-1.175562
8.001698,-6.520626
1.724113,16.452990
2.042568,15.825964
10.516817,-13.184075
11.820519,10.630998
10.991759,-12.802104
-3.480284,10.193075
11.055544,-12.583863
12.815690,17.852758
5.993521,-5.765824
-0.499188,8.624403
-3.535977,10.245321
8.012994,-6.544675
9.992059,16.969978
15.031365,-6.920436
6.022910,-5.750925
1.629991,-0.964641
6.892433,8.003592
11.541115,8.167334
17.151302,-10.202152
10.048788,14.883292
-6.954413,4.648808
-5.928708,6.494761
-1.507537,-9.178762
3.519885,-9.365147
-7.018644,4.703284
13.380710,-8.630467
13.635870,-8.328831
4.414703,-0.628420
9.779507,13.085421
4.275227,-13.034336
16.844929,4.274054
12.865532,-8.783603
18.126863,9.119205
17.175236,-10.263572
1.435271,8.509450
1.349755,-14.675693
2.512713,12.279720
1.672278,-9.476482
3.958474,2.160515
-1.677632,-9.260390
16.511009,10.382371
10.132244,-13.098926
17.058384,-10.271013
4.037185,14.646015
9.591243,10.232197
12.517756,-7.079768
9.987506,16.968685
-3.515594,10.217927
-1.656648,-9.496992
17.421013,-10.516783
17.251751,-7.113364
11.760960,14.150379
-3.511874,10.228786
1.879830,-9.603214
-6.999984,4.693202
14.375730,-7.292341
1.603644,-9.274633
0.591620,9.422014
-0.966826,-6.598817
10.035040,14.882413
3.545006,-6.284513
-3.054828,12.556909
-5.937224,6.503595
-5.656001,10.618102
1.594235,-9.264808
2.128336,-12.062769
8.038077,10.431402
-1.311070,-9.202084
5.530566,-7.560995
6.967860,14.139359
-2.595158,0.833989
1.762170,16.409447
2.108967,-12.048686
1.588511,-9.308272
3.569258,-6.335706
1.712355,16.465750
1.321842,-14.706734
-3.489411,10.217484
1.656628,-9.513232
7.488251,15.572229
3.429013,-6.190493
2.351731,15.344508
5.530054,18.236866
1.459756,8.409887
4.292657,-0.357794
1.426217,8.455234
-2.771398,-1.601371
17.092913,-10.589020
10.325666,6.768349
17.819241,-5.874973
10.105810,-13.045029
17.132206,-10.145375
8.053328,10.439431
1.677939,-9.511469
1.580391,-9.270902
16.723547,-10.420011
1.665160,-9.484080
1.222679,11.811936
7.028204,2.346458
17.052128,11.015617
2.506001,7.996741
13.446158,-8.496533
17.454748,-10.480969
-4.140773,-2.037595
-0.499641,8.625920
17.186253,-10.812738
-6.828303,-3.209415
6.276817,9.115432
17.021420,-10.085673
2.465744,-7.632208
11.790263,9.003319
1.634164,8.506930
4.270708,-13.037984
4.412522,-0.596925
13.421814,-8.571476
-6.792497,4.493692
10.245410,-3.103728
17.162951,10.431820
1.743554,16.425232
8.008294,-6.539340
17.312584,-7.160407
2.127954,-12.071171
-7.004757,4.698527
6.670194,-15.450464
15.031647,-6.921152
16.795717,-10.569315
13.542517,-8.380798
1.314149,-14.719975
-5.666483,10.608739
4.194262,-13.114435
17.410944,-10.583803
13.443453,-8.559267
1.774030,16.398581
14.498290,10.834946
13.337870,-8.663094
4.152716,-7.245610
3.586526,-6.280762
-3.514466,10.222864
1.754206,16.420746
-2.673059,15.524112
17.079548,-10.077479
17.430674,-10.457119
10.570627,-12.753453
1.061985,-1.161323
17.432898,-10.511579
13.653915,-8.344935
17.090534,-10.363498
-3.053131,-5.311132
4.427310,-0.613780
10.802932,-12.871068
7.999855,-6.530128
7.999408,-6.531417
5.519870,18.237553
4.211335,-13.099542
11.089090,8.627073
1.755537,16.416948
11.099174,-12.738358
1.680109,-9.476830
1.723390,16.458166
-2.172667,-5.855455
14.964531,8.897648
17.071375,-10.705391
-1.232971,16.159407
11.861771,13.898677
2.045362,-11.998075
16.509851,10.376644
2.304297,13.960058
-6.899000,4.600773
1.070579,-1.172565
10.183521,-12.938392
13.598289,-8.349695
3.559108,-6.323131
11.855351,13.937989
11.535164,13.919965
-3.302208,7.989954
-5.653096,10.621521
17.083250,-10.676258
8.034377,-6.569695
-0.236558,6.376665
4.274554,-7.399091
1.996846,-11.971673
7.027684,2.345132
1.552592,8.505082
-6.826155,4.528879
22.442125,4.979752
-0.955492,-6.610786
15.618508,-12.253861
14.960219,8.900084
2.300106,13.958873
6.754084,-15.548555
-6.834276,-3.202595
2.031899,15.848150
3.961938,2.162935
-1.333101,-9.223397
3.516435,-9.362924
9.102681,16.557236
-0.499637,8.624860
17.051392,-10.644381
-3.331212,7.942525
14.947286,8.902289
-3.057383,12.553865
8.788492,-8.015213
2.079291,-11.998222
1.473961,8.408285
6.767333,-15.563663
13.642470,-8.388544
1.558140,8.496328
2.370519,15.331282
-3.503552,10.224586
16.156906,14.309662
10.387722,-13.009239
10.961740,-13.140808
16.564322,0.271099
6.967728,-15.716155
1.613249,-0.971564
15.021457,-6.916487
2.984134,1.747086
11.850779,14.068370
17.816698,-5.879181
17.022171,-10.289513
17.224514,-7.081388
10.957187,-13.288868
-3.042915,12.569083
1.220747,4.481509
10.065606,14.903531
6.334233,20.011185
-6.689052,-3.459318
3.519959,-6.248127
2.293853,13.965051
1.982228,-4.407876
11.741626,10.543420
-3.029204,10.017324
1.686900,-9.470007
16.442772,4.175728
10.473307,-12.738369
-6.719029,4.437218
9.979790,16.947357
-3.069612,-5.317721
18.132553,9.105621
-4.143273,-2.002507
2.003930,-4.390683
-0.414448,13.034445
10.047537,14.888824
-0.425796,13.043969
1.506082,8.390738
11.687898,14.082594
-0.411351,13.049048
-6.953503,4.648383
8.030454,-6.546718
16.599318,11.487527
4.286344,-13.013983
17.132614,-10.661098
16.837471,-10.413239
1.792292,-9.563613
1.855571,-9.588603
16.818741,4.273401
15.366327,5.659706
1.507395,8.436820
10.062976,14.916261
10.196395,9.505076
11.729414,14.144750
7.149574,1.041145
1.908302,-14.152729
11.720501,14.138975
6.718652,-15.522478
2.480275,-7.649961
13.362720,-8.638149
-1.521545,-9.479218
-6.822218,-3.221799
3.043502,-4.840348
1.561787,-9.193639
11.754793,14.156396
-0.421928,13.036466
11.093776,-13.203420
11.230245,-12.676092
2.519525,12.285281
-6.799587,4.504217
-1.459830,-9.443877
7.009342,14.093832
10.932139,-12.610354
16.929241,-10.112959
12.809922,-8.799813
4.324989,-12.989409
-5.958162,6.525271
17.405991,-10.537557
4.229230,-13.081206
1.638457,-9.323169
20.164110,8.346753
-0.217431,6.378399
2.057357,-11.968546
10.708544,-12.850071
16.509142,10.376372
14.381891,-7.286334
11.866399,13.871120
17.369183,-10.550771
4.225159,-13.080988
1.703340,16.472237
18.789509,5.505345
17.057758,-9.993477
11.211759,-12.601829
5.539392,18.237345
12.800715,-8.804117
16.678976,-10.494090
2.487777,8.010609
12.836314,17.876709
11.786983,8.996749
20.183998,8.392149
8.049831,-6.589240
4.265609,-0.379934
16.565514,-10.390548
11.017321,-13.161551
6.754025,-15.554265
1.710278,16.466366
10.843133,-13.184930
16.974302,-10.079508
19.498646,-7.643892
16.831547,4.272937
6.031034,-5.745044
9.562631,13.258707
10.870898,-12.825933
11.058925,-12.597212
11.152248,-12.606758
1.720486,16.453127
4.274374,-13.039885
13.671350,-8.246035
17.624430,14.866503
6.334653,20.012735
13.734625,-8.286359
1.522617,8.428310
11.215286,-12.762118
-0.425628,13.038215
4.365736,-12.944205
12.788840,-8.808337
3.464980,-6.205695
-1.762499,-9.376864
17.072212,-10.060305
10.300038,-3.050686
1.325951,-14.708583
1.359897,-14.676690
-7.070509,4.761407
9.531456,12.185243
13.343151,-8.663810
11.894770,13.802650
4.201037,-7.274837
2.043873,-12.007928
17.626143,14.866861
10.987215,-13.190049
11.790286,14.147202
7.029769,2.339970
-1.662283,-9.491182
-3.585287,-0.258073
11.215980,-12.620929
6.742117,-15.540136
-2.767876,-1.590365
10.512821,-12.618900
1.603263,-9.204107
2.039620,-12.025249
20.894411,5.415470
16.821917,4.278008
11.803439,10.613263
10.964869,-12.606314
13.744794,-8.283612
14.957974,8.895515
10.443498,-13.161022
3.935046,-4.008743
-7.874941,0.536326
3.563968,-6.426753
17.621506,14.865290
17.247314,-10.575499
-1.506432,-9.412935
10.057292,11.067916
18.843414,5.451219
2.449771,-7.618777
0.560653,7.896689
1.715202,-9.512782
-2.762372,-1.586468
4.161507,-7.240201
10.817581,-12.875006
16.822075,-10.189518
-2.586907,-3.325841
1.350563,-14.680158
6.712608,-15.520993
17.104996,1.989741
14.378448,-7.290113
16.792780,4.305778
10.983754,-13.166682
11.879134,13.781083
2.620860,7.382521
-5.653089,10.621183
1.626517,-9.358640
2.354517,15.347354
11.766311,14.153434
14.985362,8.883770
13.660175,-8.315990
16.704527,-10.556764
-5.669210,10.607072
10.875509,-12.987889
11.002955,-13.208345
2.331256,13.928290
16.986750,-10.415370
2.468526,-7.639262
-0.497365,8.621010
17.070803,-10.242577
2.482383,8.029086
-3.508154,10.222844
1.448209,8.410825
10.257610,-12.911517
10.845856,-12.913309
13.776903,-8.255629
-6.866130,4.558325
2.128528,-12.059323
-1.398854,-9.259310
10.298866,-12.950924
10.917540,-13.223367
18.845537,5.450534
18.837433,5.458555
17.105789,-10.183976
0.240890,-11.170405
10.338405,-13.119875
3.448380,-6.185053
-1.463688,-9.332553
3.558107,-6.265479
23.115398,0.967242
1.766269,16.407757
16.855074,4.239688
-0.410969,13.034242
11.809590,10.621805
13.669972,-8.310525
-3.475135,10.239159
10.117040,-13.040022
9.984111,16.972433
13.360907,-8.645156
6.752952,-15.551857
-3.080613,-5.336077
16.898830,4.246430
-3.064023,-5.322879
-2.640081,0.786580
0.249769,-11.168305
-1.387830,-9.317598
14.376801,-7.293934
14.982341,8.887360
-2.174662,-5.860214
10.327030,-12.967565
-7.072890,4.763598
10.928616,-13.210724
6.736399,-15.532695
1.688257,-9.436112
-0.874851,-6.659834
13.369321,-8.636983
10.756089,-12.917187
10.383018,-2.979522
1.065464,-1.171664
20.905993,5.407166
3.747170,-6.460867
2.153392,-12.100071
11.864170,14.158039
13.329904,-8.678231
17.621458,14.866409
2.621682,7.381170
6.243330,9.418107
3.354759,-6.113241
-1.717654,-9.432804
5.117598,17.819027
11.916913,13.821198
8.050194,10.408211
3.510418,-9.362137
16.673252,-10.505833
-3.483217,10.202821
10.951478,-13.094333
13.419226,-8.594845
4.147002,-7.230610
0.236775,-11.171974
1.104257,-1.137723
7.168269,1.021716
10.839870,-13.160627
16.803320,4.303556
2.043530,-11.995086
-0.953015,-6.612598
10.287197,-3.076173
17.296412,-7.154871
1.918451,-14.142748
10.958481,-13.177083
-3.045631,-5.307101
1.646294,-9.509270
9.137300,16.588799
10.512095,9.949441
-1.447464,-9.144581
10.836958,-13.203072
17.583076,-11.038115
10.530067,-13.251299
10.596775,-13.231903
-7.887577,0.530341
1.590893,8.489169
6.770448,-15.568876
4.413324,-0.618727
14.992126,8.882000
1.088652,-1.179452
-1.403101,-9.122153
18.869993,9.893984
-0.405795,13.031994
-5.994581,6.562594
3.244803,10.337907
2.268525,-4.984643
10.357449,-12.773856
3.631152,-6.381959
16.858339,11.005781
2.003375,-11.974830
-5.965352,6.532191
17.140593,-10.765404
17.134493,-10.693030
1.856160,16.320246
16.597183,11.496915
4.938320,1.307932
4.173110,-13.138079
16.991392,-10.697834
14.959823,8.899055
-3.490701,10.233920
2.118594,-12.063354
8.020640,10.409742
18.848957,5.447129
10.315109,-13.117290
17.136803,-10.106756
10.030244,16.589960
10.288014,-13.102002
1.498444,8.422074
1.733769,-9.613516
17.121599,-10.163170
9.099668,16.553280
3.041892,-4.839516
-2.808779,12.797219
1.852381,16.310108
1.355316,-14.677639
15.026490,-6.917843
-3.287433,7.956016
-5.610714,10.661728
9.989097,16.981432
16.851049,-10.623799
20.890722,5.413857
-0.498811,8.624492
14.370976,-7.296414
-3.519420,10.228925
3.422848,-6.169043
-3.485079,10.214633
-6.975690,4.670421
1.847602,16.288118
1.471787,8.395408
10.317419,-3.037069
1.044505,-1.145866
1.711753,16.462431
3.449742,-6.158301
-1.380856,-9.213623
1.517270,8.442784
18.846441,5.449830
11.103774,-12.562061
-0.500056,8.625996
2.481694,-7.652908
10.777627,-12.808635
-5.857997,6.422119
2.111050,-12.022403
4.953676,1.323164
-1.712801,-9.400537
11.160053,-12.538701
17.631840,14.849242
10.950266,-12.984155
-1.737636,-9.424012
2.521525,12.287772
2.072292,-11.977335
16.563000,0.270635
3.526191,-6.242767
7.991759,-6.530079
-3.103369,-5.363189
10.184986,-12.925178
2.075898,-11.988725
-1.729237,-9.422608
11.509339,13.919260
3.607223,-6.371716
-0.414137,13.029025
11.759953,14.149251
6.012184,-5.742496
10.963370,-12.623860
4.276165,-13.014668
1.798548,16.342978
14.514997,10.849274
20.871115,5.428609
12.747701,17.756428
16.759445,-10.537352
-5.614526,10.660761
2.540574,12.302371
8.758825,-7.989921
4.395266,-0.604433
9.989671,16.965691
2.072682,-11.985994
3.237226,10.340048
16.845579,4.262168
-6.982964,4.676292
-1.435146,-9.132257
23.113918,0.969614
11.116437,-12.553059
10.754025,-12.930223
10.783604,-12.896461
10.326182,-3.025093
16.579908,-10.393874
11.559619,13.913875
11.512400,13.908850
2.505442,12.270907
17.821478,-5.874399
10.920198,-12.715888
11.630604,13.975528
-6.907100,4.602139
11.116693,-12.565705
1.724879,16.445684
9.986798,16.958792
13.597649,-8.387794
13.653577,-8.321387
-3.119666,8.408006
2.015068,-4.381866
3.449964,-6.183079
11.703242,14.132465
11.716196,14.158104
1.011884,-1.160762
12.805041,17.823708
-1.716874,-9.404110
6.309488,8.928418
1.589180,-14.479386
1.556985,-9.282624
-0.526301,10.123008
2.492645,8.003919
1.625696,-9.308799
1.044272,-1.155281
2.052415,-11.998076
11.102161,-12.552856
4.289241,-13.000064
11.713817,14.155802
-7.394930,0.643600
17.407984,13.270979
1.736446,16.446852
5.516421,18.222843
14.960053,8.906079
4.301897,-13.002589
-6.920335,4.613878
1.313413,-14.724126
2.615080,7.394540
12.767282,17.781155
1.619488,-0.966910
1.449032,8.422284
14.888530,8.949794
-4.154721,-1.993737
1.634906,-9.333118
-6.975623,4.668575
4.290048,-13.000411
-7.011397,4.704038
2.114283,-11.995893
12.514319,-7.079409
10.723386,-12.787659
1.838751,16.317371
10.066757,14.901653
3.450188,-6.193617
8.771001,-7.997195
10.236709,-12.977892
6.737528,-15.525709
16.897745,-10.416278
4.303855,-12.998260
17.621498,14.866475
11.709930,14.077687
2.465170,-7.637856
16.248936,11.064045
3.955198,2.150828
6.936431,10.386191
1.517276,8.444509
5.546368,18.267963
10.970767,-12.544803
16.574488,-10.419727
17.188242,-10.677311
11.612054,13.900487
1.730541,16.433287
17.237730,-7.082202
1.829915,-9.469337
4.181157,-13.128337
6.021962,-5.739420
-6.524347,-3.667313
3.485709,-6.142572
11.108989,-12.598939
-7.064100,4.756491
10.074727,14.909639
15.377548,5.665814
16.696384,-10.423431
7.021386,14.097885
6.720093,-15.522580
-3.080638,-5.338503
13.688984,-8.336354
2.260175,-4.986806
11.543931,13.886762
-6.856819,4.550527
11.133843,-12.546924
16.846924,-10.126036
-1.557023,-9.378327
3.951587,2.150681
7.550169,16.994453
11.088832,-12.537032
20.905762,5.404073
1.344376,-14.688059
11.520968,13.895280
15.364538,5.659836
1.052150,-1.159482
6.755771,-15.553937
14.956139,8.902508
16.867325,4.267691
-1.367918,-9.220050
1.469276,8.430336
16.603609,-10.413056
3.517944,-9.362941
6.747060,-15.545241
-0.499449,8.624640
14.499360,10.833766
10.253718,-3.110380
9.494295,13.324409
8.048629,10.436316
12.518644,-7.080115
10.747152,-12.535113
3.532448,-9.339807
-7.893264,0.529660
-7.064640,4.756645
7.503584,18.035332
16.561255,0.275549
17.001101,-10.510276
1.810746,16.355448
13.461599,-8.460321
8.177747,10.649496
2.494086,8.009673
2.005015,-4.385045
3.482960,-6.227237
-0.619758,13.170812
8.024154,-6.551440
10.106902,14.910825
7.505150,18.044104
17.430006,10.705227
10.837215,-12.804253
1.940849,-9.608707
10.075018,14.906886
10.765829,-12.767780
-1.733756,-9.411555
17.624352,14.867230
2.518982,12.284668
17.398943,13.263250
17.042927,-10.259495
-6.907409,4.602104
16.708942,-10.391205
9.991796,16.976385
-5.650624,10.624355
-0.529408,10.134728
12.826597,-8.791444
15.665519,-12.193172
8.078330,-6.604190
4.184906,-7.240106
17.634380,14.849024
7.549407,16.997105
16.691986,-10.497316
2.072916,-11.983582
-1.057888,13.324018
16.876059,-10.538007
5.495234,18.223053
4.170537,-13.139444
6.710182,-15.509515
1.210154,11.819921
17.624920,14.863675
-0.493515,8.627530
2.540652,12.301719
2.097246,-11.979047
2.080406,-11.973835
16.747881,-10.468733
-3.091274,-5.349377
4.278419,-13.026015
10.243759,-3.104249
8.036166,-6.566153
-6.941163,4.636250
-1.485286,-9.201521
11.515627,13.930679
20.162708,8.340316
17.828629,14.487042
4.966565,-8.257852
1.745601,16.424095
-7.009901,4.704362
-1.680599,-9.320671
-1.523268,-9.345905
17.171770,10.441066
10.980575,-12.664307
2.065463,-11.978034
11.822359,8.971523
2.613517,7.387783
10.822290,-12.871090
11.102348,-12.510148
17.573612,-11.044947
15.296147,1.330947
-2.970063,0.436334
1.079965,-1.172858
11.784836,14.229692
11.548503,13.962846
16.903328,-10.469326
1.787343,16.383167
14.908565,8.934849
4.286771,-13.019482
-1.555975,-9.270814
10.817160,-12.803057
10.723844,-12.788959
10.468880,-13.152296
16.738266,-10.356857
17.431801,10.719827
1.715390,16.456768
17.312534,-7.167557
1.901348,-9.528530
13.766236,16.229435
-1.382943,-9.207212
17.427353,-10.497103
1.614774,-9.283824
2.616014,7.375893
1.347091,-14.679006
1.347242,-14.690248
-1.692408,-9.399834
11.892470,13.957620
10.359519,-12.913763
-5.661140,10.614201
1.641422,-9.313503
-0.223156,6.372846
3.450804,-6.190696
15.344272,5.648705
4.266820,-13.023745
3.518080,-6.249557
11.117166,-12.545656
11.911337,13.906500
6.707541,-15.510706
5.533638,18.234022
3.444256,-6.190549
18.843719,5.452039
11.095066,-12.612366
1.062315,-1.170042
-5.628393,10.655803
4.189477,-13.120172
2.368891,15.327284
11.507569,13.921366
10.109177,14.945753
11.103465,-12.580156
-1.582023,-9.270881
10.917410,-13.076152
6.752439,-15.551848
13.486808,-8.453382
11.815180,10.624513
13.306904,-8.673156
17.318827,-7.181222
10.553077,-13.154772
13.352886,-8.619504
3.482453,-6.220584
16.855574,4.242822
-7.790801,0.558468
10.214213,-3.113466
6.740930,-15.540321
16.562698,10.465441
1.600896,8.534749
-0.659654,13.379690
17.451717,-10.613729
14.936060,8.911630
10.973163,-12.566868
4.418627,-0.584111
10.517138,-12.833095
2.059788,-11.985491
16.800163,-10.619974
11.859348,13.948826
16.957888,-10.460226
10.318091,6.772383
-3.089557,-5.342974
-0.499785,8.625301
3.430727,-6.182374
2.293272,13.966191
11.783288,13.863944
14.953777,8.907079
4.240133,-13.067499
8.026158,-6.488572
11.698336,14.140238
1.830408,-9.463734
13.693479,-8.401753
10.735073,-12.576523
10.827331,-12.842865
10.974126,-12.630002
-7.005292,4.698719
4.445206,-0.574597
4.142311,-13.166139
1.758749,16.416134
10.865882,-12.844050
4.167322,-13.142507
6.717483,-15.518323
11.069479,-12.544068
20.906538,5.400514
2.537676,12.298546
11.932813,13.927901
10.826245,-12.803862
-6.834124,4.544028
16.685038,-10.346587
10.263720,-3.102075
17.045521,14.415445
4.410122,-0.621152
2.521551,12.288643
6.766522,-15.561899
13.340737,-8.615204
14.941251,8.911439
1.009914,-1.134634
-2.680330,15.518251
17.379021,-10.558935
7.005263,14.081118
16.881254,-10.485558
11.767578,8.958508
8.759310,-7.994088
13.309231,-8.675871
17.441717,-10.530544
10.494125,-13.138741
11.828609,10.637055
16.700191,-10.342650
14.647420,9.050534
-0.406300,13.052711
11.170999,-12.513597
10.899401,-12.673816
10.752443,-12.794928
11.027654,-12.517688
8.312840,10.323631
3.387389,-6.126734
6.037956,-5.722074
10.925585,-12.564710
16.643761,-10.353002
-1.401346,-9.297928
1.407485,8.419565
1.551235,-9.284617
16.904510,-10.447223
11.064031,-12.624421
16.844913,-10.422272
17.308228,5.537309
4.406374,-0.618361
1.305610,11.704316
4.162122,-7.240735
1.481892,8.392646
-1.635087,-9.326742
16.851526,4.252253
10.073291,14.907433
6.722126,-15.523110
-2.583000,-3.314886
10.264845,-3.095553
3.510061,-9.359319
17.580902,-11.041906
0.565275,7.900965
2.256081,-4.986713
11.158869,-12.531229
10.066833,14.905563
-1.656742,-9.279796
11.489283,13.900602
2.000085,-4.397519
1.886925,-9.624743
10.083169,14.906673
13.662495,-8.356225
1.719573,16.452309
14.498219,10.832067
-7.016352,4.709898
-3.487796,10.214627
16.560705,-10.411880
6.726897,-15.522481
3.891966,14.517373
14.503415,10.830096
8.752687,-7.979899
2.012929,-4.382957
-7.064351,4.754057
1.352634,-1.273928
7.996644,-6.532825
3.458910,-6.207146
4.318403,-12.983391
20.151594,8.315443
13.597333,-8.369656
10.748165,-12.628613
-1.759453,-9.381116
11.536857,8.169961
-1.624745,-9.334357
16.295252,11.012985
-1.464646,-9.242537
1.614730,-9.297722
13.631796,-8.388246
1.536470,-9.258116
16.654356,-10.350056
1.998236,-11.962042
13.621678,-8.335890
2.285243,13.989209
3.909463,14.531531
2.273621,14.004839
4.314608,-12.986542
1.778915,-9.466158
1.548523,-9.306145
9.095601,16.549124
11.173371,-12.574226
4.319129,-12.982443
13.471969,-8.467086
1.633343,-0.985636
-4.130285,-2.004273
11.151197,-12.520960
11.795088,9.002052
4.275173,-13.036910
-5.646435,10.626208
11.718351,14.162499
11.753438,13.906135
2.284602,13.992847
4.174093,-7.252604
3.467753,-6.212955
-3.434186,7.991333
2.018747,15.873960
16.722397,-10.575686
5.520132,18.218283
18.843946,5.452775
8.794159,-8.022312
11.159850,-12.509949
8.801753,-8.025472
14.382284,-7.289417
1.842111,-9.561539
1.512315,8.383234
3.622659,-6.274494
4.412888,-0.615197
13.522390,-8.432311
3.231057,10.347911
2.460932,-7.633892
11.508004,13.922422
1.439865,8.408008
11.123586,-12.649619
11.707572,13.863081
9.494044,13.317227
16.631821,-10.457418
11.143745,-12.538915
-0.176653,6.390834
-4.026800,12.064621
10.786585,-12.581704
16.704638,-10.584903
3.536444,-6.275586
2.465029,-7.634093
-2.995175,-5.252352
16.719189,-10.585664
17.626379,14.857508
1.767068,-9.423878
11.101312,-12.545105
1.525155,-9.332496
8.043493,-6.574473
10.916490,-12.736779
14.378020,-7.291578
-6.822294,-3.209873
4.301325,-12.986315
22.437490,4.978519
2.004443,-11.947825
10.323575,-3.034425
4.336795,-12.962123
13.554593,-8.352867
1.958753,-11.911338
16.882195,11.003139
1.397743,8.411875
1.730866,16.443331
1.364784,-14.673092
-4.153191,-1.988931
-2.990177,-5.249510
1.353942,-14.681164
7.040266,2.326613
16.731413,-10.585989
4.406988,-0.607715
8.291136,10.345930
1.666226,-9.343195
1.650867,-9.459595
3.451879,-6.184768
8.016176,-6.551763
4.153689,-13.157517
17.425337,10.713470
5.529174,18.238495
-7.394243,0.645885
4.253847,-13.054400
11.078164,-12.621324
16.707441,-10.316719
-1.723172,-9.395926
1.766447,16.405033
13.717025,-8.328861
11.079524,-12.570767
8.037728,-6.567425
2.595006,-7.731523
3.447306,-6.193219
8.047365,-6.578134
7.025805,2.356173
11.475343,13.884902
-6.780408,4.488818
13.564718,-8.354861
-7.028867,4.719043
13.537889,-8.326457
11.110726,-12.520013
0.564170,7.899887
2.010150,-4.389606
13.643641,-8.349310
1.352887,-14.680724
1.306449,11.704113
1.837000,-9.525434
4.294766,-13.014185
-3.486809,10.226760
-7.036825,4.727489
5.464365,8.554550
-1.705050,-9.292783
17.187445,-10.769527
-6.828399,-3.207242
-6.827059,4.534600
16.740213,-10.604390
10.078741,14.911449
-7.082279,4.774246
3.448432,-6.189946
1.692714,-9.317348
1.981205,-14.106981
13.430507,-8.503679
11.157636,-12.539243
10.357092,-2.996828
13.637443,-8.380415
16.188377,14.324184
1.579409,-9.270622
3.554142,-6.342351
11.788299,13.839553
16.626690,-10.464059
-0.971852,-6.590926
10.150978,-13.062707
12.858361,-8.772192
1.677114,-9.407716
5.513908,18.230692
-7.045173,4.737365
1.387124,-14.631107
3.483706,-6.227134
-3.277467,7.934403
1.642806,-9.316596
-1.762279,-9.394936
10.084745,14.908154
-1.452533,-9.334274
9.018579,16.462591
16.865179,-10.428440
13.582885,-8.362951
13.509914,-8.423668
12.814047,-8.795482
6.692974,-15.496781
-1.155588,5.122518
4.412512,-0.615596
13.473841,-8.446652
14.502710,10.835832
4.303225,-13.008069
-1.658406,-9.232216
11.177537,-12.529482
2.464200,-7.632189
1.072343,-1.170487
-5.642272,10.632561
3.929767,-4.001962
-5.917008,6.483478
3.921516,-3.994115
20.903313,5.408093
3.462540,-6.197615
10.775498,-12.858078
3.656710,-6.408845
18.865957,9.894989
3.402239,-6.145134
1.302607,11.708127
3.474574,-6.211954
3.504537,-6.231612
4.172558,-7.253427
1.069322,-1.167673
-3.274368,7.922886
6.734478,-15.528637
0.240110,-11.171446
-3.275111,7.913481
-1.699768,-9.290233
2.528908,12.292621
-0.626523,13.184037
1.801708,16.365923
4.298139,-12.988569
2.002753,-4.394598
3.962552,2.158145
4.303579,-13.001449
7.504714,18.027088
2.436208,-7.601188
1.745108,16.426641
2.610805,7.374849
-1.610981,-9.286222
13.567804,-8.345566
2.056291,-4.346752
1.342709,-14.692204
12.803509,-8.804768
-1.806608,-9.445605
-0.499970,8.624280
10.325227,-3.026837
4.316764,-12.985907
-6.826375,-3.209634
16.633120,-10.463878
10.776855,-12.579243
-2.811174,12.777452
10.068973,14.901649
16.135225,10.688571
2.038634,-11.964169
11.519672,13.913911
2.028582,-11.970127
8.041620,-6.571409
3.521446,-9.367929
11.583528,13.896158
1.828135,-9.510413
17.394871,-10.445641
10.058917,14.897506
1.754208,16.423780
3.499355,-6.234135
-0.378672,12.997225
-1.761226,-9.415212
16.765461,-10.605549
5.521786,18.244267
1.753870,16.421429
1.209388,4.515486
13.453939,-8.471706
1.354953,-14.641379
11.083872,-12.547181
1.354571,-14.665949
16.892756,-10.464297
13.688072,-8.328833
3.498102,-6.225795
1.755048,16.416351
16.875610,4.226812
11.812438,10.621501
-1.705583,-9.325423
4.286528,-13.024595
16.374157,14.367368
17.081995,-10.588455
13.652780,-8.352151
16.672495,-10.518251
6.733461,-15.536262
3.489634,-6.221714
8.049367,-6.583123
1.721076,-9.580867
-6.786917,4.486385
10.337671,-13.011368
-1.590810,-9.294922
3.211672,10.387518
-6.801822,4.495192
-7.879659,0.536494
10.832930,-12.901288
1.822196,16.346571
2.040054,-11.969851
5.507606,18.223478
16.691263,-10.475586
1.731067,16.441879
3.393538,-6.142412
-5.651014,10.624581
16.859880,4.245117
8.785765,-8.014387
8.793504,-8.021795
3.512511,-9.361321
13.678046,-8.346543
11.845463,13.825953
16.870296,4.260251
8.046951,-6.578638
11.038953,-12.598365
16.642738,-10.463683
10.831050,-12.780463
-7.549719,2.341874
0.236259,-11.175613
16.580173,-10.446572
8.054255,-6.548328
10.347071,-12.976004
2.604557,7.405155
11.031731,-12.635950
-2.763920,-1.587603
10.137949,-13.078991
-1.599182,-9.287653
11.866665,13.798650
17.288723,-10.479785
11.166318,-12.529529
16.988749,-10.657589
13.646845,-8.376714
16.720531,-10.574568
16.830612,-10.414493
1.577362,-9.270530
12.852331,-8.786808
11.121505,-12.543439
-3.272105,7.919182
2.354411,15.341069
-6.901556,4.593809
2.029111,-14.077402
4.279482,-12.995766
3.529396,-6.292351
-1.565862,-9.309566
1.791796,-9.458870
11.146169,-12.525789
10.093833,14.906774
1.579030,-1.036046
10.260407,-3.108540
1.651809,-9.381148
14.962994,8.895437
3.686735,-6.267810
11.129670,-12.545777
1.497113,8.439179
2.004560,-4.393801
1.966460,-11.917380
1.821399,16.343321
17.627764,14.862289
13.340201,-8.640370
1.518123,8.441925
1.746370,16.419184
2.061240,-12.025892
4.248728,-13.056285
16.530073,11.310562
13.327990,-8.647112
11.638312,13.956659
-1.608101,-9.271460
-7.030739,4.724232
14.465167,10.807145
-6.945283,4.638218
8.029642,-6.554917
8.042231,-6.576158
1.828855,-9.488941
16.639608,-10.461506
3.641867,-6.392314
-3.057126,12.553989
7.951335,-6.487567
-3.120650,-5.378933
17.132040,-10.714269
2.118530,-12.070436
10.776086,-12.579946
8.782482,-8.011945
1.777081,16.395378
1.840495,-9.508694
2.044756,-12.005817
2.420602,-7.594674
2.040833,-4.439360
16.989555,-10.660090
16.894222,-10.698620
10.536703,-13.238853
16.821890,-10.427270
10.366858,-12.921502
10.508665,-12.633335
12.516987,-7.079079
10.579134,-13.214473
1.059884,-1.164334
13.438157,-8.568821
7.542476,16.982037
8.052889,-6.552848
0.235599,-11.176281
17.331392,-7.192684
17.437729,-10.462667
10.251505,-3.128174
-4.137630,-2.022961
17.629391,14.863729
7.991126,-6.521642
8.051442,10.441773
11.868547,13.797829
3.671504,-6.416304
16.986341,-10.665410
10.263708,-3.103213
-7.549447,2.341370
10.483524,-12.745066
11.162868,-12.562045
16.712545,-10.542959
-1.503045,-9.203249
-3.483922,10.238554
15.698252,-12.170154
-1.494284,-9.225659
3.484676,-6.217690
16.218801,14.348688
16.658157,-10.516187
17.396399,-10.494493
1.835115,16.331173
15.619930,-12.251114
1.840994,-9.552916
-1.499541,-9.133100
3.577327,-6.344748
-6.855030,4.560078
3.956462,2.161789
13.677669,-8.383451
2.353718,15.342616
8.437438,-7.717114
13.695623,-8.334476
9.988474,16.969681
10.373664,-13.020751
8.755673,-7.988509
1.723914,16.448483
-7.047886,4.741079
4.181707,-13.128517
1.851884,-9.608080
4.284816,-13.025734
1.925166,-14.136622
17.124229,11.116547
-3.077659,-5.329238
13.676822,-8.354031
1.401166,8.420945
3.237233,10.340349
3.440660,-6.168364
1.534247,-9.235218
1.586265,-9.285576
3.243076,10.406176
9.511715,13.308536
1.514586,-9.347039
16.875067,-10.670787
1.347919,-14.680381
1.992301,-11.967559
10.925623,-12.545027
2.468805,-7.638367
-1.499911,-9.324540
0.236706,-11.175463
1.305567,-14.727054
2.123125,-12.073763
4.316760,-12.982879
16.587280,-10.427279
10.334157,-13.001947
16.766870,-10.600389
4.287337,-12.978482
16.533600,-10.475997
-1.103565,5.619865
-3.269346,7.910814
16.616779,-10.422262
2.056962,-11.955513
4.401468,-0.610859
9.506952,13.311413
1.733902,16.438414
1.678860,-9.495996
16.661562,-10.501508
16.861906,-10.438817
4.279208,-12.989776
10.240737,-12.905493
1.602264,-9.272848
8.051346,-6.580159
11.105936,-12.499410
16.576664,-10.447738
17.115988,1.990516
13.648391,-8.374602
1.590387,-9.277706
3.585570,-6.276556
16.946169,-10.530410
11.434565,13.936092
10.776060,-12.901074
6.005710,-5.756728
-0.417781,13.036180
13.540765,-8.378235
17.156792,10.432798
1.732568,16.437250
4.343469,-7.494165
11.591171,13.859521
1.745316,16.425076
1.703319,16.473391
1.981514,-11.945805
2.350473,15.358281
1.772723,-9.473920
-3.074980,-5.335451
16.544321,-10.457050
-0.498515,8.624206
-7.063331,4.753189
-3.124305,8.407231
1.402250,8.398322
-0.376722,10.989595
3.571361,-6.283972
11.171096,-12.539256
1.498874,8.400119
3.472585,-6.171942
7.039199,2.325554
-1.547875,-9.282956
11.540448,13.898118
20.842690,5.449347
16.786869,-10.627896
3.084979,10.460595
16.556120,-10.461218
3.364143,-6.107206
-3.113275,8.418834
-1.414229,-9.297563
16.851521,4.251882
8.767054,-7.994470
9.081016,16.535362
4.295830,-13.018641
13.534306,-8.382442
6.019277,-5.747621
1.510972,8.365400
-1.747005,-9.420660
1.364357,-14.675680
3.401142,-6.145132
4.311547,-12.957396
16.217264,14.335043
9.986039,16.975214
1.610764,-9.294364
20.880630,5.429176
16.588612,-10.501373
14.427220,10.752522
1.579816,-9.294255
11.818576,10.621863
1.925967,-12.035766
1.304756,-14.730044
5.530365,18.224361
16.529549,-10.370107
-5.959688,6.524706
1.350343,-14.692890
3.555685,-6.306204
13.496849,-8.518011
-7.398601,0.638541
10.504539,-12.858316
-6.991570,4.686592
3.459019,-6.190687
16.571871,-10.451546
-1.727075,-9.453513
6.721743,-15.521570
7.550369,16.994745
10.692642,-12.788861
8.786891,-8.009336
1.578624,-9.277645
11.180939,-12.550989
-1.049355,13.329308
11.177164,-12.582316
-3.268985,7.916876
-3.503039,10.217806
11.076137,-12.599371
11.090745,-12.583181
2.503756,8.002867
16.464609,10.861080
1.656929,-9.429237
16.634609,-10.471733
1.775398,-9.484405
4.294433,-0.345479
4.172728,-7.249862
7.508723,18.029896
14.497156,10.831595
17.188103,-10.134273
14.968668,8.892317
4.171791,-7.250815
1.387599,-14.633465
-7.934888,0.490429
-1.925291,2.799253
13.673819,-8.361460
13.630361,-8.399005
6.729718,-15.527305
20.166822,8.352678
7.054341,1.087630
1.082116,-1.182664
1.468684,8.421893
3.394627,-6.125851
13.669247,-8.353544
13.694152,-8.386321
-0.524370,10.123019
10.518568,9.936798
11.163461,-12.631715
16.543905,-10.406875
10.093891,14.907852
10.087021,14.921041
4.252770,-13.061668
6.872196,2.355483
13.686216,-8.345124
-3.921593,-3.778338
3.430061,-6.181007
11.092116,-12.525967
-6.865551,4.570914
-3.075476,-5.334738
17.442883,10.717449
1.879574,-14.181354
1.440229,8.395846
16.796398,11.301862
2.619699,7.391028
-0.227717,6.381920
9.801090,14.896640
17.392159,10.745097
-0.500889,8.626508
6.012434,-5.756676
1.716416,-9.487934
-3.493566,10.240708
1.871700,-9.574904
1.757871,16.407841
10.671659,-12.766289
-1.606544,-9.492597
8.028610,-6.560886
9.732468,14.903145
8.040099,-6.563986
16.849199,4.254305
6.005495,-5.761865
14.965390,8.886541
12.841819,-8.787851
4.334207,-12.970113
4.315420,-0.342050
16.828831,11.172354
10.040622,14.880819
1.867804,-14.183402
2.026729,-11.977110
3.519665,-9.368150
10.275938,-3.086725
3.383867,-6.127567
10.290729,-12.893195
9.097860,16.553406
-0.423613,13.044340
11.875778,13.950557
-0.537537,10.155055
13.415914,-8.591910
18.842421,5.454087
14.382459,-7.288947
2.505727,12.268472
1.529173,-9.287351
0.235439,-11.175658
2.452124,-7.622117
11.800377,9.000920
6.888872,8.007114
-1.790754,-9.395817
-4.141630,-1.969705
1.209094,4.513582
-1.154885,5.123287
16.442188,4.174201
2.348678,15.349199
1.464959,8.431090
1.738264,16.431850
11.487679,13.897443
16.826921,4.268394
13.526917,-8.395212
-5.963335,6.529474
1.749524,16.423040
11.069196,-12.550871
14.959560,8.895184
13.443408,-8.542456
-1.511860,-9.189788
1.302878,11.707859
11.891352,13.835421
-1.643646,-9.264513
17.379972,-10.574200
-1.528659,-9.162938
10.121324,-13.030930
14.906127,8.954296
15.662449,-12.197420
17.203547,-10.764702
-6.962622,4.655998
-3.921258,-3.775807
-7.024253,4.718752
11.144246,-13.081866
3.585690,-6.281508
-1.615954,-9.298818
-0.409065,13.040588
-6.749741,-3.306310
1.441203,8.408655
10.022983,12.137070
-1.489968,-9.128602
1.675797,-9.453346
14.498005,10.833898
1.043181,-1.145462
18.133312,9.100426
14.499997,10.834964
-5.895538,6.469182
-6.892571,4.584753
1.695236,16.481480
11.474976,13.933947
-6.899755,4.594073
17.118877,-10.738045
3.905656,14.529776
0.239731,-11.171640
-6.825097,4.535770
10.100719,14.930662
1.663902,-9.423162
-1.497466,-9.162356
-0.531286,10.144246
2.134195,-12.047710
-3.920879,-3.778556
10.698368,-12.709401
13.655635,-8.371904
3.954385,2.155012
3.601957,-6.385604
13.360188,-8.644809
10.497582,-12.715017
3.432957,-6.166717
16.863266,10.989340
8.040456,-6.590398
6.993845,2.389845
18.810827,5.485808
13.577294,-8.375207
3.216572,10.354814
17.591364,-11.051105
9.984740,16.972654
8.047715,-6.579033
10.896203,-12.598631
1.305311,-14.728468
2.635347,7.379239
-6.766282,4.486427
10.271288,-12.924458
-3.078262,-5.338722
17.116810,1.998870
17.051580,-10.014436
3.898873,14.521498
1.070152,-1.172092
17.291183,-7.146266
2.006652,-4.391280
10.503805,-12.643828
2.069027,-12.004066
2.298009,13.964429
3.583996,-6.332357
17.223043,-7.082175
17.268383,-7.128623
1.802847,-9.515154
-3.057618,12.553645
2.139365,-12.043356
2.012286,-11.968083
17.059982,-9.965804
8.781423,-8.010387
17.064425,-10.012698
17.385967,10.789355
17.158342,-10.767567
14.500277,10.835448
3.427873,-6.171092
10.305488,-12.893418
3.929277,-4.001724
-1.533755,-9.307800
-3.024951,10.013117
2.003264,-4.393835
10.067271,14.909831
-1.918114,2.787202
16.983200,-10.519480
10.336230,-13.043456
10.416278,-13.135235
3.460090,-6.191349
2.032302,-12.024161
4.287989,-0.360085
4.997754,1.319135
1.661501,-9.390810
1.643292,8.562749
15.261962,5.591346
10.970163,-12.885330
-1.481271,-9.139286
1.586743,-14.482022
10.340170,-13.028942
-2.766574,-1.592773
20.156050,8.327542
-6.817213,4.528722
13.629384,-8.357239
16.951876,-10.456266
8.059784,-6.552712
10.090574,14.919610
-4.151642,-1.994880
1.645586,8.515840
3.612339,-6.394338
1.464342,8.430515
-0.548422,10.157407
-1.483098,-9.129698
-4.130286,-2.013372
2.505299,8.001705
10.658838,-12.787710
14.373794,-7.289040
-3.266037,7.912812
10.351494,-12.890685
16.925953,-10.566886
10.112323,-13.063605
-6.822547,4.542142
10.330422,-12.819518
11.913997,13.764099
-5.652934,10.621661
10.069985,14.900653
17.631201,14.860706
17.100176,-10.734900
16.582758,-10.403199
16.999769,-10.729089
-1.495915,-9.207211
-1.456719,-9.299109
10.260799,-12.885674
16.885628,10.998552
10.285943,-12.889287
-6.898704,4.590283
-5.816219,6.377870
19.505344,-7.644331
-3.456209,10.179996
17.182270,-10.798587
10.701157,-12.787148
11.885854,13.784167
14.522585,9.122788
17.021027,-10.652785
5.538405,18.241308
10.350252,-13.011939
-7.896855,0.526740
10.499047,-12.810747
17.123022,-10.747597
0.559673,7.893213
1.280606,-14.753440
17.207359,11.140548
14.959450,8.895428
10.704425,-12.978187
5.458671,18.146000
1.871341,-9.633739
14.907119,8.945637
10.455608,-13.136114
10.244650,-12.913012
16.170967,10.542725
17.112015,1.993915
14.495174,10.830238
-3.033841,10.015907
17.381115,-10.545055
8.782356,-8.011411
-7.053916,4.745768
4.184213,-13.126144
3.683756,-6.336382
1.809938,16.357409
-6.969037,4.669305
2.110402,-12.045574
14.961921,8.891647
-6.715697,4.430671
10.262653,-12.935488
-6.891105,4.551524
2.443973,-7.622793
2.022832,-12.018019
-7.020060,4.713105
17.317196,-10.498634
-6.873241,4.586680
20.201784,7.940398
10.025537,16.885853
10.409548,-13.023482
-5.952495,6.518141
0.572830,9.412390
18.849812,5.446838
3.608173,-6.358492
7.146531,1.045246
4.365613,-12.938131
11.673347,14.087317
-6.796663,-3.239961
-0.425983,9.940572
-3.920187,-3.778421
2.344057,15.353840
16.795654,4.293123
-7.889391,0.533351
1.976073,-4.419973
2.158642,-12.083635
10.046215,14.887522
16.819584,4.267072
17.168047,-10.825859
16.059772,10.694867
2.230045,-4.191218
6.890303,8.002777
1.687683,16.489769
-2.582913,-3.311366
10.944030,-12.504858
-6.817725,-3.219520
6.302001,9.515533
4.397018,-0.615535
5.999760,-5.754496
1.084582,-1.204071
11.524136,13.931603
-0.992208,-6.580196
6.741701,-15.543070
6.732426,-15.535134
3.900950,14.525061
10.010425,14.888443
6.257097,9.444064
10.045634,14.887554
-6.904992,4.602361
16.586603,-10.435791
1.565300,-9.248107
-6.904731,4.594448
16.822330,4.263882
-6.828956,-3.205582
10.120577,-13.027391
1.458645,8.359095
2.096072,-12.033998
16.803802,4.274680
1.066499,-1.170631
11.165671,-12.520349
-0.988660,16.269114
11.088552,8.625260
10.865579,-13.229396
1.483790,8.399780
9.981771,16.969366
6.075775,-5.742529
14.948220,8.900873
1.704633,16.469173
-4.132081,-2.006318
14.967711,8.897994
16.599501,-10.455771
-3.267214,7.910104
16.620317,-10.363670
1.065995,-1.167793
4.352906,-12.949706
20.205261,7.904612
11.582771,13.878277
1.063105,-1.179977
-0.965848,-6.601021
2.064851,-11.965799
4.305342,-13.006322
8.767833,-7.995883
-0.530761,10.137978
-6.824070,-3.210146
16.610065,-10.359393
1.619192,-0.965203
-7.070607,4.761966
-5.946729,6.512692
-3.515882,10.211983
3.782857,-6.486706
1.609134,-9.385279
10.316901,6.775509
-6.940032,4.630056
1.820162,16.349806
11.036040,-13.177298
2.323550,13.958920
2.258362,-4.166508
-5.954709,6.521627
11.607677,13.982887
2.529787,12.292438
2.128480,-12.043825
-1.698472,-9.432176
10.041417,14.895777
-2.794594,0.626512
-0.379160,10.990776
1.355403,-14.684627
15.667606,-12.200959
2.102132,1.815633
11.495128,13.902369
11.641215,13.937388
18.869175,9.892256
10.072771,14.905530
11.500108,13.911467
1.044852,-1.151371
1.836299,-9.598896
3.360640,-6.125226
1.065126,-1.179847
17.093729,-10.756108
-6.923241,4.620803
-6.825795,-3.209083
-2.767145,-1.592896
8.767370,-7.993556
6.260924,9.438096
-7.062674,4.752032
-7.550814,2.341035
17.226131,-7.083963
4.332906,-12.969400
11.063433,-12.485491
6.888775,8.007390
17.125034,11.107120
6.272131,9.149247
-7.085192,4.776834
-7.396299,0.641984
4.419235,-0.602603
1.708631,16.458946
-1.693755,-9.449038
1.491018,8.388176
2.146773,-12.079123
1.326612,-1.264101
-7.891493,0.533406
8.055868,-6.580043
-5.934610,6.503950
7.012819,14.099038
3.420935,-6.160401
3.593076,-6.356911
2.004561,-4.392166
-1.485563,-9.176584
3.661016,-6.310749
10.069985,14.902192
0.232692,-11.178296
6.733418,-15.536615
10.532183,-12.938824
-7.045668,4.737142
-0.194755,6.409594
10.136855,-12.950189
2.523736,12.288075
-0.499239,8.623965
2.000100,-4.393560
-1.483829,-9.251874
14.358806,-7.288588
8.095599,-6.615798
11.640828,14.104877
1.009358,-1.127308
17.065733,-10.003924
11.082336,-13.206801
3.964267,2.163085
16.597565,-10.377101
1.080465,-1.181341
1.586666,-9.215135
10.922306,-12.522018
1.591850,-9.255249
17.255161,-7.112301
-1.712392,-9.406497
1.576625,-9.259726
11.537807,13.914009
4.264120,-12.960476
1.567159,-9.247389
12.819795,-8.793825
-1.055233,13.326782
2.006763,-4.396124
1.982781,-12.003148
16.558237,-10.395568
2.520602,12.286026
-1.682824,-9.296297
0.543937,9.392280
15.564320,-12.298178
10.044566,14.888443
2.467717,8.033162
-1.357539,-9.315748
22.436560,4.974711
-0.423294,13.042487
14.656293,9.046990
11.065071,-13.197004
6.721651,-15.527005
4.404972,-0.630192
-2.760997,0.657245
-0.436990,13.055614
9.808186,14.896737
0.609812,14.746965
16.554903,-10.398731
11.547699,13.921104
1.436770,8.403006
1.067013,-1.172432
11.112113,-12.539198
10.753277,-12.942860
2.013306,-11.957828
3.676504,-6.417918
5.335001,8.490652
1.028754,-1.139496
6.013585,-5.746183
11.103101,-12.527180
10.188546,-12.941471
2.047844,-12.017953
1.350634,-14.659903
3.222848,10.348898
-3.036037,-5.293355
6.885614,8.006208
-1.488769,-9.180532
2.527893,12.291093
-1.426144,-9.310061
16.984947,-10.688354
17.160570,-10.669440
-3.075745,-5.332245
14.380021,-7.289380
1.540283,8.420094
10.045309,14.899732
1.539285,-9.300151
1.386455,-14.653627
16.606787,-10.452099
13.397487,-8.613063
4.942166,1.305400
7.030303,2.342974
11.685324,14.112614
-1.713841,-9.470640
-3.081814,-5.339831
2.000473,-4.396779
2.476896,-7.641340
2.047258,-11.973132
-2.765288,-1.588488
10.774767,-12.524449
2.523981,12.288308
7.147973,1.050107
15.350155,5.651012
4.177543,-7.247226
17.184231,-10.221340
1.612373,-0.972816
0.562252,7.896645
10.201921,-12.911310
-3.585282,-0.258323
10.384466,-12.973052
1.053303,-1.155366
10.029160,12.185616
-3.055645,-5.303466
14.988543,8.883073
3.519124,-9.362343
1.702102,-9.572975
-1.536042,-9.202698
16.587271,-10.390900
8.785666,-8.008085
-3.065946,-5.318584
11.798580,13.850345
9.517745,12.202789
16.854193,4.243134
13.571353,-8.362118
-5.953986,6.520323
6.001258,-5.760491
10.077003,14.896761
8.755895,-7.979117
13.440743,-8.568082
16.862637,4.293335
-3.110046,-5.367908
1.530632,-9.206470
10.348519,-12.957772
-6.973931,4.666187
11.850225,13.801071
4.339199,-12.967800
3.554425,-6.323951
-3.518636,10.221703
14.650278,9.046371
-7.551118,2.341336
1.567742,-9.249117
16.933594,-10.016937
11.526074,13.922550
1.690455,-9.479001
11.107471,-13.087729
14.381542,-7.287256
4.424108,-0.651993
11.686346,14.120849
6.038729,-5.725508
-1.672159,-9.266672
17.626110,14.863663
-7.886389,0.536966
4.307958,-12.982526
3.524814,-9.351162
20.079027,8.098122
11.045106,-13.130191
10.311067,-3.040227
10.820566,-12.906050
11.516170,13.929328
1.358958,-14.664849
16.869986,4.277946
-3.910846,-3.771584
11.523354,13.920787
16.902229,-10.397006
1.561990,-9.242837
10.061788,-3.496979
1.555680,8.444652
-0.956343,16.283199
11.024087,-13.213134
1.683532,-9.469885
16.879545,4.295953
1.693907,-9.494967
6.970106,7.939734
-0.409925,13.044285
1.356726,-14.652548
-5.955452,6.521059
18.851421,5.444608
17.083649,-10.192479
17.087938,-10.759007
1.190565,4.466569
6.758390,-15.558805
-1.625018,-9.462766
11.721880,13.968885
1.047377,-1.149847
11.110747,-12.522628
16.601856,11.477219
4.406584,-0.611927
-3.486967,10.211080
1.681855,-9.470835
11.097158,-12.499565
5.994559,-5.708120
17.193048,-10.794683
17.117834,11.104562
16.621338,-10.389808
11.016075,-13.198518
-4.128260,-2.012846
10.981431,-13.208322
17.239906,11.195452
2.982387,1.757098
-7.065376,4.758084
8.760801,-7.982371
11.746680,13.920557
10.454303,-13.094610
-1.704397,-9.391728
-5.945399,6.514225
15.365006,5.658848
-3.500066,10.239197
-0.500297,8.626839
4.195810,-13.115012
17.247545,-10.558992
10.513207,-13.164596
3.529956,-6.314754
2.094352,-12.039104
3.387822,-6.134243
1.607896,-0.974653
1.561044,-9.249029
16.601177,-10.398543
-0.496552,8.625787
2.017358,-11.958952
1.601827,8.490915
2.048129,-12.027961
4.310087,-12.990705
1.048225,-1.158924
-0.228652,6.370372
1.763708,-9.612696
13.351347,-8.653746
1.659603,-9.453217
3.519530,-9.362509
-5.650788,10.623323
4.309006,-13.001101
-3.029118,10.018111
1.704523,16.467768
6.250127,9.433476
11.646456,14.035406
10.517948,-12.624424
2.002728,-11.984084
4.359138,-12.946808
11.821834,13.853132
15.030622,-6.918502
10.412479,-13.010736
-2.779787,-1.610357
15.574594,-12.289508
10.447377,-12.820726
6.762856,-15.556694
9.999761,16.984388
-5.725273,10.559908
3.512116,-9.361669
5.552597,18.247066
4.254542,-13.033115
1.743242,16.432661
2.525545,12.288192
-3.060699,-5.318273
4.405152,-0.616134
6.783245,-15.583578
2.018908,-4.379913
10.551156,-13.214917
16.601231,-10.399994
17.300005,-10.849428
12.795645,-8.824298
-0.517398,10.108317
10.067869,14.901079
-1.699808,-9.321982
13.349797,-8.651678
2.023350,-11.995018
13.327342,-8.672400
17.244591,-10.797543
-3.057606,12.551908
-7.549797,2.341655
1.054538,-1.159517
1.732627,-9.494887
10.322721,-12.968640
17.173208,-10.593480
8.786364,-8.013889
8.045270,-6.571438
-0.531141,10.144084
1.703506,16.472067
6.759378,-15.557244
2.022441,-11.979856
-3.055932,12.555866
17.559198,-11.021448
17.246038,-7.108530
9.131093,16.582886
17.203093,-10.655560
20.877817,5.428901
10.585930,-13.228565
13.322710,-8.669177
-0.527125,10.130615
7.014349,14.096878
3.598439,-6.355408
3.386274,-6.131839
13.328131,-8.670025
10.067631,14.899235
-1.485846,-9.147435
3.396991,-6.146840
11.923306,13.788709
11.842411,13.957437
2.030481,-12.017907
1.637028,-0.943629
-2.767207,-1.598490
14.657238,9.043413
17.064398,-10.783412
1.555642,-9.313374
11.140993,-12.556203
17.348286,-10.377707
-1.452565,-9.284344
-1.432067,-9.118593
3.896558,14.521435
10.204407,-12.899020
4.214221,-13.092109
1.999171,-12.039462
16.954657,14.504108
15.575418,-12.289395
13.375652,-8.640218
1.835305,-9.622485
1.725321,16.446346
-0.500748,8.626317
1.660882,-9.517739
1.191921,4.469092
3.938345,-4.013241
11.128596,-12.544721
6.994218,2.424601
-1.481741,-9.488059
-2.951400,0.455980
-6.811702,4.515548
2.165138,-12.093987
2.486839,8.013287
-6.926833,4.619228
17.191315,-10.763292
-3.064192,-5.319159
10.318335,-3.031952
15.364783,5.658685
-3.473633,10.195724
10.016470,12.104302
2.467943,-7.637539
10.877858,-12.731053
11.618228,14.049428
-7.073847,4.763533
16.605267,-10.411943
1.725222,-9.585964
1.586981,-9.352875
6.310686,8.939672
0.233122,-11.178885
1.802584,16.363604
-2.953441,0.453648
-1.500417,-9.156885
-3.496567,10.243606
-1.915198,2.797927
17.400276,-10.660852
1.996919,-4.386527
2.027976,-11.974226
2.152161,-12.090624
11.029696,-13.222386
6.927033,14.144677
1.693735,16.480528
17.247894,-7.108068
1.060169,-1.157686
-6.919661,4.608808
13.642539,-8.388680
2.001401,-4.391941
16.593355,-10.446260
1.700468,-9.544174
-6.919384,4.615898
17.153173,10.433057
11.123890,-12.534561
-4.132599,-2.016782
2.288454,13.986306
17.622704,14.863433
-1.469882,-9.157619
17.099470,-10.751099
1.645377,-9.423182
4.331209,-12.972834
3.387596,-6.146161
1.540906,-9.214379
18.846922,5.449517
11.506681,13.929814
11.120885,-13.233644
2.046354,-11.974301
17.211954,11.179552
16.543018,-10.418294
12.784249,17.788370
17.038589,-9.989029
-2.764843,-1.586422
1.562436,-9.217058
-6.932996,4.624160
2.006055,-4.391529
-7.066750,4.755594
-7.005887,4.699348
4.960054,1.326819
2.078554,-11.977908
1.708848,16.463230
9.636294,13.216427
-1.077250,16.226530
15.028261,-6.917195
14.382537,-7.288638
17.053719,-9.994950
11.073755,-13.177448
1.508615,8.443515
16.709299,-10.290998
6.901172,2.397839
-4.134500,-2.000900
-7.046440,4.736752
-1.055179,13.337056
14.971164,8.898261
1.491465,8.400335
-3.502356,10.236189
10.892623,-12.518456
8.802498,-8.026407
11.166660,-12.516128
1.058062,-1.154096
-5.955345,6.521132
0.232646,-11.179674
2.444225,8.039171
3.498958,-6.229994
17.067484,-10.747292
16.731304,-10.583924
11.085825,8.628379
16.852520,4.247609
1.474596,8.407036
4.213229,-13.099495
0.586298,9.422451
13.576617,-8.352163
-0.417849,13.037079
1.965183,-11.930623
-4.138958,-2.003712
-7.893550,0.532195
-6.966032,4.659124
-6.932458,4.623556
10.549464,-13.188216
10.066995,14.907354
3.926412,14.545712
-5.982832,6.548118
23.117508,0.965435
16.611923,-10.336519
4.400986,-0.612904
3.451137,-6.190048
4.278729,-0.336004
13.692008,-8.329055
2.055887,-11.976039
17.055153,-10.004908
8.773048,-8.004551
-0.227926,6.379400
3.671014,-6.409128
1.999102,-4.382080
-3.026380,10.018604
10.064312,14.893730
14.502308,10.836894
5.533987,18.229324
1.510207,8.422990
3.578401,-6.333046
3.589250,-6.279511
1.907342,-14.154482
16.607019,-10.421470
-3.113254,-5.359258
17.085588,10.471004
2.095788,1.813822
7.020961,14.100583
-1.912505,2.796587
10.067811,14.904486
10.033816,14.872937
11.518041,13.933923
16.948090,14.503558
3.369410,-6.122054
-3.055284,12.557240
10.874420,-12.546267
-1.764006,-9.366259
4.961257,1.325742
13.318495,-8.682601
10.936261,-12.538684
3.544094,-6.257835
20.584507,5.663371
3.347234,-6.112329
8.058077,-6.583092
1.065022,-1.172942
10.291674,-3.073948
17.123602,-10.765953
-0.439306,13.049348
11.199776,-12.445592
4.329925,-12.975152
16.834162,4.268394
17.297495,-10.524144
1.466537,8.450018
-6.821004,-3.216404
11.468782,13.874201
1.624666,-0.962975
3.225558,10.334962
1.999000,-11.960410
2.022535,-4.373767
12.765734,17.768391
10.033108,16.591883
4.254876,-13.057302
0.232226,-11.179942
-5.952436,6.517916
13.335740,-8.649361
1.432139,8.469675
16.828487,4.304675
1.059592,-1.153618
16.819630,4.264877
16.877596,10.990705
-7.014654,4.714181
11.730090,13.877379
1.668270,-9.431616
17.374453,10.800891
17.008615,-9.975200
1.579176,-9.257685
17.233358,-7.082062
11.485119,13.910262
0.273312,-11.103833
11.088941,8.616807
-1.753463,-9.406071
1.065148,-1.172323
4.359843,-12.951224
11.186288,-12.483780
-6.986691,4.679679
-3.516807,10.230050
13.633734,-8.332322
1.462273,8.394955
11.170376,-12.485714
16.821648,4.268140
11.475431,13.884646
16.585926,-10.422069
2.623379,7.381038
1.439570,8.466747
20.163004,8.343956
-2.763283,0.654219
11.048386,-12.530237
-1.915574,2.798813
10.938578,-12.639798
-3.530561,10.220536
-1.507280,-9.172767
2.291398,13.984862
10.314193,6.778734
17.821795,-5.874457
16.861092,4.249032
18.884987,5.410866
10.440371,-12.939768
0.214641,-11.196087
10.859537,-13.138401
17.165871,10.434654
16.635096,-10.480626
16.595882,-10.369311
3.224052,10.368531
2.523247,12.290044
-1.495770,-9.518368
11.567847,13.894058
-3.512937,10.222346
17.224665,-7.073181
2.033245,-4.357980
-3.917039,-3.772502
4.148793,-13.161978
16.951241,14.505472
16.942841,14.504525
13.585731,-8.342513
-3.508621,10.230000
-4.142057,-2.005481
-5.956970,6.524120
-1.699574,-9.413103
10.359324,-2.996883
0.232255,-11.178897
16.819733,4.269459
10.327747,-3.028444
-3.918192,-3.774677
2.267496,-4.978418
-3.504272,10.224375
10.036028,14.875715
-5.945682,6.512199
2.614534,7.386424
3.518014,-9.362667
1.766281,-9.591083
1.465390,8.383316
1.643225,-9.445388
3.671013,-6.267892
16.848581,4.275264
7.013844,2.361778
6.728719,-15.532197
-3.590449,-0.254688
4.041274,14.645887
1.704420,16.468456
5.526458,18.229115
8.786328,-8.013397
10.037642,14.878479
-7.089510,4.780920
16.852953,4.243592
1.717232,16.464912
11.183999,-12.488770
0.273117,-11.108200
4.166095,-7.238933
6.334251,20.012177
-5.649092,10.625918
1.997061,-4.397882
4.288367,-13.024457
-6.996188,4.686866
16.854351,4.242938
4.966038,1.333228
-3.083810,-5.342359
17.089806,10.428465
0.566008,7.899729
1.559280,-9.238383
11.819717,10.628168
10.945148,-12.522642
0.560847,7.897156
3.410304,-6.151153
2.622469,7.386788
-1.544255,-9.514127
0.585179,9.420775
1.475987,8.386069
9.524649,13.294742
2.102753,1.811892
6.971217,-15.719367
17.092318,10.433130
10.843691,-12.558310
0.233249,-11.176834
16.578329,-10.480191
4.260124,-13.053061
4.314826,-13.006140
11.559792,13.988111
3.416550,-6.162659
1.725449,16.428530
7.548188,17.779392
13.614637,-8.336632
10.804345,-12.530405
17.310061,-7.167096
19.514772,-7.636200
-6.953517,4.646536
11.023580,-13.206060
1.305105,11.706162
3.943158,-4.015902
10.840607,-12.521174
4.156177,-13.156090
1.399840,-14.720383
2.468596,-7.635798
3.710161,-6.447166
-1.474905,-9.470000
-2.767898,-1.589537
-1.742687,-9.403970
1.681805,16.495010
17.610514,14.881699
1.037790,-1.148465
10.760859,-12.551841
11.575781,13.910671
11.479137,13.894390
4.251164,-13.062813
16.827055,4.263857
11.688700,14.126309
11.839226,13.847207
11.136433,-13.115615
10.956447,-12.614313
11.468094,13.891798
1.997308,-11.974512
-2.166576,-5.864134
4.257781,-13.055517
17.411947,-10.609088
4.318083,-12.987382
15.032084,-6.917408
1.562441,-9.236307
16.847887,4.279995
-3.039204,-5.292644
2.000530,-4.396266
-1.508724,-9.345622
-5.936563,6.505921
10.062199,-3.517724
8.789116,-8.018153
13.645489,-8.386980
-1.520692,-9.309787
1.564993,-9.252017
1.469395,8.396519
18.870157,9.887488
5.003758,1.333374
4.331452,-12.976892
16.572411,-10.420891
0.234250,-11.176960
13.406838,-8.574797
-3.085087,-5.341082
-7.008806,4.702316
8.766664,-8.030783
4.329787,-7.472564
2.042969,-11.975267
1.761224,16.410564
11.542114,13.923524
-6.956128,4.644578
-1.070408,13.335139
-7.012641,4.705971
1.971910,-4.423697
1.058058,-1.155358
1.651163,-9.488832
-7.552011,2.340959
1.701475,-9.484808
0.230763,-11.180188
10.192743,-12.907718
13.669547,-8.375960
10.177954,-12.920321
17.252876,-7.100461
3.667382,-6.389564
1.677953,16.496710
8.791559,-8.019022
1.528782,-9.320969
-3.917899,-3.775590
10.877583,-12.532647
-0.155564,6.425802
10.919833,-12.548206
13.672729,-8.367081
17.226637,-10.811297
2.354751,15.340616
11.821669,10.628652
5.534201,18.264748
1.818939,16.326437
3.578008,-6.334302
2.621901,7.388669
5.125718,17.829025
2.010846,-11.972091
-0.989025,-6.583502
-1.750331,-9.424821
1.592440,-9.373823
13.326413,-8.674336
17.464144,10.723326
2.022492,-11.981224
1.511658,8.491076
-3.497833,10.243548
16.602421,-10.433698
1.824987,-9.569387
11.099940,-12.547904
1.466438,8.444231
1.701320,16.475111
2.096526,1.806202
1.615003,-0.971887
11.850066,13.824259
4.256025,-13.056129
-1.434029,-9.279767
-1.725647,-9.445388
3.389109,-6.143089
18.124340,9.119996
5.575962,18.274574
1.958728,-4.437472
20.168856,8.351704
-1.489163,-9.174109
-0.502238,8.625766
9.810030,14.895098
20.877525,5.427827
-5.960640,6.525537
12.765705,17.770132
17.439236,-10.938207
3.519498,-9.363799
16.067888,10.692825
-6.831365,-3.208141
6.907367,2.436238
3.511662,-6.324212
3.398702,-6.153137
2.040894,-11.972466
4.271348,-13.040035
3.219405,10.425853
1.561735,-9.242890
1.060995,-1.166535
6.778599,-15.577592
6.889076,8.009945
-0.959517,-6.605833
-6.807527,4.509429
17.154383,-10.784207
-6.826681,-3.211107
4.229238,-13.072195
2.284875,13.953141
10.919956,-12.513259
-1.584205,-9.216897
10.269869,-3.093210
2.027776,-11.974282
1.607481,8.544194
16.572750,-10.398286
6.908030,2.415141
-6.963899,4.670495
4.213709,-13.095679
-1.467920,-9.156226
1.355762,-14.689556
8.799722,-8.024603
-6.828560,-3.205987
11.944491,13.761821
17.039272,-9.996152
2.483441,-7.639866
17.209946,-10.680478
17.406635,-10.568928
10.480750,-12.974446
-1.476716,-9.177014
1.584622,-14.484324
19.504538,-7.645515
17.316559,-10.600765
13.329930,-8.605896
10.108627,-3.237797
8.028944,-6.552541
1.812571,16.352480
-1.070075,16.231525
-6.901317,4.599377
4.954759,1.317627
1.342865,-14.695159
17.174301,-10.631976
13.619847,-8.417251
17.250742,-7.113229
8.791430,-7.997329
2.415675,8.058730
17.627722,14.867427
6.728720,-15.528827
16.064466,10.692793
17.857979,-5.826400
-5.920603,6.487316
1.587527,8.499379
-6.781878,4.492794
1.059779,-1.172377
2.578344,-7.712589
-1.760675,-9.404768
8.798400,-8.030313
6.700430,-15.504317
19.459377,14.198934
10.929017,-12.931811
4.353552,-12.954123
2.621295,7.376188
2.030773,-12.056545
3.358685,-6.111627
-5.844475,6.408013
1.504003,8.362204
2.039208,-12.068602
1.044938,-1.165955
11.536406,8.169991
10.029526,16.883940
19.504372,-7.645213
16.771818,-10.495060
1.603656,8.519367
-0.500419,8.623105
6.737335,-15.538030
2.652500,7.362684
-0.502243,8.624990
10.219821,-3.118824
-1.048608,13.333206
-3.080827,-5.333996
-0.522905,10.122378
16.442976,4.173165
3.987696,2.181009
4.168624,-13.142272
11.129203,-12.562171
4.196812,-7.278766
1.580989,-9.331464
10.829872,-13.005268
4.285822,-12.993078
1.762582,16.409971
1.743497,-9.397053
1.447675,8.415514
11.179610,-12.481620
-5.936639,6.502384
2.294035,13.961424
3.401083,-6.162540
1.880614,-14.178942
2.346717,15.350703
10.126518,-3.238397
1.617117,-0.971791
16.204844,14.331235
4.938511,1.304233
-5.919567,6.495532
-0.412190,13.034926
-0.415035,13.040016
3.652741,-6.266231
20.362074,5.564492
-3.590380,-0.255759
-1.637852,-9.362618
10.488254,-13.172966
4.190563,-13.117731
8.036506,-6.552770
3.629483,-6.388450
4.396261,-0.611711
8.122317,10.478614
3.658806,-6.443246
7.140183,1.050535
14.379186,-7.290462
0.254375,-11.166265
1.346673,-14.692053
2.000943,-4.389759
2.004377,-4.390040
-2.765081,-1.591796
4.377815,-0.588084
2.003971,-4.376040
13.431669,-8.588229
16.525919,-10.353251
17.399607,13.265541
11.518625,13.916395
17.619400,14.844320
6.736754,-15.535398
1.436776,8.385366
-0.501149,8.624484
3.507533,-9.361396
2.981004,1.756316
11.633142,14.069548
13.492863,-8.449604
1.762214,16.406481
11.559732,13.916255
11.556307,13.898801
13.678766,-8.356356
1.503497,8.419312
2.335328,13.967813
16.086575,10.669343
1.684768,16.488220
16.855524,4.241601
1.443842,8.421225
4.331288,-12.973221
10.927317,-13.045753
1.350724,-14.688160
17.243858,-7.093206
-2.990175,-5.250071
-3.291722,7.934172
1.735076,16.439951
13.664251,-8.342469
1.339550,-1.283089
1.462182,8.395195
13.609153,-8.354489
11.534055,13.932403
1.450398,8.418687
-3.919135,-3.775350
1.697589,16.471796
1.746138,16.456522
13.652520,-8.291053
10.329391,-12.955241
16.859011,4.272278
1.440610,8.404669
6.723893,-15.526864
1.532508,-9.226130
12.840931,-8.791136
4.243067,-13.059458
-3.510650,10.227556
17.127892,-10.790546
13.526981,-8.358851
-5.937065,6.502537
10.892611,-13.208678
-6.703404,4.467930
2.120545,-12.048904
1.822411,-9.606259
11.815656,10.624247
-1.723221,-9.476930
1.482064,8.392212
-5.936685,6.503055
-3.081843,-5.329245
16.912216,-10.403416
-1.612135,-9.340099
16.598360,11.496655
10.226305,-12.929873
1.056964,-1.158103
-3.262232,7.914818
7.961968,-6.537020
11.538168,8.170401
1.048703,-1.161693
10.992386,-13.015500
13.582387,-8.330130
6.009278,-5.754423
1.709993,16.472286
11.497478,13.913862
11.210884,-12.493901
13.572643,-8.383640
12.756292,-8.770453
0.573635,9.412631
1.483006,8.397754
-1.738813,-9.402201
1.502567,-9.267850
7.992049,-6.528275
9.987641,16.961866
14.968672,8.890504
2.098220,1.813059
17.196062,-10.806719
1.566708,-9.225454
13.584093,-8.342861
2.346306,15.356401
1.625524,-0.957232
-3.079828,-5.320319
1.763562,16.403774
17.382294,-10.507902
11.012475,-13.168627
17.519876,-10.651658
14.982577,8.886226
4.007103,2.195034
2.533696,12.296775
13.552612,-8.356776
11.110152,-12.518852
23.118786,0.967256
11.472682,13.912873
6.752139,-15.549867
-5.958266,6.525529
10.734574,-12.554502
-6.992466,4.685499
3.962181,2.160147
17.844273,14.455011
10.558631,-13.199892
1.666543,-9.460595
1.568141,-9.251181
13.503853,-8.427666
-1.666960,-9.275984
14.511012,10.831522
3.043555,-4.837199
-0.415142,13.037621
1.305138,11.705726
0.238216,-11.174659
8.024960,-6.556649
-1.721736,-9.291890
2.003636,-4.386363
2.004421,-4.395756
4.354496,-12.953993
4.412941,-12.895160
3.461612,-6.197841
-2.759420,-1.583202
13.644594,-8.305712
3.708501,-6.341211
8.786002,-8.006392
1.747430,16.422380
13.600353,-8.330091
1.606339,-9.387854
-0.525444,10.124111
17.300985,-7.156849
20.873627,5.433206
-7.135741,4.827326
16.188467,10.535074
8.042048,-6.569842
1.678969,16.493977
3.515006,-9.361099
2.348673,15.347020
1.479700,8.456095
1.456957,8.429217
6.973600,14.126483
-0.895298,-6.644286
4.158475,-7.236538
9.808232,13.061927
2.002546,-4.395091
2.020056,-12.030221
1.331917,-14.704185
4.360474,-13.000113
-3.091672,-5.344013
-1.486910,-9.242779
14.508143,9.122744
-7.061718,4.754077
0.240586,-11.170913
1.765327,16.402704
11.029729,-13.191729
18.870968,5.424153
10.383687,-13.033330
3.605072,-6.305304
11.160327,-12.513278
10.340529,-3.018439
1.578742,-9.264939
1.468857,8.435872
10.954310,-12.571595
11.845706,13.795083
16.958755,14.503991
1.772735,16.394381
11.022295,-12.502618
17.041986,-9.991888
-1.542897,-9.436777
-6.826067,-3.209181
11.557323,13.919871
1.912044,-14.149305
1.895471,-14.167064
1.349804,-14.644899
10.999103,-13.151391
5.985956,-5.775597
3.912788,-3.976589
11.700393,14.132833
-2.943377,0.464473
1.447056,8.427298
9.590711,10.232302
-7.549480,2.341763
11.091150,8.626092
2.006615,-4.384928
1.444281,8.423326
4.190905,-7.264208
11.812968,10.621040
1.715773,16.458055
15.350104,5.651860
11.172778,-12.516473
23.115805,0.971290
-4.176316,-2.054580
1.777259,16.371130
16.994123,-10.006454
-1.105247,5.589324
13.584709,-8.375006
-1.572616,-9.511781
-3.052772,12.558959
-0.237652,6.374329
16.647614,11.515272
13.377631,-8.634460
6.784493,-15.576873
8.778722,-8.007630
-7.090226,4.782925
16.997688,-10.481569
1.600519,-9.465107
5.674354,8.730445
10.392897,-12.939508
13.336232,-8.642689
-0.252773,6.371103
11.002938,-13.212276
1.728029,16.447050
17.146807,-10.194210
16.633007,10.347553
10.337182,-3.020693
16.971231,-10.381702
4.264059,-13.036245
6.019671,-5.737063
1.996471,-4.401204
1.666329,-9.521739
-0.501386,8.625313
1.608964,8.519484
15.298302,1.328981
2.024073,-4.381134
-1.629323,-9.476727
-0.411833,13.037507
3.538856,-6.248525
7.026844,2.339359
4.297656,-12.981580
10.175565,-13.055455
9.536787,13.240076
14.953568,8.906393
-1.510266,-9.535338
2.146859,-12.070392
10.284381,-3.077200
17.232353,11.179675
-5.648658,10.625685
16.822268,11.274425
11.486006,13.900165
7.009352,14.096090
13.582114,-8.354608
1.445868,8.417573
8.758143,-7.991129
1.569796,-9.273170
6.258965,9.442903
11.482093,13.895654
-2.561002,-3.328977
1.998008,-4.392386
1.465685,8.372631
2.098540,-12.082089
-7.071332,4.763331
11.753901,13.835986
3.481937,-6.201374
-1.739368,-9.384514
-7.119655,4.811787
11.118294,5.443942
8.832506,-8.059452
16.455402,4.181211
3.917938,-3.982566
-1.527519,-9.300941
-0.499492,8.624180
17.122843,-10.114297
-6.833613,4.536757
1.759610,16.408575
3.226679,10.352379
-1.053473,13.337048
1.322270,-14.713419
-3.060927,12.550399
4.253199,-13.052908
3.628222,-6.252112
20.890400,5.417755
2.630541,7.389352
-2.606491,0.822727
5.530771,18.223047
16.771284,-10.592890
10.970430,-12.559129
3.398119,-6.145063
1.612594,8.530251
13.415782,-8.560400
13.418900,-8.597678
2.024411,-11.991704
17.631195,14.864655
4.173102,-7.261618
16.454725,4.173839
10.041853,14.881981
6.956933,10.365304
-3.109076,-5.364612
-4.094989,-2.053014
-7.896041,0.526520
20.170555,8.359685
20.163715,8.344662
4.334973,-12.971590
4.332633,-12.971539
-6.838774,4.532027
1.592729,8.503884
4.194980,-13.115153
3.228871,10.346662
11.844442,13.885211
1.512993,8.355803
10.195477,-12.941861
-1.702830,-9.357046
11.813348,10.621635
-3.531647,10.222126
-6.773619,4.481283
13.389935,-8.603127
-0.399056,13.052468
-1.401101,-9.449832
4.973709,1.348451
-7.392653,0.644167
1.523680,-9.199129
10.349445,-12.906546
3.672236,-6.424129
17.076605,-10.031284
17.327515,-10.653920
11.127177,-12.467876
1.618936,-9.390435
10.868932,-12.514820
10.498337,-12.865332
-2.679212,15.518249
-3.919423,-3.777771
8.037721,-6.570707
8.043848,-6.575253
6.764811,-15.561010
11.648811,14.086484
17.129482,-10.626996
-4.041590,12.063807
-3.024092,10.014357
4.177964,-7.254173
1.090507,-1.185439
6.979887,14.064092
1.354964,-14.722676
10.067102,14.895335
4.290624,-13.015980
11.471633,13.894171
10.467468,-12.768927
6.940979,10.379888
7.018509,14.098799
16.733723,-10.566284
7.018184,14.099474
6.707814,-15.514558
10.410263,-12.903435
8.025934,-6.511634
16.600689,11.491145
3.491760,-6.193877
1.710762,-9.578457
1.612004,-0.976183
10.492881,9.982083
-3.501034,10.235532
15.353342,5.654678
17.045410,-10.020926
3.667137,-6.410442
10.451383,-12.750322
16.774418,-10.582930
1.647700,-9.441709
2.092428,-12.042561
16.124159,10.650751
14.504591,10.835868
11.835598,13.823195
1.034822,-1.211416
1.594664,-14.477058
16.061663,10.692316
-4.128896,-2.004048
-5.913294,6.479914
3.472977,-6.209922
15.664643,-12.206253
1.919099,-14.141785
-6.718369,4.437748
-5.646654,10.626574
16.827093,4.268659
-4.095670,-1.967726
18.858988,5.433458
10.452690,-12.699240
10.858361,-12.945069
1.603064,8.527653
10.726998,-12.549838
17.200863,11.172920
-6.948379,4.640523
-1.723917,-9.511648
-2.991225,0.408004
-5.645687,10.628441
13.376143,-8.630505
10.937796,-12.546870
10.208084,-12.963757
11.802772,13.933425
17.103664,11.096822
1.424708,8.390428
0.239334,-11.172401
17.087793,10.426822
20.575203,5.649988
10.333924,-12.950649
8.001101,-6.529675
11.831371,10.638786
10.326627,6.768139
4.432447,-0.607906
10.411211,-12.775830
-0.423923,13.086536
11.612989,13.954990
1.806818,16.360533
15.687341,-12.185306
17.108269,11.096581
10.036145,11.091677
11.014817,-12.538611
1.611290,-0.975917
16.992756,-10.026468
1.563975,-9.266318
3.226492,10.352828
-2.768341,-1.596508
1.061180,-1.157182
3.518443,-9.359146
-6.767406,4.470363
-5.937106,6.501630
10.476496,-12.606739
-5.734159,10.554993
4.202522,-13.109619
17.206036,-10.750155
17.287077,-10.568244
-2.765543,-1.584468
4.163149,-13.143995
2.627663,7.378678
2.029126,-11.990137
10.464719,-12.741322
3.407175,-6.152272
11.147869,-12.533063
1.734385,-9.591493
2.347066,15.351974
2.307942,15.407137
1.657150,-9.447200
8.774400,-8.002819
2.015765,-4.376215
-6.499598,-3.699170
8.010176,-6.547018
14.362271,-7.285082
10.770855,-12.539980
11.796217,9.002652
2.343167,15.354936
8.050986,-6.589814
-2.965891,0.434424
10.990842,-12.919948
10.185150,-12.934626
-1.638274,-9.459235
-0.966165,-6.598285
2.144954,-12.075237
2.002719,-11.962017
-7.895691,0.529161
10.516730,9.938760
-1.450222,-9.122930
20.898355,5.409801
6.335466,20.013727
1.319176,-14.719551
1.750575,16.425110
-1.714604,-9.455379
3.488953,-6.222550
10.494430,-13.150289
1.049900,-1.164187
14.379565,-7.288272
17.018820,-9.954836
2.118058,-12.057174
11.898746,13.827444
15.532469,-12.332529
-2.951907,0.450886
18.870062,9.891915
1.359292,-14.685950
1.759358,16.410395
2.003629,-11.961286
1.328805,-14.709545
2.002247,-4.391063
-7.855883,0.542094
18.131372,9.116853
8.728285,-7.956217
17.025135,-10.051595
10.298954,-3.062107
10.953522,-12.945166
11.121921,-12.696107
-0.415925,13.036910
14.944185,8.907659
-7.058591,4.747997
2.038760,-12.033086
2.025381,-4.366508
1.048501,-1.155249
-0.466630,8.644678
10.912917,-12.943071
1.423915,-14.610424
8.758373,-7.983840
11.086957,-12.994249
-7.549992,2.343423
-6.868975,4.563202
2.296240,13.981362
10.347119,-3.016010
11.115419,5.445322
9.559222,12.160645
2.626681,7.420157
-6.897377,4.586711
1.603591,-9.367988
16.812618,-10.211910
6.323087,8.966400
11.788932,14.192639
9.095510,16.549253
13.511820,-8.415399
5.537311,18.235886
23.116266,0.968083
8.045067,10.442452
1.674765,-9.429674
7.153657,1.045388
16.972300,-10.027124
7.035417,2.347314
10.318507,-3.043784
16.829685,4.264318
10.806334,-13.077124
8.791972,8.577655
10.218044,-12.920596
1.364192,-14.675546
-3.264242,7.912980
17.115709,1.988118
16.826025,-10.170215
15.026545,-6.917840
5.999692,-5.764039
10.812802,-12.889377
11.132838,-13.098210
1.686272,-9.485707
17.036375,-10.030977
-5.953991,6.517912
2.058118,-11.976704
14.501323,10.833624
17.269316,-7.120698
-5.723544,10.560367
1.625908,-9.418299
-6.851389,4.547377
10.196690,-12.950236
1.596644,-9.356297
15.243413,5.580037
10.462125,-12.700738
15.549706,-12.315391
1.778702,16.401424
-2.344406,15.755432
1.706802,-9.499562
2.296489,13.966736
2.477331,-7.649332
-5.626052,10.646662
9.999971,14.898900
1.357992,-14.673839
10.695661,-12.830506
11.639653,14.044745
-5.660038,10.615686
10.303636,6.786342
1.684039,16.493042
2.479139,-7.644106
-2.763739,-1.589372
1.057994,-1.171457
1.336120,-14.706520
2.209267,-4.208430
14.944518,8.918307
2.036229,-11.980533
1.874460,-9.587025
10.937123,-12.920766
2.521817,12.279716
11.818955,13.967008
15.025984,-6.918207
4.186764,-7.260175
2.479815,-7.639767
11.809558,14.005856
10.940080,-13.012796
2.008950,-4.403422
-3.914544,-3.773955
17.074369,10.428286
4.388861,-12.910094
11.076815,8.632676
-0.877745,-6.658911
1.353379,-14.688816
1.669218,-9.412293
10.826622,-13.098539
12.833377,-8.786132
11.509037,13.893441
1.860996,-9.620225
8.766516,-7.993041
7.020197,14.070930
1.599550,-9.370267
-7.891372,0.530824
-1.540011,-9.469518
8.756943,-7.970354
0.564871,7.900788
16.724024,-10.571064
1.863243,-9.576588
16.451967,10.886625
0.988866,-1.094825
11.526635,13.881965
-5.931662,6.497747
11.535988,8.169759
2.471919,-7.641437
6.741861,-15.542746
-1.915673,2.792361
11.103086,-12.558085
17.120945,-10.654610
9.170881,5.636056
10.786253,-13.115426
-3.087693,-5.343137
-3.919498,-3.775813
4.335912,-12.971465
2.006137,-4.388945
14.973743,8.889696
1.884256,-9.593607
16.812378,4.264488
10.832648,-13.069281
11.016196,-13.217481
11.813851,10.620686
18.835739,5.460153
-0.212648,6.390333
17.199303,11.130700
4.275880,-0.307858
1.699860,16.473989
11.499899,13.889234
-0.432330,9.944678
1.805667,-9.522118
9.994722,16.982336
11.525961,13.924357
9.991909,16.958347
1.536412,-9.325356
10.034934,11.102188
-2.770945,-1.613962
-1.326910,-9.313052
-1.853438,2.805450
1.352418,-14.673563
16.590200,-10.396008
1.817765,16.350758
1.555472,-9.325502
11.793833,13.865812
1.753011,16.418062
1.520602,8.451726
2.016339,-12.062519
2.393768,-11.867826
10.808678,-12.543408
16.599487,-10.436937
-0.412721,13.040347
17.125076,-10.222628
1.640521,-9.423138
-1.079090,13.353251
3.631066,-6.283080
1.861101,-9.571973
4.216268,-13.091888
2.623579,7.391852
8.771563,-8.004387
3.966008,2.160419
1.830271,-9.593135
-4.132805,-2.005372
17.029474,-10.016990
11.619501,14.049607
11.163280,-12.598492
10.267237,-12.923728
10.812978,-12.537003
9.983989,16.973665
-2.965364,0.433585
-6.832659,-3.203479
9.094749,16.544727
14.967199,8.897614
17.226442,-10.196671
8.030912,10.450532
-2.765947,-1.593276
1.745284,-9.541293
17.162682,-10.796768
2.453678,-7.626121
-7.065243,4.756673
10.796794,-12.952832
4.349535,-12.956493
-6.872676,4.563282
16.657238,-10.490015
1.560136,8.469503
10.984561,-13.221232
1.492719,8.395418
0.232836,-11.177515
15.348393,5.650772
16.854988,4.246218
-3.523537,10.234177
3.457464,-6.206792
11.735765,14.049325
8.820928,-8.041853
2.037733,-12.007109
8.789044,-8.016888
7.986882,-6.525144
-1.730315,-9.465186
2.058522,-12.058349
11.760090,14.163952
-7.082297,4.774935
8.789218,-8.016285
2.522632,12.282034
-1.643696,-9.469941
-1.414488,-9.338239
17.254982,-7.109856
3.676221,-6.322153
8.776855,-8.005248
16.853102,4.245895
10.547857,-13.238406
9.506049,13.312170
-0.968764,-6.597432
-6.938276,4.632113
20.165737,8.347098
17.423752,-10.575884
7.031932,2.369816
13.352573,-8.655337
2.472576,-7.635699
1.050858,-1.159372
18.854851,5.445870
-7.058180,4.754627
17.229412,-7.074271
-0.533995,10.165139
11.760899,13.834195
1.797262,16.371664
-1.585409,-9.452659
0.241068,-11.167738
14.995562,8.881454
2.474280,-7.646315
17.022312,-9.998629
7.154469,1.041625
-1.710557,-9.424126
1.706555,-9.572752
-3.523750,10.223516
4.523274,-0.615961
-6.875042,4.579203
6.037459,-5.723194
11.817536,10.625564
20.890604,5.419772
-1.079631,16.224489
16.854130,4.244978
1.581816,-9.356969
16.608969,-10.385578
4.959736,1.316073
-0.931756,-6.630129
-1.694082,-9.376214
5.138330,17.840851
2.663461,7.332940
17.315016,-10.424417
-1.529069,-9.474468
16.781919,-10.604413
-6.798021,-3.248534
1.587484,-9.277353
-1.417168,-9.477476
1.651039,-9.424724
17.364681,-10.679614
3.621688,-6.379145
-2.901344,0.506174
20.891504,5.420865
17.179111,-10.210199
16.947437,14.517451
12.862789,-8.765052
-1.617121,-9.236785
17.099545,-10.801904
-1.645931,-9.253498
-1.358629,-9.176914
7.541156,15.551425
1.848368,-9.645582
6.324019,19.999788
17.395334,13.262098
17.245760,-10.655853
1.702963,-9.559891
2.324856,13.960381
3.608230,-6.367653
1.699904,-9.459164
-3.082314,-5.339278
-1.558113,-9.275752
11.001539,-13.209312
4.412110,-0.650541
14.963579,8.900474
16.629610,-10.498023
10.511321,-12.598071
-5.924431,6.491302
3.510737,-9.358206
6.256113,9.441437
16.630602,10.348775
11.074418,-12.640077
1.583871,-9.276493
-3.587988,-0.258139
15.614274,-12.257898
-6.982543,4.672780
10.548590,-12.952744
1.820938,16.357718
13.431289,-8.576210
-0.499491,8.625701
6.956405,-15.708033
16.599415,11.493966
20.173864,8.355868
-6.864986,4.555422
-2.570512,-3.332400
13.398655,-8.612776
13.564854,-8.371692
4.221532,-13.088533
3.522464,-9.366427
3.648052,-6.409388
1.047484,-1.154951
-1.370271,-9.349091
17.306969,-10.440051
3.679809,-6.436756
3.436297,-6.169345
-1.473049,-9.485925
-6.744707,4.458292
1.681239,8.581206
11.013663,-13.191957
10.535710,-13.204094
10.120531,-13.030331
2.523445,12.286128
6.003665,-5.759259
15.352546,5.653164
1.603214,-0.973081
2.628787,7.397765
-0.966131,-6.599686
7.508473,18.018450
17.147831,-10.767135
11.710473,14.169827
16.598019,-10.404449
-1.521196,-9.182969
11.538543,8.171634
-7.950277,0.512025
13.520984,-8.406428
2.527343,12.287648
17.397417,-10.463501
-3.488914,10.208903
2.118597,-12.054232
10.179944,-12.937833
1.754931,16.421543
16.925100,-10.693946
2.003364,-4.392060
-2.598724,0.830859
11.010772,-12.438190
17.431265,-10.489408
14.962577,8.899784
5.574420,-7.581672
13.340549,-8.669260
4.197665,-13.110738
15.695697,-12.169287
10.830907,-12.650146
3.933810,-4.008563
10.908469,-13.013667
10.067616,14.897147
1.791654,-9.553786
17.057333,-10.026906
10.507858,-12.626550
7.954828,-6.493958
10.577102,-13.234186
-0.412043,13.043812
13.326018,-8.667393
-1.648930,-9.259724
10.384737,-12.991822
2.623073,7.387149
2.004793,-4.386602
17.263865,-7.120392
11.852857,13.933835
4.265925,-13.030332
12.920829,-8.734820
-3.500006,8.388766
13.333123,-8.667403
10.770173,-12.611128
17.218632,-10.815599
17.063616,-10.027775
11.928056,13.760532
-1.067505,13.362600
3.659457,-6.360388
7.014741,14.099513
17.160986,10.437637
8.045605,-6.569538
17.403719,-10.687899
3.556750,-6.316852
10.157574,-13.055186
10.544197,-13.163360
3.510800,-9.355329
10.215917,-13.064765
17.131084,-10.790480
9.506992,13.307568
14.902407,8.940159
-1.366955,-9.208592
11.811563,13.931938
20.167130,8.354616
-1.058431,13.347741
1.676064,-9.423773
1.633375,-9.425270
16.677788,-10.347071
16.832111,11.202154
10.635936,-13.223511
17.408192,-10.502119
-6.845971,4.540285
20.905663,5.406499
17.131582,-10.777367
11.877445,13.821491
9.502597,13.313567
11.093810,-12.514782
-1.579249,-9.435452
3.931873,-4.005935
-0.409606,13.033599
16.626343,-10.348199
-1.103368,5.607957
4.466074,-0.585072
-6.495374,-3.706769
16.588732,-10.414705
11.012231,-13.210393
1.532443,-9.238286
8.775608,-8.004177
-1.973943,2.849833
17.400314,13.263370
3.653734,-6.415284
3.671227,-6.318486
4.329940,-12.971446
17.403650,10.797601
16.370310,14.367571
9.778055,13.084732
10.146940,-12.979667
1.054717,6.294052
14.966078,8.896211
4.325519,-12.978058
20.575171,5.670389
13.346412,-8.657078
1.800225,16.368601
4.235000,-13.064188
-5.929128,6.495630
2.296573,13.963805
16.562048,0.272652
-1.555276,-9.441517
1.523002,8.442349
13.284285,-8.714796
10.338872,-3.023669
-1.378046,-9.332588
7.020141,2.355334
7.993853,-6.532828
-7.905824,0.519982
8.188570,10.644567
-3.074208,-5.325143
-3.483775,10.217562
16.927347,-10.713453
5.535414,18.231867
-6.806268,-3.240905
3.227746,10.359901
10.901864,-13.196642
5.539690,18.240658
-6.815980,4.518245
17.238253,-10.837720
17.262848,-10.747088
15.576794,-12.287946
1.801846,16.365959
-3.279054,7.925690
8.036087,-6.547558
1.997045,-4.400187
-3.088736,-5.348080
14.999638,8.879157
1.346826,-14.698299
-3.499245,10.222510
1.692661,-9.456800
8.767211,-7.996015
1.578279,-9.365179
-1.502267,-9.236781
3.525565,-6.266896
8.790529,-7.993560
11.142817,-12.460927
11.125585,-12.607272
2.516324,12.280807
1.330689,11.681062
-1.684897,-9.448163
10.040253,14.886082
11.603781,14.021893
13.534917,-8.394178
14.471726,10.815648
17.061277,-10.039317
17.118328,10.454165
-3.919820,-3.774472
10.823361,-13.095222
4.324469,-12.979509
-7.382123,0.646213
-7.016598,4.710824
-1.696466,-9.397457
0.240432,-11.170090
4.333439,-12.973577
13.764395,16.232443
-6.894840,4.585893
-1.625602,-9.400288
2.415230,-11.843181
14.505618,10.838839
4.294290,-13.014035
-3.512464,10.237891
-1.692153,-9.366209
-1.565194,-9.431738
-1.643749,-9.357367
10.996472,-13.202887
-3.570279,10.278919
11.492844,13.904729
10.853163,-13.243195
-1.292910,-9.333069
11.698438,14.111300
16.849556,4.251218
-4.140662,-2.023590
-7.382669,0.652377
7.129697,1.066322
-1.432541,-9.270173
10.862947,-12.539476
3.511641,-6.290009
16.815567,4.264240
16.060219,10.722723
-6.815211,4.521132
3.510699,-6.296109
11.480934,13.878472
2.441375,-11.823733
16.908802,4.286855
3.404480,-6.149404
2.005168,-4.386988
1.018292,-1.165415
-0.497023,8.629192
-1.494012,-9.188746
8.002364,-6.532358
16.824442,11.207678
2.340443,15.356170
17.170650,-10.787733
5.700501,8.668789
-1.467119,-9.157638
2.294127,13.967476
-3.036901,10.022849
-3.059344,-5.315772
1.774336,-9.488501
3.431608,-6.180262
16.865902,4.274231
-0.413353,10.886772
1.853331,-9.609103
6.722383,-15.524625
16.867378,4.284082
-3.075663,-5.328875
-3.057614,12.555040
9.963476,16.942293
8.749087,-7.977463
10.313949,6.779923
-1.523679,-9.410929
10.083145,14.891500
1.581865,-1.042530
1.551603,-9.266302
7.482740,18.049463
-3.480959,10.205091
-3.530097,10.241426
-6.864421,4.564283
17.541517,-10.917336
1.592609,-14.479865
0.285232,5.791437
17.154367,-10.644977
8.737083,-7.964736
17.161720,-10.780337
-1.666819,-9.282649
6.031632,-5.740458
-1.484784,-9.553122
3.516206,-9.360362
17.103956,-10.191085
16.863020,4.267303
8.041513,10.433771
-7.916782,0.532209
1.764088,-9.493834
8.436028,-7.709968
6.889666,8.009521
-7.071475,4.759669
-1.100745,5.594254
10.834877,-13.134289
-5.672912,10.602864
4.403230,-0.602828
13.354611,-8.654007
2.108659,-12.062104
-0.991245,-6.575211
9.503664,13.316507
10.458636,-13.141663
1.565392,-9.255539
1.775527,-9.530125
-6.835629,4.529457
11.517735,13.928411
2.484590,-7.656681
10.811565,-13.187654
-1.509467,-9.519027
11.132609,-12.520014
16.981571,-10.041004
-4.142976,-2.018196
4.300059,-12.986088
1.308812,-14.735146
-5.849460,6.410617
5.116182,17.826944
7.997321,-6.539152
7.997522,-6.534156
2.053278,-11.971251
-6.787323,4.493621
16.612307,-10.409043
1.833872,-9.570823
-5.900869,6.469347
11.649951,14.068294
1.857042,-9.586555
2.611925,7.407192
1.058172,-1.158919
-2.948570,0.458345
2.128657,-12.070988
11.706886,13.872756
1.056122,-1.157815
4.362299,-12.945560
-6.839673,4.542217
3.481446,-6.217582
-3.515614,10.231146
4.332769,-12.975301
-1.527637,-9.469180
3.219601,10.345317
10.432621,-12.861680
5.955637,-5.806946
2.054380,-11.982420
-6.616288,4.343940
11.681561,13.973938
17.408138,13.272440
1.630912,-9.397055
17.390192,-10.597605
18.870615,9.884213
1.994567,-4.392022
1.704830,-9.573515
11.143704,-12.540965
2.483330,-7.649803
17.382605,-10.692934
3.932309,-4.006563
17.134171,-10.762271
-3.499189,10.235470
2.119879,-12.058135
7.016525,14.097637
15.603341,-12.265410
-2.945445,0.460835
-3.499499,10.232477
-0.423628,13.044074
2.537108,12.225736
3.241044,10.419381
-7.550204,2.341935
10.869197,-13.065121
1.994117,-11.955676
-0.378789,10.989867
-1.682709,-9.437777
3.441051,-6.192323
-1.615314,-9.377511
10.319516,-3.042112
16.857157,4.278883
2.482389,-7.653199
1.508170,8.415680
20.878798,5.426167
10.869428,-13.078192
16.864450,4.266027
16.657461,-10.506018
1.004920,-1.111539
17.399897,13.266531
-5.686641,10.590503
1.645645,-0.943251
2.347515,15.347806
1.809893,-9.536050
-1.539660,-9.416613
18.838940,5.459479
3.452806,-6.191769
16.857138,4.246974
-3.032714,10.016301
17.428188,-10.557111
11.825274,14.128757
1.054782,-1.157634
3.587026,-6.354407
4.227960,-13.073059
3.607042,-6.378959
17.113617,1.992843
-1.582064,-9.493034
-1.492975,-9.504951
13.352310,-8.640712
1.056929,-1.156895
18.795282,5.498078
9.994251,16.972937
-1.369171,-9.218440
1.749202,-9.468362
1.689487,-9.487085
13.716430,-8.382854
-3.056685,12.555335
6.940127,10.381378
11.769497,14.203955
-6.797522,-3.243408
1.772946,-9.593841
3.589392,-6.377661
-2.764708,-1.588688
-6.872866,4.578964
1.816954,-9.588519
6.854249,8.040790
3.519225,-9.365337
1.790891,16.378201
-5.960190,6.525021
4.167324,-13.142076
-0.962112,-6.603714
17.846418,14.446740
3.513662,-6.254489
17.232206,-10.833092
7.153105,1.040490
2.106224,-12.071529
16.947926,-10.742705
1.620195,-9.602209
11.078701,-12.514428
1.736169,-9.663074
1.757154,-9.609801
10.574205,-13.246293
-2.767252,-1.592136
9.493581,13.317923
3.520813,-6.316341
14.991100,8.879045
1.051969,-1.162516
4.333158,-12.971941
13.326110,-8.685335
-6.782743,4.484174
10.317688,-3.041363
10.066098,14.894601
16.538761,-10.433253
10.916698,-12.528999
17.152874,-10.260190
3.373565,-6.122153
10.466508,-12.836255
17.435551,10.720978
7.017123,14.101413
3.570369,-6.233809
10.177852,-12.887062
10.148471,-12.972227
1.700103,-9.547668
4.123242,-13.188247
17.636730,14.859822
3.595144,-6.355895
10.600410,-13.228272
10.936436,-12.542333
1.606545,8.502328
0.231955,-11.179700
1.042390,-1.149862
1.650970,-9.433598
16.492289,10.379964
1.867079,-9.584412
3.442300,-6.181336
1.335462,-1.237686
16.971989,-10.522548
-5.582596,10.691676
-5.938800,6.505260
15.028883,-6.918140
1.670873,-9.475898
14.368850,-7.288988
11.529707,13.902614
-7.062195,4.752284
7.526125,17.973331
11.091521,8.626129
0.576814,9.413179
17.314047,-10.405635
1.667592,8.573020
3.543370,-6.270806
17.603285,14.855033
17.424511,-10.444686
0.233829,-11.177500
-2.951453,0.454610
4.328548,-12.975693
15.028925,-6.917654
10.268466,-12.953381
4.324907,-12.979503
16.902929,-10.729906
10.574265,-13.223027
17.289467,-10.723061
1.065685,-1.156315
2.035350,-12.018993
13.457969,-8.525326
4.339824,-12.950557
10.030873,14.873138
6.677824,-15.461072
1.704577,16.472866
-3.076551,-5.323960
8.027373,-6.548886
1.817829,16.348337
11.817701,10.625810
4.164632,-13.146671
-5.647379,10.626621
-1.589240,-9.355246
13.346006,-8.662745
10.321330,6.771190
-5.915278,6.483203
-6.735003,4.473472
15.699761,-12.166971
3.395961,-6.155072
-3.498165,10.242250
4.179641,-13.129493
7.026756,2.356613
1.053182,6.283350
10.541852,-13.189067
15.019065,8.839541
17.175402,-10.625268
-5.644072,10.629742
13.500786,-8.432529
3.650604,-6.405303
10.317979,-12.923016
10.347950,-12.824722
13.407295,-8.604559
16.184372,14.325089
-6.860677,4.553637
1.052443,-1.156666
-3.482014,10.256563
10.035678,14.886559
4.246417,-13.053536
8.017504,-6.539993
2.447379,-7.612421
10.386414,-13.046481
-5.930123,6.495804
6.756655,-15.555392
6.974844,-15.721468
3.397136,-6.159029
17.156723,-10.766353
10.624965,-13.220978
-1.496890,-9.565206
7.548909,17.020845
2.110155,-12.065905
-1.442062,-9.125850
10.648277,-13.179980
2.475034,-7.640619
17.571331,-11.031352
8.786198,-8.014462
16.430996,4.171217
4.240787,-13.053844
2.103002,-12.045495
17.213654,-10.806840
16.743855,-10.560394
19.511749,-7.638701
16.856785,4.254140
13.572233,-8.364799
-5.725505,10.560604
1.884953,-9.613541
15.030036,-6.918210
11.887625,13.858966
-1.696520,-9.397052
17.169003,-10.727918
-7.909096,0.527071
10.337596,-13.080336
1.627654,-9.414352
4.156769,-13.149627
16.832283,4.270275
16.961962,14.495232
16.525934,10.372094
1.570969,8.506740
10.084211,14.878046
10.030877,16.665403
2.476475,-7.642153
17.451948,-10.590453
-1.360096,-9.212989
14.489636,10.828836
17.328350,10.655637
1.636565,-9.380074
17.203245,-10.725991
1.320922,-14.715755
-3.074635,-5.321425
-1.704531,-9.338739
13.622878,-8.323516
4.321163,-12.972922
4.911954,1.283391
16.825829,4.273318
16.286304,11.042034
-2.178120,-5.864792
17.012236,-9.949334
1.310432,-14.724290
16.855099,4.272382
-0.493680,8.617198
-6.677722,-3.475107
5.532600,18.225830
1.664985,-9.337704
17.638617,14.866549
16.982777,-10.053004
-1.719293,-9.497256
17.133301,-10.269570
1.490726,8.461608
17.281374,-7.137697
-3.536614,10.266556
3.912572,-3.973598
-5.655584,10.618376
2.069172,-11.957918
4.295567,-13.010060
-1.669466,-9.292610
5.507583,18.246731
16.678741,-10.272019
4.375109,-12.929137
15.282382,1.343894
0.239898,-11.171782
11.321406,-12.725771
-1.599619,-9.282928
11.211040,-12.666368
-2.952483,0.453995
11.708916,14.124307
10.867127,-13.147269
17.317635,5.541709
-0.496693,8.624601
6.724792,-15.524516
11.307309,-12.709499
10.823446,-12.544071
6.942638,10.379365
13.653153,-8.369652
3.226485,10.439189
1.077193,-1.186021
-6.842184,4.557034
-0.413202,13.034041
11.622510,14.075828
1.504881,8.447115
16.671896,-10.341871
-3.948492,-3.797347
9.982049,16.972651
17.582067,14.910550
11.693256,14.108892
3.553275,-6.345901
-0.406128,13.030387
11.889572,13.818611
7.890044,16.391886
-6.797888,4.500323
10.857807,-12.602916
19.103333,10.669775
6.021529,-5.744368
-6.980756,4.673703
9.541100,13.244565
-2.758992,-1.579102
17.124968,-10.651645
11.534278,13.974308
-7.551945,2.341039
-7.384992,0.647671
13.592714,-8.342049
8.046050,-6.578717
16.881378,-10.447531
6.725684,-15.528401
1.812369,-9.554860
1.525205,8.430271
-1.753557,-9.456383
7.038069,1.094723
10.798763,-13.062675
16.841702,-10.444297
3.606664,-6.267137
4.301987,-12.984749
11.286703,-12.649713
11.473457,13.973663
8.753641,-7.985110
2.006995,-4.393292
1.999004,-11.956143
3.245008,10.419288
17.236973,-7.079410
3.515152,-6.237347
10.010989,12.139557
2.029482,-11.961296
1.912743,-14.150251
8.049286,-6.582906
15.668912,-12.189131
-7.553663,2.340225
3.438632,-6.179856
3.403455,-6.148144
10.348116,-13.055573
-3.020752,10.011696
1.531691,-9.311844
8.043028,-6.576558
11.641151,13.991289
4.037290,14.645684
14.417414,10.731910
13.497890,-8.456510
16.590040,-10.315510
-1.706711,-9.427291
3.511252,-9.363327
16.856611,-10.524958
16.898563,-10.455969
-7.007120,4.700147
4.343890,-12.962584
16.854879,-10.424706
10.071415,14.895717
11.278310,-12.678423
16.897141,-10.478686
0.240017,-11.171866
3.236783,10.339718
2.018088,-4.381551
3.387858,-6.130671
-2.761513,-1.583086
10.368690,-13.107567
11.803411,14.137774
3.376672,-6.125292
11.198336,-12.763596
11.611660,14.042326
1.992306,-11.963072
3.959997,2.147765
-3.453742,10.280981
8.061172,-6.599014
1.576119,-9.334004
4.315750,-0.360464
3.235120,10.344135
11.285722,-12.745109
-5.960120,6.527559
16.051277,10.696769
1.309794,-14.725812
17.321976,5.538546
3.511667,-9.361507
11.865691,13.802984
13.572113,-8.419620
-7.895627,0.530438
1.579654,8.505747
17.218483,-7.075511
1.058068,-1.167441
22.440125,4.978478
2.072721,-12.012459
11.482257,14.002678
1.370187,-14.678758
2.036682,-11.994500
-7.016605,4.708993
-1.917437,2.791687
10.842583,-12.646559
2.349305,15.347926
-3.281070,7.917304
1.613442,8.533665
3.534331,-6.280120
13.475382,-8.454536
-1.663031,-9.369728
13.681420,-8.333487
-5.913505,6.480847
-3.072658,-5.330619
23.121634,0.958454
17.640503,14.842274
17.395885,13.258876
16.828812,4.269121
17.241816,-10.752359
4.215700,-13.095163
-6.940093,4.643739
8.784093,-8.011373
-5.914900,6.482653
5.992238,-5.760835
-1.708460,-9.415673
-6.787925,4.507756
1.663065,-9.402160
1.773448,16.399607
1.600969,-9.383648
-1.428131,-9.185891
11.034492,-12.650682
13.696054,-8.328180
-6.820636,-3.219586
-1.615277,-9.367629
8.041231,-6.571581
1.747278,16.422321
13.409445,-8.555748
17.243650,-7.081183
10.520123,-13.216014
-1.436719,-9.099956
1.588821,-9.360150
13.620087,-8.383286
19.461887,14.198899
1.615799,-14.451973
1.623359,-9.240536
11.569580,13.938839
11.636003,13.989393
-6.793524,-3.242629
10.820309,-12.864029
1.073269,-1.119102
1.562181,-9.356249
10.762447,-12.933410
-6.770492,4.472900
10.075207,-3.424330
3.534018,-6.252696
13.522969,-8.396362
11.182029,-12.885004
16.184113,10.540823
2.135119,1.849639
0.255248,-11.155085
7.148424,1.056128
4.347308,-12.959285
17.149136,-10.653379
-6.840699,4.544028
10.211432,-12.938718
-7.908257,0.533207
-3.483329,10.227986
-3.061545,-5.323590
1.758416,16.415731
5.440100,18.131697
-1.703220,-9.398002
1.518567,-9.330329
6.281707,9.475435
2.505624,7.985038
1.589537,-9.358953
0.239523,-11.172215
17.439058,-10.577482
1.517987,8.450103
16.886393,4.284625
4.311288,-12.986313
10.286368,-3.080097
-6.829631,-3.206821
10.468272,-12.822086
4.317179,-12.979012
2.007332,-4.383019
17.671480,14.823494
1.609641,8.531267
16.179308,10.549898
10.452462,-12.979629
11.093611,8.623556
6.005093,-5.746584
-1.525899,-9.204862
1.306665,11.704020
10.057581,14.887713
-0.991137,-6.580074
17.359287,-10.481879
-5.660819,10.614174
2.349151,15.348675
-0.987356,-6.579263
8.045100,-6.575310
6.334375,20.012209
-1.104119,5.588645
17.469362,-10.521354
3.524783,-6.360281
11.311957,-12.665140
2.070566,-11.957505
16.622339,-10.368372
-2.951169,0.454631
-6.807599,4.527735
3.653102,-6.365157
1.730839,16.449972
11.290960,-12.666498
1.769401,16.403023
3.665995,-6.253227
2.303359,13.978990
16.666950,-10.339158
17.020300,10.748472
1.527398,-9.267732
-1.359853,-9.356479
10.330842,-12.871173
16.536861,-10.347224
-2.763221,-1.586036
-0.178162,6.406157
5.455577,8.555222
-7.021847,4.713994
1.593891,-14.474903
9.101103,16.554708
17.339912,-10.519560
3.655485,-6.355478
-1.918817,2.794833
1.080037,-1.191487
10.174405,-12.915823
2.134141,-12.064942
3.934339,-4.006142
10.170352,-12.993786
1.497272,8.457590
16.888142,-10.686749
10.473435,-12.689768
11.589627,14.082007
11.100572,-13.164309
1.346633,-14.689745
7.550282,17.000513
0.237143,-11.175383
6.001393,-5.760195
11.275871,-12.662652
15.682631,-12.161667
4.311765,-12.984849
17.210424,-10.607896
-0.416672,13.032050
17.569750,-11.026670
10.047055,14.880858
4.302407,-12.984761
16.571039,-10.350856
6.006761,-5.762547
-3.081993,-5.339221
16.958242,14.495718
7.501379,18.043690
17.183897,11.116655
2.086408,-12.032685
4.129181,-13.183281
2.459506,-7.629153
17.133253,-10.666846
14.500390,10.834985
11.300938,-12.664231
-7.553354,2.342820
4.432128,-0.610990
10.027100,14.878606
14.706998,9.013166
-2.964653,0.425782
-3.469118,10.232939
16.667677,-10.376746
16.871264,4.271307
10.021439,11.147542
-0.431811,9.944749
15.716055,-12.142146
-7.892572,0.532168
14.499864,10.835320
-1.628511,-9.251355
-5.921726,6.487650
16.846809,4.267757
4.948103,1.315952
10.462054,-13.170832
9.100701,16.553589
17.238575,-10.544983
17.510305,-10.696052
-6.773685,4.476192
16.701736,-10.355021
19.457842,14.198600
13.470109,-8.539304
4.269095,-13.030495
17.430578,-10.603498
14.956178,8.906373
1.694402,8.537889
1.579621,-14.493930
10.213559,-12.947160
20.153461,8.315023
13.600939,-8.354925
13.477092,-8.474248
17.474539,-10.619118
16.964153,14.493721
10.160074,-13.045446
-3.517583,10.241564
-0.404785,13.035326
17.202250,-10.738138
8.751071,-7.973275
8.811006,-8.034539
16.891489,10.992338
3.045606,-4.845368
-6.742250,4.453494
2.508414,12.266279
17.275494,-7.130584
1.758048,-9.687320
13.427543,-8.541358
13.334875,-8.627571
16.458447,10.882470
1.807664,16.360086
-1.430720,-9.100934
1.305545,11.706792
1.063342,-1.162426
16.844513,4.241810
4.172271,-7.255288
-2.782209,-1.627075
8.048516,-6.582985
9.993952,16.990170
16.349535,14.362823
16.834644,4.289588
11.652651,14.081802
2.468258,8.035836
1.632422,-9.477055
-5.942988,6.511741
3.399527,-6.141621
17.227976,-7.077569
13.368583,-8.629657
11.308060,-12.763024
2.652079,7.399012
-1.606848,-9.531489
10.077839,14.909708
6.722293,-15.525362
11.740565,14.154009
1.983791,-4.415869
-6.488853,-3.710342
1.586045,-14.482331
1.587628,8.506932
1.491428,8.389879
-1.711426,-9.411267
1.365248,-14.715494
13.404996,-8.556843
17.427986,10.718755
1.668008,-9.414942
1.536511,8.479099
2.471763,-7.638709
10.078013,14.903471
4.170734,-13.140024
16.636330,10.351026
16.598894,11.499901
1.362533,-14.685584
16.848131,-10.135357
11.185644,-12.865973
-7.551286,2.341759
18.870407,9.893010
1.328688,-1.269860
0.561069,7.894569
1.799395,16.370298
13.606517,-8.378948
-1.589633,-9.559123
1.623997,-9.287827
-6.919388,4.628837
1.454547,8.366794
3.430391,-6.168506
1.517559,8.400883
11.538176,8.169771
17.158535,10.434031
4.271607,-13.028887
13.683148,-8.339091
10.860927,-12.493623
2.517562,12.285887
14.496919,10.832793
11.825445,13.948134
1.435950,8.415549
2.100574,-12.019490
1.648006,-9.386410
-0.962472,-6.602827
9.806003,14.895776
6.000779,-5.764228
3.376267,-6.142512
13.690542,-8.411269
12.767317,17.740572
16.822289,-10.132993
11.764174,14.161185
1.357748,-14.665024
10.323582,-3.038850
2.132272,-12.059822
2.518312,12.284976
17.142351,-10.214344
-5.649819,10.624272
1.320214,-1.324400
2.476142,-7.644522
16.825409,4.274827
1.842268,-9.581943
-3.444385,10.183324
-6.738987,4.463067
17.490255,-10.660239
4.315871,-12.951024
11.763463,14.175338
17.398474,-10.539623
-7.915433,0.533348
2.134700,-12.057830
-1.662884,-9.358608
4.157968,-7.243253
17.072605,-10.679790
-3.275423,7.895198
15.113195,12.439075
11.581663,13.917407
11.279572,-12.782109
17.630297,14.853524
-0.529901,10.121078
17.125856,-10.102332
17.613800,14.876578
-3.518996,10.235785
17.210371,-7.068211
-2.812404,12.794873
16.191753,14.326754
-1.428563,-9.116768
6.316328,8.947880
10.792585,-12.945180
1.666805,-9.422125
11.834951,13.862467
11.305120,-12.751690
17.855200,14.437144
17.227968,-7.072386
17.117880,11.104871
9.989156,16.985010
-1.907609,2.798194
11.017460,-12.617658
3.516007,-9.362462
11.805874,10.612233
10.879770,-13.037345
16.700773,-10.282519
10.756433,-12.521354
11.459489,13.935091
4.251313,-13.058731
10.720730,-12.945885
-0.403817,13.041402
-7.896838,0.529572
2.525524,12.290314
6.714198,-15.518000
-0.412874,13.036118
4.163719,-7.255006
3.620015,-6.225836
6.726816,-15.527563
1.674494,-9.499949
11.462688,13.951931
-5.986586,6.551785
3.557997,-6.237998
10.441916,-13.130954
16.578012,-10.364119
13.410064,-8.606047
1.477691,8.390809
-0.500865,8.624792
3.561894,-6.256585
3.382780,-6.116744
1.495357,8.446876
11.505683,13.933509
10.904997,-12.542578
3.397161,-6.138212
17.245232,-7.095500
4.341041,-12.971724
3.391671,-6.136399
10.477302,-13.094116
7.141240,1.052247
3.585121,-6.353095
1.728611,16.439472
-1.341684,-9.191583
10.080147,14.903464
1.496473,8.396619
6.734354,-15.535048
1.462801,8.375621
16.099222,10.662949
1.618877,-9.419375
1.469858,8.366751
-2.599170,0.830978
1.831764,16.343275
15.346391,5.639220
13.456128,-8.530990
8.422847,-7.701094
1.502373,8.398711
-1.159303,5.120970
2.020300,-11.979464
7.056266,2.313196
-0.418330,13.039172
-4.139347,-2.028704
1.755316,16.419237
10.233088,-12.911319
-6.777358,4.496381
-3.484830,10.244328
2.164164,-12.075525
10.816088,-12.523598
10.035145,11.103746
-1.379048,-9.229808
-1.618975,-9.338945
-3.075620,-5.326213
10.810319,-12.503260
4.413035,-0.617285
-3.454298,10.179919
1.749029,16.419823
13.633849,-8.364269
3.510521,-9.360767
0.239827,-11.171849
3.243486,10.332970
1.718777,16.456621
4.031394,14.641864
10.798926,-13.005548
5.443576,18.132486
3.685548,-6.429237
3.909381,14.532529
17.119154,-10.171461
-5.904654,6.469562
1.817929,16.349764
-2.764063,-1.586437
14.912981,8.923615
7.516106,18.011166
9.987617,16.975767
11.284098,-12.795307
11.800536,10.605185
1.319441,-14.716718
1.775718,16.392450
1.808353,16.357670
1.814974,16.353352
1.748620,16.428207
16.887323,-10.515834
3.496444,-6.266554
11.222172,-12.665338
4.436697,-0.646895
15.028603,-6.918633
3.901819,14.517797
14.373840,-7.289415
-6.827315,-3.208176
9.525318,12.198187
10.951304,-12.565241
16.867922,11.007959
10.069263,14.891061
-6.780270,-3.260663
17.124241,-10.624446
1.834038,-9.654739
3.663404,-6.241507
17.222502,-10.779446
2.289448,13.964894
2.510057,-7.678774
-5.953798,6.520015
3.518311,-9.364884
10.076168,14.897841
13.402540,-8.601570
16.717865,-10.363392
10.146256,-12.987001
2.354345,15.345854
7.049118,2.328141
-5.918367,6.485128
13.475041,-8.476369
6.718595,-15.522889
3.626911,-6.384830
3.154605,8.780004
13.512977,-8.427017
-2.982704,-5.235326
-3.516022,10.233550
2.504531,8.002907
-1.720980,-9.372624
1.695554,16.482994
8.784492,-8.007700
-1.590106,-9.334164
-5.641047,10.632728
11.189986,-13.153914
16.894814,-10.118237
-6.883278,4.583442
4.164644,-7.261189
2.355216,15.340371
16.872597,10.992289
17.386497,-10.573313
16.822083,4.282964
1.078485,-1.185834
3.527510,-6.297413
-6.828299,-3.207355
14.973464,8.890504
-1.523620,-9.272635
11.800847,8.998031
1.657785,8.516026
17.192982,11.123037
-0.499055,8.626163
12.517551,-7.077989
16.195999,10.556679
17.189396,-10.475506
-1.374282,-9.150893
10.234331,-3.112976
6.737558,-15.539348
2.499354,8.012065
22.443144,4.980799
16.902020,-10.452762
1.608726,8.520252
-4.032442,12.057459
2.102427,1.816934
-6.876409,4.566967
17.102598,-10.621120
9.996039,16.980589
-2.762937,-1.578784
10.070190,-3.520421
-2.957056,0.449180
18.852388,5.444591
6.733486,-15.534044
1.350872,-14.688115
-6.888815,4.579974
-4.032141,12.056965
17.565514,-10.983645
10.077339,14.890045
-3.050535,12.560705
2.518079,12.279787
-1.708432,-9.409815
-6.962836,4.662576
1.541712,8.385114
-7.050173,4.740202
2.032629,-11.924493
11.814431,10.616514
1.908611,-14.153981
3.689897,-6.440161
11.954823,13.727715
16.993685,-10.376241
4.268856,-13.043626
10.746998,-12.858262
-6.997137,4.692323
9.594754,10.231545
2.467723,-7.636099
1.535054,8.453162
10.163263,-12.994302
16.711912,-10.402124
-3.478196,10.250483
-4.127546,-2.012122
4.144676,-13.166958
10.415663,-13.087178
13.336013,-8.670137
7.043229,2.305697
-1.453284,-9.125590
11.091278,8.622716
17.645973,14.850087
3.616631,-6.377768
-1.511310,15.993999
16.769655,-10.517311
10.174887,-12.945470
-0.429886,13.050092
13.373949,-8.628806
1.822922,16.348330
-3.277444,7.907824
-0.400047,13.052216
14.362159,-7.295939
4.161827,-7.262444
3.509149,-6.220321
-0.431767,9.944519
10.135673,-13.033868
-4.031155,12.058472
10.305653,-3.056817
6.747105,-15.547016
17.148199,-10.677378
16.820642,4.275908
16.722637,-10.497027
20.883602,5.418893
1.982083,-4.415593
10.367097,-13.018157
-3.059571,10.030634
4.221584,-13.087823
13.230569,-8.722937
17.464556,-10.660260
1.304332,-14.731114
1.316117,-14.719193
14.501886,10.836615
19.458231,14.198702
11.101315,-12.660612
-2.962958,0.438012
8.046405,-6.575397
1.356886,-14.668329
2.613060,7.388333
10.173937,-3.147880
9.095730,16.552782
4.286064,-12.988385
-0.516039,10.114575
10.066171,14.900110
18.812622,5.486137
1.587718,8.501272
1.680372,-9.431620
8.094522,-6.633975
2.344010,15.354844
7.147346,1.057276
-1.661740,-9.285106
10.465993,-13.157123
15.359009,5.652835
-3.521512,10.230455
1.662255,-9.565033
1.051413,-1.173224
1.798845,16.369102
11.845439,13.811887
1.725357,16.447886
1.449055,8.404143
18.869671,9.891142
6.753604,-15.554246
1.997335,-11.946445
17.393534,-10.526667
1.673230,-9.495372
-1.383030,-9.250506
17.308466,-10.475333
16.461464,4.177377
-6.829487,-3.206908
1.102050,-1.208392
2.450917,-7.615511
11.233854,-12.731373
1.488305,8.463348
4.407567,-0.612679
11.834186,13.831488
16.868307,4.261582
13.400482,-8.544741
11.842809,13.845315
0.240707,-11.170653
9.983267,16.967093
-7.056287,4.748134
16.874788,11.001198
0.455887,9.321433
1.765218,-9.601883
20.876120,5.430107
1.719015,16.457716
1.718155,16.463444
-3.051084,12.560784
11.621988,13.968040
1.442427,8.447438
3.472919,-6.206551
16.878954,-10.518414
11.911391,13.786566
2.620931,7.389028
-1.442892,-9.111157
14.463380,10.808980
3.608413,-6.292716
-7.049098,4.740689
-0.500408,8.628830
1.444788,8.440510
2.048334,-11.976692
-6.998724,4.693972
10.081193,14.908050
-3.494475,10.230100
4.242874,-13.066722
7.990264,-6.528300
2.356207,15.347076
13.702287,-8.317801
16.914440,10.967708
1.568891,-9.225879
10.176034,-12.989960
2.350055,15.347726
10.775113,-12.864735
11.297039,-12.678433
11.810626,10.616540
17.802694,14.534582
3.512272,-9.362387
13.533211,-8.383607
13.534079,-8.312751
20.888592,5.416808
13.678047,-8.337929
11.239609,-12.626948
1.733006,16.440773
-6.847330,4.557089
13.711715,-8.307553
13.704345,-8.317100
3.383058,-6.123731
16.856449,4.251209
16.642891,11.531862
13.699766,-8.318088
10.342395,-13.058865
17.127748,10.448767
2.045724,-11.967848
1.522150,-9.260881
1.640820,-9.540917
1.746989,16.422894
12.787808,-8.807451
2.034962,-11.972656
16.878216,-10.432149
4.012326,2.200262
2.610806,7.402130
20.880991,5.425248
3.448322,-6.177018
6.046868,-5.717054
-7.554935,2.339887
11.776837,13.976037
-3.520102,10.239515
2.010062,-11.968267
16.507753,10.382648
-7.047697,4.737599
3.355035,-6.099690
4.338093,-12.969744
1.772600,16.419106
1.980278,-11.970133
11.339798,-12.737695
7.432955,15.540115
9.991863,16.989645
-7.040089,4.730954
16.875956,4.258542
-0.994232,16.266317
9.502628,13.314978
2.044273,15.823721
4.291708,-0.358236
-3.111360,8.444475
1.570228,-9.326329
16.828371,-10.537523
11.080479,-13.190536
3.899051,14.523224
16.776020,-10.553723
-0.403074,13.024533
-1.030555,16.239458
1.314255,-14.722720
-5.952826,6.519498
15.027879,-6.917656
0.999618,-1.120470
8.027917,-6.555571
11.473387,14.033791
4.361856,-0.590280
2.319319,13.935379
3.397671,-6.146021
19.496754,-7.652767
16.689070,-10.300020
1.740669,16.440340
15.113936,12.440469
16.634417,-10.356442
3.678386,-6.310521
6.885513,8.005438
1.999636,-4.398114
3.623770,-6.338732
12.787692,17.804155
-2.758173,0.659908
-1.488964,-9.171102
13.317073,-8.682879
16.595764,-10.411808
16.543495,-10.355500
17.096167,10.428635
1.305123,11.707295
13.669621,-8.341783
2.347892,15.349430
17.205332,11.173607
4.298977,-13.010385
20.589720,5.631683
16.989113,-9.969799
8.782897,-8.009613
13.623608,-8.359469
11.155334,-13.113576
10.814255,-12.588068
10.072364,14.895534
3.451985,-6.192128
2.316803,13.947394
-6.818450,-3.220633
2.494621,7.997850
17.029089,-9.941579
16.847717,4.255950
11.281715,-12.673154
10.647650,-12.582360
2.524716,12.286498
16.964090,14.490170
2.345846,15.353862
16.513330,11.344296
16.857716,4.264196
16.940783,-10.003090
1.998285,-11.967121
-7.551182,2.340586
8.034064,-6.559135
11.141786,-13.165704
-3.498601,10.237450
2.523391,12.285657
13.315728,-8.679730
10.138963,-12.994661
17.206287,-10.760668
17.316866,-10.497412
3.566902,-6.325342
-2.559728,-3.335509
4.273793,-13.010839
8.746995,-7.978125
11.485003,13.934589
11.255067,-12.689433
11.145148,-13.150346
11.316607,-12.717710
-0.521860,10.103641
8.042207,-6.567505
11.466467,13.999170
1.727019,16.448105
-7.004830,4.696073
1.356225,-14.691778
-0.519807,10.116549
2.612870,7.395587
14.883050,8.979015
17.311829,-7.119091
11.875760,13.857320
10.345990,-13.053362
-6.911984,4.621351
16.581665,-10.426897
2.013504,-11.974509
1.770829,16.405993
17.413115,-10.519353
20.895063,5.413023
11.604998,14.040724
-1.697980,-9.399790
13.446855,-8.569839
14.939127,8.911582
10.757918,-13.131913
17.558216,-10.948071
16.967922,-9.988086
-6.789258,4.505072
17.222639,-10.754612
10.327397,-13.035034
-1.484891,-9.166402
8.024301,-6.560286
-0.557963,10.187390
14.930100,8.942981
-0.403414,13.033552
8.055628,-6.569149
16.877142,-10.525629
2.024193,-11.970804
1.742703,16.426659
3.390507,-6.134662
1.703147,16.471172
9.493120,13.325418
-7.549716,2.341613
17.326031,-7.184386
13.620870,-8.321954
1.588326,-9.286967
-3.065474,-5.324493
-3.513264,10.227133
12.797357,-8.805196
1.712038,16.464138
2.459473,-7.627964
1.383236,8.430258
-3.081139,-5.339062
-1.516683,-9.148122
15.113784,12.440639
-4.153883,-2.041197
10.182979,-3.170213
2.253132,-4.174766
-1.233093,16.152054
-3.211572,8.466407
12.804051,17.851435
10.370337,-2.991827
2.501419,8.003180
-3.590305,-0.258933
10.363754,-2.999467
-1.026082,-6.543451
-4.150875,-2.038765
-7.390598,0.645853
2.082482,1.801293
-0.258046,6.342326
17.230368,-7.058010
9.799080,14.898005
6.037207,-5.719706
17.117662,10.423356
14.657164,9.044958
-7.013618,4.703517
-0.259345,6.341468
18.125744,9.113979
10.815639,-12.661042
12.830621,17.874815
-3.028293,10.018927
9.580629,12.160837
16.445341,4.173660
2.443210,-11.829430
15.031268,-6.916030
2.435713,-11.827126
8.385833,-7.663358
-5.662085,10.613821
2.499945,8.002836
-7.385291,0.642360
16.301821,11.093539
3.372766,-6.120396
2.247789,-4.177344
-4.146267,-2.033130
6.015160,-5.751703
-2.673898,15.524018
5.464916,18.153635
17.085661,-10.067421
2.460189,-7.630135
9.112741,16.569395
-0.954959,-6.610457
-0.975418,16.261950
10.928186,-13.239476
-2.632461,15.562862
17.238899,-7.071113
2.436419,-11.832520
2.049678,15.815435
-6.762728,4.471088
10.316663,-3.046659
1.594354,-14.473688
10.326649,-3.036035
-2.765862,0.652884
12.808038,17.855354
17.627388,14.870389
13.588493,-8.351416
11.024356,-12.725952
6.962750,-15.710474
16.627548,10.290913
-7.397226,0.633592
0.584958,9.419746
11.219000,-12.771509
-0.639727,13.186709
1.981715,-4.351681
11.214890,-12.719977
-2.961008,-5.220601
2.299708,13.978513
3.969389,2.154759
12.812978,17.860126
-0.972839,-6.589345
11.663879,14.104482
2.312935,13.933066
17.248133,-7.091294
6.003669,-5.762084
-3.585344,-0.258285
8.426364,-7.706341
11.091548,8.625677
6.323024,8.974033
17.852316,14.447445
-7.383251,0.650806
-0.257221,6.341182
7.521043,18.167439
17.390278,13.255254
5.472270,18.145382
-3.021102,10.012326
0.239167,-11.171553
10.073907,14.905380
0.549142,9.397285
11.749800,14.129340
3.911949,-3.971618
17.236530,-7.046641
1.507387,8.453049
-2.345413,15.752617
17.305906,5.537268
2.242041,13.930928
14.644415,9.046021
-3.265589,7.909276
15.567031,-12.286177
6.722478,-15.526583
4.354691,-12.945709
2.042523,15.828343
15.678307,-12.176719
10.102679,-3.263266
4.155172,-7.251375
12.517202,-7.079920
10.048127,11.119886
-3.020162,10.014840
6.024837,-5.742213
6.976400,-15.721776
16.974264,-10.363817
5.323874,8.491878
9.803840,14.897058
0.285145,5.787637
2.590393,-7.730263
-7.002090,4.694272
17.393124,13.257324
9.942698,12.119096
-2.815785,12.791758
-3.035737,10.022645
10.908094,-12.834418
11.457757,17.072985
1.499808,8.410923
15.574741,-12.263074
1.462525,8.449187
2.082536,1.794072
8.047356,10.418320
-2.811434,12.796717
-2.339463,15.757239
1.080836,-1.181915
2.607508,12.355984
6.016943,-5.749433
12.812057,17.859182
10.249878,-3.111144
13.766107,16.230354
22.444004,4.982910
12.517881,-7.079167
14.671653,9.034993
11.215551,-12.703180
13.528518,-8.409731
1.211053,4.508524
10.332055,-3.040306
3.565036,-6.342766
17.292744,-7.148887
-0.945207,16.283916
12.385157,17.611269
3.901969,14.525259
9.803359,14.896812
-7.385075,0.645345
-3.067830,10.035255
10.290255,6.792884
14.381884,-7.287762
5.461915,18.156078
2.297648,14.009751
11.825851,14.237532
1.555571,8.483591
9.103555,16.566814
17.122507,10.453206
-0.643534,13.185574
2.456830,-11.820384
11.075574,-13.114100
2.043125,-11.980487
3.042087,-4.834522
11.061664,-12.992021
1.471533,8.427044
9.650274,15.653574
15.624628,-12.247663
13.393152,-8.577205
6.339474,20.016670
12.414420,17.640644
0.287643,5.791775
-3.531448,10.217770
7.428449,15.533337
11.779585,9.002351
17.389799,-10.612716
-1.405103,-9.254965
-6.836209,4.531178
-4.146179,-2.024580
17.273954,-7.136281
0.610221,14.744773
7.495017,18.164553
10.338094,-13.050573
1.970093,-11.947249
-5.636392,10.634882
15.027860,-6.917697
3.900933,14.524441
14.391279,-7.278999
-6.836656,4.532581
17.289320,-7.147927
17.632479,14.863022
11.637926,13.991066
4.179646,-7.269666
15.659780,-12.170602
-0.263202,6.338521
7.454947,15.553862
17.279726,-7.135540
1.996532,-4.403574
9.169201,5.635162
17.239216,-7.069906
16.662823,-10.382673
2.040674,15.830577
-2.330601,15.764218
18.798758,5.495646
7.008755,14.091577
-1.060925,13.336029
8.029254,-6.565052
17.293209,-7.148264
2.296014,13.983384
14.951283,8.905871
12.805100,-8.803823
6.014769,-5.754969
9.985601,16.964813
-4.132081,-2.013237
-6.741907,4.457171
-1.608638,-9.512715
2.025465,15.857687
-1.071450,16.218174
-5.839114,6.402065
11.094764,8.630744
5.980069,-5.780413
-4.142191,-2.012783
-2.811220,12.797091
1.726590,16.444958
6.998652,2.387511
17.243685,-7.079096
9.504543,12.158563
12.806185,17.853781
9.543474,13.306115
-5.648252,10.626067
2.038472,15.835322
2.497560,8.004152
3.038163,-4.840576
15.304315,1.319427
7.503989,18.042679
15.025164,-6.917722
10.305328,-3.059607
2.522442,12.285370
5.366236,8.523373
-7.390086,0.645804
-3.220842,8.124826
17.119272,1.988642
-6.948876,4.651947
10.312766,-3.051964
11.857645,13.977657
2.521653,7.932908
6.012878,-5.753602
16.997850,10.741325
0.536750,9.397963
11.229193,-12.744477
10.326848,-3.039383
-0.956265,16.285576
2.994727,1.748294
-5.985874,6.552423
2.278057,-11.873192
4.304404,-0.359862
11.883341,13.930109
7.144754,1.040506
-1.443491,-9.234469
15.617814,-12.249643
-7.888218,0.531328
-5.721886,10.563943
1.958647,-14.108788
-7.018211,4.710300
3.971390,2.158386
2.300672,13.988935
-0.227354,6.382729
-1.446048,-9.125732
-2.981118,-5.240044
11.808872,10.624299
1.211861,4.497997
-2.670682,15.526102
2.146853,-12.092820
1.635668,-9.528173
8.039012,-6.569654
16.879234,-10.519298
1.618685,-9.429907
16.044510,10.683077
-6.714442,-3.403349
12.822406,-8.793113
17.267355,-7.127422
1.467241,8.443295
10.070191,14.897707
9.781028,13.081906
-1.480431,-9.155621
3.042185,-4.841511
-0.254973,6.371695
-5.899912,6.470852
14.383323,-7.286077
9.109353,16.566591
2.091739,1.801880
-4.134821,-2.017122
-0.945360,-6.620664
-6.919061,4.615373
1.363891,-1.267206
-1.433903,-9.236252
1.526692,8.433870
3.201813,10.344807
17.644714,14.844332
2.294527,13.994058
-1.400499,-9.205786
10.507267,-12.644215
10.394808,-13.080476
17.246103,-7.084648
12.429822,17.651983
10.394745,-13.103284
4.391271,-0.385671
2.620324,12.362051
3.246557,10.334790
8.067485,10.453817
-2.811533,12.797238
9.114003,16.571386
4.266400,-13.026873
17.034449,-10.522827
2.468112,-7.635396
15.611184,-12.252505
4.121796,-7.196773
-2.889253,0.513473
20.202543,8.385676
1.556418,8.482508
2.232619,-4.197186
2.348916,15.349301
2.576253,-7.714216
-0.972286,-6.590611
11.091748,8.618931
14.959837,8.900576
9.562230,13.282245
15.704548,-12.145539
17.579967,-11.046382
-2.600329,0.827063
20.407944,5.584817
13.298639,-8.697630
3.518632,-9.359545
6.019632,-5.742202
7.136480,1.055727
1.355514,-14.670630
2.091132,-12.054760
-3.231697,8.119098
-6.770617,4.485700
15.627020,-12.258738
17.070921,-9.979584
-4.152608,-2.032995
3.493780,-9.376939
6.730555,-15.527122
15.572796,-12.283425
11.831998,10.633088
6.724190,-15.524047
2.023528,-11.944150
-3.233328,8.111227
8.440131,-7.714979
-0.042805,6.485767
15.115852,12.441069
10.278479,-13.082155
-2.747123,0.671642
2.037714,15.835629
7.549793,17.000187
16.106482,10.695811
-2.991639,9.993026
-1.593645,-9.498660
1.360164,-1.286790
-1.417301,16.034491
3.932249,14.547998
11.259425,-12.763807
12.791774,-8.815700
11.850234,13.815125
15.298047,1.322654
2.296494,13.967695
2.029675,15.850229
10.284629,-3.079771
6.744555,-15.544957
9.804571,14.896705
-0.499665,8.624658
17.254663,-7.099833
12.812721,17.856895
-1.035440,16.200449
9.983269,16.976732
-3.207456,8.134964
12.815173,17.861446
-6.801919,-3.224576
3.567954,-6.359766
-7.894033,0.531117
17.222284,-7.079009
17.853510,14.444354
1.709078,16.464535
15.628714,-12.179692
5.157245,17.857750
10.203845,9.507838
16.895792,-10.480894
10.332451,-12.837366
1.701787,16.467155
-3.020617,10.010630
2.585761,-7.721851
5.994209,-5.767705
-4.136131,-2.016366
-1.645208,-9.533639
1.964042,-14.102057
15.643370,-12.174784
-1.919598,2.799919
2.045765,-11.967118
15.299626,1.327806
0.239332,-11.172577
15.304790,1.321535
3.237868,10.417734
8.053928,-6.579607
8.777323,-8.008116
3.629114,-6.393961
-2.668141,15.528465
-4.127510,-2.012413
17.475376,-10.611981
-0.957321,16.284239
13.655584,-8.352397
-1.214610,16.172918
18.867121,9.895061
2.571757,-7.711061
13.767991,16.230490
13.457098,-8.557713
4.177739,-13.133798
-5.936568,6.507757
-6.785050,4.502091
2.443268,-11.825287
10.197924,-3.162898
10.282125,-3.079240
1.504297,8.409287
-6.673195,-3.480794
-2.640767,15.555606
14.530513,9.101875
10.407063,-13.134604
15.655339,-12.206759
4.193856,-13.116440
17.272299,-7.121199
12.809379,17.857609
-5.843819,6.406200
2.474396,8.023592
1.641188,-9.444087
9.567647,13.280151
-3.080893,-5.331820
-2.667056,15.529061
4.346716,-0.310461
2.275872,15.443215
1.086623,-1.186671
3.729229,-6.491228
-6.775300,4.479825
-2.667488,15.528824
2.072206,15.801128
5.008769,1.352909
9.553596,13.285825
22.411291,4.949172
3.212380,10.393858
4.302083,-0.362733
5.459786,18.148979
-5.722492,10.561321
5.995212,-5.766535
3.233093,10.339537
12.825011,17.862595
12.802510,17.854149
2.626643,12.366817
17.409697,-10.528420
-2.809140,12.792710
17.244831,-7.074667
-2.983068,-5.242903
4.287284,-13.025660
7.422402,15.532654
10.341406,-3.017144
2.276057,14.013453
1.999548,-4.399781
17.286533,-7.145139
17.513607,-10.778372
-3.239801,7.879732
3.562772,-6.348025
13.765967,16.230747
1.609110,8.474000
12.516728,-7.080181
-5.723778,10.561428
-5.726995,10.559950
3.205092,10.459742
10.419781,-13.146192
17.124884,2.012992
3.579540,-6.345015
16.161304,10.571388
17.415745,-10.510516
10.337973,-3.022527
-6.784405,4.498397
-5.958460,6.524574
-4.157397,-2.046665
-0.262516,6.338418
10.716860,-12.623240
9.564126,12.166776
1.704185,-9.578131
6.938073,10.383073
-1.157420,5.149609
1.567710,8.500366
17.278587,-7.140793
-2.660357,15.534817
-6.833099,4.542032
10.363184,-13.094815
1.784815,16.378185
4.154777,-7.242589
8.441407,-7.713104
10.420091,-2.943002
3.965485,2.154419
5.452788,18.139240
5.996988,-5.762383
-3.236809,8.155473
2.287904,13.973001
17.072449,-10.239962
10.300315,6.784026
6.748172,-15.548684
-3.253478,7.903723
10.042329,11.079979
6.042611,-5.725307
-1.945706,2.838636
1.608132,-14.459476
16.978735,-10.375922
19.096828,10.674665
6.337311,20.015215
11.820849,10.626596
7.543494,15.549807
-0.614110,13.172708
-3.224371,8.119352
-1.368633,-9.231030
17.404499,13.269707
3.234354,10.343485
2.294778,13.993016
-2.965173,0.430704
7.880713,16.405188
11.225161,-12.739098
-4.031464,12.058489
4.147227,-7.230023
-0.404271,13.031081
-0.417115,13.037878
17.327623,5.550715
13.678139,-8.401550
1.474256,8.450126
4.132710,-7.207851
10.098055,14.887197
5.988060,-5.774073
4.412512,-0.625864
7.412990,15.527604
5.529619,18.228552
11.463807,17.070496
-3.102300,-5.360281
16.880646,4.290309
5.999459,-5.767264
2.044369,15.818122
2.026125,15.856190
7.882575,16.401819
7.560094,16.971476
12.814730,17.859959
9.640680,15.695223
9.124073,16.598236
-3.219552,8.111712
7.983762,-6.520550
17.337263,-7.189896
10.365194,-2.995969
2.441592,-11.827498
-6.824148,4.532331
17.247549,-7.091543
-2.735833,-1.486369
7.550321,16.986580
15.650735,-12.162681
17.237186,-7.072016
-7.391700,0.639144
15.029419,-6.919944
13.324727,-8.676309
10.058548,7.016071
-2.189482,11.764591
5.940402,-5.819754
15.112893,12.440825
9.798309,14.897796
4.039485,14.644008
-2.951474,-5.213064
12.715158,17.723642
9.583426,13.277456
-6.507026,-3.694917
9.617321,15.693019
5.463049,18.148958
-1.697189,-9.387716
-1.156421,5.120146
19.501326,-7.647661
7.030731,2.349729
-2.971056,0.430943
3.662356,-6.399608
17.112743,1.994985
1.804388,-9.563990
12.823081,17.865511
16.989992,-10.039027
2.016495,-11.974992
23.114313,0.969702
10.112525,-3.264572
10.352957,-3.010705
9.593003,10.236032
-7.893767,0.530717
-0.628433,13.185344
2.275961,13.963312
3.226372,10.443155
17.072802,-10.284203
15.029671,-6.918419
11.225067,-12.729643
-3.586711,-0.258608
7.518530,18.150454
9.085774,16.542124
9.621662,15.694040
13.260164,-8.704745
-0.970065,-6.595573
5.462443,18.147266
12.811973,17.859665
9.978125,12.143328
4.326090,-12.977195
-7.401798,0.613860
4.409452,-0.611502
17.241064,-7.080844
-1.104172,5.590258
12.834406,-8.789024
2.581347,-7.715018
4.123403,-7.202788
-2.980382,-5.239595
20.600689,5.727970
16.821150,4.272102
-4.108276,-1.989853
-7.902205,0.534683
11.202091,-12.748585
12.816952,17.860373
10.508261,-12.576446
-6.688386,-3.460330
1.820797,-9.586053
9.565597,12.164851
-4.144933,-2.026325
16.185425,10.516173
6.698462,-15.501320
-7.388321,0.646681
10.184114,-3.178252
-4.141475,-2.011532
10.303878,-3.055916
-2.671795,15.525633
-3.287316,7.915918
17.635187,14.858386
13.769391,16.226183
5.991504,-5.771267
6.346446,20.023991
12.775417,17.789291
11.666116,14.065377
-2.652185,15.540251
2.022250,-11.940959
16.463158,4.172072
-3.483701,10.248648
2.293670,13.956597
2.005822,-11.962683
17.282732,-7.129710
-7.394769,0.638033
6.949040,10.372544
1.353493,-1.288345
0.237625,-11.175344
16.442514,4.175467
-1.161138,5.115394
7.137954,1.053057
-3.220848,8.114857
15.631042,-12.176114
8.423817,-7.702449
1.727937,16.444506
4.230190,-13.066735
19.102348,10.671809
17.236311,-7.077911
-3.016086,10.007228
15.654329,-12.163439
-7.382633,0.652045
7.879745,16.407042
12.506311,-7.078025
1.616409,-0.971441
-5.935102,6.501003
15.666232,-12.165488
-7.899874,0.527528
12.821006,17.867085
-0.432818,9.944265
1.679491,-9.599135
11.845248,13.901964
6.258761,9.436712
-1.418083,16.032854
6.033715,-5.730739
14.670623,9.040701
1.602430,8.509248
3.554390,-6.341755
-0.954277,16.284191
-1.471855,-9.146838
10.735192,-12.795534
1.317152,-14.715962
2.523155,12.284661
11.535567,13.986194
8.041832,-6.572130
2.486092,8.019238
17.248131,-7.104312
5.956398,-5.803426
17.292866,-7.143531
4.036819,14.645626
-6.844470,-3.180976
17.296600,-7.144362
2.309837,13.964631
8.086711,-6.593624
17.194574,-10.789304
10.971927,-12.845531
-3.219309,8.128704
3.674946,-6.400278
1.351902,-14.676563
12.802532,17.858118
-1.072394,16.232491
2.024214,-11.982203
15.587481,-12.217776
4.211883,-13.087645
-5.637882,10.634157
-1.914073,2.797491
-1.045561,16.243687
5.555789,18.257942
12.800858,17.850235
3.042394,-4.841188
11.924500,13.777417
-1.104112,5.599055
16.454098,4.176050
22.430822,4.969321
12.820766,-8.792849
6.031034,-5.727734
-4.128423,-2.008621
-3.019820,10.004482
17.303434,5.537088
-6.892142,4.597409
17.555855,-10.759624
17.290457,-7.148063
-3.236706,8.103436
9.806616,14.894094
14.654960,9.035302
14.411187,10.728326
-4.128305,-2.007924
17.844095,14.458766
10.315510,-13.064367
18.128214,9.090859
7.548986,16.999784
10.103372,-13.043655
2.299547,13.969979
2.058614,15.810126
-3.970299,-3.818177
12.799650,-8.803565
10.226563,-12.965525
18.870480,9.893488
-1.600596,-9.503059
-5.655986,10.618808
-0.954160,16.285706
11.026704,-12.869469
4.336783,-12.964397
20.416752,5.640249
10.352765,-3.007571
12.505008,-7.098594
6.010448,-5.753051
-1.375282,-9.216731
-0.640143,13.186305
-0.434223,9.947298
-4.140640,-2.017207
1.906594,-9.672200
-3.590089,-0.257741
-6.847279,4.548275
2.608626,12.353800
6.038644,-5.747333
15.656951,-12.186376
6.039839,-5.747053
2.607015,12.354733
-2.813532,12.796355
10.017279,16.910690
6.036448,-5.720899
3.040473,-4.840395
7.515795,18.189407
11.645077,14.095679
2.295478,13.954600
-1.415775,16.033392
14.648540,9.053662
17.505543,-10.832759
-7.372188,0.649323
5.459377,18.144779
4.316335,-0.366603
15.644914,-12.244000
15.673703,-12.165537
12.781958,17.828384
17.370993,13.242586
3.043453,-4.851945
3.040985,-4.842292
12.829501,17.867432
0.287846,5.793097
4.313903,-0.369963
-4.136938,-2.014944
2.584669,-7.720942
12.809608,17.855253
-4.135638,-2.010575
9.111630,16.570826
-5.723869,10.563766
12.814442,17.856508
-3.501673,10.226498
17.401377,13.265878
-3.588277,-0.257489
16.561289,0.276321
12.505912,-7.078957
-3.242508,8.149743
9.560773,10.267419
2.342953,13.916608
7.426248,15.536460
11.864477,13.759099
10.070281,14.903368
8.036510,-6.572782
16.599926,11.496752
8.074560,-6.611291
12.518364,-7.080238
10.280650,-3.076642
2.311429,13.960240
13.759072,16.229134
-5.988440,6.556440
7.146936,1.056792
8.425689,-7.702353
1.573012,-14.488803
3.042912,-4.843223
15.681303,-12.180301
6.718103,-15.525083
13.766294,16.229906
6.008512,-5.753384
-5.846456,6.410850
5.524984,18.239513
6.002525,-5.720901
16.558626,0.279725
10.280885,-3.081157
-2.189792,11.767081
16.654995,10.280625
17.807234,-5.902871
3.668762,-6.432355
6.720208,-15.528131
7.523040,18.161737
7.502870,18.176003
12.817083,17.863028
-7.399963,0.627809
-0.247835,6.344041
-3.137395,10.082545
12.805173,17.850237
2.364437,13.906509
9.109235,16.580372
11.148847,-12.672055
7.507591,18.177288
6.034798,-5.722066
-0.256711,6.344869
15.585124,-12.275667
15.326117,1.298992
15.612666,-12.257911
16.296785,11.060008
-5.716289,10.565465
15.668261,-12.184603
-2.190741,11.766108
-2.189884,11.765704
17.239670,-7.087729
2.337954,13.938323
3.371592,-6.120396
7.120684,1.059541
4.316892,-0.370349
8.424963,-7.703016
-3.008039,-5.267389
8.419044,-7.699185
-5.730376,10.558364
3.042346,-4.840231
11.821233,10.629056
12.832482,17.873297
4.174839,-7.256657
14.370952,-7.297134
-7.398670,0.641122
9.102534,16.564825
5.765457,8.628956
15.697228,-12.140930
10.006694,16.923378
1.883618,-9.607347
1.358656,-1.271547
14.376794,-7.292884
15.625569,-12.236337
-1.104300,5.595630
17.316179,5.539774
-0.970842,-6.594222
17.835981,14.476643
13.761267,16.228662
6.028966,-5.722813
17.285011,-7.133729
11.801896,8.996569
18.872561,9.892583
3.039943,-4.842132
4.308002,-0.367233
11.117176,-12.768713
2.449597,-11.827806
12.813565,17.859137
17.320520,-7.173910
15.256117,5.587572
12.812882,17.858660
6.018184,-5.743494
2.288857,13.959654
10.337918,-3.021760
-6.692944,-3.450340
11.906918,13.830160
10.041355,11.089386
4.307401,-0.365939
7.501372,18.184401
11.821033,10.639884
8.821145,-8.048410
6.017577,-5.746852
3.003675,1.745007
8.787555,-8.011335
8.430350,-7.710233
15.673079,-12.169507
17.275238,-7.125204
1.594426,-14.472921
2.117653,1.831708
2.650527,7.366335
12.809202,17.854218
3.044647,-4.841944
-6.694222,-3.450814
12.811195,17.856491
10.289941,-3.068060
-0.608487,13.175533
7.021898,1.103523
5.464934,18.144173
10.364255,-2.996737
10.039410,11.090101
15.610046,-12.251148
7.417795,15.531326
-5.953314,6.520176
-6.914586,4.605543
13.765883,16.230570
-5.834399,6.396931
-0.957614,-6.608494
17.015268,-9.952839
8.429132,-7.707372
-4.173214,-2.047222
6.310606,9.512190
12.793937,-8.808450
-2.679811,15.519228
2.538466,7.982221
13.760878,16.230688
17.395866,13.258162
-0.531179,10.130037
4.318808,-0.374826
-6.707584,-3.417680
12.806771,17.839407
-2.813373,12.800762
12.835398,17.874439
-4.135507,-2.007930
15.596642,-12.266875
8.431649,-7.710275
-0.252125,6.346343
-0.626573,13.183122
2.605700,12.354417
-4.166210,-2.019682
15.597955,-12.267753
-0.575777,13.134720
10.259594,-3.090017
11.196881,-12.690981
1.345004,-1.280891
1.586690,-14.478942
5.370379,8.531514
12.827151,17.870979
15.306893,1.317351
4.166315,-7.255579
13.768384,16.228323
2.348186,13.928393
-1.368010,-9.380178
3.040914,-4.841533
8.034704,10.439764
-4.132186,-2.013810
-0.257445,6.348637
2.011578,15.873551
2.650413,7.368783
9.775629,13.088682
1.201781,4.468517
-0.646743,13.201715
-2.819570,12.790972
6.968943,-15.716031
15.671124,-12.181522
11.860929,14.086286
12.812673,17.852005
5.464042,18.155842
4.182030,-7.262674
9.816096,14.899423
6.012435,-5.746643
7.592565,17.736588
3.042196,-4.842721
3.041815,-4.840666
5.990954,-5.773303
10.014867,16.921547
8.417386,-7.691685
14.481359,10.823913
3.041782,-4.842016
-6.679934,-3.470910
-6.836226,4.548206
6.968051,-15.716492
-2.947767,0.461738
16.178501,10.544545
15.616813,-12.254678
-3.446438,10.261108
16.468891,4.184281
6.962434,2.410034
-5.785890,6.349271
9.112301,16.571226
17.280849,-7.142328
8.415733,-7.699270
2.006250,-4.387959
8.059850,-6.534242
10.125502,-13.042964
17.227127,-7.072129
8.432464,-7.710211
15.619698,-12.250155
-1.159112,5.117331
2.286730,13.995889
5.467890,18.160950
15.590343,-12.274406
7.423394,15.534364
12.831559,17.868296
2.298733,13.974209
7.999873,-6.598028
-7.549382,2.340826
12.837218,-8.791757
7.501804,18.182484
16.455843,4.175621
2.003633,-11.982301
1.730522,16.436132
14.380589,-7.288675
-4.131467,-2.015522
16.161282,14.310913
10.311053,-13.044535
-3.453028,10.282330
17.272671,-7.123766
16.562099,0.274641
15.613495,-12.259958
1.634935,-9.399880
15.671894,-12.176482
3.202003,10.471306
6.030017,-5.756224
12.853509,17.894363
5.530240,18.233786
15.687903,-12.176407
1.284555,11.727024
6.033057,-5.723425
-2.927417,0.481339
17.229836,-7.070669
11.435401,13.935820
-5.957366,6.522809
8.437091,-7.716877
12.904872,5.207283
1.612413,8.559525
6.337991,20.015640
-0.252424,6.346160
8.047820,-6.582366
3.517419,-9.363316
7.509881,18.175049
10.724052,-12.786674
23.118231,0.967535
-2.189709,11.766391
1.364414,-1.296286
11.855725,13.837528
-7.400846,0.637642
2.587637,-7.724315
16.857452,4.274616
8.431860,-7.708596
17.205246,-10.498971
15.564687,-12.296378
9.623237,15.697189
10.040874,11.084442
8.054929,-6.554833
12.824322,17.865911
7.534446,18.167566
15.652807,-12.210596
-3.238267,8.175658
-2.966258,-5.226098
2.018436,15.874856
10.280982,-3.083660
3.041189,-4.842319
10.168745,-13.059354
17.252218,-7.099874
2.308451,13.955436
3.042217,-4.841090
12.845071,-8.786687
-7.378578,0.650674
11.782867,8.998101
13.293083,-8.683917
1.610590,8.533699
17.296707,-7.151261
-2.821530,12.791265
3.959424,2.148358
1.352401,-1.285124
1.351214,-1.288389
9.167499,5.637628
5.468848,18.163782
11.895343,13.854008
12.832753,-8.794596
2.577487,-7.717090
2.651761,7.359075
2.505480,7.989220
15.303344,1.323519
-4.152406,-2.032841
17.095814,-10.715475
15.618950,-12.254721
2.339771,13.934380
17.846689,14.452142
15.614575,-12.255172
10.116261,-3.240349
-4.148196,-2.013795
-2.821629,12.790677
-1.515963,-9.195779
10.361050,-3.003564
-2.827288,12.786428
1.748294,-9.615262
6.326921,8.965952
2.565079,-7.701402
6.026175,-5.741547
15.630196,-12.243240
15.602577,-12.258973
-2.823253,12.785492
-0.632122,13.194437
13.762228,16.232821
-3.232520,8.133383
4.311446,-0.377511
5.531051,18.239056
18.874453,9.891727
-3.079777,-5.337442
10.313143,-3.044560
16.845737,4.272061
15.620799,-12.252883
6.008881,-5.757608
13.686719,-8.348082
10.313754,-3.048452
15.701188,-12.162468
15.617222,-12.239009
9.508393,12.164645
16.938566,-10.419554
-1.957867,2.762401
3.051479,-4.831460
0.555640,9.398989
7.520235,18.159666
5.610607,8.690944
12.400690,17.623749
-7.356443,0.666943
4.241885,-7.355823
14.511837,9.098244
1.614664,-14.457018
17.251829,-7.107406
7.513128,18.176479
2.660533,7.341816
13.605937,-8.344531
9.071345,16.525835
10.116236,-3.250610
14.667429,9.044191
9.588813,10.241243
-2.926393,0.481120
-5.725983,10.558791
11.089798,8.614888
-1.103330,5.598639
15.113082,12.440918
17.243444,-7.090533
-0.632762,13.179449
-5.731709,10.554806
9.608753,15.691262
14.656013,9.046410
0.609809,14.747065
9.111198,16.571852
-0.413760,13.033880
11.786767,9.010699
10.370861,-2.990152
9.608908,15.694834
-3.219575,8.134415
10.252700,-3.104019
15.557325,-12.187238
18.799553,5.495055
17.257637,-7.112310
10.854936,-12.602617
-3.050121,12.560986
12.817613,17.860685
13.761342,16.229620
6.320896,8.955486
6.336310,20.014238
5.997430,-5.764033
16.939795,10.953797
5.442507,18.127504
-3.222107,8.132781
2.504177,7.999651
10.367637,-2.994868
15.626324,-12.247100
-1.063008,13.357670
2.331808,13.944262
-2.702408,15.497585
9.590980,10.237447
16.445610,4.171649
7.499825,18.176691
2.313835,13.972282
12.518030,-7.079484
-1.004786,16.262829
12.831060,17.875847
17.273594,-7.137188
4.405858,-0.616552
-0.957249,16.281380
10.297192,-3.059850
11.469586,17.074755
17.265062,-7.119639
17.818270,-5.879430
16.438786,4.172318
10.290362,6.790651
16.991470,-10.371450
11.536537,8.173080
4.155445,-7.277032
2.262085,14.015135
10.284405,-3.079267
-2.679940,15.518202
17.197145,11.126939
17.235670,-7.070351
17.252096,-7.108418
-0.968127,-6.595156
6.052832,-5.707783
2.088720,1.804362
20.903009,5.414651
14.661716,9.046434
13.760289,16.231112
-2.583612,-3.319439
-2.822006,12.789545
17.251060,-7.096013
1.621565,-0.962744
-1.913145,2.811341
-4.127995,-2.014076
17.222269,-7.077001
7.485595,15.574165
-2.758208,0.660433
4.314953,-0.387151
17.556488,-11.040254
12.833619,17.849825
-6.878680,4.570162
10.071329,14.896403
6.892612,8.000170
2.301317,13.986465
8.437571,-7.715232
-7.881578,0.534843
3.519255,-9.366193
5.454032,18.143950
10.254459,-3.106847
10.224660,-3.115826
-3.215216,8.146666
1.473482,8.415251
1.921543,-14.141245
10.054721,14.889945
2.617580,-7.755953
3.531361,-6.234872
14.646974,9.048314
-2.347333,15.754336
12.808674,17.850821
7.502984,18.182442
4.330183,-0.370009
10.369750,-2.993856
-2.815948,12.792623
-2.833873,12.778607
3.899235,14.518252
2.032716,15.849356
-2.835000,12.784962
2.623251,12.367558
17.606085,14.885121
-2.817540,12.793864
-2.679983,15.518457
3.649420,-6.398809
14.470439,10.813584
17.310034,-7.165637
-0.954847,16.285856
10.342389,-3.020638
2.289934,13.992906
15.677565,-12.170529
1.921619,-14.140385
9.987936,16.977459
11.460328,17.067095
10.239905,-3.122245
-7.386146,0.648591
18.125124,9.118851
-3.252441,8.149844
6.338745,20.016689
-6.869087,4.561315
19.504269,-7.645389
1.054569,-1.154861
-5.848727,6.413431
3.226598,10.443018
14.479003,10.820771
17.473690,-10.712998
2.221370,13.924805
-4.202913,-2.090927
17.255220,-7.102573
3.128202,8.780759
16.468027,4.178001
17.366560,13.227720
4.116304,-13.194224
15.640593,-12.229354
10.289641,-3.075102
1.696460,8.479100
17.133501,10.445742
2.037952,15.833335
10.134579,-13.015711
17.112463,-10.565221
15.668023,-12.174088
-4.139569,-2.009391
17.043980,-10.284615
10.166466,-3.186569
4.334396,-0.388093
-4.129173,-2.019019
6.331362,8.971639
4.140100,-7.290961
15.712383,-12.149199
6.022023,-5.740403
14.961542,8.900301
-2.979723,-5.235960
1.747910,-9.623313
9.119333,16.587568
10.291987,-13.038559
17.224199,-7.069329
6.934851,7.948556
12.518607,-7.087791
-3.498965,10.239363
10.166753,-13.004254
4.150780,-13.159861
4.179495,-7.268433
-1.104671,5.598955
10.259929,-3.101889
2.037664,15.834990
-0.954999,16.284983
17.233545,-7.078237
9.110991,16.576820
17.275072,-7.153709
2.348728,13.932385
4.305354,-0.363105
-5.858568,6.423258
11.436743,14.060754
15.652756,-12.217513
-7.903432,0.528645
17.829006,14.490496
10.028080,16.571049
7.141990,1.049074
-6.690507,-3.458852
-6.690976,-3.456809
-6.685843,-3.466354
16.767424,4.322877
-4.155903,-2.031771
8.411942,-7.693366
11.790399,14.231782
8.433436,-7.714357
-4.184706,-2.072800
15.686316,-12.167824
-7.377212,0.652176
6.331137,8.951989
17.282780,-7.132483
10.347789,6.742623
-4.161066,-2.046947
7.419297,15.532212
11.678418,14.115526
-6.687082,-3.464761
-0.254598,6.342724
2.313577,13.954792
4.318866,-0.366430
17.627447,14.861525
15.307154,1.319936
-1.482138,-9.432240
17.814369,-5.884231
2.284269,13.961528
10.334008,-3.028522
2.282123,13.964872
1.337010,-1.301023
7.521026,18.170921
18.800943,5.493132
2.605863,12.348266
-4.127876,-2.009780
-4.030805,12.059349
-3.216383,8.127210
17.028061,-9.932834
12.830482,17.866812
14.644564,9.051171
11.710778,14.173971
-3.284303,7.918203
-1.557194,-9.432229
13.764663,16.231342
17.239838,-7.093966
7.504741,18.184650
10.039662,11.086056
-3.018669,12.593186
16.723846,-10.391725
-4.141734,-2.016008
-2.338173,15.757812
17.633095,14.849612
18.134865,9.067901
1.571990,-9.268650
17.025486,-9.934146
-4.134438,-1.999708
20.883703,5.420619
17.057642,-10.013194
17.235968,-7.069929
7.506938,18.039268
10.949709,-12.707067
7.881022,16.405224
6.324449,8.969762
15.647869,-12.164458
15.675341,-12.177020
-1.537824,-9.455185
2.521942,12.286036
-7.377926,0.658273
-1.072090,16.213865
-6.686433,-3.465790
18.803843,5.491627
-4.030820,12.062756
13.633210,-8.389497
-7.401811,0.643167
2.451049,-11.822818
1.725659,-9.620495
2.284466,13.962082
5.531628,18.238058
15.615621,-12.229038
9.565247,13.280731
3.042685,-4.836235
-6.686977,-3.465351
-5.775923,10.509351
16.853151,-10.263543
7.420825,15.534263
16.064945,10.698807
10.365902,-2.996845
7.880941,16.403320
11.505702,14.032394
2.290355,13.997603
9.774776,14.900823
6.703393,-15.508167
6.036655,-5.718658
15.601226,-12.261053
-4.154125,-2.055862
17.066462,-10.009068
2.430890,-11.841210
-1.677779,-9.436487
17.065111,-10.152967
10.977108,-12.929194
2.996513,1.745009
-2.688457,15.512083
23.106276,0.975093
-3.037189,10.018058
3.043142,-4.839114
13.765134,16.231110
7.480465,18.234541
16.715443,-10.313442
1.454393,8.364961
9.807763,14.896359
8.784440,-8.006367
-3.919271,-3.774946
2.500475,8.003535
2.459562,-11.822310
8.100411,-6.641313
-2.823610,12.788011
8.435585,-7.708281
12.828032,17.870438
2.524359,12.287576
22.432829,4.975770
15.634299,-12.237232
-4.126902,-2.008672
3.595503,-6.274361
17.814671,-5.884062
10.666140,-12.705876
11.708346,14.032291
12.803502,17.845362
-1.606246,-9.566346
1.603523,8.482394
-0.253199,6.346997
7.517379,17.730347
-3.154022,10.081093
1.550676,-1.076247
9.497115,12.162257
-2.820417,12.783629
10.313950,-3.050245
2.323652,13.960226
14.410808,-7.256745
12.413351,17.637693
15.632794,-12.240438
2.520649,12.283725
4.198733,-7.292069
4.176939,-7.266435
9.581042,13.260635
17.391434,13.254654
17.266968,-7.115565
5.017786,1.352515
2.313372,13.970430
-1.702806,-9.401254
4.984306,1.321316
4.182477,-7.271198
17.842173,14.459767
10.317607,6.776208
13.767054,16.227211
22.441357,4.979722
1.756388,-9.532748
2.296027,13.991886
4.422784,-0.617020
-3.538470,10.207614
9.809987,14.896648
-3.072426,-5.328949
16.870180,11.015113
-3.591049,-0.254766
6.751230,-15.552212
17.245993,-7.094846
3.371047,-6.119517
2.268667,13.994110
-0.259381,6.342438
15.662143,-12.196082
1.983903,-4.404067
0.260005,-11.143252
-2.980662,-5.239257
3.513582,-9.362682
1.658536,-9.524424
15.735642,-12.133659
16.763533,-10.391978
5.432438,8.593229
4.309681,-12.987373
4.309636,-0.367914
12.819715,17.862894
17.246637,-7.116400
16.700029,-10.381169
10.030413,16.892303
3.923687,14.548209
17.135149,-10.212107
5.980998,-5.779768
6.666614,-15.447115
-3.033182,10.016263
7.512293,18.167896
18.801270,5.493606
-5.825044,6.386742
17.148014,-10.204875
-2.747737,-1.559483
-7.392114,0.645053
12.790331,17.834621
12.823731,17.863413
2.307388,13.960462
10.076218,-13.032109
10.294456,-3.066354
2.315508,13.957027
-3.060703,-5.297845
-1.028282,13.360203
12.834686,17.874586
10.162567,-12.776511
1.190604,4.464650
1.255737,11.714708
17.046700,11.003911
10.347047,-13.037673
11.790450,13.835074
-1.956688,2.785255
17.308237,5.536759
2.005063,-4.390517
3.937425,-4.013081
11.829913,13.855952
15.589699,-12.280233
17.290459,-7.144142
17.195683,-10.614976
6.721010,-15.522458
12.810763,-8.801766
5.991962,-5.769412
1.003833,-1.103682
17.212217,11.175154
2.607636,12.355817
10.287085,-3.074288
-6.502882,-3.696571
11.837829,13.859984
9.115141,16.575863
4.163672,-13.148965
1.330477,-1.282766
-6.721784,4.448174
18.795523,5.498880
6.938355,-15.692781
9.122747,16.575310
-3.057798,12.553163
6.950751,10.372159
16.628019,10.310181
10.029414,16.891514
3.932608,14.546216
-5.718503,10.566133
7.010267,14.091494
-6.689822,-3.460289
3.042640,-4.841380
10.187913,9.503448
1.583599,-14.484921
11.787905,13.849340
3.043546,-4.842223
-1.340838,-9.137495
10.331842,-3.025635
-2.987895,-5.247657
10.051625,11.069310
-1.651866,-9.505866
6.015018,-5.749877
-6.757815,4.464573
10.342433,-3.013047
-0.631726,13.188253
17.079424,-10.622083
17.284975,-7.137542
11.130586,-12.625390
9.827371,14.899063
17.244555,-7.102364
-2.921715,0.490959
0.287765,5.794631
2.354827,13.939105
17.286306,-7.136827
-3.083898,-5.342536
-4.130600,-2.025384
3.598056,-6.267902
2.059564,1.785936
5.370578,8.532022
15.659283,-12.217623
4.295743,-0.358547
5.622857,8.696530
11.801774,10.612552
8.312387,10.321008
5.367154,8.528427
12.908434,17.935183
10.348339,-3.010722
2.299878,13.962071
1.578944,-14.488388
16.966536,-10.384959
17.285975,-7.140667
2.296793,13.964616
17.329487,-7.182757
16.709368,-10.379114
15.669030,-12.173841
17.308731,-10.664280
7.502796,18.049305
-2.821068,12.790135
17.283773,-7.139128
6.012292,-5.749859
-2.817830,12.792169
15.685145,-12.189077
3.041856,-4.843481
17.245182,-7.092796
15.682734,-12.170720
-5.728996,10.557844
6.997399,2.395041
17.201193,-7.053638
10.886527,-13.034534
13.819681,6.873580
6.947008,7.934423
8.038528,-6.573040
-3.981515,-3.829722
4.125510,-13.186070
-0.498665,8.626374
3.046611,-4.840997
2.037885,-12.027495
-2.817830,12.792944
12.830686,17.877832
0.235957,-11.174714
-0.628397,13.184858
9.498719,12.174973
10.201417,9.506507
2.333134,13.941781
2.327144,13.944809
-6.822184,-3.210917
17.847311,14.447675
3.432520,-6.179561
15.270596,5.600407
-3.224289,8.124083
-4.119486,-2.015838
-0.498651,8.623686
-2.974727,9.971740
16.161190,10.628040
-2.699446,-1.471109
-1.376015,-9.100439
-2.813655,12.794244
2.303738,13.972381
8.424118,-7.704778
4.143115,-7.228045
1.652601,-9.414217
0.610911,14.748927
16.185099,10.531271
7.509319,18.155771
4.415769,-0.628372
17.817007,-5.879184
4.330500,-0.374354
17.277411,-7.129146
2.304154,13.975607
18.801825,5.493397
9.895265,12.169649
-2.909757,0.498703
-2.674021,15.523576
-4.125728,-2.014484
-2.584359,0.846935
3.241106,10.408162
15.626319,-12.236467
16.848083,4.249059
-4.122523,-2.013738
-0.624723,13.183331
17.840492,14.460648
12.514820,-7.086618
14.694562,9.032746
1.738550,16.433714
2.499707,8.005406
15.627021,-12.247055
12.505433,-7.077998
12.858137,17.878172
15.689975,-12.185769
11.773686,13.804080
-2.816031,12.792094
15.636606,-12.227427
1.711164,16.466553
-7.395452,0.642479
10.398199,-2.963953
8.179396,10.645435
12.814893,17.828430
-7.039377,4.731298
-4.143427,-2.020238
-6.687383,-3.460948
6.010344,-5.754513
2.455542,-11.823267
1.668765,-0.961864
17.283697,-7.136022
10.534071,-13.009690
10.026766,16.873466
10.287860,-3.073143
14.439103,10.785226
9.519433,12.198102
-4.125309,-2.006889
16.977310,-10.414493
10.082124,-13.033086
10.105306,-13.031488
5.465289,18.156387
5.450799,18.140902
10.297779,-3.063754
2.486415,7.976428
-6.839025,4.537630
2.119145,-12.109917
14.947724,8.906242
1.641900,-9.398005
-4.131265,-2.014673
11.824033,10.639165
1.303955,-14.730783
10.238663,-3.123515
5.124938,17.831585
8.048845,10.448020
17.286135,-7.137957
12.798486,17.834558
-3.142490,8.421763
10.302536,-3.053945
12.840382,-8.782228
10.492001,10.000535
1.798244,16.369823
13.163804,-8.739600
17.585617,-11.022611
3.518488,-9.364269
10.243985,-3.122237
15.256423,5.589609
15.620973,-12.247818
9.611350,15.681427
-5.959897,6.525817
10.359746,-3.003868
18.873716,9.891973
8.058278,10.441689
-4.132025,-2.018949
16.913822,-10.364437
9.615582,15.694366
2.487603,8.008391
7.128407,1.058673
14.641930,9.045634
15.628416,-12.236737
6.011208,-5.746531
6.996446,2.383155
-2.190045,11.767060
10.274971,-3.083953
6.968070,-15.707745
5.532680,18.237267
10.245170,-3.106178
16.953415,14.490223
-2.810025,12.799066
12.821916,17.864363
17.398827,13.263495
5.478096,18.171659
-1.334879,-9.101679
-3.253804,8.148940
1.303854,-14.729962
0.290020,5.790790
8.020220,-6.557918
9.557884,13.285583
12.782369,17.821423
17.592972,-11.007279
8.042363,-6.571529
4.407239,-0.616104
8.797308,-8.018061
-1.417318,16.033489
-4.133414,-2.017082
8.461866,-7.736674
4.417850,-0.631831
10.262782,-3.095117
-0.435342,9.948753
10.201035,9.509416
16.562840,0.274477
17.006002,14.438482
1.582977,-14.485114
-4.150902,-2.033000
10.042250,-3.284636
2.290968,-4.971895
1.627166,-9.516356
-1.158218,5.119902
3.042264,-4.841894
10.311467,-3.050668
-3.242875,8.126225
2.307123,15.402445
17.313684,-7.169008
15.689192,-12.165171
17.113319,1.985817
15.027164,-6.918436
15.609325,-12.266570
6.974530,-15.722021
-1.379316,-9.267732
11.462881,17.068525
14.623832,9.022640
15.666033,-12.204098
-5.721856,10.562188
2.002517,-4.394853
4.175517,-7.247368
2.293549,13.982206
17.847706,14.451282
10.263187,-3.099386
15.713727,-12.145240
7.491559,18.067055
15.580994,-12.285207
-7.387370,0.644843
7.016628,14.094319
-0.995585,-6.562359
14.504835,10.837546
-2.808723,12.797408
-2.810580,12.795081
17.231907,-7.079142
6.243567,9.411150
1.577768,-14.491232
18.797785,5.498042
11.459253,17.073185
2.027781,15.854646
6.009995,-5.754433
10.330401,-3.030723
17.224199,-7.076730
5.999142,-5.755991
3.047956,-4.840979
2.463904,8.039597
4.414952,-0.609353
-7.396254,0.642883
11.801550,10.649686
10.363511,-2.999449
15.765670,-12.121823
15.623100,-12.277305
5.422894,18.105246
14.382948,-7.288140
0.556480,7.893776
16.597403,11.481007
2.303890,13.955491
10.333643,-3.024110
-2.609773,0.816937
2.412758,-11.839007
3.502959,-9.358731
10.317542,-3.043981
-7.891463,0.531859
-4.169392,-1.973833
-2.816434,12.794277
12.518501,-7.079808
9.548922,13.289285
17.031487,-10.006615
-2.812156,12.796623
1.476837,8.394116
5.550492,18.248983
2.033908,15.843461
13.766836,16.230038
3.977429,2.160908
15.523409,-12.363127
0.459756,9.326541
8.437801,-7.714169
10.365036,-2.991194
-5.646657,10.627372
4.145242,-7.230046
-3.592479,-0.254568
13.768461,16.229216
10.254972,-3.107535
7.434521,15.536926
17.210941,-7.061017
6.975851,-15.723143
15.630152,-12.250425
10.391806,-13.125546
-1.236935,16.153858
18.821053,5.476080
5.974936,-5.767656
5.773290,8.639835
10.025329,16.894751
-2.190700,11.765594
12.817767,17.862089
17.387535,13.244137
3.045702,-4.843318
12.780741,17.830709
15.554785,-12.305570
15.555910,-12.306262
15.630988,-12.302521
2.290397,13.981014
3.934179,14.551947
2.438983,-11.828978
-1.103814,5.592350
8.438554,-7.710305
15.636054,-12.198494
11.444427,17.065950
-5.961583,6.527894
-3.637735,-0.222851
1.633696,-0.984213
7.508708,18.174788
0.543562,9.396111
3.236866,10.415804
8.184613,10.641809
4.229020,-13.066395
15.569312,-12.299394
15.573290,-12.294909
13.768052,16.229929
-2.674801,15.523273
12.878760,-8.758441
6.040943,-5.765587
6.038434,-5.749721
6.991324,2.390880
15.598867,-12.282949
2.262842,-4.982033
10.419611,-13.062673
15.575948,-12.292375
-3.488383,10.217216
15.692769,-12.161860
-2.939732,0.467236
-4.131573,-2.009613
17.278969,-7.132942
-1.629582,-9.375876
10.368510,-2.989706
9.565433,12.161427
17.235317,-7.084107
2.084425,1.806283
0.553257,9.399182
17.293518,-7.149056
12.841208,-8.791335
-1.082943,16.229315
11.139967,-13.105598
11.722519,14.146379
17.624628,14.861621
11.000771,-13.082338
6.977093,-15.724090
17.277534,-7.130511
10.898626,-12.658846
-3.023987,10.010339
10.914047,-13.198518
7.504019,18.177568
10.415666,-13.132147
15.028908,-6.919544
1.306342,-14.727257
1.621318,-0.988003
12.317170,17.562096
16.601366,11.481546
13.767622,16.230827
-1.728270,-9.420511
12.519365,-7.079131
-5.724598,10.561487
-2.997987,-5.250690
5.990690,-5.767413
11.168706,-12.490758
8.423618,-7.703073
-6.683203,-3.468146
19.513670,-7.637222
14.483777,10.826016
12.821506,17.866312
16.956970,-10.053780
3.515064,-9.356491
0.609645,14.745743
2.313594,13.944963
14.657758,9.044401
12.421008,17.642328
7.137434,1.060371
-3.219581,8.163517
6.711083,-15.515724
-5.721188,10.563532
15.304629,1.323837
-1.924753,2.798135
10.302567,6.777855
17.168007,-10.232941
17.279406,-7.132309
6.311142,8.935958
15.588719,-12.277191
2.383026,13.893355
-3.230299,8.157910
-1.156026,5.122646
2.488336,8.014312
-3.593963,-0.255996
1.700080,16.471626
3.911355,-3.973383
-6.681690,-3.471537
16.156424,14.309284
-1.389120,-9.252445
14.639827,9.059633
17.384163,13.246250
-3.487153,10.222514
1.583346,-14.480353
-3.013120,10.006987
7.441305,15.545045
-7.343063,0.606732
12.830202,17.873123
17.844849,14.456705
2.616008,12.364585
16.836773,-10.394422
1.347401,-1.285483
14.663452,9.041626
6.288974,9.492749
20.082495,8.123560
15.732011,-12.142995
-6.834985,-3.202655
5.457521,18.138823
11.896069,13.942101
17.854824,14.432799
11.783470,14.175030
3.930012,14.545830
2.304708,13.943393
23.131151,0.918190
2.029474,15.850360
8.433540,-7.712008
4.293721,-0.362571
17.218143,-7.068079
2.581153,-7.716990
10.125813,-3.230879
11.755161,13.832609
10.747111,-12.572830
9.945863,12.111441
-5.729195,10.557876
-3.283386,7.926231
-5.826192,6.388487
-5.796441,6.359120
7.153152,1.076978
12.777787,17.838097
8.059245,10.455050
10.142061,-3.218217
16.990320,-10.569424
12.512059,-7.084266
4.196255,-13.112730
10.175971,-3.136832
8.062470,-6.599102
3.237188,10.414988
9.575958,12.152153
2.355607,15.345402
2.609372,12.354981
17.316986,-7.173213
-4.136858,-2.016968
1.673484,-9.552710
15.681423,-12.170588
12.869733,17.914101
11.433690,17.093218
16.448545,4.176609
2.243809,-4.181386
10.027986,16.884638
-2.791201,12.814166
-1.187758,16.174284
-1.069919,13.351912
-3.918937,-3.773377
-1.104912,5.597844
-7.887850,0.532590
1.221291,11.812855
2.660720,12.404694
14.372722,-7.296000
17.323896,-10.582807
-1.156051,5.120498
6.665465,-15.445844
10.023958,16.889973
6.015313,-5.756732
-2.763341,0.651170
-0.321083,12.955909
16.538040,10.372670
12.796233,17.842533
8.443620,-7.721809
16.977266,14.442670
16.538902,11.336283
16.865757,4.275873
19.501347,-7.647586
8.327406,10.314191
2.299081,13.954357
22.441782,4.979284
4.136376,-7.219905
18.806496,5.489608
-6.681373,-3.471942
4.148369,-7.232595
10.268509,-3.087919
10.036098,11.090807
12.824986,17.863956
15.789299,-12.082525
17.848400,14.447221
7.517685,18.166878
15.712599,-12.154458
2.247682,-4.181539
15.637065,-12.217953
17.218044,-7.067111
6.034047,-5.750827
5.978338,-5.722785
7.416382,15.529080
-0.690292,13.424439
-2.730357,-1.475248
2.354308,15.342285
10.284061,-12.965437
17.260410,-10.426152
15.644939,-12.224889
2.304269,13.954793
10.274072,-3.090111
17.117685,11.105186
2.293213,13.979582
2.272968,-4.979102
-1.907073,2.798051
10.280133,-3.070649
-3.023895,10.011251
13.769332,16.221216
-2.676546,15.521604
13.268476,-8.690780
15.610718,-12.265584
17.409101,-10.618121
16.641174,11.536654
2.609602,-7.750282
1.331509,-1.275538
-1.546917,-9.293914
-4.122413,-2.017177
10.853185,-12.830952
4.218615,-13.083363
1.281533,11.724478
7.118943,1.062522
8.052865,10.435011
0.542887,9.394151
9.585543,12.131878
12.848456,-8.788126
6.029830,-5.746511
17.321993,5.538564
1.965500,15.995258
15.661349,-12.210103
17.326759,-7.184721
-7.391138,0.645021
4.177580,-7.247218
6.747287,-15.548029
6.023557,-5.748911
12.360252,17.583761
15.623450,-12.247986
5.983890,-5.777262
1.552338,8.472476
2.298594,13.961319
-3.022300,10.010473
1.454058,8.407120
-1.024072,16.252689
-6.759051,4.463429
15.614681,-12.257648
2.388683,-11.852407
-5.727702,10.559062
-7.392661,0.642964
9.966777,12.143361
10.253984,-12.923277
17.310293,-7.161776
7.513935,18.013149
17.288521,-7.152757
1.707757,16.466787
12.809584,-8.800779
3.568099,-6.252397
2.992692,1.748173
2.370141,13.892835
-1.204502,16.168446
12.391507,17.619253
12.830388,17.873161
-4.137356,-1.992891
-2.806499,12.788594
-2.810797,12.795798
10.293802,-12.936014
2.275478,13.990026
3.231379,10.406265
17.821234,-5.876671
15.634009,-12.226135
10.281043,6.762715
10.251778,-3.111776
-6.772698,4.475895
15.707779,-12.160402
3.040475,-4.841441
-0.632022,13.188598
15.687770,-12.176097
17.629040,14.863761
-1.420222,16.031830
3.510697,-9.361358
10.296899,6.782745
-2.769939,-1.591418
17.343725,-7.204853
-0.521326,10.119937
11.505191,13.899388
-5.967288,6.532581
8.294172,10.350407
10.266835,-13.027464
13.409782,-8.581401
10.693320,-12.931885
13.387023,-8.627207
-1.497134,-9.207436
-5.925305,6.493432
4.157222,-7.239976
-7.073535,4.766954
10.253923,-12.920697
2.616450,7.391014
3.469591,-9.405373
4.316870,-12.983912
17.487350,-10.552320
10.595116,-13.236542
9.952770,12.131893
-2.677811,15.519076
-0.616510,13.186236
17.388811,13.250957
11.791722,8.996372
-3.590015,-0.258840
7.534857,18.132797
10.325945,-3.035889
-3.032315,10.019016
10.061325,11.071222
-7.388792,0.646698
12.791455,17.834763
2.129142,-12.065428
7.500839,18.144974
10.890577,-12.807281
-7.077152,4.767432
17.042576,11.024161
4.287431,-0.351547
10.102377,-3.248608
8.434296,-7.708731
4.150362,-7.233928
23.123907,0.923528
-1.061865,16.221172
17.319048,-7.175202
6.903632,2.411693
12.898747,5.199825
15.597059,-12.283854
6.034480,-5.747530
5.121937,17.828266
16.063845,10.707879
9.101400,16.571211
12.825994,17.866581
16.630543,10.290702
7.145619,1.049008
4.295523,-7.436105
9.594068,10.259009
2.246566,-4.176976
15.565315,-12.307400
-2.587611,-3.322716
12.512427,-7.078804
1.719691,-9.587042
3.243635,10.410740
12.801328,17.852934
-2.800058,12.791336
-3.057686,12.553316
-3.057273,12.554413
3.045586,-4.840953
6.003144,-5.758635
2.024678,15.862139
-0.996044,13.325363
-5.729318,10.557158
-2.815320,12.788669
23.113503,0.964021
10.312763,-3.046099
0.626745,9.463902
-2.670718,15.526196
8.049406,10.435729
12.517900,-7.079916
1.289405,11.720643
10.945672,-13.207016
14.683108,9.028469
10.109529,-3.242704
13.765818,16.238684
8.059211,10.445019
-3.033473,10.019650
-6.856682,4.552179
10.286937,-3.075101
-7.368799,0.655044
-1.461382,-9.408128
12.822476,17.864632
-6.695360,-3.457164
2.297598,13.956870
-2.810380,12.792646
2.474796,-7.644401
-2.811100,12.796123
13.769225,16.227453
6.961589,-15.711899
-4.077962,-2.032171
9.205107,5.639677
11.880110,14.036981
5.459086,18.145464
3.709167,-6.441012
-3.087969,-5.329730
-4.099646,-1.978478
8.438545,-7.716660
11.821603,10.633557
16.158945,14.310666
-6.877745,4.573003
-3.086103,-5.340255
11.824311,10.642116
-3.270592,8.175941
-0.249781,6.348421
10.286775,-3.075905
10.992443,-13.136374
5.360703,8.516279
14.630650,9.047292
-4.124288,-2.013572
2.294910,13.982143
17.848125,14.449134
2.031654,-4.368992
6.028795,-5.748081
-4.143517,-2.021663
10.214088,-3.148196
2.025523,15.860127
-0.397305,13.023210
-2.681743,15.516684
7.508244,18.171333
17.578636,-11.005950
1.605698,-14.467389
12.898185,5.201369
7.421775,15.533795
6.029471,-5.746356
10.253953,-3.107936
6.005735,-5.758008
-4.143604,-2.027494
10.222564,-3.120112
-2.676161,15.522522
2.500418,8.007784
-3.468737,10.269283
23.124786,0.958699
17.213785,-7.064419
-1.067070,13.343164
6.030947,-5.740036
-3.595398,-0.254233
-2.811667,12.794335
0.234859,-11.176294
5.467181,18.164211
12.840808,-8.792442
1.668101,-9.556590
18.850128,5.445974
-3.919217,-3.776927
11.461108,17.073570
10.067533,14.855187
11.459952,13.886966
10.473660,-12.663261
15.608130,-12.261765
17.866650,14.422271
4.378709,-0.398658
17.590616,-11.001652
-0.405972,13.032628
-4.125946,-2.005883
14.955150,8.900512
17.455568,-10.578103
2.505355,7.989778
15.685252,-12.189041
4.315034,-0.367558
12.817742,-8.795877
10.291343,-3.067964
12.956096,-8.769380
-2.812389,12.794662
-7.396182,0.641366
8.415831,-7.697937
6.334421,20.012091
9.587223,13.255341
-5.721047,10.561563
10.213921,-3.147173
11.540633,8.166009
2.515471,12.281352
-2.810754,12.796240
8.065991,-6.586049
13.767788,16.229153
1.822978,16.342810
1.341388,-1.285263
2.516500,7.976967
13.765460,16.236620
15.694978,-12.179623
-3.013740,10.008119
12.794081,-8.806021
2.293251,13.968516
-2.633445,15.562305
15.599809,-12.276144
19.500471,-7.648032
12.833507,17.878971
14.495926,9.103615
1.944362,-14.119156
1.768391,-9.613694
-2.813579,12.794863
15.708918,-12.161654
11.456395,17.071079
9.804354,13.059418
2.294201,13.965455
-2.707671,15.489881
-1.627852,-9.269528
2.471643,-7.640218
17.078272,-10.692767
12.823368,17.864323
2.317058,13.953847
-1.008530,13.328481
1.505917,8.436834
14.664243,9.041775
17.397968,-10.561093
10.036455,16.671497
12.508909,-7.078349
-4.140134,-2.029752
13.765963,16.228720
-6.966866,4.666164
17.287846,-7.143700
2.417498,-11.838673
6.959193,-15.708621
-4.122591,-2.012938
10.525257,-13.251904
9.531933,13.306988
-0.926386,16.294718
17.310760,-7.167342
15.599648,-12.272425
17.331129,-7.187646
2.475666,8.021168
6.004101,-5.759114
15.595421,-12.276300
9.796148,14.898465
-4.122597,-2.019762
2.360071,13.921924
5.948690,-5.813865
9.103413,16.560165
10.223261,-3.136577
12.826273,17.870722
15.619364,-12.259603
17.145554,-10.690879
2.606104,12.356591
16.463785,4.182559
-5.722767,10.562222
7.015329,14.093235
10.059625,7.018323
1.348293,-1.333269
17.283588,-7.141743
6.322813,8.969574
6.939295,10.382303
3.950748,14.570806
22.436077,4.975436
18.800177,5.495052
-7.389027,0.645058
10.055255,11.078722
-6.884072,4.602221
4.394023,-0.372110
5.535177,18.237759
-2.814427,12.793446
16.615656,10.316068
-6.821211,-3.177400
17.204067,-10.105405
17.360155,-7.217527
-7.894819,0.529270
1.783361,-9.649994
9.203206,5.638090
1.280640,11.731921
6.029260,-5.750231
-3.550173,10.190512
17.265112,-7.116014
10.299899,6.778639
5.396337,8.554595
-4.146040,-2.021217
6.031382,-5.740962
17.846617,14.452414
5.160613,17.856745
-5.727958,10.558968
9.753551,13.111416
2.304148,13.953886
7.008703,-15.749040
3.212280,10.388282
8.458491,-7.727959
4.292503,-0.366587
-3.052819,-5.304987
-3.494105,10.223895
10.193724,-3.168571
-3.336365,7.941879
-0.242544,6.351779
2.303089,13.956644
-4.148052,-2.019878
10.709075,-12.614310
6.241508,9.414519
-2.587579,-3.322278
-3.055016,12.557086
10.201397,-3.152309
2.089954,1.804754
2.304766,13.956942
-0.633560,13.181741
2.252775,-4.171287
1.058469,-1.165943
2.337966,13.940220
-4.138134,-2.016327
15.611300,-12.283421
7.140535,1.054861
-4.148746,-2.027016
16.696953,-10.495853
1.499757,8.406584
9.590405,10.234879
15.651300,-12.298056
9.112651,16.569336
0.286094,5.788976
9.969707,12.127591
1.473490,8.383880
-0.259265,6.342500
15.624782,-12.250027
7.997575,-6.606821
17.058556,-10.671186
-0.262142,6.405921
-3.026854,-5.288968
16.891109,-10.018308
1.542903,8.431126
-3.092750,-5.346813
3.146546,8.781933
-3.217137,8.139160
-1.408043,-9.341172
-6.749607,4.458416
16.655895,-10.407546
10.316424,6.780140
9.804529,14.899959
15.602756,-12.266573
11.437956,9.473589
19.104141,10.673469
16.444300,4.173447
11.836674,10.659904
8.432240,-7.707848
3.660351,-6.400753
-4.121153,-2.005367
-1.924956,2.791529
0.548387,9.396771
2.168495,-12.098014
0.459787,9.324294
17.055969,-10.051170
9.596708,10.236075
-6.693563,-3.455800
11.783251,8.999545
-6.745157,-3.399573
2.607020,12.356264
18.789099,5.505583
15.692827,-12.173030
-2.587820,-3.323124
9.762684,14.900112
15.711561,-12.162167
0.287285,5.792673
12.819253,17.865730
-4.178884,-1.973850
-7.394492,0.645556
6.976652,-15.724111
9.552974,13.287894
18.848272,5.448569
2.602218,12.351224
9.563268,13.281131
2.439272,-11.827661
9.550422,13.286551
14.981727,8.887146
-0.256963,6.343416
17.351543,13.230988
2.362608,13.911087
-3.918407,-3.774935
10.163262,-3.201101
10.033185,14.853414
-3.005195,-5.265805
-3.264724,8.173094
1.575815,-9.218843
15.628099,-12.273577
2.030096,-12.001198
11.092556,8.626271
10.220635,-3.142896
5.984216,-5.775886
-2.766222,-1.592907
1.312800,-1.287752
12.833837,17.877260
5.456534,18.142687
16.978893,14.460215
10.136967,-3.226729
-5.839230,6.401250
11.768109,14.121055
-4.147095,-2.030403
1.423575,8.398121
6.009462,-5.749880
10.222542,-3.111598
1.199628,4.476102
17.017668,-10.711946
10.042479,16.657728
-2.680363,15.518143
15.586328,-12.282625
15.619819,-12.256273
18.123171,9.115443
-2.813064,12.793324
12.803514,-8.802664
-3.054397,12.557529
14.376034,-7.292430
4.317400,-12.987277
10.167390,-13.068534
-2.677319,15.520748
9.115162,16.575743
6.246061,9.427983
2.648304,7.372649
12.813046,17.858324
5.469896,18.165775
-4.145379,-2.025969
-2.338514,15.757306
6.973764,-15.718932
-4.149755,-2.020641
-7.387032,0.646548
12.819841,17.865152
15.655399,-12.247439
-2.807475,12.789310
-4.122823,-2.014198
9.104018,16.558041
6.104369,-5.676218
16.440538,4.172218
1.669016,-9.476095
-3.000709,-5.259619
-0.955559,16.282526
6.058597,-5.720321
-6.672840,-3.470165
10.236067,-3.126590
12.819730,-8.796930
7.522094,18.156370
13.768932,16.230410
11.763569,14.115024
-4.107222,-1.998165
3.230255,10.421634
6.321238,19.996809
-0.538339,10.147557
-6.794770,4.508955
16.647398,-10.373409
0.579157,7.913216
12.809087,17.856892
19.513195,-7.637791
-7.377475,0.645970
14.976444,8.888617
-0.412275,13.033360
-1.588160,-9.475105
0.265105,-11.129025
-0.997608,-6.570440
11.716318,14.041400
-1.236138,16.155066
-1.917565,2.805627
11.732279,14.133293
4.319287,-12.992844
16.591711,-10.414616
20.891781,5.417313
-1.158197,5.119812
7.170261,1.021428
8.035567,-6.571932
16.565514,-10.389982
2.000547,-11.969262
-3.591355,-0.259295
1.875543,-9.556543
17.317461,5.542242
2.349503,13.915670
17.847460,14.454514
3.857959,-3.923105
2.031640,15.849216
1.355787,-14.670160
1.505961,8.394044
17.852598,14.441878
17.231709,-7.080430
4.176791,-7.251841
17.143061,-10.684612
5.996834,-5.764208
-4.142594,-2.019140
-1.818918,-9.446316
5.123628,17.829826
4.262698,-13.050618
10.743453,-12.690974
2.021935,-11.982692
2.614902,12.361740
2.483863,8.013010
1.513129,8.365870
-7.051203,4.744342
12.769029,17.775539
-1.231827,16.138613
17.631321,14.854650
-1.927905,2.805912
17.576269,-11.007397
12.825346,-8.788850
4.411165,-0.623799
15.672273,-12.178571
7.558047,17.746130
11.092967,8.627742
10.676285,-12.530076
1.576531,8.476743
-0.874003,-6.660539
16.473585,10.831450
10.293408,6.786230
-1.428409,16.024166
17.059801,-10.655017
-0.969188,-6.593258
15.703781,-12.160215
13.330991,-8.626169
-3.019233,-5.282492
4.283885,-12.995831
7.549731,16.978170
-7.372288,0.634287
-3.053803,10.029676
5.458778,18.147066
17.444067,-10.467879
10.038783,11.086132
12.800465,17.846846
1.363418,-1.314223
-4.140832,-2.013059
10.204291,-12.981513
17.339512,-7.202070
5.542029,18.242178
14.516056,9.097740
5.456106,18.146620
4.302849,-0.361020
2.607833,12.354921
0.544310,9.397941
10.287134,6.797772
20.194845,7.938798
0.294221,5.789488
10.508321,9.969064
16.449181,10.887497
1.576382,-14.491141
10.317686,-3.047881
17.100496,-10.075439
-2.812722,12.796293
12.838864,-8.794281
12.829161,17.869678
11.440753,9.474897
8.442330,-7.718008
10.635849,-13.189455
-6.679615,-3.473316
-2.679227,15.519383
2.471379,8.027706
17.455906,-10.598413
1.054109,6.290024
15.660432,-12.213256
12.834088,17.873831
5.368904,8.521927
17.585316,-11.064581
15.611578,-12.252596
15.594230,-12.282217
4.298355,-0.336101
6.014898,-5.742065
2.466667,-7.631797
8.441018,-7.719379
-5.840546,6.404061
22.436142,4.975133
4.174567,-7.253482
11.900610,14.020978
5.116198,17.827118
2.581573,-7.719814
5.127804,17.832249
3.984221,2.176852
2.589026,-7.726211
2.103326,-12.035353
-0.971616,-6.591498
-5.733859,10.553932
15.115261,12.441088
17.837299,14.468685
10.975230,-13.191502
12.814646,17.861259
17.417830,-10.514418
7.553499,15.557341
8.769356,-7.995839
12.800546,-8.808632
4.301590,-12.991052
2.147621,-12.068235
-0.242862,6.356849
7.031388,-15.767861
17.842995,14.459684
9.863185,12.176430
17.129829,-10.217931
-7.395638,0.643264
5.988455,-5.774274
1.994205,-4.389188
6.043866,-5.761446
-7.351385,0.631695
2.519075,12.282004
2.009292,-4.379056
15.659130,-12.204678
-1.523897,-9.301265
6.995545,2.390908
3.957792,2.145018
12.518987,-7.081514
1.617415,-9.309847
18.872921,9.892486
13.767732,16.230711
9.169812,16.640850
6.997231,2.390162
1.208659,4.517137
9.803035,14.896081
10.845785,-13.165743
1.202772,4.476628
13.758224,16.234961
6.325203,8.963620
14.512076,9.098485
17.564106,-11.032216
17.065136,-10.210106
6.018870,-5.748388
12.859494,17.897690
13.342839,-8.637909
9.568679,12.156629
10.049300,14.892347
13.766405,16.231667
5.265272,8.437408
1.360045,-1.334573
2.517633,12.283442
17.192499,-10.222761
9.503354,12.163995
1.881972,-9.585967
9.145176,16.605211
8.739267,-8.034451
-2.682271,15.517357
10.256292,-3.109612
2.272985,-4.976396
-5.839884,6.400509
17.115202,11.102381
-2.211774,15.805073
2.291811,13.971889
-3.032713,10.018476
-1.919797,2.813684
9.108389,16.567966
-5.740685,10.546675
6.906271,2.423036
-3.226814,8.136408
2.023370,15.863726
11.782713,9.007429
8.102266,10.489887
2.662774,12.406373
-4.145831,-2.009340
3.942731,2.141998
16.842518,11.176028
-7.385358,0.649953
17.039396,10.390934
2.530710,12.291144
6.048724,-5.746385
11.736083,14.189507
11.852682,13.928973
12.511929,-7.083673
5.967805,-5.792903
-1.920056,2.807521
-1.130634,5.140569
2.583113,-7.720264
2.621224,12.371178
15.250865,5.584545
16.828838,4.270411
2.590716,-7.729239
17.025360,10.989245
7.011602,14.095198
-6.672565,-3.487493
-4.139893,-2.010729
17.607544,14.874553
15.570570,-12.240185
-1.455502,-9.131328
-7.394960,0.643025
17.255157,-7.101417
17.326361,-7.181741
16.600559,-10.384837
-0.637733,13.188488
-0.627402,13.186932
10.361434,-3.003428
12.514856,-7.079673
17.259508,-7.122698
-7.393782,0.645253
-0.632939,13.190974
-2.813118,12.793272
8.417193,-7.696887
10.274216,-3.085898
8.782496,-8.008363
4.292261,-0.362685
-1.920685,2.810297
3.253144,10.400883
6.970605,-15.720805
-3.973180,-3.818347
8.441181,-7.716280
14.953545,8.903446
12.766553,17.772057
-2.676037,15.522219
-7.051674,4.746293
-1.767612,-9.413109
6.040968,-5.755516
10.484934,-12.691826
10.484389,-12.871580
16.630962,10.324049
4.519974,-0.344496
17.127188,2.016439
1.707354,-9.486305
11.533950,13.869012
-3.465482,10.274307
-7.381277,0.652973
2.582722,-7.722397
17.287367,-7.149470
12.794836,17.846636
12.870502,-8.779379
2.420923,-11.846086
6.298276,9.501114
-6.776758,4.486631
20.911625,5.397485
15.650114,-12.197762
2.307348,13.956470
1.475050,8.438356
-2.795143,12.815632
7.001826,2.377102
13.437404,-8.461400
-0.960954,16.276350
-4.176461,-1.980674
-3.953800,-3.801143
12.794673,17.837399
16.626486,11.494118
1.344715,-1.273400
0.558166,7.890203
2.427714,-7.676013
18.124306,9.114090
17.845461,14.421524
-5.725164,10.560186
11.813828,8.966480
-5.647101,10.626554
15.705180,-12.152833
2.291415,13.972834
10.536708,-13.129286
11.460917,17.076191
2.446006,-7.628454
2.131332,-12.056753
10.362087,-13.129282
2.012069,-11.966053
-3.039276,10.019572
6.027876,-5.743730
8.438609,-7.718002
9.802729,14.896135
-1.108025,5.599612
19.506575,-7.645613
15.608890,-12.224611
10.169551,-12.999990
-6.827767,-3.207098
10.252785,-3.095536
23.108917,0.976345
12.816959,17.855911
0.610951,14.745768
-3.502560,10.224902
17.200037,-10.551169
16.600981,11.469736
1.713976,-9.511573
1.557948,8.479269
-0.950626,16.283266
0.591915,7.922997
17.573353,-11.010780
-1.908225,2.800585
10.295258,-12.900470
17.260317,-7.119522
11.535381,8.172053
10.291336,-3.077077
-6.836065,4.545683
2.433913,-7.611774
17.250935,-10.546737
15.701165,-12.140600
6.964163,-15.714218
2.324807,13.934050
8.048342,-6.551621
6.032622,-5.724731
12.517817,-7.080656
0.543469,9.395710
-5.728383,10.558914
7.531802,15.551052
-1.107867,5.576263
12.853868,-8.785500
15.559387,-12.316704
11.797806,8.988584
-2.810496,12.797290
10.175460,-13.032246
-3.458255,10.230239
10.300211,6.780479
17.283175,-7.133356
17.166039,-10.653580
2.659252,12.407289
8.462584,-7.735229
1.780840,-9.640146
-3.034228,10.018118
9.202673,5.638340
2.295616,13.962464
-0.867849,-6.664257
10.026217,16.890312
1.587169,-14.481945
6.672966,-15.456001
1.663599,8.505564
1.072895,-1.171852
9.627610,15.693401
18.837677,5.456051
-6.690392,-3.462214
10.199032,-3.168004
-3.026420,10.017373
13.296272,-8.666050
10.023055,16.893505
6.021395,-5.743030
12.825193,-8.795371
-1.448850,-9.270430
-2.744302,-1.547380
8.293297,10.313564
-1.472124,-9.294667
11.815049,10.614095
2.010619,15.894773
-1.407879,-9.279034
-6.697943,-3.461144
11.920837,13.944810
1.046552,6.279398
1.736759,-9.642775
5.454146,18.141565
14.365579,-7.302905
5.991821,-5.770442
1.383145,-1.315547
-6.696718,-3.459302
5.989804,-5.772296
3.681297,-6.426928
6.884531,8.009169
6.688897,-15.464174
10.458541,-13.143883
-3.023214,10.014689
-2.987330,-5.247403
17.578005,-11.018556
2.286062,13.952482
17.319330,5.535901
-0.968102,-6.594798
15.225641,5.563591
-1.394825,-9.267574
-2.891666,0.512250
16.892628,4.216739
0.545937,9.396324
6.668396,-15.450930
7.503592,18.201971
17.283129,-10.507437
6.936503,10.386289
10.175744,-13.058931
10.044638,11.082760
-3.094425,8.463582
-3.396439,10.289399
-3.228232,8.157030
17.151487,-10.625884
17.429237,-10.608472
-4.143521,-2.005150
-1.219514,16.169725
-2.764416,-1.589043
10.229512,-3.135357
7.436346,15.537839
-0.621355,13.173503
-4.170837,-1.994999
12.356192,17.575991
2.621765,7.382267
19.517559,-7.635464
6.334332,20.012251
10.055252,11.070642
9.963004,12.125594
-0.623732,13.175314
10.201880,-3.157303
2.055251,-12.002545
8.178343,10.644425
15.249098,5.582306
8.446690,-7.727998
10.280942,-3.082675
10.202522,-3.162745
12.517269,-7.081019
6.970891,-15.719211
1.974819,-4.360993
13.543466,-8.386150
15.662003,-12.202087
10.108269,-13.041481
2.016621,15.875306
5.419882,18.106718
-7.869169,0.538610
1.794490,-9.617338
2.577148,-7.716028
8.761983,-7.988758
18.759197,5.534425
1.604198,8.513160
11.857084,13.800464
9.621980,15.698654
10.292969,-3.054722
2.289874,13.970577
2.061747,-11.986491
2.487619,8.016854
-0.360461,13.104352
5.457440,18.145346
11.796903,8.985016
18.130117,9.109197
17.363295,-7.220839
10.336427,-3.028036
15.587010,-12.290945
2.042015,-4.354228
1.580452,8.510386
-1.064643,16.233309
2.648369,7.372728
-0.396272,13.046227
10.033529,12.164962
7.989375,-6.511712
6.959555,2.381114
16.462046,4.178726
-3.034969,10.017939
-6.779928,4.483327
1.587684,-14.481752
-4.148305,-2.009048
2.584328,-7.723390
2.300006,13.958674
10.282284,-3.082562
15.602162,-12.274616
2.463647,8.028308
-2.184647,11.761171
9.635297,15.695602
17.023186,-10.661707
4.170883,-13.139897
17.335611,-7.193688
3.517247,-9.359813
3.589903,-6.337786
6.673615,-15.456687
17.338259,-7.193468
0.540817,9.395672
10.101995,14.906178
4.306118,-0.364534
-3.301152,7.933194
15.610192,-12.264990
17.463501,-10.616250
11.814584,8.969613
4.173396,-13.137768
2.607063,-7.741241
8.785331,-8.008766
1.054925,-1.169109
4.114690,-13.196150
6.035840,-5.723211
-3.589618,-0.259160
5.563944,18.265041
12.814905,17.843958
-7.015733,4.710318
6.325778,8.960985
10.291644,-3.073842
15.728302,-12.138637
10.284520,-13.015585
-6.804558,4.515950
-1.157320,5.132938
6.292691,9.492050
-4.131604,-2.025800
-1.362865,-9.149495
17.353790,-10.547805
5.371195,8.523810
17.330662,-7.188055
15.675770,-12.196383
10.310005,-3.053571
-4.144146,-2.009377
9.800345,14.896830
2.360033,-11.869429
23.141285,0.956484
16.850964,4.252471
14.669599,9.039165
10.046029,11.082105
-2.681720,15.517177
17.352243,-7.210171
-3.590754,-0.259649
10.290591,-3.076476
-4.145595,-2.021795
5.997714,-5.764527
6.012084,-5.742904
6.042150,-5.715882
10.278765,-3.087819
1.998681,-4.395198
-0.498161,8.627736
2.477970,8.025611
11.887027,13.800154
10.207767,9.511330
-1.449417,16.006369
20.901669,5.408287
4.184739,-13.123927
2.263290,-4.163039
12.811875,17.856363
17.276430,-7.138684
-1.375844,-9.204926
2.290651,13.967892
4.175454,-7.254988
15.304169,1.325957
-1.911121,2.807034
-3.487851,10.239035
0.546180,9.401372
-1.231406,16.154802
10.257702,-12.944175
18.130611,9.112128
-5.724532,10.561815
2.018852,15.878193
17.287912,-7.146624
15.619833,-12.256145
15.646536,-12.272581
17.330738,-7.192323
-6.667189,4.386152
-6.864357,4.559018
2.026376,15.860085
10.281425,-3.083778
17.576994,-11.059052
-4.151392,-2.005193
14.652987,9.045197
14.648846,9.047659
-1.377692,-9.249553
17.325207,-7.185455
10.281063,-3.083309
2.292889,13.970579
-0.969805,-6.593390
11.819181,10.633745
15.025727,-6.917480
4.171057,-7.244978
11.864368,13.913725
11.969142,13.919655
10.514310,9.961626
10.145196,-3.219357
-0.540316,10.155496
14.595117,9.090334
15.644107,-12.219288
10.250104,-3.122464
1.946521,-11.887306
6.034700,-5.764565
-2.699706,15.498662
17.347416,10.740545
-1.886633,2.774655
8.732878,-7.959278
-5.955619,6.521514
-1.425739,-9.267761
10.272585,-3.091494
15.597545,-12.285045
14.501031,10.835472
3.079863,-4.821584
-1.369224,-9.181240
7.027418,2.345074
8.165586,10.654782
2.522147,12.286469
-1.371061,-9.227358
6.741910,-15.540610
10.198040,-13.055358
17.331305,-7.192261
2.244638,-4.182094
-4.031925,12.061665
9.658018,15.660642
17.331051,-7.191947
4.291642,-0.344078
10.144379,-13.029217
12.519256,-7.081541
11.800265,8.985192
11.821238,10.629970
10.285058,-3.082121
1.347685,-1.324124
4.314278,-0.364419
17.029688,11.022772
1.990306,-14.095321
3.041113,-4.842841
12.515724,-7.081358
20.504705,5.906490
10.286795,-3.082139
2.403694,-11.848474
10.267233,-3.103216
17.600561,-11.049512
6.024303,-5.739855
-2.341625,15.757748
20.526932,5.862113
12.883490,-8.753878
-4.213734,-1.927693
4.142968,-13.168152
4.166315,-7.243015
2.289528,13.968043
2.653183,7.356319
-0.626548,13.189041
0.235023,-11.176517
10.070946,7.009802
17.316500,-7.176557
15.255197,5.587508
1.358901,-1.317638
1.314867,-14.719563
10.043578,11.084748
-2.670480,15.527100
10.113279,-13.038074
4.448932,-0.579187
-2.187649,11.761029
15.696339,-12.164202
20.573275,5.623212
10.423653,-12.955761
3.666064,-6.407058
-1.459781,-9.126462
-5.842818,6.405043
-3.012937,-5.274118
-3.439301,10.233420
13.349237,-8.657813
2.004156,-4.387978
1.575628,-14.493677
-2.715632,15.482760
15.583317,-12.294957
14.976090,8.891053
5.366302,8.527234
-5.723211,10.562311
11.814638,8.977418
2.080390,-12.049667
4.326195,-0.387938
5.619503,-3.123143
7.536515,15.550110
17.355074,-7.210820
1.816586,16.352869
1.203758,4.508362
2.125412,-12.046443
17.322483,-7.177472
2.605679,12.356957
9.799608,14.897685
6.323969,9.525126
-0.656048,13.210673
10.284713,-3.081640
-7.408877,0.641489
-2.899242,0.508176
-1.363727,-9.160923
16.983568,-10.330892
-3.088055,-5.346664
2.045456,15.824743
-5.719548,10.563949
-1.427465,16.024996
-1.862548,2.810586
1.186119,4.463623
10.692646,-12.753635
16.876774,10.998895
-2.591684,0.839152
10.208036,-12.918242
4.248874,-13.040701
13.414378,-8.589784
16.859194,11.020929
10.291960,6.798977
11.539395,8.170183
1.635634,-9.429327
-3.592377,-0.254686
10.295682,-3.069456
-1.622485,-9.288527
2.294384,13.964744
4.156410,-7.241593
16.603508,10.306919
1.716875,-9.530368
-1.102983,5.607636
19.504450,-7.647207
16.459913,10.840950
10.165483,-3.196514
7.512282,18.153769
17.297709,-7.151133
9.089713,16.549458
3.038080,-4.841196
12.839991,-8.793864
2.664735,7.350073
12.733874,17.684900
7.998983,-6.532227
4.405931,-0.620101
12.798427,17.842455
17.338842,-7.201110
-6.728257,4.443576
17.290007,-7.122734
3.953680,14.566990
2.017821,-12.014083
1.546360,-14.514012
12.417057,17.647835
4.280397,-0.325562
17.320616,-7.171200
9.800776,14.899730
2.582463,-7.722061
10.827500,-13.134951
2.205077,-4.212533
-2.771998,12.818800
-2.811500,12.793710
9.800261,14.898827
2.478178,8.017336
2.238887,-4.181839
-3.160140,8.283947
-1.027070,13.321873
10.037825,14.882230
1.333839,-1.279596
-2.982395,-5.239768
14.374543,-7.292367
7.490310,17.853409
11.541779,8.158949
2.607161,12.357134
-3.064389,-5.321714
3.500363,-6.243427
15.678004,-12.194787
2.300394,13.962785
-5.919778,6.488345
15.677038,-12.185927
3.618614,-6.386047
17.037197,11.012932
3.233780,10.405994
2.219849,-4.201524
0.575617,7.910959
-5.885870,6.454473
10.944340,-12.566405
-5.858511,6.420367
17.822504,-5.881622
14.460343,10.791096
17.305811,5.539367
-3.912242,-3.771815
9.811861,14.897792
17.108307,2.004352
2.108844,-12.071755
16.636332,-10.511348
1.617993,-0.973006
-0.742767,13.346544
3.578167,-6.351718
2.229852,-4.192671
2.369372,-11.861995
2.123387,-12.040588
-5.850823,6.410755
2.300693,15.431441
1.999302,15.878616
4.288035,-0.347886
11.129876,-12.515297
16.452312,4.173482
12.507880,-7.079387
10.098823,-12.870337
1.558079,8.494406
9.808262,14.898200
15.595586,-12.266407
-2.752536,-1.571899
12.444011,17.659170
2.615875,7.384158
16.867708,11.016341
-1.752853,-9.344154
10.393624,-13.061957
-6.719546,4.430128
5.456794,18.144125
-5.724831,10.560806
3.241414,10.403516
8.036928,-6.569892
17.199770,-10.632655
6.962525,-15.719252
-5.850190,6.408207
-0.534179,10.144966
11.903312,13.948832
9.798971,14.897931
1.661495,-9.443388
10.029761,16.883421
2.317507,15.398819
11.545706,8.170570
-3.900479,-3.764961
6.283599,9.487639
15.747845,-12.065716
12.499441,17.683588
-2.770051,12.775757
2.079710,-12.068208
13.591708,-8.342792
-1.318589,-9.197400
12.784866,17.834072
2.578713,-7.717364
-2.810125,12.794245
10.025229,16.886051
11.819664,10.627016
15.496242,-12.370481
2.078871,-12.061805
2.214262,-4.205695
-2.196789,11.779935
10.341593,-3.023189
8.032900,-6.547165
1.083116,-1.188774
16.107748,10.709970
11.864514,13.816644
16.963966,14.566135
17.816818,-5.880166
-0.536204,10.148534
12.883493,5.192577
6.757837,-15.559723
2.029699,-4.369149
2.471310,8.034423
9.806487,14.900306
6.285997,9.490915
15.665103,-12.203126
15.580754,-12.280415
0.232593,-11.178530
-0.536343,10.150121
1.808347,16.354870
6.964250,-15.715682
2.621170,7.393942
2.007783,-4.384454
1.068968,-1.138368
-0.502933,8.626019
2.539784,-7.675930
1.649895,-9.493074
10.026166,16.969097
18.136190,9.105356
15.028334,-6.917736
5.538276,18.236845
11.853894,13.808434
17.074425,-10.692050
3.511146,-9.349982
16.851719,4.272058
1.815316,16.351215
-6.614458,-3.566825
6.749166,-15.548839
1.511860,-1.076087
-4.144754,-2.014865
17.354851,-7.218238
3.961738,2.161222
4.407761,-0.610421
17.294071,-7.152898
9.862837,14.899837
18.150240,9.069133
2.084427,1.813908
10.481948,-12.685282
6.969411,-15.719341
-3.111292,8.274957
2.682696,7.390367
16.601479,11.472992
15.743224,-12.080574
10.349513,-3.012797
-3.906016,-3.760919
-6.880984,4.582185
8.008312,-6.531199
6.290673,9.495684
1.998508,-4.398103
-4.141644,-2.013044
2.327880,15.380747
19.105280,10.671803
11.686693,13.939943
17.205221,-7.067221
14.455936,10.799626
13.330967,-8.641818
2.450854,-11.820880
4.316039,-0.353696
2.000259,-4.398984
1.990811,-11.965369
16.451796,4.175543
2.021425,15.849780
11.451188,13.957062
-5.833312,6.395014
6.025442,-5.760852
12.803338,17.851704
-6.518718,-3.680210
8.305304,10.324171
12.447118,17.665379
2.651789,7.373803
15.574674,-12.245887
-3.946242,-3.800199
-2.809895,12.795977
17.397619,10.690403
2.252879,-4.175490
6.065293,-5.807117
2.283188,15.433630
12.410956,17.644001
16.776148,10.379781
-5.967041,6.532024
-6.684619,-3.468083
1.346752,-1.312481
2.458643,-7.629715
2.644651,7.387734
19.459822,14.198836
1.537555,-14.530944
9.588162,13.258235
-1.577252,-9.287448
2.503256,7.998462
3.235335,10.416220
4.287266,-0.353814
15.257970,5.598401
2.281428,15.433959
6.923181,2.371376
2.240808,-4.185528
2.598145,-7.726493
1.568567,-1.051321
1.874400,-14.195765
10.032434,16.703674
1.577554,-14.486607
1.589137,-1.020606
6.311471,9.510759
14.394107,-7.274757
14.410913,-7.258503
3.516638,-9.339288
20.903704,5.403485
15.274183,5.624554
-6.524002,-3.673530
-5.841090,6.402720
1.601615,-14.465020
16.846474,4.254883
-5.713179,10.558045
1.995133,-4.386873
17.396307,10.786855
-2.748417,-1.549567
-1.912260,2.799235
10.033934,16.699730
6.289604,9.081276
11.485012,14.004557
-4.034308,12.057182
-5.774545,6.337277
10.312597,-3.052357
14.376967,-7.292521
2.237086,-4.190075
9.829680,14.896605
0.263201,-11.141616
5.317605,18.014151
1.902467,-14.159801
16.783281,11.170268
2.505834,8.001698
14.386242,-7.284005
1.995066,-11.968812
9.798321,14.898093
2.287654,13.982971
-2.587898,-3.323482
1.203679,4.480516
6.310531,9.509590
8.412623,-7.691137
2.435558,-11.833434
-0.530893,10.136477
10.344479,-3.014224
12.513920,-7.078405
2.301666,15.408771
2.451380,-11.821268
2.273391,15.447445
-7.400835,0.637065
2.451483,-11.820224
6.730464,-15.533551
15.513839,-12.322659
14.661057,9.040761
6.307103,9.493169
17.358202,10.767263
2.598629,12.344678
2.000331,-4.395277
17.385500,13.250144
-4.146937,-2.030446
1.653532,-9.454126
11.526687,13.976951
3.496002,-9.375734
3.487473,-9.380074
-5.836286,6.395517
1.632527,-0.950280
9.805705,14.893745
-0.996978,13.288673
1.904629,-14.157720
2.271814,15.451154
2.056721,15.800990
2.288798,13.968838
6.968995,-15.717489
1.340471,-1.272023
6.315636,9.515219
11.133421,-13.155201
9.822209,14.887600
9.592234,10.237134
15.598075,-12.175200
2.046503,15.818869
1.556338,-1.068556
7.002635,-15.743151
12.518424,-7.079212
2.230626,-4.194705
11.176176,-12.853804
15.113585,12.440747
8.427110,-7.707027
2.255059,-4.175018
-0.638770,13.183781
-5.851734,6.414876
2.451485,-11.820397
6.329505,9.532037
16.977417,14.466861
2.252796,-4.178000
2.606931,7.404401
15.714286,-12.132137
-4.148298,-2.002421
11.547024,8.162894
5.129137,17.834169
17.261444,-7.120163
14.390157,-7.279410
18.824337,5.474247
-3.005971,10.036596
5.280501,17.978746
18.875099,9.891091
2.002302,-4.383808
2.451207,-11.821314
1.685954,8.485923
15.676015,-12.130857
7.009423,14.090077
-2.664294,-1.471497
14.375421,-7.293570
-2.811892,12.796511
17.141701,-6.997994
6.024959,-5.737442
-6.843993,4.555221
-5.954854,6.521434
3.496077,-9.370731
3.404717,-6.154949
2.349875,15.348939
14.442726,10.779275
6.020181,-5.741039
3.490825,-9.381382
0.264937,-11.135171
1.892496,-14.177426
-5.960854,6.528744
8.426294,-7.703584
17.232780,-7.078583
16.600300,11.475411
6.699310,-15.491824
2.461035,-7.632930
1.467392,8.449236
10.352868,-13.041687
2.283334,15.433879
12.782198,17.835836
-0.970019,-6.594898
2.616047,7.390515
12.807775,17.854490
3.920472,-3.983886
2.631337,-7.771161
12.904202,5.201399
-2.741871,-1.550329
16.702215,-10.272396
10.038453,16.881472
11.777239,14.242475
-7.551612,2.342276
-0.529218,10.125166
12.505087,-7.076879
0.266402,-11.136593
3.500879,-9.365896
-0.887802,13.251575
2.608397,7.517652
12.800241,-8.803195
6.336206,9.546958
14.463836,10.806252
-6.972373,4.666289
2.351408,15.347376
1.878321,-14.189648
17.286825,-7.139315
2.584784,-7.718396
-6.511542,-3.689070
-1.105915,5.597488
-4.033373,12.056901
2.142889,-4.273518
10.907692,-13.186780
-6.521762,-3.675880
6.980171,-15.726511
0.269156,-11.134881
9.589575,10.238871
15.252388,1.385557
8.809471,-10.483727
18.472305,-5.113449
11.454038,6.163155
15.820979,-3.584271
22.054268,-4.259333
4.302083,5.607434
-0.035215,-5.050203
4.874787,5.895703
18.480074,-5.114198
-2.626295,-1.028612
-6.321636,-3.908282
6.173402,-0.129093
10.506484,-15.756347
6.630561,12.505098
-0.460066,2.098401
11.250043,-4.489280
1.487724,6.896510
-2.550900,-0.946826
13.922362,14.710944
6.489538,14.394805
3.909952,-3.958030
6.786080,12.325665
5.465994,5.521801
-2.331188,6.117886
18.662870,13.161998
13.913266,14.717459
7.159264,-11.393685
10.772782,-7.051481
13.270654,-1.908765
14.043880,-4.657925
-3.942039,-8.328671
15.053213,14.057932
4.847304,1.247127
16.630472,-2.017743
9.826127,12.211776
6.729584,12.387594
4.793998,3.564259
16.122507,10.746808
6.924329,-11.552110
17.140446,10.462420
8.935567,16.370636
3.035460,1.697626
12.195089,17.414740
5.373631,12.372661
12.556712,17.066753
7.999316,6.986433
3.220694,1.462946
13.185966,10.078267
1.486169,6.929969
14.646411,-4.824391
1.963980,-5.080261
-6.005674,-3.718637
13.190863,0.136177
5.122897,12.072538
18.475773,-5.107569
-0.939137,16.316879
7.007682,1.118455
7.086553,-11.417606
12.177674,6.695749
15.113853,12.440487
14.970439,-0.168259
14.565531,-4.813264
4.906353,16.305016
10.817223,-0.624446
10.195499,6.868353
-0.735718,13.679047
4.659577,3.728174
-5.278277,1.449648
7.120716,-11.418038
-5.984297,-3.687827
13.410571,12.400770
-3.891012,8.029107
-2.018121,-2.217541
15.071426,14.051049
-4.391022,3.088035
13.167785,-1.903518
4.681806,3.684139
14.085283,-5.049431
4.862427,3.517924
11.528078,8.175484
-6.232780,-3.955408
17.240952,2.073232
-2.242396,-2.525219
7.129791,-11.495183
0.147835,6.597857
-3.983263,-6.122535
0.418040,-7.645958
6.962022,2.544713
9.867939,3.509961
-1.009822,16.269680
3.213601,1.465072
12.871476,9.315440
-3.946254,15.301421
-4.854448,5.939535
1.841476,-0.877234
9.519863,12.133714
8.696308,-10.592330
13.267318,-1.875142
6.499273,14.390161
14.777555,7.799788
17.715269,2.293506
8.927961,16.369518
13.923113,-4.850219
13.937984,14.695424
8.699706,5.600401
-1.197052,16.309166
17.059912,7.067628
12.811405,-2.107840
5.282814,8.450857
13.871181,14.759971
12.711982,-2.355025
6.741535,6.090132
5.188980,-8.966984
8.999406,16.438875
13.919898,14.709854
3.030550,5.265472
19.324102,-3.208424
1.033152,-6.505492
13.317158,-2.058233
-0.454131,2.099597
13.328290,-2.068967
12.334348,7.992839
3.047887,0.385650
13.947819,14.683021
6.783027,12.336520
4.924402,-8.787712
5.447855,5.541589
9.550863,-15.941511
-1.126898,13.556185
-0.038949,-5.054120
8.810458,-10.505198
2.059887,1.774733
7.248668,-8.722830
-6.240087,-3.960562
11.475145,17.072140
13.040137,-2.102389
3.224136,1.468096
3.005969,10.810349
-0.430152,2.076145
17.066652,10.507732
5.154676,-8.961107
-1.272005,7.649271
1.230097,11.802654
6.508442,14.383861
13.201749,10.087490
1.028963,-6.509442
18.717438,5.574507
9.529778,-15.960643
12.292420,16.582283
4.927441,16.325350
18.480497,-5.114541
11.273187,-4.469711
4.934777,-8.215395
-2.081862,-5.896379
9.631328,15.698577
10.076457,3.419100
2.078327,-14.037982
-2.631633,-1.029955
5.505137,-2.510061
2.880533,6.855516
8.729066,8.530792
2.848311,6.826202
8.832149,-10.478614
-2.575585,-0.970898
1.032433,-6.506250
0.407368,-7.637430
-0.706970,10.499010
-0.716680,10.494005
0.825253,12.344255
10.214859,8.009891
-0.480214,2.099128
6.500443,14.388387
5.513652,-2.492239
11.349929,10.144856
7.485282,15.581416
2.042517,1.770217
16.391111,0.740480
9.782953,3.594569
-2.768331,0.645890
-1.666583,7.514055
-4.079067,-8.413462
1.008938,-6.530380
3.912363,-3.966292
-1.217597,16.160894
19.307796,-3.214523
9.535223,-15.959138
13.068010,-1.749821
7.900574,-3.018327
16.293457,11.027770
10.803913,-0.607534
21.750290,-2.314516
1.032172,-6.507023
9.561135,-15.924959
0.820932,12.348985
9.546049,-15.944967
18.482227,-5.115563
9.697950,15.689906
7.496586,15.586134
13.078180,-1.755625
-4.010413,-8.344004
5.403548,5.589658
12.887575,9.854410
8.675744,-10.613395
12.181570,17.410500
16.893955,10.952799
-2.480134,-3.087888
18.132849,9.106915
4.855825,1.246621
-6.308003,-3.873446
3.899900,-3.958037
1.046824,-6.492924
12.311677,16.595276
16.577238,-2.053866
4.907807,-4.769310
6.931562,2.443105
10.838803,-7.024394
-2.578032,-0.971304
0.656155,-2.903825
6.800871,12.311298
21.761351,-2.327296
-0.459868,2.099332
2.845156,6.903186
20.676895,-0.045773
7.256658,-8.715363
15.812731,-3.572652
3.832214,13.238044
5.285743,12.229931
6.241666,9.131606
0.483349,-3.622163
8.392606,-3.786437
8.684680,-10.603416
2.521502,6.659526
-2.074274,-5.911331
21.870293,-4.429699
2.880160,6.861264
13.936173,14.697279
5.913144,14.562978
16.562080,6.841828
6.505012,14.385909
-1.696694,7.499713
17.117775,10.456701
5.483624,5.506217
8.950269,-10.305639
5.123253,-8.886214
17.341904,5.566485
17.072508,10.503483
8.513320,-3.797572
-4.472830,3.186157
18.698788,5.591207
5.906475,14.574139
10.852613,-0.600237
16.916636,10.950791
13.097310,-10.982627
-4.864087,5.944006
-0.709487,10.507052
0.857359,12.311557
14.955581,-0.107531
1.181969,4.472043
5.406060,5.585600
12.837036,9.804262
13.400221,12.404866
7.622338,17.741480
8.954611,-10.322360
9.593329,13.288188
21.722588,-2.289331
21.896734,-4.374808
13.346387,-2.093813
8.813349,-10.477070
-1.571694,7.538959
1.999146,-0.701846
7.244736,-8.724007
-2.205417,-2.483277
6.510910,14.385455
21.760536,-2.324096
8.935160,-10.337906
-2.064170,-5.882229
-4.657217,3.369580
13.832681,-4.887638
16.586117,-2.094569
-2.492776,-3.122382
2.871397,6.871502
8.700012,-10.590094
14.360281,10.657265
7.208306,-8.745770
19.456875,14.198107
-4.073460,-8.407355
4.905263,-4.799282
6.626315,12.485488
17.102240,11.095155
14.219479,9.104088
12.183488,6.578688
-1.094815,5.585769
8.543125,-3.150324
9.679510,13.189300
-2.579514,-0.973378
13.415527,12.423884
3.868507,13.276871
-4.161226,-3.955622
21.765495,-2.330610
9.032953,-10.239763
-0.386559,10.981985
5.157928,4.646326
5.305781,12.258032
-4.538216,3.240686
-6.233846,-3.951618
3.998014,2.189718
5.511292,-2.518795
9.581710,12.155701
17.118881,14.343297
8.867063,-10.393340
19.544340,-7.613661
8.010661,-4.012315
2.870746,6.848954
2.038821,1.768222
7.280663,-8.697291
10.620673,-7.076080
4.879214,5.881459
16.627390,10.284684
18.457405,-5.139789
8.686316,5.616893
17.718163,2.326683
7.033194,1.141554
4.873390,5.871609
4.894629,-4.772883
12.874126,9.311890
8.776908,-10.482848
16.676559,-1.978131
8.994381,-10.275137
17.122684,10.457387
2.245389,4.043987
14.327142,9.314419
3.482635,12.942404
17.132576,1.971294
12.830841,9.788547
-1.656206,7.517086
0.826420,12.341703
4.017819,14.621160
-4.088178,-3.901367
6.279202,9.059569
19.327896,-3.048385
21.763874,-2.333803
12.202902,6.698680
-1.230494,16.282682
0.824744,12.344441
18.651175,13.171791
13.506779,-4.983909
12.937087,-1.652078
1.025913,-6.513355
4.802927,16.172880
12.241032,16.550442
2.885079,6.856972
6.490992,14.387773
13.026260,9.096241
20.594208,6.577698
9.522865,12.146719
10.709260,-7.317203
-1.126059,16.188835
15.815269,-3.581447
9.530736,-15.963213
8.296402,4.787219
16.688902,11.127784
9.004530,-10.264218
21.720400,-2.288884
13.851541,-4.719592
-4.075181,-3.889378
-6.240828,-3.957651
15.180414,5.520327
13.200724,0.147676
5.411563,5.580982
13.095948,-10.991142
-0.457188,2.100271
4.899525,17.717722
7.986348,-3.275400
17.109972,14.355998
2.884897,6.853951
2.911901,6.863175
6.904256,2.455542
0.809504,12.361330
8.928162,8.710107
17.062857,7.097713
14.532022,-4.826318
16.374924,0.754052
4.888862,5.875707
5.164066,4.650533
10.495414,-15.759975
9.758203,13.103857
-6.238791,-3.957815
3.025187,1.714929
12.416135,-2.314412
-0.344861,-5.074258
6.738332,6.300402
7.266446,-8.705871
20.674280,-0.047751
6.153347,-0.215678
5.180098,-8.982464
8.164222,7.134628
21.792871,-2.358030
3.273582,10.538364
2.891449,6.858021
20.674829,-0.044824
2.867439,6.849322
20.676186,-0.048497
9.990496,16.437113
2.059572,1.774858
6.998625,1.106436
0.466236,-3.646742
4.886025,-4.782615
-3.673200,8.525199
16.926620,14.519095
18.125448,9.116075
-2.447402,-3.050500
20.070183,-0.004678
-3.647845,8.504505
17.056404,10.932020
2.848275,6.819995
-0.453866,2.107853
-0.474732,2.106160
2.067760,-14.033541
16.605162,10.306979
17.316875,5.541373
5.620864,8.696464
5.264596,8.427180
10.610347,-7.044776
16.858284,10.996992
7.561140,17.741322
16.195253,10.516438
13.403915,12.413759
8.053100,-3.439703
5.260413,-8.846457
9.510983,-15.980379
12.849677,9.804012
17.029350,7.096456
2.871405,6.853966
6.500014,14.388156
13.190344,0.134293
18.136751,9.098629
12.187732,17.408360
1.885167,-0.825887
13.408283,12.404813
4.965267,17.633831
1.023717,-6.515035
2.874273,6.878457
2.884535,6.856313
10.511518,-15.748627
4.863413,-8.757092
9.544383,-15.943646
4.071268,2.236331
3.010931,2.798506
5.605627,8.666575
-2.573202,-0.965002
-0.458630,2.096753
13.407411,12.403476
9.599865,10.232554
18.464573,-5.128540
9.579585,-15.913143
9.986622,16.440025
11.227071,-4.503718
6.505092,14.386820
18.719000,5.573072
12.904038,5.265175
-2.065618,-5.904776
6.037162,7.542309
14.354987,10.651947
1.785805,-0.891402
16.620108,6.893956
-2.564871,-0.962556
-2.042707,-5.925291
11.094691,8.631535
5.452632,5.509918
6.514616,14.373900
8.707119,-10.583044
6.986189,10.337729
11.270129,-4.475331
20.643423,-0.009670
10.062387,11.070533
6.728453,12.389009
23.167658,0.923164
3.276254,10.539180
7.295554,-8.684471
12.922629,-1.667274
16.516373,10.390213
7.625660,17.841879
-0.463765,2.096873
3.041700,0.393715
17.339607,10.837185
10.211599,6.855531
8.157548,4.843623
18.480759,-5.116619
-2.568667,-0.962330
-0.470173,2.103262
19.373531,-3.137298
5.440762,5.554272
7.285976,-8.685107
7.251462,-8.719126
6.833763,6.167437
12.912333,9.876424
14.987062,14.076005
13.962586,14.660941
10.026604,12.183400
17.151796,11.127910
17.239120,2.065348
-0.718330,10.499853
-2.616332,-1.016717
9.557467,-15.947522
17.894283,-5.780241
18.480577,-5.111232
1.039077,-6.498171
-0.468401,2.095928
9.535899,-15.956451
8.822072,-10.467373
3.024928,5.279546
9.188608,5.635540
8.608170,-3.051653
-1.015063,-6.553947
13.281412,-2.018619
-6.311995,-3.892922
9.533951,12.140409
6.328588,20.004978
4.981858,-8.442659
16.388107,0.742061
5.431647,5.575795
6.770637,-11.486747
15.113594,12.441040
6.209949,9.159066
7.244640,-8.705019
6.204634,9.159382
18.129860,9.115369
6.225840,9.154655
0.815265,12.358473
5.424942,5.596341
13.441822,12.372513
13.931914,14.698661
8.864811,-10.386617
6.211389,9.163721
12.217882,17.404957
2.968843,5.252551
5.362266,-2.632086
-1.007735,-6.552011
12.569947,17.087412
18.466726,-5.128185
17.049801,7.101811
15.814616,-3.582021
0.826826,12.340767
16.883196,10.938588
0.826525,12.340873
-6.302394,-3.903248
14.959752,-0.152365
22.076063,-4.486065
-4.221872,2.932258
5.495191,5.488277
0.822116,12.347990
2.936297,10.457831
10.201504,6.863204
0.443368,9.318253
-4.021493,12.068418
16.894012,-1.789338
9.983174,16.430609
-4.052938,-8.415779
7.488281,15.580610
5.509930,-2.538445
0.834045,12.331525
10.796667,-0.307466
13.404699,12.400662
-4.859333,5.938494
17.008930,-3.887910
4.872960,5.894499
8.995290,16.441931
-2.328597,6.123114
7.684244,17.801214
9.531103,-15.956277
-4.118059,-8.455059
6.508121,14.383655
-2.500588,-3.135375
20.687746,-0.060099
8.328302,10.317287
13.311704,-2.107700
-3.981954,-8.319980
16.628695,6.897043
-4.146416,2.902226
16.193840,10.512813
7.266162,-8.703617
2.872270,6.870774
19.397722,-3.280625
0.653524,-2.875462
3.899950,-3.959549
6.501070,14.388824
0.113708,6.573020
18.514986,-5.064635
15.162034,5.525752
3.300035,10.538404
18.493750,-5.086331
21.725927,-2.299404
11.274820,-4.460163
17.310692,5.540090
10.657058,-6.754895
8.478485,-3.134054
2.864121,6.841591
6.993958,10.328589
-6.302560,-3.897005
16.643444,11.574125
4.835104,18.884052
20.046358,0.019625
13.091993,-1.764789
16.042400,10.745074
19.442528,-3.404483
10.506556,-15.752065
6.509197,14.383233
5.464037,5.526522
17.011799,-3.906508
-2.022628,-2.222264
14.135829,-5.079008
10.718658,-0.309395
5.499807,5.486384
-0.478057,2.100697
1.037317,-6.503792
2.041988,1.770046
17.116232,11.106076
3.576972,12.996586
0.847436,12.323837
12.874785,9.317511
19.542627,-7.615534
7.256632,-8.716245
17.249788,2.074987
-0.504431,2.134960
5.365932,-2.603645
12.870786,9.337873
21.757587,-2.321975
1.034149,-6.503543
1.880361,-0.830562
14.978765,7.890590
-0.043597,-5.053305
-4.177312,2.932330
-2.574104,-0.968964
3.056467,0.374090
-4.141270,-3.938688
14.390337,-4.580255
14.392085,-4.568767
10.039574,3.511601
5.175076,-8.913537
18.473423,-5.123167
2.867006,6.843434
8.963667,-10.311781
5.377847,-2.584044
-4.606592,3.311067
11.236058,-4.497775
13.318505,-2.066749
14.433150,-4.894145
8.894152,-10.375607
11.265692,-4.473837
3.900250,-3.961025
11.544810,8.181851
1.029091,-6.509456
10.851727,-7.173209
4.677639,3.739884
3.431067,12.898764
7.224516,-8.678271
22.483501,5.015704
7.260039,-8.719090
-2.614732,-1.018850
1.033004,-6.504413
12.869929,9.321389
5.328867,10.168166
11.248311,9.858181
12.887859,9.293694
-4.261090,2.963941
20.076704,-0.010645
-1.264045,7.651214
5.153594,-7.814944
9.547459,-15.944051
16.643553,11.588479
4.869096,5.873127
6.500610,14.389719
12.177028,17.395145
8.679914,5.609890
13.407110,12.404607
12.874333,9.318136
4.054429,14.659302
5.171645,12.093551
18.482492,-5.107018
2.044842,1.772258
2.073952,-14.033490
17.736431,2.332219
3.025193,5.273916
11.254898,-4.484628
9.532693,-15.963162
9.836403,5.877150
-1.695210,7.501954
7.939305,18.008396
3.053264,0.378960
-0.478508,2.100918
5.352630,12.366502
7.127461,-11.404077
14.408838,-4.470135
-1.691790,7.504259
4.919754,-4.821423
8.685164,-3.296912
10.751714,-0.236725
-4.880763,5.909191
11.271539,-4.467841
14.247529,-5.205467
13.181931,0.118876
-2.329782,6.115589
-4.064291,-8.396831
21.939245,-4.356196
6.614938,-11.383948
19.228567,-3.170639
5.328701,10.173815
5.365849,10.015275
-4.230390,2.944853
4.402206,9.401778
-1.899828,2.809222
20.671860,-0.048552
20.076483,-0.009114
10.218008,8.002024
10.742310,-6.323621
-2.835032,4.403230
5.598132,8.680600
17.158884,11.127225
-4.122605,2.828789
-4.009680,-8.343863
9.987130,16.434134
-4.147320,-3.941023
7.274967,-8.698061
5.332705,10.165585
5.046968,12.014248
10.710056,-0.249457
10.655350,-0.451144
5.164798,-0.475342
10.827024,-0.286604
13.292427,-2.105799
18.485229,-5.099377
14.429365,-4.649738
-0.970831,16.280365
5.518826,5.500493
-4.221965,2.924294
9.543188,-15.943426
16.526360,-1.645248
13.906343,6.952203
-2.818910,0.590809
5.460033,10.037305
2.964292,10.874544
3.925853,-3.978809
10.743032,-6.330420
2.043077,1.768050
10.029352,3.523661
14.409717,-4.721843
12.549036,17.063192
8.974619,16.412388
19.298891,-3.069247
4.810415,18.903221
5.769221,8.629915
19.136028,12.655047
5.188011,-0.512775
8.528779,-3.065019
11.077847,5.431827
8.936707,16.371218
-3.097130,8.474406
5.177101,-0.522649
14.317198,9.322959
-6.018157,-3.718678
3.576753,12.999629
16.391212,0.742616
7.218411,-8.753656
18.492308,-5.089743
10.696360,-0.225004
17.217447,2.057353
5.208430,12.118432
17.683500,2.316534
10.802388,-0.263259
-0.481215,2.097523
6.783362,12.336033
22.093554,-4.487233
12.563333,17.085903
-2.252720,-2.546064
18.089035,1.995169
5.417796,5.590170
14.667458,-4.909618
0.831754,12.334943
5.153259,4.633283
10.741609,-0.267416
16.558243,0.281805
6.946274,-11.208664
13.316440,-2.090528
1.201307,4.521427
-4.089491,-3.901879
16.948946,-1.428749
6.039042,7.536989
14.900860,-0.074316
10.501245,-6.610132
6.774865,12.346505
-3.978170,-6.129131
10.675778,-0.301567
6.499009,14.391916
8.165799,7.128101
-4.091087,2.799950
5.632313,4.640555
10.906712,-6.726947
18.069252,2.014586
14.703973,-4.931054
4.820684,18.895885
14.315330,9.308886
22.094839,-4.496364
5.614248,8.690588
-4.847220,5.944677
4.310422,5.597479
5.232894,-8.793296
-2.803709,0.601853
5.177951,-0.512909
-0.057768,-5.062160
2.194616,3.974368
17.359636,13.230937
6.987076,10.337012
9.544772,-15.944377
10.520477,-6.626011
12.550036,17.070332
-0.756180,13.541430
18.472256,-5.112413
19.458965,2.122306
20.653557,-0.060281
-2.806854,0.600421
-4.019320,12.066755
4.881630,-4.761165
4.938166,-4.797791
13.402393,12.416422
12.569672,17.092974
2.878025,6.878918
8.435136,-3.939107
16.387964,0.740440
-4.852345,5.947601
8.681327,5.611494
-1.329236,7.623596
-3.952022,-8.347697
4.930886,-4.829899
-3.653318,8.513626
14.477644,-5.142189
16.894060,-1.696703
19.057472,10.686342
11.271651,-4.473287
10.514241,-0.222048
20.194107,7.928318
-4.146669,2.850601
14.547112,-4.845486
4.001055,2.191190
4.856844,-8.699574
5.201158,12.098572
10.801359,-0.262027
0.653304,-2.881152
7.243523,-8.703085
8.932701,16.358946
8.189733,10.634018
7.635779,17.861191
7.650824,17.759527
5.414402,5.583817
3.062122,0.375581
12.180017,6.682678
6.973700,10.346927
16.481352,11.163935
4.831752,18.889139
3.028001,1.714991
6.365024,8.893332
5.291429,8.447267
14.319312,9.322574
17.097086,14.363881
10.811045,-0.269074
12.293817,6.674747
-5.229336,1.525189
15.078444,14.050988
3.217340,1.471638
13.061452,-1.784514
-6.024380,-3.722881
9.595381,10.233328
17.217405,2.055317
7.619621,17.706722
4.900745,17.726076
-0.311385,-5.097465
16.948557,-1.425356
17.204456,2.048484
-2.590617,-0.989398
7.552720,16.997688
9.827550,3.550711
10.843986,-6.357237
16.135054,10.727924
2.899849,6.838468
10.236940,8.016016
14.384345,-4.575631
5.047843,12.012690
-6.239576,-3.958994
16.611954,10.315087
-4.012754,-8.346719
11.450411,6.155314
15.786344,-3.608349
-1.280546,7.645802
10.212247,7.993151
3.902228,-3.945403
-2.817202,0.591076
-4.861981,5.910569
19.222076,-3.143710
17.126432,10.479599
8.796689,-10.532834
5.096455,12.039376
8.526934,-3.052679
22.507057,5.037618
-3.252919,8.500769
8.774922,-10.513347
5.439006,10.067484
-4.857133,5.920812
8.710774,-10.578657
10.553945,-6.542186
4.972069,17.627874
21.759796,-2.324845
17.013088,7.109431
19.281813,-3.088669
-0.479982,2.099028
5.475148,-2.924599
0.391241,-7.641887
-3.108335,8.465052
-1.278619,7.652415
16.626146,-1.608886
5.230651,12.108073
3.565233,13.017567
10.523557,-0.224992
16.904411,-1.478094
3.636612,5.118418
13.938189,14.694314
-0.713700,10.488606
-4.851719,5.949389
6.479418,14.406315
14.381107,-4.606612
6.891792,-11.559232
-4.195972,2.901824
17.671352,2.299436
-3.368552,8.494070
0.822868,12.347139
5.312019,10.061376
22.169445,-4.327611
-3.601138,8.538298
-2.580502,-0.975859
22.201471,-4.343046
-0.451654,2.107980
10.902923,-6.448581
13.267755,-1.898491
6.206788,9.162424
-3.995107,-8.352647
8.555315,-2.999467
8.722504,-10.568295
10.495089,-15.767405
17.035246,-3.908053
10.710481,-7.316045
9.541480,-15.948399
13.937538,14.696225
-1.690676,7.502796
8.063498,4.908843
6.296851,6.290542
6.498186,14.391817
3.565679,12.989447
11.221679,-4.515724
9.534461,12.147025
10.721304,-6.351110
20.674290,-0.046286
6.787344,12.324816
14.236794,9.104917
5.487349,5.499829
5.174670,12.129694
-2.237465,-2.522655
18.465570,-5.130184
1.763021,-0.919617
10.226497,6.840141
-2.583295,-0.979875
12.043152,6.663853
2.041109,1.768150
13.020581,9.114882
2.088061,-14.034915
6.633305,6.465441
2.806694,5.279555
12.556544,17.074295
14.486475,-5.092217
19.132458,12.659588
17.215525,2.054958
10.891153,-6.725368
6.234811,-0.163554
11.244266,-4.500648
15.163980,5.506011
-0.257950,6.342424
3.217084,1.469550
12.055479,6.663304
-6.013233,-3.714511
12.169415,17.392307
2.042620,1.768576
19.346659,-3.018797
10.713407,-6.396052
-6.314037,-3.889971
2.883230,5.223814
5.074983,-7.828280
8.480946,-4.132697
10.118776,-13.047296
-2.768721,4.325523
3.587422,13.042747
5.612061,8.686794
8.167074,4.825521
10.510338,-15.753139
2.837172,5.197921
0.427075,-7.657204
16.868382,11.000638
16.601156,11.561725
5.213750,12.121641
-3.591455,-0.260158
3.435924,12.903118
2.249202,-4.174677
10.475904,-15.769317
-1.230804,16.156504
-0.733722,13.927571
20.671206,-0.041190
12.514849,-7.079292
17.913927,8.295179
12.868690,9.320899
12.887000,9.846716
5.535155,18.229523
11.297835,10.095430
11.316807,10.125340
13.355805,-2.090527
10.054128,11.085671
12.567163,17.094816
-0.447460,2.142842
5.506106,4.635086
16.905745,-1.476452
5.312666,10.068977
21.724854,-2.295322
9.829484,5.875050
9.527168,-15.967350
-2.557380,-3.353244
4.167312,-7.252258
15.687593,-12.176899
0.305965,5.805858
17.112640,10.444555
14.302773,-5.100973
17.208147,2.049254
17.012339,-3.888564
-0.437322,9.956359
17.316269,13.190327
-3.255373,7.910818
4.917900,-4.813489
9.789862,3.488440
10.490104,-15.764619
1.149791,-6.399566
5.062029,12.039338
18.476387,-5.113649
4.318727,5.603257
10.570755,-6.505826
18.759512,5.533531
11.104353,5.443679
2.246591,4.043640
10.112528,3.265402
5.192114,12.096509
14.411826,-4.635516
5.336616,10.161345
9.542502,-15.955051
8.998485,16.431154
16.395851,0.725573
-4.212533,2.919332
-4.280550,2.973475
22.188408,-4.405634
16.933979,14.522481
14.306225,-4.571402
19.336294,-3.070361
14.671560,-4.942761
10.205422,9.509079
14.887090,-0.083229
8.164618,7.179672
6.513514,14.383262
2.987083,1.729731
9.743690,13.123778
17.690163,2.321591
2.013816,-0.689171
22.048342,-4.246017
14.344414,9.340087
13.181891,10.082066
1.297878,11.722851
-4.022641,12.068098
6.510303,14.385730
4.876238,5.892253
-4.146680,2.865375
10.898784,-6.436034
8.960965,8.742096
17.097708,14.361198
10.846447,-0.290770
-0.637462,10.609960
19.223570,-3.179615
-6.238888,-3.960131
-4.090559,-3.903998
-4.130576,2.838411
-5.279885,1.453586
0.405048,-7.638563
18.131821,9.104880
13.309480,-2.129447
-4.130373,2.864669
19.203680,-3.192533
10.007150,3.380553
16.984266,-3.866495
8.124030,15.521477
-2.556824,-3.246760
3.561449,13.010038
10.819818,-6.356255
6.782281,12.341368
19.335707,-3.055650
9.004849,-10.269455
7.632635,17.823172
-5.248786,1.486743
5.340707,10.160912
15.619411,5.796738
15.612158,5.795317
14.376822,-5.171300
16.916615,10.939405
5.280667,8.441829
-4.084047,2.797817
10.558663,-0.231024
5.142179,4.644007
13.311093,-2.113412
12.958280,5.250478
10.221446,8.017808
14.288777,-5.189582
-1.867786,2.841136
14.239964,-5.088787
14.936009,-0.125310
4.816248,3.556822
19.341427,-3.032466
14.287868,-4.588168
11.277493,-4.505246
18.493288,-5.087490
4.925821,16.323408
14.282333,-5.083252
10.804417,-6.679104
9.878133,16.190556
2.551825,6.678638
5.469551,5.518726
15.254897,1.382001
1.180855,-6.368608
22.199905,-4.341355
9.694617,13.173096
17.142778,10.445322
7.877213,-3.053524
0.806116,12.360099
10.060241,11.097118
2.046793,-14.010588
-4.867951,5.942079
-2.034324,-2.232971
15.112868,12.440456
13.935506,14.697351
2.883694,6.897694
16.999369,10.726871
-1.275340,7.647711
-4.270146,2.978947
6.860522,-11.530244
16.206064,10.517277
9.555616,-15.940194
-4.850651,5.946388
19.354391,-2.991884
6.634077,12.487247
6.499531,14.391196
14.461640,-4.680403
-3.901689,7.997814
-0.005969,-5.079037
0.413970,9.285533
14.372239,-4.782528
-6.311244,-3.896796
17.322874,5.545626
5.180926,-0.526984
-2.031391,-2.234648
0.805574,12.366239
-8.773859,3.406866
0.630539,9.428705
2.911995,5.334342
20.676159,-0.052166
10.749280,-0.311938
10.959557,-6.735482
-6.018752,-3.721143
21.739697,-2.307491
-0.452689,9.981490
-1.407099,16.041899
-2.550901,-3.256971
-3.994896,-8.328815
10.749599,-6.323282
14.433851,-4.600205
0.394685,-7.642220
0.383405,-7.652054
-2.330079,6.124895
6.933909,-11.423492
19.459869,2.121715
9.993115,16.456669
13.389008,12.400915
9.827110,5.875502
11.461125,6.168228
-5.299457,1.502923
22.478863,5.010938
-1.275046,7.648036
-0.738420,13.910148
2.882442,6.862151
-0.714433,10.474699
19.289768,-3.072619
8.047998,-3.355183
4.804958,18.918985
21.723257,-2.291525
9.542591,12.192647
-0.717099,10.473804
-4.073385,-8.412242
6.839170,-11.241922
4.827974,3.547239
10.026219,12.131448
14.165464,-4.494518
-4.272918,2.953388
19.334501,-3.034362
16.915724,-1.461674
-2.327599,6.124080
22.125189,-4.430143
22.235291,-4.310346
-3.673925,8.524139
-4.143256,2.864073
15.844989,-3.549832
12.566322,17.086946
5.414421,5.585627
5.143247,12.164092
10.213717,8.000243
14.392541,-5.192109
8.003588,-3.344049
19.336533,-3.009509
4.885607,-4.776147
17.322985,5.544545
10.496289,-15.760395
3.570084,12.996443
10.479862,-15.779019
0.455571,9.336208
17.716700,2.314050
4.880795,-4.762264
4.797189,16.196375
4.081006,2.243644
2.860799,6.833724
-4.264998,2.961684
7.279631,-8.693242
1.408045,7.009023
1.201773,4.520807
3.864762,13.271970
14.183587,-10.575562
3.010702,5.279240
-8.773396,3.406910
8.309537,4.757813
22.480562,5.011618
4.413413,9.422253
10.888600,-0.508594
12.927881,5.229362
4.878285,5.895482
11.459876,6.174648
-0.754981,13.930261
11.532913,8.181797
-4.118057,-8.454221
2.855088,5.222726
17.119318,14.351739
1.092966,-6.445346
22.181911,-4.319985
14.453646,-4.557446
-4.827783,5.973106
-3.984742,-8.319757
2.866076,6.840650
7.621823,17.855507
14.635129,-4.917366
19.331118,-3.002555
-4.244720,2.948447
-0.760850,13.935039
6.746588,-11.501881
17.040966,10.993987
0.784810,12.387485
5.409156,12.316787
-1.272148,7.646489
-0.481780,2.108632
12.294071,6.672486
6.771930,6.104198
-2.326997,6.117358
14.332648,-5.103935
3.911161,-3.965029
22.203957,-4.345374
11.249570,-4.484890
-4.100527,-3.912236
18.470911,-5.122857
16.912830,-1.465844
3.900298,-3.958803
-4.860530,5.945689
17.127998,11.111829
8.173694,7.112639
-0.028844,-5.054723
11.478593,17.075825
12.903530,-2.355697
19.459545,14.198975
-4.158063,-3.952098
0.822976,12.348072
17.434616,10.719737
9.606983,12.156334
12.859885,9.328809
4.717357,3.621177
16.939133,10.874725
5.000584,11.976428
4.285582,5.611577
1.864068,-0.841588
9.548250,-15.940082
6.139371,-0.227992
10.853445,-0.303398
5.183180,-0.524637
-2.589324,-0.980443
-0.616769,10.639984
1.032148,-6.507187
12.972313,9.228015
13.875269,14.755215
0.812348,12.360421
12.836420,9.807521
12.967968,9.224408
-3.904286,7.994655
8.172187,7.216381
10.498869,-15.763728
8.942479,-10.318060
20.509163,3.408351
10.934731,-6.440905
10.841806,-0.234054
4.926834,16.324167
20.669275,-0.040148
2.989116,5.280889
4.309288,5.597628
4.926755,-4.811191
3.571093,13.022492
-4.130714,-8.468625
0.087572,6.557246
6.508908,14.385312
4.767801,-8.346541
-0.753495,13.925549
12.962752,9.226861
8.943678,-10.318309
-2.620470,-1.019332
13.419521,12.416618
19.354799,-2.977744
20.321438,5.700102
4.303833,5.597281
10.924258,-0.513611
8.106917,-4.147482
0.459743,-7.587429
5.261527,-7.764569
1.178584,-6.372927
13.022182,9.091496
13.590379,-4.940457
-2.446532,-3.067624
1.110733,-6.428484
-1.210944,16.284832
20.047466,8.055988
2.306167,4.086743
18.691195,5.596899
2.245081,4.041850
15.056258,14.041624
8.314857,-3.404994
12.840706,9.799187
12.975151,-2.257674
10.089157,3.312960
9.709279,16.071770
13.187853,10.089362
12.295762,16.590397
-0.456641,2.098210
15.814384,-3.581506
14.356246,10.654006
18.066565,2.016550
14.507827,-4.695859
2.041372,1.766768
7.835768,-3.080429
8.092216,5.019817
-4.110813,2.817422
10.655957,-0.315992
14.324847,-5.177604
7.285156,-8.692991
22.085161,-4.500541
-4.108790,-8.441451
-5.262959,1.472347
-1.897059,2.811152
18.055561,2.025294
14.964831,-0.158106
7.622823,17.859156
8.572829,-3.066563
4.919532,16.318075
14.680147,-4.877058
-4.078705,2.795803
10.537778,-0.265052
-4.141272,-8.476298
-0.391759,10.973432
4.868263,-4.740705
14.866232,-0.048883
12.299724,6.676703
22.184114,-4.349313
14.382615,-5.197181
8.727164,-10.535623
5.053254,12.027980
16.922606,-1.465433
0.466693,-3.648013
-4.090934,2.803772
0.468877,-3.643972
16.811394,-1.528567
5.193597,-0.525552
21.753464,-2.317434
5.402048,5.599298
1.989047,-0.710448
12.735429,-1.902717
10.221686,8.012074
0.442971,-7.603386
-2.605914,0.823283
4.906200,17.711931
7.923419,17.997242
4.009910,14.616181
21.748339,-2.311789
5.178851,12.121561
14.557690,-4.814703
10.902723,-0.336503
10.816785,-0.301279
4.904725,-8.523458
7.266825,-8.709555
6.327652,20.004143
6.634482,12.490882
19.412395,2.170310
9.842479,5.880736
14.968805,-0.165973
14.448051,-4.667162
12.869370,9.323714
4.911924,-4.801558
7.901269,18.000397
7.274225,-8.698818
10.553049,-0.309882
10.575264,-0.484678
2.919570,10.473636
-1.695436,7.502810
7.491761,15.578915
20.674305,-0.049716
4.005312,13.350962
14.661378,-4.822106
5.312177,10.062904
2.191471,3.971972
18.751940,5.539907
-2.590864,-0.991528
8.964768,8.746452
-4.283425,2.959158
19.137911,12.652664
-0.711670,10.478190
1.882869,-0.828099
8.709623,8.514372
10.970996,-6.820363
-0.460107,2.096496
4.868711,16.272003
17.678431,2.304820
12.173784,6.566423
1.196663,4.487320
9.529818,-15.964818
18.481197,-5.115085
-4.114643,2.827079
-4.115247,2.826076
-3.908390,7.993752
-2.765887,0.648252
-4.861020,5.920451
17.129467,11.110183
-2.327451,6.123497
19.129059,12.664237
-4.224091,2.945154
-4.018889,12.067769
9.602352,13.278142
12.194363,17.421131
10.840321,-0.282473
11.554169,6.881182
11.099257,5.440241
-0.710382,10.496005
17.436407,10.719073
8.822130,-10.479866
11.711206,9.061564
0.417346,-7.631799
10.767766,-0.310841
14.870847,-0.052881
8.860104,8.648331
20.672682,-0.045816
12.225881,17.402361
5.210461,-0.473810
4.873002,16.267914
8.127851,15.534235
4.972089,17.619358
13.952601,14.678185
14.523840,-4.697786
-4.242855,2.944533
5.390641,5.617203
18.055202,2.024040
6.851280,-11.220360
7.331163,-8.643726
2.079372,-14.033076
13.934863,14.697799
12.555914,17.074856
14.304685,-4.639024
12.335997,7.968806
14.269319,-4.959125
-0.000653,-5.023374
15.067164,14.050418
16.827427,-1.839557
22.059320,-4.506960
7.046501,1.149622
6.688206,-11.521972
14.623254,-4.826256
5.170223,12.071898
2.889450,5.230998
6.955878,10.366982
-6.240753,-3.957938
14.193619,-5.164848
17.107906,14.358120
4.397804,9.396368
14.409248,-4.641962
6.939282,2.440844
4.857056,3.533563
11.022305,10.379485
9.533966,12.190160
-4.142461,2.857494
5.042217,12.019691
7.036170,1.147323
7.552180,16.998405
12.569143,17.100906
-2.324142,6.115394
4.390695,9.395698
14.659863,-4.814796
11.260706,-4.481881
-6.316309,-3.893377
8.704633,-10.585855
14.215454,-10.543501
2.535667,6.665584
12.881773,-1.741302
7.983468,6.970454
1.290518,11.729178
3.565692,13.015374
-3.909215,7.997197
10.976270,-6.629489
10.009307,16.483751
10.858496,-6.357225
10.876199,-0.334954
6.612908,12.509330
2.080169,-14.035127
6.504483,14.385461
8.234627,-3.354234
10.736176,-6.362838
9.566506,13.320771
18.705099,5.585350
14.424664,9.240507
17.330456,10.781804
1.952312,-5.108850
5.458303,5.517355
-4.251974,2.963703
10.585262,-0.310374
0.827535,12.338682
9.838193,5.879206
6.660538,-11.447405
4.792283,18.918011
4.299627,5.598873
9.573196,15.709031
8.125706,10.529994
-5.261240,1.492236
0.419697,-7.627635
6.736430,12.377784
5.066731,12.050460
4.834598,-8.524633
10.769028,-0.386550
-2.551069,-3.252119
-4.900407,5.946511
16.626923,10.380061
-4.274822,2.992092
11.457213,9.463370
19.394257,-3.228173
10.721357,-6.336595
6.978594,-11.499452
16.292299,11.057894
3.899623,-3.956470
14.635100,-4.845015
4.882673,-4.774181
-4.289795,2.987441
5.073979,12.076478
10.943132,-6.583943
13.276435,-1.986338
17.005552,-3.887115
-4.172040,2.880839
2.843948,5.198433
17.131844,11.120470
12.862469,-1.698879
12.880266,9.406281
-0.740105,13.920168
5.628126,4.602261
6.504541,14.387940
10.747391,-6.646564
13.852439,-4.868321
22.052351,-4.535363
9.856090,16.198996
17.072929,10.507070
-4.162086,-3.956230
19.454859,2.126215
12.297949,6.672359
7.253750,-8.719739
10.765401,-0.326323
10.216495,8.005708
10.815059,-6.992453
6.881032,-11.439547
13.944294,14.689240
8.917666,8.693464
4.817049,18.909300
4.718631,3.633639
-0.483811,2.092726
0.424919,-7.619167
17.103493,14.356522
10.735926,-0.343945
6.942612,14.177453
11.263797,-4.477466
-2.795435,0.614588
18.038904,2.038962
11.329627,10.130947
1.904137,-0.811639
-0.009037,-5.050725
19.108137,10.672739
16.600344,11.489798
13.940307,14.691436
6.811055,-11.284163
10.786061,-0.646743
21.723570,-2.287091
5.510505,-2.890636
-4.086853,-8.419169
0.448563,-7.599751
6.913725,-11.494200
6.775509,6.103726
10.814643,-0.677135
20.611795,-0.098601
-4.008509,-8.353688
0.427002,-7.629242
19.207434,-3.197812
13.178906,10.072926
11.264880,-4.474749
17.726545,2.330982
6.773251,12.335117
10.580807,-6.591909
5.586473,8.678188
12.570290,17.084265
7.229548,-8.743057
11.211112,10.021841
10.787233,-0.675008
17.103836,14.357615
0.452832,-7.676950
10.960355,-6.483358
5.058700,12.041639
9.542171,-15.940022
12.552459,17.070820
2.196553,3.977592
19.428558,-3.397824
4.079535,2.257151
6.611662,12.506139
13.801171,-4.907921
14.760578,0.060728
-8.773207,3.406970
13.929310,14.700768
-3.960153,-8.331817
13.925603,14.706789
11.098740,8.645398
15.244531,1.389818
19.374502,-3.251994
14.914161,-0.093486
7.325532,-8.599127
14.420922,-4.670820
8.377241,-3.726414
7.929764,-3.913280
18.492887,-5.068332
2.245323,4.043563
0.609838,14.747500
4.056178,14.661005
5.121881,-7.801795
10.600364,-0.352799
1.029614,-6.509519
4.424620,9.428080
13.887755,-4.734961
-0.324808,-5.057097
0.421067,-7.633458
6.186231,9.182016
19.526369,-7.630440
13.725945,-4.903525
4.761598,16.156326
5.436240,-0.442957
6.750710,6.189895
14.114770,-10.641354
-2.022645,-2.221390
2.197300,3.975230
0.451402,-7.594612
13.205949,0.152898
3.006928,5.294686
10.744700,-6.360318
12.263268,16.569876
10.534765,-0.294793
10.892880,-7.097702
10.745020,-0.502710
-1.274142,7.644726
4.687805,3.673878
7.119149,-11.482459
12.926499,5.227656
10.650548,-0.655475
0.811522,12.360415
-4.164677,-3.958603
15.064081,14.049894
-4.020530,-8.361645
11.457770,9.468961
-4.860565,5.885435
8.205855,10.625910
5.328765,10.169532
0.659448,-2.876573
8.877442,-10.396739
4.811979,18.898678
13.763574,-4.828256
9.713373,16.078238
6.609894,12.504688
3.584033,13.001124
2.062757,1.780525
13.838450,-4.862294
-2.842731,4.415478
-6.012761,-3.715728
4.769289,16.165564
18.463211,-5.130436
14.093987,-4.669211
17.213619,2.054288
13.817083,-4.870539
13.069469,-2.217753
10.829475,-7.034296
-3.262921,8.496431
14.316265,9.332932
18.752195,5.539908
22.213022,-4.278881
11.243617,-4.489485
13.992872,-4.789549
5.348164,-2.782867
9.941276,3.471502
4.932982,-4.817003
13.924321,-4.906630
13.922242,-4.757910
8.554597,-3.163980
-0.461501,2.101315
8.968187,8.750958
7.636281,17.855261
5.072390,12.055165
6.946340,7.930743
10.893567,-7.114823
15.588965,5.779662
0.633991,-2.931791
-3.904920,8.000843
12.742777,-1.901653
16.598944,10.310977
4.808435,18.906158
18.479744,-5.119930
-1.021300,-6.551349
5.316921,12.291729
-0.715197,10.497511
16.050854,10.748210
16.564510,-2.111951
-0.749490,13.928641
21.731909,-2.298381
11.256776,-4.481188
-1.023558,-6.549793
5.305192,-2.747802
0.445864,9.317918
12.179458,6.563201
6.681040,12.430922
6.227794,9.146315
12.947227,5.248008
5.345795,12.341757
10.826744,-0.706018
5.511036,5.497115
19.445827,2.134995
14.764412,0.062456
12.798986,-1.855397
10.740651,-6.935246
4.699351,3.666831
13.256193,-11.080167
12.565982,17.095463
10.016546,16.501471
-5.277268,1.456386
-0.747733,13.930022
8.095191,-4.200020
4.854394,1.245500
7.048669,2.480589
-4.589861,3.292844
12.565714,17.094343
21.760584,-2.323367
9.548330,-15.936015
10.731035,-0.611739
-4.891500,5.928542
12.284185,6.664669
21.723000,-2.286700
2.920340,5.323917
-0.642662,10.613644
-2.581550,-0.975186
7.008374,1.109929
10.618853,-7.137637
10.773218,-0.721398
-1.117171,13.560869
8.081861,5.021628
10.792755,-6.882170
18.652042,13.168521
-2.810109,0.598334
13.748782,-4.858639
10.660958,-0.625746
3.049997,0.380123
2.082075,-14.036995
4.932032,-4.811902
-4.022717,-8.377200
0.514593,-3.598691
12.294604,6.667971
12.750446,-1.959864
-4.246794,2.969217
12.538327,17.046347
17.667820,4.094514
19.451530,2.130970
1.864351,-0.841219
7.069443,-11.353663
10.722818,-7.247862
18.466957,-5.120102
15.080822,14.035444
5.783131,4.704124
-4.450245,3.157550
5.347719,12.355226
12.882917,9.312139
17.121744,-10.704069
9.851644,3.573876
7.490252,15.578043
10.551381,-6.654675
13.409122,12.426350
4.302794,5.597349
12.056204,6.660110
5.211928,-0.515196
19.524097,-7.631583
17.711370,2.325162
-4.436064,3.147225
5.245035,-0.558136
10.822736,-7.180050
5.372571,12.379139
-0.715444,10.494424
-4.486662,3.194778
3.582644,13.028933
12.694415,-1.971834
9.890454,3.551718
-2.014794,-2.219697
16.141611,14.302438
0.488144,-3.620961
12.875239,9.324074
-1.265779,7.651042
13.897137,-4.785773
5.325940,10.190049
1.959790,-5.078529
-4.073224,-3.891232
4.868901,5.872471
-4.879312,5.953055
-2.496621,-3.125202
4.313222,5.600423
-2.497367,-3.112381
-4.474144,3.179571
7.240561,-8.735238
4.897731,-4.792658
13.985546,-4.845871
19.325516,-3.190706
5.387917,12.397081
12.198754,17.416298
19.144714,12.647220
19.136299,12.655768
7.243483,-8.730089
5.136615,-7.780315
12.186979,17.408772
10.753509,-6.374218
10.888053,-0.652807
15.588215,5.775892
18.757565,5.534824
19.141705,12.648308
12.333735,7.981833
1.056316,6.293407
10.743551,-7.117479
1.873429,-0.833232
8.689827,8.495686
6.737977,12.367789
0.446675,-7.606688
5.345439,12.343631
-0.020805,-5.045613
10.210750,7.999306
8.968236,8.745892
-5.297873,1.455387
-4.590014,3.291495
5.342142,12.330217
18.478315,-5.118743
18.136576,9.097317
16.941372,14.518373
4.839742,18.870882
21.956814,-4.423874
7.011185,1.114246
7.621562,17.854059
10.794168,-0.681817
14.319716,9.335017
3.397605,12.860967
8.707924,8.510896
18.754595,5.537907
10.715299,-6.917845
-4.541957,3.242409
3.077780,0.354097
5.184747,-7.913710
2.147956,3.927883
-3.241222,8.498906
14.520696,-4.797785
2.886065,5.228617
18.474348,-5.123167
6.509059,14.385908
8.203068,10.633268
3.003582,5.310708
12.571203,17.104565
-2.242544,-2.522961
-2.495900,-3.116973
6.504551,14.387813
14.115769,-4.924562
16.181734,14.315314
14.629434,-4.839570
14.407580,-4.646514
10.742887,-0.327293
7.225966,-8.746810
17.277517,10.740214
8.718019,8.519938
4.394139,9.389385
7.578896,17.739925
17.095301,14.364923
13.922360,14.706804
-4.457880,3.159838
13.896313,-4.754823
9.806231,3.591940
1.055476,6.295367
18.697309,5.592300
16.563341,-2.102345
-3.635063,8.509617
16.612488,10.766178
4.314974,5.603730
10.899516,-7.112888
9.593102,13.287876
14.647710,-4.848201
21.894001,-4.421362
-4.884902,5.921316
7.197704,-8.768341
0.432347,9.311375
11.256889,-4.482054
0.451384,-7.601418
17.029072,7.108240
8.913382,-10.354818
10.787429,-0.323046
10.784194,-7.236671
4.409696,9.413703
13.857194,-4.795243
9.537871,-15.947020
13.913770,14.716863
3.869782,13.278841
20.084217,-0.013553
-0.517434,2.118730
-4.161524,-3.956120
10.872725,-0.326417
7.314960,-11.445704
16.369890,0.758636
10.735414,-7.247549
10.710727,-0.290627
5.395905,12.412460
-3.121691,8.463720
18.480278,-5.117346
-0.309304,-5.097154
3.550162,13.001743
13.392041,12.404001
8.332577,-3.349411
19.296736,-3.140678
-1.256904,7.653508
2.915341,5.337924
0.390394,-7.666324
17.136501,1.977715
8.054266,7.027205
0.398150,-7.648431
9.032573,-10.243114
5.354062,-8.716824
20.187178,7.935879
12.299623,6.677701
10.491190,-0.204381
19.347925,-3.069851
19.446901,2.135737
16.485344,-1.622928
-6.235004,-3.960413
-1.863013,2.813881
6.508854,14.382318
18.882633,9.886212
13.901920,6.946156
-1.119847,13.561124
13.424899,12.387558
8.814622,8.610991
10.737643,-7.252403
9.542617,-15.946366
16.387295,0.741944
17.087521,14.362132
13.800305,6.843089
7.487272,15.580852
0.451127,-7.601547
20.056028,8.065005
5.288969,12.248266
2.873435,6.846274
18.463879,-5.129489
8.078740,5.039809
4.904006,17.716274
14.290761,-5.188710
15.587780,5.777209
5.445956,-3.028225
16.820930,-1.571565
13.279690,-11.104630
1.942324,-5.086435
16.830002,6.756227
7.920380,18.010553
-2.786390,4.351579
19.159916,12.631622
0.630910,9.431844
7.225016,-8.748975
8.012574,10.670810
19.128752,12.663178
-6.004887,-3.712223
-2.015571,-2.206462
7.239711,-8.745107
-4.139097,-3.935557
4.946914,17.609930
2.930369,5.321165
4.304008,5.598379
5.300333,8.461835
1.994152,-0.707991
-0.035207,-5.055575
4.927943,-4.805800
-5.196167,1.557618
-6.322131,-3.912225
-2.493698,-3.116880
6.573001,12.535550
1.958324,-5.080036
-4.888668,5.954432
-2.491213,-3.107436
8.191023,7.167617
13.190417,10.077422
10.767147,-0.721861
10.793140,-7.181384
6.739967,-11.482250
17.046751,-3.907145
1.041756,-6.494266
17.368881,10.761138
-4.503052,3.206260
-4.167196,2.887659
9.799105,3.596399
0.630819,9.433109
-2.017498,-2.219716
13.892048,14.738773
-4.530238,3.232801
4.906320,-4.802335
7.059415,2.470295
19.162598,12.629609
7.141633,-11.388039
2.990381,2.821734
-4.584890,3.286792
-4.879266,5.940838
3.998009,2.188178
10.770334,-6.706501
7.924547,-4.143468
12.043323,6.663536
8.100169,5.006436
17.072620,10.509124
4.330652,8.473080
6.220303,9.157551
17.097986,14.363629
12.850601,9.343349
7.038980,1.140169
10.035605,12.188311
10.802299,-0.652161
20.064869,8.064508
5.054735,-8.071261
18.429407,-5.168706
17.039852,-3.931717
14.179616,-5.138535
6.622462,12.488570
5.592075,8.682515
2.193799,3.972436
3.576443,13.024412
9.799825,3.587156
14.696820,0.135807
5.339945,10.195795
-2.021361,-2.213640
11.244031,-4.496269
1.982016,-0.716249
7.194063,-8.779140
22.555258,-0.095044
15.067960,14.043463
22.036665,-4.290612
14.030147,-4.759832
-3.946771,-8.322191
5.639611,4.637704
2.841182,5.187200
14.704180,0.126094
-1.331132,7.624973
2.246673,4.047922
5.091556,12.067426
21.712217,-2.289753
14.979974,7.886772
8.311907,4.776201
5.340071,12.343833
2.920895,5.330418
13.876713,-4.725411
14.961091,-0.147884
16.733742,-1.946470
8.064796,5.036745
10.805166,-7.281457
10.830128,-0.479687
0.809009,12.361718
3.572764,12.995820
18.745695,5.546511
12.822335,9.785603
0.450253,-7.602466
10.692598,-0.645953
0.817393,12.352380
5.451037,10.034588
16.574034,-1.606129
8.331608,4.736994
5.059330,12.037110
6.634419,12.519374
16.813217,6.749700
6.500335,14.388849
4.973853,17.624596
-3.943400,-8.330277
12.550771,17.080502
6.687778,-11.411861
16.546799,0.309208
12.854535,9.825871
22.222572,-4.321824
7.980040,6.969092
12.335011,7.970544
14.785089,7.805717
18.479803,-5.102882
16.917000,10.937063
4.977330,17.640097
9.747866,13.114171
4.849940,18.960529
13.953962,14.675476
-2.574958,-0.969730
16.827389,-1.572967
-2.587718,-0.986915
11.652111,10.461758
10.730504,-0.357157
-2.321333,6.133115
6.710026,-11.381352
7.792929,-3.107308
14.367750,9.134185
0.463574,-3.658677
-2.868917,4.446231
-3.884836,8.027628
13.890916,-5.015383
5.039951,-8.448274
9.542336,-15.943242
10.780096,-0.289877
-2.743897,0.672972
-2.029199,-2.230759
7.249910,-8.721156
18.478241,-5.103340
18.496349,-5.084020
14.678110,-4.903956
5.047052,-8.372285
16.933924,-1.775122
16.186586,10.499865
7.040964,14.138264
5.342884,-2.670365
2.922297,10.475522
14.309772,-5.178906
5.232746,12.159248
8.404560,-4.038698
14.311639,9.313594
17.698734,2.321897
6.630154,-11.373744
12.860677,9.827405
6.935200,-11.268197
16.600754,11.491298
5.615035,-2.707971
17.862740,-5.814601
9.776543,3.596147
18.129574,9.103347
4.000617,2.190946
14.266939,-4.563828
8.100695,10.503822
4.807499,18.905725
19.351749,-3.120653
4.809927,18.914282
4.879713,-4.765481
16.814837,-1.614233
13.368346,12.424201
7.271347,-8.702220
4.877278,5.896934
0.458959,-3.660817
13.934862,14.696917
-4.141674,-8.475761
10.676693,-0.411880
6.763777,12.357334
16.584236,-1.598731
7.591781,17.764336
10.062829,7.020051
8.975493,8.758250
-2.761286,0.653018
14.353381,-4.656993
12.302059,6.676597
-5.992007,-3.707725
-0.034801,-5.052149
-1.007946,-6.549444
10.219308,8.010532
13.414917,12.386250
8.497793,-3.286360
5.916710,14.559641
14.231076,-10.573165
-1.092336,5.602749
11.270501,-4.472948
10.791987,-0.279625
5.242170,-0.575361
-5.247210,1.510133
6.999305,-11.193575
14.346582,-4.632998
0.822131,12.347185
0.393405,-7.598919
8.737494,-10.554752
6.119355,9.244518
2.872684,6.848651
9.833590,5.877440
-2.020052,-2.229001
1.175757,-6.373276
14.329081,-5.176476
11.063771,-6.696853
10.807388,-6.348680
-5.303211,1.455266
16.856007,-1.632492
12.834785,9.812222
-2.187828,11.769743
6.897927,-11.234636
19.446119,2.133338
-2.326132,6.123758
2.868453,6.843804
16.869089,-1.838713
20.661871,-0.035745
12.549598,17.071064
18.501852,-5.075576
16.896486,-1.770161
14.354259,-4.650565
-2.490126,-3.112272
13.200912,-2.252616
4.809909,18.912523
19.443060,2.136565
18.469063,-5.100641
11.267155,-4.473673
11.479742,17.074745
11.038844,-6.706179
5.428333,10.074742
5.341584,12.353840
5.444646,5.469482
17.001686,10.899413
5.135600,12.129892
16.641417,11.540100
14.613061,-4.929533
18.881207,9.887383
8.907420,8.694883
6.224575,9.154690
-4.489762,3.195626
17.066545,7.046722
2.044867,-14.011699
3.568527,13.020901
9.982991,3.570581
8.541718,-3.732208
8.078759,5.028998
7.630248,17.856619
-3.958037,-8.340935
9.739517,3.628475
-6.310655,-3.897926
16.630838,-2.006543
13.197002,0.141880
13.866099,-4.983274
7.093838,-11.507066
16.614388,10.308183
-4.132679,-8.467587
17.024632,-3.913258
-6.316565,-3.896270
9.969200,3.466263
7.759299,-3.198201
16.183798,14.315050
13.928633,14.694616
-4.934501,5.958350
12.537880,17.080666
7.883853,16.408745
5.453392,-2.986774
2.196550,3.976863
17.037981,-3.916839
2.880955,6.862744
9.951853,3.441947
10.880442,-0.568581
8.412003,-4.151381
18.058004,2.023440
10.935962,-0.586209
2.799969,5.288959
5.470645,-2.668389
-4.146843,2.861575
10.638694,-0.629222
-2.006471,-2.197984
14.741535,0.082414
7.115237,-11.469582
20.440453,6.177693
5.482494,10.023941
20.113920,8.120541
7.228236,-8.747926
3.640108,5.114336
4.850111,18.858501
7.069315,-11.220932
4.888649,3.542603
17.131533,1.969569
17.447926,10.711929
16.387568,0.740490
12.869700,9.316056
-3.902986,8.007737
18.662386,13.162558
21.730940,-2.310057
8.059478,5.045430
9.807256,5.852209
12.815684,-2.178376
2.917915,5.331031
2.921999,5.329891
22.480379,5.011940
0.813673,12.359139
16.626837,10.342817
-4.565273,3.265695
-4.411464,3.129648
19.206385,-3.221961
-4.086379,-8.442601
10.763515,-0.323033
13.978189,-5.090130
-4.026115,12.065428
8.173747,7.169331
10.608652,-0.297029
16.833691,6.757375
3.027612,1.712752
22.483017,5.014115
4.904344,5.862487
9.986674,16.448215
-1.692917,7.501382
17.131916,1.975398
12.883658,9.310459
7.260507,-8.677720
1.959091,-5.078215
10.568621,-0.374433
7.270844,-8.704121
4.849387,16.255737
11.276600,-4.464316
6.818864,-11.531980
-3.992216,-8.349546
16.630465,10.334567
10.611308,-6.718255
-4.537775,3.236683
0.393727,-7.607333
9.855038,16.205236
-4.158521,2.864587
6.369996,6.317707
14.222746,-10.546237
3.899288,-3.957083
17.091824,14.368386
19.130377,12.660780
-4.111587,-8.450123
10.592039,-0.291311
19.140171,12.643699
5.102256,12.090297
6.193248,-0.126668
2.891874,6.862960
18.480341,-5.117617
6.856586,-11.584139
5.315353,10.080938
14.641611,-4.847373
8.082520,5.050160
6.707602,12.392132
6.200321,9.162806
14.629511,-4.877582
9.796054,3.590920
15.113978,12.439821
5.179657,12.103027
12.336990,7.971545
19.133354,12.657943
21.776346,-2.364000
10.917521,-0.523878
10.205384,6.861646
-4.834343,5.913511
9.618457,13.260233
12.553252,17.074972
3.431244,12.898341
-4.241436,2.922786
10.790778,-6.406247
7.623913,17.746859
-2.337755,6.118616
6.471060,14.418683
13.952807,14.676843
14.421528,-4.786795
18.474401,-5.108259
5.487755,-2.882045
7.274936,-8.700876
-0.716232,10.491632
-0.743992,13.907045
17.916140,8.295600
16.894979,-1.723109
18.879723,9.886871
18.472727,-5.100695
10.882532,-6.679968
-2.858471,4.434935
-5.280841,1.424793
-0.441275,9.964200
-4.030558,-8.354607
6.861954,-11.587915
2.869135,5.209868
3.033170,1.702071
14.233007,-5.209651
12.271462,16.600651
7.869452,-4.148897
5.163293,-0.481901
14.724826,-4.884984
-4.073988,2.786295
14.318695,-5.053536
-0.711890,10.498325
4.970898,17.625416
17.039417,-3.926550
19.254160,-3.114243
7.296066,-8.690901
10.222973,8.009346
0.609424,14.747611
2.918098,10.475435
14.773126,7.805956
13.368808,12.394805
9.532202,-15.955757
-4.608206,3.310854
2.932497,10.476558
13.902462,6.945475
-0.352511,-5.072205
20.274153,6.413428
5.265307,-8.575109
20.086540,-0.005890
22.173538,-4.329832
8.130738,-3.578490
10.574598,-0.377002
18.478922,-5.118627
8.070702,-3.580997
0.464503,-3.653987
7.256920,-8.725045
5.087054,12.062543
14.248997,-4.671329
5.447190,10.037489
-4.035655,-8.361151
-4.126877,2.840825
2.934044,5.317009
10.690184,-0.397614
17.323439,5.546363
19.446716,2.135138
6.289474,6.273995
14.260286,-4.903392
5.211354,-0.510745
10.878869,-6.413196
7.247597,-8.720801
0.399374,-7.629097
-0.765162,13.918397
5.911907,14.533618
5.193820,-0.514962
6.525579,14.376015
9.009536,16.449251
7.113032,-11.523507
14.223490,-5.163573
-0.477987,2.099903
10.560264,-0.476695
6.908621,2.468536
14.218233,-10.549376
8.140370,-3.399938
-5.280811,1.451156
19.328743,-3.022112
10.211424,7.998113
5.196095,-0.510470
13.791359,-4.906517
-2.584713,-0.983504
1.883364,-0.826943
14.364278,-5.161649
16.811916,-1.566747
3.935418,-4.007432
12.885421,-1.752248
21.758287,-2.318271
-2.172862,-5.875556
5.188687,12.181137
6.713472,-11.417645
4.860504,16.256664
12.847294,-1.750436
11.106901,8.669532
14.283359,-5.185315
10.979723,-6.704801
-2.767137,4.334122
11.711728,9.061255
13.841633,-4.816123
4.861292,16.258694
16.858377,-1.805054
21.763912,-2.325721
6.831545,-11.542145
10.502948,-6.668629
3.936964,-4.008062
20.068052,-0.008848
-3.961531,-6.158693
4.895127,-4.779591
5.314469,8.456283
12.876856,9.317530
13.973671,14.652362
10.909681,-0.526345
9.711598,16.075846
13.899569,14.728979
6.503873,14.388999
14.543613,-4.834139
10.192823,6.875800
-4.438586,3.154132
5.202309,-0.524090
10.585302,-7.107842
-1.109677,13.561149
6.719903,12.396032
5.038535,-8.396113
15.597545,5.782257
17.672274,4.092068
-1.127746,5.137749
17.048630,-3.928822
14.261934,-5.194370
-3.985963,-6.122564
7.015121,-11.284239
2.922208,5.330209
-1.029543,-6.544777
6.936990,-11.242189
-1.689012,7.503736
21.983902,-4.437023
19.415380,-3.119704
5.205418,-0.508133
-2.852872,4.428691
10.847066,-0.709546
1.053822,6.271662
5.331643,10.172649
8.780990,5.552382
13.206540,-11.038389
-3.881538,8.043101
17.388956,13.251882
14.311985,9.330887
14.079262,-5.091321
16.193295,14.331801
14.143026,-5.156938
9.608725,13.250607
12.336951,7.973642
13.194940,10.083371
-2.763108,0.652330
7.797209,-3.329865
12.842957,9.807111
-3.860719,8.037550
5.198142,-0.521627
17.850420,-5.831609
13.812736,-4.873574
-5.331963,1.419091
5.219574,12.172050
19.377253,-3.327569
12.543747,17.055422
12.050020,6.662924
14.656892,-4.937001
-1.120875,5.137401
10.516643,-6.665686
-0.495350,2.080318
0.824019,12.345376
14.773663,0.044542
-6.015413,-3.717124
3.993906,13.343265
-5.299699,1.456462
20.044069,8.070211
17.034647,-3.928912
-3.881286,8.021234
16.839552,6.786281
-2.554241,-3.241798
-4.378640,3.095024
8.149819,4.831479
5.242943,-0.555721
7.246776,-11.405904
14.311122,-4.687951
14.703583,-4.911412
-2.612000,0.817301
-3.908430,8.009732
14.226340,-5.222983
6.715860,12.397166
5.254640,12.264266
9.024058,8.800885
0.570173,-3.094993
8.181215,4.812840
10.919911,-0.639172
-5.315800,1.447729
7.015620,1.114875
11.551473,6.887252
10.879830,-7.153691
5.357635,-7.962603
12.965348,9.213020
-4.397288,3.119313
6.719099,12.392895
17.389444,10.714625
20.291340,6.418195
11.531649,8.182455
10.893085,-0.353980
12.528548,17.043482
-4.613712,3.314696
16.821682,6.760008
17.345961,13.220801
-1.625780,10.745207
7.172873,-11.295962
16.601217,10.329323
5.362245,12.368753
1.052173,-6.484702
5.207660,-0.511467
5.187157,12.187433
-2.850683,4.418602
-0.491578,2.096649
12.308912,16.602844
12.492601,16.996105
5.202847,-0.514854
16.640617,-1.986674
22.206194,-4.275939
22.066824,-4.482051
21.718369,-2.282411
2.887959,6.867207
5.544294,5.503455
6.789166,12.327680
-4.146006,-3.939249
4.866592,1.258399
16.575214,-2.082318
10.866947,-7.131396
17.458912,10.722157
-2.014509,-2.207007
13.739088,-4.892863
19.156675,12.633302
10.040602,12.142375
14.137597,-10.609158
16.542850,10.410020
8.133651,15.528961
-4.598742,3.294060
4.913313,-4.791038
17.749393,2.362932
12.336847,7.967569
9.015661,16.455219
-1.298657,7.649909
14.342237,10.635172
7.011760,2.528651
0.450109,-7.602844
4.681897,3.681168
13.890238,-4.797710
11.281510,-4.460136
-4.575420,3.277737
14.469024,-4.861524
-6.343594,-3.820369
10.782619,-0.303780
17.094803,14.363185
12.187517,17.423162
0.460171,-3.660527
5.470478,-2.763689
4.071328,2.241367
20.676876,-0.046612
6.334479,20.011988
1.201090,4.526726
14.605326,-4.843601
17.035908,10.707797
0.427405,-7.614202
1.300572,11.719985
10.243698,8.015828
5.072795,12.056730
6.505550,14.385851
0.648421,-2.902103
5.069962,12.049293
5.250422,12.176269
7.265185,-8.710683
-5.305926,1.454235
22.021002,-4.527297
6.623024,6.503880
0.413444,-7.633337
11.291666,-4.449785
0.425862,-7.647754
20.481617,3.457871
-4.039139,-8.401596
-2.004938,-2.199257
-4.253789,2.943269
13.389006,12.405500
14.592275,-4.859427
22.047884,-4.524378
19.226955,-3.184128
6.187423,-0.180754
8.378205,-3.175385
-0.471122,2.108875
22.103199,-4.456725
11.033198,-6.735883
10.536367,-0.367707
14.676826,-4.894115
17.375927,10.813098
-4.104835,2.820328
17.147356,11.120370
-0.472353,2.110132
10.520546,-0.409648
-1.119959,13.569410
16.064964,10.713223
6.515353,14.381603
19.106447,10.673046
-4.017599,-8.344967
16.523006,-1.643723
18.133108,9.105177
17.365311,10.827301
9.624308,13.259499
16.219830,10.564820
7.257191,-8.713824
8.096466,10.502254
-3.682892,8.539609
17.026188,-3.900815
4.786036,18.868319
10.904706,-6.491239
9.532716,12.186853
8.363388,-3.170574
0.465089,-3.645690
16.525187,-1.624577
14.226209,-10.535115
10.605549,-6.737833
22.228258,-4.279995
18.482542,-5.098376
5.492075,5.594406
5.168428,-0.493240
14.368381,-5.169990
-0.478896,10.026599
0.433249,-7.620947
14.361833,-5.161043
-0.455600,2.091210
14.667089,-4.890930
6.034235,7.545655
-4.170462,2.887563
-2.181335,-5.873724
-4.052062,2.766047
-2.192864,-5.874040
11.256496,-4.487748
-1.898842,2.796676
-4.125392,2.837929
22.461946,4.993701
-6.005177,-3.711066
15.114367,12.440620
16.649944,11.593489
11.422463,9.457698
16.386854,0.738904
13.144627,-11.007976
17.848806,-5.833711
7.261887,-8.681541
0.390343,-7.647782
5.077310,12.058630
1.194108,4.480978
6.638703,12.472623
5.234355,-0.526360
10.578259,-0.280425
4.008161,13.351913
4.822115,3.553547
-3.976577,-6.127861
5.274040,-8.523259
7.498829,15.583306
-2.021152,-2.215424
16.546614,0.299289
5.488215,5.553767
0.450935,-7.664677
19.448334,2.131243
-4.174388,2.896188
0.609055,14.748143
20.670572,-0.043682
4.944088,-4.822098
-1.895222,2.798788
10.775212,-0.634729
0.409228,-7.635743
5.135086,12.063802
-3.132193,8.460358
16.389162,0.740637
2.037711,-0.666191
2.530430,6.667551
22.011501,-4.434147
11.458392,6.176124
7.491169,15.587139
4.765338,3.568728
16.618952,10.285856
-2.861634,4.440656
1.003397,-6.532938
6.624136,-11.378048
8.057811,4.900690
-0.476655,2.106297
-2.325848,6.114222
13.091183,-1.769907
8.486822,-3.184072
12.884143,9.311143
7.772722,-3.234903
11.090831,8.650466
5.513471,-8.549477
20.078920,-0.010249
0.457173,-7.596029
9.050738,-10.221418
3.073174,0.361387
13.414073,12.420443
-2.814656,0.596069
19.132944,12.659056
2.992764,1.724371
16.602350,-2.107683
14.859925,-0.043972
16.195801,10.524869
16.624292,10.338433
6.902412,-11.553736
16.644907,11.589971
10.495446,-15.759919
5.600258,8.688656
5.327621,10.188403
9.573867,13.290210
7.252679,-8.686090
14.134133,-10.617139
-3.897435,8.017857
5.063374,12.046844
5.449610,10.034895
17.126181,10.457353
13.983920,14.642871
9.713382,16.084528
4.900807,17.717522
10.060086,7.023221
5.526348,5.504619
1.958156,-5.080348
13.251513,0.197598
8.952062,8.735721
0.453476,-7.587708
-1.109325,13.507388
14.151810,-5.164773
21.893486,-4.412975
-4.410440,3.129373
16.195768,14.331684
8.035125,7.026003
1.895375,-0.820312
20.084173,-0.010960
-5.306354,1.444383
22.051231,-4.316807
13.771720,-4.910010
8.133616,10.500656
13.391761,12.403651
21.760344,-2.322313
11.288391,-4.451822
22.008598,-4.405462
6.774665,12.338074
3.940038,-4.011577
13.861822,-4.791675
22.169821,-4.350564
5.107672,12.096539
3.574623,12.998767
10.596397,-0.311695
0.458712,-7.575392
18.460213,-5.128114
9.975154,3.569736
13.899981,-4.992036
16.593472,6.878539
-4.435081,3.145841
-0.716423,10.485212
8.289697,4.774537
6.920195,2.466720
19.426563,-3.219269
5.657304,4.645243
-0.713528,10.498302
8.732035,-3.452371
14.976244,-0.162203
0.450771,-7.600001
17.688490,4.084688
4.795380,3.567083
20.076538,-0.009799
15.593344,5.781233
14.896889,-0.081757
9.837881,5.878231
-2.549109,-3.237608
-3.991648,-8.356034
9.866594,3.568047
10.810298,-6.364763
4.057998,14.661282
-2.248719,-2.544258
18.461554,-5.114973
14.219854,-5.209010
21.703184,-2.271315
10.815787,-0.330961
-4.591276,3.292762
4.898729,5.883456
8.803951,-10.486661
5.242044,-0.507611
3.142720,8.753157
-1.626967,10.745305
10.679374,-0.497273
-6.004965,-3.714439
16.768576,-1.611176
4.786933,18.882214
-4.013579,-8.334913
5.045761,12.035561
-2.100586,-5.889621
16.627937,10.333821
10.532473,-0.309478
2.248336,4.046906
14.628188,-4.850858
9.516242,-15.968306
7.627176,17.737320
-0.472545,2.100861
8.712728,8.515983
6.142805,-0.221234
16.390354,0.741362
5.232456,-0.539541
-3.984108,-6.121555
-5.274943,1.464429
-2.334014,6.116591
17.732473,2.335865
14.221464,-10.543617
10.935036,-0.537283
3.073321,0.357507
10.059909,11.102295
21.713640,-2.281676
9.835706,5.877793
-0.049714,-5.051210
5.312025,10.064882
14.371343,9.165808
-4.610065,3.311585
17.094175,14.366093
-3.981483,-6.126330
6.488225,14.390323
8.913073,-10.363172
-1.216293,16.293848
9.698070,13.173415
1.038589,-6.494800
-4.039086,-8.373973
16.621311,-1.922492
3.571517,13.018857
-2.571095,-0.971331
6.327535,-0.237274
2.888028,6.864498
15.055376,14.060204
13.789946,-4.919641
-4.188515,2.901820
6.925594,7.960553
4.863173,16.269802
10.627470,-0.386116
6.498139,14.385946
12.962067,5.254111
4.969366,17.617626
0.411137,-7.641107
-4.574883,3.276931
19.401978,-3.106856
8.129757,10.534512
21.872875,-4.432912
6.509272,14.383234
-0.464037,2.095348
9.689301,13.181536
19.269672,-3.101432
21.873373,-4.427467
9.929517,3.468028
-0.998653,-6.560939
-0.712425,10.483768
4.834947,16.231480
16.529758,-1.653209
-4.020269,12.066031
-4.135732,2.848579
5.196421,-0.516484
11.283252,-4.458777
14.071246,-10.668698
21.754271,-2.319704
-2.024920,-2.216999
19.416262,-3.219013
7.626316,17.861462
5.196256,-0.484328
-4.864437,5.943622
13.199026,-2.195710
6.713409,-11.420952
4.901018,-4.789994
8.321928,4.822485
-0.386736,10.982904
-5.285541,1.468633
16.473316,-1.623095
5.499355,5.597371
12.983335,9.208138
14.671409,-4.858345
7.139921,-11.290124
13.806859,6.848398
0.662467,-2.878764
14.680216,-4.873704
-4.004057,-8.331872
10.740727,-0.294588
16.600924,6.884498
-4.016865,-8.349114
7.620294,17.854422
5.210812,-8.143211
0.462385,-3.651367
19.543192,-7.615061
4.853739,16.248728
14.286922,-5.171944
6.977100,-11.182427
20.666336,-0.046775
13.794754,6.837960
13.907404,-5.037293
10.537773,-0.306407
-4.134751,2.846981
19.150946,12.639781
10.512314,9.968221
0.664735,-2.873438
13.918147,14.712560
0.446453,-7.602826
10.236691,6.832753
10.212478,6.849918
14.280443,-5.180236
2.891434,6.863152
4.811318,3.560431
6.987185,2.539593
17.309813,5.540611
17.362274,13.231648
4.716960,3.628336
10.535948,-6.635495
2.918523,10.471390
17.319836,5.542951
8.135383,15.532264
-5.280061,1.444220
2.055930,1.782839
-1.100063,5.613135
8.183775,4.831609
15.574178,5.755325
12.846073,9.819163
0.438997,-7.622699
3.865469,13.271677
2.868198,10.467219
13.368863,12.412414
4.928197,-4.820738
18.481306,-5.115213
5.695796,-2.750398
19.446169,2.136424
16.748976,-1.602444
20.269733,6.406998
16.608633,10.278069
2.881273,6.879776
14.844410,-0.034950
2.883170,6.855271
10.497512,-15.761956
13.734309,-4.905692
16.929430,-1.812582
-5.264107,1.460429
1.031197,-6.508379
2.905251,10.493897
10.671591,-0.403999
8.809409,-10.492807
9.069858,8.847913
14.865829,-0.047286
16.791958,-1.619000
18.480230,-5.116979
13.222576,0.175204
7.253038,-8.718580
12.083883,6.663035
-3.853709,8.050802
16.848444,6.788867
9.694699,16.062180
4.944870,-4.816135
17.914537,8.297315
6.283705,-0.212662
-5.281379,1.453856
4.687055,3.679437
0.806660,12.363970
0.488320,-3.619463
17.357929,13.228049
7.263908,-8.703719
8.106067,5.001299
-4.280800,2.950569
8.713626,5.588654
-2.546821,-3.234138
-3.905189,8.002988
-6.034750,-3.748502
14.259147,-4.870898
7.082390,-11.269395
14.911270,-0.100985
1.897165,-0.821412
13.372762,12.367970
17.913992,8.293791
16.519751,-1.819333
5.188518,12.171531
4.961252,-8.339014
11.055987,-6.649518
4.915321,-4.795725
6.949355,7.928757
14.259136,-5.110692
14.032732,-5.169892
-1.021246,-6.550805
0.818427,12.352470
10.949556,-6.483875
9.591433,10.233969
-4.306144,3.008646
7.252846,-8.721809
0.420322,-7.630357
17.133953,10.453371
16.200684,14.333636
-5.297963,1.454917
5.320908,12.321111
5.281467,8.444122
10.799496,-6.342003
-4.156282,2.871233
-4.857992,5.919864
3.142487,8.751533
2.082170,-14.041706
3.285117,10.547419
18.480333,-5.115455
-3.980337,-6.133373
0.656248,-2.879179
12.951254,9.229397
14.760103,7.782526
12.297274,6.672141
-0.360620,-5.062860
6.625014,12.519898
7.043853,1.147152
13.879404,-4.975301
8.118437,4.987254
10.792514,-6.369278
21.870083,-4.416467
10.810316,-6.725403
3.561141,13.016067
1.175891,-6.372979
10.847771,-0.324380
16.590178,6.881338
19.448750,2.130740
14.201552,-4.549715
13.898889,14.730322
6.815136,-11.384474
0.609767,14.746926
13.950218,-4.875649
8.040215,7.020418
-6.023757,-3.721818
0.610352,14.745115
8.146339,7.183188
10.733344,-6.475357
4.007612,14.614184
10.814898,-6.364938
20.487644,6.204239
14.351380,4.439254
17.687963,4.083164
9.602538,13.276390
15.113873,12.439490
6.597625,12.517350
2.003319,-0.696777
7.220170,-8.752939
9.980971,3.406435
2.877007,6.858118
-4.036222,-8.366388
5.137822,4.642709
20.197334,7.932834
7.371469,-11.411431
-4.087073,-3.900658
4.914188,16.314001
9.945482,3.468064
10.536105,-0.284380
14.292779,-5.076021
17.028509,7.093495
16.155088,14.307647
0.446629,-7.648049
0.409815,-7.644463
-6.047129,-3.748802
12.549754,17.059399
7.262708,-8.707303
4.730520,3.621075
0.711526,-2.834385
-4.390735,3.109883
16.868181,-1.853543
5.234602,-0.532930
4.855889,1.244909
16.062847,10.707570
12.547819,17.060165
14.638965,-4.846333
3.868869,13.276340
-0.302139,-5.093545
-5.283475,1.475225
5.332451,12.331347
8.674892,-3.322340
16.388317,0.741379
5.463522,5.490699
5.150681,12.136644
6.260466,9.092159
6.265938,-0.228001
17.090775,14.360128
13.768359,-4.881993
19.520607,-7.635181
7.182051,-11.513352
10.222559,8.009147
5.325675,10.190245
6.225057,9.165755
16.223263,10.474184
-2.593477,-0.990599
13.765500,-4.952144
3.233316,1.453895
-2.580393,-0.975077
14.008440,-5.077710
19.325026,-3.156743
19.414948,-3.059187
9.551911,-15.935723
3.574740,12.997512
8.764709,-10.524626
10.841109,-0.545669
4.686846,3.676964
20.664684,-0.040402
-4.402539,3.117189
12.301707,16.588564
3.025359,1.716365
9.511837,-15.974395
5.382020,12.420053
22.484341,5.014967
5.403251,12.410804
16.528591,11.347918
7.262261,-11.445605
11.530897,8.180007
13.427505,12.402297
5.227066,12.184599
4.946728,-8.187494
16.834234,-1.660944
0.818334,12.352216
10.788824,-0.681936
-5.247554,1.479426
13.898724,14.733273
-2.189094,11.771052
17.132160,11.108729
1.885779,-0.825471
9.787868,5.866852
17.052626,-3.937803
19.435743,-3.131449
15.192993,5.532257
-4.005899,-8.333133
2.777641,5.287268
12.353111,6.723449
16.391495,0.740070
-4.591070,3.290385
0.446617,-7.626492
-3.994003,-8.354432
10.590234,-0.664242
10.806959,-0.673183
12.314995,6.677304
5.212862,-0.520479
0.419111,-7.634266
7.687030,17.888052
6.525207,14.380765
4.670865,3.691402
3.833434,13.243174
13.136006,-2.202466
4.329843,8.475392
17.439981,10.720585
-3.984483,-8.346675
19.144033,12.646882
-6.033669,-3.728562
7.142965,-11.379735
10.212617,8.017470
2.925770,5.327071
14.979579,7.888449
9.544494,-15.943861
5.325757,10.192505
-1.010814,-6.550659
12.976695,9.196073
9.840346,3.465986
4.757535,3.619526
6.294195,-0.204781
1.963479,-5.066705
9.083749,-10.159327
14.062799,-4.722181
1.197180,4.487854
16.658720,-1.978673
-4.152820,2.866470
0.819809,12.353628
5.372671,12.379213
7.280970,-8.700387
4.878216,5.894358
7.503959,15.581062
-0.468740,2.103946
4.662295,3.707569
7.080371,2.496912
4.898821,17.717318
10.801270,-6.424449
10.594657,-0.327944
8.107581,15.554006
4.855449,1.248792
22.490364,5.019968
7.214552,-8.756675
11.269802,-4.472415
14.236758,9.103998
9.486498,-16.004507
-4.215930,2.926494
10.820864,-6.348612
-4.308821,3.019306
12.551237,17.056622
6.255077,9.105998
10.806025,-6.330376
8.951981,8.741589
-4.867433,5.944553
13.841654,-4.866727
-0.425544,10.911381
22.018990,-4.591100
4.665683,3.701819
9.843338,3.452199
16.282841,11.042031
4.808274,18.893623
12.720847,-1.939403
14.688376,-4.916807
16.871284,-1.860310
14.699551,-4.937708
14.810178,0.010996
7.500542,15.586875
-1.693027,7.501893
13.984647,14.648285
4.810551,18.906059
0.460546,-3.655991
-4.105857,2.819886
4.915132,16.314745
14.228870,-10.540642
15.820330,-3.582356
-4.144039,2.855479
6.722421,12.398549
18.438496,-5.156889
-4.092858,-3.905256
20.685341,-0.006253
7.634204,17.860374
10.249970,7.993020
16.390478,0.741470
13.903175,14.728227
14.220282,-5.181294
7.636588,-3.436123
-2.591969,-0.990726
13.289268,-11.120663
-4.865194,5.927059
19.134415,12.654537
7.680365,-3.462481
14.399056,-4.727878
18.067713,2.014727
13.086635,-2.072268
12.925555,5.224229
5.478300,5.527963
10.581417,-0.488953
4.830380,18.905119
0.408470,-7.627419
7.674073,-3.471164
7.932457,18.022642
2.061236,1.778005
-2.589295,-0.987453
5.219150,-0.520412
16.627432,10.350253
17.325871,13.260099
-4.536557,3.240159
6.666249,-11.387749
5.330768,10.201835
14.288112,-5.170208
-4.038861,-8.378010
19.346769,-3.002471
-0.455580,2.118523
-4.263632,2.970239
4.900837,16.301411
8.685271,5.611660
16.934921,14.521752
4.079358,2.244380
20.112175,8.115374
9.736208,3.630933
19.130013,12.662069
16.622110,6.894601
13.922079,-4.998585
12.498498,16.995459
20.078299,-0.008925
-0.464847,2.101672
19.135584,12.654477
14.894002,-0.070526
16.849884,-1.826498
5.164130,-0.504330
12.300652,6.678579
5.078785,12.059207
17.915457,8.295390
-1.283346,7.647497
-3.237577,8.492126
1.202494,4.520131
20.698177,-0.032797
12.540365,17.058140
18.486530,-5.093500
5.270330,-0.549323
6.943253,-11.200137
3.916739,-3.988908
3.434432,12.901316
4.878377,5.892759
9.600576,12.151787
9.923623,3.475041
20.668556,-0.051961
5.392399,-8.410069
4.783401,3.548275
4.896736,-4.787132
-4.146414,2.857600
9.542361,-15.945497
-4.009477,-8.337063
8.083223,5.022237
6.206538,-0.085582
14.219194,-10.544755
14.661756,-4.881709
13.197783,0.143490
13.158715,-10.988268
14.308692,-5.175956
16.391151,0.742359
16.866791,-1.837251
15.598937,5.777175
17.145130,10.459187
20.666044,-0.056545
13.663412,-4.924118
4.029569,14.632999
15.814720,-3.583214
5.695639,-2.792107
6.988323,-11.369243
4.842371,16.233204
-2.328139,6.119675
3.435311,12.901774
18.451025,-5.121927
-5.255800,1.468621
12.164574,6.546596
6.944288,14.163754
6.794129,-11.299397
0.403802,-7.637620
-1.022337,-6.548033
14.276715,-4.639244
-4.596894,3.301013
18.452251,-5.136334
10.202084,9.504777
18.883301,9.886840
22.067875,-4.514477
18.055937,2.024427
8.039376,-4.339792
7.063503,14.131283
16.827482,-1.735963
-0.455138,2.102591
12.083735,6.633429
0.997031,-6.542316
-3.974104,-8.315784
-5.246150,1.468940
2.245475,4.040372
17.388943,10.756335
13.407172,12.402060
7.250652,-8.719763
2.901730,5.230689
20.706755,6.475332
7.662156,17.850199
5.728379,-2.739305
6.624061,12.507645
5.054925,12.031374
-4.023647,12.067868
5.279278,12.275162
13.866377,-4.880327
14.252968,-5.123275
7.312905,-11.400072
15.815446,-3.583942
17.376961,10.799822
-3.683248,8.535085
14.599045,-4.931271
18.497797,-5.083083
6.196764,9.163682
11.052569,-6.713051
-1.108799,13.574284
4.805887,18.915157
4.661705,3.708301
-2.555882,-3.241484
3.635132,5.127357
13.992413,-4.748801
16.392683,0.737829
5.702918,-2.774619
4.703314,3.674153
-3.879011,8.038839
-4.399379,3.119403
-1.100910,13.582150
8.135242,15.533727
5.361340,-7.787367
6.667576,-11.394503
7.259463,-8.716112
10.054896,11.103304
-3.983573,-6.120422
14.109766,-10.638579
-2.589743,-0.988869
11.025119,-7.004903
6.639040,-11.377091
8.143839,7.095972
-4.062568,-8.388966
16.499516,-1.642094
-2.237913,-2.515326
2.876327,6.896583
-3.946463,15.301140
14.770895,7.796002
12.528817,17.053043
17.382444,10.800097
12.172033,6.555720
7.542754,15.559700
12.849942,9.819275
10.748421,-6.309823
2.003979,-0.703827
2.071940,-14.037290
1.197853,4.504808
-4.351446,3.070737
4.815125,3.574142
14.601791,-4.829676
8.334144,-4.307459
-4.018623,-8.346354
21.718697,-2.283906
13.926033,14.703518
17.019205,-3.904275
0.674734,-2.875056
17.084665,-3.974856
5.537069,5.488576
17.039282,-3.930147
14.618955,-4.888282
14.756909,0.065836
-4.422455,3.142259
8.138272,15.537650
15.247401,1.383966
10.968735,-0.546874
3.011386,5.301633
7.054842,14.133204
6.669112,-11.373097
15.053902,14.057320
10.699175,-0.624314
7.222999,-8.750522
18.482914,-5.096804
12.965226,9.178749
21.687843,-2.252818
-4.622225,3.327412
4.938264,-4.782269
-4.158190,2.871443
16.775326,-1.683626
10.604070,-7.055649
18.482935,-5.094362
21.721313,-2.284764
0.817580,12.352600
5.422804,-7.879751
-4.883320,5.937744
-4.905325,5.874761
6.721259,12.395046
13.835874,-4.937607
-4.448932,3.168533
10.998484,-6.656981
22.041044,-4.540153
4.304536,5.593803
8.958411,8.743535
21.726330,-2.297127
10.676804,-7.012886
10.698334,-0.290199
11.739279,9.029255
4.299594,5.608038
4.742794,3.626392
9.827014,5.876764
16.583977,-2.050711
9.521084,-15.970841
10.937679,-0.589733
5.320924,12.275830
10.266438,7.984986
7.177313,-11.523041
6.904749,2.454887
21.759043,-2.324094
2.914580,5.330786
17.150772,11.122278
7.054950,14.132751
-3.982693,-6.130776
12.230234,17.389488
18.061680,2.019686
17.042908,-3.927275
-0.621836,10.577196
-2.764571,4.337261
11.004935,-6.610433
4.852948,16.247370
5.420492,12.474590
10.901079,-0.349044
0.482443,-3.637240
7.585717,17.725761
6.982711,2.552110
14.849154,-0.033726
16.780605,-1.637447
9.022308,16.462170
14.212355,-10.553424
11.282744,-4.456855
13.908028,14.722788
4.672647,3.695170
-4.867511,5.940509
7.583802,17.752916
-0.275529,-5.045035
9.541613,-15.944363
15.829694,-3.565704
0.470451,-7.620808
5.608372,8.692066
-0.043275,-5.053146
17.045815,-3.928875
14.473868,-4.740704
13.198840,-2.057698
0.828514,12.339105
13.376233,12.387405
14.217520,-10.552497
-4.248817,2.952805
10.202362,6.869506
10.502092,-6.683670
5.265959,12.263079
14.239558,-5.061106
-1.116447,13.568770
5.454608,10.069998
6.937408,-11.530628
14.618547,-4.877764
5.332446,10.161736
2.989174,2.825232
-5.241897,1.511003
12.089008,6.619982
5.561612,-8.468287
18.661011,13.161296
10.874793,-0.356439
7.972741,6.959837
10.557716,-0.431377
-4.616787,3.321186
-1.267516,7.648543
13.851553,-4.870284
11.278902,-4.467784
7.257796,-8.718896
17.200253,2.044532
-5.294049,1.457713
2.306747,4.086858
7.209619,-8.747179
16.774593,-1.622392
-1.012279,-6.560265
2.491965,8.010098
0.399214,-7.639735
10.860109,-6.727748
13.945953,14.683600
7.642510,17.862400
2.586257,-7.723505
17.322910,5.539185
18.763779,5.528614
-0.449462,9.980518
7.043851,1.149684
-3.269320,7.906526
-4.154030,-3.947347
7.055510,14.130391
19.286041,-3.210102
17.909039,8.296871
-4.161933,2.871996
19.320312,-3.061630
19.304190,-3.054325
19.289236,-3.073685
-2.756171,4.324944
-3.109727,8.464769
10.709218,-6.808494
-3.990581,-6.142439
9.599209,12.155810
16.412611,-1.675504
-3.955679,-8.351770
22.231037,-4.279720
8.093506,5.011842
14.247886,9.108232
8.092560,5.018181
13.151128,-2.282418
8.813206,-10.492055
1.030911,-6.501694
12.339375,7.971880
17.360384,13.230566
19.260349,-3.177994
0.494445,9.347765
3.072082,0.356277
-4.259584,2.962864
14.641493,-4.922204
11.557162,6.879365
4.288845,-0.357320
-3.887082,8.020043
11.053313,-6.676049
-1.689862,7.502793
22.077843,-4.503643
13.204637,-10.979143
13.103406,-10.964721
20.679861,-0.044971
6.972887,-11.513096
6.300006,-0.209007
14.949947,-0.138108
11.272890,-4.472136
2.891452,6.867445
12.364260,16.638845
8.804029,5.529379
1.881976,-0.826533
1.028286,-6.511320
9.523119,12.142086
13.189314,-11.054705
19.249136,-3.132881
15.241915,1.393064
12.975002,9.209142
16.996603,-3.878416
12.524390,17.072561
16.643099,10.336397
-0.343751,-5.077112
-4.061811,2.780739
12.645799,-1.986136
1.582977,-14.485599
22.482891,5.013822
2.882456,6.858734
-1.679113,7.503097
4.881668,5.880137
16.576254,-2.069510
-0.764338,13.921383
1.179591,-6.369642
-1.035997,-6.531309
3.559461,13.015751
5.534295,5.620098
-4.112661,2.824429
7.631217,17.854218
-2.836827,4.398875
20.078390,8.026483
-0.712307,10.483005
5.313650,10.061675
3.266862,10.564292
5.375823,12.384117
-4.152597,-3.946604
13.371119,12.393231
22.061041,-4.530497
2.070605,-14.033134
1.871747,-0.836801
8.735049,-10.549211
-1.599130,-9.220634
8.692296,5.609105
-0.342869,-5.076053
16.897276,14.553865
-0.468809,2.104502
-0.036937,-5.055036
14.382015,4.472516
13.767845,-4.876521
-1.108014,13.583927
20.679705,-0.048636
12.285814,16.592585
1.028848,-6.509228
1.028447,-6.510453
5.500112,-8.386606
12.575521,17.120789
8.808511,-10.494858
-4.151048,2.861800
4.275796,-0.320478
6.501898,14.389339
1.183479,4.469353
16.523558,11.326545
10.776645,-6.673803
5.265601,-8.429666
20.661463,-0.053796
10.729426,-7.329800
-4.871730,5.900689
17.016155,-3.896215
7.260343,-8.708430
-4.573582,3.279464
6.518163,14.384036
8.084701,5.024779
-2.161827,-5.874139
10.032438,12.139917
-0.741704,13.912293
6.331867,20.008278
15.073768,14.047020
14.256194,-4.659582
3.432042,12.899762
5.067285,12.022008
-3.903160,7.999510
5.913239,14.562461
1.181477,4.469185
6.327109,20.003874
5.138023,4.650087
8.690367,5.587290
3.056710,0.375037
-4.286984,2.950901
16.686588,10.342448
-2.798904,0.610220
14.225470,-4.711041
4.870928,5.874299
16.792797,11.161627
13.211016,0.160074
4.938523,-4.816376
13.891867,-4.819590
3.915670,-3.990558
17.327139,5.539858
16.936897,14.506018
7.146358,-11.497640
8.551324,-3.871268
21.728786,-2.293125
10.989545,-6.989181
3.250750,10.580657
0.389640,-7.648370
-4.862139,5.910906
0.483121,-3.616441
6.731168,6.109468
14.982984,-0.196769
12.864637,9.327660
7.618113,17.729147
0.824409,12.343327
-3.664043,8.527959
10.867561,-0.347087
7.240463,-8.737133
2.892151,6.870770
11.293445,-4.449230
9.946102,3.499956
5.429022,-3.064880
17.380167,10.797973
10.793904,-6.723598
-1.114742,13.518105
-4.891552,5.938986
-3.897909,8.016474
4.965080,-4.827393
19.385662,-2.973509
5.276957,-2.742832
0.792842,12.378532
4.814763,18.905951
5.162501,4.628103
5.327774,10.181347
5.262764,8.437202
6.536588,14.371758
3.866857,13.275853
7.273768,-8.707948
3.435894,12.902719
1.048477,-6.486302
4.949783,-4.787522
-3.898017,8.025616
6.778905,6.101623
-0.699565,10.509556
-2.575002,-0.981593
14.314788,-4.606115
-0.711793,10.478679
8.536249,-3.829694
13.953101,-4.973742
17.914791,8.293273
9.603386,10.210375
16.390585,0.741515
2.956288,5.324431
7.699300,-3.455791
7.660992,17.839828
20.652079,6.544396
10.543517,-0.337783
20.287172,6.401730
-4.276621,2.987395
8.236289,-3.813027
0.822299,12.348078
10.711625,-0.640979
5.396290,12.422897
5.492572,5.537081
8.100330,4.998392
17.110455,10.449832
17.023010,-3.910042
5.471147,5.540558
6.103376,9.227325
16.869726,10.968649
7.027628,1.092700
12.171414,6.560327
10.018158,12.131733
4.709691,3.639369
-4.183048,2.899004
5.112424,12.106074
13.183068,10.075602
11.270706,-4.469131
-1.274992,7.651025
11.314404,10.122170
10.034281,11.129310
8.058324,7.037374
-4.900105,5.966027
16.562504,-1.925170
18.024302,2.050280
10.673290,-0.624714
14.687046,0.135627
9.029551,-10.246550
4.965868,17.609901
4.395775,9.395589
13.873209,-5.004060
4.305660,5.602522
21.779236,-2.351072
10.753863,-6.895266
3.075331,0.354104
17.377665,10.794948
12.851232,9.819876
14.786546,7.808299
-0.747391,13.921133
14.848153,-0.036130
7.046875,14.135895
4.307477,5.597084
4.943920,-4.806374
2.837564,5.194898
4.070974,2.239962
-2.328272,6.127704
19.454277,2.125862
6.653253,12.506085
15.057983,14.056341
19.521238,-7.635205
9.173097,5.635876
-0.425341,10.916546
12.964412,9.223844
14.341076,9.129321
2.928428,10.499269
7.884775,16.399807
10.713390,-0.666518
-2.884227,4.463049
-2.619878,-1.021546
16.878376,-1.811342
13.184295,10.075104
-4.532701,3.236895
8.202858,4.897321
13.195181,10.084591
-4.575004,3.275863
8.933337,16.370481
14.087468,-10.666262
5.306304,10.062634
-4.164574,-3.958727
10.787918,-6.321265
5.361943,12.357591
4.323031,8.476812
13.128544,-2.062542
-1.889388,2.800764
16.525829,-1.787344
2.083220,-14.036543
16.620256,-2.016358
8.128971,-3.955822
17.063322,-3.950435
-4.282327,3.016128
13.156131,10.099545
11.535321,17.105579
0.613688,-2.929349
4.678912,3.688153
0.389175,-7.641950
8.774678,-10.527645
16.525881,11.350636
7.055921,14.132526
10.847963,-0.306984
19.094278,10.672048
10.058066,11.091053
16.621122,-2.025584
5.043432,11.987882
16.125910,10.711485
5.568048,-2.658478
8.446920,-3.160053
10.745722,-0.327106
10.991332,-0.580006
10.881098,-0.297507
14.246560,9.104030
17.130745,1.972903
-2.314040,6.142607
12.317742,7.995126
0.826212,12.341219
8.566056,-3.159646
-5.281999,1.400764
15.820620,-3.573654
5.457336,-7.986440
11.546432,6.885088
4.808300,18.900166
19.458776,14.198903
2.915667,10.483495
-0.458520,2.097572
16.791992,-1.590243
5.212368,-0.525336
5.400437,12.408056
12.954827,5.249625
12.056772,6.664954
10.058424,11.087887
5.552397,-8.464661
7.009274,-11.242337
9.605351,13.278195
-4.869242,5.945971
16.139559,14.299553
14.520091,-4.845971
9.990967,3.419978
0.831799,12.335171
10.781047,-0.277623
10.835824,-0.321389
10.055314,12.185920
8.897273,8.690895
13.363082,12.428416
8.759363,-10.522471
17.087412,10.459094
6.036800,7.540621
-5.252445,1.468417
5.183598,12.098574
5.176651,12.083927
14.853666,-0.036912
14.528881,-4.771044
6.714235,-11.415433
9.728679,13.137824
19.140484,12.649076
2.932523,5.319179
16.560163,-2.090496
8.102226,10.504173
9.584601,12.151610
6.915868,-11.547024
8.425562,-3.666875
12.566512,17.091259
-4.152630,-3.946751
3.548661,13.053603
0.426661,-7.650656
9.534644,12.184180
5.192356,-0.519395
4.894345,-4.784570
-0.347322,-5.073524
-4.102923,2.813182
8.659160,-3.445375
10.488657,-6.700810
-4.097218,-3.910699
0.446817,9.319104
16.948587,14.510954
13.878232,6.920288
7.634855,17.867414
0.416620,-7.656606
4.827127,3.550967
17.130760,1.975366
9.970365,16.424637
-1.283898,7.644981
16.617657,10.280819
5.313709,10.057750
8.082663,5.033877
14.292705,-5.120508
10.001370,3.566117
16.464903,10.883806
5.496857,-7.681938
17.699732,2.315482
10.829298,-0.686402
9.543954,-15.939511
0.461159,-3.657572
-1.007872,-6.565323
10.824154,-6.345956
9.543936,-15.943311
10.751345,-6.333347
10.491002,-15.764905
-4.873289,5.946352
10.942037,-6.700185
14.219378,-10.545731
6.892505,-11.584531
5.196736,-0.530900
16.198200,14.329123
4.928161,-4.734147
-2.318042,6.134515
16.750786,-1.599285
17.037708,7.097005
16.828320,10.687605
14.140433,-4.925353
17.102383,11.132773
1.181201,-6.369250
9.840777,5.881777
18.458427,-5.112591
-1.696378,7.501622
4.801580,18.906567
5.094966,12.003455
14.912003,-0.108836
13.931200,14.702251
9.542126,-15.942428
4.895012,-4.782749
16.191198,10.509456
10.974974,-6.715266
-1.331428,7.627998
14.249129,-4.623085
10.812734,-6.312140
-6.058394,-3.756006
14.380944,-5.144410
5.162689,-0.507724
-5.239623,1.509037
5.489663,-2.745260
0.170438,6.617976
17.018997,-3.899948
-2.592843,-0.994222
5.588987,4.607246
-3.604290,8.461578
9.825012,5.875121
18.756557,5.535954
13.942674,14.690172
14.918546,-0.099602
7.068221,2.466585
-4.033755,-8.372935
10.806171,-6.359512
-2.543146,-3.232636
17.360764,13.230212
8.748794,-10.540004
16.601395,10.306701
14.238641,9.102618
14.301983,-5.191836
20.676901,-0.044387
14.896824,-0.080640
-4.144293,2.854686
21.853626,-4.443713
14.330158,-4.896050
1.880497,-0.834158
10.197550,6.864980
-3.682409,8.534041
1.960820,-5.075908
10.755700,-6.770590
4.755830,3.615595
11.250157,-4.488745
20.313036,6.411614
14.273665,-4.649776
2.243639,4.040988
8.176708,7.139154
19.445759,2.135228
-5.280802,1.448573
0.821246,12.351183
3.058241,0.372676
5.214237,12.214067
5.297898,-2.749284
7.024972,1.168294
16.616323,10.547009
8.128350,10.528892
-4.876813,5.899159
1.997363,-0.702733
14.188602,9.085594
9.990618,12.166471
17.367659,13.236911
4.881414,-8.282910
7.623862,-3.509095
6.624413,12.478508
-1.278392,7.650757
10.561411,-6.664608
0.425004,-7.656961
4.805539,18.908751
7.166625,-11.522107
-4.005642,-8.340774
10.555185,-0.349604
-4.040409,-8.383149
-4.125506,2.832846
19.452583,2.129375
1.988832,-0.710195
17.029282,-3.910501
7.056746,2.462369
21.748323,-2.322579
10.860674,-6.378980
21.752707,-2.328515
4.854223,16.244631
6.899234,-11.157734
-6.003166,-3.713716
9.632482,13.245242
9.713760,16.083456
-2.238859,-2.520679
-5.295763,1.454532
-4.065378,-8.394138
5.211576,-0.545165
8.139627,15.533710
9.561734,13.321239
12.298379,6.675267
14.620496,-4.857131
8.796808,-10.472380
14.162807,-10.590597
14.621203,-4.863565
-4.074975,2.795914
15.180361,5.524286
5.209297,12.202227
17.032032,-3.911994
8.103511,5.001157
5.241260,-2.850545
12.334309,7.967968
14.874410,-0.062864
-4.876541,5.927044
10.608780,-0.392018
-4.261849,2.954045
12.527068,17.022505
8.023387,4.924610
4.978853,17.620373
4.805160,18.902134
14.026288,-4.716977
12.576250,17.096933
16.631601,-1.923435
3.430740,12.898888
7.255055,-8.722529
2.541152,6.670856
-3.262948,8.502203
5.215388,-0.552088
13.174395,10.073591
10.522727,-6.672864
8.058474,10.664186
7.343937,-11.416240
0.461036,-3.656187
10.859697,-6.729511
15.819241,-3.572876
15.602728,5.784648
-3.885357,8.043409
17.017830,-3.894523
6.713216,12.402395
4.801466,16.197491
7.254179,-8.729802
0.648997,-2.904526
-2.231388,-2.513737
12.570292,17.113953
16.625101,-1.947522
9.837290,5.878272
10.879899,-0.521350
4.302925,5.597176
18.655752,13.167035
4.031161,14.634098
20.676903,-0.057661
4.897709,17.713324
16.523638,10.382972
-1.710139,7.498866
10.238967,8.020520
10.853967,-7.002649
4.979623,17.620348
6.611535,12.513206
-0.475741,2.106814
6.654726,-11.388721
6.036774,7.539484
5.231106,12.200119
5.539488,5.512626
14.086148,-10.671334
8.054520,5.057693
12.790576,-1.825139
-3.978913,-6.132628
2.194594,3.975242
19.444647,2.136948
5.366324,12.389728
6.919538,7.970248
12.545566,17.064444
14.315946,9.302037
-5.292719,1.454708
5.221346,-0.534716
18.436714,-5.075376
16.393330,0.736479
8.177957,4.831553
22.507793,5.037570
-1.215220,16.273176
8.076764,5.022241
10.536512,-6.735325
16.182362,10.549453
4.410273,9.412837
-2.833330,4.409643
14.552519,-4.916482
1.029763,-6.510587
3.864718,13.274934
18.466440,-5.092422
16.390413,0.740964
8.720100,5.584789
16.949499,14.515793
14.181916,-10.577313
0.809733,12.361942
8.505116,-3.190914
8.191499,4.826825
-1.110594,13.517399
9.599351,13.301589
17.433771,10.721067
2.043230,-14.013963
4.799054,16.199015
4.772643,16.165413
8.955974,16.393368
8.487547,-3.206984
5.182462,-0.547234
5.428283,12.441060
14.141962,-10.610672
5.918097,14.561458
2.197367,3.979822
-0.313805,-5.093229
4.894472,-4.785820
9.632443,13.243613
14.969954,-0.153337
7.114360,-11.330936
1.031771,-6.507305
7.244124,-8.709417
16.488527,-1.665898
-2.599440,-0.999347
1.214525,11.826077
13.940357,14.691932
15.821827,-3.566336
17.159616,11.129645
4.868071,16.263987
19.421146,2.159918
0.400294,-7.647863
-2.582756,-0.980854
9.561172,-15.927141
-4.020288,12.066604
0.825268,12.346448
1.038925,-6.498423
-4.667844,3.370515
15.114098,12.440174
22.074232,-4.507225
-4.135417,2.851530
10.959285,-0.556573
15.051679,14.060318
18.133026,9.101374
0.609674,14.748002
15.814171,-3.582215
-2.606727,-1.009903
14.976163,7.886248
5.458906,-8.354005
-0.839658,-6.695297
1.195745,4.529070
14.322783,9.334926
12.883005,-1.851399
22.062784,-4.448686
10.770019,-6.317281
-5.250184,1.506736
2.060758,1.780237
13.554221,-4.965406
3.283496,10.546937
13.883739,-4.745203
5.516644,5.588000
7.256962,-8.715796
8.224190,-3.513674
13.182695,10.084013
19.442581,2.139463
6.902105,-11.581492
0.444072,-7.614575
10.554394,-0.355608
15.598278,5.781001
18.489557,-5.092843
-0.430731,2.089106
16.679394,-1.650266
20.063753,8.049316
14.189555,-4.988348
5.201531,-0.529780
9.597006,10.232539
20.078022,-0.012244
14.377793,-4.721212
1.996354,-0.705283
16.911940,-1.791633
2.244502,4.042239
10.819827,-6.368258
3.024021,1.717191
7.058391,14.129153
10.588434,-7.048752
6.742328,12.377586
8.099201,5.005349
10.521250,-6.689818
9.833668,5.873719
8.797938,-10.482810
19.354759,-2.984841
10.778053,-6.324338
11.700974,9.061299
4.637535,3.732263
9.536206,-15.951623
3.051642,0.387493
-2.599018,-0.998344
19.135273,12.656069
6.621161,12.520404
-6.237373,-3.946427
22.515331,5.045946
12.874504,9.315523
-1.099999,5.568738
5.229449,12.135777
3.863378,13.272019
6.695024,-11.395483
17.352295,13.226357
6.202066,9.167800
9.042169,8.818723
0.666653,-2.873363
-3.884878,8.023414
-6.308506,-3.901764
16.387606,0.741374
10.715351,-7.320614
16.511343,-1.718847
14.571654,-4.868000
-1.137003,13.531343
7.625450,17.854279
10.909084,-0.234482
10.567800,-6.754626
17.686596,4.084879
4.079323,2.243988
5.217147,-0.515803
19.316113,-2.982494
13.403484,12.426309
16.928450,14.523259
-2.805529,4.377144
17.473711,10.729498
11.205424,10.025483
-0.747359,13.927192
9.973939,3.563943
3.868171,13.277080
2.890078,6.865647
-4.260844,2.957471
-4.630165,3.333666
7.042023,2.481729
8.138630,4.964130
7.684415,-3.510670
-2.615200,-1.013980
14.942082,-0.125819
3.558595,12.986390
7.579198,17.755936
8.731065,8.526162
8.532390,-3.958010
-5.255660,1.499492
12.864264,9.832775
-4.012631,-8.336880
10.733881,-0.642574
7.734110,17.919037
13.185488,0.130266
3.858350,13.268094
17.023424,-3.911801
9.856204,16.201885
5.334676,10.161211
1.175799,4.462387
21.753773,-2.317623
16.879131,10.978806
-0.752651,13.926696
4.876893,5.898359
2.538676,6.672338
13.881057,-4.688575
20.079529,-0.010914
13.739300,-4.886570
14.004455,-10.739360
13.384932,12.432389
7.917305,18.011148
0.092666,6.544586
13.367369,12.397105
6.727269,6.119763
11.450036,6.176302
12.300181,6.679684
6.508683,14.385772
18.915131,9.918473
14.775977,0.042844
16.198059,14.332517
8.690796,-10.596975
18.127172,9.114833
18.480841,-5.104288
12.199674,17.386497
0.820020,12.349351
8.180467,4.825611
0.385332,-7.653895
-2.233532,-2.509364
6.219394,9.157331
10.782694,-0.671378
3.054355,0.375842
18.023602,2.052835
-5.307334,1.448048
5.230448,-2.816952
-5.270303,1.441802
14.297376,-4.672498
19.140369,12.650718
-0.464306,2.096864
-0.752697,13.911749
3.644349,5.117545
20.089157,-0.017184
0.610487,14.744931
19.353790,-3.022289
11.242000,-4.495752
17.374063,10.798426
-4.195225,2.900485
5.228208,-0.536942
14.461371,-5.026966
-4.001789,-8.327706
-0.735470,13.907022
-4.122885,2.834811
17.909966,8.299488
13.871593,-10.832625
14.931944,-0.123948
-3.119347,8.466490
19.422836,-3.455753
0.406454,-3.710214
16.136787,14.299694
4.945659,-4.809725
6.813887,-11.200168
7.155793,-11.436056
7.555138,17.005148
6.502711,14.389563
-0.296768,-5.103546
3.632664,5.132309
8.734300,-3.747620
12.232375,17.403437
16.999277,-3.878670
-3.963170,-6.109059
7.167983,-11.461059
6.754085,-11.546408
11.061053,-6.632335
14.364490,9.139221
5.411199,12.426592
10.480239,-15.773521
0.429985,-7.622592
13.934312,14.698508
14.739077,0.084348
-4.164246,2.876515
19.447353,2.137412
7.006922,1.119289
-0.642587,10.612331
12.883112,9.305790
2.030477,1.754519
12.932856,5.229362
12.881848,9.300803
6.763766,12.355087
-4.449946,3.156418
5.384279,12.355737
6.852499,-11.267170
8.078060,5.030694
21.723475,-2.286440
-3.669116,8.532041
13.910964,14.720793
5.548498,5.511281
1.059226,-6.480251
12.224191,17.406015
4.916417,-4.801270
-2.189313,11.771129
18.127861,9.114588
16.948099,14.512301
6.967497,-11.566195
10.791518,-0.701815
14.230228,-5.159159
2.792493,5.278031
8.308605,-4.320384
18.175743,9.063984
19.389807,-3.199330
-5.302575,1.454522
4.789334,3.593761
10.609790,-0.457871
6.169725,-0.219214
7.103301,-11.301072
10.642306,-7.046846
14.698712,0.127110
0.457219,-7.606645
9.506907,-15.984668
8.723116,8.525051
2.838559,5.196753
7.720962,-3.658541
17.384771,10.719522
10.228298,8.010306
2.228719,4.014727
14.099442,-4.649269
10.789205,-7.198303
-2.618164,-1.000425
13.910949,14.721316
21.677000,-2.241322
4.821314,18.878754
-0.727410,13.537848
-2.501237,-3.127022
2.296068,4.079065
7.946561,6.940358
14.101980,-10.654041
14.082538,-10.668467
14.051402,-10.692375
16.566404,-2.089116
9.485462,-16.006495
5.321774,-0.524184
18.136333,9.099268
5.302835,-8.041239
20.657734,-0.039817
12.079393,6.639779
13.684230,-4.891707
16.602617,-2.091117
7.240422,-8.737062
9.851529,16.192480
2.882065,6.878192
8.038946,5.060675
17.023338,10.730697
1.991196,-0.706780
4.408894,9.410443
10.742265,-7.215861
5.504902,5.537336
5.378500,12.395221
18.484690,-5.097348
5.425001,12.434615
5.506035,-7.750044
9.978427,16.427214
0.444419,-7.620929
7.065697,-11.402036
13.379298,12.409142
17.007452,-3.896516
-2.622360,-1.017728
5.447508,12.444498
17.078091,14.384535
16.617552,10.284642
-0.392488,10.971935
9.678064,16.057570
0.811859,12.357523
10.837070,-0.690530
5.619545,4.625887
13.780656,-4.906622
0.451867,-7.651595
5.356546,12.325884
20.061079,8.055864
7.971297,6.966828
10.767148,-0.683461
4.969635,17.623610
13.386129,12.413290
-2.733084,0.679738
16.611031,-2.058681
18.046358,2.031423
16.593302,-2.071079
0.474271,-3.611042
7.001866,-11.488217
2.844975,5.197883
12.023479,6.694361
6.901899,2.474970
6.982772,10.339535
4.678438,3.690108
6.715074,12.405667
20.662376,-0.046232
16.414707,-1.695130
13.995923,-4.741313
10.210806,8.019936
10.057809,11.067710
9.108065,-10.165077
5.334652,10.159836
7.603427,17.709789
7.227831,-8.752427
15.114111,12.440634
14.390362,9.242658
13.780301,-4.903056
4.909566,-4.791268
-4.903722,5.908724
-4.875839,5.950683
12.173744,6.558952
5.400948,12.410729
16.733437,-1.714758
10.712511,-6.812972
4.862716,16.266216
-0.750135,13.917979
7.616305,17.721231
12.144213,6.557496
22.484192,5.014916
6.518613,14.381280
6.035721,7.539753
14.750770,0.071093
10.937243,-0.563974
-2.502499,-3.130993
10.767808,-7.299667
4.291323,5.607656
7.936973,18.019823
5.327959,10.166581
2.044191,1.771013
3.444481,12.907325
20.080708,-0.013704
19.440153,2.142008
17.050938,-3.938002
10.881049,-7.119744
8.788504,5.548484
-4.155068,2.865413
-3.256798,8.498983
19.278070,-3.198662
1.015703,-6.521922
0.456166,-3.653998
11.258252,-4.482443
2.878207,5.222394
2.033465,1.757634
-0.719059,13.928864
12.878962,-2.384309
15.815641,-3.573604
4.811140,16.222046
-4.870521,5.946255
-0.471759,2.107688
9.556442,-15.937669
5.225532,-0.538646
-3.979277,-6.128368
0.416322,-7.641215
4.967788,17.614565
4.391521,9.396341
-2.327352,6.122533
4.399847,9.404000
2.576761,6.703818
-3.318567,8.497352
1.287892,11.733117
10.653413,-7.165394
3.567957,13.016906
12.311361,16.673409
17.095028,14.361582
6.740277,12.377967
-2.326821,6.115339
7.625232,17.848827
5.116681,12.102049
5.432135,12.443571
5.287179,-2.775680
7.936643,18.017246
4.845197,16.250057
4.849738,5.919700
3.571432,13.018005
6.639687,-11.395098
12.273221,6.659051
-2.888960,4.464655
7.292088,-11.414265
0.415063,-7.642320
4.657611,3.714446
0.473856,-3.635797
5.105597,12.090940
-1.250953,7.672398
18.483583,-5.092454
8.200505,10.630955
13.175208,10.073911
9.980623,16.428516
5.137988,12.127781
7.093091,-11.372778
12.049727,6.667531
15.822128,-3.568900
16.391857,0.740727
21.881109,-4.428216
10.770452,-0.725544
10.769281,-7.050252
2.865693,6.887205
3.880216,13.284709
-3.948308,-8.334975
12.974821,9.255470
-3.259181,8.501046
17.890036,8.271915
5.157200,12.143230
12.192129,17.412268
13.852374,-4.745019
-1.266271,7.651004
8.147194,10.526826
14.108632,-10.641797
0.492491,-3.622788
8.226295,-4.430693
7.617224,17.728491
8.052102,5.067222
5.458315,-3.033176
4.808020,18.902372
10.950184,-0.739268
16.768316,-1.678633
10.864824,-7.135489
1.040894,-6.493153
13.154124,-11.019179
6.508543,14.384654
13.704897,-4.888233
12.264274,6.668542
6.908679,2.479961
0.449238,-7.658953
-4.894550,5.923983
6.169371,-0.212533
13.187019,10.075199
17.354942,13.218205
5.322128,12.313093
13.985351,-4.771036
4.778726,16.164410
13.743769,-4.825688
-6.293448,-3.907814
10.819170,-0.683656
9.815148,3.483298
4.897445,17.729008
-4.639717,3.342510
8.681978,5.609993
16.832422,6.759573
12.206640,17.360970
15.623979,5.808296
-3.877933,8.028688
20.089655,8.030961
21.899866,-4.402163
16.663767,-1.900765
18.486702,-5.086213
8.712404,5.555795
10.953195,-0.464559
3.055249,0.372274
4.811904,18.897974
16.549778,10.419252
9.863518,3.533422
-2.039409,-2.238967
10.983469,-0.481825
-5.262985,1.472048
-2.622676,-1.017483
-2.499642,-3.127112
17.038382,-3.928750
6.943003,-11.429313
13.369900,12.406799
6.835380,6.164609
19.145895,12.645114
8.943007,-10.334999
12.527732,17.037008
6.273107,9.078414
3.862012,13.271208
17.351795,13.220599
8.282314,-3.852414
5.614954,4.624037
13.923790,14.707414
16.606464,-2.037098
13.962995,-4.759286
2.924114,10.505602
5.269658,12.269682
17.064297,7.158498
2.873290,5.229121
2.021080,-0.683015
17.069639,14.381465
-5.269863,1.454474
12.628754,-2.091096
2.066102,1.780949
10.928190,-0.396349
6.513588,14.382235
11.264587,-4.469722
4.795211,3.648429
4.763194,16.157858
15.584599,5.776596
-0.328191,-5.050049
-4.019989,12.066594
-0.041523,-5.050312
17.912733,8.296826
4.931635,-4.811152
1.036487,-6.496816
16.603903,11.492040
7.219194,-8.752046
2.992039,1.719978
11.717562,10.524828
10.761659,-7.219521
10.792070,-7.198715
16.673168,-1.756609
-4.464537,3.171845
-4.662122,3.363491
16.588011,-2.052375
12.185630,17.414062
0.688376,-2.863612
16.628281,-2.048225
5.529287,-2.693539
16.828585,6.754158
-4.299440,2.997291
14.139820,-10.615943
5.381259,12.398637
0.810884,12.362775
14.350533,4.443925
1.208959,4.513203
5.383358,12.394369
-2.551964,-3.241840
-0.749523,13.926726
17.074318,10.502965
14.059718,-5.089880
4.297715,5.591310
5.330740,10.164446
10.784603,-0.663446
15.247685,1.390442
13.945312,14.680073
16.602247,10.317539
16.906540,10.957089
15.079149,14.027666
-3.921774,-8.326014
13.867095,-4.989782
10.977413,-0.584747
-4.902379,5.938091
22.057426,-4.267104
15.592133,5.779984
6.950388,7.926055
19.144556,12.645134
-4.513040,3.219208
2.875241,6.861730
12.997521,-2.267462
13.730711,-4.873101
5.478436,5.529085
9.704886,15.683484
5.123965,-8.186221
-1.273362,7.652156
7.613418,17.729109
8.395540,-4.259519
5.133130,12.122241
8.704487,5.619227
4.801227,16.199528
-1.692189,7.502382
3.056061,0.375947
20.663240,-0.038204
-3.967662,-8.321150
1.048475,-6.485910
20.093311,-0.015674
14.355894,10.652458
7.289699,-11.422907
5.389649,-7.910329
9.831736,5.874763
2.543531,6.672911
12.965881,9.216371
2.887627,6.875253
10.669813,-0.618113
-0.470491,2.105305
19.413654,-3.234830
14.778457,7.802330
-0.334403,-5.062632
0.427731,-7.622392
15.829628,-3.562315
13.377017,12.395541
-0.323666,-5.048441
16.394638,0.735908
2.879781,5.224706
21.905106,-4.335731
2.853223,5.218346
10.027381,12.186008
2.302841,4.084451
12.296764,6.675384
12.699336,-2.198420
-6.310878,-3.898868
-1.695390,7.502674
12.873648,9.294310
9.833419,5.878553
16.828344,6.754488
-1.278347,7.648745
-2.167215,-5.875240
14.051379,-10.699318
-4.651361,3.348742
16.602301,-2.059332
-3.890499,8.029281
10.902367,-7.101802
11.457527,6.163658
16.955055,14.508455
4.401557,9.403779
5.410956,12.424541
2.039440,1.767043
2.037174,-14.019254
5.017314,-8.109626
9.719423,16.081400
10.732747,-7.294832
6.760826,6.077711
6.326565,-0.247851
9.760636,3.625320
19.106483,10.674893
10.024297,16.500483
11.726506,9.041245
5.453024,10.035982
2.002565,-0.696206
17.079422,10.505754
4.418578,9.424542
0.164661,6.602338
8.158093,7.190083
17.456535,10.719273
13.923860,14.708452
-4.673512,3.377355
6.263570,-0.205068
8.010393,10.670186
-4.143845,-3.941643
19.390486,-3.361403
5.135128,4.643746
5.232726,-0.538951
17.321455,5.537911
-2.096183,-5.888568
5.194161,12.131036
8.899164,16.329628
-0.431108,9.943501
7.246735,-8.728838
17.049305,7.085200
4.938560,-4.788459
2.257174,-4.977736
14.180078,9.079056
-2.813077,4.369398
5.314547,10.056252
1.530517,6.898343
15.255918,1.383200
19.356651,-3.054702
17.079897,14.381632
15.058813,14.060597
13.201363,-2.301844
21.767826,-2.341263
16.583431,-2.065308
13.096854,-2.262579
21.762102,-2.352254
7.064422,2.472621
8.118888,4.983833
8.127945,15.537882
17.011101,-3.891733
17.030008,-3.919046
18.688414,5.599514
8.138286,10.531056
17.728024,2.336563
3.008113,5.287630
10.995404,-0.529796
8.121251,10.541940
4.817103,18.881771
-0.706398,10.487678
19.253107,-3.201722
16.605850,11.456851
4.275862,5.614467
10.742184,-7.337724
14.180593,9.075599
22.490870,5.020751
16.396404,0.734342
13.325398,12.351654
8.120573,10.532809
10.070947,3.329470
10.493474,-15.761683
5.661513,4.641961
8.537799,-3.238557
4.929760,-4.823104
-4.897642,5.916007
20.086233,-0.013710
17.055874,7.091088
-6.235495,-3.957952
6.988755,-11.521026
-2.852845,4.419806
8.297162,4.777331
4.952273,-4.832771
15.070642,14.054575
14.734135,0.087559
5.389745,12.400602
14.068632,-10.682394
13.387005,12.388833
-0.709580,10.468771
-1.694384,7.506098
-5.245168,1.448258
2.882151,6.876277
5.459766,-8.265912
5.657269,4.640300
1.176572,4.461439
17.128269,1.973336
19.442884,2.139211
12.840083,-2.099086
-3.859142,8.015169
16.629917,-1.997676
-2.017307,-2.220333
13.208774,0.160112
0.155550,6.600352
-1.015039,-6.546756
15.062353,14.054771
5.274043,8.437049
13.923573,14.706862
4.037351,14.642887
16.860069,6.798437
12.884818,9.305972
12.851077,9.813169
5.504076,5.591160
-0.947289,16.309530
17.030386,7.111547
3.637490,5.129044
4.804868,18.899103
13.906985,14.724570
7.957205,6.952801
9.945671,3.399408
16.852848,6.791338
5.332012,-2.711462
18.879698,9.887822
7.197534,-8.771960
9.959394,3.436553
9.842276,16.185652
-5.216762,1.526756
14.839303,-0.025625
-2.853506,4.405934
1.184875,-6.364827
6.724143,12.391724
14.752854,0.073659
12.552872,17.071360
13.161011,-10.991473
1.036055,-6.499360
16.833181,6.759081
10.703420,-7.082155
10.778115,-0.692219
10.635215,-7.031917
-2.321105,6.112571
-2.239119,-2.518346
18.659081,13.165498
5.336570,-2.827918
6.971869,-11.512417
5.245729,12.177547
8.788175,5.556798
14.356241,10.651061
6.718549,12.398487
-4.148242,-3.943866
4.938040,-4.828205
-2.224989,-2.497865
-1.128511,5.142471
11.300627,-4.436785
12.163195,6.564890
16.831905,6.761800
9.832460,3.565388
-0.354610,-5.064021
19.450357,2.131258
16.626936,10.267584
5.616878,-2.739041
-1.115024,13.518875
10.475812,-15.773004
18.129444,9.114565
17.673136,4.092058
13.219646,0.168345
3.049722,0.380141
3.585650,13.011332
12.296131,16.587366
-4.877515,5.911520
9.959064,3.475453
14.806470,0.008751
12.312819,7.945875
4.848715,16.243738
10.223989,8.013891
16.478592,-1.738846
-4.613546,3.315548
0.144495,6.587287
1.179649,4.465935
18.639046,13.181054
-6.231859,-3.955594
-1.699980,7.500592
7.219851,-8.755518
-4.899827,5.933033
16.596769,-2.081070
8.330387,10.318257
7.606272,17.864208
16.830950,6.755628
3.213762,1.466451
19.391453,-3.147238
-3.622040,8.472034
6.965123,-11.476336
8.010070,10.674132
9.008409,16.450626
2.890858,6.869996
5.230470,12.151667
-2.546130,15.634667
-0.454788,2.115735
5.320141,-8.046859
9.849741,3.458274
1.038435,-6.495368
0.658510,9.447673
4.809052,16.207338
5.225522,-0.538375
-8.774134,3.406844
0.146346,6.592756
14.063569,-4.445067
3.014225,5.285902
5.234103,12.191470
6.198974,9.165586
8.547280,-3.220780
10.723922,-7.288153
15.069644,14.040083
8.302446,4.781926
5.483730,5.574775
-6.309411,-3.909185
5.513597,5.587439
10.494409,-15.766528
5.328062,10.167615
-0.645160,10.593597
-3.642640,8.502454
17.071270,7.097053
12.848145,9.822314
-1.000916,-6.557507
16.522640,10.383436
10.737343,-7.282501
12.966596,9.202388
5.132313,4.642871
18.693771,5.593948
11.693375,9.063414
13.812075,-4.852839
-3.949219,15.300261
9.011593,16.451851
17.342976,13.213487
8.579689,-3.748940
12.850562,-2.375052
7.365647,-11.417336
-2.869944,4.449253
13.998387,-4.797396
7.248769,-11.459617
7.060275,2.460864
5.489469,5.595977
0.073246,6.520879
15.816343,-3.583183
13.909237,6.955731
1.211982,4.520622
10.604216,-0.575414
9.712415,16.078148
14.784446,7.803748
-2.768257,4.344565
5.601756,8.690499
6.307840,6.287373
10.777116,-7.242329
11.250831,-4.490725
2.927171,5.327744
12.175336,6.564815
-1.923363,2.829629
11.533071,17.099697
-0.955034,16.303848
2.036910,-14.019865
4.705310,3.649054
12.170974,6.576704
9.873475,3.473295
7.989381,6.986619
-0.330139,-5.075183
5.231771,-0.543895
6.177401,-0.138658
-1.126910,5.137853
7.939999,18.027092
-4.655377,3.359144
7.550011,15.558950
3.900480,-3.956932
18.464323,-5.121081
13.180615,-2.168978
20.664324,-0.037538
8.314637,4.769397
-4.097906,-3.908236
4.897248,17.715508
4.001225,13.348687
9.545854,-15.936965
8.979589,8.766412
10.575445,-7.148593
11.274830,-4.461365
5.319507,12.330577
6.767761,6.107948
6.984470,-11.465621
2.919963,5.326731
5.131593,4.644151
19.323372,-3.068547
18.038107,2.038859
12.565791,17.075089
1.298676,11.719980
5.228665,-0.540201
12.188567,17.420536
-4.899557,5.909880
-6.020812,-3.721574
15.586902,5.776149
6.962028,-11.484791
13.746974,-4.825493
8.076178,5.030270
5.149783,-8.255355
10.750385,-0.624152
8.334392,4.748865
10.034375,12.190701
12.228251,17.411428
0.630384,-2.912935
11.282015,-4.461118
0.441454,9.320079
13.344824,12.422254
9.702029,15.682871
5.419844,12.437148
-4.524891,3.230955
13.926736,14.706261
9.791588,3.625361
4.035497,14.636217
18.032883,2.044789
5.316305,10.049781
11.552102,6.881229
4.009530,13.353341
15.179719,5.525161
-3.955924,-8.386024
12.181540,6.694165
5.603594,4.625124
13.385161,12.376022
14.054311,-4.802718
-3.963089,-8.310619
4.063086,14.666965
18.034445,2.044459
3.320457,10.514774
17.345573,10.721483
-1.625253,10.744652
0.816763,12.351292
10.812357,-0.590429
8.063478,4.902062
13.707920,-5.024487
-1.109128,13.594943
17.059107,7.091158
-3.946927,15.302316
5.462813,10.031676
11.267138,-4.473877
-0.750084,13.914032
1.415086,6.994192
8.311844,4.779702
13.959662,14.672412
19.459221,-3.477578
-3.949598,-8.331952
14.060185,-4.691882
9.682054,16.139540
14.696526,0.120288
11.715151,10.524179
10.821649,-0.697433
9.866633,3.444438
-0.028527,-5.049908
14.756454,0.068030
6.514365,14.381061
5.348185,12.363268
3.074315,0.354768
10.490257,-15.765541
8.973822,8.760447
8.223917,7.129176
9.741050,3.624277
-2.629037,-1.018964
2.991153,5.315854
10.530740,9.927413
16.448509,-1.795183
7.617764,17.855455
9.516947,12.140182
5.544110,-2.889015
16.588125,6.881382
13.227112,0.174650
20.671154,-0.042941
2.012265,1.733918
-0.297810,-5.110451
19.444649,2.137247
9.930710,3.510527
14.424686,-4.832585
8.010610,10.668589
8.762297,-3.561031
16.647211,11.588449
10.642488,-7.143048
4.396712,9.397835
13.803799,-4.911804
12.331399,7.963421
12.958077,5.253105
14.177459,9.076712
19.449791,2.130065
8.521217,-3.190416
6.118847,9.239750
8.354471,-3.455612
19.266808,-3.132664
10.771569,-7.132645
-1.095996,5.575549
11.305000,10.101005
8.761587,-10.522815
4.899277,17.715158
6.726883,12.390963
4.817107,3.566375
5.716422,-2.819116
10.000557,3.380681
13.213680,0.161199
-2.302680,6.088160
17.357189,13.231905
12.907578,-1.888996
3.132185,8.746356
14.313841,9.321649
6.035705,7.537313
-1.710868,7.495105
-1.130998,5.137700
13.148745,-2.238590
9.078306,-10.195639
4.917777,-4.792507
-1.693869,7.500763
1.375292,7.054134
12.847730,9.813143
-2.514410,15.660943
9.965039,3.441665
8.330436,10.320059
15.056200,14.055544
6.728973,6.132017
8.787190,5.552433
-2.859655,4.439116
12.171350,6.561857
10.751795,-0.504907
14.813256,0.008970
17.360277,13.224153
-1.269707,7.649802
5.242215,8.392962
19.291544,-3.147841
-0.381817,10.989461
9.699499,15.686880
6.835141,6.165199
11.476987,6.185748
-6.226705,-3.941679
0.304349,5.803871
17.668091,4.095999
11.321871,10.122075
9.804578,5.872244
7.307609,-8.667336
7.557170,17.089199
10.057405,11.076118
0.145435,6.588911
13.156901,-11.011481
8.048224,5.069734
6.678214,12.441626
-1.286643,7.653273
4.292719,5.601644
-3.864845,8.065934
-4.609835,3.311032
13.045609,-1.998050
0.489975,-3.624843
10.536551,-6.720770
1.198944,4.524179
-0.739200,13.920595
6.359056,8.971307
-0.656527,10.583742
12.194411,17.405575
-1.692458,7.504529
-1.051157,-6.522952
19.127779,12.664568
12.949439,5.251745
21.741108,-2.303541
3.897000,-3.955226
17.041548,11.010304
12.493790,-2.331303
4.055734,2.219688
0.665072,-2.870140
5.320072,10.060463
11.674766,10.478261
6.621963,6.510916
8.207612,-3.928042
8.858822,-10.417949
15.251358,1.371062
4.306578,5.598519
6.929538,-11.533078
13.116211,-2.265473
6.774251,12.346594
-1.108287,13.520209
16.655350,10.319712
13.913476,-4.729253
5.440188,-8.351000
-1.001605,-6.557065
5.245515,12.192024
16.123117,14.287965
6.764679,12.357668
19.361332,-3.001345
9.033357,8.811575
1.223502,4.540849
17.023401,-3.909275
-2.823762,0.569677
5.352532,12.350489
1.406931,6.996271
8.554967,-3.210407
8.745754,8.541865
19.458120,14.198793
10.198700,6.869057
10.986578,-0.437435
10.778896,-7.165071
18.125608,9.113199
-0.650946,10.600463
-5.238039,1.501122
16.870968,6.815942
11.298920,9.796131
-0.032148,-5.051246
8.124839,15.531654
-2.328313,6.119332
9.957374,3.557873
-5.308647,1.430685
8.472158,-3.628453
19.433897,-3.426651
10.777262,-0.657746
1.961203,-5.073968
17.121414,10.566348
1.532657,6.880279
-2.847624,4.422952
17.203564,2.044333
13.927278,14.700142
5.357191,12.322302
17.670860,4.095151
12.339649,7.962440
-4.150674,-3.944438
8.683862,5.607056
7.613548,17.723473
22.164135,-4.382609
12.132108,6.597487
8.746218,8.546510
14.312901,9.316557
0.437403,9.315755
-0.328886,-5.052454
0.134157,6.590957
9.591822,13.294383
6.960567,-11.325909
13.546982,-4.958502
6.978886,10.344060
1.990118,-0.703540
16.920244,11.153527
16.069462,10.735534
9.810328,3.530419
4.418175,9.426716
4.009616,13.352815
8.249701,-3.785027
13.790882,6.832948
-2.331164,6.119161
-6.236272,-3.959954
18.024538,2.044848
5.314731,10.063164
16.322268,10.853835
13.804610,6.847523
8.087300,-3.581055
-3.983316,-6.119892
2.241028,4.040269
12.629910,-2.111352
-1.869468,2.810828
19.522728,-7.633499
10.694636,-0.383738
-6.313542,-3.895418
-0.459960,10.874619
6.895903,-11.254054
5.524447,5.566243
13.909190,6.952921
-3.965605,-8.345480
2.199885,3.982236
22.464323,4.996099
19.131226,12.651611
-1.148578,5.188456
12.213124,17.403818
4.899046,17.715803
3.058319,0.368447
12.836472,9.801804
16.591372,11.468310
8.610877,-3.791880
12.192063,17.414078
-2.507406,15.666386
5.462832,10.037339
13.114974,-2.156434
6.608057,12.504600
21.724915,-2.288552
4.688174,3.680543
7.197310,-11.460314
19.285418,-3.168487
-1.266712,7.651706
11.589986,6.866027
-3.985680,-6.116885
10.808375,-0.364143
0.431654,-7.648980
-2.089275,-5.890789
2.020424,-0.681640
11.724243,10.523219
5.178235,12.169991
4.933106,-4.820517
-2.318413,6.132056
20.485134,3.468240
13.759761,6.807999
-4.642309,3.345977
5.556197,12.543831
-4.617540,3.319211
21.718134,-2.279822
14.078341,-4.722731
5.917685,14.561589
13.201002,0.150693
12.241056,17.400391
5.586624,5.560271
19.147842,12.641766
8.238233,4.838928
-4.614347,3.315801
-1.101349,16.169617
12.970063,-2.226914
9.580963,15.700495
10.750583,-7.025394
14.008754,-4.753842
13.907524,6.953352
13.771033,-4.925841
6.209725,9.163561
0.417130,-7.622972
17.322906,5.539348
-2.887876,4.462469
-2.242175,-2.523982
9.992922,12.164256
8.680473,5.611946
14.053197,-5.089388
2.834710,6.906871
-0.748521,13.927296
5.072795,-8.306332
10.880431,-0.449233
4.857642,1.247615
4.302193,5.605134
10.833657,-7.016411
10.218217,6.888232
8.084615,5.018244
6.220866,9.152352
11.459278,6.165748
-0.746670,13.926308
8.160504,7.156007
5.095315,-8.416484
16.393303,0.738855
-0.741966,13.920385
1.877942,-0.829794
9.577285,-15.910020
4.076850,2.239006
16.628071,11.314115
12.233795,17.411030
3.572405,13.019448
5.413512,12.416850
5.479268,-8.052968
2.946239,10.863699
5.303649,12.309737
1.183938,-6.368455
13.185283,10.078381
0.439696,-7.604702
17.051357,7.077220
16.869638,6.812518
8.133479,10.535494
6.639039,12.501830
2.943379,10.863126
12.325449,7.950236
0.713248,-2.834222
10.223052,6.843542
18.484457,-5.099086
10.073470,11.085376
8.534912,-3.593856
11.721268,9.045868
0.632530,9.429682
-1.695323,7.502019
5.270168,12.210748
16.692965,-1.992235
18.656046,13.166914
3.575412,13.000075
6.251237,-0.182138
2.903702,5.260892
10.736210,-7.271294
9.772477,3.604957
2.940462,10.852190
19.378326,-3.090109
8.292480,4.789617
13.927013,-4.711564
4.659647,3.713657
-3.955512,-8.330815
0.818869,12.349074
16.484890,10.852600
7.249914,-8.738583
13.021182,-2.334941
10.059145,7.014229
14.874846,-0.059951
-2.781916,0.625942
18.469284,-5.122978
-2.327705,6.119017
0.610380,14.747653
13.936425,-4.753080
3.569690,13.021150
-2.092778,-5.890581
10.525750,9.933274
8.125840,15.527436
18.881369,9.889392
9.870482,3.465000
7.833133,-3.914701
-3.633940,8.504325
-1.116903,13.563867
-0.308199,-5.097176
14.075247,-10.679173
5.312783,12.276883
16.571342,-2.056457
9.914317,3.515409
5.468986,12.477350
5.544841,12.541330
5.231775,-0.543383
16.527178,10.392220
6.770915,6.107508
9.808045,5.848883
3.580965,13.000702
9.915188,3.484730
-1.688076,7.504782
7.009457,1.115709
3.568050,13.021011
13.189598,0.137946
5.477787,-2.968037
13.520811,-4.978997
12.840334,9.807068
2.988580,2.825715
18.485970,-5.092102
13.752154,-4.904689
19.359386,-3.118056
3.148863,8.776539
7.309962,-11.402972
9.085301,5.625864
5.312662,10.066696
17.479267,10.713161
2.938347,10.847955
13.753904,-4.908492
4.396105,9.396111
-3.983011,-6.118168
2.564845,6.682344
-2.586401,-0.986736
16.060638,10.712282
3.140811,8.740870
19.323162,-3.313077
13.930285,14.702595
17.044952,7.112788
6.599801,12.499346
7.297791,-11.427903
10.217000,8.014895
2.593685,6.722692
-4.592710,3.294740
-2.496393,-3.123005
11.585588,6.869875
9.862732,3.492252
8.095531,-4.383411
4.805778,16.208206
-4.659700,3.364057
-4.657545,3.363547
9.070395,-3.550476
8.107224,4.994167
16.724525,-1.941832
14.956470,14.142818
10.640666,-7.109509
8.121464,10.487153
12.180345,6.539117
-5.281131,1.457081
5.168527,4.658146
7.036940,1.139922
8.419046,-4.154278
1.504347,6.908679
7.782936,-4.160884
-0.482006,2.108910
13.237276,0.181697
14.046608,-4.558063
5.325658,10.172279
13.186739,10.077215
9.597188,10.230859
15.248408,1.385249
16.127487,10.725461
5.269134,-2.788065
-0.481897,2.115413
6.606628,6.502205
7.246722,-11.466890
6.603820,12.507673
-0.495779,2.131727
5.469977,-2.986713
8.786385,5.545662
19.398582,-3.097908
0.433455,9.304979
3.054930,0.371373
5.517953,5.564182
15.829399,-3.565964
15.179530,5.523221
2.249370,4.044211
20.651859,-0.035786
7.401721,-11.409617
15.051006,14.058630
7.212770,-8.753870
2.959480,10.875803
4.324193,8.477635
5.617260,4.628872
9.926789,3.447259
5.503744,5.550291
5.491410,-7.817827
2.040781,-14.015474
9.029156,-10.247492
8.492650,-3.811626
10.475833,-15.775196
9.888212,3.491178
17.351707,13.211911
11.197219,10.028669
8.172555,7.171191
-5.999258,-3.724441
10.063738,7.013997
16.827719,11.201782
5.508226,5.500724
0.818391,12.354300
-3.967724,-8.317719
9.046113,-10.227090
9.703030,13.168754
-0.750725,13.930644
11.347784,10.104039
4.946097,-4.806273
18.694738,5.594277
8.588390,-3.214652
21.717968,-2.281542
12.754548,-1.859891
9.850063,3.564036
11.275835,-4.461917
13.518373,-4.985828
-4.149707,-3.944949
10.793575,-6.812254
2.990986,2.821911
10.072172,11.115876
18.488668,-5.083835
10.648366,-6.748960
9.532348,12.191540
1.635935,-1.032314
10.613998,-0.498881
9.557651,-15.943036
5.414948,12.422958
12.675705,-2.243795
14.190813,-4.976075
18.019455,2.057343
9.686356,15.663605
9.605492,13.254180
10.698054,-7.079340
9.985331,16.434364
10.736743,-7.152996
17.695284,2.314596
10.055174,11.086562
9.046962,8.825594
6.680577,-11.405545
-2.658866,-1.058554
-4.153989,-3.947652
5.218412,-0.534724
12.961181,5.254141
-1.267410,7.652705
19.346148,-3.043604
13.878567,-4.741995
18.060608,2.020574
5.655842,4.644196
10.060934,11.071875
17.057339,7.051253
8.302773,4.795747
-5.276770,1.438706
7.489985,15.582550
4.877732,5.877616
10.679672,-6.751791
16.597408,-2.106704
17.696426,2.313330
-2.329388,6.119409
17.436541,10.733659
19.287001,-3.067567
8.916913,16.349739
18.105473,1.980245
3.050166,0.381266
-2.876758,4.446742
8.926829,16.360752
4.859006,16.275509
4.873789,5.894358
11.102512,5.443264
-1.013115,-6.549536
6.281751,-0.199379
10.061611,7.015587
9.608624,12.143191
12.299006,6.677700
-0.481860,2.131624
11.474359,17.075417
8.224682,10.613381
15.822022,-3.572331
19.370146,-3.004791
-0.503999,2.067784
19.279486,-3.066992
18.686798,5.602726
-4.659310,3.373530
14.696407,0.122330
10.729604,-7.272886
2.914970,5.336748
14.231314,9.107654
-0.745426,13.924077
12.869216,9.795041
13.186166,10.082496
12.839060,9.803381
14.334629,4.459858
12.959564,5.252415
-6.253707,-3.968822
-1.306357,7.631359
1.483109,6.927762
-2.809077,0.602648
-0.749243,13.946869
10.763034,-7.066435
18.123234,9.118611
6.711283,12.404942
11.532731,8.178568
5.754780,4.690490
3.895824,-3.953287
-1.696061,7.502829
12.184445,6.547288
-0.712068,10.494989
-0.343864,-5.059939
8.846457,-10.443227
12.846786,-1.894650
13.900489,14.718285
7.931327,18.022224
9.945348,3.377639
15.255046,1.385026
10.849824,-6.752141
6.651130,12.469923
11.220531,10.003691
13.160923,-2.050065
6.947402,-11.481916
8.128663,10.512330
4.826964,16.232979
11.019280,-0.331043
7.643373,-3.549964
5.262498,12.207582
1.046488,-6.488844
8.307852,4.776480
8.124680,15.530339
9.002522,-10.275997
0.414269,-7.628759
17.356970,13.222709
16.208857,10.554096
5.215498,12.148865
-0.650850,10.589419
0.057077,6.516289
8.682434,5.616750
8.996156,8.775064
5.363067,12.386739
8.817330,-10.411666
17.052700,7.069851
8.177768,7.139684
17.021505,-3.909293
9.544832,-15.943662
9.896817,3.546802
-1.626204,10.744963
8.687279,5.618379
8.301495,4.786915
5.126400,4.644820
9.049272,8.831247
0.609235,14.747887
9.835482,5.878171
7.068407,2.461454
8.187477,-4.436869
14.220230,9.099725
12.834991,9.805556
7.843113,-4.082785
18.753956,5.537910
11.532022,8.181576
7.215920,-8.756010
14.979567,7.887696
10.488291,-15.765660
8.559855,-3.501971
13.907292,6.954542
5.471155,-8.295975
6.725759,12.391428
20.660570,-0.035490
10.740149,-7.333850
7.310906,-8.781581
5.190872,-0.500998
10.874849,-6.710347
2.884310,6.876742
7.235652,-8.727859
7.004982,1.121920
4.428456,9.431000
8.562790,-3.478679
5.259663,12.232934
10.588612,-6.840805
-1.891513,2.802056
5.116849,12.148538
-6.066716,-3.764698
19.331692,-3.108128
13.949210,14.682245
21.878738,-4.432637
10.849955,-0.304815
13.234971,0.183082
16.832615,-1.862277
17.022104,7.147826
21.863682,-4.390597
5.755446,4.688752
0.482978,-3.634464
16.557661,-1.687281
-4.603877,3.306153
5.503330,5.574805
5.468105,-7.798932
3.217119,1.467811
13.779693,-4.916942
8.204633,-3.540336
16.625656,10.357502
7.951151,18.031309
-4.912748,5.896753
17.230307,10.759137
7.337181,-11.456823
12.689702,-1.996399
8.162822,7.179563
3.027694,1.717750
8.912556,-10.368066
-1.020791,-6.548237
13.217618,0.164179
-3.120507,8.464396
-3.953112,15.300923
-3.987731,-6.133817
8.468372,-4.124601
14.328787,-4.854656
7.159981,-11.439713
13.930847,14.701525
8.661777,-3.510431
10.056543,11.108047
4.034540,14.638518
14.025040,-4.756284
10.789601,-7.040511
0.448406,-7.603645
13.218420,0.154870
21.895189,-4.446374
6.150416,-0.098644
12.968529,9.216198
7.062780,2.468363
12.903994,-1.806298
18.099150,9.139964
13.822016,-4.707943
9.992465,12.167848
7.885805,16.398985
-4.653987,3.357379
5.314446,10.064026
-6.008451,-3.722126
8.124899,15.539022
14.096139,-4.893276
11.454681,6.158476
22.462740,4.995031
4.805070,16.197767
-2.023181,-2.217600
-1.700259,7.501932
10.694779,-7.245755
8.199734,-4.061488
13.931906,14.698410
16.831800,6.757560
5.537324,12.532642
8.195554,-3.837159
13.927941,14.702639
13.959030,14.671904
21.724348,-2.292324
10.032937,16.522949
6.976806,-11.236883
17.694353,2.313933
-5.279002,1.451823
10.029253,12.193067
5.273129,12.224907
11.270032,-4.469857
10.481572,-15.772206
9.065267,8.840093
12.836304,-2.387138
9.831536,3.476247
-3.996330,-8.388817
17.066803,7.092020
16.230488,10.588907
16.609083,10.294732
17.077286,7.049601
5.266318,-8.112301
8.121014,-3.494966
9.025453,8.808259
16.496305,-1.757225
10.214487,8.016476
6.331720,20.008287
10.767989,-6.998550
16.810783,11.275090
4.897551,-8.270242
-1.693432,7.501034
11.275845,-4.465088
11.314548,10.117048
19.326235,-3.044707
9.905088,3.523924
2.801302,5.290908
17.354065,13.222314
4.934309,-4.804892
-3.947807,15.301462
-5.235344,1.504984
7.235776,-8.740599
13.186768,10.077695
6.209994,-0.177685
4.008280,14.615542
16.320414,10.844237
13.511745,-4.987934
5.208811,-0.531443
8.275714,4.799716
16.643856,11.578599
-0.383953,10.986184
-2.036304,-2.217271
-4.155818,-3.947024
-0.471453,2.105552
7.024645,1.108478
8.119948,4.984669
10.676140,-7.197766
8.707056,5.558760
13.519817,-4.987333
7.383442,-11.409764
9.838420,3.498314
8.108693,10.567620
13.523919,-4.980090
11.322353,10.134832
-1.102300,5.566361
9.114549,-10.148063
15.060571,14.053413
13.513816,-4.987262
-1.269775,7.650185
10.515829,9.942769
10.078763,11.123074
-2.780868,4.339300
5.282976,8.440005
-0.030499,-5.053805
8.015634,10.671113
5.483479,-7.822990
-3.960989,-8.340939
-0.471218,2.102541
11.718431,10.525076
-3.640319,8.510406
7.406137,-11.416023
16.664127,-2.035892
14.023202,-4.775022
5.572793,12.565583
1.387451,7.044575
21.720257,-2.283039
12.964098,9.203477
5.350972,12.316343
8.428985,-4.114501
9.017853,16.460098
19.457890,14.198806
5.325282,10.182258
9.879278,3.540966
1.967548,-0.726485
-2.243127,-2.524327
11.551027,6.880925
-3.883610,8.033674
8.718038,-3.798800
13.519017,-4.982339
8.938574,-10.355374
4.828141,16.233082
14.733582,0.091675
11.452909,6.161201
9.771759,3.610256
5.583584,12.579885
-0.739973,13.920875
-3.938232,-8.350245
10.737353,-7.323565
-5.278956,1.440416
16.608168,-2.068012
17.094580,14.362646
14.077120,-10.674429
9.717893,16.082579
5.658042,4.647256
10.729049,-7.322304
-5.272056,1.440906
6.517292,14.382648
8.504878,-3.206655
10.795372,-0.361381
8.326334,4.793727
-1.894985,2.815331
2.893746,6.867183
8.328311,10.312634
16.561747,-2.024737
8.204495,-4.446109
-5.314223,1.475857
4.304149,5.600238
-1.693969,7.505168
11.345618,10.147837
5.497600,-3.034339
5.483949,-7.764461
0.513842,-3.601025
-4.918937,5.916686
9.869052,3.594684
11.271227,10.073939
5.488087,-7.995191
12.493913,-2.232307
2.930060,10.503629
9.040888,-10.237370
11.454507,6.163914
7.030153,-11.205444
-1.102983,5.570923
17.728277,2.334257
13.915665,14.704582
11.461154,6.176694
13.697644,-4.860560
4.703175,3.653877
13.025589,9.093120
12.191709,6.552813
18.022388,2.052760
3.563064,12.986538
5.389464,12.399700
11.236048,10.066916
13.909448,6.956228
11.235932,10.060066
-3.151103,8.497462
7.350108,-11.416177
-1.696466,7.502815
8.820626,5.517877
-3.934837,-8.341292
10.947227,-0.558329
0.440789,9.313087
-6.033155,-3.734602
-3.950846,-8.409832
10.722035,-7.287735
4.853804,1.245746
-0.281546,-5.022315
-3.980620,-6.124445
9.834675,5.878242
6.545495,12.573092
-4.101622,-3.916612
-8.773004,3.406994
-2.249913,-2.526358
3.006286,5.290273
2.808486,5.264430
7.051200,2.463249
-4.900075,5.910608
9.709300,16.083153
-6.293526,-3.843065
13.899778,6.945547
13.183750,10.067657
5.617162,4.634638
2.799158,5.278136
5.507336,12.514796
10.462128,-15.776098
16.580732,10.379048
5.246691,-0.535532
11.716976,10.520081
5.170638,4.622254
6.717020,12.401525
7.380780,-11.405464
13.353743,12.406798
6.743678,12.374374
12.342961,7.963753
22.484257,5.014548
-3.979619,-6.119875
5.570419,12.542848
2.995110,5.297452
16.157452,10.645466
18.487284,-5.088891
19.354649,-3.317554
9.926722,3.418304
7.333403,-11.412548
0.812717,12.359044
7.610093,17.856670
0.466377,-7.577181
15.083138,14.077047
9.802975,5.872635
10.744699,-7.267403
14.191230,9.096494
11.577165,6.872955
4.854083,1.245541
12.303460,6.681174
-1.114136,13.518312
8.916002,16.355936
14.039598,-4.712941
-1.294852,7.640595
9.913214,3.501646
13.967336,-5.002874
15.049638,14.055425
4.415234,9.417424
19.458530,14.199352
6.950403,7.929088
15.821949,-3.570136
12.065165,6.651858
-4.582822,3.283628
0.125814,6.571682
18.484541,-5.091796
2.040643,1.764985
3.008791,5.289272
8.154885,7.173976
12.848837,9.817664
17.196980,2.047165
5.527091,5.589466
11.265306,-4.466167
19.375946,-3.101360
10.229820,6.837580
20.094576,-0.014882
19.357519,-3.379731
19.387577,-3.058043
4.308760,5.598419
5.528633,12.528279
-3.969033,-8.346049
14.004997,-4.581438
8.280306,4.817828
16.616364,10.320968
2.042376,1.768540
14.410193,9.229221
2.887281,6.872831
22.554253,-0.096838
-2.323809,6.119165
12.854623,-2.188532
20.284861,6.403645
1.181222,-6.368424
16.558067,6.856226
3.870246,13.276640
1.419622,6.994850
5.313678,10.064913
-4.923706,5.882470
-4.894979,5.906211
1.420664,7.003298
-4.916436,5.939558
9.599373,10.229489
-3.922658,-8.344341
5.384748,12.395925
2.989235,2.824737
-0.693488,10.509895
16.837591,6.761930
13.892049,6.937145
10.095751,3.285628
1.879011,-0.830438
1.258461,11.761452
8.450651,-3.387489
8.034857,-3.162383
14.505792,-4.823215
16.243628,11.079364
13.233473,0.178372
8.272013,-3.229767
8.124806,-3.295063
2.955345,10.867159
17.358110,13.218785
8.651811,-3.169961
7.249743,-8.719218
7.947037,-3.054764
10.570777,-0.249127
7.905564,-2.997963
13.319217,-2.061095
13.234916,-1.987549
10.051197,3.351706
13.054257,-1.803517
-2.519805,15.651090
7.017730,1.122036
13.276141,-1.996308
8.697315,-3.291384
13.129368,-1.804668
-2.514808,15.659077
-2.810541,0.601264
0.589667,-2.897842
8.864693,8.647747
13.089499,-10.978059
3.932166,-3.988576
6.902572,2.450314
14.236198,9.098112
-2.830625,4.400516
6.182365,-0.156840
10.052086,3.352735
16.656479,10.277642
17.700304,2.323921
17.001657,-3.881559
1.992475,-4.394613
13.054662,-10.949507
18.495300,-5.086901
8.249375,-3.462843
14.239682,9.097818
8.780004,-10.463142
5.407107,-2.602924
0.637439,-2.909308
6.887638,-11.546022
8.648457,-3.118707
6.030350,-5.739351
8.839545,-10.436379
8.578550,-3.449961
19.228878,-3.141369
8.838945,-10.506587
6.613186,12.509151
17.358709,13.222192
8.019581,-3.298027
-2.841312,4.370971
13.057032,-10.934403
-2.524042,15.652122
7.541224,15.561460
8.628117,-3.083764
8.840223,-10.451046
17.703791,2.320094
8.591850,-3.089594
5.075113,-8.772119
-2.515364,15.658822
17.700983,2.323648
11.022120,10.388129
8.787782,-10.474214
-2.755648,4.299225
4.880183,-8.745031
16.880777,-1.504320
17.030075,7.088638
-2.820969,4.388614
-2.577682,-0.971828
6.036276,-5.757162
13.277873,-2.009823
0.382651,-7.652776
19.198538,-3.200972
10.039664,3.356143
9.705553,16.061819
0.143148,6.594896
6.670002,12.443402
8.808174,-10.495366
12.266494,16.578434
17.340460,5.562696
10.232569,6.833938
8.438187,-3.394743
19.298714,-3.150467
8.125805,7.100009
9.600705,15.693550
5.521970,-2.579107
13.253899,-1.903623
17.041723,-3.922503
8.821811,8.615456
6.947212,7.927287
10.485883,-15.763846
13.267929,-1.946467
8.739782,-3.377005
13.188692,0.132035
8.918902,8.698689
13.324197,-2.088486
6.116906,-0.173084
13.274838,-1.905337
5.504974,-2.520122
6.158307,-0.101582
8.824787,-10.470634
15.177108,5.523462
-2.512115,15.662870
7.840935,-3.036688
8.816131,-10.479333
17.054537,7.086554
19.215134,-3.184746
18.509613,-5.073262
5.178563,-8.951578
6.143363,-0.093524
9.874845,3.485207
10.046819,3.354104
-2.514319,15.661743
-2.509098,15.663419
8.245443,-3.054068
17.699327,2.320186
4.886418,-8.515120
10.063607,3.380005
8.510279,-3.912077
4.881606,-4.766144
18.492687,-5.091065
8.593966,-3.066399
19.264942,-3.114612
17.005865,-3.887692
8.909072,-3.581962
8.701209,-3.637560
6.626804,12.513580
4.912596,-4.798920
0.431967,-7.626728
-2.583126,-0.978085
8.900512,-10.377514
1.266796,11.749451
18.482122,-5.100905
8.228659,-3.246478
8.650756,-3.496332
13.294280,-2.134051
10.765379,-0.214577
10.485055,-15.763147
6.598542,12.541314
14.089198,-4.698463
10.024504,3.357795
12.818618,-1.890552
9.713083,16.075024
18.132063,9.107536
8.834083,8.624131
13.162306,-1.967467
-4.869687,5.922411
18.675900,13.148190
5.150134,-8.925340
14.136382,-10.623249
0.444998,9.316151
11.251673,-4.489421
17.709259,2.319263
13.220931,-1.874963
-2.806596,0.605425
8.826873,-3.609822
14.234914,9.100110
11.247684,-4.494445
0.596199,-2.937169
-1.405909,16.041246
0.820716,12.349313
0.662273,-2.879360
6.111337,-0.201163
-0.481590,2.097291
17.699299,2.334973
15.253353,1.378942
2.949171,10.866604
0.465336,-3.652635
7.009609,1.121335
8.691656,-3.309071
-0.486638,2.110378
13.326960,-2.081376
8.127441,-3.777580
8.829733,8.621418
-3.979836,-8.318759
6.076700,-0.187823
8.120196,-3.212672
13.269064,-2.015601
13.164750,-1.844827
6.077871,-0.151840
13.187468,0.129583
10.654042,-6.799615
8.741235,-3.366246
8.836019,8.618189
14.381324,-4.595451
8.047216,-3.357952
8.259756,-3.391667
19.302036,-3.138925
8.783411,-10.530255
8.940670,8.723525
8.870724,8.650159
22.461143,4.993600
19.220913,-3.195874
5.252357,-8.927639
13.345626,-2.076116
12.249475,16.568542
5.188348,12.102617
10.864544,-0.503426
5.506661,-2.499937
1.891225,-0.823041
8.792054,-10.520472
10.818451,-0.356322
9.544633,-15.945699
6.602320,12.526310
13.080330,-10.997556
10.774878,-0.281781
12.285228,16.622816
9.599061,10.231129
0.650723,-2.879534
-2.762159,0.652956
0.740577,-2.797508
7.235361,-8.741002
-4.086586,-3.899681
8.190704,-3.634095
-2.511163,15.663488
4.857911,1.247174
18.708410,5.582492
-2.816293,4.386359
5.091677,-8.507395
17.280386,5.528932
4.911129,-4.804635
8.834437,8.625906
0.651942,-2.882802
10.051901,3.364774
15.182534,5.528726
-6.238626,-3.959714
14.331322,-4.599035
8.798941,-10.481583
16.668217,-1.557091
-2.805527,4.359582
7.886020,-3.037107
-3.946073,15.302051
13.300068,-2.046613
16.433186,-1.669043
-2.515655,15.660943
7.995793,6.983271
5.424810,-2.584574
10.053372,3.350236
-2.541342,15.631486
7.209698,-8.743754
13.079318,-10.970600
10.814773,-0.323593
7.903634,-3.056327
14.367004,-4.692451
17.024490,-3.900411
13.297145,-2.000443
5.511301,-2.502831
19.537022,-7.621364
19.103861,10.672474
8.308473,-3.153642
20.674629,-0.053358
8.944761,8.728067
12.232509,16.545305
8.724565,-3.369974
18.480732,-5.101491
7.225364,-8.743588
5.186995,-8.955467
8.623387,-3.041639
20.082083,-0.010182
8.802935,-10.465411
12.904504,-1.656540
14.597725,-4.832440
8.360007,-4.050815
10.074099,3.375890
8.951203,-10.326975
-4.906489,5.863624
8.766322,-3.346748
-2.805334,4.369792
10.083518,3.366389
10.024323,3.332666
7.040587,1.147540
8.194634,7.170449
8.964210,8.738950
10.036268,3.375894
5.505078,-2.543802
4.794371,-8.548429
13.274010,-11.101873
6.185504,-0.116171
6.653295,12.473473
13.316144,-2.087969
10.009677,3.391729
5.273933,-2.692039
6.639218,12.485668
-2.778275,4.331488
13.063085,-1.757185
16.609238,10.323279
8.771029,-10.442568
15.176273,5.521277
6.028354,-0.148779
12.229532,16.564716
8.787989,-3.446758
19.196569,-3.198925
9.858636,16.196253
8.982139,8.760077
10.026931,3.432539
8.960601,-3.522929
7.921785,18.007755
6.636116,12.475521
-2.778907,4.351552
2.956711,10.848309
8.624204,-3.127660
8.810280,-10.499651
13.099303,-1.793434
6.100425,-0.218932
6.118626,9.246057
0.470771,-3.643595
8.672928,-3.331418
10.044558,3.361008
15.120294,14.100369
-2.820343,0.591527
9.881892,3.477904
16.850426,-1.716244
-2.083895,-5.893337
6.163312,-0.118710
11.258645,-4.484560
13.213227,-1.921077
8.729601,8.532668
19.207335,-3.156314
17.671785,2.315467
13.153193,-1.788185
8.805109,-10.502179
5.265091,8.437180
9.844696,16.187498
14.198010,9.081923
-4.090130,-3.902582
6.551704,12.551340
6.083301,-0.169444
7.263839,-8.707877
10.098206,3.388222
8.770913,-3.497092
5.512366,-2.559465
6.198452,-0.161310
8.561266,-3.713714
8.526269,-3.867836
8.531668,-3.985703
13.350805,-2.049247
6.625946,12.480216
6.111226,-0.176767
0.467509,-3.654958
7.844728,-3.031420
13.295581,-1.899067
16.905998,-1.824302
6.110866,-0.218008
7.274229,-8.699347
16.390591,0.740681
0.659293,-2.895747
0.655224,-2.876829
13.211919,-1.875319
9.844197,16.190342
5.198322,12.110710
6.139282,-0.196650
-2.858016,4.363436
4.869339,-8.595701
8.153788,7.150271
8.124222,10.509768
6.217983,-0.154767
10.027556,3.353214
4.783746,-8.469227
2.941744,10.844883
8.307989,-4.118700
8.478189,-4.073151
8.962669,8.739535
12.182856,6.569952
6.220785,9.155482
-0.476992,2.105125
16.563971,-2.093756
13.952435,-4.844009
8.528865,-3.983119
13.069603,-2.031613
-1.882613,2.825567
17.331867,5.551183
16.058601,10.708995
13.926401,14.703824
5.320709,-2.847767
8.877906,8.668508
-5.251481,1.482274
8.250013,-3.939784
-1.398295,16.046621
14.200812,9.079614
6.614036,12.519809
13.079361,-10.987478
10.070539,3.384752
2.080336,-14.039791
12.710189,-2.014329
10.024693,3.382052
8.995186,8.774187
17.722198,2.313429
13.281237,-1.996067
8.263083,-3.813237
8.670630,-3.807597
10.066612,3.410053
9.857798,16.190517
18.045383,2.034672
-2.802868,4.366895
8.457973,-3.151238
13.207469,-1.956568
-2.850741,4.420140
13.048296,-2.026586
10.743237,-6.996813
2.972929,10.861460
4.807437,-8.545430
8.959885,8.742546
7.839753,-3.025665
12.934422,-1.657963
-3.997861,-8.331759
9.587031,15.700788
8.776244,-3.411063
-2.817493,4.384562
21.766771,-2.340923
8.008636,-3.357454
4.811876,-8.584981
12.267980,16.571810
6.738307,12.373885
14.245358,-4.627424
15.243083,1.393187
8.329941,-3.882721
10.524644,-6.700046
0.822580,12.347557
-2.766335,4.325305
8.487400,-3.906945
16.447098,10.901654
10.699545,-7.006537
8.972015,8.760563
7.008226,1.111883
6.228012,-0.168731
17.459965,10.719092
6.181884,-0.129245
17.356190,13.217925
19.416479,-3.268495
7.837833,-3.057252
7.252935,-8.717480
-2.762680,4.327245
8.518597,-3.126127
6.157206,-0.208368
0.636880,-2.889143
7.902360,18.000469
7.823791,-3.038841
-2.082583,-5.893754
15.113221,12.440966
17.713949,2.322700
8.836403,-10.453092
13.151004,-2.102886
12.218158,16.520929
6.881924,-11.582509
-2.517472,15.657585
4.853039,1.244807
13.213975,-1.878098
9.052411,-3.568792
13.366873,-2.140359
22.484749,5.015809
5.125029,-7.984341
5.202829,-0.500093
12.905510,-1.650321
-2.805518,4.368534
19.374382,-3.127910
11.472911,17.074936
13.268356,-2.028365
13.264485,0.209117
10.546685,-6.775167
18.513248,-5.069900
4.946342,-8.192270
13.236887,-1.997654
13.265502,-2.022261
14.175432,9.050387
13.322655,-2.076054
13.223626,0.160765
8.323732,-3.438308
6.934562,-11.453123
7.274116,-8.705402
0.605898,-3.003736
7.915760,17.992418
9.848606,16.192043
8.551476,-3.359487
6.218521,9.167156
14.623919,-4.839488
8.466178,-3.117005
7.860126,-3.034488
8.144906,7.131242
22.483564,5.014305
0.487796,-3.626188
7.982430,6.975005
6.990107,2.543134
6.596276,12.512280
12.319259,16.625019
8.017785,-4.039457
13.226047,0.175320
8.799713,-10.426529
6.599168,12.513233
10.821483,-0.567503
7.006885,1.109879
9.997014,3.421715
17.692585,2.336378
14.576574,-4.806711
-0.943833,16.307957
7.009099,1.114061
0.643672,-2.902624
12.902223,-1.799193
13.058419,-10.954881
13.315201,-2.090067
7.890940,17.987349
-2.804365,4.369291
10.009503,3.388122
13.097145,-10.991504
13.240296,-1.876521
0.458416,-3.659453
-2.583333,-0.979209
8.465864,-4.097940
8.044327,-3.903221
8.926852,8.712806
4.923181,-8.316521
5.386043,-2.620287
6.612840,12.518831
8.555758,-3.107234
14.150555,-10.609367
14.157773,-4.487242
12.693392,-1.990207
13.247739,-11.083526
8.459846,-4.064283
8.120061,7.145153
5.508993,-2.523204
9.544641,-15.945847
6.920817,7.968205
8.491076,-3.490922
14.404240,-4.853857
0.837536,12.325871
10.584812,-0.332188
8.824696,-10.510708
7.016746,1.114517
8.795556,-10.486440
8.833141,8.622988
7.973890,6.961603
8.378357,-4.129959
4.927854,-4.816966
8.171673,-3.210521
-2.625495,-1.031845
17.698681,2.323577
10.625912,-6.759212
17.225943,2.067031
-3.667217,8.522989
20.669916,-0.041163
9.545525,-15.946309
3.051144,0.380698
8.235569,-3.803228
16.223604,10.565583
19.142187,12.650221
6.124712,-0.172248
8.784639,-10.446071
8.566063,-3.871294
5.002028,-8.110950
13.309259,-11.149087
-2.805748,0.601150
13.955646,-4.753990
8.162683,-3.989451
13.010712,-2.180743
8.753201,-10.460313
19.385979,-3.257167
-1.905385,2.791760
20.636116,-0.056056
0.484011,-3.629806
5.013205,-8.510062
6.204939,9.156231
18.054316,2.025911
19.248755,-3.177190
-0.468507,2.102831
12.943060,-1.862680
8.015047,-3.855556
13.070158,-10.940383
10.886084,-0.563443
10.832525,-0.355295
5.181621,-8.981235
14.127482,-10.626715
11.238128,-4.503771
13.333782,-2.080107
12.286872,16.605028
-2.518238,15.657954
20.429087,6.973732
13.255172,-1.928829
17.127026,10.460186
4.392314,9.388828
14.982512,14.082155
6.137621,-0.187652
8.205045,-3.813815
15.246908,1.383017
10.658546,-0.655169
8.158227,-3.837554
0.626669,-2.931332
8.622789,-3.555344
-4.458468,3.160054
6.226960,-0.161169
11.713648,9.056293
12.241998,16.581367
9.023288,-10.249340
11.254741,-4.487569
12.288074,16.594435
16.392588,0.739451
12.685765,-2.020070
8.326570,-3.743661
8.010201,-3.793445
5.295702,12.241375
20.075026,-0.005708
6.282442,-0.206836
8.485658,-3.890605
6.700624,12.407440
8.987242,-10.287721
12.882764,-2.072324
8.849346,-10.444973
12.051854,6.665954
13.175357,-2.056037
13.311565,-2.091948
5.099626,-7.816798
5.193964,-8.844248
5.297262,12.225204
-4.331078,3.042310
8.826157,-10.395693
4.778021,-8.434808
5.201101,-0.518269
7.057446,-11.425522
6.222910,9.152225
11.254656,-4.488020
13.326126,-11.151381
1.274404,11.742197
6.214134,-0.147017
8.869317,-3.485472
7.001733,1.122150
10.071706,3.390515
14.185631,9.081784
10.521304,-0.288533
14.190947,9.080832
12.321611,16.613071
-0.484260,2.098620
2.993408,2.821813
8.826539,-3.508214
14.512699,-4.756233
0.646233,-2.878031
5.166002,-8.556124
18.668861,13.155287
13.180004,-1.945467
5.205203,-8.871295
7.847967,-3.021882
-4.024974,-8.354866
16.131760,14.298391
20.116997,8.121390
6.180945,-0.148964
14.618508,-4.848817
16.307585,11.034859
8.018728,-3.376199
5.508797,-2.509690
12.568203,17.079000
7.064154,2.453038
13.139655,-2.162120
6.203006,-0.154778
6.901223,2.440069
13.270658,-1.994930
14.255513,-4.880259
13.119931,-1.842212
-1.903842,2.811520
5.328666,-2.556354
12.911913,-1.646481
10.094182,3.401510
7.888364,16.397047
5.181266,-0.505979
17.054464,7.075629
10.037478,3.534701
-4.040744,-8.372101
6.172189,-0.122966
12.916142,-1.631978
7.996173,-3.395723
0.650853,-2.875384
19.230253,-3.175046
16.450922,-1.813118
-2.618911,-1.014265
20.695244,-0.061195
5.349025,-2.590573
15.072987,14.052996
12.302777,6.678542
14.912706,-0.085430
18.044359,2.035442
5.290233,-8.740187
8.270049,-3.801460
-2.576770,-0.973261
13.332529,-2.095037
12.947502,-1.605498
9.888253,3.477070
11.718960,9.053346
8.953011,8.736479
6.198903,-0.102209
8.750995,-3.343351
4.924863,-4.818336
7.840515,-3.037954
10.644783,-0.462594
12.336138,7.975142
10.810413,-0.386577
6.954759,-11.535439
0.640113,-2.965144
8.547463,-3.947223
12.236875,16.552313
0.633367,-2.863881
10.532838,-6.701183
6.167887,-0.126741
5.201779,12.100376
8.804486,-10.499623
13.199039,0.144292
7.903432,-3.094326
-0.495503,2.086837
5.530148,-2.500381
7.008461,-11.365898
8.524475,-3.789463
6.904433,-11.544470
13.073375,-10.965168
-0.466835,2.100702
5.189505,-8.899027
16.600416,11.493056
7.863072,-3.126164
5.190932,-8.947194
8.946301,8.725192
-2.592905,-0.991564
12.927657,-1.628127
16.986914,-3.870466
10.021479,3.365743
12.919703,-1.619565
7.849970,-3.059209
3.903810,-3.961385
5.513378,-2.514836
14.547046,-4.976422
14.609246,-4.829582
8.992748,8.768740
5.206066,-8.889480
8.044983,-3.414385
17.710089,2.315597
5.471613,-2.802395
8.596509,-3.083514
6.182261,-0.135409
11.301003,-4.444198
5.254757,-8.813096
8.470074,-3.978200
8.342023,-4.073149
-3.661431,8.523760
7.919864,17.995346
8.628092,-3.103144
6.114148,9.246028
-1.244598,16.150936
13.258359,-11.098846
5.523833,-2.589793
6.613087,12.477686
-2.600202,-0.999911
8.615748,-3.306147
14.196200,-4.540219
8.844334,-10.444842
13.803881,-4.903933
12.220656,16.529510
6.135081,-0.132819
12.178350,6.565948
-3.111866,8.465660
10.520711,-0.275352
10.847277,-0.290163
17.361073,13.223213
12.245070,16.558617
5.534310,-2.454159
10.488178,-15.765041
11.261038,-4.481569
6.170188,-0.223034
-1.860437,2.853151
19.431231,-3.394867
6.166120,-0.142730
-2.611857,-1.019399
7.909602,18.002554
5.086770,-7.856227
12.670561,-2.055335
12.993930,-2.291201
8.915633,-3.614491
10.589733,-7.107969
15.061447,14.045417
-5.291787,1.460363
7.980037,-4.020058
12.309242,16.597607
9.019450,-10.253908
19.267519,-3.272736
8.218915,-3.979802
9.052427,-10.218629
10.015080,3.359278
8.145905,-3.235052
15.089172,14.021309
4.776710,-8.385776
6.129965,-0.144587
19.218014,-3.199492
16.208218,10.557710
12.971720,-1.577747
7.148639,-11.480497
14.324057,9.313884
17.696589,2.324714
8.157452,7.153399
13.820146,-4.883775
5.177621,-8.938598
8.819244,-10.464195
8.138133,-3.836952
5.529943,-2.614935
19.201366,-3.186299
-3.909805,7.994828
15.077278,14.045280
8.622818,-3.096363
1.262657,11.755987
13.911627,14.719151
8.243109,-3.911163
5.162350,-7.777152
6.156231,-0.086312
0.455893,-3.665623
9.019765,-10.253820
13.012043,-1.755099
17.914648,-5.752615
5.510388,-2.503016
15.185842,5.530371
-5.306092,1.426454
13.177732,-2.093093
7.837152,-3.057558
-4.289347,2.972714
7.256782,-8.717714
9.857944,16.197916
8.610818,-3.090595
5.483065,-2.476261
8.558687,-3.893597
-3.655791,8.523078
-4.453432,3.159353
9.000120,8.778378
7.995433,-3.999774
17.358948,13.223838
5.424724,-2.812294
8.898556,8.676423
8.968566,8.755681
13.273099,-1.976413
13.059316,-10.955679
7.881511,-3.008676
16.564852,-2.087329
2.070183,-14.038435
-2.828390,4.393768
20.633644,-0.057230
13.200541,-1.869383
8.840874,8.633409
7.045874,-11.441042
0.476710,-3.643659
13.842873,-4.930787
9.548779,-15.940015
8.123266,-3.567088
2.958029,10.883537
8.970827,8.751225
6.665448,12.467197
12.187822,17.414042
14.387926,-4.839963
-5.269958,1.464113
3.930993,-4.003879
-2.761809,4.327863
8.155035,-4.032845
0.476883,-3.640960
5.280065,-2.701658
20.086405,-0.012555
5.498342,-2.495619
8.727014,-10.560562
-1.731363,-9.442326
8.728599,-3.599931
14.141435,-4.461795
0.613785,-2.919403
8.859625,8.644217
5.294684,-2.818971
5.439676,-2.797523
9.857944,16.190189
13.904449,-4.830340
10.739527,-7.044312
4.979322,-8.163702
11.217286,-4.520462
13.309806,-2.061530
13.254239,0.200938
5.301132,12.248627
6.182629,-0.131442
13.915274,14.708698
14.040730,-4.697156
16.559248,-2.107579
12.026572,6.666295
8.135952,7.131008
8.330121,4.747012
5.081265,-7.814945
9.982275,3.246476
20.670786,-0.039957
8.188083,7.169659
9.856884,16.198053
4.928973,-4.807203
5.452708,-2.802046
8.950335,-10.324628
6.211171,-0.132123
6.721522,12.401054
8.903182,-10.358295
5.409011,-2.751287
13.066351,-1.811330
6.231748,-0.212430
8.243890,-3.962538
8.660604,-3.851133
12.784039,-1.916619
12.914938,-1.869748
6.594422,12.515899
20.083652,-0.012241
13.187395,10.078696
0.668626,-2.891588
12.303736,16.607527
12.837715,9.802317
5.232239,-0.488896
9.050662,-10.223190
6.212409,9.162598
8.224433,-3.836707
5.002607,-8.156948
13.831825,-4.891068
12.955757,-1.815619
5.479892,-2.787262
5.182738,-0.585214
8.237082,-4.092767
5.254299,12.174818
-0.475328,2.097031
1.179949,4.468824
9.899523,3.457432
10.477802,-15.772880
0.629412,-2.903385
14.698293,0.141528
17.695269,2.320587
8.700947,-3.238955
8.069958,-3.180180
13.072677,-10.974339
16.142258,14.303016
7.847875,-3.023379
7.070600,14.136641
6.115388,-0.093362
13.207786,0.150764
10.816231,-0.288481
-1.414649,16.032059
6.908323,-11.560541
5.162785,-8.922294
12.275066,16.579407
5.277952,-2.761994
8.616807,-3.081856
8.286828,4.782843
8.727078,-3.385919
1.180590,4.467211
14.618014,-4.841265
19.226360,-3.184597
13.150326,-1.929507
19.209734,-3.189654
-2.595404,-0.995361
3.070568,0.358718
12.822297,-1.998358
16.581133,10.289399
9.535161,-15.952944
19.216326,-3.163121
5.139085,-8.948617
12.775585,-2.025742
10.539104,-0.251649
9.850328,16.184910
1.265368,11.752161
5.103432,-7.862129
-2.862810,4.404692
19.425314,-3.220215
16.625704,-1.634825
8.775617,-10.523839
13.104946,-10.971547
15.814826,-3.580005
7.925060,18.013226
8.047431,-4.003493
17.051802,7.096885
19.227171,-3.189701
14.986985,14.096419
17.048466,7.073299
8.058483,-3.165272
6.174915,-0.104627
13.086998,-10.983579
14.193909,9.082940
6.118338,9.242903
4.880435,-4.756564
0.651332,-2.890704
14.630944,-4.853625
6.915439,-11.601422
14.196955,-10.564769
14.849181,-0.038877
4.949878,17.594364
8.507838,-3.928719
12.956440,-1.655957
8.091196,-3.072468
16.390921,0.740544
5.072971,-8.684139
13.252056,0.201192
13.091327,-10.971038
15.059381,14.044702
10.560796,-0.287630
12.672476,-2.034724
14.619624,-4.826212
9.946404,3.436716
8.477200,-4.061926
-4.169850,-3.960912
0.822666,12.348403
9.851816,16.192081
5.516644,-2.468580
7.825462,-2.996205
8.665916,-3.332864
10.795934,-0.300446
5.146162,4.643398
-0.950443,16.303865
8.298344,-3.260728
7.937986,-4.052042
8.162148,-3.860542
17.706783,2.303575
16.622583,-2.034196
19.368391,-3.309641
13.903005,-4.997889
-3.639198,8.507181
19.205610,-3.111039
-1.899837,2.795184
-5.256733,1.488721
12.336415,16.613848
7.993428,-3.226830
12.923376,-1.572555
8.029228,-3.128526
5.185269,-8.961905
5.490762,-2.422354
5.011131,-8.653631
8.068137,-3.397531
-2.780960,4.347687
18.659943,13.167677
14.925872,-0.111731
7.850623,-3.030800
13.060932,-10.957481
8.867567,-3.543855
16.699650,-1.582832
17.051943,7.078629
4.931153,-4.823813
19.199615,-3.184666
-4.092232,-3.904409
13.099192,-10.999640
8.208179,-3.220054
19.310226,-3.299422
8.821151,-10.485387
-2.827287,0.582760
-1.122080,5.615382
7.824686,-3.003027
8.244339,-3.433076
-1.402451,16.044363
13.306165,-2.054244
13.235978,-1.949621
7.894418,-3.018874
10.258585,-3.098635
9.586958,13.298292
22.462608,4.994792
10.145941,6.924323
9.684105,13.186046
6.153335,-0.093521
5.424818,-2.760183
14.896764,-0.093670
5.398596,-2.579809
12.658918,-1.956154
6.181155,-0.151878
10.515667,-0.267351
6.582613,12.551529
8.141110,-3.882256
16.834002,-1.531997
5.328714,-2.639364
-1.897012,2.813708
-3.664424,8.518552
7.842134,-3.017716
5.501079,-2.423015
5.339860,-2.631657
20.676178,-0.047143
7.839677,-3.031366
4.912130,-8.434499
8.202493,7.120987
14.164700,-10.594753
6.547125,12.591620
6.176818,-0.116466
13.095666,-10.980209
8.092400,-3.381429
12.867743,-2.102808
8.131786,-3.192238
-2.803789,4.368852
6.246077,-0.179748
8.831879,-10.437500
5.130560,-8.989017
6.987181,2.544099
-4.865995,5.941143
-4.008903,-8.340364
7.256451,-8.719039
16.389320,0.741066
19.221952,-3.169654
10.041404,3.396531
19.346983,-3.273007
7.856514,-3.023466
14.244761,-4.605282
5.145517,-7.767056
5.401968,-2.722758
5.405979,-2.607495
4.803073,-8.517274
13.947665,-4.716303
5.311726,-2.595078
8.842658,-10.424301
-2.830738,4.407008
7.249648,-8.724016
16.512936,10.389991
5.270555,8.435204
16.588890,-2.057099
11.262506,-4.479133
13.255429,-11.097507
9.940199,3.474311
20.662254,-0.038533
9.898552,3.462985
6.233029,-0.162744
8.774778,-3.437876
4.883874,17.711712
-0.492972,2.094238
17.020178,7.108576
13.196719,0.141455
12.883285,-1.630132
7.824262,-3.032983
19.312729,-3.228489
5.544344,-2.590090
17.055248,-3.938057
12.848072,-2.004458
12.314102,16.601545
6.989928,2.547396
5.199830,-8.943855
-1.897670,2.818432
5.483432,-2.435873
8.785394,-10.521070
4.928455,-4.781151
5.510986,-2.508627
0.442319,9.320861
6.156567,-0.228754
9.935139,3.438802
11.260439,-4.479976
8.217087,-3.205868
4.940207,-8.347331
5.304205,-8.744628
12.702380,-1.939284
14.119585,-10.638453
0.397833,-7.646039
9.056307,-3.578338
19.220583,-3.166491
8.027173,-4.129389
6.651277,12.455336
5.436110,-2.790323
17.862213,-5.812240
9.853559,16.196157
12.645565,-2.042414
8.114309,10.527203
11.276085,-4.457906
0.657124,-2.886940
5.090476,-8.610731
9.859000,16.191956
16.581053,-2.060350
-3.668919,8.521983
5.519092,-2.518667
8.225993,-3.238006
13.057188,-10.959818
13.087044,-10.968240
10.868086,-0.676917
8.126708,-3.231146
7.259796,-8.718204
8.999609,-10.273493
13.768004,-4.892880
7.917550,18.007605
13.265481,-11.103010
10.078579,3.434130
12.322911,16.630451
6.061766,-0.245853
2.999118,2.812981
8.587229,-4.004393
8.712969,-3.253522
15.097755,14.027371
0.384529,-7.646472
12.237137,16.543558
7.990590,-3.095767
13.035573,-1.846499
13.179250,-11.030763
7.845099,-3.002341
13.015497,-10.998487
6.204151,-0.144902
8.562155,-3.941498
19.301350,-3.196064
0.485099,-7.592173
19.271536,-3.250771
7.905574,18.016012
5.279227,-2.792193
17.049112,7.084435
6.626591,12.494331
8.384959,-3.834121
5.137228,-7.887456
4.780385,-8.521499
5.464139,-2.815123
6.046652,-0.227787
7.993379,-4.025972
6.652554,12.455687
9.696385,13.173110
0.639387,-2.930989
6.216609,9.158168
15.245609,1.384906
5.103974,-7.951304
5.206234,-0.496436
6.127728,-0.173549
10.670275,-0.698734
4.904409,-4.790293
10.931998,-0.565417
17.356863,13.223086
-3.659739,8.531566
8.541704,-3.885514
16.494055,-1.718562
5.088147,-7.828103
16.597345,-1.894792
8.029017,-3.361230
13.974634,-4.774902
13.899390,-4.802034
8.282788,-3.823230
8.363029,-3.812647
0.623187,-2.904713
9.843588,16.192039
12.330809,16.628677
9.532360,-15.952579
5.420707,-2.720938
8.843043,-10.402135
7.952629,18.027502
8.995305,-10.254944
9.870224,3.481814
0.394045,-7.667129
13.818950,-4.852734
6.988056,2.547611
8.127772,7.203996
13.201796,-11.027678
6.268214,-0.158608
8.258482,-3.849369
8.269867,-4.066308
8.991629,-10.283906
11.247986,-4.489053
-5.279850,1.449611
12.309632,16.597141
7.991155,-3.890254
12.286559,16.566887
-1.440147,16.007307
12.277856,16.570303
14.889665,-0.066471
12.310897,16.594810
8.904841,-10.354567
5.067227,-8.112347
19.385826,-3.270128
13.333347,-11.160830
15.181219,5.526073
9.040460,-10.231606
12.329741,16.575827
12.182783,6.576150
19.366793,-3.328546
12.543094,17.071800
12.856169,-1.952814
-2.824947,4.393503
-2.772813,4.325705
7.972232,-4.039956
19.352650,-3.304587
-3.988374,-6.115546
9.017437,-10.254237
5.430213,-2.634973
0.861686,12.302586
7.956544,-4.071388
0.636703,-2.923020
5.509928,-2.555269
8.369189,-4.148362
7.917938,18.010996
6.249200,-0.189529
8.003864,-4.055316
13.154076,-1.947978
12.691373,-1.956955
18.704657,13.117835
10.578242,-0.306704
7.299209,-8.685764
8.612506,-3.147230
5.334032,-8.841577
9.544624,-15.943286
-3.679506,8.503702
0.660814,-2.878865
8.133585,15.539688
7.866846,-3.183045
8.720082,-3.326638
13.177193,-1.957941
5.197072,-0.509214
8.601926,-3.102925
7.269275,-8.708260
9.980885,3.432451
2.080521,-14.033598
8.474399,-3.925830
4.892087,-4.781763
8.405161,-3.543642
7.271189,-8.702855
14.314064,9.317782
-2.514408,15.661132
8.613626,-3.877092
8.722827,-10.489037
-5.246511,1.502160
7.790802,-3.164393
8.559431,-3.128610
12.696688,-1.968581
12.320966,16.606047
14.844136,-0.022086
5.530449,-2.526178
8.619120,-3.138629
8.092658,-3.826961
8.899227,8.679959
6.175261,-0.167147
13.285726,-2.142215
15.063013,14.052112
20.064627,8.070701
8.156525,7.155039
-2.735504,4.302187
12.878872,-1.682670
1.263429,11.755373
11.275766,-4.466218
16.867527,-1.828881
8.135434,15.533577
12.972467,-2.294942
5.458262,-2.993076
13.244680,-1.988893
8.846815,-10.430699
19.163319,-3.283086
-5.301201,1.454117
15.246965,1.383926
8.971887,8.754539
10.916641,-0.506600
5.319698,-8.890202
12.866890,-1.961122
6.236185,-0.181657
10.885565,-0.593086
5.192974,-0.515640
11.093342,5.442799
7.234968,-8.744184
9.022358,-10.251652
5.341013,-8.803592
5.529852,-2.550597
-4.091516,-3.905633
8.851843,-10.434713
5.241219,-8.874654
5.145578,-7.801831
-2.774600,4.341086
7.784047,-3.226950
-0.950867,16.304605
15.240420,1.395162
8.234995,-3.847973
5.282849,8.448043
13.087116,-2.277076
14.098871,-10.655379
13.840926,-4.995795
9.608603,10.237333
16.416819,-1.672256
5.397440,-2.621904
19.207804,-3.197762
13.112004,-10.985081
12.302235,16.610334
13.096463,-10.989358
13.315609,-11.157973
-3.650112,8.511578
5.122556,-8.634830
16.850588,-1.561436
6.612752,12.510827
9.049096,-10.224154
5.340397,-8.855736
13.136448,-11.024490
13.910837,-4.740652
12.982265,-2.045629
5.424526,-2.574505
5.304499,-8.774678
16.289625,11.033839
0.656276,-2.873369
8.846344,-10.429540
16.813438,-1.584866
10.646109,-0.328532
12.911089,-1.800242
17.735428,2.339024
6.219098,9.155412
4.842673,-8.485163
0.650165,-2.895451
6.615144,12.518048
8.637900,-3.098090
14.215544,9.096763
-1.245168,16.147957
0.659180,-2.874138
6.213771,-0.168653
7.872726,-3.260737
5.539618,-2.586861
16.826036,-1.571529
12.181877,17.420094
8.961740,8.748822
-0.945657,16.305988
8.837090,-10.435272
13.019916,-1.862596
7.038765,1.142604
5.539400,-2.547961
7.778880,-3.182347
12.922871,-1.733737
7.984137,-3.360014
7.825164,-3.176730
10.018131,3.382692
10.795984,-0.321123
4.775904,-8.429534
12.286664,16.597250
17.353674,13.213613
13.111821,-10.981839
12.856562,-1.666686
11.267104,-4.472763
-3.667130,8.501337
4.928447,-8.493055
8.982661,8.761042
4.976907,-8.104404
-4.911144,5.933601
6.134695,-0.228840
9.030795,-10.242359
6.249255,-0.181284
9.040234,-10.228939
12.311254,16.601107
7.051722,2.481257
19.384541,-3.389537
8.246000,-3.798267
1.177712,4.465108
8.030902,-4.001134
8.147257,7.169487
14.194196,9.099379
-5.185366,1.557501
14.872876,-0.059394
7.912582,18.005997
15.159642,5.514233
7.965827,-4.017814
6.206076,-0.158050
9.587158,15.699349
5.368840,-7.869681
14.234263,9.128749
0.654726,-2.881656
5.121764,-8.535887
13.793918,-4.900584
6.999534,2.561380
17.088808,14.373715
0.482559,-3.633590
9.034794,-10.239199
6.255757,-0.182263
12.252242,16.552280
17.038893,-3.924069
8.891126,8.674928
13.112603,-11.008555
8.489800,-3.501600
5.286443,-8.844008
-2.734541,4.301773
0.654650,-2.872944
8.662333,-3.089059
5.315451,10.075660
6.580264,12.523346
8.135647,7.123871
5.281463,-8.870608
6.627470,12.474979
8.186888,-3.857841
-2.201998,-5.893055
6.596326,12.518312
10.864996,-0.518686
0.713983,-2.849669
14.660029,0.163944
5.168882,-7.764829
13.217255,0.162420
8.095950,-3.875462
19.409405,-3.384195
17.038284,-3.927135
-2.621826,-1.019102
-3.647005,8.487721
6.227585,-0.168475
8.979653,-10.290381
15.235123,1.396157
7.557781,17.094553
12.800356,-1.897947
16.058702,10.715755
5.068147,-8.093384
16.257553,10.572328
10.333913,-3.026521
13.738016,-4.896507
8.029357,-3.867169
2.941388,10.852894
7.961129,-4.038216
7.023172,1.085353
8.835125,8.615414
0.648004,-2.883649
6.264602,-0.192041
5.046224,-8.002117
8.189165,-3.438792
13.132802,-1.903882
9.855764,16.194370
10.836109,-0.676405
13.213271,0.160584
16.515823,10.391831
13.068406,-10.945194
8.408529,-3.096550
14.202991,-10.558139
-4.284533,2.982677
12.762692,-1.923243
9.101879,-10.169668
14.293680,-5.084194
-3.900926,8.016711
2.042500,-14.013361
8.123744,-3.823747
14.852909,-0.040564
-4.018341,-8.385247
6.233808,-0.183291
5.277435,-2.722486
19.103455,10.673103
8.015843,-3.879763
13.099742,-10.971957
6.254367,-0.178155
10.044478,3.322273
7.893471,17.998804
13.826277,-4.901398
5.348359,-2.694709
5.199370,-8.093694
13.345205,-11.177593
13.274358,-11.092776
13.847479,-4.889395
17.027872,7.091806
-2.616783,-1.015468
17.025351,-3.907757
8.313345,-3.803750
4.080217,2.243139
6.610265,12.500278
8.634764,-3.836496
4.747869,-8.440881
13.284545,-11.127872
-0.739627,13.911625
12.932003,-2.355967
8.716463,8.521151
6.217283,-0.165360
9.048903,-10.225469
8.268264,-4.119078
-1.900708,2.814335
8.772832,-10.442564
8.311882,-4.148065
1.889428,-0.827701
12.180547,6.577208
-1.404273,16.044102
8.018435,-3.908579
4.903095,-4.794698
-2.804568,4.382577
8.271928,-3.758993
5.268831,8.440767
6.651709,12.511356
13.000710,-1.942900
5.310688,-2.801430
8.876688,8.656536
9.540221,-15.944852
7.053903,2.472703
17.714540,2.325031
4.811705,16.211832
19.249119,-3.267675
4.866810,-8.494545
0.437480,9.314970
8.022872,-3.918491
0.658753,-2.874804
14.907815,-0.097275
8.802498,-10.516962
8.869641,8.653054
7.231773,-8.742132
6.264108,-0.189908
13.889031,-4.865262
16.509241,-1.623038
0.458017,-7.587718
-2.502414,15.668631
5.279513,-2.706058
8.500436,-4.034014
9.045661,-10.209074
13.293861,-11.088023
-1.413006,16.034418
13.253866,-2.049283
5.251030,-8.915787
8.370543,-3.540713
19.269260,-3.130088
10.857548,-0.587522
-2.328834,6.122000
5.341586,-8.826068
7.907270,16.373083
0.605385,-2.950890
12.696244,-2.034489
17.068575,7.074092
-2.739232,4.308472
8.430236,-4.159230
8.831614,8.614538
22.480625,5.011254
8.927975,8.710487
12.865248,-1.707445
14.909572,-0.087476
7.787490,-3.134982
19.178762,-3.188663
10.064300,3.363393
7.737880,-3.220009
12.852269,-1.706997
6.122350,9.250060
-1.898984,2.812624
-6.336063,-3.871872
0.657503,-2.870699
8.748654,-3.334227
-2.737315,4.304951
5.004267,-8.558340
13.244146,0.192200
0.404481,-7.656777
7.777004,-3.188134
17.709335,2.323091
5.331166,-8.876906
6.229236,-0.191507
16.570011,-1.562225
13.209782,0.161988
-2.733706,4.300424
17.096798,14.357519
-2.613116,-1.009865
8.782571,-10.443937
9.976195,3.393507
12.319723,16.606655
7.897789,17.996735
5.331315,-8.905968
20.699673,-0.068851
7.811822,-3.132128
7.791248,-3.147982
8.837157,-3.444961
7.894151,17.988255
8.009284,-3.994203
-5.287033,1.458313
16.189852,10.501296
16.859501,6.798176
8.124652,7.163552
8.829446,8.612388
-2.735108,4.290329
13.229951,0.175265
16.821646,-1.584065
14.724258,0.104686
5.191698,-7.800035
12.259850,16.566158
19.363272,-2.948730
5.352996,-8.854277
8.583957,-3.141622
10.906279,-0.498720
-1.411119,16.037100
5.324412,-8.828822
5.339198,-8.891115
12.929787,-1.764197
7.998451,-4.218302
14.869514,-0.045825
8.821160,-10.444744
5.353329,-8.807976
15.249449,1.388063
5.503030,-2.567594
16.629974,-1.589868
5.605457,8.689590
9.857028,16.199295
8.153324,7.150717
15.241471,1.400449
14.865849,-0.045367
18.469957,-5.114464
11.273705,-4.465724
16.605007,-1.597949
16.719227,-1.800719
8.833228,-3.461793
14.160395,-4.502168
5.504257,-2.536610
5.096706,-7.823676
16.604267,10.304597
14.188789,-10.570647
14.197581,-10.565012
5.415778,-3.067069
1.185988,4.472783
14.352032,-4.708870
20.077925,-0.012979
-2.817669,4.395699
-2.743171,4.302380
0.455401,-7.596546
10.233483,6.834165
7.174169,-11.464276
-0.522280,2.154261
7.985199,-4.076708
8.214515,-3.842680
10.032834,3.339148
5.298245,-8.742998
5.544429,-2.520602
10.108274,3.273033
-4.137576,-3.936302
5.421810,-2.615425
13.212041,0.160727
-1.899728,2.821202
16.648537,-1.622692
5.307967,-8.900416
8.603386,-3.146094
11.260353,-4.483299
16.206085,10.535804
5.508313,-2.553534
10.230735,6.835828
16.834192,-1.595737
5.363067,-8.903105
8.355531,-3.534021
8.150895,7.160285
13.106905,-10.976373
12.870976,-1.889807
12.823246,-1.998313
16.596218,-1.643346
8.787048,-3.377416
14.190525,-4.509939
8.841630,-10.447817
9.570664,15.703731
7.863153,-3.193890
8.500398,-4.107242
6.987715,-11.470169
20.685188,-0.058093
17.342442,13.201341
5.146441,-7.848590
9.181638,5.631471
8.148716,-3.853594
7.811165,-3.132114
17.035658,-3.920612
-2.837331,4.408609
4.891885,-4.782187
5.132983,-7.817617
6.939517,-11.546945
8.723723,-3.142526
17.675301,2.308802
7.013771,1.111925
13.281572,-1.956653
10.646837,-7.048772
13.113618,-10.964556
5.132805,-7.848841
3.934258,-4.005930
16.997469,7.119646
-2.832069,4.397567
14.867886,-0.045931
14.368398,-4.617453
12.228296,16.534502
12.241715,16.547335
-5.187350,1.555891
2.046986,-14.009886
10.791812,-0.341700
8.888457,8.668180
0.418644,-3.703291
8.443179,-4.131969
13.305093,-11.137819
6.232443,-0.151782
6.179958,-0.191903
17.731426,2.314952
12.976329,-2.303526
14.079221,-5.084042
12.305495,16.592421
5.145452,-7.830742
9.895027,3.528652
12.962414,-2.212583
6.305560,-0.147489
8.513367,-3.774442
8.437954,-3.796647
15.184689,5.530041
17.702444,2.330165
0.655970,-2.919259
9.026912,-10.247836
16.197504,10.523223
8.694546,5.617375
12.975647,-1.811662
-5.296086,1.458294
16.878138,-1.749273
-3.656939,8.517687
14.433859,-4.968832
8.705568,-3.330264
13.846704,-4.913672
9.874636,3.544087
16.200401,10.551946
8.401121,-4.149162
6.217789,-0.164480
7.989561,-4.018917
9.599585,10.229193
-3.988621,-8.321637
16.605062,-2.026869
9.054755,-10.220089
19.158569,-3.217919
10.510730,-6.723202
7.989202,-3.289771
-5.237238,1.499173
8.722426,-10.481935
5.290679,8.456472
7.963088,-3.995393
8.011011,-4.120021
9.883546,3.492026
5.160396,-7.862555
4.973564,-8.131097
5.316708,8.484519
8.894437,8.683105
13.081712,-10.970740
19.184162,-3.232522
8.429278,-4.140651
14.184059,-10.574452
0.827613,12.338651
19.409130,-3.257581
8.459368,-4.166434
10.238989,6.830328
14.062696,-4.675247
8.793644,-10.428845
8.217369,-3.804465
-3.647908,8.513190
4.983874,-8.140896
13.212832,0.149104
12.815514,9.804048
13.234034,-11.068167
-2.758148,4.325387
5.230241,-7.977108
16.603178,-1.574774
14.125051,-5.135839
6.542680,12.539235
14.192932,-5.205325
8.418350,-4.161951
16.601309,-2.032395
-4.075324,-3.888756
13.294543,-11.122525
4.759904,-8.440695
4.888491,-8.345614
5.211381,-0.498493
9.961040,3.357926
9.024279,-10.247172
13.213536,0.162691
16.673174,-1.976517
10.605993,-0.471596
12.810511,-1.966846
8.169086,-3.831475
8.961483,8.793709
11.716623,9.055809
8.009854,-3.828502
8.730842,-10.467478
8.770682,-10.446689
8.502383,-3.400718
3.931947,-4.004260
6.091024,9.270780
5.016490,-8.068634
13.283193,-11.119877
1.885341,-0.829074
5.232671,-7.802647
13.296646,-11.149609
5.066940,-7.859489
-2.787065,4.349572
6.554676,12.545668
-0.484048,2.113320
13.055747,-2.247543
5.301951,-2.769207
-2.783651,4.345851
-4.541442,3.241405
14.973495,-0.175181
7.941895,-3.838672
10.601993,-7.026988
0.144589,6.597595
15.186239,5.530130
8.251534,-3.800080
13.884171,-4.930418
12.669643,-2.025471
6.586104,12.521829
11.200643,-4.528089
8.414200,-3.865428
8.730904,-10.475938
4.849726,-8.381548
8.894808,8.671091
5.109303,-7.984575
11.718832,9.053744
17.025436,-3.910784
12.677940,-1.998960
-5.243168,1.508891
5.153791,-7.835197
17.047993,7.080082
0.815084,12.360450
16.873331,-1.843124
16.578678,-2.068913
14.194136,9.083510
8.968417,-10.305253
17.036270,-3.930176
12.891444,-2.103487
12.281320,6.664548
-1.867909,2.846363
9.600756,10.231728
14.648128,-4.841468
15.065620,14.053524
12.238621,16.543953
12.851178,-1.710116
12.253957,16.591383
12.246645,16.558086
12.224100,16.535070
10.880020,-0.363603
5.402963,-2.628472
-2.806797,4.373847
8.889959,-10.394635
13.199952,0.143055
-3.662247,8.515026
8.684396,-3.375528
10.923542,-0.519088
12.237299,16.544241
14.857321,-0.042622
12.268303,16.571127
8.857427,-10.428832
5.370984,-2.627474
6.605922,12.517136
14.232625,-5.046005
10.491147,-0.251978
14.617074,-4.848426
8.899281,-10.400083
13.157201,-1.774204
16.599611,11.483109
14.190181,9.076031
3.574574,12.999913
12.242392,16.550617
-2.792053,4.357989
8.130929,7.124883
17.011244,-3.890598
-0.484674,2.102030
11.236970,-4.499009
9.984239,3.400031
18.130039,9.144776
4.340395,8.471941
12.266999,16.546038
5.280919,-8.835499
-2.335036,6.116071
13.201412,-1.951203
12.972652,-1.802970
9.086759,-3.591836
-5.238103,1.505417
-2.767394,4.313498
8.157989,7.139693
3.566378,13.001426
5.196583,-0.513065
6.241103,-0.161257
14.198901,9.087823
8.349458,-4.220055
8.924371,16.359325
14.368408,-4.612052
20.076471,-0.010685
8.873852,-10.405614
11.275213,-4.462824
5.400221,-2.627512
11.714462,9.055223
17.036652,7.060183
11.271379,-4.466638
5.268533,8.428862
14.229087,9.097965
6.574186,12.546087
0.489077,-3.627834
16.637072,-1.628831
7.786961,-3.157238
11.706089,9.065133
19.353739,-3.351400
8.274716,-3.821351
5.231494,8.394245
4.961542,-4.846546
12.908976,-2.132289
18.481155,-5.101042
9.577831,15.693208
8.784616,-3.383348
7.974824,-4.044835
16.619478,10.282412
7.989384,-3.289464
17.726007,2.340091
-2.852211,4.423073
8.838663,-10.456606
5.418624,-2.616612
0.593720,-2.872926
14.169724,-10.587187
10.567049,-0.296220
13.292998,-2.112232
1.889042,-0.823702
6.170513,-0.150591
14.875715,-0.052825
8.151186,-3.246777
10.049542,3.369972
9.541991,-15.944133
13.174018,-11.017418
11.274367,-4.466943
0.657662,-2.911584
8.834548,-10.459463
-2.844586,4.419521
5.317906,-8.876536
8.278409,-3.407404
-1.396329,16.051556
12.647751,-2.012420
22.465586,4.997512
6.117018,-0.185295
15.239446,1.397501
14.961234,-0.158253
7.229546,-8.753192
14.202690,-10.559850
5.388190,-2.614812
8.799795,-10.467201
14.893504,-0.076151
17.713196,2.313285
8.547024,-3.102448
0.831749,12.333252
5.286431,8.453384
19.183847,-3.191044
-4.297173,2.993723
11.278424,-4.464067
5.499968,-2.563261
13.273604,-2.019881
10.841970,-0.621687
8.142563,7.162964
12.877432,-2.170142
0.659200,-2.912113
8.220779,-3.837586
16.582535,-2.100678
5.475224,-2.892004
9.063848,-10.209634
5.234505,-0.526892
12.948096,-2.101760
0.440922,-3.681105
5.163716,-7.859159
14.852750,-0.039570
8.269562,-3.803416
14.123902,-10.636083
9.536242,-15.945401
12.692199,-2.036765
13.873714,-4.932556
12.894334,-2.180666
1.882537,-0.826284
6.994577,2.542502
9.929060,3.466939
16.566442,-1.793898
7.206971,-11.472042
6.593915,12.519833
7.798537,-3.154524
-5.295506,1.457999
15.817113,-3.576809
17.072882,7.060463
6.633599,12.458306
8.386941,-3.921747
8.799150,-10.471227
-1.679558,7.511330
8.809123,8.595726
-2.760943,4.323949
12.606318,-2.336178
13.266870,-11.099942
12.031499,6.665747
-5.229790,1.518751
-5.250225,1.503363
12.697948,-1.982162
4.944280,-8.199567
13.160555,-11.008334
0.707588,-2.852882
4.838086,-8.449154
8.258436,-3.803408
-2.836956,4.412355
12.913444,-1.664355
5.082107,-7.966023
8.508067,-3.389788
5.337059,-8.850793
5.133868,-8.534335
12.232910,16.539907
3.933645,-4.004986
13.954710,14.679024
8.461414,-3.292811
9.546820,-15.933016
22.461573,4.993082
5.270339,-2.709093
-2.794005,4.379521
8.696586,-10.581512
12.233669,16.540508
-2.286403,6.075632
11.277194,-4.499016
7.291743,-8.676415
8.011286,-3.333205
12.981759,-1.814568
15.087438,14.008023
0.635561,-2.907877
19.313387,-3.234658
8.244788,-3.607379
0.644917,-2.890471
7.870666,-3.053343
-2.753814,4.329464
14.227118,-10.531773
7.984125,-4.016158
5.496223,-2.570447
8.047041,-3.349396
12.755970,-1.887323
8.151599,7.173721
4.331180,8.473748
13.197909,-11.030557
8.303756,-4.164515
16.565865,-2.118684
13.299577,-2.039702
-4.150327,-3.945936
7.915877,18.007996
-4.151914,-3.947535
9.714470,16.076319
8.507597,-3.158370
-2.770004,4.339842
8.239863,-3.791125
10.900322,-0.551303
10.023189,16.504360
13.192038,0.136695
-2.863898,4.446451
12.960663,-2.261630
8.015622,-3.896067
12.778598,-1.925588
13.314851,-11.116972
12.947818,-2.234705
8.984840,-3.546445
16.570011,-2.033013
19.316061,-3.202463
6.923388,-11.532499
6.626144,12.476120
5.112117,-7.815840
13.821389,-4.900207
8.015552,-4.087469
17.910196,8.290740
15.177869,5.522681
6.209926,-0.146158
12.847287,-1.893275
9.061786,-10.210301
5.357047,-2.615553
16.769348,-1.908579
5.489647,-7.838565
5.230850,-7.787784
8.150938,-3.846093
19.421213,-3.285179
7.904493,18.001040
12.810859,-2.122556
5.303024,-8.790861
8.832809,8.620601
-6.240545,-3.958887
11.713580,9.056261
0.663616,-2.893664
13.321544,-2.097238
14.027930,-4.787703
13.822989,-4.961151
7.789007,-3.142508
5.111261,-8.570653
12.208216,16.516233
12.235462,16.543375
16.847902,-1.567633
5.503926,-2.552133
6.626710,12.499936
10.553702,-0.363567
12.895470,-1.716970
7.792961,-3.150643
12.826302,-2.128433
10.020209,3.330620
16.638657,-1.695707
7.909971,18.004257
0.684573,-2.873638
8.580016,-3.137107
-0.640452,10.614960
12.841916,-1.665091
0.580226,-2.955205
0.681528,-2.871774
18.478542,-5.102116
13.091874,-1.848610
0.477270,-3.638488
7.030301,-11.458301
1.203053,4.527969
-4.083130,-3.897605
8.865729,8.649915
13.118187,-11.017555
6.249831,-0.077775
8.275784,-4.291547
13.236879,0.186089
5.442803,-2.612648
-0.955911,16.303173
12.952830,-1.771241
16.384184,0.744490
-2.874079,4.431837
10.062027,3.316124
7.904264,18.003090
0.665284,-2.852563
12.861525,-1.698191
13.105320,-11.005260
8.634796,-3.364617
5.111891,-8.539372
13.310198,-2.038737
1.213254,11.832932
-3.659687,8.522438
8.505153,-3.126158
8.616966,-3.787153
8.218705,-4.132753
6.615602,12.513199
9.997408,12.164603
-2.086889,-5.888648
6.232635,-0.173023
5.664293,4.644875
8.157436,7.141009
12.858282,-1.691186
8.437741,-4.132672
5.424407,-2.634030
8.968900,8.751577
16.188753,10.541076
12.964411,-2.292237
6.262673,-0.185638
8.944471,8.727664
1.882178,-0.825826
0.417464,-7.642915
5.149007,-8.056441
8.614769,-3.357789
13.289833,-1.962337
13.284327,-11.173741
13.089684,-11.003112
5.216667,-0.507028
2.197926,3.982232
5.054674,-8.779272
13.081871,-10.982126
8.932948,8.714947
6.595607,12.523010
20.669725,-0.045432
13.076463,-11.042295
7.775861,-3.096496
4.781969,-8.385680
13.175158,10.058419
6.867814,14.206373
0.812857,12.358697
8.209520,-3.262744
8.079152,-3.879239
8.565686,-3.907903
4.878699,-8.457592
19.260429,-3.171510
-2.233405,-2.505660
14.241041,9.111446
13.093689,-11.006632
7.937067,18.012268
5.318457,-8.856379
5.098521,-8.552539
6.255739,-0.189767
13.009974,-1.812153
-2.887012,4.461682
0.449310,-7.597311
16.449718,-1.766491
5.280245,8.454979
8.265621,-4.274786
15.244898,1.387302
8.228500,-3.304724
4.768246,-8.450878
13.226251,-1.935258
10.635054,-0.297277
15.052838,14.041852
12.901049,-1.673810
15.245754,1.372352
5.328328,-2.723711
8.563444,-3.400284
12.233647,16.548782
-2.859357,4.427341
6.602209,12.510292
7.923050,18.009676
9.974480,3.414900
14.202430,-10.558237
9.540456,-15.941881
-5.249238,1.504840
5.116921,-8.513734
8.972630,-10.302373
8.900640,8.683647
8.862448,-10.424180
5.315771,-8.830066
6.687055,12.437628
13.195322,0.142284
5.154842,-8.566580
5.412175,-2.628344
5.108854,-8.570554
14.230113,9.094747
12.274070,16.613379
14.889720,-0.071424
14.203193,9.079360
17.698885,2.319247
6.612807,12.515696
11.546309,6.884078
-2.661316,-1.062535
-3.947272,-8.330922
13.163815,-10.964938
3.576052,12.999560
16.188660,10.506809
6.591487,12.516380
9.033010,-10.239829
8.166070,7.133757
9.868004,3.482375
16.389927,0.742066
13.934173,-4.855000
0.649143,-2.897680
10.621816,-6.726217
8.126869,7.132843
-2.590754,-0.993936
5.303077,-8.866643
20.670149,-0.045057
14.193632,-4.611154
5.255361,-2.820196
12.242369,16.549606
5.089921,-8.483008
8.037686,-4.188127
14.750922,0.073862
19.190088,-3.189079
13.957007,-4.832319
12.848630,9.821660
4.329310,8.473939
-3.658861,8.502341
6.606205,12.505557
8.615750,-3.149112
8.292356,-3.356190
10.604080,-0.602396
13.226643,0.168486
8.263212,4.802869
7.950744,18.027283
8.153648,-4.009990
7.782592,-3.174197
9.535070,12.193007
9.580452,15.701754
4.762697,-8.440575
19.375038,-3.333142
9.542822,-15.939864
19.362215,-3.350573
12.682897,-1.966537
6.775100,6.112013
17.346884,13.206105
8.082191,5.069080
13.326325,-11.113904
-1.896017,2.823723
6.607439,12.505683
8.818316,8.605653
2.018205,-0.695875
12.874940,-1.717893
12.624736,-2.028419
17.326023,5.550928
10.501868,-15.758338
8.183616,-4.010139
7.611215,17.862162
8.191783,-3.838315
6.522789,12.586300
8.824602,-10.400426
6.220852,-0.129734
-2.506339,15.665732
8.669965,-3.477424
11.438746,6.154946
5.138125,-7.771723
2.834274,5.181438
-4.161987,-3.956067
4.856965,1.246363
10.666026,-7.000337
9.117636,-3.571795
17.724112,2.312001
17.716570,2.340722
12.886777,-1.697077
6.208494,-0.131057
8.218224,-3.266225
10.814972,-0.644928
11.462544,6.168838
16.574606,-2.058780
13.395145,12.408670
6.819832,6.181863
8.791789,5.560400
4.418604,9.395578
0.424615,-7.616184
14.637930,-4.847765
-5.279437,1.454132
12.848050,-1.677841
9.080849,-10.195427
5.329452,10.171296
8.285779,-3.760309
4.948656,-8.221083
7.996823,-3.316379
-3.899384,8.012250
-2.761779,4.342701
4.344762,8.467097
12.738730,-1.862051
5.406488,-2.939878
6.574581,12.533669
3.865179,13.273981
12.234425,16.554207
8.491838,-3.117173
19.106075,10.671887
7.912332,18.005730
8.952470,-10.325799
12.274844,16.576414
12.194075,6.583157
8.833649,-10.434934
12.764873,-1.864029
8.140676,7.182222
-2.799216,4.393541
5.316826,12.192754
15.232767,1.403907
5.341961,-2.842817
12.645927,-2.013447
8.686413,-3.755103
8.967327,-10.310230
5.105497,-7.803704
6.948872,7.929281
19.379930,-3.076972
14.992146,-0.190435
8.385715,-4.142245
18.438309,-5.078186
5.393967,-7.850698
13.229748,-11.055255
18.648470,13.174882
9.864148,3.479109
8.523101,-3.771591
19.423265,-3.395529
8.840224,-10.397580
5.448054,-2.818037
12.919242,-2.321177
-2.863266,4.439450
5.182721,-8.220189
5.354012,-7.883619
8.913595,8.697546
13.259584,-11.100084
7.934476,-4.153276
17.727024,2.336194
8.452914,-3.875941
5.299476,-2.848830
8.914613,-10.334910
4.921025,-4.794497
13.824701,-4.909020
-3.895723,8.016579
9.593125,15.695279
10.598228,-7.065418
6.242093,9.128658
8.159904,7.178860
17.700329,2.348338
8.934870,-10.337974
7.954952,18.041800
7.936314,18.025322
-1.670573,7.515550
8.044528,-4.157567
7.539113,15.552691
9.002913,-10.263345
5.403382,-7.835972
13.720709,-4.919875
5.019550,-8.129856
6.616177,12.494220
13.910181,-5.027041
7.342698,-11.420882
17.209608,2.051349
5.015274,-8.307076
9.044190,-10.224007
8.941687,8.728521
9.546717,-15.935788
13.229018,0.175052
-1.673334,7.515435
-5.284832,1.458566
14.228707,9.123567
13.047631,-2.227374
19.359200,-3.244367
10.616860,-7.009495
1.987773,-0.708288
19.416445,-3.376884
-5.304606,1.452519
6.576090,12.539358
7.281679,-8.698326
9.147424,-10.118715
12.677446,-2.018193
6.606865,12.505817
22.464922,4.996989
12.638379,-2.028262
5.323980,-7.973038
6.599545,12.493976
19.423189,-3.392572
7.864547,-4.096771
19.353949,-3.305249
-0.750729,13.924222
2.933406,5.320436
1.264838,11.752493
19.396795,-3.358071
5.338724,-7.864500
12.328747,16.593657
9.848322,3.466929
-0.784016,13.880052
16.395704,0.734962
17.712959,2.362372
1.176805,4.463387
17.019482,7.077831
7.886043,-4.074810
-3.839593,8.071930
5.325787,-7.939767
-2.778374,4.352602
19.395700,-3.423609
2.939035,10.859159
13.382851,12.398908
13.780758,-4.902772
19.267879,-3.346708
-2.831340,4.408469
7.250103,-8.731242
15.188130,5.531769
5.327325,-7.952490
9.079554,-10.186629
7.892338,-4.091730
5.320925,-7.908258
20.083134,-0.015088
5.333665,-7.888851
13.341970,-11.166249
-2.885232,4.459450
2.989817,2.824310
12.311901,16.598745
13.047584,-2.172870
7.934204,18.031540
7.011645,1.118633
7.288403,-11.446907
8.529380,-3.831774
8.342169,-4.165850
4.970028,17.608904
6.116439,9.246571
8.930072,-10.339082
15.823343,-3.578191
12.325762,16.614857
14.740832,0.084540
8.181810,-3.889943
12.174342,6.556993
11.712627,9.060424
5.699684,-2.772683
13.070658,-2.246872
6.150123,-0.210223
12.062052,6.654577
8.300061,4.783494
13.120123,-1.952705
-3.639483,8.508631
12.883469,-2.115736
12.998664,9.187996
19.415869,-3.377242
5.655958,4.641508
8.943725,-3.602823
12.855194,9.833792
4.323345,8.476889
14.322510,-4.708461
5.660861,4.638564
8.806554,-10.495437
3.569360,12.992659
14.170895,-4.550203
5.106772,-8.314164
8.157931,7.167326
12.885717,-2.283140
9.114186,-3.586464
5.532938,-8.526776
5.096200,-8.100174
-0.747242,13.920407
5.225861,-0.535982
-3.683739,8.525619
10.845777,-0.711069
-2.837968,4.416667
3.857740,13.266432
0.716124,-2.833115
8.021532,-4.143338
7.254351,-8.728251
9.845530,16.193472
8.141459,4.844944
-0.712597,10.479882
8.529539,-3.363537
8.976255,-10.266971
7.005053,2.528106
12.960178,-1.916673
6.098581,-0.228317
16.391848,0.738367
5.494264,-3.009674
-2.915593,4.484521
0.681055,-2.868664
3.070893,0.361569
8.297105,4.780376
10.795354,-0.679299
8.705405,-3.773956
12.293200,16.606586
8.067336,-4.127024
10.810540,-0.681870
8.560759,-3.733983
-2.166164,-5.876465
8.415469,-3.496541
16.883759,-1.802965
16.535269,10.387873
13.954881,-4.750842
8.216978,-3.917001
7.236362,-8.735003
13.286063,-11.104806
10.829953,-0.333886
19.431656,-3.319692
11.285388,-4.459361
19.240955,-3.184604
2.013384,-0.688980
8.643977,-3.423288
8.922676,-10.339499
12.297306,16.642061
7.080278,-11.413655
17.712736,2.341264
6.598760,12.508162
5.074257,-8.173833
13.316031,-11.132828
13.883928,-4.743630
2.068156,-14.042132
7.995509,-4.196331
-2.759851,4.320817
10.430516,-15.813511
9.540448,-15.945427
9.025754,-10.240055
13.853034,-4.828431
5.467366,-2.974745
13.267723,-11.095394
14.700620,0.123826
15.059308,14.044304
12.762819,-2.328585
5.368974,-7.867597
11.268255,-4.471589
12.296757,16.645588
13.241430,0.124902
6.565218,12.548243
8.928595,-10.328558
19.385361,-3.348970
7.036737,1.141201
2.008768,-0.692076
8.824261,-10.390016
8.184100,7.141312
4.860391,1.248686
13.329127,-11.156669
-3.892074,8.018529
5.400499,-7.926018
-2.857248,4.432758
5.250801,-7.908693
14.798743,0.019913
12.637306,-2.035123
19.361128,-3.182009
0.477094,-3.616370
13.287952,-11.114654
13.043084,-2.224377
10.745828,-6.870160
17.726044,2.331582
12.290507,16.615059
0.741361,-2.812927
2.020901,-0.681784
5.408085,-2.812413
6.331850,20.008505
12.957394,-2.047529
2.042764,-14.013078
15.242552,1.395006
15.209662,1.427051
6.107722,-0.197274
17.716766,2.333186
5.317820,-3.026788
6.121352,-0.166479
5.304871,-8.467728
11.264639,-4.474984
12.806683,-2.333799
5.200214,-2.772721
5.270817,-8.033646
8.319873,-4.199538
8.913033,-10.352595
10.848874,-0.677111
16.500374,10.400630
9.960052,3.429738
1.294081,11.726407
9.843261,16.204811
12.641856,-2.014211
14.215318,9.090079
5.315941,10.057778
5.275897,-7.981324
13.305275,-11.155915
13.002795,-2.164569
13.363135,-11.189254
6.256753,-0.215175
12.225222,17.440710
17.040190,7.078594
11.675616,9.095325
13.030522,-2.354435
8.473522,-3.798960
12.824224,-2.354707
-1.411700,16.037188
-5.311485,1.426368
8.345774,-4.228146
17.725397,2.341339
15.242288,1.399933
-1.386568,16.017881
19.402346,-3.296162
6.273647,-0.202640
13.246239,0.193070
-2.817516,0.592187
0.816111,12.357803
8.798989,-10.500375
11.281662,-4.460748
13.231418,-2.204673
8.172978,7.149500
5.289860,-8.345231
5.310330,-2.864665
19.108133,10.675336
12.826509,-2.344214
5.490371,-8.488645
10.837138,-0.354637
8.572795,-3.228498
5.269912,8.421648
-2.838675,4.417267
7.203726,-8.753171
-2.853649,4.430962
5.260040,8.416670
7.740594,-3.391621
5.524185,-8.496241
5.157558,-0.472955
19.409369,-3.382632
8.645596,-3.515027
19.272005,-3.172879
7.288483,-8.687509
8.834227,-10.513588
8.462541,-3.278416
7.024055,1.112188
14.705175,0.122446
17.733530,2.329042
5.223201,-0.537909
13.255654,-2.193971
-2.512499,15.666309
18.047070,2.029823
-1.661643,7.520671
9.986787,3.386804
8.553208,-3.193789
13.221153,-2.200532
8.965142,8.748307
12.997725,-1.762690
13.177894,-2.284806
18.660416,13.163618
9.009243,8.789224
12.819880,-2.352997
4.945293,-4.832129
10.656452,-0.456806
8.553499,-3.444746
13.128612,-10.998877
13.260559,-11.090496
9.597708,10.235034
-1.425840,16.024303
13.209691,0.154934
15.602424,5.789810
7.901801,-4.148850
-2.588583,-0.985494
5.495610,-2.965628
-2.800138,4.370044
6.994308,2.549726
8.325274,-3.173814
17.356052,13.218256
8.427783,-3.965409
-4.150778,-3.944828
6.248597,9.120831
13.018355,-2.198913
8.926783,8.712179
-0.641740,10.610313
0.414167,-7.629100
8.147994,-3.801078
18.652519,13.170470
9.126399,-10.139022
6.210260,9.156510
8.622171,-3.379602
10.641325,-7.064335
12.876865,-1.730992
5.272436,8.435087
5.317762,-7.854476
10.688469,-0.425280
0.648201,-2.881457
-0.485506,2.098077
-4.266981,2.960655
12.999571,-1.874671
13.251743,-2.212011
-2.856557,4.430941
5.650185,-2.682498
12.346563,16.621475
13.142921,-11.019802
13.160736,-1.921299
8.379148,-4.107779
6.219052,-0.128905
8.181905,7.151702
17.771023,2.302526
9.835783,3.497007
8.429863,-4.071938
7.005067,1.114915
7.765907,-3.287949
12.826712,-1.943497
7.750141,-3.369784
6.795492,6.124001
5.535974,-2.871718
5.532015,-8.536957
8.543678,-3.954072
14.033010,-4.815121
5.665193,-2.712095
10.060990,7.016764
6.208832,-0.169108
7.299122,-8.684159
8.288229,-4.111002
7.821606,-3.337046
-3.893434,8.011209
15.057166,14.053465
13.266113,0.214087
10.590047,-0.424537
-2.783822,0.627017
7.827986,-3.312913
7.913731,-4.076824
5.273043,-7.980433
12.746428,-1.934131
4.941865,-4.816821
5.649098,-2.687658
-2.814401,0.592410
8.558222,-3.901809
13.115275,-1.941175
12.324964,16.621586
11.245969,-4.499979
12.556607,17.078602
8.445469,-4.084485
-3.655291,8.519486
5.480229,-7.724168
5.490296,-3.009910
8.567055,-3.925272
4.856461,1.247748
15.823956,-3.570242
0.732932,-2.818362
0.677032,-2.865184
5.526449,12.517845
4.907660,-8.211986
8.155101,7.175039
12.658900,-2.015122
-2.857303,4.431272
12.974543,-2.321917
17.094133,14.372187
6.870848,2.451233
10.010581,3.388866
9.953039,3.459021
5.246496,-8.374668
18.483988,-5.099236
10.589078,-0.304647
5.339297,-7.905252
5.264975,-0.493084
4.837373,-8.299408
10.559549,-0.378585
6.304883,-0.224040
15.199100,5.534996
6.132034,-0.221218
8.714532,-3.406550
-3.633775,8.512422
16.507355,10.399148
9.819410,3.519405
-2.855998,4.428923
13.901172,-4.761519
10.592868,-0.303823
0.656172,-2.891427
13.485211,-4.986778
5.546583,-8.480034
13.365466,-11.199686
14.372997,-7.294840
10.935597,-0.550555
6.992605,2.552081
-1.244146,16.150179
8.796584,-10.518745
7.534277,15.567460
12.830866,-1.765954
8.515202,-3.934139
6.907485,2.455655
19.293081,-3.211434
0.656830,-2.882195
12.846794,-1.804116
13.197750,-2.192356
6.994788,2.549196
7.294385,-11.460187
8.531935,-3.165005
7.854351,-3.304879
8.467431,-3.880505
11.302691,-4.438251
13.225766,-11.077918
5.495224,-3.011983
-4.246324,2.939901
8.836418,-10.521073
4.954953,-4.836130
-3.977837,-6.121856
9.002461,8.784093
9.029069,8.808233
17.858641,-5.818901
12.844981,-1.910528
-2.319161,6.139643
16.583874,-2.081836
8.061295,-3.435199
8.082465,-3.915570
9.903055,3.488166
0.640252,-2.885623
9.012089,8.789211
8.200890,7.118140
17.692846,2.323223
5.660871,-2.722125
8.171774,7.137260
5.358517,-3.161769
12.991617,-2.168558
20.632963,-0.040441
10.071211,3.368102
16.623484,-1.947041
0.641340,-2.876062
8.517675,-3.881043
5.660995,-2.686579
5.361137,-7.817629
4.947334,-4.834160
8.320710,-3.408720
16.128695,10.731444
13.775414,-4.936422
5.556361,-2.720456
8.269732,-3.785420
12.785013,-1.937143
8.709819,-3.750815
12.646564,-1.990324
6.271818,-0.176571
0.650500,-2.888790
14.217822,9.092004
5.389890,-2.866185
9.204824,5.604689
8.207040,-3.859675
13.157655,-11.016887
5.663067,4.643773
5.607345,8.687327
5.450064,-2.672722
5.550525,-8.512081
12.806179,-1.781374
-2.837193,4.412406
5.654733,-2.718125
13.084579,-2.180161
0.651892,-2.879098
5.668462,-2.701420
-2.866176,4.445223
8.288543,-3.218635
8.861389,-10.442950
14.177164,9.052303
6.643831,12.531892
16.513868,-1.610968
6.236443,-0.153810
8.065557,-4.198837
9.072110,-10.200598
6.220134,9.152997
7.491575,15.580957
-3.644200,8.509814
12.685908,-2.086003
19.467091,-3.438787
8.996521,8.778826
13.131845,-2.208981
13.071367,-2.149712
7.891865,-4.093780
7.540932,15.561747
12.730326,-1.920714
-2.515666,15.661280
13.119078,-10.966886
8.067282,-4.210056
7.905849,-4.141471
6.152534,-0.184845
10.620016,-7.128571
8.338511,4.749465
-3.648135,8.509583
11.706636,9.065830
0.666118,-2.875092
6.598930,12.513234
6.663945,12.447581
8.361804,-4.166933
7.969351,-3.887019
13.071086,-2.241112
-1.011499,-6.552720
10.910439,-0.522663
13.329032,-11.143682
16.565115,6.906078
13.034122,-2.262263
13.226494,0.172603
6.991551,2.548802
13.289918,-11.136390
7.796090,-3.336484
5.165903,-8.076498
19.488691,-3.412163
0.454336,-7.587416
0.686305,-2.859834
1.180012,4.468335
9.903594,3.496004
10.001707,3.550763
12.886512,-2.337759
12.307905,16.606140
6.992695,2.552802
7.229791,-8.736592
0.674227,-2.875076
2.956282,10.870718
7.170132,-11.478822
19.395020,-3.387647
13.175102,10.071712
-3.646765,8.514839
8.249551,-3.463410
0.470702,-3.642930
6.992932,2.547248
17.210566,11.162857
0.683268,-2.866787
-1.709005,-9.299866
9.605153,10.225774
5.330053,-7.866165
12.801512,-2.370066
7.182808,-11.471840
-4.561222,3.257600
0.695447,-2.841005
8.408360,-3.831846
13.230380,0.164840
-3.651146,8.465176
8.013356,-4.102746
12.668420,-2.017377
12.827516,-2.097871
9.001992,8.782094
8.555920,-3.264463
13.086357,-2.028783
8.802228,-10.502911
10.918532,-0.345082
0.660148,-2.874223
8.488721,-3.579401
0.416700,-7.632232
13.220133,-2.233319
6.584168,12.509031
0.171273,6.616269
6.274253,-0.183201
19.390232,-3.341370
14.218634,9.093069
17.457138,10.718227
-2.594537,-0.994441
12.819715,-1.761997
-2.832706,4.424196
16.188227,10.512048
4.893438,-4.782580
-5.285297,1.455644
10.821793,-0.575372
14.950445,-0.138551
5.691453,-2.770713
-2.839376,4.420823
7.002765,1.118992
0.668511,-2.833123
16.820105,11.260715
13.189934,0.138408
6.999376,2.548301
8.529698,-3.924375
16.642557,10.333303
6.314540,-0.216396
10.704307,-0.331673
13.207360,-2.190422
7.237690,-8.720954
7.490488,15.583345
19.412033,-3.323059
12.278949,16.576765
18.060122,2.020573
10.519517,-0.327621
5.685915,-2.778072
7.803112,-3.360820
13.200990,-11.084049
8.279773,-3.242807
8.150375,7.159892
12.893849,-1.816051
8.474830,-3.629035
7.012325,1.120201
5.683530,-2.773746
15.248966,1.381770
7.754770,-3.413497
5.684997,-2.784973
-5.289304,1.454059
2.994792,2.818789
9.826932,3.484282
-1.405633,16.036381
6.757975,12.356421
5.519804,-2.979306
9.007521,-10.263098
13.313314,-11.150714
5.346144,-7.973279
1.873685,-0.835697
0.648355,-2.893299
12.829767,-1.776836
5.215956,-7.944538
10.868120,-0.337225
6.173259,-0.196860
9.843041,3.457778
0.651388,-2.894967
13.247540,0.195446
5.346380,-7.921004
-3.653473,8.513593
17.030119,7.081592
17.097120,14.362011
6.769806,12.342875
12.840192,-1.789050
8.925599,-10.336270
13.252735,0.200336
15.240684,1.398635
0.649889,-2.923978
9.827491,3.469405
8.147224,-3.830826
10.576363,-0.299859
7.831066,-3.439564
6.710838,12.391846
5.517725,-8.504904
16.166634,10.633850
6.219625,-0.208008
11.290655,-4.452862
14.032936,-4.744453
12.686914,-2.003872
6.333997,-0.210371
13.286849,0.228845
-2.586890,-0.987662
9.691044,13.184133
10.038750,16.528873
8.132942,7.190635
7.745210,-3.367478
19.232258,-3.183181
9.946184,3.436489
5.688818,-2.772231
13.193470,-2.255791
13.064458,-2.057971
5.410992,-2.945377
5.656393,4.639821
12.310980,16.599514
19.338890,-3.264138
-2.613854,-1.017668
8.431465,-3.235663
14.858322,-0.036956
12.413213,-2.337337
1.268166,11.745139
8.470665,-3.237950
13.175217,-2.190912
12.680342,-2.052058
7.224263,-8.745318
6.964540,-11.579937
12.907572,-1.811671
18.487476,-5.088834
8.171450,-3.768935
16.389215,0.741100
7.740981,-3.400104
12.797414,-1.732472
8.276347,-3.474725
7.932611,18.013182
7.287917,-8.692054
7.003740,1.116038
12.775043,-2.159689
6.272679,-0.191486
13.349792,-11.133064
12.486318,-2.231729
-3.964911,-8.329691
12.691763,-1.993995
-3.899380,8.026921
6.587236,12.513988
-2.824832,0.583297
10.788058,-0.604137
0.834931,12.330550
-4.575739,3.271100
14.989368,-0.187026
13.071749,-2.234106
5.302111,-2.866872
9.539651,-15.944593
7.926795,-4.115555
12.976609,-2.302064
4.673667,3.691753
7.949355,-4.087853
7.867979,-4.101332
14.017991,-4.497055
7.752335,-3.363567
7.573719,17.736675
8.025012,-3.462138
12.243111,16.551785
0.818960,12.350061
8.336843,-4.125202
13.070346,-2.248887
10.714939,-0.600095
14.692779,0.130281
13.207933,0.151822
8.220277,-3.829258
0.695816,-2.856546
11.290154,-4.456082
6.305039,-0.210041
6.863605,-11.533346
12.885539,-2.140244
6.059611,-0.205297
9.624867,12.164868
8.996420,8.778270
10.663054,-6.667391
12.810803,-1.777751
7.912116,18.004446
8.776631,-10.477569
14.959406,-0.158232
5.534815,-8.483448
-2.567105,-0.972749
-4.560979,3.258436
17.464310,10.720385
9.922127,3.426687
15.186531,5.529479
8.164118,-3.815503
14.610044,-4.841759
5.681205,-2.775021
6.308242,-0.192559
5.455871,12.445365
7.939001,-3.450829
0.458968,-7.587582
8.387024,-3.609974
-3.983302,-6.121508
0.662834,-2.878733
14.010281,-4.839773
12.816698,-1.950003
14.983014,-0.176821
5.323534,12.281118
8.644129,-3.450743
19.360651,-3.272749
10.558518,-0.463025
13.181685,-2.128196
5.297806,-2.838650
5.231518,-7.946562
7.004169,1.119886
5.729014,-2.777851
7.893970,18.001554
5.274946,-8.386131
6.601860,12.510229
13.045390,-2.265821
9.956329,3.424629
5.494644,-2.991875
13.256220,0.203020
12.304317,16.593809
10.747160,-7.116307
-2.520054,15.659742
12.319134,16.611315
7.938079,-4.037593
8.424680,-3.929220
13.886560,-4.746187
9.985165,12.160545
8.660866,-3.769425
6.196123,-0.213430
16.547873,-1.854148
8.181705,7.163527
7.348246,-11.421670
13.320543,-11.154678
13.871095,-4.824301
12.256587,16.568983
5.300462,-2.850980
-3.899059,8.006707
13.840139,-5.036011
5.137346,-8.068075
12.843440,-2.050789
8.020169,-3.951806
8.062878,-3.916106
5.478376,-8.005061
9.994548,3.437799
13.274564,-11.101335
6.989758,2.544392
5.221167,-0.545065
19.321180,-3.294193
5.654820,4.641216
7.796700,-3.322728
0.475154,-3.645527
5.532076,-2.889684
-2.768537,4.457452
7.864236,-4.072309
20.062374,8.062696
5.511347,-2.881678
19.369537,-3.204489
11.282477,-4.452651
7.068895,-11.436822
4.987595,17.565107
4.992584,-8.296331
7.200982,-8.762459
5.401257,-2.916635
13.232353,0.157980
0.489322,-3.616997
8.657353,-3.801502
5.346584,-7.895589
7.942462,-4.067285
7.859226,-4.099544
14.060372,-4.670137
8.410029,-3.973706
12.325519,16.622526
13.339517,-11.167729
16.130272,10.677840
9.582209,15.688825
12.711319,-1.986785
5.366550,-7.860234
12.771936,-2.286085
8.362007,-4.136921
8.153547,7.152743
8.186000,-4.203050
12.174500,6.568721
-2.887409,4.461838
8.832824,-10.466891
0.608094,14.749126
5.706845,-2.771726
7.954071,-3.442054
8.569099,-3.309421
5.710109,-2.791597
5.718037,-2.772042
7.262926,-8.714357
7.842245,-4.014070
5.518858,-8.495845
5.270287,-2.730196
13.207581,-11.081080
8.553061,-3.180187
12.909992,-1.896215
9.115730,-3.587116
13.056001,-2.158836
5.552902,-8.397314
13.197299,-11.068775
7.692890,-3.414085
13.260434,-11.149340
15.113338,12.441505
-0.943608,16.311403
14.221749,9.097054
19.438324,-3.407590
8.188764,7.162388
6.243406,-0.204061
14.506278,-4.946978
16.193432,10.529755
6.232759,-0.156778
13.194061,-11.067758
0.648205,-2.906154
13.212515,0.158162
9.542187,-15.943093
16.619143,10.299497
-2.844138,4.417371
16.759754,-1.620033
6.221762,-0.155079
14.008476,-4.976660
-5.285406,1.434875
5.282907,-2.743966
16.524593,10.376208
5.489167,-2.714202
13.192281,-11.065037
-2.591841,-0.989118
5.677645,-2.788074
9.011896,-10.256900
12.779300,-1.760810
12.821738,-1.792333
5.692405,-2.781260
10.729103,-0.372015
6.120445,-0.172359
6.611931,12.512843
14.221364,9.094526
7.881556,16.387463
7.677784,-3.418857
9.068126,-10.199854
8.997889,-10.275236
17.370329,10.755782
12.499633,-2.177735
19.255882,-3.267367
12.276506,16.590851
7.688162,-3.409321
5.486790,-8.334067
8.187135,-3.503977
18.491547,-5.078963
13.193192,-11.067456
13.334472,-11.169964
9.534983,-15.945280
0.697039,-2.852931
12.841547,-1.848942
6.131769,-0.176472
13.208104,-11.081809
7.657949,-3.411471
7.005017,2.541610
8.281308,-3.823421
12.508360,-2.192526
12.952958,-2.305058
5.243984,-2.804183
6.315514,-0.227898
7.901426,18.000128
5.524283,-8.400042
8.523507,-3.313671
13.889384,6.930701
5.549322,-8.449086
12.287797,16.587301
10.525501,-0.290911
10.650532,-0.308529
7.679431,-3.403423
8.952389,8.740019
5.513491,5.603567
13.193905,-11.066681
13.731769,-4.883145
8.411232,-4.259440
2.078233,-14.039645
19.385439,-3.293776
11.277375,-4.466158
16.754166,-1.620632
5.471997,-2.635700
0.661334,-2.882250
6.185561,-0.107377
-2.742448,4.312778
17.727877,2.339819
5.470533,-2.960596
7.848906,-4.017640
6.125839,-0.173295
0.633275,-2.841241
5.199626,-0.520312
5.025940,-8.100662
5.175419,-8.314901
12.655546,-2.047961
9.002264,-10.269617
7.256357,-8.720560
5.189037,-7.990566
17.740660,2.319858
13.322551,-11.161138
8.995894,-10.277861
19.340919,-3.280617
8.022165,-4.294526
15.192034,5.532764
5.453287,-3.006793
5.387188,-7.840222
5.245154,-0.539053
13.253315,0.201168
19.405462,-3.352789
13.304119,-11.120794
-2.725268,4.293329
13.305035,-11.145585
0.694768,-2.849356
17.730604,2.340722
12.830792,-1.773694
6.318996,-0.269983
8.507178,-3.173056
13.254397,0.203636
13.184690,-11.010972
19.231777,-3.186122
6.685551,12.425959
6.291983,-0.217621
7.910193,18.003397
6.845547,14.222650
6.610122,12.501576
6.591896,12.522594
-0.473133,2.102601
-2.530375,15.648438
5.259614,8.424106
5.713593,-2.779993
8.285830,-3.807466
11.294082,-4.449550
13.766781,-4.862953
13.185668,-11.059455
16.623417,-1.988242
8.498536,-3.829487
11.719353,9.061223
14.110271,-10.638121
8.557318,-3.799760
5.435153,-7.954896
8.936338,-10.321401
5.549932,-8.418548
9.956328,3.442333
5.387849,-7.882324
7.649448,-3.405015
8.451239,-3.210100
14.850364,-0.031305
0.668241,-2.936489
0.418414,-7.633964
16.600882,10.308520
5.387476,-7.868693
2.093685,-14.056688
7.681703,-3.497718
0.464054,-3.650941
7.679915,-3.464510
13.793829,-4.786805
8.085814,-4.334411
8.429468,-3.911996
5.533900,-8.479034
17.132725,1.973722
17.044970,-3.936954
13.186995,-11.060759
12.934470,-1.893400
19.221859,-3.177881
14.812674,0.007200
5.419255,-2.749096
0.692622,-2.857018
20.671524,-0.042282
6.623718,12.494813
8.506618,-3.910845
6.171362,-0.175346
8.151208,7.142312
3.830756,13.237612
13.335794,-11.185797
0.709229,-2.846531
5.051037,-8.064484
10.696528,-0.620716
7.868800,-3.884128
5.379210,-7.811036
20.667959,-0.044076
13.269835,0.209816
19.299726,-3.294796
8.059159,-3.835532
-1.894749,2.814231
13.314328,-11.155902
5.477368,-8.027315
2.991302,10.908442
12.320111,16.593214
-0.940396,16.311899
10.477978,-15.775333
7.657204,-3.429913
13.040206,-2.195206
5.523273,-2.870341
12.301913,16.602726
12.688807,-1.967336
13.235878,0.187568
17.721407,2.330649
12.744844,-1.890309
7.257909,-8.713659
8.115811,-3.466041
12.638650,-2.084718
13.222425,0.164444
5.714961,-2.769325
13.177733,-11.029470
8.423788,-4.258004
13.311952,-11.159430
5.377590,-7.853020
7.922427,18.014107
5.450515,-2.742414
8.855807,-10.394747
8.756771,-10.554656
15.248573,1.382251
13.184950,-11.004005
8.567473,-3.187978
12.884152,9.310674
8.943897,-10.335196
16.820660,-1.684616
8.823552,-10.486842
5.540809,-8.457962
12.446519,-2.256115
8.963273,8.754231
16.303110,11.030016
8.538028,-3.179716
8.167686,7.154526
13.210940,-11.079264
6.301568,-0.213548
5.184932,-8.301336
8.331307,-4.216168
12.643338,-2.245466
19.265282,-3.288299
9.857183,16.204260
8.947330,-3.609741
14.019354,-4.835484
6.285992,-0.208548
13.371658,-11.191289
-0.465900,2.106243
10.528178,-0.286337
5.720081,-2.781714
7.261184,-8.719013
13.917752,6.929637
5.701493,-2.773949
5.306619,-2.759068
6.995350,2.538332
8.540350,-3.666892
13.301009,-11.142985
-0.741904,13.920707
7.647584,-3.444971
6.986019,2.577518
10.593990,-0.359041
6.259896,-0.176642
4.076634,2.239717
13.212477,-11.099696
7.938376,-3.483928
8.826022,-10.470476
13.227504,0.172038
16.676064,10.285639
13.156279,-2.300637
17.138077,1.977431
5.594681,-8.451448
5.060621,-8.261966
-3.655886,8.495176
13.132360,-2.242608
12.668063,-2.119362
12.638125,-1.990206
7.884847,16.399067
6.287069,-0.197693
11.270399,-4.470321
-2.890306,4.470225
5.429811,-3.061774
5.566618,-8.445507
8.820978,-10.475965
6.113899,-0.235945
19.371668,-3.264418
12.822988,-1.848415
5.541156,-8.423322
9.055463,8.821132
9.030920,-10.247409
5.248119,8.407733
0.661386,-2.874243
13.183148,-11.043847
5.420344,-8.437060
13.201481,0.146984
5.524097,-2.743441
7.602811,-3.458958
-2.849415,4.428648
13.141526,-2.001578
9.056957,-10.217705
9.866564,3.468108
9.756375,3.616307
5.532044,-8.418242
12.871783,9.322067
13.178979,-11.056146
17.847313,-5.836555
-1.896877,2.815751
9.605809,10.221900
17.732559,2.338417
8.697502,-3.782710
9.129641,-10.143559
5.500524,-8.014985
16.768608,-1.627304
5.736086,-2.785618
12.873895,-2.360299
16.056501,10.740660
5.020924,-8.070295
4.996209,-8.369599
13.165551,-2.295553
8.493026,-3.904043
7.659867,-3.443937
6.303745,-0.216301
7.001164,1.111405
9.955217,3.426819
7.786889,-3.394853
8.187339,-3.564796
7.648961,-3.445652
5.701021,-2.764952
13.243670,0.193000
15.247150,1.381701
19.309620,-3.209168
13.144200,-2.200100
5.567905,-8.444634
14.221776,-10.542782
1.880588,-0.825667
8.788242,-10.492586
13.121281,-2.209867
9.855496,16.202314
8.141562,-4.225709
13.188802,-11.061386
8.210191,-3.967985
14.238281,9.102918
17.720888,2.325796
4.929061,-4.809954
17.744991,2.358147
12.917627,-2.146216
12.785058,-1.850417
8.534181,-3.152246
5.471416,-8.256362
19.211002,-3.210937
5.566840,-8.420097
12.841206,9.811705
5.481632,-8.487219
7.920787,18.014351
-3.239495,8.498481
8.752162,-10.453815
0.664375,-2.879861
13.122479,-10.995838
5.726287,-2.787091
7.924351,18.012112
5.593731,-8.435090
17.859385,-5.817206
5.574705,-2.749968
13.201231,-11.073977
12.281295,16.569813
12.855239,-1.833335
5.581763,-8.446823
5.722331,-2.773625
9.073321,-10.202106
-3.645882,8.503053
8.803263,-10.487866
7.926326,18.013096
5.686178,-2.772745
5.060857,-8.307194
15.221717,1.364995
5.725771,-2.776847
7.924380,18.013712
6.357126,-0.255844
16.447243,10.891011
9.949729,3.435107
-5.299054,1.450828
9.855966,16.196487
7.614274,-3.471875
6.578571,12.517318
7.922511,18.011866
5.276649,-2.746802
6.672281,12.447477
16.938162,14.520499
-2.819857,12.785729
8.504613,-3.165777
5.408758,-8.289817
12.672989,-1.989690
-3.986270,-6.120540
4.932496,-4.821158
-2.838938,4.414343
12.342543,16.640480
9.026675,-10.244321
5.468246,-7.945037
5.468548,-7.854290
9.106070,-10.143939
8.356972,-4.256684
16.564192,-1.969668
15.061634,14.051515
12.686537,-2.321550
8.149815,7.200264
8.335622,-4.161783
16.395031,0.736525
6.121308,-0.221867
8.465170,-4.027000
7.515816,15.593543
15.242680,1.385981
7.878742,-4.137235
10.802138,-0.697870
8.333982,-4.270433
8.344848,-4.167480
7.820322,-4.100218
7.171482,-11.415144
9.864041,3.470140
-2.824648,0.585994
-3.866568,8.049532
-0.950910,16.304918
1.145923,4.438213
6.311557,-0.237734
8.483644,-3.909204
-2.770714,4.344839
12.838863,9.810193
8.525164,-3.857674
12.187256,6.547682
12.353514,16.636831
17.083212,-3.969904
16.580112,-2.078014
14.804611,0.018074
6.950976,7.929876
12.717124,-2.171170
18.055155,2.028538
5.151958,-8.033418
5.419898,-7.808475
5.427289,-7.832585
16.563324,10.259550
16.610174,-2.040740
12.975675,-2.056804
14.208226,-10.555152
6.281614,-0.198698
5.706634,-2.766048
7.828782,-4.105182
12.327869,16.623529
-1.177485,16.179705
8.153008,7.164793
8.326625,-3.839331
6.298794,-0.196210
8.900769,8.692804
5.228490,-0.539933
0.446518,-7.610458
15.243072,1.391621
-4.386851,3.094262
5.323592,-7.857474
19.131023,12.653348
8.200060,-4.208787
5.658408,4.638915
-2.733035,4.307337
14.784989,0.032321
-2.812205,4.377514
-2.590351,-0.988015
13.088255,-2.211876
0.678793,-2.874237
13.929489,14.703661
7.928668,18.015701
6.267640,-0.224942
7.697951,-3.459095
5.349289,-2.826337
4.947731,-4.812874
7.866852,-3.410224
19.377319,-3.258040
0.483905,-3.634043
13.254704,0.202183
5.358589,-2.907852
5.541060,-8.430591
8.162724,7.135777
6.304844,-0.206344
6.662166,12.440094
5.688483,-2.765913
8.155951,7.131772
9.935728,3.431935
13.044667,-2.079309
5.543444,-8.493821
6.099023,-0.152326
13.190355,-11.018129
13.238151,0.207079
5.169600,-8.117753
8.436292,-4.004428
7.888680,16.395136
12.662285,-1.978815
5.499327,-2.974892
0.691276,-2.859344
1.275106,11.741847
12.647969,-2.082664
5.126245,-8.182019
13.287435,0.223003
13.182219,-11.067734
12.554047,-2.054449
-3.105329,8.459829
13.347172,-11.174219
12.861388,9.831053
6.725885,12.390460
6.344202,-0.273754
10.219219,6.850958
6.979397,2.556518
6.270392,-0.225521
7.857304,-3.907944
19.269567,-3.321392
7.011679,1.119663
9.992393,3.363369
6.632328,12.479461
12.168454,6.554168
7.919899,18.011126
7.840894,-4.172998
12.335736,16.634892
18.486578,-5.090105
7.111926,-11.434037
13.040025,-2.246828
7.240531,-8.727532
14.979611,7.881509
18.494263,-5.083924
6.578035,12.541423
7.239909,-8.733688
5.543890,-8.479803
8.795705,-10.520205
8.963206,-10.317004
8.800739,-10.499732
8.914495,-10.372169
-3.674465,8.520823
12.567188,17.082008
12.460196,-2.229319
0.497416,-7.556659
9.566745,15.701641
17.687216,2.321738
5.726400,-2.759453
17.723684,2.340558
6.779110,6.097479
12.807421,-2.302919
-2.744835,4.318675
6.304055,-0.210671
5.705020,-2.785627
5.542708,-8.500568
15.248834,1.386599
13.961553,-4.938123
9.556410,15.694638
12.255108,16.577351
12.257620,16.570152
13.260195,0.205845
9.058115,-10.221181
5.703819,-2.777500
13.307863,-11.150796
5.749160,-2.787237
-1.254329,16.143606
5.643733,-2.724053
5.376693,-2.708447
-3.896574,8.013759
6.633221,12.499866
9.604739,10.222614
17.057251,7.077325
12.859555,-1.776786
5.541067,-8.454932
12.865943,-1.821546
7.952926,-3.500024
6.992983,2.533449
6.441640,12.464726
6.320296,-0.226245
-2.613029,-1.009421
9.058922,8.828720
12.883018,-2.311060
8.032144,7.010614
8.977576,-10.301243
0.725587,-2.828809
8.389198,-4.054380
13.776990,-4.882219
5.447556,-7.837683
6.111017,-0.147805
5.436131,-7.823701
5.151817,-8.131523
0.812191,12.359313
-2.525708,15.653360
6.283379,-0.233242
5.432440,-3.102092
-2.856369,4.433609
8.153183,7.198135
-2.851825,4.428693
7.081372,-11.430134
13.351447,-11.183861
17.722399,2.334513
9.038770,-10.238037
13.242064,0.171950
12.786324,-2.116138
8.470459,-3.877730
14.093397,-10.660173
12.539609,-2.140698
7.875468,-4.090436
16.122784,10.698927
8.215569,-3.781457
14.158212,9.103381
12.736679,-2.147177
19.422218,-3.397125
5.427669,-3.108760
9.020905,-10.256596
8.341792,-4.174041
-2.630876,-1.029254
10.830659,-0.606739
7.845079,-4.111025
4.912700,-8.224675
0.712289,-2.843160
12.694018,-1.953040
8.187112,-3.845819
9.791874,3.484251
0.693731,-2.848231
-2.810113,4.381331
9.924712,3.438413
16.410425,-1.704304
14.152325,9.096848
5.368204,-3.172400
10.658107,-0.579670
8.982288,-10.296217
0.452013,-3.662646
-2.871989,4.451482
6.988952,2.549313
10.601692,-7.098185
18.482450,-5.087945
19.274149,-3.211189
5.479311,-7.948080
12.321376,16.605040
6.290677,-0.240045
9.071717,-10.203973
12.772897,-2.309187
5.501248,-7.963466
20.665890,-0.038895
12.189461,17.408562
5.286334,8.438140
7.849738,-4.082423
5.485245,-3.029869
10.859452,-0.691495
12.837583,-2.069392
7.849270,-4.110348
5.215224,-7.995192
12.282775,16.614450
-2.913604,4.487041
4.929578,-4.818265
5.136062,4.645614
5.467850,-7.726151
12.550948,17.080017
17.192810,2.032010
2.063908,-14.043489
12.838038,9.808651
12.980129,-2.298429
7.909833,17.997463
12.660381,-2.241048
5.340547,-8.034839
16.471363,10.866297
5.220832,-8.010974
17.707851,2.326918
13.310616,-11.136099
13.993493,-5.078487
7.928658,18.025372
14.706460,0.113133
5.216704,-0.537713
8.733103,-10.369297
12.316619,16.611519
13.983008,-4.994546
-2.773003,4.344177
6.260145,-0.228024
10.059999,7.018741
7.907984,-4.172601
12.931071,-2.294529
9.864843,3.487644
12.763272,-1.846979
6.129013,-0.197598
5.556793,-2.898795
10.955435,-0.541471
10.559174,-6.988563
13.866399,6.908948
10.633366,-6.989182
7.078827,-11.357164
12.805115,-1.829006
12.792439,-1.819125
7.621285,-3.532638
-2.840049,4.412016
7.266176,-8.726007
11.278168,-4.465359
16.358568,-1.716136
4.855767,1.247099
10.693685,-0.633051
6.594830,12.527997
0.701463,-2.849979
8.100455,-4.206001
19.425358,-3.417728
0.488314,-3.626312
6.221031,-0.220127
13.257050,-11.093334
9.818233,3.517583
8.488127,-4.060583
13.509179,-4.977239
6.602686,12.523472
-1.405260,16.041056
7.853855,-4.115949
8.533435,-3.697708
-3.574662,8.433960
8.428342,-3.802836
2.077540,-14.038413
6.604421,12.509694
5.447002,-3.061971
8.137554,-4.137051
5.563669,-7.611571
5.527417,-7.651638
9.595319,10.234892
6.257226,-0.204762
15.066676,14.043294
12.813158,-2.388797
0.703333,-2.845023
17.758186,2.362084
8.999651,-10.220192
7.833575,-4.093923
6.899720,2.442006
5.225192,-0.524345
8.226214,-4.443256
12.713108,-2.147147
12.734900,-2.298001
17.307224,5.538243
12.634566,-2.048343
16.624874,10.279826
19.404596,-3.347235
7.881778,16.404444
8.844995,-10.404516
5.446077,-7.796606
9.552884,-15.934030
13.352695,-11.172054
5.469881,-7.753713
8.453699,-3.868691
13.257539,0.203366
-2.486523,15.689516
5.156826,-7.992466
19.370522,-3.265910
12.846113,-2.382045
5.476934,-7.777371
13.242217,0.192949
9.067539,-10.209770
-2.787933,4.362832
4.899445,17.715199
5.244983,-8.147999
0.490243,-3.623672
5.355532,-3.211041
5.454007,-3.040904
8.505946,-3.864243
18.036863,2.046611
14.031315,-4.755782
12.937196,-2.330432
17.056948,7.062499
22.486927,5.016610
13.241473,-11.073188
-2.611855,-1.009326
9.855315,16.198408
5.488220,-7.704098
6.592054,12.529114
15.824589,-3.568041
5.286730,-2.798250
8.181465,-3.824055
6.129076,9.248012
12.784410,-2.035438
5.073139,-8.201143
7.943242,-4.245958
8.444389,-3.801954
-2.822528,4.395681
16.527412,-1.797973
9.066532,-3.582535
5.436224,-3.070211
10.878714,-6.737009
9.065407,-3.604910
9.840228,16.190481
14.748816,0.074540
-5.329911,1.426752
1.930439,-0.769957
10.534046,-0.419896
5.229603,-8.129147
13.335685,-11.173712
14.795219,0.025161
-2.854120,4.419163
8.975418,-10.302338
0.814523,12.357681
-2.621080,-1.021092
12.912403,-2.370065
8.528809,-3.816415
9.066921,-10.207797
13.345922,-11.179683
9.051205,-10.227659
4.006759,14.614021
-5.239676,1.499238
12.293067,16.579386
12.849928,-2.364084
9.033492,-10.243296
16.790222,11.234183
6.304613,-0.210917
6.572040,12.543126
8.078372,-4.211653
5.256784,-8.102694
12.716187,-1.996923
11.274283,-4.466934
4.974127,-8.232472
6.302134,-0.262122
9.101443,-10.167186
8.167809,-3.890021
5.570073,-7.609225
8.549356,-4.063254
13.327985,-11.169739
12.672285,-2.031799
12.909704,-2.199700
-1.899907,2.822697
13.909861,14.721053
7.877647,-4.162467
2.871213,5.220624
12.746466,-1.934257
8.526649,-3.797711
8.461676,-4.203746
5.504540,-7.691779
16.583599,-2.049518
-0.455053,2.096438
5.693025,-2.803400
12.311908,16.603693
9.068284,-10.208486
5.430854,-3.065244
13.219666,0.151607
6.588324,12.532619
13.011857,-1.873602
12.639467,-2.013037
5.267468,8.428432
13.258922,0.204891
8.265184,-4.432057
13.756116,-4.899531
19.414808,-3.395560
18.652119,13.170278
8.605852,-3.799963
8.192943,-4.374089
5.345346,-3.201092
13.804115,-4.773968
8.861968,-3.621097
13.897270,-4.782784
6.993138,2.545881
2.014198,-0.687916
16.633398,-1.937064
20.066750,8.054995
19.425217,-3.413764
-2.509412,15.665356
8.900065,-10.342952
8.809740,-3.695240
9.088250,-10.184757
11.265289,-4.477627
8.039204,-4.359721
-4.565134,3.266193
5.468646,-3.012442
13.375473,-11.188915
17.727343,2.335519
5.368778,-3.163862
12.472028,-2.289137
9.873417,3.459523
8.373917,-3.898453
11.282649,-4.468155
6.264773,-0.204736
6.982158,1.087918
19.443796,-3.467101
7.847130,-4.106577
8.146054,7.190270
9.056971,-10.220387
-5.250257,1.477579
8.061173,-4.352419
1.900834,-0.808654
16.613894,-2.061940
8.357742,-4.267626
13.291440,-11.120924
9.889622,3.462210
13.262215,-11.068733
9.120915,-10.148849
0.703252,-2.829912
1.880993,-0.826242
5.619795,-8.418888
12.307565,16.593441
12.845553,-2.396611
10.913170,-0.515187
5.220121,-0.541512
5.615656,-8.415126
5.190014,-8.314112
9.585860,15.698269
5.608444,-2.726340
9.938833,3.435689
9.548526,-15.940067
0.159251,6.600180
4.323986,8.477992
-4.089097,-3.900384
16.598713,10.331247
6.610442,12.514044
18.495640,-5.084224
4.807554,18.902908
12.274953,16.614580
12.983009,-1.842670
6.255187,-0.188733
-2.465295,15.712088
9.054510,-10.220038
13.372997,-11.161548
9.038577,-10.227173
5.441310,-3.069442
7.628892,-3.575162
0.673878,-2.863185
-2.900523,4.482224
20.681108,-0.034156
13.178672,0.121962
16.621395,10.288818
8.506514,-3.773369
5.423549,-2.957635
11.551229,6.880973
9.597329,10.231710
12.620565,-2.054945
5.691901,-2.797881
13.395222,-11.178386
4.856842,1.247475
7.301392,-11.406224
11.276827,-4.460560
12.947325,-2.235086
15.254464,1.381302
-2.876887,4.449240
14.937971,-0.131549
0.703248,-2.842141
5.689622,-2.775896
5.267564,8.432105
5.672587,-2.772748
19.245045,-3.198655
8.802255,-10.474092
19.463352,-3.515296
6.223595,-0.146817
13.214574,0.161361
-2.826459,4.399710
5.605572,-8.396360
8.862576,-10.429939
13.186502,-11.057981
6.257577,-0.224677
15.250298,1.383059
8.561799,-3.503419
7.645673,-3.579789
8.926909,8.720599
15.186434,5.530121
13.169081,-2.098800
4.926334,-4.794803
16.593935,-2.092576
7.880777,-4.154657
0.827888,12.342887
10.620664,-7.105068
11.455760,6.161930
8.388047,-3.889829
8.233109,-4.342278
6.590605,12.523622
6.556414,12.559867
-2.542539,-0.936771
5.512588,-7.679191
6.570377,12.545947
9.059258,-10.216805
15.255088,1.384056
7.853413,-4.005919
-2.602591,-0.998741
12.837789,9.805870
14.321836,-4.617276
16.587292,11.513428
7.214899,-11.507358
0.662082,-2.881566
19.437027,-3.403334
6.198833,-0.214860
0.658932,-2.893768
13.254738,-11.085286
13.767899,-4.950125
15.179024,5.523234
13.146759,-2.245486
5.117532,-8.315131
8.158930,7.158243
5.507154,-8.350823
8.500051,-3.196736
9.046845,-10.230239
8.347982,-4.292355
7.217393,-8.751069
8.025795,-3.504822
10.630477,-7.160368
13.518448,-4.982298
7.842068,-4.118738
7.949980,-4.255962
8.408475,-4.072269
5.428473,-3.101774
-3.616650,8.493026
8.007367,-3.925196
4.877082,-8.237406
16.624153,10.391193
14.680877,0.143126
-2.754271,4.312125
12.899621,-2.198827
3.216151,1.466295
6.591356,12.523175
8.466410,-3.816539
8.356711,-4.321038
6.594251,12.526431
0.651692,-2.903794
9.105757,-10.169054
-3.670108,8.515957
-2.604184,-1.003722
7.918468,-4.203044
16.488020,10.397122
5.494160,-7.816012
-1.111348,5.193915
5.224339,-8.033317
12.588638,-2.233726
5.459674,-7.931953
5.454791,-3.028835
7.250294,-8.789726
8.001319,-4.310059
10.779139,-0.626523
9.857529,3.479671
5.539085,-7.654328
13.199517,10.084002
5.564792,-7.614034
5.405857,-2.877996
11.269270,-4.474828
-2.812364,0.598580
13.747259,-4.917144
9.578075,12.146972
5.472191,-7.767387
14.822690,-0.007463
17.730801,2.338452
17.356201,13.222440
9.720835,16.103220
6.566560,12.551121
7.852039,-3.904847
15.113777,12.440236
13.351723,-11.171050
9.042593,-3.602528
5.476051,-7.780566
7.976972,-4.306812
13.243919,0.190300
5.239343,-2.776227
14.130348,-10.623221
13.367661,-11.165752
9.772445,3.611307
17.738150,2.346254
8.338181,-4.249369
1.173616,4.459647
8.767408,-10.495111
5.484168,-7.767175
5.531598,-2.905030
14.747907,0.083066
8.333495,-4.287791
6.624454,12.492561
5.466688,-7.776077
12.458519,-2.261239
5.488325,-7.789215
5.505487,-2.947833
12.512224,-2.181728
-2.612885,-1.007656
6.655417,12.463525
9.803843,3.477467
-1.898746,2.815651
9.548437,-15.939857
12.786851,-1.810873
11.445423,9.461386
12.837891,9.805734
20.668661,-0.039128
5.523030,-2.932662
8.244534,-3.757977
7.940195,-4.276582
-2.758864,4.329093
16.188517,10.513268
5.499601,-7.786364
1.185517,4.472206
8.287630,-3.856699
13.264937,0.210053
8.318245,-4.297541
6.341247,-0.246335
17.160191,11.127213
-2.736631,4.311110
12.806716,-2.176631
-2.804587,4.371111
-1.268020,16.139755
12.841853,9.807920
5.479337,-7.795038
7.975119,-4.210601
17.052414,-3.940510
-2.765936,4.336891
19.375181,-3.405753
12.427947,-2.308517
14.035711,-10.708345
0.740998,-2.811015
6.990904,2.549255
5.559037,-7.625591
5.430046,-7.804183
12.335547,16.597458
12.568557,-2.102162
4.075527,2.243665
14.728587,0.098497
6.990147,2.550893
5.478307,-7.783295
12.887033,-2.271375
13.370615,-11.182817
-3.626684,8.487860
-3.901412,-8.299531
6.982306,2.550131
8.258298,-4.470740
7.794450,-4.088411
12.411270,-2.311803
6.677683,12.440190
6.986009,2.553511
12.603151,-2.050231
8.145239,10.558561
8.363148,-4.316990
9.740134,13.125264
8.292969,-3.709252
9.940238,3.408091
7.243110,-8.732944
0.466873,-7.578929
5.499818,-7.992771
8.446086,-4.167498
19.348722,-3.297707
9.010206,8.799012
6.313801,-0.240315
17.201092,2.044024
7.966038,6.959865
5.457389,-7.770534
19.422943,-3.464842
8.815969,8.604305
0.738432,-2.813625
8.287474,-3.998038
11.547551,6.881551
6.229870,-0.175408
-2.895266,4.471866
8.123577,10.535827
12.536748,-2.145653
19.378023,-3.328352
13.923660,-4.753711
0.475694,-7.572904
12.571960,-2.053851
9.815224,3.461552
13.708806,-4.898686
13.305900,-11.156705
12.342187,16.623934
13.875998,-4.740007
5.337637,-2.917998
5.524349,-7.726767
0.485336,-3.629549
8.528237,-4.032840
5.495311,-7.911111
15.249931,1.383894
12.905327,-2.349500
8.426977,-4.124340
5.216225,-0.552045
6.318428,-0.235379
5.129893,-8.160697
8.705976,-3.759596
-3.645098,8.521838
8.139027,-4.253195
12.774971,-1.862581
9.860742,3.470827
15.181778,5.527998
8.183654,-4.113493
5.498883,-7.835248
5.409306,-2.958636
6.987474,2.549237
5.478648,-7.962825
5.602754,-8.373763
8.282726,-4.315523
1.879133,-0.831784
12.546796,-2.065871
8.062262,-4.001481
0.150788,6.593516
22.464636,4.995800
5.451379,-3.038842
10.689306,-0.344681
9.094504,-10.179455
5.624486,-8.383904
9.045135,8.822367
7.660853,-3.582805
8.493088,-3.222170
4.292379,5.606814
6.143550,-0.231927
5.705824,-2.800581
4.317645,5.592504
6.837014,6.165056
6.297335,-0.222592
7.011400,1.129630
6.986197,2.554779
6.114001,-0.251619
9.860745,16.212061
11.259312,-4.474253
16.176800,10.558175
5.481332,-7.778857
9.571271,-15.900994
9.593397,13.296588
1.887286,-0.821249
18.483273,-5.093251
4.910742,-4.787052
14.108317,-10.643341
17.354074,13.222827
0.647149,-2.910260
12.858315,-2.409721
7.921425,-4.236072
10.479843,-15.772319
6.231409,-0.176524
18.672621,5.616687
6.573330,12.541665
10.846447,-0.665364
12.468369,-2.337985
9.080590,-10.197701
9.836068,3.490985
12.856249,-2.404759
1.453288,6.957095
9.106761,-10.163914
7.809419,-4.113284
-0.465150,2.104021
18.477737,-5.097579
13.230534,0.176275
12.827226,-2.416013
5.502768,-7.768783
8.141512,7.184616
-2.623286,-1.009798
9.793393,3.481734
4.855383,1.249726
13.927993,-4.740413
8.271772,4.799837
16.603598,-2.029185
11.266146,-4.482744
9.837234,16.161200
12.174863,6.565069
20.471489,6.197239
-3.642868,8.504428
3.995839,2.186212
15.187366,5.530381
10.926613,-0.582863
17.728376,2.335696
9.071157,8.850419
2.949867,10.848096
9.599630,10.228141
12.871408,-2.153017
12.479376,-2.261695
5.567521,-7.601770
8.298759,-3.862420
17.732662,2.316291
0.727617,-2.809948
-2.612325,-1.008844
6.311390,-0.267450
9.073614,-10.202029
5.101832,-8.285483
17.135405,10.464984
21.728540,-2.292302
-1.898165,2.818240
6.988961,2.547104
5.440368,-3.079636
8.510856,-3.741212
-3.634704,8.504073
5.548587,-7.589548
8.162076,7.170869
18.488302,-5.091359
12.927972,-2.370256
0.708057,-2.838858
7.917684,18.014156
7.970585,-4.286124
-5.299637,1.453508
12.798609,-2.143799
16.044336,10.754156
12.337548,16.615602
-2.813087,4.387152
6.533964,12.584621
16.614315,10.272491
9.050585,8.827228
6.311557,-0.257600
6.980940,2.556609
5.340315,-3.209389
9.059164,-10.209496
-3.606839,8.476836
8.074626,-4.369664
16.610229,-2.016656
-3.660020,8.505511
0.509532,-3.586908
12.908895,-2.217236
6.606629,12.513580
7.933266,18.024529
5.547498,-7.638060
2.086219,-14.036241
6.554021,12.560434
16.578417,-2.062332
10.836860,-0.688071
10.584917,-6.989275
8.474828,-4.074658
14.835326,-0.025214
20.100683,-0.018097
8.288505,4.794168
9.015703,-10.265598
16.612463,-2.088195
13.948701,-5.053355
-2.904896,4.480684
9.173365,5.632417
-2.888166,4.463873
12.317831,16.613049
-3.607335,8.447800
13.227443,0.172994
9.033151,8.812755
0.796990,12.372475
8.497833,-4.034233
5.614536,-2.905615
19.381159,-3.308600
0.661430,-2.887881
16.581917,10.303131
16.308989,11.030678
21.727009,-2.290034
7.923429,18.017456
-4.431130,3.135607
8.140663,-4.167059
7.956752,-4.302623
6.722256,12.397076
8.429764,-3.934548
12.416656,-2.267483
12.649097,-2.015868
13.377069,-11.190922
5.062346,-8.240766
5.516472,-7.795319
0.714178,-2.821257
2.988247,2.826244
12.193413,6.544730
5.190339,-8.375748
-2.924917,4.500820
13.248004,0.195313
6.306740,-0.268141
5.548013,4.639084
16.619385,10.366477
9.773183,3.626183
5.485064,-7.941166
16.199802,10.519920
12.895333,-2.336049
5.348611,-3.203929
15.062446,14.041862
5.071097,-8.169767
7.885654,16.395281
8.307259,-4.308201
12.307047,16.647713
3.001549,5.305003
9.914420,3.427402
8.350718,-4.283463
15.112859,12.439884
12.564368,-2.103945
16.052643,10.732452
0.481431,-7.561724
17.858086,-5.819984
10.531944,-7.058914
5.474896,-7.787871
17.047544,-3.941889
-3.678753,8.502466
13.909683,6.955492
19.415279,-3.371122
4.967225,17.616613
12.519771,-2.085198
17.731813,2.340661
-3.981832,-6.130785
13.321191,-11.158122
5.115413,-8.174772
5.660470,4.637816
7.826681,-4.159228
5.422082,-3.088139
9.788394,3.434401
12.783862,-2.419909
5.176651,-8.181532
9.817312,3.455308
5.336340,-8.092885
5.488258,-7.739408
5.401340,12.383380
0.717309,-2.830151
-4.150178,-3.945179
5.288051,8.453190
7.943532,-4.300177
8.305178,4.783531
5.409580,-3.116860
8.339144,-3.480355
5.398359,-7.832716
14.743251,0.080030
12.405655,-2.338968
13.745817,-4.919559
19.106466,10.673440
14.719352,0.108305
5.356599,-3.196584
7.132816,-11.499297
7.825867,-4.145402
7.861379,-4.151458
8.250031,-4.417500
19.102205,10.673739
7.965463,-4.294181
9.108179,-10.161987
6.322745,-0.245490
11.273669,-4.468312
-3.669158,8.470201
15.258566,1.378388
12.988334,-1.811872
12.822465,-2.387047
8.134001,-4.142725
7.953475,18.038385
12.475407,-2.378705
8.047099,-4.356245
5.227191,-0.549418
8.213303,-4.427634
5.513711,-8.024934
17.018877,-3.905085
16.950628,14.508432
6.994996,2.558147
1.181508,4.466857
5.557330,-7.625292
14.794158,0.034165
4.876985,17.713669
13.220658,0.167535
9.546076,-15.943304
8.415970,-4.117657
8.442096,-4.025724
-2.777394,4.350760
12.589308,-2.066446
17.468105,10.720026
8.385923,-4.297740
5.492022,-7.771295
14.179839,9.081007
7.801137,-4.076014
13.292932,-11.136920
7.946761,6.942135
5.133677,4.644344
12.430253,-2.324570
8.397796,-4.087982
8.165997,-4.173483
8.321073,-4.147302
12.432954,-2.324838
8.039721,-4.399323
12.743268,-2.226255
8.129631,-4.360703
7.175540,-8.784450
13.209786,-11.075568
13.257029,0.202787
8.501035,-3.205093
7.610807,17.726730
0.610215,14.746066
1.270259,11.744759
-2.867568,4.443643
5.674552,-2.764447
16.207800,10.487886
17.036999,-3.923557
-2.872981,4.452090
5.555212,-7.640274
5.195024,-8.279958
14.020818,-4.917854
13.887620,-4.769876
9.600277,10.230260
6.833058,6.168328
8.166271,7.161531
7.672822,-3.570451
8.440371,-3.209175
8.031816,-4.360645
12.318595,16.609325
7.598186,-3.634657
-1.399324,16.045919
7.603257,17.672689
13.398380,-11.181175
10.800017,-0.670627
14.777445,0.040344
13.131845,-2.268064
5.706492,-2.814729
5.516267,-7.724392
0.667813,-2.869145
19.473793,-3.472441
9.097414,-10.177388
12.982714,-1.863084
8.044697,-4.368586
8.488090,-3.239763
7.901608,-3.540461
9.004387,-10.273006
6.600556,12.517674
9.754217,3.613794
5.456393,-3.046046
16.415545,-1.719647
9.046369,8.827865
6.948699,7.927957
0.719518,-2.827632
14.077040,-10.674989
6.947618,7.928283
9.023096,8.804955
0.494573,-3.620155
12.421979,-2.317224
13.363544,-11.186200
7.213543,-8.765147
9.059740,8.839561
11.265162,-4.478511
6.302988,-0.270411
5.300678,8.463397
20.661846,-0.038977
5.533930,-7.665912
20.485630,6.213621
8.187202,-4.178216
12.688779,-2.133813
9.049345,8.828883
8.453146,-4.107165
12.483679,-2.218509
12.477578,-2.233822
13.304197,0.247841
-2.901377,4.475879
13.414161,-11.177949
7.068039,14.136544
19.385868,-3.425034
11.265759,-4.494350
0.735736,-2.814314
9.000953,8.787912
13.867795,-4.752988
16.850986,11.188354
6.280106,-0.225671
9.816343,3.457033
12.170341,6.570982
9.003855,8.792225
4.322106,8.478141
-3.606963,8.468840
8.827801,-10.389528
8.123446,-4.433170
0.740362,-2.813964
17.354204,13.222152
6.303471,-0.228172
8.171936,-4.188232
8.130709,10.548306
4.036264,14.643098
11.326702,-4.410870
12.465518,-2.348240
8.265950,-4.334526
6.571685,12.543333
17.351809,13.220373
6.822847,6.182358
8.479297,-3.942500
-3.668301,8.520760
-2.321918,6.110146
13.523762,-4.976503
12.348941,16.620508
12.867514,-2.397648
-2.936504,4.510531
6.746728,6.126347
8.276540,-4.399466
6.543406,12.582554
12.528842,-2.182457
10.613315,-0.570792
12.224959,16.684504
5.327330,-3.227528
5.557826,-7.619736
9.045045,8.827719
5.336770,10.141588
12.427196,-2.313277
7.952215,-4.268232
17.396442,13.259641
5.349282,-3.203229
6.141761,-0.231000
5.569090,-7.615888
2.986788,2.825367
5.438773,-3.072847
5.488405,-7.771241
12.354064,16.628868
-2.894501,4.472454
17.728758,2.339588
8.358489,-4.349267
-3.902068,-8.322314
19.508009,-3.574263
5.565863,-7.607536
12.809857,-1.809093
8.399124,-4.318661
5.156142,-8.124420
14.191653,9.081388
6.356268,-0.269132
9.110594,-10.146953
17.715525,2.323193
5.528019,-7.587150
12.345162,16.617846
6.540698,12.561912
6.621063,12.515790
14.049994,-10.693659
13.329041,-11.156626
6.379038,-0.329980
6.305848,-0.273026
19.372488,-3.316188
16.519691,-1.832292
5.684087,-2.804295
5.349994,-3.205542
12.511080,-2.339646
9.113434,-10.159897
13.481484,-11.252963
0.494999,-3.619557
9.597352,10.234363
9.857865,3.468729
6.314108,-0.236402
7.574088,17.032972
17.714241,2.309515
7.684278,-3.539013
6.992737,2.542007
5.593422,-8.493894
13.022590,-2.073629
16.628227,-2.057665
12.417901,-2.305980
8.280496,-4.273864
8.049773,-4.348091
-3.632061,8.498213
13.411476,-11.177267
12.458374,-2.195790
8.146633,-4.452401
-3.608593,8.480513
12.831943,-2.446476
7.919827,-4.235306
-2.906547,4.480750
14.063996,-10.683595
9.811853,3.465088
12.855488,-1.813208
16.608646,-2.033519
13.143032,-2.273933
0.706572,-2.836753
6.597452,12.538238
15.255104,1.385010
5.369623,-3.185832
12.655109,-1.987004
4.316210,8.482864
12.450197,-2.277979
8.402089,-3.202989
16.522148,10.394172
6.354699,-0.232783
12.745747,-2.187193
5.524927,-7.701162
0.504159,-3.610721
-3.678445,8.536991
19.419497,-3.457714
12.333508,16.600039
5.271760,8.433994
12.418496,-2.305899
8.172853,-4.163528
-2.790204,4.363463
8.194926,-4.459914
12.363427,16.649639
10.475406,-15.774706
12.586784,-2.023988
8.845350,-10.404423
16.046770,10.751290
5.484463,-7.768026
10.478506,-15.773282
2.030128,-14.031472
7.199821,-8.749274
8.922041,8.710834
12.639500,-2.036759
5.616210,-7.529319
5.454974,-3.040799
13.415568,-11.171165
9.128782,-10.121090
8.216960,-4.464759
5.481859,-7.767703
6.983242,2.550391
8.300761,-4.226757
12.435126,-2.299206
13.366687,-11.175868
12.403659,-2.322267
5.510267,-7.812483
5.451168,-3.065614
5.638972,4.642483
7.986341,6.979176
2.952650,5.325381
7.955747,-4.265883
5.483493,-7.858228
8.171342,7.174338
12.513255,-2.355251
9.078173,-10.185448
5.418814,-3.086691
16.138258,10.660069
-8.773357,3.406873
9.051811,8.830570
7.319547,-11.431327
20.091019,-0.017753
12.405379,-2.311407
12.402171,-2.338640
11.451506,6.159008
11.447304,6.155199
5.499138,-7.764105
13.822496,-4.805359
9.120672,-10.146623
16.212587,10.539406
10.731971,-0.627766
8.357511,-4.325035
7.866632,-4.084228
12.479794,-2.234716
13.422926,-11.204688
8.462570,-4.141329
10.858162,-0.674236
9.118311,-10.146566
11.271054,-4.468736
5.663220,4.629786
0.660217,-2.881555
12.376695,-2.346101
12.834891,9.805811
0.670465,-2.881300
-2.591514,-0.993130
4.954295,-8.346346
5.232858,8.393683
6.285000,-0.209937
0.441356,-7.676192
11.273589,-4.468091
12.429210,-2.296362
5.254721,-8.369287
12.317963,6.678143
5.669179,-2.767885
5.603911,-8.354552
5.398488,-8.372016
12.775613,-1.838055
14.784031,0.040033
-3.669533,8.536637
10.665333,-0.437358
9.105706,-10.164622
6.307908,-0.225274
13.931619,14.700846
0.669923,-2.869622
14.236987,-4.797097
12.504881,-2.359998
10.580125,-7.073342
6.315294,-0.241883
9.112273,-10.139539
13.410135,-11.221975
0.736089,-2.819161
5.511313,-7.746061
6.988104,2.549452
12.639277,-1.964967
5.463024,-3.095269
12.302190,6.682553
5.601945,-7.554860
-1.921442,2.842394
7.220052,-8.749920
7.665903,-3.599031
6.750042,12.371029
3.007464,5.293584
6.308065,-0.232573
2.011202,-0.687499
15.257862,1.387720
5.291508,8.433562
12.539825,-2.131796
14.799783,0.024718
12.789729,-1.839582
7.032001,2.588699
7.207012,-8.764717
6.937036,-11.570006
9.972872,3.393124
19.430595,-3.451537
8.342672,-4.344223
5.713094,-2.811760
14.532670,-4.923539
8.489646,-4.084994
7.636781,-3.652374
14.917264,-0.111001
16.229757,10.506385
8.370597,-4.279429
0.696258,-2.843118
-0.946446,16.307411
13.194933,-11.052423
7.044179,-11.563793
6.307896,-0.223532
17.730577,2.338429
5.650048,-8.373479
5.602032,-8.361053
5.633672,-8.359876
5.510494,-8.319989
8.490442,-3.202431
12.858994,-2.320165
16.062984,10.740750
9.913411,3.432618
9.013945,8.799064
-5.238252,1.430074
9.811989,3.496243
5.237690,-0.542601
8.124953,15.536053
5.616749,-8.356644
0.744009,-2.873059
7.644656,-3.581470
5.621675,-8.354160
19.294678,-3.199457
12.914803,-1.864075
15.253370,1.382633
-1.895618,2.818329
13.385861,12.392885
0.389108,-7.682288
10.561754,-0.391381
7.226425,-8.759785
5.704087,-2.782324
7.684962,-3.606382
19.417477,-3.433794
9.951975,3.580659
13.175341,-11.023787
12.756785,-1.810264
6.586643,12.551498
5.445863,-3.021708
13.233362,-11.030758
5.508882,-8.333228
5.694437,-2.791520
-3.603255,8.474994
6.257425,-0.171061
4.992763,-8.299505
14.515436,-4.934639
10.688599,-0.468248
-2.318189,6.139369
12.841683,-2.418334
7.642604,-3.580596
0.646891,-2.912454
5.354799,-3.200300
8.119628,10.529909
5.461427,-3.030320
-2.808191,4.382589
12.774200,-1.802782
5.477454,-7.943883
-2.891132,4.469461
13.080278,-2.238006
7.676705,-3.589011
11.278074,-4.468509
7.676945,-3.583046
16.064451,10.734515
6.745433,12.375761
6.295158,-0.218037
9.937514,3.414922
13.017430,-2.137607
0.670778,-2.870320
8.872061,-10.419323
8.179140,7.137884
-2.877021,4.455616
5.641830,-8.368745
5.383027,-8.346214
10.643187,-6.849183
18.652981,13.169258
7.812193,-4.129113
2.019489,-0.682868
8.877459,-10.408408
7.216458,-8.755222
8.457528,-3.263901
15.274121,1.383631
6.565797,12.571259
0.442591,-3.653227
8.361281,-4.337758
7.653232,-3.592505
5.527638,-3.035232
5.503296,-7.856857
13.130291,-2.267577
0.657485,-2.883068
6.996104,1.092921
7.630523,17.683672
5.621504,-8.374608
13.182815,-2.312997
19.298861,-3.200366
12.822636,-1.977553
11.449771,6.158942
15.255604,1.379169
9.101041,-10.172030
9.105309,-10.166191
5.658346,4.641246
8.707117,5.559678
10.060675,7.018574
5.658418,4.639877
9.771787,3.564044
0.646386,-2.931125
0.672864,-2.869743
6.257078,-0.191884
9.131375,-10.131808
7.835125,-4.152766
12.851830,-2.415841
9.045063,-10.232649
19.382120,-3.121488
9.092124,-10.184361
10.776221,-0.559859
16.394987,0.736376
-3.948636,15.300877
10.063844,11.085114
19.352695,-3.265769
4.930853,-4.794366
11.273235,-4.469447
16.595264,-2.035918
7.888216,16.395596
13.237613,0.183242
7.116001,-11.329449
16.605249,11.469413
8.130368,10.540419
19.405640,-3.518333
13.432162,-11.212622
13.515276,-11.267585
9.542855,-15.945581
8.417115,-3.888986
12.713017,-2.248866
8.411971,-4.381824
15.205889,5.542739
-3.643520,8.512575
5.535658,-7.868584
6.295635,-0.281057
6.996251,1.113146
8.180652,-4.174465
12.325059,16.615915
0.671751,-2.869867
11.274582,-4.465719
0.669371,-2.868092
13.157852,-2.305909
12.302763,6.680371
5.715104,-2.847766
6.831125,6.168977
18.484688,-5.090965
19.415150,-3.418339
7.833727,-4.176529
9.842055,3.478764
11.309636,10.112227
10.846624,-0.695958
12.782866,-1.844734
8.670276,5.610666
8.150020,7.185382
5.522181,-7.750872
0.740169,-2.813147
8.273780,4.815631
5.698173,-2.788901
11.220377,10.053633
0.669398,-2.869999
16.068607,10.736098
8.977638,8.752680
6.546419,12.571689
17.717705,2.332768
5.298748,-2.779183
5.371754,-2.914390
11.458498,6.167813
5.448271,-3.070237
16.771324,-1.678941
5.221281,-8.015087
6.833941,6.164898
4.319751,8.478949
10.678808,-0.392366
10.821282,-0.667050
5.537292,-7.645642
5.458565,-3.012384
12.646798,-2.047274
12.874772,-2.330742
12.174092,6.562017
12.173042,6.562486
1.418236,6.998600
12.599654,-2.038435
0.721237,-2.831857
8.357282,-4.332095
2.971778,5.318484
2.972352,5.315278
9.775347,3.594374
16.235569,10.489415
1.182787,4.468676
5.682144,4.645804
5.049367,-8.140100
12.531057,-2.152523
12.830626,9.798893
12.337365,16.615421
2.993336,5.303197
5.300738,8.464473
5.560579,-2.865461
5.654508,4.642030
7.960737,-4.287721
-3.649391,8.530464
19.383007,-3.423746
7.552513,16.999987
16.463787,-1.830420
13.996819,-4.953254
18.650234,13.167969
9.094308,-10.179914
6.769034,6.111849
6.810033,6.166510
-3.206162,8.137685
8.299191,4.775950
8.344444,4.738170
-1.265285,7.649868
13.716570,-8.311126
8.707748,5.553397
3.645216,5.118374
-3.509550,10.231949
17.074780,-10.234023
2.592328,-7.729522
5.562899,18.259708
1.876457,-9.601690
8.303814,4.777473
3.639119,5.122187
3.001280,5.287193
22.553711,-0.097431
10.314258,-3.046896
11.547618,6.883121
6.306813,6.274050
11.454531,6.161442
-1.290343,7.640228
3.733941,5.169636
-5.913723,6.483215
5.241652,6.821531
12.177298,6.560400
5.929788,7.260888
-8.773551,3.406752
-1.769892,-9.363576
16.985399,-10.383362
-5.926986,6.495267
-3.468887,10.191810
10.778095,-12.911300
20.528473,3.408929
5.298856,6.877262
2.624292,7.407707
4.330529,8.474372
8.699919,5.605366
8.096939,5.017925
7.055450,5.678606
-0.388928,9.901038
5.521827,18.231773
11.832919,1.412022
-2.676002,15.522641
14.979733,7.887062
7.043555,2.317174
2.938902,5.316164
4.137840,-7.220809
5.391473,6.912681
3.635664,5.125780
2.999803,5.301418
4.292783,-12.951630
9.507714,13.316859
3.050439,0.383725
2.245198,4.041313
8.072945,5.038393
6.781125,6.098225
2.969412,5.316204
3.006542,5.294267
12.181117,6.542295
8.076153,5.038763
5.208205,4.646347
12.061342,6.667341
3.004939,5.291696
6.786084,6.094708
4.990781,1.333592
11.339553,10.144605
-1.697757,7.502276
6.778193,6.100886
3.705917,-6.298707
1.054969,-1.168443
4.443870,9.440128
2.199202,3.980829
7.506882,18.024523
4.873000,5.894963
8.681938,5.610482
9.812172,5.837283
-1.261889,7.659567
-1.625892,10.744604
5.621118,-8.441913
5.416500,-2.569971
5.438561,10.069351
8.290248,4.772161
3.493870,-9.374113
5.300424,7.018633
2.195543,3.974829
12.295076,6.668148
8.081998,5.043203
3.634990,5.115886
3.732808,5.164072
5.632792,4.628167
10.334709,-3.024060
5.360591,10.193686
-5.724459,10.561559
0.564149,9.407366
5.430677,10.078070
5.156218,4.643503
-3.029076,10.018211
1.066975,5.620378
16.437798,-1.676903
2.910132,5.333841
1.585201,-14.483086
6.942418,7.932414
5.619892,4.624524
5.643681,4.643353
17.248276,-7.079314
9.832062,5.874051
8.075084,5.040215
12.180647,6.565068
9.855154,5.900916
11.551436,6.881995
5.654247,4.642119
8.051849,4.902484
1.246561,6.823874
3.005607,5.301380
5.586739,4.642057
8.269788,4.799871
6.020811,-5.747725
12.309937,6.680382
1.422674,6.999374
8.289013,4.779002
3.230820,10.422425
-7.023860,4.728074
-1.281365,7.648576
11.452180,6.169158
12.048568,6.665090
8.121387,4.851254
3.521499,5.033287
6.626941,6.507748
9.828565,5.880673
4.307030,5.606553
3.805923,13.212772
7.022566,5.635749
8.085748,5.063853
19.506868,-7.642822
2.244955,4.041603
-6.858300,4.548907
-2.673101,15.524381
20.530146,3.410555
1.378371,7.040198
10.772823,-6.638559
11.311566,10.114840
8.100928,5.006027
9.832408,5.875572
4.340303,-12.970090
10.329073,-3.027734
10.926986,12.519372
-1.303997,7.633150
1.676040,0.623767
-0.252552,-1.802258
10.868797,-0.318813
-2.140704,-11.671088
-4.285551,2.956642
2.926221,5.315997
13.297377,-2.177671
4.891332,-4.783282
8.479136,-3.437688
2.242985,4.038195
4.911187,-4.802322
-4.861916,5.909280
11.961843,3.058701
18.108847,1.971281
-1.711805,-9.415382
-6.238378,-3.957053
13.220088,0.161860
2.906415,-1.865939
8.089275,10.662192
-3.670613,8.518745
8.832292,8.618687
7.865665,15.980080
14.585509,2.223206
0.450794,-3.667514
6.195964,-0.126328
0.653365,-2.878052
14.195699,-4.543808
14.316645,-4.588408
8.772682,-10.534898
4.886191,16.286245
8.785425,-3.465661
2.988556,1.730065
-3.663207,8.520370
10.862184,-0.334268
13.153079,0.093861
8.659599,-3.286421
6.123946,9.245341
9.698213,13.169723
14.283454,-4.986294
14.240752,-4.568436
6.123366,9.250999
7.257808,-8.712911
7.042903,1.144999
10.128277,3.489840
8.487421,1.605360
2.920465,10.486038
20.079975,-0.013188
8.706680,-3.430189
-1.518376,1.424265
-0.475072,2.101305
-5.006093,-0.586853
8.166823,-3.495545
-1.271779,0.984237
0.619852,3.989519
-4.279271,2.941093
19.445005,2.137082
5.214871,12.176640
10.769047,-0.349709
-2.098273,-5.892282
17.689409,4.083723
14.181352,-4.535567
8.753942,-3.390764
13.262464,-2.192287
6.640888,12.488111
-0.225707,-1.795753
4.934247,-4.823830
5.332714,10.159592
0.236081,0.319326
0.826885,2.096221
9.554847,-15.945946
-4.146641,-3.941445
16.631271,10.564014
7.578538,17.756687
15.061172,14.057432
7.922701,18.013039
-1.003690,-6.555695
14.345266,-4.611311
8.749681,-10.538641
5.504145,2.088694
11.228084,9.330125
-0.248930,-1.820139
4.929377,-4.824323
8.422782,-3.176700
2.000969,-0.699801
3.939160,-4.010749
0.639183,-2.918084
12.177801,6.561839
14.399673,-4.673406
10.767880,-6.655969
-4.119078,-8.460662
3.996065,14.600159
8.735599,-3.387300
8.211340,-3.497402
16.942049,14.519796
8.927099,8.708732
-4.852049,5.923754
17.047297,-3.933536
-4.118757,2.829534
14.569846,-4.830151
8.068357,-3.417053
-2.330167,6.122078
14.851678,-0.039508
-2.364567,6.153265
10.803432,-0.384352
18.649864,13.176916
2.801389,5.289187
11.550244,6.882158
19.131828,12.660903
9.534562,-15.954025
8.033913,3.525386
5.336558,10.162311
16.638149,10.373517
17.014927,-3.892944
7.037925,5.693463
4.867331,7.269797
16.937317,14.517308
5.189847,-0.516001
8.992965,-3.545819
2.122823,-12.034327
10.520713,-6.655379
14.297972,-4.591213
4.914568,-4.805490
5.189153,-0.524694
-3.994944,-8.327944
-4.277957,2.959239
1.486400,5.946451
10.913006,12.510618
14.313937,-4.743436
14.965091,7.879837
11.977432,3.074197
4.941393,-4.830591
6.978131,-15.725219
9.535623,12.190411
13.121667,-1.981113
-1.688374,7.502592
8.294817,4.789551
4.850523,18.861309
-0.248384,-1.807067
13.136711,-10.996335
-4.868411,5.900645
-5.939347,8.735510
3.139210,-2.551818
8.048513,4.901709
-2.903889,4.482252
-1.409099,1.316247
3.147541,-2.535172
23.166029,0.929070
16.611511,-1.588370
11.789255,8.995402
1.307825,11.717768
8.347319,-3.340823
-0.486499,2.093399
3.632376,5.126816
19.230284,-3.181616
8.710220,-3.406582
-4.255262,2.918914
4.423905,9.427484
7.859397,15.956385
5.492381,5.597161
2.845243,5.206245
4.228860,-7.215006
2.001239,-0.699453
6.037774,7.536401
1.961860,-5.079204
2.896864,-1.848927
-4.361431,3.022381
-0.708575,10.492959
7.511301,9.383338
17.694937,2.309552
3.433321,-6.195382
8.980953,-3.543054
-5.263007,1.467557
14.329263,2.108293
1.456482,5.957730
10.099905,6.982560
7.075769,2.451133
-3.938005,-8.276719
8.664818,-3.491338
-3.308619,6.397332
9.997254,3.363233
15.411551,3.337653
0.421770,-7.628026
1.052707,5.608083
20.083820,-0.011233
8.691103,-3.473953
-4.860330,5.907764
8.109402,4.989493
17.361818,13.223828
14.883826,-0.068505
5.457244,8.555767
14.394377,-4.650972
10.508696,-6.665306
1.370492,7.039067
-2.587437,-0.986409
7.743127,17.922323
-1.127574,13.523197
0.826157,12.341290
-3.677739,8.519779
-5.276381,1.448131
4.820928,1.212435
2.998597,2.813940
11.108219,5.445026
10.331449,-3.023006
16.793203,-1.567682
6.996215,2.557549
10.774402,-6.719641
-2.856122,4.432452
10.906219,-0.339176
5.153741,4.642128
-0.734178,3.596466
-2.587533,-0.985231
-1.665301,7.513648
8.046108,-3.582189
14.280479,-4.591444
14.695820,-4.882648
2.258722,-4.945359
-0.758159,3.573134
10.680338,-0.322118
14.238243,-4.586037
1.548731,-2.575207
14.800079,0.019336
12.708627,4.586647
16.569489,-2.062998
0.463366,-3.646713
9.837896,5.876031
-5.185980,-5.258246
-0.213008,-1.801594
-5.246551,1.492466
7.053437,1.138289
8.387304,-7.709757
15.413750,3.334538
-3.955572,-6.104987
10.869627,-0.321374
-0.435521,2.144475
6.212463,9.160557
1.571691,-2.568871
10.329549,12.248815
16.128582,10.716023
17.050879,7.080719
7.423044,9.290545
10.925175,12.517362
0.409802,-7.619298
4.815968,18.903303
-1.862430,-4.791539
4.870274,-4.760075
20.675362,-0.045766
4.037531,14.645164
4.810938,18.904764
3.218350,1.469426
12.300756,1.847335
19.447727,2.135471
10.069692,3.294991
15.599156,5.783042
10.852603,2.286484
12.337958,7.970662
13.908391,6.951678
14.660718,-4.885006
0.412798,-7.629375
17.057714,-3.914532
10.853704,-0.325303
16.390444,0.740701
4.076738,2.242033
13.807366,6.850390
10.865267,2.297645
7.416049,9.283768
10.225286,8.017699
4.890945,-4.778209
-2.819001,0.589585
10.513850,-6.583391
17.040115,-3.922030
-0.337740,-5.079766
19.137968,12.652727
5.221634,12.177383
6.807626,12.318902
13.426511,12.429317
-0.226551,-1.799431
-0.414340,10.928701
20.074619,-0.023285
2.922038,5.328508
5.402900,-2.697084
5.132587,12.066651
10.707032,-0.336341
14.865042,-0.052488
-0.252106,-1.807894
-4.148029,2.865317
8.303491,4.779272
8.193746,10.625442
22.516186,2.860260
8.781201,-3.460779
2.620257,1.267410
16.556147,6.856811
3.222086,1.467153
-2.887863,4.472665
16.779295,-1.560487
10.063262,3.366176
16.723042,10.563065
-0.740147,13.904635
14.694911,-4.884356
10.542699,-6.640795
7.011303,1.108516
10.914881,12.510676
4.003475,-4.076285
-2.874643,4.442996
-0.304668,-1.768748
10.754886,12.159212
19.446659,2.136465
3.109371,-2.527782
6.737183,-11.429470
1.570513,-2.568935
1.961338,-5.074545
14.350542,-4.582954
15.604839,5.788236
-3.889442,8.011682
-5.273592,1.444909
-5.265181,1.464985
10.588006,-0.271147
6.361317,4.029869
12.817063,-6.305519
14.182012,-4.491869
18.831139,-0.250209
3.243164,8.562917
14.360742,-4.607119
1.663048,9.893026
6.121834,9.242777
2.938596,-1.854847
18.762554,5.529183
-1.098785,5.609816
16.762619,-1.624449
0.462507,-7.570389
-0.997437,16.154936
8.610172,-3.176618
7.417219,9.271136
6.332226,20.008961
11.664468,9.097369
0.825693,6.605546
-3.891932,8.015031
-4.021833,-8.346653
4.893721,17.709480
9.540084,12.195460
-2.887486,4.464654
6.331963,20.008772
7.277257,-8.696042
-1.727319,-2.665035
10.848785,-6.675743
14.590805,-4.857256
-2.145251,-11.679036
13.964746,-4.719781
-4.415458,3.136930
14.222231,-4.584436
-0.251398,-1.820354
12.099416,3.195370
14.233500,-5.022768
19.108227,10.673597
14.247293,-4.592542
10.931345,-6.693129
14.382562,-4.614675
5.540945,5.503703
13.392263,12.408437
5.314241,10.079638
7.856525,11.424381
8.718085,-3.432115
12.548105,17.062857
14.303215,-4.588179
-5.295810,1.425081
11.686041,9.074827
10.486436,-15.765482
-4.166542,-3.960233
2.919460,-1.876469
-1.270515,16.154299
-4.304942,2.914061
3.137030,-2.493607
8.967430,16.408176
14.347360,-4.571892
4.859897,5.866892
0.565714,6.532643
8.889648,8.669355
6.920837,-11.395636
10.693664,-6.453382
9.836731,5.877650
15.112041,12.441103
8.844399,-0.470783
-4.056136,0.727205
-3.726629,8.088322
6.123637,-0.163844
6.411848,3.967824
-4.263360,2.952881
4.809728,18.909454
1.577399,-2.568918
7.550731,4.446620
-0.714814,10.478517
13.260135,0.208070
3.993247,14.600450
14.351766,5.566050
14.177007,-4.485531
3.142008,-2.549157
8.151466,3.202413
18.882082,9.887934
-4.065159,0.732087
10.001436,3.526541
8.718293,8.522379
2.962213,10.873341
-3.895631,8.012124
3.167046,-2.573060
17.235319,10.760234
8.305611,15.705722
0.877550,2.059485
-2.141037,-11.672771
6.796492,-11.537917
18.767952,5.524320
3.580760,6.083487
5.350366,6.921065
20.677504,-0.047395
18.482374,-5.115850
6.125463,9.253233
8.756512,-3.366217
8.582438,-3.603249
16.386431,0.742891
10.924348,-0.558343
13.827884,-4.868471
6.970883,4.665659
1.560965,-2.575609
10.527502,-0.383266
8.769367,-3.388154
0.595315,-1.968362
8.788052,-0.480196
11.272987,-12.568365
3.035169,5.279823
8.060236,5.064702
10.748757,-6.678227
14.717536,0.104085
0.877735,2.054791
3.015572,5.282400
4.212898,-7.224123
4.804354,-8.373538
3.936134,-4.007045
3.576869,13.001349
-8.706979,-0.997346
8.729790,1.294236
1.154789,5.684633
3.931353,-4.003465
1.719846,0.576706
-2.139814,-11.671095
7.254505,-8.726518
10.781528,12.152513
0.375737,-7.593107
13.340626,-2.187172
11.971513,3.064581
15.491232,3.252766
14.310141,9.297985
14.387410,-4.915384
-2.242134,-2.524606
0.507190,6.518404
7.946578,15.986226
8.131392,10.484831
2.852166,5.202419
3.874867,-3.933813
13.906414,6.950185
5.240261,6.828160
3.279318,10.552149
8.537421,-3.306574
5.183156,-8.521704
7.753175,-3.237599
-5.719942,10.564289
7.031886,5.693148
14.262497,-5.186202
8.324948,10.310616
11.252330,9.895922
13.329676,-2.152985
13.328025,-2.165361
13.998535,-4.779221
10.070894,3.330591
-3.984400,-6.123115
7.128436,5.843539
-4.875602,5.928403
-2.770815,4.333938
-6.302582,-3.913174
7.004620,5.711977
15.181051,5.524276
-4.022954,-8.320607
1.574274,-2.569039
-0.384810,10.984872
15.061857,14.054490
-4.858364,5.935132
14.361770,-4.689201
6.838500,6.166967
17.033825,-3.914071
-5.984544,8.781381
2.916081,10.464107
-0.653393,10.595487
5.931297,7.258764
3.150113,-2.561999
6.922551,7.964440
3.643797,5.131231
11.212357,10.043291
14.310962,9.322946
13.303927,-2.171162
-4.232862,2.944009
10.708122,-7.062755
8.634517,1.392835
8.457951,-3.196482
0.822846,6.609559
-5.273166,1.451748
-4.863588,5.911445
8.353605,4.722116
5.553013,4.634902
10.619246,9.609715
0.654780,-2.857940
11.573472,6.879914
16.560026,6.856936
7.067922,2.455051
3.137253,-2.525854
-0.226035,-1.803114
8.562333,11.205276
-0.224980,-1.775293
13.940590,14.692204
14.311276,2.105633
4.223134,0.674926
-8.003659,-4.491509
9.714662,16.091776
3.906343,13.301513
-3.988790,-6.114291
14.346963,-5.088404
10.222801,8.012947
10.742836,12.195362
-3.976438,-6.141064
10.898461,-6.464156
8.728250,8.531854
8.282189,4.742946
-0.200656,-1.730977
-3.112550,8.465859
12.849596,-2.112858
-2.758408,0.656842
10.855371,2.284718
8.687656,5.610647
6.854060,-11.537408
1.245463,-1.263586
21.752186,-2.314717
3.183211,4.850492
5.338458,10.165846
15.814979,-3.580853
4.926859,-4.817356
14.616078,-4.878282
1.869855,-0.837899
8.499135,1.587298
14.378404,-4.789002
-3.623051,8.516946
4.034503,2.225788
7.441641,15.591126
13.922220,-4.837932
4.947420,-4.830492
17.700684,2.330222
12.728580,1.403249
4.896948,5.885982
6.572611,3.787408
13.251577,-2.206056
5.143288,4.644877
6.704606,-11.392347
4.908679,16.309744
18.756338,5.536378
0.458252,-3.662541
0.618381,-2.935011
17.090975,11.011282
4.057566,14.662257
-3.895593,8.005918
17.708452,2.328821
10.773646,-0.316244
8.285706,15.734294
3.155888,-2.561923
10.767776,-6.800344
4.834060,18.880690
8.649405,1.384273
4.076993,2.240727
-0.228783,-1.782902
10.540694,-6.616612
1.478188,10.065862
2.258636,4.043493
5.166668,-0.486585
12.850304,9.822195
1.155241,11.893791
1.578573,-2.566832
5.017268,-8.371622
5.097893,12.072133
4.000992,2.189556
6.968800,2.571879
10.922649,-6.674468
4.863079,3.545213
8.543097,-3.994489
14.632479,-4.885482
7.506741,15.585745
8.057405,4.901489
-0.257105,-1.818004
14.711269,-4.884555
0.414235,-7.623633
0.235820,0.335967
14.715384,-4.899912
14.345454,-5.195184
10.580260,-0.406289
-1.132548,5.137710
10.953338,-6.530297
16.503361,10.888929
0.169903,4.523429
10.627175,9.606251
10.059477,11.112179
10.583749,-0.296600
6.797502,12.325221
13.110173,-10.951878
9.544727,12.192706
14.703500,-4.955271
20.667801,-0.046451
4.127624,0.730326
10.826760,-6.318589
14.689864,-4.921369
11.277370,-4.461897
13.920349,6.964615
10.720238,-0.294058
5.296064,6.873266
11.863597,1.399426
2.995843,2.815808
5.374861,6.904420
4.808067,3.562101
5.132786,4.637207
16.936754,14.516601
11.108247,5.447612
2.046020,-14.009689
3.643953,5.128067
4.875947,-4.767267
19.135204,12.653226
11.279031,-4.463378
-3.112618,8.465506
10.822500,-0.305111
8.134552,4.965162
12.305757,6.681044
15.629266,5.812241
17.018707,-3.896740
8.310660,4.781623
10.882390,-0.460564
4.804326,18.915585
10.003891,12.166735
10.859464,-0.327691
10.510391,1.978316
1.482952,10.064219
8.524996,-3.167630
14.537773,-4.928765
18.126551,9.118101
9.571084,12.155282
18.125757,9.118478
-1.896211,2.796902
4.900622,17.724928
8.154240,3.205066
4.975658,17.619503
0.460486,-3.636203
10.785605,9.751388
10.660674,5.254114
10.033725,3.375024
10.832916,-0.310524
5.183687,-0.514911
19.208698,-3.203628
-0.241035,-1.792266
14.575109,2.211696
-4.137295,-3.931227
7.037972,1.145720
17.026562,-3.909421
19.119991,12.623076
8.657437,-3.477757
11.977735,3.073339
-2.139736,-11.669209
6.199582,9.162176
14.707233,-4.882568
-2.333778,6.115924
4.853020,1.244443
-6.257984,-3.978667
8.574697,-3.222316
1.564611,-2.571404
0.851374,3.411452
-1.113732,13.518535
-4.262998,2.955509
10.801173,-6.351540
-1.527788,-3.513718
8.808045,-0.509154
8.038568,-3.387983
7.887471,16.032429
10.747128,12.217593
0.408888,-7.641603
-5.938163,8.734660
13.129758,-1.985750
19.885242,-6.242352
14.348239,2.113081
11.051438,-6.666551
9.705725,13.163882
7.302885,-8.670991
0.833967,2.096265
8.501187,-3.185065
-1.329719,-3.654106
14.265689,-4.655259
5.034975,-8.114259
4.899642,17.719774
10.062881,11.085761
18.657297,13.167298
8.791718,-0.523321
8.754584,-10.506310
14.932719,-0.125719
13.224177,0.171886
16.613180,10.331968
3.218581,1.468453
17.052366,7.076444
5.273498,-2.723844
10.226770,8.014523
13.913148,6.955559
13.801382,6.845051
10.094474,3.423158
14.965863,-0.159419
8.676563,1.341852
-4.885139,-1.018433
14.243363,-5.085480
6.644490,3.652130
3.167595,-2.548253
7.926847,11.316583
13.207883,0.148876
15.329507,6.659641
2.960223,10.884038
0.378149,-7.610379
5.404725,-2.693762
8.773385,8.555525
11.981996,3.075850
13.969831,-4.890400
-0.236436,-1.787169
17.335648,5.525770
-4.232171,2.911647
-2.859741,4.438930
3.168329,-2.580769
8.060821,-3.303507
0.863265,2.067709
8.664153,1.368628
-0.189209,-1.703568
-4.282710,2.925453
19.088846,12.703325
11.575593,4.497587
7.415327,9.284841
-0.907561,-6.628572
4.764390,3.579754
14.240962,-4.986835
16.516937,10.703875
6.830561,-11.591887
10.784108,-6.364535
16.855732,-10.465702
0.407976,-7.638062
14.375742,-5.169367
9.702220,13.166339
15.114811,12.438042
2.999892,2.811596
7.909213,3.836496
16.803640,-1.583522
10.284986,6.796904
8.408875,-3.644970
16.572905,10.700842
14.105159,3.729700
3.035538,1.729616
-1.492486,1.407566
10.350725,1.840441
9.701878,13.169076
0.443867,-3.670618
-5.187946,-5.263298
8.104845,3.446064
9.534767,12.170125
10.905286,-6.565398
3.042506,-4.843120
10.193388,6.872779
16.610130,11.472084
3.139057,-2.537290
8.715357,1.343575
14.681708,-4.888358
12.337753,7.970470
4.413871,-0.617093
-4.069408,0.731677
8.704019,1.312146
-0.246191,-1.804730
10.746389,-0.280271
-1.095885,5.605579
8.315983,-3.448879
5.191923,-0.518602
16.514200,10.378520
2.177802,3.958852
10.041911,12.140650
0.216846,0.355241
6.628010,3.667548
15.165793,5.514153
14.701122,-4.899059
8.784330,5.554060
-4.086744,-3.900397
9.844098,16.186081
14.075658,-5.088034
12.952472,5.247810
5.741487,8.614598
13.208320,0.151713
17.021696,-3.899588
-2.993615,-5.252480
-6.598875,2.832184
9.625679,12.146531
6.143208,-0.134387
0.944536,6.518569
1.563537,-2.571633
1.710062,0.587844
19.454330,2.124394
1.423447,6.992661
14.393806,-4.584281
-1.126793,5.143933
0.856384,3.406724
4.939424,-4.817732
12.991051,9.187280
18.134851,9.113034
10.807485,-0.326073
14.878846,-0.078435
6.783915,6.098641
14.696938,4.895545
7.856256,-3.257498
8.791276,-3.493486
10.094124,11.090735
17.012123,-3.890822
0.869213,2.065682
9.856093,16.198645
16.273148,11.053485
10.517040,-6.681831
8.509038,-3.124684
14.682248,-4.882666
2.204201,3.987561
8.965185,-3.565518
7.056854,14.134729
8.679958,1.334334
-0.284844,-1.830213
8.335249,15.861857
6.774866,12.310406
-6.016012,-3.718094
2.026977,15.859373
-0.638422,10.617074
-4.057004,2.769432
-0.027870,-5.053601
-1.540752,-3.498830
6.034652,7.544509
-6.600213,2.832861
4.779112,7.321980
12.566267,17.085829
5.116680,12.095952
14.853378,-0.033016
-6.598395,2.830448
1.482114,10.066405
5.812077,8.672606
7.803719,-3.262598
10.616254,-0.288486
1.654272,9.900617
-6.755863,4.467237
22.513098,2.856932
4.895397,16.296322
8.987211,-3.543737
20.080523,-0.014622
4.342584,-12.962177
5.255058,8.416532
19.246649,-3.171336
4.910189,16.311268
5.957182,-1.505054
-6.333881,-3.828626
8.792812,5.557721
5.951024,-1.509279
-3.033312,10.017762
13.282177,-2.288465
20.743139,1.380645
7.039304,1.149442
16.499220,-1.604469
7.836158,-3.256853
-2.805163,4.380702
9.536239,12.197025
-1.292591,7.640604
6.943185,-11.234113
15.148436,2.276790
14.935966,-0.125295
11.313696,-12.567863
19.458971,14.199462
0.373022,-7.661123
6.737734,-11.389525
17.083582,7.050646
10.793930,-6.339484
1.198289,4.539404
4.834909,18.874247
1.689170,0.607550
-2.869536,4.447540
14.191507,-4.508406
3.711375,5.163371
10.745569,12.347434
-5.188437,-5.262396
17.077404,-3.894523
14.254334,-4.584485
6.105839,-0.233760
5.911856,14.561574
8.809654,-0.507677
17.056042,-3.922609
13.408336,12.408655
10.920548,-6.603431
-1.098813,5.570271
8.731457,-10.564368
10.833064,-0.323916
19.881830,-6.240283
15.596399,5.781641
14.946406,-0.139928
8.937074,-10.320667
8.785546,5.550111
14.782330,7.809998
9.608393,13.273721
-6.005382,-3.715822
8.754915,-3.390607
-1.094128,5.584991
3.189720,-2.578217
-2.135352,-11.665684
-4.161524,-3.950390
14.343328,10.628659
9.748997,13.111173
7.669344,17.879635
10.595584,-0.361489
14.910701,-0.085223
4.900681,-4.792420
14.354511,-4.639466
19.136812,12.648567
5.484534,5.537757
7.595025,15.590751
8.804058,-10.511091
14.970896,-0.160375
16.749729,-1.555445
7.829180,-3.274586
2.921411,-1.862091
13.167231,-11.047118
15.056571,14.059262
-2.180882,-5.874389
-3.978926,-6.126392
14.367358,-4.593124
-0.249250,4.829212
17.083338,10.486835
6.549463,4.199161
5.021854,-8.388788
2.959283,-1.896332
16.864138,-1.683219
19.334614,-2.998285
10.824704,2.299811
8.585649,11.190994
18.065039,2.018644
-4.377624,3.097985
3.136415,-2.541546
10.930912,-6.618209
6.692574,-11.407381
-6.609076,2.831530
10.451719,1.927310
10.226948,8.003640
-5.960947,-1.063159
-0.248047,-1.804341
16.530928,-1.606009
13.205887,-1.958600
8.168710,-3.519920
0.502410,-7.544909
5.129021,-8.358306
16.929390,14.513618
-2.018334,-2.216552
4.920435,-4.812095
-0.504177,2.074553
8.638748,1.380698
2.917872,10.476021
3.147942,-2.536905
19.148697,12.641576
18.063282,2.019037
-2.137672,-11.670195
-1.289037,7.645473
22.517229,2.861086
8.682924,-3.439635
14.666375,-4.870038
16.564295,0.269681
8.805303,-0.505891
22.065117,-4.514700
10.064538,7.013104
16.612000,10.327365
6.834883,-11.584983
0.189640,6.620304
-4.130312,2.843984
-3.837025,8.053364
7.395615,9.266327
16.616409,10.280324
5.194290,12.195836
8.789100,5.561690
18.124041,9.118313
4.079246,2.249733
14.207417,-4.636023
-3.888527,8.011830
8.305355,4.778319
4.806911,18.903427
14.118051,3.726781
-1.119066,13.563236
8.599612,1.430785
-2.880918,4.459939
8.206134,-3.481204
17.046541,-3.929710
15.407894,3.341504
1.177872,-6.371532
8.474565,-3.213303
3.851848,6.522474
20.078772,-0.007256
14.637698,-4.872753
10.843047,12.446532
-1.124766,5.136576
5.491245,5.546836
4.893981,17.716219
8.456158,-3.205053
8.312770,10.448040
0.418587,-7.622473
15.063908,14.057186
18.668873,13.155167
15.069172,14.057823
10.610139,-0.339528
13.246837,0.194998
8.661462,1.348668
13.379235,12.375322
14.973372,7.885180
11.106185,5.444187
3.142346,-2.547766
7.546657,17.007456
11.548237,4.401750
14.652686,-4.868656
19.881575,-6.240190
-4.046057,-8.353922
-3.976361,-6.127997
0.990350,-6.552142
13.160730,-1.944575
5.314279,10.058142
0.898660,2.028333
6.784329,6.083905
13.816800,-4.923791
14.243389,-10.514896
3.013186,5.284274
4.976401,17.622660
5.506990,-2.848659
10.687753,2.175054
17.025282,-3.905012
5.069584,12.056793
3.896357,13.289948
8.746229,1.283326
10.195085,6.869183
7.239686,-8.732598
5.252520,8.413510
8.813293,-0.498545
5.935857,7.250686
22.503887,2.846990
20.116085,8.117053
8.928414,16.361429
4.120914,0.733332
11.523656,4.432561
-1.497676,1.405299
10.937204,-6.554601
17.072918,-3.947699
8.824218,-0.495193
6.653676,3.644898
10.018179,16.496843
10.326877,12.502364
-4.592545,3.294264
7.087811,2.443318
8.711543,-3.755898
10.799115,12.326326
-4.891867,5.933826
14.632244,-4.833138
9.837564,5.877978
9.838108,5.878040
-0.214111,-1.745421
-5.170726,1.564958
17.358616,13.227655
1.651616,9.905049
0.450514,-3.666971
8.711762,-3.410621
-0.237439,-1.802467
15.182286,5.525672
14.076153,-4.902838
10.209326,9.512820
10.693207,12.317944
2.986817,1.729934
10.562100,-0.368367
16.906675,-1.837916
8.016540,10.654511
8.650778,-3.376987
-1.279389,0.993476
6.759245,12.358586
9.806512,5.864361
17.328938,5.551272
1.202910,4.521328
-2.015992,-2.205696
16.789232,-1.626051
-0.786128,3.561320
-5.937880,8.732783
14.658937,-4.830983
18.610617,-0.380725
17.722027,2.339564
14.304326,2.101019
3.145258,-2.551946
-4.003843,-8.360871
8.673034,-3.897752
7.915171,11.308547
5.423032,-8.491102
6.569952,4.222932
-8.006593,-4.494632
13.995940,-4.866452
6.592378,12.523330
15.420311,3.328325
17.048168,-3.931768
5.151424,4.645820
18.658699,13.166548
6.368305,4.031777
14.667635,-4.851451
19.453176,-3.368787
1.485271,10.059891
16.860346,6.799325
7.138074,3.721338
8.379089,-4.161932
0.420565,-7.624188
16.484035,10.493049
13.933777,14.695955
10.658606,-0.327418
-0.471532,2.136357
-0.239325,-1.808291
-4.853242,-1.051071
6.846705,6.152419
5.074513,12.047355
7.362338,9.232900
15.822873,-3.569351
-3.662265,8.525827
5.138214,-0.460587
11.105877,5.443538
8.508663,-3.159447
7.499581,9.371944
0.305119,5.804812
8.891929,-3.515986
2.562408,6.682401
17.053509,-3.923720
1.426091,6.997819
0.451031,-3.663172
15.330588,6.659781
17.220831,-7.070963
5.216053,-8.455643
13.120300,-10.983478
6.937510,-11.552569
14.310637,-4.665908
8.707754,1.308498
2.914797,10.480481
0.448522,-7.592736
6.918952,-11.164117
18.462133,-5.122334
8.176260,15.806170
3.144990,-2.552629
10.499136,-15.757976
22.227692,-4.260077
12.736396,1.398715
8.852287,1.158806
8.158061,-3.526513
-3.114326,8.464756
-1.270200,7.652413
13.135845,-11.047906
17.465096,10.718119
5.372654,12.380349
5.373669,6.959206
16.952402,14.510285
9.539616,12.189099
7.414963,9.283160
15.057202,14.041746
16.772408,-1.630302
8.156060,3.184963
14.612780,2.187692
3.014922,5.278531
-3.306586,6.396225
-4.601900,3.300698
16.294170,11.050567
4.954538,-4.806049
4.209246,0.678625
14.023834,-4.683315
-4.061351,0.730910
17.017439,-3.896817
17.110039,14.340813
3.279635,10.550640
7.107501,-11.526640
-0.221636,-1.773287
8.501280,1.586795
12.302467,6.677197
8.748608,1.276845
10.840204,-7.221961
-4.847691,-1.055550
4.855816,1.245504
-4.572618,3.271020
-1.130523,5.632610
-1.726329,-2.666366
1.882695,-0.826295
17.044561,-3.925709
10.962867,-6.510508
3.147280,-2.555944
3.729107,5.162864
-1.098618,5.129260
7.447090,9.315978
-3.944260,-8.327456
8.813188,-0.502441
15.419802,3.308339
6.937816,5.830788
5.654188,4.642965
16.748640,-1.572724
22.510937,2.854577
14.246540,-5.076160
7.997079,-3.470022
4.323773,8.481197
16.479025,10.431746
14.694948,4.897582
-5.987437,8.784218
10.839459,-7.203494
-4.875206,5.907023
11.547243,6.886234
22.071352,-4.284542
6.956708,4.688277
14.416129,-5.112337
16.551689,-1.623287
8.823890,-0.501681
7.046465,1.153435
14.690440,-4.885545
-3.300983,6.395459
-4.008510,-8.330453
17.046545,-3.926227
-4.172670,2.893787
19.884905,-6.242276
22.516609,2.860563
1.557593,-2.578151
-1.457689,1.369432
5.144657,-0.459936
16.624640,10.391493
-2.142149,-11.673844
2.927449,-1.893991
-4.867849,5.944114
6.095696,-0.247148
9.696938,13.171484
3.836047,13.245272
8.775809,1.239259
-4.014446,2.725453
0.240498,0.327627
3.584005,6.084452
8.675938,5.603677
12.044158,6.665602
10.686976,-0.320389
-0.442869,2.074407
12.305080,6.679385
10.552601,-6.617430
14.269798,-4.886189
8.126634,4.978578
3.999712,2.190711
10.542991,-6.537041
12.648677,4.433120
19.148335,12.637330
4.899991,17.714741
5.331667,6.894435
5.038293,-8.524402
8.728900,-10.530910
0.484586,-3.605711
17.045610,-3.904494
1.554971,-2.579646
18.666254,13.158180
0.420160,-7.622225
8.564021,-3.953045
4.816206,18.887520
13.013158,-2.125415
5.943725,7.266287
16.618660,-2.044153
7.310594,-11.424992
-2.722362,4.285862
16.307594,11.005036
13.973207,-4.761536
10.917873,12.511840
17.916836,8.295103
8.093564,5.019757
8.051844,-3.828796
13.800403,-4.915542
7.062931,2.467507
9.898891,3.493548
6.632047,3.663425
-8.005980,-4.493939
7.252186,-8.728479
10.837316,-0.310063
7.948964,-3.454722
14.903108,7.078187
5.268442,-2.836828
14.946739,-0.139150
7.502930,15.589326
4.811024,18.908382
16.489820,-1.647735
-2.243339,-2.526525
10.848001,-0.247055
0.410398,-7.651163
8.131681,-3.424013
16.204950,10.677888
5.937553,7.262426
5.507932,2.092081
5.952640,-1.503325
11.529698,4.459644
4.897308,17.716330
-5.960152,8.756386
8.778055,-10.434173
10.062040,12.186955
8.812704,-0.507119
8.818830,-0.505630
5.101252,-0.463734
10.225818,8.017082
-1.528145,-3.511222
4.119982,0.742917
14.315101,2.104646
21.793667,-2.377990
20.075754,-0.012543
14.316489,2.105858
9.858618,3.433930
8.811885,-10.495359
14.022784,-4.744615
4.790477,16.183399
4.821048,18.882277
2.059548,1.778638
9.631146,13.228373
3.136626,-2.526958
3.134615,-2.505331
2.930666,-1.900364
9.177746,5.637056
16.933739,-1.819776
13.950253,14.682646
16.559599,0.281874
15.051923,14.061496
1.353840,6.937287
0.407018,-7.645662
10.265666,8.054451
3.136834,-2.556047
5.189816,-0.515739
10.537171,-15.723569
-5.328502,1.487411
13.231641,-2.204128
-2.188689,11.771411
18.807516,-0.271366
5.192870,-0.508967
12.331120,6.704929
14.030439,-4.749616
4.910668,16.310148
16.506880,-1.613321
20.697466,1.428342
14.505577,-4.803360
1.414946,7.003974
16.626850,6.900018
10.862788,-0.313637
3.132706,-2.517597
16.277994,11.043708
4.769011,3.603378
13.943536,14.687707
-3.290931,6.390376
11.941097,3.034574
3.141822,-2.541451
13.626235,3.223950
14.871047,-0.048030
16.876083,-1.749439
-0.794308,3.558146
-6.162526,-1.298056
10.919903,12.512989
16.771328,-1.584558
6.365897,4.027839
-1.089239,5.583261
-2.082780,-2.303776
1.303324,11.717961
13.113776,-10.989559
3.581594,6.070224
19.459911,14.200912
11.001458,-6.576849
6.433454,3.973380
14.391955,-4.824839
-1.113223,13.516893
7.548068,4.404775
3.874632,6.511178
0.648437,9.435904
19.207315,-3.203470
3.865242,13.274979
16.620916,10.360782
4.859924,1.274794
6.924363,-11.252978
-4.019705,12.067277
16.561987,0.278487
3.900122,-3.959088
-0.334411,-5.076657
10.507086,1.971277
2.923528,-1.882044
1.755813,0.544643
-1.278999,0.992062
5.179867,12.169442
-4.044867,-8.378385
-0.249493,-1.794380
-4.190068,2.910712
1.906577,-0.813019
8.146442,7.126375
13.163748,0.104687
6.955081,4.683616
2.930640,-1.901289
-1.721622,-2.674966
6.106960,6.376970
2.898241,5.346667
-2.781015,0.630061
4.867553,18.908667
9.966081,3.528871
7.248621,-8.712354
5.946561,-1.513653
13.191694,-2.137834
4.072729,2.243527
17.021233,-3.900765
10.995426,-6.555524
9.837614,5.875278
7.881457,16.386890
15.447050,3.300851
8.806908,-0.500026
-4.128086,2.838873
-3.220438,8.523313
16.996729,-3.875087
10.713029,-6.577777
10.575477,-0.284478
19.135197,12.652113
1.197554,4.489404
15.061234,14.054222
0.948648,6.520306
-3.855074,8.017321
0.394013,-7.645828
5.212329,-0.480634
18.611036,-0.380916
8.989316,16.431095
15.061330,14.061284
17.020258,-3.899015
-0.378070,-5.043585
9.987472,3.545607
8.841846,-10.432173
1.499411,6.909074
7.248546,-8.713238
6.634017,3.657248
22.507307,2.853620
9.594862,12.151536
16.754452,10.847311
2.247630,4.047819
16.527328,-1.635982
0.826849,2.099385
5.013137,-8.388451
17.307400,13.163014
6.039650,7.531365
6.657131,3.642331
8.129036,10.463958
7.340103,-11.426640
3.897583,-3.953653
13.141853,-11.028296
4.799325,3.580662
13.214225,-2.232891
8.576383,-3.181983
8.859838,-10.398828
6.386182,6.823834
1.590794,5.867887
12.875906,-2.046539
14.605117,-4.881647
10.494253,-15.761247
7.583214,17.720732
14.663304,-4.913090
-2.830019,4.383097
9.598512,13.287595
5.019608,-8.411408
14.667620,-4.920340
2.009176,-0.693587
4.764149,3.599623
14.978891,7.888424
5.742334,8.616365
14.611045,-4.928083
16.494289,-1.662202
8.087556,3.439039
6.997986,2.546924
1.327237,11.695266
1.450410,6.955598
-0.244785,-1.751832
-3.682242,8.515320
16.879866,10.975135
10.506616,-15.755627
-1.429153,1.336638
9.004928,16.443426
8.941643,-3.523236
13.386241,12.380558
8.056797,-3.357652
7.902102,18.001490
17.040928,-3.922601
13.106272,-10.990680
7.788571,-3.390776
12.853786,-1.767661
2.995625,2.814818
19.124466,12.667254
10.837409,-0.310873
5.264248,8.425803
7.071394,5.928972
19.494753,4.491283
6.947189,7.928345
6.553659,4.197986
19.342037,-3.013735
2.968239,5.320603
16.133156,14.297635
16.832066,6.770795
8.720019,-10.565278
-3.876025,8.028333
5.237560,8.396013
2.924448,10.516153
5.475630,5.549707
16.619295,10.298315
5.945839,-1.513419
6.776868,-11.466241
22.131969,-4.447755
13.392705,12.389744
16.465929,-1.635144
10.037982,3.401199
16.585005,-1.550385
8.137921,-3.861874
10.007430,3.406137
6.626106,3.672620
8.816371,-0.497927
7.976840,16.231066
10.233124,6.832094
12.774937,-6.259497
6.729650,12.383006
13.220253,0.176458
8.176060,-3.398873
8.320033,11.531790
-4.132450,2.844618
18.858810,9.898105
16.858341,6.793682
8.019732,10.665025
4.854355,16.263371
20.322603,6.404143
22.140141,-4.412808
8.220118,10.613528
16.439884,-1.624307
8.295299,15.742241
14.442530,2.142515
13.384373,12.399203
5.161156,-8.470076
-3.894807,8.009760
20.693174,1.433702
6.237710,-0.205248
14.254647,-5.218727
8.842196,-3.472809
8.265441,-3.382794
16.390656,0.739708
10.613095,-6.679330
-6.908842,8.248782
4.781545,7.322306
10.829919,-7.081162
17.016029,-3.896608
21.760927,-2.336383
6.655623,12.460068
0.408929,-7.631784
-4.004973,-8.331799
13.210238,-2.166148
14.385365,-4.572903
8.185216,7.150847
6.966296,-11.235418
-3.655648,8.515078
6.369145,4.008309
-3.991273,-8.326562
10.882237,-0.265885
1.484703,10.066003
7.921420,16.010548
19.101854,10.675612
8.350175,-3.418688
-2.358401,15.747727
0.823698,6.608114
15.429752,3.270625
22.109575,-4.443340
11.975842,3.063078
13.940373,-4.808781
0.875863,2.056844
2.912115,-1.862436
8.734261,-10.541944
-2.554565,-3.248037
22.506144,2.849364
7.015500,5.685102
16.880075,-1.765346
4.882402,-4.772009
-1.112346,16.194117
-6.127773,-1.247966
19.138077,12.649379
8.495336,1.595586
-0.995983,5.487922
12.819891,-6.306384
16.056187,10.716459
3.003418,5.285884
3.223213,1.465662
4.826175,1.215427
9.754730,13.107373
10.203500,6.870882
0.066634,6.519603
20.652311,-0.060687
8.005069,-3.384217
-0.288133,-1.839121
19.442217,2.140587
10.028350,3.558180
5.420166,6.886636
22.500809,2.845629
-3.303133,6.398949
13.098235,-1.770748
15.074705,14.074985
10.756249,12.193896
15.260984,1.369782
-5.941766,8.738272
14.915864,-0.107976
-1.754801,-2.639780
0.851682,3.408110
18.488720,-5.091509
8.110826,-3.399407
3.220939,1.463701
2.004012,-0.701760
-1.014204,-6.554565
-1.184935,0.854163
13.119139,-10.999090
7.919808,3.836545
6.815913,-11.554241
5.520309,-8.502984
17.356640,13.220196
2.995259,2.817895
15.240383,1.395512
5.526735,-8.511822
-5.315612,1.452630
11.708382,9.079437
13.203642,0.147061
10.852412,-0.309662
6.166743,-0.167826
13.056476,-1.783230
4.949500,-4.825776
22.506645,2.852530
14.679669,-4.897064
3.133410,-2.533760
4.843023,16.249508
19.885254,-6.242388
1.470278,5.957475
13.129082,-2.047777
17.720467,2.304779
8.713522,-3.747997
21.762516,-2.333053
9.571760,12.170447
5.400189,12.406220
6.742875,6.116920
-5.248014,1.503499
4.306800,5.603466
-0.481792,2.097610
14.891041,-0.065998
10.696525,12.305818
-4.864154,5.915847
14.360300,-4.580972
14.180587,-4.511611
17.671288,2.291138
-0.238102,-1.800537
1.203760,4.515497
4.784558,3.590877
18.660797,13.165534
16.857618,6.796073
0.903622,2.027542
8.614382,1.423156
14.353898,-5.108834
-3.293329,6.392433
-0.430110,9.943191
2.946823,10.873151
3.301603,8.087054
6.379313,3.997193
11.330140,10.128839
-2.052805,-2.210731
15.046149,14.058982
17.039820,7.105257
5.097754,12.087476
16.521963,10.392522
16.200428,14.333186
-3.680326,8.524228
-5.218310,1.532715
6.442200,4.126090
0.400141,-7.647556
0.826906,6.656995
13.934732,14.698346
-4.007085,-8.336298
2.955802,10.873467
13.926799,14.703680
5.336332,10.153948
-4.254619,2.941486
7.838363,-3.381009
5.249277,-8.478429
8.500219,1.587352
8.491375,1.598918
16.940750,14.514479
-5.007381,-0.553768
14.634669,-4.913264
8.588602,-3.179262
4.855022,16.256937
7.883825,-3.266381
10.619393,-0.293996
4.855219,16.257460
15.058450,14.064332
1.962536,-5.085439
13.661467,5.644590
10.239976,9.530456
14.327416,-4.736126
13.973110,14.650710
7.485260,15.583519
15.820265,-3.573239
13.119535,-2.059829
8.951112,-3.541138
19.296150,-3.217633
6.874139,-11.515779
7.870096,15.971691
4.830542,18.895386
-0.992566,-6.580050
10.058891,3.520364
7.011326,1.114308
10.506507,-15.753295
12.030915,6.691330
10.803923,-0.291411
-3.649331,8.523526
10.848050,12.437259
4.999376,-8.391421
8.617491,-3.440570
2.919696,10.485606
8.299832,4.778021
-1.022409,-6.550263
8.562776,-3.921258
6.638544,3.655557
4.066625,2.241369
-4.237381,2.912166
12.565033,17.084385
5.408065,6.949844
13.226645,0.168977
11.093751,8.649170
-0.927929,5.345107
18.119530,9.115526
13.791198,-4.789799
10.021892,3.582307
10.329040,12.499154
-1.686437,7.504650
16.785786,-1.598183
22.512846,2.858846
19.458269,14.199008
10.568309,-0.378833
1.179962,4.468337
10.586492,-6.570591
4.799222,3.576110
13.166998,-11.021284
0.234616,0.334112
-4.021809,12.065492
-1.024153,-6.549057
13.239811,-2.257006
13.139035,-11.004212
-5.187494,-5.263123
8.508576,-3.779341
0.846900,2.080444
11.708050,9.062817
7.995859,-3.441411
8.833570,-10.445207
8.331774,11.530673
17.071417,7.100327
6.950287,7.927824
16.918741,-1.808929
-2.137208,-11.667907
-0.729118,13.922709
15.113143,12.441279
17.111271,1.955692
-4.050277,0.718799
0.848855,2.078394
14.907320,7.080687
17.109709,14.364307
7.019308,5.694305
0.876306,2.050291
-6.014841,-3.718963
16.201014,10.522842
14.881297,-0.065778
-4.116278,2.830502
0.908584,7.097123
-2.759406,0.655914
-4.174564,2.896718
-0.244398,-1.787045
-0.380317,10.991273
-3.886206,8.024737
2.043947,1.770562
3.583751,5.087024
16.783524,-1.577072
-4.055459,0.727541
10.661107,-0.602068
-1.249777,16.211847
8.759856,-3.544990
14.693211,4.894714
2.937560,5.317267
0.392935,-7.639783
5.204584,-0.471579
-4.069231,-8.397548
6.425834,6.775297
19.201681,-3.242713
9.710483,16.070347
12.846474,-6.336030
13.880554,-4.966616
19.456944,2.124014
-4.235301,2.952834
8.771803,-3.735489
18.658873,13.161715
2.970667,10.858322
4.890858,-8.297945
-1.433459,1.341313
-6.081520,-3.766968
8.820140,-0.504623
20.696959,-0.065347
8.690013,-3.748713
-1.326850,-3.653819
4.887251,-4.779891
7.917998,18.009077
17.371738,10.700218
5.009512,-8.378065
8.566167,-3.920433
6.784067,6.093175
13.989203,-4.695756
23.164185,0.932589
10.206220,6.861386
0.047699,6.504120
7.904537,-4.080425
10.672689,-0.306161
10.036763,12.145498
8.097322,3.427997
-4.068617,-8.399384
10.804423,-6.355249
10.514081,5.148883
19.129549,12.660443
5.227634,-0.533945
10.679749,9.763892
-4.253445,2.941639
3.172116,-2.581798
8.564662,-3.476706
8.300180,4.771410
3.133137,-2.558217
12.957513,5.236641
-4.132511,2.844953
17.065767,7.066844
-1.130879,5.140507
12.965315,-1.836631
-3.302151,6.393933
5.315480,-7.914429
7.264282,-8.708255
-0.747234,13.921941
14.748008,0.077469
20.722197,6.486118
-2.839551,4.414103
8.758327,1.259024
8.477931,-3.644379
5.134625,-8.209159
3.124545,-2.515697
-1.092791,5.587788
-4.004413,-8.327148
8.985714,-3.550267
10.647944,2.156282
15.160731,2.273195
4.854838,16.256876
8.990560,16.430738
18.610613,-0.380906
10.055283,11.088242
-4.430791,3.128934
13.925819,6.970640
14.835223,-0.021888
8.534531,1.530548
4.756089,3.636601
-1.626584,10.744772
10.605504,9.597654
1.720607,0.576160
7.237443,-8.740453
11.254258,9.899838
8.843578,-0.498747
3.147275,-2.454981
9.502330,12.221042
8.503004,-3.810433
18.638720,13.181149
2.290430,4.074068
-2.888403,4.464248
2.914942,-1.884932
4.125538,0.733776
4.853564,16.247807
6.425674,4.058424
-6.304493,-0.947587
-1.282325,7.644568
17.324091,5.538980
16.090649,10.713476
10.815912,-6.361606
4.000774,2.192660
4.682961,3.678631
1.425563,6.994959
7.420805,5.058053
16.561182,-2.092425
5.094210,12.083014
5.455502,-2.697546
7.948391,15.968016
4.719931,3.630334
12.890222,-1.855921
14.977077,7.888222
5.928521,7.267681
8.694557,5.598315
21.721169,-2.285602
1.177983,4.470128
8.812798,8.592776
2.887353,-1.906869
1.611834,-1.024247
5.063402,12.052695
2.947023,10.846908
10.944255,-6.523910
11.259601,9.889290
-4.884253,5.919168
9.114827,-3.580264
16.424299,-1.681274
8.595247,-3.920517
5.342096,12.354847
17.045824,7.133696
12.348862,16.653854
13.835545,-4.881764
8.496099,1.593987
18.038242,2.039068
-1.099661,5.607064
19.458866,14.200169
5.680386,1.923813
8.006788,15.891136
-2.137638,-11.668827
10.801343,-0.680342
17.039282,7.109261
11.453285,6.160163
8.924365,16.357346
8.608621,-3.901775
8.351820,11.505233
11.248441,9.894695
10.965804,-7.037624
2.941686,10.849817
8.653554,1.346193
20.671326,-0.045100
0.428990,-7.654431
6.951771,4.697555
17.070017,7.059494
10.928959,12.522773
20.697460,-0.064445
15.827069,-3.566495
1.272926,11.745372
10.622566,9.718206
0.453232,-7.590347
-4.130248,2.838297
13.723907,-4.884813
0.392910,-7.634357
10.876658,-0.314138
0.117110,4.559828
5.514366,-2.917691
8.484135,-3.676077
3.644703,5.116254
18.608639,-0.383720
1.559291,-2.577955
4.831438,17.722954
9.988923,3.406600
10.306695,12.503176
14.102619,-10.634858
-1.150512,5.131987
-1.321838,7.630489
-1.929740,2.861753
18.656866,13.165985
15.113379,12.441524
10.788918,-6.711765
3.629660,5.108914
2.240411,4.028604
6.767541,6.111240
5.416925,12.394317
20.102251,0.004364
-0.041898,-5.052413
10.943048,12.534822
18.883392,9.887938
5.350499,12.360986
5.679988,1.927267
8.313046,4.776673
5.465494,-3.065944
5.876363,1.725799
-5.260467,1.466920
10.797303,-6.535428
10.799296,-0.325953
-1.868747,2.810917
10.764254,-0.338888
-2.051058,-2.253608
11.272121,-4.462624
10.378948,1.855309
0.305515,5.801222
2.987300,1.723290
5.099969,12.096224
22.179083,-4.354731
14.788603,7.805866
12.735598,1.401371
15.413615,3.335671
10.230609,6.838378
12.882749,9.845291
7.550444,16.994869
17.059978,-3.943641
7.073127,14.137996
-0.258672,-1.825284
5.291655,12.298835
22.680845,0.162639
16.649521,11.590741
6.991539,-11.304210
14.083375,-4.431800
-2.763898,4.348738
5.330791,10.167806
15.254084,1.387340
18.656153,13.166558
10.977622,-6.642712
-4.135565,2.854006
6.922164,-11.512936
2.243268,4.024168
7.554111,4.406771
-1.104515,5.182145
12.736129,1.401090
16.919989,10.934040
-0.622521,3.732052
17.057049,-3.941010
6.347763,4.046096
7.794696,-3.372257
14.609058,-4.834763
12.820662,-1.766449
6.922488,7.961762
5.675378,4.664879
-4.881831,-1.022982
0.822490,12.347001
10.059985,11.086226
14.317947,2.106656
0.845311,2.079211
-1.491366,1.402992
1.213926,-6.336480
15.032726,-0.226517
4.957018,17.627615
3.217082,1.467062
6.965101,-11.470829
0.844106,2.085879
14.349886,-4.842904
15.164362,2.278413
4.844365,16.238686
4.867276,18.840906
-4.309164,2.982766
6.769296,6.109531
5.239473,-8.462236
10.598753,-0.339342
8.901104,8.692571
7.042130,1.149481
-0.356584,-5.068351
10.600965,-0.355356
4.892582,-4.781943
8.314013,4.779345
-4.223723,2.933093
10.765176,-0.602201
10.761866,12.159392
4.816990,3.565577
-4.117358,-8.451136
20.639778,-0.057028
6.554375,4.205624
-1.182463,0.848552
5.148544,12.141547
19.884953,-6.242246
0.242519,0.328425
5.331912,10.158208
5.402063,6.943299
14.269278,-4.590486
-6.597108,2.829556
8.404746,-3.250756
-1.280665,7.647274
10.965557,-6.649501
7.078623,14.136060
13.023832,9.098805
22.516939,2.862181
-2.609389,0.817224
14.928617,-0.126999
4.090490,2.255400
5.144651,-8.433184
0.041754,6.506545
2.964205,10.874758
10.037736,3.368166
14.096095,-10.653478
16.810598,10.527571
1.179633,4.467927
11.711973,9.057464
5.288606,-7.975127
6.115305,6.375793
7.492817,15.591756
6.655477,-11.403561
12.102446,3.198841
4.895323,-4.787622
10.811053,-0.258266
1.537412,-2.601074
19.271683,-3.147710
0.801268,2.119798
17.129541,1.975637
17.882761,-5.793517
10.004984,3.531099
10.671510,-0.338487
5.090041,-0.487897
18.679707,5.608432
-1.894806,2.797139
-2.912048,4.462862
10.837671,-6.694124
4.840080,16.236517
7.893920,18.004795
5.145737,4.644956
19.885406,-6.242833
-4.099860,2.813082
14.249783,-5.209070
10.085547,12.229506
-3.967582,-8.306023
16.390091,0.740610
19.409693,-3.163782
5.172731,12.159779
10.811031,-6.725777
19.885868,-6.243171
22.093199,-4.509217
-1.908258,2.812600
7.272801,-8.694068
-1.902726,-0.401767
-4.210617,2.921707
-5.988159,8.784842
8.684037,5.626060
8.952969,8.738946
-1.085246,5.582986
10.803132,-6.646937
13.904472,-4.724462
2.545189,6.671127
-6.049497,-3.742748
11.018808,-0.576144
3.214592,1.470991
7.920987,-3.342107
20.171829,7.944214
14.254094,-4.583346
3.153236,-2.563591
1.957449,-5.086045
19.147686,12.642887
5.387815,-2.921470
21.776081,-2.363956
10.089785,3.303360
8.810168,-10.494028
-0.356900,-5.069990
10.674128,9.783331
17.691467,4.086357
3.153207,8.777215
8.806693,-0.499034
5.166514,-0.490468
19.249512,-3.155179
10.232664,8.011875
4.120640,0.739408
7.854051,-3.406905
12.849213,9.815699
22.128107,-4.426446
15.180626,5.524783
7.923081,3.839056
-0.236824,-1.808773
15.120299,14.110104
8.851836,-3.494521
21.766153,-2.330078
13.862372,-4.821162
-2.502064,-3.138718
-3.239340,8.498910
7.400799,9.272248
17.099897,14.360951
1.052682,-6.482296
1.026214,-6.511963
6.625794,-11.369358
2.982638,10.813794
-2.501747,-3.139327
-2.266832,-2.508221
1.027771,-6.510136
-3.708997,8.540674
15.068437,14.060837
12.837548,-6.330698
16.393904,0.737106
6.629894,12.454112
-3.683960,8.527639
0.834148,2.092808
15.057767,14.058652
13.010202,-1.904696
5.679916,4.644631
-0.477904,2.100141
3.026154,5.283125
-0.332323,-5.077343
14.161700,-4.534573
7.127153,-11.438718
10.846437,12.435697
-2.874062,4.422021
0.462256,-7.583313
19.341148,-3.013593
22.515179,2.859096
8.848768,-3.522526
6.360353,4.039408
-5.983421,8.779978
12.815992,-1.760577
4.845232,16.246481
4.784732,18.819485
11.411898,6.122787
-2.359853,6.093167
19.129162,12.656872
10.688054,-6.770602
0.664670,-2.878698
6.872418,6.122468
-4.005295,-8.332961
10.472448,-15.774443
1.959875,-5.078800
3.852700,6.524758
9.753119,13.107390
-0.479603,2.098117
0.789190,2.133816
-6.238283,-3.956581
14.560072,-4.823072
-5.231704,1.525432
8.660784,1.349063
-5.985744,8.782571
9.585085,12.149342
-4.317122,2.980342
4.830672,18.866772
1.575060,-2.568171
9.544242,12.175078
8.578421,-3.189684
6.595732,12.512929
-1.322704,-3.661433
8.408772,-3.554086
10.753081,12.200578
15.062663,14.059587
15.070661,14.063402
7.447751,9.316815
10.911613,12.512951
-1.509894,-3.529876
19.266306,-3.089220
-3.688673,8.521152
-1.902617,2.831148
10.835407,-6.556579
8.321929,11.532428
6.280213,-0.196987
20.078354,-0.012813
4.677375,3.688236
-4.142771,-3.938840
13.218538,0.161072
13.027844,9.103130
18.065876,2.015026
18.881186,9.881442
6.418078,4.012146
18.078558,2.003949
4.093300,2.258839
14.826507,7.842093
18.686161,13.138590
10.798421,-6.367079
19.273962,-3.074897
7.039746,1.147491
-1.348463,-3.641175
12.991799,-1.744880
-3.918236,-8.259331
17.723045,4.051705
19.522448,-7.633868
-2.040443,-2.248683
19.359135,-2.950777
2.589965,1.307795
-0.615462,3.709315
11.277993,-4.462891
-1.755681,-2.643418
4.411196,9.417146
10.832354,-0.289222
12.881344,-1.823746
4.970745,-4.846036
15.418124,3.329388
13.049209,-2.205652
0.940607,7.087408
8.588388,11.199182
4.864459,16.260017
0.840443,6.646274
19.331837,-3.002847
10.845363,-6.320395
6.382615,6.828558
2.958464,10.870335
5.685492,-2.717304
2.956495,-1.925905
-1.529840,-3.508553
6.916468,7.972647
14.889710,-0.081261
14.252644,-10.546743
10.625727,-0.297788
20.071264,8.050364
6.834791,-11.509004
4.834162,16.227455
5.150054,12.137466
5.682443,1.921286
7.915928,-3.447475
14.665254,-4.870459
13.931654,-4.772098
4.080653,2.243103
11.955250,3.042105
17.041346,11.004802
3.595399,6.091731
5.174658,-8.213557
10.881475,-6.986087
22.134722,-4.404433
10.223278,8.008295
18.475801,-5.120887
7.015103,-11.434240
8.469473,-3.225422
8.496299,1.592989
16.620533,10.378036
14.179314,-5.180133
2.543917,6.672177
-3.645931,8.513765
13.298359,-11.127855
4.736587,3.626848
0.862292,3.395920
14.050897,-4.729431
4.853381,1.244437
-5.004148,-0.608997
5.480224,5.618615
17.688818,2.313572
16.621098,-1.958863
5.211029,12.162677
6.665087,12.451728
5.139391,-8.472855
19.320524,-3.004687
21.758848,-2.325025
16.754784,-1.594306
10.931475,12.526082
1.029055,-6.510239
12.182160,6.692076
6.506528,14.384346
18.606543,-0.383660
-4.225163,2.927298
6.972023,-11.295689
6.654572,-11.407810
-4.159952,2.877335
5.190400,-8.398943
5.251098,-0.494959
7.975574,-3.919080
8.637784,-3.469654
15.413694,3.332795
0.825226,12.346736
-0.364113,-5.071946
-0.242030,-1.793046
18.666349,13.162782
6.093807,6.368278
19.885044,-6.243705
7.058237,1.158778
0.089951,0.490262
5.507024,-8.508261
19.228497,-3.182763
9.700028,13.162399
7.617308,17.725346
-6.220945,-3.941075
13.150249,-10.990225
7.889115,-3.347381
11.684780,9.082378
10.847101,-6.718499
2.043671,-14.012726
14.268388,-4.537569
-1.067023,5.219411
17.047735,7.076054
22.175894,-4.334793
-5.996217,8.793639
8.102878,-3.973325
6.752766,-11.312243
8.110761,-3.389915
4.785226,3.588919
0.240957,0.321800
18.510683,-5.068765
18.669413,13.155005
10.020529,3.434510
-0.362939,-5.067152
20.669090,-0.047786
5.898541,7.261101
20.709946,-0.090220
10.957047,-6.655063
4.776935,16.187559
14.343253,-4.604637
6.632382,-11.393984
5.415131,-2.646960
6.507414,14.383971
8.345783,-4.134813
0.236107,0.333584
20.082283,8.096634
10.843655,-6.520923
6.627196,3.670856
-4.180955,2.897537
19.331884,-3.004198
8.835211,-0.488858
8.771658,-10.505762
8.133796,-3.435420
6.676422,-11.381609
10.705728,-0.268877
10.925377,12.517614
6.807129,-11.526326
-3.683963,8.524252
5.942542,-1.515273
8.147097,-3.492207
10.774961,-6.773267
4.018229,14.621972
-4.288871,2.967937
0.469944,-3.633113
13.205018,0.159411
5.225417,12.170454
10.956903,12.546222
-4.213641,2.925665
-0.249203,-1.806644
8.072075,3.473823
7.447993,9.317757
8.536041,-3.244997
4.814106,-8.455342
16.197626,14.333022
16.644344,-1.662659
17.915977,8.292751
10.973055,-6.628930
6.682222,12.394153
13.191368,-11.017667
16.525463,-1.653183
10.058195,3.367021
17.861639,-5.814973
6.380952,4.008039
15.113762,12.440988
1.510546,6.905936
0.625336,-2.933923
19.428007,-3.107440
2.908014,10.484653
4.390064,9.399192
10.229456,6.838966
2.979743,10.831590
7.063396,2.466343
-3.887966,8.016652
14.200608,9.087955
10.863541,-6.738916
-2.033352,-2.235066
19.171886,3.989788
17.060181,7.066982
4.759482,3.611576
19.445774,2.137067
4.118647,0.736977
-6.021403,-3.725316
0.912192,7.095068
5.493070,5.558915
10.866776,12.456206
13.187716,0.131013
14.663023,-4.875393
1.637722,5.831702
0.269121,0.302214
9.821236,5.872560
9.837068,5.873882
2.989708,1.721143
5.161660,-8.453723
15.826869,-3.578993
12.673620,4.467816
7.014166,1.161907
-3.674679,8.529048
4.791846,3.589837
22.106018,-4.459657
13.208432,0.148657
4.409557,9.414898
-4.879837,-1.018785
-1.112089,13.508145
12.874231,9.847341
5.515638,5.603421
2.966017,10.857031
17.020220,7.107596
10.988185,-6.601669
10.583539,-0.326932
13.032230,9.096584
2.964070,10.871081
-4.172580,2.886455
10.581724,-0.377637
5.443862,-2.923229
-5.214804,1.532412
13.171680,-2.030729
-4.153911,2.874157
14.399801,-4.791505
8.925083,16.359550
-0.158317,-1.694990
6.966954,4.686623
8.777268,5.548371
12.962146,-1.822763
-1.218913,16.179457
2.994221,2.818359
14.404929,-4.673908
7.986388,16.248098
1.716263,0.581136
9.530870,12.167862
12.791302,-6.274804
13.406268,12.416018
8.917829,-3.525684
-2.814365,4.392197
-2.096881,-5.891358
8.664694,1.348746
16.454109,-1.654507
1.670542,0.629098
1.555197,-2.580217
10.327310,12.504874
4.906967,-4.789926
8.076823,5.041500
0.795734,2.124522
-4.063196,0.730399
11.615261,10.427043
-2.321909,6.111370
11.281232,-4.457127
-3.111120,8.464849
-0.010058,-5.052807
17.691061,2.343324
5.173370,12.159297
3.192759,4.864501
8.500196,-3.447234
-0.305269,-5.105999
4.049365,14.653041
0.156337,6.593530
12.772905,-6.254869
14.981086,7.881063
2.602787,1.276128
13.386016,12.405519
-3.673500,8.522983
19.258448,-3.109289
4.083348,2.245145
-4.160077,2.888586
12.182878,17.423855
8.809566,8.595909
-6.332922,-3.900372
0.897027,6.550911
13.938404,14.693543
-1.902716,2.832708
18.034439,2.044698
5.237148,-0.489943
15.594899,5.779547
19.243643,-3.178980
-4.063930,0.731252
6.364622,4.026825
-8.007289,-4.495052
3.119388,-2.506605
15.056212,14.057564
-2.890406,4.455557
7.061516,-11.353353
8.408321,10.354186
4.298937,5.602815
-3.841316,8.018328
8.610476,-3.857371
13.237525,-11.037868
10.751526,12.151804
4.759820,3.621522
8.070049,-3.475104
-1.228010,-3.708529
10.781745,-6.669136
9.990571,16.435223
3.124411,-2.504262
14.042815,-4.759889
0.663255,-2.879044
5.209209,-0.516827
-0.029184,-5.050329
2.926058,-1.893825
17.036394,-3.919518
14.526634,-4.827938
5.261948,12.210775
5.389767,6.904084
13.941866,-4.696424
4.761078,3.611441
10.395134,12.261577
5.465320,-8.405209
6.636109,-11.386599
-3.982958,-6.125742
-1.508226,-3.531293
-6.001880,-3.712877
17.135338,10.454016
10.693822,-0.317257
12.829337,-6.318557
10.499999,-15.762011
-6.240790,-3.957757
8.697590,1.313547
14.142056,-4.566763
4.042466,2.228033
10.777080,-0.656110
6.971597,-11.411492
6.278065,-0.194667
8.812866,-3.436450
16.389359,0.742599
5.003420,-8.355366
12.859629,9.821089
2.057257,1.778022
10.773524,-0.322673
10.805965,-6.608974
-0.713460,10.478879
16.536415,-1.641319
-1.520177,-3.519139
16.549994,-1.659064
3.069296,0.360802
-4.870448,5.943268
1.208306,4.512022
0.062738,6.512475
-4.969857,-0.885643
20.672430,-0.045635
-1.747769,-2.646075
11.432541,9.461894
7.908628,18.010294
5.116410,12.105522
1.185283,-6.365737
0.822209,6.598906
7.055354,-11.414927
6.970805,-11.272073
13.147248,-10.999582
4.301488,5.595636
10.322012,12.495550
22.172850,-4.374982
21.805714,-2.389796
7.095775,-11.361522
-3.982911,-6.122032
14.121857,-10.622594
2.595604,1.306891
8.804524,-10.425776
13.250840,-2.122284
7.037822,-11.348840
15.114011,12.440950
19.507229,-3.241493
0.110067,6.574984
7.392179,9.262991
19.169346,12.620197
17.046198,-3.945692
18.048975,2.028434
2.329363,-4.942849
8.823900,-3.512295
-1.313956,7.621287
-3.662871,8.524256
8.319304,-3.525271
15.154367,2.268201
11.068685,5.420220
3.029011,1.714869
10.042399,12.147980
8.154515,3.200278
-1.023144,-6.548477
5.506118,5.594716
10.227059,8.015912
0.058495,6.527223
20.082123,-0.012473
1.191344,-6.362392
19.448210,2.135385
14.203087,-4.672443
-0.235707,-1.809744
-5.298910,1.453200
5.507423,5.508916
-6.910251,8.247816
5.465595,10.029881
9.595529,13.288125
-6.072794,-3.767991
12.848292,9.819855
16.542980,6.957407
17.862701,-5.812887
19.146360,12.642245
7.229791,-8.749245
3.609958,6.109394
16.625677,10.347816
0.807782,6.601961
3.113225,-2.521017
7.094787,-11.414618
8.681042,5.614560
14.985768,-0.187361
17.043018,7.057872
14.978886,7.889106
-0.701976,3.560270
10.845438,12.437656
-1.530526,-3.510454
5.370064,6.967843
-4.183404,2.902190
5.243991,-2.803651
-2.807382,4.403612
0.240946,0.328184
14.009972,-4.845512
4.423359,9.429461
11.029468,-6.742216
5.939314,7.260573
2.868556,5.207005
14.774251,0.047474
2.989766,2.822888
16.888901,-1.780191
22.053978,-4.245151
16.646715,11.116186
11.705757,10.511133
13.946503,-4.936010
-6.906856,8.250781
6.992647,-11.452339
13.911168,6.956734
17.645039,2.285511
8.625228,-3.453022
3.019370,5.285965
14.192928,-4.520167
9.084818,6.952692
17.363722,13.227634
8.100129,3.425824
22.041599,-4.268172
7.984281,-3.968530
12.296805,1.838688
0.831875,2.096591
-1.082044,5.616850
7.062422,5.668378
-0.306649,-5.112538
5.120541,-8.140886
4.872211,17.701269
0.826897,12.345236
11.962324,3.049071
-1.900939,2.812585
4.008807,14.614549
14.067714,-4.980223
9.951763,12.252883
6.332544,20.009382
11.058973,-6.668399
10.846242,-7.025130
4.320127,8.480244
1.489211,6.924328
15.598188,5.777164
4.682527,3.684892
8.911803,-3.552659
16.844582,6.778091
7.012042,-11.282837
11.627487,4.529914
0.447571,-7.607884
-4.054390,0.726412
-2.096312,-5.885792
6.038647,7.541328
-1.412201,1.321505
-4.869112,5.945083
5.371710,12.340814
18.040537,2.036571
21.850441,-4.453286
1.555366,-2.576066
18.843012,-0.238822
16.621954,10.350883
13.995247,-4.574210
13.946696,-4.868415
14.560654,2.209275
9.839170,3.486340
12.735159,-2.316527
3.848013,6.530426
14.550848,2.219428
-2.838984,4.414712
7.863454,15.984678
0.442249,-7.615755
0.821334,12.350204
8.836220,-0.488548
12.859758,9.825992
8.591561,11.200470
0.461828,-7.584097
7.249612,-8.715389
0.447671,-7.606769
10.332956,12.499634
16.440985,-1.683026
5.312593,10.070761
1.720924,0.575894
-0.737459,3.595650
5.514725,5.576505
4.756926,3.612767
5.052821,-8.406681
0.845936,2.076812
0.392303,-7.647669
2.610607,1.288357
4.860126,16.256117
-4.175091,2.891968
8.705677,5.556012
-4.160362,2.877079
5.422585,-2.897447
-2.826508,4.396261
8.179036,-3.511252
9.668245,10.156419
17.154310,10.435469
6.921421,-11.488437
16.656496,10.594722
4.874302,18.847017
-2.590903,-0.989057
17.881552,8.326495
8.686854,1.317495
8.839228,-0.489734
9.096336,6.959273
8.275658,7.070481
10.057236,7.018269
-4.219421,2.929185
0.188786,6.621769
-3.982657,-6.134944
14.151154,-10.596148
0.184689,6.613028
-1.124280,13.566573
-6.054907,-3.750238
1.666941,0.633428
16.707020,10.524414
19.445509,2.137544
9.565519,13.291645
8.571944,-3.198783
5.093756,12.087309
5.944952,-1.514175
9.837625,5.878812
5.199009,-8.375230
-2.837010,4.392886
2.968546,10.866066
10.214780,6.867182
12.276226,16.612762
5.007617,-8.354397
-5.945389,-1.074539
6.360415,4.028858
7.404153,9.275492
2.925547,-1.898380
16.738335,-1.593310
0.857107,12.314055
19.298935,-3.008010
7.722237,-3.538311
16.520300,-1.647820
21.763897,-2.331351
0.865980,2.061374
4.975344,17.621845
8.818481,5.591650
2.300590,4.083383
0.804435,2.118378
9.165865,5.624132
18.069031,2.012586
12.113951,3.207875
21.758543,-2.323731
3.582432,6.087597
17.045912,-3.945774
15.179673,5.523446
14.731793,0.094287
8.133031,10.529056
8.589000,11.185844
13.147117,-11.003949
-3.985835,-6.143659
4.919953,16.320227
2.916493,-1.903096
14.977691,-0.163859
13.921442,6.966245
-2.815481,4.384925
14.952908,-0.143698
3.153250,8.777862
-1.860802,-4.787189
9.529441,12.147506
8.012188,15.958589
1.057456,6.617356
-1.435551,1.351732
-2.332555,6.110187
0.822860,12.361961
5.621357,4.640311
16.511284,10.876527
17.360720,13.225543
3.835534,13.239115
11.704900,9.067245
8.454900,-3.230823
8.712236,5.604886
12.239626,16.611361
-2.757528,4.332371
16.862726,-1.834570
10.929631,12.518400
10.007085,3.396302
-0.421354,10.918802
4.825312,3.579043
6.562143,3.809629
-1.922177,2.770669
19.458496,14.199336
14.258363,-4.651073
4.836870,16.232769
-5.988258,8.785517
-0.223732,-1.743840
14.315176,9.330556
4.779439,3.591568
6.953181,10.370043
8.925502,16.363031
14.792945,0.020108
-1.284167,1.003204
-1.397198,1.306562
8.975073,8.750127
10.710697,-0.196000
17.061293,7.113626
16.924152,14.516644
14.318958,-4.557193
5.153860,-0.465761
9.508995,-15.973001
1.053332,6.305277
12.861536,-6.350534
22.506971,2.850505
16.496620,-1.640034
5.044763,-8.338528
0.151536,6.592552
-4.609157,3.308784
4.874720,18.843927
-1.091216,5.571978
12.806395,-1.935617
20.663307,6.534774
10.349784,12.516176
10.494779,-15.763896
6.299076,-0.213728
-1.117673,5.143436
16.520529,10.385480
2.958889,10.870955
10.794053,12.311686
14.375441,9.241710
10.547912,-6.617426
0.407986,-7.632132
19.458765,14.199448
4.952466,18.737087
-1.724573,-2.667851
10.799110,-6.544133
14.575845,-4.817526
0.471557,-3.642869
-0.361427,-5.066374
4.923406,16.327833
0.306645,5.811259
8.806274,-0.501541
1.473717,10.069401
0.664342,-2.881590
5.176438,-0.495963
-0.037748,-5.055964
-0.249884,-1.812147
1.187304,-6.364301
8.831235,-0.492591
0.833800,6.588650
15.046903,14.065497
15.050473,14.063898
6.946548,7.929207
8.833307,-0.491337
4.125561,0.733174
5.167163,12.122962
5.268700,8.375571
10.550665,-0.463598
1.182639,4.471097
6.947195,7.928626
8.138518,3.203163
4.931808,-4.817479
22.131454,-4.384412
14.861426,-0.053460
8.684312,1.318871
5.359337,12.243561
6.206047,-0.209732
6.948534,-11.241230
10.206437,9.511789
10.809075,-6.467852
1.452814,10.088088
8.637119,-3.755008
14.650567,-4.878889
10.855447,2.284199
-3.916514,-8.312644
13.393717,12.388632
6.712946,-11.472391
15.071054,14.055327
13.059660,-2.079943
8.289209,4.807822
13.189606,-2.018039
4.004893,14.612012
3.951685,13.320770
14.200239,-4.545447
14.235495,-4.574300
-2.760927,0.656445
20.658449,-0.024333
-1.898924,2.796939
6.649767,12.465858
19.453508,2.124139
20.672911,-0.046706
8.132777,-3.518723
6.664330,12.454268
7.404913,9.276686
12.819161,-6.304173
8.487795,1.605644
14.124603,-4.447826
18.882231,9.886098
5.941157,7.239627
0.396025,-7.632256
6.173888,-0.117688
-3.113059,8.466255
9.950645,3.524143
0.722269,-2.066829
14.310157,9.329344
-4.862035,5.915564
20.665026,-0.049019
6.491527,14.388798
19.223362,-3.201864
-4.365681,3.023093
-3.990182,-8.319853
4.952940,-4.842064
-6.590107,2.822145
8.048909,-3.790201
15.418036,3.303548
1.575901,-2.570555
18.131306,9.105842
3.900354,-3.959543
-0.712000,10.482138
1.560685,-2.577015
2.209327,3.992605
16.634821,10.403423
7.692484,-3.443862
0.407919,-7.625650
-2.345600,15.754398
9.184422,-3.573479
8.307772,4.783256
10.867010,12.482273
4.909861,-4.800055
2.305385,4.085978
0.426897,-7.620307
6.814656,-11.336551
0.319312,0.299865
-0.237453,-1.788853
3.475696,12.940284
-1.901562,2.816819
10.497663,-6.653115
4.867712,5.871739
-0.044941,-5.056072
-4.231836,2.933154
10.501410,9.655421
1.265329,11.753204
16.611933,10.319415
-1.438795,1.351069
14.162071,-4.506039
8.538710,-3.141574
3.128009,-2.530391
22.009598,-4.526048
5.479811,-2.716493
0.842579,2.080464
5.400210,6.948283
10.062820,11.092259
3.151588,-2.549914
6.772701,-11.500288
4.810992,18.902590
-2.295259,6.082864
22.516266,2.861173
8.483360,-3.657446
8.515105,1.565536
14.369152,-4.801340
6.510161,14.382115
8.570664,-3.217358
8.664063,5.606205
5.340563,10.153461
22.515863,2.861003
8.361731,-4.266662
-3.941329,-8.331673
-1.625657,10.744597
0.459256,-3.661022
-2.135405,-11.667312
18.660252,13.163689
14.702456,0.127489
11.225488,10.052922
18.685745,5.609938
18.132889,9.108932
11.551019,4.462004
4.902305,-4.793569
14.674970,-4.956820
-4.156209,-3.949001
0.299268,5.794233
7.974115,-3.432823
14.661701,-4.888186
0.415952,-7.631152
4.783903,3.604506
-0.270467,-1.828676
22.517612,2.861607
6.553214,4.205497
2.296515,4.080421
14.632272,-4.856868
-7.997554,-4.487919
14.821753,0.000199
14.305594,9.307383
16.623703,10.346701
11.548580,6.876902
17.053484,7.084540
12.537537,17.044441
8.787813,5.555746
-4.883704,-1.020213
9.967206,3.450078
1.665713,9.889273
8.021603,4.909003
-0.232589,-1.769038
16.387987,0.741979
9.989699,3.435731
6.808785,-11.564766
-1.286374,7.641747
7.693345,-3.433429
10.759200,-0.653089
8.571349,-3.812057
19.294331,-3.068953
0.845034,3.413600
0.847132,2.082445
-0.335103,-5.067733
-2.818039,0.594148
12.861985,9.831239
12.346614,6.730491
7.960358,-3.381336
22.512737,2.856497
4.218561,0.675187
13.407825,12.396451
7.563521,16.987209
7.416926,9.286283
17.752245,2.259684
-1.437303,1.343769
-4.882695,-1.022047
5.712848,-2.745636
14.061923,-10.689432
5.497226,5.597364
14.116929,3.727312
16.616228,10.481243
8.204901,-3.583619
17.041807,7.106952
6.668839,12.444275
-1.436307,1.344672
4.724742,3.624483
-4.100456,-3.910626
22.517281,2.861053
1.677236,0.625932
14.129268,-4.455591
6.932768,5.838452
14.677080,0.147636
15.599610,5.781090
14.322148,2.105064
11.969044,3.059363
7.834802,-3.437865
5.344725,12.341062
0.153766,6.604684
16.623692,10.361847
5.435020,-2.689370
9.530070,12.166615
5.316469,-7.952223
8.308619,11.551274
14.186024,-4.483245
5.718011,-2.759183
20.477726,3.460654
4.223584,0.673920
10.024629,16.510147
-0.747955,13.914931
4.912448,16.314062
20.659859,-0.056196
13.220360,-11.019037
-4.055343,0.725631
19.110044,10.680399
13.158923,0.106280
20.112896,7.947789
20.083372,-0.012399
14.692245,4.900660
-4.068077,0.730722
-2.338690,6.115226
14.141909,-4.471637
7.425084,9.291745
-6.609344,2.831093
9.004044,16.450014
-4.149810,2.862976
5.316176,-7.917827
0.852647,3.406618
-0.236655,-1.787386
-0.260214,-1.816698
1.206821,4.515779
-2.136173,-11.674134
12.313229,16.595613
16.624609,10.296155
8.799230,5.543771
17.022650,-3.905562
9.024395,-3.570497
9.575421,12.148872
11.542263,4.451035
1.181191,4.468858
14.820297,-0.007068
8.648815,-3.440412
18.049774,2.029721
10.218513,8.006897
0.431437,-7.654056
1.703887,0.592646
4.913574,16.315447
18.661058,13.163646
9.603477,13.277379
11.530575,4.448166
-5.272573,1.450541
0.864280,2.064516
8.298293,4.798214
-6.593787,2.827465
5.071245,12.053327
3.910086,13.305192
11.867011,1.399383
3.573472,6.076109
10.043669,3.263880
10.837762,-0.284899
5.125572,12.110266
9.100134,-3.584737
14.160325,-10.596099
4.723364,3.631795
1.027697,-6.510777
-6.236117,-3.956303
14.158420,-10.597407
-1.183288,0.849105
9.545330,-15.939949
7.260475,-8.699820
1.667994,9.886142
10.758506,-6.725966
20.068590,8.061388
-1.891437,2.790393
17.653202,2.352239
10.830655,-0.357589
4.897789,17.712250
0.415989,-7.631137
6.684511,-11.458929
3.166558,-2.565363
15.513330,3.246582
12.320488,16.601717
6.752270,-11.347056
13.654479,5.641846
-2.342420,6.116813
0.092120,0.487731
11.495476,4.402697
18.463861,-5.130331
2.243110,4.032900
13.952237,-4.819263
8.546374,-3.384297
13.190294,0.134092
7.405662,9.276350
10.768438,-6.582732
21.774883,-2.364748
4.006178,14.612975
20.066427,8.076538
-5.247466,1.490284
18.651499,13.171206
9.842855,5.877224
16.513535,-1.691303
21.878204,-4.422826
6.399926,6.767125
1.199403,4.497981
17.035746,-3.925283
12.303653,6.681406
7.508185,9.383651
6.621140,3.677753
5.319378,12.238476
3.289566,10.530440
6.296026,-0.217093
21.759518,-2.326448
14.518859,-4.810456
4.792865,16.198425
-4.270513,2.987248
-0.739119,3.583789
-0.707652,10.487710
10.842461,12.430660
5.230825,6.812323
16.603935,10.343600
16.613634,-1.992284
14.085183,-10.667779
4.732944,3.673461
8.497830,-3.787954
14.348415,5.562837
-3.979966,-6.128057
14.652490,-4.894072
10.807643,-6.753156
16.391396,0.740420
12.822726,-6.310651
5.927145,14.558683
12.676823,-2.035459
16.481611,-1.750214
2.543018,6.671456
17.916262,8.287140
1.507442,6.908076
8.077459,5.026191
-2.126000,-11.658185
4.181447,-7.241957
13.916570,14.715127
20.090393,-0.011153
19.419239,-3.186064
16.828779,6.754488
3.165990,-2.579595
13.090384,-2.074006
11.221310,9.330754
2.955676,1.725680
-1.399059,16.043659
7.878330,16.369778
0.474650,-3.620789
13.214809,0.162920
8.158752,7.134956
4.133458,0.731022
14.026625,-4.633836
9.028743,-3.616997
14.299253,-4.615812
10.714467,-7.067183
7.591598,4.462872
0.089866,6.543813
0.292868,5.792900
7.058263,-11.361778
-1.308090,16.128469
13.958864,-4.690660
7.502542,15.587914
-1.003961,-6.555896
8.762065,1.242140
-0.707224,3.625565
8.496058,1.593608
13.179134,10.074682
-2.335274,6.117576
-1.223552,16.159590
10.617244,9.590757
12.471950,4.992716
14.781154,7.803257
7.253661,-8.730786
16.600155,6.886633
7.407899,9.278228
8.197596,-3.842627
15.157104,2.270498
1.961270,-5.074406
10.103199,11.077260
-3.668676,8.541482
19.187462,-3.180219
9.603058,13.273405
10.784597,-0.380181
18.063732,2.018340
13.180857,0.127274
2.945375,10.525121
17.461966,10.720751
0.664985,-2.881662
-5.938928,8.734308
8.917535,16.349674
-2.336980,6.123945
4.839118,3.563226
-0.746171,3.597191
13.189537,-1.930452
1.717599,0.579772
17.063398,-3.955955
5.029566,-8.447958
5.616171,-8.452000
4.079805,2.242824
4.008505,13.352664
-6.602501,2.821975
3.568709,6.069894
9.596315,12.152969
10.619860,-7.148299
0.271995,0.295265
-1.097183,5.619313
10.941477,-6.652579
10.635696,-7.096175
0.717188,-2.840025
-0.721403,3.613362
17.710293,2.328062
8.374211,-3.803907
11.270114,-4.470383
5.662868,4.639196
18.692881,5.594995
5.431107,-8.019949
8.232244,-3.795354
20.275286,6.412302
10.029445,3.445452
6.387666,6.821461
-6.306064,-0.946261
4.079357,2.242058
-4.878188,-1.026724
-3.679265,8.530316
10.737072,-0.296466
16.183064,14.324231
4.068751,14.671738
1.557117,-2.576364
5.228135,-2.837747
9.019785,8.799757
-1.275093,7.648244
10.661474,-0.505698
4.039584,14.646331
2.246351,4.044014
8.372331,-3.820754
0.799531,6.571342
10.851396,12.445375
-0.032486,-5.052678
5.181185,-0.541315
-3.896390,8.017806
14.222608,-10.540773
13.171016,10.068269
8.932544,16.367785
-6.040336,-3.736046
0.385332,-7.659295
-3.982688,-6.123039
5.070717,12.061728
-2.019823,-2.219909
5.371675,12.384402
-2.338426,6.121406
-1.100964,5.559098
9.979924,3.378577
0.839264,3.413466
10.654065,-6.757609
15.055317,14.057871
7.162649,-11.196286
16.467201,-1.834063
-0.711805,10.496771
16.646835,11.585489
11.569743,4.478978
13.217183,0.161270
13.750035,-4.883498
5.374382,12.375884
14.846606,-0.029619
14.058591,-4.750489
11.936168,3.025248
17.063505,7.061247
10.653923,-0.418886
7.834311,15.741768
2.922858,-1.911868
18.877592,9.888043
16.615688,-1.918542
1.179974,-6.370337
2.898789,-1.903824
10.687723,-0.658340
19.333157,-3.191018
-1.109010,5.624002
15.414651,3.332862
18.068941,2.014308
10.503974,-15.756187
20.078270,-0.012071
5.236728,-0.524727
21.729074,-2.296435
13.212372,0.156025
8.816757,-0.501672
17.845364,-5.837238
8.644394,-3.493910
10.628565,-0.417356
6.695458,-11.375224
5.659554,4.641605
-0.729738,13.928404
-6.152254,-1.290565
13.148302,-2.137731
-1.445049,1.355633
11.280468,-4.462601
-3.646792,8.517582
6.988893,1.129887
-2.024696,-2.219512
7.240077,-8.737045
17.911968,8.295592
4.810998,18.903423
13.920053,-5.019456
2.015460,-0.686478
9.619154,13.243566
13.295617,-11.148397
4.738842,3.622420
17.420170,10.717789
-0.215251,-1.732865
-0.727433,3.604672
6.650951,12.466064
8.003992,15.892561
19.109138,10.673170
18.607204,-0.382896
8.123316,10.531259
1.719351,0.577059
17.111691,14.349108
12.267940,16.607967
12.825218,-6.311279
20.665203,-0.052098
13.109371,-2.066444
10.712901,-7.172966
3.148430,-2.541272
1.451273,10.085882
4.976399,17.626049
8.923238,16.359562
6.359659,6.833056
0.413794,-7.629942
5.133199,4.646647
15.284216,1.391940
13.174590,10.072049
0.847864,2.080965
14.009283,-4.511700
8.126201,15.543296
4.692654,3.660381
-3.118959,8.473685
5.241673,-8.002666
16.943642,14.520847
14.215870,-10.549300
-6.148997,-1.286450
8.640520,1.370897
3.839167,6.507289
3.005177,5.285536
7.384096,9.253469
2.953526,10.867702
11.962374,3.050457
0.922435,7.098654
12.183532,6.553793
1.763058,0.538782
-4.025298,12.065244
9.715359,16.074272
-0.968521,5.323359
14.354198,-4.720699
10.810437,-0.341380
17.096817,14.362115
0.791273,2.132804
3.109915,-2.457541
9.542091,-15.941333
11.288311,-4.455126
5.402533,-7.808846
8.705161,5.572068
8.310199,4.785449
4.905327,3.519061
-1.855509,2.805649
5.180119,-8.440258
10.900787,-0.474964
10.736805,12.197824
3.828448,13.234105
15.157812,2.271394
-3.637547,8.541050
9.614000,13.315906
13.997960,-4.442094
14.096601,-10.657467
15.056655,14.055675
2.926205,5.325741
0.487301,-7.557346
17.031435,7.094942
-1.543702,-3.497614
3.013920,5.281273
15.600689,5.782459
17.700624,4.104285
1.666244,9.891641
20.078146,-0.010570
0.817163,12.356208
3.646690,6.180714
15.512685,3.244949
7.744063,-3.339020
-5.984209,8.780813
15.477983,3.259094
-4.535348,3.207149
12.180017,6.551825
13.983712,-4.703831
6.630601,12.468969
18.689770,13.130973
17.095198,11.033747
7.364152,9.272433
16.554119,-2.069244
18.606718,-0.383458
8.876902,-10.374625
-4.163929,-3.956619
-3.648111,8.515774
3.186407,4.860200
0.063534,6.514052
5.365270,-7.829186
2.894864,10.508209
-0.197654,-1.719077
16.519556,-1.743785
4.866291,16.263355
-5.281547,1.451995
-0.030094,-5.052572
0.846001,2.080236
17.744299,2.336886
5.657607,1.949936
14.216302,-10.548325
5.223401,-0.513176
8.415848,-3.652666
15.059118,14.054050
8.275727,-4.273726
5.234844,-0.519115
6.978834,1.140194
10.729987,-0.722904
0.882017,-2.138036
9.837685,5.877740
4.875041,5.888502
10.826294,-6.537841
8.329696,10.318974
16.931686,10.710341
6.640078,-11.392283
3.722815,5.169271
-1.121251,5.135519
5.659170,4.645636
20.479778,3.454652
1.491551,6.921268
12.301644,6.680462
4.860763,1.246396
11.548356,6.885240
4.868490,5.900608
5.648420,4.641984
12.181776,6.564976
4.173042,-7.266282
1.264101,11.753832
-1.624669,10.744349
8.050597,5.087562
12.786850,-8.823004
6.704865,6.168479
2.459967,8.028364
3.087723,-2.496223
-2.137312,-11.667726
15.146537,5.489965
5.143570,-0.473577
13.183645,-2.078771
-3.947343,15.301255
7.660394,-3.544970
9.825380,5.873877
1.182860,4.467174
16.760201,-1.668126
1.089015,6.631815
15.415248,3.334609
16.391647,0.740530
3.183360,4.849993
13.391159,12.396146
3.907452,13.302235
5.168550,-0.493249
5.627492,8.705659
12.279093,16.580240
0.660685,-2.870925
5.108170,-8.416698
6.717810,-11.452933
6.670263,12.447031
0.239555,4.435138
15.253607,13.984940
6.165768,9.202546
10.395377,12.262028
16.809631,-1.607610
9.094853,6.961719
8.514550,1.567661
1.476600,10.069060
8.248816,7.102595
20.501047,6.215890
13.221942,-2.276318
16.320309,11.022118
2.074404,-14.039977
6.949408,7.926022
5.613401,-8.467113
9.973142,3.552059
20.058016,8.055818
12.846335,9.818972
-0.359324,-5.059960
10.020867,3.496912
8.715345,8.526866
8.559867,11.204275
5.556901,-8.462011
7.999380,-3.534836
13.933770,6.977937
10.624531,-0.454025
15.412340,3.336646
8.180134,7.136549
16.789688,10.908668
2.991230,2.822694
10.194796,6.866894
6.814288,12.308815
8.487188,-3.395773
-0.748153,13.931528
-1.435391,1.344400
8.843903,-10.437351
2.957361,10.868031
10.618674,9.609234
4.875141,5.897007
-5.996596,8.794765
8.586620,11.189271
5.418946,-8.473226
-2.137195,-11.668601
13.138464,-1.973332
8.088223,3.448145
7.807387,-3.486345
20.015041,8.059119
15.253637,1.384218
4.800344,3.561529
-0.238315,-1.815753
8.508558,-3.191414
5.485657,5.529926
14.779187,0.043840
13.176140,-11.031111
13.149391,-2.255584
5.490561,5.571371
20.692869,6.507954
13.909502,6.954199
1.029863,-6.508288
6.628935,12.508155
13.910460,6.952956
7.490443,9.358465
10.616608,9.604111
19.266895,-3.200329
11.276158,-4.464412
7.934513,-3.507848
-4.055745,0.725406
13.908278,6.952013
0.439382,-7.662220
20.078388,-0.010727
13.183754,-2.291846
-1.118061,16.192171
19.883810,-6.241327
7.671842,-3.542809
4.860469,5.912136
10.529639,-6.715193
10.219170,8.009229
5.104509,-8.288144
6.646635,3.648484
1.499294,6.901697
7.771688,-3.511898
0.151433,6.589768
7.006847,1.102256
11.705022,9.064994
7.678171,-3.529249
-0.229203,-1.813770
13.108639,-2.065297
1.476398,5.948113
14.332328,-4.612728
18.687244,5.599719
18.520369,-5.061305
5.621959,8.698465
-3.945924,15.301169
19.448530,2.133328
10.552906,-0.424839
9.008961,16.455549
10.228819,6.840475
5.475716,-2.678663
13.197542,-11.064368
17.049885,7.068264
13.183785,-2.308570
8.785463,-10.479831
10.687364,-0.403776
10.863467,12.469878
13.175138,0.121695
13.925870,6.965576
8.210059,7.130987
3.561603,13.012751
8.742402,-10.543629
-0.739371,13.932064
9.982698,3.571992
17.322132,5.540911
0.843613,6.640240
0.826824,6.588202
17.695934,2.315954
13.375072,12.394238
0.304607,5.809514
10.649592,-0.331292
1.663060,9.898014
14.822000,0.002446
3.881517,13.278083
8.806501,-10.468703
8.683596,1.338070
-2.863511,4.441388
19.568184,-7.590235
3.934355,-4.006343
8.740499,-10.547661
-2.803401,0.605147
17.048649,7.079473
1.301428,11.776546
3.868759,13.276505
5.502316,5.573498
0.174121,6.595695
3.217184,10.512045
3.109007,-2.530516
0.077232,0.502211
0.239316,0.322944
3.907436,13.302023
16.885790,6.836474
7.865373,15.974026
-2.801064,4.355020
16.391565,0.740802
7.161855,3.719339
8.945383,8.734556
10.879496,-0.336744
-2.136467,-11.666848
12.257444,16.567896
-2.341264,6.114457
12.335626,7.971506
-2.820262,0.588010
10.616071,9.604827
14.332955,2.107630
8.504081,1.582382
15.609494,5.787412
8.097830,15.511427
8.163233,7.127187
6.107434,6.379164
-6.593160,2.827927
3.919321,13.312834
13.139285,-2.261436
-0.736782,13.922254
0.478094,-3.635264
8.708024,8.511719
10.482590,9.654719
1.511069,6.910308
7.681029,-3.532142
11.722978,9.050117
9.018486,8.794177
8.564743,-3.391005
-2.319927,6.135602
7.498542,15.583455
14.296313,-4.638888
20.697001,6.508077
6.188483,-0.194715
4.852841,1.244319
-3.946037,15.301054
11.496172,4.403898
-1.697013,7.504492
13.911623,6.955794
11.267334,-4.472440
6.604003,12.525097
-1.117116,16.194027
11.477290,17.070107
0.278777,0.288787
16.765211,-1.637433
9.939120,3.547350
16.600924,11.485671
5.664930,-2.761809
14.837185,-0.013624
17.079767,-3.964522
10.809722,2.256968
5.169496,-0.495933
12.334988,7.962761
4.933094,-4.825691
2.986750,10.837542
21.809771,-2.385503
13.908868,6.953364
-1.123836,16.189636
13.910675,6.955268
8.707882,5.563034
5.499070,5.653342
14.227162,-10.533655
11.741347,10.543083
-4.887917,5.897124
5.062339,12.043301
7.703854,-3.530405
10.860705,12.461395
5.628433,-2.762204
-0.763053,3.590923
10.506213,-15.752792
-0.740232,13.915414
9.806138,5.871004
5.148205,-8.335199
1.399180,7.006213
22.483728,5.014223
8.489881,1.599992
20.426964,6.219774
16.796364,-1.664550
5.965548,-1.507052
5.584411,-8.478938
14.280095,-10.483416
0.484976,-3.626024
7.205443,3.741521
17.849207,-5.832925
-1.441473,1.348483
5.949142,-1.509658
5.649520,-2.761155
7.973114,-3.528858
13.392647,12.398413
13.154181,-2.266617
0.811639,2.112331
-4.001367,-8.339136
12.826352,-6.315182
5.950863,-1.509668
13.202137,-11.016638
3.220926,1.466611
6.975075,10.349955
8.547429,-3.204396
14.809344,0.014096
4.070558,2.236490
-2.591056,-0.987690
10.081694,3.432095
14.229998,-10.539937
19.272570,-3.140638
13.220457,-2.024659
8.419918,-3.654772
13.180242,-11.054764
10.226460,6.840451
5.562143,-8.466531
7.029476,2.582567
11.106426,10.008426
5.742139,-2.716957
-0.769178,13.888496
12.991312,-2.306772
8.842896,-10.457261
1.558931,-2.574737
1.047433,6.304816
10.373422,1.855177
0.408763,-7.627413
3.219392,1.467373
21.799465,-2.383595
7.928553,18.017298
6.331726,20.008430
5.951547,-1.507364
13.363716,12.409627
-0.745087,13.905520
6.658994,6.457721
13.409010,12.401141
13.127507,-2.237482
9.058238,8.839237
-5.328031,1.413695
5.201468,12.153151
-4.857240,-1.051192
17.694012,2.318518
-1.518168,-3.526024
13.132497,-10.990592
10.845557,-7.169018
8.136752,3.209936
1.504380,6.907785
1.446248,10.093387
8.927290,16.361980
4.074873,2.241464
2.913904,-1.871862
9.023769,-10.254287
6.858682,6.139670
6.099361,-0.233065
8.296770,-3.712364
13.025764,9.092510
6.166108,-0.180999
5.329002,6.899315
20.065683,8.066650
20.733589,6.530641
5.950801,-1.506316
-3.690714,8.520979
22.547483,-0.109477
5.313994,10.060692
1.561270,-2.577456
-2.759877,4.322026
6.633518,12.485561
23.175211,0.934955
12.830858,9.801252
1.494773,6.911948
0.444487,9.317864
18.881004,9.885876
11.719419,9.052774
13.239741,0.190050
10.013449,3.573798
8.557645,-3.772046
7.075080,14.136107
21.716080,-2.283048
-1.861665,-4.786207
7.168488,5.858904
1.878021,-0.831056
12.842714,9.814053
13.903672,6.950016
20.593573,6.588679
3.862365,13.268730
8.974746,8.750013
5.547584,-8.345661
8.922460,16.357494
11.556165,4.410724
8.321242,-3.354611
5.619028,4.626863
-3.947674,15.301395
10.830008,-0.662265
7.925471,18.013947
6.302712,-0.216899
-2.325510,6.132731
18.885347,9.885554
5.656118,4.638117
12.181750,6.699940
-2.328993,6.131709
7.681962,-3.596281
3.009948,5.286403
11.241807,9.919177
11.139234,10.000218
6.764726,12.357269
3.007111,5.287432
5.605553,-8.372976
5.478454,-8.338403
8.925413,16.361692
13.168447,-11.013075
12.172384,6.563208
14.979496,7.890709
5.542261,5.520120
16.899204,11.165281
9.792177,5.869306
5.944633,7.268304
-1.096320,5.586965
9.845024,3.580625
18.905254,9.865499
11.452956,6.161521
-2.321728,6.131196
19.309380,-3.210678
11.171377,10.036268
16.878908,6.823926
5.018925,-8.377554
3.641195,5.118145
3.153822,8.776985
17.667608,4.096644
12.904177,-2.368562
0.302919,5.803931
7.991210,10.686757
14.979506,7.888720
5.566474,-8.502153
-1.409210,16.040411
22.555077,-0.095856
8.419936,-3.245224
5.360151,-2.894045
16.526871,-1.703876
11.203949,10.043743
20.527660,3.408417
1.717669,0.579794
15.166029,2.280758
5.157715,-8.432023
-1.482197,1.389029
20.483461,6.199786
20.727104,6.465963
6.111252,6.374405
5.655471,-2.778040
0.240808,0.328151
12.991689,-1.936112
7.555341,16.996162
-0.753563,13.927609
3.586421,6.086281
-6.597487,2.830431
5.489416,5.542580
-0.230613,-1.787785
7.171230,5.876105
18.790377,-0.272218
18.611542,-0.380422
12.173863,6.560530
10.883002,-0.358589
-0.731834,3.603637
8.204747,7.110007
-1.283621,7.640509
8.124521,10.531819
12.739126,1.399169
22.511358,2.856256
-0.732242,10.482109
-5.990241,8.787083
12.767968,1.396311
-2.594341,-0.993164
6.947304,7.927559
17.358639,13.221103
17.033709,7.061541
-0.707112,3.630585
17.076832,7.072099
-4.067631,0.732098
13.899332,6.944465
-6.664429,2.871851
5.500969,5.529759
20.720839,6.479531
3.141695,-2.568005
1.721015,0.575565
10.758097,12.163384
8.616415,-3.343815
12.923923,5.225998
0.232215,0.336946
4.067939,2.235486
-0.215325,-1.795231
8.652297,1.363440
9.010077,8.793345
5.119446,-8.357857
16.392500,0.739820
1.721717,0.577208
12.849902,-6.324881
-0.233154,-1.784885
17.132427,1.977640
6.763215,12.357150
5.940554,-1.513949
0.883953,2.044557
9.094847,6.964236
1.721059,0.576314
8.800488,-0.507207
10.753989,12.158968
2.904036,-1.883352
20.717533,6.495116
13.405792,12.393122
14.320908,2.107936
6.978640,10.347323
15.113587,12.439016
12.336006,7.967857
1.742695,0.552754
-1.441280,1.347479
10.947410,-6.763454
12.845793,-6.331559
13.910381,6.954278
1.879406,-0.827741
14.209382,-10.555457
4.905421,16.300678
17.026314,7.079032
-4.279151,2.973858
7.013411,5.647122
2.958833,10.886464
10.847122,2.283182
19.226725,-3.182231
9.569079,13.291745
11.105947,8.635468
5.225516,8.389205
8.780763,-10.474511
13.211428,0.157927
11.547958,4.458908
12.817581,-1.801000
9.848710,16.199705
-0.741036,3.602503
2.990061,2.824072
-0.734908,3.603587
17.128857,10.461719
15.513799,3.247753
3.093869,-2.515183
-0.223349,-1.754684
3.128166,-2.562104
4.714314,3.633419
3.288062,4.022208
4.762636,3.591185
-6.906309,8.249163
5.619017,4.625156
14.799529,0.024171
-1.440245,1.350514
-4.857953,-1.056979
17.324421,5.535064
2.220885,-4.994481
5.025576,-8.326302
3.139441,-2.568052
0.306549,5.810275
10.842870,12.434899
-2.585733,-0.988209
5.983335,7.222455
8.903266,8.696207
19.543198,-7.615110
-0.040505,-5.058023
13.905243,6.951725
0.206432,6.610042
8.141810,3.205720
0.158084,6.604048
0.203836,6.622483
-1.236194,-3.701794
3.119231,-2.532908
16.517393,10.394221
20.076887,-0.010158
16.770073,-1.649328
-3.977263,-6.125301
3.856430,6.519815
5.485718,5.549199
1.029812,-6.507573
8.083428,5.033593
5.142233,12.130206
-1.447504,1.356850
12.735103,1.400687
2.614899,1.275181
22.515934,2.860804
10.228873,6.837219
8.806818,-0.506954
6.949457,7.929240
-1.541440,-3.497980
10.979196,-6.618159
5.632383,-2.770813
3.215535,1.475516
3.071226,-2.487892
7.680080,-3.545743
10.775586,-6.971647
4.893193,-8.329178
0.098559,6.562843
4.706621,3.644457
19.440489,2.140110
14.607181,-4.942643
10.383483,1.856214
9.595934,10.233078
8.590299,11.186213
-5.187356,-5.258568
0.661753,-2.877455
8.749783,-10.520421
7.707678,-3.529605
10.841933,2.279398
18.070246,2.014166
0.853317,3.399184
-8.007890,-4.494012
9.955330,3.491965
7.977409,6.961840
17.309458,5.539098
9.956693,3.571047
-6.599649,2.831067
14.287195,-5.144872
-0.033660,-5.049541
5.010006,17.587421
16.878872,-1.782294
6.497924,14.389754
4.711980,3.638309
10.505100,-15.753869
-2.268628,6.185566
20.729715,6.509066
-4.274352,2.972636
0.826935,2.102499
-0.732922,3.604186
17.343044,13.227130
7.417409,9.284587
-3.648406,8.508103
1.667059,9.887544
4.007964,14.614481
6.095078,6.392716
-3.111822,8.467440
14.784502,0.041323
-6.468467,2.714307
9.540165,-15.948647
22.516264,2.860207
5.119201,12.076342
4.856576,1.248282
7.881081,-3.522016
3.116823,-2.573287
10.404979,1.875324
10.776544,-6.332708
-0.728901,3.606444
2.618821,1.271489
16.802822,-1.606752
3.892199,-3.952664
7.074183,14.136990
0.470701,-3.639160
17.694618,2.315217
2.044843,-14.010570
-3.657046,8.521256
8.739329,-10.552766
12.007694,3.099595
6.558511,4.212326
-6.236580,-3.958991
-3.983669,-8.316483
2.871124,6.823030
12.775423,-1.828955
-0.037303,-5.054417
13.164621,-2.381772
8.698443,1.299014
5.087515,12.077738
20.243736,4.105366
-0.759211,3.595356
17.043285,7.113684
-2.135973,-11.666343
5.688454,1.918887
0.874468,2.057284
13.363585,12.387988
10.661410,2.155805
9.706317,13.164989
5.021232,-8.359681
10.763771,-6.328848
5.915835,14.560822
5.626753,-8.364992
5.912284,14.561321
-1.245300,16.148802
6.424393,4.020644
11.068443,-6.682114
8.811373,-10.493193
2.988998,2.824455
-5.009823,-0.589955
5.537803,5.621567
19.305540,-3.161051
-1.535389,-3.507243
5.121066,12.112307
0.305604,5.809131
4.125511,0.733560
0.307424,5.821056
10.825820,12.428076
-0.382598,10.989142
15.496170,3.247694
10.061569,11.085467
16.608870,10.318602
16.549644,10.782605
7.237409,-8.722672
5.608434,5.694352
-1.184603,0.851145
16.815662,-1.791738
8.945375,8.735073
16.834278,6.777164
5.546838,5.618997
11.522544,4.472448
7.491889,9.367244
16.631500,10.847639
20.710989,6.526312
3.216886,1.471030
8.194801,10.512006
13.181734,-2.301013
-4.068165,0.730780
14.549587,-4.952841
-1.554631,-3.492985
6.482416,14.393849
-1.886947,-4.769826
5.410104,-8.429218
4.787127,3.585430
17.045746,7.104434
22.463718,4.996713
-1.132853,5.139332
13.196446,0.142906
-6.299996,-0.959220
4.715775,3.630747
5.148691,-8.332327
11.702954,9.065495
14.178965,-10.583742
0.860167,2.073317
0.867187,2.064233
21.714991,-2.278531
20.675386,-0.043168
-2.139728,-11.671453
-5.995235,8.794841
14.450612,2.157456
8.587759,11.187787
1.452767,10.087011
6.259648,-0.203711
7.220877,-8.751783
10.394345,12.262881
-1.247130,16.148930
10.621808,9.756599
9.669305,10.154918
2.987074,2.826524
4.772323,3.589784
-2.035871,-2.236418
2.072868,-14.037789
10.775090,-6.573797
18.692522,13.133358
12.462668,5.016954
1.056526,6.305696
7.012292,5.627587
1.555532,-2.578336
4.005314,14.611621
13.362049,12.383258
-6.906633,8.251477
-1.861761,-4.792632
5.523959,5.605306
11.104194,8.643172
0.609671,14.746358
14.444711,-4.862626
5.536071,5.614782
9.978976,3.560562
-2.504444,-3.137470
3.153384,8.777738
0.151824,6.597836
8.560498,-3.262730
2.991054,2.828315
4.747335,3.600589
10.644698,-0.326444
4.054208,14.657520
8.704643,5.560485
13.358367,12.372018
18.482058,-5.115275
13.180730,-10.994333
2.958190,10.871134
8.692555,1.306806
5.200381,-0.529176
2.968932,10.851706
-2.055381,-2.238692
4.699749,3.638347
5.548851,5.608513
13.368958,12.391514
6.971983,7.901695
3.151831,8.779511
14.600622,-4.927972
3.278545,10.543231
13.389856,12.395186
-2.594156,-0.993366
11.472559,17.074396
21.753843,-2.319056
10.638032,-0.428440
23.171902,0.930810
0.468503,-3.645305
14.878642,-0.061024
-3.684408,8.537576
-0.272000,-1.845236
1.490812,6.921585
14.309256,2.103015
-2.048529,-2.249132
14.329419,2.107520
1.556973,-2.577050
20.733013,6.499053
4.005460,14.597154
9.600104,12.152602
21.782333,-2.353859
7.074336,14.136818
-3.995032,-8.364436
6.789251,12.331645
8.650012,1.368965
11.974625,3.067433
-1.504818,-3.534384
7.965379,18.052485
4.021053,14.628279
5.305376,-2.768057
2.913308,-1.839227
19.310450,-3.208690
3.834377,6.494047
2.916054,-1.853642
8.816611,-0.495468
16.620907,10.519883
11.977366,3.070032
5.323235,12.257758
-4.881693,-1.021477
4.321247,8.477965
1.755420,0.543546
-2.838973,4.408680
5.596380,-8.373798
10.624887,9.631253
15.422892,3.317719
-6.610239,2.826470
-3.645730,8.520530
2.042077,-14.014088
10.046932,12.196692
5.554358,-2.949020
0.300234,5.798208
13.118922,-10.962007
5.664452,-8.379450
-4.871032,-1.035917
19.540941,-7.617081
4.133603,0.730610
14.486142,-4.920673
18.757917,5.535907
10.482705,12.299386
13.418259,12.416217
-2.760083,4.335984
23.167784,0.932050
5.643970,-8.352589
4.215602,0.669298
14.526438,-4.926518
8.779654,1.244402
0.885359,2.045333
6.282569,-0.201114
15.263290,1.381097
5.951469,-1.508839
12.773840,-1.809549
-4.936732,-0.921097
19.496365,4.483712
7.851248,-3.547312
8.125303,10.524036
6.734776,12.390991
5.477109,5.550149
5.279439,-2.779930
16.391449,0.740978
5.213262,-0.518148
16.614233,10.907283
13.926903,8.020358
19.341557,-3.036604
-1.433550,1.343431
14.225857,-10.535726
4.853282,1.244061
1.727014,0.564744
0.126518,6.608425
10.800588,-6.482172
20.746616,6.527469
3.126558,-2.533318
7.367615,9.240885
-1.101457,5.577897
14.978661,7.889040
1.670455,0.626315
21.722458,-2.285594
5.135586,-8.316312
-6.179492,-1.317638
2.992808,2.821792
-5.009511,-0.586226
6.501588,14.388481
9.093690,6.959816
-0.244415,-1.792888
19.148029,12.643509
17.103476,14.359059
-1.898988,2.813884
14.760674,0.066394
11.001483,-6.675334
6.501731,14.388285
2.995980,2.819315
12.138311,3.237232
8.820210,-10.449887
9.099665,6.965374
16.690086,10.670444
-6.152659,-1.287130
4.808389,18.900684
19.458717,14.199504
21.898767,-4.388390
8.498540,-3.189750
-4.187705,2.895902
12.739640,1.393286
13.389634,12.399455
-1.701585,7.497359
-0.031972,-5.053884
7.807196,-3.528656
10.629654,2.144472
-4.100098,-3.911559
-6.289540,-0.979143
-0.216973,-1.742123
15.068406,14.053327
7.154881,-11.481473
13.931744,-4.773833
18.792185,-0.270780
13.772234,6.812160
-1.114725,13.513516
5.099521,12.088989
16.809303,10.853350
4.396653,9.392906
3.579350,6.082793
-0.646095,3.696272
11.034337,-6.682172
13.213297,0.158523
18.610321,-0.381580
16.576019,-2.005269
9.837808,5.879199
4.872809,5.899418
7.644574,-3.613571
15.507969,3.250004
5.061620,-8.238129
13.194983,-2.200889
1.526595,5.914006
6.645998,12.473105
5.040345,-8.283198
11.526714,4.450281
14.835581,-0.008981
11.980520,3.073866
8.105618,3.425076
15.515261,3.238629
10.749312,12.205149
14.551521,2.203279
-7.999262,-4.489086
13.405856,12.398184
16.589027,-2.064645
9.820056,5.873160
8.722063,1.285390
5.480858,5.525834
3.697598,5.166354
2.939887,10.856324
10.889282,-7.116217
5.449604,-3.032569
-1.533263,-3.509167
10.936933,-7.079473
12.779240,-1.850170
-1.528493,-3.514130
-2.226941,-2.498766
7.025669,5.631770
-6.594666,2.822133
20.682066,-0.049531
1.756247,0.545232
12.226883,17.409712
5.536085,5.528996
-2.045702,-0.544115
17.712730,2.325814
1.445299,10.093138
2.939354,10.851790
6.950668,7.926218
5.226906,-8.293365
5.409730,6.937719
3.631830,5.129221
0.305131,5.804840
11.555264,4.401751
7.814436,-3.593030
9.154782,5.614487
5.236031,-8.358069
4.728122,3.628360
6.950724,4.666706
5.020289,-8.321000
16.572742,10.383957
5.054263,12.032441
5.293378,6.873311
13.959925,-5.015453
13.115420,-10.975216
5.909630,7.236847
13.380949,12.394258
19.294746,-3.117182
18.481493,-5.115694
22.517378,2.862037
5.017713,12.000470
10.837697,-0.351534
6.737309,12.376826
11.973900,3.067173
5.692714,7.181036
5.544761,5.612389
-5.268820,1.429641
6.966764,4.683013
10.486333,9.634133
3.095957,0.334169
19.385195,-2.989693
1.509897,6.857771
6.937082,-11.420522
17.052773,7.144418
13.003751,-1.779708
13.374318,12.395223
-4.065763,0.730263
5.586977,5.660569
-4.144383,-3.942042
17.914110,8.297215
13.921667,6.966182
13.396857,12.399226
17.353468,13.218153
13.392331,12.394625
4.002406,2.196364
-3.988050,-6.137004
16.621958,-1.772284
6.662249,12.460609
2.913769,-1.871407
2.041305,-14.015875
-0.168917,3.424460
4.998411,-8.290480
-6.588355,2.809015
13.446836,12.458190
16.120255,14.293988
-4.943424,-0.905629
11.970507,3.065898
15.424028,3.324676
15.490012,3.250287
5.288183,-2.726759
13.913604,6.957366
15.551494,3.193735
10.655099,9.817987
1.032865,-6.496436
16.711027,-1.684649
5.548206,5.624309
9.880757,3.548373
-4.880001,-1.022672
4.750551,3.606685
21.740976,-2.305289
12.739650,1.400842
20.724861,6.496288
10.815931,-7.181295
16.624651,-2.046861
9.076405,6.944264
13.752010,6.792882
15.317990,6.666696
8.347320,10.293287
-4.065519,0.730754
14.979960,7.888047
20.608246,6.570840
5.734126,8.613572
4.058384,14.661443
13.399923,12.397893
19.442278,2.140565
11.180306,10.027103
6.949149,7.927371
10.301477,12.482195
0.974690,6.990936
-2.790573,4.366250
0.301810,5.802210
-0.717801,10.488569
-5.295426,1.453517
15.329073,6.660723
2.923824,-1.879774
-1.279152,0.994265
-6.183570,-1.318280
6.780624,12.342158
9.715157,16.075140
16.784376,-1.604602
-2.319691,6.111584
6.948164,7.928950
13.389350,12.389411
10.135300,12.355191
10.689050,9.801094
7.018389,1.124548
4.715497,3.627981
10.640069,9.564058
6.628467,3.672851
3.580899,6.084191
-1.491387,1.397456
5.368123,6.908558
4.823966,18.894051
17.039879,7.055539
12.676277,4.460938
17.067266,7.104473
7.431090,9.298833
11.554134,4.403415
8.175619,7.123586
18.805975,-0.272076
-1.440326,1.345735
10.648999,2.150838
1.482548,10.066616
7.708709,-3.538719
8.034112,16.069160
5.554712,5.624756
5.307982,-7.911118
21.716690,-2.279495
9.091408,6.960053
0.816723,2.115752
0.929335,7.072661
7.985596,-3.542441
-1.232707,-3.705205
17.045464,7.081188
4.929388,3.496890
8.341869,15.905584
-1.120539,13.553476
2.954000,10.874042
5.659218,-2.795552
4.030859,14.635550
3.583070,6.091208
10.216948,8.014737
14.271631,-4.620826
1.205385,-6.348822
10.975243,-6.639769
17.356035,13.229465
2.068179,-14.034627
16.559771,6.856959
4.004037,2.191700
6.276125,-0.215045
-6.619020,2.836398
5.186337,-8.323719
10.202321,6.871838
1.183090,4.469344
8.147562,7.181056
4.005727,14.613372
5.207705,-0.536441
5.421765,-2.970753
-0.482551,2.092386
-0.721550,13.715605
11.973686,3.068347
3.137908,-2.551565
17.045080,7.114931
-1.540410,-3.501104
6.738030,12.383891
4.035196,14.640375
-1.421553,1.327181
10.183520,8.049834
-1.438395,1.345116
10.411539,1.884367
4.805372,16.201925
1.668571,0.632505
19.350105,-2.998913
-0.192855,-1.719174
2.959200,-1.936861
6.943678,7.926168
-4.067454,0.731410
5.039853,12.017942
13.177404,-11.015748
4.420405,9.422867
18.684353,5.605323
1.629123,9.906070
4.778740,7.325887
11.024283,-6.632278
0.561124,-1.986802
17.056131,7.108934
1.484473,10.060829
0.472921,-3.638024
10.399407,1.870095
17.053209,7.071125
0.255763,0.313067
10.696473,9.797599
4.419209,9.419671
-1.285997,1.000315
-2.770188,0.637782
0.738868,-2.794626
6.763684,12.359571
5.384371,6.868865
13.908982,6.954291
10.202434,12.324144
-1.439610,1.345924
16.813145,10.407721
-0.021945,-5.050912
17.702991,2.320464
-1.446261,1.362073
17.049656,-3.937056
-2.325791,6.124802
16.838728,6.766201
-8.008095,-4.495551
-0.006081,-5.051718
18.835732,-0.243591
12.874990,9.319561
1.998091,-0.701128
10.946815,-7.022295
8.808623,-0.502285
11.553306,6.881859
16.912609,-1.805908
5.384658,6.973259
22.511332,2.854737
17.050108,7.078867
-6.666517,2.871491
0.129020,6.575743
-8.006434,-4.493278
6.538002,3.868069
10.540318,-6.726010
15.317943,6.657748
1.422068,7.001145
3.146465,8.743778
0.977028,6.918961
13.314450,0.264003
19.447046,2.133105
16.647833,-2.014181
16.858828,-1.844827
4.339507,8.466250
0.787687,2.141165
8.817825,-0.496560
1.444997,7.032895
9.823962,5.872183
15.418395,3.328369
10.843572,2.284179
7.594321,17.834927
19.262152,-3.175272
5.356150,6.972795
-1.475352,1.397550
9.819986,5.876255
10.875462,2.304157
16.634525,-1.952384
13.387079,12.407128
9.074914,6.947312
-1.483599,1.390129
21.750431,-2.323208
5.290504,6.872915
0.350076,6.396656
13.407158,12.395736
13.387265,12.411804
7.917591,18.004887
2.949918,-1.822978
6.222153,9.154001
8.493220,-3.057160
14.976790,7.886941
-4.200492,2.900926
5.402300,5.590321
5.459334,-2.864015
-1.269181,7.650011
7.883847,-3.009449
10.405743,1.879353
13.950429,6.995387
5.406161,5.548648
17.683468,2.295635
14.391677,-4.621258
8.860662,-3.445132
0.462115,-3.656851
18.488037,-5.104317
13.267101,-2.020557
-5.011169,-0.581486
7.478693,9.355710
5.500872,-2.488238
10.099138,11.050388
8.679558,1.338426
8.611876,-3.064887
-4.876565,-1.018276
1.200977,4.525262
7.556861,15.565877
-2.775628,4.335726
1.413982,6.995236
8.808931,-0.497613
0.469973,-3.647323
4.965373,-4.854550
-0.239360,-1.815157
-1.280618,7.647063
16.057083,10.737729
-2.341740,6.116746
1.553325,-2.577602
8.011209,-3.235999
5.450230,5.510592
-4.188346,2.893173
8.944356,8.726692
0.885260,2.045849
17.321686,5.536868
0.333892,-7.620949
10.519174,-6.600166
16.897917,-1.482952
20.530821,3.404259
0.152747,6.607512
8.021092,-3.319666
-0.617132,3.715466
12.946881,-1.667999
20.559916,6.604863
-2.846295,4.413126
6.655935,12.477761
10.038181,3.372552
18.807501,-0.268625
-5.981288,8.777392
3.903859,-3.958766
8.910406,8.695621
-1.494092,1.397345
15.424801,3.303571
13.937155,14.696827
13.069274,-10.952270
3.859534,6.533824
19.453993,2.126474
5.183992,-8.979048
8.710231,1.301290
14.681273,-4.873945
-5.985069,8.781927
8.705009,1.315259
4.848778,-8.449425
5.497424,-2.491335
7.922900,15.986331
-4.129330,2.838411
3.154916,8.778092
-4.068007,0.732124
10.802736,9.767171
10.099099,3.417735
-5.277783,1.454824
19.446634,2.134791
1.575468,-2.566278
-1.862990,-4.790816
13.221720,0.172342
5.404600,5.587091
-6.452828,2.698107
12.568600,4.107421
10.251645,7.976475
0.818091,6.604424
10.743236,-0.345224
13.935863,14.696489
1.415189,7.008487
6.630741,3.665556
8.017910,-3.156644
12.090758,3.188066
-0.220031,-1.837914
13.332550,-2.026297
6.646797,12.489718
18.064411,2.018120
0.849493,3.406325
-2.325598,6.129233
10.220963,8.005103
9.592839,10.235323
3.576479,6.079810
12.913193,-1.606716
-2.843139,4.412573
-1.536219,-3.504375
14.898470,-0.068485
0.057915,6.512624
4.918786,-4.813766
0.850316,3.402046
7.062895,2.467596
5.408184,5.586074
12.990438,-1.745402
6.766390,-11.494829
-4.099566,2.809837
7.924682,-2.991961
16.194672,10.585081
20.042236,8.071922
8.618415,-3.048016
21.759691,-2.324067
10.014132,3.404431
0.820079,12.348698
10.306852,12.511786
10.635693,-6.505217
8.682326,1.337937
6.629107,3.666614
8.678809,1.328358
18.657070,13.171783
13.361790,-2.121467
4.411253,9.414725
8.116802,15.648182
-8.006479,-4.493483
11.889539,1.380897
5.942372,-1.517053
17.056665,-3.940653
0.449549,-3.672354
0.943172,6.521638
10.685312,9.800804
15.413724,3.338527
3.298044,8.137602
7.391080,9.258325
6.841837,-11.546251
19.483068,2.099253
1.052054,6.624804
20.641512,-0.011529
11.981121,3.076259
12.082279,3.179233
21.759327,-2.324673
6.498929,14.392299
20.529331,3.408479
8.959066,8.741539
7.403475,9.272993
15.602383,5.786990
10.738709,12.135578
15.330451,6.660320
14.706427,-4.920509
4.052680,2.235093
7.019896,1.126881
22.512630,2.857660
8.575601,11.195531
2.615323,1.272986
13.172473,10.070605
13.639413,5.623614
5.190343,-7.724851
5.950480,-1.508889
0.822532,6.603680
5.653330,1.950647
7.888418,-3.043246
8.636354,1.379082
-6.598561,2.829257
5.496943,-2.508547
10.632912,2.138843
6.633241,12.508307
4.121862,0.736646
1.457798,10.081842
9.868147,16.196388
5.137632,-0.498049
9.682661,13.191051
7.409079,9.275599
6.888051,-11.503911
-4.004762,-8.337460
2.879587,6.874810
18.610371,-0.381401
17.667532,4.096952
13.424450,12.425245
8.586065,11.188084
5.202906,6.801844
1.453631,10.066637
-0.623838,3.724578
6.421130,6.770428
8.122319,10.513893
10.816071,-0.296213
6.369799,4.032380
10.105871,3.431903
13.814677,6.858083
4.851722,5.914288
-6.617151,2.851425
0.628984,-2.916416
2.997226,2.814286
14.373319,-5.177522
9.534068,-15.960720
8.290541,4.775923
20.568710,6.629433
4.845706,16.243605
16.844173,-1.522566
8.771605,-10.535430
2.049857,-14.007401
-0.204648,-1.829460
7.408028,9.281640
8.886310,-0.429250
4.813029,18.916971
7.246329,-8.722193
13.900442,6.946916
20.484816,3.459202
6.758908,-11.487131
5.448184,-2.860323
4.872037,-8.772267
14.679230,0.148372
3.002292,2.806020
4.078871,2.241791
9.827540,5.874554
1.968770,-5.075174
-1.005691,-6.553684
13.029376,-1.720684
7.893417,-3.009718
3.868556,6.516272
7.281933,-8.696471
7.501960,9.374538
-3.860219,0.720601
14.329687,2.105362
11.545691,6.884626
16.516954,10.400427
-4.121212,2.838801
16.886843,-1.766365
1.367883,7.062456
8.779439,-10.554156
4.222609,0.675257
10.064868,7.014069
8.731035,-10.558321
3.589008,6.091961
-2.058692,-2.234574
0.407396,-7.646677
10.206121,6.860435
6.374057,4.034051
3.576763,13.004815
14.373686,-5.198843
-5.188858,-5.257246
8.825661,-0.486970
-4.062219,2.775914
-0.188835,-1.805271
-6.223056,-3.976527
3.050452,0.386077
10.667799,2.168223
10.566814,-0.239510
10.212219,6.849260
10.512225,-6.671257
5.649032,4.640121
5.389433,-2.537373
14.393447,-5.156645
6.787256,12.333787
4.773415,3.580139
6.949319,4.698172
0.254330,0.317212
13.417624,12.405297
16.895748,-1.488588
10.850059,2.277434
19.358894,-2.964959
10.843496,2.278635
3.605865,13.007370
-6.155331,-1.289396
5.112913,12.078493
8.828115,-0.483573
0.193566,6.630320
-2.116400,-11.648026
13.643407,5.621237
-1.448625,1.365651
5.469767,2.129483
0.086710,0.493606
11.548239,6.881557
1.964947,-5.074796
0.265758,0.278157
7.127842,5.632772
4.896285,17.718571
-4.172365,2.878349
8.202615,10.627791
7.975268,-3.783498
6.692569,-11.471175
7.871144,11.421490
13.240311,0.185147
14.117008,3.727547
4.829846,-8.600113
16.527832,-2.135499
13.022087,-10.906730
4.797630,-8.543270
16.655380,10.343619
5.289349,8.443618
5.416339,5.591014
5.171629,-8.993541
20.567732,6.608988
18.611378,-0.380169
5.037666,-8.569080
10.093886,3.423738
17.357563,13.232922
8.267432,-3.422445
18.620420,-0.375370
14.874289,-0.054825
-0.710976,10.478868
8.797357,-3.281328
8.737976,-3.382975
-0.750239,13.920992
20.592648,6.554582
6.550090,3.823319
14.528406,-5.020696
2.048656,-14.008052
9.693594,15.685281
0.918357,7.087726
7.861696,-3.042023
3.933583,-4.006680
5.162405,-8.929585
20.563982,6.647153
7.410098,9.276239
1.373710,7.062669
14.341203,-5.188254
10.850558,2.286391
4.810514,18.907076
8.930435,8.717481
20.596085,6.621874
-1.181355,0.849729
14.283832,-4.600896
8.774697,1.231435
19.194801,-3.235375
14.658210,-4.933853
6.115995,9.235276
0.065054,6.524457
19.461584,2.118587
5.076463,-7.849810
21.777746,-2.350990
10.231200,8.017439
12.890885,9.816340
19.362753,-2.981448
16.783003,10.950763
8.968919,16.330097
-2.808661,4.368921
2.999516,2.814447
6.654625,12.463487
6.767630,12.365699
0.303936,5.801696
5.195683,12.097626
8.690519,1.315156
11.945724,3.037626
-0.751235,13.922934
14.548490,2.208035
11.279087,-4.457858
14.552416,2.209563
12.960381,5.253781
-0.204711,-1.765508
8.198759,7.126458
8.579043,11.201962
8.801488,-3.766566
5.349454,-2.596359
13.028028,9.094789
14.908421,7.078958
21.783211,-2.347745
0.382465,-7.643739
-4.028708,-8.357343
7.995381,-3.232382
13.813618,6.856638
13.186741,0.129150
14.311366,2.104320
0.240221,0.319293
6.525104,14.377681
2.615212,1.270895
3.179427,4.845604
-4.059871,2.772519
-1.438628,1.354036
5.193837,-9.000157
13.917385,6.963227
15.329436,6.662031
10.742624,12.159976
15.610111,5.793662
21.754042,-2.317420
15.175342,2.288083
8.153209,3.205029
5.953574,-1.485212
2.924371,10.482333
-0.266328,-1.833899
13.105338,-10.960880
4.727201,3.623438
-2.817365,4.379016
4.392397,9.392545
5.253775,8.419484
8.641892,-3.882217
5.409458,5.591026
-0.712101,3.621887
18.692072,5.595257
3.232795,10.490907
4.771976,7.329071
14.119854,3.728046
5.639956,4.639828
20.074938,-0.010153
0.059916,6.518644
6.977475,10.347489
10.047099,12.139662
14.118778,3.727277
-0.148346,-1.756056
3.146706,-2.560389
5.312274,10.073284
6.921265,7.957577
5.943311,-1.516582
18.856401,9.895808
4.889546,17.715187
17.060900,7.074672
10.495804,-15.759810
11.865899,1.396486
-3.300368,6.391235
5.214368,8.438890
-6.152627,-1.280887
8.916995,-3.587589
6.916044,-11.164909
17.030663,-3.926243
-0.311724,-5.098234
16.842646,-1.582558
-2.707132,4.271295
20.532581,3.404652
12.865256,9.321779
2.047030,-14.011429
-6.910335,8.247240
20.609537,6.568317
2.938615,5.213296
5.625296,4.624094
3.214568,1.471547
-2.331910,6.126686
-4.507560,3.214393
6.681804,12.430003
16.668741,11.206404
0.418405,-7.659262
13.262140,-1.941644
17.157789,11.124622
9.781116,3.617659
-0.169476,-1.760155
13.401926,12.417811
13.898174,6.941812
13.061564,-10.958278
9.992337,12.166197
6.929772,4.712286
22.508303,2.853616
5.417415,6.952334
-1.742299,-2.631983
8.101466,3.425505
6.985474,10.336535
10.481704,-15.767220
20.114525,8.125261
13.223575,0.137741
3.579256,6.079473
20.052303,8.077047
8.098402,3.423393
7.842987,-3.032317
7.053138,2.462546
1.553737,-2.569379
5.211250,-0.518402
14.029558,-4.766561
5.256769,8.427049
10.480261,9.644878
23.144234,0.902774
-4.086703,2.798422
0.277613,0.293220
12.462422,5.017441
-0.177058,-1.798589
16.648546,11.591226
0.534300,6.547472
0.653330,-2.882735
7.847388,-3.030611
3.009514,5.296691
10.025659,12.202198
0.650604,-2.865979
3.031350,0.399848
19.298508,-3.235506
1.681555,9.876462
5.265853,8.425562
5.213817,12.057954
-6.304956,-0.949314
0.272155,0.301102
16.532211,-2.132049
13.200521,-11.048327
4.932304,-8.567963
13.842838,-4.892801
8.847907,-3.495927
5.948400,-1.507043
8.812034,-0.493699
4.784307,-8.506694
-1.429128,1.344588
-6.307595,-0.945325
8.716355,-10.527516
7.127833,5.883581
-1.441639,1.391947
7.888572,3.864483
7.076685,14.139205
18.789238,-0.273633
8.329229,11.532763
11.453696,6.160994
10.231458,8.002063
16.892368,-1.809149
3.131379,-2.551493
-2.331041,6.119422
15.571343,3.188874
1.722705,0.576958
13.388312,12.432816
7.401946,9.273188
13.889089,14.741173
11.546957,4.457577
10.676715,-6.519605
7.078526,14.136425
-6.593925,2.827990
-2.139277,-11.670717
4.814832,16.221409
8.943727,8.725286
12.236325,16.546524
3.537010,6.042703
8.099682,-3.427411
19.419727,-3.056276
-1.313080,7.627761
5.096753,-8.724826
4.917562,-8.689624
19.237654,-3.158082
17.894587,-5.780451
-3.233480,8.537553
13.404328,12.424662
5.423529,5.595749
10.841715,-0.417378
7.403227,9.274689
-2.544635,-0.934841
20.080751,-0.012671
2.877170,6.856071
1.487548,10.059816
-1.905819,-0.403937
1.669405,9.886905
9.703514,16.066198
7.399685,9.272575
8.229702,15.803137
7.950257,15.983100
8.158011,7.180252
13.065753,-10.942769
10.076179,3.364758
18.574432,-0.416186
5.233089,8.400277
6.032700,7.528454
-4.551702,3.256670
2.903449,6.857900
13.394951,12.411785
7.364419,9.309235
12.742805,1.399072
2.040612,1.766710
13.626511,5.602472
8.818277,-0.487092
5.082153,-8.690105
0.470779,-3.609589
11.100607,8.645462
12.960527,5.253492
10.917139,12.509871
10.762525,-6.299696
15.064394,14.052590
14.377408,10.665087
5.425420,-2.495848
-1.495793,-3.542710
17.212734,11.099377
14.939616,-0.100408
6.780533,-11.344771
13.083965,-1.784781
8.358068,11.540760
-0.733984,3.604231
-5.929819,-1.053597
8.740953,1.276459
-4.885242,-1.016628
13.060347,-10.955962
7.403992,9.272613
1.542719,6.878255
20.030752,8.048855
-6.238028,-3.957216
0.307301,5.809490
0.306158,5.807320
6.955320,7.929224
6.979253,7.914001
0.643556,-2.882899
0.561194,-2.988343
8.799194,-10.511257
6.912303,7.975092
14.644102,-4.943578
7.144521,5.873592
-3.897553,8.008429
-0.724761,10.481548
-2.327769,6.128731
6.953700,7.924394
3.214094,1.472114
0.479479,-3.631469
8.757982,-10.486136
1.450375,6.947875
4.806291,-8.635275
23.165720,0.930787
15.409884,3.342328
0.244362,0.318067
0.055138,6.510664
5.256775,8.428030
14.993032,13.994804
11.486094,4.395864
1.463023,6.948054
10.229988,6.838104
8.940438,8.726315
19.142485,12.648314
6.744535,-11.505035
5.437823,5.569065
20.020151,8.029697
-3.977063,-6.126379
-0.178936,3.429592
6.168004,-0.116054
6.940921,7.927273
15.034933,-0.230807
12.339486,7.977232
8.638638,-3.536482
17.041845,7.059528
-4.567480,3.269632
10.041397,16.544193
8.746295,-3.315247
-3.948258,-8.331762
17.110744,11.102031
7.872124,15.976238
8.578480,11.161240
-2.511571,15.664016
6.378850,6.825745
10.413413,12.271461
8.175253,-3.524753
8.895617,-0.420800
6.627978,6.502935
12.968371,-1.664619
11.721884,10.521879
9.144300,6.998515
13.919981,6.965498
7.009437,-11.205444
16.821115,6.752914
0.887189,2.046051
21.743931,-2.316223
1.030234,-6.508567
0.089674,0.490658
7.906558,-3.802373
5.452520,-2.861847
10.029039,3.517173
11.247548,-4.492544
14.115999,-10.638430
4.058888,14.662806
9.042399,-10.231857
1.491354,10.048927
8.779920,1.227547
5.171893,-7.849122
-2.165763,-5.882904
1.045440,-6.495039
13.790031,-4.952356
13.188073,0.183836
7.623167,17.852924
3.159266,-2.574673
-2.562925,-0.962825
5.185705,-7.770295
8.566652,11.211448
9.850139,16.189219
10.106618,3.427424
10.848234,2.283434
17.365026,10.812180
5.394803,-2.605339
2.955260,10.876298
19.494724,4.483608
8.703385,-10.590363
13.056550,-10.955099
6.956723,7.925381
-6.234982,-3.962448
1.159836,-6.389409
17.118093,11.123752
18.483253,-5.116305
-0.702061,13.868412
-3.635502,8.513288
5.413456,5.568938
20.036390,8.068598
5.500031,-2.813643
7.985287,-3.374249
7.070816,5.673746
8.304751,15.747599
-1.093538,16.218019
5.374253,-2.567296
5.162900,-7.780042
13.780621,-4.880096
-1.168213,16.220043
14.320061,9.334270
10.879247,-0.616233
6.946783,7.929448
8.163839,-3.817028
3.937655,-4.009939
10.927661,-0.626281
8.862115,1.151728
-2.472927,15.682473
5.259390,8.424328
3.155243,-2.585730
1.299430,11.722644
13.811949,6.855471
6.947668,7.928394
21.766069,-2.336619
0.637833,-2.891753
3.043594,0.391135
8.580921,-3.851999
1.177738,4.463500
5.507663,2.114605
5.405262,5.585084
7.926927,-3.004884
10.852264,2.288514
-4.064538,0.732306
20.046352,8.052305
16.874802,6.813183
8.760530,1.251607
8.014525,-3.253751
15.128022,2.256170
-0.035591,-5.050964
4.805769,18.903713
18.805477,-0.271789
4.403166,9.413371
13.892740,6.930284
-3.902624,8.014777
5.371594,-2.647328
16.832777,8.383147
10.784792,9.746531
7.308866,-8.734412
4.836079,-8.613777
7.006627,1.099044
10.394462,1.867972
4.013727,14.618346
-0.205117,-1.719205
-3.631842,8.530288
12.673257,4.446763
15.060403,14.050841
6.951159,7.926070
16.390995,0.739824
0.808253,2.138384
0.059646,6.518764
21.772449,-2.342842
-4.174475,2.893255
17.036493,7.097414
5.397012,6.907998
-0.953113,16.304113
4.798817,16.189829
20.530689,6.641381
-4.887569,-1.011537
-2.763097,4.332700
16.146139,14.304491
5.485666,-2.491770
13.896484,14.733607
10.214520,8.016222
8.263380,4.808538
13.270389,-11.088947
3.096116,-2.499675
-0.225332,-1.724158
5.036266,-8.093824
7.923926,3.837151
10.403115,1.876230
3.019235,5.295258
7.924158,3.838279
8.664481,5.595612
9.827863,5.872940
0.129733,6.580434
-2.138848,-11.669930
-1.290250,1.016305
-0.210834,-1.728346
12.891701,-1.615227
-0.737423,3.602969
6.921341,7.965276
11.577485,4.425765
5.296164,6.869449
3.182523,4.856668
7.138899,5.805514
10.744024,-7.005010
1.500766,6.902805
12.618211,4.504580
13.000356,-2.337996
10.676968,9.775171
13.925600,14.706144
21.744841,-2.314131
6.361742,6.834529
10.755478,-7.037475
1.720156,0.577190
17.349438,13.225271
-4.519342,3.224461
5.436960,7.002770
-0.214894,-1.718578
16.861586,6.801327
5.390122,6.970575
11.216063,10.053930
14.330146,2.106462
8.293410,4.776358
8.125728,3.229102
4.410462,9.415807
1.500667,6.874508
13.897702,-4.875420
0.502014,-3.670518
11.450403,6.158389
19.884890,-6.243437
10.886736,-7.124790
-4.896914,-1.007661
21.726368,-2.298921
4.902950,-8.627108
12.830920,-6.318744
0.831764,2.100759
3.730946,5.161809
5.294682,6.874583
5.174114,-7.779371
1.611825,-2.531800
8.623009,-3.102304
-1.255593,7.668069
-2.820631,4.391965
4.330384,8.470262
-4.895426,-1.009856
18.133602,9.116378
8.836678,-3.528719
3.015015,5.277924
-2.138387,-11.669469
14.230381,-10.536223
13.174014,0.119161
-0.486606,2.093325
17.099667,14.360126
5.173740,4.661200
1.558279,5.895419
-2.333881,6.123182
9.071786,6.946312
22.111572,-4.471716
8.919474,-10.363791
14.396662,-4.609099
16.846260,6.785552
10.607138,9.688528
0.555675,-1.972901
20.579292,6.614147
-1.284063,1.000752
11.971734,3.062407
13.906108,6.947733
6.952610,4.675271
10.750636,12.171017
6.989033,2.551067
15.115758,12.440623
4.751410,-8.485611
3.612627,6.110998
-2.551403,-3.248028
0.302995,5.800572
1.053570,6.286233
3.734406,5.213199
15.603192,5.785086
4.708489,3.643504
13.919122,6.965893
13.924080,6.970676
1.178308,4.466043
9.102403,6.964792
12.948759,-2.335883
19.459761,2.121899
6.808909,-11.526974
0.849758,3.411110
20.089865,-0.011560
18.063072,2.016387
20.404541,3.630085
6.957701,4.676056
19.340704,-3.033474
7.507818,9.385634
8.660783,1.355498
5.147635,-8.994652
17.848692,-5.834214
12.846010,9.825411
-4.033345,-8.362282
-0.732320,3.602213
8.503389,1.585464
1.507270,6.908233
-4.214840,2.919129
0.181969,4.515636
-0.169053,3.427226
17.677259,4.093524
-0.220911,-1.786585
6.630209,3.666219
0.716593,-2.833581
-1.325239,-3.660175
5.371415,6.923718
6.773904,12.350292
6.945746,7.936506
0.088377,6.558136
18.618677,-0.377114
-3.123275,8.466469
4.779969,-8.491142
14.325972,-4.833923
9.542503,-15.939975
4.845766,18.869223
4.879887,-4.769848
21.762749,-2.326131
4.873285,16.269791
16.455502,10.895277
8.928474,16.361835
9.211870,5.637099
17.028200,10.729398
17.669643,2.350317
0.858367,3.405005
9.201517,5.636560
7.976168,6.960934
0.940191,7.085961
4.940253,16.336393
5.314768,10.074433
3.009264,2.802697
8.584950,11.186661
6.796053,12.319299
1.558612,-2.566675
0.819672,6.606572
10.244312,9.531911
14.389024,-4.902063
4.929860,16.331903
10.695128,-6.417414
0.602565,-1.957789
14.525347,-4.797957
1.177745,4.465984
18.753466,5.541428
14.206520,-10.558009
-2.036149,-2.235093
11.955653,3.043111
13.230583,0.169487
0.473449,-3.644024
14.645404,-4.910999
8.027035,-3.400114
1.431248,7.002595
8.294729,4.742515
9.645939,12.126184
0.307542,5.814647
13.614619,5.597493
7.082900,14.146479
5.949509,-1.510033
-2.325651,6.125751
5.075199,-8.810873
13.908586,6.948770
6.794429,12.330857
-2.089607,-5.890614
10.532461,-0.299249
8.296624,4.775092
1.720987,0.575935
3.004253,5.298891
1.463468,5.962413
-3.607772,8.465613
-4.885890,-1.016326
12.822474,-6.316792
10.704975,9.653959
2.044164,1.766755
23.164770,0.926931
13.411844,12.401940
14.529751,-4.819058
10.925930,12.512937
5.499561,-2.467565
-3.986516,-8.321995
-1.114647,5.143534
7.305777,-8.732967
4.009891,14.617086
7.938224,-3.008922
13.450741,12.397316
4.943355,-4.836775
13.262783,-2.023566
-3.897427,8.001679
12.963649,5.255560
8.977209,-3.564968
-6.596069,2.828327
3.595321,6.066435
22.127806,-4.473704
-4.020823,12.069693
15.249287,1.381842
2.029038,-0.677759
8.405808,-3.066881
14.678483,-4.896266
13.280401,-11.111871
10.675974,-6.749994
13.930717,14.702675
6.653504,-11.518061
-0.740326,3.598399
1.201300,4.523314
3.155657,-2.553308
14.172360,-10.583762
22.509007,2.853258
10.821730,-6.294818
-2.837862,4.406913
12.569353,17.100307
19.463449,2.117680
19.190651,-3.192476
0.882648,2.053164
20.527908,3.407015
5.467216,-2.950330
10.745117,-0.287346
-3.652426,8.519963
8.606731,5.551517
-0.751629,3.584188
6.218886,-0.149553
7.060443,14.136155
-1.445450,1.358097
22.105900,-4.476166
0.060877,6.514657
1.479543,10.069652
-2.809196,4.369767
-6.908921,8.239468
10.864467,-6.419804
-6.194357,-4.004611
10.722092,12.207497
-3.874760,8.025766
8.853372,8.636407
-1.860797,-4.787786
17.043482,7.086921
16.542248,0.322519
11.256400,-4.487415
7.833029,-2.933787
6.918865,7.966485
1.264885,11.754136
4.889929,-8.752285
-6.152531,-1.287701
6.955141,7.923278
4.903355,-4.796314
2.942593,10.846414
0.157890,6.599560
16.655773,10.337740
-4.058111,-8.390810
16.882633,-1.684228
19.193399,-3.196797
19.106941,10.673164
8.664395,1.352989
1.463136,10.077142
4.122777,0.735420
5.556847,4.639018
0.664982,-2.873233
3.704000,5.158706
13.218617,0.167683
6.549061,4.217459
10.683858,-0.255707
14.203713,-10.560709
2.537255,6.669611
1.368128,7.066097
0.057869,6.513342
5.410904,5.579553
15.072820,14.057135
-5.939479,8.735229
10.087009,3.464710
17.907560,8.289029
10.205080,6.866137
13.911129,6.951200
5.589569,5.444922
13.435144,12.386012
10.090508,3.443777
10.846259,2.282875
-2.141568,-11.672387
1.033258,-6.506614
1.201411,4.531662
-6.313635,-0.944271
10.774529,9.756027
5.646502,4.642962
0.103905,6.573632
11.529816,4.446201
18.484959,-5.098853
-0.221921,-1.780278
8.094868,7.241807
13.406661,12.418131
14.353050,4.438310
14.448545,-4.613514
14.108969,3.724828
-3.597645,8.561380
16.419544,-1.770411
-3.690016,8.536819
0.792908,2.139048
5.424668,5.585289
11.554169,4.405338
1.174740,-6.374838
12.254128,17.416769
-0.623732,3.703929
2.950016,10.870564
10.065059,11.068398
0.264129,0.304001
5.339437,-2.582309
13.824657,6.866861
0.056347,6.520854
22.509991,2.847137
-2.504957,-3.140506
1.336668,7.092252
10.076292,11.119611
5.172712,-8.960532
14.512311,-4.817675
1.177588,4.466669
13.272501,-1.993267
22.519085,2.863467
4.862348,17.728178
10.227345,8.007857
5.488576,-2.472753
4.009383,14.616152
-6.576443,2.805664
5.556895,5.471936
10.212632,8.003452
15.249359,1.380608
-4.179336,2.889639
1.037996,6.606657
13.407751,12.416160
1.175164,4.461908
0.409547,-7.644072
16.860872,6.803005
18.784775,-0.278929
6.764042,12.348464
-6.112424,-1.238559
10.555877,-0.245329
10.207890,6.873066
13.053002,-10.926950
13.422812,12.402169
10.971028,-6.760669
15.415518,3.333519
0.819828,12.350362
18.132610,9.108989
-0.300371,3.460585
-8.008545,-4.493631
8.648243,1.360974
16.076490,10.712469
-2.326952,6.126870
2.951960,10.871541
13.263349,-1.880400
6.632136,12.496500
-1.892965,2.799124
13.416728,12.411972
-5.973373,-3.681601
-4.222308,2.933711
-0.214441,-1.724822
5.454021,-2.956861
17.911425,8.290579
8.585915,11.188977
12.145061,17.460108
8.845130,-10.443001
7.919517,3.842706
5.196847,-0.496163
12.333549,7.974131
5.159355,-8.936152
7.167985,-11.514871
1.659217,9.896875
10.339790,12.533991
3.215999,1.471014
11.250829,-4.494123
-6.908331,8.248562
8.681231,-10.613093
21.867002,-4.411352
21.760273,-2.328166
20.285629,6.413247
1.195078,4.532045
-4.008723,-8.356209
7.841396,-3.033415
6.362293,4.008413
0.860590,2.071971
19.246958,-3.106917
10.938785,-6.748149
1.370466,7.038613
-5.187800,-5.257936
10.435019,1.917359
0.321273,5.819787
17.914553,8.297360
10.652836,-6.752135
5.328506,-2.646569
1.421050,6.991335
-0.207124,-1.718255
0.643746,-2.902818
1.275764,11.742622
4.822679,3.545190
14.314053,9.330463
-1.095034,5.590574
-2.240566,-2.525021
4.011183,14.615745
10.619469,2.126903
4.965432,-8.487970
16.190258,14.328485
1.556607,-2.569780
2.889189,5.229798
3.152797,-2.552438
16.881081,6.828974
16.601927,11.490459
-1.278547,0.991850
1.599678,9.942458
9.708166,16.077261
7.392461,9.267040
11.218087,9.337009
11.900643,3.074869
5.333642,10.161125
16.869455,-1.578627
-1.311319,16.129023
13.178038,10.079456
6.939886,4.661941
16.621017,10.308966
18.683533,13.139090
-4.021119,12.068304
12.837221,-6.327984
14.166171,-10.590169
8.153236,3.217150
10.855731,12.456647
1.477163,5.953290
11.546168,4.456824
8.727055,1.288042
16.891150,6.835353
10.754700,12.348497
-4.207803,2.923289
23.166887,0.926229
19.466965,-3.359066
-0.749055,3.588062
0.306184,5.804482
2.919290,5.332413
8.719872,-10.571255
12.291626,16.580853
6.375093,6.829137
8.810968,-0.496704
10.678285,-6.344215
5.401611,-2.857302
4.818751,-8.684577
4.298985,8.502987
7.516858,9.394572
5.156647,-8.927633
20.527128,3.414843
11.457982,6.177734
5.402967,6.942082
5.362611,-2.872895
-1.436905,1.349039
-6.148537,-1.273243
-6.594484,2.818954
2.792876,5.285590
12.819356,-6.308236
15.331827,6.660866
6.627285,3.670008
11.162163,9.980961
15.059978,14.051748
6.100215,6.380797
-4.873601,5.947315
0.456647,-3.664666
-1.289949,1.013244
5.206098,-0.492212
10.044468,3.343666
19.420746,-3.065392
8.107190,3.161379
14.118703,3.726919
-3.647672,8.516156
6.101509,-0.229366
4.891216,3.514226
10.962085,-6.958968
6.947530,4.698547
17.011356,7.125902
3.116305,-2.517837
2.896122,5.352296
1.034694,-6.501805
8.311612,4.760590
11.247205,-4.485786
22.082804,-4.459313
10.567757,-0.297540
7.876146,-3.064819
-0.383948,10.988902
13.126724,-1.798095
20.562725,6.592889
8.128566,3.232899
21.855331,-4.449198
5.385966,6.966264
20.386410,3.638444
1.717486,0.577449
16.560036,6.855408
12.828768,9.813239
-0.455176,2.142857
-3.964372,-8.349776
5.323618,6.891192
-0.715822,10.470784
4.406227,9.414287
5.451999,10.052176
1.800023,-0.905712
8.837404,1.177007
11.484505,17.072990
-2.500444,-3.126119
-3.991033,-6.113966
3.113923,-2.529491
17.208340,2.048800
8.263972,4.703763
-1.273656,7.649250
0.059204,6.514980
10.732148,-6.300603
7.371156,5.217513
10.567377,-15.693922
-4.023471,12.067864
22.130028,-4.433891
0.851764,3.405387
4.055823,14.659390
-0.739652,13.911755
8.152241,3.205042
13.027375,9.092188
5.399002,6.910078
10.899995,-6.462812
14.293193,-5.125904
8.005505,-3.332384
13.919649,6.964647
21.728188,-2.295352
4.078773,2.241243
6.251058,9.125388
15.327765,6.660095
-1.537373,-3.506338
20.290058,4.185356
-5.986069,8.786563
1.719332,0.577000
2.929973,-1.872558
8.911926,8.689955
1.570565,-2.571817
0.159773,6.600782
12.667212,4.451626
8.809950,-10.497587
7.399627,9.268267
12.826222,-6.314220
-4.288950,2.981905
-6.235754,-3.960840
5.945154,-1.514342
5.087460,-7.921775
6.845298,6.155645
4.820432,-8.528211
-8.007360,-4.493589
-4.049523,0.722923
20.548355,6.622799
4.723308,3.628823
5.506386,-7.691657
19.539339,-7.617423
5.492662,4.647093
10.831334,12.429691
8.572366,-3.360449
8.194275,7.138518
13.800402,6.845034
8.803305,-0.510712
0.845092,2.087422
2.547148,6.684350
12.595015,17.060995
15.609385,5.792606
21.726179,-2.284618
10.275524,12.443882
6.911010,-11.539462
-1.527683,-3.514692
9.697010,13.169366
-0.228301,-1.777118
7.942318,-4.061462
1.456449,6.950230
1.195137,4.509197
10.478193,9.645840
8.330279,11.532634
3.214492,1.474318
16.566534,-2.057944
-4.860892,-1.042981
10.522924,-0.234716
13.918917,6.964089
13.922915,-4.729560
15.068021,14.050342
17.047064,7.101556
10.481931,-6.646262
1.233925,4.559703
11.535123,4.451026
21.764229,-2.320390
2.955624,10.889364
-1.725820,-2.659411
10.527884,-6.595222
14.292899,-4.625033
0.116974,4.561003
-4.042206,2.758293
2.953889,10.885310
5.453033,5.524452
22.477301,2.818989
5.232427,8.436459
-2.451794,-3.083055
8.403977,-3.021527
16.616940,10.400731
5.291631,8.455908
-0.741102,13.920181
5.496244,-2.496013
12.826600,-6.313683
18.661818,13.162448
-1.863577,-4.792834
-0.737809,3.594388
17.021273,7.109662
14.579281,2.226982
5.201735,-7.769392
10.232881,6.837043
17.186543,10.771777
12.959636,5.251165
6.801802,12.318993
19.356102,-2.983399
-0.350032,-5.068475
10.872318,12.473067
-2.331571,6.121379
12.666477,4.462745
14.139672,-4.451641
13.004164,-2.265224
10.509525,-0.221781
16.141630,14.301562
7.478051,15.578405
16.134274,14.297824
4.762544,-8.499525
13.911753,6.958360
13.787774,-4.910923
1.496680,6.910464
14.439532,-5.106149
-2.585109,-0.983297
4.936965,-8.748336
10.792270,12.308106
-1.014128,-6.547797
17.073605,7.093303
13.911375,6.955763
-0.222127,-1.813629
23.168264,0.924164
13.945297,14.686298
17.197842,2.043326
13.803502,6.845808
10.614750,9.600178
0.337839,5.836326
-4.028559,-8.351127
-1.496421,1.409165
3.833123,6.498829
21.787664,-2.300858
10.513885,-0.223707
8.931090,16.361849
-2.136241,-11.667334
15.617218,5.797300
-5.291289,1.458663
13.911960,6.957087
-0.728835,13.922020
5.458903,10.036708
-5.187751,-5.263226
10.323250,12.490380
5.446788,5.557550
6.953000,7.925967
4.011850,14.617325
-0.028163,-5.050379
9.993452,12.167023
17.072680,7.063438
4.925570,-8.651145
22.102186,-4.508327
6.553181,4.204618
17.124544,11.117120
7.186017,3.731678
10.380508,1.850206
1.175403,4.466670
2.920219,10.909701
0.166931,6.628409
22.123266,-4.454471
13.927111,8.020166
4.075059,2.237976
13.389597,12.375190
6.953143,7.923494
17.050114,7.077763
0.333005,5.827701
13.287270,-2.037637
1.461366,10.079599
-2.327830,6.127575
2.962622,10.907631
0.149698,6.602904
1.667185,9.889947
10.063489,3.486957
-6.906557,8.247901
13.934919,14.699788
5.216910,-8.966866
7.618535,17.735611
4.417704,9.423079
-1.173185,0.843362
4.032851,2.218390
6.711885,12.406078
6.611839,-11.387602
15.250419,1.383541
14.970160,-0.163810
22.101913,-4.511219
19.332193,-3.084663
5.602617,8.685770
13.904361,6.947762
10.785376,2.229388
20.293653,4.193070
-6.145611,-1.280804
3.853942,6.521372
8.512550,10.322868
20.290819,4.191498
13.904464,6.947064
1.999741,-0.698098
-3.690977,8.542416
-1.431720,1.338714
10.694134,9.797723
8.154746,3.205500
6.961942,10.367940
8.305315,4.756313
-4.023876,12.068388
-1.489318,1.397879
8.968845,-3.569950
14.693950,0.133544
-0.028604,-5.054395
6.955387,4.674909
15.501425,3.246291
-1.187262,0.859978
5.161053,-8.999784
5.185733,-8.980203
18.706099,5.582932
12.643106,4.504748
10.328753,12.504715
19.204035,-3.181752
0.144245,6.602036
-1.454613,1.376946
21.768177,-2.334045
5.414445,-2.550570
2.937812,10.860533
16.929680,-1.487985
5.190897,-8.978786
10.229858,6.838177
3.864238,6.517068
8.592278,11.185939
5.264781,-2.700194
-0.643837,10.612235
-6.600999,2.833731
7.878891,-2.999660
1.679709,0.619871
4.855078,16.246483
-0.749024,13.918764
8.647856,-3.909918
-6.301423,-0.950407
8.089424,15.648809
0.251190,0.321844
-4.562262,3.265045
17.045240,7.077204
13.935782,14.698851
7.529097,9.403984
9.522189,-15.971863
-2.588152,-0.986634
1.178752,11.867025
11.453443,6.160126
3.668500,6.218828
8.477760,-3.050580
3.006664,2.800051
4.809172,18.908773
6.092506,6.393701
5.409777,5.589499
13.088284,-10.967044
-1.865911,-4.788239
3.701370,5.162741
5.186372,-8.992833
16.808496,6.767233
10.616971,9.604262
10.003428,3.530736
0.397812,-7.652132
12.177352,6.565944
8.629805,1.382970
9.094849,6.960580
-0.215566,-1.818302
3.582250,6.085879
1.687328,0.614160
8.656753,5.643369
5.935800,-1.517556
8.049241,3.472234
14.200703,-10.563292
14.624301,-4.937049
0.893677,6.581827
0.850801,3.399920
14.951522,-0.140505
10.319204,12.490062
-0.195016,-1.792984
9.756539,5.817258
-3.625251,8.488861
0.169621,4.522366
8.149590,3.219607
16.932550,-1.825388
2.868943,6.845918
5.382303,12.383418
16.837744,-1.560345
-4.019342,-8.392741
0.393184,-7.634852
5.503285,5.496952
4.925685,-4.818106
-5.011014,-0.584864
4.058503,14.662296
20.290768,4.193165
19.524351,-7.632911
23.167139,0.928076
14.900275,-0.073295
-3.660175,8.518896
5.262222,8.426903
12.840530,-6.329642
-1.215004,16.289934
8.187447,-4.110303
22.518055,2.864691
7.824835,-3.038516
0.085519,6.540838
20.243793,4.093908
22.183371,-4.345562
8.267050,15.738944
13.907879,6.939455
15.174735,5.517296
14.997854,-0.193111
8.311695,4.778316
17.014978,7.130502
14.610118,-4.830152
17.058155,7.071645
10.633689,9.717870
8.731145,-3.338751
10.743974,-6.325802
2.608819,1.281242
10.815783,-0.410369
10.693333,-0.662645
5.172905,-0.496241
0.902620,2.032182
10.319366,12.491138
20.568213,6.605477
6.780289,6.085025
14.930921,-0.113613
8.038481,16.067846
13.796150,6.843462
10.026252,3.419231
3.148755,8.779775
13.105087,-10.953189
3.137696,-2.482898
7.902539,3.874232
10.404896,1.877765
-6.156282,-1.295381
22.224867,-4.289402
23.167585,0.930432
3.100592,-2.516298
0.133352,6.584899
8.380629,10.410394
0.880670,2.051048
5.385100,-2.913889
11.452009,6.158265
3.152174,-2.566824
1.421317,6.994032
11.210452,10.046674
9.518613,12.133710
1.480049,10.061833
5.412326,5.594158
0.870174,6.571084
8.688910,5.601250
8.629622,-3.113053
4.812553,18.902403
10.705456,-7.086021
12.864346,9.823387
5.166124,-7.791398
1.033085,-6.501953
15.834277,-3.562038
0.301729,5.800534
5.454868,5.538160
8.609236,-3.911967
10.065169,7.010709
17.051590,7.055498
5.071953,-7.849475
7.102366,-11.297666
-4.446507,3.151933
-0.736053,3.576078
18.832315,-0.246468
4.003031,14.610437
18.651915,13.170845
5.016663,-8.079183
1.055805,6.293193
4.878322,-4.763715
18.751898,5.540918
5.382301,-2.609176
20.664822,-0.035374
12.260758,16.629494
14.108225,3.728454
-1.532623,-3.511142
15.113555,12.439484
-1.535187,-3.505449
-6.910261,8.247530
5.313918,6.936928
0.608882,3.997795
5.333494,-2.596610
5.015616,-8.145507
11.638764,10.431901
11.477998,17.068491
6.828506,12.286374
4.770670,7.327629
13.819349,-4.896344
12.186338,6.561201
8.774303,5.546279
-1.547146,-3.496796
16.908895,10.985133
11.596006,4.497575
15.169027,2.287390
3.645860,5.138706
4.804153,16.208017
5.222130,-0.535443
1.417626,7.004793
5.487320,-2.477010
5.325731,10.173897
22.503492,2.846341
9.521729,12.155897
-6.114758,-1.242964
7.027339,5.691932
5.304979,6.879862
6.952130,7.929421
12.198669,6.546196
6.949599,7.924293
4.727421,3.622032
13.173841,10.070979
8.124172,7.092868
4.780235,-8.564902
1.578095,9.960878
6.527341,14.375400
-1.495010,1.405505
10.762174,-0.603677
10.669106,2.160341
16.933855,14.521400
0.946140,6.519681
3.043473,0.394527
23.168568,0.938382
3.777169,6.401513
1.403796,7.002887
-2.750150,4.323225
8.699913,5.587650
20.078836,-0.011838
0.848486,3.405952
6.630779,3.664975
1.468005,10.072676
21.771639,-2.345978
1.497373,6.909688
3.854655,6.533533
14.335588,-4.636111
-1.206643,0.874481
-2.807197,4.370970
-4.151162,2.856392
13.618604,3.217360
-6.020320,-3.720342
14.926239,-0.127613
-0.203014,-1.832735
0.150710,6.604674
6.777301,12.349637
1.015152,-6.525491
13.048418,9.081082
3.146820,-2.561561
15.167612,5.512736
13.262231,-1.907098
-1.193215,16.243353
10.745915,-6.300085
5.431904,-2.593006
5.907303,7.247333
20.609653,6.515563
5.109217,-8.749523
7.558194,16.983316
10.571837,-6.625528
-1.721636,-2.645855
2.920847,-1.856428
-2.771270,4.332639
12.191876,17.414225
19.330694,-3.040772
8.811029,-3.384154
22.484612,5.015246
19.270565,-3.187309
13.106741,-10.972897
-3.865764,0.720258
0.391235,-7.630315
16.912367,-1.478153
22.513454,2.856973
0.628192,9.430186
-4.105412,-8.441101
10.549266,-6.654886
18.436939,-5.153813
13.916683,6.961419
7.806777,-3.060573
5.910308,14.563629
18.132328,9.106090
20.114626,8.122739
7.014938,-11.468545
5.512515,-2.491868
4.807696,18.897669
-4.001420,-8.337875
4.121879,0.735488
1.060407,6.314408
-3.923262,7.988082
11.309158,10.113280
10.816525,9.770613
8.143751,3.213105
2.895447,6.847809
8.578871,-3.039564
5.110231,-8.734334
-1.485372,1.395953
7.018630,1.111085
6.878159,2.468874
1.558076,-2.575126
1.177347,4.464906
14.977859,7.889325
5.433927,5.542238
5.967149,7.234730
14.694290,4.895299
18.697348,5.592529
1.065281,6.631447
20.030590,8.079348
16.841288,6.765090
13.402462,12.404897
4.425930,9.434312
13.912182,6.955991
-0.238550,4.847238
12.306123,6.678560
-5.945465,-1.070999
6.345080,6.271019
5.948888,-1.510839
21.769594,-2.340249
-3.674047,8.523277
5.245567,6.829235
18.660116,13.164889
3.049941,0.385670
20.057367,8.065984
3.550815,13.036956
10.830082,-7.194474
0.167889,4.523209
20.038979,8.048864
13.407247,12.425719
6.941056,7.934236
-6.596240,2.823349
0.510731,-1.979746
7.506347,15.585845
-0.053245,-5.053428
10.791465,9.751009
5.298255,6.876976
16.650434,11.152389
7.882434,16.385483
12.302669,16.593208
19.346304,-3.009799
9.510618,12.123556
-1.193951,16.260990
-4.162214,-3.956957
13.220312,0.159677
8.662839,-3.063376
-0.449001,2.110379
7.254633,-8.724052
11.977450,3.070539
8.852137,-3.401953
8.770896,1.228892
11.541474,4.457696
6.961248,7.912687
13.383054,12.438425
6.631063,3.665109
19.545120,-7.613221
2.539942,6.671031
17.038412,7.093421
-3.300115,6.398187
7.056613,14.130461
9.834171,3.532237
5.372974,12.388021
6.796134,14.244065
14.697798,4.895607
6.648611,3.648365
8.101438,-3.437566
3.138585,-2.558312
5.670395,4.629143
-3.995625,-6.143562
15.178911,5.525507
5.328620,10.164491
12.457259,5.013039
15.815821,-3.579752
6.998438,5.685469
-4.302720,3.019442
-0.952227,5.339589
5.448620,5.527874
2.024150,-14.038409
5.942204,-1.511026
-0.737664,13.901233
19.396839,-3.281778
13.288388,-2.017235
17.325863,5.542686
10.492917,-15.761642
17.059275,7.063911
0.527294,-3.589420
12.780837,-1.884340
19.411232,-3.183842
18.865860,9.895448
22.116329,-4.430581
-1.234657,-3.704014
0.066545,6.519475
19.460569,14.200782
-6.014400,-3.712498
1.558129,-2.574338
-1.091947,5.564399
5.942574,7.264952
-2.764994,4.346281
21.771618,-2.338148
5.429405,7.058032
16.845562,6.784446
6.765622,12.358217
11.969351,3.060176
12.834736,-6.328660
1.368232,7.037740
8.206372,-3.667755
11.551592,6.882951
7.099653,-11.366231
5.127922,-7.819643
3.206240,1.479656
8.270906,15.743096
18.661598,13.163074
0.477295,-3.649050
8.453917,-4.179855
19.405212,-3.222751
10.761491,12.170512
3.123329,-2.521525
23.200792,0.974490
23.169163,0.935533
11.452556,6.159549
21.734047,-2.302509
14.409689,-4.627850
12.846425,-1.890409
-6.019174,-3.720682
3.051424,0.380679
0.302754,5.809182
-2.036766,-2.235683
5.486839,5.521256
-6.146741,-1.279106
0.878800,2.051595
20.551859,6.615064
16.589264,-2.058125
5.459259,5.515127
-1.492684,1.402341
8.708377,5.565323
6.035344,7.549451
19.361870,-3.161483
9.517113,12.147385
3.150325,8.776952
0.300594,5.797156
19.414953,-3.066858
3.154779,8.777615
16.803015,6.721371
5.413966,5.529426
6.997992,1.121423
-0.030495,-5.054353
8.788409,1.247896
6.358086,6.830078
0.454500,-7.597587
5.697015,4.611698
12.180522,6.568613
1.957517,-5.090520
-3.910892,7.997336
3.638566,5.126420
4.856564,-4.750212
5.417093,-3.076997
5.475374,5.522999
6.357899,6.829875
17.906494,8.289120
-3.649649,8.510140
3.020626,5.288508
0.823057,12.349024
0.301018,0.333592
5.314595,6.876170
-4.613314,3.314960
11.253667,9.889221
-1.272918,0.986092
19.458834,14.199611
9.069223,6.947034
19.884493,-6.242156
10.719267,-7.237042
-0.030085,-5.052225
-1.262232,7.653167
15.413774,3.336526
6.626893,6.509799
8.780638,1.227238
5.513358,5.439610
-6.143684,-1.280251
-1.554691,-3.504910
-0.207039,-1.768229
-4.163661,-3.957541
8.020320,4.920463
10.672082,-7.294872
19.451481,2.129892
4.006711,2.189207
18.663893,13.161367
1.267655,11.749087
3.152046,8.780209
3.898061,-3.960679
13.837588,-4.881674
7.282507,-8.695730
0.809890,12.361968
5.276190,-2.702384
5.490815,-2.436754
14.522979,-4.690407
0.462243,-3.660144
10.371295,1.845007
-3.992908,-8.354470
8.041733,-4.227407
-1.255293,7.663611
6.619999,12.509610
-4.547064,3.247563
0.280926,5.774127
9.022018,-10.244705
13.797372,6.841136
16.623493,10.300816
10.209600,6.858583
8.540025,-3.922995
12.769383,-2.277037
4.796566,16.195835
3.152473,8.781720
1.504749,10.091073
4.967957,17.620152
8.707615,5.559632
-6.026785,-3.727970
10.372420,1.845981
7.038606,1.146174
8.843050,-0.479351
5.050504,-7.784266
12.327830,16.643263
10.742628,-0.705128
13.251904,0.199081
2.936003,10.478699
8.014881,-3.218437
22.464659,4.995437
6.458526,4.127336
2.863951,6.883903
5.431821,12.452049
8.224977,-4.137160
7.234076,-8.757395
0.306046,5.801165
10.712302,-7.084514
-0.242463,4.840386
-4.148716,2.863958
8.137528,7.102620
3.047884,0.381289
5.400904,5.578215
5.423037,5.579135
-4.860593,5.941825
10.638781,9.733197
10.691017,-7.309523
13.254622,0.203136
7.168672,3.720631
5.328228,-3.118326
13.366673,-11.151944
5.418208,5.587789
20.583673,6.629359
7.554369,16.995136
8.153961,3.199533
8.747948,1.268394
11.222699,10.055770
7.395345,9.270573
10.030192,3.523753
0.939628,7.104558
7.923166,3.834571
13.215238,0.163165
5.155437,-8.929459
1.206405,4.522360
2.615193,1.269325
-4.582046,3.283760
6.920390,7.966222
5.108741,-7.774243
6.104690,6.374396
0.003424,-5.050991
1.371153,7.038534
-1.682050,7.508839
5.526881,-2.492836
18.830074,-0.249455
6.333908,20.011198
6.115838,6.370854
17.897137,8.276951
0.818888,2.115671
12.181756,6.570889
10.042659,12.146026
5.509098,-2.510688
13.825216,-4.863469
1.200053,4.526032
16.193138,14.329208
-2.329392,6.123266
-2.022862,-2.224393
7.263983,-8.716822
13.908184,6.952346
7.266399,-11.458742
18.480671,-5.104378
0.751275,2.209517
7.399814,9.273293
14.127546,-10.626429
4.786946,16.136753
16.662481,-1.977638
5.155283,-7.762070
0.945603,7.129026
4.815441,18.890623
18.805826,-0.270868
6.925621,7.963117
13.914258,6.957169
17.356310,13.219257
8.765069,5.573642
0.306473,5.802834
-1.871939,2.819158
8.544568,-3.341167
5.420728,-3.087792
5.098208,-7.808906
5.090210,-7.829217
13.919876,6.964943
4.113038,0.737880
3.950415,13.319693
19.458813,14.199552
12.815400,-6.300682
17.080570,10.501424
17.017014,7.132214
8.682060,5.610470
-6.148725,-1.283960
14.326602,2.107251
0.826293,6.587265
-1.689854,7.505858
13.400849,12.415684
9.102519,6.958968
11.540082,4.456005
18.707655,13.116010
5.312336,10.075192
19.544388,-7.614728
5.187406,-7.776680
6.978057,10.345647
8.135782,10.478036
0.146263,6.597929
10.809822,2.264522
10.721983,-7.323400
4.948042,-8.292941
5.315699,-2.863056
14.113674,-10.645052
2.866021,6.889349
8.042717,-4.280754
9.197631,5.636326
0.254252,0.306970
8.871251,-3.461558
12.730207,1.400049
19.218178,-3.129803
6.182289,-0.124661
-6.599563,2.833475
2.917740,-1.863639
1.207412,4.495697
12.736115,1.401249
8.473581,-3.068131
5.268595,8.435935
14.960643,-0.154673
1.489362,6.922138
-2.766407,4.340934
20.742445,1.381731
8.965799,-10.300443
15.168700,5.513783
-2.716278,4.286235
4.923550,-4.816024
-3.698536,8.522361
-3.901575,8.003877
20.512831,3.431059
6.949174,7.928349
5.161321,-0.530615
0.375651,-7.686713
13.196986,0.146941
8.176639,7.145085
4.221864,0.674801
-0.738685,3.602183
7.060505,2.470656
-3.990682,0.738801
1.705841,0.590893
20.674147,-0.052990
-2.880205,4.431191
-1.011720,-6.549541
23.169201,0.930778
16.610136,10.605497
13.399610,12.414912
12.835905,-1.993421
8.093876,5.011963
13.902605,-4.892468
20.592150,6.608451
20.599775,6.593978
5.453135,5.548677
0.271495,0.302392
3.018907,0.418958
11.014553,10.376424
8.052954,-3.368011
5.032527,-8.500407
3.039524,0.397100
1.678113,0.622389
5.263410,8.430394
-2.357602,6.115098
3.000516,2.810372
13.100217,-10.963449
5.195341,-0.515846
12.333284,7.973849
5.955728,-1.502220
-2.825253,4.407783
15.163742,2.278278
5.284490,8.442010
17.915779,8.292961
3.085638,-2.474586
12.338621,7.979979
2.908530,10.443137
-2.326515,6.110592
5.235984,8.399817
20.482632,3.454468
10.865101,-0.365469
10.218592,9.525535
8.700834,5.602134
8.167350,7.161530
19.491922,4.488134
4.424795,9.435164
15.277319,6.705110
3.149885,8.776533
15.060371,14.060913
11.099857,5.440721
5.515611,-2.840715
5.081908,12.061867
2.957029,10.876064
1.962291,-5.080226
2.957248,10.874370
5.271184,8.446732
21.779133,-2.348334
-4.133555,2.843612
-0.250093,-1.820817
5.003373,-8.413489
4.412562,9.415924
7.509532,15.592174
5.508254,-8.484741
4.931973,-4.821858
2.920113,-1.875613
5.254158,8.414912
20.655470,6.542542
4.414820,9.418989
6.771613,6.111115
5.172644,8.347228
13.214587,10.111572
13.296084,-2.198611
9.597738,10.231972
-4.143561,2.852878
8.968884,8.741432
5.103056,12.090995
4.747829,3.599795
8.212852,7.149199
8.710258,5.554593
7.075816,14.138350
12.951824,5.247040
14.335139,4.441157
8.116130,7.203945
8.515659,-3.725752
8.284718,4.785923
8.902498,8.691189
5.140031,-8.449739
11.551167,6.890628
9.677842,13.187510
0.457122,-3.650075
20.670250,6.576891
8.162491,7.117225
1.027704,-6.511980
16.587500,-2.036361
9.009278,8.787776
17.039352,7.079282
12.966861,5.259044
7.974668,-3.522759
13.155964,-11.016667
5.052356,-8.229011
13.151381,-2.072383
12.742398,-2.063843
20.613073,6.592413
1.483784,10.061980
5.541995,5.506030
14.211740,-10.553582
1.669698,0.629106
20.627529,6.565070
3.214030,1.467365
20.218895,4.097567
5.506884,5.513344
3.044959,0.393712
16.735029,-1.678691
14.297247,-4.611371
5.705495,-2.759806
-8.773492,3.406930
9.700991,15.677540
3.041311,0.398876
21.754356,-2.318803
5.260765,-8.403233
-2.806587,4.382010
23.169868,0.928657
20.704439,6.481256
14.325066,10.621634
6.927753,7.956707
-5.981407,8.777572
15.378970,3.365087
7.074605,14.136675
12.854652,9.823359
-1.237869,16.226057
15.175691,5.517733
-4.281344,2.987228
8.081579,-4.060766
20.065916,8.049397
6.615301,3.658181
0.286989,0.286224
14.286576,-4.695352
1.560634,-2.576953
11.284215,-4.459336
13.613246,3.210810
12.185192,6.556620
5.679218,-2.770240
20.081348,-0.013766
17.912870,8.295364
10.479205,9.648990
7.356507,-11.417139
14.848913,-0.033422
17.911860,8.293729
5.563719,-8.355313
5.271564,8.430432
5.572621,-8.484509
8.573980,-3.304421
3.111750,-2.499339
4.320428,8.478662
9.042309,8.815769
4.444652,9.446763
17.054323,-3.939410
11.278132,-4.462311
1.180449,4.469455
5.662870,-2.767907
14.820006,-0.008780
10.074374,3.424966
14.218816,-10.553554
-1.219491,16.162769
11.873314,1.380635
-5.945283,-1.070504
5.543728,5.615892
5.334715,12.335733
12.038690,6.668209
14.551429,-4.824666
3.134407,-2.509706
13.057957,-10.965723
5.346664,12.354844
6.992105,2.541739
4.898518,-4.793279
-1.214351,16.265133
8.821973,-10.478024
17.885994,-5.788199
-4.264159,2.965557
8.269297,-3.233510
6.211843,-0.140592
10.085711,3.432131
20.277834,6.451198
11.065626,5.423976
5.167228,-7.782025
8.664964,-3.914466
11.710208,9.058141
-3.650091,8.520868
5.249400,8.395844
22.102484,-4.466856
5.491071,5.522760
9.784840,3.599080
11.453545,6.160592
12.316217,6.668063
1.391245,7.055890
10.034070,3.359204
16.901230,-1.786615
20.583231,6.676081
2.892860,6.846896
12.350640,7.966725
13.252487,-1.897353
21.739815,-2.307196
10.081940,3.425072
-1.252159,16.126892
2.927238,10.483552
14.950201,-0.112183
17.012236,-3.892026
7.014089,1.114230
8.409463,-4.047670
5.221126,8.387918
5.186792,-0.497504
20.569138,6.643226
5.497017,-2.502423
-1.519690,1.429793
5.178809,-0.514555
4.434603,9.441570
8.147638,-3.873941
4.832982,-8.626509
3.211817,1.472398
20.025127,8.047589
-3.314786,6.401562
9.597588,10.231400
13.166247,0.111695
5.157131,-8.926073
3.003568,2.805582
13.927211,6.974813
8.939310,16.374435
14.350116,4.440988
-4.872441,5.930635
22.557386,-0.091100
4.112726,0.748325
15.332029,6.660832
5.207097,-8.871809
5.383409,5.614259
0.183942,6.623625
-3.887702,8.014625
-2.593851,-0.992481
1.715170,0.578858
5.245531,8.417285
-2.078783,-5.894838
23.169104,0.935137
20.486147,3.455441
13.057972,-1.819796
5.176087,-8.959015
8.675353,-3.070951
23.168461,0.925111
21.791296,-2.357026
13.464739,3.067716
5.139596,-7.853149
5.191552,-8.986144
16.930904,-1.423455
4.423308,9.436385
17.670900,2.307058
3.131543,-2.546409
2.611759,1.286812
5.356416,-2.629333
0.947923,6.519271
10.877831,-0.305171
16.920118,-1.471432
8.715123,-3.303636
8.686316,-3.044543
4.938715,-8.569587
5.384450,-2.583473
4.766572,3.613131
8.889956,8.665903
13.085917,-10.962271
3.131504,-2.519337
8.572702,-3.059708
5.421945,5.580578
15.252706,1.387198
20.584921,6.611911
12.955528,-2.117626
20.042336,8.056973
20.526434,3.414434
5.515485,5.520401
8.738914,-3.377414
2.992383,2.820814
8.290626,-3.825723
13.236822,-2.041959
6.577443,12.487448
17.048063,7.082474
8.348282,-3.490155
12.246498,16.561831
-2.330906,6.122318
8.515349,-3.880580
8.399571,-3.949003
7.937310,18.022776
4.056486,14.661188
6.140531,-0.029060
12.956271,5.250760
9.600354,10.229751
8.330567,-3.750320
13.304083,-11.154660
7.062098,2.464943
-0.739500,13.916307
-2.757166,4.325753
15.181603,5.526890
16.850105,-1.575846
9.599534,10.231322
-3.648580,8.517075
4.758317,-8.403157
5.273807,-8.913400
18.837559,-0.243617
-4.121657,-8.457184
8.814165,-3.499222
13.327721,-2.038892
4.125329,0.735445
3.868914,13.276057
11.873424,1.389076
7.062749,2.472650
20.679039,6.556994
8.789696,5.557165
12.870905,9.843037
20.642948,6.531637
9.562293,12.140203
9.612389,10.214190
7.738505,-3.290756
-6.577623,2.809948
9.965004,3.500514
20.617483,6.568414
9.971674,3.492716
17.920330,8.293102
5.490238,-8.527964
8.660703,-3.453839
12.954058,-1.808952
16.895153,-1.758429
3.273142,10.551457
2.995030,2.817775
20.726515,6.504307
13.139801,-11.017800
3.149097,-2.555402
9.021943,8.806847
2.991579,2.824032
-4.095677,2.808168
13.245383,-2.206275
7.880305,16.399542
5.931125,14.555980
0.106927,0.473185
5.401455,-8.495214
10.122682,3.270565
6.688005,12.432090
20.671251,6.549848
5.545038,5.616922
13.839648,-4.935627
5.021367,-8.370335
5.120603,-8.383603
13.125254,-2.066228
5.322199,-8.413273
5.521565,5.532845
5.231214,8.397874
5.230905,8.398200
11.555884,4.399275
17.042540,7.099894
1.191127,4.476953
-4.201873,2.904906
5.136879,4.639273
5.649119,-8.415044
-2.861553,4.428212
-5.350228,1.371977
12.965913,5.258945
8.741994,-3.726415
12.958709,5.250378
14.176730,-5.157725
2.986517,2.825261
20.692646,6.542743
5.302126,-7.846967
20.726820,6.498830
4.854668,1.245724
13.214468,0.160571
10.054020,3.391274
-0.636743,10.603759
14.357108,10.652463
8.767788,-10.517178
5.493973,5.540060
19.317640,-3.046436
-1.897031,2.816234
3.941145,-4.011219
12.301991,16.594376
7.399711,-11.415089
-0.225952,-1.767898
4.411404,9.417953
13.207314,0.199602
14.215696,-4.721203
11.197669,10.033363
2.912433,10.485209
14.335903,5.555990
14.269718,-4.681416
-4.289465,2.987468
10.217600,9.522850
6.267793,-0.225891
5.218110,12.202310
20.798428,6.489046
16.776178,-1.634513
13.222330,-2.108177
11.033653,10.404836
10.852574,2.290103
5.670559,-2.771613
-8.772305,3.407037
20.255831,5.451985
5.182387,-8.304350
5.387641,-8.406480
15.159509,2.276659
17.153456,7.188146
5.536323,5.561310
15.573510,5.767924
5.220023,12.208598
8.784797,-10.575435
8.622534,-3.764771
16.770979,-1.626356
5.440951,5.485517
23.169760,0.930855
5.204936,-8.131208
4.936611,-8.295089
14.337397,4.457631
15.178550,5.518878
14.006446,-4.674765
4.675333,3.693431
-5.231317,1.508324
13.957518,-4.823428
2.990799,2.822705
10.005420,3.395449
-4.882976,-1.017567
-1.437324,1.344408
7.477558,15.576709
5.098493,12.086996
-4.878299,-1.022066
5.541781,5.469843
16.195885,14.333326
-1.099907,13.516521
-5.238076,1.503580
14.642043,-4.952460
15.542656,3.268333
1.476752,5.954948
14.162759,-10.610030
5.202188,12.174538
10.367419,1.854862
6.605413,-11.540570
22.510979,2.856530
19.523211,-7.633457
16.896376,-1.488450
-1.237458,0.914623
3.851945,6.518463
-5.254685,1.494350
13.087831,-10.992643
5.165740,12.135881
-3.302263,6.398696
1.452239,10.084147
5.416328,5.578965
-3.680587,8.541874
-0.985909,5.447573
10.646328,2.154301
22.515318,2.863360
19.448816,2.132567
-5.940881,8.736545
10.940690,-6.636791
1.717747,0.579601
1.670717,0.629571
22.110106,-4.446962
23.167542,0.930851
5.316243,10.072673
16.645355,-2.017820
21.782778,-2.367696
16.398533,0.734920
10.080917,3.442681
8.084465,5.020182
10.458124,9.623195
14.222302,-5.138420
10.709142,-6.253150
-2.809851,4.376483
0.222328,0.322599
10.953680,-6.503460
12.817825,-6.311672
2.881057,6.874157
14.409466,-4.631988
16.620577,-1.842216
0.417532,-7.622143
20.271950,6.411242
17.912762,8.295793
-2.179994,-5.876511
5.952240,-1.508046
8.136775,10.492218
20.271820,6.415631
13.116839,-1.725870
-0.216590,-1.765224
7.412953,9.277303
10.784073,9.755774
6.424330,4.011217
6.596101,3.700442
6.944483,4.687855
12.240744,16.553673
-4.267444,2.949369
5.945861,-1.514209
10.956382,-6.778659
9.699728,15.678522
-2.338326,6.118291
8.840334,-0.491094
6.895996,2.445731
8.182673,7.166426
14.347896,5.566841
8.818127,-0.490737
2.019539,-0.682064
0.899940,2.031117
-2.492385,15.678225
20.283733,6.420276
4.777447,3.601999
13.929851,14.701566
-5.188091,-5.258529
17.666815,4.097515
20.261612,5.460555
12.815984,-6.303589
3.156556,-2.565440
21.760149,-2.320283
20.038559,8.063249
10.520166,-15.738756
3.112646,-2.500787
-0.192004,-1.806602
19.148432,12.649908
13.640977,5.619516
4.057749,14.660730
8.184296,10.438932
6.149151,-0.101183
-0.171792,3.426942
3.144456,-2.573044
-6.598792,2.832477
6.160009,-0.127291
10.925268,-6.759670
0.231423,0.340396
-6.600548,2.835470
16.731600,10.878935
-0.174815,-1.769567
-5.301068,1.464457
6.151750,-0.165114
4.417620,9.422926
-3.312781,6.400305
4.121690,0.730381
8.838466,8.626676
-2.333762,6.106547
6.629333,12.506093
1.028379,-6.509521
13.200893,0.146407
15.812666,-3.579567
10.991032,-6.704379
-5.288254,1.454780
0.823569,6.600812
10.810290,-6.389098
10.526277,-0.232488
6.068952,-0.129447
-4.940866,-0.919763
6.927626,-11.594053
2.257892,4.041899
-4.021129,0.733426
4.852012,16.246582
5.149166,12.120554
8.084232,3.440278
-8.007185,-4.493778
10.320745,12.491044
5.070467,12.025043
10.976587,-6.740130
12.274020,1.868798
10.675402,-6.630102
4.778224,16.179729
-0.168851,3.425976
10.213494,8.011947
2.022218,-0.680469
10.220315,8.012210
10.931625,12.521561
19.884270,-6.241570
-4.885657,-1.019274
17.002850,-3.883795
19.141378,12.648820
6.346223,4.026534
14.300215,-5.030972
5.243200,6.831043
2.536852,6.672166
3.143232,-2.554705
-5.187546,-5.262921
18.866369,9.894565
17.912588,8.295486
1.689855,0.610663
4.762199,3.574696
4.883854,-4.777733
5.675732,1.927103
10.116648,11.088265
-1.903719,-0.401938
5.081087,12.051971
-2.552081,-3.246911
10.798315,-6.334015
8.960700,8.737728
20.559126,6.614857
22.510984,2.854896
-4.197837,2.917237
8.830997,1.189552
-4.884909,-1.020595
5.227247,-0.539322
20.038696,8.064078
-1.656459,7.518913
5.037717,-8.414616
10.749619,-7.154335
11.029668,-6.714065
11.973896,3.066516
5.633221,4.627775
4.848521,3.526700
7.497829,9.373816
13.916333,6.963773
-0.777916,3.565482
12.842340,9.817776
22.495754,2.871620
10.635090,-6.522633
16.919371,-1.448147
10.513371,-6.668162
11.488978,4.398789
10.485532,-0.239230
4.124005,0.735364
5.260527,8.425294
10.967154,-6.512625
2.920565,5.323696
3.908759,-3.966171
11.972565,3.071137
8.751931,1.250077
-0.229118,-1.750664
13.928967,14.703852
10.844947,-0.294599
18.049757,2.029107
10.481120,1.967576
14.196627,-10.566122
19.884630,-6.242423
3.501574,5.038619
1.158438,-6.389945
-4.865396,-1.041079
5.702108,7.188327
0.900733,2.033024
10.632057,-7.170346
10.593680,-6.679962
14.117274,3.727051
3.741584,5.162398
0.848574,3.411942
1.486128,10.062413
8.926341,8.701457
19.537615,-7.619210
-5.297466,1.463884
8.171816,7.169295
9.867984,3.563155
1.181026,4.465599
4.078494,2.242338
10.528195,-6.641506
5.194578,-9.001972
-0.889252,-6.643892
15.315760,6.665992
1.495254,10.049605
7.376892,9.246352
1.177900,-6.371119
8.719865,1.282364
3.137895,-2.550621
-1.530004,-3.511801
-4.108857,2.822464
-4.140577,2.852951
4.121974,0.736041
4.837440,3.535612
9.608670,13.251208
10.721310,9.632727
-1.527299,-3.515037
-8.000163,-4.489500
16.435646,-1.679428
10.626447,2.134752
4.817010,18.900335
14.948246,-0.120736
10.825917,-0.309289
5.118474,12.106040
17.059668,7.082159
8.787930,1.229249
14.444461,-5.181763
0.865022,2.067386
0.069733,6.510198
8.092187,5.026609
10.226801,6.839298
6.976012,4.689162
10.930570,12.511715
10.769268,-6.760758
19.542448,-7.616404
4.806883,16.204912
0.801790,2.119267
15.485703,3.256915
4.897390,16.296822
7.396277,9.268002
2.993543,2.816025
-1.002808,-6.556678
0.135329,4.551414
7.407421,9.275962
8.089687,3.348969
6.209243,9.160451
-1.437122,1.346135
0.927025,2.006433
11.073502,-6.667845
8.819580,-0.490230
11.976187,3.067221
13.945742,14.685654
15.005074,-0.190426
-0.635729,3.702827
10.423498,12.273718
7.436625,9.307228
14.640309,-4.867960
0.850198,3.405439
10.721170,-6.786736
23.167894,0.932364
2.850200,6.831666
20.294523,4.188490
2.007927,-0.695284
10.653885,-6.667759
0.819140,6.607982
3.144763,-2.495295
14.926925,-0.113968
14.936417,-0.130165
10.946076,-6.735206
13.459576,12.351251
10.668697,-6.684914
12.966270,9.213894
0.908019,7.093559
-1.268226,7.651536
13.219353,0.161326
-5.257223,1.487883
10.935047,-6.775629
8.495064,-3.701091
12.556407,17.073967
-1.860667,-4.787418
13.232168,-1.937429
14.402151,-4.596043
19.187660,-3.168369
-4.109624,-8.445638
6.108729,6.377723
5.948694,-1.509107
18.825239,-0.254572
14.982932,-0.179185
10.790716,-0.646666
4.948850,-4.804673
7.018711,-11.403791
14.911024,-0.081614
-4.340953,3.033695
4.412908,9.419566
-4.092741,2.806586
8.753827,1.265808
4.855546,-4.747670
13.981679,-4.717323
20.054958,8.073604
-0.756566,3.587806
-4.883312,-1.016976
10.988319,-6.674886
17.053711,7.080286
-4.544334,3.247423
6.326201,4.008584
0.239122,0.330860
4.104769,0.712018
-1.119313,5.134323
19.173750,3.990502
6.426700,4.056115
-6.118168,-1.246992
-0.238058,-1.803618
3.632551,5.126806
12.278226,1.868354
19.212170,-3.152733
10.870345,12.490051
20.676292,6.541303
3.040951,0.396344
10.026490,16.515135
15.605111,5.789163
14.320373,9.331995
8.883999,8.669067
10.624280,-0.264320
11.023214,-6.642065
13.067266,-10.939690
7.077104,14.138849
5.185109,-7.783373
6.918016,-11.541093
14.365787,-4.636445
4.950714,-8.678104
19.138626,12.653080
4.858923,-4.735339
15.815520,-3.580202
10.103874,3.419424
17.045343,7.088354
11.977772,3.074299
17.050449,7.086580
-0.216699,-1.777335
12.232993,16.542362
13.187895,10.089010
17.359209,13.221977
11.517691,4.427718
2.539557,6.669078
8.989207,16.429808
4.836714,18.879850
3.228803,10.501671
-4.068430,0.732094
4.710622,3.597282
5.407530,5.583849
-2.139002,-11.670199
-4.143848,-3.940710
14.432608,-4.682520
10.796134,-6.325716
20.258013,5.444407
3.142969,-2.550892
14.663299,-4.889737
5.414159,-2.608948
10.638831,-7.146064
7.436104,9.307404
20.589357,6.606267
13.175999,-1.887315
3.852416,6.529948
10.845025,-7.136120
2.192469,3.971804
16.586159,-2.066859
-3.977506,-6.129913
10.950317,-6.736380
20.510094,3.406525
-4.282806,2.999655
12.820470,-6.296690
-0.206029,-1.767303
4.813359,-8.580190
-1.532266,-3.509906
10.607074,-6.729027
14.318218,10.615272
-1.441024,1.345855
-6.581061,2.815978
1.165008,4.569189
6.117805,-0.241769
10.529022,-0.291100
2.997960,2.812127
12.475843,5.025394
8.764003,1.243669
-0.204934,-1.727013
0.885128,2.045814
6.941097,-11.415005
2.813480,5.289085
14.172301,-10.587024
-5.272339,1.477768
0.878285,2.049296
14.948466,-0.145821
8.676999,1.329741
20.546413,6.625580
7.409599,9.280800
5.202794,-7.758428
6.887114,-11.558388
-1.280793,0.994606
11.706616,9.062578
-1.440665,1.349478
11.979825,3.073159
-6.906883,8.242435
5.039154,12.042310
10.753932,-0.284971
10.618417,9.607377
-0.200942,-1.716656
-4.266013,2.973162
7.082386,-11.364125
2.890903,-1.843019
5.493469,5.508134
12.812485,9.806694
2.999442,1.723269
10.051688,3.377265
18.829945,-0.251089
0.268609,0.300852
0.857353,6.644671
0.243820,0.313419
13.828898,-4.938558
10.701269,-6.306417
10.067158,3.409393
1.453949,10.081717
0.871417,2.048644
3.755812,6.372128
10.490944,9.645171
10.088929,3.346884
-1.109686,13.564228
-4.033983,2.747549
8.856021,8.637678
10.768366,12.156718
-5.273613,1.461941
12.277169,1.551428
10.107989,3.428831
4.002627,2.188894
8.790118,1.233615
1.730210,0.564613
8.712973,1.296278
8.678161,5.596950
15.151402,5.495291
-4.094050,-8.428826
-6.582207,2.815918
19.438347,2.141619
8.049576,-3.373446
12.959994,5.250358
20.534908,6.617257
22.104649,-4.478040
10.019312,3.517033
4.809520,18.916340
5.095678,-8.632160
0.859049,2.062700
13.356095,-11.184521
9.103878,6.963177
4.805689,3.573982
20.083994,-0.014966
10.677978,-6.438869
8.710482,1.310486
10.748568,12.174003
14.901770,7.077136
10.761928,-7.277017
7.395833,9.268037
16.925097,-1.466634
14.348793,5.565390
7.179757,-11.439589
8.151725,3.204323
22.172890,-4.382318
-5.293117,1.461541
10.942025,12.535175
-0.212466,-1.770767
2.613730,1.270148
7.870317,-3.271456
10.818382,-0.661649
0.370099,-7.677404
13.879127,-4.863633
7.073280,-11.406008
7.172487,-11.423732
10.667488,-0.672365
-4.007946,-8.357077
12.829536,-6.315499
10.918321,12.509893
8.788557,1.228639
4.803991,3.569516
0.250921,0.320848
-4.110703,-8.444682
0.418821,-7.646338
14.982512,-0.178713
8.669163,1.339507
-4.137098,-8.472308
19.446198,2.135539
10.233615,8.010253
-1.996521,-2.197487
-0.736800,3.591868
-5.188110,-5.258171
-1.522053,-3.519572
3.118348,-2.510737
12.828989,-6.319651
0.852337,3.406041
-0.289647,-5.126812
0.887179,2.042495
-4.021905,-8.364531
8.788349,1.242750
0.797310,2.130927
12.738688,1.402121
-4.226354,2.947963
4.011472,14.616157
6.911575,-11.265944
19.443792,2.136989
3.125923,-2.522866
-4.460135,3.167545
7.086945,-11.388433
6.942261,-11.385182
10.041732,12.143054
20.076210,-0.009452
14.179202,-10.574642
-4.164660,2.882348
-4.214900,2.935941
10.706735,-0.291756
5.372399,12.378716
-6.908204,8.248043
19.448179,2.134269
8.932290,-10.340441
4.757841,-8.448081
10.799382,9.756155
10.751883,-6.303736
8.832952,-0.486401
10.242424,8.013080
16.598209,-2.111105
10.537502,-6.676210
4.656811,3.711651
13.409307,12.425220
6.976904,4.692513
18.028980,2.047765
7.262186,-11.423584
17.843161,-5.841320
3.036592,0.399242
8.657990,-3.131092
10.898787,-6.439732
19.458847,2.124979
12.756519,9.725501
5.446118,-2.582855
5.278169,-0.597574
10.838075,-6.660206
5.114131,12.094348
4.880141,16.279871
14.198071,-10.565165
8.826322,1.260908
7.405279,9.270589
4.761467,16.149540
14.391039,-5.155366
2.927819,-1.886071
-3.755174,8.593871
11.927366,3.051806
13.031554,-1.823779
3.079644,-2.482196
10.908501,-0.335458
20.440151,3.501055
1.422410,7.002591
3.577270,13.000735
6.965091,-11.418040
-1.527054,-3.516371
5.082652,-8.569660
5.186600,-0.493528
-0.718573,3.619380
20.612028,6.652539
4.888336,-4.764483
-0.181874,-1.807876
8.830086,8.614890
3.703820,5.161867
12.827682,-6.312891
-3.983994,-6.131733
-5.302137,1.463655
4.829334,16.224964
3.591332,6.092597
5.136118,4.644600
8.590434,15.883746
0.860583,3.406962
8.846594,8.640068
-4.335148,3.025391
0.241312,0.330406
6.770651,-11.264293
8.143353,7.110549
5.322392,-8.900775
6.633983,3.658592
-1.097984,5.609621
12.979158,-10.906263
12.245774,16.550388
-0.886976,-6.646927
8.226125,7.104514
13.042499,-10.953802
12.339937,7.979464
8.922809,16.352818
10.755923,-7.281975
22.201136,-4.327432
17.323193,5.535511
17.381002,13.241396
-1.527436,-3.513211
5.320893,12.315274
1.178936,4.467573
13.936073,14.695807
10.874300,10.231933
17.914896,8.292086
5.544164,5.509339
0.840611,2.084455
8.818772,-0.486490
-4.599190,3.302114
7.838426,-3.110752
7.042016,-11.365602
13.294982,-2.008481
-3.952344,-8.312225
8.500176,1.590160
-4.193434,2.915184
4.735210,3.617476
18.481659,-5.096212
13.887480,6.933301
-3.944068,15.301825
-0.740938,13.919589
12.836277,9.808511
5.421585,5.598013
-1.284107,7.649848
8.332282,10.508852
16.635324,-1.788496
6.774850,-11.508327
7.415881,9.282033
-0.721127,13.530738
13.192535,0.135212
3.071085,-2.457784
13.069554,-1.810475
5.156258,12.097713
10.902097,-7.093109
0.224968,0.343542
8.130064,7.192550
5.970725,7.253518
5.172885,12.078408
5.147827,12.129292
9.790910,13.073354
12.958202,5.249815
7.422452,9.291799
10.794552,-0.345949
-5.989776,8.786480
8.847326,-0.469100
13.931406,14.698204
21.765715,-2.337401
13.247854,0.193091
14.191392,-10.552205
8.028172,7.015965
13.930430,14.702649
4.835606,3.540550
14.700153,-4.853364
4.118786,0.729255
4.858352,16.253374
-5.011913,-0.582619
13.116849,10.020277
10.743458,-6.740944
5.193512,-0.518276
6.982062,-11.450932
-0.994615,5.293036
0.391589,-7.650300
13.055529,-1.736671
-3.682473,8.524351
1.555418,-2.576676
19.377687,-2.942530
19.459784,14.199166
22.512907,2.856574
4.125326,0.734372
15.172811,5.515251
3.829563,6.487797
10.001648,3.557080
-3.649441,8.518318
14.383733,-4.568987
9.680340,16.040915
6.592276,3.704325
19.225191,-3.252032
8.734518,1.272557
13.386879,12.400710
7.793216,-3.146617
17.054596,-3.931692
14.264916,-5.106746
22.192457,-4.336151
9.601968,10.230805
2.914881,-1.877268
10.741023,-6.631171
-2.048232,-2.242229
20.081619,-0.009088
12.095317,3.190757
4.861314,16.256714
4.020387,13.362783
4.833864,3.556363
22.130474,-4.389239
12.928350,5.229355
12.208014,16.522518
22.159328,-4.415513
17.354725,13.214262
14.970633,-0.164175
0.250822,4.426090
20.528809,3.408713
12.837834,9.815626
8.836078,-0.492061
0.850168,3.406664
6.621935,-11.364603
4.753025,3.600041
7.477154,9.345690
22.263794,-4.284546
16.850256,-1.552759
0.813999,2.106914
8.863305,-0.469399
10.829076,-7.172346
7.504918,15.585660
-1.226315,-3.711477
4.406834,9.416124
5.222310,-0.533475
6.946129,7.927102
5.341601,12.342230
11.960177,3.051542
10.355486,1.831124
16.839466,8.383554
8.839330,-0.474723
6.628439,-11.385358
8.855496,-10.420526
15.256348,1.386321
1.181672,4.467837
7.860822,-4.083511
-2.735638,4.305573
-6.146464,-1.280880
-5.277476,1.455218
16.817839,10.891256
8.531779,15.902052
7.378566,9.247932
13.044329,-1.812462
-0.128154,-1.805078
4.402121,9.423937
18.835752,-0.246499
0.919744,2.013415
6.460182,4.135953
-1.532165,-3.510689
8.095905,3.425610
7.866710,16.021746
8.222374,7.111562
10.707343,-0.356338
8.817627,-0.497567
-1.518211,-3.523838
-5.010988,-0.585537
5.244276,6.828276
10.840837,-6.366244
0.224780,0.345091
-2.007733,-2.208347
-6.909591,8.245794
11.968433,3.061432
6.809457,-11.553412
10.786069,9.747615
14.716012,-4.898714
10.583035,-6.629091
-3.894707,8.014297
0.899747,2.030496
22.116480,-4.446801
3.116940,-2.544481
14.464408,2.163458
7.924664,3.834134
6.820981,-11.284725
10.848457,2.283877
-4.887331,-1.015927
16.828743,-1.594789
6.908032,-11.208535
6.915000,-11.328492
8.588373,11.188097
16.781931,-1.570062
-8.006040,-4.493054
6.967881,-11.366969
1.208831,-6.346851
8.676967,1.337695
-4.245288,2.963026
19.884716,-6.242505
15.270301,14.012128
8.801027,1.195036
4.858932,1.246239
5.909625,14.565230
6.895823,-11.191219
6.709415,-11.408920
8.782605,-0.514517
10.863138,-0.323319
22.115553,-4.451181
22.099327,-4.486549
8.692072,1.325542
-3.982784,-6.140557
10.363181,1.851367
-6.003392,8.801012
17.844782,-5.839208
-1.525781,-3.516158
15.483769,3.258513
-5.938958,8.734344
16.892757,-1.739974
22.206646,-4.317189
10.244557,8.030773
13.806351,-4.935359
4.875299,16.272392
8.197463,-3.854525
22.096701,-4.430489
11.711889,9.060678
10.815041,9.768779
-0.215646,-1.779514
10.806947,9.774859
14.913848,-0.094773
10.042738,3.368712
1.671178,0.628186
10.674891,-6.755348
6.194612,-0.130304
6.966103,10.360575
13.019820,-1.771912
14.969729,7.881728
16.617897,-1.589791
0.844344,2.085809
10.674878,-6.688776
14.684978,-4.897032
-1.864597,-4.787400
20.077154,-0.011418
-4.121091,2.833829
10.634855,9.718069
13.802685,6.848269
7.960452,15.947204
6.547976,4.202895
6.702027,-11.468649
1.209213,4.518527
5.245268,12.192808
-5.276465,1.474421
23.157545,0.919288
10.062521,7.013982
10.790707,-6.367833
6.101357,6.375812
-2.137429,-11.668991
10.689823,12.210318
10.783193,-6.640972
5.201379,-7.939458
10.637798,-0.415820
6.985085,10.347419
-2.762879,0.653158
18.831158,-0.249404
0.825057,3.439916
2.269348,4.053771
3.213298,1.467435
5.201462,-0.501598
4.750535,3.596714
7.418548,9.286721
10.491689,-15.762878
7.391498,9.262403
16.909933,-1.801391
7.045424,1.147506
-6.180529,-1.315855
4.408634,9.423987
-2.135446,-11.668642
13.769794,-4.922406
-4.126786,-8.461599
-1.524652,-3.516722
4.877981,3.519575
6.361940,4.033618
-1.862858,-4.793122
18.835913,-0.245106
7.854100,-4.093320
10.808426,2.255569
10.580954,-6.639050
12.805199,-6.331039
0.510545,-3.592932
22.129723,-4.475941
-4.181046,2.898052
14.349186,5.567715
4.972097,-8.403115
8.765808,-10.513287
7.836256,-4.098880
10.627522,2.137540
-1.534795,-3.507258
14.354525,-5.192258
18.661736,13.163239
0.522135,-1.967276
-8.008059,-4.493773
14.119830,3.728996
14.958799,-0.148618
0.648348,-2.860240
6.375573,6.834040
10.735009,-0.351202
14.199676,-10.565369
16.760172,-1.589571
-0.637862,10.611075
20.529144,3.405863
12.255563,16.577314
14.277491,-5.072120
14.863043,-0.052317
6.967449,-11.604886
-4.866757,5.903817
13.934401,14.697779
-4.168193,2.887212
7.209751,-11.454471
14.875368,-0.066486
6.551265,4.205427
-6.149220,-1.289365
-4.418915,3.137794
0.244203,0.315640
8.832788,-0.491969
5.181802,12.097079
10.618546,-0.622843
-1.860598,-4.791541
1.439166,10.103716
17.021839,-3.901269
16.833138,8.383316
9.960457,3.506782
12.802011,-6.288353
4.824984,3.541758
10.974805,-6.710567
10.663420,9.773468
8.690439,1.327182
8.818215,-0.489993
18.756231,5.535351
1.717685,0.577205
19.446686,2.131935
3.160077,-2.582337
19.884623,-6.241863
5.196575,-0.499092
4.818699,3.572278
4.810935,3.572990
7.423388,9.293353
1.962098,-5.078107
1.221155,11.819428
10.222269,8.014789
0.469438,-7.582751
6.626592,3.668753
5.935236,7.255700
4.786228,3.595571
-1.324036,-3.659336
17.915155,8.294041
10.865032,-6.795668
14.212103,-10.541923
0.847465,2.068082
14.544066,2.208923
-0.208736,-1.728982
5.945637,7.273875
-4.205856,2.922062
4.769623,7.328025
-6.158559,-1.294000
6.983575,-11.245484
6.886153,-11.554887
22.556070,-0.096171
4.746449,7.350735
8.077902,5.033866
1.585962,9.956278
0.270206,0.299621
-6.121853,-1.252068
0.851969,2.068671
1.673018,0.622853
16.887074,-1.751274
10.354242,12.252005
3.287580,4.019807
14.998879,-0.201983
11.284800,-4.458654
5.713626,7.186902
15.396733,3.352065
10.026773,12.196259
5.209365,-0.512678
14.306417,-5.146068
10.928041,-6.478337
10.234623,8.019116
4.715403,3.479593
8.549692,-3.193962
-4.146459,2.859075
0.863030,2.065994
5.192329,-0.533241
-1.905239,-0.403548
22.183781,-4.362827
22.151852,-4.496091
0.851553,2.078504
16.796564,-1.584985
15.824908,-3.578715
2.922044,10.486345
10.666254,-6.469745
-4.502717,3.213174
8.210905,10.622168
-8.773275,3.406925
-4.839699,5.917371
-0.635198,10.606730
-4.154145,2.864044
14.340269,4.446918
-3.898300,8.006945
-0.784962,3.558581
14.307003,9.329082
-6.909438,8.246396
-0.640607,10.600100
-1.434457,1.344744
6.966008,-11.242998
3.941380,-4.013400
0.874258,2.060681
11.543735,4.445669
-4.883631,-1.022045
20.061123,8.067885
22.515238,2.858948
5.296680,6.873562
3.164460,-2.565853
17.013226,-3.890585
10.967240,-6.508239
10.792544,-6.451292
9.569653,12.147898
-5.999324,8.796747
14.979429,-0.167030
4.730862,3.653112
10.807844,-6.703102
8.696255,5.597335
10.905684,-6.426709
3.169917,-2.571603
-2.775892,0.631204
8.805715,-0.500805
8.835471,-0.491867
5.327890,10.169494
22.163746,-4.367020
16.936539,14.517855
0.255822,0.312676
-6.598764,2.830794
22.141821,-4.406820
8.665560,1.351306
-1.544547,-3.497454
8.152282,3.216218
16.995090,-3.875538
-4.064743,0.732109
0.450596,-7.603913
11.709996,10.518873
-2.073607,-2.271563
6.975876,-11.403356
3.582967,6.085552
19.444536,2.138287
-6.596922,2.827466
1.665857,9.891161
8.816782,-0.496363
8.720840,1.297200
10.826283,-6.386731
3.586984,6.092060
1.962034,-5.074702
12.673276,4.455463
6.987634,-11.446774
-0.339766,-5.082304
-4.004540,-8.332457
19.451042,2.132748
-6.153654,-1.291240
-5.304153,1.444605
0.380204,-7.671183
5.127265,12.069971
7.561348,16.983887
-6.602275,2.833960
10.707212,-6.665479
4.940313,-4.814725
-4.249735,2.937430
17.916792,8.290306
-1.291610,7.641923
-5.188431,-5.264206
8.703309,1.318000
0.275944,0.293658
6.715883,-11.496835
19.496410,4.490275
8.589049,11.186797
5.085763,12.065220
5.139662,12.131929
20.241596,6.371905
10.514884,-6.613428
8.592150,11.185810
8.225327,7.113285
10.739632,12.154610
8.711843,1.293288
19.373684,2.209739
-2.821951,0.586561
0.888640,2.042586
-1.533857,-3.507973
10.797439,-6.399862
10.667786,5.258750
10.793958,-6.718260
12.829291,-6.312121
6.961972,-11.290842
10.722846,-0.306330
-0.336768,-5.042168
7.403141,9.274168
13.755506,-4.915962
7.527516,9.401930
4.867562,3.511165
0.249285,0.315741
14.207500,9.098023
19.447073,2.132174
4.868009,3.532154
10.524138,-6.679166
-1.860417,-4.791343
4.983932,16.385138
12.923484,5.224755
0.847422,2.075814
8.809856,-0.500038
-0.334945,-5.081802
-4.064310,0.731251
10.800944,-6.391737
1.266372,11.752734
22.166323,-4.361597
8.703435,1.295921
6.108803,6.378471
12.825332,-6.316047
8.405940,11.430907
14.230671,-10.541562
7.402788,9.272825
10.937266,-6.520289
0.876507,2.053291
18.611046,-0.381062
8.727462,1.288200
4.117985,0.742609
12.797546,-6.283743
5.098890,12.135111
7.346126,9.277985
-1.325427,-3.658861
10.571129,-0.386540
10.549994,-0.449032
15.814806,-3.584954
21.956223,-4.350883
-4.122627,-8.455055
7.558008,4.405511
-4.881126,-1.023064
4.901091,16.301588
12.820985,-6.306245
8.820257,-3.707779
1.058306,6.299758
-0.356454,-5.068702
-0.729164,3.595448
22.533106,2.830347
-4.141538,2.853965
20.263994,6.403579
10.343158,12.494850
18.833994,-0.246443
-4.055861,-8.387231
19.885096,-6.242520
4.745814,3.595742
10.736601,-7.041711
3.147213,-2.539561
0.884897,2.043478
-0.801484,3.548264
16.906137,-1.755421
6.553063,4.204562
0.460689,-3.658549
10.527185,5.166091
22.197586,-4.320397
3.697727,5.151197
0.867780,2.068165
0.456323,-3.662036
16.515270,10.393679
-5.988364,8.785635
4.868514,16.265991
3.663243,6.181915
-1.864549,-4.788384
12.093692,3.192208
1.296958,11.719745
11.699917,10.510263
22.222567,-4.301391
20.251398,6.386005
6.937645,-11.212276
18.827883,-0.251153
-1.434978,1.347809
6.655595,-11.413423
-4.095631,2.818852
7.389674,9.245223
3.135615,-2.550627
14.391208,-4.590820
19.140001,12.645998
11.555691,4.470390
10.807714,-6.735136
-4.215854,2.925370
4.803854,3.572397
15.069153,14.061499
13.933060,14.698888
3.112867,-2.527231
0.244647,0.328519
10.655844,-0.308975
5.053363,12.035583
8.682906,1.325319
10.803071,-6.643156
15.412291,3.336767
-6.906680,8.241915
7.410558,9.282907
-0.228422,-1.774027
18.800800,-0.265196
10.619100,-0.329854
-4.208877,2.913127
5.231956,12.172029
6.425907,4.067689
22.483124,2.824413
19.420633,-3.166088
-0.229946,-1.768505
-5.994587,-3.709991
22.463280,4.995739
10.752228,12.155920
-3.982774,-6.126544
18.836180,-0.244546
5.178243,12.110279
-4.133528,-8.469373
-6.624946,2.838910
-6.160212,-1.296867
-6.153737,-1.287719
-4.869405,5.936600
2.042087,-0.671735
0.088024,0.492237
12.989001,9.187591
10.561920,-0.372079
14.270654,-10.495556
-2.167496,-11.683469
10.861357,-0.295888
10.790921,9.750651
15.410496,3.336174
-1.535656,-3.506352
10.932643,-6.476938
4.888767,16.287987
-4.878887,-1.020968
-1.283884,7.642385
2.928379,-1.850518
0.264691,0.317110
11.974298,3.067840
19.884628,-6.242290
11.968593,3.064335
-4.869893,5.945527
8.674330,1.344580
5.919641,14.556697
8.257332,4.829476
0.254990,0.291782
0.238602,0.331041
10.810032,-6.435434
18.829256,-0.251038
19.885660,-6.242806
14.379639,-4.606755
0.241537,0.329530
10.811846,-6.399526
4.899563,3.508013
3.053823,0.375408
-2.141834,-11.669212
12.559559,4.067089
10.979736,-6.532716
16.772667,-1.544911
10.477098,-15.767049
3.615076,6.111973
22.485409,2.828700
14.270330,9.366282
-0.356565,-5.069695
3.946269,13.318481
-1.519988,-3.520571
7.877894,16.384653
13.207729,10.102144
-3.101678,8.461930
8.712989,1.305053
-4.062129,-8.390737
10.538628,-6.680397
12.046329,6.667543
-1.280544,7.648526
8.579414,11.200925
0.253504,0.319277
-0.381922,10.990207
16.754560,-1.554201
14.805834,0.013634
6.661950,-11.396460
0.429818,9.332219
6.769721,-11.266387
6.911715,-11.184232
4.859699,16.256702
19.371679,-2.984145
7.228966,-8.740564
12.830153,-6.320348
14.207623,-4.534541
11.011081,-6.725264
-1.409982,1.318794
0.405667,-7.628565
16.916674,-1.776914
8.845045,1.167277
-2.817641,0.593091
-0.756898,3.587035
7.412501,9.275305
5.112670,12.094205
16.805899,6.766535
12.817225,-6.305037
-1.280782,7.648150
6.652692,-11.415757
-2.015671,-2.214465
-0.424559,3.539003
3.144000,-2.550942
14.260739,-10.514454
19.885683,-6.242961
10.554999,-0.345113
6.800850,-11.320775
8.808755,-10.499269
-4.883410,-1.017771
-2.807684,0.600755
10.823984,-6.610735
10.764197,-6.760417
12.817503,-6.297688
0.885377,2.043813
0.868082,2.064025
0.832592,2.101492
7.900292,3.851640
10.637893,-0.244405
10.821286,-6.435788
14.337135,-5.066686
10.725891,-6.964111
0.361126,-7.679623
8.757003,1.270734
6.674543,-11.512399
-0.225415,-1.732625
5.173453,4.633489
16.561354,-2.093262
-4.188605,2.898229
7.753456,-3.203172
8.329347,11.533516
-4.183116,2.898372
10.791544,-6.564480
19.460014,2.119174
1.297800,11.722916
5.125042,12.115561
11.541228,4.454258
10.671736,-0.317449
10.915437,-6.471151
22.118935,-4.462020
-4.081453,2.791590
7.414794,9.282546
0.917040,6.540794
2.048599,-14.013451
-5.006299,-0.583460
10.734990,-6.348246
12.961912,5.255078
19.141388,12.645247
6.336523,4.011456
14.977956,-0.169648
6.940401,-11.479723
-4.233870,2.936772
6.786496,-11.356534
0.918071,2.015665
-6.158524,-1.294592
5.673686,1.931580
14.903179,7.078522
3.043105,0.388051
4.918913,16.320045
0.235798,0.333892
-4.176719,2.882715
-5.986622,8.782372
4.050923,14.654154
17.004492,-3.883332
13.967607,14.662221
5.190009,12.192508
12.822806,-6.316021
5.141995,12.063081
7.811375,-3.158747
10.901435,-0.568137
11.637449,10.450029
10.833637,-0.287971
16.260742,10.593212
8.731304,1.288202
6.333611,20.011053
8.701933,1.324218
-2.028148,-2.222400
-6.597087,2.828616
1.727477,0.569836
16.838194,11.140870
7.396113,9.272920
7.328742,9.202992
6.894806,-11.198501
10.019153,3.525135
16.670614,-1.572736
8.676197,1.332456
22.061314,-4.499050
0.848727,3.405917
-4.110299,2.823418
-1.326431,-3.657917
-0.309718,-5.101886
8.714362,1.293623
1.286868,11.760334
6.365579,4.019260
1.177513,-6.372018
14.226073,-4.615674
2.917262,10.482213
7.585578,17.759773
10.723514,-7.096699
8.683729,1.332281
-0.347873,-5.071468
10.888052,-0.577901
5.179889,12.171952
14.931633,-0.097861
14.371462,-5.174809
17.917480,8.291694
4.761919,3.583494
-0.225533,-1.792717
8.814667,-0.494906
3.141994,-2.543738
-0.334741,-5.081121
8.716968,1.303598
6.956161,4.672687
11.067701,-6.730808
14.986865,-0.179791
0.884302,2.043713
13.155891,10.053869
-0.467728,2.107295
-4.276958,2.956626
7.105663,-11.418019
16.685333,10.591958
14.315164,9.347394
8.831526,1.172700
12.829714,-1.729089
10.361724,1.846531
10.840387,-6.331778
16.832245,-1.592923
17.031050,-3.900951
-5.991483,8.788153
10.552514,-6.691092
8.594416,11.182999
3.141762,-2.560921
7.896889,16.385126
10.527952,-6.595175
-1.860565,-4.792195
4.854529,3.532875
9.621212,13.260388
0.255352,0.317899
10.695289,12.285355
22.465254,4.996306
16.564541,-1.610693
12.469581,5.038786
5.548140,5.498714
4.841770,16.238630
-0.293433,-1.871166
7.245069,-8.725668
4.898639,16.292150
19.135307,12.656704
4.967922,16.368452
10.484123,-15.770384
8.799896,1.221508
-4.077602,-8.408499
6.799498,-11.344642
10.225188,8.004102
4.882295,16.278410
22.515238,2.859688
8.814717,-0.488545
7.497311,9.373987
-0.229585,-1.771634
4.825923,18.905794
19.281563,-3.137451
7.125448,5.849348
10.794617,9.751697
22.061350,-4.504740
-8.007138,-4.494503
-1.441477,1.361390
-5.998898,8.795117
4.816310,3.557211
16.518366,-2.049471
-6.302042,-0.953509
10.512316,-6.590838
-2.554205,-3.246322
-2.031581,-2.208472
22.024988,-4.293752
8.719915,1.291207
-1.138549,5.144866
17.019098,-3.908400
5.460535,-2.973820
3.587383,6.089897
0.455753,-3.653017
0.463784,-3.645337
-6.622537,2.838147
11.009337,-6.586375
22.050274,-4.516159
3.120355,-2.519071
5.397051,6.937798
10.500199,-6.677838
16.592285,-1.680827
2.932034,10.859258
10.505884,-15.751998
5.911272,14.561211
12.819108,-6.304827
11.969129,3.063629
16.603161,-1.585943
3.157961,-2.561619
0.190878,0.380185
3.151309,-2.550607
5.227464,-0.547154
7.561641,16.990736
3.188049,4.852283
-1.031242,-6.543477
14.383577,-5.165176
13.769026,-4.897802
6.698640,-11.421783
6.333339,20.010866
15.326657,6.663640
12.825159,-6.315767
17.360828,13.226435
10.670177,-0.452061
10.991428,-6.923530
-0.221943,-1.765641
22.512787,2.854126
1.545578,-2.570298
21.951736,-4.448574
6.949741,4.672403
11.551196,4.407329
-6.157513,-1.293338
8.899146,8.683454
-6.605080,2.836784
16.563774,6.857892
8.099086,3.430441
22.501352,2.844157
0.876140,2.043319
10.500983,-15.745340
12.816304,-6.294507
5.109518,12.088899
-2.558850,-3.238576
16.794504,-1.593441
7.383985,9.250755
0.822905,2.089240
5.104039,12.083953
10.780719,-6.928339
0.181386,4.511509
5.377717,6.901196
10.359735,1.845132
0.851418,2.071756
-4.019476,-8.364722
4.097281,0.758937
2.052825,-14.009606
6.822360,-11.178226
-0.240356,-1.742857
18.831402,-0.248924
-4.165958,2.877603
1.958816,-5.082176
15.613412,5.797218
3.816681,6.469187
19.885569,-6.243660
8.769760,1.250078
5.379432,6.907414
7.612852,17.855782
11.036390,-6.687560
8.723398,1.310240
8.748026,1.270124
6.949780,4.671765
15.180539,5.524164
16.561598,-2.131835
8.748484,-10.533429
6.334721,20.012484
10.673049,9.799159
3.103379,-2.483210
14.211524,-4.559441
8.514077,10.311979
4.869153,3.536329
9.076525,6.945456
8.770174,1.244079
19.420696,-3.131165
-1.284014,7.650172
14.842994,-0.019464
11.969818,3.062711
13.087543,-1.814062
6.112107,6.376008
13.944674,14.688949
4.415698,9.419934
-4.430793,3.147730
20.690041,1.436693
7.061754,-11.366612
-1.536246,-3.506481
-4.421663,3.130025
-6.152136,-1.288241
11.818608,6.342195
-1.689463,7.504667
4.751546,3.613013
19.884983,-6.242634
-4.886608,-1.017745
10.943956,-6.659861
14.555171,-4.843837
7.074597,-11.440029
-0.596477,3.745146
-4.880198,-1.026161
-6.012101,8.809279
10.850468,12.433100
10.517859,-6.673316
0.857165,2.063660
6.705771,-11.386391
-0.420476,10.921419
4.764093,3.579950
10.531893,-6.668655
-4.455944,3.166937
-4.870324,5.943981
-1.322169,-3.662813
13.102995,-1.944139
11.454301,6.161186
11.848395,1.407855
-4.242032,2.964718
-0.431650,9.944097
6.469921,4.120303
10.529698,-0.502261
18.682325,5.605779
3.056128,0.373260
3.583098,6.087404
7.427531,9.296565
-0.744067,3.598945
14.041913,-4.770365
6.685502,-11.512313
14.973758,-0.169579
13.216228,10.106072
-1.524824,-3.516740
-1.529452,-3.507590
4.776135,16.172228
17.002676,-1.707881
4.950847,-4.838551
12.610943,17.120491
-5.287256,1.434142
-0.172311,3.425597
20.082310,-0.011543
5.697431,-2.749099
21.857500,-4.441393
21.862244,-4.438202
12.827173,-6.314624
0.278698,0.291560
2.938546,10.529560
11.540152,4.455088
11.007972,-6.632015
10.818880,-6.774657
-4.435895,3.156750
20.673838,6.553504
-1.278229,7.648389
10.700557,-7.197871
16.637098,-1.953037
19.884909,-6.242610
4.822749,16.178083
13.176419,-2.129471
-1.027415,-6.542634
11.165459,10.004930
10.075657,3.340628
12.830469,-6.320017
-3.982096,-6.121722
5.217650,12.172661
12.173137,6.560985
10.969836,-6.655314
9.601880,13.289618
0.452352,-7.686094
12.834689,-6.317888
10.528522,-15.735566
10.823099,-6.328918
19.150181,12.641845
8.361340,10.310516
10.781752,-0.397367
13.172446,10.074019
10.380885,1.857872
-3.988960,-8.320655
22.516619,2.860492
-0.355442,-5.071229
5.147787,12.139556
10.923090,-6.630664
7.693706,-3.405810
4.863721,16.258461
-5.305231,1.462098
8.718892,1.298424
8.847496,1.163875
10.626300,-0.586567
-1.717258,7.496178
1.197710,-6.351153
5.179334,-0.494721
10.617050,2.122875
1.479266,10.070333
22.188019,-4.337293
22.196028,-4.311503
4.912599,-4.784378
5.468779,-7.986685
20.269800,6.423950
6.375673,6.823458
10.488958,-15.767638
10.826818,-0.321865
5.949061,-1.511901
14.723107,0.098759
6.382515,6.829240
6.599636,-11.388904
5.347525,12.355877
15.240242,1.401363
1.958392,-5.080107
14.257334,-5.203454
-0.164784,3.422527
0.875772,2.054364
10.382489,1.860297
-1.026000,-6.547044
-1.436287,1.343868
7.097259,-11.402541
1.040604,6.646614
12.732585,1.402423
0.796530,2.135429
4.892186,16.283623
7.997171,6.977677
-1.719311,-2.670828
-1.532983,-3.510587
14.717987,-4.883905
14.907605,-0.086629
1.961250,-5.077791
8.861750,-0.469786
6.036274,7.536769
-1.862278,-4.792551
-4.136613,2.854478
10.624691,-7.122762
4.925777,-4.787186
11.496559,4.407984
0.245893,0.324588
6.960594,-11.465823
16.759485,-1.594558
5.678693,7.160435
2.547020,6.673489
10.881886,2.312659
13.922844,6.968361
10.842463,-6.979712
18.132812,9.107266
10.844533,2.281327
20.438309,3.507050
17.035746,7.098734
0.249108,0.315017
8.936813,-3.540602
14.660441,-4.883424
-1.539070,-3.504956
8.689660,1.325418
10.954530,-6.501044
14.734360,0.088494
9.945851,3.443658
20.089535,-0.013646
14.226644,-10.553211
20.656757,1.465843
9.526749,12.169070
16.827343,6.749952
12.542451,17.055611
-3.996849,-8.325184
7.299568,-11.378708
19.886314,-6.241392
6.820320,-11.560848
3.065961,0.361989
22.073986,-4.501976
6.644129,-11.393911
10.544236,-0.316943
14.985778,-0.175501
-1.289528,16.125122
5.423800,12.429730
11.702394,10.512237
4.847928,3.531954
4.682539,3.664439
10.924140,12.512265
0.880119,2.035562
2.545619,6.674352
11.555173,4.416023
8.134759,15.549388
21.754040,-2.319550
-5.939793,8.734485
8.607459,-3.226599
10.997503,-6.596117
4.718429,3.627940
10.830089,-6.384759
-4.866269,-1.041594
16.859444,-1.732198
12.784783,-6.269099
10.523834,-0.444236
2.915598,10.540427
15.814297,-3.584367
14.364980,-4.669182
3.104639,-2.515451
10.988254,-6.630024
14.181241,-10.577173
19.183823,12.609670
13.895879,-4.734409
-0.392074,-5.043401
5.261889,12.205928
-3.996887,-8.354868
17.846601,-5.836825
7.117917,-11.358766
-4.139183,2.851640
-2.041389,-2.242584
-0.234064,-1.803800
8.763605,-0.539447
14.338064,-4.624812
6.094067,6.375854
-4.592339,3.294154
11.551046,4.458101
0.244482,0.325547
18.062881,2.017035
10.789228,-7.165165
8.659348,1.352004
14.953945,-0.142471
8.313209,11.558894
9.038608,8.818363
15.325601,6.661892
14.643962,-4.847669
-1.510788,-3.530524
21.831491,-4.432360
7.082238,14.137815
-4.534317,3.235063
0.211572,0.283553
0.082808,0.496752
6.947375,10.374155
14.891547,-0.084820
-3.116090,8.464840
12.780026,-6.264192
10.800766,-7.226728
1.489305,10.061369
3.050862,0.378775
-1.861260,-4.792049
7.433618,9.301105
3.202490,-2.614250
21.955387,-4.437656
4.410407,9.418986
3.156544,-2.570167
-6.154006,-1.291235
18.607704,-0.382873
0.846389,2.077915
7.864663,15.975115
8.617112,11.165215
6.600420,-11.419448
-1.528440,-3.513754
10.849614,-6.724801
21.879635,-4.427015
2.532062,6.668530
10.860044,-0.323761
16.541386,-1.648887
10.377976,1.848040
2.617337,1.271285
5.953945,14.545042
22.514532,2.858154
8.777807,-0.524320
14.748703,0.077974
14.788674,7.807867
12.824547,-6.312401
11.973771,3.067348
7.560323,4.407867
8.830411,-0.494201
8.818171,1.192279
16.582127,-2.049699
9.591393,13.290540
17.148079,11.110507
7.992774,15.883080
10.790950,12.310673
5.042090,12.038304
-3.303389,6.398052
0.127210,4.556634
4.771702,7.330069
4.728222,3.632365
11.101110,8.642205
7.372625,9.243209
11.961284,3.052578
8.654002,1.355329
12.831918,-6.325184
8.202000,7.139540
5.461468,5.488642
20.681761,1.409222
6.384396,6.825544
0.420803,-7.643345
10.755141,12.173655
8.665428,1.343899
1.183282,-6.366327
6.849133,-11.397959
1.778285,0.520135
-1.438732,1.346842
5.432463,12.437734
11.927643,3.016160
-3.979044,-8.312252
-0.158723,3.417261
19.501654,-7.619205
0.211810,0.355034
7.392709,9.263714
0.867583,2.062745
-4.006207,-8.338887
11.549231,6.885571
-1.124869,5.141584
16.267202,14.346085
-2.045532,-2.243198
-2.550825,-3.232711
10.791680,-6.359749
3.144215,-2.553060
10.224053,8.011846
-3.984316,-8.304724
23.175945,0.931429
10.898782,-6.619731
10.376377,1.853829
17.070696,10.428490
5.325467,12.278802
6.155025,-0.209955
17.348513,13.227380
13.136117,10.024999
6.971696,-11.272520
22.543587,2.874956
10.958629,-6.512517
4.834921,16.221529
-4.168519,2.887486
5.076968,12.062692
4.788740,16.190212
-6.145632,-1.271297
10.967023,-6.540262
2.892441,-1.839430
0.775975,2.160315
6.621556,-11.391731
3.141209,-2.548264
-0.640056,10.608938
10.785968,9.749493
14.243550,-4.589788
4.697034,3.653332
-8.008030,-4.493125
-5.985447,8.782156
8.684819,1.325525
8.164706,7.072884
0.464625,-3.655016
5.159273,12.141121
6.857307,-11.544379
18.062073,2.020285
4.779490,7.321966
7.091171,-11.398583
-1.284261,7.642967
5.091325,12.074611
10.860977,2.289764
14.904325,7.078519
4.642616,3.727045
13.930805,14.702283
22.515947,2.860041
22.526669,2.872156
2.545529,6.676428
0.806124,3.481124
12.826243,-6.317096
6.879831,-11.577808
19.885569,-6.243188
6.292591,6.298938
-4.059992,0.729331
4.842997,1.233942
-3.931304,-8.270572
8.707170,1.300341
14.876155,-0.054744
5.226912,-0.526439
6.105075,6.373402
3.115376,-2.495460
5.139645,12.129785
16.748476,-1.611053
16.671188,-1.739083
5.152793,12.140631
-4.880969,-1.020669
20.241280,6.388620
12.808364,-6.292429
18.608753,-0.383138
7.869044,15.977576
-1.433182,1.340822
2.042728,-14.018397
4.867174,16.262789
-1.092054,5.605542
8.810896,-0.497333
10.983355,-6.627795
7.357203,9.229776
-1.340993,-3.648602
3.825788,6.475920
17.672709,2.315271
6.869825,-11.601252
20.105165,8.111865
14.563228,2.214643
4.718978,3.626036
1.682971,0.620283
10.015898,3.541260
17.326603,5.532289
14.902796,7.078691
7.163192,-11.470750
22.040583,-4.538546
10.216277,9.516492
5.385737,6.948469
-4.881253,-1.017220
4.057282,14.661234
7.735211,-3.408788
7.426365,9.291013
-6.148306,-1.282846
1.665745,0.627882
16.565578,-2.081949
6.744515,12.370674
-0.238428,-1.782219
10.815450,-6.360610
20.682869,6.518013
-0.719199,10.475219
20.530962,3.409753
-0.725157,3.606282
20.681660,6.521120
6.952997,-11.423685
10.232040,6.833864
16.752045,-1.623202
19.277971,-3.062396
10.724305,-7.292060
13.921573,14.711796
0.267306,0.299850
10.737775,12.216907
7.924951,11.300944
15.824060,-3.570823
8.084427,3.441628
20.308846,6.431664
5.256326,8.420057
16.633286,-1.633436
-1.521940,-3.515488
5.413640,12.420192
12.560399,17.079544
11.542509,4.449935
6.315899,-0.208435
-0.195904,-1.703576
8.163395,7.106578
-4.386325,3.107197
17.071701,-3.958310
-0.353076,-5.070755
7.177366,-11.474917
5.069898,-8.473072
13.155525,-10.995917
17.050797,-3.922528
10.626283,-0.284346
1.058749,6.394306
10.815028,-6.376065
-6.603755,2.834686
1.558629,-2.579206
-4.167962,2.887624
10.718780,-7.197409
22.079174,-4.489802
4.896026,17.710440
0.837017,2.092539
-6.600522,2.827219
0.821459,6.598134
10.792474,9.742284
6.779767,-11.493314
21.754351,-2.317069
6.369186,4.017238
8.713920,8.517779
1.528373,10.014347
16.639542,-1.653100
-4.064597,0.731967
8.697401,1.207038
15.061181,14.062150
22.071232,-4.519738
8.775828,1.241203
11.258655,9.888144
6.205784,-0.139116
0.846267,2.082588
9.105221,6.959400
14.016460,-4.457982
-4.559757,3.258798
16.746452,-1.617394
14.755029,0.063872
3.581625,6.086678
8.782979,-10.491026
0.061201,6.515578
-0.337664,-5.056758
14.272836,-5.233224
8.820996,1.194787
14.715521,0.106394
8.846302,-0.476012
20.267824,5.473980
3.852194,6.528121
10.632817,-0.572104
-0.247990,-1.795026
5.152964,4.635604
13.380739,12.405404
10.973640,-7.012864
14.848394,-0.032353
-1.431423,1.336104
14.325262,2.106334
13.163612,-2.040291
5.179660,12.178809
14.166959,-4.889677
14.590842,-4.833629
-1.229678,-3.707495
5.099909,-8.411422
8.780000,1.223144
-1.861102,-4.787226
-5.984967,8.780477
3.847455,6.519945
0.417145,-7.631971
0.457255,-3.662191
17.035267,-3.930359
-0.732256,3.587996
4.414398,9.421906
-2.030043,-2.234482
11.032711,-6.632890
10.853395,2.288762
0.863453,2.067964
8.718273,1.288041
10.031262,16.515129
-4.372658,3.084067
7.110457,-11.412817
-6.007491,-3.722656
6.901250,-11.561926
13.841353,4.410440
5.900604,14.567972
-2.024575,-2.222783
10.774434,-7.167068
5.236363,-0.531546
3.133463,-2.542141
6.943471,4.658855
21.845734,-4.421049
5.350874,10.199704
5.197568,-0.519244
13.932246,14.699514
-4.499405,3.206612
13.987244,-4.913226
12.829153,-6.319191
10.843036,-6.483320
0.809455,2.125376
10.228959,8.015870
14.737327,0.087261
17.044943,-3.928521
7.338040,-11.415709
10.810390,-7.218129
7.006234,-11.234670
14.947509,-0.131399
7.123437,5.852368
10.229096,8.028708
7.062403,2.463508
4.802921,16.203487
-4.868683,5.943295
10.831218,-7.184766
0.839046,6.644510
5.417006,12.432858
9.074500,6.942045
7.485799,15.584807
2.912752,-1.875628
8.722804,1.273031
16.426855,-1.672267
7.030068,5.626643
6.950615,4.665410
4.790877,16.198820
16.771183,-1.590357
14.101866,-10.651265
6.381022,6.829019
11.082545,-6.734166
8.144196,3.213357
10.631921,2.140794
2.229850,4.011821
-3.956534,-8.332100
3.112341,-2.501301
3.847535,6.521900
7.314064,-11.437028
19.449537,2.132380
16.887945,-1.785227
0.277529,0.293178
8.777149,1.228595
7.049008,-11.316608
4.661141,3.718812
3.114622,-2.496172
21.897713,-4.416894
-2.800241,0.607718
8.511300,1.571935
-1.536765,-3.507029
7.370450,9.239643
-2.558078,-3.247339
0.410097,-7.636044
10.652663,9.762020
-0.219354,-1.742670
14.803660,0.014077
21.944971,-4.292912
-0.199927,-1.749446
-6.314761,-0.923214
4.056586,14.662527
8.328986,11.535585
-4.889775,5.921214
-6.597176,2.828308
-6.613773,2.847284
20.484186,3.456116
5.319983,12.284793
5.330091,10.172674
7.029207,1.144775
8.891863,-10.452546
8.796220,1.221985
17.026052,-3.910564
14.094879,-10.657830
14.727665,0.098253
11.549978,4.463430
10.737460,-7.097998
13.878948,14.752985
13.175575,10.070298
-6.135507,-1.290911
-1.490372,-3.550147
5.449250,12.451900
14.311935,9.321470
10.763083,-6.444912
15.330969,6.660192
19.128563,12.667360
14.548249,2.211463
7.427951,9.295933
13.898709,14.732306
10.319925,12.491354
17.038431,-3.946677
18.755434,5.536764
5.278199,12.172625
3.084847,-2.571940
13.921558,14.710598
10.708950,-7.176875
-1.027608,-6.544702
15.825981,-3.570269
5.193496,12.131226
10.434396,1.907604
14.124814,-10.623508
-4.137799,2.854210
-5.999587,8.796861
20.718748,1.409622
4.918454,-4.791180
12.808817,-6.296594
-4.874467,5.905202
10.377140,1.851589
16.449358,-1.791565
15.328701,6.662367
-2.805077,0.603051
22.163565,-4.363922
10.686418,-0.317586
1.670347,0.625370
-0.390015,10.975726
4.810255,18.893679
6.990634,-11.458698
-1.266170,7.651682
5.299539,12.293754
5.067080,12.054639
-3.988817,-8.317502
10.717766,-7.361425
0.444518,-7.605970
0.442948,-7.615679
20.125959,8.137383
12.796137,-6.279955
7.389978,9.263569
-5.946420,-1.071123
3.995887,2.188486
16.578447,-2.071868
7.040963,-11.293198
2.613938,1.268567
5.143714,4.641545
5.131104,12.121631
9.837667,5.878851
8.804712,1.202282
4.886254,-4.778069
-6.156111,-1.290911
7.018026,5.627442
6.643487,-11.379430
10.640875,-0.602116
20.295902,6.429543
1.177315,-6.372276
5.716508,-2.783722
-2.025851,-2.221158
16.604826,-1.946165
20.050068,8.092338
3.216824,1.467108
13.182723,-11.055827
2.989324,2.819506
5.489469,-2.712161
11.023026,10.375989
14.319235,4.469627
-8.773456,3.406960
9.994611,3.606689
12.851924,9.826627
13.164040,-2.051005
5.539381,-8.481755
5.471156,-8.434895
8.972276,8.745789
0.171415,6.607484
-4.876966,5.901243
5.068690,12.047191
-8.773338,3.406861
14.622223,-4.841641
8.874317,8.662229
20.061161,8.064775
-2.808872,4.373962
11.714910,10.519390
7.171744,3.721961
-8.769660,3.407753
5.552977,-8.436622
3.045872,0.393714
-2.609412,15.582296
1.186596,-6.365090
15.178794,5.519947
8.519662,-3.235439
8.168497,-3.965637
9.953574,3.398556
20.474318,3.471400
5.242393,6.814366
18.888014,9.889229
-1.625062,10.744928
7.647093,-3.492390
12.847493,9.821503
8.176537,-3.857349
6.157712,-0.172894
4.969471,-8.390025
20.723738,6.468110
-2.354039,15.750518
10.543381,-0.454714
14.649617,-4.894980
1.680000,0.622733
11.550651,6.881067
8.312181,4.760918
16.850512,8.401251
12.295191,16.586302
14.345015,5.564690
6.722498,12.393632
1.272675,11.743354
8.209481,7.133759
0.595077,4.018600
-3.736581,8.583055
5.233589,8.396866
5.228294,8.392324
11.707548,9.060257
-5.282849,1.454280
2.920501,-1.903858
1.960610,-5.079767
17.324829,5.545640
21.794390,-2.366241
0.101792,0.476588
10.534236,2.001449
20.712860,6.510641
7.677669,-3.490231
5.491905,5.540957
2.939498,10.842873
10.633899,-0.598809
5.006306,-8.348955
11.027260,10.384370
8.722530,8.525839
8.491511,-3.204098
17.055214,7.074034
7.855477,-4.025540
9.824210,5.878000
4.874012,5.918230
13.199492,0.146835
20.257135,5.454669
8.147546,7.189752
3.049268,-2.382125
3.042920,0.395701
-3.626621,8.491862
8.862904,-10.502917
11.208974,10.023337
2.970424,5.319379
5.536564,5.620400
21.753679,-2.318098
1.463722,7.014310
13.380160,12.393955
9.854386,3.483361
10.429330,1.917020
8.341159,10.308015
20.664516,6.545370
19.544313,-7.614056
-8.771004,3.406926
10.004200,3.557165
8.800724,-3.444720
8.223054,7.123617
0.303676,5.803327
5.435788,-8.336345
2.033668,-14.028805
8.802073,-0.490543
-4.236071,2.943762
8.327991,10.318439
7.074941,14.136917
5.520895,-8.398776
8.168299,7.118171
5.645670,-8.410865
10.667810,-6.747503
9.895093,3.355254
5.723922,-2.817851
8.826439,-0.496086
-4.862551,-1.046028
12.958591,5.250838
8.187722,7.147337
-4.161439,2.872769
8.147695,-4.095933
20.065037,8.059799
6.149403,-0.153441
1.408486,6.994889
20.710636,6.539370
15.568469,5.749009
-0.388180,10.981136
20.067999,8.058422
8.106967,-3.422635
13.411830,12.433324
-2.828514,4.391061
8.235010,7.120953
17.912994,8.293332
8.492070,-4.014943
-3.668589,8.535384
-0.421344,10.910068
8.482068,-3.225396
8.803508,-3.530905
18.688446,5.598456
4.632560,3.745029
-4.878887,5.898114
2.962424,10.867635
-3.703105,8.562196
5.564173,5.623745
8.309097,4.771975
-4.149498,-3.944362
12.313974,16.602993
6.606690,12.514993
-4.885490,5.922465
-0.995856,-6.562766
-2.853861,4.430302
8.836611,-10.420532
12.958892,5.232139
4.418980,9.423305
9.060549,8.828931
-4.163493,-3.954655
8.740250,8.533469
19.520102,-7.632919
15.609365,5.784402
12.815798,-6.303545
11.049418,-6.689281
0.206808,0.364560
14.074627,-10.678730
12.813399,9.779907
8.836026,-0.488227
5.653577,4.659358
10.987309,-0.519630
3.053710,0.374247
13.178580,-11.016474
4.009459,14.616796
8.024960,16.041882
5.594643,-8.494747
8.357878,-3.434291
10.591095,-0.469388
6.967817,4.681625
14.957338,-0.149948
5.548695,5.624062
8.458365,-3.620896
5.477417,5.527002
17.049992,7.072185
8.166822,7.129351
5.694068,1.910771
14.353152,10.649775
7.923993,11.311197
-0.288063,-1.849776
17.049433,7.078851
2.916817,-1.874869
5.662745,-2.790290
14.239404,-5.178027
20.704157,6.522462
8.323200,-3.412610
3.258488,8.309582
8.834933,8.627550
5.212577,8.374962
6.157538,-0.227730
8.285709,15.718518
7.075759,14.137807
0.642338,9.435349
10.812269,2.258639
5.505382,-8.510344
9.585168,10.241467
20.693583,1.433323
22.555246,-0.095238
5.403497,-2.799871
3.178912,3.867135
5.510128,2.089897
2.004624,-0.697911
23.159203,0.924520
4.873460,16.277248
8.442461,-3.631215
13.140831,-2.102148
14.348095,5.564559
16.789038,-1.661361
20.100208,8.024964
20.721184,6.498428
13.577886,1.718910
10.680268,-6.789019
20.725599,6.507193
13.459732,3.054301
5.030805,-8.344683
12.314500,16.623241
12.955781,-1.913833
18.914171,9.851971
8.678931,-3.390957
3.270451,4.002692
-4.127272,2.842656
1.445086,10.081717
7.557570,4.403226
14.315762,9.318995
20.743261,1.380586
22.677139,0.155627
5.110306,-8.433834
5.219353,-0.521723
0.823135,6.594486
-1.902715,2.807785
-4.197218,2.847595
18.689159,5.599418
15.330509,6.658707
12.275105,1.864307
3.122855,-2.544193
0.866724,2.059055
7.957272,-4.265495
2.985714,2.828108
5.071703,12.053761
6.952190,4.695655
19.368013,-3.006651
8.150733,3.203039
9.030951,8.807009
0.081461,0.500270
5.535579,5.578817
20.746582,6.470062
-2.481244,15.679385
17.322687,5.536841
2.964900,10.869022
19.292208,-3.132121
5.003446,-8.353075
2.885804,6.866441
13.141914,-10.972496
5.252615,8.418648
11.492775,4.402079
13.477957,3.082169
2.952781,10.869254
6.791454,12.328679
7.151310,3.732708
-0.238558,-1.795959
14.644859,-4.952743
1.439181,10.098207
6.733527,12.384009
5.505026,2.092250
1.205605,4.560872
9.014881,8.798766
12.323062,1.569059
13.606147,3.204099
15.146783,2.260955
6.203667,-0.223470
3.136974,-2.558439
8.339358,-3.457030
8.677708,1.326406
20.533541,3.414941
9.977897,3.458363
13.247025,0.194261
5.505748,2.087374
4.873645,5.897443
-1.493320,1.405886
-0.616803,3.725212
1.637512,5.833170
1.749834,0.550334
6.317737,8.989119
13.804955,6.845928
8.139692,-3.516995
9.969847,3.536354
10.229393,6.836339
14.907187,7.068509
5.489352,5.513826
0.608032,14.749453
14.223217,-10.550552
3.048687,0.388739
-4.883728,-1.019785
3.177477,3.868442
13.186269,-10.989132
2.915134,10.479893
10.804962,9.759886
-1.251145,16.145336
11.491888,4.407917
9.596339,10.235400
16.849611,8.400273
6.195971,-0.226827
-0.649495,10.596603
3.587217,6.084965
1.181350,4.468799
3.115616,-2.469077
-4.943237,-0.910153
8.026148,-3.528294
-1.483644,1.390980
2.911729,-1.864811
7.595539,-3.599912
5.516867,2.079374
6.753232,12.366309
5.501549,2.095349
16.761240,-1.583688
6.656362,12.468285
14.236763,-10.524741
5.564970,5.638805
6.144510,-0.145850
5.298983,-8.437002
10.508943,5.154221
12.807784,-1.803754
14.864040,-0.054036
5.475472,5.586755
15.161447,2.273254
10.256464,9.542082
5.146874,-8.396394
9.994835,3.361140
20.717920,6.499447
19.283644,-3.062238
6.949294,7.929974
10.554410,-0.463135
14.331534,2.108011
5.544825,5.631945
5.577407,-2.768091
12.676992,4.461315
7.923462,-3.507290
10.514339,5.157364
10.651652,5.249548
8.159670,-3.512611
8.214617,-3.576823
6.571222,4.204975
11.555049,4.462626
13.927590,8.018513
21.745975,-2.310508
19.447975,2.134814
4.929028,-4.817774
12.233688,16.644791
8.794106,5.560946
5.529346,2.068143
15.166401,2.278144
1.049594,6.311993
2.975100,10.847555
-1.901481,-0.401961
20.062298,8.057602
5.494015,-7.988223
3.051140,0.382579
5.192993,-8.280190
8.596446,-3.245156
5.511336,2.085031
-2.324772,6.111656
18.868906,9.861801
-4.150037,-3.943958
13.395041,12.399397
20.239864,5.437291
5.087687,-8.319221
13.449092,3.050766
6.952044,4.680306
23.177942,0.934142
14.362198,10.643524
-0.297461,-1.764240
13.191992,-11.004904
6.247693,-0.231104
8.471920,-3.646729
7.242902,3.787886
13.478029,3.093233
-6.484327,2.728758
7.371789,2.796360
5.608674,-8.361704
7.051034,1.136772
20.741251,1.382055
8.162477,7.120391
6.205599,-0.225015
9.972412,3.509805
14.184965,-5.170705
16.879963,6.824484
13.545754,1.687141
8.130379,10.535509
-1.701130,7.502622
20.256479,4.118702
0.151981,6.609603
20.755083,6.476758
5.144194,-8.343351
-1.699386,7.504171
9.687346,15.677026
17.094620,7.122728
18.663542,13.162596
2.914778,-1.865614
-1.864586,-4.794934
2.919186,-1.856610
16.154257,14.302387
5.677797,-2.771847
10.673791,9.580663
0.854500,2.070356
5.600083,-8.370312
10.463255,9.675645
22.676210,0.155002
5.610076,-8.518947
18.880577,9.885943
5.670984,1.933919
12.984480,-1.798678
-2.135225,-11.666378
1.483605,5.946256
11.100500,8.635747
10.689534,-0.661135
5.174796,-8.340637
8.658431,1.355090
-2.798873,0.611365
10.740117,-7.108894
-2.807573,0.601525
3.851145,13.258111
19.267881,-3.258020
20.560905,3.378187
12.141470,6.527045
14.187343,-5.155743
9.809774,3.458482
16.888601,-1.792074
5.519505,5.566906
8.781306,1.232906
5.504441,-2.744961
8.185610,7.105774
8.189384,-3.555781
18.749992,5.541650
14.509298,-4.923726
23.177393,0.929387
4.917504,-4.794230
11.970023,3.062499
12.986207,9.193578
4.715942,3.640253
-4.254991,2.946308
8.290239,15.742430
6.789521,12.330807
10.624649,-0.318928
5.880618,1.726457
5.013715,-8.350909
-1.458870,1.365296
-0.236775,-1.790870
21.757343,-2.321948
14.980725,-0.177714
-0.244161,4.840482
-1.443003,1.354672
5.490208,-7.961256
12.331471,7.962190
16.626495,-2.015309
15.180636,5.523081
14.288070,-5.173312
9.075533,-3.578778
7.664762,-3.545111
1.370660,7.035655
5.493377,5.521605
13.179291,-11.024807
2.992677,2.819546
11.795683,6.332349
6.325982,-0.233132
13.139795,0.085802
5.529138,5.612128
13.476363,3.074763
16.835150,8.387289
-4.023387,12.067129
-1.488462,1.400008
3.956595,13.322968
20.722719,6.492169
16.430462,-1.668382
10.005876,5.001424
8.282367,4.788728
2.947732,10.865194
4.070797,2.238725
18.794703,-0.268216
10.138288,5.058405
20.553432,6.648229
-3.659534,8.515805
8.321394,4.736416
20.034761,8.063942
-3.646175,8.528091
19.206316,-3.135253
16.851337,8.400834
4.859722,-8.499620
20.530756,3.417178
14.914622,-0.102596
14.362850,-4.788062
0.784893,2.139471
22.677992,0.158216
14.943230,-0.114947
5.293645,6.874331
7.904176,-3.004609
16.827890,8.380621
6.976808,10.348994
16.891050,-1.496166
0.332875,5.891776
15.169987,2.286346
-6.565082,2.798674
12.959289,-1.652526
8.728954,-3.274926
8.571651,-3.362592
16.832767,8.384949
9.805441,3.579808
23.156200,0.922028
10.725941,-6.686949
8.819366,-0.490198
-5.271696,1.462347
20.013506,8.085867
20.736744,1.386855
7.364478,2.800942
11.761289,1.432048
0.855804,3.409978
7.406285,5.173140
5.622237,4.626136
13.451312,12.367657
-4.163610,-3.957752
2.244514,4.042465
4.659775,3.702716
23.166832,0.928423
16.829948,8.382676
4.920093,16.321505
10.073394,3.367097
5.906332,14.566608
0.823490,2.106774
15.179558,5.526395
-1.224644,-3.711424
15.166422,2.279186
16.835936,-1.581648
-1.547362,-3.490943
3.354491,8.415519
11.056405,5.417590
10.137760,5.059082
3.587854,13.007627
5.959143,-1.500066
10.670447,-0.624927
7.060221,14.128660
7.559717,9.434234
20.034393,8.049265
5.165681,-8.975791
1.262472,11.755496
13.064622,-1.744434
0.912399,7.097469
3.853920,6.526771
11.015723,10.376892
-0.614713,3.726171
13.701018,1.844141
10.744156,-6.967491
13.934527,-4.744862
5.996262,6.325550
20.529478,3.408949
1.725093,0.570235
7.124355,-11.430652
-4.506077,3.214080
9.118780,6.944534
4.793572,3.570419
16.499695,-1.879205
7.271201,-11.425268
5.135765,4.637966
5.118573,-8.293564
15.180371,2.292574
2.875077,6.846839
15.181170,5.523761
3.003067,5.287434
2.927808,-1.848809
8.836885,-0.486610
20.602396,6.622012
5.072806,-8.733651
5.500797,2.098433
-1.491630,1.395140
12.957798,5.248147
20.512817,3.404159
2.948562,10.861762
10.867265,-7.137892
3.582797,6.082965
10.529833,-0.271590
17.699352,2.330680
22.512117,2.855060
8.794053,1.218289
7.153489,3.728023
10.588616,-6.552040
23.169683,0.942727
0.846781,3.410790
0.917133,6.535895
15.593400,5.784561
8.577941,-3.951564
5.079358,-8.238900
8.055881,4.898806
20.248865,5.452439
7.190270,-11.463301
13.019220,-1.996176
3.115404,-2.528401
5.409461,12.418262
6.951904,7.921295
19.885376,-6.243497
20.680494,-0.049779
-5.230661,1.523817
5.126866,-7.886470
14.558212,-4.800434
16.191193,14.328953
3.121049,-2.568770
-1.492663,1.401307
6.068402,-0.173660
-1.497638,1.406702
7.049904,-11.367316
5.346632,-2.774655
8.773263,5.531777
7.172249,3.719619
10.671229,-0.324724
5.686357,1.920716
-0.032451,-5.049844
1.479369,10.065101
8.843327,-0.473612
-1.094137,5.594900
8.808550,-0.502017
1.425044,6.995538
9.170189,5.631718
8.870393,-0.449659
8.931087,16.364256
-0.609722,3.729527
14.945476,-0.129112
12.202659,6.561193
7.210282,-11.352297
19.417736,-3.196872
22.071032,-4.299338
5.224196,-0.525680
20.032036,8.054685
-0.614482,3.720618
2.932203,10.867023
16.864639,10.702122
11.456001,6.173523
15.234745,14.010427
21.733320,-2.301699
-6.151374,-1.285160
4.776928,-8.610955
8.846892,-0.470967
5.075114,-7.954359
11.197806,10.032517
17.003069,-3.899367
8.153399,7.155462
-8.773567,3.406994
8.693781,-3.454242
5.947252,-1.508598
-1.534114,-3.508586
-4.527152,3.229808
-4.522773,3.228232
7.342281,5.212424
16.495113,-1.821294
2.240393,4.037214
22.924917,0.598224
15.030484,-0.227033
8.322240,4.754706
23.165783,0.928203
5.289113,6.874156
-1.673120,7.514050
13.260623,-11.095244
8.312515,4.771319
17.017715,7.109338
5.309844,6.882309
4.985585,-8.309965
7.557153,4.405021
20.530804,3.410499
17.024590,7.106162
20.740196,1.385396
2.614481,1.273536
20.569857,6.644392
10.758399,12.168916
6.147991,-0.173042
5.173880,-7.779039
-0.591680,3.750687
8.058232,5.040328
11.100675,8.644075
11.548128,6.885828
13.459597,3.065081
-6.626758,2.841348
-1.187973,0.853993
19.217104,4.023925
7.325236,-11.433389
11.459394,6.164409
5.175250,-8.986239
7.368433,2.798511
19.387037,-3.175789
20.694559,1.431164
12.711195,-2.128814
3.126564,-2.519120
20.530861,3.407585
5.549912,4.639870
2.849752,5.205530
13.317923,-11.139832
5.531479,4.659156
8.446473,-4.116366
12.482405,5.000320
20.421803,6.184889
4.815622,-8.505030
20.542336,3.399885
5.498190,2.099180
11.195093,10.013643
20.668207,1.453259
13.612491,3.208890
1.181826,-6.367486
7.049702,-11.364515
-2.833803,0.578830
-2.242029,-2.526443
4.660129,3.702955
16.839823,6.780261
8.737871,1.276788
7.079249,-11.365159
14.719712,4.891461
15.156166,2.311569
0.914246,7.099766
5.295790,12.236569
1.180893,-6.367828
5.370911,12.379983
8.837835,-0.478116
17.687670,4.085685
16.741192,10.839713
5.228313,-0.546588
12.788521,-6.272785
-6.157329,-1.285794
7.921560,3.836068
19.446234,2.136152
9.566516,13.320104
8.739937,1.273234
-1.269941,7.652628
15.158520,2.274861
4.678160,3.689028
20.107258,8.107985
10.372378,1.834843
14.555087,2.208018
10.881525,-7.107729
10.738372,12.192034
5.541304,2.018078
14.202843,-10.561563
4.876520,-4.765556
5.288974,6.866387
19.131611,12.661292
7.404914,9.273804
20.697268,1.429291
1.233407,4.567419
-6.601525,2.832603
4.917961,-4.821014
4.843418,3.538946
4.921486,16.315075
16.597530,-1.662312
14.373143,-5.155441
16.490040,10.854787
-2.551265,-3.245054
13.050840,-10.968413
14.305567,2.099859
16.915281,-1.774019
9.536956,12.221943
-5.938181,8.733423
6.553834,4.203032
22.509632,2.852143
21.834259,-4.444958
-4.228743,2.931738
5.046277,12.017267
3.911901,13.306967
3.145625,-2.565475
-5.253250,1.482887
-1.903981,2.820755
-0.641357,10.608373
4.747347,3.604411
17.912701,8.296310
-1.326718,-3.659089
16.903057,-1.462681
6.937084,-11.171358
10.229777,8.016500
5.133807,12.111232
3.167577,-2.579618
2.615501,1.270189
-0.734336,3.601838
1.722224,0.575498
18.862703,9.896505
3.151346,-2.569130
13.577101,1.720708
9.838051,5.877709
-0.157982,3.422204
8.515807,1.567507
-4.239668,2.934753
18.833681,-0.246898
8.817755,-0.493433
-1.098065,5.605527
11.012899,-6.574433
0.920168,2.011681
1.993393,-0.708479
10.700812,-7.334513
10.359671,1.849787
22.105734,-4.475045
-4.221532,2.933818
22.099073,-4.492747
-4.151674,-3.946785
8.815030,-0.493560
14.307884,-4.972144
-4.857492,5.928650
8.805932,-10.506758
-4.124369,2.836062
19.460583,2.121361
-2.140025,-11.671320
2.927166,10.483616
14.405671,-4.631284
14.960926,-0.134604
16.558281,6.855704
22.211012,-4.311950
17.320551,5.537538
17.913702,8.294205
-0.429975,9.943056
4.859928,16.255692
14.901967,7.076897
20.343775,6.417477
20.268459,6.417268
-3.983328,-6.128257
10.462155,-15.780971
22.023878,-4.269063
13.791258,6.837684
3.181891,4.850445
3.850585,6.526911
14.280520,-5.189459
5.466901,5.519031
10.718602,-6.342651
4.120449,0.731857
1.172506,-6.376908
-4.065192,0.730809
14.922507,-0.087654
0.895265,2.037467
10.924372,12.511928
16.892921,-1.507061
-2.029160,-2.228703
1.538859,-2.573706
2.926060,5.326600
0.939059,7.085219
6.628886,3.667163
20.529554,3.403934
10.695550,-7.331311
-6.598922,2.829342
16.244711,10.573154
-6.015085,-3.726727
8.019312,-3.312728
16.273199,14.348130
-2.804520,0.602003
16.304529,14.354594
14.945601,-0.129128
14.933179,-0.119160
16.500940,-1.651614
-0.358020,-5.077880
14.961480,-0.138901
4.876647,-4.766770
-1.537733,-3.505706
13.223425,0.170035
14.958805,-0.131464
-3.301705,6.398496
8.156678,3.188206
17.914434,8.294461
-4.883689,-1.019131
14.705831,-4.899528
15.329474,6.663021
22.099976,-4.476889
-5.276570,1.488388
7.374103,9.243004
-4.942101,-0.915332
7.946566,15.979282
8.849241,-10.440720
14.236515,-5.224720
-3.112714,8.466659
-2.042835,-2.233530
-1.525239,-3.516226
-0.359329,-5.095590
3.144776,-2.546979
6.619843,-11.387289
-6.023193,-3.717276
-4.462060,3.167008
19.442184,-3.129209
19.130583,12.662233
4.893919,16.296789
5.063892,12.041789
2.956880,10.471113
8.865138,-0.458305
10.697537,-7.321195
21.956503,-4.281301
10.716845,-6.280457
16.897785,-1.493837
-0.188550,-1.824411
10.364588,1.841704
6.846338,-11.520586
8.582613,11.197496
7.398124,9.265908
4.855094,16.246309
-0.742947,3.596667
6.953946,10.365663
4.847002,18.870670
-5.283686,1.453023
-4.042314,2.754255
10.829429,-6.359580
4.702253,3.639192
10.897415,-6.451486
22.509916,2.856305
4.723309,3.619967
14.352494,-4.642104
-6.042072,-3.710803
-4.851139,5.945372
15.495888,3.251747
6.798126,-11.463711
0.832028,6.582682
20.076107,-0.009663
13.880013,-4.868137
-0.739258,3.590305
14.460342,-5.113038
8.699409,5.585951
2.621561,1.266579
6.742434,-11.459440
10.235189,7.975632
16.975578,-3.855217
0.164822,4.524267
1.479663,10.067964
4.919744,16.317549
-6.594306,2.827931
0.844698,3.407565
-0.332167,-5.061676
1.487122,10.068245
22.515688,2.859242
10.218683,8.005032
-4.103387,2.824831
10.757135,12.163199
11.788373,1.451726
10.921895,12.510723
10.225296,8.011520
-5.295574,1.461993
2.920193,-1.852699
10.768703,-0.248870
19.462469,2.120994
3.688249,6.248888
0.448832,-3.675977
11.979973,3.076516
19.194937,-3.128426
-0.378623,10.994468
16.906090,-1.850848
10.557070,-0.291182
5.914846,14.561306
14.300556,-5.196307
0.239662,0.319704
5.221815,12.103779
5.186001,12.166440
4.056203,14.659681
18.855043,-0.231185
20.509727,3.408287
-4.214892,2.989212
15.411103,3.337611
8.589418,11.189815
10.679007,-6.760459
14.091216,-4.602954
-1.446059,1.354319
8.592660,11.190309
19.453398,2.127572
0.244838,0.308427
3.168126,-2.572091
14.340032,9.295802
5.085626,12.051211
-1.406431,1.318969
3.135854,-2.524616
10.849319,2.284304
17.914364,8.296125
10.694954,-7.043060
1.760811,0.540933
-6.142534,-1.274681
7.362446,9.275420
0.474997,-3.641864
0.248197,0.318930
-4.036910,-8.364943
7.637029,17.860151
10.480189,9.650979
-5.010834,-0.585479
20.528555,6.640454
10.221844,8.003667
2.534397,6.666251
4.779581,7.323337
20.535524,3.410423
11.978367,3.071837
-1.276362,-3.698776
-0.217365,-1.788493
19.885641,-6.222783
3.145992,-2.552793
10.892241,2.321834
8.681441,1.338834
12.334166,7.970189
17.913481,8.295510
-4.021689,-6.084713
7.293022,-11.449636
15.409665,3.341129
4.851815,16.247375
10.900881,-6.477770
0.259149,0.312772
3.217078,4.957463
8.326860,11.536410
5.053561,12.022313
3.181748,-2.616161
3.146138,-2.588089
7.125802,5.845804
8.746218,1.274200
5.266457,6.853159
16.646603,-1.702495
8.137946,10.484208
9.110744,6.956944
-4.037033,-8.367068
2.044849,-14.013526
17.908436,8.288554
-2.818920,0.585185
7.392522,9.271634
-1.011317,-6.561274
2.540517,6.672979
-6.307350,-0.942675
22.190926,-4.361388
1.594812,-1.046621
5.290084,6.869812
8.104773,4.986357
6.918063,7.968062
4.719920,3.628082
7.140524,5.844841
10.720485,-6.305057
15.069487,14.049121
6.375982,6.826765
1.720487,0.575785
22.117378,-4.487885
-2.139982,-11.671243
-4.143537,-3.939744
2.044283,-14.013768
10.527239,-0.215303
-6.312954,-0.931867
8.827494,1.184905
0.873624,2.057835
3.582933,6.086148
11.964678,3.053999
16.560194,-2.101466
14.098801,-10.658118
22.520584,2.888423
3.081405,-2.473107
7.991117,6.983363
14.702705,-4.914419
5.621651,1.993640
6.645965,-11.467710
10.509232,-6.652853
8.674442,1.337870
-5.990866,8.787989
10.962336,-6.694936
19.456106,2.124146
16.790792,10.429137
-1.273464,0.977056
0.828406,2.097004
10.071409,11.084833
0.850670,3.403263
12.826346,-6.314470
6.727972,-11.466994
3.165324,-2.585424
6.368238,4.035234
-2.815621,4.384700
14.940538,-0.104846
10.646565,5.242939
7.414190,9.275090
1.480693,10.067986
7.388845,9.269070
4.726843,3.623914
6.872697,-11.526193
-4.126556,2.847019
10.678796,-0.293424
10.503014,1.973496
-4.477082,3.185359
2.541553,6.670820
-0.356312,-5.060227
15.113945,12.440338
16.318007,11.029832
10.766486,-0.303912
-2.139504,-11.670943
22.033258,-4.308548
7.361602,-11.419074
13.927160,14.705189
10.335032,12.268642
4.862950,-8.454103
7.372616,9.252115
4.792291,16.177336
2.933691,10.485724
13.628510,5.604590
14.918377,-0.091279
16.681505,-1.585076
3.150729,-2.564493
17.038689,-3.926581
9.595751,13.287305
5.911916,14.568483
16.926300,14.516597
-1.324667,-3.659464
4.921482,16.320105
19.461384,2.119217
-3.951419,-6.163468
2.025310,-0.677337
0.249942,0.320587
10.611848,-6.469368
15.410630,3.339918
14.368601,-4.911234
3.148859,-2.564129
22.506115,2.851196
14.345076,9.297645
14.414349,-4.581028
4.914996,16.313568
4.902259,17.717396
10.540376,-0.238515
3.189717,-2.607719
4.882570,16.265192
19.461914,2.120338
8.733959,1.281038
15.814641,-3.582498
0.272934,0.298499
1.724234,0.569923
14.350019,5.568153
10.096705,11.098269
8.965749,8.712635
-1.525828,-3.518191
-1.533857,-3.508193
16.848139,-1.539129
-0.642797,10.609513
2.060768,1.777211
16.729788,-1.601174
14.207058,-10.560991
3.181051,4.853645
-6.596273,2.828750
-0.349405,-5.069657
0.260284,0.306644
16.853350,6.796638
7.404162,9.280833
22.511963,2.860276
-3.975848,-6.131695
-6.908284,8.246723
22.073803,-4.530642
22.185898,-4.349764
20.099075,8.108319
0.474966,-3.618939
14.357043,-4.708288
-0.629694,3.710875
1.757077,0.543416
16.951880,10.869000
19.460962,2.120719
0.263942,0.306541
6.365896,4.026830
10.739986,12.185480
-6.156135,-1.292552
5.065534,11.966732
-4.012173,-8.345704
10.722584,12.203357
-1.909592,-0.413170
-4.529292,3.229427
16.198042,14.332555
3.029877,1.708828
23.166803,0.928891
4.704049,3.643165
7.170619,-11.414037
10.547141,-0.243095
2.539384,6.670462
8.329734,11.526963
10.878312,-6.509657
16.648840,11.165606
10.857808,12.459372
7.086656,-11.278211
-1.120591,13.514129
0.201616,0.369438
14.593485,-4.810647
6.783686,6.083639
7.884334,16.392502
20.099123,8.105699
6.614942,-11.384108
0.063494,6.542151
0.053748,6.502577
4.922814,16.320074
7.035285,1.191084
0.460115,-3.660825
-0.180343,-1.796459
0.908902,2.023889
7.404764,9.279139
14.309534,2.107002
10.105124,11.086203
3.646614,6.152936
3.610718,6.107585
5.049838,12.017607
-4.822685,5.915823
0.875150,2.059660
6.769865,-11.505982
-4.479302,3.185598
-1.725141,-2.664628
-4.066470,0.732415
-5.289044,1.478546
8.669388,5.603119
5.336636,10.164881
5.170231,-0.496987
14.863783,-0.036012
-5.990721,8.787870
8.676327,5.602858
13.806256,6.851308
10.922502,12.510531
-3.952430,-8.337030
17.048054,-3.920176
19.493681,2.088646
4.776445,7.325206
1.178234,-6.369917
20.697397,1.427843
14.961338,-0.129688
6.919206,7.963903
6.827006,-11.567931
-5.188176,-5.258473
16.773161,-1.703958
-4.080878,2.794816
17.463173,10.733008
4.853579,1.242694
-4.162358,2.881707
12.077381,3.173020
0.940023,6.512386
9.070441,6.947926
0.896471,2.035759
0.891772,2.044251
-1.159938,5.172479
-0.175152,3.424376
19.885881,-6.243416
6.327393,20.003889
5.336522,12.343510
16.642370,11.135195
8.720437,1.291122
13.561801,3.164635
11.977138,3.071212
-0.159681,3.424787
3.805916,6.461021
16.849939,10.964450
4.893739,17.717062
16.799953,11.218284
11.969505,3.062395
-0.350989,-5.066638
3.846791,6.503172
22.202852,-4.335798
17.017429,-3.895744
22.512512,2.854743
13.767972,6.812799
10.810336,-0.274553
10.748019,-6.298618
8.814967,-0.482888
22.120146,-4.495135
4.070677,2.236381
14.949473,-0.116112
10.124061,3.431238
5.235034,6.811104
16.939732,11.010947
8.094046,3.430069
-5.013034,-0.580809
0.414435,-7.629598
13.910306,-4.747896
-4.104634,2.819119
9.601653,13.282257
1.666824,0.628258
14.171986,-10.586911
1.050653,6.650098
0.285263,0.359188
4.861018,16.253813
-4.949401,-0.909756
20.293005,4.191515
16.906141,-1.449231
14.887454,-0.087618
-1.117419,13.566562
10.322055,12.493257
-3.973629,-6.130494
17.889227,-5.786945
-4.880880,-1.015276
8.662691,1.353681
4.117500,0.734183
17.053989,10.494120
4.883363,-8.629520
6.881961,-11.561882
9.769747,13.076485
5.051135,12.020250
21.897072,-4.412237
-5.988846,8.786948
1.560008,-2.573994
2.539613,6.670292
20.660526,-0.053812
4.823576,3.555762
14.539800,-4.839188
2.059256,1.779469
16.651899,10.843498
16.870325,6.811378
-4.945693,-0.906551
10.600666,-6.593662
-8.007730,-4.493944
11.547091,4.408871
13.618181,3.215538
7.412956,9.279655
10.783193,12.312551
10.858503,12.508801
3.147005,-2.545547
10.747968,-6.251729
0.944104,6.518825
14.959098,-0.143143
-3.945572,-6.163778
3.148203,-2.561024
4.763640,3.588882
22.207655,-4.319138
3.850773,6.524183
6.831969,-11.574367
7.425939,9.289428
15.411970,3.334534
8.109806,15.629268
-0.344223,-5.074104
4.856812,16.251869
-1.903608,2.806642
0.852777,2.079938
4.725499,3.626775
-0.159060,3.419633
17.031052,10.554539
22.237452,-4.289139
8.328860,11.535879
11.979411,3.079358
4.818776,18.891756
2.010527,-0.692747
10.614117,-0.309664
-0.207772,-1.773344
-5.311634,1.492348
0.925097,2.013398
6.620323,3.657941
10.537121,-0.291163
3.149028,-2.565848
-6.884193,8.274323
20.327530,6.459142
16.916998,-1.467442
22.071690,-4.513206
3.095327,-2.490340
4.847433,3.542179
3.141025,-2.547307
-4.081603,2.796402
17.312294,10.666178
22.235445,-4.302502
10.947676,-6.447579
14.768863,0.052844
14.055647,-4.764826
5.189188,-0.512439
7.365042,9.280559
0.281826,0.276042
14.310877,2.105875
6.596147,-11.362214
14.351306,5.566264
11.982804,3.076349
20.440445,3.501004
10.926847,12.516652
14.252712,-5.047210
20.061985,-0.010754
22.513071,2.855791
-1.269733,7.661903
16.858130,-1.731457
14.446656,-4.732716
0.844929,2.086619
9.148582,5.618279
2.928932,5.326728
4.823710,3.543703
-4.023393,-8.356275
-5.244348,1.490232
10.220852,8.004883
0.819982,3.467946
4.120072,0.736007
1.712081,0.584455
10.793829,9.750911
-0.202904,-1.717012
16.578527,11.079334
18.836313,-0.244372
3.848674,6.533793
10.092609,3.272828
12.827641,-6.316059
10.362043,1.843162
22.504917,2.849714
-2.617520,0.811078
0.826560,6.597263
1.554206,-2.575421
22.083477,-4.513224
6.541870,-11.346298
6.600602,-11.384645
0.868111,2.065890
0.846617,2.084734
3.132409,-2.540653
11.982159,3.072699
14.118330,-5.128287
10.433163,12.246612
14.313372,2.105576
-3.909029,7.996915
-6.580977,2.813897
4.910866,16.305847
10.877369,-7.135519
10.856461,-7.125123
16.607418,11.461850
1.718255,0.576152
-4.000896,-8.335013
-1.533754,-3.510321
5.212537,12.214881
5.313330,12.306178
8.847623,-0.469440
4.835869,16.149412
20.336876,6.448778
19.456591,2.125380
1.484287,10.060124
10.852418,-7.140251
6.108870,6.374773
0.615979,6.568888
22.516642,2.861170
11.991092,3.085869
20.362940,6.475645
21.748905,-2.311846
2.277108,4.071807
10.666739,-7.096079
16.683979,-1.958698
7.183185,-11.414122
10.852859,-7.174242
12.761120,-1.910506
14.270052,-5.196244
10.806618,-0.583866
14.101856,-5.074121
-2.136300,-11.667674
13.176738,10.073339
10.798479,9.758810
10.757731,-6.316023
11.994030,3.085259
14.269261,-5.238681
10.581081,-0.296335
14.249582,-5.210541
-4.888076,-1.019335
11.462983,6.166980
17.685797,4.084974
0.398658,-7.644072
6.450552,4.098557
8.736074,1.281560
14.386384,-4.874720
20.581760,6.595567
16.660801,-1.992674
-3.896868,-8.282970
6.937567,-11.464187
-0.725968,3.607978
4.811879,3.548767
17.135958,1.973862
-6.174007,-1.314647
7.003328,5.704676
10.230334,12.415699
10.898704,-0.216332
18.833412,-0.246492
-4.070690,-8.404204
8.745501,1.268614
-3.944262,-8.324774
20.513443,3.398751
-1.451319,1.364735
20.288544,6.421777
10.028545,12.135746
4.791422,16.189377
10.224857,8.010513
16.932619,-1.798668
6.387140,6.831690
2.983449,1.725705
0.459391,-3.658654
16.559164,6.860172
14.594858,-4.870759
7.403638,9.279358
6.553051,4.202080
16.602488,-1.609262
5.178675,12.164119
-4.058716,-8.404885
10.494112,-15.761531
4.217626,0.674152
22.129694,-4.421362
-2.810155,0.597758
14.904980,7.081352
-4.024921,-8.354532
-4.023969,2.737557
0.426048,-7.643890
10.837144,-0.663826
-0.758535,3.587461
16.900099,-1.450098
8.839496,1.172171
19.464560,2.117559
11.099748,-6.670511
10.493834,-15.762106
4.924811,16.320757
16.748865,10.888188
8.812368,-0.496166
6.694589,-11.453895
2.021697,-0.678839
11.540315,4.451318
-2.055921,-2.251514
3.730438,5.159103
8.809068,-0.501037
5.336051,10.166749
8.810969,-0.498322
3.189707,10.518502
4.749036,3.605797
-1.184663,0.851398
14.365580,-5.178238
8.590484,11.190713
8.778040,1.239256
0.285395,0.286244
14.903176,7.077637
4.054518,14.653918
-0.188096,-1.776449
5.223261,12.136061
15.586056,5.776128
-1.725781,-2.658098
6.946338,4.687086
7.928002,11.424731
1.484607,10.061636
-8.009275,-4.492764
8.640033,1.372740
8.734114,1.281811
15.514009,3.252211
-4.208708,2.915413
14.642661,-4.891749
22.070889,-4.516277
11.474526,4.384756
6.334013,20.011570
10.850852,2.285834
3.586152,6.091465
7.543106,4.377283
14.977478,7.886328
4.776520,7.328718
-4.938351,-0.939750
22.204306,-4.298677
-1.159162,16.186125
16.921955,-1.462449
12.099227,3.195612
3.614969,6.115777
-5.285464,1.481952
4.864952,3.514288
-1.526669,-3.516373
10.317115,12.531710
16.927511,-1.811233
17.029980,-3.920071
22.182444,-4.369953
10.671035,-6.385497
0.848120,2.081438
-5.331201,1.428452
-4.887242,-1.016014
11.973487,3.067503
6.840416,-11.440831
15.332605,6.659812
14.934139,-0.093427
3.099142,-2.515029
22.106949,-4.457492
2.929207,10.455026
-5.011932,-0.584083
15.081605,14.053124
3.218266,-2.638549
11.088464,-6.641229
13.008856,9.136904
4.922688,16.322611
22.163727,-4.376606
5.910877,7.236402
16.891853,10.960032
10.945777,12.540587
-5.188914,-5.263287
8.314496,11.552696
3.727971,5.164515
14.314217,2.102307
-3.889419,8.023333
4.705380,3.641584
11.702740,10.512680
10.927505,12.521611
8.723857,8.526744
17.914167,8.296297
3.143562,-2.589398
0.899661,2.033374
0.246931,0.321550
16.903830,-1.709566
14.234634,-5.197615
-4.343597,3.038893
8.707819,1.317157
14.912574,-0.083846
8.827712,-0.487460
20.076406,-0.009600
-6.598275,2.829440
15.814416,-3.582706
16.485609,-1.617684
-6.908236,8.247752
9.563099,13.322053
8.732835,1.280605
4.881710,-4.774705
6.675957,-11.462930
13.926760,8.020891
10.346280,12.497529
-6.596847,2.829007
22.152529,-4.515651
22.150105,-4.383077
10.053934,12.139326
-2.019516,-2.222663
14.935236,-0.102797
3.152537,-2.579601
11.967090,3.062017
10.624541,2.132598
0.783965,2.143775
1.639518,5.831219
10.511016,-15.749267
-5.187293,-5.265391
22.182335,-4.373487
4.832490,18.885899
4.931788,16.326210
3.925457,-3.999588
8.319973,10.428045
11.958685,3.059267
7.059405,14.129869
14.953502,-0.110518
20.288809,6.421975
-0.209668,-1.834265
14.914817,-0.085660
-0.195878,-1.838875
21.805868,-2.375993
2.528386,6.666560
8.686376,1.318387
4.923452,16.321621
7.138815,-11.350095
-0.202236,-1.744187
8.722139,8.528242
4.834817,18.889347
1.725643,0.574504
22.118511,-4.439295
-1.294654,1.016936
3.163440,-2.585362
10.501339,-6.687313
8.136511,10.482930
8.039645,7.014341
6.974850,5.965142
14.549848,-4.856144
2.930033,-1.842203
10.471913,1.958873
-4.119767,-8.455194
-6.596559,2.824666
17.095457,11.096972
10.537142,-0.239477
11.963166,3.058311
-3.905782,7.994436
-2.037377,-2.215575
11.492794,4.403332
14.114092,3.717123
0.887181,2.042216
7.421621,9.283467
6.360129,4.032338
13.944391,14.685141
4.752326,3.622527
10.748528,12.161786
14.118785,-4.443300
-0.215247,-1.828998
2.002315,-0.696810
14.313337,2.105405
22.153339,-4.397859
4.876376,-4.768510
15.411187,3.337679
18.835913,-0.244560
-5.940318,8.735910
8.293030,15.740911
22.538343,2.882715
-1.508543,-3.532375
4.849806,16.244879
10.740324,-6.322570
10.853754,2.287589
6.668190,-11.475626
16.917503,-1.465230
15.814795,-3.583230
8.752956,1.266273
3.822318,13.234379
14.254435,-10.507312
10.888879,-6.402893
16.912432,-1.471017
12.824511,-6.318954
6.894929,-11.574895
4.819929,3.557257
4.123823,0.740695
15.812740,-3.585330
-6.013471,-3.718356
-6.323024,-3.837585
19.174280,3.988817
18.833073,-0.247728
10.491036,-15.763192
3.925894,-3.996483
14.176895,-10.585765
8.737190,8.539989
-3.942729,-8.323092
10.740491,12.166929
3.583705,6.088717
3.666382,6.210754
14.303039,9.344766
13.937593,14.694879
6.653941,12.530752
5.220425,12.139163
-1.865595,-4.791471
8.693476,1.310324
6.661584,-11.466443
8.683145,1.326194
1.483873,10.065575
10.930886,-6.388698
9.721300,16.104593
6.956267,-11.473554
10.213927,8.015663
10.727850,-0.322848
10.756239,-6.793922
10.648920,-0.238104
14.587871,-4.903592
22.149330,-4.444043
-1.532187,-3.512800
18.132771,9.107928
-2.032817,-2.224787
10.806520,9.749663
9.094830,6.958561
10.789017,-6.622803
10.810346,2.257483
1.709288,9.850200
10.683858,-6.705504
6.905774,-11.572946
8.769519,1.249938
0.470518,-3.656552
8.625564,11.129843
-4.129839,2.830798
7.402079,9.277534
-0.768474,3.573514
5.487735,2.108914
14.292865,9.256907
10.690782,-6.735161
13.939478,14.692774
8.717294,1.298716
14.971078,-0.147991
7.341851,9.252734
16.697350,10.696284
10.723293,-0.259303
12.076242,3.171104
16.917223,-1.459734
14.203523,-10.556999
6.621143,6.525942
14.376663,9.229061
2.914296,-1.862352
-3.978282,-6.129571
0.144387,4.539298
-1.722188,-2.661831
5.187887,12.097379
10.658237,9.746744
10.344178,12.488691
4.860285,3.519977
1.051350,6.641129
-1.862123,-4.790427
15.815956,-3.578467
11.702475,10.512584
9.719002,16.074423
16.529980,10.787276
-1.863878,-4.795479
20.107037,8.099591
6.436523,4.110106
-4.880779,-1.024209
3.704715,5.161647
0.832420,2.098667
5.648395,1.951331
8.777335,-0.531769
3.689108,6.241734
16.837772,-1.559993
8.824141,-0.487077
0.847970,3.410911
22.511454,2.855051
-0.749303,3.588023
19.114161,12.680843
8.714831,1.297187
6.753861,6.107051
10.719681,-0.326448
14.229575,9.098722
6.923460,-11.234131
22.244154,-4.250493
4.685521,3.680741
20.667690,-0.038973
-0.762989,3.581645
22.056879,-4.536333
-1.531296,-3.509898
19.460115,14.199155
19.143669,12.648087
8.777231,1.226996
-0.978781,5.489268
10.816752,12.429535
3.124312,-2.528437
3.150625,-2.560458
-4.062217,0.730018
10.457994,9.641604
20.291124,4.199747
-1.325789,16.108852
4.846143,3.532608
13.934444,-4.742018
19.457962,2.123286
-6.590821,2.825299
17.015472,10.736183
6.548454,4.196903
6.634946,-11.392689
7.276842,-11.261307
4.887598,16.290646
3.094700,-2.484714
14.529635,-4.813817
9.061514,6.948545
14.304358,-5.205610
15.380005,3.369933
12.280457,1.553936
10.670293,-7.211833
-4.085389,2.798610
2.929028,10.459390
-2.025507,-2.229275
10.510177,-0.276878
0.469533,-3.642736
7.627163,17.833899
9.715076,16.089338
4.818800,18.888208
10.500779,-15.757579
10.739335,-0.396655
10.854290,2.289424
12.000985,3.093400
16.757935,10.913184
-4.385121,3.110427
19.456579,2.122909
18.861189,9.894525
17.364513,13.230291
7.995637,16.075752
1.369896,7.062162
-2.136863,-11.667843
0.867406,2.063628
-5.930055,-1.054583
2.236691,4.025845
-0.421562,10.913612
22.514519,2.860986
-0.335114,-5.077472
5.711867,7.185311
6.644519,-11.374487
10.831036,-7.195971
8.675062,1.351522
-3.682799,8.530545
0.904980,6.564811
-2.027795,-2.220078
-4.031727,-8.357343
15.411254,3.335165
14.116644,3.725605
18.836027,-0.244988
16.499716,10.847495
14.862833,-0.054091
0.813167,6.609191
8.826789,1.191727
13.911724,4.375602
10.938914,12.538101
14.409350,-4.646858
13.265103,-1.970142
4.805179,7.313202
19.524990,-7.629158
0.245545,0.311238
10.105884,11.085549
7.878746,-3.015285
-4.862471,5.942060
8.156230,3.192622
-5.280675,1.447485
3.122611,-2.521344
3.853271,6.530162
8.705843,8.512405
10.953593,-7.076281
11.864777,1.407463
3.848443,6.525136
5.930737,14.557581
10.574244,-0.505444
15.413993,3.336800
-4.881579,-1.023003
4.858402,16.256321
15.490205,3.248200
16.701632,11.207861
8.803673,1.210106
6.628927,3.666760
10.702420,-7.332865
10.709418,-0.750541
7.968425,16.167999
19.265612,-3.053157
-5.941828,8.737329
4.894793,16.295069
7.065708,5.674688
-0.743219,3.602169
-2.134673,-11.667198
11.722016,9.044792
0.820900,3.439261
10.940668,-7.087220
-2.139838,-11.670770
4.057782,14.663614
-4.155902,-8.491715
17.686226,4.085829
4.913395,-4.813687
0.515560,-3.529730
6.779908,6.093074
4.000005,2.187691
13.202462,10.087129
14.916892,-0.092171
7.060964,2.468589
13.935718,14.697803
8.023372,7.015318
8.808965,1.201321
1.291005,11.728159
0.460350,-3.657455
20.540443,6.625067
15.605594,5.788535
20.325954,6.445837
-8.007117,-4.495112
4.795352,16.189486
5.381023,6.959356
11.300179,10.111958
10.670366,-6.742138
11.037333,-6.696406
19.456474,2.124319
17.137594,11.110635
3.151430,-2.560421
10.667052,-6.731658
8.046443,4.909918
22.116499,-4.534889
8.145964,4.957818
-4.114663,-8.449994
4.834806,3.529529
22.243189,-4.250175
0.539179,-2.861312
-4.149461,-8.485611
14.970855,-0.129225
14.216480,-10.555376
-1.864339,-4.795382
14.962713,-0.139887
10.792864,-0.736681
3.853382,6.527876
14.424265,-5.153202
0.863900,2.067366
3.580389,6.086675
8.743145,1.269989
11.175807,9.399834
5.397785,6.912561
7.409399,9.273504
-2.008190,-2.210240
6.334079,20.011847
-1.452870,1.364286
10.839828,-0.608930
0.852947,3.403778
7.046419,5.692193
2.303227,4.084101
13.192913,10.080095
8.154537,3.197701
-4.625085,3.326991
16.559933,6.854526
-1.286111,7.646631
14.950403,-0.118809
-0.763376,3.578302
3.149621,-2.570826
10.491859,-15.763339
10.723853,-6.641791
3.176411,-2.580774
-0.759047,3.584304
9.685412,13.184409
6.873721,-11.553922
9.171745,5.622061
0.923045,6.534864
0.640884,9.431009
-6.153093,-1.289320
10.958232,-6.684076
-5.287737,1.453166
-0.745374,10.461206
2.527458,6.664030
-8.007569,-4.493020
12.734332,1.399534
10.541349,9.918645
1.480079,10.066881
14.798534,0.005435
20.124844,-0.011149
11.544302,4.455505
19.457911,2.123359
6.372240,4.024359
14.285808,-5.104265
1.486350,10.064222
6.435745,4.026599
5.201577,12.104391
4.729677,3.611804
5.200416,12.098246
17.013237,-3.903807
16.990200,-3.871400
11.159382,9.420819
-0.213565,-1.776626
-6.015188,-3.717365
-0.246660,-1.805975
-1.867201,-4.787420
8.709361,-10.579280
3.161921,-2.580653
-3.930776,-8.324085
4.902698,-4.835414
16.924719,-1.455038
5.195373,-0.528398
14.926513,-0.091446
8.836891,-0.493407
6.650578,3.643637
5.080983,12.023327
-6.009504,-3.713441
10.891563,-7.053541
14.873774,-0.042811
14.978040,-0.166682
5.182571,-0.494784
14.696560,4.893803
14.939710,-0.108084
4.778321,3.586765
3.150864,-2.561447
4.724256,3.614716
1.060502,6.644601
-2.038775,-2.226966
-2.136420,-11.667830
13.804245,6.846375
5.622944,4.632970
10.516562,-0.268306
5.172376,12.075583
0.919053,2.017210
10.827188,-0.680896
-5.296754,1.453488
-0.209495,-1.835936
-2.828656,4.393915
0.842821,3.418713
-0.202845,-1.835019
4.648166,3.724155
2.213321,-4.990098
10.100252,11.084306
8.686505,1.338985
14.680708,0.152695
9.599174,13.277554
22.518440,2.860125
1.719843,0.576571
3.603229,6.101383
8.725458,1.295694
-1.532933,-3.509379
8.850451,8.632007
-0.212371,-1.850144
10.482823,-15.766355
-0.192607,-1.713778
6.991802,-11.395809
22.513315,2.857562
8.587399,11.190229
0.464202,-3.647611
-4.173617,2.890241
19.328598,-3.031446
-1.330472,7.627707
14.282738,-5.021774
0.235571,0.323743
10.748518,-6.333098
-4.009749,-8.364407
-1.536943,-3.507128
-1.863528,-4.794363
4.004450,2.192222
11.304318,10.113441
8.841066,8.622139
10.719870,-6.308755
-1.424180,1.332644
-0.174571,3.426368
4.123286,0.735737
14.697446,4.890110
7.409445,9.277196
14.348692,-4.983031
9.789875,3.596208
10.625829,9.743083
7.040353,-11.184599
8.691968,1.313712
1.672932,0.624234
14.647968,-4.909586
-2.011492,-2.218889
8.121644,3.400752
10.911161,-6.349110
1.554680,-2.580813
10.226380,8.015102
-5.299643,1.455776
-0.492158,2.098154
4.864401,-8.798002
14.566822,2.218338
18.759310,5.531760
-8.006289,-4.491514
7.405062,9.277392
5.163029,12.081268
19.461864,2.120213
13.660100,5.645209
9.096025,6.961617
22.082518,-4.489410
10.594413,9.593957
4.868519,16.270056
3.160936,-2.578116
11.374147,10.176054
-1.563525,-3.470182
10.602618,-0.250397
8.764196,5.567723
-1.561994,-3.476782
14.376176,-4.597865
5.372362,12.378851
10.746648,-6.290793
10.366398,1.840484
6.105621,6.377133
10.965938,-6.711834
-1.193639,0.865782
10.695409,-6.339031
11.040829,-6.588723
16.673124,11.168708
22.479141,2.822000
-1.530264,-3.511214
0.167506,4.522222
16.642992,-1.924647
21.938992,-4.373060
-2.800321,0.604761
-1.003864,-6.555556
18.827347,-0.251944
18.791401,-0.276784
-1.448197,1.359566
0.456251,-3.660918
8.227123,15.807384
-1.421348,1.330015
15.242409,1.384704
1.291266,11.731524
8.611294,11.193294
20.248926,6.402341
5.686793,1.918236
10.220673,7.991292
0.487417,-3.617125
18.078091,2.006541
0.890625,2.040226
10.750781,-6.694954
5.922267,7.254843
22.071718,-4.490167
0.263564,4.417836
-6.347314,-3.857975
7.046099,2.474873
10.320272,12.492321
5.939495,-1.509453
5.192198,12.095542
16.571291,-2.084903
13.879857,-5.014966
19.439890,2.140241
9.722426,16.084929
16.957962,-1.423576
0.230841,0.339403
10.617846,9.605889
17.914429,8.295362
1.995687,-0.706017
6.166586,9.134425
10.529203,-6.624874
3.581621,6.081726
10.944640,-7.092231
1.587502,-2.557683
8.659673,1.346977
8.186888,10.460308
10.635972,-6.721947
5.867873,1.741907
4.280805,5.617356
11.973961,3.066885
10.723983,12.163135
0.936418,1.994352
17.158520,11.123381
19.886213,-6.244172
16.869240,-1.544256
0.438730,9.326694
14.179523,-10.577514
16.565359,-2.089565
5.191933,12.103394
10.755162,-6.332620
8.085532,3.445033
4.879576,16.275974
-2.611738,0.813346
8.048842,4.908080
5.194210,12.094687
14.173663,-10.586407
10.274367,12.541800
11.973553,3.067241
10.223680,8.006254
0.661756,-2.887239
16.497459,-1.667450
3.149433,-2.564025
-6.310074,-3.847213
8.673024,1.355355
8.844693,-0.472867
8.809010,-0.495439
8.724741,1.296844
8.330961,10.443469
8.756688,1.262733
2.526524,6.666959
-1.098037,5.605941
10.384307,1.858949
11.214377,9.332173
11.986978,3.084485
22.489983,2.837282
0.844778,3.417231
-0.416393,10.951048
6.943988,4.669538
6.890927,-11.559821
3.612835,6.111865
10.557400,-6.565750
16.572290,-2.062832
-4.184366,2.893222
17.422134,10.724093
-0.238901,-1.822653
-4.811132,5.858940
11.223425,9.333323
8.702871,1.319133
3.289544,4.008008
3.189951,-2.613922
-1.561973,-3.482929
7.640182,17.811831
10.632062,-7.088958
-4.052529,2.764965
-6.598361,2.826843
10.576858,-6.682768
11.950003,3.044581
12.809598,-6.281880
5.196670,-0.512007
10.536247,-6.703539
12.095257,3.188975
-4.170685,2.883380
5.069206,12.035423
10.246623,7.981977
0.921058,6.537020
8.154080,3.198308
-6.156461,-1.292867
4.788941,16.167728
7.023327,2.503627
14.113932,-10.637419
8.844518,-0.540620
3.179933,4.853216
14.576998,-4.840112
19.175102,3.989830
10.215584,9.516555
-4.156008,2.877551
-4.874979,5.917336
22.178345,-4.366072
8.591372,5.532083
14.072881,-10.685421
0.631916,9.432055
-6.905862,8.252018
7.011834,5.709460
-4.483296,3.187215
7.640102,17.848959
15.419935,3.328405
4.710136,3.692724
15.408354,3.339190
-0.948102,13.534406
22.138226,-4.402863
1.965681,-5.082087
16.557102,0.280272
4.887906,3.488252
-8.008595,-4.493439
22.091890,-4.501481
6.950013,5.819114
-0.468871,2.109197
5.129069,12.110190
-1.185003,0.854283
3.702699,5.164005
8.889615,-10.372722
5.096303,12.071286
0.101703,0.477533
-4.860642,5.937836
15.504097,3.251835
8.628806,11.149024
18.053452,2.025516
3.144518,-2.558840
6.378024,6.819808
7.970512,15.987607
1.543446,-2.568623
9.713923,16.102816
0.794618,2.125789
5.197554,-0.496655
1.681354,0.615608
10.013888,3.376726
8.759497,1.259864
12.644344,4.429029
14.651339,4.114188
6.119725,-0.211599
3.854672,6.528799
14.399355,-4.626477
8.153941,3.199760
-0.320630,-5.050498
8.699168,1.314054
-0.169897,-1.771257
19.177952,3.990783
7.094663,-11.352095
8.778414,1.241756
-2.136678,-11.667459
10.021743,16.503225
10.746833,-6.998789
-0.729862,13.922565
3.853386,6.532436
3.702448,5.165155
0.885429,2.048393
6.878627,-11.135458
6.104892,6.375034
0.281139,0.286309
-6.123619,-1.252194
18.017937,2.056370
15.175041,2.297369
2.929635,10.531206
8.702532,1.322537
8.749469,1.270405
11.984616,3.085397
13.165960,10.063192
8.330736,11.536111
6.112992,6.372172
15.408593,3.335324
10.604555,-7.038232
4.116143,0.728100
5.405498,12.414097
10.850288,2.285427
10.561737,-0.249231
-0.000204,6.441328
10.845753,-6.363227
6.807673,-11.589448
-0.382407,-5.037831
12.660528,4.440110
6.841179,-11.178792
10.686446,-6.364615
7.365175,5.169493
13.149944,10.053697
14.772447,7.804291
12.882422,9.841631
2.927457,10.483872
0.848032,3.418358
8.592334,11.190863
0.885365,3.409724
16.892071,-1.751196
10.811771,-7.193086
0.629438,9.431086
15.113301,12.441077
16.909580,10.659177
5.133389,4.637411
5.379593,6.964141
0.820521,3.445530
12.808710,-6.295008
-0.207441,-1.729110
5.407195,6.945549
9.077439,6.940578
10.796892,-0.601556
21.822102,-4.444856
2.301130,4.083309
3.167175,-2.580005
2.062422,1.779151
6.108066,6.367498
-1.456025,1.357776
-1.096166,13.493590
6.432197,4.054557
13.947685,14.685170
-6.157865,-1.294795
10.654714,-6.425016
6.956411,4.685343
18.131458,9.118512
17.705328,4.071879
0.252863,0.308706
0.845807,3.407602
5.618318,8.693862
10.805100,-6.264509
6.377448,6.830321
-0.642307,10.610707
4.776528,3.600268
13.176883,10.074612
-4.843905,5.946871
2.287193,4.070987
12.819495,-6.305118
12.824630,-6.310737
18.058668,2.022625
12.824090,-6.310681
10.628529,-7.153111
10.220298,8.006804
10.500054,-15.762012
7.412305,9.281049
9.614422,13.269240
8.669366,1.320797
-4.010232,-8.343308
1.536272,-2.594391
10.796178,-0.289888
5.194455,12.154554
10.223215,8.014062
14.550989,2.211512
-4.159563,-8.491639
-1.278045,0.991677
10.748405,-6.325088
17.128847,1.974143
-0.229458,-1.791958
0.237418,0.318136
14.113864,3.728101
20.080334,-0.010192
5.067253,12.033786
22.112009,-4.449448
1.735980,0.556893
15.493429,3.249122
-5.297977,1.454632
10.569343,-6.586821
22.150402,-4.389211
4.861153,16.227814
7.494266,15.579967
6.377420,6.837783
-6.001260,-3.712701
-8.007511,-4.497904
14.013017,-10.739393
10.844246,12.435596
9.116335,6.974907
7.562175,4.405097
0.167954,4.522765
14.121414,3.726295
9.682148,10.193447
-2.142542,-11.672759
11.093252,8.657966
6.380903,6.826355
18.132975,9.107071
8.846530,1.166628
-1.247312,7.660459
5.115727,12.097782
10.516076,1.979023
14.694044,4.893311
15.547845,3.215050
14.683300,-4.786629
10.797037,12.313848
11.467115,6.193811
15.113117,12.441692
6.608752,6.531323
10.610579,-0.427871
-4.271784,2.968053
-2.037060,-2.224241
14.693250,-4.836584
19.174492,3.989585
19.497749,4.486048
1.756808,0.544477
14.699015,0.129782
-4.596761,3.299306
0.171815,4.523815
-0.187523,-1.769052
10.497188,-15.761390
5.087274,12.017058
8.281015,15.729545
5.137767,12.070058
0.260875,0.301193
5.262563,6.846172
5.078335,12.032156
8.501698,1.590503
6.108060,6.375670
5.086246,12.060132
16.516552,-1.571475
4.909245,16.304712
10.539686,9.908372
8.591562,11.192644
0.240409,0.321741
1.730364,0.561446
14.697534,4.894050
7.013871,-11.366113
3.175517,-2.599513
10.524356,5.162724
10.805755,-6.314532
10.510692,-15.749491
6.788557,-11.534182
-0.105093,-1.909353
10.224993,8.013874
5.184541,12.087806
11.182277,9.342416
8.327870,10.512834
-2.033045,-2.238552
13.935410,14.698418
14.348483,5.568671
21.982246,-4.317506
-6.905084,8.252844
11.990352,3.083438
-1.191178,0.858285
18.061680,2.021097
-6.296283,-0.947055
10.692744,-7.352706
11.977618,3.071676
-4.080662,2.794976
10.657423,-6.817370
16.471769,10.891849
5.335400,10.163457
7.610056,17.849636
-6.605594,2.847838
2.060779,1.778983
5.183004,12.163943
8.692216,1.318094
2.922867,10.475111
15.390611,3.353792
5.871973,1.741705
14.335430,9.344555
2.895689,10.470890
21.859884,-4.429839
10.824047,-6.599622
0.881221,2.051848
0.267328,4.408725
8.502021,1.587260
5.186168,12.173330
20.254169,4.114835
19.496540,4.486852
13.838484,6.881804
7.418296,9.272446
3.182150,4.850429
3.602755,6.095119
1.555904,-2.572693
8.761652,1.251742
12.463736,5.018502
9.760428,13.101466
21.913824,-4.442172
-8.007391,-4.495017
2.535408,6.665400
15.815030,-3.581712
10.206029,7.992118
10.338281,1.888083
5.195351,-0.510791
8.335639,10.449771
14.845398,-0.020933
10.792135,9.749328
3.358194,8.422783
8.694444,1.316798
7.407181,9.234628
-1.114650,13.514653
14.117993,3.727764
-1.283376,7.649374
-5.986560,8.783195
7.062040,14.131065
10.754599,2.242992
3.715703,5.171277
-5.012020,-0.583464
-6.909287,8.244617
16.578606,10.483996
-5.943722,-1.068248
-2.778998,0.629998
8.515245,1.573991
7.090484,14.133394
6.901577,-11.552795
-1.180753,0.846631
10.890419,-6.679416
4.926282,16.325619
8.821424,-0.489562
14.237952,-10.522485
18.081694,2.002487
14.267516,-5.091144
6.112096,6.376670
13.750102,-4.896472
10.531504,-15.727871
15.329092,6.661353
8.591258,11.187844
6.727816,-11.530708
7.886194,-3.053319
-6.602072,2.834888
12.567990,17.091490
8.662186,1.345571
10.198669,6.868911
13.793571,6.840137
7.560220,4.408014
22.057096,-4.514655
19.352978,-3.095979
-4.068544,0.731754
3.849626,6.522411
10.740787,12.139424
10.210274,9.514221
-6.014628,-3.714954
4.863386,16.255190
0.416933,-7.624763
10.814572,-7.206613
14.975083,-0.166296
10.810643,2.257808
10.116455,11.070139
3.145344,-2.560934
17.679087,2.319131
14.201153,-10.559169
-0.742480,3.594272
3.091140,-2.491748
10.704294,-0.364635
0.095288,6.529955
10.677898,-0.296664
10.793945,9.745129
0.896040,2.033903
10.688381,-0.346381
12.257459,17.357750
5.084421,12.035792
-0.745046,3.592880
-6.569121,2.801702
9.607194,13.243137
4.862833,16.252859
8.789808,1.280711
8.710384,1.307560
7.415621,9.279642
18.810522,-0.270164
5.393601,12.394189
6.825993,-11.379694
0.241354,0.318639
-1.447092,1.354625
-0.747623,3.591966
8.156082,3.219184
-1.122487,13.520799
8.769087,1.254624
-1.530566,-3.508956
8.606951,11.164041
6.348265,4.039051
-3.901178,8.004423
3.929162,-4.001615
10.520612,-6.705420
1.355773,6.921604
19.446495,2.135996
8.157679,3.199098
-2.553009,-3.246534
6.820506,-11.563199
20.347820,6.469538
-1.098397,5.612992
16.647869,-2.013446
7.414178,9.279840
7.411507,9.280874
7.395834,9.267378
3.148964,-2.563890
-0.771667,3.563189
6.812617,-11.517146
7.640110,17.865248
-4.238445,2.950217
3.999864,2.189500
7.408693,9.274264
6.377003,6.719748
5.626931,4.633749
4.969207,17.621931
6.909102,-11.520761
10.636654,12.326128
-4.110881,2.823508
13.943252,14.698460
22.217569,-4.346621
-0.231465,-1.793909
-1.281696,7.649612
-1.531743,-3.512965
22.213226,-4.344266
4.866244,16.258051
13.937556,14.698138
4.735996,3.613064
10.212922,7.997759
-2.141044,-11.672543
4.856339,16.251795
-1.269634,0.963595
0.898736,2.033514
13.870378,4.405716
-4.127078,2.835212
13.933938,14.699271
11.079710,8.652002
8.773396,1.230692
0.849596,3.401055
5.046249,12.017178
14.694908,4.892157
16.557251,0.283576
10.735090,-7.125882
-0.222414,-1.814659
10.780108,-6.350468
7.405345,9.274804
-1.575333,-3.466812
10.522115,-15.737917
6.688144,-11.516537
5.411934,6.952285
-1.721451,-2.656353
-2.031823,-2.233315
12.827106,-6.313601
14.319186,9.335671
8.587006,11.187391
1.491847,10.065845
-4.126617,2.849367
10.487211,-6.629219
8.676174,1.334705
16.896954,10.781192
7.176188,5.887905
6.551022,4.199329
-4.850889,5.947629
12.827770,-6.319446
18.822777,-0.257451
-4.054531,-8.383518
13.895428,14.735796
-0.717199,3.618415
-1.726614,-2.664847
-4.103520,2.819309
8.594299,11.184457
13.905529,14.729391
19.112680,12.684134
22.085430,-4.497909
19.134132,12.659806
10.528752,-6.754066
17.321306,5.541593
5.173108,12.097524
-6.143106,-1.278918
16.746666,10.895193
10.896330,-6.413697
-8.007928,-4.493723
14.419170,-4.562962
8.820590,-0.492907
14.318731,9.334535
4.812402,18.908216
10.603069,-0.317284
0.734489,-2.080290
14.984966,7.899287
15.409073,3.340242
-0.207813,-1.734591
10.977957,-6.637751
-2.019030,-2.217224
6.842360,-11.520727
7.190897,-11.441746
-1.112981,5.127080
10.225022,8.010962
7.396741,9.269996
-6.141760,-1.281009
13.795701,6.840231
-6.589419,2.823138
14.644888,-4.813217
4.806101,18.901564
10.916615,-7.198938
4.882318,5.880389
8.065252,5.034155
13.171368,10.066351
8.328771,11.535263
10.971563,-6.627975
3.102043,-2.532180
7.267082,-11.429436
6.947191,-11.360280
11.014128,-6.662717
19.458857,14.199158
-1.268681,7.666486
7.065553,5.676163
-4.155797,-3.950679
-0.237182,4.818174
5.250223,6.836360
10.217793,8.005069
-1.324386,-3.659734
5.923334,7.262220
11.457051,6.164876
14.696611,4.893928
0.484669,-3.627452
14.339520,-5.092084
0.856791,2.075664
9.096910,6.958554
17.090797,10.815454
-6.050587,-3.754560
10.512922,-15.745747
17.913231,8.290956
-0.240126,-1.796417
2.935372,5.318235
20.254156,5.471194
14.542277,2.207020
-5.293867,1.454883
10.878144,-7.120835
10.501668,-15.760531
15.810783,-3.581247
16.931952,14.520575
10.928087,12.517838
14.113791,-10.642324
10.962636,-6.442997
22.047712,-4.477474
-0.750625,3.590233
16.870874,6.814495
7.044721,2.487609
10.544163,-15.718012
14.283958,-5.188402
13.108748,-10.964980
22.518074,2.864253
10.568300,-0.295771
7.403480,9.270485
11.221185,9.951498
0.900158,2.031569
4.916408,-4.807621
-1.890932,2.796137
-1.470710,1.373268
11.197383,10.035570
8.801604,1.239853
5.410917,-2.936912
22.010090,-4.238432
22.051910,-4.419439
0.870022,2.064850
14.895514,-0.083744
13.888394,-4.746054
22.252459,-4.249692
7.943474,15.961946
14.978261,7.889044
8.776076,1.227896
5.336378,10.175127
0.855077,2.060324
5.251218,6.828080
-3.854484,8.069251
22.513144,2.858955
-6.008008,8.804555
5.316591,12.281285
14.246272,-10.504554
19.458836,2.124424
10.880562,-6.997683
11.582573,4.490918
10.871014,-7.127429
-0.330655,-5.067922
19.443903,2.137603
5.263885,6.844603
19.453373,2.129045
20.250826,4.092924
0.392523,-7.643982
4.723191,3.625189
-4.250793,2.970817
0.822263,2.121904
5.403773,6.925646
-1.113750,13.518982
10.843700,-7.180384
0.940618,7.085827
-4.156217,2.874049
16.870735,-1.559939
8.765428,1.249840
3.178089,4.848119
13.915320,14.716997
6.360153,6.811000
11.704888,9.062713
14.708611,0.116004
5.359391,12.370861
4.119720,0.738868
5.343966,6.909814
-1.749666,-2.639872
5.293617,6.873550
6.996780,-11.318170
-5.984199,-3.692138
7.115672,-11.470004
4.883696,16.284922
1.954518,-5.079348
-0.747673,3.599179
5.320371,12.262148
8.619173,5.560454
10.896915,12.489827
-6.600850,2.828706
0.827382,2.106046
22.510078,2.863780
8.791053,1.222311
3.139304,-2.485522
-2.020737,-2.214879
12.195841,6.732992
-3.301377,6.398442
-3.301163,6.398494
-4.193838,2.926306
17.035482,-3.927558
-3.311655,6.399494
8.006230,6.997659
19.454473,2.126127
-0.208586,-1.725794
12.288774,6.677239
8.816556,8.605612
10.216277,8.017969
10.714473,-7.315121
14.703471,-4.843958
20.247091,4.100814
9.713018,16.068455
22.224995,-4.324783
-3.902963,-8.273327
2.610515,1.265801
10.724136,-7.211839
-2.763051,0.652730
-6.148488,-1.285353
-3.976120,-6.124887
13.184601,10.084947
-0.634358,10.613578
-3.300148,6.390537
-4.243719,2.936316
9.609411,13.272269
10.791940,9.753704
0.848663,3.405406
0.922580,2.009000
16.854095,-1.532492
0.873981,2.058352
11.977837,3.075294
8.787653,5.552346
10.502726,-15.755382
6.745691,-11.502283
4.760370,3.602785
3.851335,6.526928
13.946355,14.690251
14.608611,-4.767263
-0.180905,-1.738269
1.668802,0.627442
-0.642396,10.611657
10.988055,-0.571506
5.051417,12.027280
0.827676,3.459731
-0.229303,-1.779215
10.056847,12.134386
4.854035,1.244543
8.250813,15.789089
0.860283,2.075005
8.034783,11.425504
8.572040,11.190172
-0.213803,-1.854993
9.018522,-10.252789
-6.020329,-3.717170
7.414661,9.289963
2.915078,5.335427
16.435244,10.879356
10.802812,-0.614767
7.924448,3.834178
4.778281,7.324497
0.617185,3.998214
6.909056,-11.590187
4.881111,5.881627
10.936858,-6.670200
10.506650,-0.376552
-1.289168,7.644479
10.775686,-6.311646
-4.099551,2.812780
14.313278,2.106076
-0.800907,3.547269
10.563699,-6.580644
-4.132021,-8.464556
7.394893,9.265763
12.474041,5.027831
14.097445,-4.449856
-2.495454,-3.123862
4.834088,18.932417
0.846461,3.414687
-6.307278,-0.944513
10.767840,-6.330492
10.747710,12.165496
-1.017810,-6.553368
21.900179,-4.413037
-4.901403,5.967441
3.805235,13.211427
4.879637,-4.765920
4.831534,18.912308
10.498079,-15.764756
12.795776,-6.280685
19.135859,12.656585
8.807774,1.217599
6.651177,-11.430811
0.077322,6.535712
6.648886,-11.441373
12.770653,-6.253637
8.808275,-0.496969
21.882191,-4.403488
3.180769,4.845153
-4.151867,-8.483991
4.635852,3.740179
22.232622,-4.321882
22.099171,-4.497419
-4.069495,0.732851
-4.024671,12.065943
12.458520,5.023952
10.497475,-15.765998
10.849685,12.438018
5.109095,12.097021
18.828650,-0.252247
5.373896,6.888287
10.817947,-6.290612
7.799852,15.779441
14.372837,-5.186100
10.740713,-6.341240
14.866027,-0.045170
3.232939,3.966328
5.925315,7.252200
10.767709,-6.397257
7.225761,-11.477843
0.958454,1.973928
19.357113,-2.976086
4.837975,3.530375
0.296516,0.274920
-0.338848,-5.067924
13.175893,10.077744
-4.865831,5.923909
14.914664,-0.088045
0.772397,2.169857
3.180625,4.846361
14.724054,-4.894013
3.933712,-4.006289
6.882211,-11.346655
10.724605,-6.459365
16.881557,-1.535265
-1.509013,-3.532829
0.867182,2.064080
0.847130,3.400759
17.274374,10.772845
19.885336,-6.243276
2.982966,1.729793
10.557172,-6.626944
6.679515,-11.458405
1.141884,-6.404818
0.508012,-3.605950
8.590333,11.189406
4.123844,0.735725
3.144893,-2.547886
12.875661,9.842827
8.762406,-10.492386
14.878992,-0.052714
6.957181,4.680487
0.823206,6.613263
-1.271582,7.649431
1.560026,-2.573104
13.912807,-4.727055
10.578251,-6.548921
0.882883,2.049586
12.566733,17.092155
-6.604622,2.836870
8.733931,1.286973
17.359764,13.229598
8.712673,-10.575619
8.658097,1.351061
-4.063514,-8.390187
-0.234669,-1.803219
7.057396,2.459887
10.362037,1.851653
15.328585,6.662531
-4.890222,-1.014167
10.957758,-6.500401
5.207393,-0.515015
9.574481,12.195390
14.179729,-4.554184
19.885008,-6.243715
3.845877,6.523833
-4.071279,-8.401766
8.078675,5.028321
17.014492,-3.892799
13.182977,10.076168
8.017229,-3.457880
10.897030,-6.722750
3.704392,5.162865
5.333079,10.163502
4.119955,0.738631
14.693714,4.891793
10.911823,-7.085217
0.849641,3.412029
20.515041,3.406737
0.863913,2.070078
14.119007,3.727059
0.368653,-7.680679
17.005615,-3.884148
-1.310892,7.616997
7.930954,11.315029
14.977365,7.895430
10.528600,-0.288665
8.814352,-0.491994
8.728410,1.283169
22.107887,-4.441310
-0.651475,10.601980
-6.178801,-1.300390
18.835293,-0.245910
8.844014,-0.505267
-2.020615,-2.216708
11.522014,6.916749
-4.283653,2.978985
15.408514,3.341493
21.879894,-4.399070
0.878885,2.055981
13.967855,14.665157
14.105881,-10.648936
19.133177,12.661411
10.376840,1.851964
8.725155,8.525919
0.238715,0.333997
19.462683,2.119276
8.763553,1.225948
10.647509,-6.672445
-4.271192,2.976351
-5.975647,-3.694346
4.213263,0.680770
0.899974,2.032576
4.890848,-4.772128
5.051121,12.024220
11.587604,4.498830
8.797481,1.226939
8.717613,1.298978
3.859307,6.539541
22.253721,-4.306989
-4.100506,-8.431754
10.727283,12.335286
10.708654,-6.339859
7.943929,15.987083
18.803904,-0.272177
10.986284,-6.564747
7.385429,9.261199
-4.158570,2.879156
0.462162,-3.655180
8.838984,-0.475753
14.314459,9.326644
7.937163,11.315184
7.082574,5.682449
0.245037,0.315638
-3.980708,-6.132604
-0.249933,4.822351
-4.037638,-8.362599
7.559283,16.997044
10.902599,12.496083
13.927829,8.018231
10.883109,-6.598847
10.822121,-6.354265
0.912773,2.017930
4.738885,16.123108
-4.197299,2.920855
19.378622,-2.933093
11.064855,-6.669163
4.825404,3.546906
14.507153,-4.946412
10.725154,-6.332719
1.556464,-2.575056
5.741504,8.617593
9.088790,6.960519
3.109339,-2.461491
14.109968,3.727528
11.036687,-6.646172
19.363171,-2.963030
-4.208424,2.901797
5.055879,12.035378
0.857660,3.413286
4.909768,-4.765316
0.491403,-3.622836
9.837517,5.877487
0.886456,2.045614
10.235345,8.006831
8.420838,10.362026
-1.529974,-3.511495
-1.527877,-3.512693
-5.938851,8.734163
4.121934,0.735887
17.036747,-3.918119
4.807657,3.598699
-4.067866,0.731738
4.752274,3.595128
0.884663,2.048163
14.921197,-0.088565
0.912395,2.016813
10.680285,9.448761
1.972893,-5.019435
-0.952583,5.335248
10.631062,2.138282
6.882713,-11.566462
7.390016,9.251719
4.845196,16.241396
13.969029,-4.755713
5.388540,-2.609692
0.801324,2.119936
6.821541,-11.477749
0.173003,4.518321
9.697212,13.170013
9.848740,16.196440
19.886845,-6.242745
1.959089,-5.081635
14.771885,7.800243
20.110006,8.109490
17.015333,-3.895537
6.901170,4.607671
4.763667,7.338782
10.498507,-15.763716
21.761280,-2.325510
5.633102,4.631648
-8.007941,-4.493494
-4.125646,2.840309
11.045123,-6.612845
10.751454,-7.237307
9.095933,6.957278
1.645836,0.650894
14.349477,-5.055990
-4.026333,-8.349709
1.756509,0.541638
-2.139687,-11.671275
10.384645,1.821323
20.411606,6.462116
10.406958,1.879653
3.239070,3.950490
19.885494,-6.243296
10.741516,-6.691888
20.271532,6.411064
6.972028,-11.416253
8.711638,1.302916
-6.307326,-0.945066
13.186912,10.078735
1.957898,-5.072796
17.911682,8.296321
11.539659,4.456383
3.738730,5.166099
16.831306,6.760227
10.788800,9.754179
8.697399,1.316367
3.741683,5.167101
-6.908069,8.248400
8.822614,-0.487636
7.405017,9.280809
0.877780,2.054372
4.949477,-4.804588
8.727851,1.282376
8.118409,7.193701
0.492987,-3.609740
-1.024370,-6.550023
18.746777,5.545237
11.222042,9.337473
10.631649,-6.710051
2.925884,10.520645
13.162313,10.050820
4.798195,16.185623
20.105791,8.105471
14.708710,0.118252
8.504585,1.583884
10.730597,-0.763018
6.378290,6.836687
5.150678,12.137003
-4.176216,2.901152
14.179217,-5.076794
-0.187310,-1.797412
0.897027,2.038368
14.898714,-0.100237
-4.017108,-8.347643
-1.256701,7.663402
7.247497,-11.478635
-6.147483,-1.284589
5.063510,12.028156
19.502974,4.486705
10.650756,-6.716712
8.596488,11.186896
5.313821,12.221648
6.312985,8.973026
0.855432,2.065793
-4.264752,2.961900
-1.099643,5.613197
6.355278,6.833967
1.727671,0.565366
-4.465186,3.172157
-4.178729,2.900974
3.183962,4.853007
10.511121,-15.747911
20.309769,6.409200
10.678457,-6.755453
10.777927,-0.707336
-2.801800,0.602430
-4.025970,12.064488
4.046708,2.232022
-0.328478,-5.077106
14.976001,7.898046
13.185165,10.076536
6.876133,-11.235908
10.539680,-0.292976
3.545362,5.066273
1.491016,10.056025
15.169361,2.279717
3.076967,-2.484308
10.721615,9.807109
10.097894,3.441375
0.845419,3.412666
7.952501,15.973524
8.740254,1.278419
18.787109,-0.275318
-6.309800,-0.946943
3.860822,13.270540
2.290186,4.074432
14.615939,4.129512
10.819299,-7.083109
18.457535,-5.134916
0.866553,2.066371
-1.112050,13.521351
4.745387,16.140905
15.414900,3.335842
3.617126,6.120723
13.190652,10.089459
-5.987529,8.783505
4.649380,3.717416
20.575779,6.588996
2.532132,6.662629
7.151515,5.884501
-6.158323,-1.294300
10.861129,-7.152612
-1.278627,7.644801
7.291127,-11.412377
5.457574,10.046167
6.111836,6.370884
7.208883,-11.490722
14.309138,9.307568
-0.218067,-1.745361
-0.720158,3.591490
18.833828,-0.246644
-0.656920,10.591562
1.055181,6.290838
7.146720,-11.518940
0.768656,2.191352
19.534414,-7.625141
-1.861283,-4.793456
4.846457,5.849290
7.396511,9.272390
13.209932,10.036514
6.375660,6.828163
0.890979,2.039388
3.036908,5.289781
-0.343951,-5.057557
0.813949,2.121819
10.706733,-0.774736
5.604134,4.631868
5.693610,7.189706
5.272138,12.262959
10.624941,-7.145172
8.839755,-0.477858
5.325104,6.904569
6.383222,6.822250
2.269003,4.051611
12.795912,-6.280079
6.690070,-11.433721
14.663230,0.164902
0.754302,2.178475
6.747426,-11.532249
13.794741,-4.875202
11.978522,3.074244
5.248773,6.824934
-1.262312,7.654270
13.173785,10.072034
3.843257,13.259939
10.645253,-7.170284
-0.201863,-1.733561
11.194648,10.037536
13.889672,14.737386
2.255522,4.031635
10.624751,-0.615295
14.322090,9.336722
-6.107516,-1.233575
5.439158,12.416131
12.830811,-6.317170
-1.436700,1.347696
-6.156422,-1.292426
-1.624836,10.745568
-3.983892,-6.120457
13.636208,5.618023
0.755350,2.187160
3.857569,13.267941
19.501562,4.484229
13.122766,10.034692
-4.897054,-1.008261
14.903930,7.078156
14.821382,-0.004398
-5.913844,-1.033531
12.820281,-1.682230
10.388782,1.855399
19.454483,2.128310
8.794407,1.218288
3.572213,6.072149
8.591664,11.189057
6.105653,6.375850
6.891531,-11.571578
7.017344,5.624540
20.273064,6.410686
8.068613,5.049771
12.470180,5.021706
5.410455,6.892290
22.511480,2.858217
8.820158,-0.492115
7.171379,-11.271955
5.428391,10.083794
-3.297200,6.399237
0.885926,2.044929
-4.087407,2.800166
21.866938,-4.444304
14.295310,-5.090549
12.829108,-6.320398
0.269801,0.300167
-5.279572,1.450423
-1.532841,-3.510364
14.312310,2.103917
6.371316,6.841502
-0.170660,3.426275
13.169780,10.069547
-6.606667,2.842532
10.489031,-6.667702
12.095927,3.192470
5.240659,-0.513269
5.134321,12.095488
-6.587386,2.816980
4.815273,18.910101
11.977150,3.073244
-2.582308,0.848461
6.613329,-11.443172
-1.861947,-4.792093
12.301088,6.674192
11.977950,3.069743
1.745136,0.540572
-4.003952,-8.318283
4.880015,3.523324
6.089290,6.396750
14.842164,-0.029327
19.459204,14.201348
11.556506,4.463718
5.898344,7.277461
16.112869,14.274125
18.834297,-0.246208
22.301348,-4.232003
8.595172,11.191803
-8.006495,-4.492648
-4.849716,5.950444
7.193223,-11.495891
22.071505,-4.568639
-2.550947,-3.251092
-1.895679,2.796303
16.756643,10.875238
11.079437,-6.635763
10.022401,16.512192
3.162907,-2.553181
11.960788,3.058859
6.631872,-11.424902
-0.300292,-5.113481
10.212914,8.015626
-4.020506,12.070188
4.920108,16.320192
0.909024,2.024620
1.751289,0.541820
5.926118,7.263331
5.336178,10.190652
12.779881,-6.264625
5.428547,12.443975
20.691212,1.433827
6.975540,-11.292222
22.199913,-4.354015
4.723157,3.624596
19.338881,-2.979276
-1.229068,7.690173
8.080751,5.033288
4.877326,5.879628
4.001057,2.190962
13.187731,10.091318
15.524907,3.244890
-3.900224,7.998551
11.532680,4.453247
-4.859190,5.943069
11.469071,17.075195
4.754639,16.151409
8.712243,-10.498988
19.452682,2.129647
2.918953,10.484544
-2.021466,-2.225883
16.915577,-1.840380
8.700850,1.313944
6.906209,-11.210749
8.744940,1.267685
9.113576,6.969875
7.449252,4.992795
8.716973,1.296916
6.868801,-11.283188
10.993207,-6.619156
3.583935,6.084201
5.188390,-0.493926
10.619888,-7.172483
6.344136,4.052310
5.343262,12.345972
11.466762,17.078524
6.377552,6.827169
6.735053,-11.460364
4.805688,16.207617
-0.218070,-1.783194
4.814128,18.905472
1.722882,0.573336
16.390703,0.738857
4.732544,3.623529
8.763318,1.250884
10.884656,-7.129788
8.703051,1.312907
0.900788,2.035045
16.827557,6.745653
6.900440,2.434860
0.927263,7.008835
11.526052,8.184920
5.975201,7.227785
0.946603,1.984735
5.381380,12.369836
0.614605,3.997113
14.209020,-10.546080
1.498749,10.049225
10.507288,-6.677874
11.896414,3.085528
10.764508,-6.324643
10.746864,-6.312932
9.719732,16.075548
5.425452,5.587264
0.822102,2.103889
2.288218,4.070930
20.292023,4.186497
-1.512275,-3.531268
0.955435,1.981618
10.478001,-6.663310
12.734904,1.401009
16.576620,-2.085721
-4.021833,12.067429
1.683713,0.618423
3.665028,5.134693
-0.323106,-5.068325
10.490397,-15.766356
4.687048,3.661742
5.055305,-8.654613
10.770826,-6.342755
10.895193,-6.431831
4.123609,0.734865
-1.528191,-3.514118
10.683261,-6.644125
13.002575,9.173508
20.697306,1.429066
4.950841,16.350042
-0.179421,3.429587
5.619497,4.624590
0.838569,2.095345
11.700605,10.507751
4.832324,3.544555
6.186735,6.500669
1.035597,-6.500156
-1.321651,-3.664308
7.957123,15.979205
14.877786,-0.057472
5.618556,4.633904
-0.480826,2.099144
0.466015,-3.662619
-1.444943,1.355660
19.498331,4.486022
-0.620718,3.723307
22.513208,2.861171
-1.264432,7.652806
0.263451,0.308303
14.352660,-5.234419
6.681967,-11.457385
20.678684,1.393682
6.827935,-11.545249
5.973083,7.262707
2.283641,4.064673
14.266042,-5.219825
3.159935,-2.534429
6.953933,-11.504084
8.819519,-0.491041
-4.017538,-8.335254
6.627957,-11.414369
11.976868,3.070680
22.251116,-4.381895
-0.324134,-5.055340
8.730718,1.286933
8.502790,1.586359
5.199971,12.158058
22.094973,-4.508008
-1.183809,0.854993
12.795506,-6.279075
5.619392,4.625227
-4.011226,-8.338641
-1.749622,-2.640779
14.448281,-5.082686
12.781441,-6.265649
7.097052,-11.432376
5.621946,4.627331
-6.324063,-0.915850
-0.738469,3.600683
4.769203,16.162062
-5.996190,-3.708792
21.867973,-4.443816
10.619972,2.124360
1.417045,6.902347
0.390292,-7.651228
19.349592,-3.275789
0.897365,2.035921
11.506838,4.490209
8.707001,1.300745
0.887623,2.038166
5.054631,12.034534
3.121510,-2.524055
13.895775,14.734306
9.763494,13.098955
21.925682,-4.411969
2.908028,-1.860204
-0.389070,-5.034054
16.918665,-1.820056
-6.908043,8.249000
-5.264442,1.473066
0.448273,-3.674925
6.954012,4.678655
12.841255,-6.316976
8.739190,1.300254
-4.864061,5.904221
19.449566,2.132237
5.753498,8.623269
15.585878,5.776225
4.901502,17.707504
-4.123610,-8.457094
-4.935012,-0.920936
0.204729,0.365429
8.830169,-0.485542
1.720358,0.575818
10.526597,-0.283552
-0.303786,-5.107645
-8.008503,-4.493709
21.765558,-2.329752
6.373871,6.835368
0.839257,2.089814
0.609325,14.748453
0.926493,2.010815
4.654293,3.639956
4.837262,3.541318
14.316210,-5.094639
19.443342,2.138093
7.400961,9.271114
-4.297232,2.993304
-4.563113,3.265928
11.570267,4.475162
10.723283,-6.722299
-0.213417,-1.763505
3.067797,0.361547
12.819587,-6.306190
4.870664,5.870355
6.379050,6.827652
3.817262,6.469894
-4.159307,2.881930
7.030129,5.693410
6.827001,-11.295712
10.839233,-6.623723
5.917971,14.561434
14.883079,-0.059053
10.532782,-0.284777
13.804780,6.847708
3.130800,-2.521209
16.833944,10.963818
14.558335,2.213125
10.759964,-6.331012
-1.524561,-3.517901
8.589355,11.190717
10.224739,8.004019
8.739554,1.274631
-6.024343,-3.720120
-0.418909,9.932292
16.463026,10.872865
14.120830,-10.637331
8.776859,1.232939
7.866684,11.425998
2.927545,10.521836
10.842024,-6.542556
0.247070,0.310885
-8.008141,-4.493379
5.483473,-2.551599
7.412086,9.242405
-2.044091,-2.239670
-4.271904,2.968250
-6.050835,-3.691430
6.716075,-11.482823
0.275656,0.295199
5.192848,12.099732
-6.020922,-3.717304
-6.016998,-3.714852
7.487677,9.366089
14.288982,-5.068009
11.531331,8.181764
7.826567,15.742131
6.572493,-11.371474
6.907564,-11.198363
11.047514,-6.591274
7.021194,1.101660
5.206223,12.210431
19.884235,-6.242249
16.569971,-2.089244
-0.960905,5.339140
20.695892,1.429791
19.135946,12.648431
0.889270,2.041309
17.027370,-3.913619
9.528329,12.195315
17.883461,-5.792236
8.137926,3.213870
8.767735,1.251856
9.699909,16.049326
15.835371,-3.561915
-1.149733,13.518059
1.714611,0.585375
8.815891,-0.494873
17.688280,4.085430
-0.297431,-5.121272
16.890533,-1.529472
13.034569,9.087893
-4.281106,2.963670
8.810354,1.201333
22.071077,-4.512750
0.908978,2.022181
-5.991579,8.788787
16.832670,6.768832
-4.050415,-8.378037
12.827592,-6.316009
10.511576,-15.747450
14.474186,2.165740
10.875183,12.482082
2.919780,10.484200
20.132877,8.139537
1.294434,11.727297
11.525593,4.476576
-0.382123,-5.066656
4.861502,3.520478
-0.299524,-5.113050
0.804826,6.597624
16.580236,-1.698768
8.844077,-0.476726
7.403294,9.272000
3.278121,10.551629
-0.239814,-1.795315
-0.202512,-1.747413
16.564178,-2.097523
22.237154,-4.327507
19.333921,-3.046959
-6.908279,8.249211
22.511972,2.858413
12.818290,-6.304792
4.687123,3.677597
6.965288,-11.531729
4.871460,16.266336
4.789870,16.183634
10.517554,1.983812
18.612675,-0.380879
20.065134,-0.008071
-7.983272,-4.478654
8.825988,-0.486184
5.264391,12.202763
-5.188003,-5.263002
8.766959,1.249431
7.406504,5.066728
-2.033368,-2.229393
-1.308908,7.634079
22.043142,-4.541681
5.908700,14.566505
8.722362,1.291327
10.323842,12.491344
12.843486,-6.333049
17.846773,-5.836876
1.706490,0.590289
2.062908,1.779384
5.378736,12.423690
0.839033,3.434479
16.799614,-1.612935
10.805519,-7.012726
16.937532,14.515209
-6.491220,2.736008
-1.723563,-2.659094
16.581902,-2.081148
4.724785,16.121559
10.791835,9.695171
18.481489,-5.117877
8.803283,1.222298
18.812119,-0.266609
-1.386333,1.290658
6.860391,-11.201219
3.118486,-2.512877
0.887618,2.044874
5.365003,12.367656
1.959199,-5.094251
7.953312,11.344630
10.367244,1.849361
17.132025,1.976512
3.110059,-2.506935
1.725605,0.570996
-0.281779,-5.131031
0.228299,0.342887
15.237280,1.399245
10.847730,2.282504
11.970683,3.059337
13.033151,9.094058
14.829111,7.829675
7.200050,-11.537691
8.814491,1.213842
8.696797,1.316273
-4.170534,2.896429
7.073657,14.125945
8.068865,5.025807
5.923260,7.254794
8.803996,1.218927
1.560091,-2.570514
18.055727,2.025580
2.799909,5.289788
14.315364,2.105662
22.119997,-4.429179
6.937937,5.801743
0.835157,2.087965
12.814430,-6.304142
0.174716,4.516069
1.175095,-6.379201
15.544445,3.212074
7.420554,9.287321
-6.151066,-1.286618
4.873574,16.266342
6.864338,-11.224111
4.850339,16.253080
-5.294497,1.456232
10.383580,1.859750
5.653575,1.952447
4.938752,-4.802260
-1.277338,7.653961
11.038010,-6.643461
8.715158,1.293737
3.092198,-2.485303
4.790575,16.186901
10.221045,8.001661
1.720427,0.579042
16.606167,-1.769222
4.940998,16.341782
-6.142043,-1.314327
7.025095,-11.459615
10.747638,-7.222762
14.537930,-4.703738
10.631471,9.601736
9.097106,6.958052
10.214945,8.040856
5.033531,12.006368
-1.751942,-2.637125
12.968014,9.210362
-1.265989,7.654644
5.064800,12.048921
0.919332,6.545557
-1.385285,1.300794
-3.953517,-8.322183
15.410696,3.337855
1.204251,4.522160
5.931081,7.258527
-1.484008,-3.557098
-5.994496,-3.713964
6.633593,-11.385886
6.352682,6.830121
14.120194,-10.636628
0.885522,2.047002
6.827335,-11.442940
-4.066734,0.731380
-0.321961,-5.054676
7.557897,17.126286
7.038515,1.144553
10.762165,-6.286290
-4.283048,2.979991
10.876786,-6.410635
-6.309199,-0.944328
-2.628975,0.804088
-6.151356,-1.286793
5.294814,6.873398
12.678582,4.448653
7.307865,-11.438997
-0.382136,10.988748
8.783446,1.241666
13.829379,-4.848085
8.597985,11.190806
8.795956,1.231531
5.083641,-7.837209
0.891816,2.040047
14.316642,9.314268
14.112275,-10.643121
10.240262,8.016030
5.328352,10.172009
10.936723,-0.580367
1.673327,9.882235
1.215301,11.822416
0.866423,2.053571
2.044302,-14.013296
5.368732,6.968471
13.166393,10.065784
-3.963058,-8.334057
-6.596946,2.824053
5.298749,12.237398
13.199788,-1.902532
0.420658,-7.646718
16.941368,14.518760
11.695020,10.510298
0.926791,6.536560
10.930748,12.521006
-5.946464,-1.071309
-0.206333,-1.733461
14.693612,0.135804
8.481165,1.615275
16.572580,-2.088676
-5.984418,8.780161
5.952141,7.223895
5.919330,7.239371
-4.404841,3.106159
20.087849,-0.012532
5.223071,-0.526764
20.281826,6.402061
5.349529,12.349415
13.788211,-4.895281
4.859223,16.262094
16.946476,14.514802
-1.528367,-3.515206
-6.492630,2.735344
4.662697,3.706620
-5.298837,1.451486
12.835819,9.823828
3.117238,-2.510915
5.356143,12.358070
-4.009294,-8.335001
13.186498,10.074100
10.857096,-6.916703
10.794092,9.755774
13.052422,9.080209
7.296674,-11.455333
13.031487,9.091652
4.774166,16.170389
2.222402,4.002001
10.214466,8.018014
8.876153,1.137484
-1.183993,0.855245
19.201944,-3.229824
18.838465,-0.242865
0.492790,-3.623268
10.372525,1.834731
3.706523,5.153721
12.788926,-6.273175
16.771648,10.867852
7.295136,-11.435184
3.096468,-2.438780
-5.989150,8.785968
17.062651,-3.944392
5.326875,10.073753
-5.989462,8.786293
10.748737,-6.921742
10.531761,-6.666960
0.618814,3.997058
14.560156,2.213912
1.543554,-2.564399
21.865875,-4.434974
-4.142318,2.857770
8.721994,1.302347
16.672842,-1.826509
16.885633,-1.840359
13.878973,-4.811707
-4.171862,-3.965847
9.709572,16.065750
8.613638,5.557763
14.117976,3.726818
4.704591,3.710954
22.512987,2.853342
14.383588,9.241987
10.771653,-6.308016
16.860388,-1.559808
-1.866108,-4.788048
13.929094,14.703547
3.850088,6.531013
-3.873749,-8.322457
-5.947101,-1.070397
-5.989467,8.786363
14.762851,0.047862
6.627156,-11.394568
7.422580,9.298180
14.974301,-0.167888
14.198545,9.087491
1.492269,10.053463
14.684167,-4.880291
22.076693,-4.461839
5.915291,14.560581
16.833822,8.388879
-2.252455,-2.529066
22.222372,-4.333276
4.219002,0.674094
10.766827,-6.729585
-0.723803,3.607594
7.306868,-11.415667
8.371321,10.370604
0.394484,-7.651868
-8.009489,-4.492500
8.733396,1.291917
10.779057,-6.358024
10.316219,1.806176
-4.865763,5.943536
-0.729959,3.607288
22.207207,-4.321301
5.193137,12.179261
-2.484259,-3.110748
8.745250,1.274006
-1.226547,-3.709702
20.486259,3.454990
16.847452,-1.556680
0.930204,2.005097
8.722126,1.273768
10.765802,-6.305023
8.705695,1.312199
19.445347,2.137161
19.447256,2.136135
7.924376,3.834889
10.748877,-7.177881
20.120102,8.122773
5.335477,10.164266
8.153545,3.204322
11.199291,10.014866
14.700253,-4.852610
0.261314,0.310094
7.195611,-11.309610
14.319792,-5.183559
9.713871,16.080414
4.775250,7.322783
6.970191,4.690474
0.847820,3.417822
17.846256,-5.837403
9.714464,16.074703
19.443991,2.136971
22.046236,-4.290668
3.185976,4.848024
11.527959,4.446993
-2.017472,-2.210913
8.705923,1.291285
10.937676,-0.337088
22.150246,-4.427891
16.837839,-1.566139
10.784574,-6.296557
5.462654,-8.710550
0.841208,2.089718
-1.444546,1.359757
12.922221,5.256306
-0.755031,3.604483
14.826797,-0.009647
6.552282,4.204615
-6.910954,8.248003
3.570138,6.064717
10.549832,-6.658006
10.686389,-7.196519
-0.730304,3.597890
13.951517,-4.927208
13.032235,9.099206
-0.177021,-1.697184
-0.647787,10.607958
0.834343,6.603676
7.926071,3.825711
-5.188949,-5.263875
4.744376,3.597667
5.155727,12.138133
-6.023204,-3.732190
0.234096,0.336296
-6.028475,-3.711045
5.134837,12.121066
8.822751,-0.489500
-1.521669,-3.522704
10.753900,-6.335391
4.888283,16.288689
3.233264,3.950958
8.873307,1.137469
14.980975,-0.176907
16.498840,-1.903668
11.477692,9.425383
-4.064126,0.731290
10.022490,12.146710
11.180687,10.045212
-1.902326,-0.400676
-6.016747,8.783166
5.273198,10.254299
8.734609,1.284169
-2.589605,0.845280
0.847446,3.410688
-3.304614,6.397325
-1.402371,1.309833
-0.604351,10.641544
14.296391,-4.629554
-0.231396,4.814128
-5.188359,-5.263891
16.640566,11.562121
-1.435867,1.344543
8.842293,-0.470976
4.855015,1.245202
19.878977,-6.237260
14.829457,-0.005757
-1.853208,-4.762495
7.106179,-11.377839
10.783623,-0.653738
2.563051,6.689457
14.320916,9.348869
20.441282,3.493453
5.443421,5.587476
7.293375,-11.441450
6.635889,-11.379867
-3.297373,6.398259
10.746245,12.161014
8.754337,1.256912
13.748832,-4.882179
13.178143,10.074718
10.720823,-0.353979
-0.721539,3.612624
0.895940,2.029946
4.771975,7.326696
8.043465,4.905948
-2.240932,-2.518017
3.932184,-4.003487
22.511044,2.855282
13.224861,10.092767
8.151984,3.203967
8.755228,1.242124
8.687455,1.311009
8.760744,1.252471
9.754947,13.104656
18.786394,-0.275924
18.835314,-0.246026
14.912236,-0.097133
-4.401045,3.145844
18.614214,-0.380537
22.201246,-4.353885
22.487913,5.016954
4.123814,0.735801
-1.438440,1.345908
6.690825,-11.486518
10.851524,-7.191831
15.417396,3.330348
8.730268,1.285898
16.903969,-1.764067
14.704150,-4.893169
12.088386,3.181425
6.092078,6.397205
8.002101,16.076429
3.568585,6.069700
20.447235,6.214343
-4.885943,-1.018267
-4.063740,0.728943
4.116499,0.740586
-4.876401,5.949305
10.911596,-6.423745
-4.022865,12.068573
13.181606,10.078818
14.936171,-0.113910
6.944038,-11.169209
12.004553,3.099093
18.893990,-0.186662
4.873909,16.274605
10.899811,12.490432
4.851054,1.241212
19.452202,2.127827
10.697535,12.266680
3.196681,-2.613617
15.171028,5.508560
6.889704,-11.556493
11.063994,-6.708148
-0.303172,-5.096928
5.329445,7.032894
10.962090,-6.572913
8.728306,1.294537
22.203993,-4.326947
22.208321,-4.330420
-0.315471,-5.129146
12.826929,-6.313725
-3.805048,8.147076
-4.863687,5.937236
1.961748,-5.072444
18.003595,2.072176
19.457565,2.122927
-1.831667,-4.755704
8.839796,-0.467586
8.334099,10.326861
17.993664,2.080055
4.909946,16.308241
11.970737,3.063752
11.972352,3.071765
10.218817,8.003190
4.889710,16.288128
-2.736473,0.687533
2.915375,10.480951
3.590575,13.026527
7.046773,5.695483
8.742730,-10.540462
-1.002131,5.558995
20.254190,4.167952
4.883249,16.289209
-6.166009,-1.303234
-6.074320,-3.737798
1.720064,0.574110
19.454229,2.126945
10.484168,-6.633914
10.837319,-7.217726
-6.237359,-3.961127
6.631139,-11.426643
8.215527,15.821892
18.836370,-0.243709
10.777792,-6.323863
7.555412,16.997358
10.773586,-6.749068
13.947607,14.684588
-8.008212,-4.493461
8.844568,1.167701
10.765102,-6.331134
-0.183035,-1.735003
-5.990942,8.787207
22.513739,2.857827
10.625552,2.125718
8.699340,1.297958
-2.064269,-2.262048
8.829114,-0.479855
10.704437,-7.329707
5.228051,-0.531230
10.660067,-6.726319
18.057970,2.023237
5.190079,-0.514120
3.112922,-2.498913
7.988252,16.014135
22.514458,2.858495
7.285493,-11.404367
4.805679,7.293998
-1.863421,-4.790653
20.244753,4.110110
17.319363,5.538900
8.837710,-0.468696
10.044376,12.151484
0.875126,2.057564
8.705086,1.296137
2.982653,5.336376
1.204241,4.529407
2.611138,1.283903
14.972034,7.882850
6.661228,-11.456600
14.120889,3.731307
22.096323,-4.505923
9.172564,5.629615
-4.020180,-8.348576
20.673687,1.451840
4.733852,3.548923
-5.943758,-1.068073
-3.984944,-6.131840
14.186316,-4.571283
-4.057831,-8.389962
-5.313473,1.494470
-6.908081,8.248843
8.308565,11.535258
11.075316,-6.773711
5.146385,12.133149
4.747972,16.146223
-8.009898,-4.492163
10.783044,9.733229
10.651190,-6.687928
10.741803,9.711839
19.272968,-3.187222
8.830060,-0.478888
4.811132,18.901470
13.665479,5.649605
12.942838,5.250298
7.047951,1.148537
10.742874,-7.239109
5.143195,12.125663
5.119739,12.109551
2.532291,6.668586
6.915212,-11.177008
-1.120891,5.139903
19.352066,-3.012196
4.733763,3.632939
-4.187109,2.904106
-0.200481,-1.715208
-5.265363,1.497699
-3.981488,-8.313144
-6.601115,2.818592
1.500839,10.047771
10.916807,-6.403089
-2.778674,4.345912
14.305845,2.104808
10.934561,-6.701159
9.715328,16.076563
-0.744120,3.599054
10.633502,-7.149770
0.875672,2.059302
-1.861393,-4.787854
-5.282348,1.453368
-1.438437,1.359479
13.414846,12.408573
8.735462,1.289927
8.845427,-0.470168
-0.344658,11.026801
-4.105451,2.816529
-1.864446,-4.786165
15.811603,-3.581472
4.871979,16.269791
-0.247638,4.820674
0.436074,-7.619992
3.850782,6.529058
17.020447,-3.909980
-0.328967,-5.069488
2.547356,6.680130
13.952895,-4.867403
7.187991,-11.432467
3.183619,4.847914
12.846555,9.816962
19.445833,2.137391
0.896388,2.035304
5.364135,6.987637
8.803352,1.210557
20.261869,5.479160
13.035030,9.092649
7.089559,-11.370472
8.681117,1.319793
-4.881346,5.904696
-1.289749,7.633516
0.785026,2.136904
12.334596,7.966761
8.718669,1.304690
10.816854,-6.699101
16.765388,10.870978
15.834651,-3.558615
3.577506,6.077676
-6.168273,-1.302975
16.845310,-1.572490
15.815779,-3.581551
20.357662,6.428459
10.705817,-7.241257
-1.860545,-4.787297
2.555168,6.684658
6.874095,-11.579191
8.756260,1.267436
15.812016,-3.584166
-6.171623,-1.307251
22.180407,-4.337221
14.693909,4.892110
10.587275,-7.151856
18.613474,-0.379516
2.926575,5.326687
6.660522,-11.457498
10.788314,-7.102404
13.812208,-4.889328
13.434902,12.440161
13.802612,-4.885359
10.819115,-6.681554
4.303428,5.601713
14.344646,9.359923
4.769894,7.332197
-0.316202,-5.052190
16.864094,-1.649088
19.885778,-6.243157
12.575180,17.105242
11.970623,3.067101
22.519110,2.862957
0.924863,2.007462
-0.207745,-1.747050
4.892871,-4.780771
10.793366,-7.128983
12.559703,17.083849
-5.188562,-5.263914
14.336737,-5.198119
-4.561966,3.264307
-4.221805,2.942133
8.489075,1.605585
3.092583,-2.482748
4.815863,18.905457
6.352304,4.029122
11.070272,-6.665600
10.498782,-15.763162
-1.730926,-2.647093
3.184822,4.846958
11.994941,3.091277
6.599703,12.513424
11.986544,3.080675
10.933169,-6.455261
4.772521,3.592388
4.757349,3.624563
10.097744,11.092158
8.804137,1.206016
8.680075,5.610793
6.899604,-11.232501
-6.158525,-1.294305
11.041980,-6.778356
-0.751225,3.588943
6.102976,9.227535
12.328717,6.683827
0.862504,2.074031
-0.209685,-1.760348
16.893473,-1.796960
5.266859,6.850557
6.379177,6.827545
22.201103,-4.345503
10.835303,12.438572
10.215858,8.018538
1.673638,0.625695
-0.745673,3.596928
10.643010,-7.091080
10.498945,-15.759365
12.762718,-1.876495
14.698709,4.891477
12.297717,6.671147
-5.992082,-1.131071
14.977789,-0.173938
13.872433,-4.815564
4.777130,16.176348
14.698412,-4.882861
4.004414,13.348366
6.333880,20.011576
18.034283,2.043250
8.077247,5.049437
8.785436,1.235217
0.164799,4.523823
10.352109,1.830594
14.929003,-0.108651
-1.268602,7.650210
19.877985,-6.223613
18.011173,2.063290
5.381172,12.393669
6.988113,2.551244
-1.726098,-2.664492
0.812945,2.146800
0.848815,3.409421
5.392305,6.930897
5.381490,12.396430
-4.477399,3.178197
10.687910,-7.236918
-1.862371,-4.785949
1.385829,7.035285
12.792669,-6.267778
4.863608,-4.749806
8.892910,-10.372779
3.995466,2.190564
4.790896,16.176922
6.114516,6.371308
13.882813,-4.775314
10.622416,-7.110635
7.337328,-11.413251
-4.363645,3.084043
3.585622,6.087375
22.121233,-4.528371
10.470881,1.953989
19.174576,3.988647
4.770440,16.168520
19.549917,-7.608598
6.371599,6.832699
12.775910,-6.256933
0.826362,2.179250
5.325762,10.182201
9.630439,13.322332
5.351219,12.348354
10.712067,-6.782396
17.107162,10.500273
15.813112,-3.583712
5.369599,6.919509
4.927694,-4.777381
0.784615,2.136685
6.093962,6.394652
5.683460,7.180100
4.769318,16.164265
3.578286,6.074264
-0.330256,-5.063804
6.363212,4.027765
6.378035,6.825652
22.521542,2.869566
2.927922,-1.865641
20.243673,4.098790
5.288923,8.457315
-6.588135,2.817926
9.573615,13.317412
0.836022,2.093687
8.770670,1.248257
-0.717248,3.621892
15.495561,3.246036
21.832611,-4.444412
8.088763,3.433054
14.729328,0.089387
14.983448,-0.179408
2.619671,1.267902
-3.897274,8.010426
5.380076,12.388301
4.850071,16.254988
6.095009,6.358874
4.908664,18.974058
3.853415,6.531656
10.362323,1.839489
9.150420,5.647544
6.657586,-11.423050
12.948627,5.251447
5.335570,7.002633
9.859993,3.491611
5.417298,6.944422
20.574207,6.612606
3.853894,6.529738
8.587587,11.186536
-6.156934,-1.291458
15.854712,-3.540593
17.400480,10.801480
15.839584,-3.554487
9.837898,5.876112
5.930523,7.257106
19.434988,-3.305364
0.260760,0.303401
8.829756,-0.466956
8.778006,1.237915
13.209864,0.148964
5.219699,12.169669
5.065032,12.040720
16.509064,10.752042
13.153226,10.054415
-4.026903,-8.411641
16.867334,-1.563667
16.553347,-1.923557
9.541591,-15.947932
0.812921,2.126250
8.536328,11.201002
4.823092,3.550772
3.186452,-2.602574
22.104666,-4.556613
10.792746,-6.290018
0.680857,9.472767
12.827546,-6.311865
6.547121,4.200536
10.793654,12.309809
1.489028,10.064693
-4.143748,2.851882
4.896546,16.296194
7.404215,9.274002
14.967908,-0.167122
-4.137446,2.848786
-1.866153,-4.793981
0.250685,0.329357
-8.013788,-4.489645
19.901396,-6.248583
-4.071136,-8.404057
-1.747547,-2.638909
7.076700,2.445219
-8.007948,-4.493611
-0.299425,-5.018662
-8.008950,-4.493263
3.169615,-2.570627
5.267112,12.312574
8.762886,1.255091
5.908348,14.566813
-6.620157,2.855646
6.650999,-11.408810
14.203383,-10.556504
6.632257,-11.391648
4.845628,16.241783
-1.863443,-4.792752
8.847713,-0.477659
-4.888463,-1.015398
3.146935,-2.552943
3.583629,6.087723
10.911644,-6.407475
4.299837,5.606194
-2.237699,-2.514478
22.212193,-4.330981
7.418896,9.292940
10.588645,-0.301662
-1.860655,-4.789810
6.041306,7.488079
14.678220,-4.925283
13.913037,14.720037
0.264980,0.306172
8.743831,1.276042
8.722490,1.303513
10.791310,-6.317973
16.629496,10.386595
11.074058,-6.714850
-4.022418,12.069578
1.553561,-2.570396
7.872255,15.765662
0.848635,3.412461
16.861145,-1.575001
6.358836,6.825293
0.830801,3.434385
8.855184,-0.477959
6.793574,-11.228663
16.855988,-1.542733
-1.731217,-2.667203
10.754087,12.168723
4.762611,3.581559
5.474229,5.541102
-8.009892,-4.492931
13.929065,14.702251
-4.081415,2.791404
-3.891635,8.020793
8.836939,-0.490020
-5.991226,8.787864
5.181813,-7.789154
10.846927,-6.389052
8.830189,1.175870
-4.887188,5.907136
16.923628,-1.736526
-4.882950,-1.016538
7.247602,-11.427468
11.968708,3.061843
0.839349,2.090914
6.807558,-11.523091
6.423747,4.072915
17.128336,1.972564
-1.864254,-4.793185
0.875648,2.058436
11.084991,8.653653
-1.725798,-2.658408
7.534008,15.600846
-6.148851,-1.287728
6.437236,4.011973
5.182902,12.156246
1.202046,4.530917
-2.026687,-2.215456
8.749798,1.269646
7.404802,9.270305
-4.890921,-1.012352
22.203787,-4.296977
7.122772,-11.334234
16.527212,-2.167239
12.826986,-6.311774
12.826801,-1.665617
1.963065,-5.072903
1.148510,-6.399816
17.004740,11.014073
-1.524016,-3.516234
-4.916747,-0.988764
7.411584,9.275785
10.361888,1.851348
20.119240,8.111053
16.650864,11.140846
2.616262,1.268186
12.826164,-6.310257
-1.530352,-3.511344
6.953573,4.697311
11.191695,10.035766
3.855195,6.530385
10.718189,-7.301351
14.966170,-0.152886
6.510319,3.890744
4.776801,7.325914
8.077035,15.650878
0.859724,3.407141
0.845832,3.404947
2.893609,5.358130
-1.519503,-3.523750
-1.231829,-3.708508
14.693026,0.135106
3.138357,-2.535783
13.937622,14.697866
13.789537,6.831322
7.860783,15.973997
14.903341,7.078408
10.722053,-6.454891
-1.863022,-4.793435
-4.877708,-1.019494
11.936819,3.028307
-5.942955,-1.068000
-2.256539,-2.520790
5.879409,14.594924
5.162718,-0.447409
4.881432,-4.760782
19.887363,-6.243907
4.754369,3.602073
19.175346,3.989816
22.090410,-4.506487
5.199215,12.186699
-5.011467,-0.580174
-4.083470,-8.416988
11.524163,4.474117
-2.016351,-2.206969
15.330361,6.659294
21.847666,-4.412955
-1.866289,-4.792424
6.828491,-11.367262
6.833688,-11.230765
15.816511,-3.579660
-6.318149,-0.920967
10.758115,-6.299654
14.213577,-10.549113
0.228834,0.348693
10.668902,-7.071512
-6.564927,2.795692
8.517722,10.296476
16.935163,-1.733463
-2.800982,0.610259
-1.020758,-6.551991
14.114067,3.727850
-0.333446,-5.083307
4.841592,16.233490
3.568729,6.061078
22.206078,-4.327399
-0.337091,-5.065699
9.826913,13.035233
3.579810,6.082243
7.302972,-11.422404
14.177744,-10.577862
10.203970,10.981101
-1.718964,-2.652253
4.812021,18.906775
20.595947,6.615739
11.957109,3.055912
-0.199380,-1.830173
9.064379,6.943481
6.631824,-11.388757
4.875048,-4.768454
-6.301452,-0.954806
-6.602105,2.832143
5.899224,7.234008
-0.343795,-5.082251
1.973775,-5.073971
6.609642,-11.434182
22.123882,-4.537748
7.417567,9.280656
8.735903,1.287625
11.970073,3.063480
3.850742,6.521950
10.751694,-6.231678
1.173646,-6.375420
20.085758,8.138997
19.448635,2.133767
22.248360,-4.345147
5.906030,14.569442
-1.528477,-3.514663
17.918314,8.293308
4.811468,18.908689
4.767787,7.336159
13.939083,14.692839
-0.332717,-5.085032
5.462419,5.590129
-1.528242,-3.515147
10.730182,-7.322437
10.689305,-6.641586
4.882235,16.280506
10.715745,-6.811544
10.655848,9.741378
1.041178,6.599060
2.918829,10.475265
6.386606,6.823600
13.927706,8.020664
6.982080,-11.535036
10.510026,-15.751221
19.457382,2.124450
10.806087,-7.304038
6.634547,-11.384720
20.291759,4.189810
-6.194137,-1.330610
5.008149,-8.151718
10.317928,12.494578
16.450352,-1.797393
9.093810,6.955338
3.657628,13.083694
22.466814,4.997742
8.867064,1.144497
5.328878,10.171239
3.091128,-2.453330
14.313387,9.294165
2.562936,6.704413
20.141714,8.158594
7.427779,9.295764
22.108311,-4.511582
-3.961092,-8.303922
9.169802,5.631371
5.096091,12.088581
-0.211000,-1.760958
-4.542803,3.243140
10.788136,-6.291577
8.671573,1.348379
6.657823,-11.435227
5.174230,12.138908
10.373919,1.854968
5.102862,12.088483
10.755439,12.165350
8.713843,1.283622
1.725490,0.571165
7.405159,9.273500
10.720564,12.143580
20.450129,6.157928
-5.188321,-5.264817
20.081882,-0.013237
-1.863197,-4.790549
8.680412,5.607605
-0.725300,3.615017
10.544987,-6.576867
9.713655,16.075453
0.847481,3.412913
15.006278,-0.196345
16.682531,-1.581273
-4.058226,-8.389791
0.815618,6.608953
19.175499,3.990731
4.731281,3.648701
19.523640,-7.629427
3.849069,6.525080
1.173751,-6.375184
-5.317763,1.437074
4.121702,0.735794
15.814569,-3.582292
4.849703,16.242970
19.496653,4.486537
6.644866,-11.411315
5.080878,12.075422
-2.246964,-2.525424
20.296659,4.184974
0.116229,0.461976
14.192327,-10.567893
0.809925,2.123244
10.053212,3.526908
3.845200,6.522140
-6.595761,2.827213
8.843210,1.165235
6.634984,3.656816
16.571541,-2.051846
0.803936,2.117020
18.125441,9.115024
-6.158978,-1.294292
0.514756,-1.964119
11.988677,3.082180
10.740799,9.808393
-0.740343,3.601285
5.394678,12.409743
19.885578,-6.243816
0.851665,3.404527
-4.215120,2.930036
10.949655,-6.684156
20.511702,3.404733
-4.065889,0.731211
6.879983,14.188662
5.907170,14.563015
0.637830,9.433452
17.918156,8.293847
4.786206,3.556471
4.799070,3.579389
-0.724702,3.611864
17.914968,8.293734
7.180356,-11.401156
6.735470,12.376030
10.232153,8.024364
10.840140,-6.612717
10.671049,-7.378433
20.288198,6.419655
-0.316114,3.463440
0.635170,9.432074
20.351557,6.415149
3.939665,-4.011055
6.672831,-11.352405
8.077112,5.035194
-0.327572,-5.057730
5.423952,5.541220
8.820749,1.188307
0.441481,-7.603031
11.538823,4.495514
7.415215,9.281763
4.873824,18.944992
-1.726257,-2.663630
8.914631,-10.363962
0.838002,2.085708
-0.778446,3.566482
-1.863057,-4.796207
-0.713234,3.620207
20.377607,6.428482
16.831888,8.386845
5.148531,12.081744
0.872080,2.052061
-1.440375,1.350068
-6.154642,-1.288745
-1.018346,-6.554191
6.824726,-11.299626
-1.528869,-3.514553
-0.335969,-5.066048
-8.008618,-4.493313
8.734210,1.284855
16.197739,14.335876
9.069144,6.982969
19.447762,2.130864
-1.275859,0.987473
0.462543,-3.655405
0.205459,0.366110
-1.860356,-4.786060
14.913904,-0.091359
7.262027,-11.435951
22.191330,-4.308167
18.833912,-0.247173
11.546522,4.460607
-4.883489,-1.020301
13.939930,14.690701
19.497660,4.490765
-0.729160,3.609928
2.251559,4.049915
4.043858,14.644205
10.787381,-0.319734
3.849313,6.530399
7.170313,-11.460793
8.500509,1.590032
21.774473,-4.395516
22.511444,2.854339
4.687875,3.674916
-2.023537,-2.216268
14.880034,-0.059243
-2.139960,-11.671586
5.410693,12.414116
8.146074,10.476325
16.641542,-1.883407
8.795128,1.219027
17.008434,-3.886645
14.882414,-0.059355
12.495012,5.039265
19.446524,2.134135
20.107319,-0.017149
9.098301,6.959968
19.458778,2.124097
0.265198,4.413547
-6.006905,-3.711268
8.833920,-0.490538
7.005229,-11.291728
10.616586,-7.079003
0.807444,6.645205
6.413561,4.058903
-6.899689,8.254448
10.214081,8.009539
13.580716,1.724817
10.722279,-7.211816
12.921817,-1.700279
0.472979,-3.655569
11.542466,4.429196
14.009515,-5.001956
17.348261,10.806368
18.013414,2.064754
10.726831,-7.330321
2.917682,10.477042
7.920442,3.836207
10.744760,-6.955235
5.384008,6.931496
4.812548,7.302352
5.198945,-0.520417
7.165928,5.889346
-0.747766,3.585190
-0.163851,3.427205
11.539765,4.454894
4.747362,16.148472
20.078568,-0.011325
10.851122,-7.228347
11.927291,3.017873
7.414872,9.289178
3.125300,-2.538737
4.739454,16.140930
-2.023157,-2.216037
10.220435,8.011827
0.278463,0.290047
6.971025,4.686934
4.813153,16.209305
12.752052,-1.909900
-6.906173,8.242387
-1.723106,-2.654818
4.675557,3.690976
3.119268,-2.523788
11.549984,4.408277
22.213167,-4.261703
19.284100,-3.056329
8.635160,11.149620
-4.906733,5.932603
-6.601243,2.835497
-0.727092,3.606315
1.470824,10.077630
14.207155,-5.056063
13.938460,14.694831
-0.169427,-1.759542
-4.863302,-1.045251
14.102548,-10.637736
1.507257,10.035995
0.848818,3.405280
13.715309,-4.883743
0.911143,7.073715
11.958547,3.046045
10.879208,-6.545183
4.782148,16.183350
-6.643528,2.856841
21.894798,-4.434389
19.441833,-3.415291
19.140007,12.648322
20.515236,3.401656
-2.025441,-2.218067
10.734485,-7.314114
6.039091,7.539563
10.845579,2.286374
19.887285,-6.254374
22.024179,-4.436390
3.563719,6.056126
8.135755,15.541842
6.831173,-11.230386
-1.266714,7.661443
5.405999,6.944045
-6.156727,-1.294173
0.859432,3.412081
6.104905,6.373815
13.832999,-4.959754
15.852738,-3.542516
-1.510631,-3.533807
10.726914,-6.765261
19.458900,2.121967
16.832399,-1.562889
22.168268,-4.524619
4.661544,3.703214
-4.326874,3.045335
20.098227,-0.015512
7.978764,-3.937045
13.176959,10.069349
5.400373,12.412941
4.799931,16.196474
-0.336057,-5.062826
-0.711720,3.602010
-8.010563,-4.492305
10.373195,1.843121
-4.551698,3.250988
-1.862068,-4.784447
0.119024,0.460352
10.740791,12.170072
7.089260,-11.284973
10.614467,-0.330488
6.275396,-0.196322
3.989451,2.185938
4.759395,3.586828
4.122079,0.735769
1.431950,6.006603
8.871688,-0.456176
3.100481,-2.479447
7.107892,-11.250306
22.096949,-4.546829
19.107908,10.674106
8.050409,4.898183
16.788349,-1.581980
21.771132,-2.344694
-4.061554,0.731997
-0.750754,3.587656
7.012839,5.630729
21.858225,-4.448117
15.177067,5.522942
6.377540,4.034392
-4.905285,5.888398
10.766714,-7.182709
20.292330,4.180793
-0.595617,3.745112
13.177024,10.073969
-1.865019,-4.787463
16.561693,-2.051233
7.228397,-11.475790
0.274270,0.295933
8.715847,1.295468
0.839323,2.079128
7.401773,9.270741
17.133738,1.974194
0.242690,0.328129
10.870951,-6.979981
-5.939578,8.734500
-6.594342,2.824336
8.076634,3.452307
-8.010230,-4.492655
20.082903,-0.015516
4.040253,14.647446
0.264830,0.306316
4.127750,0.733186
4.852812,16.259611
0.848303,3.408200
6.364571,6.832137
2.901289,5.371013
-6.156172,-1.286410
0.261043,0.312816
7.117891,-11.325974
11.938732,3.033728
4.733829,3.615030
8.846765,-0.465695
-6.160965,-1.294041
19.142439,12.650102
10.682099,-6.948881
10.241278,8.016017
6.445455,4.029198
7.142797,-11.447967
14.131213,-10.613107
20.260700,5.477525
11.916742,3.000931
0.844585,2.074294
5.295893,-0.486039
-5.937019,-1.065180
-1.862414,-4.790808
16.555489,-2.109941
4.825558,3.551121
14.556652,2.211037
6.612699,12.509822
17.131804,1.974142
14.903425,7.076928
0.792236,2.149040
-1.287823,7.692043
13.203459,10.091914
22.234011,-4.287738
20.193480,7.938937
5.329264,12.331720
1.464417,10.084504
20.243860,4.099155
11.964179,3.059305
13.193641,10.079019
-0.366411,3.477495
8.756627,1.257590
8.689026,5.604027
12.742175,1.397614
-0.325488,-5.056737
22.509472,2.853908
16.639517,10.424599
-4.390325,3.099121
8.865773,-0.511182
-1.449581,1.362688
10.330955,12.486471
-1.352416,-3.631566
22.049206,-4.268389
14.257061,-4.686185
-3.963668,-8.342159
17.914089,8.292137
-5.275000,1.453313
13.183232,10.073590
5.374292,12.379426
2.914315,-1.832132
20.698311,1.429378
13.910449,14.720092
5.370845,6.964057
-4.483036,3.169464
1.715631,0.582054
5.210964,-0.515507
-1.861420,-4.788449
-1.233789,-3.705432
10.949821,-0.561355
-5.931891,-1.060063
22.512133,2.856319
4.823951,16.223454
5.190389,12.190175
22.209929,-4.288408
21.872953,-4.452587
-6.603903,2.834406
10.595760,-7.057457
10.742188,-7.298609
7.377827,-11.425243
8.795318,1.224312
3.815644,6.466544
4.718938,3.672195
10.708674,-7.189463
10.218517,8.015369
15.822490,-3.567545
7.555955,16.996290
11.586552,4.486622
-4.658465,3.361808
3.552756,13.003400
16.662285,-2.016598
10.838452,2.280403
3.815380,6.462753
3.849272,6.527883
5.388120,12.391026
0.697636,-2.846813
14.864348,-0.046871
-1.723292,-2.657231
6.780211,6.088876
19.539932,-7.617828
11.483154,17.068544
6.659167,-11.397421
6.378108,6.829444
10.391541,1.817369
8.705224,5.602893
8.753322,1.260173
10.820721,-7.202117
-4.926012,5.961099
6.303104,6.290478
8.839319,1.174578
-6.157680,-1.292750
5.962207,6.319362
3.093042,-2.508371
7.287480,-11.446821
9.859768,3.577778
6.642554,-11.402317
4.784952,16.186615
10.375542,1.839491
15.418570,3.332435
21.849070,-4.447702
13.898799,14.732307
-6.153532,-1.286449
3.539134,6.048813
8.869512,1.144439
-6.601319,2.831272
7.345927,-11.417469
-4.588758,3.285822
12.532276,17.041874
16.187229,14.326746
12.303650,6.679858
15.331650,6.659655
4.656034,3.715250
10.685349,-7.082218
10.220584,8.012958
11.933641,3.019430
-0.766577,3.572847
3.582035,6.086257
16.734280,10.405644
22.054907,-4.524107
17.881012,-5.797166
10.528273,5.167664
12.962354,9.189985
16.605949,10.851258
15.826927,-3.565929
10.796078,-0.686827
-6.908448,8.249051
8.685684,1.320760
4.765769,3.618417
4.914015,-4.791343
15.256046,14.008197
20.288624,4.187611
16.571333,-2.084080
7.319705,-11.424939
5.915754,14.563956
-4.081525,2.794282
14.870690,-0.043061
12.988678,9.191402
-5.948810,-1.072541
-0.752205,3.581083
-6.602654,2.834420
7.088826,5.655376
4.817000,18.886271
14.963270,-0.149627
5.040391,-8.458941
13.968276,14.664219
4.879874,16.277006
0.851956,2.072768
-1.535110,-3.507530
8.835040,-0.532397
-6.600138,2.830752
16.438080,-1.662407
8.785287,-0.536863
0.790751,2.167026
18.849953,-0.231538
4.903840,16.305901
6.792804,-11.510862
11.971686,3.061394
6.364454,4.030129
14.988485,-0.178702
14.912431,-0.105624
10.815649,-6.372586
-0.759985,3.584149
-0.766120,3.578533
22.121387,-4.440099
7.454948,9.328733
5.080404,12.066923
10.753610,12.145991
10.457299,1.934999
8.329018,11.543260
6.786005,6.087236
4.857976,3.550001
3.851017,6.517428
10.931819,12.523855
14.866443,-0.040856
8.841545,1.164624
0.853258,2.074912
12.806442,-6.289525
16.515743,10.395794
11.548881,4.456270
6.705046,-11.367255
-1.861465,-4.791645
10.752166,-6.612711
20.103888,8.097255
11.425982,9.447763
11.550275,6.883616
20.078362,-0.012083
8.806636,-0.502983
-0.741563,3.596109
4.814275,3.560153
4.920275,16.322039
11.032343,-7.008029
5.655132,4.641747
3.996931,2.191836
6.719329,-11.456557
20.267435,6.407330
-6.114294,-1.247227
7.008249,1.182727
19.470644,2.101306
-6.599309,2.831033
10.719327,12.207731
4.777623,3.593549
15.000794,-0.189687
10.805771,9.766659
4.905805,16.307606
9.614038,13.270947
16.510794,-1.606122
10.803242,12.144927
6.647762,-11.402531
22.083927,-4.501840
17.040312,-3.927138
10.483224,-6.660953
2.054847,1.768424
18.612579,-0.380115
15.026270,-0.221619
8.691207,1.316491
22.206295,-4.324206
6.626486,-11.398057
14.558966,2.214559
2.948691,10.530858
21.760981,-2.322205
8.783756,1.228782
-0.372855,-5.091174
1.174566,-6.374598
-3.978375,-6.128238
-0.723996,3.612167
15.818117,-3.577366
17.375362,10.811120
-0.247859,4.822439
4.875004,3.534997
14.184722,-10.574196
0.849699,3.407730
-0.358349,-5.066386
10.596301,-0.286921
4.762756,3.553367
10.803303,-6.325831
3.846041,6.516851
-4.052435,-8.383930
17.361782,13.228252
-0.193478,-1.778574
-6.151090,-1.283513
5.390772,6.889056
-5.990331,-3.697840
-4.239201,2.910563
6.829611,-11.551049
8.796240,-0.518926
13.749125,-4.882188
10.881699,-7.250834
-1.521379,-3.519920
6.598653,-11.394833
10.895776,-0.320075
10.852257,2.286217
4.722227,3.620597
15.817339,-3.576506
-6.596735,2.827188
12.796763,-6.285841
5.899725,14.572611
1.173421,-6.375262
17.917040,8.290314
4.918116,16.319057
4.818043,3.553062
4.910067,16.311707
16.480097,-1.649707
14.289636,9.343349
22.220335,-4.299313
6.643128,-11.428255
3.185608,4.847168
-4.078810,2.790331
-4.090858,2.804816
7.309003,-11.425742
-6.653364,2.881253
12.786668,-6.273141
7.294348,-11.419454
16.892290,-1.746588
14.056838,-10.687889
2.136944,3.913689
8.593188,11.194612
22.212130,-4.354330
5.937937,-1.517800
-6.049439,-3.739499
4.789893,3.556592
-6.600956,2.832523
12.738702,1.398401
14.906162,-0.099390
10.588120,-0.311159
4.775743,3.558228
22.178202,-4.359838
18.115063,9.128044
16.558968,-1.580115
3.240587,10.499104
0.417897,-7.627465
-0.778504,3.578186
10.528985,5.167487
-0.389912,-5.070395
0.264551,0.311308
4.744584,3.601422
4.867412,16.263098
0.854841,3.407726
-4.073245,2.787437
4.830231,16.237169
5.157493,12.067614
0.276145,0.292292
16.775721,-1.518615
10.962066,-6.652471
4.885826,-4.777316
-4.080520,-8.288731
1.705638,0.595738
8.653917,1.361180
14.910740,-0.083491
-4.880885,-1.022311
5.454082,12.459702
10.798232,-6.708906
11.013526,-6.593729
11.138841,9.994509
20.235950,6.398337
8.920805,16.355362
14.312518,9.345395
14.195059,-10.569329
4.928460,16.329123
2.543270,6.672575
12.792618,-6.277484
3.272866,4.000705
22.176474,-4.366175
3.081042,-2.501015
10.374183,1.844646
11.968943,3.059824
16.564095,-2.108579
-1.274445,0.983174
3.166776,4.838586
5.345008,12.347766
-0.330379,-5.051853
10.221824,8.007381
0.616837,3.994488
7.856174,11.429835
4.854087,1.246035
10.675921,-6.684143
11.543274,4.457927
5.126755,12.067775
-3.985933,-6.125604
10.514241,-15.744314
16.524017,-1.588937
14.196678,-10.566790
10.221150,8.017913
14.640848,-4.892173
16.878914,-1.768978
-6.907087,8.251598
4.651982,3.714059
-2.046742,-2.239885
22.065783,-4.526960
4.819204,16.225672
22.114857,-4.510865
8.132338,10.492426
12.477183,5.006807
-0.727606,3.593147
-5.998153,-3.709172
-0.359078,-5.069414
22.237551,-4.291237
16.895185,-1.758368
9.181501,5.632029
4.734912,3.602738
10.515248,5.163314
4.880163,5.878674
5.216255,-0.519016
16.580158,-2.098179
22.051241,-4.539909
-1.105659,5.195863
22.091240,-4.484954
4.769305,7.327600
2.561751,6.680770
10.808610,-6.338728
13.936231,14.696526
11.526267,8.193933
-0.355740,-5.071350
10.814030,9.766203
-0.320184,-5.045148
11.687674,10.495659
6.958910,4.688247
17.046881,-3.929734
0.860620,2.071740
5.910764,14.563891
-5.326103,1.431114
7.966689,16.266321
0.234428,0.332663
18.863518,9.895755
14.195891,-10.567012
14.220576,-10.548317
14.876571,-0.053572
10.804455,-6.330059
14.319603,9.339487
11.705778,10.514616
10.785520,-6.297052
9.097328,6.960494
0.124319,4.552377
11.983970,3.072459
22.063120,-4.588088
4.871839,16.270201
10.327486,1.819728
-6.638538,2.860701
-0.352615,-5.070248
16.770691,-1.532138
6.953259,10.372051
2.919174,10.489537
17.915609,8.294520
4.710239,3.638366
14.859666,-0.034479
10.160018,9.488519
17.913717,8.296401
10.792682,9.700741
4.770553,18.965103
15.516133,3.243994
22.250025,-4.275641
13.857327,6.888961
15.412604,3.335974
0.870457,2.067819
11.704196,10.514716
21.873981,-4.438916
4.854747,16.259720
19.175461,3.990106
6.841163,-11.145886
11.866002,1.406501
8.325711,11.536004
20.485638,3.455379
10.469923,-15.786194
16.817120,-1.605162
22.187824,-4.309916
-1.529400,-3.513880
8.348190,10.323870
9.089643,6.961319
4.035598,14.642901
10.855524,12.437185
4.677286,3.670400
10.142339,5.060026
10.862693,2.293389
0.844805,3.401744
0.831915,2.097550
3.851395,6.527054
10.771535,-6.389126
-2.582175,-3.270207
19.886021,-6.244689
22.267626,-4.233165
8.095441,3.428997
-3.927847,-8.320868
14.725039,0.097993
-4.065762,0.732263
14.959810,-0.146451
16.550798,-2.090932
0.631982,9.432514
-4.634254,3.331939
14.522255,-4.820141
-1.291806,7.642039
7.124363,-11.494151
2.545927,6.667262
10.773357,-6.338614
14.565496,2.214410
19.141016,12.650397
10.609292,-0.306428
-0.304851,-5.104798
4.733286,3.616925
19.455378,2.126907
11.954206,3.044512
10.793932,-0.669132
11.558052,4.464011
-0.324371,3.479855
12.824599,-6.309594
4.793893,16.177471
1.480315,10.064251
-8.010538,-4.492290
6.333591,20.011204
21.835442,-4.450493
-0.739956,3.585515
12.830492,-6.320171
-4.578513,3.279152
-0.496411,2.092160
20.292990,4.182758
4.782543,3.606633
-5.988332,8.785782
4.773613,3.601409
-1.153811,13.555243
12.424134,4.996316
0.472351,-3.649354
7.136572,5.856742
16.478161,-1.946907
21.899111,-4.440454
16.504261,-1.976119
11.969526,3.061777
10.852077,-7.226455
7.325780,-11.412178
1.177012,-6.372349
22.080416,-4.471011
16.538351,-1.962357
11.969542,3.063035
-2.018982,-2.211753
22.044764,-4.534548
3.825720,6.509281
8.812722,-0.499476
22.091177,-4.267051
5.161521,-0.464580
11.086251,8.637869
2.052477,1.777682
10.424496,1.920441
5.896802,14.566936
22.061825,-4.267136
14.270535,-5.200891
4.049098,14.653365
13.802021,6.845059
-6.150555,-1.280634
-4.203334,2.900655
9.092683,6.959425
-0.330006,-5.078405
10.864107,12.435745
12.670211,4.468418
16.918472,-1.846419
10.227009,12.405544
14.230600,-4.589615
22.500999,2.844717
16.800114,-1.585500
14.184402,-10.575486
14.235970,-5.222599
-4.841373,-1.062574
10.877550,-7.145127
-1.904281,-0.405696
10.787578,9.730368
3.144333,-2.572470
-0.643021,3.695798
8.827047,1.187462
20.289949,4.182505
3.164343,-2.575192
3.831372,6.489091
13.855864,-4.885133
10.771480,-7.270629
7.387829,-11.434667
20.265234,5.488272
-0.734076,3.604362
-0.342201,-5.073582
-3.985015,-6.119748
16.972605,14.554077
8.750860,1.205337
0.275020,0.292035
14.333261,4.435052
16.428495,-1.667584
22.306311,-4.274725
-1.527189,-3.516258
10.799007,-6.364973
-6.000209,-3.708462
8.651864,5.598885
16.883410,-1.804103
0.905111,2.021207
14.806461,0.015027
9.833097,5.878722
18.842102,-0.238767
-4.060385,0.729014
3.848493,6.524266
5.035320,12.027342
-6.153404,-1.291564
-0.315383,-5.056554
19.144032,12.649158
-5.310919,1.441812
-1.860316,-4.787999
8.689783,1.314554
14.297901,9.347275
4.833935,16.243019
-1.292138,7.643537
-5.385480,1.365199
5.348670,12.303439
-1.525244,-3.519103
-0.726106,3.604800
17.687529,4.085636
-3.943337,-6.163474
21.980389,-4.514909
14.632978,-4.942016
8.867597,1.144736
0.841123,2.079408
-0.182304,-1.725273
14.836776,-0.009520
6.961939,4.680580
15.821575,-3.568939
3.059903,0.371264
14.932825,-0.106134
-2.604150,0.825393
10.494504,-15.764977
21.772198,-2.337834
3.559647,6.051868
-5.968469,-1.100807
-0.208511,-1.736132
22.220871,-4.273701
14.775828,7.806931
18.840809,-0.240693
10.888226,-7.184347
11.685525,10.497595
7.922833,3.834817
5.373875,12.378127
4.751182,3.598121
16.677774,11.159972
5.045652,12.023355
10.837101,-0.715356
10.697450,12.297612
10.391397,1.859382
1.491836,10.055631
-6.001267,-3.711329
13.897312,14.734675
-4.922898,5.954454
0.920409,6.537004
-0.338229,-5.081380
-4.001069,-8.318884
4.770411,7.328561
14.737432,0.087602
16.192953,14.331284
17.901499,8.281765
-4.884869,5.911137
-5.009356,-0.579385
5.353235,12.361399
4.856915,-4.749491
17.130310,1.975523
0.829439,2.103188
21.783352,-2.346867
5.455596,10.050788
-4.064484,0.731025
10.825433,-7.176589
-0.752903,3.590307
22.130001,-4.409899
16.419203,-1.675001
15.820978,-3.572704
3.084061,-2.452646
4.814414,3.557940
18.065420,2.018607
4.883577,16.289368
22.047430,-4.543335
4.711388,3.634158
22.040384,-4.516439
-4.002136,-6.108079
18.838814,-0.242530
-0.300655,-5.107426
20.414068,3.602930
8.329102,11.535429
18.864408,9.894864
3.987886,2.185752
14.831268,-0.008113
-2.013104,-2.201552
9.834656,5.878022
22.090338,-4.489970
14.851444,-0.027742
14.726512,0.099653
-1.906456,-0.404574
0.823298,2.113808
-5.298370,1.450410
5.916559,14.561391
11.458931,6.165228
10.510761,-15.746922
3.573432,6.072980
17.375013,10.784776
21.856256,-4.464166
14.279111,9.371277
5.643994,4.643839
-6.595390,2.822256
1.289900,11.731506
22.058126,-4.510727
5.339030,12.344997
11.871725,1.396926
2.546352,6.672915
20.259882,6.385247
2.557848,6.681256
10.241789,8.016218
3.257214,8.306234
22.224287,-4.274969
12.791667,-6.276912
15.140330,2.277155
8.672727,1.343886
0.617748,4.029955
13.393747,12.395134
8.148721,-3.520774
-2.847100,4.412093
-4.861564,-1.045212
20.638121,6.587307
9.949453,3.433577
19.246515,-3.187975
5.009348,-8.379410
10.079099,3.312949
5.223990,-8.473529
3.082958,-2.533417
5.534263,-8.488331
17.059572,-3.941279
17.731443,2.344125
2.891829,-1.899864
5.179955,-0.504330
5.307096,-2.735403
8.996981,16.441574
11.786735,1.449841
3.146691,8.770391
5.572083,-8.507051
5.061904,-8.349198
0.259158,0.312801
0.909057,6.561753
7.390050,9.259628
8.693738,-3.453156
12.107857,6.611954
14.371855,-4.625170
22.053097,-4.532591
0.463606,-3.650567
15.177750,5.520233
16.462084,10.883102
13.356227,12.387652
19.494860,4.489915
13.642032,3.241354
14.300000,4.398283
13.382780,12.382700
12.850488,4.645352
19.270641,-3.232224
23.174561,0.927036
7.491873,9.368424
12.971025,-1.884800
2.920101,-1.854883
2.912284,-1.865996
20.092115,-0.007720
13.971093,-5.123406
13.578315,1.720827
7.702995,-3.460492
1.560611,-2.575213
5.567722,-8.406169
10.503525,9.654430
13.701675,1.845515
7.403419,9.274034
13.390625,12.412396
5.521214,5.612220
5.250830,-8.298631
5.577071,-8.429994
0.939156,7.103038
5.557469,1.995546
12.104794,3.201842
11.300534,10.105802
4.955602,-4.842968
4.004669,14.613023
-1.490181,1.403020
6.284728,-0.249280
2.950102,5.324786
5.129054,-8.194418
11.548871,4.461398
1.358736,7.043297
5.145421,-8.122415
20.252268,5.468582
-0.720902,3.614450
4.688350,3.673105
10.525239,5.164089
0.646581,-2.924537
6.380231,6.836805
4.801619,3.561391
5.529794,-2.711931
7.911573,18.008989
10.747242,-0.650748
6.245168,-0.227777
10.834359,-0.308044
7.921064,3.840142
20.062403,8.040447
9.988249,3.555966
12.115579,3.211533
2.963043,10.880187
5.190534,-0.511155
5.676068,-2.770702
12.447710,5.014168
5.676856,-2.765246
14.830366,-0.007558
19.539536,-7.619056
23.176334,0.932508
1.179134,4.466769
13.186112,-11.051071
10.847898,2.282958
10.873068,-0.350400
19.170494,3.987418
20.064135,8.068213
20.741310,6.497389
1.269268,11.751850
16.489374,-1.616286
17.359762,13.228139
16.504362,-1.635920
15.171348,2.281672
-0.447665,10.885178
1.272151,11.749297
13.220823,-11.021439
-4.878099,-1.007476
11.104811,5.441539
0.646511,-2.911092
4.985516,-8.309456
6.661742,12.458054
-8.709350,-0.994988
-4.139583,2.852675
11.957623,3.046238
-0.750666,13.926142
12.672348,-2.015829
9.691242,13.177937
-4.867323,5.941661
-0.240242,4.835787
17.074593,-3.954057
17.915104,8.295929
3.117759,-2.541405
21.770149,-2.333668
17.322493,5.539306
5.202414,-8.101694
6.201595,9.171933
0.051738,0.531464
12.180078,6.547982
20.196608,7.931802
-0.617031,3.730527
-1.213348,16.295885
4.756258,3.595686
3.129201,-2.547772
3.091360,-2.493788
5.606833,-8.456339
3.288875,4.017647
-4.162902,2.873006
-3.885495,8.018441
13.944950,14.685321
4.861385,16.268162
5.585076,2.027390
8.097271,3.424080
17.077938,-3.961928
12.740956,1.399787
8.542699,-3.228215
11.967676,3.056306
22.094213,-4.462171
14.345599,5.561172
0.826760,6.606710
6.716362,12.403721
9.089286,6.962223
5.599055,-2.766490
14.103831,-10.645948
7.684088,-3.520319
1.408249,7.004303
20.738075,6.502667
-4.882595,-1.013688
7.364268,5.330335
-4.955802,-0.900792
19.885509,-6.242600
13.489320,3.089978
8.547043,-3.232572
6.737662,12.378770
2.925802,-1.858042
9.189280,5.624720
4.225624,0.675134
13.576530,1.719623
-1.523136,-3.523398
11.785026,1.449148
5.607022,-8.440994
8.527844,-3.428294
5.226933,-0.544240
16.849646,8.400361
5.585284,-8.468748
17.035156,7.050233
10.340541,12.524487
-4.865863,-1.040840
4.902070,16.304461
1.445402,10.077642
7.245854,-8.732820
8.457184,-3.594665
20.675611,6.563869
20.723442,6.489727
8.042624,-3.532267
2.936405,-1.911588
9.105579,6.969378
17.039309,7.095425
-1.158175,16.157722
5.656196,-2.760953
5.626025,-2.748856
8.809624,-0.502759
5.424584,-2.793705
16.663050,-1.630693
10.016460,3.397669
11.497689,4.408627
-3.947676,15.301530
5.514685,-8.525110
15.267676,13.983701
7.663238,-3.552296
1.458503,6.978218
5.494841,2.102360
-1.418553,16.029297
11.502582,4.408958
17.045383,7.075433
5.684574,4.609544
8.702438,5.556448
12.292268,1.855792
20.061974,8.054533
-3.304569,6.395300
12.474595,5.030028
-1.906104,-0.404513
10.630349,9.735379
6.154748,-0.129367
7.917194,3.853250
8.152778,3.201779
14.337142,-4.712446
2.967690,2.846056
0.307726,5.810172
14.903392,7.076268
6.992754,2.539446
8.163479,7.129676
3.150792,-2.561471
11.694345,9.074247
22.678665,0.158792
-2.855017,4.434403
11.781138,1.440835
11.783729,1.456074
-0.243202,-1.805104
-8.777057,3.407456
1.674195,0.627340
7.191926,3.735701
2.916757,-1.876030
2.985761,2.828257
5.616666,-8.468346
8.597190,-3.479005
18.885618,9.889430
20.061054,8.055345
6.622633,3.646383
14.098009,-4.450495
8.511357,-3.155929
20.714714,6.488431
14.312480,-4.943853
5.639154,-8.471362
14.755767,0.066556
7.879201,15.992983
8.413775,-3.607374
11.704790,9.057685
8.895318,16.331110
2.957252,10.871901
2.616337,1.313326
13.141857,-2.047559
11.554198,4.409785
13.287520,-11.150627
6.316662,-0.230984
7.923383,11.310123
14.597150,-4.976140
14.907470,7.078094
18.658443,5.629522
12.130293,3.224432
1.986666,-0.707752
20.778194,6.445636
20.069811,8.051093
21.759121,-2.322472
6.994905,-11.540845
6.008020,7.470882
14.790766,0.027275
-4.868067,5.946445
-4.873833,5.944043
16.556496,-1.652397
23.178598,0.932252
7.679295,-3.531189
12.128936,3.217376
2.988532,2.824695
20.060261,8.052624
1.633631,5.831358
20.021179,8.016764
5.609822,-2.665382
2.916720,-1.866808
13.472919,3.075268
7.999107,16.071379
13.464982,3.071072
15.172457,5.516659
5.550678,5.619839
16.543177,-1.677636
14.524979,-4.934467
5.342402,-2.765760
2.942394,10.862293
11.062240,5.404175
13.134196,-10.995199
11.107501,5.444420
4.689147,3.668621
-3.688092,8.525420
10.206152,9.508435
0.617423,3.990752
3.178317,3.868032
5.578353,-8.359381
-4.144884,2.855158
12.339526,7.965631
11.557611,4.467896
5.074507,-8.286524
3.561974,13.013809
10.029273,3.468140
20.720299,6.496703
5.544989,5.522151
6.572518,12.555619
19.044741,10.668382
17.910292,8.301581
8.279099,16.087187
10.506051,5.153688
8.497866,-3.364328
10.519014,5.160360
12.574594,-2.126831
20.676300,-0.044292
10.851065,2.286150
21.731804,-2.294334
7.801737,15.742646
5.289574,-8.364109
8.704967,1.290895
13.907955,6.951899
23.175352,0.930583
13.508979,3.106262
3.282754,10.548165
5.476951,-8.362512
19.135298,12.652643
7.901266,18.009287
1.439573,10.099952
20.727188,6.506917
5.549497,5.624640
17.323832,5.537776
-2.138148,-11.669503
5.551483,5.622211
8.360908,4.725265
11.710455,10.518300
8.806028,-3.532176
7.693276,-3.535742
9.823390,5.878743
-1.900827,-0.399917
5.585173,-8.477211
5.549091,5.611047
5.649641,4.642686
8.298863,-4.295976
-0.251789,4.835872
20.087715,8.072713
7.611588,17.719839
-5.275673,1.437875
14.905494,7.079077
0.626865,3.973735
1.188848,-6.362138
23.176937,0.933149
21.716810,-2.278455
3.088940,-2.482831
2.904196,10.486455
9.156290,-3.596390
6.563357,4.211573
12.283427,1.554660
3.175146,3.862327
11.549089,6.882002
5.656223,4.636462
9.961465,3.366260
23.169529,0.933050
8.436350,-3.901223
8.198080,-3.637291
6.732432,12.380548
13.493176,3.086428
-3.860447,8.074743
1.472683,5.953704
0.253285,0.315648
14.355785,10.651912
11.711986,9.060018
9.858654,3.578050
20.570307,6.569652
5.542771,-2.750485
11.990504,3.082670
13.390862,12.420182
12.598590,-1.998569
8.535462,-3.787263
5.159973,-8.329597
5.417884,-8.038147
1.036791,-6.497460
14.805623,0.020627
4.320803,8.478370
5.288529,8.449010
5.262862,6.849019
3.182083,3.874335
18.662090,13.163605
8.639936,-3.158797
1.481520,10.067696
3.006807,2.802380
14.200066,-10.563754
0.388683,-7.646120
-2.343648,6.120445
8.826589,-0.489962
6.966861,7.909304
5.598065,2.003260
5.373548,-2.545285
-2.801339,4.369499
8.284443,-3.396863
7.480091,15.580235
15.490657,3.254759
6.134949,-0.077858
6.158534,-0.127096
11.779061,1.456434
1.678338,0.622264
23.168495,0.927467
19.228649,-3.152171
8.047238,-3.312203
14.341440,5.572147
14.412128,-5.160837
3.033192,5.284259
5.281525,8.441051
5.333302,-2.618838
15.247552,1.386911
19.497686,4.486381
0.309819,5.808900
6.948850,7.932079
10.402637,1.877466
2.913089,-1.878116
10.076579,3.371816
5.268337,-2.640841
13.281206,-1.897221
15.287300,14.000207
7.319211,-8.660692
11.269824,-4.504485
8.621046,-3.085096
11.774484,1.453684
12.277485,1.540328
-0.220349,-1.837682
5.480544,2.113960
2.304543,4.081740
-2.140774,-11.672245
19.322224,-3.034236
1.642209,5.826850
13.623912,3.223887
8.697561,-3.378835
-2.366191,15.743459
14.457715,-4.650426
3.042566,0.396645
15.069422,14.046486
12.553764,17.076103
7.252306,-8.718012
15.182543,2.290513
5.179249,-8.983546
7.854888,11.429911
3.666169,5.179598
8.155870,3.196951
1.683751,0.615074
15.330060,6.659986
13.404403,12.403108
8.767721,-3.378263
2.966882,10.847783
14.168814,-10.594099
13.904510,6.946373
23.173994,0.934047
4.319221,8.472927
2.532983,6.665726
17.659483,4.098905
14.352074,4.437441
11.464154,4.373998
8.687953,-3.806001
6.126524,-0.172235
19.217096,-3.215938
2.946689,10.889696
13.391664,12.391788
5.308293,6.875013
14.673225,-4.857464
0.640456,-2.889114
19.293470,-3.069055
2.613910,1.284241
14.137160,-4.440715
8.028603,-3.310606
5.395141,5.608849
5.519137,2.079198
5.101331,-8.672381
5.212299,-0.551391
-3.945996,15.301293
10.545329,-6.583972
13.469776,3.067977
10.235913,6.831111
4.920116,-8.668799
8.156723,3.191521
10.108948,3.434690
-0.727759,3.612012
-4.135595,2.848476
7.974694,-3.270297
15.180693,2.293535
10.580387,9.557860
20.678225,1.401945
10.674048,5.265296
20.573536,6.634246
13.939741,6.986869
8.711816,-3.292373
2.905131,-1.839856
5.080591,-8.708944
2.947999,10.883518
16.906202,-1.807445
7.401567,9.271141
13.062546,-1.729612
6.952545,7.924379
2.917221,-1.860527
8.130736,15.540800
5.616925,1.997016
8.553351,5.522767
10.617329,-0.249660
19.279692,-3.087055
10.238356,6.828430
0.477351,-3.635270
9.997277,5.001520
1.463520,10.079939
-3.700285,8.549818
7.350910,2.795928
-0.745527,13.903557
6.987778,10.343512
13.263359,-1.980833
-0.707966,3.625248
-5.982597,8.778580
3.061976,5.281894
7.916822,18.001707
12.186725,6.695847
5.066216,-8.657269
10.817466,-0.675582
7.931181,11.318192
3.168474,-2.584062
-4.056314,-8.385525
12.821754,9.793004
5.045513,-8.752969
2.889134,10.475450
2.612554,1.279437
16.849339,8.400400
6.776903,6.108920
8.672626,5.639693
15.171502,5.513890
-4.859420,5.940286
6.952579,7.924966
9.688108,13.178709
15.271905,1.357842
14.162962,4.322642
11.863793,1.395826
20.047445,8.067348
17.050240,7.103586
20.037413,8.064616
16.393105,0.739423
5.440331,-2.484636
10.653744,-0.227925
2.969962,10.859550
7.416557,9.282036
20.560169,6.644069
-0.623321,3.713259
4.123196,0.735912
-0.721124,3.618746
1.716465,0.579666
6.783858,12.335884
12.811360,-6.291512
8.841324,-10.428509
10.104237,3.325403
13.081833,-1.862745
15.473657,3.263062
16.850298,8.404311
6.502621,14.385859
10.571363,-6.594399
7.048715,2.449785
14.220577,9.099685
5.454288,5.541523
15.078453,14.054249
11.542313,6.886728
8.516681,-3.924572
14.406216,-4.590165
2.917402,-1.846536
7.630515,17.873566
19.252447,-3.079879
5.120911,-8.572232
2.910265,-1.860956
5.462006,5.536206
2.924280,10.884986
6.162548,-0.108026
7.852416,-3.041601
4.793023,3.559402
-4.006442,0.730646
15.423070,3.331047
3.214834,1.469338
2.927123,-1.872533
20.563499,6.643116
8.970502,8.748469
-0.213273,-1.794415
13.139079,-2.105259
3.355845,8.411547
12.169491,6.562016
7.174582,3.725508
20.528915,6.650150
20.268280,6.391617
-3.656136,8.522669
2.547734,6.679806
13.073524,-10.957075
2.242269,4.039424
8.121667,-3.206440
19.349899,-2.991786
14.610458,-4.826426
8.198102,7.125033
4.879319,-8.507354
7.887845,16.399820
8.514728,1.564544
8.647058,1.376673
-2.777833,4.340645
5.408252,-2.588764
6.185171,-0.130967
-2.807687,4.369576
6.645005,12.491135
8.684387,-10.602196
9.793523,3.576621
1.200308,4.547496
13.071742,-10.949310
-2.840182,4.404425
14.688247,-4.888774
20.568983,6.648653
20.017376,8.034081
8.125412,-3.174423
-4.230783,2.938625
7.118780,5.815929
8.820842,-0.490679
-4.093461,-3.905154
-2.795400,4.355448
5.059215,-8.372709
-1.905982,-0.404578
-6.484698,2.728975
1.483060,10.065570
2.951257,-1.812698
14.358321,-5.041937
6.103879,-0.056393
5.105513,-8.058109
-2.333511,6.122163
-1.495320,1.410752
-0.207227,-1.817691
8.938759,8.722072
4.124424,0.734291
11.959945,3.052032
10.167150,3.228737
7.076938,14.139834
19.537281,-7.621935
16.850136,8.399774
8.352338,-3.228540
3.117001,-2.614208
1.557853,-2.575131
2.966014,10.854209
15.168966,5.514177
3.278502,8.326682
6.128551,-0.094869
5.469670,2.129852
17.358934,13.222058
5.223314,-0.531886
2.534852,6.669733
13.483476,3.075609
8.873829,8.654366
15.073586,14.053268
5.385273,-2.543058
5.547053,5.476977
0.895606,6.514739
5.398313,5.592473
-0.218805,-1.760354
10.709221,-6.339796
7.257777,-8.713730
13.662056,5.649584
6.104142,-0.155733
15.328523,6.661814
21.776588,-2.347414
8.327726,15.837893
0.164452,4.526653
0.451459,-3.669892
4.806973,-8.572728
6.184016,-0.128103
16.703011,-1.635054
6.183006,-0.126670
12.828967,-6.318163
12.337975,7.980488
11.947557,3.041155
3.146589,-2.544157
16.776939,-1.547880
8.742290,-3.446491
20.532232,3.404214
13.955507,-4.789781
8.154504,3.205644
3.031826,5.283768
-2.760213,4.317480
5.149726,-8.919836
1.675489,9.881577
5.079941,-8.031384
7.931029,11.322852
0.378102,-7.674479
3.148601,-2.539226
5.385566,5.608896
16.824284,6.687621
13.926342,8.016950
13.511743,3.081754
13.175145,0.122834
13.422342,12.384588
-4.863387,-1.040603
5.139214,-8.955201
16.903202,-1.475525
20.601543,6.556015
-4.062035,2.776148
20.600286,6.666172
3.014501,2.791889
8.549850,-3.063375
8.587121,11.190578
8.097481,-3.444654
4.775564,7.326471
6.747172,12.376314
-1.498205,1.409939
5.917567,-1.546113
2.926733,-1.842802
14.710128,-4.928859
16.897158,-1.482659
-1.897219,-0.396591
10.035838,3.366141
5.413461,5.572241
10.476842,12.224259
1.681945,0.617703
7.928931,11.299039
22.493727,2.837037
17.011181,7.099035
13.400995,12.413423
13.321002,-2.059781
12.272015,1.873951
20.574574,6.635749
5.087543,-0.615205
-1.451343,1.364966
13.478538,3.065387
20.585878,6.618464
13.918292,6.964442
7.074757,14.135807
8.016943,11.283231
2.244317,4.041515
-1.231740,16.298016
5.097153,-8.879760
20.581696,6.638075
4.801055,-8.498890
-0.590830,3.751865
10.833455,2.272838
8.432683,-3.023507
14.910658,7.081478
-0.735444,3.603777
-0.726581,3.610469
-3.945235,15.302019
5.535376,4.635655
13.913098,6.963763
6.861167,6.139824
11.408320,6.120510
5.176241,-8.990271
5.069943,-7.865057
4.766705,3.586533
8.144100,7.135614
23.173235,0.925986
3.182551,3.872092
5.660901,4.638635
2.892522,6.839104
10.158482,3.421976
3.002599,2.805062
13.504575,3.089972
3.002368,2.804130
5.147821,-9.014280
15.261031,1.413313
0.618394,3.978558
8.179721,7.118858
8.687473,-3.042888
6.084990,-0.200661
13.405997,12.419107
8.892606,-10.371696
5.660302,4.636972
14.978801,7.886795
13.151021,-1.858473
-6.481906,2.725354
4.409897,9.414606
7.183681,3.729657
20.573927,6.634796
4.941257,-8.650955
13.231959,-1.871910
8.843508,-3.435516
8.133784,7.124293
15.632141,5.815455
16.939245,-1.799772
8.807273,-0.502832
-0.266832,4.823390
19.279720,-3.070983
8.473508,15.893661
3.019764,5.287956
14.198977,-10.562555
4.949638,-8.740338
20.707262,-0.068511
4.796453,-8.620156
3.859595,13.265266
3.571050,13.005589
-2.137898,-11.669220
3.029668,2.781642
20.654079,6.518207
0.304462,5.800943
5.684383,7.166197
13.510486,3.042825
12.940495,-1.646900
2.934449,-1.843404
0.303194,5.798216
-2.061244,-0.556758
20.510145,6.639638
8.158140,3.203806
1.371017,7.070968
2.972934,10.887198
18.482924,-5.113458
-4.088541,2.799639
7.936871,18.031786
13.807628,6.850668
13.058770,-10.939424
16.389044,0.741678
14.639130,-4.816065
-1.275876,7.654330
11.547983,6.883527
5.418566,5.586426
5.496855,2.100194
-0.261368,4.827137
9.712919,16.075357
5.466423,-2.491335
-2.187999,11.770373
8.785313,5.554042
5.148270,4.643714
7.818860,-3.007246
-2.243388,-2.514991
5.461838,5.518117
9.600862,10.233161
5.473307,-2.854450
15.609466,5.792368
2.954100,10.864902
-1.322946,16.114317
7.999290,16.233780
0.099047,6.549346
12.270636,1.552888
13.268370,-11.097598
3.109888,-2.489269
8.627195,-3.064685
15.187294,5.531674
9.161073,5.630867
10.709392,-0.731163
2.917398,10.468279
8.991210,-10.280036
7.983900,-4.029741
5.120637,-8.111805
-1.896883,-0.398272
13.767978,-4.923829
10.128371,5.055313
5.490918,-2.472414
13.414985,12.426175
0.304649,5.802351
10.408792,12.231241
17.052580,7.076316
10.154081,12.213279
4.817725,-8.501512
2.874375,-1.805735
-2.837267,4.408163
4.327171,8.474698
7.388983,9.265652
-2.242405,-2.518510
5.291213,6.871398
13.462830,3.066196
15.248687,1.380673
1.257287,11.760549
-1.436661,1.344389
12.107423,3.204127
7.091410,14.122717
-2.465012,-3.086231
4.124875,0.735666
2.609071,1.275358
10.668221,5.250430
7.055220,2.470837
5.193793,-0.498879
2.938084,10.848503
20.264927,5.472486
12.843760,9.818164
22.555664,-0.094872
4.079152,2.242524
0.693650,-2.834377
6.968934,4.683116
-1.496809,1.405670
16.613068,-1.603445
7.924008,3.834513
19.273371,-3.191194
4.749985,3.594136
19.268320,-3.195281
2.916139,-1.847641
14.258227,-10.511070
16.865616,-1.546233
5.189412,-8.524551
5.120821,-8.528978
17.916269,8.293083
3.024733,5.322127
6.719906,12.356265
2.994661,2.817848
18.661791,13.163581
0.938566,6.565020
11.529075,8.179057
20.051439,8.066162
11.776141,1.457142
-2.593693,-0.994230
2.998714,2.813225
8.688588,8.489730
19.225151,-3.221593
-0.383910,10.981999
5.340794,-8.618825
3.872690,6.529016
8.139753,7.108866
4.010261,14.615963
8.494335,-3.311216
13.397337,12.400867
2.959539,10.879239
20.291197,4.191850
5.004765,-8.358550
0.093276,0.486051
-5.950747,-1.073931
13.040491,-10.945210
10.145581,5.063846
3.885594,13.282012
15.172740,2.286233
3.850617,6.524153
-6.597614,2.829035
5.471345,5.593613
12.836984,-1.726655
3.013422,2.800550
8.118942,10.526110
4.768948,3.576940
8.367827,-4.199224
5.386502,-8.760291
8.553544,-3.171868
14.354095,10.652657
5.267066,8.421167
-1.494844,1.406306
5.389282,-8.749051
18.694387,5.594619
8.006059,-3.831187
5.507916,-8.464883
-3.998559,-8.319570
3.008467,5.288436
23.178473,0.926130
18.690870,5.595000
13.383686,12.398258
19.282333,-3.131500
5.486242,5.546997
20.559242,6.534687
20.013573,8.027138
8.136907,10.543248
5.472559,5.593455
15.141651,2.259298
8.311773,4.777655
7.314772,-8.662160
20.093748,8.001951
4.763093,3.556891
11.457238,6.164294
8.499013,-3.180551
5.307523,-8.488332
-0.244232,-1.748302
8.760773,-3.748874
13.915417,14.716986
2.043200,1.770094
8.079092,5.025733
13.410549,12.405155
22.677143,0.155515
20.682001,-0.050376
-4.572454,3.272111
3.179687,3.862805
-2.615612,-1.023237
2.944430,-1.949064
9.052711,-10.220851
4.991110,-8.373263
14.216090,-10.545676
2.195909,3.979698
5.266685,-2.814479
-2.172346,-2.433222
7.929231,-3.904734
18.658459,13.167740
8.145828,7.123214
8.709507,5.555202
4.128994,0.732521
8.193619,7.138046
-2.137635,-11.669120
5.695068,7.166775
3.057492,0.374882
5.933387,-1.513865
7.013522,5.607713
6.969687,4.681774
20.531527,3.403010
8.194735,-3.788067
14.210668,-4.577650
6.768860,6.122799
8.773643,-3.728465
13.951209,-4.944620
6.644916,3.650533
0.095365,0.485568
2.941198,10.836612
1.178634,4.463337
9.687702,13.189479
11.786271,1.450952
14.651988,4.110679
12.825254,-1.788924
8.842140,-10.409332
5.491895,2.098632
17.322958,5.536659
-8.720161,-0.984542
0.927566,6.553562
8.748373,8.544253
7.026232,5.694319
16.141205,14.303090
-4.060726,0.733167
4.417651,9.420091
8.894196,8.686092
19.506195,4.496700
14.690918,4.894969
5.488950,-8.009103
10.855063,2.287232
14.212971,-4.962426
8.986343,8.762615
9.008853,8.782662
5.223110,8.382782
8.973300,8.746805
14.696247,4.910875
8.621403,-3.348064
10.902350,-0.360243
3.917182,13.310023
5.204306,8.367820
13.122913,-2.251997
8.641974,-3.408729
7.747591,-3.508466
23.169222,0.933249
8.559421,-3.442847
-4.863580,5.937010
4.982957,17.614788
12.325679,7.987501
16.830421,8.382911
-1.227653,16.152908
8.815345,8.601377
7.165924,3.726027
14.346424,4.435747
14.978065,7.897413
12.964137,5.257831
19.274279,-3.049930
10.591658,9.755151
8.340219,4.715061
10.613584,-6.606132
7.247656,-8.722397
11.150595,10.027747
13.417239,12.409862
4.413258,9.418722
10.534741,-0.241335
8.398211,-3.330062
3.281213,8.326397
1.676284,0.626788
5.679393,1.922353
5.371298,5.621398
4.911955,-8.792269
13.964918,14.668579
2.263554,4.050199
5.380383,-2.549858
5.486155,-2.495180
16.932100,-1.475534
-5.187787,-5.264631
13.076818,-10.953480
-3.313392,6.402196
-2.808061,0.603944
4.927983,-8.822662
6.504032,14.385798
15.608497,5.791740
4.895751,-4.788983
19.888052,-6.243923
13.608766,3.204130
16.653465,-1.608050
7.493094,15.586889
4.948000,-8.458133
0.621208,3.991444
8.756167,1.274617
11.690465,9.073250
12.850703,9.822111
-2.809173,4.375225
4.411831,9.419020
13.404201,12.402556
2.960512,10.866097
3.279934,8.321558
2.967621,10.860778
2.925312,-1.847162
0.314064,5.806015
8.224047,7.107321
8.800898,-10.413670
17.694515,2.320294
10.119113,3.313146
0.262504,0.320644
6.834979,12.273396
5.522358,5.493126
10.275134,12.567365
10.853387,-6.916973
4.971298,-8.849068
17.330479,5.551713
7.075045,14.137167
13.916575,6.963383
22.558184,-0.089538
23.168293,0.932816
4.998776,-8.410725
8.121987,10.528217
5.166049,-8.933104
1.522071,10.026727
7.374608,9.281710
3.190013,1.500915
17.726009,2.341923
21.786842,-2.353809
-2.359046,6.085844
2.920928,-1.867780
3.584008,13.002159
20.573824,6.635572
8.670499,-3.797482
13.371389,-2.026219
13.415236,12.419991
-2.625506,15.568515
8.174368,7.135027
8.650649,-3.084614
14.301086,2.104083
-4.850333,5.937383
-3.699798,8.564362
8.809473,8.591427
-0.216690,-1.778919
-4.862001,5.936746
7.938839,-3.235018
5.578029,2.033479
3.716429,5.153705
1.645588,5.829154
4.807045,-8.520910
4.941318,-8.657429
7.941361,11.299279
-5.250174,1.490495
13.067674,-10.988952
8.791584,-3.298884
4.818328,-8.445998
5.234590,-8.941978
10.555915,-0.239012
8.837554,8.628104
11.495230,4.404176
8.230922,-3.208569
13.605316,3.212213
0.506330,6.539431
3.586671,6.093701
21.766001,-2.324938
20.603714,6.562842
20.026165,8.062864
13.418252,12.395717
9.592335,10.237122
3.052058,0.382423
3.566759,12.992451
8.629585,-3.047341
12.185602,6.553285
-0.748030,13.908525
8.999162,8.784946
4.828300,-8.592100
0.237885,0.324414
14.573284,2.234272
15.192654,2.305778
22.676805,0.155527
3.047742,0.389229
8.065697,-3.419329
5.252504,8.424412
-4.144369,-3.939752
7.922113,3.838187
5.619545,1.998328
-0.207878,-1.800292
5.273330,8.444577
10.632250,2.133149
-3.314268,6.401378
6.624342,12.517909
3.572623,12.996619
13.281442,-2.088929
8.923229,16.355734
11.018084,10.371557
-0.492788,2.093062
6.655840,3.642670
6.631509,12.515131
9.948606,3.431235
-1.282046,7.650100
-4.860892,5.911590
13.064480,-10.952406
4.921264,-8.543846
7.911854,18.007614
5.407561,5.587926
2.076989,-14.041457
2.522269,6.664567
8.533103,-3.369740
21.750654,-2.325084
0.302784,5.791767
13.701784,1.845528
20.576910,6.640865
9.609231,12.147496
16.538551,-2.086933
2.801715,5.292719
23.169926,0.925038
-1.401536,16.045610
4.433308,9.442375
14.333869,-5.082215
5.483727,5.501995
20.257404,5.463873
5.329905,10.174063
13.026310,9.088231
8.143998,7.186329
13.978901,-4.806632
8.636317,-3.181734
11.498595,4.409888
4.416862,9.418418
15.144781,2.262075
10.035744,5.036933
-6.195468,-3.905075
-1.441902,16.005690
8.714644,-3.802963
3.868031,13.273690
-1.210232,16.290600
-4.947115,-0.910951
12.704521,-1.976297
12.304758,7.942986
17.758690,2.360237
20.058632,8.058284
8.329877,4.746616
13.201475,-2.064845
-8.771701,3.407163
5.731806,8.611794
10.105599,11.089530
5.507080,5.516721
13.486549,3.087842
-0.123437,-1.674798
0.862888,3.406612
12.736525,1.399125
5.130965,-8.146043
3.024680,0.404645
-2.319355,6.109553
12.833965,9.799668
5.201148,-8.069453
3.121331,-2.497116
8.126535,10.532938
8.923121,8.705741
12.245414,16.556047
12.244020,16.558989
10.397727,1.871884
6.777544,12.344561
-0.619991,3.722224
7.185279,3.730717
4.875367,-8.815601
13.487732,3.072034
8.085937,-3.467300
8.927930,8.711409
8.927669,16.358145
-4.864008,5.903236
2.931793,-1.850083
8.655869,-3.409878
-2.827228,4.387811
6.134794,-0.223226
11.865042,1.399861
3.043905,0.392006
18.664518,13.160971
8.942423,8.723273
8.768488,8.566519
-3.309034,6.398407
16.828318,8.380907
5.502017,2.095829
-0.609319,3.732501
19.493601,2.088342
5.501863,2.095145
5.375471,-2.867755
7.552429,4.398712
7.164804,3.726521
-0.763896,10.504919
3.198014,-2.613269
5.492040,2.103149
20.585945,6.580182
10.084947,3.435585
2.922780,-1.851531
4.884530,-8.726872
0.941212,7.113084
8.684644,-3.255367
5.259520,8.433846
13.466546,3.059457
11.486466,4.396164
19.463644,2.118402
-1.653885,7.519253
20.443575,3.489398
22.677647,0.156468
7.988170,15.978487
8.715652,5.568229
3.256375,8.305152
5.483905,2.118037
2.911350,-1.857181
8.280640,4.784514
-5.294607,1.456139
8.117611,7.176904
5.491242,2.106287
8.195062,7.139418
5.622111,8.710350
15.592818,5.779852
0.487487,-7.557501
10.350455,1.819146
5.499741,2.103378
20.574976,6.629098
9.956532,3.410275
-3.308178,6.396902
-6.584769,2.825037
5.248662,8.424958
13.359303,12.354224
13.208219,0.154625
5.525208,2.085427
5.168837,-8.982931
14.694342,4.894289
10.849316,2.283927
9.613266,10.216300
23.168966,0.927827
3.032665,0.405494
1.635321,5.833001
8.868367,8.647460
-3.947709,15.301011
5.254140,8.421477
5.269547,8.438559
15.601158,5.788641
8.565133,-3.373312
7.830779,-3.058028
8.841801,8.634843
15.186223,5.530173
11.675385,9.084242
5.247169,8.418633
-2.837498,4.400523
-2.136540,-11.667909
3.829950,13.233400
12.222081,17.413965
10.104964,3.281998
8.282302,15.749327
11.782279,1.456398
20.465197,6.194804
13.286907,-1.935967
13.423500,12.438741
5.256410,8.421597
5.246981,8.418659
14.346710,5.568137
8.138243,7.140013
9.631269,10.196022
-4.863338,5.926137
17.053768,7.111793
3.186345,3.875739
4.888758,-8.760319
23.167490,0.927588
10.132924,5.055659
8.851162,8.638524
7.928248,11.313186
4.417421,9.423541
10.390554,1.865746
1.481063,10.071125
20.608088,6.616710
10.097140,3.287479
15.173316,2.288547
5.676176,1.930203
10.402742,1.874737
5.177666,-8.976466
5.166595,-8.982140
5.945531,-1.515070
-6.604960,2.843809
3.357885,8.421439
-2.410956,15.715457
12.337164,7.975473
7.505951,9.386118
6.103774,-0.077194
18.659283,13.170766
15.317267,14.009925
10.039130,12.130445
8.216582,7.103502
2.946555,-1.878797
13.575196,1.718416
16.573252,-2.066834
20.464540,3.489252
8.313568,4.748752
-3.657666,8.517608
12.322019,16.672161
5.427481,5.566447
-4.044172,2.756788
13.055502,-10.940812
13.493332,3.085354
23.170855,0.923276
-0.241807,4.835625
-0.476358,2.099920
20.528376,3.405841
1.155198,4.442722
1.445421,10.081740
10.637927,9.470786
3.125314,-2.523502
15.172868,2.286104
-8.709080,-0.995436
3.289731,4.013967
20.695177,1.429024
23.171173,0.927273
12.484846,5.008415
-1.226877,-3.711305
11.005424,10.368407
8.755820,1.256669
8.650039,5.523346
3.283790,4.016603
-1.074179,5.577542
8.492282,1.594694
8.282609,15.714184
3.042258,0.397814
11.876597,1.385768
13.576221,1.719679
2.923613,-1.881859
14.649664,4.115144
-1.496266,1.401657
0.471378,-3.634851
20.017282,8.046006
12.839468,9.823037
0.660908,3.949255
1.569379,-2.571419
5.502300,2.093800
19.177010,3.991184
13.456861,3.064252
-2.921738,4.493538
20.032166,8.048644
9.603289,10.230394
3.157131,-2.569762
15.599380,5.787594
-3.946105,15.301636
1.620400,5.807602
5.424289,5.579704
8.751115,5.527079
2.919513,-1.899794
8.815027,8.602850
6.096147,-0.025638
5.140420,4.643140
0.169029,4.522998
12.677073,4.459127
10.675401,5.260083
7.198780,3.741625
10.133697,11.075645
10.667064,9.451705
3.152508,8.778628
-6.483756,2.729650
23.167950,0.927272
20.444008,3.500888
23.169851,0.924824
19.496334,4.490681
0.630763,-2.922820
9.995567,4.997839
8.120968,15.526897
-0.248246,-1.813723
8.820323,8.608001
6.624524,6.508281
5.891446,1.724851
10.229357,6.841258
13.464716,3.063520
2.647114,1.241291
-8.715816,-0.989436
-1.625343,10.745378
11.584816,4.499597
-6.449561,2.694688
-1.266901,0.966245
16.594648,-1.631028
20.586639,6.618724
13.893096,6.937788
21.765478,-2.327757
-0.247515,-1.804576
-0.637862,3.729523
5.094777,-7.828114
0.847670,3.403194
0.417379,-7.652668
10.517409,5.167883
9.978074,4.978798
0.264909,0.293650
7.158083,5.859001
0.226137,0.295569
1.638215,5.826046
6.370634,4.103208
20.593430,6.566059
-2.508151,15.666317
3.043220,0.392812
0.265351,0.298788
10.912893,-6.617477
-1.314941,-3.663802
20.609793,6.595211
12.962455,5.254072
3.900367,-3.950027
11.019701,10.384952
7.843194,-3.088261
15.171313,2.286534
-2.238386,-2.516948
13.205417,0.159351
20.062809,8.076665
17.322855,5.544174
2.305417,4.086396
8.774538,-10.478963
13.489269,3.085835
13.410061,12.408087
5.665497,1.938786
-1.015183,5.581492
5.346061,-8.891331
5.509925,-2.595836
20.530590,3.407205
13.926696,8.019177
11.859325,1.410183
20.534430,3.412055
5.243799,8.392283
2.962512,10.877254
19.934933,4.381859
16.831964,8.384962
10.549191,9.933139
8.821746,-0.507498
8.299706,15.741838
14.117945,3.727102
8.157284,7.139860
20.260906,5.468831
15.193106,5.529078
7.845638,15.971657
5.453998,5.516727
10.090088,3.350366
2.916112,-1.853049
5.949807,-1.508911
5.262257,-8.902847
13.910373,6.959788
7.925330,11.296468
3.025169,5.287047
14.311993,-5.066466
12.273290,1.868325
15.172332,2.287306
20.258158,5.464872
5.487962,2.114949
12.700596,4.633345
14.903238,7.078721
5.522722,-2.585297
-0.175150,-1.756915
8.832480,-0.490055
16.643862,-1.600008
3.183964,-2.586600
4.423331,9.431853
7.501146,9.373835
5.067862,-8.476970
8.455214,-3.124646
-6.241804,-3.959883
12.838356,9.823530
-5.188332,-5.264228
5.366859,5.599144
-0.729293,13.886446
4.922517,16.322308
20.195242,7.932920
11.234395,1.356944
-0.259523,4.827956
13.090590,-10.963882
8.919725,8.701009
13.186563,0.132452
6.949247,7.919639
12.959172,5.250703
15.360039,14.022951
3.043053,0.393352
13.473022,3.065418
12.273411,1.878496
12.274236,1.872437
11.781362,1.455830
-0.047163,-5.057044
8.903362,8.685019
9.125683,5.605371
11.776965,1.459511
8.531012,10.308008
7.929402,11.301023
15.179309,2.290004
20.257410,5.465281
12.723906,1.403608
1.355040,6.930917
5.085588,-8.747547
-4.544477,3.245131
8.823483,8.615052
13.024112,-1.818181
20.533394,3.410328
5.478860,2.120043
10.664487,-0.284692
7.899710,18.008715
3.264265,8.309684
-1.019553,5.575511
8.210459,10.587285
16.828014,8.385032
5.413229,-2.617002
8.829507,-3.751409
6.168313,-0.091395
13.194562,0.138482
12.959029,5.255275
3.043965,0.393175
19.459333,14.199548
-1.487939,-3.552810
7.920823,11.300279
-4.942258,-0.911996
8.820577,1.257985
6.128012,-0.170134
5.261653,8.426605
12.849383,9.820256
9.042314,8.830601
12.673915,4.458571
4.966652,-8.498331
5.672857,1.931259
14.118804,3.726871
17.914705,8.294712
2.611560,1.283953
4.867579,-8.570540
3.184678,3.873391
14.715870,-4.903221
9.603091,15.694358
13.609986,1.753163
6.280067,-0.239630
7.465437,9.342171
8.870951,8.654573
0.655532,-2.870713
8.792233,8.580270
11.774911,1.457999
19.513985,4.491497
6.169901,-0.199600
8.907314,8.682707
-0.195146,-1.833668
8.871454,8.662415
8.936527,8.725483
10.036701,3.486967
14.347073,-5.115017
20.588402,6.581723
7.838419,-3.086346
5.473659,2.122518
7.869804,-3.122878
-3.983386,-6.129112
13.662137,5.648093
12.557257,4.064878
5.656120,4.639792
5.911049,14.564007
20.580612,6.627569
13.578462,1.719754
4.005027,13.350313
14.301872,2.096049
3.180643,3.865338
2.929758,-1.855585
11.519893,4.466158
13.941805,14.686475
10.509284,1.977247
12.086233,3.184330
5.191284,-0.504978
-0.713849,3.622137
11.802007,1.474099
6.364719,4.001552
9.992826,4.996503
11.275177,-4.465000
12.934163,5.226498
10.143627,5.060224
-3.661171,8.527482
16.832067,8.386444
12.177908,6.566617
8.132245,15.540723
5.004631,-8.593116
4.852839,-8.440166
10.162811,5.065392
11.234186,1.353517
2.997566,2.812606
3.921590,13.301892
8.791955,-0.489595
13.617274,3.218204
5.332993,-2.669261
5.754260,8.624223
0.436110,-7.617699
20.484554,3.457320
13.462651,3.066875
2.941734,-1.873768
8.511846,1.571152
0.391343,-7.653594
5.080426,-8.509216
6.086742,-0.172394
7.857753,16.424410
7.396155,5.165901
0.094840,0.483612
-3.309933,6.397531
6.728019,12.394529
5.181906,8.352981
14.170507,4.309592
7.852490,-3.075330
4.996362,-8.245540
1.084934,6.640957
13.667755,5.652546
20.293625,4.183854
0.115159,0.464726
1.351144,6.972373
0.829436,6.591232
8.562021,-3.219247
6.947441,7.926272
10.505080,5.150166
1.635274,5.830722
6.646499,3.651927
8.174033,7.112392
3.359620,8.427870
12.314077,7.948339
-2.841109,4.404577
7.556444,4.405843
3.218820,1.450139
23.186428,0.915106
10.507705,1.973975
-4.884037,-1.019650
3.122767,-2.513976
5.282845,8.447590
-2.249154,-2.522505
20.586214,6.620033
7.368699,2.801788
22.848095,0.488068
8.597700,-3.140455
23.174976,0.922790
21.759541,-2.323971
5.746166,8.618928
8.466338,-3.945674
14.284390,-5.242253
10.818650,-0.317237
19.344997,-3.030946
4.439168,9.443365
8.156635,7.150791
20.584230,6.620217
5.276975,-8.863541
5.264946,-0.531953
9.633095,10.195156
3.042031,-2.434119
15.152819,2.268934
0.944403,6.515126
10.327394,12.493328
-1.905463,-0.403976
10.691910,9.836054
0.808861,3.363161
21.887529,-4.390125
6.259842,-0.184271
20.562054,6.612195
5.092350,-8.249071
11.773417,6.309141
2.614662,1.270991
1.552140,-2.579387
2.610280,1.290565
3.173739,3.946448
9.170652,5.621739
15.041696,14.083294
5.490427,5.606421
5.230994,8.397610
8.921739,16.355473
4.424119,9.428031
15.044120,14.063014
13.119806,0.061523
5.256288,8.419878
5.389223,-8.509353
10.505082,-6.665539
7.076222,14.138772
5.396913,6.988184
19.502016,4.497348
15.598061,5.782875
22.555077,-0.096101
16.829842,-1.512172
7.382209,2.807643
8.468684,-3.442662
15.174136,2.287135
10.712747,-0.270155
-1.497109,1.405086
5.530733,-8.499564
0.248010,0.315821
11.043500,10.324953
-9.196086,-0.540979
8.821846,-0.489436
8.218708,7.121973
5.535225,-8.536812
10.617721,-0.443191
15.149746,2.275729
13.190203,0.132237
8.899181,-3.518871
9.602950,10.227784
2.915835,-1.849610
8.313625,4.761999
2.608104,1.291979
2.913579,-1.855725
20.439949,3.504679
19.497784,4.495477
12.271102,16.571363
19.331379,-3.010382
14.976897,7.888402
7.048287,2.544365
1.702052,0.589156
6.134567,-0.247119
14.427593,-4.971013
7.863469,15.976442
8.947156,8.721001
8.878124,8.661258
14.684095,-4.901976
12.275922,1.555837
5.141962,-8.344471
11.981262,3.075804
4.021570,14.624810
8.297632,15.746983
5.138845,4.643031
17.322243,5.539835
8.504048,-3.910549
7.988539,15.907341
11.015658,10.376348
1.639699,5.829870
5.287120,8.452659
3.181371,3.863321
-9.199071,-0.535999
2.873441,6.854402
-8.774365,3.407026
5.258912,-8.001245
-4.881584,-1.020900
13.146834,-11.011957
-0.639602,10.611694
-1.276007,0.979447
12.336109,7.968286
10.848011,2.291726
8.207505,-3.282761
-8.773692,3.406966
4.990798,-8.366479
7.965789,-3.940161
13.517160,3.115864
7.133676,5.851417
1.450023,10.096606
5.508485,5.544954
7.498255,15.595667
9.018153,8.800838
20.061172,8.060494
2.913991,-1.873770
20.295002,4.186670
3.046474,0.389910
4.010382,14.617490
2.974238,10.834149
5.491077,2.102413
14.254497,-5.018114
8.171961,7.156592
-4.865895,-1.038243
10.684326,-6.780351
5.060634,-8.424297
19.502125,4.494157
-1.120314,5.139513
8.549953,-3.503675
8.521111,-3.218217
19.501593,4.494927
11.023541,10.374391
5.372423,-8.500477
7.903530,18.005243
10.402053,1.876287
10.819815,2.256772
-5.276826,1.429513
13.212708,-2.255862
3.284166,4.015078
6.275962,-0.198421
5.527317,5.616213
13.174980,0.122105
5.566565,1.990359
20.724762,6.500279
20.295696,4.186204
3.175919,3.866322
7.743093,15.696178
20.680809,6.539648
4.119913,0.739437
12.268934,16.601889
7.282347,-8.739156
0.615244,3.999275
12.331569,7.974095
2.920295,-1.874555
-4.274492,2.947994
20.291075,4.191848
22.554491,-0.097746
14.348407,5.563785
0.284389,0.288011
5.175015,-0.493092
11.649463,9.118980
6.201366,9.164671
11.784189,1.454856
19.177414,3.991771
20.682152,6.529846
10.524496,5.164207
8.592207,-3.238504
15.161534,2.273501
12.488779,5.018681
13.701958,1.844705
12.809121,-1.991422
12.330318,7.961499
15.188540,5.530192
8.545924,-3.924397
20.690109,1.437394
3.351873,8.417922
1.632926,5.833328
5.250404,8.395566
8.922030,16.354755
13.488993,3.079037
1.441741,10.097187
11.229052,1.356658
17.385017,13.248672
-1.488064,1.395383
8.291125,4.787234
8.137402,7.108080
20.723856,6.511937
11.780231,1.453984
0.108084,0.471154
1.181426,4.469024
8.575118,15.924815
3.048502,0.372515
9.070169,8.846751
13.624144,3.222981
-0.735277,3.596037
20.676992,6.555707
3.815549,13.221645
0.876069,2.053619
12.302030,1.847909
20.190113,7.937033
4.126612,0.735590
-1.244735,16.149183
3.582255,13.008063
13.165900,-2.287045
17.322840,5.536904
22.665958,0.133541
6.641189,3.668387
23.177164,0.932766
2.546495,6.665936
5.253102,8.415831
8.933656,8.723330
8.474778,-3.838085
5.485862,2.109014
7.909607,11.289403
11.896402,1.363245
1.716029,0.581150
11.610126,4.498333
3.573465,13.002204
5.932245,7.259539
-4.881356,-1.021325
4.401474,9.405263
-0.926226,-6.616458
13.578580,1.718781
9.060993,8.839179
3.044923,0.393694
14.349632,4.445262
12.968943,-2.001358
9.598096,10.231953
9.037242,8.814426
8.423885,-3.622939
5.256100,8.423017
8.796782,-0.514868
15.413933,3.311536
19.781668,4.491552
20.533754,3.413318
13.287779,-11.135673
8.675707,-3.804545
10.347569,9.610522
5.494972,-7.757837
9.103877,6.966826
5.289544,6.875986
-0.247012,4.824785
20.063000,8.051528
12.677529,4.460770
8.987623,8.761928
13.263411,-11.084888
14.352763,10.647697
9.102987,6.969536
12.019874,3.112407
-1.925413,-0.425049
5.506550,5.566307
7.369076,2.797042
5.225845,8.376155
-1.861050,-4.787934
17.013802,7.040491
0.085086,0.494433
14.694248,4.899947
12.099257,3.197524
14.978842,7.888697
17.320978,5.540702
0.245356,0.317213
2.927944,-1.866653
-4.813206,-1.094951
16.528471,-1.683501
3.100732,-2.567556
14.343406,4.438972
12.803669,-6.290840
4.769041,7.328316
6.951424,7.925602
-1.439316,1.344208
-2.323964,6.116333
15.156777,2.277045
12.301933,1.849185
4.426469,9.436870
-0.079850,-5.092425
12.700644,-1.997076
20.712242,6.527199
13.213247,-11.084329
0.852797,3.409257
15.143377,2.259786
8.155979,7.115053
8.857994,1.155752
15.160684,2.280028
-4.862397,-1.045608
6.652870,3.644466
0.952192,6.527258
4.419239,9.423280
19.178116,3.992586
7.561584,4.941937
9.053423,8.831051
-3.109860,8.466524
10.634024,9.518734
3.101437,-2.483255
-1.402803,1.309174
8.675455,1.330921
13.368814,12.393372
1.711973,0.583424
15.165483,2.278198
10.741866,-7.145108
13.121826,-10.976166
1.369738,6.966085
14.973928,7.888553
0.829677,2.101587
12.785567,-1.831730
21.755018,-2.319523
14.781545,0.037065
20.735683,6.508922
20.297016,4.179334
4.016246,14.616880
10.500721,9.644950
14.164833,4.323621
5.680314,1.922762
7.835681,-3.042545
8.969363,8.752727
3.154690,8.681673
5.188375,-8.971981
7.560094,4.401559
9.599798,10.232311
18.723955,5.567918
2.305387,4.085871
15.075340,14.052241
8.114431,7.080196
5.417811,-2.471367
3.002748,2.804632
7.922341,-3.019626
10.155849,3.426079
2.901891,-1.876580
4.865186,16.260265
12.074282,3.167758
11.865900,1.409635
8.941463,8.733743
8.881570,8.663520
-4.554078,3.256505
3.850644,6.535982
3.123820,-2.533426
0.249873,0.306626
20.636124,6.701096
5.477060,2.117075
9.994153,4.998206
13.800234,4.373609
14.362276,4.434000
-4.857327,-1.050609
14.118312,3.727819
3.180889,-2.601780
7.191493,3.734980
10.820048,2.255307
2.929148,-1.852502
13.197248,0.141107
10.706038,5.279666
7.868742,15.940979
3.255605,8.303450
-2.296258,6.157600
8.657810,-3.158238
0.414634,-7.627958
-1.626018,10.745304
8.682516,-3.304995
5.513795,5.466816
6.364540,8.948885
13.918925,-4.717515
5.556139,2.008875
-0.187354,-1.766826
8.828032,8.612764
1.733333,0.564451
5.095243,-8.785202
5.383360,6.966601
3.154867,8.783867
4.420474,9.423819
20.574261,6.622789
14.136065,-4.467086
11.487316,4.400426
5.430288,5.450552
16.849392,8.401214
-1.906971,-0.405426
11.017544,10.387306
10.391861,1.865805
7.933135,18.012787
12.230623,16.574821
22.676996,0.155766
11.500774,4.405627
3.140320,-2.535965
20.462317,6.701143
12.530000,17.039877
3.044948,0.391320
8.821125,-10.465251
-5.188237,-5.263332
-8.774398,3.407116
12.273085,1.875235
3.182619,3.867355
4.411629,9.418142
5.256273,8.475518
4.862519,-8.483458
-1.246530,16.216864
1.455157,10.065166
5.596290,8.684548
5.224274,-8.910828
-3.945110,15.301839
2.964493,-1.801606
10.138742,5.058635
5.074009,-8.496072
-0.223902,-1.865461
7.951311,15.969032
4.876588,-8.742279
4.827431,-8.545527
8.128650,7.122492
10.878941,10.229527
4.974553,17.627083
7.931384,11.322029
13.467281,3.060505
4.966836,-8.829677
15.179865,2.290620
6.968197,4.682861
13.920178,6.964350
8.636148,-3.112430
2.874213,6.852776
6.420126,6.766776
-2.188987,11.771530
9.994781,4.996943
3.167191,-2.554418
12.344934,7.986875
23.170631,0.925081
20.741259,1.382040
23.169308,0.922884
14.611397,-4.915542
7.181186,3.729941
5.259576,-2.585972
9.628696,10.198244
10.508286,5.152883
16.948198,-1.427227
15.201588,2.313854
13.515312,3.066947
16.915348,-1.463140
23.169748,0.923349
11.883327,1.380952
5.496907,2.097812
20.612421,6.663376
20.741537,1.383064
8.281583,4.782895
4.872824,5.874477
-2.331705,6.126352
12.962639,5.256423
13.860671,4.411797
3.183426,3.872169
8.179908,7.140304
8.209381,-3.831007
15.176526,2.283350
8.806030,8.599213
6.390279,6.834227
1.558244,-2.575676
17.050331,7.096542
5.287289,8.443680
14.346507,4.438899
6.808580,12.302860
15.156555,2.274007
9.606679,10.226792
4.413468,9.419809
0.245409,0.310611
-2.189303,11.771251
4.397074,9.393228
-3.937922,15.303111
4.853447,3.522521
3.051189,0.386034
-3.905847,7.991490
2.890396,-1.833428
10.657856,5.253684
-3.627186,8.525011
8.437883,-3.936775
20.693752,1.433710
20.077307,-0.010490
8.145331,7.094296
8.078260,-3.356384
2.302264,4.083224
20.054312,8.065605
8.182358,7.198556
11.707875,9.058289
19.791794,4.484246
8.158322,7.149086
-1.291031,16.129568
8.838333,8.616561
16.830864,-1.573911
8.285265,15.730397
20.254227,4.074924
4.743185,3.612576
12.679823,4.448562
13.211332,-1.868622
5.502123,2.099087
23.170055,0.926952
1.152095,5.697494
-3.318514,6.399031
9.637639,10.197576
8.681566,1.324422
16.832474,-1.564059
5.254675,8.422294
9.624321,12.162318
5.402228,6.884218
-1.503989,1.411568
3.039035,0.394283
16.453655,10.866264
7.772852,-3.061219
2.937181,10.845318
-1.190411,0.867324
3.634181,5.119405
20.578457,6.626369
4.859383,-8.485883
8.133694,7.161204
7.836808,-3.085619
15.420816,3.303198
6.871237,6.103281
5.492804,2.102402
3.142602,-2.589565
10.090332,3.349087
0.136832,4.553988
7.944219,15.976681
20.741039,1.384382
6.674045,12.435534
13.728422,1.872514
4.783022,7.323428
7.557567,4.406195
3.300656,8.083755
2.918322,-1.861218
13.476705,3.071935
5.503066,2.106034
5.492963,2.103905
12.273692,1.872069
13.511698,3.107556
6.975907,10.354162
13.625546,3.223487
5.954645,-1.502430
13.039280,-10.946824
4.412706,9.424174
12.248757,16.576502
13.035564,-1.757996
8.812984,-0.490861
20.632954,6.560002
8.179645,7.173034
8.158219,7.154886
4.994070,-8.404318
8.838459,-0.476841
8.648139,-3.471246
20.583838,5.592504
4.967683,-8.079695
15.193479,2.308434
5.546149,5.508261
12.661960,4.443618
2.610146,1.290315
14.570346,4.143281
7.557404,4.404892
14.603922,2.205356
20.744226,1.378506
10.143129,5.063110
12.334534,7.968347
-2.816294,4.356709
13.490409,3.089617
13.124914,-2.068681
23.173483,0.934427
1.709543,0.586805
10.025003,3.381324
2.920975,-1.860104
10.818515,2.254639
8.503049,-3.657933
8.233191,7.113535
9.934110,3.456557
-2.817970,4.386489
17.684555,2.320552
-3.658447,8.541809
12.676524,4.461359
-3.315346,6.385161
0.171246,6.605528
11.103226,5.440826
5.189771,-0.518233
12.335510,7.977812
12.103424,3.199467
19.498007,4.489687
8.650459,-3.515151
20.260254,4.122108
6.815237,6.167684
5.499220,2.099067
14.908761,7.066313
5.292430,6.870948
15.419619,3.302114
14.348106,5.567005
20.066732,8.052451
1.447629,10.093536
20.748537,1.374944
8.230901,7.126428
8.917348,16.349775
11.451689,6.158768
7.997526,16.245012
3.567441,5.087519
2.243720,4.040356
5.491252,2.109084
3.145451,-2.532966
7.490897,15.579206
13.583208,1.725562
7.555999,4.403702
0.452870,-3.670635
7.920595,-2.997265
1.178048,4.464906
4.417391,9.421980
2.611856,1.287440
5.493824,2.100058
3.564069,12.991465
15.182637,2.290784
3.853804,13.254839
10.805677,2.251623
8.752593,-2.986742
5.361201,-2.584652
3.188235,-2.449641
5.076104,-8.733041
10.633946,9.482637
8.512485,-3.029651
-8.773523,3.406740
8.625509,1.382861
8.822005,-0.489932
20.584116,6.631981
3.008171,2.799192
11.486137,4.399531
5.507639,2.089783
5.446215,2.150463
12.863395,9.808815
10.089614,3.324692
7.836829,-3.008622
13.482283,3.069050
13.569763,1.712090
-4.503157,3.208574
8.859499,8.644547
10.814456,12.341499
2.612600,1.284734
8.191306,7.127961
-3.314242,6.399226
5.535455,-2.525942
8.133336,7.122236
-0.579274,3.764476
4.817244,-8.646405
10.100537,3.492191
13.077214,-10.955124
8.774781,-3.240426
21.776711,-2.362831
10.473461,9.615623
8.927168,16.361780
8.157447,7.162417
20.415340,3.604172
8.725305,8.527786
3.042847,0.389483
8.684974,1.328588
15.251844,1.380040
15.162580,2.285395
10.623491,5.236166
15.251020,1.382938
14.905993,7.074819
-0.627905,3.713691
4.420693,9.426925
15.175422,2.288908
-4.948927,-0.910115
-1.626803,10.745108
17.917311,8.300756
8.832471,8.623782
10.089520,3.309378
-2.502890,15.666862
8.789938,8.584508
11.708838,10.514607
8.171370,7.123093
1.177951,4.469417
18.832600,-0.247680
3.367978,8.430107
8.929221,8.708955
2.954001,10.870226
12.227917,16.536572
10.880815,10.249877
3.179645,4.849627
7.873685,15.986072
16.664295,-1.621211
12.297975,1.851501
10.622959,9.740583
5.411561,5.585140
14.545027,4.165780
7.552965,16.986897
13.502619,3.101109
3.176601,3.864589
13.010196,5.302268
8.186288,7.149675
5.732047,8.614365
3.576594,5.098341
8.870132,-0.532562
7.909599,18.007017
0.802002,6.628791
-2.570700,-0.973115
20.598970,6.616878
9.596628,10.229125
1.639500,5.826259
0.635896,9.431153
12.762952,9.765275
12.831273,-6.322512
3.043595,0.389350
3.052112,0.378243
4.765289,7.333995
0.102829,0.477134
11.102192,5.438849
10.088946,12.148521
10.094472,3.288515
0.824738,6.596132
-4.850967,5.943938
14.277385,-4.617600
12.849105,9.837464
10.370994,12.255973
-2.806482,4.375649
9.676971,12.179756
0.420575,-7.648584
15.418557,3.307559
6.354711,4.038532
3.234431,1.456086
-3.659369,8.521338
-2.188152,11.772645
18.807737,-0.271358
-8.773396,3.406932
9.123399,6.994812
13.469324,3.063260
-1.012115,5.589111
10.612785,9.590040
10.843939,2.278891
2.914554,-1.862313
-9.198894,-0.538646
13.136156,-11.003031
0.857443,3.411295
3.049550,0.385171
9.981736,3.564664
8.525255,-3.925030
3.042490,0.389878
2.624795,1.273311
11.225011,1.355390
13.583091,1.722633
17.665478,4.096484
3.133693,-2.537776
14.685731,-4.882375
12.293590,1.854053
-4.947415,-0.911142
6.948184,4.665740
4.077149,2.241556
8.147505,7.136117
12.532586,17.011686
17.918509,8.299741
2.931482,10.822700
9.856713,16.195211
17.354435,13.215359
3.572103,12.997917
19.547922,-7.611763
5.269739,8.434462
0.573093,-1.964803
0.087662,0.492906
5.273920,8.437541
11.467135,17.073400
3.045642,0.390983
8.210703,7.113638
6.967922,4.687331
14.345175,4.437041
8.802754,8.595645
7.868213,-3.165617
4.445815,9.448378
-1.250066,16.147423
14.348196,5.567940
11.863685,1.400066
6.270366,-0.185932
10.225204,6.842631
13.477567,3.067663
8.241652,-3.284633
19.953167,4.363700
6.385758,6.835416
-2.862910,4.434284
5.488091,5.516336
7.994331,16.259230
13.900668,14.728988
5.985046,7.324474
3.046390,0.390286
0.937206,6.516397
7.801844,-3.175915
2.911533,-1.874329
13.848795,4.404140
-8.707627,-0.996507
14.340429,4.444415
2.908040,-1.864752
-0.966888,-6.592063
8.769093,8.561410
13.394470,12.403313
5.494852,2.100147
7.756532,-3.239498
5.467600,5.540554
-9.195904,-0.539132
14.106119,3.730909
-4.868246,5.903220
13.667654,5.650219
10.881907,10.227809
7.077242,14.139217
15.229692,2.349955
11.047421,10.321765
15.173411,5.517817
5.953437,-1.502378
6.744048,12.365121
-4.853160,-1.055986
13.104982,-1.823259
-1.536144,-3.506587
8.521745,-3.215505
12.332364,7.963483
8.971105,8.747400
9.018610,8.796007
0.649819,-2.959715
13.635773,5.615273
-1.122630,16.188921
19.251368,-3.161493
8.784042,-10.436396
5.395714,-8.543860
-2.860352,4.426102
17.856808,-5.822650
5.471979,-8.503689
5.526156,-8.511175
5.670144,-2.725825
17.671965,4.097100
5.528304,5.623668
8.216894,7.129328
11.467162,17.078480
8.337881,10.324471
4.020252,13.359244
1.429918,6.979480
0.219571,6.592707
10.482111,9.661218
14.908290,7.080162
11.205402,10.027199
-1.192642,16.324669
-4.156005,2.866103
7.026376,5.695778
20.067892,8.075397
3.050803,0.386765
0.092421,0.486582
0.921484,6.545207
2.913626,-1.841079
19.792683,4.491215
12.251747,1.891743
11.466518,4.375528
3.040609,0.399239
11.022326,10.381631
12.839692,-1.778826
1.553463,-2.582176
-9.196742,-0.544157
12.279191,1.556143
8.768806,-10.522551
20.528791,3.410053
4.807238,3.575034
15.216671,2.324903
5.508812,2.085623
8.274378,15.754595
0.266051,4.415336
1.642699,5.833493
8.153929,3.199375
13.699727,1.844001
-8.773468,3.406925
5.236728,8.398165
3.300193,8.083442
13.494916,3.096285
20.069466,8.066191
14.348116,4.445019
8.553252,-3.208939
7.187781,3.734485
4.941023,-4.818529
12.964767,5.256747
8.835435,-3.424566
9.096292,6.958852
20.736675,6.498331
14.348301,5.567356
-2.856522,4.430814
10.668291,9.817922
9.614518,10.211177
12.952053,-1.825794
-4.805658,-1.103519
-8.706890,-0.997400
0.618198,4.029432
16.849262,8.402912
13.622557,3.219470
5.239375,-8.362557
7.216288,3.677177
8.944460,8.721028
9.910406,3.422432
-0.259944,4.842757
11.024376,10.386880
11.218854,1.354600
4.767711,7.332805
14.345066,4.441673
7.479352,9.353393
-8.708294,-0.996643
13.227895,0.172363
2.910468,-1.867018
11.786798,1.450499
-6.022761,8.818846
19.230602,-3.196697
9.051235,8.828890
10.637946,9.467658
13.664485,5.648697
11.866218,1.400265
-5.188171,-5.263158
2.915812,-1.878086
10.598987,9.551104
13.042597,-2.176900
12.141203,3.234941
5.527765,5.623066
14.535239,4.176968
5.479516,-7.861932
4.408857,9.418033
14.345057,5.562893
8.499387,-3.403865
0.062851,0.515656
1.669054,0.629738
-1.256280,16.122372
1.633543,5.836647
0.088151,0.491168
10.844523,2.288682
8.996065,8.772268
13.660115,5.643849
5.507091,-2.722708
8.120339,15.545217
8.245558,7.087293
0.246034,0.319156
13.112095,-2.262510
-2.362524,15.742193
20.697071,1.428191
13.231822,-2.262442
14.316469,2.107676
10.632612,9.605685
-1.504589,-3.536584
13.477929,3.081513
7.463751,9.333262
20.717739,6.493279
-0.951221,16.310287
11.688070,9.070527
3.046233,0.395336
9.060480,8.838480
4.937128,-4.823336
11.229944,9.928298
3.834047,13.236959
4.418096,9.427207
-1.181165,0.848599
20.674072,-0.042326
12.271399,1.870649
9.596937,10.231872
7.551132,15.631127
5.176130,-8.297681
14.126832,4.431880
9.015727,8.789039
10.682835,5.270521
8.306881,15.752900
7.076328,14.136863
6.621207,12.534754
20.069328,8.051238
5.303902,-8.381088
5.228570,8.386817
5.003216,-8.359216
-0.240146,-1.795790
-3.263192,6.356157
7.249695,-8.715878
2.930482,5.319637
-2.321091,6.119854
23.177513,0.930225
8.152309,7.115610
8.233634,7.120685
5.248574,8.410680
9.025109,5.611423
13.481059,3.077810
8.174036,7.119891
8.833139,8.621657
4.325563,8.472657
-1.703929,7.502121
-0.757770,3.595478
7.988041,16.236296
14.517957,-4.916870
19.359278,-3.291797
5.107052,-8.317088
7.729923,-3.529376
8.930420,-3.552311
8.802510,-3.470157
18.800858,5.490954
5.582727,5.660427
4.081886,2.246207
9.121521,8.900129
5.131030,-8.303801
7.720264,-3.587370
8.504398,1.579699
8.822548,-10.506987
13.457161,3.065698
14.206547,-5.173538
-2.320722,6.118499
0.941723,7.103189
1.633151,5.832534
1.444184,10.094712
7.594264,17.852556
20.069132,8.059037
2.991838,2.826527
5.445959,-8.276523
2.608603,1.284720
5.259012,6.842242
12.558964,4.063889
-1.427940,1.330626
11.980104,3.065896
5.492716,2.103094
6.359017,-0.282962
6.383242,6.836074
12.109291,3.204966
20.242931,5.427781
13.661736,5.647808
-1.215994,16.267405
8.778822,-3.586827
-1.411511,1.318148
1.183409,4.467455
3.061404,0.362399
16.543501,-1.645244
16.850409,8.401732
5.318893,-8.357963
-2.878545,4.450738
5.594898,-2.733102
19.386496,-3.010381
8.226684,7.096916
8.214292,7.122159
-3.886065,8.012687
1.206194,4.511485
9.039483,8.813080
2.915878,-1.884197
1.272303,11.745242
8.282361,15.740737
20.729298,6.501703
-3.947357,15.301890
12.333656,7.963352
20.485748,3.455767
14.342918,4.421628
3.142550,-2.540310
5.546638,2.019427
14.348504,-4.596481
19.849930,4.491693
16.664848,-1.613109
5.527512,-2.424536
5.446956,-2.550529
2.611603,1.278714
7.156313,5.884799
6.215704,-0.162122
13.333927,-2.061730
5.112141,-8.241300
3.032009,0.400864
13.069203,-10.954571
13.701448,1.845757
1.577494,-2.565104
5.173760,-9.009476
7.201107,3.737510
20.412956,3.602845
9.994266,4.998454
-0.184391,-1.771185
12.294235,6.670315
2.936222,5.317992
13.195729,0.133227
3.712802,13.124965
16.841370,6.776111
13.826499,4.418379
1.679481,0.620956
23.164495,0.933203
14.668643,-4.934982
12.712715,1.410607
10.036778,3.435952
4.218159,0.676333
19.469252,2.117706
7.922573,-2.993331
8.822805,-0.487625
4.809762,3.561259
15.169204,2.282568
12.337903,7.974622
6.651435,3.646869
8.197037,7.123607
5.160896,-9.013355
10.569634,9.559936
7.916583,18.006889
5.385256,-2.525440
8.486454,1.603669
6.752969,12.367790
7.912310,17.995398
15.182176,2.294396
3.273817,8.310830
3.035231,0.401926
0.896080,6.566026
20.286983,4.191119
9.801866,3.619380
-1.453326,1.368088
2.959801,-1.809668
6.142428,-0.096097
-0.615318,3.712487
8.382017,-2.988652
2.915998,-1.854085
5.495415,2.098571
7.997011,-3.247416
4.808988,-8.499093
8.821176,-0.486402
13.392441,-2.136925
13.914392,-4.854612
14.194428,4.428925
5.399720,6.910720
8.795301,8.591210
1.464766,10.079448
-8.773828,3.406885
13.047266,-1.787840
2.617049,1.271826
12.561439,4.068477
11.868508,1.395809
12.273912,1.871758
5.947771,-1.510395
10.100766,3.292557
13.576584,1.720665
20.015226,8.041740
13.467293,3.066408
6.685410,3.618668
2.206960,3.990521
0.227576,0.340862
15.184647,2.293541
3.158094,-2.572945
19.501472,4.493476
10.834234,10.197473
4.876196,16.269035
-4.866873,-1.014761
13.470005,3.075908
7.994717,16.224817
5.495899,2.099338
8.457088,-3.304357
12.970191,5.258763
5.507071,2.096038
7.177820,3.730058
10.509356,5.152322
-8.714873,-0.990474
4.410211,9.415962
5.503298,2.092311
3.170072,-2.564866
4.252830,0.691117
8.086787,15.553421
8.919600,8.697774
0.811517,6.599236
-3.631930,8.517598
3.302741,8.088337
3.145076,-2.526858
10.789966,2.230534
-0.728355,3.608357
4.446092,9.453173
2.608215,1.286860
5.172401,-8.659518
12.558379,4.065803
4.415757,9.424570
3.217151,1.465388
15.176699,2.287210
14.903053,7.078483
12.091717,3.187701
13.480678,3.071110
19.373058,-3.335047
8.620676,-3.688988
13.110713,-10.969618
2.914976,-1.864899
7.542744,9.420915
5.670777,1.935782
5.503891,2.093849
23.167841,0.924804
20.259800,4.097134
-1.019064,5.575398
6.628663,6.524597
5.072484,-8.753139
20.473928,3.487720
12.801069,-8.806142
13.455597,3.059109
11.871014,1.390667
6.574987,4.222463
7.190445,3.733909
17.051229,7.080997
7.521544,9.396681
11.492062,4.405798
-3.310592,6.397271
7.557878,16.978716
8.170900,7.154117
8.829683,8.612841
0.919276,6.544109
2.914052,-1.880150
2.954462,-1.808643
-1.350451,16.094677
-1.626281,10.745013
5.876143,1.717673
20.692043,1.434250
13.670158,5.653579
12.333013,7.961236
10.777040,12.169867
8.153124,7.146823
13.912827,4.361958
3.006584,2.809046
-4.433946,3.145808
19.188101,3.999146
22.674759,0.150082
13.926902,8.021347
11.790133,1.456802
5.233702,6.812863
3.278087,4.001910
10.575452,9.887394
3.295494,8.084044
8.923150,8.699324
10.794736,9.694130
11.237145,1.354818
7.067424,5.673281
14.141679,4.321227
14.649262,4.112432
11.233909,1.352082
5.502586,2.096346
3.294380,4.019460
15.049712,14.042090
-1.625382,10.745106
-0.607594,3.734036
19.936222,4.382309
7.852456,11.432583
4.125616,0.735997
7.370259,2.799448
-3.320509,6.396859
8.228403,7.079545
13.927112,8.019928
8.816119,8.601369
-1.889740,-0.392094
14.509390,4.200900
14.548212,4.166602
17.323149,5.546070
5.670819,1.934253
19.497393,4.488932
13.521851,3.112216
5.491131,2.105551
0.058464,0.522137
10.895350,9.811702
0.084910,0.495615
9.639838,10.195671
5.494399,2.102497
11.007083,10.404084
-0.279380,4.809569
7.490835,5.137812
10.507393,5.155277
5.365563,-2.644112
1.022223,6.386205
19.500654,4.493175
23.176987,0.925541
2.975977,5.250641
8.654799,-3.908220
22.675711,0.152265
2.949847,-1.825936
6.645279,3.650701
19.497267,4.489584
20.658747,6.579824
7.170819,5.880311
2.206809,3.990752
16.850517,8.402946
6.653899,3.656144
2.909757,-1.868835
5.392428,6.961066
15.426857,3.302616
20.598082,6.602530
3.227118,1.461028
2.614707,1.271211
11.100724,5.434944
-1.498503,1.406432
20.741396,1.384026
8.747901,-10.449377
22.927835,0.602191
1.640012,5.824299
15.354054,5.654389
8.799587,8.587910
9.010295,8.789591
2.913783,-1.866233
2.972656,-1.948662
8.132215,15.524707
7.305580,2.766336
8.800254,8.587633
-3.661632,8.534973
-8.773723,3.407394
1.503588,10.056461
13.232043,-2.183990
0.337970,5.831232
13.985626,-4.896649
4.933192,-4.823492
8.630879,15.911812
7.695392,-3.477052
15.328574,6.659538
-2.109700,-5.880963
8.244090,7.106669
-0.338099,-5.078318
13.578603,1.718594
5.571649,1.985956
8.577584,-3.487011
16.849096,8.400513
13.477319,3.079038
19.501987,4.496344
10.756530,2.205611
-0.975907,-6.578882
10.016035,3.394674
7.663760,-3.528472
5.005335,-8.388450
12.995881,-2.006735
5.943543,-1.513669
5.495129,5.578115
10.582901,9.558333
19.510826,4.494620
11.789220,1.441323
-9.191099,-0.544367
14.223516,-4.771935
-0.797949,3.555681
-3.998066,0.730052
12.859419,4.643225
12.962305,5.256581
-0.237598,4.841741
7.893015,18.004679
-6.210585,-3.926408
8.655736,1.351162
14.644568,4.113948
4.929800,-4.820495
12.963293,5.255795
-1.907384,-0.404572
11.775286,6.307562
2.609281,1.287794
1.510790,6.906023
8.163534,7.135412
6.230721,-0.165707
13.573303,1.714866
10.638195,9.720344
11.232247,9.329034
13.698479,1.844372
18.660246,13.162806
2.593218,1.285625
-0.743076,3.597204
10.810905,2.256404
13.063466,-1.696519
19.532433,-7.627065
12.444286,5.061103
-2.362551,15.745821
-1.896943,-0.395876
5.662020,4.639692
0.807124,3.516160
1.655489,5.836387
5.426920,2.169875
0.063167,6.512071
18.834894,-0.244686
3.578842,6.087638
13.175929,-1.736116
3.566718,12.994174
13.695341,1.836728
13.924450,8.019635
7.955924,16.299740
11.021547,10.375733
4.990443,-8.630945
20.037258,8.064377
5.506696,2.093016
20.742264,1.383420
13.518804,3.118439
22.927956,0.602021
12.924990,-1.638075
12.335548,7.981300
22.681952,0.162935
10.511859,5.158939
12.963753,5.256410
10.509215,5.152342
23.166941,0.929873
20.407961,3.624434
7.498794,9.371556
-1.483494,1.396882
0.402977,-7.625135
0.243817,0.319868
10.509748,5.154330
2.922505,-1.832753
8.921875,8.705562
12.334610,7.970443
10.729266,-0.318443
8.134150,7.092183
4.002379,2.189943
-0.643781,3.701561
21.736519,-2.308806
3.007507,2.802425
8.955920,8.733482
19.497278,4.487919
10.026413,3.411297
11.022511,10.376933
8.985840,8.769619
2.345257,4.127016
10.095103,12.164274
10.658381,-0.661425
20.598301,6.559117
20.529549,6.596482
10.853951,2.290748
16.831549,8.382304
5.462997,2.134546
3.304074,4.033845
-1.470517,1.424105
20.589546,6.567580
5.404069,6.894288
7.898032,-3.060701
13.482454,3.075933
11.864791,1.407422
13.268316,-1.849040
17.071077,7.062944
3.038650,0.390173
4.413098,9.418338
11.019636,10.374228
-9.199415,-0.535912
4.425093,9.435815
14.322942,4.433918
12.319049,6.689708
1.321042,6.898320
6.707372,12.405691
8.572611,-3.958180
8.732061,8.532486
11.022700,10.325551
8.152286,7.151557
8.152510,3.203490
4.921998,-8.759802
5.267482,6.847554
19.171743,3.986559
8.288713,4.775688
5.486225,2.105627
8.167057,7.087912
7.615644,4.473005
2.870937,-1.878653
12.555636,4.060466
6.751772,12.366462
12.552754,4.058107
15.177715,2.290102
5.957984,-1.497215
7.196693,3.736030
2.919286,-1.891279
20.551840,6.612154
5.358222,6.946458
13.134301,-10.980403
5.502791,2.097232
3.704426,13.119881
15.056224,14.053877
4.451057,9.457280
3.693773,5.154002
8.046161,-3.397388
20.293247,4.188599
13.925231,8.021476
13.476861,3.071681
7.926965,3.841583
0.847720,6.597270
-1.626153,10.745381
-9.197159,-0.537699
8.792503,8.583784
3.153050,-2.560799
-0.251557,-1.803912
5.251946,8.413086
1.480752,5.956949
12.534959,4.048025
8.272096,7.115226
21.829077,-2.394488
7.928123,11.302602
10.383025,9.629292
-0.240800,-1.795316
12.297174,16.615080
3.178859,3.865482
15.144350,2.261425
18.489454,-5.088295
13.567630,1.710521
7.497689,9.368766
3.139329,-2.516967
6.300875,-0.222347
16.651785,-2.053065
23.168276,0.929206
-9.197023,-0.539134
12.333457,7.963618
11.844203,6.346233
8.622576,1.382707
5.897008,7.363112
3.176812,3.864360
3.286848,8.341080
10.522092,5.165473
11.232818,1.355967
13.804408,4.365302
5.179792,-0.505722
-0.673686,3.661203
10.508438,5.154722
6.653093,3.644974
5.924765,-1.523187
-5.232332,1.507746
10.267509,6.788131
3.170740,3.854713
7.959795,-3.507188
11.500362,4.409840
11.231402,1.355696
10.676196,-0.324470
0.163317,4.529943
22.925995,0.600928
7.924919,3.837605
10.289769,6.774360
6.370949,4.006973
2.941503,-1.905700
8.488382,-3.652352
7.922191,11.299857
7.941768,15.969716
7.047388,5.576627
8.076489,-3.910975
13.881423,4.373937
18.809418,-0.269365
2.988987,2.825788
1.575287,-2.569641
12.965367,5.259989
17.129612,1.979398
5.495545,2.101070
16.832232,8.382697
5.845458,7.256109
6.200901,-0.206270
4.911690,16.309259
11.494688,4.402587
-4.881277,-1.021817
0.115890,0.460870
8.876577,16.310308
12.964359,5.256550
14.199579,4.419939
23.146383,0.897130
13.622844,3.223171
7.912076,11.296882
13.926740,8.018783
3.356737,8.417982
2.962776,10.896528
3.171673,3.867357
8.184700,7.133469
12.745484,1.398579
5.030558,-8.332176
5.592892,2.023168
8.800951,-0.523354
-2.837524,4.412537
7.884624,16.360472
0.268944,0.299836
10.635344,9.476140
17.211073,-7.038733
2.049626,15.812923
7.038136,2.346206
16.847599,4.242435
2.518898,12.282360
16.450417,4.173506
10.300641,12.253104
15.251289,1.386927
13.927097,8.019754
8.164667,7.146474
5.652702,4.636840
-2.153287,-0.639635
13.817123,4.370555
3.183445,3.864463
-1.461906,1.370796
-6.574645,2.805785
14.542851,4.169180
13.658423,5.644769
3.483452,-9.390524
-1.497074,1.404462
9.101308,6.959467
13.659644,5.645682
7.944774,-3.260546
-1.521940,1.424145
14.908373,7.079872
-2.509096,15.664863
13.667586,5.651536
15.290877,6.654395
11.013343,10.392035
13.904409,6.946156
-0.731600,13.657447
-1.081624,5.577970
8.793969,5.562447
-1.897283,-0.402900
1.674586,5.848475
5.394327,-2.616209
3.866084,6.523525
21.779144,-2.346086
5.441107,5.484544
6.194424,-0.164322
2.969702,10.860256
21.763756,-2.328778
5.886144,1.718867
20.472832,3.488137
3.031676,0.400570
-6.115537,-1.248471
20.597689,6.638276
5.105342,-8.676611
6.573482,4.220875
1.637356,5.828996
5.392229,-2.573571
1.668017,5.795165
3.286517,8.332611
8.901299,8.696469
18.860518,9.896058
20.578592,6.633632
20.579861,6.608255
2.908320,-1.859744
-2.720102,4.288114
8.143285,7.160249
1.350777,-14.709219
0.905351,7.101038
3.863178,6.523718
6.547279,4.199477
13.357170,-11.172875
14.319031,4.424522
12.835442,-6.324588
11.473961,1.430008
-4.067666,0.732204
-1.443992,1.361774
3.352935,8.424045
17.314665,5.539945
6.639678,12.481795
10.127097,3.294662
10.628655,2.135460
1.586283,9.953692
0.620248,3.984325
11.713593,9.058558
13.924721,8.019531
13.067113,-10.977011
12.243120,16.559624
6.975788,4.691768
13.466183,3.062773
13.352827,12.351154
10.090669,3.305351
10.013063,3.516654
12.474124,5.032238
8.089886,-3.415564
3.053737,0.382694
-1.489784,1.399516
13.666392,5.651312
6.678733,12.436145
5.435931,5.590934
8.843471,-3.530347
4.421603,9.427695
10.392852,1.864609
13.099946,-11.018066
11.500972,4.406969
-1.205062,-3.736344
8.147023,7.163938
5.510858,2.086984
5.520035,2.077835
14.549524,4.170933
-1.216820,16.253323
23.179167,0.926596
-3.314823,6.392852
11.865340,1.398278
20.669975,6.556317
20.742823,1.380958
2.875907,-1.907329
20.439651,3.542620
7.983912,16.272118
-9.198856,-0.540132
5.658917,4.635893
19.805225,4.486042
-1.739985,-9.399815
10.522153,5.164688
9.917644,3.560970
-8.710025,-0.995016
-9.196979,-0.540341
-9.196416,-0.541595
2.941398,-1.888769
15.168097,2.281931
1.598907,5.796570
13.473334,3.080151
2.923754,-1.902556
5.472272,2.093821
14.341771,5.566706
20.290110,4.194016
12.111019,3.207217
8.988533,8.764616
8.913710,8.705523
5.523794,2.073335
0.128394,6.526718
14.917178,7.078293
20.724520,6.482195
9.638299,10.197397
2.986604,2.826637
14.346213,5.563792
13.818097,4.370497
12.694180,4.452753
8.945114,8.736214
-8.707543,-0.997082
-1.261920,0.973550
3.038240,5.258327
5.567635,5.651135
11.229866,1.356683
11.281508,-4.462494
-2.368188,15.740076
10.653801,9.479362
2.622571,1.267689
-0.259460,4.826654
15.328410,6.659892
7.923672,11.314249
7.560745,15.620754
11.205343,10.004496
-1.280553,16.141783
11.302126,9.264201
19.379681,-2.981309
22.835413,0.471092
11.315864,10.125226
13.819639,4.371875
12.479693,5.000621
9.967855,3.445622
0.114266,0.463298
10.629152,-0.392871
5.554502,5.621757
1.052493,6.302272
8.160364,7.151370
-4.287121,2.967575
-3.314545,6.388031
5.210963,8.370104
13.700463,1.845816
14.332027,2.109349
9.599816,10.231072
8.462794,-3.838583
7.906062,11.306762
14.648519,4.113413
-4.881739,-1.022604
5.236688,6.816017
-1.487986,1.394799
19.282326,-2.992123
11.136090,5.458612
8.266435,-3.615018
10.548759,9.933096
8.801622,-0.503695
5.356894,6.981084
5.185484,-8.414150
11.230109,1.356961
-2.189375,11.771263
7.902589,16.002964
12.273274,1.869733
2.606327,1.286270
5.454206,2.140873
0.080723,0.499115
-1.208543,16.256449
12.273348,1.872851
1.483430,10.064189
15.181111,5.523477
-1.488855,1.397682
-8.709723,-0.995544
8.027504,-3.475661
6.600741,4.247610
8.810386,-10.488581
8.054216,15.621272
11.125694,10.022309
2.936738,5.321045
2.245277,4.041061
8.766026,8.559841
-3.616377,8.465106
10.849495,2.283588
10.660022,5.252573
5.620542,-2.722552
12.859947,4.643592
5.485607,2.110266
2.606536,1.291667
10.485261,5.143293
3.733660,5.167926
1.712271,0.584782
0.162908,4.528708
14.202089,-10.564519
8.564889,-3.254297
5.529932,-8.335638
6.948379,7.925464
5.276379,6.864275
11.212516,10.005425
5.167414,-8.129028
19.841578,4.483730
-0.200883,-1.767293
11.211720,10.044403
16.145054,14.304100
15.145748,2.258121
10.699628,-6.368057
13.832219,4.415858
-8.773607,3.406771
14.909287,7.074179
13.816885,4.370855
5.491215,2.104199
0.947668,6.519998
13.198008,0.144179
3.151559,-2.566175
8.796039,8.580769
12.555252,4.067829
8.421213,-3.386545
23.170107,0.927803
0.942863,6.522352
3.004856,2.800459
14.108659,3.727475
13.673557,5.653622
7.464630,9.343161
4.413754,9.424722
10.498802,5.142673
9.695449,15.682602
4.769390,7.332921
-4.213373,2.916775
11.861934,1.399464
15.329784,6.660543
11.230043,1.345038
12.711063,1.410935
10.402312,1.875001
3.251801,8.303639
4.776812,7.325183
20.683552,1.386807
5.388606,-2.560157
1.483852,10.066608
-5.013895,-0.566610
11.099277,5.437233
8.016539,-3.740026
11.022655,10.340212
3.184447,3.872008
5.486612,2.110417
11.256164,-4.487437
11.019526,10.370468
1.638308,5.829088
7.158104,3.724998
-0.617356,3.726430
8.800378,-3.423265
3.819062,13.223200
11.236938,1.348485
6.738662,12.374352
7.555310,4.406020
19.177042,3.989810
-9.196584,-0.537750
3.024195,0.416517
5.225852,-0.523291
11.485764,17.064651
15.331871,6.659532
0.618237,4.031078
-0.615432,3.726169
3.180063,3.870275
4.426564,9.435969
16.829493,8.379723
10.040366,3.358228
10.633518,2.140200
3.622956,6.145454
20.579603,6.583357
-4.944433,-0.909364
13.464694,3.073121
0.913268,6.555720
20.415550,3.531050
13.854082,4.402517
7.389192,5.186367
5.955551,-1.508781
8.010477,16.221653
8.651652,1.364692
13.841345,4.411274
3.855477,6.525709
13.923483,8.020785
4.924080,-4.817510
15.181454,2.289894
-1.511506,-3.531700
-4.944399,-0.912465
6.083828,6.396276
10.572928,9.549525
15.183061,2.297497
13.854760,4.408384
5.469102,2.128548
22.681156,0.162658
14.918059,7.103567
10.525944,1.991636
9.996338,4.996191
-2.770171,4.327853
3.179074,3.866699
12.635482,4.420427
7.958067,16.343021
-3.991786,-6.124906
14.418076,-4.873004
17.053261,7.060448
5.297517,8.469724
8.765790,1.256791
19.288574,-3.055485
-1.678336,7.509217
11.201488,10.023684
3.039745,0.388310
8.226894,-3.222657
15.188426,2.289242
2.608789,1.265443
-2.334060,6.125960
0.827708,3.430927
12.851846,-6.343742
14.904930,7.074165
14.323174,4.438375
12.481919,5.000115
1.555136,-2.575122
-1.493425,1.403024
13.576313,1.719609
11.289718,9.267144
11.865635,1.398493
15.598428,5.788643
12.682676,4.479555
3.704104,5.162371
5.209270,-8.954574
2.884984,-1.887269
8.357194,4.727381
14.064014,4.630971
6.980466,10.347401
2.912565,-1.867544
-1.485235,1.392203
10.654412,5.242776
8.539877,-3.979485
13.574759,1.718488
1.482590,10.066616
13.699539,1.845229
22.838743,0.477124
2.223271,4.012526
13.576379,1.719855
11.796079,6.316361
-1.905726,-0.403607
15.195536,2.306559
-4.877677,-1.019303
14.109092,3.727440
-1.204712,-3.725596
3.182680,3.872447
19.499229,4.488417
3.296719,4.027176
13.459144,3.067393
5.301214,-2.627578
4.758253,-8.570579
10.628484,2.131382
3.355850,8.420951
5.647046,1.962149
23.169458,0.924508
13.919657,8.023984
15.409523,3.310873
-9.196867,-0.539775
14.931183,7.079722
-8.714311,-0.991131
11.884267,1.375177
3.305094,8.085921
12.272023,1.875193
8.156290,3.196563
5.801105,1.591361
15.410027,3.339833
13.663456,5.647811
5.494415,2.105641
-1.363890,16.080751
13.702496,1.843963
3.350218,8.412578
-9.198567,-0.539678
12.960519,5.253295
8.252007,15.691229
5.460190,5.505893
13.465824,3.070488
5.278507,8.438674
11.240321,1.349655
8.473310,1.617204
20.690962,1.434231
5.676587,1.928236
11.778882,1.456250
20.694759,1.432556
7.192574,3.734571
16.165653,14.314157
-1.897351,-0.399942
8.824065,8.612291
-9.200134,-0.537320
8.773987,1.243231
11.237312,1.355458
0.478051,-3.637532
-3.317537,6.394949
10.985298,-6.635365
1.637871,5.831364
8.934190,8.726608
12.265086,1.871214
10.508868,5.153358
-1.902606,-0.401569
13.503817,3.098506
13.912393,6.956452
8.842784,-0.475553
5.505894,2.090549
12.840298,-6.335312
8.680148,-3.808501
0.246465,4.398981
1.446777,10.088105
5.488786,2.109068
2.926813,-1.915141
20.493149,3.468791
7.057562,2.474741
11.788142,1.447991
7.096907,5.845439
13.461463,3.053848
8.189412,-3.848369
7.919493,11.306982
3.355159,8.431642
2.911028,-1.864294
11.863879,1.386963
9.720521,16.081301
9.654519,10.212259
3.163715,-2.520882
16.866405,8.417671
13.576010,1.718124
3.173942,3.862424
5.659854,1.942458
3.251884,8.304586
3.271641,8.326919
10.141263,5.060678
13.393958,12.410577
13.576188,1.718725
5.681951,1.918334
16.528311,-2.124238
20.058311,8.074209
8.930847,8.707949
14.541488,4.176461
-1.036085,5.568952
-0.259166,4.827234
4.159615,-7.224169
11.098680,5.440509
0.114155,0.464941
5.487556,2.103223
-0.257655,-1.815123
16.851912,8.404760
2.909108,-1.875605
-3.311363,6.398464
14.694546,4.893147
3.182968,3.865786
14.961759,-0.149378
13.477914,3.077262
6.118994,9.156571
9.170626,5.620677
2.914293,-1.863495
8.508276,11.219628
14.375029,10.656135
2.519308,12.287186
13.623126,3.221344
7.151596,3.722328
12.183785,6.548994
20.697189,1.430106
5.863457,1.713673
13.670648,5.652570
22.680145,0.160660
4.422217,9.426100
-0.006184,-5.076117
12.483642,4.996339
16.990532,-10.122402
10.359415,-3.002004
19.176710,3.988827
9.040691,8.825672
1.122520,6.645334
15.180461,2.297554
-2.347467,15.754548
-0.389172,10.977220
-3.300772,6.383772
12.462769,5.010668
6.097060,6.375918
10.481920,9.660505
8.502882,1.581992
1.365271,7.058584
7.032099,5.700016
0.303348,5.814907
7.725279,-3.470663
5.550551,-8.472301
14.374801,-7.292444
20.291080,4.185541
8.296750,15.755656
13.577499,1.716658
3.178519,3.863868
17.323093,5.539704
11.493237,4.401718
7.872476,15.991562
1.370273,6.930925
6.578447,4.228089
8.813209,-0.500064
11.542749,4.454046
-2.587226,-0.988667
15.162374,2.279709
2.481889,-7.645188
12.517047,-7.080914
14.342490,4.444855
1.237377,4.555996
6.667727,3.634828
5.944593,-1.514441
1.154767,5.691795
13.576309,1.716581
7.992207,16.254410
18.836359,-0.244614
15.603216,5.784991
3.174632,3.861774
4.282929,-0.357480
13.684558,5.668404
12.335043,7.972626
14.315374,-4.674670
11.100369,8.646818
-1.091073,5.592685
1.559906,-2.574448
8.325309,4.744355
13.575098,1.716087
14.652081,4.113337
11.229193,9.332947
8.199444,7.139499
5.515830,2.091316
5.711220,7.184788
2.032440,15.843410
10.920764,12.517397
9.663473,10.164604
4.766111,16.152870
2.608154,1.292514
10.580976,9.567233
11.734114,1.501377
-0.234736,-1.810567
20.474426,3.481065
13.577748,1.717631
10.501324,9.636652
4.126667,0.735089
15.165932,2.278776
8.157533,7.121621
2.179186,-4.216914
20.291965,4.190262
11.779407,1.458434
12.481656,4.999273
2.918059,-1.888523
12.280213,1.557941
11.311839,9.260303
-5.729062,10.557818
-1.483658,1.397112
13.488451,3.093690
13.566852,1.710724
21.759161,-2.331587
11.044895,10.332564
1.581052,-2.567694
8.227137,7.119792
8.293496,15.746887
10.320467,6.776640
14.379996,-7.290470
1.411533,6.992913
2.920712,-1.865294
5.479366,2.119361
-1.499762,-3.540488
14.353172,10.651485
13.082325,-10.953421
17.910942,8.293782
14.910374,7.080910
13.402844,12.396948
9.101062,6.966681
11.939439,3.032605
6.111916,-0.175454
3.828576,6.572207
13.667747,5.650330
13.617410,3.215103
1.593965,9.946717
12.659488,4.674843
10.746400,-0.339508
20.408939,3.613894
3.259884,8.305902
19.496157,4.485422
14.336189,4.453849
22.680544,0.161493
-4.878768,-1.019922
-9.198162,-0.536816
0.112914,0.465179
10.843281,2.279716
20.412914,3.606265
4.006893,13.352818
3.126471,-2.574465
8.884973,8.669370
11.479099,4.388198
22.585876,-0.032309
3.141470,-2.530213
2.934018,-1.847966
2.608605,1.289992
7.872674,-3.006658
3.911430,13.308800
10.141031,5.061380
-1.225151,16.241488
-3.301869,6.396891
14.061168,4.635928
-8.709018,-0.996857
19.497875,4.487602
2.956635,-1.816738
10.097829,3.297220
21.774942,-2.343285
13.813948,4.369065
13.696515,1.842710
14.113520,3.737856
8.128291,7.082694
0.167645,4.523573
5.172414,-0.513571
2.287090,14.097453
17.361311,13.223276
0.949737,7.091251
-4.236327,2.939732
-3.321967,6.394198
8.313828,-3.217341
7.934660,11.325289
7.558666,4.411963
15.610540,5.794140
0.305608,5.804682
6.945637,4.699414
5.500404,2.097566
-8.773248,3.406826
23.168646,0.924200
2.610675,1.269447
22.835894,0.471305
11.088591,5.436462
10.236186,6.831559
3.356685,8.421691
5.125488,-8.880547
10.796943,9.757351
5.496505,2.109819
11.038438,10.344475
13.445989,3.040180
8.175915,7.105475
12.945736,5.226339
11.864845,1.401458
5.072091,-8.776094
5.511714,2.086219
5.667555,1.939357
7.922438,11.302033
10.557364,9.575082
22.837036,0.473670
16.658401,-1.648161
4.899469,-8.775610
12.766133,9.767966
3.356421,8.418471
6.101017,9.232907
0.832852,3.444017
10.389579,1.861964
11.055010,10.311467
7.556818,4.408081
8.190011,7.184680
2.914391,-1.850958
7.105648,5.670763
2.933336,-1.897002
10.504723,1.969797
14.542288,4.173600
17.059071,7.105524
15.175159,2.287857
14.522591,4.183925
11.233507,1.354466
-2.840178,4.407846
6.642759,3.643739
8.820036,-0.486001
14.543685,4.170553
20.693209,1.433702
10.096749,3.299918
1.473794,5.954010
5.501547,2.097592
15.121759,2.233334
2.949425,-1.892987
10.859374,-0.742836
20.295439,4.182759
12.562050,4.072242
-8.708160,-0.996940
2.928398,-1.854085
22.920921,0.595414
20.740217,1.385956
0.100814,0.476491
14.160487,4.440692
4.848147,3.523718
12.951077,5.235794
-8.773659,3.406981
12.958078,5.252388
3.610226,5.090515
-6.132592,-1.262771
7.390768,5.181208
-1.725551,-2.659785
7.958738,16.246517
8.928105,16.353514
12.669043,4.429665
3.850449,13.252721
12.656977,4.679121
3.552995,5.106175
13.905349,4.376493
2.881833,-1.904767
13.625363,3.220484
8.161184,7.136294
8.137682,7.140523
13.675003,5.659312
13.477017,3.076900
3.190228,3.867378
-7.551088,2.341947
19.177132,3.991759
22.555380,-0.095629
2.943048,10.859739
7.818503,11.464293
-3.318807,6.400396
10.017834,3.592325
8.862369,-10.439431
4.765994,7.334348
8.153725,3.201787
21.762285,-2.324132
5.675724,1.926404
-1.492918,1.406450
13.938255,4.342378
9.101847,6.966660
-2.744947,-1.567354
14.907737,-0.087690
13.472118,3.078282
7.557495,4.407912
16.494316,-1.645020
3.174514,3.861380
11.779593,1.458290
-1.176895,0.837580
7.298702,5.244045
14.541429,4.191120
0.838029,6.643222
7.195072,3.738853
2.958433,10.871099
13.578933,1.718907
5.561949,-8.353354
7.917434,11.296973
6.738923,12.376306
14.599953,2.204331
5.495265,2.098454
22.680244,0.160680
8.831856,-3.455791
11.492710,4.406364
5.491969,2.101899
5.318862,10.043281
20.175915,7.952526
12.302695,16.592285
5.138056,-8.168183
8.805433,-0.509043
12.681236,4.455348
13.171080,-11.018804
-1.432683,1.339928
14.350049,4.441601
13.661208,5.645850
13.660622,5.645289
14.348111,5.565561
8.494690,-3.613449
7.185789,3.738924
14.349908,5.568318
1.558784,-2.576524
8.827302,-0.498887
9.850585,3.466735
5.653692,4.636125
3.801391,5.203315
5.956015,-1.507061
0.258025,0.307800
7.557418,4.408446
3.882342,6.504793
7.871869,16.426308
15.144695,2.257023
2.990650,2.828070
-0.380834,10.990188
12.855509,4.641934
5.479515,2.115608
19.501461,4.493869
6.572392,4.220984
16.646591,-10.380713
14.222136,2.067167
-2.141221,-11.672782
7.376139,2.814885
13.833910,4.372603
3.018415,0.421338
12.092566,3.187946
11.190040,10.037062
4.951613,-8.522286
11.259571,-4.487518
15.624177,-12.237818
3.310385,4.041556
19.309793,-3.061429
10.073021,3.375619
13.087917,-10.979820
-0.222479,-1.806253
19.419413,-2.935181
1.635158,5.825726
-1.182360,0.845235
20.499662,6.631534
19.498178,4.487913
2.923921,-1.859601
-2.800746,4.366505
6.118517,-0.088218
5.668933,1.930880
0.865132,3.423639
10.488868,9.648251
-1.454547,1.367854
12.854782,9.809014
4.765501,7.331450
0.936219,6.560575
13.587173,3.183787
19.172588,3.988166
6.556690,4.180952
13.826138,4.373648
13.613663,3.211100
9.624131,10.206074
-0.151282,3.418876
-4.888488,-1.018787
0.275803,0.294395
14.299088,-4.572058
15.027895,14.011695
12.977750,5.262564
10.577421,9.939456
-1.487089,1.407726
4.154931,-7.239794
5.405656,-2.635286
13.676258,5.661075
15.174130,2.288852
12.736041,1.399259
14.212939,-10.555120
12.482894,5.005507
7.191915,3.738098
13.458892,3.065113
11.488003,4.397891
10.378263,1.848947
10.208914,12.234152
14.054882,4.639087
20.186403,7.942610
20.033726,8.057347
-9.197221,-0.539848
13.026733,-1.828130
12.180380,6.563124
5.415221,5.593408
10.838607,9.791748
10.076987,3.472069
13.256989,-2.167941
0.303492,5.809987
3.821131,13.226550
-1.017650,5.576560
0.247987,0.306072
4.776646,-8.422132
2.925872,-1.893969
-0.244414,4.822941
13.480173,3.076326
15.178332,2.293486
2.613983,1.271241
2.927520,-1.873191
16.849539,8.401884
12.513745,-7.079460
13.032973,9.090304
6.982858,10.351477
13.571452,1.710481
6.012014,-5.745448
8.185858,11.513001
-3.331767,6.417169
13.470281,3.071952
6.574601,3.834260
13.819203,4.372210
13.044717,-10.954753
5.491155,2.102296
5.951937,-1.513186
5.403950,-8.787472
0.161406,4.529389
11.287141,-4.455679
11.545164,4.452686
13.631159,5.611748
22.675173,0.152210
13.928639,8.017620
-1.436381,1.347878
-2.738685,4.303719
20.671045,-0.040241
18.804974,-0.272179
20.567272,5.630159
7.693059,-3.354171
14.348939,5.564394
5.477873,-3.025566
22.679895,0.159881
-9.177049,-0.557524
19.932402,4.387838
13.391529,12.410854
-3.304791,6.394166
8.107926,4.994201
2.311559,4.080789
13.700710,1.845220
3.291816,8.081945
11.489573,4.409088
6.204015,6.345529
-1.491899,-3.549647
13.842459,4.409644
-1.904125,-0.403969
15.329343,6.657803
6.975521,4.691729
5.492180,5.537117
20.406563,3.535870
8.120033,15.539851
4.887843,5.896042
22.555241,-0.096194
11.480036,17.071701
12.285081,1.554556
18.665083,13.159343
13.192156,0.139509
5.143413,-8.311335
12.466372,5.010832
10.659932,9.733309
5.488928,2.096099
12.946939,5.227502
12.279248,1.880807
4.416437,9.423563
5.492162,5.549464
9.088412,8.866519
6.360230,4.033861
10.640450,9.468780
11.230424,1.357004
8.155060,3.198130
10.387752,1.857103
10.583148,9.560250
0.579750,4.032173
14.336540,4.454228
11.778981,1.451341
14.387205,-4.861571
14.179537,-4.998253
16.849424,8.404346
15.203046,2.257033
12.868300,-6.355381
-1.532650,-3.513116
8.295408,15.744021
-2.329681,6.119768
13.471670,3.078860
-3.304097,6.393020
16.849617,8.401162
13.817605,-4.922138
12.745508,1.391090
6.949225,7.926260
-0.732199,3.601031
10.406630,1.878385
9.627616,10.198206
6.383078,6.835896
11.577003,4.491790
13.664901,5.649383
8.335855,15.841773
1.173018,7.081748
11.470565,4.424092
11.098827,5.443696
11.223015,9.933428
1.496472,8.352216
9.088221,8.868484
10.625811,2.128500
-3.303256,6.390729
12.682227,4.448523
8.999638,5.607709
13.483959,3.099964
11.229454,1.356923
-9.194366,-0.542770
7.992497,16.231331
6.176047,-0.184114
15.598632,5.785472
5.101950,-8.193565
5.215800,-8.086695
5.344076,-8.414195
3.287740,8.337285
12.894249,4.672369
14.182813,-4.670915
1.706171,9.848931
14.668312,4.096375
12.107937,3.202813
9.984620,3.412344
0.110609,0.466646
13.299577,-11.145350
16.635944,-1.956747
5.326881,-2.903690
8.602266,5.547830
20.664820,6.563976
-4.392392,3.093345
5.607788,2.004217
13.573826,1.714084
5.491479,2.104872
12.448748,4.972659
6.952835,7.926491
-1.479835,1.389673
7.923106,11.300250
17.071033,7.068185
14.354532,10.650193
12.274827,1.875323
9.958155,3.455509
4.913611,-4.811346
3.184466,3.864047
5.487350,2.110798
20.696609,1.430379
3.149126,-2.555377
0.162945,4.528330
1.387670,7.044395
8.002883,16.221241
5.945484,-1.515311
7.944092,16.313068
13.815185,4.371945
7.925242,11.300821
0.921154,6.570709
16.620029,-1.592013
3.259322,8.297774
10.567675,9.564967
14.555801,4.148734
6.960489,4.693389
8.153662,7.154295
10.508771,5.152746
13.035239,-10.940635
10.637623,2.144164
9.998346,5.003425
5.601244,2.016375
2.931842,-1.848354
16.828859,8.380133
4.913998,-8.798356
-3.337358,6.390131
6.080741,6.397993
22.934774,0.614200
20.586124,5.622648
3.044863,0.387011
14.555449,2.228445
23.171526,0.934073
7.956670,15.983333
-3.309181,6.397918
20.695959,1.431586
7.922604,3.836261
12.488481,4.991769
14.346544,5.567832
7.556652,4.405389
8.308018,15.751568
8.761527,1.267002
10.118577,5.055641
4.839953,5.861012
2.911981,-1.836366
12.293963,1.854352
11.251783,-4.489949
12.254697,1.862414
-3.945816,15.301739
13.857930,4.407008
5.500723,2.102404
8.546765,1.515077
11.718176,9.051943
5.506257,2.094086
8.408034,-7.693114
10.483166,-15.770103
12.295029,1.853338
3.037913,0.391200
5.643415,1.961323
8.614498,-3.986626
19.486326,4.491366
3.051446,0.376061
20.443113,3.501627
6.662981,3.644138
-3.310449,6.400502
13.392461,12.388132
12.479642,4.998821
5.508819,2.092179
7.913249,11.302394
11.783938,1.455608
5.569413,2.034999
15.176555,2.291771
5.506860,2.091063
8.499811,1.588813
7.921716,11.316483
19.938921,4.375914
12.110326,3.208608
-1.899908,-0.398684
23.180155,0.922964
7.194457,3.737336
3.629561,5.116219
7.278997,5.220744
12.274278,1.869724
20.473875,3.489143
1.346115,-1.289289
14.141875,-10.612784
6.634221,6.525886
-2.141683,-11.672387
13.773806,6.816916
-1.341260,16.101015
7.192355,3.737497
11.238177,1.350925
3.285944,4.015088
12.490200,5.006567
5.667020,1.939477
20.691469,1.435331
-0.258061,4.830434
5.314459,-2.683852
5.488607,2.107115
4.969433,-8.735147
-9.198412,-0.537857
18.745287,-0.332529
16.849863,8.401804
9.639668,10.197275
22.673861,0.148465
3.178970,3.869967
3.099719,-2.497308
10.772452,2.222234
12.674042,4.460594
3.143898,3.837778
2.286188,13.989368
3.282507,4.011463
13.863966,4.406049
15.414661,3.332554
5.574862,1.966361
11.233465,1.352936
0.318263,5.814262
-8.707637,-0.997508
6.094105,-0.191343
4.882178,-4.770304
5.091872,-7.980664
5.496588,2.100611
1.590052,-0.996789
-4.859818,-1.048589
8.160531,3.191510
18.609297,-0.382186
-9.194076,-0.542085
17.310575,5.535671
20.255491,4.114297
5.497782,2.093101
10.807358,2.253995
3.052322,0.375922
5.497297,2.104738
-3.309767,6.399631
5.026749,-8.389805
-4.141235,-2.019899
-4.250711,2.944867
-3.311991,6.401133
8.482535,1.609195
-1.259207,16.145859
14.298553,4.408108
12.969115,5.262182
-9.200676,-0.534928
3.705386,5.159140
1.520427,8.202091
11.861830,1.400310
5.480439,-2.660512
-3.364928,6.361052
11.217034,9.334110
14.612718,2.206280
13.174435,-11.035184
-1.492340,1.405095
13.180460,0.122984
14.202298,-10.560596
4.126025,0.734368
11.020882,10.383966
20.698145,1.432986
12.911242,-2.336286
3.148982,-2.548532
3.181475,3.867552
6.385542,3.999901
8.776719,-0.532800
2.918255,-1.898578
4.126374,0.734342
-1.521943,-3.522881
0.978628,7.091368
13.919999,6.964019
13.587674,1.727717
13.660845,5.645803
9.165697,5.620114
14.661451,4.103859
-1.005220,5.480695
-0.766623,3.586428
-4.864198,-1.037421
20.289259,4.191316
13.927716,8.019082
13.128912,-2.220529
11.496920,4.405170
19.540808,4.526014
10.520130,5.166581
6.952033,7.926176
20.529448,5.727314
8.515308,-3.338760
6.442628,6.761887
12.948685,-1.928571
-1.423603,1.321285
13.926815,8.019165
12.096839,3.194221
5.499182,2.096497
1.448284,10.097999
15.161430,2.286880
12.789639,-1.800364
10.573765,9.567378
20.141380,8.285625
-0.245287,4.840730
5.481110,5.526997
14.536782,4.176485
10.321455,6.781916
8.008146,16.205050
-1.179027,0.845677
1.303838,-1.242334
8.766168,8.559626
13.694025,1.839517
8.264257,10.568761
3.467192,-9.404607
16.409523,14.373649
-6.528492,2.771330
14.264948,-5.128283
-1.755804,-9.425738
16.450798,4.176389
3.183748,4.845384
5.545209,5.613563
13.144328,-2.031381
19.297277,-3.209875
3.358590,8.425191
4.943050,5.894548
-0.713085,3.611223
8.386189,-3.579018
13.661629,5.646496
5.943275,-1.512870
19.496756,4.490030
8.309359,10.313005
7.937585,18.023716
7.933166,3.836540
20.293268,4.187956
13.786250,-4.876150
20.256689,4.118257
14.303433,4.434632
3.118556,-2.544461
13.185265,-10.998329
0.178879,6.597829
-7.550925,2.341817
5.462633,18.150293
10.099049,3.292403
10.192759,9.502607
10.101520,3.432769
5.951859,-1.508397
14.903291,7.077515
-0.253056,4.824596
12.944512,5.221431
-7.552069,2.340523
13.926631,8.019074
11.272194,1.330849
2.488387,-7.652893
23.115294,0.961945
0.560680,7.896787
5.071275,-7.818531
13.616699,3.214847
12.763883,-8.840426
4.262374,-7.201750
-3.041232,10.020919
3.207134,10.400080
14.377227,-7.293304
8.484076,1.609673
10.168967,5.086197
-0.244177,4.841802
3.179474,3.867188
0.672764,3.887303
7.556161,4.405226
10.037781,3.381216
-2.744929,-1.545561
12.516790,-7.080366
8.290640,4.781715
-1.899226,-0.399051
7.564073,15.628639
16.849432,8.402923
-2.140515,-11.672095
10.340496,-3.017803
1.587589,-14.479671
10.325452,-3.038446
-4.177602,-2.060587
5.895308,7.242599
11.021506,10.375546
3.294997,4.023299
15.415635,3.337033
16.555735,-1.627939
20.022663,8.072744
12.338224,7.975090
11.456749,13.986030
11.378754,-12.285040
-7.008029,4.701627
-3.031995,10.019537
2.602223,-7.764961
8.192259,7.131454
5.521695,2.082877
7.926482,11.301373
-1.556475,1.472513
13.483846,3.069075
13.852831,4.403015
19.317865,-3.043631
-0.623750,13.184512
13.817242,4.372358
13.468914,3.064876
7.493203,9.367494
10.157629,3.347137
2.624391,7.395074
1.581902,-14.482354
12.827369,-8.795321
11.233931,1.350559
11.024290,10.317663
12.770906,-8.905525
5.524885,2.084092
22.921522,0.595906
5.503541,2.089915
9.103498,6.962573
23.173758,0.911496
11.100393,8.648031
3.178135,3.868544
10.161214,3.291555
13.905126,6.947252
12.946589,5.226013
-6.480678,2.725492
1.288327,7.079826
-4.133002,-1.997989
10.340090,-3.018430
15.173779,2.292973
11.501145,4.411689
12.554924,4.066369
2.920977,10.480815
12.948854,5.228364
10.764762,2.210944
13.478354,3.076764
12.927574,5.226758
11.871588,1.394510
16.852877,8.404792
10.826096,5.318124
9.007975,5.608106
13.479011,3.075788
4.417367,9.424131
15.173736,2.296834
1.333178,-1.316283
20.134575,7.927208
12.216896,16.575567
13.457955,3.062830
-6.146100,-1.257931
9.094376,6.962721
14.378724,-7.291749
10.242956,8.016848
2.607527,12.359494
8.200319,7.085347
12.717626,4.414328
6.172668,-0.150046
3.171535,-2.574582
9.784158,3.580885
8.498561,1.591448
13.129495,-10.968470
20.679789,1.384177
15.197690,14.014539
13.914194,4.369454
-0.259916,4.828093
12.539015,4.051047
5.290133,-7.933476
-6.887654,4.583841
20.570549,5.631087
3.585786,6.086949
-3.314651,6.402930
7.549000,4.411835
10.546886,5.170055
11.166838,10.084269
3.152723,-2.586231
12.938397,5.221466
13.468944,3.073095
21.753857,-2.332375
13.475261,3.082351
7.933885,3.835481
8.672901,-3.765485
22.676296,0.153513
19.498186,4.488417
7.917806,11.298558
4.420367,9.425332
2.954972,10.882217
23.184172,0.935887
3.099065,-2.518406
15.824288,-3.564713
15.121712,2.251523
12.301876,1.851211
23.177313,0.929026
1.449183,10.091577
14.540795,9.091903
-0.529379,10.154847
2.487235,8.011668
20.563044,5.633689
15.608826,-12.264333
-2.130551,-11.663885
15.486869,3.253195
-0.256243,4.832340
0.813476,6.618044
9.102949,6.969732
12.301702,1.572932
12.861211,-2.413450
4.182664,-7.244778
5.320284,-2.766351
20.533194,3.417603
7.928017,3.838088
12.542349,-7.091197
10.324103,-3.028344
8.054558,10.439974
13.659797,5.643103
2.018474,15.873224
13.599789,3.201710
11.500963,4.408057
11.496570,4.404418
-1.426167,1.335870
8.120783,15.798270
16.853161,8.404646
5.483220,5.547704
13.476765,3.075993
-6.598356,2.830522
14.368934,4.427296
20.055483,8.024368
20.682381,6.553924
10.580783,9.564531
-1.216288,16.300423
12.557950,4.063355
7.555378,16.998690
-3.308067,6.398317
22.169155,-4.358396
-3.308784,6.395957
0.155096,4.536718
0.260951,0.308681
-4.044138,0.720971
13.927052,8.018792
13.574719,1.700513
5.493900,2.103367
3.352161,8.420202
13.619799,3.219950
20.295115,4.207838
5.120098,-8.348310
5.242331,-0.539929
5.378937,6.971017
7.005238,2.537798
13.663883,-8.395607
20.576540,5.634949
11.551856,4.461296
19.176720,3.990350
5.677606,-2.734084
3.732605,5.162904
20.298107,4.183030
10.528668,5.167549
12.756002,17.803141
5.295535,8.459982
15.175585,2.280968
13.199992,-11.049932
5.392170,6.980975
13.548822,1.688508
12.859852,4.640370
13.824881,4.419764
16.548538,-10.203135
2.056175,15.731423
-3.027318,10.016038
5.952517,-1.506225
13.498979,3.097929
-9.198879,-0.539116
19.496666,4.489885
11.343704,-12.678904
7.188867,3.734603
-1.070543,13.335498
3.234915,10.336767
20.497164,6.662657
20.741594,1.383404
13.404974,12.422104
-8.708807,-0.997464
10.749973,10.023847
2.926478,10.500202
1.028089,-6.510528
20.612991,6.572377
4.128021,0.709045
7.553173,4.403569
15.559317,-12.293113
2.936586,10.860094
14.344277,-7.323416
19.494028,4.468605
13.399001,12.413021
21.735828,-2.303655
16.830675,8.381951
12.336220,7.979207
17.911276,8.294214
15.168690,2.282522
10.539394,9.573828
12.734243,1.398691
-2.804847,4.366458
-1.716420,-9.462564
11.776337,1.456837
12.792326,-8.810862
-0.212143,-1.740983
14.359516,4.447236
1.563166,-2.572530
7.349252,5.187676
5.924250,7.269013
13.488686,3.087659
10.886347,10.250041
2.946608,-1.917708
15.167185,2.288157
11.239491,1.351107
16.583248,10.514756
12.465285,5.016595
8.573705,5.526156
13.808717,4.370619
15.188117,2.296733
-0.628163,3.716193
20.601748,6.547072
13.372316,12.443861
8.208479,-3.242971
8.785869,8.573312
10.879337,10.247857
20.537457,3.411413
7.026471,5.695951
5.410181,5.592124
10.826159,9.777762
3.282260,3.999696
18.877836,9.884804
9.154705,7.012262
6.652351,3.645932
11.518586,4.472554
20.300451,4.224737
-2.471311,15.684384
23.118519,0.956454
23.072834,0.852381
14.375928,-7.293441
2.501147,8.004352
-4.131972,-2.002317
14.475284,10.819313
13.659152,5.644536
3.255927,8.306423
6.980108,4.692538
10.328639,12.250496
13.506835,3.091962
9.611051,10.210349
-0.626755,3.712475
5.257706,-8.906975
20.238815,4.193303
2.963341,10.910363
-6.569953,2.801694
13.818433,4.370111
17.326094,5.550637
2.915545,-1.869722
8.832076,-0.514617
-1.351088,16.103580
10.744485,2.287264
10.508227,5.151578
11.246479,1.345941
12.339551,7.969996
13.578892,1.719644
-0.247884,4.825153
15.180943,2.298998
7.219226,3.766645
14.305777,4.408459
20.294832,4.213317
5.347461,-2.661796
1.642766,5.824782
10.533545,9.586915
-1.015625,5.510016
3.283958,8.334191
13.576134,1.719199
8.200345,10.573344
2.903674,-1.866428
16.231691,10.521030
12.273381,1.875768
-0.256813,4.832562
-1.285173,1.003306
2.996669,2.816293
16.447842,4.175701
14.303043,4.420380
20.236214,4.179891
20.573906,6.562373
5.354862,-2.622145
1.593274,9.947850
5.490023,-2.832973
14.525489,4.177164
-1.489445,-3.548078
23.178436,0.918348
13.152374,-10.985366
9.796670,14.898785
-1.626079,10.745370
4.123987,0.739372
2.992195,5.301738
20.298447,4.201459
2.169179,-12.084482
-3.310967,6.400340
-1.232673,-3.709571
13.478204,3.068873
12.430208,5.019507
3.186414,3.870262
10.812538,2.258562
-1.901110,-0.399726
13.666161,5.651477
12.128795,16.547998
4.399152,9.402893
20.741814,1.384086
0.845186,6.605312
0.157946,4.528616
20.290430,4.189906
-9.198577,-0.537012
5.320323,-2.635025
13.247926,-11.073298
13.928411,8.018920
8.208534,11.243730
10.510476,5.153406
2.875671,-1.910433
0.969425,6.526570
-9.198550,-0.538291
9.750498,3.608439
19.944832,4.368095
19.243998,-3.094334
2.607509,1.289161
8.784290,-8.011543
20.626045,6.569507
4.850844,1.245209
16.386526,0.741580
5.494378,2.105172
3.379117,8.450044
1.676687,0.625119
5.288353,-7.869277
7.556037,4.408217
1.409642,10.121549
10.008330,3.536489
-4.064636,0.730511
17.099522,2.015331
9.985654,16.966393
12.870777,-6.364010
11.780239,1.457562
1.447030,10.076276
-6.911945,8.247154
8.923177,16.350512
11.221871,9.335944
1.681716,0.620489
15.063842,14.040687
9.093494,-3.604045
11.495845,4.403836
11.227493,1.353255
8.491932,1.598743
-3.303857,6.395313
-1.275946,0.991304
10.393700,1.865432
10.508402,5.154641
11.211557,-12.530365
10.062841,7.019107
-5.718626,10.563098
16.543283,-10.197664
8.812532,-0.503641
-1.689076,7.499642
-0.610264,3.728713
-2.795778,4.368463
5.499502,5.559865
10.450875,1.924976
13.582154,1.716651
1.060702,5.631374
10.506927,5.152368
8.453089,-3.641948
3.257708,8.307820
0.323671,6.534110
9.992840,4.995560
-2.825759,4.408247
14.608146,-4.936447
16.536821,-10.223849
-2.997442,-5.276200
9.094918,6.955987
9.648698,10.187797
12.106740,3.201663
7.136451,5.854495
5.507040,2.089041
2.987785,2.823335
14.092522,-10.653691
-1.431209,1.347079
10.035206,3.352150
3.291042,4.021613
15.128162,2.249091
8.092627,3.431896
19.189463,4.009445
-4.859937,-1.047710
16.839592,-1.761369
2.030332,15.851771
20.552593,5.695378
19.503916,4.495461
11.227778,1.359383
19.489647,4.477201
1.481943,5.954769
1.317528,-1.247793
2.600964,12.353659
14.377205,-7.292299
4.164834,-7.226585
-0.249822,4.824968
-0.218841,-1.778296
-1.502353,1.408987
11.333191,9.233371
2.919601,-1.851012
-3.857064,0.718893
-1.121602,5.147129
-0.644486,3.693785
1.556780,-2.577474
7.133802,3.723031
20.294733,4.185898
-9.220324,-0.515426
8.339561,10.324307
14.322665,2.106059
4.995200,-8.334467
10.329854,-3.025634
17.373672,10.785149
2.023257,15.865315
0.626318,3.977751
10.506482,5.157278
11.863436,1.399188
-9.197076,-0.537981
13.665795,5.651524
12.916874,-2.327139
9.831817,3.437158
18.688498,5.598899
3.178411,3.866699
12.274013,1.871228
20.740997,6.532248
0.109725,6.521522
8.068089,15.617935
5.305361,-2.801543
10.569180,-0.476456
8.743494,-0.561828
0.945692,7.106823
13.697415,1.845631
0.267208,0.301059
0.161555,4.527628
5.290627,6.871727
12.272998,1.874443
7.797316,-4.104214
4.414368,9.417397
10.929785,-12.523657
12.271151,1.869966
7.026497,5.626517
11.282942,9.267507
0.942238,6.520792
10.225662,6.841319
13.818744,4.372333
5.380480,10.121381
2.908124,-1.857089
8.401596,10.309868
11.138044,10.067946
-8.707386,-0.998059
2.607489,1.289890
5.493185,-7.791776
11.488786,4.426904
8.156834,3.183309
-3.845756,0.718123
10.656260,5.260598
9.994041,4.996878
7.167690,5.882112
-2.809903,12.795667
13.514413,3.129506
14.537131,4.173403
18.659378,13.163561
-1.903862,-0.402065
14.912223,7.083398
22.933229,0.608976
9.100032,6.968657
8.125528,15.526063
5.521502,-7.927486
7.008507,14.089307
1.202416,4.478537
6.651848,3.645051
8.968622,8.746593
-1.293866,16.124168
-1.502909,1.410692
9.105917,6.962878
5.352066,-2.818998
5.198155,12.094968
11.479054,4.390201
4.124032,0.731812
-2.743211,-1.564351
12.310107,16.600084
16.851248,8.403079
9.606544,10.216866
10.847501,9.792565
10.640777,9.505420
-0.803255,3.542925
5.466096,2.126284
0.927623,6.543052
20.297903,4.160233
22.675930,0.153227
-1.494565,1.408996
5.311892,7.041576
13.620543,3.218011
19.497738,4.487247
5.405357,-2.565280
13.592262,1.735389
20.027449,8.057370
8.044926,-3.330474
-4.025289,0.734014
-9.197107,-0.537619
-0.192890,-1.745859
7.921584,11.297451
8.255119,15.786592
5.951831,-1.508001
9.823919,3.588127
14.277925,-5.140903
-8.707232,-0.997985
3.804751,13.207365
10.829570,5.319458
-6.108268,-1.267939
14.219532,-5.243827
-9.198611,-0.537210
3.108827,-2.518508
-8.735079,-0.992283
5.466679,2.125732
-2.491666,15.673093
2.230561,4.021451
10.042021,3.379551
-6.480337,2.723999
3.180866,3.866891
11.021943,10.335970
3.361531,8.434339
2.941248,-1.830493
5.949234,-1.512133
20.695513,1.431854
13.820683,4.374715
7.985781,16.270493
11.484728,4.393009
3.268407,8.313970
-1.491559,1.408376
9.651809,10.185033
3.841534,13.245627
-0.632245,3.715416
10.819397,2.254478
5.951844,-1.512019
11.463656,17.054026
7.926440,11.300916
20.528538,3.409391
10.866506,5.338622
5.659044,1.947534
-1.428315,1.341926
-1.493562,1.406463
11.872387,1.395849
2.910562,-1.847479
3.581479,6.084677
9.985414,5.002892
13.477112,3.069214
11.760889,1.493051
-1.501431,1.413466
16.829550,8.378377
-0.619340,3.722514
-0.279084,4.818961
0.636072,-2.910963
-1.393525,1.306609
1.650634,0.649231
6.780561,12.334774
15.174531,2.287511
12.058190,3.150509
8.170095,-3.407585
12.984712,5.265184
0.846967,3.404922
8.729589,-3.308958
5.058777,-7.913554
7.882030,16.398296
8.821074,-0.490165
4.021612,14.621984
2.955683,10.791135
5.492983,2.108908
12.211841,16.526262
14.467053,10.810659
13.567549,1.712827
13.219999,0.168027
0.161879,4.529373
16.849773,8.404802
13.576653,1.716396
4.125571,0.729750
12.940970,5.221666
14.337395,5.574611
10.815943,2.263181
10.704104,5.292380
22.068279,-4.533060
20.262295,4.122409
18.808340,-0.270802
8.313599,4.739307
8.322282,4.749641
2.616030,1.271553
11.301476,-12.665082
20.578619,6.641790
2.197309,-11.939466
-3.316613,6.401200
14.057640,4.630850
12.272127,1.873998
8.317451,15.762367
3.018116,0.416156
7.070361,5.545755
3.593912,6.097929
11.239638,9.312426
11.840254,1.422028
11.425427,13.971402
11.305503,-12.378081
-4.130369,-2.002556
-1.493802,1.408566
20.578936,6.606573
22.838425,0.475863
10.934201,-6.656598
15.077616,14.051233
2.905676,-1.866647
3.355902,8.418539
12.275936,1.550493
-4.860380,-1.046675
22.836153,0.472061
7.377342,2.805024
7.841184,-3.024483
10.832564,12.345445
14.522790,4.180748
6.921844,4.633095
-1.899990,-0.399413
-1.158047,5.119640
-0.640718,3.700035
19.542658,-7.616779
13.816919,4.371083
8.482701,1.605201
11.783165,1.448678
20.562077,6.539861
2.047585,15.811126
2.209958,3.999209
12.557834,4.065892
11.772065,1.461028
13.579000,1.722041
5.498249,2.098207
7.190852,3.736110
5.511980,2.090079
5.824547,1.625155
9.861477,3.558226
3.312221,4.040822
11.976960,3.072618
12.272993,1.874154
20.695160,1.432655
12.110141,3.205462
14.654869,4.112287
8.717360,1.305198
20.690737,1.437100
20.672619,1.454105
22.676783,0.154373
-9.202103,-0.536987
15.210346,2.302587
7.159049,3.739298
10.089901,3.346985
23.183613,0.920336
10.888655,-6.937572
3.358565,8.425146
4.163727,-7.252119
3.281168,8.337078
2.965699,10.858362
-1.333703,16.107029
22.682339,0.163560
1.121652,-1.197273
7.353929,5.213430
8.294303,-3.439060
8.150536,11.497770
3.221509,10.315416
7.540142,15.606939
15.323956,6.656526
5.587109,-2.685996
15.412393,3.335446
3.179747,3.866017
8.162499,-3.869055
5.655158,1.945821
12.064835,3.163999
2.044658,15.822462
12.271255,1.875561
8.179852,3.168924
-0.642833,3.729752
20.569021,6.610615
15.307471,1.318654
-9.197313,-0.537446
2.290815,13.985211
0.650807,-2.898032
0.251207,0.321325
10.376016,1.841416
3.590000,6.089967
-1.900475,-0.399670
11.868188,1.397328
3.874254,6.524815
11.447865,4.358385
-0.256145,4.831030
20.257271,4.120225
2.490203,8.012866
17.837849,14.489101
9.798995,3.513847
8.163425,7.151327
15.169282,2.269001
-8.707623,-0.997591
13.573039,1.711894
20.294895,4.189149
6.079783,6.352887
14.375571,-7.293179
2.450972,8.039394
2.473191,8.019631
20.561249,5.629242
8.305799,10.322964
20.523701,5.523612
-0.537972,10.150356
3.484653,-9.391962
4.759889,7.338040
20.459145,5.617835
2.317924,15.396444
20.562157,5.627434
-4.163749,-1.973966
-6.923026,4.609586
2.137985,1.853788
20.567150,5.633675
1.951222,16.000393
20.483807,5.616450
16.427372,-10.155079
4.180486,-7.242780
17.083042,10.470649
17.621853,14.867975
5.246468,8.406588
2.917100,-1.884858
-4.573895,3.276634
0.334256,6.525650
-3.845431,0.715754
8.299623,15.749379
6.967763,4.689672
14.414922,10.747829
0.298627,6.529274
14.376657,-7.291539
-1.499232,1.398256
16.744377,-1.616945
1.425485,10.050359
8.779871,-0.503957
5.494207,2.095538
0.084979,0.497766
-1.495017,1.405947
3.145581,-2.519880
-6.578784,2.812083
2.950822,5.314556
5.064424,-8.768973
-0.246814,4.820972
3.184239,3.873645
8.093617,7.054644
20.587477,6.620111
12.946115,5.228024
14.235764,4.284729
5.424080,2.177116
5.894614,7.352826
13.276466,-1.890319
13.326616,-1.989908
8.494115,1.594785
12.303521,6.675668
20.687523,-0.050960
10.137831,5.062164
11.267618,1.336272
23.173996,0.924035
7.063180,5.641730
5.860709,7.216921
-3.136599,7.813760
11.418276,13.930522
2.648706,7.378631
19.496540,4.487065
-2.439716,15.700748
4.062725,14.662329
12.805004,-6.288366
16.846786,8.397375
-1.183977,0.849701
-1.242343,16.215065
-1.496784,1.404627
15.196065,2.312618
-0.201529,-1.711233
14.917380,7.086555
20.524532,6.632363
23.169899,0.925245
20.595695,6.553946
3.258732,8.305702
13.565476,1.709514
9.120284,6.981323
-1.518545,1.422932
3.856720,6.516087
3.036874,0.399724
13.719341,1.804579
5.521356,2.074399
5.218157,-0.519025
10.144673,5.064406
13.926585,8.019197
10.094546,3.453177
11.242672,1.349288
14.079935,4.663091
3.183131,3.870709
11.871486,1.392137
8.658129,5.539751
-0.958660,16.281542
12.395210,17.647791
1.158817,5.724487
20.581774,5.633059
13.346851,-2.093138
13.618352,3.214660
9.107803,16.566843
8.367970,15.829652
3.142224,-2.548490
3.153089,8.776080
10.766928,12.171540
10.363656,1.838827
-4.135204,-2.012613
3.189540,3.872031
8.836138,8.620717
15.326084,6.659383
18.807339,-0.270761
1.487051,10.060706
1.155214,5.680306
-4.031844,0.734526
14.194780,4.420594
9.095091,6.958895
7.933307,11.323812
5.491191,2.106167
5.023417,17.589535
-4.134454,-2.006960
9.833476,3.587648
5.488545,-2.473442
10.123796,-3.244131
10.140211,5.062119
3.700442,5.153245
3.153404,8.776896
15.182804,2.292860
-1.250809,16.147943
2.047883,15.817349
-3.309848,6.395090
5.483769,2.114433
2.614879,1.271336
16.955921,-1.416856
-4.876260,5.930785
-7.551394,2.341553
-2.778999,4.344439
8.166642,7.167309
-6.076836,-1.208165
13.644423,3.243997
3.339304,4.058408
12.292537,1.854507
0.274215,0.282987
7.551023,4.404982
2.931505,-1.830206
3.357530,8.423913
19.186121,4.004592
20.579750,6.564915
3.050484,0.379192
5.496346,2.109887
12.800762,-8.805994
22.833849,0.468704
13.820548,4.372434
4.757904,-8.452652
20.006937,8.048634
17.201630,-7.037343
-3.945618,15.301950
8.318978,-3.826136
5.500065,2.100637
6.102011,9.208211
13.846780,4.408519
20.018867,8.057489
3.345252,8.412157
20.501568,6.609225
14.657034,-4.941257
5.488416,2.114811
12.855967,4.646824
8.321088,-3.240066
0.925731,6.626197
10.511753,5.158795
11.228282,1.354855
11.705685,1.513560
-4.156300,-1.914509
3.178071,3.863962
19.178812,3.991466
3.294950,8.079095
11.024757,10.344549
13.474200,3.069105
12.032826,3.128600
5.422365,5.576808
13.767323,16.230459
12.962008,5.249541
8.020632,-3.346908
3.355715,8.422668
3.855670,6.520203
-0.225926,-1.822122
19.497210,4.490276
13.451021,3.056339
2.298164,13.982713
14.377005,-7.292785
20.550648,5.646163
3.179840,3.868199
8.490066,-3.397785
11.031403,10.346128
-0.168621,3.424963
-8.727849,-0.978583
1.106239,5.764438
0.146767,0.429168
13.475241,3.072219
11.363421,-12.335886
12.947171,5.228623
4.961597,-8.407152
14.646525,4.113898
22.838551,0.475675
23.187452,0.917209
-8.708624,-0.997208
15.072837,14.048917
8.512966,1.570079
13.863544,4.405101
5.912846,1.707454
10.590795,9.522988
-2.334748,6.115777
2.881090,-1.919452
16.985413,-10.038637
13.816307,4.375264
20.656832,6.602702
13.477868,3.077301
13.131045,-11.006799
23.084850,0.981813
-7.551755,2.341373
14.331295,4.424665
13.030532,9.091039
6.302000,-0.213183
12.280442,1.853666
2.918885,-1.852253
-2.321590,6.110275
12.946251,5.229110
12.956829,5.249056
8.362268,15.832629
-3.320294,6.402000
8.988215,16.431881
20.641775,6.556718
10.845176,2.277130
10.404827,9.661213
7.189075,3.735732
12.674872,4.456437
2.211588,-11.937700
23.178368,0.925873
5.462321,5.477168
8.192356,7.140674
-1.492346,1.398340
19.176348,3.991458
5.659389,1.942760
1.757581,0.539134
3.044949,0.392961
7.551996,4.422056
-6.980853,4.680254
11.205883,-12.522489
10.290518,-3.032973
9.990746,16.933313
15.669957,-12.176468
4.226892,-7.215525
12.783482,-8.811003
4.177108,-7.246555
4.213134,-7.222599
20.549585,5.636052
20.690941,6.507154
7.558224,4.405995
-1.906356,-0.404601
18.648808,13.168029
5.958924,-1.502303
8.039499,-3.555943
2.649889,7.375332
13.664093,5.649884
13.633810,3.229206
3.175768,3.857120
5.571473,2.034490
12.177967,6.561259
1.672838,0.627246
0.849373,6.650018
5.000524,-8.359287
4.958066,-8.420974
7.954143,15.962189
3.175999,3.862362
7.941749,-3.538970
1.700821,0.593955
13.373829,12.386867
13.467759,3.071303
2.942081,-1.907448
0.927118,6.544764
-3.847684,0.718298
4.736492,3.622949
11.466590,4.377801
5.492047,2.104621
22.677055,0.154480
11.707025,10.511425
12.107528,3.199407
7.900518,3.834505
17.071842,7.057159
14.202903,4.428480
2.910683,-1.878043
5.143117,-8.408114
10.844419,-6.403779
7.190005,3.735501
7.688957,-3.428363
10.399845,1.869682
10.810950,2.245041
6.660731,3.635070
13.648773,3.248456
-1.512295,-3.528905
2.954666,-1.994626
5.885052,1.728006
5.238219,12.194458
-7.551747,2.341593
2.610142,12.362085
7.830415,11.445344
3.051374,0.374917
12.862013,4.643075
12.556418,4.061719
2.917570,-1.860022
20.544762,3.419288
2.614387,1.271688
4.945650,-8.306351
5.299236,8.478566
11.107065,8.653974
1.417963,8.345907
3.012249,5.286157
7.919487,11.300201
13.610177,3.213277
8.481928,-7.763831
4.230209,-7.213472
10.489947,9.655416
1.720953,0.576998
6.305050,-0.219805
-9.199188,-0.537576
8.189149,7.153717
13.479910,3.083571
13.385347,12.391771
11.059568,-13.099560
4.182894,-7.243121
5.478781,-2.538059
10.851571,2.282647
11.106450,5.441226
10.662614,9.808741
1.156963,4.444938
5.955413,-1.502594
13.622999,-8.373480
6.038938,-5.720098
2.342166,-11.870339
14.376901,-7.292603
17.803114,-5.908081
20.584517,5.624905
10.292164,-3.074193
7.003504,14.086145
2.500888,8.006859
13.578115,1.723363
8.830012,8.622303
-3.675982,8.528293
-3.662654,8.540283
2.915106,-1.856528
5.398235,-2.527353
6.950356,7.928325
3.852423,13.257607
12.870340,4.644075
5.378524,5.614096
4.745619,-8.459216
11.429955,4.340551
17.399426,13.228784
13.046305,-10.960095
4.424236,9.437653
13.605926,3.199639
14.692270,4.889028
20.539585,5.512400
14.907108,7.066832
20.527618,3.409178
8.228583,10.599128
-3.312772,6.400734
10.846988,2.229733
7.953271,-3.241363
-1.383049,1.293728
0.897805,7.106649
15.185814,2.296231
10.622615,9.473106
12.093330,3.183537
3.709166,5.163797
3.183792,3.873832
10.060057,3.474691
17.242088,-7.064672
12.520028,-7.081337
4.280368,-7.153646
5.715478,7.188960
12.465762,5.023307
20.019653,8.037938
10.285390,12.245984
-2.358877,15.742506
-4.039773,0.711004
-1.898549,-0.399716
-9.235466,-0.502626
-2.168060,-11.699279
13.440253,3.045342
-3.309803,6.397070
15.173168,5.515375
0.117504,0.459928
13.574957,1.718959
3.163608,3.851882
12.299977,6.673512
-4.064894,0.730223
11.534471,8.161847
8.824588,-0.485952
10.027925,3.525045
8.727478,8.527658
2.935535,-1.909422
0.285027,5.793109
-3.587479,-0.257258
5.554925,2.046434
-0.246709,4.823036
7.850064,-3.096092
10.510686,5.153319
20.597422,6.588240
2.995412,2.813848
14.056731,4.641291
6.549660,4.202389
8.842345,-0.471827
2.918815,-1.873986
12.809752,-8.800893
3.487042,-6.216275
13.469893,3.069122
-1.019910,5.574423
7.197476,3.741400
-0.256518,4.829057
5.495780,2.104483
-4.021586,0.733656
5.509509,-2.561885
10.876782,-0.596634
11.237690,1.350448
11.774162,1.462453
5.495237,2.094771
6.970771,4.680158
-1.243480,-3.704949
3.180336,3.870558
8.325301,-3.754074
11.541216,6.221985
7.981963,-3.315855
0.107577,0.470088
4.862868,-8.415206
13.254311,0.200254
11.234643,9.329691
1.681057,0.618678
0.251653,0.313153
-9.199196,-0.536568
4.120931,0.730526
2.042060,15.828243
12.472210,5.015315
12.302225,16.575907
6.542554,4.194051
3.363194,8.428942
18.809807,-0.270414
15.172191,5.515721
13.610096,3.212183
3.199709,3.852665
2.904993,-1.849742
8.806859,-0.507188
3.282112,8.330083
14.264275,2.067006
10.557585,-0.302792
16.576132,-2.095646
8.720698,8.524370
-0.649967,10.599837
5.632735,1.978147
20.741720,6.501706
4.978127,-8.189468
12.475486,5.000374
20.068680,8.070630
12.069092,3.163713
-3.307760,6.397305
9.095219,6.969033
20.742582,1.381281
2.991915,2.823003
10.532114,1.998644
10.561879,9.554397
5.291803,6.872929
13.458965,3.066528
6.216603,-0.202457
7.225466,-8.711395
12.470675,5.009107
3.965108,2.153792
-2.814959,12.792371
13.841343,4.406846
-4.064103,0.732104
8.807852,-0.503606
13.534639,1.677746
4.124209,0.736439
13.578429,1.716120
12.286110,1.555914
12.956420,-2.193194
0.941504,7.091015
7.558332,4.408176
5.517073,2.083572
-0.471675,2.099437
4.760636,7.338435
11.788735,1.446749
20.392303,3.634048
13.820596,4.375350
5.747302,8.619620
19.501995,4.492876
-1.906187,-0.403843
8.174608,7.155944
15.305890,14.003395
-0.247452,4.839768
5.234392,-2.829307
5.665742,1.938236
14.873259,-0.048382
5.393064,-7.885493
1.039107,6.329604
10.136621,5.060076
3.054574,0.374309
5.072468,-8.227505
1.450279,10.091573
10.383066,1.856489
12.859972,4.642619
12.678143,4.454095
7.136454,3.718276
10.656316,9.456756
13.628410,3.226203
19.348415,-3.007276
-9.200384,-0.536781
10.506473,5.153619
10.656353,5.245938
14.648479,4.114468
11.787038,1.447590
5.944450,-1.510420
20.307703,4.173425
-4.149192,-3.944170
10.588383,9.563737
5.282504,6.847520
12.558970,4.065654
20.468922,3.497584
13.506763,3.114207
9.066133,6.929579
16.791721,-1.630605
20.296890,4.194674
0.835550,3.444626
12.559684,4.065547
0.087301,0.491560
1.412267,10.126863
0.889197,3.369662
4.043602,14.646842
5.947700,-1.511220
-0.306013,-5.102395
-2.804934,4.378533
12.274571,1.873743
19.194029,-3.257455
3.258068,8.308064
10.646995,9.481246
1.397438,10.140413
8.443794,-3.615970
-9.198679,-0.537388
19.519798,4.507803
-9.199488,-0.536877
15.563314,-12.307143
-3.221760,7.881730
5.201072,-8.974930
11.972775,3.066520
-1.499527,1.403048
2.227639,4.020639
-3.946232,15.301865
10.005450,5.011809
19.457773,4.482302
-2.328126,6.115825
7.076918,14.137572
1.103676,6.593848
15.330949,6.658081
20.295969,4.195214
12.254582,1.863735
10.570576,9.560806
14.312881,2.105724
8.302855,15.749680
12.635510,4.412981
14.658664,4.117195
15.240211,14.004791
8.231582,-3.226600
2.608699,1.289671
22.676208,0.153443
7.499962,9.378382
11.867956,1.395337
13.828944,-4.879955
10.502887,5.151087
-3.313497,6.398505
1.249655,11.768989
7.919337,3.847573
1.418846,7.129333
10.027471,3.393939
-8.715360,-0.990243
3.138364,-2.529787
20.414270,3.612287
-0.617841,3.724399
16.850685,8.403200
14.915118,7.086294
20.741665,1.383847
15.449631,14.061254
-4.309307,3.000826
0.617241,3.987115
20.690079,1.439039
5.949261,-1.511027
-3.310036,6.397502
8.496489,1.593098
11.781081,1.460920
11.245817,1.349663
-9.199036,-0.537137
7.921538,11.305263
-2.475909,15.682127
4.861985,16.254906
13.593699,3.186231
-6.572133,2.803455
20.740919,1.383222
12.465415,5.031217
5.247522,-8.794924
7.182553,3.736471
-2.144931,-11.676643
-9.199313,-0.537076
20.616196,6.568971
-3.982698,-6.134369
7.972893,-3.347907
18.831182,-0.248185
10.621485,-0.596559
5.497820,2.094663
5.489726,5.589356
20.053717,8.049190
-3.315929,6.430982
-2.553105,-0.944349
6.090903,-0.183358
13.026036,5.317539
-9.183605,-0.547870
-1.691233,7.502858
10.332908,12.503058
