UMAP_1,UMAP_2,kmeans_cluster
0.6716653,-1.5954064,2
12.966374,-2.2046156,4
17.759085,2.790863,0
2.4587479,-3.7774677,2
6.536955,7.343396,5
0.62944967,-2.1973414,2
19.14977,6.1062856,0
-7.3752756,4.664265,1
8.302768,-6.0193214,2
12.976834,-2.2229948,4
6.615995,0.4373269,2
12.351787,-2.4319015,4
2.7293608,-5.197368,2
2.4771352,-3.7052016,2
2.9883447,-5.5719976,2
8.4401865,-6.0100346,2
11.937769,-1.499006,4
8.697134,-6.0401626,2
8.336332,-6.053313,2
2.850174,-6.2505903,2
17.792795,2.5344896,0
0.49164805,-2.1253645,2
18.234264,6.324087,0
2.7987862,-6.105069,2
17.725649,4.1440763,0
2.6481984,-5.300219,2
10.441812,0.48834327,4
17.784527,3.0814116,0
12.882806,-2.3614197,4
18.289427,6.7085056,0
15.329758,5.6388497,0
0.4988724,-2.1581743,2
18.034573,3.1202886,0
2.1529343,-4.8921576,2
0.9596241,-1.2356117,2
6.478318,0.47519895,2
1.9025425,-5.4844546,2
-0.43213642,6.3897552,1
6.487363,0.32482293,2
12.359363,-2.3917477,4
6.6711903,0.31985182,2
2.4802675,-5.1224422,2
2.4384696,-3.7054615,2
2.8458261,-4.622058,2
2.6057339,-3.7719798,2
11.080695,-1.9760022,4
0.45478565,-1.9127429,2
2.7593634,-5.2479544,2
9.575509,7.5706935,5
10.50963,0.55879796,4
2.1910641,-4.9066315,2
5.020617,0.691624,2
0.6488927,-2.2191362,2
12.623665,-2.3093486,4
18.252476,6.752286,0
16.51848,7.344643,0
10.408256,0.44253716,4
2.4566693,-3.7275994,2
11.909532,-1.4808419,4
8.610827,-5.2264524,2
0.64631283,-2.1090465,2
6.3865223,0.34209508,2
8.640535,-6.035406,2
2.810144,-6.042527,2
2.507685,-3.727429,2
0.7694531,-1.6714425,2
1.3315649,9.447671,1
5.0095425,0.6647269,2
2.9057975,-5.1042485,2
18.34086,6.533944,0
18.047832,3.0014315,0
17.618486,2.852274,0
17.790503,3.1058772,0
8.569784,-5.9730124,2
2.8264875,-5.0231867,2
2.7202277,-5.265539,2
15.301687,5.7165813,0
9.564377,7.57723,5
17.814514,5.322367,0
-7.430756,4.6390853,1
12.441544,-2.3230221,4
9.568336,7.581367,5
13.023295,-2.1908917,4
2.8748634,-4.990559,2
19.4433,4.580176,0
8.492636,-5.737968,2
-0.39076465,6.399872,1
2.7131507,-5.285938,2
17.93793,5.3358717,0
2.8433712,-4.606001,2
6.265092,7.8639073,5
17.681719,3.0588167,0
2.6250587,-5.217747,2
2.470156,-3.7281616,2
9.574885,7.571738,5
19.253038,4.825671,0
-0.06292695,6.7030973,1
0.4164021,-1.8231126,2
2.4473379,-5.642862,2
0.5058038,-2.1367528,2
2.1140509,-5.049717,2
2.6259165,6.6982474,1
8.672678,-6.0114026,2
7.9131303,-5.884833,2
10.4783125,0.64491254,4
2.0637152,-5.058323,2
0.4498798,-2.0515578,2
15.325948,5.6865172,0
12.828967,-2.279064,4
0.55216664,-1.8354077,2
6.76137,0.29777938,2
9.601541,7.5936246,5
17.716381,4.1646967,0
8.934988,-5.457925,2
6.744854,-0.45838514,2
2.0093892,-5.147293,2
2.6237593,-5.3920827,2
10.543674,0.56495374,4
9.673772,6.334915,5
2.741162,6.740848,1
6.3833466,0.17401063,2
2.1727788,-4.973826,2
3.4089162,-5.350626,2
17.725166,3.0067928,0
14.90552,6.8226647,0
13.086757,-2.1128757,4
18.280151,6.781263,0
17.641693,2.8371797,0
1.7108713,-5.496675,2
2.9820735,-4.996177,2
1.1857039,7.8093896,1
12.540851,-2.3016922,4
12.963869,-2.1474414,4
18.324572,6.767293,0
10.409656,0.4765657,4
1.7032377,-5.509407,2
13.008347,-2.205893,4
6.5571113,7.381445,5
2.0163362,-5.386981,2
2.2902448,-5.064333,2
6.800823,-0.52142,2
13.0291395,-2.2979355,4
1.0991488,9.190345,1
1.7647138,-5.4486313,2
2.1745033,-4.935487,2
2.8736634,-6.2493935,2
6.82282,-0.5278425,2
2.548081,-5.229402,2
8.706221,-5.754152,2
8.510741,-5.769344,2
2.459268,-3.7377295,2
12.991248,-2.304286,4
0.52109265,-1.3491029,2
2.3069985,-5.599375,2
2.737383,6.7843423,1
2.9786425,-6.0727353,2
2.4692304,-3.810812,2
6.550487,0.4864238,2
3.5142608,-5.451911,2
2.117434,-4.9688354,2
2.4769673,-3.8114755,2
10.326236,0.4878285,4
12.890505,-2.5197878,4
3.348684,-5.5108294,2
2.6987596,-5.2681108,2
12.341028,-2.4605455,4
0.41982102,-2.0850604,2
2.8134356,-5.119565,2
1.1755129,9.447633,1
2.551566,6.688268,1
2.366913,-5.439908,2
17.70243,3.013376,0
2.5233283,-3.668328,2
6.213071,6.9248505,5
6.6499667,0.5495366,2
6.564834,0.47411796,2
2.4917588,-5.180263,2
2.4530256,-5.8225307,2
2.8802907,-5.617462,2
2.6958728,-4.980926,2
0.6576474,-2.0250704,2
6.43388,0.30877268,2
2.7474902,-5.767803,2
2.5332563,-5.6198626,2
0.6218388,-1.9534554,2
8.366725,-6.0424814,2
6.259369,0.1828942,2
0.09741639,6.433223,1
18.273293,6.6194534,0
10.643253,0.67892456,4
2.94254,-4.625088,2
0.62362975,-2.150049,2
0.5005236,-2.1387923,2
2.5960138,-5.5567484,2
1.8581768,-5.4206705,2
13.235548,-2.4282439,4
2.7973413,-6.2790184,2
15.981898,7.0337152,0
0.48998827,-2.2235608,2
6.7842283,-0.50454855,2
2.5704968,-5.3130646,2
0.45445216,-1.9895263,2
2.2143242,-5.0510526,2
11.910704,-1.5192747,4
2.830253,-5.9988937,2
3.2133424,-4.767964,2
19.262163,4.78622,0
0.53745586,-2.1617131,2
11.901675,-1.4983411,4
2.3105242,-4.9907975,2
1.7854348,-5.4127812,2
2.8217728,-4.6678753,2
9.060762,7.1493373,5
2.8206167,-6.247453,2
8.547651,-5.970279,2
0.5412521,-2.07362,2
1.1342611,7.7899528,1
1.1249173,7.780187,1
2.7643387,6.868064,1
19.234999,4.7831173,0
2.3896673,-5.5078926,2
9.033846,-5.523178,2
6.680513,0.29224002,2
15.348891,5.6756706,0
6.3023324,0.17910033,2
8.661268,-5.986519,2
2.4971147,-3.6318412,2
10.404535,0.5178753,4
1.1083858,7.5994873,1
6.638619,0.386859,2
8.698537,-5.993084,2
2.8030033,-5.916819,2
2.5863862,-4.970831,2
1.3041204,7.7110972,1
8.698756,-6.0282087,2
8.715957,-5.995888,2
6.6575456,0.5617353,2
8.957893,-5.607957,2
6.686645,0.56141466,2
17.643753,5.1572194,0
17.727016,3.1571503,0
2.616399,-3.5812676,2
-0.2187197,7.103041,1
2.6670845,-5.340017,2
0.31378445,-1.7069281,2
1.122819,7.8183274,1
13.230133,-2.6524959,4
0.60410964,-2.20389,2
1.8561045,-5.3810616,2
3.0437405,-4.960831,2
2.6352677,-5.360868,2
17.810768,3.0712955,0
12.738773,-2.6793995,4
6.527068,0.54137623,2
10.472763,0.38892812,4
8.882741,-5.4186153,2
6.3533487,0.44007334,2
12.873167,-1.9834851,4
17.756264,2.7349837,0
1.8995419,-5.342909,2
2.36424,-5.0090837,2
10.381879,0.42493993,4
2.5355034,-5.656333,2
5.141155,0.59492266,2
8.862009,-5.744853,2
10.426111,0.43290606,4
10.35724,0.47770116,4
6.620991,0.49987322,2
17.776064,4.196001,0
8.782207,-5.381201,2
19.155354,6.0932913,0
6.9059343,-0.6079529,2
3.4908607,-5.225367,2
9.614423,7.545678,5
2.5056016,-5.8634267,2
3.3421104,-4.9146447,2
6.4619308,0.33762035,2
-0.18063103,6.745466,1
12.7348795,-2.6548378,4
0.9450461,9.458504,1
8.12793,-5.6897736,2
17.904873,2.751199,0
0.8669762,9.88713,1
8.645232,-6.0421467,2
13.22828,-2.6982167,4
12.351832,-2.4114776,4
2.710281,-5.3345323,2
10.97796,0.26857695,4
1.967807,-5.4095573,2
2.315471,-5.6568875,2
0.59638214,-2.1456912,2
11.936787,-1.5165249,4
12.502146,-1.763415,4
1.1807532,9.337628,1
3.5929306,-5.5936565,2
6.7706504,-0.42930478,2
13.228224,-2.6902294,4
12.583669,-2.244379,4
6.9050922,-0.58696043,2
2.943737,-5.08556,2
2.4466743,-3.7233934,2
2.6902757,-5.316691,2
2.8511379,-4.592812,2
12.734277,-2.6512818,4
2.4881785,-3.743687,2
2.8798666,-5.1254997,2
0.43262583,-2.0810158,2
3.5064125,-5.442576,2
17.777155,3.0287876,0
2.415674,-3.691661,2
2.7810378,-5.2418222,2
2.5104237,-3.7256474,2
17.707235,5.169516,0
17.832888,5.3165045,0
6.7132173,5.8670645,5
2.691545,-5.3275375,2
17.91468,2.5201156,0
12.979141,-2.2090974,4
6.178859,6.8933063,5
2.077744,-5.153351,2
2.2255092,-5.061227,2
2.450666,-3.7115614,2
3.4871604,-5.334221,2
9.929839,6.1614857,5
12.377163,-2.3920712,4
6.9399915,5.9754863,5
12.469987,-1.684835,4
0.31285435,-1.8249869,2
2.603189,-3.7219882,2
1.8604395,-5.3109293,2
-0.31065288,6.55707,1
2.469553,-3.6709852,2
13.256064,-2.6746385,4
10.972545,0.34657004,4
4.461849,0.64626443,2
3.637867,-5.3735275,2
12.470412,-2.3333936,4
17.772781,3.2121024,0
-7.142255,4.869061,1
12.679077,-2.7132466,4
12.548369,-1.7327809,4
6.2946515,0.5157382,2
6.79151,0.24073766,2
8.415114,-5.7091813,2
0.038251065,-1.966732,2
1.0803955,7.8014536,1
3.5405533,-5.3057694,2
8.718827,-5.281602,2
0.11175946,-1.9155658,2
0.123637944,-1.9403226,2
10.491372,0.38241935,4
2.3975527,-5.0336156,2
3.3955827,-5.7255325,2
1.7245243,-5.378971,2
9.50711,6.994596,5
12.348683,-2.4167962,4
12.595702,-1.6576767,4
10.604471,0.57714623,4
3.7645533,-5.748951,2
10.52757,0.46226013,4
0.51201665,-2.059973,2
2.978973,-6.058972,2
3.5017617,-6.020034,2
17.960386,2.9222867,0
3.372283,-5.304912,2
0.46364912,-2.0733798,2
6.7074156,0.6206904,2
5.0714664,0.72796357,2
5.052639,0.6497384,2
12.582744,-2.13262,4
2.8035183,-6.083842,2
17.869635,2.704929,0
-0.46634656,6.861988,1
12.482696,-2.3558016,4
2.4539645,-3.6775157,2
13.127505,-2.5111701,4
6.270267,7.9079576,5
8.75993,-5.9603057,2
0.67129606,-2.0294058,2
2.113707,-4.9433837,2
1.7975496,-5.407079,2
17.718897,2.920867,0
-0.18173018,6.4787583,1
1.0140514,7.7666006,1
1.9855494,-5.422422,2
17.80879,3.0360088,0
2.4842014,-3.687443,2
3.4345493,-5.76686,2
19.227045,4.864383,0
6.485664,-0.018610958,2
6.385284,0.24383287,2
0.83760417,-1.2436559,2
5.0404377,0.6344298,2
2.4284146,-5.8720264,2
2.3338182,-5.046102,2
18.245186,6.7553515,0
12.438955,-2.4109302,4
-0.19547409,7.1255393,1
15.269925,5.701421,0
8.727361,-5.996219,2
8.751305,-5.9096565,2
17.841108,3.0415068,0
10.365778,0.50153077,4
2.9724793,-5.676764,2
1.1382146,7.7171245,1
1.1688762,9.420725,1
1.2727524,9.411947,1
6.8503957,-0.47903943,2
2.5570405,-5.5683174,2
2.4900076,-4.7113013,2
12.733163,-2.6281734,4
8.594985,-5.792814,2
12.537776,-2.2871583,4
2.7407014,-5.3082767,2
0.628396,-2.0038433,2
6.6945295,0.6265539,2
-0.49719265,6.7295475,1
2.3061955,-5.265652,2
17.726301,5.0426884,0
-7.548117,4.480909,1
10.929939,0.40355504,4
10.3478565,0.53643864,4
12.485576,-2.3512714,4
1.748977,-5.4391656,2
10.924076,0.32600954,4
2.4966617,-5.258307,2
2.9460347,-6.1376796,2
8.407786,-5.6322527,2
10.646106,0.7195547,4
1.7385168,-5.4453673,2
2.7132742,-5.2358375,2
0.6797227,-1.8786716,2
1.7768842,-5.4254184,2
8.935376,-5.623617,2
1.7208862,-5.479178,2
2.7193384,-5.234288,2
-0.0808906,6.8489337,1
10.395647,0.5058852,4
9.605359,7.5626197,5
2.5007203,-5.9063196,2
8.712194,-5.8695884,2
10.288076,0.5002267,4
1.846627,-5.425958,2
12.748022,-2.318742,4
2.4686499,-5.717832,2
6.6878963,0.5837809,2
11.129763,0.9048597,4
2.4923594,-3.635845,2
12.786451,-2.6454616,4
2.448504,-3.7172613,2
2.7518497,-5.1479015,2
-0.23656411,7.122059,1
6.258904,0.0315212,2
19.204584,4.8494263,0
17.773672,2.542748,0
17.768839,2.845481,0
18.37648,6.8176823,0
2.5696497,-5.5674825,2
-7.1531053,4.9078274,1
1.7446923,-5.4629884,2
9.617471,7.569215,5
8.867102,-5.568344,2
1.998743,-5.0769343,2
8.9350395,-5.7019105,2
10.933362,-1.8900446,4
16.928265,7.2253966,0
12.382021,-2.4146702,4
8.554065,-5.806379,2
2.120524,-4.9319477,2
0.5879254,-2.0156918,2
6.7364774,0.32376188,2
10.883851,-1.8155694,4
2.3984256,-3.6603112,2
1.8238889,-5.414748,2
-0.26744154,6.5234494,1
8.707232,-5.6490912,2
0.505809,-2.0886776,2
12.83041,-2.4943967,4
12.427682,-2.3185573,4
12.860253,-2.1030731,4
8.675665,-5.9869003,2
2.593969,-5.407899,2
17.721792,3.1447492,0
-0.053692468,6.8704543,1
12.715146,-2.6557577,4
9.05409,7.0776715,5
17.858786,5.3658257,0
18.648718,5.3045955,0
2.4503057,-3.716633,2
8.930856,-5.5030456,2
2.5337973,-5.7377367,2
1.704419,-5.520111,2
1.952858,-5.433504,2
1.3567951,9.27832,1
6.7631235,0.25157824,2
12.3603945,-2.373731,4
6.8090844,0.22248693,2
6.743013,0.3477852,2
2.0999157,-5.063794,2
13.0114155,-2.1563148,4
17.704964,4.126574,0
6.570551,7.3455467,5
19.160578,6.1094193,0
1.8991221,-5.4679275,2
1.9987811,-5.2182145,2
8.700953,-5.9781265,2
6.2476764,0.27365163,2
13.149744,-2.5008132,4
-6.859095,4.606665,1
12.314391,-2.5003922,4
3.075317,-4.5879173,2
2.501002,-5.9184136,2
6.480953,0.3042637,2
17.733173,4.164591,0
6.5493684,0.46654046,2
17.992203,3.1315274,0
15.320914,5.823147,0
8.766259,-6.0171494,2
17.708042,3.0920577,0
10.442426,0.48604524,4
11.725021,-1.1613858,4
1.0184114,9.320382,1
2.7033877,-5.2894106,2
10.40184,0.50919664,4
8.457039,-5.954176,2
2.177971,-5.107077,2
2.327462,-5.430121,2
0.56022,-2.1669574,2
6.378744,0.10877238,2
17.918259,5.3784003,0
2.412074,6.6390553,1
8.120172,-5.2421184,2
12.7448225,-2.6133578,4
10.684441,0.68575126,4
2.7744265,-5.2113457,2
6.7226925,0.3654682,2
2.0963912,-4.992639,2
8.725519,-5.8588395,2
2.4215593,-3.7294703,2
8.970542,-5.548469,2
2.1161683,-5.1289735,2
6.6833763,0.3391894,2
8.601132,-5.9597025,2
12.363147,-2.430312,4
12.749577,-2.3376887,4
2.4499693,-5.917612,2
6.457649,-0.042867593,2
1.9718455,-5.1842613,2
0.677612,-2.068045,2
2.9739,-5.6224318,2
17.8358,5.3263626,0
2.4899075,-5.904214,2
10.446912,0.55990046,4
2.4345706,-3.6697874,2
1.6979749,-5.4670477,2
2.5043173,-5.88911,2
6.7314343,-0.4302676,2
6.6365423,0.52640784,2
6.7391963,0.16446534,2
2.687415,-5.265153,2
-0.013305587,6.6699433,1
6.713139,0.60645527,2
-7.5450397,4.4421782,1
2.7436748,-5.269664,2
17.80048,5.320244,0
17.829258,4.104889,0
2.2262342,-3.515954,2
2.4446185,-5.2412987,2
-0.27160427,7.096299,1
13.147445,-1.8091228,4
2.3846736,-3.6595638,2
2.580284,-4.748996,2
-7.214129,5.89074,1
1.1862245,7.7279687,1
-0.062231302,6.7813926,1
18.096338,3.2197876,0
0.07514583,6.727735,1
2.7193956,-5.2589936,2
7.965321,-5.876157,2
2.8787177,-5.754187,2
17.720884,4.919726,0
6.510538,0.5422202,2
6.7600136,-0.41971067,2
0.52699596,-1.8283972,2
7.765684,-5.6648746,2
9.000156,-5.4459867,2
2.2185767,-4.9716716,2
3.3629994,-5.8400216,2
13.014937,-2.1647143,4
17.734413,4.2138906,0
12.943197,-1.7163689,4
2.469451,-5.6285915,2
6.729713,-0.24729514,2
15.343263,5.6434026,0
6.68872,0.37995973,2
9.6301775,7.6924214,5
-7.525481,4.4507413,1
-0.4240365,6.932053,1
1.0333346,9.417759,1
3.8201072,-5.8185124,2
3.2047498,-5.274971,2
1.7481216,-5.454815,2
11.99411,-1.514169,4
17.746456,4.200174,0
17.787601,3.0157404,0
17.786856,2.591619,0
1.1380594,7.77695,1
17.72519,4.182794,0
2.5195973,-5.3090463,2
17.65478,2.855316,0
10.327352,0.46660104,4
5.0349007,0.73261964,2
8.590822,-5.912981,2
2.7076962,-4.7705894,2
2.5131435,-3.7185488,2
0.7629617,-1.8421508,2
19.113304,6.115692,0
8.603826,-5.425011,2
8.477851,-5.4892054,2
11.98016,-1.482639,4
-0.11583738,6.657582,1
17.93762,5.344898,0
2.6382196,-5.600837,2
8.361955,-6.000538,2
2.7490418,-5.582884,2
10.859496,0.41562584,4
2.5957978,-5.550542,2
6.43805,0.4268464,2
12.327549,-1.6929762,4
17.666283,3.100288,0
6.641319,0.10365101,2
10.775063,0.29502758,4
8.79137,-5.9450235,2
0.42790452,9.843764,1
19.096085,4.763236,0
-0.14491765,6.7491074,1
-7.4332085,4.591001,1
6.686322,0.3455454,2
6.4861693,0.50676954,2
17.858398,2.7289805,0
12.995282,-2.408221,4
8.969011,-5.5366635,2
13.221682,-2.6519568,4
13.052918,-2.179687,4
2.3505125,-5.29658,2
0.5766321,-2.0063918,2
17.882133,2.8548365,0
12.448145,-1.7652771,4
0.5289978,-1.8576323,2
17.916227,3.2007926,0
12.61821,-2.1950748,4
12.372787,-2.377869,4
4.9413147,0.5307932,2
2.6031184,-5.6142654,2
13.040404,-2.1580243,4
1.695261,-5.509373,2
1.0355871,7.700899,1
17.665003,4.211676,0
2.3753612,-5.714637,2
2.2437055,-3.4973376,2
0.66169864,-2.135664,2
2.88555,-5.844329,2
12.503332,-2.339214,4
2.1951623,-5.457467,2
2.4825156,-3.6885226,2
3.527219,-5.724531,2
12.316043,-2.3900962,4
13.028571,-2.1925023,4
7.8060083,-5.8231907,2
6.739089,0.39717364,2
8.204744,-5.568579,2
13.198069,-2.585834,4
3.4510658,-5.3593144,2
1.7976327,-5.406499,2
10.614366,0.6102095,4
0.7082673,-2.0498257,2
17.715153,4.1433563,0
2.5332055,-5.638331,2
12.830282,-2.4090962,4
3.4544976,-5.6024284,2
2.462419,-3.6992362,2
6.7567196,0.29496765,2
17.906034,2.7005794,0
2.6533792,-5.3353333,2
0.069125794,-1.9366747,2
3.0606682,-5.570822,2
10.3987055,0.43741208,4
17.96466,2.9793694,0
0.5024465,-2.144607,2
-7.4911013,4.4795585,1
12.563395,-2.201759,4
8.777715,-5.3672075,2
3.3980453,-5.541722,2
2.9489264,-6.176625,2
18.089527,2.5703263,0
0.502652,-2.010254,2
3.548826,-5.6272335,2
2.1596632,-4.992253,2
11.959373,-1.4598178,4
0.3515991,-1.7104129,2
18.253548,6.7601275,0
2.4996827,-3.7019553,2
-0.56497097,6.84141,1
6.791964,0.2519828,2
12.353653,-2.3666165,4
9.033983,7.0654497,5
11.96465,-1.3848857,4
19.017159,6.127858,0
2.7317097,-5.296536,2
1.7367641,-5.4803634,2
17.846893,2.7221832,0
6.797631,0.24498793,2
0.08384164,-1.9634804,2
6.822524,-0.5004554,2
12.018104,-1.5817704,4
6.5091023,0.5801549,2
2.9383173,-4.706866,2
1.765809,-5.4433603,2
6.723405,0.38007846,2
2.7396913,-5.249116,2
6.326062,0.5505166,2
0.17085956,-1.9910836,2
7.9605465,-5.900823,2
12.366396,-2.3695414,4
1.712547,-5.463236,2
8.242812,-5.962708,2
6.4766507,0.48475742,2
3.560966,-5.6155844,2
0.5706649,-1.5358015,2
6.8452706,-0.528603,2
8.676838,-6.0004754,2
2.4922056,-3.6619434,2
3.8030543,-5.832528,2
0.13301407,-1.9308763,2
3.2504673,-5.827745,2
18.270164,6.66157,0
8.752332,-5.4854827,2
-0.07899759,6.6216516,1
3.3893769,-5.0030737,2
10.432359,0.41725546,4
8.650307,-6.024575,2
0.16635415,-1.8899807,2
8.77417,-5.7914634,2
2.4742126,-3.7385004,2
2.667055,-3.8589556,2
7.962361,-5.853608,2
1.1372931,7.766369,1
0.61283875,-2.0081193,2
13.169018,-2.6332197,4
0.04448985,-1.918962,2
12.36012,-1.8718069,4
2.1337526,-4.954319,2
0.62012523,-2.1031969,2
1.0877156,9.4939375,1
18.322117,6.764133,0
3.6430566,-5.843505,2
3.260131,-4.995261,2
4.907399,0.7123449,2
18.07976,3.1005428,0
3.7418408,-5.6087155,2
9.581494,7.7029247,5
8.7533655,-5.9429703,2
3.386567,-5.295893,2
6.681834,5.8305874,5
19.21746,4.6158056,0
6.692157,0.37907073,2
6.758244,0.50018364,2
-6.886795,4.6428676,1
12.48276,-1.7000588,4
7.9840956,-5.6532135,2
3.4653544,-5.8083224,2
7.935455,-5.821845,2
12.803414,-1.7269533,4
2.5382938,-5.8274374,2
11.02018,0.3097247,4
2.8933413,-5.7746625,2
3.4595144,-5.635114,2
0.09009317,-1.9134474,2
8.601368,-5.7642593,2
2.71495,-5.4371605,2
-0.71342045,6.7393365,1
3.6942832,-5.422708,2
6.4213266,0.42819738,2
13.039895,-2.1779895,4
2.5247583,-3.803614,2
4.985426,0.6410743,2
17.932673,5.408366,0
1.1761608,9.392144,1
10.960523,0.32359996,4
2.8868897,-4.597653,2
13.26025,-2.3645685,4
8.539702,-5.653211,2
8.796474,-5.396291,2
13.308236,-2.4174936,4
0.61685747,-1.7362487,2
0.099137455,-1.9543072,2
2.8138943,-6.132034,2
-0.0043550213,-1.85771,2
17.9108,5.326641,0
3.4889476,-5.0907483,2
-0.12173221,7.0783606,1
6.704357,0.26169404,2
3.4769979,-5.9839673,2
13.130582,-2.650648,4
-0.40410927,6.9829903,1
-7.4219027,4.4127073,1
8.669408,-5.8125587,2
2.8448586,-6.2585564,2
10.957526,-1.9710692,4
0.06718215,6.7775855,1
1.707768,-5.4922667,2
6.3912625,0.5055087,2
2.454417,-3.7018435,2
10.33484,0.41562983,4
-0.36396596,6.3638906,1
8.213018,-5.366175,2
10.982898,-1.9476731,4
4.935111,0.6323643,2
6.800914,5.565877,5
10.305324,0.45998076,4
17.791674,5.2942452,0
2.860187,-6.2379813,2
8.83581,-5.4503965,2
10.981684,-1.9434383,4
2.8727627,-6.2666545,2
17.827402,5.325005,0
12.734688,-2.6458533,4
17.783588,2.6175704,0
2.8908205,-4.606577,2
10.422579,0.45775336,4
4.993239,0.6762256,2
10.985816,-1.9435598,4
1.7967441,-5.4778438,2
0.5748681,-2.1871278,2
13.096993,-2.1026611,4
6.5068364,0.59254414,2
12.712205,-2.6547337,4
2.4943361,-5.224619,2
-7.4452734,4.8352985,1
6.743857,0.6086999,2
3.4803553,-5.4765983,2
13.260634,-2.3027296,4
13.094025,-2.1477718,4
3.885311,-5.4607487,2
12.747678,-2.647016,4
8.007479,-5.639838,2
0.66910446,-2.1962852,2
2.9315853,-6.1180167,2
2.0970519,-4.9583473,2
18.302202,6.7122903,0
12.720901,-2.620171,4
10.306123,0.56142575,4
-7.2346606,5.9890046,1
2.4433584,-5.2778115,2
6.763125,0.27681616,2
12.497734,-2.3389716,4
2.0849297,-5.07772,2
2.8063245,-5.8926086,2
2.1171126,-5.3319297,2
17.824333,5.323372,0
-0.13757126,7.159988,1
6.6056314,0.13816248,2
8.790018,-5.426147,2
10.363939,0.5091606,4
8.10153,-5.566569,2
2.4926069,-5.7297893,2
8.326682,-5.479099,2
13.28668,-2.642779,4
10.371541,0.47428617,4
0.057465553,6.7917805,1
6.7692657,0.2917324,2
12.615325,-2.2677324,4
1.8651674,-5.495167,2
10.993482,-1.9558185,4
9.80343,6.3516827,5
6.878926,-0.54324996,2
11.916086,-1.4615376,4
2.4024282,-5.195057,2
2.4496229,-5.765067,2
2.5373688,-5.874038,2
2.845862,-6.116305,2
1.8625678,-5.4303427,2
19.199055,4.797899,0
8.989261,-5.5888605,2
-7.355378,4.769924,1
0.67165494,-2.1492975,2
0.58358395,-2.204175,2
1.8351015,-5.371783,2
0.66782963,-2.2017233,2
15.97192,7.074105,0
12.6844845,-2.0901954,4
17.821316,5.133723,0
19.225695,4.7673774,0
2.1782591,-4.87223,2
17.762915,4.1984763,0
17.746475,4.1791873,0
8.767228,-5.993312,2
12.598081,-2.3290443,4
2.7223105,-5.2953515,2
1.9906874,-5.1552877,2
12.496544,-2.3055868,4
17.877642,2.7823648,0
17.738405,2.8045106,0
8.45658,-5.8403187,2
0.677649,-1.9056811,2
0.6802653,-2.2336445,2
12.542473,-1.538723,4
8.71939,-6.014373,2
0.02303785,6.3633733,1
7.679818,-5.602922,2
2.624823,-3.8843822,2
12.3737755,-2.4094155,4
5.026415,0.65837395,2
6.596746,0.47082102,2
8.557268,-5.8298297,2
12.484552,-2.304813,4
11.077407,1.04918,4
13.269378,-2.6667416,4
2.4791627,-3.8259137,2
6.671112,0.36790866,2
2.2583125,9.170616,1
2.573811,-5.488525,2
0.57245386,-1.9546655,2
10.557394,0.63635784,4
1.9638966,-5.4408474,2
10.404201,0.5850292,4
-0.27827266,7.1556797,1
2.2442894,-4.9217253,2
2.2552128,-4.9623675,2
17.852467,2.6709995,0
17.757776,4.1592507,0
-0.24190569,7.1602464,1
-7.225478,5.981358,1
-7.5420666,4.438146,1
2.2953386,-5.0006475,2
8.959076,-5.649145,2
2.1432993,-4.9728627,2
2.7293553,-5.2938266,2
19.134693,6.079223,0
2.8702664,-6.2535987,2
3.5735104,-5.8103995,2
-7.547891,4.436379,1
6.3439384,8.009294,5
18.271528,6.553409,0
3.5403686,-5.9934244,2
2.6213768,-5.7490916,2
-0.37921393,7.036274,1
2.5510669,-3.80304,2
-0.56177926,6.8315606,1
12.978364,-2.0840902,4
17.897474,2.5396378,0
2.7685242,-5.2568154,2
8.9731245,-5.5049424,2
0.95020294,9.259153,1
11.885661,-1.4964665,4
0.5247511,-2.0760686,2
18.016768,2.4979544,0
3.3578923,-4.974515,2
2.8543842,-6.20334,2
8.957733,-5.6715264,2
0.612193,-1.5464311,2
0.41617575,-1.8668809,2
2.3797636,-3.6048152,2
17.800835,5.3070693,0
8.70391,-5.921516,2
-0.98844147,5.7510366,1
3.5142813,-5.339673,2
12.417828,-1.7974435,4
2.4504766,-4.8491096,2
12.709109,-2.7037761,4
6.5554686,0.45075893,2
2.567828,-5.6019607,2
8.730287,-5.9861627,2
2.9054153,-4.6799483,2
2.3030376,-5.8558617,2
18.282482,6.7720976,0
18.074944,3.2701688,0
6.6141887,5.5771756,5
10.615899,0.6377282,4
8.551747,-5.839187,2
8.756726,-5.937532,2
13.132021,-2.0210288,4
4.9926295,0.62610173,2
6.5562716,0.59269184,2
8.496187,-5.6521177,2
12.75941,-2.3879738,4
2.714749,-5.3319893,2
19.166372,4.7464004,0
-0.110718414,7.0476146,1
11.152083,-1.9333521,4
6.867367,-0.5253622,2
0.6204644,-2.2078638,2
13.207475,-2.6675,4
0.48294374,-2.0870147,2
17.76712,2.5352745,0
8.812656,-5.3576465,2
2.616158,-5.790366,2
8.793428,-5.966008,2
2.8626122,-5.5315695,2
6.3966365,8.272291,5
2.4706852,-3.6766145,2
0.001509262,6.8330903,1
10.944576,-1.8621386,4
8.719796,-5.836509,2
6.7054815,0.25939134,2
12.728815,-2.6806593,4
2.5224779,-3.7228563,2
2.5023096,-3.7584548,2
8.900318,-5.385148,2
8.61074,-5.835382,2
8.964405,-5.5940194,2
17.968534,5.3922753,0
12.47418,-2.3431585,4
10.390087,0.47132927,4
6.5222,0.38461837,2
2.582819,-4.9534492,2
6.885086,-0.5579891,2
2.5218554,-5.8551645,2
6.867109,-0.50983083,2
7.9323015,-5.678789,2
0.5954112,-1.9535443,2
3.6144779,-5.240718,2
6.696897,0.5988826,2
18.45256,5.2983775,0
10.962012,-1.9543538,4
17.953976,2.5343444,0
8.81167,-5.4244947,2
1.2102836,9.435508,1
8.968117,-5.4305935,2
17.75427,2.7257037,0
0.07092382,-1.9538176,2
17.787638,5.268847,0
19.214516,4.6087995,0
8.830814,-5.4516716,2
13.269939,-1.6191803,4
6.8554225,-0.5264179,2
18.258324,6.366446,0
9.5312195,7.5261316,5
-0.60472524,6.9054255,1
10.976107,-1.9448462,4
17.779222,4.1657667,0
2.5979285,-5.34342,2
2.3753366,6.639956,1
17.766663,2.6500282,0
6.667598,0.52732944,2
1.7767938,-5.463779,2
11.014381,0.4767335,4
19.024076,6.120848,0
8.591155,-5.9616547,2
12.986494,-2.2136254,4
2.7124894,-5.3259873,2
1.8700131,-5.2904916,2
12.650768,-2.2073448,4
3.644114,-5.073875,2
8.07948,-5.513015,2
7.6415725,-5.706128,2
8.563638,-5.735899,2
3.4904387,-5.616466,2
1.8486339,-5.340476,2
12.748708,-2.6620014,4
2.0362852,-5.0617633,2
3.3647819,-5.3067737,2
4.9459357,0.6423724,2
3.5033305,-5.5513043,2
12.721263,-2.6742287,4
0.35319299,-1.6510261,2
7.9653907,-5.7631245,2
17.826706,5.293859,0
7.918366,-5.9086857,2
11.849586,-1.2581224,4
-0.2861505,6.595277,1
-0.5419685,6.8268447,1
10.972053,-1.9598753,4
13.169303,-2.625132,4
8.736922,-5.9323244,2
10.937335,-1.9167712,4
3.7050815,-5.729049,2
12.50588,-1.5334114,4
8.100494,-5.894659,2
0.55290157,-2.0624962,2
2.5563972,6.494927,1
12.84066,-1.7282662,4
17.996826,2.6646328,0
9.022724,-5.42341,2
1.6693808,-5.4179893,2
8.867007,-5.4635506,2
11.7158985,-1.3256514,4
2.5193605,-5.3527026,2
3.3757062,-5.313388,2
8.967259,-5.5393586,2
0.09497929,-2.0736415,2
10.925591,0.32251048,4
4.908695,0.66020936,2
13.10725,-2.550648,4
2.472696,-5.96642,2
7.747763,-5.681045,2
6.510554,0.13374153,2
8.197803,-5.5893054,2
8.706113,-5.98259,2
12.55793,-1.934328,4
8.938063,-5.365228,2
2.5880578,6.495767,1
18.267714,6.6633787,0
2.6148229,-3.8406453,2
6.3020115,7.912664,5
0.14237262,-1.7387297,2
7.6980457,-5.6770954,2
8.52685,-5.7275014,2
6.862521,-0.52046776,2
12.377126,-1.780138,4
12.358717,-1.9305475,4
17.887003,5.3065042,0
6.7554345,0.32266945,2
18.014864,3.1366367,0
17.75296,2.9453433,0
17.7591,4.8839912,0
-7.486961,4.4696383,1
6.8244333,-0.5641822,2
6.5731077,0.31400743,2
11.944117,-1.4660984,4
6.0930343,0.27942392,2
2.5590138,-3.7611923,2
8.771133,-5.958094,2
8.751854,-5.915767,2
19.248522,4.833817,0
7.7723985,-5.792235,2
2.9871447,-4.9627233,2
7.8815203,-5.7919917,2
2.3162591,6.5376983,1
8.858462,-5.3895626,2
12.499298,-1.8339736,4
2.6193109,-5.476419,2
10.970991,-1.934157,4
17.76588,2.949547,0
2.101276,-5.073971,2
0.049490135,-2.0170245,2
8.878313,-5.35341,2
6.332288,0.4121844,2
3.2322514,-5.499077,2
8.495549,-5.941962,2
10.762085,0.7606045,4
6.613263,0.36493355,2
2.3913507,-5.6938396,2
17.716703,3.0689375,0
12.6939745,-2.6912026,4
2.9659448,-6.2462316,2
12.426351,-1.8032095,4
2.42981,-5.801273,2
6.5601506,0.555935,2
1.8563946,-5.402564,2
3.3962724,-5.3846374,2
6.4862247,0.565136,2
4.944401,0.633837,2
17.93748,5.3380976,0
12.582165,-2.264961,4
7.917706,-5.550411,2
3.4101503,-5.3148303,2
0.21842545,-1.6414034,2
1.1869569,7.726023,1
12.356423,-2.4175007,4
1.6766943,-5.5279255,2
8.712644,-5.987841,2
10.424752,0.5431065,4
18.274725,6.7040553,0
2.8766878,-6.268126,2
10.393166,0.50297314,4
13.045845,-2.2313683,4
6.490777,0.56933075,2
7.949923,-5.72433,2
-7.4957905,4.82334,1
8.88897,-5.760981,2
1.7152159,-5.4633694,2
10.639523,0.66058856,4
2.4881544,6.457862,1
2.4554482,-5.8196545,2
1.7684836,-5.4224215,2
17.744743,4.2013445,0
2.0998988,-4.9721913,2
10.510373,0.6538245,4
2.6473012,-5.3891554,2
6.787944,0.3412429,2
7.7395306,-5.698048,2
17.891106,5.342296,0
8.951703,-5.65152,2
8.693421,-5.9381084,2
8.878675,-5.569958,2
19.14043,4.6842165,0
8.354848,-6.016479,2
1.7295476,-5.4758835,2
5.006674,0.6478243,2
6.9561033,-0.53664565,2
5.0085664,0.6705679,2
9.001006,-5.44951,2
4.7815943,0.63184595,2
19.193089,4.7963095,0
12.374613,-2.4607341,4
2.4606454,-5.778727,2
-7.2248554,6.0054245,1
6.8908167,-0.57235926,2
-6.9342265,4.6407747,1
10.919335,-1.8148992,4
12.777005,-2.3852122,4
12.470437,-1.9225109,4
17.874277,2.7668521,0
1.7174433,-5.5003715,2
6.5652723,8.480672,5
0.4939307,-2.1858115,2
2.5640993,-5.161622,2
0.6025136,-2.2198508,2
8.128347,-5.670947,2
10.744396,0.7589931,4
6.8230276,-0.56173635,2
10.95636,-1.9052925,4
19.194927,6.1218033,0
19.142923,6.110503,0
8.769946,-6.0118694,2
12.352234,-2.4552712,4
18.297728,6.6393347,0
11.897917,-1.4619219,4
12.496056,-2.302469,4
10.29811,0.43109742,4
12.584021,-2.195443,4
11.044205,-1.8514163,4
-7.5633245,4.409023,1
2.2518778,-5.568698,2
12.543275,-2.132872,4
18.024397,3.1574595,0
6.7042685,0.5814587,2
2.5863938,-5.2845535,2
3.1166291,-4.749368,2
6.3952384,0.43130222,2
12.348603,-2.3963654,4
2.8024323,-5.2640495,2
8.741441,-6.0505013,2
0.6662383,-2.0269403,2
13.232617,-2.643493,4
0.8150035,-1.353891,2
2.4688032,-3.6841488,2
2.8780775,-6.2931385,2
2.516979,-3.643001,2
10.954778,-1.8999913,4
2.6293035,-4.816827,2
18.23089,6.271895,0
2.9503238,-5.5642333,2
2.553463,-5.193613,2
11.0181675,-1.979465,4
13.011137,-2.0833778,4
2.705024,-5.618244,2
8.81645,-6.0159917,2
1.1567622,9.34112,1
8.715839,-6.044427,2
0.38063827,-1.8446983,2
1.9701936,-5.0881886,2
0.61161566,-2.1714358,2
6.461448,0.43410116,2
6.7371645,0.31617886,2
2.8767335,-6.220566,2
0.6466022,-1.9891326,2
8.554224,-5.7612815,2
-7.46918,4.488929,1
8.337319,-6.0155272,2
10.292263,0.4761886,4
6.79736,0.29558203,2
0.52241015,-2.1513965,2
12.225234,-1.6137065,4
17.99063,2.5283158,0
13.031981,-2.2252662,4
17.906157,2.6953247,0
13.217619,-2.5997584,4
0.51445484,-1.8683577,2
8.759238,-6.0333786,2
2.2370577,-5.2537274,2
10.856611,0.74089324,4
2.7457538,-5.645281,2
2.2209146,-5.7186503,2
0.76782703,-2.048944,2
2.5451136,-3.6020217,2
0.0048672007,6.822141,1
8.78159,-5.9930596,2
10.392082,0.4781929,4
12.457807,-1.5943036,4
8.990912,-5.648085,2
0.59967643,-2.2116685,2
2.7251794,-4.7861333,2
10.613625,0.7332919,4
10.435666,0.45736545,4
1.6683183,-5.489401,2
2.8937314,-6.2944827,2
12.579159,-2.1482446,4
2.4810789,-5.763768,2
13.261111,-2.660139,4
6.2799683,7.8714833,5
10.962799,-1.9181974,4
-0.2662317,7.151832,1
13.001547,-2.0774698,4
2.9231894,-5.1526437,2
9.010557,-5.543082,2
-0.1678771,6.8051333,1
0.61343163,-1.85229,2
10.291097,0.49194798,4
5.0320396,0.68848664,2
8.939274,-5.6078258,2
10.507508,0.57612807,4
1.0003068,9.242175,1
4.984133,0.686516,2
2.55992,-5.5427,2
3.5465214,-5.4813952,2
3.1218553,-4.6734424,2
1.9334571,-5.157203,2
10.408074,0.50940293,4
8.991995,-5.5971656,2
13.074354,-2.1849346,4
10.480389,0.6232765,4
3.4957683,-5.6755333,2
1.0282506,9.539284,1
12.401903,-1.8902496,4
13.250776,-2.34788,4
2.4677346,-3.7458231,2
-0.41906,6.990712,1
1.7199674,-5.4320493,2
2.809307,-6.029147,2
8.826079,-5.9064445,2
8.560892,-6.0359883,2
0.6267383,-1.4187653,2
17.699924,2.7928088,0
-7.5480804,4.433892,1
2.467386,-5.638681,2
2.8609655,-6.2386875,2
2.626543,-5.798597,2
2.3126843,-5.185124,2
10.286878,0.46674627,4
0.44661298,-2.0584557,2
13.269181,-2.4035726,4
6.7155595,0.5036224,2
8.658804,-5.9345956,2
-7.0630097,4.7800136,1
0.26891854,-1.573773,2
6.6680627,0.23076445,2
12.611481,-2.171788,4
8.826249,-5.9810925,2
17.864246,5.3369474,0
6.7130423,0.38534853,2
6.720144,0.62065685,2
2.9921267,-5.852724,2
2.6892903,-5.3250947,2
17.944962,2.8466964,0
2.820743,-5.969822,2
17.717,3.1883545,0
3.7776463,-5.9572997,2
2.560396,6.736098,1
17.704964,4.1909904,0
7.995125,-5.806264,2
-0.31130695,6.8379917,1
17.695065,4.175989,0
17.868858,5.335202,0
18.0846,2.5163882,0
8.821919,-5.3690085,2
8.629607,-5.7731705,2
2.4570959,-3.7419255,2
13.255242,-2.6599596,4
3.478997,-5.898871,2
2.899789,-6.141441,2
12.464367,-2.307567,4
10.297514,0.46677303,4
-7.49714,4.481518,1
12.7672615,-2.6076603,4
2.5755167,6.662877,1
19.26851,4.629744,0
1.6938787,-5.50108,2
2.8601902,-6.283563,2
6.6078362,0.5220188,2
2.878374,-6.2998424,2
10.817486,0.7647838,4
8.759007,-6.0280614,2
10.409111,0.48644572,4
10.315298,0.4564373,4
2.4036222,6.5857534,1
17.822395,5.3387413,0
6.223572,7.83532,5
3.3575106,6.416786,1
10.361315,0.45195645,4
9.622447,7.7254558,5
10.618488,0.68953544,4
6.6664653,5.931759,5
12.411157,-2.326624,4
8.81844,-5.544238,2
7.74408,-5.7386317,2
0.74384815,10.04724,1
5.145107,0.4567907,2
12.429068,-1.5934218,4
10.935567,0.28717318,4
2.928241,-5.6190686,2
17.762707,4.2036967,0
8.787352,-5.2965484,2
1.7357658,-5.4538164,2
6.7233863,0.29100338,2
12.716828,-2.6888,4
17.72628,4.162165,0
1.9588586,-5.400638,2
0.010423982,-1.8028364,2
7.917654,-5.7490487,2
12.12044,-1.7333564,4
13.230042,-2.6689405,4
0.05428113,-1.9299748,2
9.021242,-5.560385,2
17.634514,2.832714,0
5.0953536,0.612473,2
6.7513585,0.26561373,2
17.790606,3.1788607,0
9.003775,-5.60015,2
6.3304186,7.9388247,5
-0.3734409,7.113475,1
8.991486,-5.682753,2
10.275866,0.46447796,4
17.828543,3.2123435,0
1.7842149,-5.463505,2
4.8987136,0.63434684,2
1.6940225,-5.492447,2
-7.552107,4.4360733,1
1.6824865,-5.4953246,2
2.4617386,-3.7364812,2
0.7198663,-1.8776115,2
1.7018069,-5.5232153,2
6.8302245,-0.52223814,2
10.389534,0.479939,4
8.739316,-5.9779277,2
19.198822,4.8051257,0
2.4630554,-3.6635962,2
10.391897,0.45289856,4
2.190507,-5.0284777,2
19.16803,4.729384,0
8.809709,-5.9227633,2
10.993975,-1.9569825,4
6.363202,0.52061844,2
3.3708127,-5.715569,2
6.7834053,0.330001,2
18.263765,6.583613,0
18.27217,6.5980625,0
9.705858,7.6134834,5
17.767021,3.0151277,0
8.763409,-5.362531,2
18.419111,6.6794944,0
6.3431354,7.8064027,5
9.590996,7.6010666,5
7.758895,-5.626368,2
6.63398,0.5675727,2
2.6042213,-3.814697,2
0.59500265,-1.907752,2
18.843893,5.3636518,0
17.63662,2.8514907,0
12.727767,-2.6794715,4
8.037822,-5.939036,2
9.066433,7.0410013,5
8.219748,-5.536237,2
12.808715,-2.587357,4
18.80944,4.2232656,0
3.8741765,-5.7503233,2
3.5039082,-5.583328,2
10.977726,-1.9350014,4
10.96557,-1.9215043,4
2.2760262,-5.497026,2
2.819628,-5.2266097,2
8.520673,-5.307562,2
8.727724,-5.9731216,2
8.510588,-5.86029,2
2.1345196,-5.3980474,2
9.084726,-5.4734635,2
6.8191094,-0.55858696,2
17.778282,2.5325654,0
12.0121765,-1.3999999,4
6.6948204,-0.469554,2
0.6330295,9.478691,1
11.820886,-1.5311794,4
12.605947,-1.6999484,4
12.573828,-1.730308,4
2.0021167,-5.1146684,2
5.0795383,0.7244953,2
0.8400974,7.7620482,1
12.323568,-1.6924618,4
2.8807929,-6.274562,2
2.8429267,-5.0682597,2
-0.36580175,7.022526,1
6.7935567,0.23923331,2
0.4105339,9.946633,1
10.335218,0.45505,4
15.115254,5.642289,0
13.063315,-2.1709027,4
18.028645,2.5272202,0
8.672659,-5.924811,2
1.6960225,-5.449795,2
9.637922,7.611421,5
2.0926826,-5.4824204,2
8.563309,-5.9136147,2
7.752678,-5.7128735,2
3.5277352,-5.8547077,2
3.627714,-5.353922,2
5.016915,0.64337647,2
8.718623,-5.9968357,2
8.955228,-5.6971197,2
2.8831873,-6.28017,2
17.708967,3.1830251,0
1.1410056,9.376255,1
19.125439,6.2171965,0
10.353034,0.53596777,4
0.5121252,-1.9695052,2
2.6055846,-3.9183805,2
0.56411207,-2.2040408,2
12.960292,-2.2448606,4
18.269896,6.600355,0
1.6407608,-5.514708,2
10.948153,0.3257232,4
6.545997,7.770822,5
3.7638736,-5.92745,2
17.620398,2.8756769,0
0.55134094,-2.2576277,2
13.21944,-2.6518922,4
12.527434,-1.9251616,4
1.6952605,-5.5396132,2
10.73666,0.73019505,4
1.827674,-5.264109,2
13.246287,-2.0072412,4
17.702045,4.1785583,0
1.9721214,-5.130427,2
8.85715,-5.3360643,2
18.022514,2.599178,0
17.71479,4.1950555,0
17.905546,2.6826816,0
2.0951319,-5.4419208,2
12.509195,-1.8624231,4
13.020145,-2.1552815,4
8.833651,-5.401873,2
10.381307,0.4229873,4
8.855028,-5.301919,2
10.526695,0.68325776,4
17.95518,3.0469341,0
8.1604805,-5.5602503,2
2.5158393,-5.595981,2
12.491987,-1.8089885,4
19.221575,4.794203,0
8.034992,-5.604487,2
4.96825,0.5811617,2
17.77326,4.7863884,0
2.5501995,6.7620707,1
2.5319512,-5.848426,2
6.16398,7.9739237,5
-0.051207375,6.5481,1
8.756297,-5.9186115,2
15.160055,5.713842,0
8.983019,-5.609777,2
6.3005476,7.846593,5
3.6158977,-5.304612,2
2.432568,6.3434515,1
5.058346,0.6126588,2
6.402513,0.35826698,2
3.4983752,-5.367729,2
4.9616656,0.6200335,2
12.433654,-1.7629882,4
3.7747812,-5.934474,2
0.096240416,-1.9014195,2
6.852839,-0.60317034,2
4.9058194,0.7093124,2
6.3665543,0.5384489,2
3.6810849,-5.417584,2
2.7515738,-5.685508,2
0.5631906,-1.7742124,2
7.9688673,-5.6753798,2
8.693782,-5.9965787,2
18.076918,2.7168806,0
3.5252695,-5.334114,2
7.889364,-5.7663035,2
10.944988,0.25186273,4
10.561575,0.6230559,4
8.112762,-5.541859,2
1.719717,-5.4342594,2
3.448994,-5.513024,2
3.2269237,-5.5934143,2
-0.115438655,-1.469523,2
18.088404,2.9558504,0
7.7099457,-5.7555833,2
6.255331,0.5386065,2
7.9720874,-5.6804233,2
8.981821,-5.473659,2
18.311234,6.5625224,0
10.501076,0.54692924,4
15.08249,5.6813164,0
9.585757,7.573965,5
10.918999,0.28950483,4
3.3885624,-5.3255243,2
-7.523581,4.4941335,1
-7.1020317,5.966641,1
6.48387,0.5631497,2
6.7356176,0.3066451,2
18.287075,6.5681434,0
0.18391542,-1.878908,2
0.09271136,-1.9139578,2
3.704535,-5.378611,2
8.683388,-5.2267575,2
1.6853889,-5.4536276,2
0.0106582055,6.6025133,1
3.794723,-5.9776773,2
8.632415,-6.017812,2
2.7285643,-5.398204,2
8.91258,-5.745687,2
19.169535,4.8018622,0
7.7117214,-5.706622,2
8.810525,-5.6393676,2
3.2083678,-4.9778156,2
6.50207,0.5481604,2
3.4916942,-5.2739906,2
10.976819,0.49932534,4
18.261251,6.738623,0
8.650137,-6.0026383,2
3.6186664,-5.930753,2
6.545896,0.57708174,2
8.995021,-5.5231323,2
10.400887,0.4451631,4
10.48974,0.6616773,4
11.137648,-1.7386256,4
18.405079,6.699404,0
13.077841,-2.150684,4
19.102594,6.07229,0
2.4735172,-5.829719,2
1.7036492,-5.5463486,2
6.519197,0.48598617,2
10.966021,-1.9698379,4
2.0939145,-5.014023,2
3.9303493,-5.7846684,2
2.6644034,-5.378532,2
6.568414,0.55601937,2
8.605584,-5.519236,2
3.241666,-5.2532864,2
13.045573,-2.1626582,4
8.719389,-6.031954,2
3.6618814,-5.759683,2
8.644358,-5.3402452,2
12.502079,-2.2922783,4
17.70474,4.2090626,0
6.8875585,-0.5312932,2
11.876277,-1.4736432,4
2.5782795,-5.8482156,2
10.492498,0.7083882,4
2.0461688,-5.0845747,2
0.8211629,-1.6321084,2
-0.20238918,7.177053,1
8.963842,7.103197,5
1.7495614,-5.5085344,2
12.762083,-1.695485,4
10.894333,0.47401506,4
18.313475,6.6291466,0
2.6320775,-5.394365,2
17.80717,2.584636,0
1.9803116,-5.3497925,2
2.0160108,-5.0372715,2
-7.1734753,5.9000444,1
13.037943,-2.220054,4
6.845212,-0.5565152,2
0.5869194,-2.248425,2
13.243875,-2.664746,4
8.965654,-5.4968057,2
2.0990047,-4.983656,2
13.203372,-2.6807003,4
9.640557,7.5782323,5
6.6391206,0.29189274,2
2.4699805,-5.815239,2
8.126726,-5.519461,2
-7.12008,4.861012,1
-0.12989573,7.0591574,1
2.421041,-5.4577165,2
1.7086371,-5.5155964,2
9.000019,-5.520321,2
17.979156,2.732281,0
2.7421732,-5.238075,2
6.624872,5.7703505,5
8.052206,-5.667504,2
13.013097,-1.9828799,4
1.7559558,-5.4986415,2
5.0726466,0.6559859,2
6.801292,-0.47216046,2
1.6805456,-5.527075,2
17.89518,5.3942833,0
19.078415,6.1317344,0
13.191175,-2.6735978,4
0.5997546,-2.1624925,2
9.549875,7.633127,5
8.645966,-5.9706774,2
1.8399678,-5.49278,2
18.311686,6.764066,0
0.7475001,-2.0601041,2
2.5131433,-5.857502,2
-7.552173,4.4343324,1
6.796422,0.23367031,2
13.2510395,-2.3836708,4
12.537645,-1.937966,4
8.741666,-5.314793,2
10.980454,-1.9341651,4
9.029652,-5.559943,2
2.4941688,-5.985468,2
5.0008993,0.6789442,2
2.5808961,-5.499661,2
17.642344,2.801326,0
10.515405,0.44309905,4
13.3354225,-2.3820114,4
1.0172943,9.2380905,1
12.846578,-2.596754,4
2.758031,-6.0657783,2
2.4003694,-4.798472,2
18.268194,6.6456623,0
0.5592987,-1.7323993,2
9.019012,-5.5303097,2
1.7218441,-5.493822,2
12.764429,-2.3371184,4
2.7920072,-5.100037,2
18.266655,6.721947,0
10.473127,0.74633974,4
2.8639052,-4.6347327,2
17.737309,4.2373786,0
0.5561309,-2.2382457,2
12.485592,-1.8934941,4
12.814499,-2.1766071,4
8.276406,-5.481876,2
2.8722208,-6.2500954,2
6.4906964,0.61699843,2
2.70998,-5.238008,2
10.711313,0.70922524,4
8.799496,-5.9607058,2
10.313067,0.46943957,4
2.4352415,-5.9516683,2
11.042558,-2.0186584,4
2.106274,-5.066171,2
12.939309,-2.291265,4
5.0206428,0.7153811,2
8.435104,-5.102948,2
-0.74048036,6.8015366,1
12.787419,-2.6356583,4
-7.5013504,4.4667926,1
-0.32802194,7.154964,1
6.7804513,0.22297508,2
3.6472743,-5.632032,2
10.309332,0.47285864,4
1.6608206,-5.535833,2
10.993993,-1.9469434,4
9.634796,7.7049932,5
13.218635,-2.6761827,4
13.235431,-2.6876113,4
10.897558,0.27441633,4
12.334064,-2.4407187,4
12.969308,-2.3108897,4
13.199714,-2.6585162,4
12.287924,-2.503306,4
13.198906,-2.3547592,4
10.580795,0.72819334,4
8.783954,-5.3206425,2
6.485977,0.56884736,2
-0.2770515,7.148837,1
18.230078,6.7046757,0
6.688092,0.29822662,2
13.067917,-2.2585673,4
13.052521,-2.2898092,4
-7.039831,5.896228,1
2.6921196,-5.376873,2
7.851334,-5.653918,2
2.7171125,-5.4260964,2
6.368807,7.817701,5
18.295517,6.7340746,0
6.3146935,0.4078616,2
6.3219876,0.072747596,2
6.7489576,0.31397855,2
-7.551311,4.4394,1
2.85823,-6.2923737,2
6.816581,0.017346159,2
12.864711,-2.6279328,4
6.463397,0.26236382,2
17.829826,4.167631,0
12.737274,-2.3795576,4
17.648417,2.8304324,0
8.51588,-5.8758864,2
10.416428,0.44012293,4
-7.1777706,5.910277,1
12.524512,-2.2643175,4
17.966753,2.640299,0
8.749727,-5.345918,2
10.870766,0.2604114,4
0.62779856,-2.0159805,2
2.1011283,-4.9857087,2
7.801371,-5.8461976,2
3.6436524,-5.89553,2
9.000082,-5.5127296,2
0.9720164,9.458951,1
10.786162,0.71974236,4
15.286916,5.7021403,0
10.982482,-1.9373782,4
19.164442,6.118723,0
8.905654,-5.6178575,2
7.7786264,-5.64334,2
8.609182,-5.648125,2
8.385336,-5.299651,2
6.2635183,8.200945,5
12.326794,-2.4199765,4
17.668228,2.802892,0
18.2431,6.735543,0
9.027319,-5.5689683,2
12.718356,-2.6619503,4
13.237796,-2.674638,4
17.642591,2.9951382,0
6.0989146,6.890119,5
12.368271,-2.4553998,4
13.301196,-2.3919876,4
4.9534965,0.7537478,2
10.48781,0.6553336,4
10.506561,0.6763578,4
2.8197477,6.422594,1
17.672686,2.8463318,0
0.5693146,-2.0224683,2
12.567681,-1.6107831,4
-7.45439,4.8089533,1
13.303812,-2.3909333,4
0.49412328,-2.2731762,2
0.5019367,-2.0066943,2
10.995206,-1.9475533,4
1.6657434,-5.510707,2
7.9569345,-5.8842773,2
18.314383,6.755028,0
-7.2166038,6.0019093,1
13.234068,-2.6925879,4
12.618794,-2.1456747,4
6.571475,5.4696074,5
1.9300866,-5.438709,2
2.3690598,-3.651547,2
13.332222,-2.4260714,4
12.696609,-1.7389699,4
2.5508704,-5.166183,2
12.70833,-2.4602234,4
2.4636917,-5.2532525,2
0.9503873,9.19671,1
19.204506,4.7729244,0
13.035339,-2.2325575,4
6.4766545,7.6667266,5
1.6633468,-5.5363255,2
17.712847,3.028498,0
13.069827,-2.1464932,4
8.840027,-5.4552913,2
6.264239,7.8987827,5
17.8324,2.587628,0
8.433104,-5.2260065,2
6.750167,-0.5062227,2
2.8937275,-6.148347,2
2.8546572,-6.275093,2
10.309481,0.48989373,4
-7.5506563,4.430341,1
0.6586472,-1.9003575,2
13.405652,-1.9396031,4
13.222659,-2.2410572,4
7.7629395,-5.7349153,2
11.008054,-1.9855194,4
2.4180648,-5.8283763,2
6.8886786,-0.5189063,2
2.165426,-5.0335336,2
18.28496,6.629255,0
17.91064,2.7849658,0
1.8711703,-5.5374794,2
0.66521764,-1.6169201,2
1.9365488,-5.4920344,2
17.693296,2.9957128,0
6.896639,-0.58565724,2
12.614297,-1.6730161,4
17.704926,4.801271,0
6.3964267,7.8449745,5
1.6080923,-5.5845623,2
13.036605,-2.245566,4
2.858544,-6.2573686,2
5.0265584,0.6754677,2
13.268309,-2.7104602,4
17.73294,4.1878815,0
1.8898242,-5.5294976,2
10.985406,-1.947522,4
8.73237,-5.9912114,2
0.73730636,-2.0610018,2
3.8165998,-5.53282,2
8.631742,-6.0391827,2
12.600092,-1.5945504,4
8.542658,-5.7302856,2
8.227228,-5.4522967,2
2.4492915,-5.979587,2
17.84447,2.5440538,0
6.332538,7.870656,5
2.6360564,-5.6866355,2
2.574162,-5.267962,2
8.627716,-6.0271497,2
10.903831,0.43374154,4
6.7837067,0.23299871,2
19.246485,4.6582036,0
2.419607,-5.3160167,2
2.629413,-4.8709693,2
2.954946,-4.898114,2
12.808235,-1.882431,4
12.77259,-1.6712615,4
-7.2357845,5.985828,1
8.652937,-6.004373,2
18.262615,6.7408013,0
6.8194165,-0.5231215,2
10.793936,0.8242015,4
10.292148,0.44710904,4
2.2877164,-5.6738605,2
10.941638,0.30441368,4
-0.31812504,7.0940056,1
3.9427621,-5.3699245,2
10.345406,0.5084186,4
2.4717178,-5.8292623,2
2.4203746,-3.6127577,2
3.5909386,-5.5306554,2
17.744791,4.1706676,0
1.9750836,-5.4075956,2
15.300021,5.6785674,0
13.023412,-2.2456224,4
12.369144,-1.6773528,4
10.993712,-1.8598074,4
8.929043,-5.497826,2
13.102715,-1.607221,4
17.649923,2.8427641,0
15.186966,5.725976,0
8.713328,-5.881377,2
13.232758,-2.6797607,4
10.519173,0.7033702,4
12.335273,-2.482226,4
-7.4719534,4.830092,1
1.9529756,-5.4486723,2
2.963982,-6.057457,2
13.242636,-2.6770678,4
10.424851,0.45016652,4
0.06630206,-1.8503042,2
10.864313,0.28731978,4
13.221778,-2.6612673,4
10.312526,0.47838014,4
6.3446946,8.148405,5
17.811707,3.0488276,0
12.473624,-1.9409515,4
5.016123,0.5252732,2
9.03544,-5.4913445,2
-0.059151445,6.5789614,1
10.857813,0.3683837,4
8.724555,-6.0535216,2
11.85634,-1.3837193,4
12.44512,-1.567804,4
5.1418047,0.6742324,2
-7.4555826,4.829664,1
12.34234,-2.42337,4
6.562177,0.11581649,2
15.235299,5.6879983,0
0.5196227,-2.2284875,2
10.4749365,0.7089052,4
7.945486,-5.8732553,2
2.537873,-5.8772945,2
3.15589,-5.4560657,2
17.77611,4.189658,0
3.4474912,-5.7698483,2
13.218196,-2.6696246,4
0.51169765,-2.1141539,2
13.217758,-2.6697843,4
6.7093472,0.61346877,2
8.728937,-5.8470883,2
-0.53512335,6.8539114,1
8.96179,-5.494088,2
12.938079,-1.9884645,4
12.743657,-2.6823618,4
18.034195,2.6868207,0
2.4649482,-5.81242,2
8.535959,-5.3043103,2
17.869905,2.5038488,0
12.335345,-2.4305294,4
9.047199,-5.4805546,2
12.420892,-2.4033961,4
6.875831,-0.53100955,2
-0.4461849,7.043317,1
9.703545,6.301365,5
11.036019,-1.8045362,4
8.218686,-5.591463,2
12.583269,-1.68918,4
-0.43040094,6.963947,1
2.1701136,-4.968515,2
0.40266523,-1.7533009,2
0.7007901,9.765447,1
10.850929,0.7844836,4
12.675216,-1.624416,4
8.798837,-5.348724,2
12.394404,-1.9385813,4
2.8765836,-6.226051,2
10.8905115,0.5804725,4
1.0249954,7.60202,1
6.710563,0.3253424,2
0.6324143,-1.9641709,2
0.1355741,-1.9291224,2
2.4763985,-5.2808423,2
5.005574,0.6700486,2
-7.145982,5.90507,1
13.037742,-2.1644435,4
18.033392,2.6876147,0
6.183881,6.9104805,5
6.6616,-0.5170354,2
2.1269681,-5.752738,2
2.4391122,-6.006689,2
7.900376,-5.8988686,2
8.946965,-5.487837,2
10.919501,0.2753889,4
2.4426634,-5.9900866,2
11.04912,0.09709115,4
6.5252824,0.35833976,2
18.286865,6.7377276,0
12.837255,-2.3317518,4
5.001804,0.51993155,2
18.022663,2.7894328,0
10.966486,-1.9257467,4
7.8781147,-5.777806,2
-0.13557953,6.6332245,1
3.6019483,-5.6189675,2
6.285926,8.084179,5
3.6309426,-5.948979,2
0.5472811,-2.2406833,2
11.111225,0.40450796,4
7.723878,-5.7541003,2
10.806665,0.76126856,4
-0.54810613,6.7978606,1
11.016831,-1.8091174,4
0.87532794,9.347038,1
10.416067,0.45396793,4
3.403658,-5.5719213,2
3.6119473,-5.921611,2
3.8535264,-5.7564096,2
17.671932,3.0156689,0
7.8465347,-5.7298517,2
3.5624583,-5.738634,2
7.954564,-5.8633537,2
16.969624,7.343455,0
3.5112722,-5.626294,2
12.554579,-1.6087447,4
11.897576,-1.2953161,4
3.399367,-5.893191,2
0.58237594,-1.6190557,2
7.8417807,-5.7810025,2
6.8065605,0.22912648,2
3.845166,-5.538071,2
2.765686,-3.9255438,2
17.916416,5.3778305,0
2.3994842,6.5236793,1
3.7540674,-5.3293104,2
0.49968484,-2.034286,2
3.898673,-5.759924,2
1.2360377,7.715579,1
-6.842992,4.6165595,1
6.7355957,5.465587,5
3.7241848,-5.336537,2
-7.365464,4.6520433,1
0.4257637,-1.7872496,2
6.1697497,7.940838,5
7.8936086,-5.668684,2
2.4301174,-5.267717,2
0.83789265,-1.4877799,2
1.7136074,-5.5198507,2
19.320162,4.7518973,0
2.4608507,6.6090255,1
6.5126696,0.5370888,2
0.11488378,-1.9172606,2
17.934198,5.325149,0
12.447376,-1.5487094,4
3.8288925,-5.7964544,2
16.20835,6.41351,0
3.3060555,-4.400089,2
2.7405908,-5.208239,2
3.7582493,-5.4983306,2
-0.45743132,6.8708215,1
12.523215,-1.9312123,4
8.751106,-5.9314303,2
3.9029236,-5.3081613,2
17.705608,4.153452,0
0.121445924,-1.8772604,2
-0.06964756,6.4673033,1
6.881636,-0.5942607,2
0.1234533,-1.9471722,2
2.462918,-3.7322698,2
12.846144,-1.7842449,4
3.5035975,-5.771925,2
12.731488,-1.9854022,4
10.955495,0.2313341,4
-7.483057,4.4571524,1
12.382403,-1.8045099,4
2.5696619,6.6708407,1
3.919104,-5.469474,2
0.62377995,-2.0316439,2
-7.0825467,5.9118667,1
12.755112,-2.6471527,4
3.119155,-4.6733994,2
6.7863326,0.24121772,2
19.291805,4.6657495,0
10.897088,0.29945934,4
17.766193,4.221064,0
12.751401,-2.649248,4
-0.5803407,6.7630835,1
6.526785,5.549533,5
10.396123,0.5195351,4
12.897539,-2.298813,4
-7.495287,4.8314342,1
17.895243,5.331199,0
13.152522,-2.2782662,4
2.8524344,-6.286159,2
-0.25434354,7.068763,1
8.738605,-6.0323315,2
6.820486,-0.5213934,2
10.934448,0.41427675,4
9.011334,-5.4844193,2
10.970552,0.52626115,4
10.904916,0.39970002,4
12.53498,-1.4442906,4
13.180127,-2.6857903,4
3.3699563,-5.72192,2
-7.223629,5.910413,1
2.4681451,-3.7203429,2
11.009202,-1.9898562,4
17.689192,4.941912,0
6.6763988,0.33090472,2
10.366699,0.45964736,4
3.3596137,-4.93342,2
8.139204,-5.6663384,2
2.5090764,-3.5758975,2
6.7496576,0.29900706,2
12.870114,-2.5033545,4
17.68059,3.0631847,0
6.7480645,-0.4524855,2
12.78124,-2.5916119,4
-7.3696084,4.783851,1
1.9569701,-5.407805,2
12.325758,-2.457156,4
2.590079,-5.5665584,2
13.07136,-2.2644415,4
2.7161415,-5.2361717,2
1.7087097,-5.59223,2
9.0117235,-5.4813833,2
2.6459315,-5.3241916,2
3.4661305,-5.6729374,2
-0.18040906,7.148456,1
9.723866,7.6777577,5
18.228333,6.621417,0
2.9227233,-5.714784,2
19.284615,4.727663,0
6.6937532,5.9471974,5
2.9060218,6.7832932,1
3.170853,-4.714105,2
12.371159,-1.5938982,4
10.910269,0.32781208,4
12.592,-2.2951694,4
2.4390454,-5.8130074,2
7.7283955,-5.658982,2
6.7834716,-0.4666497,2
3.4079518,-4.9101806,2
12.883672,-2.478741,4
3.0838654,-5.295951,2
6.7132893,8.317884,5
10.8946085,0.27689227,4
17.995752,2.9808862,0
2.0931644,-5.137,2
10.82136,0.73423934,4
10.960589,-1.9648635,4
8.642127,-5.880988,2
18.099392,2.755257,0
2.0155797,-5.410709,2
12.750401,-2.6781838,4
13.168845,-2.6586208,4
3.6141055,-5.9666634,2
1.9031801,-5.4079504,2
2.1757565,-5.454493,2
12.570028,-2.276025,4
18.297482,6.7722816,0
-7.4737277,4.5244236,1
-7.520801,4.852831,1
13.265542,-2.7304494,4
2.3106406,-4.981599,2
10.391785,0.504833,4
12.764378,-2.666642,4
7.9005804,-5.824176,2
8.749614,-5.991318,2
2.064965,-5.0342774,2
18.29199,6.764654,0
1.9673305,-5.3802924,2
8.88557,-5.6708374,2
13.059328,-2.2085845,4
13.098922,-2.1021726,4
12.454514,-1.9245291,4
13.185434,-1.9550755,4
18.24498,6.772148,0
12.909988,-2.5059228,4
8.843174,-5.458406,2
6.7011514,0.26828855,2
13.2962475,-1.8100684,4
8.311767,-5.966713,2
19.2388,4.736097,0
3.7792728,-5.496026,2
6.379506,0.57264453,2
10.980802,-1.923355,4
18.233799,6.7189736,0
1.6926746,-5.5690084,2
15.179371,5.700719,0
12.378802,-1.7432575,4
6.44188,0.29124644,2
18.2044,6.5771317,0
12.644002,-1.6449957,4
12.92628,-1.6951103,4
11.06876,0.13457638,4
12.519769,-2.2805762,4
8.942494,-5.5239673,2
10.997712,-1.9218256,4
6.415379,7.9452486,5
6.3308606,8.228084,5
17.682457,4.185761,0
6.7792435,0.316168,2
2.9025574,-4.9941893,2
12.742414,-2.6722262,4
2.2460191,-5.1517563,2
17.699232,3.0959918,0
3.662265,-5.929156,2
8.806096,-5.2936664,2
17.740454,4.2177176,0
9.634069,7.66375,5
1.7765161,-5.4302173,2
13.254152,-2.6972299,4
12.626911,-1.6085508,4
17.058443,7.356846,0
0.99256927,7.694572,1
2.3489552,-5.370396,2
12.473589,-2.357268,4
10.446543,0.4605848,4
3.0218575,-5.2003484,2
6.5908995,0.3328528,2
12.454415,-1.8595822,4
6.592172,0.6024708,2
-0.3114956,7.1272483,1
13.190187,-2.392782,4
10.784833,0.6707868,4
10.430377,0.49493954,4
6.704801,5.864793,5
2.5783331,-5.491334,2
12.458887,-1.4930289,4
1.6588327,-5.5520825,2
4.96181,0.5437713,2
-7.454707,4.6131215,1
6.8192854,-0.5278729,2
7.7222943,-5.631734,2
7.624978,-5.6713457,2
12.623121,-1.6776149,4
17.97638,2.9052773,0
2.0634222,-5.162086,2
0.5614457,-2.2143576,2
8.72555,-5.548714,2
6.674347,5.896794,5
18.098717,3.2355719,0
8.827057,-5.813448,2
17.736616,2.7862191,0
17.725475,4.2178073,0
3.576895,-5.952851,2
4.997271,0.70962876,2
12.333439,-2.4388316,4
17.866734,2.502635,0
12.036252,-1.6014208,4
18.278122,2.5567634,0
0.6933073,9.481588,1
7.8365164,-5.849512,2
13.011367,-2.5834177,4
6.3270507,0.57313174,2
10.974864,0.48315582,4
19.120869,6.064005,0
11.008846,0.49732646,4
9.856655,7.574086,5
12.553919,-2.2184572,4
13.192995,-2.6439087,4
3.8532352,-5.6899858,2
3.3800461,-5.217803,2
3.7229607,-5.46585,2
7.4364805,5.8132305,5
3.7569501,-5.3828597,2
0.043478385,-1.9695417,2
3.9006991,-5.6236076,2
7.897565,-5.455812,2
-7.451117,4.8214703,1
2.5382395,-6.0454273,2
10.893311,0.24613199,4
8.04122,-5.630707,2
6.179074,8.077149,5
12.539026,-2.028456,4
0.41706842,-1.4211824,2
2.8281658,-6.24031,2
6.5396767,0.38738352,2
3.8745856,-5.8393807,2
6.361764,7.3273287,5
12.016528,-1.4418938,4
-7.4546742,4.4657516,1
0.19057542,-1.9806316,2
7.9488115,-5.851179,2
12.466481,-1.5167955,4
7.5854783,-5.66527,2
12.48944,-2.0272286,4
18.330006,6.734434,0
11.064076,0.25465,4
14.974261,5.6304255,0
0.15701663,-1.8066596,2
3.2981992,-5.5197372,2
12.574625,-1.5514272,4
6.576085,0.45358267,2
3.8184175,-5.679263,2
18.408852,6.5045815,0
7.6637425,-5.622854,2
8.684184,-5.8323197,2
0.10343376,-1.9608912,2
8.615546,-6.0265665,2
6.327864,0.55213386,2
19.264917,4.6564007,0
12.3775625,-1.5531123,4
6.4273195,0.607144,2
3.6193957,-5.673445,2
12.474219,-1.7242999,4
7.8292246,-5.826676,2
12.508871,-1.7138432,4
-0.10391127,6.8847065,1
4.009994,-5.6631756,2
-0.18880136,6.6530957,1
4.97282,0.50772136,2
7.982902,-5.8436036,2
3.693452,-5.540045,2
10.493611,0.6146111,4
19.159214,4.65333,0
-7.475774,4.619776,1
10.968763,-1.8065904,4
2.4690168,6.4429593,1
10.8730545,0.3259489,4
2.317596,-5.374571,2
1.7031038,-5.449765,2
12.978216,-2.3003252,4
6.294688,7.89,5
12.315779,-2.4652054,4
18.27827,6.7828765,0
6.258348,7.8676066,5
11.088428,-1.9885333,4
13.284048,-2.6528573,4
12.740896,-2.5935194,4
6.7867785,0.23448275,2
13.2388,-2.38801,4
2.0355883,-5.363385,2
13.203649,-1.4994826,4
6.3647857,7.8710737,5
2.859909,-6.2872953,2
2.4480042,-5.7112327,2
6.6045322,0.17695005,2
2.8039267,-5.266673,2
2.5465107,-5.0573845,2
13.041482,-2.2835872,4
3.6302502,-5.904545,2
8.621472,-5.810108,2
0.7406714,-1.805458,2
2.480022,-5.257535,2
12.359612,-2.487234,4
18.366972,6.7137322,0
2.9401083,-5.794989,2
2.886541,-6.300442,2
13.040556,-2.3165119,4
1.6607537,-5.4978576,2
11.010171,-1.9300678,4
10.511432,0.76082844,4
12.615778,-2.155185,4
2.0049713,-5.0780106,2
-7.561292,4.4241214,1
18.159971,2.6300297,0
10.354978,0.4514383,4
17.698248,4.069041,0
12.327371,-2.4900262,4
1.9604837,-5.239768,2
2.6365383,-5.73646,2
8.983599,-5.5673513,2
13.026502,-2.2028039,4
6.798976,-0.48571786,2
-7.3670273,4.7549767,1
12.340301,-2.4751992,4
0.21655928,-1.9158462,2
12.8051405,-2.6029723,4
12.790895,-2.5075305,4
18.323797,6.8010783,0
1.7652079,-5.424758,2
18.24734,6.765505,0
13.2829275,-2.6511757,4
-7.4388995,4.5754867,1
3.8050313,-5.592203,2
3.4745164,-4.807929,2
-7.4960055,4.8367834,1
9.779083,6.4859753,5
11.879107,-1.479848,4
9.007301,-5.51092,2
17.98855,2.6672847,0
10.9394865,-1.8825499,4
12.359769,-2.4694614,4
10.318486,0.49021563,4
17.719164,2.9428685,0
18.27117,6.6455083,0
-6.856991,4.6111703,1
8.908439,-5.5821276,2
13.278847,-2.621129,4
12.36238,-2.4660108,4
13.278494,-2.622794,4
12.357679,-2.4873796,4
1.6851208,-5.4578323,2
6.6834292,0.123482965,2
6.8163304,-0.55492425,2
8.074187,-5.8775506,2
6.576032,-0.061718486,2
12.743557,-2.6604886,4
-7.560503,4.441376,1
2.457917,-5.5770926,2
12.831007,-2.5129058,4
6.684055,0.61191255,2
10.572437,0.5679685,4
17.74517,2.5367103,0
8.621808,-5.751885,2
2.7983127,-5.3148704,2
2.4395754,-3.7733204,2
18.05389,3.2275307,0
19.37951,4.739977,0
10.436251,0.7431076,4
10.367108,0.51114434,4
2.5947943,6.6438594,1
12.5475645,-1.6776682,4
13.251151,-2.657503,4
13.317175,-2.404405,4
12.363847,-2.4812152,4
18.244398,6.615886,0
11.00784,-1.8538414,4
12.861371,-2.5792286,4
8.9382715,-5.6598053,2
6.7142954,0.6179996,2
13.330335,-2.3919945,4
0.65882826,-1.5965252,2
0.07435735,6.775825,1
8.3418865,-5.9323907,2
17.798832,2.5773673,0
2.5021555,-5.2639537,2
2.140823,-5.6687207,2
2.8183339,-4.720342,2
19.00641,6.162275,0
18.123102,2.5880878,0
8.749687,-5.7879004,2
3.1759822,-4.620687,2
19.180126,4.793412,0
0.56169254,-1.6960561,2
2.0064235,-5.132114,2
2.2130535,-4.9254513,2
3.052512,-5.1034994,2
8.369139,-5.736026,2
2.8609612,-4.5827293,2
8.422976,-5.9902873,2
2.500479,-4.7577324,2
1.109601,9.268133,1
3.5367408,-5.916789,2
3.4295402,-5.006119,2
17.749031,4.173912,0
2.4371018,-3.688541,2
2.2746725,-5.0761223,2
13.290868,-2.3647175,4
2.4339674,-3.7331655,2
9.747299,7.5114727,5
6.7048316,0.58993036,2
2.5796514,-3.7077396,2
3.0133116,-4.643899,2
0.69194347,-2.0173287,2
2.922934,-6.09731,2
2.4667437,-3.7868645,2
8.79884,-5.6416216,2
0.39842656,-1.8499172,2
2.4908981,-3.7111378,2
-0.03748017,6.1675935,1
18.019184,2.6998425,0
2.9435172,-4.932846,2
11.053396,-1.8774407,4
8.82059,-6.004546,2
2.767105,-5.236811,2
12.952968,-2.0172915,4
17.881182,5.3479276,0
6.4871135,-0.30914822,2
11.148883,-1.9901589,4
2.964333,-5.732815,2
0.49459887,-2.1579783,2
17.748919,4.1907463,0
1.1217252,9.235514,1
0.6556732,-1.8158258,2
4.9432974,0.55576634,2
1.1255139,9.259394,1
8.343754,-6.0086827,2
19.23487,4.6540704,0
10.950263,-1.9287486,4
17.852613,5.329941,0
19.181105,4.725464,0
6.568062,0.2832874,2
10.454669,0.5269975,4
9.6575,7.496234,5
6.4149823,0.525429,2
1.1310635,9.280864,1
6.8958416,-0.5201707,2
17.761066,2.910729,0
2.5894063,6.6521873,1
2.1939178,-5.104637,2
6.3380976,0.30904302,2
6.482466,8.026048,5
0.3675942,-1.7923373,2
2.6981025,-5.219977,2
12.52763,-2.3114233,4
3.2287529,-5.5219703,2
2.964076,-5.183949,2
2.072478,-5.284237,2
8.744638,-5.9275804,2
17.690308,2.942474,0
2.8070056,-4.523483,2
5.005625,0.58498794,2
13.003092,-2.2628467,4
0.73525447,-1.9749744,2
6.772225,0.2141977,2
2.6216815,-5.173385,2
2.8501534,-4.60271,2
2.467321,-3.6895008,2
2.5855176,-5.0456467,2
2.9960747,-5.689151,2
2.7111797,6.7783046,1
11.8854885,-1.4949417,4
0.5108674,-1.8049787,2
19.23182,4.8088627,0
10.416668,0.4805368,4
13.3140545,-2.4304497,4
-0.023414081,6.3317943,1
6.678469,0.5636078,2
12.701282,-2.7169158,4
0.6095731,-1.7357663,2
0.038793825,6.7888927,1
17.679403,2.94238,0
1.847366,-5.4356904,2
1.2808933,9.462936,1
10.314466,0.40835354,4
11.898343,-1.5051663,4
8.614964,-5.8260083,2
12.813364,-2.3967197,4
19.21458,4.6932483,0
18.31024,6.7184815,0
2.837841,-6.093548,2
3.0066223,-4.8703194,2
7.942932,-5.8207088,2
17.90229,5.2843947,0
1.3442953,9.499199,1
8.825374,-5.699771,2
6.559613,0.13830243,2
6.68035,0.54710656,2
13.301777,-2.343911,4
-7.5785074,4.4068794,1
18.40032,6.5665402,0
3.8295174,-5.6549377,2
6.4618874,7.446041,5
6.818649,0.18623812,2
3.5905144,-5.2980785,2
12.431589,-2.3569613,4
3.377636,-4.7936454,2
2.465674,-3.6731515,2
3.6637585,-5.9665456,2
0.50179267,-1.9393275,2
3.693302,-5.1983633,2
8.662167,-5.8429356,2
17.972734,3.1872702,0
6.789942,-0.5946689,2
0.5772771,-2.216883,2
2.5854638,-5.4306245,2
7.793496,-5.5886464,2
6.6513433,0.5411445,2
6.5255556,0.09566637,2
2.8803318,-4.671561,2
6.508882,0.57493526,2
7.9376044,-5.8395224,2
11.948837,-1.441661,4
3.4110727,-5.7640386,2
3.2071447,-4.547588,2
12.345775,-2.4682846,4
18.085197,3.1559548,0
0.5435651,-2.2281919,2
12.829133,-2.6040704,4
1.7879534,-5.4084225,2
1.8025515,-5.564627,2
-0.03111723,6.7928624,1
9.010122,7.081942,5
0.1725468,-2.014067,2
2.4215736,-4.7820406,2
6.462768,0.4552012,2
9.582306,6.83715,5
13.3367195,-2.658999,4
3.0015707,-5.6563897,2
0.6447446,-2.1567285,2
1.9664038,-5.131109,2
3.472759,-5.223653,2
12.994257,-2.0780897,4
8.450725,-5.477271,2
17.853767,5.3464546,0
10.368145,0.40386358,4
8.041182,-5.8344097,2
2.4969738,-5.751826,2
2.992764,-5.6977053,2
3.0802248,-4.8184586,2
2.0339713,-5.3507395,2
2.0704682,-5.3414187,2
5.0968413,0.63451296,2
6.7479634,-0.43568864,2
2.6023567,-5.448444,2
17.805294,5.3328543,0
2.5214217,6.7512956,1
2.4567533,-5.287194,2
8.847308,-5.546165,2
8.418683,-5.6586795,2
11.896397,-1.5305359,4
0.5346997,-2.1511753,2
0.6333123,-1.8656514,2
-0.015186721,6.7541738,1
6.8502593,-0.5748379,2
0.37413928,-1.9897143,2
19.13469,4.669956,0
0.06676912,6.20692,1
17.870586,4.097728,0
18.28546,6.6488824,0
17.733118,2.993279,0
17.837948,5.3283663,0
6.6573076,0.55380845,2
7.589126,-5.6303344,2
4.056795,-5.5115256,2
0.5008819,-2.1664934,2
13.00108,-2.2708535,4
17.89027,5.264972,0
0.094009906,-1.8646928,2
3.141902,-5.5313315,2
6.6853933,0.53346604,2
8.389727,-5.6065917,2
2.4792461,-3.6797574,2
-6.894384,4.609383,1
2.8503954,-6.27347,2
0.2857318,-1.8016975,2
17.787895,4.154437,0
2.0373976,-5.145123,2
2.0197508,-5.4310074,2
17.74865,4.2484527,0
3.2602637,-5.764507,2
6.585074,0.5864621,2
17.943409,3.2639787,0
12.562076,-1.6274655,4
17.865477,4.2293425,0
10.399662,0.42316443,4
15.345985,5.664471,0
6.651676,0.16420585,2
8.514009,-5.4999437,2
8.492544,-5.8470726,2
2.4907255,-3.6633477,2
2.5442357,-5.0059676,2
8.468602,-5.6292315,2
12.508441,-1.8231302,4
7.9775176,-5.6014814,2
1.9440035,-5.515889,2
2.5368278,-5.668367,2
3.9490912,-5.7724643,2
18.35566,6.741417,0
12.469165,-1.5945245,4
2.1985836,-4.9296994,2
10.933097,0.33234832,4
4.1280146,-5.5504594,2
6.262317,0.5870867,2
19.217,4.6910152,0
-0.3702176,6.7198534,1
7.8333087,-5.843569,2
12.909788,-2.5686145,4
2.395216,6.5366306,1
6.785385,-0.48563823,2
2.5720422,-5.3699384,2
3.1184993,-4.762395,2
5.14311,0.44458178,2
3.5108564,-5.8633175,2
2.8178968,-4.646068,2
2.9792807,-5.923255,2
10.918432,0.8488712,4
10.62709,0.5793882,4
0.13058506,6.1647754,1
12.3327055,-1.8079869,4
1.1004069,9.311703,1
3.6647031,-5.502182,2
3.650803,-5.217814,2
5.09564,0.46384254,2
4.083705,-5.6564136,2
0.14674458,-2.052163,2
8.990144,-5.5387464,2
8.511097,-5.5534244,2
9.026517,-5.4794564,2
6.825833,-0.5233254,2
2.447253,-3.7375927,2
4.116914,-5.5867243,2
8.570245,-5.851773,2
2.4216843,6.562401,1
18.057608,3.0187433,0
8.721525,-5.8845673,2
12.78161,-2.6524913,4
7.880525,-5.6229606,2
2.6398532,-5.8081346,2
0.04180333,6.46398,1
-0.58888835,6.9574313,1
10.900941,-1.7675945,4
6.8033047,0.22380967,2
19.14987,4.6564317,0
5.147425,0.5062144,2
7.8138494,-5.522361,2
0.13927649,-2.1996315,2
6.874662,-0.5901773,2
6.7188096,-0.42314783,2
8.132497,-5.6689973,2
3.2178276,-5.5586877,2
17.848959,5.319004,0
7.799332,-5.8254476,2
3.6127405,-5.2799077,2
4.9871225,0.699003,2
0.088838294,-2.018798,2
8.037751,-5.6287556,2
-7.2001576,5.882531,1
3.0397108,-4.810071,2
2.013955,-5.4434543,2
2.6557317,-4.7695966,2
6.5973372,0.48423073,2
8.523465,-5.843187,2
10.834822,0.23118345,4
10.507355,0.679138,4
1.0639353,7.54445,1
12.672901,-1.7332432,4
3.7576077,-5.9575453,2
13.275822,-2.2602196,4
3.771819,-5.444963,2
12.601258,-1.6371434,4
6.4881344,0.3606121,2
17.689283,4.844682,0
3.9120307,-5.4683976,2
3.2967865,-5.3553467,2
1.9699752,-5.491269,2
3.75945,-5.3863072,2
2.7268982,-5.2318673,2
12.391887,-1.9247587,4
2.3816051,6.693283,1
12.840104,-2.2113242,4
12.572187,-1.8830744,4
6.7943153,-0.5188751,2
0.21278608,6.3813252,1
8.067594,-5.730278,2
2.6132119,-3.7783256,2
-7.489006,4.827514,1
4.9554963,0.5457876,2
15.453325,6.3378286,0
2.6177082,-3.7501879,2
7.95647,-5.541134,2
0.02459915,6.731588,1
-7.1603136,5.859774,1
3.864285,-5.8009496,2
18.088781,3.0628233,0
-7.1163154,4.859988,1
2.9367318,-5.0177007,2
2.5912611,-3.792339,2
2.0390103,-4.9903665,2
17.786076,3.213812,0
-0.2968773,6.5607786,1
6.3954916,7.8493776,5
17.732338,3.045018,0
17.804289,2.4907732,0
8.033998,-5.507522,2
3.1804783,-4.844036,2
2.0756192,-5.0214047,2
18.276636,6.3793907,0
17.960443,3.2133405,0
6.2846107,0.56409806,2
2.5485957,-4.809868,2
8.376951,-5.529413,2
2.6076639,-5.773688,2
8.446339,-5.5914702,2
3.8345819,-5.6825857,2
0.454083,-1.9714705,2
1.1401377,-1.1939762,2
6.7723265,-0.4716879,2
2.4709249,-5.9199185,2
0.66180277,-2.204228,2
17.909628,3.1970901,0
1.1101258,9.300867,1
17.825974,4.1438804,0
10.846811,0.24862117,4
13.106112,-2.154539,4
2.7266676,-5.3033743,2
8.656373,-5.9499483,2
2.2591383,-4.927942,2
9.711914,7.5416765,5
9.816318,7.385173,5
2.4686735,6.6502695,1
2.6516316,-5.1919684,2
17.805946,3.1352403,0
18.06047,2.888252,0
-7.542466,4.4592414,1
12.616422,-2.1546526,4
3.5962834,-5.8048964,2
6.8449903,-0.593421,2
6.456069,0.45555916,2
2.6475382,-5.5004625,2
2.2911785,-4.8234215,2
2.721277,-5.2410536,2
6.3221684,0.57944506,2
17.835659,5.323516,0
6.7545567,-0.46981332,2
12.738571,-2.568472,4
0.6114931,-2.1926167,2
2.6161406,-5.1973763,2
10.861267,0.3087111,4
13.132794,-2.3919814,4
0.54054344,-2.1653953,2
6.223794,7.8338137,5
8.634189,-5.932409,2
2.712646,-5.25797,2
6.6508737,5.8909955,5
2.5892043,-5.4761686,2
13.126305,-2.4253874,4
0.6131571,-2.2085104,2
2.9381835,-4.9782047,2
10.89072,-1.8410681,4
6.673472,0.5655892,2
2.5875912,-5.7595477,2
3.1004672,-4.929605,2
0.48110676,-2.0946326,2
2.6527371,-5.42832,2
8.352998,-5.5984006,2
2.7745292,-4.998037,2
13.1203375,-2.1530204,4
2.576442,-5.191118,2
18.906137,5.199862,0
3.0323336,-4.985773,2
17.740393,5.0509033,0
3.1604083,-4.631348,2
2.856651,-4.654351,2
3.0823104,-5.0291657,2
12.411455,-2.3334808,4
2.056601,-5.016589,2
2.71487,-5.3482766,2
2.6595702,-5.3985023,2
4.9484925,0.6574761,2
2.7078462,-5.2374773,2
1.0855504,9.332332,1
3.3860214,-5.574096,2
18.269232,3.2715147,0
18.14778,3.3526306,0
0.48280364,-2.1179936,2
11.909645,-1.4513882,4
17.796066,4.165335,0
2.5972126,-5.245876,2
0.6750779,-2.2988615,2
3.3613591,-4.4510064,2
8.4499445,-5.358308,2
0.974683,9.460593,1
2.0441873,-5.382744,2
3.0558732,-4.828771,2
6.658588,0.5601347,2
8.675572,-5.973811,2
17.865004,3.036368,0
8.667208,-5.9563556,2
8.684335,-5.780845,2
17.8415,5.3516297,0
4.9945116,0.6584165,2
1.1567079,9.496187,1
2.6321704,-4.820102,2
2.0194378,-5.070882,2
2.7515528,-4.719025,2
17.950586,2.9909182,0
8.408253,-5.6706376,2
2.4884157,-4.8504725,2
12.754503,-2.6193836,4
-0.11088177,6.737053,1
17.856117,3.0407934,0
8.615001,-5.7241106,2
8.490987,-5.7071376,2
-0.082756184,6.774493,1
1.7545156,-5.563082,2
8.669702,-5.968544,2
1.1423658,7.6928062,1
6.285168,7.8399863,5
3.1473777,-4.6888566,2
2.6566346,-5.5817933,2
17.736576,4.185772,0
17.928894,2.996714,0
13.300118,-2.4043617,4
2.45595,-4.785521,2
2.5291722,-4.8272567,2
8.260045,-6.028527,2
10.491329,0.69672567,4
3.6014104,-5.3143573,2
17.910913,2.6299334,0
0.65199786,-1.7627993,2
2.0024543,-5.220907,2
2.6732955,-5.536823,2
0.70928025,-2.0711162,2
0.72631705,-1.7773368,2
2.54698,-4.816322,2
8.705362,-5.9353476,2
1.1489787,-1.2003034,2
2.5160735,-5.721856,2
8.6659355,-5.9122252,2
2.8628864,-4.6510572,2
8.5849905,-5.691926,2
6.737711,-0.4526263,2
2.5541291,-5.344286,2
2.6194098,-5.464214,2
10.989712,-1.9413284,4
8.492636,-5.4186,2
13.036581,-2.184122,4
8.495345,-5.678806,2
2.0358546,-5.0113277,2
12.843214,-2.4210548,4
8.675016,-5.9851494,2
2.9538157,-4.9544945,2
2.9918904,-4.851294,2
12.362259,-2.4470193,4
8.64785,-5.973763,2
10.948609,-1.9260073,4
6.6936474,0.35230297,2
9.079128,-5.507618,2
2.5398495,-5.5223594,2
8.588491,-5.690571,2
11.855585,-1.475728,4
17.750662,5.0683665,0
2.7007327,-5.3492036,2
3.2019792,-4.66855,2
6.6490073,0.24728973,2
8.563976,-5.6926265,2
8.338717,-5.846814,2
2.4170976,-3.7738402,2
8.353958,-5.3162947,2
-6.885256,4.617163,1
8.742433,-5.7424526,2
13.105924,-2.1557734,4
2.381585,-4.805819,2
8.650953,-5.955468,2
1.9310137,-5.1636066,2
1.1326394,-1.1932415,2
17.785398,3.0968335,0
2.913515,-5.7096753,2
17.101665,7.4296193,0
19.1128,4.7123847,0
-0.2574264,7.119952,1
3.1132543,-4.5526447,2
10.894438,0.32096773,4
17.863577,5.36713,0
18.272646,6.716418,0
13.261667,-2.1883597,4
1.1657538,9.530837,1
-7.037503,5.89222,1
19.092566,4.6681466,0
8.567359,-5.66598,2
2.9184725,-4.791445,2
17.85393,2.8976157,0
11.893721,-1.3913063,4
6.4703574,0.30970785,2
12.93933,-2.0162122,4
10.947309,-1.9124215,4
2.5900078,-5.2058544,2
0.1795842,6.3731413,1
1.7841414,-5.5738997,2
4.0563774,-5.4525113,2
6.625469,0.5333725,2
2.2047365,-4.943523,2
6.6684904,0.2695605,2
10.683011,0.6939848,4
-7.3028812,4.5988817,1
0.40063444,-1.9104066,2
2.103713,-5.000067,2
2.4107196,-5.632842,2
2.334479,-5.5446434,2
18.24325,3.310574,0
3.4913688,-5.04399,2
8.49535,-5.9313354,2
0.6364575,-2.230545,2
2.5420601,-4.787288,2
19.148561,4.707983,0
6.5913405,0.30202177,2
8.6437235,-5.90039,2
0.6268227,-1.6762444,2
12.578164,-2.287468,4
1.156588,9.5009775,1
11.040307,0.28754416,4
-0.41361883,6.9452467,1
8.447492,-5.802991,2
-0.08751301,6.721029,1
6.688829,0.6040643,2
3.0944238,-4.718759,2
8.506771,-5.297556,2
3.0578804,-4.606745,2
8.667759,-5.949125,2
3.0290215,-4.563511,2
6.345125,0.42021042,2
8.692081,-5.9873486,2
8.54384,-5.7909207,2
2.5863311,-4.795369,2
7.7284975,-5.7339168,2
8.481766,-5.887834,2
8.431497,-5.4079843,2
8.728382,-5.751856,2
2.2380018,-4.8860464,2
3.4969242,-5.265576,2
2.3940368,-4.790501,2
2.776078,-4.6353045,2
6.5629206,0.22869432,2
16.46067,7.4217024,0
1.8546493,-5.524249,2
12.738969,-2.4778378,4
8.93685,-5.597904,2
13.164764,-1.9320637,4
-0.3072499,7.133852,1
3.1226363,-4.633083,2
2.704215,-5.2515626,2
2.9405456,-5.7187138,2
13.036502,-1.9015113,4
12.459688,-2.3695333,4
2.6388686,-5.217006,2
1.8514181,-5.513306,2
2.4803424,-4.882031,2
2.3786335,-4.897014,2
7.6177273,-5.7086277,2
12.757805,-2.6652007,4
3.469537,-5.437061,2
6.7478886,7.177094,5
18.04972,3.1566136,0
12.776113,-2.1594763,4
2.5546885,-5.698542,2
10.901437,0.28196657,4
10.711995,0.6442777,4
2.00054,-5.0410323,2
6.4715805,7.8438687,5
2.5002592,-5.8457046,2
-7.443122,4.6234827,1
3.419371,-5.014624,2
3.8928823,-5.307042,2
8.562454,-5.606041,2
2.7026024,-5.439475,2
0.7231511,-1.6433632,2
2.7230518,-5.2397127,2
10.731333,0.74076706,4
3.624311,-5.419701,2
3.186594,-4.688363,2
8.034146,-5.700694,2
3.9459434,-5.376663,2
0.023056103,-1.9819016,2
17.820099,5.3390365,0
6.5095515,8.58048,5
8.672167,-6.007721,2
10.9934,-1.9010822,4
3.4716709,-5.514984,2
7.7435365,-5.666951,2
12.5165615,-2.3513954,4
8.65382,-5.9212084,2
-7.480197,4.8455467,1
19.152647,4.6593456,0
6.546783,0.19223519,2
0.04509097,-1.9472638,2
6.511379,7.9470615,5
12.682339,-1.684564,4
19.219316,4.662439,0
6.8032794,-0.4040988,2
2.851936,-4.6526375,2
6.661118,0.54851544,2
17.878904,2.707141,0
8.101688,-5.456181,2
2.2316175,-3.515461,2
6.7861943,0.26189235,2
12.507229,-2.349702,4
0.46581012,-2.0604272,2
11.878831,-1.4802647,4
3.411332,-4.8995476,2
8.606366,-5.641341,2
2.9564354,-4.6069603,2
1.15376,9.309284,1
10.433446,0.51632404,4
4.9261594,0.7308535,2
3.0022948,-4.8757157,2
8.572539,-5.8257394,2
2.3860135,6.1132107,1
2.843062,-6.0282693,2
8.778465,-5.3110085,2
12.43148,-1.8654373,4
6.653338,0.25035098,2
2.8361661,-6.1271915,2
6.54181,0.3405665,2
17.926487,3.150605,0
8.562967,-5.7643814,2
12.350836,-2.4663985,4
13.053514,-1.7511411,4
8.678002,-5.9518356,2
13.313559,-2.497826,4
8.612048,-5.9136286,2
3.2793949,-5.437837,2
2.611025,-5.2917523,2
4.0140996,-5.425239,2
2.67641,-5.424479,2
2.6181614,6.6977882,1
13.341008,-2.42471,4
3.3248773,-4.4077716,2
8.593191,-5.6258206,2
8.707515,-5.3332286,2
3.9659355,-5.489205,2
17.847631,2.5114722,0
2.618161,-5.809328,2
13.164205,-2.0953517,4
2.6055796,-4.806823,2
6.5329556,0.575224,2
7.7611675,-5.7645497,2
0.1890342,-1.945832,2
6.476715,0.5302819,2
12.542173,-1.67913,4
3.8942637,-5.5849295,2
3.4037132,-4.902502,2
2.2154942,-5.4547324,2
3.1416845,-5.02087,2
2.4617143,-5.891499,2
12.978287,-1.754525,4
4.009502,-5.3813887,2
7.8505545,-5.769084,2
-0.6844909,6.7509065,1
3.7349985,-5.3112445,2
17.914696,2.991124,0
1.8267847,-5.4430757,2
1.8945433,-5.4147325,2
3.3290143,-5.1606383,2
12.419372,-1.893742,4
0.6446006,-1.6230341,2
2.614398,-5.748501,2
3.089542,-4.5495877,2
2.5866785,6.674187,1
2.687062,-4.738293,2
8.71047,-5.900799,2
2.5412126,-5.821497,2
3.2099018,-5.0006223,2
13.309681,-1.6236504,4
7.8976703,-5.8151574,2
2.8371558,-5.0119085,2
3.0464709,-5.6111145,2
10.675045,0.8004068,4
2.396845,-5.3402114,2
2.7408445,-4.021644,2
2.5061867,-3.7677,2
0.17162307,9.90589,1
17.870487,3.1356504,0
6.612535,0.18870987,2
8.308436,-5.7963457,2
17.915138,3.2097418,0
18.099384,3.114931,0
4.088705,-5.3881307,2
6.295419,0.55365396,2
3.4278846,-5.329822,2
13.167741,-2.2758741,4
6.8626294,-0.53653514,2
6.832118,-0.54226214,2
8.607278,-5.9037824,2
18.346128,6.57376,0
0.48826477,-2.1734183,2
3.448304,-5.271531,2
12.653624,-1.7878666,4
10.897989,0.27513304,4
3.457637,-5.6616645,2
3.3069022,-4.965485,2
8.315006,-5.66979,2
-0.093775675,6.7012606,1
9.852706,6.354,5
0.4600966,-2.1003487,2
2.6164217,-5.313264,2
18.003912,2.7861702,0
6.505326,0.29429343,2
-7.498295,4.8137355,1
0.53001213,9.513584,1
3.0231197,-5.584593,2
8.4043,-5.598197,2
3.6957698,-5.287466,2
15.490522,6.2930093,0
0.31699702,-1.5535228,2
17.65709,4.2369127,0
12.716539,-1.9426138,4
7.8032336,-5.6680307,2
10.846717,0.29541433,4
3.533653,-5.6834517,2
0.48489544,-2.0351844,2
3.323545,-5.3622556,2
3.2147312,-5.6291227,2
7.8161173,-5.788349,2
7.761597,-5.778262,2
3.6214974,-5.27222,2
0.463401,-2.0614796,2
11.003473,-1.9484476,4
3.2771375,-5.322347,2
8.340003,-5.542385,2
2.9527366,-5.008923,2
18.066679,3.0394533,0
18.034027,3.0204852,0
-7.353883,4.6306024,1
9.064927,7.152974,5
2.2892058,9.178552,1
0.6077736,-1.7676094,2
12.589649,-2.1493824,4
3.7424445,-5.7904735,2
3.130885,-4.7457056,2
7.917189,-5.5992427,2
2.966174,-5.715961,2
2.939458,-4.961591,2
3.6876638,-5.86176,2
3.0447807,-4.973646,2
0.41188237,-1.9655535,2
0.14645784,6.514642,1
2.7263887,-5.2317095,2
18.115839,3.4716876,0
9.727155,6.3778744,5
3.1343935,-4.7732067,2
2.7666476,-4.6944714,2
6.8499575,-0.5875952,2
0.43692356,-1.8097345,2
18.953691,4.5025167,0
17.856453,5.309387,0
6.530604,0.42642495,2
17.804346,3.035603,0
0.5690663,-2.184725,2
2.9537697,-4.6101513,2
17.829638,5.340907,0
8.42556,-5.6311545,2
7.9488316,-5.704902,2
6.624642,7.288629,5
19.052538,6.0843773,0
0.62456596,-2.1833072,2
2.9939818,-5.0122247,2
3.0591176,-4.737387,2
12.948105,-2.1252837,4
3.5588472,-5.5524707,2
6.6613584,0.25879648,2
17.824081,5.2969694,0
12.847816,-2.3327315,4
6.414487,0.3675183,2
0.42627427,-1.9681281,2
2.9901812,-4.5897226,2
8.533096,-5.657357,2
2.510759,-5.3586154,2
17.832798,5.2129836,0
19.186697,4.6617618,0
2.5527322,-4.7539477,2
6.774415,-0.52078736,2
13.133581,-2.523244,4
8.756078,-5.737291,2
3.0172327,-4.6437664,2
2.1867416,-4.920575,2
0.41227996,-1.991678,2
17.779978,4.189079,0
13.209717,-2.7119045,4
2.4478228,-4.964957,2
2.8889446,-5.0789747,2
8.584813,-5.8503466,2
15.156051,5.663475,0
19.234291,4.869559,0
17.772396,4.1707277,0
6.7420435,-0.47282484,2
12.697942,-1.599377,4
2.3721094,-4.9759703,2
8.526437,-5.7488146,2
13.166632,-2.4984572,4
17.814734,3.1681788,0
3.1087816,-4.709716,2
2.455526,-3.6977835,2
6.685153,-0.39615306,2
2.156314,-4.9838867,2
10.974207,-1.9682513,4
2.7736113,-5.269619,2
3.0065413,-5.6163325,2
8.399356,-5.62167,2
-0.38192356,6.4618564,1
6.4905195,0.36445978,2
6.735079,0.2811713,2
8.469837,-5.652176,2
8.972477,-5.500615,2
6.771863,0.30656847,2
17.73645,4.167645,0
8.482994,-5.4744344,2
4.065948,-5.583894,2
8.312939,-5.830016,2
8.514406,-5.8666506,2
3.0053315,-4.839191,2
3.5387654,-5.4361415,2
3.1001875,-4.961477,2
2.7962635,-4.593507,2
8.382924,-5.6004887,2
8.839123,-5.7384815,2
-7.2352324,6.018047,1
4.951603,0.58885664,2
2.9134345,-5.0276856,2
2.0505764,-4.9815183,2
2.790163,-4.618593,2
2.6072373,-4.946772,2
8.467518,-5.8010006,2
17.879398,2.7065072,0
6.484126,0.312063,2
8.238685,-5.6731644,2
0.061263483,6.5735393,1
8.472242,-5.643202,2
2.491725,-3.741479,2
17.949823,2.9367697,0
10.813111,0.49100354,4
2.3196878,-5.397372,2
17.902521,3.1214259,0
6.4857154,0.3573452,2
6.6407657,5.70149,5
0.38792142,-1.5441333,2
0.5202534,-1.614767,2
0.7015376,-1.9523556,2
2.919152,-4.5755363,2
5.033342,0.62792706,2
3.04759,-4.853788,2
7.8840194,-5.8204923,2
12.948417,-1.7933912,4
2.8435805,-4.644259,2
6.3343425,7.913749,5
2.7315836,-5.021002,2
6.437096,0.35057425,2
11.007315,-1.962383,4
6.702268,0.5524883,2
19.022932,4.561145,0
2.6090958,-3.785076,2
2.8535473,-5.041882,2
17.770367,4.204422,0
12.4872265,-2.2862058,4
12.755158,-2.4327877,4
1.099348,-1.2108974,2
1.7068884,-5.578351,2
0.5731305,-2.1985018,2
3.1228967,-4.6866837,2
7.078505,-5.4492865,2
2.0448809,-5.016454,2
0.04246169,-1.9176347,2
2.7175374,-3.759299,2
0.37885767,-1.8641748,2
10.967794,-1.9390522,4
17.901154,4.1646705,0
3.4565904,-5.3404284,2
7.82605,-5.608969,2
6.568121,0.57146865,2
8.373343,-5.537474,2
2.8536859,-4.6465616,2
2.9178917,-4.6123896,2
8.822237,-5.7683487,2
2.5527527,6.71148,1
12.992891,-2.2657673,4
8.5409155,-5.8265686,2
2.9594784,-5.8229623,2
12.488005,-1.4990201,4
1.7236651,-5.507164,2
-0.28368735,6.2965727,1
0.5149649,-2.00422,2
2.5211968,-3.8144307,2
2.6043043,-4.7492657,2
7.1328964,-5.460959,2
8.345994,-5.5549936,2
7.939399,-5.7547503,2
8.331651,-5.501615,2
3.0718317,-4.9794035,2
-0.16469508,6.5105586,1
10.462318,0.46306986,4
2.7010367,-5.33788,2
2.8608775,-4.651907,2
0.4404339,-1.678196,2
2.6145747,-4.7898493,2
19.107721,6.097585,0
0.030558234,-1.8292884,2
12.487593,-1.7137489,4
17.944244,3.1063294,0
3.45613,-4.7932687,2
8.690185,-5.2474217,2
19.211216,4.8309546,0
9.815051,6.424422,5
19.14487,6.1145835,0
2.6726422,-5.2926135,2
12.901078,-2.4839342,4
6.1874566,6.910179,5
8.473394,-5.7211776,2
2.5446053,-3.7936387,2
8.642028,-6.03382,2
8.342726,-5.9634514,2
9.016681,-5.426056,2
12.599688,-2.194089,4
2.4128284,-3.8035123,2
2.5656857,-3.7657683,2
2.0641992,-4.979249,2
6.8233085,-0.49112973,2
12.9305,-2.225797,4
10.435819,0.41114312,4
13.214365,-2.6710603,4
10.523567,0.72859097,4
2.1597795,-4.9528008,2
2.2971158,-4.8351884,2
19.068766,4.6656156,0
17.711538,2.8712583,0
18.010689,3.1054995,0
-7.578006,4.390993,1
6.7390347,-0.4364225,2
4.0833087,-5.648323,2
0.16383256,-1.7983296,2
6.8073626,-0.48048893,2
3.6183953,-5.3647904,2
10.470725,0.40177694,4
2.6875288,-4.713761,2
2.466517,-3.7440124,2
0.4918017,-2.0946882,2
6.6228113,0.54803026,2
7.7333574,-5.5584702,2
0.39970845,-1.8791194,2
0.29583934,-1.6650004,2
2.0055718,-5.1461816,2
18.03332,2.4609046,0
9.635545,7.450507,5
8.292356,-5.5980973,2
2.5594044,-3.7937968,2
6.671184,0.45733956,2
0.7146792,-1.5779866,2
2.5091608,-3.7936563,2
19.168013,4.673297,0
3.4025555,-4.993805,2
9.773977,6.3327527,5
2.0616744,-4.994411,2
10.798027,0.33178824,4
10.947689,-1.9538695,4
2.9918027,-5.6515193,2
6.808167,-0.5205212,2
17.681557,3.059417,0
10.590079,0.43622676,4
8.496482,-5.726575,2
10.908299,-1.8718084,4
11.086988,-1.7230414,4
9.749558,6.4299436,5
5.044057,0.68032146,2
10.337418,0.48325714,4
2.7453542,-5.1442704,2
12.412232,-1.737371,4
2.5042527,-5.250717,2
-7.5606365,4.430496,1
18.12457,2.8945084,0
3.8985357,-5.337023,2
2.1036935,-5.010028,2
2.9731004,-5.8005304,2
2.4848082,-3.6915045,2
17.976767,3.1124218,0
2.5565126,-4.745334,2
17.789528,2.7871785,0
8.660381,-6.058631,2
10.807977,0.53859407,4
9.838991,6.25979,5
12.63856,-2.1779964,4
17.751747,5.069881,0
6.7011933,0.28943473,2
2.616474,-5.5275183,2
0.62021494,-1.5469891,2
3.0125315,-4.892444,2
2.4989867,-5.89385,2
8.302973,-5.6341057,2
2.5508285,-5.5233006,2
6.351174,0.54880196,2
10.908517,-1.9274234,4
3.0799003,-4.745074,2
0.6466397,-1.5161337,2
-7.4740863,4.513953,1
12.48846,-1.7735429,4
7.83706,-5.6062684,2
18.091322,3.1818304,0
6.2519884,8.0522375,5
2.819255,-5.0542827,2
-0.07865906,6.9310117,1
0.7137287,-1.653179,2
1.0820421,9.515378,1
10.968069,-1.9343829,4
12.770021,-2.4255774,4
8.744494,-5.8176904,2
9.785512,6.2325273,5
18.268093,6.759174,0
2.8596299,-6.1218224,2
8.545998,-5.8783336,2
17.796741,2.8743324,0
2.6192553,-5.687113,2
6.8879123,-0.5158006,2
10.55185,0.5532658,4
-0.23518597,-1.808606,2
0.48201314,-1.9352772,2
7.7357264,-5.519169,2
4.7404804,0.6800581,2
17.87806,5.3306885,0
7.997838,-5.677521,2
4.9634905,0.5316057,2
2.8429704,-6.087264,2
3.8407717,-5.355983,2
10.976772,-1.9536567,4
18.390524,6.6981544,0
-7.489397,4.499359,1
2.0445557,-5.4311867,2
2.489843,-3.7356822,2
11.027838,-1.9421351,4
0.46474087,-1.9991174,2
3.5492191,-4.8039227,2
1.0953104,10.156379,1
8.438508,-5.872384,2
6.7038083,0.6318454,2
0.666981,-1.6926506,2
18.04425,3.08397,0
17.799335,5.30285,0
9.596607,7.586217,5
2.3862152,-3.6258712,2
13.17181,-2.6294487,4
6.8418427,-0.564807,2
10.491216,0.47457477,4
18.500675,6.412021,0
18.326933,6.5865293,0
1.200483,7.6458755,1
3.398416,-5.40135,2
8.18183,-5.4888544,2
2.7190497,-5.267765,2
17.689232,4.2249537,0
8.316357,-5.8290405,2
8.506281,-5.363525,2
17.747883,4.1644964,0
12.832779,-2.189337,4
7.6875267,-5.7428837,2
8.532697,-5.37006,2
8.077562,-5.4119477,2
12.649445,-1.68612,4
7.716776,-5.587674,2
3.761167,-5.3615456,2
3.7702103,-5.3225865,2
4.3671618,-5.394409,2
3.096476,-5.0186315,2
8.489272,-5.743198,2
10.97966,-1.937852,4
2.719205,-4.012973,2
3.2208302,-5.2754197,2
8.179194,-5.3985023,2
7.8141556,-5.7185044,2
7.9811015,-5.759547,2
2.7261136,-5.4236393,2
3.3153543,-5.070636,2
11.079672,-1.7305037,4
0.40229657,-1.6973779,2
17.910149,3.2238824,0
12.916928,-2.0807335,4
3.6642163,-5.343173,2
8.393164,-5.789077,2
3.9009724,-5.598775,2
17.807394,2.5285249,0
13.237347,-1.7197179,4
-7.4528127,4.8013,1
0.70057195,-1.5930578,2
16.366589,6.4958224,0
13.263668,-2.6664267,4
3.2655287,-4.860821,2
3.010348,-4.9719586,2
17.65116,4.206142,0
4.08018,-5.517951,2
2.5226262,-5.0476456,2
11.138146,0.8862817,4
8.463113,-5.762895,2
9.065691,7.1023097,5
2.4676836,6.5506215,1
3.634676,-5.127449,2
0.7005907,-1.9127799,2
2.9753132,-4.8918395,2
8.09333,-5.375571,2
2.7952337,-5.2360744,2
11.01268,-1.9784495,4
7.7691956,-5.728875,2
3.3212004,-5.1454916,2
2.8385608,-6.0924177,2
12.886173,-1.8528001,4
6.3327394,0.54545736,2
1.817485,-5.4592314,2
6.2952495,0.5623305,2
2.4237738,6.618224,1
0.019435164,6.5091434,1
7.3909907,-5.5151944,2
12.815571,-2.475798,4
6.8797193,-0.5311434,2
10.895838,0.6181366,4
0.22801696,-1.6612439,2
7.584466,-5.6505437,2
8.335142,-5.524162,2
3.875377,-5.467825,2
10.597227,0.52765775,4
17.784271,2.4953818,0
8.476514,-5.8237467,2
17.799896,4.151046,0
0.39572915,-1.7521183,2
8.392377,-5.6232166,2
6.3705015,0.4465731,2
17.969496,3.211498,0
3.2441595,-5.0618186,2
0.10159033,-1.939368,2
3.301853,-5.0909286,2
8.299926,-5.626243,2
12.619512,-1.4094378,4
3.2503526,-4.9518356,2
2.0279956,-5.4004993,2
-0.46931645,6.866106,1
6.8347745,-0.4986149,2
3.3440404,-5.0837736,2
12.394012,-2.3983085,4
11.152379,-1.7069495,4
3.3337972,-4.7971315,2
18.081848,3.043167,0
3.727289,-5.2814546,2
17.648037,3.0572143,0
3.4053407,-5.770676,2
8.118199,-5.5802865,2
3.31231,-5.3492084,2
4.798371,0.62808704,2
6.4812,0.50255394,2
3.6871133,-5.32669,2
3.404778,-4.950627,2
14.777561,6.984199,0
6.0861144,8.014107,5
19.088224,6.0804906,0
3.656362,-5.2501807,2
3.022767,-5.5783854,2
3.090185,-5.0555897,2
7.945739,-5.488707,2
1.2102759,7.7438707,1
12.571258,-1.5629445,4
3.6600018,-5.9380064,2
10.546276,0.5292845,4
12.735949,-2.0358336,4
11.046428,0.30292648,4
8.061776,-5.5284815,2
7.1903543,5.5448756,5
2.7355523,-5.2702065,2
4.0602074,-5.608896,2
2.4245894,-5.8335376,2
8.025024,-5.610126,2
1.1285672,9.341068,1
6.2338085,6.9183683,5
6.3240314,0.58754426,2
7.878398,-5.770265,2
3.9426062,-5.3477407,2
3.3957152,-5.369331,2
2.5345445,6.6664376,1
0.29850465,-1.9601215,2
2.42823,-4.780176,2
3.558467,-4.754752,2
-0.11719108,-1.7434944,2
9.825844,6.3041487,5
12.748024,-1.827919,4
8.732941,-5.9387226,2
10.488867,0.41084713,4
10.877712,-1.9312015,4
2.5620482,-3.732606,2
2.5783553,-3.7986991,2
-0.11051589,6.858415,1
18.325037,6.7887278,0
3.5890045,-5.2986927,2
6.5743876,0.56869596,2
3.3480954,-5.362043,2
7.907036,-5.792793,2
8.401573,-5.8975806,2
2.2520401,-4.990003,2
12.339038,-1.8606163,4
12.930979,-1.8139075,4
8.074632,-5.614862,2
17.936474,5.3033223,0
2.4675193,-3.6969104,2
2.4685545,-5.37735,2
1.9909881,-5.4256296,2
13.136403,-2.573478,4
3.9662488,-5.586072,2
-0.16759284,7.127341,1
6.8599873,-0.53384715,2
9.561236,7.6935096,5
12.332303,-1.4218633,4
9.054643,7.1247253,5
2.7519658,-5.6798506,2
8.869882,-5.587182,2
11.890863,-1.4551128,4
2.6117556,-5.7329607,2
10.644425,0.65158516,4
17.737669,4.177716,0
19.267399,4.742978,0
19.098726,6.037277,0
0.6914566,-1.7117984,2
3.234591,-4.785755,2
2.7582865,-5.190776,2
3.3751664,-5.4500136,2
10.585249,0.6222698,4
2.7296321,-5.488436,2
19.281605,4.8196855,0
0.7164552,-1.8845563,2
12.992397,-1.6472946,4
12.406149,-2.4347255,4
11.172724,0.16475244,4
1.1247385,7.789224,1
3.5012324,-5.7879915,2
17.720757,2.9215024,0
-0.35268807,7.154444,1
12.747748,-2.6452844,4
8.350258,-5.9958134,2
18.327562,6.631629,0
0.63089985,-1.7685088,2
6.5550976,0.3952851,2
4.9784727,0.6269763,2
2.4457211,-3.7212067,2
12.556213,-1.8788855,4
2.8876002,-6.245605,2
0.5719928,-2.2140372,2
10.648249,0.7714152,4
2.845086,-5.205589,2
2.0258222,-5.158906,2
9.620123,7.5653944,5
2.820364,-5.7791796,2
1.7668399,-5.619227,2
3.1693683,-5.4800906,2
17.781809,2.9471867,0
9.567321,7.6891527,5
2.4355128,-5.927759,2
12.399619,-2.497749,4
18.280972,6.7488413,0
6.738609,0.29450247,2
6.728675,0.5589382,2
5.0241323,0.52546316,2
2.7445328,-5.208009,2
8.549213,-5.702801,2
-7.206309,6.011856,1
2.8521824,-6.275372,2
2.492021,-5.2597895,2
6.664769,5.90667,5
2.467729,-5.916106,2
8.532862,-5.661103,2
12.828452,-2.3987465,4
3.6120143,-5.2724237,2
2.4058414,-3.6869743,2
10.980664,-1.9345661,4
19.257689,4.7985706,0
12.822732,-2.5319138,4
19.22413,4.777658,0
8.647,-6.045588,2
7.8645973,-5.8414125,2
0.4078279,-1.7251233,2
2.7907217,-5.134287,2
2.4778092,-5.931803,2
1.9722607,-5.322119,2
2.8364885,-6.0187187,2
0.6976884,-1.9494908,2
14.782591,6.986252,0
10.714751,0.7660139,4
6.747206,0.2858661,2
2.1437984,-5.4557595,2
11.919866,-1.4625857,4
19.327873,4.70563,0
2.5957477,-5.476799,2
2.834928,-6.2550178,2
2.8881533,-6.2611747,2
6.196408,7.8015184,5
12.721889,-2.6407812,4
6.748553,0.3192963,2
6.493239,0.50245565,2
2.509982,-5.388166,2
12.811124,-2.6122098,4
6.4671335,0.5037108,2
6.7579923,0.23671453,2
17.860142,2.486149,0
18.270456,6.751495,0
0.6158896,-2.1688902,2
8.332988,-6.0025764,2
12.363492,-2.476245,4
8.627887,-5.71424,2
-0.25626302,7.156981,1
18.303398,6.7125654,0
7.96611,-5.664256,2
18.71197,5.290891,0
6.7129903,0.2641515,2
2.202492,-5.3967614,2
8.641006,-5.694004,2
1.8112366,-5.4461203,2
17.687891,3.0941932,0
2.3794832,-5.828729,2
17.893772,5.341357,0
6.787862,0.21859491,2
-0.04041798,-1.913365,2
2.5299728,-5.251337,2
10.191996,0.39653963,4
1.7679347,-5.5742254,2
6.401636,0.47926474,2
13.02753,-2.034718,4
0.46089223,-1.9052536,2
12.603118,-1.7074778,4
18.103218,3.0236588,0
13.094872,-2.2026644,4
6.690867,0.5550403,2
8.668355,-5.257925,2
18.05205,3.2075608,0
1.8770878,-5.537042,2
11.8644905,-1.4741408,4
13.260812,-2.6233773,4
17.862406,2.6843083,0
3.5984478,-5.436399,2
2.1509204,-5.0917964,2
18.397549,6.6947627,0
8.855721,-5.292613,2
13.244864,-2.634818,4
0.6592415,-2.1444817,2
13.178662,-2.0490453,4
17.855293,2.5704234,0
6.7214875,5.4241476,5
-0.034310207,-1.7748115,2
10.9423065,-1.8865296,4
-0.23867555,6.9931507,1
10.96791,-1.8407043,4
12.365746,-2.4765775,4
12.355126,-2.4913886,4
12.384836,-1.4190482,4
10.921248,-1.856798,4
-0.17049646,7.1347303,1
6.107993,7.9702992,5
6.7549033,0.62122077,2
13.216105,-2.6055536,4
6.591641,0.20056435,2
8.856113,-5.567726,2
9.000009,-5.6907864,2
2.371967,-5.8289876,2
8.28156,-5.9989276,2
1.9322174,-5.465274,2
12.747373,-2.6747823,4
12.665657,-2.6805153,4
2.5269804,-5.2882175,2
8.85317,-5.447239,2
8.130901,-5.20031,2
13.232935,-2.2976558,4
17.655262,3.0448673,0
8.105376,-5.6056714,2
10.300901,0.48685035,4
13.014166,-2.0491796,4
13.179226,-2.034983,4
0.99713767,9.22782,1
2.551445,6.7167587,1
12.896733,-1.7989597,4
10.635228,0.71328855,4
8.660379,-5.175562,2
7.988241,-5.948651,2
7.8430295,-5.801031,2
13.019203,-2.0441992,4
6.42746,0.58946043,2
10.914251,-1.8310992,4
12.831887,-2.6008987,4
6.6581845,8.445195,5
3.4348114,-5.4751906,2
6.4458985,7.368028,5
2.1775062,-5.249212,2
4.4853015,0.64091915,2
1.803644,-5.527607,2
2.6885614,6.8456264,1
-0.34267792,7.108232,1
12.913948,-2.3762834,4
5.007538,0.68747175,2
10.960269,-1.8512523,4
8.505654,-5.547567,2
7.930656,-5.9018235,2
-0.05629086,6.586256,1
17.890604,5.3314285,0
19.115965,6.0823627,0
9.48066,7.3450637,5
8.509728,-5.693186,2
17.782993,2.9353597,0
2.6336796,-5.557363,2
17.96635,2.8914325,0
0.18749224,-1.8547338,2
19.135164,6.0878325,0
2.6614075,-5.386978,2
12.570116,-1.6554965,4
13.261116,-2.5125072,4
0.39435232,-1.8716136,2
17.904167,4.152548,0
13.079147,-2.1138813,4
6.573397,0.3157895,2
6.0220113,7.9252167,5
-7.377302,4.589854,1
8.379158,-5.633841,2
12.36828,-2.3988352,4
10.775052,0.80535495,4
2.4659626,-5.440835,2
2.9063768,-5.2295475,2
12.521946,-1.7421163,4
0.6706107,-1.9099218,2
-7.346793,4.7760377,1
4.109183,-5.4591656,2
8.546965,-5.640886,2
19.120653,6.0814347,0
2.6998363,-3.8562949,2
6.197477,6.953999,5
8.662252,-5.948971,2
5.060214,0.7263773,2
0.59147835,-2.2401671,2
7.8260794,-5.784316,2
-0.55226815,6.928788,1
2.9589207,-5.01576,2
5.0327144,0.6626117,2
3.1073024,-4.751313,2
2.4532518,-5.9622374,2
6.2722783,7.9209085,5
2.515479,-5.7922893,2
6.350235,0.35896882,2
8.420909,-5.4253244,2
17.699682,2.9334116,0
10.89035,0.61450803,4
8.284302,-6.042017,2
17.85525,2.6955318,0
2.5615466,-5.1730547,2
2.4794812,-5.7994876,2
17.82421,2.9495254,0
2.5662796,-3.7867024,2
0.13139081,-1.8993497,2
7.841899,5.7268825,5
19.123459,6.1098404,0
11.278662,-1.6638135,4
12.643384,-2.0365894,4
17.858164,2.7722273,0
2.535896,-5.631128,2
11.027217,0.31346634,4
12.82638,-2.609653,4
10.729174,0.8187024,4
5.0807123,0.6306883,2
3.5326607,-5.325563,2
17.964401,5.3163223,0
10.547289,0.53030664,4
18.415173,6.6729946,0
0.45271674,-1.894431,2
12.490687,-2.3807106,4
0.8217271,9.400594,1
12.320643,-2.473036,4
18.36064,6.71867,0
8.055464,-5.603661,2
6.4084134,0.5385449,2
0.8107404,-2.3193853,2
4.388672,-5.440799,2
8.529568,-5.723627,2
2.591363,-3.737225,2
3.3524466,-5.3374367,2
2.4949813,-5.8112926,2
8.88375,-5.605374,2
3.3995965,-5.4410024,2
19.200804,4.6940594,0
5.0671,0.6405684,2
-6.9952908,4.737927,1
6.19989,7.996714,5
13.059286,-1.8665259,4
7.8505116,-5.8570933,2
-0.22975859,6.4032106,1
12.333694,-1.4660621,4
7.834619,-5.6699753,2
6.840486,-0.5378718,2
17.090199,7.5026975,0
8.673381,-5.974169,2
19.23192,4.6977744,0
17.863049,2.7437901,0
12.274441,-1.4319608,4
13.068163,-2.1353273,4
0.3510832,-1.7137512,2
12.602584,-1.6503084,4
3.377278,-5.214131,2
0.55358046,10.050497,1
-7.4903827,4.461658,1
13.150062,-1.8960348,4
10.878782,-1.8092055,4
-0.047706254,6.680952,1
18.067253,2.8741367,0
2.8155403,-5.8602905,2
18.062803,3.8602226,0
7.859422,-5.837638,2
8.513629,-5.1467195,2
13.290006,-2.2990754,4
10.945064,0.2990179,4
2.7228794,-5.301845,2
12.977682,-1.7321379,4
7.7728033,-5.7928057,2
12.603022,-1.7539341,4
12.535468,-1.9552026,4
10.548617,0.5332898,4
12.465199,-1.5726721,4
6.898325,5.7269382,5
10.898687,0.63683873,4
4.972992,0.64484775,2
12.683031,-2.032586,4
2.5004954,-3.70954,2
8.597666,-5.9355383,2
7.928365,-5.6816196,2
3.2569437,-5.6594563,2
6.2819457,0.52398366,2
7.8320656,-5.595603,2
13.293186,-2.6167881,4
8.348694,-5.4297147,2
6.4673734,0.480543,2
-0.032806735,-1.9347807,2
2.3802638,-5.0615864,2
10.872961,-1.8285017,4
10.920416,-1.8277416,4
0.44090754,-1.7022309,2
12.991343,-1.7327223,4
11.917233,-1.4552263,4
13.113818,-1.7511332,4
1.9014701,-5.3918304,2
3.2908177,-5.0086036,2
12.831936,-2.52294,4
18.82226,6.3726177,0
2.5787277,-3.831392,2
8.060558,-5.5978947,2
1.1077814,9.491963,1
3.5929992,-5.404566,2
17.79566,2.6901124,0
-7.3575997,4.7740083,1
-0.4448311,6.9056325,1
3.5715785,-5.7581005,2
6.3424673,0.49412107,2
4.1494927,-5.5064797,2
13.294806,-2.4188342,4
10.904103,0.28432432,4
3.5757596,-5.6390615,2
2.8562882,-6.2720723,2
-0.24713461,-1.8403494,2
3.3538039,-5.3649774,2
8.09273,-5.5773773,2
10.989354,-1.9322017,4
7.805883,-5.9608974,2
6.6686077,5.477093,5
17.866987,2.4889936,0
5.1740837,0.53799397,2
12.416242,-1.9273322,4
3.4288213,-5.438884,2
17.816975,4.187675,0
7.9362636,-5.6443896,2
2.463796,6.622387,1
2.6118429,-3.871479,2
-0.38521817,6.535591,1
17.758305,4.204275,0
6.8604217,-0.5388754,2
6.3927155,8.137791,5
12.520684,-1.4493594,4
0.08509994,-1.9510238,2
19.139599,6.0936327,0
2.4861677,-3.7326403,2
12.923765,-1.7521425,4
8.140306,-5.5201163,2
0.6628107,-1.4254906,2
2.7495315,-3.9905748,2
7.9516115,-5.8537126,2
3.8696334,-5.527621,2
17.855246,2.626336,0
12.469637,-2.349231,4
17.691233,4.165303,0
13.088333,-2.5552845,4
12.423836,-1.882687,4
18.220776,6.799213,0
4.9709864,0.6809315,2
6.373942,7.979434,5
3.6676173,-5.879959,2
2.2142375,-4.99738,2
6.676197,-0.38135296,2
15.590726,6.2315865,0
17.926592,5.31633,0
8.316403,-5.368806,2
17.801699,4.135431,0
3.4717755,-5.2384577,2
0.25347707,-1.7465888,2
8.308289,-5.277792,2
0.01856152,6.6539407,1
2.2617362,-4.918259,2
8.26246,-5.99269,2
0.22349069,-1.666919,2
18.00762,2.9451084,0
9.0763,7.083568,5
9.029925,7.0821924,5
10.755012,0.71140486,4
-0.2870659,6.7425146,1
18.06175,3.2957377,0
18.374365,6.589468,0
9.789164,6.3037443,5
2.7164109,-5.338682,2
9.536161,7.556756,5
3.3542342,-5.702149,2
3.2548528,-4.52946,2
8.363846,-5.4470296,2
6.537247,0.381969,2
-7.553106,4.433661,1
-0.41579676,6.8900585,1
18.045118,3.0322583,0
6.6118674,0.29705608,2
17.854132,2.9040334,0
6.6330485,0.29069018,2
12.678248,-2.313924,4
3.0396779,-5.2066207,2
6.6777883,0.3766382,2
2.640002,-5.6330533,2
11.078077,-1.7287738,4
-7.218113,6.0081005,1
13.021197,-1.8800205,4
8.048896,-5.541904,2
8.585073,-5.428051,2
3.0393386,-4.8441563,2
3.1174767,-4.7409964,2
6.6156063,0.35901842,2
0.6182699,-2.1030738,2
12.592005,-2.1926684,4
17.810467,2.7578323,0
6.3311114,0.005422012,2
3.0301657,-5.571439,2
6.583404,0.39040616,2
19.121515,6.1033926,0
3.0116773,-5.604909,2
17.786228,4.1552515,0
19.180172,4.7122617,0
12.44092,-1.5779142,4
0.5244298,-2.022204,2
6.8088737,-0.5247839,2
2.7853918,6.8754735,1
2.3504395,-5.8396063,2
3.0066786,-5.0613046,2
6.703971,0.37815624,2
2.223487,-4.929364,2
1.7592107,-5.4650903,2
2.5048532,-5.2742,2
3.444425,-5.478515,2
0.7567064,-1.5989548,2
10.307055,0.43705624,4
1.9145286,-5.5012593,2
8.674749,-5.9896016,2
6.306769,8.065529,5
13.085652,-2.1789343,4
17.834003,2.7254667,0
7.7916384,-5.7192764,2
12.740052,-1.7292824,4
2.5221424,-5.695513,2
10.391049,0.48065573,4
8.103099,-5.342938,2
18.136724,2.7290857,0
2.3932407,-5.0688977,2
-7.3732166,4.771554,1
6.376423,7.9908605,5
4.1155415,-5.4341235,2
8.046168,-5.7995257,2
12.698498,-1.6940432,4
12.717796,-2.6329818,4
1.0224246,7.82834,1
8.642958,-6.036707,2
1.7851784,-5.634716,2
0.4127629,-2.005501,2
6.286693,7.846907,5
8.8279705,-5.322627,2
6.2360697,7.8626432,5
2.568484,6.723038,1
1.2269034,7.7098665,1
10.393534,0.44896322,4
10.978043,-1.9498302,4
0.881558,9.361214,1
8.957662,-5.6350245,2
2.195256,-4.9189234,2
17.7689,4.093152,0
12.740444,-2.6079488,4
2.7785585,-4.696193,2
8.626107,-5.9865737,2
10.885381,0.31655812,4
6.515099,0.60343,2
0.0287956,6.546378,1
11.119751,-1.7952533,4
2.3244066,-5.1531167,2
1.8523325,-5.5848403,2
1.7813494,-5.611009,2
12.709521,-2.6680775,4
13.142446,-2.1756585,4
13.373079,-2.5201159,4
2.2499502,-5.6971397,2
6.789196,-0.41190866,2
13.277306,-2.5911818,4
12.876489,-1.9660265,4
1.751623,-5.4014387,2
6.7193565,0.24553163,2
12.981344,-2.2409537,4
6.3467197,7.912781,5
10.541444,0.5702362,4
0.6268095,-2.2058358,2
8.618024,-6.0221734,2
0.5857139,9.342029,1
10.914228,0.37461835,4
10.3231535,0.55459964,4
2.5624423,-5.789579,2
4.9639335,0.5368953,2
12.454486,-1.5170238,4
3.9430404,-5.7481837,2
7.0348344,5.8556957,5
17.881754,2.6110404,0
2.2833908,-5.6996813,2
2.246538,-4.994836,2
3.1403408,-5.164406,2
5.126539,0.55002624,2
0.5238072,-2.2104182,2
6.6449738,-0.36230534,2
1.7308711,-5.6017056,2
17.759695,4.1175747,0
18.383436,6.6648383,0
3.1938405,-5.5087132,2
2.4428058,-5.795959,2
17.992392,2.7443423,0
12.693176,-2.1522858,4
6.6430664,0.5289622,2
11.924313,-1.4657198,4
1.9411347,-5.4897804,2
13.300347,-2.5872648,4
2.7116585,-4.0014863,2
3.4624095,-5.5482984,2
18.07048,3.225449,0
3.7754297,-5.4188046,2
10.8901,0.283437,4
2.338817,-5.7238803,2
7.9331503,-5.671409,2
0.75531447,-1.62798,2
11.872057,-1.4362377,4
2.5571542,-3.7507563,2
19.13797,4.658011,0
17.900593,3.0041213,0
2.7163637,-5.1249666,2
18.160006,6.8627987,0
6.7057633,5.9196053,5
2.3646495,-5.008275,2
8.84622,-5.7889957,2
16.31906,6.4276266,0
10.388172,0.60302263,4
17.716383,4.159642,0
18.124943,3.0578046,0
6.25643,7.9550247,5
6.6524634,0.46965387,2
2.187573,-4.9163313,2
3.7456229,-5.9784827,2
18.37627,6.7489033,0
2.1069882,-5.6933236,2
2.681136,-5.3812904,2
18.310343,6.673891,0
3.0579548,-5.170582,2
2.4476244,-3.743403,2
13.3811,-2.4879513,4
8.740897,-5.298664,2
2.6512961,-5.3730226,2
2.2524815,-4.993012,2
2.22435,-4.9041047,2
-0.31922555,6.5533504,1
8.517201,-5.4568253,2
19.19502,4.824092,0
12.64305,-2.4496481,4
8.397272,-5.410947,2
6.0911374,7.8713164,5
5.084419,0.71251035,2
12.3072195,-2.4323733,4
3.8382864,-5.8331885,2
2.2795553,-4.9469957,2
13.246866,-2.5734103,4
2.9890366,-5.0333586,2
17.81874,3.079655,0
0.2316037,-1.7710154,2
3.7383966,-5.9747577,2
2.3036113,-4.9207277,2
2.487638,-3.7009492,2
2.4872117,-3.7385554,2
8.486173,-5.7133837,2
18.280874,6.6331387,0
3.7977464,-5.4326534,2
10.551379,0.56383276,4
0.19500008,-1.8988279,2
10.797515,0.78263617,4
12.076397,-1.6565728,4
12.817623,-2.479034,4
6.6987753,0.63406605,2
6.604038,0.2360706,2
11.8927765,-1.4523094,4
13.352974,-2.51876,4
4.999163,0.50787145,2
4.6991115,-5.3759336,2
8.385512,-5.5580015,2
12.498655,-1.5864053,4
17.704563,4.168375,0
6.715834,0.22576396,2
6.396311,0.58925873,2
6.4914403,0.3940099,2
6.196757,6.973588,5
19.101366,6.139991,0
0.37765864,-1.673592,2
6.2652807,7.90314,5
2.533382,-3.7845707,2
18.280472,6.783047,0
3.7413023,-6.027813,2
2.5600984,-5.8324823,2
2.2054415,-4.938319,2
17.84997,4.1324368,0
3.3760614,-5.532179,2
10.995936,-1.7089887,4
12.53505,-1.6286052,4
2.9821484,-4.6574264,2
1.1110971,9.315838,1
6.470777,0.5169761,2
12.454928,-1.8023448,4
11.608907,-0.34028062,4
18.092485,3.2715616,0
3.3617954,-5.205287,2
12.543334,-1.6324726,4
2.3070872,-5.6886864,2
18.349628,6.781792,0
18.15007,3.2372227,0
10.443228,0.4196351,4
0.6372794,-2.0640209,2
19.078743,4.6338816,0
3.9638543,-5.772401,2
2.8695939,-6.203304,2
19.115759,6.0542364,0
8.911556,-5.3322277,2
4.8438077,0.63182706,2
2.213124,-4.96769,2
12.555321,-1.6545532,4
6.666298,5.7665777,5
18.259516,6.7119427,0
6.3591533,0.5467446,2
6.27123,0.5137563,2
2.9088829,-4.6760983,2
6.486657,0.52989125,2
18.098455,2.7959526,0
7.7958465,-5.760095,2
0.6706394,9.359318,1
-0.5395513,6.9830294,1
18.958502,6.1575136,0
2.242584,-4.935349,2
6.2833,0.5962279,2
3.5528493,-5.274792,2
4.154349,-5.093149,2
9.597038,7.4631186,5
-0.053098798,-1.8931092,2
2.6478548,-4.7590137,2
7.032617,-5.4267836,2
3.5135517,-5.0910807,2
3.4070334,-5.3355765,2
2.8560374,-4.6225114,2
12.22973,-1.3877863,4
17.659548,4.1527944,0
0.19124871,-1.780696,2
2.4860191,-3.75734,2
6.399475,0.59516454,2
-0.031629298,-1.9122422,2
11.877678,-1.4592218,4
6.505876,0.39164695,2
17.816265,2.7139115,0
11.04819,0.2951148,4
11.250442,-1.5609115,4
3.6155236,-5.564013,2
11.114736,0.31981438,4
-7.498769,4.8118515,1
17.864784,2.4522696,0
17.842205,2.7002628,0
7.7665505,-5.4719334,2
8.039932,-5.6120033,2
12.730486,-1.5902025,4
-6.948321,4.696155,1
18.848387,5.360819,0
12.620468,-1.4008948,4
8.153492,-5.446924,2
2.6973884,-3.97474,2
5.033318,0.49677154,2
18.11383,3.0590487,0
2.588247,-3.7280757,2
2.4991825,-3.689884,2
3.813574,-5.3882794,2
8.506194,-5.856523,2
17.758453,3.8844101,0
3.835484,-5.3993115,2
12.890342,-1.9765903,4
3.4907,-5.2297993,2
8.511061,-5.69025,2
2.5718498,-3.6791644,2
2.4621046,6.575952,1
2.8581357,6.8309007,1
12.378098,-1.527185,4
10.946644,0.74411887,4
8.24359,-5.4276896,2
-0.0035465376,-1.9025075,2
3.4693673,-5.8906345,2
7.8001847,-5.743308,2
8.295406,-5.145008,2
12.365974,-1.5443472,4
12.717897,-2.4305806,4
6.1428246,7.907369,5
4.9865713,0.647944,2
10.436381,0.4952695,4
4.9526424,0.7134253,2
2.5444546,-5.8553452,2
12.287136,-1.3988622,4
12.476508,-2.362835,4
0.8687373,9.217023,1
6.406247,0.4796575,2
12.756197,-2.655852,4
10.465757,0.58240247,4
0.04765997,-1.8571584,2
12.665779,-2.0600843,4
2.6735551,-3.9182057,2
1.757751,-5.624326,2
12.233093,-1.3908031,4
19.14418,4.7081585,0
2.6704879,-4.829575,2
15.082054,5.6812816,0
17.851475,2.6230693,0
18.709444,5.2762156,0
0.64181745,-2.1339948,2
1.8651048,-5.5441685,2
2.3179896,-5.645763,2
2.1974092,-5.0010815,2
0.6665297,-2.2044153,2
2.4017684,-5.6109757,2
17.946163,2.6304684,0
6.798007,-0.54875016,2
10.768676,0.7208133,4
10.895467,-1.8553438,4
6.6548934,0.165719,2
3.9511428,-5.7499075,2
17.851093,2.601524,0
0.6332509,-2.2268686,2
2.8346453,-6.2724414,2
10.919425,0.28253794,4
6.6545644,0.21769707,2
3.1815267,-4.9616275,2
-0.44645783,6.693076,1
1.9698339,-5.498495,2
12.99162,-2.0581913,4
13.412429,-1.842121,4
10.4911785,0.657609,4
12.633827,-2.1814957,4
7.962265,-5.9048643,2
8.560118,-5.156502,2
2.49651,-5.732387,2
2.4938805,-5.577373,2
2.6764534,-5.1608224,2
0.4088747,-1.917266,2
8.58428,-5.969707,2
18.008678,2.6795697,0
10.6005,0.64355665,4
6.6267676,0.59046453,2
2.525545,-5.893629,2
-0.09393103,-1.9017358,2
12.053543,-1.6165049,4
1.7919002,-5.58962,2
2.7703564,-4.706834,2
2.5759058,-4.9071307,2
0.8477891,9.212324,1
9.033088,-5.5374103,2
2.8249822,-6.0563064,2
2.8249478,-6.1981688,2
2.3573158,-5.7675943,2
0.89399886,-1.7556173,2
2.292433,-5.303021,2
2.7884216,-5.8124785,2
2.7264798,-5.313882,2
1.8720975,-5.598064,2
12.747132,-2.6548743,4
8.888649,-5.5901623,2
12.939397,-2.1596258,4
12.975074,-2.2827463,4
19.322186,4.6938105,0
17.699839,3.0470212,0
10.480396,0.57234293,4
3.035139,-4.8837934,2
3.0598416,-4.8280444,2
6.366134,0.2885159,2
8.429764,-5.437055,2
0.64436394,-2.208228,2
12.489424,-1.9183706,4
6.975834,5.545267,5
2.543266,-5.6307974,2
17.821796,5.338814,0
6.360642,7.9570093,5
2.4840102,-5.7519555,2
6.506918,0.5313573,2
17.831547,2.583455,0
1.8082895,-5.5990496,2
12.980188,-2.0599926,4
3.1302583,-4.732688,2
-0.12601736,6.891793,1
0.87289476,-1.692999,2
12.920257,-2.4981463,4
0.73474604,-1.8944391,2
3.225478,-3.7915344,2
12.9513445,-2.117543,4
2.6980705,-5.501715,2
10.311567,0.4328156,4
18.342861,6.764098,0
8.226801,-5.9724536,2
17.940435,5.244606,0
12.341979,-2.4170475,4
2.4595652,-3.7736928,2
-0.42410412,6.8142815,1
2.4441795,-5.7716646,2
2.5611663,-5.8460307,2
13.004138,-2.0902953,4
2.510967,-5.940888,2
17.829355,2.6222804,0
6.2283716,6.9231544,5
2.5762522,-4.917249,2
13.001993,-1.9196236,4
17.630302,2.8747418,0
10.418376,0.4875548,4
3.478282,-5.091077,2
4.039767,-5.6375623,2
17.75955,4.2025223,0
8.597451,-5.4621835,2
12.945856,-2.1777852,4
2.3244429,-5.522452,2
2.9215357,-4.951928,2
19.236055,4.864022,0
-7.468582,4.588163,1
12.860758,-2.2181582,4
11.867677,-1.1930027,4
12.645095,-2.106459,4
0.672963,-1.4327229,2
1.9436374,-5.598171,2
8.957367,-5.544581,2
8.037167,-5.6439795,2
2.823375,-5.9675074,2
12.857345,-2.4394062,4
-0.2531497,7.0242248,1
2.965407,-5.0318494,2
12.684758,-1.6775175,4
-0.7977664,6.687662,1
17.73595,4.9982553,0
10.655229,0.59701216,4
1.8435475,-5.6241446,2
2.4965997,-5.9336576,2
17.63619,2.848275,0
0.78651994,-1.6944872,2
8.884169,-5.4623404,2
6.8134036,5.7640886,5
17.724312,4.190085,0
6.8128734,0.27072787,2
13.23127,-2.6822205,4
11.094912,-1.8453598,4
2.8523877,-6.2926435,2
2.6570468,-5.444733,2
1.7934622,-5.579182,2
8.808173,-5.871832,2
0.46204138,-1.8480412,2
12.8169365,-2.3640506,4
13.025734,-2.0716093,4
1.7929475,-5.6403265,2
12.567775,-2.087797,4
10.698675,0.80622315,4
2.8641717,-6.17278,2
0.57430136,-2.0547063,2
6.5024214,0.50702405,2
17.783785,4.2236996,0
2.428579,-3.7676275,2
6.5961123,0.5731534,2
0.10213238,-1.8998088,2
12.385741,-2.3122783,4
9.004435,-5.5046573,2
19.101753,6.107353,0
17.706442,4.166211,0
13.021363,-1.8276738,4
10.488613,0.6168258,4
0.6975833,9.237713,1
8.18054,-5.2080245,2
2.6490712,-4.0758595,2
6.1731257,7.0070066,5
2.1934812,-5.446179,2
19.135769,6.1185203,0
2.8703241,-4.7213154,2
2.5781167,-5.8476987,2
3.6233826,-5.231827,2
6.710243,-0.4453266,2
8.413596,-5.2766666,2
12.425847,-1.5811943,4
13.271978,-1.8735857,4
9.472693,7.155234,5
6.2258472,7.8479323,5
17.846258,2.9486072,0
10.507572,0.5656506,4
9.572782,7.4979167,5
10.918321,-1.856701,4
17.627213,2.800087,0
2.8423784,-5.093488,2
-7.230433,6.005272,1
2.434377,-5.0060434,2
3.2457006,-4.492835,2
17.63425,2.8310437,0
2.5488338,-4.857321,2
0.6471314,-2.21297,2
2.865563,-4.9482117,2
2.4565716,-5.638827,2
0.6134937,-2.068384,2
8.587343,-5.61048,2
2.7307765,-5.497599,2
8.944386,-5.543601,2
7.8949633,-5.5097494,2
2.4650705,-5.6926584,2
17.869522,5.3393264,0
6.677519,8.0840025,5
2.4394112,6.7252874,1
10.962232,-1.8965763,4
7.0115414,6.039694,5
2.5351694,-5.3588676,2
13.047108,-1.8308783,4
8.911571,-5.382538,2
17.849218,2.5288792,0
17.824366,5.3189363,0
8.496595,-5.2588954,2
0.6527605,-1.6940397,2
13.009992,-1.6937149,4
17.710403,4.1738,0
19.224937,4.753526,0
2.4870982,-5.288997,2
12.7253065,-2.4015396,4
3.328636,-5.7136226,2
17.777475,2.6177833,0
17.773918,2.5326288,0
8.845935,-5.4493084,2
6.782004,0.2564066,2
13.022209,-2.109908,4
0.8877121,9.8658495,1
11.0339155,-1.906628,4
2.5829368,-5.726897,2
0.06668239,-1.9143219,2
2.8859677,-6.188266,2
10.445274,0.42662647,4
-0.30733925,6.990388,1
6.741713,5.7187147,5
12.806025,-2.352796,4
2.553311,-5.9070168,2
0.7258185,-2.037274,2
0.6710157,-1.7783538,2
-7.503357,4.434494,1
1.8905905,-5.524962,2
17.940313,2.6509788,0
2.5601642,-3.8335853,2
18.341845,6.6978145,0
2.6156905,-4.9232883,2
1.8324207,-5.6355357,2
7.116381,-5.440249,2
6.2977586,8.032589,5
8.129784,-5.5171256,2
6.304189,0.39289156,2
3.0252998,-4.8625817,2
2.9696176,-6.0810065,2
8.63766,-5.3625073,2
12.522108,-1.8695724,4
2.6567273,-3.9368951,2
13.099961,-2.0723119,4
0.38680926,-1.655871,2
2.5365548,-5.140884,2
2.5683095,-4.965975,2
3.674366,-5.232813,2
8.921029,-5.5484157,2
-7.5736976,4.4440155,1
12.777209,-2.566084,4
-0.3204209,6.826681,1
3.1041405,-4.7769756,2
6.8852754,-0.6396529,2
0.052986037,-1.8916829,2
7.919822,-5.8535194,2
2.491744,-5.674146,2
18.424395,6.535712,0
10.631948,0.7382051,4
10.332397,0.44062674,4
0.6802565,-2.1430616,2
3.6753047,-5.4745765,2
3.8011405,-5.6338916,2
2.7331214,-4.9254355,2
2.565167,-5.643694,2
8.772339,-5.2949147,2
10.507417,0.5348185,4
0.6988282,-1.7865899,2
13.246045,-1.6833171,4
10.564719,0.5404789,4
1.787523,-5.645241,2
3.7784257,-5.6299796,2
17.773483,4.2071366,0
0.4359627,-1.9772309,2
10.487472,0.521666,4
2.7567627,-4.0476503,2
1.8500062,-5.583588,2
6.524882,0.39706022,2
2.5190434,-5.6163406,2
13.36594,-1.8481748,4
18.209097,6.694151,0
2.904438,-6.2206693,2
17.85955,2.8176303,0
1.8339119,-5.6139364,2
0.83986753,-1.625418,2
2.2054493,-4.9586396,2
17.699596,4.186975,0
13.251097,-1.9119856,4
12.021193,-1.4153147,4
12.389355,-1.4319537,4
0.06621959,6.4238653,1
3.4341276,-5.0630836,2
12.528572,-1.5947644,4
10.448516,0.5060276,4
6.5994687,0.6612807,2
4.0524235,-5.4482775,2
0.7842471,10.019083,1
17.672009,4.128129,0
-7.528437,4.866018,1
12.416975,-1.8780539,4
5.0463657,0.6552873,2
7.786914,-5.776622,2
2.6296272,-3.9074717,2
1.9313446,-5.580525,2
-0.027903784,-1.7903396,2
3.4245195,-5.7576075,2
17.977331,2.658201,0
8.677923,-5.25562,2
3.6137414,-5.3714767,2
8.431859,-5.26441,2
6.7123675,0.39138818,2
6.818114,0.2805861,2
12.698034,-2.4220645,4
10.486219,0.52843624,4
-0.47495002,6.8460484,1
3.4477396,-5.992925,2
2.6259158,-3.922931,2
13.05719,-2.126276,4
10.899493,-1.8050064,4
3.1196504,-4.8750916,2
2.9031348,-4.996836,2
13.202711,-2.6524048,4
2.2137666,-5.4092107,2
2.363924,-5.1178503,2
1.8997645,-5.566407,2
2.5580475,-5.904769,2
-0.13183379,-1.7569041,2
12.902542,-1.7253017,4
12.714534,-1.9902537,4
2.5478582,-5.0577707,2
12.6690235,-1.6929145,4
17.669306,4.1816154,0
1.9475992,-5.6433234,2
12.441333,-1.6725879,4
3.447581,-5.771198,2
3.7892807,-5.33365,2
2.4916837,-4.994888,2
3.5353267,-5.703191,2
8.925636,-5.614925,2
0.8107644,9.163969,1
15.162753,5.6829853,0
0.5184399,-1.8458807,2
2.3739352,-5.6284904,2
17.680536,4.1675363,0
12.677533,-1.624964,4
2.4318182,-3.7614245,2
6.5524263,0.5189761,2
2.6441348,-3.9294345,2
7.8735957,-5.6147075,2
6.9814925,5.777132,5
8.595501,-5.251427,2
0.92445886,7.665757,1
3.35321,-5.2558427,2
12.383875,-1.4855826,4
7.8392434,-5.8062367,2
3.6363363,-5.2286663,2
11.880416,-1.4831883,4
8.92758,-5.61799,2
1.1017294,7.5610685,1
6.4513025,0.45747292,2
1.7948713,-5.6487136,2
2.0373166,-5.4633794,2
2.5911047,-4.8671637,2
1.9180224,-5.543567,2
12.043103,-1.4738199,4
10.397788,0.48745456,4
-0.30831286,6.725364,1
2.0401196,-5.5360394,2
8.9182825,-5.5846405,2
0.27604613,-1.7844049,2
12.396592,-2.419029,4
2.6122658,-5.6015496,2
8.553463,-5.414554,2
2.0541954,-5.4687214,2
8.611694,-5.4421134,2
18.64946,5.2955403,0
0.6100565,-1.8912836,2
0.6723006,-2.0969536,2
6.6578884,5.615336,5
12.703173,-2.13251,4
0.7735448,-1.9495785,2
6.624089,0.6167436,2
17.64515,2.8459282,0
17.730608,4.2209024,0
16.28556,6.4309506,0
0.16160694,9.910263,1
19.162931,6.097632,0
7.095274,-5.4396906,2
17.707941,2.8189716,0
10.968237,-1.8693955,4
1.854887,-5.6272783,2
17.67452,2.8614311,0
0.6288858,-1.7198018,2
2.8830574,-6.2571,2
17.729277,3.056729,0
3.3354106,-4.740158,2
17.720154,2.7823186,0
13.210542,-2.6773393,4
12.780048,-2.569787,4
10.664686,0.7674514,4
2.4943416,-5.8575907,2
4.9551253,0.7156583,2
9.042826,-5.5616074,2
17.821632,4.1365805,0
10.827657,0.5460525,4
10.789429,0.8944169,4
2.9592214,-4.7661805,2
17.769009,2.9307313,0
2.458371,-5.9173965,2
9.596966,7.715517,5
10.918435,-1.8804059,4
10.592264,0.59131896,4
13.037153,-2.1514015,4
10.807626,0.5075188,4
13.141658,-2.3094354,4
2.3605373,-5.312933,2
0.6501838,-2.2032914,2
6.6260805,0.20305553,2
0.8311296,-1.9463453,2
-7.410433,4.6211553,1
0.073879115,-1.9890207,2
2.4987197,-5.6617937,2
13.209668,-2.6714869,4
2.5237434,-5.665544,2
8.9580765,-5.6256447,2
17.889063,2.5243564,0
13.299275,-2.4785545,4
-0.26607215,7.175631,1
10.342984,0.44761953,4
-0.42475408,7.0559354,1
13.039744,-2.1147678,4
3.0587234,-4.984921,2
2.6683145,-5.58714,2
2.327782,-3.704294,2
1.8493767,-5.6045704,2
13.0482855,-2.2018723,4
13.2202015,-1.9609996,4
16.32942,6.3964877,0
-0.21272492,7.1220236,1
1.853695,-5.631776,2
2.476694,-3.8023665,2
13.050452,-2.150668,4
4.02001,-5.182765,2
3.1913729,-4.541467,2
3.541866,-5.6960163,2
-0.29090443,7.1575413,1
6.6619368,5.9148645,5
10.664259,0.6294788,4
1.1256137,-1.2052472,2
6.0149612,8.010193,5
8.836271,-5.3106666,2
0.6328421,-1.8990294,2
2.7413666,-4.0044518,2
2.3582177,-5.644934,2
1.8363476,-5.6372166,2
2.3555374,-5.6982784,2
6.3096747,8.022559,5
3.1267254,-4.9006257,2
12.673133,-2.2124867,4
10.863888,0.7386478,4
0.62632096,-1.8186299,2
13.164731,-2.1863387,4
10.484078,0.6609215,4
19.137022,4.9130206,0
2.8251276,-6.2519054,2
12.367353,-2.400245,4
2.1099987,-5.4091053,2
3.1486642,-5.968716,2
7.7425914,-5.5686193,2
8.9985485,-5.479922,2
1.8491813,-5.6095905,2
8.449454,-5.281322,2
10.956671,-1.8842821,4
2.0958989,-5.4925275,2
8.735542,-5.288088,2
10.685209,0.68387926,4
19.27465,4.814357,0
9.541877,7.5517416,5
8.801167,-5.2960005,2
2.2942972,-5.6620235,2
2.9091651,-5.2356367,2
1.923288,-5.6117015,2
2.655307,-5.576527,2
10.982373,-1.92241,4
2.2347178,-5.2788634,2
6.2592773,7.9848843,5
6.7889028,-0.47886702,2
13.020773,-2.015695,4
17.652605,4.1065664,0
17.743572,2.565954,0
0.84363663,9.248094,1
13.031913,-2.1503823,4
13.332884,-2.37062,4
18.018908,2.5644403,0
-7.479175,4.861477,1
12.35934,-2.4849098,4
12.755057,-2.694674,4
10.283633,0.4324391,4
-0.241507,7.0840845,1
9.540884,7.7410545,5
10.281714,0.46505126,4
5.042035,0.7176078,2
8.726482,-5.261282,2
0.7649892,-1.7707224,2
18.191347,6.7911763,0
2.6474144,-5.4866133,2
3.5973363,-5.438278,2
10.575604,0.5716762,4
10.928257,-1.8820072,4
12.572884,-1.3744248,4
-7.5756207,4.4225287,1
0.72759736,-1.8934307,2
0.11585837,6.216075,1
13.160269,-2.068157,4
2.0507019,-5.482363,2
8.92077,-5.617341,2
0.65358996,-2.2077463,2
12.802574,-2.6651583,4
13.197179,-2.64465,4
1.8421742,-5.6316113,2
10.960815,-1.8988265,4
14.9134445,6.887084,0
10.44003,0.50421643,4
11.014099,-1.9369112,4
5.09928,0.49290046,2
2.8637035,-6.349111,2
3.9662323,-5.402147,2
13.31114,-2.394455,4
2.6826215,-5.5422044,2
13.303013,-2.3644593,4
1.8534259,-5.6184926,2
17.716288,2.8032491,0
17.666805,3.0848396,0
13.169064,-2.5967155,4
10.3663225,0.48214823,4
0.67816,-2.0260856,2
3.4273083,-4.9419866,2
13.081741,-2.1480415,4
5.0500617,0.56823117,2
2.475832,-5.905924,2
0.63320625,-1.7747447,2
0.7037261,-1.8408722,2
7.837175,-5.6411347,2
6.8496633,-0.42829716,2
2.9905047,-4.7702465,2
8.705,-5.257558,2
17.622326,2.8430982,0
2.4681578,-5.9301286,2
10.484547,0.5557819,4
2.7826886,-5.3965154,2
16.468485,7.8451796,0
13.136482,-1.7162963,4
1.8527647,-5.6303616,2
0.8369774,9.312314,1
13.179705,-2.6462271,4
13.10641,-1.7353642,4
2.5200436,-5.825531,2
10.87957,0.31450772,4
3.5255508,-6.0226064,2
9.029328,-5.474647,2
2.5344057,6.2694025,1
4.0790243,-5.386069,2
6.732583,8.109867,5
3.5215688,-5.6099324,2
0.65898955,-1.7619957,2
2.5439677,-5.886952,2
10.868674,0.57783484,4
10.604976,0.5550103,4
0.6736182,-1.836691,2
2.6333065,-5.656038,2
0.63158685,-2.1175427,2
17.747105,2.8072705,0
0.9340902,-1.3866489,2
17.854599,3.2287316,0
8.586593,-5.388604,2
13.263808,-2.3853688,4
13.267795,-2.1716669,4
6.5043197,7.9239326,5
17.687252,4.2191377,0
6.716182,0.33448818,2
0.61400473,-1.999869,2
13.285225,-2.1830647,4
10.572347,0.6966704,4
13.042314,-2.1713111,4
0.63673174,-1.7035297,2
1.8864208,-5.6833115,2
19.21961,4.8162847,0
6.301912,0.60095227,2
2.6747758,-5.715269,2
18.036667,2.708722,0
17.864267,2.6568139,0
17.861456,2.6443512,0
12.619644,-2.1979856,4
10.534836,0.5937905,4
2.6713321,-4.9069724,2
11.160418,0.33236668,4
11.981941,-1.5149868,4
10.394106,0.512514,4
0.64704806,-2.0690057,2
10.550793,0.5701219,4
10.628046,0.57851166,4
7.1993814,5.685313,5
6.324392,0.55691975,2
0.6661698,-1.9253085,2
17.926588,4.082726,0
18.2834,6.613997,0
-0.0032140762,-1.880363,2
0.66635895,-1.720679,2
2.5290334,-5.739661,2
9.769072,7.6092095,5
12.478455,-1.8683465,4
13.023575,-2.1183043,4
17.692492,3.060924,0
13.076073,-2.6256397,4
13.117949,-2.1565511,4
2.3240752,-5.170161,2
19.272432,4.8472953,0
12.725753,-2.6821997,4
18.364964,6.6711864,0
0.7323257,-1.7389305,2
13.316591,-2.4092464,4
17.913921,2.781554,0
10.367019,0.49206075,4
6.363012,7.944808,5
0.640639,-2.1967926,2
12.781623,-2.4904022,4
0.8264406,9.340634,1
13.069114,-2.1203222,4
6.8554196,-0.6248662,2
9.05065,-5.4428596,2
2.2272725,-5.4529066,2
2.9692135,6.5438275,1
18.056835,2.5878901,0
-7.2284636,6.0031114,1
17.738924,2.5918996,0
2.8434594,-6.1995373,2
17.793556,2.5125587,0
10.966368,-1.9111606,4
19.12489,6.0548544,0
2.831291,-5.985888,2
3.0849628,-4.969351,2
8.009671,-5.84313,2
17.927105,2.870376,0
12.947755,-2.4381843,4
10.6511345,0.5831901,4
6.6728377,0.3041099,2
0.68605626,-2.1244671,2
8.649169,-5.198617,2
0.63663775,-1.5668411,2
12.834437,-1.9195375,4
0.70769054,-1.9799341,2
13.3102255,-1.8869956,4
10.767319,0.77104133,4
1.8177598,-5.6826,2
10.807947,0.845345,4
8.549397,-5.3521333,2
13.210816,-2.6823432,4
10.675746,0.574953,4
12.713817,-2.6644666,4
6.555324,0.6202763,2
11.87982,-1.4773453,4
0.7255508,-1.9140673,2
13.073499,-2.128527,4
18.291477,6.6801834,0
8.048741,-5.415975,2
13.222338,-2.658476,4
8.930187,-5.3865886,2
17.701593,4.154537,0
10.750689,0.6331496,4
11.0100565,-1.930533,4
4.4922824,-5.3574276,2
3.289964,-5.436331,2
3.6001732,-5.914845,2
0.8055958,-1.878513,2
10.757379,0.81155276,4
3.421847,-5.091601,2
3.5583928,-5.218449,2
2.6654732,-4.889832,2
12.495009,-1.9308256,4
17.958347,2.601013,0
0.67069894,-1.7610233,2
8.975139,-5.4904194,2
12.707285,-2.707021,4
10.481632,0.51788706,4
2.2922714,-5.7628913,2
6.6628375,0.61097586,2
3.5723426,-5.880958,2
2.4045055,-5.735711,2
19.128536,6.0902653,0
13.211803,-2.673732,4
3.7220216,-5.9317956,2
6.6292205,0.52138525,2
10.986962,-1.928893,4
2.1010275,-5.400893,2
8.965348,-5.4471154,2
2.4794974,-5.0786133,2
12.615197,-1.752329,4
18.298815,6.626047,0
9.0426855,-5.5716624,2
11.156651,-1.711344,4
3.5889602,-5.9346375,2
18.332462,6.733962,0
2.0124977,-5.5235357,2
18.263968,6.7471557,0
4.1796865,-5.350054,2
0.729345,-1.75615,2
3.7612157,-5.965237,2
8.102696,-5.430283,2
1.8538332,-5.6255317,2
8.224207,-5.4831767,2
13.175326,-2.6862473,4
8.840357,-5.302104,2
8.675368,-5.430353,2
2.6546934,-5.7669,2
6.0272517,7.884261,5
1.8229269,-5.685023,2
0.6918446,-1.8342215,2
18.261993,6.72563,0
2.8308268,-5.2576647,2
16.47826,7.954744,0
13.006266,-1.7495383,4
10.808382,0.5326426,4
0.8656546,-1.6389651,2
3.1553779,-4.9423256,2
1.8665348,-5.628066,2
17.733555,2.8630798,0
6.7304387,-0.40299788,2
0.8028959,9.412108,1
3.454044,-5.637261,2
2.564735,-3.9182053,2
11.254882,1.054687,4
1.8401322,-5.679854,2
12.605775,-2.1504846,4
17.709929,3.0262535,0
18.104294,2.4749906,0
12.318114,-1.4515548,4
2.3205137,-5.653315,2
12.470804,-1.51291,4
12.850439,-1.9374033,4
12.852621,-2.470633,4
18.023201,2.8376827,0
13.214064,-1.7859796,4
-7.1028934,5.8907113,1
12.578288,-1.5796254,4
2.8570504,-5.8538256,2
0.7947827,-1.660152,2
2.4946382,-5.930582,2
6.721426,5.8654356,5
2.5774488,-5.807654,2
10.995232,-1.8520099,4
10.945364,-1.8976905,4
3.0701318,-4.834105,2
8.989772,-5.561065,2
11.089103,0.32992494,4
8.009254,-5.958578,2
10.940863,-1.8363581,4
6.7614403,0.26553243,2
8.095492,-5.632595,2
17.990381,3.1475523,0
2.1237624,-5.4214315,2
3.9466276,-5.415623,2
12.701109,-2.7146611,4
3.1104279,-4.8858614,2
17.987148,2.755269,0
19.17563,4.6641393,0
17.90222,3.0873375,0
8.147868,-5.5404167,2
8.261188,-5.292,2
3.5197031,-5.082193,2
8.8596525,-5.4743357,2
3.7952156,-5.752716,2
3.235858,-5.5299015,2
6.231129,6.917545,5
3.422039,-5.338008,2
6.2781296,0.3150793,2
12.525146,-1.660338,4
6.1773443,8.14299,5
11.122535,-1.7249459,4
18.276115,6.542834,0
-0.017016979,6.445219,1
7.8553042,-5.6677737,2
0.86200655,9.597892,1
-0.33066663,6.3222337,1
3.7638156,-5.637095,2
10.889929,-1.8136787,4
2.7128005,-3.7441616,2
3.8024142,-5.947211,2
11.110232,0.32445377,4
8.148183,-5.567862,2
1.0417392,9.353184,1
12.775732,-1.9175076,4
3.3440979,-5.744004,2
1.9162934,-5.652554,2
8.799082,-5.2361903,2
0.053707104,-1.9499098,2
5.0475287,0.4678201,2
2.343877,6.453756,1
0.10940769,-1.83816,2
10.596679,0.56801087,4
12.478354,-1.5371412,4
8.902148,-5.33724,2
7.8682346,-5.62845,2
12.413091,-1.5579218,4
2.5078168,6.568268,1
3.69232,-4.9590325,2
0.0461359,-2.0214796,2
10.891925,0.35790467,4
3.3037634,-5.513855,2
12.399442,-1.4941132,4
13.198968,-2.6814358,4
18.283014,6.7378674,0
-0.08326043,6.610407,1
13.212077,-2.6918914,4
8.681723,-5.5405617,2
3.583119,-5.85903,2
3.5322323,-5.189278,2
12.736305,-2.6748688,4
2.6271458,-5.9343214,2
12.646146,-1.6754236,4
3.7947683,-4.985319,2
13.060397,-2.1629817,4
19.091785,6.141978,0
-7.0813565,5.9705777,1
6.469495,0.408082,2
13.224171,-2.6895828,4
12.423192,-2.4529412,4
10.444807,0.5931208,4
10.571362,0.6094222,4
2.5758462,-5.6713095,2
2.651796,-5.7175903,2
6.771866,5.6600637,5
9.036585,-5.5548887,2
2.6533897,-5.5242586,2
8.264123,-5.1501956,2
10.53379,0.7267004,4
17.939268,2.4861546,0
1.9765109,-5.5561666,2
19.332113,4.726295,0
0.8633698,-1.3125037,2
18.293743,6.61776,0
11.122746,0.2933973,4
18.003527,3.1506813,0
12.986409,-2.131782,4
9.097242,-5.540376,2
3.6611087,-5.9028587,2
8.602427,-5.108011,2
13.111641,-1.7194194,4
9.052517,-5.490373,2
4.9915524,0.7533648,2
0.6349321,-1.9794042,2
8.983112,-5.515749,2
17.815033,2.5957205,0
0.60814553,-1.9318526,2
9.026618,-5.6137877,2
12.768592,-2.6657102,4
3.6356697,-5.4679728,2
8.963485,-5.4057093,2
8.590825,-5.405515,2
12.996812,-1.7911423,4
3.8993623,-5.8775077,2
2.685967,-5.446082,2
10.995133,-1.9494097,4
1.8512456,-5.5877137,2
9.07493,-5.512988,2
17.909206,2.6614573,0
13.238866,-2.7426949,4
2.4558644,-5.7771063,2
10.886843,0.8012198,4
8.539425,-5.3382893,2
2.8681202,-6.2799644,2
2.772206,-4.8514733,2
-0.27309176,7.086995,1
6.710871,0.28854746,2
13.2842865,-2.368404,4
-7.48937,4.4765005,1
12.737029,-2.6621473,4
6.689593,5.4471893,5
2.8532968,-6.049356,2
12.79079,-2.598157,4
12.775171,-2.6291354,4
18.008442,2.4830592,0
18.176363,6.7923083,0
2.9533672,-5.0009723,2
6.65322,0.20522583,2
9.054749,-5.5195765,2
12.743658,-2.4894073,4
2.6511223,-5.790189,2
19.31268,4.764211,0
12.382853,-2.4346113,4
5.0712876,0.7184275,2
10.848464,0.70240504,4
1.7834957,-5.641494,2
12.817848,-2.1275432,4
10.623665,0.6045616,4
5.010214,0.65921247,2
0.86558956,-1.5557935,2
2.8117647,-6.0905037,2
12.684997,-2.1616175,4
8.679225,-5.1955876,2
11.174047,1.0260065,4
9.068125,-5.485422,2
10.422649,0.5012584,4
19.270874,4.630357,0
1.0510163,-1.3137424,2
6.731686,0.63054127,2
2.49961,-5.4575186,2
1.147457,-1.3989879,2
13.059911,-2.1849053,4
13.28147,-2.3418126,4
-0.13446185,7.1598353,1
12.690551,-2.1769516,4
0.65699714,-2.1976755,2
10.256484,0.44130847,4
10.3773775,0.46848428,4
13.030269,-1.7978626,4
13.250091,-2.3848372,4
8.170793,-5.612614,2
2.4869258,-5.6921396,2
12.714883,-2.1745164,4
9.050591,-5.49162,2
19.109848,6.1421986,0
2.5971448,-5.7451572,2
11.968107,-1.4239385,4
17.859016,2.4954352,0
10.980647,0.25100446,4
0.7014833,-1.9590591,2
9.037592,-5.539767,2
17.904121,2.6975074,0
10.29577,0.44049397,4
10.872752,0.5074968,4
12.749187,-1.9766554,4
0.07876056,6.474611,1
3.5291028,-5.7452574,2
2.5519452,-5.9109154,2
10.5655985,0.5696626,4
9.056298,-5.4757085,2
0.61768067,-2.2063265,2
17.69938,4.244476,0
12.785021,-2.536156,4
2.559046,-5.0234747,2
2.3852355,-5.525442,2
2.5292695,-5.778388,2
1.802827,-5.665899,2
17.832394,5.334962,0
1.7944399,-5.579191,2
0.58153915,-1.7598977,2
4.895868,0.6566875,2
1.8198644,-5.6653266,2
1.8283188,-5.648204,2
6.3108416,8.067641,5
-7.174694,5.903034,1
2.7254372,-5.3222456,2
9.063145,-5.48384,2
3.3335552,-5.2107344,2
0.9793043,9.333983,1
6.6683903,5.8582926,5
2.1732767,-5.8051095,2
10.550292,0.7797976,4
8.549861,-5.861904,2
2.4050496,-3.7507973,2
6.7373786,5.73092,5
10.5694275,0.7008787,4
2.8337555,-4.6050754,2
2.5762932,6.458438,1
13.273474,-2.7148829,4
13.187932,-2.6358485,4
17.8191,4.202314,0
10.398886,0.5427652,4
17.85044,5.3261757,0
6.50711,0.5598176,2
12.391469,-2.354649,4
10.556559,0.5638969,4
13.226045,-2.7177615,4
13.263636,-2.7332385,4
17.832474,5.3169937,0
6.446147,0.21611257,2
1.7847542,-5.563208,2
9.027598,-5.5748496,2
17.77262,2.7594175,0
17.652473,2.8122618,0
13.148265,-2.1242576,4
18.671686,5.4012322,0
13.256461,-2.6945424,4
19.226662,4.644937,0
10.46271,0.41187483,4
1.8438398,-5.654545,2
3.3422952,-5.542041,2
6.668026,0.37067425,2
-7.5651054,4.4516854,1
19.03335,6.1457877,0
12.410225,-2.362231,4
-7.184952,4.8584867,1
18.331032,6.7173505,0
8.68691,-5.902879,2
15.305408,5.663359,0
-7.458463,4.616293,1
12.40058,-1.6974534,4
0.02654805,6.4953184,1
3.7318141,-5.569901,2
4.960369,0.57051706,2
3.6912339,-4.9829283,2
12.742536,-2.6848066,4
2.5294926,-5.04476,2
0.48787063,-2.1984868,2
10.966645,-1.9046084,4
15.364938,5.780298,0
11.012266,-1.896004,4
6.514224,0.608729,2
-0.28598994,6.3994966,1
2.7061374,-3.9870331,2
6.1591897,8.019503,5
13.0080595,-2.1574707,4
1.1012912,9.431706,1
-7.1996865,5.948946,1
17.71103,2.9293263,0
19.018145,6.1262136,0
17.855267,2.5160334,0
19.16289,6.101087,0
0.84955865,9.307449,1
10.408216,0.5016091,4
3.8691223,-5.8699956,2
2.4773545,-3.6562054,2
6.823164,0.29099432,2
3.577671,-5.61516,2
17.904562,5.359216,0
12.594025,-1.6695977,4
2.5949035,-3.820511,2
6.5701413,8.19365,5
2.5225573,-5.603701,2
2.495911,-5.545293,2
18.314978,6.6156535,0
19.293991,4.839973,0
2.525232,-3.7520258,2
10.502424,0.59949386,4
0.6721082,-2.1656063,2
-0.56746393,6.8881392,1
19.188723,4.4394045,0
6.749475,0.3102118,2
9.626208,7.694823,5
18.226498,6.705213,0
12.385986,-2.4310722,4
12.747994,-2.6120763,4
2.8811383,-6.316868,2
6.6824317,0.543766,2
13.332924,-2.305202,4
17.812225,2.6313384,0
12.7154045,-2.6730256,4
1.8009925,-5.6606803,2
2.6804233,-4.0117,2
12.782007,-1.7732897,4
0.12004217,-1.8843666,2
0.6890729,-2.0086823,2
3.7922413,-5.9297495,2
0.5721728,-1.7649736,2
7.8707733,-5.53264,2
0.10442299,-1.8498423,2
4.6230464,-5.38307,2
2.4904723,-3.827011,2
2.570589,6.4720387,1
7.7804437,-5.6070986,2
2.587064,-5.7894883,2
19.227945,4.4674864,0
2.54763,-5.9407196,2
2.0270514,-5.0394464,2
10.85476,0.671676,4
0.7567866,-1.9494375,2
6.4683003,0.51182336,2
6.8528614,-0.5864364,2
12.3747635,-2.4145055,4
6.4712033,0.30603963,2
0.04143223,-2.0227757,2
3.6644638,-5.544,2
10.569737,0.74246895,4
6.486545,0.49064633,2
-7.2092953,6.006262,1
10.507816,0.5716718,4
18.05921,3.1077185,0
2.7616768,-5.309783,2
13.237034,-1.8995595,4
2.8270807,-6.268182,2
3.5094435,-5.410154,2
8.011122,-5.601862,2
10.373744,0.4202564,4
18.294664,6.5400953,0
3.7510877,-5.66932,2
17.605965,2.8028655,0
3.4224555,-5.631232,2
0.04443308,-2.0181806,2
17.871689,5.335658,0
17.737867,2.954325,0
19.20574,4.6693435,0
2.385208,-5.283814,2
13.202502,-2.7065253,4
12.733282,-2.4938357,4
10.822549,0.29974434,4
12.499629,-1.6201979,4
3.1940186,-5.5947022,2
10.483337,0.51605934,4
-7.459571,4.86051,1
11.029506,-1.8564949,4
9.831258,6.3171635,5
2.8831742,-4.640798,2
13.2981825,-2.5127587,4
10.952074,0.292568,4
7.1706448,-5.4256124,2
8.531621,-5.4935217,2
11.045772,-1.941284,4
2.0255196,-5.4762883,2
11.010517,0.25967348,4
18.250618,6.82961,0
4.02098,-5.5568604,2
3.865622,-5.85501,2
6.5845165,0.21276014,2
17.817013,3.2632992,0
8.672395,-6.0725594,2
10.391149,0.50015956,4
6.4354887,0.37377742,2
0.05044519,6.767892,1
17.662228,3.0609899,0
3.232779,-5.657973,2
17.822784,2.6248794,0
-0.04540313,6.6807113,1
10.900837,0.6132185,4
-0.47724408,6.96764,1
-0.5606411,6.953729,1
3.3889718,-5.1495886,2
7.8686357,-5.870104,2
17.74443,2.9557683,0
17.914516,2.5148063,0
8.708401,-6.01102,2
3.6171079,-5.847207,2
8.69545,-6.061454,2
-7.447412,4.860435,1
7.8705735,-5.626706,2
11.043095,0.43528438,4
10.498551,0.42497262,4
3.84609,-5.839674,2
17.949715,2.7545676,0
0.8578959,-1.5799195,2
9.881281,6.457328,5
17.668957,3.116266,0
18.168232,2.8867984,0
8.546819,-5.1341753,2
8.178494,-5.26434,2
3.6124325,-5.884126,2
3.5598712,-5.6042957,2
10.541885,0.5567398,4
17.998545,2.7438388,0
0.8388755,9.265423,1
15.940422,7.090902,0
3.4010322,-5.5509496,2
12.345571,-1.8659976,4
0.5865037,9.962804,1
2.0976338,-5.0951805,2
0.036935527,-1.9706864,2
7.1352177,5.7589507,5
3.5850463,-5.859816,2
18.258728,6.697687,0
10.784899,0.46248257,4
3.4547968,-5.73292,2
13.268871,-2.6049051,4
8.4019375,-5.233457,2
11.130452,-1.7305412,4
17.976446,2.9003706,0
-0.21282879,7.006425,1
12.259795,-1.5742296,4
10.833506,0.29842556,4
12.356474,-2.3803678,4
17.81786,5.337981,0
0.03818046,-2.0555334,2
-0.5469261,6.795797,1
6.2668633,8.053317,5
2.5511222,-4.939797,2
6.167599,8.099993,5
0.64262235,-2.0130925,2
3.759732,-5.784546,2
8.546549,-5.319116,2
4.1554246,-5.4214535,2
3.7801101,-5.7455983,2
3.8358781,-5.689694,2
3.7931392,-5.979131,2
3.7578335,-5.8072557,2
17.711967,2.8961499,0
3.7903593,-5.667477,2
8.012587,-5.5663137,2
9.017832,-5.445997,2
8.216957,-5.431251,2
-0.006998642,-2.0155733,2
0.6550126,-1.4969126,2
3.8582964,-5.8315063,2
-7.4745703,4.8109274,1
3.8462195,-5.8337574,2
2.6905184,-5.410407,2
15.302251,5.6507382,0
10.859108,0.37108833,4
4.964327,0.6807819,2
7.8123016,-5.632298,2
2.5862849,-5.00464,2
3.85458,-5.9163165,2
17.84059,3.1140318,0
8.093158,-5.5167694,2
0.485771,-1.9673917,2
3.5953317,-5.89519,2
2.8225942,-4.6466823,2
3.3799043,-5.580425,2
7.998347,-5.614625,2
18.094877,2.8976824,0
10.979003,0.3074183,4
-6.907769,4.641799,1
2.66116,-4.0054626,2
3.3796978,-4.4187427,2
0.7242923,9.441417,1
3.8307135,-5.045507,2
2.583023,-3.7794917,2
3.7291224,-4.900463,2
3.9387429,-5.862572,2
-7.4595723,4.8842106,1
18.212856,3.1479332,0
10.965215,0.2417023,4
9.994493,6.1673646,5
7.978641,-5.844933,2
3.5236056,-5.86584,2
2.6177466,-5.900642,2
12.657179,-1.7038914,4
11.072559,0.84757173,4
12.451671,-1.5684619,4
3.4002929,-5.8415403,2
18.10099,3.184771,0
2.7727718,-3.9765933,2
3.4970145,-4.794531,2
3.878442,-5.832139,2
3.7050378,-5.3732533,2
19.21465,4.8633823,0
17.9651,2.7843688,0
2.6411052,-5.8144984,2
7.96323,-5.5499296,2
3.7009335,-5.8420053,2
0.058477048,-1.9281622,2
2.536205,6.429138,1
3.552119,-5.8579173,2
17.898811,2.7141333,0
6.474752,0.50771505,2
2.470072,-3.684162,2
10.979093,0.41556686,4
6.491147,0.5818611,2
13.001589,-2.163302,4
2.8724298,-5.6933103,2
6.8488054,-0.5469812,2
6.807118,-0.40240234,2
19.239403,4.63772,0
18.205847,6.727884,0
6.6935244,0.5340871,2
2.8527024,-4.6358657,2
17.70233,3.0481112,0
17.791315,2.8284392,0
17.929893,2.9255505,0
6.716059,0.58910584,2
7.797912,-5.5617,2
-7.5108933,4.4568124,1
15.24632,5.6499104,0
11.024608,0.65007204,4
12.803845,-2.6320915,4
16.297174,6.4546533,0
1.9704256,-5.5399776,2
6.9159555,-0.51529425,2
15.341616,5.6141276,0
0.5145334,-1.8259486,2
-1.7898924,6.2155795,1
6.4626384,0.65018344,2
2.8374987,-6.229456,2
17.678509,4.1436796,0
17.717499,4.189575,0
17.751371,4.1566873,0
10.90054,0.27555,4
17.8297,3.0333767,0
18.002937,3.3155339,0
17.685333,2.8954349,0
3.6076136,-5.7854257,2
9.074964,-5.52319,2
2.407959,-5.9307346,2
2.743715,-5.166151,2
6.7144184,0.5979322,2
6.7925887,-0.42833954,2
4.288451,-5.470372,2
12.513394,-2.3775864,4
17.80399,2.8174334,0
6.672227,0.52732146,2
6.437542,0.6378713,2
1.8019468,-5.6872287,2
9.17013,6.989049,5
11.932814,-1.4613705,4
2.571971,-4.7646494,2
12.542122,-2.1679454,4
8.777365,-5.4002156,2
0.043965463,6.6950216,1
2.443701,-3.7335944,2
12.733112,-2.6396792,4
-0.21466242,7.1275396,1
2.5177114,-3.72885,2
8.950417,-5.483621,2
0.6633644,-2.0014641,2
9.01567,-5.59843,2
6.3706045,0.49886575,2
13.02777,-2.1540606,4
0.12732935,-1.9155126,2
2.818023,-6.2008367,2
6.4556932,0.5633192,2
8.625142,-5.987659,2
17.81171,2.533871,0
13.100699,-2.194895,4
2.865243,-4.922623,2
17.849802,5.3554764,0
6.930965,-0.54773235,2
9.01089,-5.609012,2
17.872585,5.3499455,0
2.6225488,-5.757299,2
17.81488,2.6679807,0
5.0226607,0.71422976,2
11.502661,-0.11390609,4
2.6883821,-5.320785,2
6.516475,0.5737336,2
2.5516214,-5.8987985,2
12.993982,-1.5287392,4
2.1448424,-4.9842887,2
-0.629903,6.5705485,1
15.232204,5.6839705,0
17.884613,2.6910136,0
2.8691523,-6.01233,2
2.249489,-5.6769834,2
17.778053,2.7091248,0
0.6949769,-2.257913,2
17.772123,2.867271,0
17.76508,4.1699557,0
5.0791216,0.67563105,2
10.36104,0.38895464,4
2.4529529,6.453068,1
18.185331,6.334683,0
2.845086,-6.29168,2
2.8387403,-6.0545163,2
11.914148,-1.4674985,4
17.719042,2.8035915,0
2.847017,-6.289985,2
6.5661626,0.6749084,2
3.105022,-4.75304,2
10.51289,0.38737357,4
6.3908687,0.5600283,2
7.9415216,-5.5774236,2
2.7445443,-5.7212033,2
6.8769236,-0.5509894,2
18.381124,6.6412725,0
2.3053243,-5.7900248,2
18.011248,3.2651432,0
2.4503677,-5.9828715,2
12.844469,-2.266053,4
-0.5240858,6.915975,1
12.99729,-2.1850219,4
1.8365791,-5.6632934,2
19.12177,6.0911455,0
-7.2241178,6.005532,1
18.250776,6.6592712,0
2.500406,-5.9334254,2
0.13825063,6.63751,1
0.0050219926,-1.8372902,2
12.750721,-2.6565993,4
0.6196332,-2.2103517,2
12.569173,-2.2727327,4
17.79754,3.063267,0
9.541732,7.724289,5
2.8526964,-4.673856,2
11.000071,-1.955623,4
17.821173,2.6528027,0
10.732769,0.74056715,4
10.4417,0.5102833,4
10.961943,0.3901892,4
17.665194,3.0619133,0
0.21229891,-1.8623484,2
10.900438,0.7385335,4
18.089273,2.9288855,0
18.289145,6.6030474,0
17.697044,4.180367,0
3.4473436,-5.3429675,2
2.4362965,-5.966393,2
8.619465,-6.125766,2
4.0678043,-5.6694837,2
2.3170207,-5.889601,2
13.053419,-2.3305542,4
17.948778,3.277807,0
0.70144945,-1.3890775,2
6.0687475,8.655564,5
11.011372,-1.9774898,4
2.913935,-5.9539576,2
6.501859,0.61655784,2
8.683966,-6.0303726,2
2.192658,-4.942626,2
12.821424,-1.756156,4
9.049529,-5.56326,2
6.449226,0.5452417,2
2.42117,-5.852437,2
1.9916215,-5.4886765,2
2.5085406,-5.76647,2
-0.5477024,6.9754786,1
0.682253,-2.222481,2
2.436413,-5.8209,2
2.8389328,-6.223158,2
12.959554,-2.1045938,4
2.420005,-5.8934865,2
6.1436143,7.9459314,5
17.730757,5.251755,0
17.628498,3.045658,0
17.984747,2.7484,0
9.070393,-5.562936,2
2.2568762,-5.780044,2
0.6082309,-2.010898,2
9.562372,7.4721346,5
2.6075792,6.7583566,1
17.82511,2.9621947,0
6.381272,7.9724064,5
0.31218332,-1.7778844,2
17.76161,4.156536,0
6.7802496,0.32528228,2
1.0755539,7.6908937,1
2.1611795,-4.971744,2
17.697348,4.22923,0
0.43983182,-1.901577,2
17.695715,4.177614,0
6.743724,0.33291566,2
15.272018,5.6586056,0
-7.548355,4.4108562,1
9.035845,-5.5577106,2
2.8592126,-6.1709037,2
12.332243,-2.4806154,4
6.4593754,0.57091427,2
1.7976519,-5.7064137,2
2.8419223,-4.7578964,2
17.802532,2.51996,0
11.108928,0.280499,4
1.0123818,9.503495,1
6.4583197,0.58415765,2
-1.7834232,6.6766996,1
1.7890927,-5.7138247,2
4.0077024,-5.7409515,2
18.019997,2.8755214,0
10.548381,0.73187226,4
10.684742,0.7828169,4
6.550708,0.44642058,2
10.36285,0.3958092,4
0.038895592,-1.9284195,2
3.6613722,-5.886501,2
0.1873871,-1.8693566,2
8.248111,-5.3370624,2
7.992961,-5.430341,2
6.7655663,0.2368096,2
6.458798,8.368694,5
13.033262,-1.7417903,4
17.787077,2.8083022,0
2.615108,-5.567314,2
10.363012,0.5429973,4
9.086444,-5.4698625,2
12.549957,-1.6665946,4
18.634682,5.3040957,0
5.0502963,0.6577586,2
3.038249,-5.6465592,2
0.61910206,-2.2012084,2
6.673449,0.20883352,2
17.725283,3.1320367,0
19.17481,4.7015815,0
17.744019,2.5272052,0
18.329187,6.6534247,0
2.1739633,-5.462149,2
3.888508,-5.7749243,2
6.5521307,0.5491868,2
0.11701974,-1.8768666,2
6.6429653,5.9070535,5
8.4872875,-5.7111616,2
17.934559,5.320983,0
18.005161,2.8232107,0
3.9447846,-5.725264,2
6.7806087,-0.5278732,2
3.6358974,-5.909368,2
6.4642563,0.6468913,2
16.244543,6.4508467,0
6.5800853,0.45431957,2
2.4876962,-3.7722046,2
19.09998,6.0497117,0
3.4011035,-5.305162,2
0.21097742,-1.7750256,2
9.014917,-5.567029,2
2.2916627,-5.614801,2
6.485721,0.52652246,2
3.6325562,-5.8636384,2
4.9828763,0.6293157,2
6.777974,0.7093217,2
13.28468,-2.4036083,4
17.883987,2.6491716,0
-0.46247762,6.851333,1
17.64212,2.8256166,0
2.7244678,-4.8419094,2
12.613921,-1.7297078,4
6.623043,0.4319501,2
6.786609,0.25161716,2
2.3926215,-5.9010315,2
3.5892103,-5.8883405,2
2.4932694,-5.9259906,2
3.7945712,-5.9246526,2
13.001131,-2.2216983,4
10.816185,0.41018438,4
4.9902587,0.702356,2
1.077229,7.736984,1
12.8418455,-2.2507403,4
2.408096,-5.854435,2
8.707234,-6.035988,2
2.8266647,-6.218754,2
2.8231618,-5.1469,2
2.0809548,-5.0343494,2
6.3329725,8.1399145,5
0.41681698,-1.9498184,2
2.9637775,-5.5845137,2
-0.28601402,6.7007704,1
0.6745296,-1.7234672,2
2.3267744,-5.7689934,2
2.8312523,-4.6774993,2
12.97666,-2.125983,4
19.100382,6.094949,0
7.1996164,5.5384426,5
2.1335332,-4.9601974,2
0.63988477,10.490318,1
2.3245456,-5.0497975,2
2.8537998,-6.2809834,2
10.561202,0.75728154,4
6.606902,0.39996427,2
19.219967,4.7080374,0
2.9030375,-6.1958265,2
8.682718,-5.4584594,2
2.4300377,-5.906088,2
1.0102009,-1.3023261,2
12.690159,-1.7828386,4
2.5620344,6.5429296,1
2.1853998,-4.923623,2
3.8019013,-5.6431303,2
6.536005,0.54736334,2
3.6869416,-5.5951233,2
7.5458407,5.4050198,5
6.4056983,0.4998258,2
10.561433,0.74473053,4
17.836334,2.7753825,0
2.4483352,-3.7275097,2
8.601226,-5.7011685,2
7.9990954,-5.606473,2
0.46006832,10.061592,1
17.699022,4.1889057,0
0.5026239,-2.129906,2
3.3389835,-5.523189,2
6.5697594,0.6527142,2
1.7810318,-5.6921096,2
-7.546525,4.4452505,1
0.14299186,-1.8703912,2
4.847899,0.62728447,2
3.7123637,-5.579969,2
1.7924807,-5.721768,2
-0.46772707,6.620089,1
7.9377155,-5.550007,2
-7.2569604,6.018581,1
9.023049,-5.5973635,2
2.1764212,-4.9639297,2
-0.3390208,6.773452,1
2.1829202,-4.968047,2
-7.5370474,4.4511714,1
17.752453,4.162106,0
2.5355358,-5.9513025,2
3.542983,-4.8172226,2
3.456629,-5.6922174,2
3.6536934,-4.8480735,2
0.58669156,-2.1981359,2
17.884743,2.681076,0
0.5175858,-1.9460697,2
4.9958334,0.5773618,2
12.346043,-1.4665416,4
12.718027,-1.7466807,4
7.915506,-5.5902753,2
3.6083646,-5.2769184,2
10.913539,0.3240261,4
18.126686,3.0937092,0
10.423663,0.39983186,4
17.919561,5.3436975,0
2.3613153,-5.8909693,2
9.041223,-5.568618,2
12.989611,-2.3205085,4
17.80604,2.516681,0
12.5814085,-1.5914645,4
17.984056,2.7752984,0
13.023096,-2.1105325,4
6.421859,0.64620614,2
8.04447,-5.4133596,2
3.7214143,-5.104604,2
12.455694,-1.5152024,4
2.8097928,-5.1964364,2
19.087084,6.0374265,0
2.0858312,-5.790425,2
13.069442,-2.1579792,4
9.799232,6.3009706,5
12.740319,-2.6824045,4
18.210785,3.3076148,0
3.149456,-5.238019,2
3.134022,-5.537006,2
17.80671,2.54044,0
13.026022,-2.1993785,4
3.744844,-5.95647,2
8.070467,-5.7846427,2
3.73934,-5.434937,2
18.367666,6.718941,0
2.5784986,6.782913,1
3.3124993,-5.7383933,2
17.670666,4.0904684,0
7.803352,-5.778898,2
-0.39192054,6.938985,1
19.069387,5.9529424,0
0.50189626,-2.0224893,2
12.950808,-1.799506,4
12.958062,-2.4091072,4
3.8626525,-5.7832217,2
6.5111933,0.54568845,2
0.17226933,-1.8999125,2
17.703957,4.1912594,0
17.61752,3.1212373,0
3.55414,-5.27268,2
9.039926,-5.5658517,2
7.527989,-5.3844585,2
6.155432,7.9678946,5
17.879368,5.309149,0
17.946712,2.9574406,0
0.6411639,-1.9243546,2
12.471966,-1.5109787,4
17.953644,2.8177707,0
12.604897,-1.5123956,4
7.7771015,-5.5887623,2
7.9338455,-5.6808715,2
12.566976,-1.9394131,4
6.407111,0.61779314,2
3.739557,-5.593791,2
3.5965636,-5.8929214,2
8.010212,-5.358615,2
3.8287644,-5.261141,2
11.050731,-1.8078798,4
17.928982,5.342294,0
12.738277,-2.6698127,4
17.668873,4.097778,0
17.821705,2.5195596,0
8.3009405,-6.020842,2
7.1947665,-5.3678384,2
-0.60185856,6.899238,1
0.22415078,-1.9027574,2
7.9225364,-5.482253,2
12.82639,-2.066058,4
3.4925997,-5.0236235,2
12.641923,-1.5240194,4
17.889832,5.3439174,0
11.006905,0.36677846,4
10.968532,0.5615363,4
10.428309,0.50290847,4
12.638098,-1.6005337,4
17.77424,2.8508115,0
0.14007889,-1.85363,2
10.425683,0.4055209,4
4.5055866,-5.3693404,2
3.5272017,-5.399529,2
17.974346,2.740623,0
17.903461,5.3431664,0
18.411276,6.7032137,0
1.2014267,7.703043,1
8.059924,-5.5423293,2
2.7632103,-5.629421,2
1.8023977,-5.710737,2
8.087359,-5.750794,2
0.19543839,-1.9813117,2
0.1778173,-1.7676418,2
11.304904,0.28515142,4
3.9716358,-5.734561,2
12.862588,-1.8225495,4
18.040756,2.868872,0
18.187551,3.019968,0
2.6057627,6.7795506,1
12.487601,-1.5748581,4
3.7113643,-4.9738574,2
12.749496,-2.6240563,4
12.479659,-1.845585,4
3.3289573,-5.3231363,2
0.3878667,10.1711,1
18.091341,3.2153568,0
1.8075542,-5.6993666,2
9.852889,6.3776526,5
0.5460695,-2.0775468,2
7.8482876,-5.8363056,2
3.5767355,-5.5143285,2
17.812353,2.9371896,0
6.2648582,7.951035,5
2.637733,-5.5886164,2
7.814749,-5.671483,2
6.46366,0.51250076,2
0.8831187,9.278553,1
0.016299872,-1.6343147,2
4.9914417,0.74462694,2
6.3563194,0.5147706,2
19.248425,4.743265,0
2.1880832,-5.3334694,2
2.9146683,-5.9986777,2
2.548211,-5.7875605,2
9.058491,-5.5993605,2
3.9170303,-5.2569146,2
2.7589576,-5.48637,2
12.837233,-1.7669706,4
18.264256,6.614148,0
12.40474,-1.8014098,4
8.893551,-5.6088963,2
0.09744967,-1.9225336,2
5.0156703,0.5901498,2
7.850163,-5.835025,2
7.78854,-5.748238,2
17.86514,3.116085,0
17.811777,2.5754044,0
17.733591,3.027092,0
2.142742,-4.960744,2
19.118088,6.0813007,0
12.726556,-2.6576238,4
-0.4346786,7.006784,1
6.624488,0.68791026,2
2.7329803,-5.2241783,2
13.067113,-2.4838843,4
17.73958,3.1173224,0
9.013342,-5.5478888,2
3.821123,-5.452225,2
2.7103605,-5.5151377,2
-7.496065,4.4726806,1
1.8132461,-5.7084913,2
-0.23352347,6.628403,1
-0.2926639,7.1517477,1
2.5545206,-5.687217,2
0.17456254,-1.708922,2
7.989869,-5.585542,2
2.7664886,-5.1341357,2
13.144986,-2.0945625,4
10.409211,0.40001205,4
2.421737,-5.826259,2
2.4462585,-3.7219174,2
2.858901,-6.264417,2
2.1100032,-4.9996867,2
17.804056,2.5488298,0
-7.5612698,4.433766,1
9.025495,-5.545403,2
8.932353,-5.644565,2
8.580487,-6.077624,2
18.304312,6.689857,0
2.424836,-5.843406,2
2.6516464,-5.5152173,2
17.661371,3.0408037,0
2.6157632,-5.769137,2
2.4749806,-5.9682493,2
18.710472,5.3477006,0
17.772966,2.650992,0
12.719003,-2.6314101,4
18.437513,6.540127,0
12.775289,-2.4919524,4
8.634024,-5.9706373,2
6.3149104,8.10022,5
8.63308,-6.0786977,2
2.1325474,-4.9592047,2
12.737161,-2.0516562,4
8.97703,-5.5739574,2
18.66782,5.4460607,0
-0.17911556,7.220667,1
2.6464384,-5.6786585,2
17.814646,5.3049417,0
2.5606148,-3.8837092,2
12.41708,-2.4137511,4
5.069481,0.6717813,2
1.9926457,-5.5284543,2
2.286237,-5.6077714,2
1.7762128,-5.699711,2
6.344119,0.6304713,2
17.935965,2.8871543,0
18.286213,6.624477,0
6.0198174,8.01569,5
10.65311,0.7035401,4
8.103705,-5.5240026,2
8.699205,-5.2151165,2
11.974761,-1.4678601,4
6.7056823,0.6370936,2
12.489713,-2.3553162,4
13.071269,-2.1293364,4
6.582376,0.47746745,2
13.323935,-2.3924003,4
6.66881,0.3417044,2
17.828848,2.5294166,0
-0.43252146,6.8898616,1
2.8318322,-4.630747,2
2.6037169,-5.8037815,2
2.6361082,-5.5781026,2
3.4236524,-5.454304,2
17.725683,2.7827919,0
10.366376,0.49304554,4
17.879545,2.8254457,0
18.238922,6.710161,0
9.011759,-5.63936,2
0.42515028,-1.8987501,2
10.548417,0.5643152,4
0.84426165,9.320197,1
13.248887,-2.644561,4
17.772915,2.5496445,0
8.632307,-6.0573473,2
2.5623162,-5.2454243,2
8.647483,-6.041075,2
11.015028,0.44932434,4
17.797173,3.167982,0
9.8390875,6.3906918,5
17.673964,2.9028761,0
10.650805,0.7172548,4
0.669426,-2.0620465,2
12.536085,-2.3317525,4
10.929604,0.33604574,4
10.748051,0.7139462,4
19.038708,6.063432,0
9.042188,-5.553253,2
6.6758437,0.3564719,2
-7.2360415,5.908905,1
18.2789,6.3623734,0
10.772888,0.67834973,4
8.519183,-5.4603553,2
17.751482,2.8326204,0
17.814022,2.9657216,0
2.8350778,-6.2664924,2
17.921482,2.6265802,0
10.460517,0.4173528,4
8.328002,-6.0544024,2
2.0109358,-5.5049214,2
0.7068856,-2.2071676,2
18.637568,5.3219156,0
12.514991,-1.5156741,4
1.8912079,-5.5854692,2
10.732604,0.6653292,4
6.671707,8.006537,5
10.500319,0.383234,4
10.99548,-1.947937,4
6.469596,0.71837366,2
0.7108765,9.206489,1
7.9693294,-5.6173534,2
6.815105,0.29335397,2
1.8075486,-5.7165236,2
13.008208,-2.2069075,4
6.5291142,0.5936509,2
7.9620852,-5.683269,2
12.422707,-2.4709592,4
6.868706,-0.52754617,2
2.8568642,-6.289057,2
17.872335,5.3408575,0
10.584072,0.7443658,4
17.770788,2.5878127,0
17.687048,3.0620444,0
7.9638515,-5.9072742,2
17.754074,4.159836,0
13.088382,-2.13281,4
18.220339,6.644281,0
17.87786,2.6945515,0
12.382966,-1.454659,4
12.373064,-2.405285,4
6.649864,0.42239517,2
6.5921235,0.664206,2
6.7410107,0.49873698,2
-7.4694824,4.8321385,1
3.1145527,-5.648956,2
3.4926527,-5.673749,2
2.6645503,-5.3114285,2
-7.146818,4.8955503,1
8.691645,-6.1190624,2
2.4391453,-5.803771,2
-0.19354224,7.170782,1
2.81974,-6.3120613,2
17.039444,7.236593,0
11.940446,-1.4999765,4
0.6945059,-2.213336,2
6.489495,0.625277,2
13.066894,-2.141404,4
1.851907,-5.7472234,2
2.4588184,-5.957027,2
5.0062313,0.6889979,2
13.309266,-2.567481,4
12.4496975,-2.3917758,4
1.8098557,-5.7228265,2
6.702248,0.56435937,2
2.8033624,-6.2803807,2
9.097226,-5.5981627,2
18.279427,6.686362,0
12.389577,-2.4103928,4
10.372043,0.45403925,4
17.751928,4.110579,0
1.8036836,-5.656116,2
8.460905,-6.055021,2
1.9364195,-5.436905,2
5.0222473,0.7060821,2
0.11581667,-1.9243894,2
-0.32666212,7.125316,1
6.563435,0.52006876,2
0.73440635,-2.1303737,2
6.489157,0.5619559,2
2.3684669,-3.753394,2
3.5320249,-5.802608,2
18.241,6.6401267,0
2.531517,-4.8225417,2
-7.5206976,4.435333,1
8.92882,-5.411331,2
9.02245,-5.6110783,2
10.740795,0.75373274,4
2.3107045,-5.9563746,2
0.54141164,-2.1305943,2
2.8329895,-6.0680056,2
5.013326,0.6930502,2
-0.17879605,7.2537146,1
17.793924,3.195903,0
19.13317,4.6571326,0
12.552782,-1.314085,4
17.871422,2.7282846,0
18.3496,2.9805334,0
13.313964,-2.3889163,4
4.962398,0.62170094,2
-0.5528864,6.76339,1
17.898169,2.7867675,0
0.6286226,-2.1852643,2
0.83979946,9.255046,1
18.240181,6.6310353,0
6.721098,0.5526183,2
0.88054234,9.265745,1
19.166777,4.6592336,0
6.1720695,6.8947053,5
4.939193,0.7178885,2
17.679996,2.884075,0
17.85758,2.70642,0
18.312567,6.7037206,0
19.157501,6.1260443,0
3.428051,-5.1174355,2
12.486743,-2.352399,4
2.8445544,-5.186822,2
11.258594,1.0876843,4
6.491288,0.6503475,2
5.054051,0.601701,2
17.72788,4.206985,0
6.761502,-0.47441146,2
19.123692,6.091993,0
12.7415495,-2.6478465,4
0.6287557,-2.0527182,2
3.5830064,-5.876626,2
17.680288,2.9382203,0
2.5246642,-5.921433,2
6.719704,0.681502,2
12.866375,-2.4482677,4
1.7923295,-5.673461,2
17.06702,7.335358,0
6.7187014,5.721076,5
6.760375,-0.4723513,2
2.030104,-5.669292,2
17.739422,2.9843304,0
13.084147,-2.1402574,4
2.4589322,-5.942333,2
6.7575846,0.6916782,2
18.66802,5.3303638,0
6.7363186,0.19181821,2
-7.2459435,6.032528,1
17.70127,2.8549376,0
2.3574774,-5.8327756,2
11.772612,-1.4103009,4
1.9359332,-5.563788,2
17.99808,2.9711885,0
10.385469,0.47299272,4
18.288754,6.704251,0
0.55140585,-2.1647577,2
6.582535,0.47553223,2
12.484783,-2.3643057,4
7.6949573,-5.6453013,2
18.231495,6.349271,0
15.545338,6.2597184,0
-7.246319,6.0185094,1
2.0324712,-5.4871283,2
18.269735,6.6206136,0
9.075727,-5.4278417,2
13.044318,-2.1444602,4
13.095015,-2.1895523,4
2.8448167,-6.1057024,2
10.426411,0.5880854,4
12.72195,-2.6414242,4
17.775492,2.5259914,0
13.287776,-2.4703786,4
2.154198,-5.450468,2
-0.4904174,6.833504,1
6.809883,5.709279,5
2.6261482,-5.8610907,2
2.1649892,-4.894247,2
0.66902155,-2.0367587,2
18.197615,3.2767053,0
2.0760841,-5.4653273,2
12.9362135,-1.7189164,4
10.315452,0.46662706,4
19.211071,4.74176,0
11.123541,0.3885414,4
0.60887676,-1.9270048,2
18.268236,6.732805,0
0.68364847,-2.1305492,2
12.802463,-2.548724,4
2.2751586,-5.6862736,2
6.5658536,0.6273146,2
2.2329295,-5.4703665,2
2.9057288,-6.1169715,2
2.821038,-6.2739005,2
13.079167,-2.1517663,4
6.6863213,0.6181789,2
2.9232848,-5.1862783,2
3.9518847,-5.673624,2
2.0002923,-4.992323,2
2.062103,-5.416344,2
2.880679,-6.2993913,2
17.818996,2.5294664,0
18.353966,6.714529,0
13.072495,-2.1756897,4
7.8246584,-5.786302,2
12.982628,-2.1418855,4
7.8877993,-5.903077,2
2.4452274,-5.916335,2
6.6634536,0.46183977,2
6.446941,0.54714775,2
17.832537,3.1398532,0
0.9560052,-1.3521163,2
18.009687,2.7497358,0
1.0807577,-1.2714835,2
2.226751,-5.71001,2
13.18322,-2.626634,4
0.9237717,-1.4474759,2
2.4269454,-5.863682,2
12.457786,-2.385653,4
18.354607,6.6207237,0
15.96064,7.0594077,0
13.013642,-2.195031,4
9.01009,-5.5473366,2
18.370144,6.489557,0
12.889255,-1.7127827,4
6.6421003,0.2773997,2
2.4758873,-5.9902134,2
2.2575772,-5.63552,2
6.639543,5.4886703,5
17.784336,2.5382078,0
12.707288,-2.6970406,4
2.8282676,-6.2443843,2
2.7295947,-5.3577266,2
17.81595,5.556927,0
2.486119,-6.011208,2
17.935106,3.2769651,0
6.347547,0.59377426,2
3.395635,-5.401372,2
12.815782,-2.328132,4
3.637275,-5.508995,2
18.330105,6.583363,0
3.9573495,-5.836737,2
13.201304,-2.6142287,4
3.9332376,-5.810884,2
-0.26902032,7.197694,1
11.108211,0.37469238,4
12.748732,-2.6477344,4
3.533013,-5.835462,2
2.4792535,-5.797561,2
19.162922,4.6524806,0
2.0351555,-5.491544,2
17.70624,4.1664333,0
1.9876083,-5.503547,2
13.1806345,-2.637846,4
7.7947917,-5.5639434,2
18.262245,6.7349167,0
11.833531,-1.513815,4
0.30694988,-1.737618,2
12.97456,-1.6267099,4
10.964093,0.3070485,4
18.321865,6.750743,0
19.143225,4.741183,0
17.827055,2.495875,0
17.72738,4.035024,0
0.61897177,-2.1774325,2
3.6033635,-5.581557,2
12.632369,-1.4551319,4
-7.5904784,4.4138594,1
17.83412,2.4512935,0
12.402209,-2.3763924,4
4.982344,0.5657047,2
9.084776,-5.5077863,2
3.147882,-4.8281417,2
1.7919648,-5.705176,2
12.3792515,-2.424952,4
12.752883,-2.6480088,4
18.307253,6.4275236,0
17.921318,5.3427863,0
3.5707593,-5.8073444,2
13.034468,-2.163465,4
0.26184604,-1.8369236,2
0.6038019,-2.2079973,2
10.426443,0.42400452,4
-7.1832237,5.909242,1
0.13516967,-1.9633669,2
17.931707,3.0060477,0
11.195407,0.20565282,4
0.024882706,-1.9461758,2
12.561022,-1.7777311,4
15.277838,5.648445,0
12.805359,-2.142268,4
17.817745,2.7616093,0
7.8081813,-5.8369055,2
7.3953757,-5.3721333,2
19.0858,6.0093536,0
-7.555684,4.436784,1
6.8746743,-0.528366,2
16.261145,7.0214367,0
10.905855,0.34947443,4
10.432199,0.42552406,4
17.910719,2.5673323,0
13.058383,-2.165343,4
6.837537,5.7047687,5
2.4317548,-5.8936024,2
6.3882866,0.64466035,2
17.719032,4.168187,0
10.74597,0.2206538,4
8.943466,-5.686482,2
3.6761668,-5.460583,2
7.7868013,-5.464035,2
6.830871,-0.6030992,2
12.956467,-1.7209759,4
-0.61583745,6.874828,1
2.007327,-5.54513,2
0.23727264,-1.7803857,2
0.20736001,9.795805,1
17.814142,2.5263052,0
12.395006,-1.9046549,4
9.142706,-5.4600797,2
18.652733,5.3023944,0
3.1999793,-5.721739,2
12.719233,-1.7125912,4
0.13416319,-1.8944827,2
10.348061,0.45779678,4
3.6399877,-5.692004,2
6.8479075,-0.46620786,2
4.1404557,-5.2078404,2
8.610487,-6.0816245,2
19.174845,4.7182183,0
7.898816,-5.4779,2
7.9240756,-5.8187876,2
3.5080616,-5.770332,2
0.19938381,-1.6945118,2
7.2129726,5.7912626,5
10.888101,0.24843942,4
7.8628125,-5.4945216,2
12.785029,-1.6736797,4
1.2848052,9.383681,1
11.024691,-1.8194442,4
12.430608,-1.6689757,4
16.980484,7.498163,0
3.5409343,-5.8188396,2
18.636873,5.309848,0
10.975087,0.44550797,4
8.027101,-5.4010277,2
13.133534,-2.60632,4
-0.59480953,6.946109,1
2.392519,-5.555107,2
6.010602,8.127936,5
3.382318,-5.41246,2
17.69751,4.1782055,0
-7.537336,4.4644837,1
19.128939,4.562296,0
17.986303,3.055512,0
12.389426,-1.824291,4
3.935723,-5.4394326,2
6.379114,0.5967135,2
14.784978,7.0171247,0
0.65703195,-2.1779134,2
2.3819733,-5.8148036,2
17.683498,4.2019243,0
-7.4456034,4.840986,1
2.2336314,-5.0497074,2
13.036354,-2.1560535,4
18.347746,6.6959724,0
18.00698,2.7771785,0
10.412177,0.4761644,4
15.297752,5.68743,0
12.975324,-2.0531008,4
18.001524,2.7720208,0
6.3178096,0.5978951,2
6.5966125,-0.05168334,2
2.6465406,6.834525,1
10.437182,0.39246735,4
8.751293,-5.2864866,2
12.339041,-1.8054583,4
12.505833,-1.4272759,4
17.803078,4.145783,0
16.98757,7.273907,0
12.707843,-2.3076787,4
0.63669246,10.184812,1
17.829206,5.327153,0
6.8002768,0.21437018,2
17.88441,5.287782,0
9.558268,7.7445836,5
18.283535,6.705424,0
12.503907,-1.5183473,4
1.8455576,-5.663581,2
7.1946096,5.6164727,5
2.7052114,-5.382537,2
2.7532187,-4.7975535,2
12.939722,-1.9584517,4
12.754164,-2.6819012,4
2.9482014,-5.260255,2
12.336991,-2.458986,4
1.7786834,-5.6923943,2
18.045095,2.9921043,0
-0.42174092,6.7663136,1
10.534847,0.3569586,4
19.11503,6.0796223,0
18.214796,6.685828,0
1.4370738,9.372784,1
17.896326,5.355964,0
13.142251,-2.3686156,4
18.633572,5.3026385,0
18.121613,2.7234578,0
6.7957473,0.38227284,2
6.723651,0.34086138,2
10.846564,0.78658706,4
6.4564013,7.169316,5
6.748552,-0.42475486,2
0.75140536,-2.0228763,2
3.4373298,-5.519132,2
12.871416,-1.7618686,4
10.998749,-1.9430109,4
11.063002,0.3515646,4
0.56450003,-1.7387747,2
17.858276,2.8982165,0
11.088177,0.2996173,4
6.2577214,0.4939787,2
6.3222113,8.071007,5
18.23502,6.6708183,0
10.331911,0.41232094,4
17.619648,3.147274,0
17.680302,3.1586862,0
18.289627,6.7070446,0
0.5755446,-2.0271974,2
17.78184,3.1334813,0
12.598882,-1.6940213,4
9.007869,-5.612636,2
0.057734527,-1.9492908,2
2.8575938,-6.283166,2
2.2822824,-5.7467494,2
17.737663,4.1717014,0
12.349211,-2.4750001,4
12.696647,-2.4692838,4
19.140696,6.0828085,0
17.794731,4.1200104,0
2.9693587,-5.9094872,2
13.1547,-1.9229149,4
12.854918,-2.2343605,4
2.7992392,-6.069821,2
2.7970104,-6.117554,2
13.253113,-2.64485,4
12.805154,-2.0605764,4
-1.0105196,6.707586,1
-7.543782,4.4626727,1
12.713527,-2.6758015,4
6.7969427,0.70796233,2
12.344879,-2.483761,4
13.021793,-2.1463556,4
2.2573173,-4.953995,2
10.314353,0.40848604,4
-0.18720259,7.186187,1
9.542356,7.692593,5
-0.04629015,-1.8188416,2
12.92547,-2.421581,4
13.181728,-2.6543288,4
9.636257,7.5287986,5
12.493411,-2.3284323,4
13.114712,-2.3850157,4
2.8974142,-6.2359686,2
12.305815,-2.474594,4
19.288126,4.6465087,0
12.736322,-2.6422753,4
12.899237,-2.4421768,4
13.312046,-2.4754815,4
3.580455,-5.9261527,2
6.361205,0.63479257,2
12.310098,-2.5025249,4
17.687933,4.192259,0
2.4835315,-5.7837477,2
6.1403966,7.9287915,5
13.039191,-2.1090868,4
5.0115185,0.6570669,2
8.004534,-5.595091,2
13.117026,-2.3359742,4
18.115234,2.9389253,0
2.434007,-4.850926,2
4.559523,-5.3521547,2
18.238853,3.4609177,0
3.0301843,-4.867773,2
11.898533,-1.4591111,4
0.5992397,-2.2042778,2
12.490163,-2.3130453,4
17.830112,2.9665844,0
6.6337247,0.37575978,2
8.560913,-5.4655275,2
0.7438351,-1.9180387,2
-7.5574265,4.437468,1
3.9706764,-5.6679215,2
6.695682,0.6712966,2
0.6172105,-1.9881603,2
10.924334,-1.8723131,4
6.8096037,0.17236757,2
6.540469,0.6755689,2
2.1197023,-5.0102587,2
13.314051,-2.3932407,4
-0.15589596,6.822397,1
12.821088,-2.5703273,4
2.8580356,-6.2972436,2
1.7939057,-5.7040014,2
13.114418,-2.3590174,4
6.3195796,7.8640976,5
6.4501863,0.46007782,2
12.500039,-2.344778,4
0.6536641,-2.1643806,2
2.6823757,-5.560452,2
10.938501,-1.8824462,4
8.934113,-5.5220933,2
2.4489253,-3.709977,2
18.198431,6.233272,0
7.8076553,-5.5495973,2
2.357214,-5.7985053,2
13.222008,-2.3456087,4
18.22675,6.769902,0
17.86803,5.34867,0
6.763817,0.26884332,2
12.856503,-2.2645748,4
7.940312,-5.829368,2
2.1926105,-4.989579,2
7.6232686,-5.678382,2
2.5498438,-3.8147097,2
18.3792,6.6586113,0
2.295257,-5.8315635,2
13.269029,-2.382755,4
1.764095,-5.6441755,2
11.992333,-1.6261322,4
2.8520055,-6.3204484,2
17.69406,4.1544957,0
17.99783,2.9499118,0
2.1308246,-5.506063,2
2.473149,-5.9647045,2
13.059532,-2.2671623,4
-0.2736846,6.6263165,1
3.5028188,-5.2331395,2
3.1384103,-5.314943,2
2.3911457,-5.787054,2
13.208986,-1.9048501,4
0.5770313,-1.925359,2
10.468835,0.66336346,4
2.560274,6.5982757,1
6.7174873,0.40786168,2
0.67888653,-2.1084526,2
18.239233,6.634444,0
10.941543,-1.8977089,4
0.64879715,-1.9474853,2
17.71244,3.1468081,0
17.723217,3.047978,0
13.064649,-2.2340283,4
13.0740595,-2.2809138,4
10.554097,0.5630839,4
18.271528,6.679314,0
13.006239,-2.3963008,4
10.851256,0.7566401,4
2.6679988,-5.7936125,2
13.029853,-2.263384,4
13.306878,-2.4551675,4
2.72934,-5.265655,2
17.85104,5.25749,0
-0.64506227,7.041065,1
13.180468,-1.6660947,4
2.5123281,-5.9401,2
-7.449019,4.8273244,1
11.009485,-1.9322025,4
12.736699,-2.6319604,4
19.144848,6.119619,0
18.230562,6.7589264,0
12.363478,-2.472081,4
12.330802,-2.4510536,4
19.14496,6.02109,0
11.018618,-1.8973374,4
6.7897325,5.4006653,5
18.03518,4.034368,0
17.623432,3.0817251,0
17.816023,2.5773315,0
10.908554,0.33855474,4
13.015006,-2.1264882,4
6.409688,0.39163405,2
0.31451613,-1.6472625,2
17.844725,3.1062145,0
2.4844215,-5.9615507,2
18.249445,6.6422067,0
12.857187,-2.2294483,4
2.1572988,-4.9445114,2
2.5442147,-3.829756,2
3.7998626,-4.915244,2
10.944937,0.5795867,4
1.7922133,-5.6796155,2
0.92416126,9.331664,1
2.436719,-5.7840333,2
12.381819,-2.411398,4
1.8800737,-5.617202,2
3.7581575,-5.998436,2
18.034292,2.9942505,0
12.835845,-2.2764437,4
1.7964227,-5.6219463,2
8.639426,-6.060897,2
0.50030947,-2.008208,2
6.900037,-0.56335074,2
2.8205554,-6.1094813,2
19.12279,6.13957,0
19.115696,6.124055,0
10.581437,0.7899043,4
2.1484234,-4.9961143,2
-0.49759683,6.57329,1
15.258804,5.6805363,0
3.1379182,-4.6073256,2
9.010943,-5.5123324,2
12.327765,-2.423045,4
2.5766923,-3.7907467,2
12.591447,-1.8868393,4
6.729333,7.368158,5
17.75026,3.1202404,0
12.310834,-2.4237456,4
7.0143785,5.2074566,5
11.917815,-1.4856488,4
12.712702,-2.6913495,4
0.7380131,-2.1215687,2
1.8334075,-5.7096434,2
11.897998,-1.5532701,4
-0.05777612,6.5186505,1
13.029856,-1.9758961,4
8.636631,-6.064455,2
4.9375024,0.5822274,2
13.099799,-2.4106545,4
0.57902455,-2.2125103,2
8.343219,-6.057419,2
9.0107975,-5.5563474,2
-7.171037,4.899069,1
12.466446,-1.5542599,4
17.645916,4.192132,0
2.561806,-5.175251,2
2.4365065,-5.9712253,2
8.509451,-5.412721,2
2.820475,-5.1895714,2
19.087791,4.7705426,0
3.564715,-5.902277,2
12.626553,-1.5940003,4
8.866699,-5.7643805,2
2.2114859,-4.9642844,2
12.947701,-2.4769745,4
8.466392,-5.747002,2
-7.3750324,4.5982623,1
0.83854884,9.227945,1
8.441178,-5.356827,2
13.040016,-2.0959969,4
-1.8983823,6.313802,1
17.61553,3.099552,0
3.4090757,-5.3363867,2
12.708438,-2.4326594,4
12.374316,-1.7723182,4
6.1556573,8.19591,5
17.927414,3.0538788,0
0.5466908,-2.2066886,2
6.5387917,0.43861157,2
10.777855,0.7581405,4
5.071261,0.65889865,2
13.14856,-1.5231341,4
4.0761285,-5.4878135,2
11.031893,-1.9175823,4
2.4519434,-3.744669,2
0.5175118,-2.1168115,2
17.715925,2.9053524,0
0.589457,9.473906,1
-7.5425434,4.4382625,1
3.8055584,-5.8068814,2
-7.527737,4.4581013,1
2.8643625,-6.26711,2
10.314199,0.36630636,4
13.269719,-2.4214725,4
12.348719,-2.4490962,4
2.5368652,-5.197086,2
2.51982,-5.7250924,2
18.056463,3.2064407,0
2.841449,-6.282783,2
17.87133,5.3160257,0
17.853151,3.169825,0
12.461446,-2.3329115,4
18.024494,3.099516,0
2.5451207,-5.902624,2
3.4553044,-6.0256147,2
10.620528,0.6142551,4
0.6814857,-2.0328755,2
2.509541,-5.9102187,2
19.462652,4.5430665,0
2.5523365,-5.191219,2
9.662161,7.553783,5
15.234692,5.7064075,0
0.9493766,-1.4600728,2
12.646405,-2.4055848,4
8.56606,-5.841875,2
2.9637983,-4.8734155,2
12.874922,-2.2572842,4
10.742882,0.7489535,4
17.826902,5.3327327,0
10.881916,0.2903812,4
8.342845,-6.000387,2
13.171257,-2.1969945,4
10.851372,0.7493542,4
13.360951,-1.9318421,4
18.294645,6.8003683,0
11.089377,-1.9907513,4
0.7068329,-1.9440573,2
8.723113,-5.2672434,2
1.927526,-5.7132854,2
10.442827,0.39287326,4
12.363231,-1.8111683,4
12.84254,-1.7416911,4
12.52959,-1.6749154,4
17.829248,2.5499196,0
3.883871,-5.417605,2
6.6997423,5.9798727,5
9.637444,7.696731,5
18.020054,2.9450421,0
6.7320156,7.204369,5
6.513484,0.365317,2
-1.2111679,5.3180003,1
2.8373168,-4.7845745,2
10.468823,0.504537,4
10.345184,0.49373987,4
13.042676,-2.1563983,4
13.050586,-2.1817374,4
2.76852,-5.2683578,2
12.363331,-1.8108939,4
12.719338,-1.7469722,4
10.49545,0.5653391,4
3.8824232,-5.5293326,2
12.518951,-2.3596008,4
3.9666107,-5.7645783,2
0.6450727,-2.103759,2
11.841573,-1.5006946,4
4.9259896,0.62736654,2
3.6478136,-5.4012213,2
12.530072,-1.6062801,4
6.3120556,0.5136491,2
0.61208266,-1.8701285,2
18.845316,5.5106745,0
-0.048686314,6.093567,1
2.4680479,-5.8186855,2
3.5808136,-5.932438,2
11.194116,0.24562904,4
8.617129,-6.0904717,2
7.8504252,-5.4561396,2
1.796459,-5.7023525,2
2.8488107,-5.2132497,2
2.009511,-5.4988413,2
3.2838964,-5.5515757,2
2.4628406,-3.723599,2
19.229145,4.6348534,0
10.989524,-1.9304708,4
11.034995,-1.9758052,4
17.66487,4.1564407,0
2.9117134,-5.666105,2
8.036109,-5.409133,2
11.091114,-1.8409065,4
9.891169,6.3578315,5
6.7469273,5.835216,5
6.3911586,0.4064806,2
10.311051,0.40065935,4
10.316484,0.38668987,4
17.695501,2.8133698,0
13.02752,-2.138564,4
2.8313487,-6.315019,2
3.316886,-5.7283664,2
11.82126,-1.3356234,4
10.945464,0.7048096,4
8.71838,-5.2639394,2
10.746906,0.7584982,4
17.75448,4.213147,0
3.5123436,-5.4138174,2
10.914474,-1.8320088,4
-7.552529,4.453781,1
10.69265,0.6641763,4
3.6346698,-5.3801036,2
17.901085,5.363471,0
6.2630796,0.28167227,2
4.9754267,0.58232987,2
0.12750411,-1.7777567,2
8.570389,-6.0299273,2
11.095363,0.2860623,4
3.3174994,-5.74045,2
8.710665,-5.2957473,2
2.79386,-5.2159734,2
17.824865,2.9980423,0
-7.4072185,4.6111574,1
11.118532,0.44629702,4
3.7582366,-6.0276685,2
6.3512626,0.37604532,2
6.7738557,5.850408,5
-7.5506244,4.4603467,1
-0.4387055,6.858523,1
18.266779,3.151473,0
10.591389,0.5571112,4
2.4127321,6.3241234,1
19.036314,6.081662,0
3.4565651,-4.321397,2
3.4772153,-5.8993773,2
6.6377373,0.51668835,2
-0.6299045,6.8553233,1
2.575565,-3.7328916,2
3.2841983,-5.6111684,2
2.3326747,-5.0134125,2
12.326951,-1.8314844,4
2.074605,-5.54031,2
-7.5453067,4.4383254,1
2.5060525,-5.9003987,2
0.60546565,-2.2309923,2
8.59642,-5.7797856,2
3.9123158,-5.74211,2
12.509622,-1.5903136,4
1.9163617,-5.5676904,2
4.0137467,-5.600959,2
3.4358532,-5.744148,2
-7.212865,6.0699415,1
12.357854,-2.4534905,4
18.246424,6.653609,0
-7.2680917,6.034928,1
6.312025,8.179448,5
3.6115546,-5.9367385,2
11.023588,-1.909053,4
11.986765,-1.4568388,4
6.408824,0.5525945,2
0.24478725,-1.5624177,2
3.32505,-5.716197,2
6.21746,0.49173275,2
2.8393147,-6.0876565,2
12.433088,-1.731808,4
2.379461,6.2801046,1
-7.243613,6.004513,1
2.59899,-3.7967181,2
1.8341912,-5.6507125,2
17.860628,5.341634,0
8.703693,-6.0454216,2
2.5500832,-5.737769,2
10.931778,0.32530138,4
18.35925,6.7271724,0
6.3066587,0.5923237,2
19.02677,5.9736595,0
3.6073582,-5.5535474,2
18.05635,2.8901157,0
3.2428498,-5.665573,2
-0.65670216,6.9513144,1
12.705437,-1.7282921,4
7.847165,-5.6355724,2
7.8662586,-5.5139794,2
18.350388,6.6857967,0
12.540371,-1.5090562,4
18.300465,6.7424254,0
17.795341,2.5535254,0
3.2903135,-5.657598,2
10.438268,0.4077333,4
1.7831168,-5.7216363,2
3.9055688,-5.2128987,2
18.266243,6.679633,0
17.115204,7.2702556,0
2.7876723,-5.250518,2
2.5078504,-5.082182,2
17.947887,3.260784,0
17.702894,4.9919953,0
10.939317,-1.8825055,4
6.495511,8.072286,5
2.195065,-5.4910192,2
2.490835,-3.7747972,2
18.197296,6.758228,0
11.004613,-1.9569951,4
8.552509,-5.7608895,2
2.0667996,-5.0604014,2
4.0540557,-5.7378926,2
0.5295766,-2.1463137,2
8.275446,-5.675139,2
17.753147,3.0063162,0
17.935581,2.5253446,0
2.8672304,-4.6488304,2
6.43029,0.19607836,2
0.10125495,-1.7331965,2
12.690644,-1.845199,4
6.770598,-0.4573001,2
11.017984,0.3279145,4
12.724677,-2.0008948,4
0.621924,-2.2027173,2
10.649156,0.5821234,4
3.4613419,-5.6314626,2
6.4563727,0.6681301,2
6.2566853,7.945231,5
8.692077,-6.033473,2
17.731392,2.909879,0
3.8763182,-5.721941,2
2.6363502,6.779214,1
8.907063,-5.562898,2
11.993855,-1.5439174,4
10.555946,0.6700598,4
12.840251,-2.2869506,4
17.945442,2.5758579,0
10.755668,0.3013898,4
17.890945,3.1822174,0
3.0051348,-4.575414,2
-7.239183,5.981449,1
2.916213,-4.83924,2
8.634707,-6.065128,2
1.1177769,9.281536,1
2.1526043,-5.0376163,2
1.8507755,-5.487317,2
6.73287,0.34144378,2
2.4484246,-3.7704787,2
2.6024532,-5.825178,2
18.049833,2.730495,0
18.000904,3.2567337,0
6.5756984,0.66735953,2
12.797636,-2.335523,4
2.23298,-5.07178,2
10.478992,0.5873265,4
3.0336092,-4.8179054,2
2.010377,-5.0574737,2
12.877077,-2.299312,4
2.879016,-5.03829,2
-0.33024564,7.137029,1
1.1274092,9.282302,1
19.128021,4.6408014,0
9.730598,6.391985,5
18.297192,6.7637763,0
2.758863,-5.230353,2
2.697154,-5.2856975,2
8.815373,-5.8584666,2
6.194059,7.865163,5
3.0652204,-5.0583506,2
2.5595388,-3.5745895,2
13.278275,-2.172315,4
0.7309304,-2.0486348,2
11.907673,-1.5096619,4
2.5822496,-3.8043857,2
2.8345773,-5.1399274,2
6.5870132,0.5003328,2
8.728626,-6.058788,2
5.0482216,0.6433136,2
1.1136974,9.451005,1
6.625434,0.5275305,2
2.5143623,-4.8267384,2
0.37936637,6.372681,1
3.913715,-5.594976,2
10.492089,0.5383836,4
0.4592239,-1.9697047,2
18.157347,3.008185,0
8.776987,-5.946307,2
8.3780985,-5.5806003,2
-0.32253793,6.7338667,1
2.3774505,-5.0226197,2
2.0559487,-5.015073,2
2.7896397,-5.203888,2
8.640012,-6.0475364,2
17.851835,2.7746346,0
18.074986,2.6914783,0
11.08291,0.5175893,4
-0.016002433,6.862726,1
-0.122127205,6.9472976,1
2.7350342,-5.2486987,2
2.8830078,-5.0256906,2
4.0484586,-5.6807694,2
2.754032,-5.3565755,2
0.2921198,10.189088,1
3.314237,-5.6862197,2
2.597452,6.7816668,1
12.736413,-1.9836214,4
6.817963,7.3434625,5
2.8657858,-5.153359,2
-0.50208646,6.828151,1
19.161526,4.684323,0
3.6123497,-5.5693707,2
17.701231,2.9367673,0
10.568585,0.6113467,4
2.5504014,-4.905207,2
2.979845,-5.7690043,2
2.6018906,-4.992757,2
6.5531707,0.2987499,2
12.798939,-2.5978792,4
19.190884,4.7871227,0
18.181139,6.7324967,0
6.3751955,0.6029458,2
10.383162,0.43691984,4
15.166279,5.687605,0
2.9657636,-3.849861,2
17.869373,2.585846,0
3.3017735,-4.484884,2
2.2327557,-5.0427623,2
3.113974,-4.636552,2
3.518124,-5.5965147,2
8.919016,-5.7250185,2
7.1556444,5.6946545,5
19.219835,4.765758,0
3.5332966,-5.206455,2
2.201525,-4.990527,2
17.687822,3.1135085,0
19.189219,4.6465254,0
-7.270346,6.0499854,1
12.9847765,-2.096077,4
11.889171,-1.5136826,4
11.021246,-1.8773623,4
10.354084,0.42813787,4
2.8307548,-5.1591544,2
2.7484097,-4.6431227,2
6.648602,8.0056715,5
2.8796723,-6.3193965,2
3.1293843,-4.859952,2
2.7926023,-4.9888883,2
19.111168,6.1179066,0
2.8678153,-5.2164164,2
2.8868103,-4.676683,2
0.49497995,-2.0152829,2
2.5537062,-5.497023,2
17.834497,2.9195807,0
8.70955,-5.277763,2
3.3499746,-4.3756323,2
-7.3655815,4.6465015,1
6.429899,0.55553454,2
2.8041372,-6.0283594,2
18.036844,2.9690223,0
6.4507413,-0.088687085,2
19.111917,4.691061,0
17.737574,4.2128778,0
8.266425,-5.5570464,2
1.8379788,-5.6930676,2
8.057213,-5.457928,2
2.4862862,-3.6942139,2
2.7803106,-4.7142763,2
6.594409,0.19510828,2
19.188808,4.68843,0
12.9868765,-2.1468692,4
17.91172,3.1134744,0
2.4748237,-3.7261064,2
3.1805868,-4.6518464,2
6.755688,0.5084292,2
2.8257616,-4.584497,2
2.170911,-4.9569354,2
11.910288,-1.4477277,4
2.9251513,-4.168625,2
8.5922165,-5.9448,2
-6.910009,4.6330385,1
0.5945074,9.43768,1
12.7376995,-2.6422997,4
2.889252,-6.30534,2
6.791608,-0.14255348,2
3.3872714,-4.8877845,2
7.7403636,-5.710305,2
2.7914734,-6.25761,2
8.610839,-5.955346,2
2.7231238,-5.4188976,2
6.4676785,0.11070956,2
18.324102,6.7335873,0
0.40181038,-1.7623273,2
11.104856,-1.7414315,4
11.0342655,0.8514131,4
9.042634,-5.64861,2
12.695424,-1.8070853,4
2.798763,-5.507858,2
3.463459,-6.056525,2
12.871522,-2.2977257,4
12.644456,-2.1456945,4
18.040861,2.8688173,0
15.23945,5.685494,0
2.0300667,-5.498659,2
9.049291,-5.518514,2
6.6924295,0.3796197,2
8.324362,-5.654846,2
2.8484209,-5.162159,2
17.806034,5.3352284,0
10.816764,0.72040045,4
3.0943344,-4.8484206,2
12.879406,-1.8099073,4
18.26865,6.7015376,0
2.5651786,-5.2438955,2
13.175642,-1.979549,4
3.1204,-4.841297,2
-0.20885459,7.0860677,1
8.657442,-6.0585523,2
2.897886,-5.9577107,2
1.8370754,-5.6995983,2
3.876828,-5.8163443,2
2.0429714,-5.481114,2
8.310739,-5.586459,2
8.548923,-5.728837,2
6.842843,-0.53577715,2
2.4712267,-3.6526072,2
2.5060086,-3.734379,2
8.455987,-5.8169785,2
2.6392171,-3.7462957,2
18.229914,6.6394258,0
3.086219,-4.9005446,2
7.9862423,-5.626845,2
19.278353,4.570773,0
2.6740203,-5.7910852,2
2.7164633,-4.8560066,2
13.0497465,-2.1660454,4
2.681642,-5.2833147,2
8.853371,-5.4292183,2
12.495604,-1.7103682,4
2.1539688,-4.9499354,2
12.669046,-2.138919,4
18.188778,6.6079664,0
0.57870656,-2.0629015,2
6.726891,0.6562514,2
5.0122104,0.6683851,2
10.611987,0.5542296,4
3.0815508,-5.1004314,2
2.5712383,-5.0855865,2
18.120558,2.8298385,0
3.6228497,-5.777217,2
10.85392,-1.8881255,4
0.60585886,-2.2051246,2
17.985159,2.9343026,0
3.107367,-5.0399766,2
2.5287132,-5.954842,2
2.3659203,-5.713912,2
3.2953975,-4.5738387,2
0.58689725,-2.187333,2
0.6582195,-1.4496355,2
-0.5286544,6.820029,1
11.112065,0.88111067,4
3.7937996,-5.2796288,2
6.7178288,0.64485985,2
3.5665307,-5.1191244,2
8.248138,-5.6266885,2
8.00951,-5.3446317,2
2.6509905,-5.8261013,2
11.2004,0.33689868,4
7.839736,-5.7910137,2
5.042975,0.5521496,2
12.477032,-1.5200777,4
19.199173,4.671071,0
6.5085645,0.47963855,2
17.963957,3.2723262,0
3.1597986,-5.6241493,2
-0.17468971,7.140678,1
17.92226,5.2931876,0
3.4349828,-5.9477935,2
12.757207,-1.7053351,4
0.5065767,-2.1757493,2
18.389812,6.64489,0
2.5431595,-3.8052025,2
19.148375,4.6409516,0
8.632153,-6.024418,2
6.516868,0.395017,2
0.6011758,-2.1913652,2
3.6339571,-5.284622,2
5.0201626,0.6784111,2
0.99897593,-1.2717545,2
3.2557979,-5.501706,2
-0.4923517,6.734852,1
11.991851,-1.4225161,4
12.762923,-1.9272164,4
12.8463,-2.2549386,4
6.7429476,0.698686,2
3.0158596,-5.567534,2
9.049385,-5.5551286,2
18.628098,5.300192,0
8.605344,-5.9575987,2
0.6817162,-2.2298784,2
19.170393,4.7170253,0
17.039732,7.300004,0
8.085683,-5.692289,2
0.49931195,-2.1327374,2
8.615584,-5.2584805,2
6.8926806,-0.5584952,2
2.4428287,-5.8108673,2
0.574698,-1.9081045,2
3.6025655,-5.562532,2
7.7444677,-5.702451,2
11.048138,0.29508635,4
2.750048,6.7165217,1
12.860511,-2.2582242,4
8.526202,-5.731664,2
18.112047,3.0556324,0
6.5950246,8.10905,5
0.30873647,-1.807361,2
7.969623,-5.595721,2
0.5900903,-1.6704578,2
-0.05059411,-1.9023765,2
4.737574,0.69737476,2
2.9062767,-5.08236,2
17.80831,5.194673,0
0.35881993,-1.8711199,2
7.932656,-5.417338,2
3.429987,-5.3678484,2
-0.6409815,6.788122,1
10.996297,0.3294697,4
3.3820193,-5.4910183,2
6.7221704,0.17761983,2
0.16528654,-2.0269055,2
2.2013009,-4.9526167,2
0.20938328,-1.9225237,2
2.3982608,-3.667166,2
8.827959,-5.3256702,2
3.2323608,-5.5738034,2
18.033066,3.102643,0
19.098927,6.0250087,0
18.029718,3.2691622,0
-7.4003325,4.623351,1
1.9542024,-5.619397,2
2.4612083,-5.8407807,2
6.7452574,-0.4763208,2
2.5611734,6.7359986,1
2.5560646,-5.9293427,2
3.6207962,-5.413864,2
12.87152,-1.59119,4
12.561682,-1.6744623,4
12.857737,-1.8027999,4
15.648906,6.164066,0
-6.886718,4.652643,1
11.219397,0.19366993,4
2.7690213,-5.270356,2
17.84043,5.3336086,0
12.599699,-1.6485342,4
13.275572,-2.3502586,4
13.061898,-2.1415763,4
19.14331,6.0811987,0
10.999987,0.3139205,4
6.462191,0.6289374,2
0.22168368,-1.9155557,2
8.075436,-5.664066,2
11.116817,0.281734,4
10.448006,0.44743976,4
0.6389276,-1.8702513,2
4.0728235,-5.1357594,2
12.33828,-1.7983927,4
2.1706371,-4.954172,2
3.3769867,-5.41096,2
4.507366,-5.387711,2
3.7349963,-5.4397516,2
-0.43775722,6.723489,1
0.20356692,-1.8669995,2
17.980156,5.346491,0
18.27832,6.704323,0
8.292755,-5.718896,2
3.4459755,-5.439138,2
7.971493,-5.6024823,2
3.059741,-5.5148144,2
9.056763,-5.5014124,2
0.10623206,-1.8988079,2
6.721608,0.101077944,2
3.2463508,-4.46345,2
13.298999,-2.3112366,4
2.4774501,-5.565609,2
7.985098,-5.8008795,2
4.7688785,0.6500653,2
17.84841,2.8021808,0
4.0332975,-5.6706414,2
12.771461,-1.9388618,4
8.291948,-5.28872,2
17.70957,3.1286087,0
11.094028,-1.8777459,4
1.8111665,-5.66656,2
7.93874,-5.8627324,2
2.5518582,-3.72216,2
7.812687,5.728877,5
12.535848,-1.5900316,4
12.902362,-1.7797962,4
2.3566546,6.5110574,1
2.2030666,-5.427061,2
17.92166,3.044105,0
2.2053847,-4.9993887,2
17.645119,2.8293808,0
3.2387607,-4.850895,2
8.610852,-6.056255,2
3.204585,-5.5734344,2
10.916416,-1.8301935,4
3.4870894,-5.035655,2
6.4485598,0.49171695,2
12.484615,-1.547107,4
0.6363528,-1.789996,2
3.546795,-5.8730197,2
18.28126,6.711066,0
18.024652,3.2199228,0
-0.72295856,6.9842286,1
3.435573,-5.5180483,2
12.923648,-1.8267978,4
6.7915254,8.058878,5
0.023686681,9.689569,1
12.500515,-1.5374471,4
2.232643,-5.4153934,2
7.7971644,-5.529451,2
8.630319,-6.0522323,2
4.5802875,-5.3744855,2
17.925747,5.3005724,0
10.930084,0.6851733,4
11.116159,0.5006153,4
-7.5197735,4.4308033,1
11.029594,-1.8350979,4
7.710872,-5.72811,2
10.926435,0.62152696,4
4.07903,-5.2226214,2
3.5680254,-5.058604,2
19.13641,6.033904,0
4.024789,-5.387763,2
7.9863725,-5.606799,2
7.9197497,-5.836371,2
2.5806532,-3.77123,2
0.07142101,-1.9107555,2
3.7040157,-5.5167913,2
10.432956,0.53288454,4
17.936907,5.410778,0
3.3173063,-5.5841036,2
2.8479214,-5.2861147,2
9.033368,-5.671526,2
-7.5169387,4.4483037,1
3.4547122,-5.0980988,2
7.903286,-5.677236,2
2.9859269,-5.0432696,2
12.507712,-1.7091442,4
7.9671726,-5.579255,2
3.974783,-5.6649413,2
8.166742,-5.6498365,2
1.8025239,-5.695825,2
0.84290785,-1.9835827,2
17.894497,2.9668753,0
6.70717,0.37441126,2
9.029577,-5.6300793,2
5.0241265,0.69119984,2
0.967865,-1.452985,2
17.699762,5.0022006,0
8.968554,-5.5003953,2
2.2250366,-4.920926,2
2.406864,-5.8281255,2
2.6193962,-5.0906243,2
7.994365,-5.9170747,2
0.74971515,-1.8978965,2
11.045224,0.2982924,4
10.922641,0.7808518,4
13.0180235,-2.1301413,4
-7.191011,5.8946133,1
18.319939,6.6925006,0
17.691782,4.1917634,0
4.089477,-5.5943947,2
9.196766,6.934212,5
2.7068577,-4.0203853,2
12.997861,-2.1738436,4
6.3634467,8.184952,5
12.483174,-1.5710133,4
12.463768,-1.8097193,4
12.957823,-1.7562759,4
17.915567,2.8292656,0
-0.5897373,6.788337,1
6.578984,-0.28756547,2
0.730213,-1.9079098,2
12.624172,-2.0714378,4
12.45762,-1.5069863,4
1.1266582,9.222736,1
0.9382358,-1.4624484,2
5.084242,0.6432076,2
10.927495,-1.8762593,4
2.9094284,-4.7291727,2
6.3489723,0.06456934,2
6.416869,0.4813492,2
5.0102444,0.751813,2
8.266528,-5.289961,2
0.6576874,-1.9299392,2
6.882723,-0.6021032,2
10.73195,0.75100785,4
2.5058928,-4.8338003,2
0.44990408,-1.9304925,2
3.434008,-5.4994435,2
7.802296,-5.5738335,2
7.8478456,-5.628962,2
2.5863173,6.732859,1
12.512874,-1.6244698,4
0.8418518,-1.746787,2
11.154524,-1.7348049,4
17.66171,3.0642836,0
6.6457477,0.16252558,2
2.4496424,-3.733213,2
10.4097395,0.42065683,4
4.9616094,0.69690084,2
2.8150105,-5.1421943,2
2.634107,-4.984808,2
3.1749558,-5.520258,2
0.030804813,-1.9378841,2
10.613107,0.58203036,4
2.460192,-5.434567,2
1.8091532,-5.7324233,2
1.8325386,-5.642432,2
3.0599132,-4.7128215,2
0.6564234,-2.1457794,2
0.6099752,-2.1905458,2
17.727625,2.9589183,0
2.9226081,-5.9167495,2
13.267651,-2.3288424,4
6.6754584,5.8110046,5
8.671285,-6.078834,2
-6.900782,4.643028,1
19.16238,4.658823,0
2.5618303,-4.851332,2
12.986648,-2.0139058,4
0.2356788,6.318142,1
2.5429857,-5.980192,2
0.6682855,-2.2129855,2
18.330126,6.650721,0
13.038312,-2.1551528,4
6.809214,-0.47429568,2
2.9023328,-4.904379,2
0.76203567,-2.030454,2
15.2860775,5.706342,0
10.585244,0.64487153,4
12.978672,-2.1558607,4
5.020544,0.64244574,2
0.6835002,-2.1182442,2
0.77845776,-1.9564732,2
0.7903256,-2.0118353,2
2.142897,-4.977679,2
4.97725,0.65251476,2
2.8706572,-6.2819667,2
2.5075831,-4.8338866,2
0.99316585,-1.3497182,2
2.9792764,-5.507619,2
6.7143517,0.6449359,2
-0.07955915,6.810443,1
0.08309317,6.144066,1
6.4564595,0.17253424,2
0.16030069,-1.9810673,2
2.036073,-5.472962,2
10.711055,0.71201223,4
6.6961966,0.5624739,2
-6.907333,4.641377,1
2.9999404,-4.810734,2
10.845154,0.30585322,4
2.8798645,-6.307851,2
15.212638,5.724098,0
6.6417027,0.5188695,2
10.422821,0.44953603,4
17.69554,3.1583092,0
6.3979497,0.57592356,2
12.997644,-1.9872099,4
0.04278387,-1.9568678,2
10.969118,-1.8752174,4
-7.5332994,4.4385495,1
18.188364,6.7876673,0
7.808535,-5.519745,2
19.059563,5.6963577,0
-0.01052949,-1.8961233,2
-0.6463205,6.852225,1
9.736768,6.3096766,5
6.316888,0.5753743,2
3.0281682,-4.8948045,2
10.466385,0.42340016,4
6.6183734,0.4491147,2
18.51148,5.29922,0
3.0617266,-4.774462,2
17.685238,4.169807,0
6.613714,0.39974156,2
6.7820964,0.2265454,2
8.292727,-6.0372553,2
8.65091,-5.27937,2
2.9656858,-4.776865,2
6.613496,0.41338098,2
0.7813714,-1.7694095,2
17.69785,2.878118,0
6.5373087,-0.3142349,2
2.4808445,-5.7104564,2
2.3210402,-6.00692,2
4.5899243,0.79277134,2
4.987185,0.6819118,2
3.2962148,-5.622312,2
7.374216,-5.455388,2
6.874071,5.761625,5
10.951094,-1.946921,4
8.1029415,-5.437979,2
3.2592719,-4.504042,2
8.001445,-5.5616717,2
0.6469577,-1.7129749,2
0.038110286,6.523245,1
0.52536064,-2.1396356,2
19.101555,6.0713267,0
8.346755,-5.6749563,2
6.639283,0.5139489,2
2.5666595,-3.8053737,2
3.0509772,-4.5583553,2
3.021717,-4.879044,2
0.07149195,6.4770947,1
10.431929,0.4276115,4
2.636598,-5.6652904,2
9.805476,6.2882104,5
2.4280076,-4.9108005,2
2.7983007,-4.897379,2
0.57390887,-2.1187727,2
12.478479,-1.5526366,4
17.76421,2.840572,0
8.337783,-5.6468053,2
7.944605,-5.6741576,2
3.3993168,-5.6427846,2
2.4477522,-5.836815,2
3.0234284,-4.8946056,2
2.7829347,-5.3567967,2
2.9650893,-6.0817986,2
19.137407,4.6728673,0
2.5033247,-4.8387375,2
0.5163794,-2.1474154,2
1.8191833,-5.707309,2
8.6365385,-6.049496,2
-0.017117191,6.650064,1
12.990542,-1.9324222,4
11.138938,0.31483996,4
15.342882,5.799284,0
19.175379,4.722816,0
10.972113,-1.9259567,4
10.956231,-1.8652893,4
17.89424,2.5742214,0
3.6646016,-5.47104,2
9.076949,-5.5992985,2
3.604908,-5.0172496,2
18.111637,3.0315814,0
2.9735184,-5.797868,2
3.7091002,-4.949831,2
18.342615,6.691847,0
6.325431,0.49967623,2
7.8387494,-5.803502,2
17.798237,2.8749864,0
3.4758344,-6.027754,2
6.324374,0.48448756,2
13.057537,-2.2335615,4
3.4693253,-5.623322,2
10.584381,0.51219475,4
5.0080733,0.6769612,2
12.982108,-2.1796281,4
0.4634643,-2.2020013,2
10.754425,0.811969,4
3.3898418,-5.9785595,2
-0.55213964,6.553533,1
17.831028,2.5063052,0
3.4238737,-4.3191886,2
2.7610664,-5.759355,2
0.61365014,-1.9329536,2
2.8095284,-5.2658906,2
7.8455462,-5.7789764,2
18.392473,6.6469817,0
17.810131,3.1927674,0
3.3841834,-5.345566,2
1.8156012,-5.67334,2
19.127472,4.701835,0
7.7154145,-5.6869707,2
17.825508,3.1218271,0
7.9887714,-5.5618534,2
4.9836717,0.59155446,2
17.963863,2.8258064,0
11.07334,0.4843666,4
2.4874468,6.7333674,1
8.2267685,-5.6987376,2
4.984182,0.5571131,2
6.689153,0.39653078,2
3.2667997,-4.819244,2
6.8159876,5.4888687,5
13.112733,-2.1717129,4
2.360665,-4.881952,2
18.066235,2.5294795,0
5.0298686,0.62142515,2
0.57710415,-2.2062685,2
10.509129,0.45760676,4
0.7508482,-1.9968811,2
1.1403087,9.429604,1
6.6480036,0.4722495,2
19.118174,4.719629,0
12.621304,-2.1642995,4
12.758932,-2.0834272,4
2.4812536,-4.799745,2
6.733911,0.5792778,2
8.946902,-5.3534026,2
6.3838243,0.48578992,2
0.5881862,-2.2064388,2
3.2341585,-4.5244584,2
18.026993,5.2620196,0
18.26904,6.6626067,0
3.2115822,-4.797155,2
0.46517918,-1.976368,2
2.576567,-3.7530348,2
10.433427,0.41432253,4
6.720577,0.6789866,2
9.782432,6.2771955,5
7.9155097,-5.843041,2
3.3928888,-4.7616663,2
6.449051,0.5552779,2
10.931199,0.35322386,4
13.006613,-1.7630041,4
10.875235,0.27437904,4
18.048712,3.2048542,0
0.5280683,-2.210537,2
0.54945713,-2.129378,2
12.519853,-1.5232339,4
6.546262,0.631966,2
0.6678769,7.640385,1
8.598528,-5.573147,2
0.068562806,-1.8300859,2
3.7497945,-5.5051265,2
3.7329133,-5.557367,2
13.14965,-2.57825,4
8.337967,-6.0372267,2
11.861705,-1.3525264,4
3.117985,-5.009787,2
6.8384824,-0.559434,2
3.3775127,-5.1887546,2
11.0054455,0.5591152,4
18.350718,6.6519523,0
3.2956579,-5.792992,2
3.3285186,-5.170844,2
10.4906845,0.44528425,4
19.120935,6.0602713,0
12.744403,-1.629845,4
18.077509,2.9365916,0
12.922572,-1.741235,4
8.036634,-5.4212947,2
-0.36957446,6.515606,1
10.622078,0.55989033,4
7.7956257,-5.57538,2
6.653517,0.47449812,2
17.984484,3.1315963,0
8.151192,-5.326976,2
3.418198,-5.389699,2
1.8423018,-5.699347,2
3.974424,-5.195249,2
3.6553113,-5.2934165,2
3.3933628,-5.109569,2
18.323788,6.706897,0
7.630183,-5.6894245,2
10.870128,0.28403232,4
2.5453155,-3.8067977,2
6.3994207,0.51608145,2
13.0124235,-2.2071257,4
12.464797,-1.5367262,4
3.4252157,-5.3431063,2
0.60193735,9.482761,1
17.721191,2.8369293,0
9.01171,-5.4573374,2
1.8838199,-5.597981,2
8.553118,-5.499218,2
10.472864,0.3951441,4
3.3517492,-5.593188,2
-7.576226,4.4246264,1
11.303924,0.16324054,4
10.900544,0.80578744,4
3.9823313,-5.6946054,2
4.092137,-5.6018615,2
3.3795183,-5.358085,2
12.654303,-1.380276,4
3.7547197,-5.3605547,2
10.877749,0.26920092,4
3.4175894,-5.411426,2
1.904813,-5.642468,2
12.366545,-1.6743999,4
18.257463,6.6245117,0
6.427267,0.6015734,2
3.7076926,-5.5873055,2
-7.3557043,4.759568,1
3.2645688,-4.534441,2
10.511135,0.48706535,4
9.501731,7.696286,5
8.473162,-5.3751006,2
4.064058,-5.35315,2
18.07509,3.0326688,0
8.547597,-6.051569,2
2.8874888,-5.2287006,2
6.057823,8.5601425,5
2.8476589,-6.3024964,2
2.6303375,-5.773981,2
4.5213003,-5.3073826,2
6.6063375,7.3716245,5
6.5939684,0.42162517,2
8.100036,-5.680667,2
12.351816,-1.8027875,4
10.855215,0.38032448,4
2.6417522,-5.1765866,2
8.001823,-5.8754244,2
18.257452,6.6197543,0
7.876895,-5.7385426,2
12.9551735,-2.1257057,4
8.850088,-5.7805696,2
3.884081,-5.819503,2
12.999305,-2.1577806,4
8.238637,-5.211776,2
3.4093874,-5.097543,2
7.8150496,-5.4499073,2
6.311516,0.57117313,2
18.07455,2.8126905,0
12.8578615,-1.7699423,4
12.955684,-2.134277,4
17.67028,2.9251513,0
18.07739,3.840509,0
12.823473,-2.574358,4
6.6426253,0.40136114,2
11.04129,-1.791544,4
12.351808,-1.5940868,4
11.885053,-1.4092219,4
12.708671,-1.4778085,4
3.4369571,-5.355518,2
0.052655336,-2.0284429,2
12.604281,-1.680808,4
6.4685583,0.54327047,2
18.055798,3.1198006,0
4.5558205,-5.3217516,2
2.3190062,6.54482,1
10.561915,0.3277247,4
4.961507,0.50857913,2
12.912121,-1.6922653,4
5.07709,0.6873648,2
6.861638,-0.61603475,2
3.4180417,-5.2828894,2
2.6637664,-3.9176612,2
8.022187,-5.4289746,2
3.9840622,-5.6138377,2
13.200016,-1.9333687,4
11.226535,0.3345921,4
3.813701,-5.776098,2
3.6657724,-5.56827,2
12.53974,-1.7149575,4
12.860364,-1.7143406,4
3.6438398,-5.780249,2
6.358117,0.5628742,2
5.003675,0.5304457,2
17.747503,2.9819326,0
12.934678,-1.8629853,4
11.009827,-1.8497546,4
19.020971,4.608255,0
3.581167,-5.8298836,2
18.335312,3.0940506,0
17.732212,4.2025375,0
15.581234,6.230363,0
10.539486,0.37544236,4
7.9141316,-5.612668,2
3.4060059,-5.0638137,2
0.5612357,-2.0739388,2
12.290435,-1.3908767,4
18.035534,3.1669447,0
0.074121654,-1.7417772,2
3.4375327,-4.9559207,2
19.158205,4.680433,0
7.1523695,-5.393103,2
3.4466245,-5.8507195,2
9.654278,7.645061,5
12.863812,-1.7971967,4
18.119192,3.1837275,0
7.7134614,-5.4232693,2
8.604215,-5.0823035,2
7.1233463,5.740234,5
6.4308705,0.60993755,2
13.336014,-2.1810565,4
-0.4681337,6.836447,1
3.115942,-4.7347245,2
7.9388194,-5.887981,2
3.8977296,-5.6302204,2
0.6199611,-2.131286,2
8.013673,-5.680283,2
2.9272292,-4.6069813,2
3.6148443,-5.888276,2
3.4635794,-5.5208526,2
12.587712,-1.550027,4
6.651471,0.55184096,2
17.970093,3.1127596,0
-7.3534956,4.7761574,1
12.399618,-1.9109516,4
17.841488,3.041575,0
15.517599,6.131138,0
19.194454,4.7530756,0
7.772423,-5.8048334,2
0.09867092,-1.9009513,2
10.794495,0.28285912,4
-7.4895425,4.4509783,1
3.4101026,-5.6680274,2
7.751021,-5.672656,2
10.991413,0.23574793,4
6.4935794,0.4748454,2
0.6720166,-1.9897064,2
13.247896,-2.4004025,4
12.952979,-1.9859195,4
18.856802,5.301608,0
6.6397996,0.529158,2
-7.177677,5.905632,1
18.277355,6.757905,0
8.664761,-5.983071,2
11.050374,0.3446756,4
6.667842,0.55760777,2
12.964977,-2.2584949,4
9.080102,7.05197,5
0.48794466,-2.0157566,2
2.6593454,-5.351074,2
3.5019612,-5.810092,2
8.644876,-6.0129347,2
0.6662594,-1.9998177,2
8.410985,-5.6297765,2
12.4637,-2.167487,4
0.04039432,6.796567,1
4.9394765,0.7371493,2
15.212317,5.691538,0
3.5075216,-5.392108,2
17.774895,2.6622336,0
13.021893,-2.1064978,4
0.68358374,-1.9772077,2
1.0863669,-1.270873,2
8.930634,-5.658954,2
13.020861,-2.185471,4
6.424545,7.892593,5
18.326015,6.643787,0
1.6919247,-5.4823956,2
0.74765265,-1.799486,2
1.701704,-5.5244703,2
8.92613,-5.500003,2
2.8850102,-5.142105,2
2.6495261,-4.6925125,2
5.0858836,0.4903807,2
12.839568,-2.4385147,4
17.80822,4.256853,0
1.7174627,-5.5048747,2
2.008111,-5.407832,2
11.6445675,-1.0112535,4
13.165916,-2.6197295,4
6.6439257,5.6487365,5
6.5033274,0.62493587,2
3.7822237,-5.7991295,2
6.7286167,0.30380315,2
2.9738867,-5.862667,2
12.47095,-2.1021492,4
8.931765,-5.547248,2
19.178314,4.7268167,0
8.660004,-5.2014503,2
2.8342712,-5.079265,2
3.0538511,-5.843007,2
10.888706,0.31579491,4
6.7064805,0.34262162,2
4.071263,-5.5832596,2
19.122509,6.126291,0
3.3574038,-5.182841,2
2.0002592,-5.3940997,2
-7.502012,4.420451,1
-0.7753563,6.623841,1
2.773694,-5.1074467,2
2.434878,6.5307174,1
18.27406,6.7421575,0
7.9739337,-5.6545362,2
2.9542634,-6.196603,2
12.799574,-2.3741086,4
0.11466595,6.136979,1
13.327054,-2.4731133,4
11.000682,-1.9183567,4
8.571115,-5.3553057,2
17.730305,4.1856794,0
3.0361793,-4.783023,2
12.518813,-1.9539634,4
0.6705518,-2.1813881,2
17.868631,5.3346033,0
2.614128,-4.760273,2
8.723782,-5.3741207,2
10.860136,0.64067954,4
12.976823,-2.0475907,4
1.6830558,-5.470308,2
2.8748517,-6.269482,2
2.4954185,-5.448747,2
17.871231,3.168539,0
17.964169,2.5290895,0
19.109865,6.090846,0
-0.31038865,7.0558796,1
10.633578,0.6231611,4
6.4321265,0.52927864,2
17.791525,2.5454044,0
19.092512,6.1567883,0
11.025387,-1.9627392,4
2.5191064,6.6980195,1
12.697612,-2.3120775,4
10.633948,0.61309326,4
10.365817,0.4975957,4
3.6118138,-5.9107175,2
9.778065,6.3777175,5
2.6298196,-5.510477,2
10.988844,-1.8661426,4
2.8273673,-5.8830614,2
19.08032,6.083379,0
19.196493,6.126811,0
13.156107,-1.9811368,4
9.004101,-5.590844,2
0.69491166,-2.2118385,2
19.149063,6.1196103,0
8.63106,-5.2143607,2
8.537667,-5.424352,2
2.4349225,-5.9346943,2
13.032096,-2.1833618,4
8.720075,-5.5027823,2
18.308655,2.7211525,0
1.7023951,-5.482779,2
8.533967,-5.310408,2
18.283228,6.5903306,0
10.9114,0.25312373,4
17.88109,3.1946821,0
10.343549,0.44385484,4
18.29206,6.6634707,0
3.555409,-5.802845,2
3.3256888,-5.0671706,2
10.393777,0.48954192,4
1.749203,-5.4313874,2
2.9582698,-6.0931854,2
17.89139,2.5221286,0
12.873365,-2.4825802,4
5.077774,0.72946024,2
11.039907,-1.9512051,4
3.4368517,-5.6431103,2
0.91451085,9.503401,1
10.418398,0.5226448,4
1.8316307,-5.4776955,2
17.95193,2.6982253,0
-7.499671,4.4837203,1
10.966155,0.2816246,4
5.125315,0.45206258,2
19.142607,6.1155777,0
3.7583032,-5.9203343,2
13.098959,-2.136845,4
2.8855572,-4.635372,2
12.451011,-1.7875915,4
-0.26624027,6.842036,1
6.5158453,0.59796035,2
17.804731,4.210503,0
17.779741,2.7572715,0
2.9228802,-6.2099504,2
10.36513,0.5408569,4
18.08085,2.7954416,0
2.441159,-5.9563913,2
8.134717,-5.586435,2
1.9952058,-5.371741,2
18.203564,6.7360024,0
0.5207292,-1.6335096,2
12.314895,-1.7689772,4
10.7260065,0.78004515,4
13.241123,-2.3624659,4
0.5814263,-2.102568,2
13.21957,-2.6601481,4
18.027956,3.000095,0
6.705222,0.22594018,2
6.6753216,7.326846,5
3.560949,-5.170775,2
0.6425874,-1.7148939,2
6.56874,0.52784085,2
7.725932,-5.6561394,2
12.919637,-1.8134483,4
3.3651736,-5.7426314,2
3.9437544,-5.3566823,2
18.073803,3.1680906,0
-0.2627207,6.7932925,1
0.5611525,-2.157719,2
3.9339793,-5.6969805,2
2.7867491,-5.2858377,2
12.543841,-1.9314994,4
3.4096735,-5.5493436,2
0.16545337,-1.9845301,2
1.8584917,-5.417316,2
13.236657,-2.6613164,4
6.890591,-0.5716799,2
0.7191823,-1.9738015,2
11.0298815,-1.9590445,4
12.718002,-2.6681237,4
12.778447,-1.6347274,4
-0.29571682,7.175156,1
3.5417767,-5.42664,2
0.025178285,-1.9147444,2
2.794141,-5.207575,2
13.181407,-2.6661732,4
-7.3940244,4.6760235,1
6.7825627,5.601556,5
2.5660093,-5.75233,2
2.8056455,-6.0857353,2
2.842309,-5.918057,2
6.8335013,-0.41914985,2
2.5973082,-4.826188,2
6.316834,0.56341076,2
3.0988379,-5.630627,2
2.7258646,-4.7025332,2
3.0754766,-4.882673,2
1.114262,-1.3108093,2
10.679378,0.6407628,4
13.224773,-2.2503996,4
1.8651545,-5.270275,2
-7.113802,4.8485937,1
18.236526,6.278313,0
18.244286,6.552164,0
6.2710176,0.48789617,2
13.024749,-2.2167628,4
8.06155,-5.4834404,2
3.4368303,-5.33268,2
4.030515,-5.6653166,2
3.3382888,-4.4967585,2
4.8377657,0.6550777,2
6.4449234,0.48074287,2
12.605501,-1.9916656,4
0.712305,9.430646,1
0.54114026,-2.1611135,2
2.557722,-5.612171,2
15.286291,5.6618443,0
6.175346,7.973024,5
3.390503,-5.638055,2
18.268106,6.5869,0
7.7462816,-5.778234,2
12.54336,-2.1410887,4
6.595134,0.5288534,2
13.140894,-1.8630247,4
0.7438001,9.24033,1
6.8698063,-0.5428531,2
3.5056973,-5.447835,2
12.934401,-2.0067575,4
17.773483,3.1786325,0
3.7969136,-5.3608665,2
12.362405,-1.8356247,4
-7.4697876,4.8380923,1
3.632937,-5.8868017,2
11.886664,-1.491419,4
-0.3565158,6.66852,1
0.13569094,-1.9890873,2
0.6708798,-2.0213625,2
17.824257,3.0766544,0
17.765799,4.083606,0
7.89736,-5.5951114,2
3.4770093,-5.4699883,2
18.265064,6.7277203,0
17.739515,4.064629,0
11.030518,-1.964725,4
6.7674384,-0.20398293,2
18.659363,5.3059783,0
7.7696037,-5.7271614,2
10.924399,0.32564098,4
1.6771486,-5.49766,2
17.756693,2.674978,0
9.031325,-5.661413,2
7.0562844,-5.44131,2
3.7285097,-5.7853293,2
11.077905,0.56016284,4
13.019253,-2.4953291,4
1.6651332,-5.483327,2
12.505619,-1.8921382,4
11.254441,1.0840008,4
-0.70396733,6.7715,1
9.029818,-5.6205554,2
-7.4402404,4.543508,1
2.491451,-5.665153,2
0.62583274,-1.4682341,2
3.7839053,-5.847743,2
9.073704,-5.6357737,2
18.370363,6.647911,0
8.132701,-5.6204367,2
0.40390754,-1.7620296,2
2.4227252,-5.9899106,2
6.9341516,5.7375264,5
2.4522607,-3.6072917,2
7.936597,-5.828465,2
10.997909,0.49196988,4
8.125296,-5.718234,2
6.4836555,0.63628155,2
4.027352,-5.6329556,2
17.833433,2.975536,0
17.947786,2.913051,0
4.080941,-5.5936537,2
12.411166,-2.2926023,4
8.292284,-5.280826,2
3.2862046,-5.567174,2
2.9697316,-6.0023217,2
2.1503065,-4.9550185,2
10.601423,0.6599809,4
12.430338,-1.733103,4
18.2662,6.648902,0
-0.4171365,6.6231065,1
1.6634209,-5.515882,2
2.5393147,6.522735,1
12.983915,-2.0698118,4
7.9099817,-5.611498,2
6.7525477,0.23547405,2
7.1447983,-5.454642,2
17.955261,3.023811,0
12.95532,-1.9251645,4
9.042949,-5.59995,2
-0.3080988,6.4349866,1
6.6771703,0.1876062,2
17.991919,3.084059,0
3.4582584,-5.3338213,2
-6.9037914,4.6303883,1
18.026056,3.0228648,0
12.606497,-1.4226681,4
19.310215,4.801558,0
8.003073,-5.609679,2
11.208774,0.10999436,4
1.6431769,-5.5033627,2
12.830986,-2.37546,4
0.6807328,-1.4606497,2
17.929258,3.0027366,0
1.1903217,7.611084,1
8.428188,-5.687678,2
5.204711,0.49168694,2
8.983518,-5.5777802,2
6.617289,0.47744212,2
18.101442,5.2561383,0
6.832053,-0.37902585,2
2.4952126,6.4078436,1
3.263519,-4.8861027,2
11.058696,0.17909327,4
0.44813827,-1.5676978,2
18.061007,3.0912576,0
6.4945297,0.55739105,2
18.636892,5.288069,0
3.69138,-5.270146,2
2.460118,-3.6395204,2
7.99112,-5.50687,2
7.623939,-5.7432914,2
3.3773513,-5.043673,2
8.950254,-5.603565,2
-7.2329383,6.022439,1
12.724679,-1.8745906,4
12.782621,-1.7940214,4
7.705444,-5.840153,2
2.5219018,-3.8386629,2
12.31053,-1.586531,4
7.051792,5.7033286,5
3.9630244,-5.5386853,2
10.972245,0.65115786,4
13.291824,-2.525854,4
13.046882,-1.788343,4
7.6480427,-5.730706,2
18.03641,3.1169012,0
4.0790753,-5.282465,2
5.0463214,0.53109527,2
6.605457,0.3913708,2
7.810734,-5.6484056,2
3.3324666,-4.61153,2
3.749743,-5.801565,2
-7.480239,4.7892466,1
2.5554657,6.575982,1
3.4952404,-4.836918,2
3.4978054,-5.4944158,2
-0.14511728,6.7232466,1
4.080889,-5.313818,2
12.995931,-1.8216673,4
12.56545,-1.5959077,4
-7.3601413,4.6521187,1
12.380561,-1.8547685,4
0.09549144,-1.9048843,2
0.07230062,-1.921124,2
6.316897,0.5403049,2
6.720782,0.66185683,2
7.1384234,5.7273192,5
18.29965,6.69263,0
11.002101,-1.9546742,4
7.7300835,-5.728092,2
18.35409,6.4983525,0
6.489109,0.5884017,2
3.0793834,-5.835714,2
6.089395,7.858469,5
3.345737,-5.3187847,2
17.942478,2.7974334,0
10.4192705,0.5011416,4
-0.300084,7.2106037,1
12.391605,-1.4430343,4
1.7348446,-5.452708,2
18.27951,6.8525457,0
0.43471855,-2.1195977,2
17.635706,2.7891533,0
17.729721,4.1467586,0
3.067411,-5.248649,2
17.71077,3.0162368,0
17.71273,5.023687,0
6.804083,5.8313627,5
12.483203,-1.9783726,4
12.584404,-2.2805264,4
0.6799182,-1.9857349,2
10.295725,0.579941,4
12.936005,-1.6540563,4
-7.5692635,4.4222116,1
2.7015858,-5.277248,2
12.45649,-1.7889069,4
19.205553,4.767478,0
17.636295,2.808097,0
13.078248,-1.712885,4
-7.395007,4.6141357,1
-7.556831,4.4506464,1
10.497696,0.6436221,4
8.76741,-5.9444222,2
1.8522197,-5.3048697,2
12.759599,-2.1862962,4
11.997257,-1.3777078,4
9.626522,7.7030644,5
17.997522,2.5514653,0
12.417181,-1.8509171,4
13.182328,-2.4650273,4
0.5338658,-1.7354419,2
2.4844582,-5.740944,2
3.5366142,-5.7752423,2
12.57142,-2.2916365,4
10.332817,0.55539745,4
12.654368,-2.3162498,4
6.605517,-0.08764875,2
-7.5030355,4.4623218,1
13.170287,-1.9304087,4
13.246357,-2.6575809,4
2.0690672,-5.472529,2
2.3790982,-5.419767,2
10.556477,0.7883944,4
3.4805582,-5.7483068,2
12.388305,-2.3391976,4
17.721373,2.5889986,0
2.75658,-5.2915964,2
8.794104,-5.5020094,2
15.350786,5.6567974,0
-0.2705293,6.756723,1
10.440506,0.40611035,4
13.142774,-2.559434,4
8.923206,-5.515715,2
8.892793,-5.902071,2
2.988589,-5.055389,2
10.544878,0.726609,4
1.199706,9.434145,1
17.740881,2.7150886,0
2.2927055,-5.5909834,2
8.433003,-5.679765,2
2.82979,-5.036735,2
9.856326,7.5710115,5
19.216412,4.6721964,0
6.6646156,0.55520284,2
3.0608664,-4.793743,2
4.786643,0.73152524,2
3.9212878,-5.6387606,2
7.663282,-5.6069503,2
13.178632,-1.6820579,4
3.0603948,-5.10774,2
7.969478,-5.781158,2
3.0173416,-4.5985823,2
17.718433,2.9795632,0
0.6758416,-1.9664145,2
6.5098944,5.2105036,5
7.940332,-5.6260743,2
0.6592145,-1.8946457,2
-7.2045307,5.9880366,1
2.790299,-6.07956,2
1.7632881,-5.467317,2
2.9311767,-4.9021773,2
17.852325,5.330553,0
8.5682535,-5.9173408,2
2.864234,-5.005618,2
4.9687552,0.6941895,2
-0.4108968,6.9956665,1
2.9048514,6.789368,1
12.6802635,-1.8406147,4
-0.077414915,-1.9132048,2
12.659022,-1.8257539,4
2.7984612,-4.620662,2
2.7669163,-5.259575,2
3.7026818,-5.949993,2
1.745241,-5.45558,2
-0.56225306,6.626224,1
-0.30566397,7.1093273,1
-7.2234044,5.9986334,1
7.9290657,-5.8153524,2
17.66022,4.14706,0
1.886295,-5.412121,2
19.138079,6.1109524,0
11.980338,-1.5064385,4
2.20171,-5.028294,2
8.949185,-5.7188854,2
2.1198807,-5.4728985,2
2.847588,-6.2704453,2
13.067654,-2.115086,4
3.266783,-4.4362006,2
6.461259,0.549688,2
3.3060997,-4.9738,2
2.2527692,-5.521252,2
17.701153,4.171003,0
6.7821484,0.29986715,2
6.6392384,5.9601603,5
11.161581,1.0046738,4
17.737734,4.15268,0
3.6115212,-5.5468903,2
2.8893466,-6.276078,2
17.824524,2.683163,0
10.743825,0.62372744,4
3.7556314,-5.415715,2
9.006675,-5.5471487,2
12.585413,-1.7404749,4
12.554114,-2.27863,4
12.845453,-2.2629664,4
10.7941265,0.63008994,4
10.462817,0.5905791,4
12.511393,-2.1689093,4
2.9110296,-6.30542,2
1.951419,-5.401481,2
10.390919,0.5079106,4
-0.45040715,7.03827,1
13.063334,-2.1547804,4
10.436861,0.5706908,4
3.6569915,-5.3599596,2
6.7719054,0.33067513,2
10.973541,0.23705195,4
13.065113,-1.836466,4
0.118377276,-1.9398836,2
17.641714,2.85402,0
12.594717,-2.2860894,4
17.71658,4.092812,0
12.620112,-2.1822827,4
-7.444369,4.5735054,1
3.400736,-5.571812,2
12.58233,-2.2639034,4
11.215298,-2.1024394,4
12.264137,-1.397436,4
-0.072663255,-1.8672794,2
12.753167,-1.7572021,4
-0.3280342,7.08431,1
12.631861,-2.3041334,4
6.5558624,0.51652,2
18.031588,2.7983937,0
5.020282,0.67613286,2
6.8594728,0.258875,2
-0.10676325,6.8916154,1
13.1365185,-1.715488,4
3.9281304,-5.765064,2
4.0149813,-5.673791,2
5.103654,0.4989565,2
17.741781,2.9669232,0
2.1392524,-5.3662004,2
6.3601747,0.45371312,2
0.14274383,-1.9081042,2
0.7819567,-1.6973628,2
6.6492763,0.17902994,2
2.2603323,-5.4301043,2
0.6638413,-1.6223849,2
4.567257,0.7351596,2
13.052351,-2.0978382,4
13.188703,-2.5391169,4
19.130798,6.067652,0
18.270113,6.603948,0
10.392484,0.5550708,4
12.727053,-2.6318583,4
19.08562,6.081098,0
2.8233366,-4.5926485,2
0.9237506,9.469138,1
11.255143,0.19680612,4
10.369662,0.4728167,4
8.529217,-5.7352057,2
18.23588,3.70924,0
12.562177,-1.6074432,4
18.26298,6.741378,0
2.4462461,-3.7581215,2
2.3467937,-5.9627767,2
8.828305,-5.463395,2
1.7727675,-5.4336934,2
12.016323,-1.3390895,4
11.223288,0.73302704,4
12.925154,-2.250819,4
12.398844,-1.8338002,4
12.400251,-1.8614696,4
12.845014,-2.4768808,4
8.477554,-5.572441,2
10.815469,0.45704842,4
1.6824398,-5.4557953,2
0.45072943,-1.8629693,2
8.741111,-5.242213,2
7.2262254,5.8303747,5
6.1346025,8.208954,5
6.907967,-0.46711457,2
4.9788322,0.6442764,2
1.9208037,-5.438962,2
-7.471557,4.8524203,1
17.946243,3.060358,0
6.865987,-0.59015554,2
8.0827465,-5.6144767,2
4.0377784,-5.14358,2
10.843114,0.6954785,4
7.7498384,-5.53436,2
-0.43899128,6.8681326,1
19.32769,4.71527,0
17.981873,2.891439,0
19.108492,6.086879,0
17.699615,2.9092612,0
12.7071295,-1.7693372,4
8.897459,-5.580549,2
4.093188,-5.6194973,2
18.338413,6.639342,0
5.026368,0.68174756,2
18.03778,3.092602,0
13.116693,-1.6732147,4
17.722668,4.185541,0
11.074146,0.2421471,4
11.92889,-1.5368295,4
13.199344,-1.9102671,4
9.554904,7.7087226,5
5.034201,0.68058014,2
6.2766504,8.097452,5
0.74830925,-1.9071234,2
12.752837,-2.6512446,4
2.5209596,-5.1760383,2
0.6611349,-1.7215296,2
3.9221675,-5.4347954,2
2.0270581,-4.938687,2
8.788398,-5.9373736,2
3.6775656,-5.296129,2
6.696371,5.9228787,5
18.158632,6.831696,0
-7.484869,4.8483696,1
7.9289923,-5.7760305,2
6.5827065,0.6215938,2
6.408409,0.59972054,2
10.800773,0.46527922,4
6.888232,-0.491407,2
2.5811763,-3.7846854,2
0.18456803,-2.0343683,2
2.411508,-3.8035493,2
12.29115,-1.572859,4
-6.9003963,4.6289463,1
12.786909,-2.2497306,4
6.212041,6.9948664,5
-7.4872856,4.8137064,1
8.24125,-5.5109005,2
-0.136767,-1.8674377,2
0.5658309,10.000373,1
17.718544,4.1568503,0
6.255514,8.034733,5
17.768816,4.192042,0
8.507783,-5.492713,2
12.343408,-1.8114573,4
11.103196,-1.8565784,4
18.288826,6.397417,0
2.7228267,-5.329602,2
8.148186,-5.5917234,2
7.773206,-5.612138,2
18.341661,6.6949296,0
1.0732704,-1.2130108,2
8.006742,-5.807624,2
2.4821913,-3.7190473,2
17.708397,4.1501894,0
10.384813,0.53786606,4
2.7219424,-5.2808247,2
6.2237315,7.023661,5
7.1699805,-5.464462,2
18.071558,2.9272256,0
8.289393,-5.9552636,2
3.7937763,-5.3040977,2
0.5858356,-2.2136962,2
3.5818923,-5.4808345,2
12.524679,-2.2600286,4
2.623555,-5.6783094,2
18.050053,2.5561984,0
12.003923,-1.3726869,4
18.98222,6.145728,0
11.134411,0.1899171,4
3.8702652,-5.676397,2
8.452146,-5.5832553,2
13.045799,-2.1240683,4
2.687519,-4.7905054,2
2.4978504,-5.85618,2
2.6363897,-3.865954,2
19.230736,4.793614,0
12.614554,-1.9761449,4
4.0754795,-5.6498814,2
8.900489,-5.5871243,2
5.0541105,0.5513234,2
-0.25167882,7.0653577,1
12.5686,-1.4311907,4
3.7397707,-5.392037,2
12.546741,-1.5504961,4
5.152267,0.47417364,2
0.0143612325,-1.9289874,2
12.176168,-1.4540479,4
3.9602976,-5.522812,2
11.050831,0.2375399,4
-7.533002,4.4527574,1
8.731851,-5.281614,2
4.0068846,-5.67065,2
6.813998,0.2693352,2
12.485202,-1.5565006,4
12.541001,-1.72778,4
0.440484,-1.7163377,2
6.449335,0.5003185,2
6.1032763,8.415353,5
7.0132556,5.793597,5
10.688305,0.6283272,4
6.8167934,-0.5078436,2
4.132538,-5.3350587,2
6.201753,7.0290556,5
0.705907,9.948938,1
17.6989,4.166115,0
7.9214807,-5.5827794,2
6.5249248,0.57097363,2
8.7163105,-5.265286,2
12.567274,-2.1653285,4
17.906567,3.1469743,0
3.5692248,-5.93319,2
9.839646,6.238329,5
13.259443,-1.8715345,4
12.287988,-1.386326,4
7.6326,-5.713456,2
11.221749,0.153813,4
11.174479,0.5443383,4
10.650656,0.7389038,4
-7.52054,4.447055,1
2.122727,-5.4050097,2
8.486304,-5.5753727,2
10.9854555,-1.8885505,4
10.946613,0.77577245,4
18.519503,6.5605397,0
0.45876023,10.133165,1
2.1820452,-3.4555094,2
13.018472,-1.7267808,4
17.86796,5.301881,0
17.854696,2.747865,0
17.865734,3.180187,0
12.365796,-1.8711041,4
2.708798,-5.268819,2
10.933231,-1.8695515,4
18.178438,6.778863,0
6.4173565,0.2630057,2
0.68924856,-1.9581345,2
3.677317,-5.311514,2
0.70647657,-1.6270133,2
4.9746137,0.6753731,2
3.5544677,-5.3038063,2
6.513473,0.30447984,2
12.526424,-1.8931831,4
3.7911296,-5.9637475,2
12.697413,-2.7022328,4
12.391264,-2.3276143,4
11.942098,-1.4731042,4
17.650692,4.1825933,0
18.042545,2.485312,0
7.981465,-5.899275,2
3.4570656,-5.381867,2
0.07449844,-1.9046985,2
8.000969,-5.8636613,2
9.599279,7.5430264,5
6.8602157,-0.541905,2
6.4849343,0.34484673,2
19.17593,4.778462,0
1.7200657,-5.4784365,2
12.348331,-2.3056493,4
0.42281798,-2.0824475,2
3.7629378,-5.9307156,2
6.424091,0.5648964,2
12.904122,-1.6518053,4
3.7332823,-5.9120035,2
18.249765,6.6241865,0
8.481991,-5.3742476,2
2.506207,-5.87083,2
-7.4848294,4.8385963,1
16.268465,6.4997916,0
3.5109267,-5.1813264,2
12.916247,-2.0611203,4
12.717896,-2.6566787,4
12.923103,-2.4909601,4
8.307857,-5.919729,2
2.8074086,-6.001848,2
12.360036,-2.466919,4
10.574429,0.65298635,4
8.5464735,-5.2210674,2
3.9514246,-5.8565726,2
18.271734,6.751146,0
0.078598894,-1.826712,2
6.818667,5.961118,5
10.893844,0.6220013,4
2.4631057,-5.9493847,2
12.484351,-1.8489547,4
12.388229,-2.4799254,4
17.883207,2.592058,0
2.7342381,-5.497559,2
17.70161,2.7085388,0
5.0024886,0.73236114,2
13.269169,-1.8857707,4
10.872404,-1.8193638,4
18.246407,6.7532444,0
13.267809,-2.6439497,4
-7.2018847,5.870718,1
2.4481962,-5.79684,2
4.090248,-5.6495223,2
18.218073,6.7708926,0
2.6621058,-4.7404594,2
1.6848689,-5.511206,2
11.938859,-1.5203594,4
-0.53607297,6.809249,1
19.126387,6.1126018,0
13.349215,-2.4263833,4
13.340951,-2.4167361,4
12.618301,-2.11712,4
13.277711,-2.6607995,4
1.7277064,-5.4550123,2
12.69571,-2.6025112,4
3.4668674,-5.694989,2
13.28414,-2.6418216,4
13.309012,-2.6634393,4
10.528476,0.53261817,4
6.682219,0.6080967,2
-7.1579785,4.8895617,1
13.305647,-2.6306505,4
3.6865811,-5.963619,2
-6.8865275,4.604476,1
17.813438,2.5557714,0
2.5072143,-5.6408596,2
3.5062869,-5.3044195,2
12.777189,-2.4198732,4
6.4055233,7.9005327,5
17.847267,2.524716,0
8.569881,-5.3609414,2
18.267351,6.7519193,0
18.325394,6.724719,0
12.891114,-2.158274,4
10.734195,0.72765994,4
-0.14910175,7.100978,1
12.740802,-2.5096579,4
3.2678123,-5.2109904,2
5.0435863,0.6715358,2
17.851295,2.5531728,0
-7.357841,4.761547,1
2.5389147,-5.8556633,2
10.45056,0.541577,4
12.986838,-2.2189105,4
12.899991,-2.4885812,4
17.895342,2.4962301,0
1.7575635,-5.477379,2
6.570856,0.49819362,2
7.6953855,-5.7369685,2
2.5745103,-5.816399,2
6.592771,0.6374869,2
6.326221,7.0363426,5
8.047486,-5.512713,2
6.2582116,8.055515,5
0.8635339,9.347854,1
19.19755,4.7955537,0
3.4139054,-5.6536427,2
8.59379,-5.1328263,2
2.0862389,-4.960133,2
10.330247,0.43107295,4
8.673584,-5.218691,2
6.7311397,0.31276667,2
6.188103,6.9310727,5
10.953827,0.2753712,4
17.855097,2.6027212,0
8.398704,-5.844306,2
6.5735607,0.56530493,2
11.0091095,-1.8787876,4
2.8759568,-6.2256894,2
0.4776334,-2.0059767,2
-0.41187224,6.523884,1
10.398681,0.44394645,4
10.585378,0.503784,4
8.933285,-5.643057,2
12.948334,-2.4499836,4
-7.3852606,4.5996556,1
8.965742,-5.59497,2
11.242799,0.94077426,4
10.397845,0.4940462,4
18.358469,3.2212665,0
11.024628,0.48403448,4
8.047576,-5.3754687,2
17.68862,4.0263968,0
0.08421117,-1.9849817,2
12.533615,-1.4777768,4
9.010359,-5.4885497,2
9.048803,-5.4212475,2
-7.2503395,6.0170975,1
0.639337,-2.0513136,2
13.256826,-2.639962,4
18.217634,6.7682576,0
-7.562776,4.435015,1
13.055895,-2.1728735,4
6.4359264,7.668838,5
8.713115,-6.047915,2
2.5979993,-5.1335754,2
13.178932,-2.4843338,4
2.0280948,-5.0146894,2
2.1883967,-5.3357506,2
17.604836,2.9227328,0
10.583514,0.5046112,4
-0.50624526,6.3723645,1
6.8978877,-0.6337128,2
6.323119,7.8998,5
8.719591,-6.0140634,2
6.581501,0.65370613,2
1.7004598,-5.5074735,2
2.3967042,-5.352625,2
2.5667264,-5.636932,2
17.851877,3.0950043,0
18.211779,6.767267,0
-7.4835253,4.580049,1
6.5292807,0.32511258,2
8.702123,-6.054182,2
17.90112,2.4919505,0
12.531349,-1.983587,4
11.018666,-1.8727919,4
2.1093924,-4.921445,2
4.960113,0.46180016,2
2.5109131,-5.1706295,2
12.399508,-1.4920303,4
4.1056232,-5.602413,2
7.797473,-5.593759,2
8.009579,-5.585772,2
10.737512,0.37935472,4
17.890635,5.329566,0
12.920722,-1.8371407,4
3.4392872,-4.8874445,2
2.889673,-6.2250824,2
1.7013104,-5.495963,2
2.084571,-4.965941,2
1.7276747,-5.4632244,2
17.842182,5.2731524,0
10.98311,-1.8874555,4
2.8820539,-6.2709265,2
12.67398,-2.688092,4
2.4730453,-5.93959,2
10.284426,0.6299909,4
17.874958,5.2968645,0
18.322248,6.7266936,0
2.7223544,-4.000523,2
0.027548755,6.7786407,1
3.7882833,-5.743848,2
3.6336944,-5.9181147,2
3.6341553,-5.7662797,2
9.02225,-5.483428,2
17.992254,2.7021937,0
12.48475,-1.9725521,4
7.971538,-5.864453,2
12.602099,-2.1666095,4
2.9985454,-5.9286976,2
0.54965585,-2.1695619,2
12.538149,-1.7489493,4
2.4645936,-3.7982562,2
2.7201846,-4.6613216,2
7.250518,-5.506084,2
8.669093,-6.047054,2
3.9986286,-5.5658727,2
7.811899,-5.660364,2
3.8159113,-5.8722816,2
0.03496189,-1.9905636,2
10.942259,-1.9161698,4
16.235168,6.3737874,0
2.4912872,-3.7913845,2
6.4550195,0.48402098,2
11.060945,-1.8113655,4
8.669329,-5.2632236,2
17.849894,2.5123267,0
12.796745,-2.5285118,4
10.38037,0.5053708,4
12.643858,-2.7414708,4
7.716848,-5.763505,2
13.258383,-1.9598947,4
-0.15140389,6.353328,1
13.372055,-2.5158145,4
2.5402303,-5.7624593,2
6.613084,0.24015743,2
5.03998,0.67249155,2
6.3657317,7.830458,5
12.727015,-2.6721077,4
19.289648,4.824491,0
12.389474,-2.499085,4
6.7842484,0.25612673,2
0.061788253,-1.8942114,2
-7.233322,5.993015,1
0.040941413,6.6653824,1
1.4042062,9.681074,1
15.343392,5.6389465,0
1.1152017,9.262028,1
14.912217,6.917267,0
2.7551465,6.907842,1
0.9833227,9.290694,1
6.319015,7.88091,5
8.996233,7.1544647,5
1.0580263,9.323944,1
17.79801,4.0862985,0
-0.07378928,6.809195,1
0.18386602,6.2988663,1
16.69918,7.1972923,0
2.69698,6.699567,1
-0.25178295,7.1119394,1
15.344498,5.6783166,0
-0.2136421,6.657467,1
-7.261921,6.0281043,1
1.1281455,7.823439,1
2.4444861,-5.832913,2
2.7671385,6.821267,1
-6.958471,4.6978936,1
2.1353757,-5.269054,2
2.8379087,6.799379,1
9.716436,6.3541703,5
9.73461,6.3438854,5
9.611673,7.6786995,5
15.273588,5.6812973,0
8.804451,-5.6649933,2
15.322233,5.6967382,0
-0.50477874,6.9014773,1
2.5522437,-5.03054,2
6.1710024,7.8117533,5
0.062624626,6.080999,1
-7.1633205,5.90623,1
10.382377,0.44931215,4
15.198335,5.644164,0
0.05301045,6.7426124,1
-0.04882273,6.856001,1
1.3104314,7.792313,1
1.4537798,9.247913,1
8.531392,-5.8488436,2
19.226143,4.700545,0
1.1552278,7.861915,1
8.5733,-5.96937,2
2.55247,6.8259144,1
2.5066948,-4.7721677,2
9.376837,7.114821,5
-0.34924823,7.0641313,1
15.294219,5.6895294,0
6.3029513,7.875358,5
3.4896498,-5.053149,2
1.1703494,9.329849,1
6.8109765,5.835263,5
1.144375,9.272294,1
17.786257,4.1443887,0
2.7237697,6.8809566,1
2.798196,-5.333272,2
13.230332,-2.3669295,4
1.865117,-5.3657804,2
15.574816,6.2317953,0
-7.072615,5.974852,1
-0.0693715,6.243174,1
6.5282564,0.4412084,2
1.7871433,-5.4352574,2
9.548225,7.540738,5
17.768333,3.1351235,0
1.6942772,-5.442584,2
9.57734,7.6333694,5
-0.30728674,7.057656,1
6.2617545,7.832125,5
2.8066728,6.8949833,1
2.731832,6.760169,1
2.8300195,-5.312384,2
-0.41130653,6.5081716,1
-0.3743535,6.75217,1
-0.050997008,6.8932896,1
6.8140273,-0.5229825,2
0.09843673,6.6797214,1
6.561842,7.3649635,5
6.1603794,7.764545,5
-0.3817525,6.444198,1
0.037791274,6.092883,1
2.6491177,6.7111473,1
0.14724228,6.2491364,1
1.0533525,9.231516,1
1.276869,9.356387,1
9.721963,6.375015,5
18.293583,6.609992,0
17.627493,2.9109156,0
9.529688,7.5124454,5
3.005093,-5.625039,2
15.094819,5.7154355,0
-0.33623007,7.164349,1
12.445668,-2.1002073,4
6.6055703,7.332411,5
15.981332,7.039536,0
-0.16895664,6.947249,1
1.0936909,7.755832,1
0.53720206,-2.0423565,2
2.6390197,6.7576833,1
17.716377,4.1782928,0
12.97598,-2.2237973,4
6.2789307,7.8650208,5
2.4920094,6.59308,1
1.5959153,9.271881,1
6.502188,5.632017,5
6.1760654,6.9713984,5
15.0909,6.2330117,0
9.736154,6.3268213,5
-0.195412,6.7811713,1
15.453663,6.333471,0
8.583859,-5.425937,2
1.4387308,9.304864,1
15.301428,5.676911,0
11.035115,-1.9814551,4
14.879494,6.9321127,0
2.484745,-5.824524,2
1.176911,9.43134,1
9.567583,7.6753035,5
2.8912086,6.802787,1
9.679959,6.3336263,5
2.253977,-5.233598,2
6.244389,6.8341746,5
12.585035,-2.2598538,4
2.5955293,6.6609087,1
12.3391905,-2.410561,4
16.713562,7.1875405,0
2.4761627,-3.7061453,2
2.87274,6.850917,1
6.5832453,7.3271375,5
6.3145533,0.38171282,2
-0.13732435,6.831199,1
-0.024756795,6.901806,1
2.7440257,6.8387,1
1.2129434,9.27983,1
9.084135,7.0921144,5
15.519788,6.296644,0
6.2072134,6.9306374,5
1.2050356,7.689221,1
1.7310002,-5.4520707,2
13.215757,-2.2654,4
0.51526296,-2.1295211,2
1.1194642,9.321077,1
10.861631,0.41500023,4
0.055138603,6.682194,1
2.7811182,6.8384404,1
15.575246,6.234879,0
10.610315,0.65218955,4
15.214698,5.6950507,0
0.103647955,6.153874,1
9.807943,6.2600703,5
9.652174,7.5228105,5
6.271886,7.967688,5
1.4629557,9.234264,1
-0.2802566,7.1018486,1
3.150523,-4.842745,2
12.4231,-1.9399834,4
1.2951654,7.8567376,1
-6.885615,4.6150994,1
9.562604,7.6187696,5
15.272107,5.675349,0
2.0819323,-5.0310597,2
17.935764,2.6774867,0
2.6071095,6.855339,1
2.14435,-5.0250554,2
12.43173,-2.3644848,4
1.2581092,7.733304,1
2.4234972,6.6205573,1
12.714921,-1.5920929,4
9.052221,7.0992227,5
15.526475,6.2375093,0
11.022943,-1.9648186,4
5.0297365,0.72411793,2
9.566553,7.5508156,5
1.130178,7.773626,1
7.798122,-5.523612,2
0.18506213,-1.9910753,2
2.9366431,-4.985148,2
-0.34418678,6.488805,1
-0.33228302,6.555184,1
-6.929981,4.7718196,1
-0.41187486,6.5883083,1
3.6040385,-5.8376946,2
17.969078,2.5505984,0
4.0972047,-5.4894094,2
8.60981,-5.909165,2
10.904529,0.30397186,4
6.3209004,8.028111,5
2.9641078,-4.961405,2
0.12088531,6.7568593,1
3.499458,-5.6605906,2
2.8483834,-5.8502774,2
6.713989,5.638595,5
2.4356523,6.52427,1
2.7255156,6.7927675,1
6.4445524,0.64743245,2
-0.09282856,6.667528,1
17.681429,3.1229234,0
1.3196198,7.84467,1
-0.2504298,7.0942364,1
8.978431,-5.5565534,2
6.31779,7.926109,5
6.719986,7.31647,5
1.2340364,7.6994367,1
10.362912,0.47888497,4
17.810572,5.313514,0
10.945076,-1.902748,4
-0.03792459,6.6729856,1
-0.28608862,7.116841,1
2.4266238,-3.7292733,2
6.3277993,7.85374,5
-0.048694085,6.7913275,1
8.869752,-5.4021993,2
-0.21628161,7.042971,1
3.4366357,-4.3145504,2
0.55087477,-2.1828125,2
6.372141,7.909484,5
6.2969046,7.84705,5
15.267757,5.688718,0
6.6711445,7.2804713,5
-0.49806684,6.526621,1
-0.41085243,6.6464324,1
2.9119785,6.8532076,1
12.694733,-2.667546,4
9.779613,6.3813643,5
-0.20883875,7.1503286,1
15.959653,7.0712523,0
2.7733903,6.914905,1
6.153113,6.7561736,5
2.8360217,-4.9708667,2
6.4736495,7.9859333,5
6.143037,7.759866,5
2.5969508,6.626935,1
6.266928,7.8710437,5
2.632359,-5.187397,2
7.62388,-5.549963,2
1.1500255,9.274406,1
3.8354042,-5.510878,2
1.3128141,9.306472,1
0.2166523,6.3663816,1
0.96005094,9.37783,1
18.202654,2.5368984,0
3.4184055,-5.767598,2
1.1231904,9.266978,1
3.592972,-5.4714775,2
6.598146,8.142029,5
-0.03939779,6.8830414,1
-7.4501724,4.5724897,1
9.528479,7.558177,5
1.7268451,-5.477014,2
1.0256653,9.537107,1
2.4340086,6.6298575,1
15.468775,6.310229,0
17.870031,2.693187,0
14.8248625,5.8612795,0
0.9510116,9.491182,1
3.6928072,-5.584158,2
6.3313546,0.48684457,2
0.13648067,-1.7977957,2
2.5596929,6.7953606,1
3.330954,-5.0383825,2
-0.31060073,6.8912816,1
19.056808,6.2124305,0
2.4706774,-5.8546257,2
6.0890846,7.832339,5
-0.32651496,7.056132,1
8.098203,-5.8661737,2
-0.076760605,-1.9885893,2
9.611285,7.7271185,5
6.5306287,7.2620997,5
0.19918579,-1.9804115,2
1.2452866,7.7593517,1
18.248049,3.403524,0
3.4398968,-5.3081884,2
11.002996,-1.8737756,4
8.416155,-5.24086,2
2.9117696,-5.1147094,2
-7.566341,4.5320773,1
9.129069,6.997756,5
6.450974,7.728944,5
-0.4802078,6.703931,1
12.334106,-2.3882139,4
17.885702,2.91834,0
17.794252,4.213818,0
0.04255972,-1.9661845,2
2.7098312,6.8268633,1
8.661254,-5.8733783,2
18.300793,3.6802652,0
6.224728,7.9112077,5
1.1513354,7.829015,1
16.78478,7.276082,0
-0.035882164,6.6010075,1
8.017585,-5.8665876,2
2.525771,-5.8046346,2
9.6475115,7.578078,5
0.09445616,-1.988849,2
12.513815,-2.1080856,4
10.662188,0.819731,4
3.8464122,-5.6021366,2
-0.2909908,7.1840014,1
0.05558003,-1.9260229,2
3.2949352,-5.5502644,2
3.6298168,-5.948006,2
-0.26126078,7.118796,1
15.532979,6.2801766,0
3.7279215,-5.3729076,2
0.81872016,9.960168,1
-0.4819281,6.705693,1
11.172694,0.14268476,4
1.1202044,7.7732453,1
2.7943184,6.816821,1
1.275002,7.8167443,1
12.841529,-1.7497073,4
8.287292,-5.3898835,2
19.21864,4.7243686,0
2.5687697,6.660719,1
6.519892,4.9866376,5
2.7273319,6.823756,1
11.215663,0.13059726,4
12.462764,-1.8456513,4
15.210865,5.671145,0
18.252094,6.762083,0
14.883972,6.9103436,0
2.553001,6.624398,1
12.419845,-1.6647422,4
2.4980822,-3.765395,2
2.5681956,6.629086,1
2.5295777,6.537775,1
7.0887885,-5.442994,2
6.340642,6.9621425,5
7.7610507,5.8020844,5
12.506298,-1.5020057,4
19.11555,6.164863,0
-0.39616933,6.803977,1
9.757153,7.4929237,5
10.621903,0.6540718,4
17.972252,3.0855365,0
1.0590469,9.39499,1
4.006788,-5.492839,2
2.5924225,6.6222854,1
8.503689,-5.934676,2
0.06322014,6.452248,1
16.403965,7.403048,0
17.855831,4.0476723,0
2.6846313,6.7965775,1
11.897704,-1.3169894,4
17.85361,4.0807085,0
18.019257,2.5725172,0
1.621029,9.405009,1
0.07845982,6.417217,1
15.547944,6.2604876,0
-7.0535083,5.901877,1
3.9702334,-5.5741653,2
17.709646,4.104668,0
6.4254565,7.967715,5
13.095662,-2.1669447,4
-6.8795013,4.6212845,1
9.812399,6.3948884,5
0.5018576,-2.1884296,2
9.623073,7.5905,5
-0.27310783,7.0829773,1
6.684846,5.9615755,5
1.7967643,-5.448293,2
6.354862,7.841243,5
3.7650201,-5.952145,2
6.1264186,8.101925,5
-0.6558732,6.7359333,1
6.234565,7.8549666,5
0.7534563,9.275364,1
17.66722,4.1620317,0
15.304313,5.650192,0
12.475473,-1.5700924,4
-0.262828,6.9209757,1
2.4591208,6.622013,1
6.268404,7.854276,5
8.556926,-5.870253,2
0.935638,9.7330065,1
2.7851949,6.905937,1
6.8461623,-0.6069812,2
10.8813,0.2910237,4
2.884306,-4.6040816,2
-0.4182322,6.9569874,1
0.0559666,6.5285096,1
12.766026,-2.6527305,4
2.4033084,6.616009,1
14.851743,6.945117,0
9.527337,7.1523876,5
8.510858,-5.341184,2
3.980852,-5.657789,2
12.7245035,-2.6545825,4
9.7809305,6.33519,5
14.926676,6.90049,0
-0.35950318,6.801836,1
-0.110138826,7.001492,1
0.49245676,-2.1473749,2
19.100462,6.1979027,0
2.3672016,6.534387,1
2.7267778,6.443059,1
17.849758,2.5647845,0
6.4022875,7.909888,5
18.228191,6.594105,0
6.2954235,7.811216,5
6.670231,5.754544,5
11.051589,-1.8152755,4
3.662954,-5.8952713,2
11.028078,0.25848764,4
1.2532504,7.8260818,1
-0.21058376,7.070653,1
7.6707287,-5.753007,2
2.4165301,6.5441494,1
13.179972,-2.59611,4
1.3050064,9.251941,1
11.970132,-1.4989352,4
14.862253,6.93313,0
9.097516,7.056335,5
12.49789,-1.7470725,4
12.872989,-1.7587297,4
18.08528,2.5124502,0
3.7109454,-5.767526,2
15.275532,5.68603,0
1.3692486,9.278467,1
1.310543,9.414356,1
12.591575,-2.2747138,4
9.074838,7.0498,5
9.440144,7.145006,5
15.265508,6.049127,0
3.5403006,-5.788039,2
2.4461865,6.666337,1
13.330951,-1.8874421,4
-0.03485838,6.8431163,1
2.7503734,6.8728185,1
15.2402,5.6438065,0
6.1563106,7.9599247,5
3.467647,-5.5566473,2
2.684626,7.016732,1
6.7681494,0.21238893,2
1.1867204,7.758802,1
1.1206452,9.419829,1
16.980595,7.1805596,0
6.525106,0.5345266,2
11.215318,0.17770475,4
3.4472885,-5.3775806,2
1.196775,7.7541122,1
6.4083676,8.010644,5
15.96635,7.07582,0
2.4589367,6.569502,1
15.4795065,6.302785,0
16.637287,7.227832,0
1.018498,9.399148,1
1.3874929,9.255814,1
-0.45258567,6.979787,1
-0.14993194,6.768837,1
10.8259115,0.4073829,4
2.6008804,6.606431,1
2.8088372,6.9340787,1
-0.6401808,6.859543,1
7.964895,-5.8953085,2
2.4192731,7.3169074,1
-0.21618474,7.003966,1
9.574803,7.525952,5
13.01112,-2.1989386,4
2.2543855,9.19405,1
0.9031042,9.314961,1
-0.2752186,7.191356,1
18.090864,3.2560976,0
-0.16603811,6.6206594,1
7.514222,-5.620252,2
0.631479,-1.9416099,2
10.860769,0.27457404,4
9.067368,7.1160917,5
12.434065,-1.6797189,4
6.211244,6.976656,5
0.053554863,6.8060646,1
-0.2477663,7.1060705,1
6.716412,5.770127,5
3.5390916,-5.5169864,2
15.34157,5.681952,0
10.932009,0.38457617,4
-7.4834166,4.817088,1
7.8877463,-5.8986235,2
1.0061826,9.269212,1
3.8096554,-5.680428,2
17.828293,2.8256738,0
-0.012912268,6.69314,1
2.541834,6.8131175,1
2.385883,-5.378796,2
9.80315,6.366947,5
3.524777,-5.2674966,2
11.901673,-1.3191111,4
6.85028,-0.54182196,2
12.335393,-1.9538354,4
-0.2383137,6.5630054,1
1.1052331,7.794138,1
3.4323795,-5.694094,2
3.5844896,-5.809292,2
12.790938,-2.5414221,4
6.8712187,5.9341254,5
0.10769883,6.422413,1
0.9856357,9.334982,1
6.1642146,7.7940536,5
1.225888,9.430962,1
-0.59706944,6.8279343,1
1.4775811,9.220203,1
-0.14870898,6.868988,1
8.283261,-5.4572415,2
9.499187,7.5172005,5
17.714481,4.183973,0
0.5414637,-1.8860301,2
1.4381403,7.9246125,1
0.04898694,6.5110993,1
2.6109118,6.8634553,1
6.7316647,5.666028,5
8.523008,-5.4290843,2
-7.0534616,5.988197,1
9.087164,7.0947804,5
11.999234,-1.5088813,4
15.968641,7.0566945,0
9.602337,7.7108254,5
1.0389498,9.451217,1
0.08352407,-1.853511,2
0.18494378,-1.8886776,2
10.879818,0.22504546,4
-0.29408747,7.1163597,1
7.6536183,-5.5189424,2
6.6058245,5.734336,5
1.7982398,-5.462862,2
6.195148,6.962414,5
6.55697,5.4704213,5
6.543868,0.31923905,2
6.7302012,0.26887593,2
9.797744,6.4851556,5
13.077138,-2.5236216,4
12.326891,-2.4104388,4
6.4706793,5.156305,5
18.224165,2.7790015,0
-0.43013665,6.528485,1
0.18252406,-1.8849214,2
9.537301,7.516274,5
0.65271866,-2.063075,2
6.216576,6.8728824,5
6.7134633,0.23247354,2
6.4978237,0.5774323,2
-0.023663793,6.787322,1
6.277296,7.8492527,5
6.5628114,8.104172,5
6.5808377,5.611413,5
6.242515,7.904311,5
2.7606742,6.9465985,1
9.401905,7.190827,5
1.2875487,7.726858,1
1.165653,9.366918,1
10.870345,-1.8483709,4
0.09224865,6.4807167,1
0.90445834,9.33153,1
15.201674,5.701534,0
3.7591085,-5.33178,2
-0.2834411,7.020678,1
17.01955,7.441291,0
6.140601,7.823128,5
2.4076111,6.574101,1
-0.33152673,7.1430073,1
0.15443794,6.1720433,1
7.699708,-5.7806187,2
12.531277,-1.5036943,4
9.762402,6.376974,5
6.245003,6.9088874,5
0.08466015,6.6577606,1
-6.8734407,4.620796,1
15.306789,5.718874,0
19.07609,6.0251107,0
9.6620245,7.545671,5
8.540775,-5.8867364,2
2.239062,9.20838,1
16.027325,6.534424,0
1.2994959,7.822997,1
1.2330481,9.387518,1
0.6588774,-2.0776904,2
9.552743,7.7015452,5
10.946709,0.23973064,4
4.7861147,0.6632706,2
8.254572,-5.636532,2
11.10041,0.32063127,4
17.767208,3.1732042,0
3.1208408,-4.747175,2
2.586956,6.708294,1
8.5435705,-5.8893447,2
18.044668,2.8601282,0
12.123379,-1.4767946,4
1.6659716,9.204601,1
1.0479596,9.332043,1
1.3246309,7.8490496,1
2.8944936,-4.622217,2
9.624721,7.6791024,5
-0.0610981,6.820853,1
6.735255,5.6799674,5
8.407743,-5.4319625,2
7.171965,-5.4573755,2
1.7347596,-5.456802,2
8.992775,7.163214,5
-0.2103186,6.546533,1
1.275631,7.887816,1
6.547577,7.2686496,5
12.243854,-1.3526603,4
2.7608469,6.783389,1
1.1966869,9.345412,1
2.8347933,6.949352,1
9.637903,7.508513,5
12.923965,-2.2994452,4
0.08071434,6.056234,1
0.21313752,-1.8874584,2
-0.263275,6.935496,1
18.834541,5.320558,0
6.4941554,7.8590455,5
14.867415,6.9143806,0
6.535874,5.5920625,5
9.560347,7.519422,5
6.700964,8.084608,5
6.738104,0.5137827,2
-0.2845854,6.9834223,1
3.3561711,-4.777056,2
1.7526093,-5.4379673,2
2.5628035,6.9458523,1
3.081189,-5.407374,2
9.059323,7.071537,5
3.823318,-5.012777,2
9.683114,6.3526826,5
0.008151245,6.6459827,1
-7.187381,5.8896675,1
17.746532,4.173246,0
0.15175983,6.1687274,1
1.3195049,9.295318,1
-0.52999043,6.841689,1
0.6129664,9.493224,1
1.2397529,7.7436347,1
0.8889116,-1.3414376,2
3.8135273,-5.8460107,2
8.992665,7.126926,5
-0.4291038,6.5666866,1
9.1600065,7.070752,5
8.080435,-5.529707,2
2.9105864,-4.94935,2
1.0947732,7.7897553,1
17.896141,2.539211,0
9.5564995,7.636547,5
5.0469637,0.51083165,2
-0.37834913,6.4554005,1
18.051373,2.822171,0
0.03371272,6.8237443,1
-0.3737286,6.542212,1
6.7112026,7.1723847,5
9.647874,7.5438566,5
18.270035,6.591638,0
9.643889,7.492417,5
9.56337,7.729299,5
9.610911,7.53816,5
0.98402804,9.378316,1
2.3714113,6.5570908,1
0.121423654,6.763267,1
12.813926,-2.5599618,4
12.77429,-1.762687,4
-7.0479393,5.8819227,1
0.10731444,6.230657,1
9.81374,6.392716,5
2.368793,6.557211,1
0.2423241,6.2098455,1
6.627249,5.704748,5
6.2704415,6.966458,5
17.914839,5.3530927,0
17.96773,3.081897,0
2.3685784,6.540582,1
2.9234836,-4.7627726,2
2.7596827,6.911529,1
6.7529154,-0.2786894,2
3.3286934,-5.2255244,2
3.967493,-5.351912,2
18.115698,3.237167,0
0.11861773,6.449945,1
-0.010930354,6.5919037,1
1.0944066,7.7487516,1
12.351699,-1.779523,4
10.9742,0.32513827,4
2.7466388,6.8450613,1
0.06720409,-1.9669389,2
2.4911613,-4.8974323,2
11.05343,0.25819921,4
3.3972735,-5.2855206,2
2.9573448,-6.1738815,2
10.984772,-1.9030842,4
6.118465,7.809161,5
-0.4634645,6.9241586,1
-0.5033871,6.766995,1
-0.01314872,6.7421284,1
19.104548,6.075,0
6.8535438,-0.4592383,2
-0.44326973,6.9767947,1
-0.3954237,6.7207975,1
11.11884,-1.8794072,4
7.695876,-5.5563407,2
2.362183,-5.0551023,2
0.9411224,9.558266,1
11.104732,0.49772048,4
10.901444,0.40099445,4
2.761044,6.8463387,1
6.0565543,7.7674556,5
18.002472,2.7044337,0
2.5916646,6.8208566,1
12.770473,-1.7226604,4
3.605582,-5.5181465,2
2.5636985,6.5332065,1
6.168312,7.8323827,5
0.090651765,-1.9466596,2
2.6813416,6.705532,1
2.6044314,6.6374807,1
4.2903557,-5.5191107,2
9.833961,6.4491754,5
9.562703,7.579572,5
15.494416,6.2790704,0
6.445469,7.7804365,5
-0.25112736,6.7394247,1
-0.21933237,7.0662575,1
9.7572565,6.3332534,5
15.974734,7.026287,0
3.5327702,-5.7731147,2
7.6015496,-5.57015,2
0.025816625,6.7206855,1
1.1015645,9.402671,1
15.346285,5.69584,0
1.0945375,7.7852483,1
19.132505,6.1425223,0
-0.18713793,7.106963,1
0.030773044,6.601985,1
3.8560712,-5.573084,2
-6.873101,4.629399,1
12.411458,-1.7199823,4
4.237044,-5.538735,2
-0.17497236,6.830215,1
6.2728367,7.859006,5
14.846497,6.9446874,0
6.4009023,7.8768897,5
3.911719,-5.7709703,2
6.51736,7.382836,5
0.50223213,-2.206351,2
2.3641167,-5.5657463,2
2.7274785,6.833354,1
2.380418,-4.9601774,2
13.018128,-2.2040653,4
2.4741597,6.635823,1
0.9803854,9.2446375,1
6.2052245,6.984501,5
-0.05471003,6.8801703,1
0.12452702,-1.9313836,2
9.607658,7.701363,5
9.055851,7.100873,5
-0.27868757,6.4579864,1
3.7736347,-4.984295,2
9.046925,7.0862722,5
3.0579767,-4.7714286,2
0.048730195,6.6108484,1
0.100457005,6.710499,1
2.428299,6.594287,1
0.055593133,6.7184277,1
0.0018538592,6.6879864,1
2.859588,6.8677793,1
2.4661663,6.765505,1
-0.19879566,6.5173583,1
2.644633,6.7183156,1
0.06099984,6.648333,1
2.9644537,-5.941031,2
0.025871761,6.7300925,1
0.08728396,6.6660194,1
1.3306305,7.5726423,1
7.455158,-5.556672,2
-0.08471317,6.243426,1
1.1461957,9.4953165,1
1.1601433,9.514682,1
2.510455,6.6767836,1
2.4038525,6.5601773,1
2.760571,6.901941,1
14.794838,6.865138,0
2.6395879,6.733169,1
2.6738453,6.7657456,1
2.7462986,6.8663673,1
6.218387,6.943473,5
1.0366399,9.531195,1
-0.03805815,6.853289,1
14.80384,6.939011,0
2.7212443,6.959677,1
-0.18543144,6.9649367,1
1.1885495,7.7964783,1
-0.5327551,6.821132,1
2.668501,6.852071,1
4.990711,0.6388088,2
0.88159615,-1.6211551,2
9.019999,7.100708,5
9.118721,7.059673,5
6.1659665,6.9672422,5
1.1223435,9.31873,1
1.1911919,7.8182797,1
-0.5206943,6.541774,1
9.528653,7.607549,5
3.7510433,-6.0410852,2
17.695143,2.8470032,0
11.004678,-1.9655118,4
-6.893942,4.627486,1
10.887488,-1.8946587,4
6.1628327,6.920113,5
1.114329,9.301227,1
-0.5078643,6.815706,1
16.04958,6.486116,0
17.93586,2.7815082,0
6.273625,0.4438127,2
-0.24815397,6.351542,1
6.7971015,5.5277185,5
2.5915408,6.6927776,1
2.5872571,6.7385626,1
17.754848,4.190522,0
9.048906,7.1051216,5
-0.29853618,7.014548,1
15.1163435,5.6807156,0
0.47736707,-1.8126882,2
-0.15399548,7.0285606,1
9.051591,7.073153,5
1.1363755,9.369549,1
6.1639624,6.817419,5
-6.981936,4.7035947,1
1.3863753,9.212603,1
11.081232,0.293323,4
17.726763,4.183228,0
-0.3144013,6.9641857,1
0.16932969,6.40082,1
2.6176221,6.802122,1
0.07395083,6.0798335,1
2.4691546,6.5860715,1
9.896089,6.167805,5
2.7431624,6.885948,1
-0.3560086,6.3308773,1
1.1900872,7.809564,1
1.8469669,-5.511771,2
0.018648727,6.605539,1
-0.11054308,6.468636,1
2.753564,6.7843065,1
2.5825996,6.7990336,1
6.318913,7.8815875,5
2.464226,6.6121006,1
-7.0478034,5.8991547,1
0.03554143,6.4251685,1
2.5076742,6.567968,1
6.1798515,6.801324,5
6.199301,6.771748,5
-0.30485255,6.9837594,1
-0.26525602,6.3694096,1
10.421487,0.42694142,4
9.554501,7.5693603,5
1.1481394,9.340724,1
0.09410733,6.664788,1
9.539263,7.6662817,5
0.022613348,6.4063907,1
-0.29224876,7.0092955,1
2.4974406,6.8404346,1
6.3656044,7.4678006,5
2.7237873,6.611022,1
6.5527844,5.6649203,5
6.2242174,7.9072604,5
0.22088227,6.3359,1
1.2429166,7.811051,1
6.5876865,6.0217323,5
2.4088268,6.5210977,1
2.4225032,6.558997,1
3.2658386,-4.6206765,2
9.649616,7.5824766,5
6.230883,7.9248757,5
2.5478516,6.698379,1
9.717637,6.470782,5
5.085609,0.43640548,2
2.599341,6.7924175,1
0.051653832,6.6475563,1
9.051883,7.0783005,5
-0.26462558,6.526553,1
-0.08599994,6.8368125,1
2.609079,-3.8190236,2
6.4570646,7.338546,5
2.6657481,6.745798,1
1.1595726,9.373183,1
2.004469,-5.355743,2
15.112969,5.74037,0
2.7027977,6.9124303,1
0.011678473,6.6964445,1
1.3687483,9.324162,1
2.6687028,6.9346395,1
-0.21027108,7.0971165,1
-0.030734917,6.773498,1
0.93166196,9.257992,1
9.038742,7.0495143,5
4.1989765,-5.4620547,2
0.90985745,7.6974254,1
1.0992035,9.364875,1
0.06685479,6.511901,1
6.669839,7.308557,5
3.8411295,-5.547889,2
-0.10684395,6.909192,1
15.478967,6.3636055,0
2.1910462,-5.5194674,2
0.06395906,6.6747627,1
2.431205,6.55913,1
-0.0176797,6.8132877,1
6.919608,5.3968024,5
16.704815,7.281425,0
17.000795,7.3334346,0
2.7259326,6.901851,1
2.6356025,6.8232036,1
9.039792,7.100866,5
2.6888428,6.8151207,1
0.9449752,9.236735,1
9.50907,7.609923,5
16.245682,6.4172792,0
1.1335158,9.2681,1
1.094378,9.2230425,1
2.5339878,-3.7722726,2
2.5265098,6.693581,1
9.5549345,7.645784,5
17.8971,2.7152967,0
2.7815385,-5.2273555,2
9.049796,7.088642,5
15.24711,5.6627936,0
8.099818,-5.457932,2
8.777914,-6.011576,2
0.084602974,6.707653,1
-0.02340342,6.8896675,1
15.255902,5.611182,0
6.344998,7.855008,5
1.2421193,7.688025,1
6.8366017,8.180872,5
9.017147,7.1136036,5
1.105471,9.204477,1
17.869738,5.32897,0
1.1026736,9.46301,1
9.099531,6.9971733,5
2.7681787,6.4601693,1
2.9392865,6.8993154,1
2.7081685,6.888232,1
-0.19760281,7.0512996,1
2.537208,6.68777,1
0.108444445,6.6023536,1
2.4732792,6.577177,1
9.553042,7.613278,5
0.052185595,6.7162514,1
-0.35815093,6.9663343,1
2.5669682,6.7710104,1
9.558235,7.6292095,5
0.95316434,9.674582,1
1.6831106,-5.515032,2
9.559794,7.6636004,5
6.8693323,5.422139,5
1.39235,9.444422,1
2.806824,6.8292685,1
6.3376417,7.878187,5
7.0947914,5.84999,5
8.994975,7.101233,5
-0.42756045,6.738769,1
0.38898256,-1.7198033,2
2.6096733,6.67383,1
2.9306326,-6.1029096,2
-0.19932048,6.7672524,1
2.6809046,6.85582,1
6.202827,7.856055,5
17.009737,7.31811,0
17.863747,4.2615047,0
0.85223484,9.758534,1
9.600582,7.583815,5
2.587499,7.0908155,1
15.446447,6.1933756,0
2.4844728,6.6292157,1
3.4602995,-5.036367,2
2.697148,6.8624964,1
0.8545745,9.631294,1
7.067539,5.813361,5
15.112106,5.7115545,0
-0.16704723,6.8593416,1
15.174134,5.674035,0
2.653311,6.7584558,1
2.5849643,6.64198,1
-0.08564334,6.664741,1
2.4749594,6.644335,1
0.03947144,6.365595,1
6.605267,5.578392,5
2.617772,6.7958555,1
9.088503,7.026822,5
3.443969,-5.6328483,2
15.566051,6.311185,0
8.560474,-5.4187493,2
-7.094541,4.898927,1
2.4907024,6.67038,1
5.158442,0.5384834,2
9.619666,7.470184,5
9.806042,6.311472,5
15.285966,5.7068386,0
1.1798097,7.8003564,1
-0.13310757,6.520615,1
-0.109530434,6.677567,1
17.96451,3.2386453,0
11.697605,-0.55703837,4
4.159415,-5.366507,2
-0.31552047,7.182377,1
-0.057606548,6.615682,1
2.4514716,6.643114,1
9.664701,7.6487913,5
-0.41557628,7.0719767,1
0.72561795,9.705029,1
2.5620172,6.7280655,1
9.661055,7.6129518,5
2.6700945,6.869187,1
-0.49850744,6.956745,1
11.005359,-1.8583922,4
6.2079635,8.048329,5
6.1735883,7.9482956,5
0.040458202,6.490798,1
9.67626,7.694577,5
17.968359,2.607613,0
12.733379,-2.6721122,4
6.3130436,8.11839,5
-0.2839858,6.970478,1
6.4966173,8.35699,5
3.820504,-5.3174214,2
5.0061173,0.5037038,2
-0.12948021,6.545457,1
9.087291,7.0611625,5
2.4440374,6.6577454,1
2.7851381,-5.193391,2
2.6315346,6.4745398,1
6.635666,5.6269884,5
-0.002547245,6.7759657,1
2.6504638,6.864969,1
0.46431902,-1.9780173,2
2.3697681,6.5368524,1
1.1544809,9.453354,1
-0.28743878,6.490027,1
2.3871343,6.6313868,1
-0.27902701,7.09945,1
2.8684497,-6.258911,2
17.848476,2.718772,0
-0.35030425,6.7391086,1
16.085396,6.5171566,0
12.422521,-1.8759604,4
9.114048,7.0716076,5
2.3858354,6.5106378,1
10.997075,-1.9632405,4
19.12121,6.0914083,0
-0.198605,6.449565,1
2.6392472,-4.9203024,2
12.104755,-1.2929684,4
6.1986284,6.814506,5
9.680232,7.587059,5
3.7055798,-5.9376893,2
0.23666038,6.2152753,1
14.848206,6.9560885,0
6.4310846,0.5136649,2
0.02544338,6.395366,1
8.11352,-5.467415,2
2.5702646,6.7105603,1
6.7703147,7.277628,5
1.1079242,7.67823,1
11.12607,-1.7105894,4
2.6278446,6.868949,1
-0.29091546,6.514543,1
2.4179897,6.551632,1
0.8273624,9.611766,1
9.658111,7.6692305,5
6.1407027,7.8668976,5
0.68086165,9.380755,1
2.603393,6.716032,1
4.0762696,-5.4205904,2
-0.25283352,7.0457697,1
-0.46881247,6.9106574,1
2.4054246,6.6687975,1
6.2772202,7.871239,5
0.06104911,6.1947885,1
1.2142795,7.722505,1
12.414573,-1.5203086,4
12.396769,-1.726759,4
-0.20012943,6.5127563,1
2.8429573,6.6850953,1
6.426745,7.992432,5
9.786991,7.5938787,5
9.6267605,7.5469265,5
1.2255872,7.6464047,1
0.8165671,9.773113,1
3.932671,-5.6758485,2
6.1919484,8.004989,5
14.749335,6.9916606,0
17.00349,7.3547606,0
6.637635,8.069579,5
6.3366027,7.95416,5
-0.18203926,6.5066004,1
7.898233,-5.672725,2
2.4040978,6.583862,1
-0.33046338,6.306089,1
-0.21277672,6.5282717,1
2.545108,6.6983776,1
1.5407709,9.350124,1
-0.59849983,6.492991,1
2.9077704,6.825449,1
0.14667702,-1.8368821,2
1.1303681,9.3015995,1
2.882385,6.6044397,1
3.8239632,-5.2047634,2
6.086981,7.7715306,5
14.788992,7.0076942,0
-0.039018277,6.5603876,1
2.4848745,6.6587887,1
2.5549042,6.7234626,1
2.9329128,6.7275043,1
9.600388,7.505635,5
9.0529785,7.0840816,5
1.107975,9.275673,1
0.58861464,9.647885,1
0.40619245,-1.9754393,2
6.7410936,7.474113,5
6.5914693,0.39650762,2
1.0993217,9.608565,1
6.65368,0.5538878,2
2.627287,6.5529594,1
-0.16434291,6.4122577,1
13.166064,-2.6532028,4
1.1700944,9.269052,1
2.3934343,6.4861326,1
2.4760423,6.624038,1
18.64201,5.2975883,0
8.576212,-5.451235,2
8.420134,-5.6276245,2
2.5664449,6.548217,1
9.5727215,7.4863863,5
-0.23671289,6.622688,1
14.899319,6.810558,0
15.495335,6.2603374,0
-0.040080987,6.1714864,1
6.62814,5.606197,5
15.397913,5.994023,0
6.8029013,5.8564677,5
-0.21115088,6.809758,1
-0.38716945,6.717762,1
17.010864,7.360443,0
13.424846,-2.3302093,4
1.0546571,8.103838,1
1.5931925,9.373317,1
1.2793844,7.7224565,1
1.2124325,7.754099,1
2.8619387,6.8039203,1
0.131688,6.5880456,1
6.501325,7.365634,5
9.846223,6.3551855,5
-7.1046443,4.8678265,1
-0.20145807,6.9723897,1
9.569687,7.4969745,5
-0.2657995,7.1224,1
1.2482209,7.7346854,1
1.2433153,7.731351,1
-6.835733,4.610012,1
1.228077,7.7994046,1
6.7229095,0.27724245,2
2.6368377,-3.6671143,2
1.0755061,9.287956,1
1.2322773,7.749838,1
0.99029994,9.381106,1
1.299191,9.302674,1
2.5945995,6.7375216,1
1.1947914,7.719536,1
-0.120844476,6.8508115,1
2.1426487,-5.371317,2
8.290493,-5.7647805,2
2.771592,6.8797617,1
9.008494,7.0951204,5
6.167296,7.818146,5
9.065726,7.0586863,5
-0.46061862,6.8047843,1
-7.207879,5.8678217,1
1.1170747,9.276659,1
1.0140282,9.309799,1
6.226327,7.8556294,5
1.1428654,9.293653,1
2.5728936,6.609623,1
17.839808,5.3349366,0
-0.40474337,6.5669937,1
1.2486068,7.723252,1
1.2255331,7.6930428,1
9.621267,7.6691647,5
0.11230235,6.343317,1
-0.34082383,6.961132,1
6.199561,6.930091,5
9.046961,7.08408,5
2.8198385,6.776218,1
-0.11483605,6.485473,1
0.39060026,-1.8788664,2
2.6646352,6.7199636,1
1.1704397,9.441534,1
10.8488245,-1.7654996,4
-0.1285887,6.7745442,1
1.1606039,9.212838,1
9.597426,7.632738,5
9.749285,7.5556364,5
8.452487,-5.3721833,2
9.585943,7.021336,5
6.6631365,5.9665627,5
-0.30315232,7.0970597,1
0.85268533,9.166798,1
1.1994891,7.7530875,1
-6.922735,4.635075,1
-0.26105186,7.1313334,1
-0.19269174,6.8112125,1
2.7838385,6.749512,1
-0.08578567,6.3422155,1
16.717417,7.23279,0
12.446425,-1.5267022,4
1.2378571,7.7568436,1
9.025597,7.1000433,5
16.289406,6.4679313,0
2.8288038,6.8285666,1
-0.19193995,6.8351583,1
17.88438,5.336744,0
2.5798633,5.786324,1
-0.22320516,6.592992,1
-0.018391024,6.779035,1
17.917112,5.270459,0
15.476327,6.2467628,0
1.0173451,9.157389,1
7.159972,-5.4645767,2
2.6884513,6.753471,1
2.8643725,-5.100271,2
18.001387,2.94243,0
11.0349655,0.82208,4
-0.37543002,7.0523195,1
-0.40596494,6.4812284,1
3.8290856,-5.706162,2
19.169851,6.1007347,0
0.81631184,9.41849,1
0.267984,9.785491,1
1.2619733,9.579532,1
0.9997748,9.507997,1
12.5600395,-2.2808194,4
19.068707,6.2030835,0
17.686352,2.9535718,0
14.775814,6.957696,0
10.571837,0.58107924,4
1.2176727,7.461567,1
6.494019,7.289817,5
2.8051324,6.7644715,1
0.14961708,6.4346504,1
1.2033151,9.494472,1
1.1373626,9.276041,1
2.9098399,6.8206553,1
2.8847876,6.7846274,1
7.138652,5.896603,5
6.223106,7.9942727,5
2.8285549,6.674656,1
-0.50621396,6.878623,1
2.7777743,-5.148936,2
2.6916456,6.767098,1
1.2265311,7.604336,1
11.170639,0.28711143,4
6.9217925,5.8698287,5
-0.36262175,6.8891745,1
2.61749,6.719531,1
0.9034953,9.089132,1
-0.3710916,7.062294,1
2.4131205,6.560763,1
19.062946,6.190634,0
7.9897137,-5.7809954,2
6.251758,6.809954,5
0.250819,9.724157,1
0.10850643,6.235209,1
-7.101899,4.884038,1
0.5417822,10.055381,1
9.02904,7.1628036,5
2.9410088,-5.0422297,2
10.995096,0.22878067,4
6.2949347,0.5951341,2
14.985688,5.5994577,0
6.8635054,5.848405,5
6.464932,5.6381736,5
7.6021466,-5.695485,2
-0.33763087,6.7459235,1
0.033783946,6.437172,1
-0.53626233,6.8799872,1
6.8595862,-5.4341536,2
9.623803,7.7019925,5
0.80291337,9.408675,1
12.539959,-1.1945432,4
2.6692028,6.530524,1
0.99241775,9.338067,1
12.326515,-1.6358737,4
-6.908135,4.6098814,1
6.2015014,7.9474506,5
4.1418476,-5.5846815,2
8.143069,-5.5440693,2
2.3948367,6.541352,1
-0.4273264,6.9345174,1
8.368596,-5.5373907,2
1.2998667,9.600713,1
1.0927632,9.424384,1
-0.0861068,6.194177,1
6.1307774,7.8113813,5
6.8744144,5.8798666,5
2.5684652,6.3612003,1
-0.48657528,6.792047,1
2.491088,-3.7087593,2
9.627316,7.693646,5
3.9363139,-5.283554,2
1.2197435,7.761425,1
3.6624992,-5.910034,2
-0.29991585,7.0039625,1
6.976934,5.7431583,5
6.3216667,6.9236937,5
5.0215554,0.564156,2
4.1182823,-5.531809,2
12.542136,-1.4464241,4
6.645042,5.5162563,5
9.8479,6.420783,5
0.9634061,9.492542,1
6.2755218,7.8523912,5
2.5698757,6.6850452,1
-0.30812326,6.94584,1
1.2540029,7.7724047,1
-0.17662017,6.6035852,1
-0.37137973,6.435804,1
0.8502326,9.7069235,1
15.099789,5.6801353,0
2.8899593,-6.1652403,2
2.4193459,6.4946437,1
2.855208,-4.6523485,2
-0.25472432,7.006751,1
17.759401,4.1288533,0
9.578463,7.5980906,5
9.045315,7.0783405,5
9.038659,7.101796,5
9.038971,7.0436044,5
6.7720222,0.50314784,2
-0.1444349,6.4280705,1
-0.023323106,6.6177363,1
3.0861154,-5.060946,2
-0.29399344,6.997326,1
-0.011003712,6.688024,1
2.4993174,6.6694307,1
-0.083991386,6.264147,1
6.1454477,7.815839,5
-0.035977416,6.7984285,1
9.680775,7.648264,5
-0.020715436,6.674101,1
9.4670315,7.5620565,5
2.994467,-5.830311,2
9.0638075,7.0906134,5
2.416533,6.499816,1
-0.31033304,6.7286115,1
0.7413939,9.717731,1
2.9699109,-4.6965413,2
6.279104,7.877011,5
0.62067455,-1.7389927,2
1.2236073,9.439499,1
-0.07855579,6.8392887,1
1.1689087,9.243352,1
-0.20379108,6.902211,1
9.636981,7.5679727,5
-0.35496178,6.996176,1
1.213454,7.7444954,1
0.043443233,6.463997,1
-0.20838828,7.125563,1
6.2392764,6.9657454,5
0.5801078,9.987588,1
8.732078,-6.018679,2
2.7914567,6.7211485,1
1.2027837,7.7181625,1
3.1163423,-5.231718,2
0.5995843,-1.7075771,2
0.5563783,-1.8425822,2
9.05396,7.062963,5
-0.26230755,6.833489,1
-0.36086172,7.0091934,1
1.1894729,7.7832537,1
8.316544,-5.9605017,2
8.872236,-5.4392476,2
-0.5029656,6.8400683,1
6.5372157,7.3393626,5
2.62219,-5.1060557,2
-7.077393,5.9740376,1
2.5038016,-5.7117014,2
8.730861,-5.9935904,2
-0.18793358,7.1018157,1
12.715036,-2.1601074,4
8.630697,-5.974143,2
-0.2606367,7.1400576,1
3.6025646,-5.181993,2
2.024708,-5.329246,2
6.5951896,5.8147926,5
6.154884,7.8277154,5
2.445568,6.517436,1
2.4589465,6.6392813,1
0.5176841,-2.0269687,2
2.64973,-5.22507,2
0.16407664,6.2656665,1
6.23369,7.872322,5
9.016048,7.0827913,5
1.3174733,7.7629476,1
10.931811,-1.8764234,4
13.051783,-2.533442,4
0.13325927,6.1776543,1
15.302078,5.684521,0
3.9414012,-5.297366,2
-0.11334764,6.7942276,1
0.3988184,-1.9618784,2
2.4821897,6.7097807,1
2.846736,6.8024898,1
2.5760982,6.6580586,1
9.017352,7.07185,5
0.12724462,6.7909875,1
8.830815,-5.6454477,2
9.6081915,7.5322795,5
-6.907827,4.6102424,1
1.0993354,9.310111,1
6.6278815,5.7147408,5
2.9265265,-6.161189,2
-0.364655,7.1163716,1
15.34142,5.692212,0
17.68745,4.155867,0
-0.27243456,6.498445,1
2.5302308,6.7434425,1
-0.06237729,6.38295,1
8.629754,-5.9941316,2
15.300702,5.712548,0
0.61901176,-2.2275324,2
8.480882,-5.72325,2
2.1594949,-5.1274247,2
15.5600815,6.233887,0
1.2655727,7.7467504,1
6.6597843,7.3445096,5
9.8624325,6.2760444,5
2.561036,6.638478,1
9.040256,7.079955,5
-0.102093786,6.6402497,1
8.93294,-5.546734,2
12.483841,-2.2598455,4
15.216255,5.6487083,0
2.3106403,-5.3536577,2
19.225557,4.6442647,0
6.2585025,7.855408,5
15.222007,5.719658,0
10.926578,-1.9242092,4
2.9206462,6.7587047,1
0.030867856,6.427081,1
2.7919495,6.815795,1
2.601278,-5.2423744,2
15.520168,6.1807895,0
2.4451644,6.6728387,1
-0.14370577,7.074439,1
10.875172,0.748369,4
0.56264985,10.01708,1
2.4648237,-5.0936375,2
2.9675817,-5.59591,2
2.87514,6.5354247,1
0.48311332,-2.236992,2
12.4918375,-1.5604181,4
2.35134,6.5938396,1
18.02279,3.0560255,0
9.802655,6.2175865,5
9.050844,7.0897303,5
18.653055,5.280618,0
3.1575148,6.404403,1
1.0772569,9.413235,1
-0.49534667,6.695554,1
6.308035,8.048502,5
15.524299,6.308751,0
2.5259907,6.632079,1
3.834103,-5.628468,2
6.904659,5.8638434,5
6.7951846,5.6784196,5
2.6383822,6.591073,1
1.170473,9.410801,1
-0.26218358,6.9820867,1
15.932417,7.061197,0
-0.4645852,6.8395066,1
0.5529254,-2.1396377,2
15.938604,7.0905786,0
6.9685326,5.7309217,5
-0.68691784,6.772875,1
6.77325,0.308448,2
9.019301,7.120881,5
15.493368,6.3089085,0
3.0561855,-4.850535,2
-0.40494767,7.0889897,1
0.29584077,-1.5296655,2
5.0405755,0.7262117,2
15.120124,5.6951947,0
6.787676,0.25643164,2
-7.488094,4.839449,1
9.064033,7.0178375,5
17.6953,4.209212,0
-0.43670514,6.7816358,1
10.414948,0.4644443,4
-0.4515435,6.9270806,1
2.677687,6.804565,1
2.548632,6.5475554,1
17.811142,3.2320263,0
17.062092,7.28058,0
9.587041,7.6309056,5
19.1319,6.0689273,0
4.078911,-5.4923224,2
2.3829894,6.5211353,1
8.861372,-5.5730844,2
1.3982947,9.45712,1
13.040449,-2.1775558,4
1.0819141,9.345693,1
2.561413,6.8301845,1
-0.5917816,6.9130807,1
8.97522,-5.5700274,2
2.5988195,6.772346,1
10.900008,0.2941117,4
8.522972,-5.7028556,2
-0.41555542,7.0196476,1
18.08091,3.8616972,0
9.849915,6.3178453,5
-0.020399995,6.6021285,1
1.1207192,7.7250805,1
15.247612,5.6891284,0
8.476732,-5.6476817,2
17.088833,7.4279566,0
0.025237795,6.399694,1
2.7737517,6.8715997,1
2.6906612,6.810948,1
-0.39698446,7.0010552,1
4.1462383,-5.523167,2
0.5613361,9.563782,1
-0.4883232,6.887361,1
6.8177414,0.19421726,2
16.292612,6.4840155,0
2.5612173,6.8348684,1
3.9691825,-5.5341997,2
1.3254954,9.328489,1
0.57463026,9.853513,1
-7.020943,5.876857,1
3.8342783,-4.9941106,2
3.481234,-6.02623,2
8.453622,-5.6218085,2
18.719137,5.313802,0
17.93108,3.1948626,0
18.186327,3.1727293,0
3.623814,-5.9860497,2
2.606115,6.712873,1
-0.7225903,6.706877,1
7.9651594,-5.469851,2
17.651546,4.140835,0
6.1474047,7.9789276,5
-0.22282343,6.491278,1
6.3688874,0.5876941,2
-7.5540676,4.4311237,1
0.03611567,6.5926957,1
0.87319726,9.187963,1
16.02801,6.5241866,0
3.649955,-5.850368,2
1.124134,7.799998,1
12.351612,-1.2978678,4
9.62732,7.595806,5
3.9167857,-5.665768,2
1.2462056,7.8137155,1
15.594492,6.2401023,0
1.201859,7.850816,1
7.8805866,-5.8826923,2
6.648002,6.9773464,5
-6.950418,4.708893,1
2.6457722,6.803646,1
6.665474,5.987659,5
0.011746329,6.6418786,1
6.671279,5.9312057,5
9.0412,7.081164,5
2.607201,6.673792,1
18.56769,5.302498,0
7.072728,5.7896047,5
3.4653869,-5.9843035,2
2.7409866,6.7479157,1
-0.14586513,-1.9037611,2
1.1527138,9.450863,1
9.581038,7.664552,5
6.6576014,7.3695135,5
0.57862216,-2.2931616,2
-0.15007724,6.575442,1
3.4449444,-5.4103274,2
0.896936,9.21329,1
9.572656,7.5901275,5
8.106263,-5.4571366,2
-0.032198716,6.763209,1
1.8064024,-5.5944076,2
15.168699,5.69989,0
-0.13807295,6.919557,1
2.516014,6.6392565,1
6.2623534,6.9073253,5
-0.46027583,6.698893,1
-0.00437382,6.719377,1
6.637401,0.15713143,2
-0.03664682,6.633657,1
10.818585,0.69035774,4
16.706675,7.186964,0
1.3662653,9.430077,1
2.403681,6.565743,1
0.87188786,9.40895,1
19.115839,4.7024612,0
6.5438333,7.26558,5
12.181838,-1.4083558,4
1.3396187,9.429722,1
2.774559,6.608954,1
0.8471983,9.232738,1
0.011919557,6.6994357,1
6.7984014,5.819938,5
8.4977045,-5.4222913,2
-0.08438285,6.6231713,1
-0.4592491,6.9249897,1
-0.035101935,6.573802,1
8.947101,-5.5885563,2
2.3864038,6.551158,1
7.834625,-5.7145886,2
2.8348975,-4.840284,2
2.9019146,6.8482647,1
-6.3714484e-05,6.6991153,1
-0.3077223,7.085655,1
2.8945708,6.8378754,1
2.3960688,6.350071,1
2.6866868,6.79509,1
-0.20855214,7.0277867,1
2.3542771,6.543494,1
-0.2456382,7.0735707,1
9.794316,6.4582667,5
-0.3129867,7.028042,1
2.493032,-4.892758,2
18.237776,6.6815677,0
6.556535,5.6829023,5
11.027707,-1.9485929,4
14.8797245,6.9249783,0
12.488171,-1.461346,4
12.335949,-1.394655,4
1.7882977,9.126077,1
17.983946,2.7388272,0
2.8923676,6.837552,1
2.652632,6.87385,1
18.27157,6.653912,0
9.638844,7.4459105,5
18.635784,5.2966037,0
9.559074,6.882876,5
-0.0592721,6.359913,1
-0.5560339,6.944242,1
6.779481,-0.49633774,2
-0.2863102,6.555687,1
10.551274,0.68204963,4
1.0425366,9.408665,1
1.2814255,9.400317,1
-0.13442904,7.063278,1
12.951468,-1.7710102,4
9.776781,6.4323454,5
-7.21292,5.980161,1
17.080437,7.442122,0
-0.1036462,-1.9095148,2
2.9002361,6.820639,1
-0.4379177,7.0911613,1
-0.39973232,6.838323,1
6.67707,5.718145,5
2.708992,-5.2672224,2
-7.405908,4.581514,1
-7.1564627,5.9214344,1
-0.435336,6.9487915,1
0.40781552,-1.9400167,2
0.64213043,-2.257003,2
1.3142924,9.421857,1
-0.10147113,6.780261,1
-0.4410751,7.0030317,1
1.2048613,7.7498283,1
9.056605,7.0845714,5
2.3011992,6.4383764,1
1.1996621,7.6930094,1
-0.508677,6.8583283,1
11.071396,-1.965477,4
6.7390313,5.798644,5
2.583984,6.5711446,1
6.7344084,0.6240443,2
-0.15296571,7.1174355,1
9.564201,7.607009,5
-0.2664983,6.4910192,1
6.239844,6.9709935,5
1.1468054,7.70009,1
12.813722,-2.7046862,4
6.1509213,7.807225,5
2.4474273,6.5859137,1
6.1891885,6.956141,5
2.6713212,6.5518427,1
2.472665,6.639934,1
3.447803,-6.043491,2
2.9034085,6.8339043,1
2.5736313,6.633835,1
12.807381,-2.6388702,4
0.19243649,6.4285913,1
0.9807573,9.182744,1
9.543472,7.4029474,5
2.6570659,6.8878837,1
2.774537,-5.145638,2
-0.023110952,6.7089553,1
9.026999,7.0902658,5
-0.07090046,6.869082,1
15.154803,5.7091517,0
16.32782,6.5246673,0
0.050515793,6.7419705,1
3.3766592,-5.4732556,2
2.542376,6.6614137,1
1.3175879,9.497786,1
6.7865796,5.59623,5
5.079667,0.47528902,2
-0.59169924,6.9075847,1
8.477123,-5.396031,2
4.4651084,-5.44307,2
4.252392,-5.4866176,2
0.8692708,9.100473,1
0.7826192,9.395281,1
0.7960646,9.202908,1
6.2351794,8.052651,5
3.2909613,-5.081526,2
18.004879,3.155351,0
2.4383397,-3.7380083,2
2.7359097,-5.155669,2
-0.1476963,6.7208037,1
6.6330376,7.188189,5
11.206316,0.15312536,4
0.86656785,9.189822,1
19.238972,4.755379,0
2.6775153,-3.763216,2
-0.010299562,6.734586,1
2.7550406,6.7938576,1
18.863676,4.273763,0
1.2337624,9.518493,1
6.6479373,7.9740305,5
9.39137,7.086865,5
12.592029,-1.9097246,4
11.6834345,-0.5500743,4
7.1556544,-5.4565744,2
19.114658,6.0662527,0
0.9420915,9.458619,1
0.7125062,9.396572,1
2.4839742,6.795003,1
1.3461894,7.680596,1
17.82858,2.6917157,0
0.9841254,9.228892,1
6.5936937,7.202555,5
0.92167234,7.6411276,1
-0.10597898,6.6394386,1
8.773153,-5.7557483,2
1.1898888,7.7746415,1
6.217149,7.8741035,5
9.668881,7.5011406,5
1.1238234,7.731328,1
2.556593,6.549631,1
-0.28305647,7.0755377,1
9.801947,6.3207393,5
6.203495,6.789125,5
0.5789613,9.890843,1
15.506418,6.33626,0
0.4744931,-1.9583281,2
0.588398,9.9321375,1
17.998268,3.1517313,0
2.932443,6.8592906,1
2.5875063,6.8157053,1
-0.26026925,-1.8343672,2
0.7586558,9.923907,1
-0.18935597,-1.868109,2
0.409646,9.630388,1
11.232462,0.1447413,4
6.420376,6.9314165,5
10.928199,-1.9292437,4
2.4055996,6.4574337,1
2.591204,6.7931576,1
7.141624,-5.450991,2
11.000067,-1.900711,4
0.20376207,-1.8539199,2
3.3467035,-5.222711,2
-0.015000803,6.5493793,1
-0.5652658,6.726663,1
-0.43049353,6.9105945,1
0.36979127,-1.9331925,2
0.8379875,9.1580305,1
9.040008,7.1055284,5
9.555317,6.8501983,5
9.121105,6.957777,5
15.221818,5.678283,0
7.124524,5.7819796,5
0.047738872,6.5743957,1
1.7543455,9.286371,1
6.262285,6.782377,5
4.060565,-5.470063,2
6.382497,0.6491276,2
2.572349,6.691663,1
0.61654156,9.46196,1
0.53676534,9.475536,1
17.093296,7.395508,0
-0.1630697,6.649548,1
2.3741555,6.521504,1
18.181435,2.901948,0
7.795651,-5.4140677,2
2.4565363,6.621814,1
15.654831,6.100499,0
0.27731016,-1.7207463,2
6.2099423,6.866814,5
1.1680402,7.5911427,1
2.4218059,6.421343,1
-0.0001418901,6.7274203,1
17.959927,3.2565732,0
6.699911,5.8597608,5
-0.33261907,7.077569,1
-0.2502878,6.45205,1
0.8707336,9.32533,1
2.3969247,6.6362906,1
3.4927213,-5.5892496,2
2.5864294,6.764583,1
0.05255284,6.1937313,1
6.729914,5.864896,5
15.507409,6.145808,0
10.591772,0.705689,4
2.9018598,6.830219,1
2.873212,6.8300066,1
-0.29150587,7.081233,1
18.007591,3.111667,0
6.790121,5.7593656,5
1.1744089,7.6785226,1
6.2201114,6.8829193,5
6.3544497,7.98917,5
-0.15797395,6.758806,1
0.9774832,9.274874,1
-0.2889324,7.1151466,1
-0.39004847,6.7727256,1
2.7729828,6.8289332,1
6.186994,7.7974715,5
0.44754952,-1.5116636,2
0.21162423,6.518902,1
6.550409,7.2472553,5
1.059286,9.264444,1
2.3887937,6.5834427,1
2.526769,6.635516,1
1.0216535,9.32817,1
6.3627524,7.9816093,5
17.93297,2.9740074,0
-7.2113996,5.9915023,1
-0.24472526,6.6179247,1
1.0140542,9.274647,1
6.204307,6.88984,5
15.213262,5.749258,0
19.11201,6.08604,0
1.1444293,9.392536,1
2.9117506,-4.632866,2
-0.29342952,7.027284,1
2.7816992,6.8610415,1
6.215917,6.8708415,5
2.6999505,6.738097,1
8.583939,-6.044327,2
2.7481499,6.8138175,1
12.498092,-2.266226,4
0.0392121,-1.8992581,2
6.3771915,7.9919753,5
9.020512,7.095016,5
6.2899404,7.8197927,5
2.5664663,6.647886,1
16.267012,6.4893947,0
-0.13435337,6.4333334,1
1.0387423,9.248623,1
2.839289,-4.9951286,2
6.575044,5.6729097,5
9.018826,7.0874434,5
9.037797,7.0857854,5
1.2048874,9.2878685,1
9.544556,7.489546,5
-0.20477815,6.946229,1
15.562271,6.2268443,0
2.5820394,6.7112155,1
3.456629,-5.753489,2
1.2381699,9.331435,1
18.097193,3.7675083,0
-0.16997617,6.6468444,1
6.669298,5.911048,5
2.4348319,6.566284,1
6.3033514,7.008313,5
2.7455652,6.8549223,1
1.1644921,9.357971,1
2.7387738,6.7265778,1
2.6937375,6.843572,1
2.5900095,6.669366,1
2.5743296,6.6531177,1
2.439004,6.6632442,1
-0.3174427,7.152374,1
6.768734,5.7739277,5
15.062327,5.795086,0
9.75822,6.310957,5
-0.089852095,6.3067966,1
2.4422941,6.5036445,1
6.29386,6.802465,5
17.894121,2.7217422,0
9.058511,7.099374,5
16.304626,6.5637,0
-0.16558115,6.5228457,1
9.583953,7.504761,5
6.7417626,5.775579,5
9.479711,7.413551,5
12.849647,-1.6407479,4
2.644751,6.791031,1
2.5919206,6.7340584,1
9.032327,7.094703,5
1.1830692,7.7412853,1
6.674226,8.033885,5
0.06293589,6.6073117,1
0.103433155,6.431935,1
9.745722,6.331432,5
2.4363492,6.587408,1
6.2117085,6.819447,5
3.7801003,-4.936446,2
2.5935888,6.7078414,1
4.9025135,0.6969613,2
2.3646643,6.506821,1
8.738089,-5.4036775,2
-0.20868112,7.035836,1
0.04339583,6.7471313,1
0.73676044,-2.0230534,2
0.90423954,9.2627,1
9.751465,6.3409047,5
-0.23199688,7.108152,1
16.735956,7.209862,0
9.741084,7.235745,5
0.087939635,6.70351,1
6.1260247,7.9148874,5
6.1441197,7.8941293,5
1.9823703,-5.002323,2
3.0027761,-5.584661,2
2.3330934,-5.654854,2
2.1734736,-4.9333296,2
15.564345,6.220655,0
0.12486529,6.7945647,1
1.964666,-5.4172072,2
9.759493,6.321563,5
2.5000858,-4.764566,2
-0.101128474,7.0236936,1
3.446961,-5.6516085,2
8.331375,-5.437663,2
11.149874,0.27261454,4
16.263496,6.4146867,0
17.714104,4.1644235,0
-7.0390663,5.9812837,1
9.017315,7.108706,5
0.656019,-2.2206862,2
6.209518,6.9639673,5
-0.011136822,6.8229175,1
9.539885,7.646452,5
-0.58562773,6.8157396,1
1.8605043,-5.543891,2
-0.5345411,6.8270464,1
9.055251,7.1158047,5
6.9581122,5.782416,5
6.6722107,5.6973653,5
2.7520187,6.8512464,1
8.782584,-5.9042497,2
19.19303,6.134907,0
-7.1063657,6.0047812,1
-0.32304063,6.552438,1
1.0643786,7.7776785,1
15.617795,6.182227,0
6.320495,0.41395018,2
0.9814748,9.298325,1
17.6821,4.182844,0
-0.16245398,6.7657638,1
6.25872,7.9220424,5
7.9169173,-5.971972,2
9.550473,7.644992,5
8.508199,-5.689941,2
-6.5212494e-06,6.8604603,1
12.78294,-2.2664843,4
2.5157945,6.609797,1
-0.33192557,6.359082,1
0.97575575,9.4924,1
6.688146,0.3782211,2
6.245769,7.861927,5
9.008543,7.099739,5
12.741445,-2.6636846,4
14.888945,5.828971,0
9.056193,7.0733542,5
6.3025756,7.896449,5
0.05749081,-1.8703927,2
1.4559476,7.3915,1
1.2935723,9.429043,1
4.922493,0.65968364,2
6.7629457,5.6372795,5
9.660631,6.475974,5
6.4146976,0.53978705,2
-0.05246022,6.2243958,1
2.6170287,6.7929125,1
0.039654203,6.5327964,1
-0.5198384,6.8823266,1
8.716648,-5.420523,2
9.657867,7.5537276,5
0.9725667,7.674103,1
15.356723,5.6560297,0
6.7132125,5.568227,5
2.3830628,6.334112,1
6.875964,-0.56061363,2
0.8048355,9.390275,1
3.5706115,-5.5384803,2
-0.29933345,6.518187,1
3.179839,-5.066818,2
6.9960423,5.776668,5
-0.1057583,6.691506,1
1.186818,7.7459,1
6.1886067,7.9641848,5
-0.52834666,6.8704524,1
0.8120973,9.29937,1
-0.22955841,7.0677404,1
14.874621,6.948357,0
1.4281396,9.329744,1
3.498854,-6.02639,2
2.2061493,-5.3923726,2
9.714666,7.666599,5
-0.37818444,6.9527125,1
0.8741249,-1.6814681,2
15.236839,5.62553,0
15.291513,5.6658435,0
6.455342,0.40101197,2
2.5278194,6.6699533,1
2.6973984,-3.9115248,2
1.148702,9.339815,1
8.125185,-5.2346478,2
6.199696,6.963579,5
12.664167,-1.6944822,4
0.8776993,9.725573,1
10.978475,-1.9321197,4
6.7602506,5.7477884,5
1.8234966,8.927725,1
18.268087,6.758066,0
0.023057243,6.624813,1
0.10458274,6.630129,1
-0.04970621,6.7759895,1
3.5884564,-5.2376533,2
2.5449822,6.421225,1
2.5106697,6.620176,1
6.2143826,6.8489604,5
9.477779,7.5758896,5
15.230073,5.663354,0
2.6793857,6.803853,1
2.7843046,6.8021173,1
6.8060303,5.898863,5
17.887318,5.3434367,0
19.122112,4.6361485,0
9.870179,6.4412246,5
3.4010305,-4.8511443,2
19.145458,4.673107,0
-0.5804403,6.8505526,1
6.189354,7.8347955,5
7.866364,-5.4356985,2
9.718793,7.3595834,5
18.0905,3.8337107,0
2.5408313,6.6873646,1
-0.04469996,6.586995,1
15.587639,6.212576,0
6.7549143,0.26226088,2
-7.104947,4.8837905,1
2.6983893,6.8564944,1
-0.30960318,6.5672174,1
15.242194,5.6681705,0
-7.0593657,4.7350664,1
6.542086,0.49101987,2
10.83901,0.69253355,4
12.100096,-1.4624565,4
-0.108183436,6.7084627,1
17.77527,4.1414847,0
6.6713657,5.770342,5
1.1481364,7.588502,1
9.075418,7.0560455,5
6.996314,5.784468,5
0.7467411,9.693055,1
9.569257,6.964469,5
2.5989811,6.844167,1
2.3798106,6.4286857,1
-0.59590685,6.715463,1
-0.26858026,6.5740113,1
2.3602245,6.501602,1
15.021079,5.7779436,0
2.5076256,6.4218125,1
-0.2286773,7.119433,1
0.015013307,6.656668,1
-0.35275272,6.6302137,1
9.531034,7.490892,5
9.783579,6.384359,5
16.983261,7.6192737,0
18.277033,6.748192,0
3.583186,-5.9680977,2
8.188015,-5.5131564,2
2.3884578,6.6892014,1
-0.15362789,6.639427,1
1.2322096,9.479245,1
-7.076811,5.9664006,1
-0.33914885,7.1199055,1
6.2253485,6.7924986,5
17.67687,4.1248803,0
0.81968683,9.74195,1
9.763477,6.4144406,5
9.039804,7.101795,5
1.2532802,7.7518272,1
12.253772,-1.3628625,4
2.455597,6.624394,1
7.759963,-5.7621274,2
-7.4889755,4.83985,1
14.864509,6.933853,0
9.720758,7.5867963,5
0.3906479,-1.6793678,2
-0.39670628,6.820274,1
2.3527763,-5.0758533,2
12.753327,-1.7717022,4
0.8257217,10.074999,1
9.562182,7.5994015,5
0.9537518,7.5662417,1
9.651139,7.4226637,5
9.760902,6.4128327,5
6.071295,7.869268,5
0.04996857,6.694083,1
9.837039,6.6402373,5
6.267685,7.946092,5
2.446929,6.514201,1
-0.2051986,6.58093,1
0.12505661,6.302166,1
6.952251,5.961797,5
17.747555,4.2168922,0
-0.0074881967,6.515915,1
17.726675,4.162764,0
2.4384007,6.5692596,1
-0.5368097,6.489665,1
12.405336,-1.9155921,4
-0.039942764,6.7367544,1
9.93526,6.2433496,5
12.463273,-2.350125,4
6.1552267,7.014958,5
3.4960082,-5.4750705,2
2.542756,6.7515073,1
15.276479,5.7408376,0
-0.18068628,7.053566,1
0.16707323,6.4801435,1
9.551899,7.5999894,5
3.8064287,-5.9109054,2
-0.0045428313,6.883522,1
3.9387965,-5.737855,2
-0.33933845,6.421575,1
12.794915,-2.4791253,4
6.282305,7.8773484,5
10.784931,0.7007108,4
15.495621,6.289931,0
-0.3728011,6.609521,1
6.7848725,5.847521,5
15.588813,6.1904483,0
2.7221818,6.7412405,1
-0.3994826,6.9034505,1
2.8742352,6.806881,1
2.903414,6.827739,1
3.700148,-5.9365287,2
-0.40204832,6.976946,1
6.570343,5.734634,5
0.037047494,-1.9828925,2
2.6702662,6.4496193,1
9.662832,7.595145,5
0.52861893,9.403189,1
3.5964181,-5.4085975,2
2.3591933,6.508795,1
2.544403,6.615826,1
9.5666485,7.5332556,5
2.375145,6.603766,1
3.7303147,-5.898817,2
-0.45147863,6.869739,1
19.131485,6.0801973,0
9.64785,7.4314528,5
18.295496,6.6642904,0
0.16192818,6.4813294,1
17.835487,5.2338,0
2.9043887,-6.294315,2
17.847069,2.6414745,0
18.165762,6.8027296,0
3.934548,-5.5673647,2
12.6067295,-1.7045974,4
3.2889287,-4.5063014,2
12.509388,-1.6802305,4
0.009069175,-1.9743134,2
18.041004,3.1074548,0
6.8567038,5.940245,5
2.6995466,-5.625499,2
3.866393,-5.9159837,2
18.37586,6.625015,0
16.412868,7.4838147,0
12.974886,-2.0149703,4
7.7623415,-5.716471,2
3.2853398,-5.358128,2
9.551435,7.570863,5
1.1980418,7.718571,1
9.591765,7.6029077,5
1.0850443,9.235721,1
1.1342968,7.7129765,1
9.040312,7.1110945,5
-0.39238375,6.4943323,1
1.1487902,9.384855,1
9.766946,6.3417306,5
6.5867457,7.239543,5
0.23074308,6.352085,1
2.7422411,6.8774123,1
18.037922,3.1813865,0
-0.1301729,6.7958045,1
2.4297178,-5.1207256,2
2.4531536,-5.8806486,2
-7.017949,4.7474556,1
0.8169313,9.340927,1
1.3645116,9.39225,1
0.12435719,6.3964524,1
6.657336,5.7458076,5
1.0618422,7.761184,1
6.4372015,7.741311,5
0.09111324,6.6860323,1
18.680815,5.3979836,0
16.079372,6.558973,0
2.588952,6.6291733,1
0.043877613,6.6843643,1
19.225136,4.727441,0
-6.92091,4.617009,1
1.1248591,7.916756,1
2.6910863,6.842238,1
-7.0833645,5.969117,1
6.7251487,0.38711432,2
6.6069183,5.5648556,5
6.5263796,7.295615,5
15.212192,5.6609383,0
2.5272717,6.712362,1
16.313398,6.453271,0
6.325373,6.929623,5
3.521357,-5.3418827,2
6.7539716,5.7750506,5
2.7423363,6.861964,1
2.914013,6.7588754,1
7.7433376,-5.794339,2
7.8807893,-5.528982,2
2.6225717,6.8550587,1
-0.5412183,6.8768926,1
6.4055676,7.9718595,5
16.279112,6.4943433,0
-0.2717272,7.100742,1
2.8946638,6.825205,1
6.4977174,7.3844466,5
1.1486628,9.414466,1
6.471847,0.4631274,2
1.1758355,7.6597652,1
0.9623725,7.6723967,1
6.214555,6.8875794,5
1.0710216,9.526718,1
2.1843224,-4.8633323,2
0.9048279,7.668186,1
1.5681818,9.393227,1
9.039529,7.1416626,5
1.150047,7.613875,1
9.766004,6.31575,5
2.890059,-5.1592264,2
1.1498228,9.242943,1
-0.080374874,6.1360908,1
0.6766947,-1.7104582,2
2.554642,6.5990615,1
9.054085,7.074707,5
-0.022643052,6.6878953,1
2.8833134,6.820108,1
19.171486,4.707232,0
2.9672084,6.7744823,1
9.062929,7.0959463,5
15.610115,6.1819963,0
-0.40998176,6.198132,1
6.6445746,7.324151,5
3.3990397,-5.3837757,2
1.200962,9.526505,1
11.150549,0.28697705,4
6.6537194,0.37404776,2
-0.42737576,6.8271656,1
0.11811273,6.721996,1
6.449086,7.3027163,5
6.344461,7.9118247,5
2.953564,-5.06205,2
6.523585,0.45160228,2
6.6698728,7.2671175,5
0.8429045,9.403433,1
2.7017992,6.638461,1
1.1623563,9.26734,1
2.2525926,-5.0517907,2
1.3127309,9.479628,1
1.1401259,7.602372,1
-0.43150184,6.82595,1
-0.4003992,7.162057,1
-0.48081505,6.6221194,1
17.956593,2.7852314,0
0.032380488,6.526488,1
-0.39872932,6.4321966,1
1.2703161,9.212295,1
6.1490693,7.7989564,5
6.472653,0.38175285,2
1.1756428,7.651005,1
0.0057270993,6.606184,1
7.123685,-5.4520717,2
7.158694,5.7228003,5
16.118116,6.5660896,0
9.709255,7.727025,5
0.04012144,6.5491314,1
1.2544852,9.286788,1
-0.23285802,6.369238,1
-0.063313164,6.737709,1
0.89806455,9.661392,1
1.2303891,7.7359743,1
6.160523,8.020613,5
5.020397,0.5476555,2
6.615714,7.3386183,5
-0.21539403,7.1720943,1
17.899431,5.282549,0
0.0005205949,6.5876513,1
9.01965,7.1216516,5
2.9335961,6.816032,1
18.356718,6.4886184,0
0.9406315,9.642349,1
6.068278,7.842936,5
3.9059813,-5.3365765,2
2.5435648,-3.732173,2
19.285744,4.698736,0
6.3276324,7.1275053,5
18.039438,2.8710067,0
2.9325187,-6.29307,2
3.3554194,-5.596558,2
2.4011757,6.551019,1
-0.32002148,6.4474435,1
0.891496,10.009258,1
7.0961146,-5.4391713,2
6.640077,0.31380156,2
-0.26635098,6.810425,1
2.5307527,-3.7851818,2
7.753658,-5.716849,2
6.4620643,8.363191,5
2.4510283,6.5367985,1
1.1730664,9.347531,1
6.161144,8.089739,5
0.8034115,9.342823,1
5.9641047,8.171411,5
2.8932385,6.854049,1
0.16154385,6.365318,1
0.109606326,6.6828055,1
6.7787623,-0.42642155,2
2.882968,6.7956605,1
0.20210877,6.3057237,1
1.3255377,9.2801695,1
9.467101,7.501951,5
3.7921038,-5.373554,2
2.9209673,6.81738,1
10.85696,-1.7787168,4
9.042884,7.096472,5
12.420699,-1.5325885,4
9.677924,7.558526,5
6.6885333,8.262798,5
9.0777025,7.110544,5
2.4506125,6.5045958,1
9.747332,6.351163,5
6.307455,7.867151,5
-0.44990534,6.904046,1
9.422378,7.0973015,5
2.4576998,6.6201167,1
10.909151,0.2031709,4
2.4986038,6.596881,1
15.565007,6.225588,0
19.101728,6.187621,0
3.4887593,-5.1836395,2
2.8928018,6.8253493,1
2.3571584,6.4972777,1
6.2022395,6.874186,5
17.781366,4.196586,0
0.07515055,6.761825,1
1.2519135,7.706456,1
0.3908885,-1.5964259,2
19.177671,4.730454,0
8.135984,-5.5968738,2
2.704336,6.858234,1
-0.25994298,6.505988,1
16.317076,6.520955,0
12.5667,-2.130549,4
1.147662,7.5931234,1
7.90319,-5.8129296,2
15.491582,6.2773266,0
6.222564,6.882726,5
-0.06852353,6.7380834,1
9.12164,7.0404816,5
3.5351896,-5.692111,2
-0.0831046,6.719154,1
15.127594,5.775048,0
15.6185875,6.174835,0
-0.5423191,6.821177,1
3.4105039,-5.1327505,2
2.592555,6.5419855,1
2.4719093,6.2462063,1
-0.414736,6.879055,1
2.5608897,6.7293177,1
-0.19377126,6.42313,1
6.167841,7.8488426,5
-0.39651266,6.5628214,1
2.7170293,6.6951594,1
15.294865,5.6183524,0
-0.33930406,6.5204678,1
-0.38904002,6.4529,1
-0.5242931,6.714174,1
1.2909192,7.894614,1
1.2955234,9.22776,1
2.7817829,6.6324873,1
2.6575556,6.7942224,1
8.062058,-5.593499,2
0.051668596,6.784984,1
9.585714,7.554463,5
-0.012624579,6.8616114,1
7.030572,5.8297076,5
9.914575,6.4139867,5
9.7256775,7.473727,5
-0.06420862,6.5163856,1
6.2210813,7.8224626,5
11.772838,-1.3306632,4
10.693709,0.7955378,4
15.448817,6.355783,0
0.93539,7.601766,1
0.21196099,6.375983,1
6.574595,7.331783,5
2.7021277,-5.55674,2
0.85203326,9.814557,1
0.4135489,-2.0084794,2
2.8476696,6.7178035,1
-7.245885,5.9904733,1
6.820914,-0.5426507,2
8.519636,-5.799127,2
0.11346554,6.438357,1
3.1088004,-4.7750225,2
4.362004,-5.3349376,2
11.936739,-1.4373275,4
0.87702245,9.2645235,1
0.0014198566,6.591346,1
5.03178,0.7000223,2
-0.29805803,6.9786353,1
9.5757265,7.5102763,5
1.3781183,9.361068,1
0.03688998,6.7512503,1
0.057373237,6.72256,1
-0.17054582,6.4835377,1
14.858241,6.925221,0
-0.17437953,7.0517645,1
15.520116,6.23684,0
-0.02922782,6.6714854,1
15.575847,6.1979437,0
6.7592897,5.6854773,5
0.08709302,6.427206,1
1.1336608,9.2319355,1
6.6717334,0.36649266,2
4.9446898,0.6496865,2
1.393703,9.278849,1
0.62964106,-1.6664623,2
2.6158683,6.6549153,1
-0.12902573,6.637225,1
-0.12940854,6.805903,1
2.4051268,-5.327852,2
18.153805,3.2477126,0
16.266518,6.4169855,0
8.276749,-6.0375204,2
1.3915772,9.311281,1
16.682741,7.1570992,0
-0.009715968,6.6891155,1
9.568084,7.4966807,5
15.358931,5.65453,0
6.589998,0.48526853,2
-0.2982724,7.145333,1
-0.34925815,6.6560116,1
2.5658119,6.7735925,1
9.622252,7.6948047,5
-0.23075478,6.5613203,1
8.844232,-5.418791,2
12.491759,-2.2383401,4
2.560005,-3.8474813,2
2.5128655,6.687437,1
1.23213,7.7916765,1
11.005507,-1.957867,4
9.538077,7.556803,5
12.60628,-2.1718624,4
2.625561,6.735421,1
2.604865,6.7498946,1
10.959372,-1.9209905,4
8.070264,-5.651771,2
8.662003,-5.867516,2
9.508992,7.460997,5
8.720811,-5.9447107,2
13.1054125,-1.6794579,4
6.542252,0.30734375,2
0.6088555,7.5785336,1
0.9729451,9.282041,1
0.40225512,-1.586127,2
3.4815817,-4.8388886,2
8.898632,-5.5703344,2
6.6782207,0.37506747,2
15.267081,5.6058083,0
2.5914307,6.720162,1
9.686748,7.279764,5
-7.0655994,5.9809966,1
9.585295,7.6450467,5
6.650496,7.242396,5
0.1329635,6.4634714,1
11.0725355,0.31202552,4
-0.40953925,6.8819675,1
8.597207,-5.9394245,2
9.503575,7.5266886,5
17.889416,3.0883727,0
16.281319,6.520569,0
8.563201,-5.9700065,2
6.5109735,7.3388453,5
9.049884,7.0790625,5
1.0596111,7.7171307,1
9.041399,7.0489855,5
0.0826843,6.73607,1
0.8697796,7.650311,1
2.463514,6.624608,1
16.296066,6.4335475,0
15.325592,5.6390023,0
2.451878,6.5773177,1
6.3850627,7.035746,5
2.6399784,6.7394595,1
-0.35506165,6.778222,1
-0.05955099,6.1587963,1
15.564565,6.2291884,0
2.665066,6.7492266,1
2.550494,-3.7462783,2
0.0717863,6.8841767,1
2.6935475,6.767778,1
15.008943,5.762478,0
2.860252,6.825111,1
2.4694667,-3.7665014,2
2.419234,6.5402517,1
19.265686,4.7948523,0
0.06150864,6.4986157,1
19.171103,4.6812406,0
1.2063419,9.556804,1
18.143116,2.7450538,0
9.516165,7.5701237,5
0.83968806,9.306043,1
2.3882005,-5.853313,2
2.558176,6.6633515,1
18.035458,2.571602,0
6.622339,7.363251,5
1.1703643,9.314934,1
-0.33382285,6.431041,1
18.438541,6.6174083,0
9.787572,7.4959674,5
2.80271,6.772292,1
0.810735,9.380877,1
15.260418,5.646024,0
1.5653366,9.372412,1
15.314716,5.684426,0
3.0019796,-5.0345855,2
-0.213355,6.421176,1
12.367366,-2.439049,4
-0.3758856,7.0290504,1
0.87962383,9.780178,1
1.0855981,9.496698,1
8.107169,-5.363817,2
15.485332,6.0626655,0
1.1512102,7.7357607,1
2.6365235,6.737166,1
2.6500838,6.7019105,1
-7.034829,4.715477,1
2.8952003,6.8203006,1
6.3387685,7.950974,5
8.261387,-6.0969887,2
6.212822,7.9621735,5
12.950681,-2.073961,4
4.102724,-5.381466,2
1.2294416,7.739404,1
1.1744646,7.819036,1
18.056246,3.200506,0
16.988037,7.2625175,0
2.7409232,6.8521657,1
0.9114676,9.660519,1
-0.3015295,6.5257087,1
6.562283,7.3369966,5
15.587744,6.172529,0
0.05075715,6.57391,1
0.13648638,6.356094,1
2.7823515,6.82554,1
2.5269809,6.6527786,1
2.9796197,6.718739,1
-0.4975838,6.8047557,1
2.4710286,-3.6482394,2
0.13299045,6.654186,1
9.659225,7.7248964,5
2.8982,-5.1742387,2
9.523203,7.6359053,5
2.4029436,6.6486278,1
-0.08072751,6.542269,1
9.039838,7.0939937,5
1.3083124,9.219904,1
6.226624,7.9683614,5
-0.12780842,6.873988,1
9.0194435,7.096688,5
3.0708842,-5.5847545,2
-0.41554126,6.8308363,1
6.74015,5.749061,5
16.077856,6.5047107,0
16.322632,6.450368,0
3.8483536,-5.616991,2
8.977557,-5.5483875,2
15.298819,5.6345134,0
2.787281,6.914568,1
6.5710087,5.998031,5
0.23281893,6.315837,1
2.4712098,-3.7330487,2
6.604875,0.32437676,2
0.5205746,-2.1642644,2
17.025072,7.2052417,0
15.520256,6.2284627,0
2.8577812,-5.6657305,2
1.1570722,9.430128,1
2.6095881,6.5629187,1
3.0059779,-5.6427455,2
12.998382,-2.1318092,4
8.993833,-5.5501947,2
12.598076,-2.0601213,4
6.6705976,0.4252398,2
6.572831,0.43748584,2
10.897327,-1.8111305,4
9.013552,-5.576602,2
17.988243,2.4857504,0
9.046103,7.1209087,5
3.137984,-4.7179546,2
5.0899615,0.50434816,2
-0.020319339,6.6545873,1
-0.29273206,6.6254597,1
15.179112,5.6948233,0
6.1957293,7.8300815,5
10.561517,0.7260519,4
12.535453,-2.2831786,4
-0.3526755,6.552017,1
-0.2476553,7.138718,1
6.741073,5.847129,5
8.0386095,-5.6232653,2
-0.41420335,6.4972553,1
0.017689647,6.6391993,1
0.5503873,-2.2292283,2
19.199165,4.709825,0
13.152255,-2.2229729,4
2.4392402,-5.071755,2
17.873346,2.482144,0
-0.4539648,6.8827286,1
6.1948924,7.8583403,5
12.538579,-2.3009584,4
2.4345524,-5.9585214,2
7.7491584,-5.8724394,2
1.1433393,9.264326,1
2.3199787,-5.767889,2
2.282669,6.7062287,1
7.1349807,-5.444304,2
6.4681363,8.170588,5
0.33080372,-1.753104,2
2.499159,6.4471073,1
15.222418,5.663267,0
6.5794573,7.3031206,5
2.4013772,-5.3744817,2
12.272109,-1.4214472,4
6.213819,7.0638585,5
-7.386271,4.6319423,1
9.505488,7.578977,5
-0.21946792,6.9790797,1
7.9072156,-5.7014103,2
2.5374641,6.5343595,1
2.3600485,6.5089426,1
12.674246,-1.6210929,4
6.1798215,0.5110901,2
12.912204,-1.6688615,4
6.1785846,7.843473,5
-0.003589538,6.3328967,1
9.887789,6.323106,5
1.1247842,9.601044,1
7.8566985,-5.6968994,2
1.3506484,7.6048074,1
2.665235,6.80516,1
9.723447,7.594428,5
-0.043039028,6.8435264,1
3.9982092,-5.6210837,2
-0.22642088,6.4705443,1
0.44652814,-1.9779447,2
15.466789,6.1063833,0
0.92975134,9.589937,1
1.0670474,9.218842,1
-0.0024412917,6.7578616,1
9.673967,7.369351,5
9.516598,7.5194793,5
0.6312052,9.4242935,1
6.3522177,6.9199734,5
9.575195,7.382964,5
-7.0392623,4.734818,1
7.0013204,5.670215,5
0.97601074,9.237497,1
8.609029,-6.058057,2
2.7349112,6.7396483,1
6.0800505,7.796832,5
2.5731902,6.7765284,1
9.432152,7.108175,5
0.14230345,6.6871233,1
3.3777552,-4.851105,2
9.085116,7.0548325,5
1.2823354,7.638074,1
6.0755343,7.840253,5
7.7190237,-5.751092,2
9.096724,7.093088,5
2.4517355,6.491169,1
2.5843527,6.6684747,1
1.1036738,9.066023,1
7.1005907,-5.429734,2
2.4750993,6.6422896,1
2.4513814,6.6697307,1
0.9773969,9.303945,1
-0.50410056,6.842893,1
19.229868,4.723317,0
-0.13746527,6.7234282,1
15.295581,5.659585,0
15.487166,6.3104095,0
6.9756308,5.8398843,5
3.5787659,-5.3182154,2
19.187014,4.7047977,0
14.978092,6.9219966,0
19.150595,4.7332926,0
18.394487,6.681966,0
14.851827,6.986128,0
18.201487,3.6224763,0
2.443323,6.7011566,1
-0.42811838,6.983788,1
-6.98287,4.746725,1
-0.20105459,6.6799417,1
2.1991937,-4.8903956,2
2.5355117,6.6423817,1
7.847607,-5.8581347,2
9.72696,6.4984083,5
2.6043372,-5.428719,2
6.2291355,7.853228,5
12.981517,-1.8528917,4
17.83111,3.048752,0
2.7214558,6.566282,1
15.586381,6.22363,0
-0.46690267,6.8881426,1
9.059046,7.1218357,5
8.529511,-5.773594,2
0.14421892,6.578368,1
-0.46374518,6.516493,1
17.875557,3.2064664,0
0.11287409,6.6228676,1
-0.052802242,6.288364,1
3.0034018,-4.850194,2
18.023214,3.085957,0
2.5371196,6.7154055,1
0.69054675,-1.5800124,2
9.872245,6.3831244,5
6.248283,7.8509545,5
6.193804,6.910719,5
2.4721837,-5.699108,2
6.441953,7.28236,5
9.048034,7.086135,5
1.189656,7.660538,1
9.760344,6.3281126,5
0.6083912,-2.0741498,2
15.193388,5.752951,0
2.5495653,-4.7584705,2
1.1098859,9.147976,1
9.070704,7.1055818,5
6.156016,7.8308454,5
15.584453,6.1279125,0
7.1325207,-5.442761,2
8.5735,-5.6783586,2
-0.17787217,6.8281403,1
2.6689441,6.775876,1
12.588872,-1.5588686,4
9.752533,6.283913,5
17.672989,2.9408727,0
9.109982,7.0176563,5
1.3127692,9.4294195,1
9.692853,7.478472,5
2.3853116,-5.4584627,2
8.337231,-5.6363487,2
18.64924,5.2906156,0
3.2369883,-4.5147786,2
1.1306489,7.952135,1
2.552339,-5.2770314,2
1.1999358,7.691794,1
0.89227164,9.197089,1
6.1905093,6.9104376,5
15.3353815,5.7163024,0
-7.0737004,5.957577,1
-7.119369,4.844079,1
-0.10720652,6.907609,1
9.763595,6.4373345,5
2.7120323,6.496472,1
1.1484088,7.849412,1
-0.27150628,7.050494,1
15.4037285,7.030992,0
1.0042509,9.399738,1
6.181705,7.8099184,5
17.862396,3.194955,0
15.404615,5.930476,0
-0.5775178,6.7798305,1
-0.16585967,6.9264035,1
12.909956,-2.4286852,4
-7.01941,4.759869,1
0.19625795,6.2488627,1
-7.109019,6.0040917,1
2.670481,-5.2175736,2
-0.17082061,6.5224686,1
3.1158276,-4.7682447,2
3.4638877,-5.566099,2
6.2698407,7.0160213,5
-0.7017388,6.5804024,1
2.7644851,6.7547984,1
16.299145,6.486203,0
14.930011,6.893702,0
-0.46128437,6.914126,1
1.2237422,9.510038,1
6.7397556,0.54777706,2
14.845457,6.9421477,0
-7.472887,4.6610937,1
10.529197,0.50318813,4
9.058387,7.0766664,5
-0.16115202,6.9976854,1
2.4757686,-5.40369,2
2.701787,6.483047,1
0.006916912,-1.9441346,2
0.16098659,6.4175615,1
-0.17070855,7.04844,1
-0.33742136,6.8332586,1
9.018986,-5.560579,2
9.580153,7.4918556,5
9.564129,7.623813,5
1.0482644,9.242185,1
6.2154975,6.9179378,5
-0.5500835,6.8931403,1
0.14565513,6.3130145,1
9.563492,7.5612073,5
2.9215662,6.7598095,1
0.123814754,6.4305944,1
1.1079135,9.323921,1
3.8572419,-5.4132757,2
0.87153137,9.276434,1
2.7296805,6.5100384,1
6.734414,5.7871585,5
15.572044,6.299023,0
15.046486,6.9392986,0
0.017450804,6.5541077,1
2.4904406,-3.7668495,2
7.833339,-5.88845,2
1.1785741,7.7290816,1
2.6111252,-5.9640036,2
0.5992715,-2.213791,2
0.15284508,6.6130986,1
3.3050928,-5.670055,2
3.5088284,-5.839058,2
-7.0676107,5.975123,1
0.73402214,10.053895,1
15.316127,5.6386595,0
3.4040146,-5.3379145,2
2.9164822,-6.255391,2
5.031123,0.5150235,2
0.14822778,6.315557,1
14.902289,6.8947573,0
-0.24488227,6.476665,1
2.609707,6.71532,1
6.113616,7.786659,5
15.24208,5.7018604,0
15.274781,5.6507998,0
3.804962,-5.497997,2
12.43928,-1.7774258,4
2.4112277,6.4974346,1
-0.4562396,6.5549574,1
12.424643,-2.2953844,4
2.818892,6.842579,1
9.793727,6.330862,5
13.373774,-1.9511558,4
2.4115446,6.7866826,1
-0.326647,6.857367,1
14.828004,6.910745,0
2.7263837,6.809246,1
-6.890436,4.62972,1
9.654409,7.6605086,5
18.02779,3.1945355,0
19.24428,4.8488445,0
-7.064977,4.728478,1
-0.34813106,6.4263453,1
-0.41092226,6.6392884,1
1.2026794,7.709591,1
3.943666,-5.6502423,2
2.4420612,6.473046,1
-0.33290535,7.0290885,1
3.4864187,-5.1304708,2
6.242191,6.9057384,5
18.939596,4.3555164,0
17.969145,3.2112088,0
3.8389943,-5.4048724,2
17.954193,2.5166602,0
9.776231,6.2515507,5
-0.06673552,6.627239,1
0.13574062,6.6961274,1
15.297276,5.763764,0
9.767233,6.343243,5
11.1691,0.33098716,4
2.6822784,6.432456,1
4.1219206,-5.542647,2
6.8142023,-0.43292004,2
0.7670514,9.859163,1
6.527229,7.40735,5
2.5812376,6.64061,1
-6.999758,4.736643,1
4.9439936,0.68681186,2
8.024737,-5.4197674,2
-7.1099033,6.0027566,1
3.890457,-5.3801713,2
12.45799,-1.919852,4
2.1904867,6.9968677,1
15.192183,5.6592836,0
7.1352453,-5.451631,2
17.697868,4.130568,0
3.788307,-5.870732,2
0.052729927,6.4113493,1
5.97891,0.4932356,2
0.68099654,9.1952915,1
3.4897132,-5.6797814,2
19.195118,4.564251,0
8.036768,-5.6004143,2
2.400247,6.518571,1
15.633766,6.230242,0
-0.44258153,6.8612084,1
11.12836,-1.7338693,4
-0.3335876,6.6899896,1
6.1902223,6.9646635,5
9.682982,7.3323207,5
-0.3683355,6.920136,1
9.673491,6.6188784,5
9.69933,6.578145,5
6.063924,7.8030934,5
2.4463277,6.6853914,1
1.2098714,7.5872808,1
2.8284717,6.81846,1
4.0887194,-5.3391333,2
5.1882443,0.50812584,2
9.623391,7.526645,5
-0.06537933,6.905064,1
8.071298,-5.5797977,2
-0.4596511,6.8331947,1
-0.066027485,6.394374,1
4.0726547,-5.302909,2
9.794051,6.396373,5
6.370502,7.2875113,5
-0.26845264,6.6770315,1
11.7263155,-0.5470122,4
2.6580825,6.7786107,1
7.1657667,5.7166014,5
18.112747,3.816209,0
12.26701,-1.4474189,4
6.1500735,0.56463826,2
1.268141,7.6656966,1
4.1482,-5.187446,2
9.062978,7.097288,5
1.0446135,9.314998,1
9.759075,6.453457,5
12.254302,-1.3758198,4
2.2806137,6.5067277,1
-0.10092563,6.6561747,1
6.0801177,7.8134503,5
0.24494205,-1.8544917,2
17.111006,7.3344445,0
6.42055,7.358125,5
0.32851705,-1.6748092,2
12.079904,-1.278445,4
6.03599,7.7800117,5
0.2530777,-1.8312067,2
9.018211,7.0570064,5
3.6619587,-5.493146,2
9.062306,7.0867457,5
4.111145,-5.3042717,2
0.80671483,9.320882,1
6.1718473,7.813914,5
-0.5781613,6.4386907,1
9.71006,7.4292064,5
9.047007,7.089413,5
-0.5286641,6.536512,1
11.131217,0.16895378,4
10.803953,0.22504114,4
18.114979,3.9108586,0
3.6567733,-5.2659307,2
9.738698,6.4656577,5
9.504649,7.591162,5
7.1437426,-5.4519453,2
-0.38795373,6.8870125,1
9.642284,6.729966,5
2.5082088,6.7479987,1
1.2481415,9.269228,1
0.25886127,-1.6979038,2
2.6006827,6.7050805,1
6.451617,0.61473155,2
9.604314,7.316813,5
18.105999,3.8117151,0
0.06323742,6.4781394,1
8.050492,-5.67124,2
11.96224,-1.2836866,4
4.173111,-5.4132423,2
1.1809113,7.6508183,1
19.162495,4.655129,0
5.158761,0.4939856,2
0.83273375,9.3057575,1
8.099915,-5.4271793,2
7.6983113,-5.7921505,2
-0.4138477,6.815694,1
-0.17496538,-1.8658378,2
18.3789,6.7227526,0
0.9860106,9.45455,1
9.752632,7.546194,5
9.643951,7.462221,5
-0.20882726,7.0491405,1
18.04199,3.9286923,0
18.41539,6.5316067,0
6.7051954,5.824601,5
6.7464833,-0.4005877,2
6.506441,7.3036757,5
9.573208,7.56731,5
9.572416,7.4987283,5
1.2000965,9.387828,1
17.993172,2.8079538,0
9.555258,7.2163815,5
1.0882308,9.182351,1
-0.08792712,6.7156696,1
0.7009501,9.267699,1
1.1165423,9.186443,1
6.228357,7.00623,5
15.574963,6.210709,0
17.842207,3.2283714,0
13.250984,-2.2838378,4
2.403667,6.5311475,1
4.395158,-5.4296985,2
6.156503,7.784768,5
0.9301363,9.344894,1
3.6624348,-5.312347,2
4.071287,-5.385653,2
14.9287615,6.887104,0
3.4738104,-4.886783,2
1.1851475,7.8847613,1
12.356566,-1.8457828,4
3.7645557,-5.994089,2
1.277162,7.7509413,1
0.7841605,9.771775,1
-0.3856053,6.8889017,1
17.876345,2.6025386,0
6.1223135,7.8878093,5
6.4708333,0.45693302,2
0.71683466,9.18017,1
1.0714782,7.5734215,1
-7.5045347,4.447691,1
-0.26805907,6.795627,1
1.0762769,9.234109,1
2.4878364,6.6735997,1
17.955133,3.154477,0
12.385041,-1.8295672,4
6.08102,7.6955814,5
16.953001,7.239793,0
6.583211,0.46168134,2
17.98237,5.3039927,0
10.982767,-1.8307171,4
9.826399,6.396959,5
9.572758,7.5119944,5
9.723481,6.3557477,5
3.6110225,-5.474888,2
6.8968935,5.907589,5
-0.65305555,6.514061,1
14.935078,6.867479,0
-0.24356265,6.6388063,1
0.8100545,9.162923,1
2.3981445,6.648467,1
6.1820555,7.7865133,5
6.2148156,6.843064,5
9.507904,6.940207,5
8.134089,-5.544492,2
12.590689,-1.442772,4
-0.11547129,6.433399,1
19.056566,6.132933,0
10.831503,0.38815787,4
18.09552,3.7910426,0
-0.37731603,6.8853226,1
9.624433,7.329063,5
17.975975,2.8053977,0
1.0596259,9.194429,1
-0.09665266,-1.8649328,2
2.5204687,6.766749,1
7.6874437,-5.704353,2
1.1662512,7.6287565,1
12.642407,-1.6192411,4
14.822456,6.9899807,0
3.5645008,-5.5980134,2
6.3635483,0.5308322,2
12.526976,-1.4077744,4
-0.023604458,6.5819902,1
9.067478,7.134115,5
0.11153093,-1.9552814,2
2.5954862,6.644456,1
2.534111,-5.9231386,2
6.064156,7.7996626,5
0.82998985,9.138366,1
2.398278,6.5007358,1
3.9332817,-5.564425,2
3.8580441,-5.616927,2
9.651484,7.283021,5
15.233403,5.6641197,0
0.07243733,6.463983,1
-0.29471123,-1.7697223,2
7.928898,-5.826635,2
0.98678774,9.144055,1
-0.123735905,6.5623126,1
2.3432808,6.431153,1
1.015429,9.262419,1
-0.09874838,6.9322333,1
15.048999,5.763345,0
15.27933,5.7396507,0
6.4836283,7.319759,5
6.557851,0.5886957,2
1.0488594,7.5251403,1
1.178787,7.65589,1
1.2607242,7.642963,1
-0.18255398,6.402413,1
9.072644,7.1381454,5
0.8005562,9.157753,1
-0.18145661,6.3860593,1
-0.40067887,6.783328,1
-0.35640967,6.6991625,1
-0.1382135,6.6260223,1
0.8341905,9.255474,1
17.958796,3.326657,0
12.27672,-1.4343485,4
6.152594,7.794471,5
3.9128006,-5.849013,2
9.546337,6.8770084,5
-0.04282319,6.351712,1
12.342663,-1.4777223,4
12.565333,-1.5833158,4
15.233827,5.6528473,0
2.5879745,6.373174,1
-0.19171722,6.445761,1
-0.035272893,-1.8828924,2
-0.3692137,6.8675423,1
6.703552,5.8923173,5
6.1582055,7.8352695,5
15.506093,6.2839837,0
4.8974624,0.64678454,2
9.677362,7.3172398,5
0.73200464,9.161249,1
3.989504,-5.2722435,2
-7.283768,6.0258255,1
-0.20761764,6.819503,1
6.0655446,7.8129797,5
-0.26680323,6.616421,1
2.4372985,6.5927906,1
2.4630065,6.658199,1
0.044528455,6.475341,1
3.4086509,-4.5295887,2
2.7571175,-5.357801,2
6.1374493,7.8226027,5
0.8041007,9.133606,1
7.1763315,-5.437461,2
-0.23323703,6.858289,1
1.1544348,7.6513405,1
1.1583747,7.613234,1
0.09160415,-1.9115963,2
-0.23162645,6.557293,1
0.62825084,9.452904,1
-0.11689345,6.860637,1
2.4843452,6.763792,1
6.444144,7.3185143,5
8.069782,-5.5075974,2
6.8875976,6.009452,5
3.7925549,-5.3189087,2
3.7064862,-5.506795,2
9.461042,7.216032,5
1.2808189,9.392977,1
16.20373,6.351437,0
1.1311011,7.5819654,1
2.435393,6.531393,1
0.7806988,9.591852,1
18.06605,2.5353937,0
-0.020430192,6.5193853,1
1.1669737,7.623043,1
-7.029467,4.7590485,1
2.6499872,6.7017345,1
3.4178104,-4.5779533,2
18.003653,2.965555,0
0.19528697,-1.7291235,2
0.74144274,9.245193,1
2.459929,6.647268,1
11.653337,-0.4235088,4
2.4906251,6.6975927,1
-0.11310363,-1.9141796,2
5.1361856,0.48993585,2
9.670036,7.081255,5
3.414483,-5.321975,2
0.20867467,-1.8360541,2
17.65813,4.15146,0
3.9699116,-5.584428,2
0.032364946,6.451878,1
15.235784,5.6783724,0
11.367542,-1.6554972,4
6.4660125,7.292986,5
0.027787099,6.4658594,1
0.989233,9.352595,1
4.240313,-5.4193025,2
6.1845574,7.0447,5
1.211196,7.5813265,1
6.3608685,7.282985,5
0.8012418,9.168034,1
9.60184,7.419417,5
0.71470714,9.264963,1
-7.0121665,5.878722,1
16.485622,7.966754,0
2.5797331,6.51667,1
6.1767845,7.014917,5
-0.38059348,6.8380933,1
0.83020705,9.163723,1
15.222334,5.761473,0
0.7577033,9.4832115,1
7.0926323,-5.4486094,2
-0.15520634,6.6776547,1
6.4573607,7.2752185,5
-0.19714138,6.7277055,1
6.0373344,7.8076134,5
-0.18409069,7.061798,1
12.401382,-1.4618505,4
6.824873,6.08191,5
-0.40090886,6.896703,1
16.936312,7.2442055,0
9.664057,7.619969,5
18.387737,6.4811263,0
9.768771,6.3680887,5
0.0894766,6.4344697,1
0.66167825,9.356841,1
9.727923,7.4235754,5
11.01774,0.21506442,4
1.1657941,7.668548,1
1.1951665,7.6557374,1
4.293454,-5.5236263,2
-0.19087616,-1.8000814,2
6.2051816,6.950715,5
2.3840287,6.507656,1
6.0820084,7.756204,5
3.6684887,-5.727356,2
11.141235,0.13790186,4
-0.016803343,-2.0184014,2
15.347004,5.727364,0
5.940947,0.5196837,2
5.1864147,0.5010897,2
12.460592,-1.5372212,4
17.997532,3.2469602,0
7.142636,5.74819,5
1.204726,7.6570473,1
2.4665246,6.6567297,1
2.5941045,-3.8994088,2
1.1137801,9.128164,1
-0.055808008,6.9227853,1
2.6377032,-3.8133855,2
18.207397,3.5998287,0
0.69540834,9.188335,1
6.412515,8.064047,5
9.6908455,6.5036893,5
-0.33754098,6.82888,1
12.176542,-1.3900752,4
-0.05221343,-1.9259397,2
18.049013,2.998867,0
-0.3967505,6.8958764,1
-0.061490487,6.922799,1
15.258368,5.655714,0
15.28573,5.6506596,0
9.666586,7.6186156,5
0.730237,9.156967,1
-0.03280462,6.345938,1
2.7202265,6.6397476,1
-0.18782207,-1.8696824,2
8.421518,-5.6079493,2
6.592683,0.25967446,2
6.2714376,7.910194,5
-0.0846988,6.326016,1
-0.31293136,6.3582816,1
6.1596923,6.9622464,5
0.5757225,10.113318,1
2.2000422,-5.5029154,2
-7.196178,4.8925295,1
10.882761,-1.8618844,4
3.9260237,-5.8692417,2
12.879968,-1.7266536,4
12.566289,-1.7269415,4
-7.4987307,4.861259,1
9.627346,7.5236087,5
9.472928,7.2265077,5
2.8610246,-5.1601377,2
9.167707,6.955217,5
1.1226255,9.493427,1
0.53412735,-1.8016742,2
-0.11331793,6.70127,1
6.9565883,5.8690286,5
-7.2437577,5.9831777,1
3.7980173,-5.5295568,2
4.9724417,0.5769705,2
11.00179,0.29639208,4
-7.1058593,5.9011784,1
1.2606887,9.403758,1
-0.5132132,6.619185,1
-0.6699001,6.817474,1
2.4855337,-3.5985081,2
2.5497136,6.546343,1
6.1082172,7.9759684,5
16.972996,7.243699,0
8.141352,-5.653995,2
10.963057,-1.8579091,4
0.27384079,-1.8843877,2
2.4832978,6.2996593,1
0.07525962,6.4030724,1
3.5556066,-4.8046823,2
-0.077132136,6.144171,1
6.6284943,5.575089,5
17.97039,2.6954799,0
6.8218255,5.548577,5
15.548362,6.274769,0
0.9988281,9.333709,1
0.015465311,6.9308214,1
15.29982,5.6351643,0
15.042311,6.8314204,0
2.5322628,-4.7849126,2
15.261247,5.6642895,0
15.593284,6.2487464,0
2.856318,6.782987,1
15.291021,5.5852003,0
6.2652917,7.8810563,5
15.26286,5.666652,0
14.959448,6.867358,0
17.815649,5.277599,0
17.705626,2.9281914,0
9.5219345,7.599769,5
9.5124855,7.5377836,5
6.239007,7.9458613,5
17.846985,3.1469836,0
16.099205,6.349707,0
-0.38803366,6.8880053,1
6.6431293,0.42224658,2
10.563136,0.5213174,4
2.3940303,6.4291625,1
-0.57691735,6.776656,1
18.063112,3.1466274,0
2.4076886,6.456944,1
10.869239,0.25237596,4
-7.0422735,5.873844,1
6.741808,5.7924466,5
15.243019,5.6610003,0
15.229314,5.686053,0
17.938517,2.9702635,0
2.0025184,-5.488028,2
15.3301935,5.6779356,0
0.6577254,-2.2516263,2
19.137175,6.1184063,0
15.984893,6.9582644,0
19.136421,4.7701063,0
15.289545,5.6526237,0
15.310039,5.652922,0
17.99711,3.0984125,0
8.950544,-5.35056,2
17.845613,5.418766,0
16.035004,6.9462247,0
10.897071,0.341894,4
15.260268,5.653646,0
15.328038,5.747657,0
17.740967,2.8470182,0
15.31593,5.696177,0
17.09025,7.1070824,0
6.26549,7.7267013,5
0.9085587,9.30087,1
1.7960963,-5.720339,2
9.561612,7.660009,5
6.169893,6.90586,5
4.0026264,-5.787935,2
12.431342,-1.9182193,4
15.291145,5.700017,0
2.5383224,6.663208,1
17.09423,7.320383,0
15.631257,6.1501055,0
17.758484,6.3849998,0
-7.242136,4.8675137,1
0.6743962,-2.1095836,2
3.4981244,-5.7723284,2
3.4923286,-4.824051,2
0.85318136,9.260269,1
-0.23268728,6.5983567,1
6.772416,5.751645,5
11.006992,-1.9490883,4
8.008843,-5.466501,2
15.6483965,6.1449122,0
15.32916,5.71176,0
16.337988,6.4470005,0
3.5441108,-5.558599,2
15.287138,5.618788,0
3.536807,-5.577186,2
2.6467643,6.843758,1
17.18595,7.124607,0
17.812777,3.2237203,0
15.252797,6.930391,0
15.367383,5.58159,0
2.3970585,6.514808,1
15.542392,6.198219,0
15.602256,6.245704,0
17.983149,2.7491353,0
13.31069,-2.4464753,4
0.07710204,-1.9440936,2
2.6882353,6.848656,1
15.025663,6.865756,0
2.7903252,6.6738834,1
2.6528833,6.8159804,1
11.838398,-1.526112,4
2.6027837,6.7678285,1
18.014797,2.7772682,0
15.27579,5.6471343,0
16.563536,6.9283867,0
1.0763456,9.242551,1
11.104962,-1.7407775,4
6.3992963,0.64070255,2
-7.2068048,5.9740705,1
3.8174973,-5.95429,2
17.76904,3.00606,0
15.0499115,6.834574,0
16.316069,6.4312596,0
16.103336,6.5618367,0
17.682938,4.151518,0
17.715067,3.0723236,0
6.3205123,7.966125,5
15.300636,5.577447,0
15.356729,5.5654864,0
2.5988493,6.5590987,1
2.697123,6.7146106,1
18.229158,6.5405374,0
16.356874,6.4191155,0
12.53808,-1.713394,4
15.607161,6.182587,0
18.271309,6.6990147,0
17.633904,3.1264262,0
6.351552,0.61745316,2
12.667677,-1.8267552,4
14.875618,6.962146,0
3.3398888,-5.4332438,2
7.8397446,-5.7239203,2
-7.580751,4.43769,1
8.604893,-6.033665,2
0.47661182,-2.0211189,2
3.8294165,-5.967468,2
7.918919,-5.6367435,2
19.076986,5.9748344,0
6.5327134,0.59030014,2
12.369396,-1.5593907,4
15.860957,6.3236837,0
17.629301,4.2308273,0
16.417057,6.2508783,0
-0.14391309,6.8197603,1
0.0606539,6.4468846,1
12.5627,-1.6416717,4
0.14527152,-1.8718636,2
-0.27413213,6.835134,1
15.31212,5.6525273,0
-7.1456127,6.030479,1
16.767729,7.0728674,0
3.2747285,-5.582544,2
15.541965,6.241749,0
14.957366,6.9128184,0
16.945145,7.1691804,0
-7.0676484,5.9539633,1
2.438235,6.5310893,1
1.0611662,9.197732,1
19.05447,4.634211,0
3.4229703,-5.6913214,2
11.021249,-1.826568,4
15.346899,5.5147815,0
17.864056,3.1090918,0
0.14914365,6.400861,1
17.31305,7.1699305,0
-7.073647,5.9670463,1
3.2678015,-5.9123554,2
-0.48416537,6.9258633,1
6.679102,5.914118,5
12.6116,-1.602043,4
15.268042,5.6617856,0
1.0811379,9.452124,1
17.87207,3.131324,0
17.933695,2.5048065,0
9.5613365,7.618176,5
6.2180977,7.922336,5
2.8788147,-6.2793517,2
15.326801,5.6813884,0
0.06208868,6.7681417,1
2.7351742,6.7783303,1
16.155706,6.468031,0
6.5716105,7.332845,5
15.513243,6.246924,0
16.98647,7.1690593,0
2.513329,6.6701884,1
15.057625,6.744078,0
2.9273427,6.8025084,1
-7.1008506,5.9687214,1
15.281517,5.665708,0
0.12705928,6.757268,1
17.007357,7.1669545,0
15.55463,6.2443905,0
-7.0891423,5.9959073,1
17.800446,2.6671798,0
8.991913,7.110569,5
9.564982,7.5936003,5
19.29062,4.845233,0
16.986141,7.18711,0
-7.285724,5.839293,1
6.757539,5.8963966,5
16.650984,7.262995,0
0.3073736,-2.0912802,2
6.3720536,7.934087,5
16.484459,7.3506794,0
0.8950021,9.278872,1
0.9129492,9.260184,1
16.974648,7.1590676,0
16.28691,7.0154886,0
15.2775,5.6643596,0
15.020697,6.8690405,0
16.20239,6.383561,0
16.538649,7.435356,0
15.537303,6.185075,0
6.51384,5.708246,5
16.196896,6.378707,0
15.343963,5.662817,0
6.372129,7.916191,5
6.364112,7.9357,5
16.55449,7.341417,0
12.474214,-1.8508668,4
14.82766,6.9295235,0
16.095667,6.4478993,0
15.351422,5.6684012,0
6.9888673,5.8498497,5
6.5568833,0.63330317,2
15.357628,5.6026106,0
17.754768,3.1676595,0
-7.116698,5.9010425,1
16.935678,7.122633,0
17.729376,4.152729,0
15.556836,6.233973,0
17.059837,7.2774816,0
2.9178917,-6.2227845,2
16.788925,7.167165,0
15.311116,5.670104,0
1.1236832,9.26961,1
6.2904043,7.958681,5
15.274771,5.680128,0
15.3095665,5.664891,0
17.045746,7.267373,0
14.87994,6.8718486,0
19.048578,6.129939,0
-7.046982,5.8955164,1
6.331484,8.053876,5
6.263883,8.033811,5
17.93695,2.4956017,0
15.32988,5.6632648,0
-0.26565412,7.162323,1
16.189705,6.331111,0
14.984524,6.720639,0
15.351857,5.6671,0
0.09633269,6.7815385,1
15.323261,5.689727,0
16.414274,6.5028987,0
0.9296706,9.244925,1
6.1930304,6.9290924,5
17.071411,7.282741,0
15.225648,5.6826777,0
16.97643,7.1581492,0
0.23572156,6.2720337,1
15.270592,5.6601467,0
17.677645,4.197614,0
2.5736313,6.704682,1
17.783152,2.986958,0
15.314661,5.6571016,0
-6.9221425,5.861779,1
0.04322649,6.773909,1
17.812586,2.8965952,0
1.0846794,9.230387,1
0.009387836,6.770534,1
3.7365706,-5.768081,2
2.8632534,-6.243887,2
16.460146,7.3546934,0
16.452753,7.409873,0
15.320926,5.6790557,0
17.905706,5.355784,0
15.326945,5.6743,0
16.375725,6.521263,0
19.046768,6.15256,0
16.984636,7.153241,0
6.315474,7.8153844,5
-0.07122161,6.7583265,1
15.589876,6.1869845,0
9.576932,7.708474,5
15.354686,5.6306157,0
2.1002114,-4.8676724,2
15.3122835,5.647668,0
15.387734,5.7295933,0
2.443771,6.641825,1
6.2676907,7.872944,5
16.073019,6.5123677,0
15.564357,6.267504,0
6.1889105,6.9170337,5
15.253371,5.6639524,0
1.8415015,-5.3773828,2
-7.104127,5.957731,1
-0.47927234,6.935174,1
15.225088,5.664251,0
9.578173,7.585729,5
15.326775,5.6443176,0
15.278491,5.6655183,0
15.36993,5.6415243,0
15.33224,5.663407,0
15.296505,5.670762,0
18.261274,6.6942253,0
2.4976618,6.4125557,1
-0.44411927,6.7693005,1
15.951264,6.4230824,0
19.170797,4.768677,0
-0.36261368,6.8458014,1
6.3745594,7.880666,5
17.79575,3.188686,0
9.694706,6.3564615,5
14.853262,6.90501,0
6.5169644,7.4112773,5
17.763084,3.2075708,0
15.261048,5.670232,0
12.322795,-1.5810602,4
2.3908865,6.5215597,1
6.7112656,5.9556007,5
17.02489,7.257537,0
6.3066187,7.8345547,5
2.8753703,6.8406267,1
-0.3638521,7.0463443,1
-0.1675569,7.092826,1
3.7693753,-5.8364897,2
17.832417,2.6793702,0
16.484018,7.3667426,0
10.397592,0.4433129,4
18.217758,6.7679677,0
16.483065,7.365973,0
-0.16536275,7.0431767,1
16.446224,7.423536,0
17.02118,7.2144217,0
16.497713,7.3365264,0
17.809187,2.6626823,0
-0.36334616,7.031075,1
-0.30350626,7.146118,1
-7.0692296,5.930414,1
17.82074,4.071339,0
19.198563,4.812567,0
12.2960615,-2.4421494,4
3.5814075,-5.974712,2
17.002993,7.174935,0
2.705786,6.804065,1
2.3915765,6.538179,1
18.267664,6.7490425,0
2.5717363,6.5599456,1
15.307959,5.7237644,0
14.918514,6.8824916,0
16.094637,6.5033617,0
17.03091,7.172576,0
8.990663,-5.6309414,2
2.387079,6.5071373,1
3.0922277,-4.8883996,2
17.03683,7.2319636,0
16.373896,6.397053,0
6.2228107,6.9323707,5
17.05614,7.239731,0
16.481089,7.3803973,0
16.17789,6.416533,0
17.117516,7.272908,0
6.404188,7.862863,5
15.368166,5.653429,0
6.723569,5.9394317,5
2.4807107,-6.018915,2
18.19867,6.7536893,0
16.531319,7.300193,0
0.057690233,6.7588873,1
14.891278,6.9089437,0
16.105566,6.408266,0
16.07616,7.061266,0
6.2964435,6.982568,5
15.099818,5.6480746,0
2.5064285,-4.7482357,2
16.137243,6.3847446,0
15.564297,6.2326336,0
17.029572,7.2033477,0
15.382971,5.7567043,0
7.052991,8.805226,5
3.013498,5.930727,1
14.769352,5.7310987,0
5.9797626,7.5483847,5
18.580252,6.736792,0
13.26176,-1.4740639,4
17.75802,3.0771873,0
6.484204,6.9677505,5
6.013323,7.4675565,5
14.590187,5.83462,0
17.035534,7.762925,0
16.036253,6.6256104,0
0.84217346,10.329059,1
17.969389,4.2519393,0
-1.0198733,5.407547,1
14.491447,5.7351265,0
14.579914,5.627739,0
6.326825,7.0364985,5
17.13668,7.6991053,0
18.704508,2.6717312,0
17.242142,7.8167567,0
14.598006,5.8421254,0
-1.274938,6.767856,1
6.3957925,8.489935,5
10.034943,7.7450385,5
-1.1750944,5.7450914,1
18.59503,2.850041,0
7.8074193,-4.960481,2
4.069353,-4.46485,2
-0.89118683,6.1186633,1
-0.013156393,-1.1726029,2
18.488846,2.8764198,0
1.2671694,10.063043,1
18.616308,5.2766,0
11.354392,0.66376185,4
9.227549,6.8918295,5
-1.4077,6.315773,1
13.562997,-0.8127882,4
-7.0700836,6.007259,1
7.930472,-4.586054,2
-7.2577753,6.016923,1
0.82007784,8.025208,1
14.786602,6.908392,0
15.359809,6.4894195,0
4.704325,-4.719711,2
8.035146,-4.5351715,2
8.038537,-4.8470073,2
2.9805706,6.1687355,1
7.844074,-5.950153,2
11.038165,-1.9477627,4
0.3737975,-0.44927603,2
7.9424324,-4.5714755,2
6.6681604,-0.64314336,2
-0.68408203,5.8243318,1
4.6398206,-3.4146183,2
14.886639,5.7580895,0
2.8031547,5.7184386,1
10.083998,7.5746584,5
7.971639,-4.9939685,2
2.18789,7.12202,1
-7.069993,5.970828,1
13.670195,-1.3731216,4
0.43891898,-0.5201679,2
13.999325,-0.9470149,4
4.677899,-4.443397,2
6.056406,0.05338162,2
10.189913,6.27661,5
12.8696575,-1.0483146,4
4.75441,0.5145276,2
7.760529,-4.96001,2
6.73537,-0.6782722,2
6.9390955,8.525288,5
-0.2702855,-1.2183052,2
6.1858525,0.29843917,2
0.90419155,10.907351,1
4.277456,-4.243078,2
-1.437983,6.104732,1
13.055109,-0.95000404,4
0.29151046,-1.2764732,2
13.561639,-1.0873238,4
9.772032,7.509877,5
9.15599,6.95041,5
14.497053,5.7821755,0
10.000194,7.6322203,5
7.680577,-4.9404836,2
2.8364453,5.669853,1
13.179115,-1.0626197,4
19.495502,4.6839237,0
10.091861,6.35058,5
-1.1910436,5.7062345,1
9.186937,6.986022,5
2.6531007,5.8474474,1
15.738019,6.108298,0
1.3402574,7.5621066,1
18.82075,2.6823819,0
16.375355,6.651998,0
15.953172,7.10729,0
2.7704887,5.7858634,1
-0.8442298,6.236291,1
17.191605,7.8004932,0
2.245948,7.103434,1
-1.1116637,6.4192257,1
0.9763206,8.109418,1
-0.09776278,-1.3419746,2
18.717516,2.5768754,0
3.728426,-5.755017,2
2.301253,7.2428303,1
-0.8129251,5.8041277,1
-1.7959623,5.954171,1
0.44228944,9.696297,1
18.653858,2.9621708,0
-1.8738974,5.568155,1
15.912972,7.0000725,0
6.4888716,4.5741105,5
0.79245996,-1.1937637,2
18.562273,3.0697596,0
0.47375694,6.8100467,1
-0.835282,5.7867146,1
17.097006,7.638791,0
-1.5352976,5.788015,1
14.501616,5.6934433,0
-1.538691,5.735295,1
9.977763,7.2349486,5
2.3536994,7.509155,1
18.696554,2.495775,0
-1.36456,6.786156,1
6.478785,4.941709,5
7.2251368,8.89959,5
15.414758,6.501546,0
16.382301,6.5858192,0
6.5118785,6.9697495,5
2.9017756,5.9012685,1
18.386656,6.4051943,0
14.674523,7.0188713,0
9.155223,6.9076858,5
6.434976,6.8671155,5
-1.7199266,5.7033825,1
3.0655484,5.9851427,1
6.549507,5.293349,5
14.606874,5.785419,0
-6.996983,5.7309203,1
6.485981,4.586132,5
3.614177,-5.3899994,2
14.720371,6.8662286,0
17.195293,7.8268976,0
7.4538107,-5.624303,2
17.054916,7.672942,0
14.677754,6.197451,0
15.346781,6.4958334,0
3.0725772,5.621779,1
14.059092,-0.88978153,4
14.609398,5.795806,0
14.471047,5.8081927,0
7.029857,5.5775456,5
17.035608,7.7273083,0
9.705146,6.7557034,5
-1.0840682,6.3993144,1
16.378218,8.0739765,0
17.010138,7.7686715,0
6.668834,9.204055,5
17.104853,7.7132306,0
4.1751842,-4.2929206,2
17.12775,7.6921954,0
2.881595,5.8570037,1
17.122364,7.696003,0
17.103148,7.6448655,0
19.610325,4.648988,0
16.396826,6.5874534,0
16.438734,6.664198,0
14.597443,5.924151,0
6.12652,0.23776156,2
14.624295,5.5734215,0
17.194918,7.784824,0
6.6902847,9.18267,5
6.234363,7.292378,5
9.980023,7.3868546,5
16.75235,7.4588585,0
15.945563,7.145054,0
-1.6504998,6.0826254,1
18.01884,4.1901293,0
0.89385927,6.623789,1
18.561152,2.4240284,0
17.064596,7.665402,0
14.602478,5.82746,0
6.5312896,4.6089044,5
-0.94295526,5.4325614,1
15.345895,6.5134206,0
-1.2555871,6.67612,1
0.95342904,11.097152,1
-7.0426717,5.8772883,1
4.8093815,-4.4168887,2
6.821494,8.617211,5
17.100618,7.6470046,0
15.389529,6.4682083,0
14.524157,5.959993,0
15.386189,6.4979396,0
14.549661,5.8539505,0
-7.0899744,5.977372,1
10.098063,7.7191043,5
-1.2547027,6.6572,1
18.590746,2.6097686,0
7.2271066,8.924789,5
2.3663435,6.9021053,1
2.7435415,5.787555,1
15.383031,6.503733,0
-7.165021,5.806778,1
16.384424,6.6940656,0
-7.0965576,5.966378,1
18.659702,5.3220553,0
16.112556,6.5580864,0
14.664352,5.5940576,0
17.105717,7.63577,0
3.0055873,5.6407256,1
11.343429,0.6092259,4
18.72963,2.850625,0
18.690228,5.353605,0
4.1347923,-4.373362,2
17.137032,7.727265,0
10.210667,7.502837,5
-1.2709885,6.768883,1
6.885078,8.489601,5
14.534609,5.7632904,0
17.094595,7.693973,0
16.341236,8.035507,0
14.688001,7.0150857,0
18.506666,6.6993103,0
1.26014,8.848708,1
4.318471,-4.1770253,2
14.738258,5.5662165,0
5.9940095,0.21794222,2
0.7049275,9.950269,1
2.7746794,5.806783,1
18.551397,6.889926,0
17.11198,7.6266403,0
12.865804,-1.015211,4
17.148066,7.73826,0
18.714144,2.646818,0
18.59042,6.784165,0
18.794582,2.6845436,0
17.179293,7.7695856,0
0.3756434,6.9605794,1
-7.0272727,5.9131145,1
6.4985776,8.409162,5
2.7808673,6.070608,1
6.549387,4.6375937,5
9.984691,6.5221453,5
-6.9570017,5.7225547,1
0.72255486,9.902559,1
4.7081914,-4.561985,2
0.8518915,7.7939816,1
18.626001,6.7185254,0
4.7034645,-4.4386134,2
-6.9335546,5.8009396,1
6.969235,5.090012,5
18.806274,2.6299162,0
16.41576,6.6383033,0
14.564131,5.8385715,0
13.713279,-0.9207995,4
0.421419,9.699624,1
7.1539383,8.807831,5
2.2015681,7.1083975,1
7.0020747,8.970999,5
14.608973,5.5472155,0
2.745812,5.697046,1
7.6364803,-4.9617534,2
6.3392196,8.470202,5
12.930442,-1.186216,4
-1.5891308,5.7198114,1
2.8314807,6.1289544,1
2.2545352,9.164693,1
17.996172,5.373104,0
14.662931,6.973439,0
10.15381,7.461918,5
17.194984,7.794605,0
6.8792806,8.525901,5
2.721095,5.6881294,1
17.10748,7.7938943,0
4.7785296,-5.2302256,2
-0.28433743,-1.1383408,2
11.441631,0.36539647,4
16.35007,6.587645,0
17.029211,7.686538,0
2.7427294,5.781922,1
16.366892,8.081686,0
14.525369,7.0216703,0
-6.9430766,5.799001,1
18.567492,2.411525,0
18.795372,2.8032925,0
-1.4249444,5.7262273,1
-7.216245,5.983286,1
0.8758949,7.8096137,1
0.5098453,6.8063846,1
10.178364,6.241918,5
1.5149915,10.450534,1
2.7637157,5.91234,1
17.119738,7.664295,0
6.538145,8.479492,5
0.6358558,6.9820952,1
19.411726,4.5071893,0
6.923382,8.535543,5
2.6750438,5.655451,1
4.8627596,0.4706267,2
15.443079,5.6620016,0
4.3927426,-4.324344,2
4.7605853,-4.7102695,2
2.565519,5.5726066,1
12.933332,-1.0327088,4
6.651748,9.236855,5
10.114423,6.2297683,5
14.562383,5.8401113,0
2.8785362,5.8555326,1
7.5773106,5.626177,5
0.015680123,10.279861,1
17.157047,7.685793,0
16.666084,7.4597974,0
14.730036,7.0173573,0
4.149375,-4.632026,2
12.498229,-1.6048517,4
-7.065759,5.9512835,1
14.514579,5.8789124,0
3.73505,-5.4682136,2
-1.1470954,5.7148356,1
6.022519,0.26422036,2
16.988373,7.254556,0
18.692726,2.8024745,0
15.750351,6.0420074,0
2.9163911,6.006753,1
11.207789,0.76351124,4
2.647632,5.669512,1
-7.040758,5.9233212,1
3.0425627,-5.54286,2
2.852384,-3.421156,2
17.676432,4.2257442,0
18.746046,2.7879536,0
2.2738652,7.0951743,1
0.09327177,7.157801,1
14.609816,5.6446915,0
6.5938563,4.9806995,5
14.721694,6.9438295,0
16.87627,7.655834,0
-1.1524605,6.671288,1
6.8877797,8.439798,5
2.2810667,7.1873813,1
0.7176485,6.9752083,1
14.569613,5.919493,0
-1.0752127,5.570544,1
-0.46827927,-1.5931178,2
-1.8990449,6.65544,1
17.041262,7.6424766,0
13.1269,-1.194198,4
3.1937988,5.6410646,1
17.128586,7.728071,0
17.137388,7.6862726,0
5.970336,6.966944,5
7.193738,8.3280945,5
15.966277,7.1299534,0
4.5495257,-4.9235373,2
7.1023655,8.918949,5
18.60067,6.8236947,0
15.332864,6.519521,0
1.1058017,8.834563,1
-7.452915,4.8022547,1
2.659079,5.897002,1
6.3824754,8.420213,5
-0.21055892,-1.3084209,2
14.691896,6.976026,0
9.176741,6.9771304,5
0.55161154,10.977522,1
-0.5783338,5.977471,1
7.2508264,8.90065,5
6.852354,5.0176487,5
14.5256605,5.7479725,0
19.54093,4.574689,0
0.7895848,10.781735,1
14.551705,5.866378,0
17.13682,7.7409554,0
17.153881,7.759391,0
15.982823,7.169535,0
14.694174,5.762988,0
-0.2497466,5.396601,1
-0.7991163,6.08403,1
0.5977814,-0.5953267,2
15.924365,7.1143107,0
5.973229,7.493011,5
15.485401,5.766347,0
17.970285,4.2202663,0
15.009396,6.6890135,0
9.164641,6.9681244,5
15.322582,6.5133357,0
-2.1470737,5.685985,1
10.737627,-1.6435449,4
16.046114,6.4101744,0
14.725912,6.986902,0
16.358599,8.051633,0
0.63338244,10.473033,1
6.509886,4.5634117,5
3.4520235,5.995913,1
6.946437,8.538391,5
16.351017,8.083925,0
17.146488,7.763023,0
16.361938,8.067209,0
17.104618,7.6840825,0
16.35928,8.048474,0
15.289948,6.507816,0
18.34414,6.3292923,0
10.022204,7.5773683,5
5.949358,0.058312334,2
18.84981,2.7982564,0
0.72454226,10.916126,1
18.576767,2.4616692,0
-6.9956193,4.7183323,1
16.315487,6.6229024,0
19.233122,6.157282,0
0.6732601,10.900291,1
-7.579705,4.4286323,1
17.139603,7.7188888,0
14.531668,5.8071647,0
14.665007,5.583504,0
16.369307,8.042457,0
-6.928219,4.695793,1
18.568474,5.299844,0
14.7131605,6.9030037,0
1.5722581,9.968788,1
4.0547667,-4.5577426,2
-7.1333604,4.943192,1
18.847488,2.728779,0
-6.953139,5.800524,1
7.006848,8.965405,5
0.7510087,10.560071,1
6.6271005,4.6596212,5
15.346924,6.5158386,0
2.3731816,7.2789288,1
-1.174693,6.6948414,1
17.16031,7.733063,0
17.19947,7.8080726,0
-1.035639,5.561011,1
-7.0815024,5.9820685,1
15.327571,6.4984565,0
16.367317,6.5745316,0
6.979554,8.915728,5
14.695174,6.996582,0
17.085325,7.7039676,0
17.057934,7.689703,0
17.13748,7.745257,0
17.936756,4.2625012,0
6.4434047,5.017565,5
15.418384,6.504479,0
7.0999722,8.541963,5
6.8293834,4.6754885,5
14.723366,6.882025,0
17.14476,7.7023773,0
14.58205,5.692104,0
7.0211678,8.946176,5
15.000656,6.1988,0
14.570109,5.9317846,0
15.391689,6.5182486,0
15.313807,6.5112157,0
14.555111,5.881655,0
17.20571,7.793375,0
14.847606,6.2797494,0
16.105268,6.6633,0
17.059855,7.7437706,0
16.19446,6.359386,0
16.313288,8.136911,0
18.023432,5.2640543,0
14.617681,5.6986275,0
17.120272,7.712259,0
17.178648,7.7819037,0
7.0124273,7.2062716,5
7.0505676,8.731646,5
17.173843,7.794565,0
2.7818127,5.8273,1
16.382204,8.036969,0
14.554613,5.62167,0
16.357069,8.067711,0
7.1267233,7.165154,5
-1.3246901,6.681424,1
16.44091,7.902229,0
16.333706,8.09347,0
14.792188,6.9551387,0
-1.8578193,6.59168,1
-7.013435,5.8339677,1
4.0199633,-3.2644556,2
14.562027,5.7160454,0
2.371749,7.4664435,1
-7.0675755,4.917661,1
10.045865,7.6343246,5
14.9446945,6.8746657,0
14.525316,5.858897,0
17.122059,7.681449,0
14.643502,5.6220016,0
-1.3971689,6.3161407,1
7.185894,8.72647,5
14.712763,7.067987,0
14.6654005,7.019927,0
9.42482,7.611714,5
2.3851867,6.9509177,1
2.1957195,9.2744875,1
18.505074,2.4658983,0
16.416945,6.6465335,0
-6.9043016,4.610133,1
14.476159,5.817241,0
16.43224,6.636288,0
16.969423,7.8135476,0
15.357487,6.51526,0
14.816308,6.56275,0
14.59635,5.721779,0
17.136597,7.5895514,0
14.611303,5.7037954,0
15.362054,6.490022,0
2.8840752,6.112137,1
0.61017245,6.8264685,1
16.290771,6.8395734,0
1.625597,10.459472,1
15.314023,6.4840455,0
-1.1339806,6.0037103,1
16.047203,6.619701,0
15.960913,7.1345744,0
15.989421,6.6355705,0
6.6309323,5.2806053,5
15.943453,7.109244,0
6.717631,9.033994,5
8.093908,-4.4329925,2
-7.023911,5.8997087,1
14.751459,5.544242,0
14.736813,6.883438,0
14.731337,5.512525,0
-6.9816055,5.8267784,1
14.735831,5.570728,0
14.6574335,5.958917,0
7.1417804,8.921574,5
6.9145355,8.9840355,5
18.688292,2.6380022,0
2.765957,5.780747,1
14.766739,5.534151,0
15.396737,6.467111,0
0.3730951,6.665485,1
6.7205997,8.888399,5
3.0507042,6.0160027,1
8.08775,-4.464392,2
14.606762,5.897782,0
-1.143279,6.674336,1
18.647429,6.8292212,0
14.567072,5.592475,0
-6.9457726,5.805596,1
14.594773,5.635976,0
16.000948,6.623431,0
13.6345,-1.3718855,4
13.94857,-1.4329791,4
4.061092,-3.5057585,2
6.4262657,8.474079,5
14.539426,5.9076858,0
10.606418,1.3644261,4
5.9565377,0.02715326,2
16.308506,6.6169686,0
6.4954486,6.935493,5
10.826912,1.2527555,4
15.320101,6.510238,0
18.516766,2.6002095,0
10.040593,7.766838,5
6.623108,9.237647,5
14.561433,5.8200674,0
4.5583396,-3.8268213,2
6.935077,8.987078,5
18.772108,2.6667526,0
4.0247726,-3.5545518,2
6.0213842,7.476461,5
2.712785,-3.4247403,2
10.034443,7.766107,5
14.520066,5.770988,0
15.400352,6.4470396,0
18.521994,2.4119294,0
17.156439,7.7477975,0
16.347754,6.6348314,0
16.362514,8.072802,0
6.99625,7.253269,5
-1.6417719,5.686639,1
18.48774,2.829152,0
14.676139,5.6515145,0
4.395527,-3.1070893,2
-6.9473677,5.8032594,1
14.681917,7.049071,0
17.06656,7.7282667,0
-1.060802,5.5755234,1
10.12637,7.6073914,5
14.644632,5.570957,0
17.178923,7.806684,0
15.381944,6.4843345,0
14.689891,5.6186194,0
0.24705674,10.484862,1
16.348701,8.083437,0
14.723687,5.576059,0
6.38568,8.477108,5
14.583678,5.592085,0
16.006443,6.974212,0
3.669026,-3.5724092,2
1.4349734,10.562435,1
17.131792,7.6886444,0
16.426523,7.9622655,0
16.018818,6.6456985,0
-7.2064004,5.753077,1
0.5719482,-0.87773925,2
19.274036,6.134652,0
-1.2184671,6.6063867,1
-6.8770404,4.626839,1
-1.1269774,5.175329,1
17.952995,4.2257442,0
17.121462,7.714424,0
6.368543,8.483957,5
4.5937653,-4.5731044,2
6.1288095,0.0005036908,2
0.38202307,-1.3433611,2
4.414454,-3.8257687,2
6.4526663,8.485709,5
14.6532755,5.5583725,0
17.104334,7.5839825,0
16.75853,7.497291,0
-7.0668993,5.958944,1
2.349235,7.1045127,1
14.621591,5.909552,0
15.752571,6.058588,0
16.36812,8.006918,0
14.645926,7.0706363,0
14.427859,5.8370156,0
14.696818,5.5681496,0
6.6955395,8.945938,5
15.746997,6.1248755,0
6.8636417,8.52221,5
17.07022,7.622322,0
16.437874,6.7250204,0
5.9895267,7.5965953,5
6.3997693,6.9273467,5
4.0452356,-3.6768835,2
17.127134,7.6848536,0
8.370846,-6.074394,2
19.408089,4.6384583,0
0.037559517,-0.7892362,2
0.028714687,-0.7554654,2
-1.4532031,6.5560265,1
6.5442696,4.5857983,5
14.542718,5.8821607,0
17.235752,7.6265426,0
2.733313,5.691896,1
6.732931,8.941286,5
4.8117795,-4.968285,2
14.553011,5.94947,0
-1.5752335,5.8039904,1
0.61847115,-0.7344249,2
2.814651,5.8153253,1
14.590515,5.625832,0
14.679524,5.5430617,0
16.072334,6.615039,0
17.08899,7.6427736,0
4.3079624,-4.6473126,2
12.476208,-0.8596256,4
15.745498,6.1008162,0
14.672204,6.965748,0
15.335974,6.494943,0
14.675385,7.0887403,0
17.024574,7.7881036,0
17.097544,7.6408787,0
15.755342,6.0566874,0
2.9290333,-6.256852,2
9.251089,7.266934,5
15.780993,6.0267463,0
4.1943893,-3.4547417,2
19.208408,6.155791,0
3.5122037,-5.7664294,2
7.4951777,5.7616563,5
15.400746,6.4946175,0
-6.9661355,5.8344927,1
16.961895,7.2079487,0
17.166042,7.799437,0
15.284515,6.436427,0
2.1556766,7.129209,1
7.001057,8.874081,5
15.736793,6.057406,0
11.337316,0.59129024,4
4.5634236,-3.649414,2
14.610741,5.7592206,0
16.715332,7.4847355,0
16.383966,8.080777,0
-0.9350192,5.9055533,1
0.48949307,6.8061504,1
14.596647,5.672217,0
15.336281,6.508548,0
12.39182,-2.4351377,4
0.4328146,6.851999,1
-0.5195503,5.752621,1
2.2593312,7.3757377,1
14.640538,5.5578194,0
4.795494,-4.564726,2
7.824352,-4.9084086,2
0.043634653,-0.7475569,2
0.34466508,6.931961,1
18.765415,3.1876285,0
1.4525416,10.32109,1
4.63838,-3.752578,2
18.587793,3.0670495,0
14.576729,5.592646,0
0.51880866,-1.0671582,2
-0.87233907,5.602288,1
10.0906725,7.696317,5
18.548378,2.4606073,0
13.089046,-1.2654986,4
8.433842,-4.344929,2
-0.84880763,5.5231123,1
3.3127084,-5.5328884,2
1.1760134,8.905085,1
4.1668725,-3.403295,2
15.511327,5.7226367,0
2.8533363,5.7814426,1
16.334202,8.075911,0
19.24291,6.1344285,0
6.1518416,-0.09488008,2
3.6866941,-2.9153588,2
10.022639,6.2329745,5
14.741432,6.812193,0
-7.547742,4.4431276,1
4.407838,-3.0147424,2
18.51197,2.4883683,0
15.259089,6.5362797,0
19.442251,4.572923,0
14.726605,7.0634546,0
2.962369,-5.88297,2
4.8490944,-3.280242,2
4.7341533,-3.7918324,2
3.9797323,-3.9724507,2
0.09197437,-0.82149094,2
4.5879846,-3.823949,2
-1.6483423,5.7213264,1
14.662267,5.769816,0
0.13012172,-0.5942826,2
8.03411,-4.5145783,2
6.4351482,8.455235,5
4.1522074,-3.2806387,2
15.430368,6.4434996,0
11.10291,1.1689095,4
7.090203,8.655895,5
2.741489,5.9088445,1
15.3996525,5.7411165,0
6.60548,5.1107078,5
14.745944,5.6885896,0
3.6799974,-2.8817756,2
16.705967,7.496855,0
-1.4439142,6.560387,1
0.17343526,-0.81226724,2
7.9334426,-4.595682,2
14.681286,6.7881446,0
-1.2009548,6.7483873,1
0.2719468,-0.540392,2
10.799747,1.4726169,4
4.105706,-3.616668,2
0.12119284,-0.75418097,2
1.5286096,10.488172,1
19.345888,4.503171,0
0.93763405,7.9753027,1
19.528625,4.572489,0
0.5393211,-1.0175732,2
2.8295698,-3.4373531,2
6.735587,-0.6684281,2
2.336982,7.155131,1
15.951911,7.1114097,0
14.686727,6.995156,0
14.733788,5.6034226,0
4.709943,-3.8549922,2
14.63891,5.573261,0
4.282126,-3.680068,2
-0.915804,5.5362535,1
4.617377,-3.8041499,2
14.650594,5.5745673,0
-1.4161779,6.741713,1
13.94605,-1.4415774,4
8.040943,-4.4905767,2
9.986407,7.7391148,5
4.3657207,-3.5439575,2
7.179825,8.878886,5
0.44272283,-0.38268447,2
14.605146,5.585372,0
2.5713131,-5.3465834,2
4.4240994,-3.8768568,2
6.671877,-0.5826469,2
8.348544,-4.661533,2
-1.6201496,5.750506,1
0.062259868,-0.7530744,2
14.726137,6.9385066,0
10.658676,1.5509182,4
6.682541,0.35028145,2
13.750603,-1.0085672,4
3.5483449,-3.3251622,2
-1.4001818,6.7915897,1
13.721446,-0.9822355,4
4.418704,-3.840622,2
17.202341,7.8152375,0
3.5196128,6.060698,1
4.430533,-2.9722605,2
16.335396,7.3301473,0
3.6713226,-3.708162,2
4.3507,-3.3990006,2
0.4701916,-0.39415225,2
0.019325586,-0.81377554,2
2.8287213,-3.534542,2
14.087488,-1.539863,4
14.7423315,6.9145694,0
18.80797,2.6825135,0
15.447826,5.744021,0
6.7009144,4.7308397,5
8.224207,-4.532982,2
0.55085623,-0.90704304,2
6.466494,6.916989,5
0.45840338,-2.0130408,2
0.28366512,-0.4855068,2
16.398851,7.993381,0
15.404467,6.499467,0
3.499677,-3.2139308,2
7.956409,-4.520711,2
4.7768183,0.562786,2
14.778492,5.71191,0
5.945595,0.05752879,2
16.33402,8.026771,0
8.136596,-4.6779675,2
18.554213,6.543866,0
18.766449,2.6551237,0
18.567165,3.051201,0
6.986387,8.801383,5
8.09594,-4.4244413,2
16.996313,7.7832685,0
0.5299308,9.765195,1
15.944187,7.132927,0
18.844326,2.684752,0
15.742958,6.0935693,0
3.2141542,-4.568475,2
18.46799,3.053538,0
18.825462,3.1209366,0
0.49738804,9.817042,1
0.5707542,-0.69071037,2
10.802757,1.3163357,4
-7.025462,5.9673505,1
14.433858,5.845659,0
4.963511,-3.7264147,2
0.4293295,-0.4426211,2
4.3918405,-2.9902427,2
0.6119585,-0.6985932,2
13.727332,-1.2910398,4
6.448559,5.073775,5
4.4706097,-3.6242335,2
4.6054935,-3.768032,2
10.06521,7.637818,5
14.727225,6.9751005,0
0.851944,8.240438,1
16.30419,6.742373,0
4.3042793,-3.368573,2
14.669571,5.584027,0
7.2804976,8.9283085,5
16.266008,6.9735355,0
2.5104377,7.05294,1
7.180958,6.8272014,5
-6.989458,5.8606367,1
0.3983426,-0.7762693,2
15.301132,6.52241,0
13.486908,-0.8437754,4
0.110011525,-0.88163674,2
2.8078177,-3.387971,2
14.52977,5.672002,0
4.5516524,-3.8188887,2
2.7593024,-5.419256,2
4.7380185,0.61735547,2
1.0209283,10.520573,1
2.9897146,6.0777946,1
-1.1909858,6.651113,1
6.7400036,-0.67762744,2
18.71514,3.9297767,0
14.705805,5.5241017,0
14.534148,5.8439937,0
19.417189,4.756083,0
10.784128,-1.6601822,4
10.675272,1.621477,4
14.488699,5.7608457,0
17.123882,7.821488,0
6.761082,9.162577,5
-1.0824102,5.8004494,1
3.7123718,-2.944942,2
-7.0674176,5.983095,1
17.15632,7.763791,0
6.07872,-0.13176858,2
0.056887746,-0.76865196,2
4.8189483,-3.2665453,2
9.185516,6.9666314,5
-7.276251,6.021558,1
18.553383,2.562525,0
5.9807353,7.552698,5
18.599777,6.758363,0
2.256734,-5.333538,2
6.1643133,-0.07168829,2
14.651283,5.5707355,0
3.2745945,5.8499928,1
18.744772,2.9148254,0
-0.8832176,5.6137133,1
-6.8775,4.611506,1
2.9215498,5.945524,1
4.6873784,-3.360825,2
1.5137414,10.53127,1
15.3329525,6.501311,0
14.704281,6.9699154,0
2.7003355,6.2323995,1
17.664276,2.9411085,0
18.708878,2.7356372,0
2.769256,5.7781935,1
3.506254,-3.2882419,2
14.697772,6.874917,0
6.8965583,8.581976,5
-1.6986386,6.2961836,1
-1.2512909,6.2505255,1
14.63553,5.5940375,0
6.131323,8.739757,5
19.563284,4.6799054,0
19.500092,4.6465893,0
2.348609,-4.998639,2
11.04057,1.2345778,4
4.379968,-3.6592274,2
8.343122,-6.037188,2
4.9714036,-3.7122872,2
10.670451,1.6106837,4
16.179607,6.3362346,0
18.682138,2.6010594,0
16.404203,6.5847855,0
18.885303,2.724548,0
17.195946,7.8033895,0
0.004528991,-0.7654023,2
7.9830246,-4.554741,2
4.2831,-3.2546258,2
-1.2161976,6.775505,1
14.739821,6.917767,0
14.625862,5.6939464,0
0.49587834,6.9271736,1
13.714755,-1.5247953,4
0.620397,9.729465,1
17.101353,7.7006893,0
13.936933,-1.5922956,4
14.513255,5.7830405,0
3.7222486,-3.032081,2
-0.8211087,6.2711935,1
14.779718,5.530808,0
18.568102,2.7918055,0
1.5470488,10.50301,1
2.7611167,5.8440967,1
17.982271,4.274258,0
3.7274635,-3.7095695,2
4.565932,-4.92142,2
15.390576,6.491707,0
18.73478,2.6516876,0
0.028461609,7.178412,1
19.12396,4.856283,0
9.309547,7.66205,5
17.210154,7.8183203,0
2.5076885,7.0913076,1
14.487342,5.902398,0
15.964455,7.077466,0
3.6869311,-2.880216,2
16.361822,8.060265,0
-1.3052971,6.775855,1
0.9578942,7.9075437,1
6.4091163,8.491249,5
4.498419,-3.4536967,2
10.013192,7.587819,5
14.589965,5.8775163,0
16.083141,6.6748157,0
10.090707,7.521085,5
17.107956,7.6739798,0
17.752245,3.1277723,0
16.748884,7.490333,0
6.071913,7.069766,5
16.390993,8.090294,0
16.049326,6.414625,0
15.7434845,6.037354,0
7.988724,-4.544623,2
0.55207866,-0.67674935,2
3.8812163,-3.4258814,2
14.72937,5.5641623,0
3.6515098,-3.6911297,2
0.14479952,10.363499,1
14.550856,5.940321,0
0.65331334,10.614655,1
2.7635045,6.74797,1
2.991273,5.899927,1
17.66575,3.021872,0
6.786465,-0.73088044,2
15.387534,6.472476,0
16.739714,7.497561,0
-1.4170673,6.6442156,1
3.6428175,-3.0686412,2
16.114166,6.6599193,0
15.525721,5.7612076,0
7.4314194,5.735312,5
0.36676115,9.701605,1
4.2243557,-5.475452,2
9.892114,6.145338,5
8.353068,-6.0699005,2
14.76026,6.8986006,0
15.11239,6.790279,0
17.956133,4.2497845,0
17.896576,3.0157466,0
19.381523,4.7832394,0
-7.066327,4.8600206,1
-7.0943613,4.8736506,1
4.458404,-3.6202946,2
9.087632,7.133347,5
15.766128,6.1113644,0
15.2499275,5.662252,0
17.879791,4.2853723,0
1.3031131,9.359148,1
10.09504,7.4456806,5
16.382666,8.057632,0
6.184788,6.9342017,5
10.606881,1.289797,4
15.819013,6.20304,0
2.3517394,6.894988,1
0.4419427,-2.0426993,2
6.930416,-5.4628143,2
2.8668673,-4.174332,2
-1.6047558,5.8143167,1
2.7410662,-3.4429874,2
8.017241,-4.5087523,2
14.790148,5.704484,0
12.395204,-1.7785782,4
10.673334,1.5740365,4
0.43451643,6.804176,1
6.44476,8.379966,5
6.0073123,7.5167584,5
15.397885,6.4288874,0
17.90883,5.321135,0
6.6656923,5.892746,5
2.3822122,6.544953,1
16.85914,7.5395565,0
-7.2411995,6.0035686,1
0.41434038,-0.9231209,2
14.647262,5.5811353,0
4.065858,-3.6355658,2
9.325567,7.1659303,5
19.40995,4.4839926,0
0.69085956,-2.038154,2
18.693819,3.0802484,0
-1.3684464,5.3562193,1
17.910765,4.2261033,0
18.437483,6.6419907,0
4.793642,-3.3393316,2
14.594476,5.7595816,0
15.432375,5.698535,0
3.590995,-3.1402636,2
2.844278,-3.4986331,2
19.588673,4.5865912,0
15.463202,5.683934,0
-0.6472737,5.9872665,1
4.522374,-3.6089203,2
0.14121176,-0.6834198,2
2.8155935,-6.047545,2
15.363028,6.515873,0
2.672715,-3.2580023,2
15.945193,7.117856,0
4.283881,-3.2527041,2
4.092645,-3.5460465,2
13.95879,-1.4759372,4
18.628447,2.8733537,0
0.19514677,-0.8534777,2
-1.0372177,6.614769,1
0.45563123,-0.41205385,2
6.1457596,0.022508638,2
13.447646,-1.4208801,4
3.4165292,5.8935847,1
17.03799,7.7793183,0
18.02848,4.1934624,0
15.329125,6.5093665,0
-1.3683432,5.915884,1
18.036257,5.3910103,0
13.249052,-1.4063089,4
2.9615302,-3.4417858,2
8.597638,-6.0303144,2
0.37232387,-0.45283726,2
10.816468,-1.654125,4
17.06439,7.789256,0
5.989946,7.4431486,5
4.3787355,-3.083116,2
3.8089914,-3.011573,2
-0.2092244,5.3873444,1
14.560254,5.5953016,0
4.5954046,-3.823234,2
17.939598,5.3505406,0
-0.6817723,5.5722475,1
9.164394,6.9509044,5
14.61997,6.897935,0
4.3849626,-3.0453756,2
4.746191,0.5419256,2
19.548285,4.6596346,0
-7.548898,4.432956,1
-1.6946489,5.7379985,1
4.377776,-3.0598135,2
-0.7945521,5.5169697,1
-0.8554538,5.8691926,1
4.0938807,-3.590438,2
6.740139,-0.6572119,2
17.935823,5.3378315,0
8.64401,-5.745419,2
3.7866693,-2.8835206,2
-1.4504278,6.7414136,1
-1.096218,6.679134,1
2.5998826,5.6837735,1
4.7216325,-4.481201,2
4.717088,0.6017743,2
2.8016045,-6.0891495,2
0.5268461,-0.7112424,2
0.13259172,-0.81084484,2
0.55251455,-0.82711256,2
-6.957869,5.7871084,1
1.5442739,9.9316,1
4.4586625,-2.9754755,2
4.983532,-3.7029197,2
0.5448034,6.8624,1
-1.5984555,5.7072935,1
9.264982,6.838772,5
6.164853,0.067010105,2
0.51832163,-0.99207777,2
2.9133108,5.8173385,1
0.68423694,-1.0930372,2
13.670808,-1.2981187,4
13.464741,-0.9917549,4
-1.1451004,6.7271056,1
0.2913827,-0.9350618,2
14.509398,5.76638,0
14.728762,5.7045417,0
14.05656,-0.91971797,4
0.76697624,-1.0721012,2
3.7773762,-3.4144151,2
2.7743497,5.7252035,1
18.51155,6.732398,0
7.180396,8.661365,5
6.7449875,8.95253,5
18.441277,6.662086,0
13.891355,-1.5986077,4
2.8572886,6.2180333,1
-7.036498,5.938407,1
0.8731808,11.184364,1
14.560072,5.974031,0
18.925043,4.249504,0
19.204535,6.2065125,0
18.604727,2.540935,0
6.094656,0.00466615,2
-6.8335457,4.600849,1
18.784779,2.5928483,0
17.122236,7.6095057,0
-7.443107,4.6334395,1
2.3676212,-5.22578,2
4.1546397,-3.4679348,2
8.101708,-4.576157,2
-6.9321194,5.8047476,1
15.361074,6.509777,0
18.870218,2.6946514,0
-1.3268981,6.7595954,1
-0.86982113,5.4979362,1
17.215239,7.843808,0
0.15386179,-0.64686203,2
0.3533341,-0.5435273,2
6.4227567,6.9519625,5
16.359484,6.60562,0
0.23496188,-0.8308641,2
16.040066,6.6517467,0
10.006771,6.4980426,5
0.354672,-0.8904014,2
6.053325,0.1658801,2
14.644822,5.9314427,0
1.4156544,8.669972,1
6.1526976,0.22313169,2
2.695978,-5.9318275,2
16.360544,8.066188,0
4.3871183,-3.8610666,2
3.617082,-3.624922,2
6.7266407,-0.6865016,2
6.299774,8.434643,5
16.173792,6.623054,0
4.1729307,-3.2421405,2
17.910128,5.316222,0
18.57894,2.6960056,0
3.7414021,-2.8826642,2
0.09205393,-0.7496961,2
19.544834,4.672157,0
19.36808,4.5691485,0
9.866225,7.8523226,5
8.131002,-4.6336207,2
5.9262967,-0.027486015,2
15.397999,6.470743,0
6.9739723,9.003006,5
6.021927,7.625282,5
5.99883,7.5519514,5
4.756721,0.57470006,2
15.342081,6.4732947,0
2.1805878,-5.4682517,2
10.033414,7.560384,5
17.128496,7.7141232,0
16.401457,6.569602,0
-1.2067878,6.455868,1
0.7481181,10.648404,1
0.39547196,-0.62492126,2
6.534207,8.392635,5
4.8208466,0.48813123,2
16.40174,6.588322,0
18.561886,2.5783818,0
8.3373785,-4.5037446,2
13.565707,-0.9953658,4
6.0465384,-0.033240475,2
0.91906315,-1.1194264,2
4.1878266,-3.3307273,2
-1.0390941,6.6953335,1
10.676712,1.6169242,4
9.946155,7.7831016,5
13.66797,-1.5613836,4
13.954636,-1.5777047,4
0.75665224,10.924626,1
4.3797817,-3.1070728,2
18.609507,6.7355676,0
8.050245,-4.420796,2
7.2256107,8.896045,5
4.481212,-3.4914908,2
6.1280227,-0.09464482,2
0.5725428,-0.7675926,2
0.7726269,10.649764,1
-1.249229,6.6884794,1
18.88166,2.821116,0
9.919574,6.4982,5
17.986414,4.226854,0
2.4179351,7.167474,1
17.958113,4.2213755,0
17.95145,5.3554926,0
-0.36850572,6.0223813,1
18.821043,2.685535,0
12.7684145,-0.97671354,4
6.999941,8.732629,5
17.146767,7.7027836,0
4.1810055,-3.3682256,2
14.6799755,7.0862813,0
15.1921835,6.637657,0
0.09243112,-0.744974,2
2.7798252,-5.405705,2
10.664348,1.0270329,4
0.5343567,6.807298,1
1.4004791,8.7038765,1
1.2651235,8.878726,1
15.347481,6.5113554,0
0.83715844,6.7172055,1
4.461983,-4.242936,2
16.043362,6.6575522,0
6.0127583,7.4724326,5
16.984661,7.2340093,0
9.977849,7.86414,5
6.2902102,-0.091504686,2
18.553785,2.3988562,0
17.89762,2.890172,0
14.503565,5.8324294,0
17.067698,7.6163774,0
13.700855,-1.5151726,4
0.05765075,-0.75041795,2
18.8435,2.688299,0
18.534365,2.812303,0
17.242697,7.64055,0
4.3407946,-3.0245342,2
0.49493173,-0.43555072,2
-1.2189988,6.7489104,1
4.140851,-3.4205155,2
9.971731,7.810658,5
8.137476,-4.3916464,2
-7.464905,4.5704684,1
14.687661,6.0224757,0
4.442744,-4.498279,2
2.043615,-5.510782,2
14.700524,5.661105,0
2.6728146,-5.3950257,2
9.592127,6.4101815,5
9.983395,7.4614043,5
0.68487483,-0.86789423,2
14.690113,5.735026,0
13.987597,-1.6079609,4
14.606154,5.769071,0
14.568427,6.9628644,0
14.589292,5.9103813,0
10.648467,1.6623846,4
14.656584,5.558569,0
18.793114,2.651067,0
-7.0446687,5.965979,1
3.529284,6.0490813,1
6.457413,6.9684324,5
10.698317,-1.642572,4
-1.7877595,5.543064,1
-7.407651,4.746498,1
19.418667,4.480177,0
14.54091,5.913939,0
-7.578772,4.4023414,1
9.993552,6.2187376,5
15.745005,6.0623455,0
13.415076,-0.8563153,4
-6.9320536,5.7927117,1
4.8142824,-3.2795973,2
15.505211,5.737314,0
16.34209,6.600592,0
15.415992,6.4842763,0
0.60997164,10.521876,1
4.5820503,-3.825351,2
0.40900284,-0.98800474,2
17.086756,7.80383,0
18.011166,5.3421497,0
17.064432,7.7549357,0
17.776934,4.251654,0
18.676018,2.8850384,0
14.64555,5.94359,0
2.2688818,7.1050596,1
17.669376,4.1771026,0
0.13625929,-0.85461926,2
3.0350814,5.69677,1
18.016714,4.290943,0
2.7396219,5.7676487,1
12.51685,-2.2201674,4
3.7079668,-2.999974,2
4.602962,-3.7934737,2
14.080672,-0.9004758,4
16.417463,8.035477,0
-0.16692276,6.927277,1
15.429323,5.72917,0
18.691431,3.021895,0
8.065563,-6.0608807,2
18.453156,2.4012122,0
15.378749,6.4534655,0
17.12851,7.7650123,0
6.6348033,5.4832244,5
9.916847,7.812244,5
17.62404,4.208539,0
2.6928535,5.7507367,1
17.0282,7.803585,0
6.5224485,8.467417,5
-1.3437743,6.8012238,1
8.32327,-4.5004864,2
15.574494,5.78158,0
4.528974,-4.2805457,2
0.023899134,10.0417185,1
19.354334,4.4860806,0
7.577654,5.768795,5
18.479136,6.681662,0
6.044546,7.1127963,5
-0.40332687,-1.4861014,2
16.338331,6.608615,0
17.10811,7.601297,0
6.1154213,7.001974,5
7.2198253,5.5271072,5
2.2304065,7.0493665,1
0.7580238,7.7230487,1
4.1466713,-5.338162,2
0.051136233,10.302894,1
0.9742428,10.6090555,1
2.3112614,7.094617,1
-1.7263303,5.607105,1
-0.4501587,6.049392,1
8.06319,-4.684308,2
8.7708435,-5.878906,2
2.9105783,5.708394,1
14.534664,5.728438,0
18.61431,6.8532662,0
16.305784,8.088005,0
4.310425,-3.454513,2
0.21100149,-0.6179616,2
15.668751,6.672853,0
0.8635959,11.148831,1
0.4523627,-2.1733873,2
4.4087443,-3.040807,2
4.3120117,-3.8778253,2
0.59738654,-0.8317971,2
14.750348,7.0102777,0
14.146895,-1.49447,4
18.572329,2.4595659,0
4.680134,0.5743361,2
2.788431,5.74111,1
4.132414,-3.5249205,2
13.65624,-1.2523363,4
4.4729996,-3.1561224,2
1.557869,10.454015,1
14.079354,-0.92756027,4
0.4298652,-0.3364036,2
4.387409,-3.1126728,2
4.915788,-3.7354546,2
18.56282,2.4483042,0
10.064682,6.3561215,5
18.828556,2.703056,0
13.478554,-1.1403363,4
2.7440283,-5.432055,2
13.721136,-1.5014911,4
0.56410587,-0.7403591,2
2.8313303,6.0209146,1
4.752237,-3.247771,2
10.7209425,1.6290659,4
6.0238957,0.23787503,2
4.4656,-2.9644456,2
5.862443,0.11856206,2
10.7362795,1.578463,4
0.15963343,-0.7683075,2
6.820098,8.671397,5
7.244198,8.924529,5
17.946762,5.389812,0
-1.9128804,6.256785,1
6.219334,-0.035131525,2
19.615005,4.60519,0
18.522135,6.667695,0
19.540348,4.5763545,0
-1.0493141,5.528573,1
6.803475,4.637913,5
6.7990727,8.685573,5
4.385789,-3.6099472,2
0.35467815,-0.49335,2
4.548028,-3.8801968,2
4.621788,-3.8215203,2
6.6146984,5.3413596,5
14.653279,7.075708,0
15.987666,6.5896792,0
-1.1503991,5.372639,1
6.0108852,0.12114492,2
17.016075,7.249429,0
13.561739,-1.4140944,4
0.15534343,-0.6846697,2
15.722009,6.099857,0
18.847235,3.0228288,0
-1.0529747,5.5645237,1
14.738506,7.1628284,0
4.9148383,-3.763406,2
4.3768578,-3.8277726,2
10.59979,1.4314225,4
0.5348719,6.856386,1
6.000342,-0.043148536,2
16.32779,8.022074,0
6.878829,-0.5450751,2
0.34647417,-0.37934062,2
0.0061130356,6.720768,1
19.068884,4.751667,0
2.9416473,-3.4760582,2
17.066788,7.8147445,0
-0.32089394,5.276331,1
4.0438533,-3.5611548,2
4.691705,-3.336991,2
16.400972,6.5663347,0
16.392323,6.615138,0
3.7996855,-3.851734,2
3.72953,-3.786842,2
14.466722,5.7444634,0
13.975728,-0.9398292,4
-1.5395732,6.438239,1
0.5690478,6.87447,1
14.580026,7.067374,0
15.295877,6.558195,0
14.555322,5.8407803,0
4.4899545,-3.028603,2
4.5099626,-3.0300925,2
0.3568372,-0.67865914,2
18.036827,4.158944,0
18.77803,2.977284,0
-7.2226677,5.9847684,1
10.137093,7.729732,5
4.0169168,-3.6650593,2
4.194931,-3.4121711,2
16.92527,7.5630035,0
8.110094,-4.4226584,2
15.38126,6.487341,0
4.5604634,-3.8275566,2
0.5318853,-2.1911697,2
19.58087,4.5610895,0
16.3719,6.585709,0
-7.5609517,4.4297466,1
2.8034027,5.834943,1
0.8701449,7.800053,1
19.496962,4.6665115,0
4.656552,-3.8580518,2
13.634773,-0.9558283,4
-0.26379645,5.7225113,1
16.417564,8.11201,0
18.033043,4.139762,0
0.12617178,-0.7093461,2
13.977464,-1.1822879,4
9.24362,6.902098,5
14.672646,7.0609956,0
18.658903,2.9806223,0
0.19618532,-0.49455494,2
4.127397,-3.4402232,2
7.188531,8.935035,5
4.051559,-3.5185165,2
8.350988,-4.528946,2
14.731814,7.118038,0
16.395817,8.071081,0
18.703465,2.6684134,0
7.981525,-4.504861,2
0.54267985,-0.9507537,2
9.992931,7.1935644,5
0.60778844,-1.1594365,2
6.3396006,6.851282,5
0.8470067,10.32853,1
10.85938,1.0630463,4
13.910833,-1.3572156,4
6.0305786,-0.07891333,2
8.199188,-4.3502207,2
0.31976998,-0.43202844,2
4.4730096,-3.7399938,2
15.445685,5.7039995,0
10.984737,0.99761134,4
9.1467705,6.9222493,5
0.45029876,-1.2021531,2
14.481937,5.8061266,0
15.47483,5.6772423,0
0.15616189,-0.72802377,2
18.595718,5.3222203,0
13.568733,-1.3166438,4
2.4961233,-3.7707722,2
4.784173,0.5065613,2
4.4334154,-3.1074564,2
4.7994385,-3.3623393,2
5.98614,0.13434325,2
6.455538,8.509452,5
8.041053,-4.4681883,2
9.967227,7.666027,5
3.1840081,-4.727702,2
0.2906898,-0.40394434,2
14.514287,5.6753774,0
16.021315,6.620004,0
2.726484,5.768983,1
10.801492,1.2689095,4
18.5257,6.877353,0
-1.7278033,6.52722,1
7.8957267,-4.7715416,2
0.2887685,-0.48657656,2
8.320129,-5.9818654,2
0.24090241,-0.7117284,2
3.7224383,-3.369712,2
18.00462,4.1511045,0
3.7273293,-2.932144,2
4.58747,-3.8260062,2
-1.1686051,5.354003,1
16.396196,8.074511,0
17.132015,7.7435975,0
1.0320324,10.699729,1
3.7240083,-3.0386727,2
8.139102,-4.4218154,2
0.6531661,7.8714714,1
18.429237,3.0543232,0
-7.2034583,5.864213,1
7.9383745,-4.75414,2
6.3277974,8.435887,5
4.0960546,-3.45949,2
4.93503,-3.762633,2
14.527507,5.706587,0
16.970938,7.1826873,0
8.16831,-4.3986025,2
0.15180711,-0.57733274,2
15.484199,5.7170925,0
2.865793,-3.4536457,2
0.5117399,7.7303405,1
4.7327867,0.50509846,2
19.568731,4.6462526,0
-1.1979232,6.3972273,1
4.8310275,-3.3613715,2
6.521261,5.277149,5
4.0533304,-3.8569858,2
17.936531,5.3156004,0
18.707903,2.838365,0
-7.5013833,4.4734426,1
4.2275996,-3.7876816,2
9.760203,7.017947,5
-0.7671957,6.1509104,1
3.7349038,-2.9391613,2
8.057904,-4.775118,2
-7.436805,4.5954165,1
14.53405,5.739696,0
0.33110222,-0.4070195,2
18.847712,2.8286645,0
4.2653112,-3.3703325,2
4.83263,-3.3867397,2
3.7746813,-3.2551026,2
-1.014352,5.9844937,1
4.111069,-3.6103349,2
4.4800987,-3.0433893,2
17.894442,3.247373,0
-7.2543483,5.994655,1
-1.8534095,6.5556316,1
15.723725,6.0333843,0
10.120968,7.5924964,5
19.14069,6.117541,0
17.133924,7.7931952,0
3.5494196,-3.3599067,2
-0.2026936,-1.1494889,2
14.124562,-1.4801239,4
3.171055,5.731255,1
-6.926656,4.808114,1
19.428085,4.4887257,0
5.9690027,0.012301176,2
2.743016,-5.2245398,2
14.658256,7.071667,0
4.517728,-3.8018413,2
6.121661,-0.094508424,2
4.0968204,-4.369397,2
8.10745,-4.614854,2
18.696503,2.6270263,0
-0.2599057,5.457629,1
0.24621187,-0.6464938,2
13.447532,-0.69277054,4
14.674496,5.614796,0
19.407784,4.5898304,0
14.570508,5.6880383,0
4.598391,-3.820775,2
16.399065,8.08782,0
14.46887,5.841357,0
7.708556,-4.8158145,2
4.1503234,-3.5396063,2
2.4709997,-3.74184,2
16.376938,6.584424,0
6.515236,6.96412,5
-7.0292826,5.938367,1
-7.5159655,4.4368124,1
18.703785,2.6351604,0
8.30947,-4.535414,2
4.854857,-4.350476,2
6.3017793,8.502059,5
6.2225146,8.776353,5
18.592577,2.4771144,0
19.351316,4.532798,0
7.995292,-4.661371,2
5.086927,0.53840077,2
4.89475,-4.6185865,2
16.364769,8.073537,0
18.510172,2.784031,0
19.486565,4.643035,0
-0.76340145,5.5252695,1
7.9482865,-5.9567485,2
14.441689,5.848127,0
-1.0762446,5.962963,1
-1.3539845,6.6852207,1
3.556702,-3.2256117,2
14.625738,7.0310063,0
8.125163,-4.3759546,2
14.590744,7.05591,0
2.4486132,-3.7128327,2
4.8963604,-4.390356,2
14.601228,5.8538327,0
19.6148,4.6851287,0
3.62885,-3.0877624,2
4.836137,-3.3685763,2
15.382733,6.5100684,0
7.933769,-4.6294003,2
1.0396214,8.946786,1
-1.1471559,5.1478653,1
17.101826,7.779173,0
-1.2909169,5.339925,1
-0.35643128,-1.1227981,2
13.058869,-0.9901921,4
1.3724921,8.618361,1
18.654022,2.746762,0
18.474106,2.962885,0
18.558777,3.073071,0
6.911165,7.445372,5
6.596751,8.528071,5
-0.7139768,5.868899,1
13.648507,-0.975451,4
14.648507,6.991875,0
0.08168737,-0.806853,2
0.7277593,10.051035,1
0.18066755,10.404196,1
14.677028,5.675266,0
15.421091,5.6870756,0
-6.8887544,4.6474566,1
11.3474655,0.613278,4
7.440698,5.7456603,5
4.885101,-3.7784173,2
17.052967,7.721832,0
0.55624837,6.6863112,1
-0.19277167,-1.3290635,2
10.8349695,-1.5759625,4
19.593348,4.6571145,0
14.759052,5.5395703,0
10.862121,1.3885767,4
-0.34747055,-1.3292348,2
13.180558,-1.2752736,4
0.11102536,-1.13222,2
16.05245,6.5164585,0
11.26075,0.6154719,4
6.1249113,0.039219268,2
15.581694,6.0451317,0
19.312197,4.493732,0
-0.8076963,5.531322,1
-0.17550854,6.9692492,1
3.726952,-2.945132,2
3.0513902,5.6005387,1
4.955735,-3.773584,2
4.217593,-4.512267,2
4.6123047,-4.1685658,2
3.5263562,-5.8967576,2
12.8852415,-0.949819,4
7.907519,-5.1102204,2
16.071484,6.6711717,0
4.6700754,-4.3091693,2
14.685664,5.82742,0
19.447361,4.483392,0
0.46615055,10.28678,1
18.596785,2.7477305,0
9.831512,6.941292,5
18.702421,3.0318506,0
6.2130527,-0.13761193,2
3.290337,-5.57469,2
10.112665,7.5408235,5
2.8549278,6.155596,1
0.43753508,-1.0501019,2
-0.35916835,-1.0864526,2
7.748415,-4.7937407,2
-1.3424252,5.378332,1
2.331133,7.1525736,1
18.415304,6.4067607,0
-0.32303342,-1.1172882,2
10.028849,6.244381,5
6.723361,-0.6333462,2
13.079714,-1.0575174,4
14.633061,5.9481745,0
0.5867148,-1.2432206,2
14.615245,5.617014,0
-0.3449007,-1.1029458,2
-1.6212701,5.646651,1
4.134898,-4.440958,2
14.724854,7.061606,0
2.9694467,-3.4844596,2
2.9815762,-3.5066948,2
13.833395,-1.5994042,4
14.583713,5.758955,0
-0.05530327,-1.1337725,2
6.509574,8.692026,5
-0.6260113,5.760113,1
18.576317,3.1036284,0
-0.034522183,-1.2390242,2
-0.16751835,-1.1693912,2
1.4562672,10.404863,1
14.466852,5.6532216,0
-0.27767986,5.2926726,1
4.711153,-3.4490237,2
4.828053,-3.414182,2
7.1700997,5.659056,5
4.279492,-4.597739,2
0.12219751,-1.2082343,2
10.174398,7.477006,5
-0.0068051345,-1.1198449,2
-1.8721102,6.3303375,1
-6.9614015,4.719127,1
0.10375224,-0.64572096,2
14.485022,5.8988643,0
7.699568,-4.910985,2
4.573072,-4.4105597,2
16.433376,6.6543145,0
-6.8526454,4.619576,1
11.390983,0.6248197,4
10.226997,7.5423355,5
6.5755153,8.472204,5
14.584993,5.6286755,0
7.697128,-4.800254,2
6.5997553,8.630885,5
16.335875,6.6023192,0
0.40988287,6.8935466,1
-0.84193736,6.1214094,1
14.741819,5.5463247,0
6.691358,-0.50701547,2
4.885004,-4.5081515,2
4.8346014,-4.3870316,2
6.5105066,8.508965,5
6.0242205,-0.0925705,2
12.969217,-0.93605036,4
-1.717384,6.3926177,1
3.8950896,-4.1606874,2
13.058766,-0.9763755,4
7.3530107,5.427938,5
7.789191,-4.7449226,2
18.043982,4.0792723,0
4.85229,0.5057868,2
10.135093,7.624939,5
0.044412713,9.97177,1
18.726086,5.2338843,0
4.8200507,0.47798285,2
4.8462005,-4.8941445,2
7.7748303,-4.758753,2
6.8371162,8.469889,5
15.264028,6.4319353,0
4.6842775,-4.3716273,2
18.39719,2.9700758,0
3.4799967,-5.0515313,2
6.2817154,8.526556,5
3.8447886,-5.7077727,2
17.990067,5.3440294,0
17.16055,7.601106,0
16.436594,6.676026,0
4.195958,-4.750634,2
4.904173,-4.3782377,2
16.37553,6.596676,0
0.19198708,-2.1238613,2
3.9546635,-4.328715,2
-1.0044402,5.8091626,1
7.786128,-4.771449,2
-0.40107983,-1.0851622,2
4.679627,-4.3059106,2
2.264329,7.40896,1
16.377222,8.101815,0
18.597618,3.1138723,0
18.488573,2.910442,0
6.051147,0.43813208,2
3.744142,-5.7817464,2
-1.7103456,6.2700543,1
4.2291274,-4.0287642,2
7.954912,-5.026873,2
2.386552,7.3762703,1
6.105684,0.21971884,2
16.357971,6.5989017,0
7.9827533,-4.9917693,2
4.3729925,-4.7819567,2
14.647989,5.9156523,0
0.8750654,10.031204,1
6.148349,6.9405174,5
4.7503505,-4.6176085,2
4.799462,-4.539541,2
15.743006,6.0111666,0
7.9059997,-5.6941123,2
-1.4677435,6.3847632,1
16.361158,6.5981483,0
3.481196,-3.3040087,2
6.456896,8.564377,5
15.468206,5.714544,0
15.5444975,5.774958,0
0.06746396,-1.1889663,2
11.413126,0.5281256,4
-1.3563893,5.7202945,1
4.682305,-4.564057,2
-0.18508673,-1.0969092,2
4.356273,-4.6789923,2
4.856167,-4.611618,2
16.429338,6.642328,0
4.7805653,-4.6164823,2
8.024025,-6.0105844,2
-1.8990796,6.229883,1
-1.3855443,6.371993,1
6.132608,0.17767228,2
6.3771534,8.587112,5
6.0099864,0.34983793,2
15.790925,6.0345416,0
3.5405254,-5.8366547,2
-0.22796886,-1.1846702,2
3.9531024,-5.80127,2
7.8261003,-4.8184114,2
14.720908,6.9894137,0
16.944221,7.2022667,0
18.686674,2.5441022,0
16.339962,6.595073,0
15.4978695,5.7129893,0
16.390955,6.5655336,0
4.7853394,-4.629946,2
14.602045,7.118819,0
18.813076,2.9480321,0
0.15683015,-1.3106074,2
-0.6583663,5.8074265,1
4.854046,-4.6193953,2
15.3858385,6.458301,0
4.6198745,-4.427581,2
4.458422,-4.3856883,2
14.684833,7.0559864,0
7.469998,5.71882,5
15.386114,6.4645286,0
3.7459874,-2.9285228,2
4.7436028,-4.5034246,2
-0.2241113,-1.1522335,2
2.7003334,-3.5331788,2
4.6158304,-3.385433,2
10.027059,7.741005,5
9.166998,7.0256076,5
4.2907043,-4.6284537,2
16.40991,6.614371,0
3.6343381,-3.8719904,2
-1.4754562,6.38113,1
19.37506,4.5006194,0
4.72897,-4.4647107,2
6.3509884,6.8880534,5
6.096269,-0.045006067,2
-0.37314633,5.297939,1
4.7757664,0.46568564,2
4.65244,-4.773571,2
4.826993,-4.450333,2
14.554212,5.8697352,0
-7.010644,5.9973273,1
18.568287,3.0303214,0
0.46088055,-1.2881341,2
13.111308,-1.2031134,4
10.104428,7.336762,5
4.562756,-4.488056,2
4.8931108,-4.4207854,2
2.948016,-3.3890023,2
15.739779,6.0300264,0
4.2471685,-4.4936523,2
2.7558348,-3.6148143,2
3.9951496,-4.540831,2
4.693324,-4.8392873,2
15.707384,6.026565,0
7.370578,5.656908,5
19.073786,4.7535305,0
14.594317,7.0487914,0
0.22953682,-0.50567657,2
15.498663,5.7058024,0
14.571836,5.924847,0
17.13455,7.7063527,0
6.0690517,-0.17819321,2
0.5400899,6.8182063,1
7.77044,-4.7686386,2
9.93408,7.7130437,5
16.355198,6.592113,0
17.111609,7.7560906,0
0.38643658,-1.3682048,2
16.988316,7.688272,0
0.38823777,-0.3443742,2
0.1099552,-0.70468205,2
4.4685163,-3.7147257,2
14.606214,7.0751386,0
-7.576641,4.4519377,1
4.3248987,-4.428087,2
15.485353,5.6750736,0
18.736828,2.8746252,0
14.524387,5.845404,0
18.600378,3.0115347,0
4.703823,-4.669537,2
-0.245236,-1.2709241,2
-1.6046356,6.2429447,1
9.190462,6.9251676,5
0.6657179,7.9922385,1
11.483563,0.5882704,4
0.6024215,9.751164,1
-7.0866323,5.942175,1
15.559286,5.7759724,0
4.4649386,-4.6481605,2
7.9515624,-5.063612,2
0.3509924,-0.39748254,2
12.97473,-1.0962622,4
18.697233,3.0636346,0
14.583411,7.1125283,0
16.342009,6.5936275,0
14.542136,5.671107,0
19.40969,4.4735656,0
-1.5682745,6.565153,1
2.6442664,6.0079913,1
4.379332,-3.9550297,2
4.3687882,-4.705178,2
3.3518267,-5.1506586,2
-0.2348,-1.270529,2
15.37958,6.473416,0
18.652626,2.8096576,0
15.489745,5.7088,0
19.175411,6.144201,0
14.699999,5.657557,0
19.430635,4.5094843,0
4.5384693,-3.904483,2
7.4041395,-5.284055,2
15.890697,7.113307,0
4.3956614,-4.747598,2
4.364692,-3.830216,2
4.801448,-4.5915146,2
19.39539,4.499976,0
14.544732,5.852648,0
10.808398,-1.638723,4
8.275126,-6.064951,2
6.981039,8.973004,5
1.1725975,10.40719,1
-0.8362366,6.031264,1
2.4131546,-4.969401,2
3.8422067,-5.7246804,2
19.583502,4.7059927,0
18.728964,2.7700548,0
7.990882,-4.850342,2
19.563322,4.656934,0
2.611612,5.6277914,1
6.7899966,4.6695065,5
0.02376618,10.284614,1
3.2365212,-4.676676,2
4.9357185,-3.7718844,2
-1.0498719,6.6044335,1
6.080947,0.17061691,2
11.176633,1.1431308,4
9.161241,6.932058,5
16.281853,7.3438697,0
17.10909,7.7701335,0
6.9210825,7.4728346,5
7.096682,8.716209,5
16.398325,6.587431,0
6.8599057,8.390726,5
-0.28978857,5.968793,1
4.400067,-4.81621,2
15.396694,6.5089397,0
15.970324,7.154992,0
14.610877,5.791942,0
13.764303,-1.2502527,4
9.928593,7.6186824,5
19.414925,4.5158587,0
7.4082375,5.5869884,5
4.4718165,-4.3633246,2
17.163818,7.7291894,0
14.622862,5.898059,0
0.4708612,-2.270605,2
19.404724,4.5906453,0
0.53618586,-1.0185242,2
-0.13657734,-1.2436562,2
6.086549,8.697551,5
10.78642,1.5923479,4
7.341986,5.5245533,5
7.692761,-4.9224133,2
4.77687,-4.8156457,2
-1.6447376,6.0149302,1
10.008665,6.2493267,5
4.4742017,-3.5285735,2
6.1530347,0.28424263,2
14.618647,7.083686,0
2.5128622,-3.8251731,2
4.2404394,-4.395898,2
6.76841,-0.73744136,2
6.1482096,0.30262777,2
14.632283,7.0333138,0
19.532316,4.6687303,0
14.591268,7.0014734,0
3.0386207,-4.9968247,2
15.512921,5.7315245,0
0.89650446,9.740137,1
17.986616,5.392832,0
6.4969654,6.9895444,5
18.724596,3.0441523,0
4.6715436,0.6141888,2
16.06879,6.6352367,0
16.338142,6.6003885,0
-1.3471934,5.365103,1
7.7306705,-4.857778,2
18.63464,2.691364,0
16.360294,6.612424,0
3.1407943,6.0193787,1
7.651538,-5.7206903,2
4.9130783,-4.420894,2
4.331918,-4.7127714,2
8.16499,-4.322483,2
4.250422,-4.4400635,2
16.998713,7.664052,0
-6.9950995,5.8724685,1
4.770395,-4.755632,2
4.2909164,-3.231138,2
-1.6079562,6.1489615,1
6.185788,0.09833568,2
6.07692,0.2363742,2
18.592285,2.9083648,0
4.4910364,-4.796957,2
18.732115,2.9645524,0
4.736958,0.45280945,2
4.6193295,-3.3617072,2
7.7540607,-4.960465,2
7.2111034,5.472353,5
4.8466697,-4.8555894,2
18.685541,2.7531393,0
13.693276,-1.2148223,4
3.857678,-3.68244,2
-0.08512147,10.253198,1
17.969572,3.2602746,0
0.57968396,-1.8644756,2
-6.965443,5.7883115,1
6.643075,6.1899405,5
14.744373,5.537548,0
14.620941,5.713756,0
15.7405615,6.027994,0
6.04146,0.32969126,2
16.34101,6.6287513,0
4.8903146,-4.5207887,2
7.2073064,5.553499,5
7.216262,5.583327,5
14.629365,5.9612355,0
4.5725265,-4.4972086,2
0.38228214,-1.0944097,2
-1.4328575,5.4266424,1
14.62145,6.9590425,0
0.17034438,-2.041288,2
7.833662,-6.0068684,2
-1.5487933,6.101119,1
12.872795,-0.9010477,4
3.5406027,-5.514203,2
6.115907,0.19405298,2
14.539877,5.9161077,0
17.986467,5.4019265,0
14.600811,7.07404,0
6.2170825,7.2438064,5
0.31449768,10.389489,1
13.107505,-1.3491597,4
0.41722354,-1.300196,2
18.475883,3.0115857,0
16.418228,7.2579136,0
17.96824,3.1457307,0
12.813884,-0.96083236,4
3.271386,-4.7917705,2
15.554179,5.761427,0
4.772205,-3.3983924,2
6.7553263,8.293213,5
5.970292,7.756579,5
0.9564082,9.037269,1
4.8804216,-4.5530024,2
3.7928736,-5.5290294,2
-0.1504048,-1.2639714,2
13.651553,-1.2177231,4
11.142919,0.83555156,4
0.17335963,-2.133994,2
4.4483747,-4.8070617,2
4.3006487,-4.1393533,2
14.8187895,5.7806406,0
2.2977602,7.0699263,1
3.1213295,-3.5602565,2
2.3005574,7.023453,1
19.383947,4.504413,0
4.68008,-4.2286983,2
14.646216,5.7303467,0
15.544327,5.8039083,0
10.9930935,1.3499768,4
1.1140383,8.942624,1
4.808096,-3.3032916,2
-1.039801,5.3806973,1
4.637568,-3.1149023,2
17.179749,7.803425,0
14.67302,7.048415,0
18.53915,2.9079156,0
7.589246,-4.8270817,2
8.333072,-4.3551493,2
16.045721,6.689529,0
2.3190756,7.181507,1
13.958453,-1.6078321,4
7.8538804,-4.7223215,2
10.00153,7.191161,5
8.3705225,-5.9694333,2
14.795395,5.6914825,0
-6.959976,5.834989,1
14.711967,7.000659,0
17.99301,4.178902,0
0.41196063,-0.7903925,2
18.653305,2.488818,0
17.085972,7.7176585,0
10.747081,1.4752328,4
17.0978,7.778359,0
18.474405,6.5810246,0
4.6461883,-3.8005393,2
9.987877,7.7641106,5
8.326653,-4.440911,2
0.74256283,11.144628,1
15.236749,6.297115,0
5.859357,0.13285387,2
10.037006,6.3194904,5
-0.22713433,-1.2930207,2
-0.23669887,-1.2222327,2
6.7680254,5.216392,5
15.384198,6.468522,0
4.6706724,-3.7887392,2
18.16405,3.911352,0
6.1908216,-0.023219967,2
14.6274,7.068636,0
14.764716,5.717528,0
14.781282,5.6534348,0
0.4343551,-0.35514447,2
6.646314,5.7333336,5
10.828304,1.2589955,4
-6.933889,5.791221,1
10.711347,1.399522,4
6.715648,8.786526,5
10.648522,1.4204861,4
0.5399834,-0.94520545,2
4.2934504,-4.162131,2
0.4062544,9.740671,1
3.048613,-3.6364088,2
-1.2601135,5.657312,1
8.32503,-4.315453,2
2.3498533,7.0838175,1
8.291934,-4.700963,2
-6.8505983,4.6178193,1
6.528326,9.087717,5
0.47718582,10.197939,1
-1.5440645,6.072793,1
-6.8286476,4.6243734,1
13.890974,-0.9513106,4
0.5805896,-1.1671906,2
0.84032923,7.8503566,1
0.16491863,-0.628081,2
-1.0255436,6.645934,1
0.26950535,-0.6976651,2
18.814447,2.6572652,0
10.803836,1.5386394,4
6.970298,8.981611,5
14.7097645,7.052091,0
6.01509,7.465315,5
5.9059453,0.1370646,2
18.71276,2.6697989,0
18.51121,2.425281,0
4.6764,-3.8787472,2
-1.4716358,6.7351627,1
11.004898,1.3208642,4
18.564724,3.1779423,0
4.7586765,0.5220569,2
-0.27281472,5.3379626,1
15.352807,6.461216,0
0.10484553,-0.7581922,2
2.713605,-5.2623973,2
6.6848316,-0.7002454,2
6.5297194,6.9992027,5
3.078135,6.040196,1
6.1564035,-0.013511981,2
6.9864163,9.005802,5
1.3526673,10.3834505,1
18.60331,6.814994,0
10.566557,1.2019876,4
4.807402,0.49957618,2
14.459137,5.837656,0
4.693629,-3.8380275,2
0.11135861,-0.74100846,2
4.748762,0.57260406,2
8.293312,-4.779356,2
0.026083408,-0.7924641,2
14.588006,5.6356726,0
19.567997,4.637075,0
2.74293,5.87327,1
18.549948,3.288726,0
17.113865,7.693522,0
12.54625,-2.2880325,4
6.1792803,-0.034201104,2
18.45871,6.655878,0
0.51507795,-0.8806312,2
3.7535517,-3.5792594,2
3.746209,-3.0173671,2
4.694893,0.519864,2
10.80703,1.5043037,4
2.310978,7.085487,1
15.625275,6.710262,0
8.362105,-4.6754456,2
5.983742,0.014429086,2
9.978787,7.775083,5
17.157312,7.7166605,0
10.871178,1.1917185,4
16.388813,8.068006,0
7.9053774,-4.5851927,2
14.725428,5.631099,0
10.882014,1.298068,4
0.054195173,-0.7759731,2
16.33825,6.5925326,0
-1.6264852,5.6298313,1
0.22888103,-0.5412369,2
6.0432673,0.12601086,2
14.762738,5.8537045,0
14.44056,5.8249598,0
10.901065,-1.7372751,4
3.7187943,-3.5140786,2
17.650316,2.959391,0
4.848839,-4.49382,2
6.4648833,8.432984,5
-7.23999,5.968533,1
4.6662827,-3.3714445,2
-7.465775,4.848098,1
0.40260386,-0.43955824,2
6.8936834,7.225947,5
-0.4022939,5.7131248,1
14.73895,5.5504417,0
4.811635,-4.601935,2
-0.6687606,5.706463,1
19.238583,6.15481,0
7.780281,-5.9406857,2
-1.5491635,6.6227155,1
0.81021863,9.94944,1
0.1639399,-2.138169,2
4.3814654,-3.5706918,2
18.502056,2.8360734,0
-1.5724291,6.1098604,1
16.038784,6.6132855,0
11.419053,0.6926295,4
-0.7012316,5.930708,1
-0.24923132,-1.2721875,2
7.8236876,-5.0497484,2
-7.251697,5.9923162,1
18.450342,2.3767002,0
4.66966,-4.6459594,2
16.00151,6.5782747,0
-1.1503406,5.882354,1
0.71386427,11.178688,1
17.100574,7.791812,0
18.481413,2.6790497,0
18.650383,3.011703,0
7.629235,-4.8660717,2
19.25782,6.1609635,0
6.0414667,8.763619,5
0.15710895,-1.9631121,2
4.337556,-4.3082213,2
17.168022,7.7611217,0
-0.84248066,6.0479083,1
4.6714993,-4.414563,2
0.35885856,9.7228985,1
4.213662,-3.3361425,2
4.713972,-4.4740458,2
7.829288,-5.8192825,2
6.583089,9.059342,5
4.493185,-3.04155,2
4.648338,-4.341076,2
6.2034965,0.29345703,2
12.989083,-0.9101409,4
7.7119827,-4.9365506,2
4.3122454,-3.5180974,2
17.839027,2.9831083,0
11.201527,0.7128452,4
14.689487,6.94182,0
16.249762,6.408874,0
0.66297424,-1.1935568,2
8.186459,-5.0354605,2
13.554093,-1.3363888,4
18.708536,2.9010549,0
-7.0813746,5.9794564,1
15.937056,7.13527,0
15.744474,6.0704226,0
0.27254707,-0.50795704,2
-1.2067214,5.6659007,1
6.790043,8.259299,5
0.4698814,-2.1392677,2
5.969914,7.6568217,5
-1.5042682,6.033083,1
3.822616,-5.667415,2
3.7849233,-5.720494,2
15.313913,6.5477076,0
14.682301,6.0609803,0
-7.4022684,4.620421,1
4.802916,-4.847674,2
4.7386694,-4.4261074,2
-0.7622984,5.7620897,1
18.527979,2.581503,0
4.6212754,-3.8066237,2
-0.0007430454,-1.3420119,2
11.141798,-1.5460169,4
3.3492417,5.945547,1
4.843944,-3.727468,2
4.518464,-4.784351,2
15.27548,6.55249,0
15.371704,6.503938,0
6.5244646,6.5058475,5
15.36767,6.4929047,0
0.20380683,7.0615005,1
18.655577,2.6327999,0
15.70992,6.030664,0
14.688383,6.980243,0
7.7591443,-5.0377393,2
4.760094,-3.8017828,2
14.681434,7.071716,0
13.898295,-0.88623405,4
14.538318,5.591594,0
8.054684,-4.443568,2
18.508913,2.781593,0
-7.0707245,5.9720597,1
3.6751392,-3.552191,2
4.6958456,-4.7970777,2
19.431047,4.625852,0
3.1034255,5.8800735,1
4.5079627,-2.9799953,2
16.203655,6.3752074,0
10.582557,1.2467556,4
14.540863,5.7650714,0
14.569408,5.646006,0
3.9787364,-3.5965185,2
18.448566,2.4489884,0
4.8676715,-3.6526494,2
4.4903955,-3.200185,2
4.7293787,-3.461656,2
1.0463105,10.300888,1
17.132206,7.746797,0
14.562455,5.838001,0
8.072064,-4.4561,2
0.18025601,7.0433826,1
0.45771185,-0.30332848,2
0.60406375,-2.2623475,2
-1.2265052,6.3962536,1
14.736622,5.549181,0
0.39987734,-0.3809055,2
-1.583847,6.077889,1
-7.549428,4.4385552,1
4.4355116,-3.6068926,2
9.976064,7.2988787,5
3.9314885,-3.5722759,2
6.859176,8.342793,5
4.576199,-4.338115,2
5.9773326,0.18436062,2
18.817629,2.8128147,0
8.018555,-4.6630936,2
8.348512,-4.7116694,2
15.739854,6.0835395,0
4.197054,-3.343793,2
3.7850661,-2.9870324,2
14.47829,5.88614,0
9.9880295,7.641032,5
17.175915,7.765526,0
18.68255,2.5262814,0
0.65012723,-0.78625464,2
14.841389,5.7430706,0
6.2675734,8.748523,5
14.688195,7.098393,0
16.398415,6.631353,0
9.948728,7.5519924,5
10.690648,1.2861648,4
10.874139,1.4608203,4
6.968125,7.2008767,5
14.802482,5.743683,0
3.755247,-3.6104822,2
10.027191,6.2668915,5
4.7015085,0.4893928,2
9.234056,6.9558926,5
18.547922,2.5227075,0
7.9847207,-4.5252476,2
15.602524,5.8288407,0
14.969212,6.775532,0
0.48784623,-1.0746725,2
3.1460028,5.883228,1
-0.13759373,10.220841,1
0.036223944,-0.79437834,2
0.45650756,-0.32373336,2
4.512339,-2.9118862,2
0.7468776,-0.9444348,2
16.419376,6.6179767,0
14.674748,7.027398,0
3.7871494,-3.9304335,2
-0.96408474,5.6043215,1
14.67312,7.0395966,0
6.0783014,-0.013427838,2
-7.209797,5.9744296,1
10.584571,1.3421606,4
2.423252,7.1174846,1
6.9255958,9.011622,5
15.389948,6.4477406,0
4.882628,-4.886431,2
10.609271,1.3395574,4
7.011541,8.704007,5
10.695906,-1.6624008,4
13.933666,-0.90463346,4
6.878209,4.9404135,5
19.252544,6.1136384,0
13.7422,-1.5960433,4
0.7329323,10.376961,1
4.786894,-3.8003297,2
14.562826,5.8566794,0
0.65092164,10.526744,1
5.996843,0.18347362,2
14.5778,7.152149,0
4.8132443,-3.3146012,2
0.76157695,-0.9953515,2
15.525001,5.787157,0
18.549397,2.5279443,0
4.465104,-3.0155911,2
2.785122,-5.0352287,2
4.592372,-3.8062584,2
9.983355,6.563998,5
5.9548287,0.084413834,2
6.673904,0.15181018,2
0.42400584,-0.9914883,2
0.31466404,-0.9949709,2
3.79097,-3.034714,2
14.636328,7.0398564,0
19.526802,4.665809,0
10.0105715,7.8226895,5
18.583355,6.798649,0
0.52092224,-0.8648467,2
17.125221,7.746202,0
2.5793407,-3.3467906,2
7.755122,-4.950357,2
0.41379172,-0.9848326,2
14.670877,5.530072,0
4.33811,-3.8102524,2
15.982358,7.091593,0
10.535768,1.234139,4
0.96051913,10.75187,1
4.765978,0.50864583,2
-1.2896471,6.7572203,1
6.1176114,-0.06346689,2
0.5769408,-1.0066091,2
-0.37597248,-1.1510106,2
17.085608,7.803904,0
16.3913,6.6080065,0
0.48885733,-0.8287498,2
10.811902,1.5597949,4
18.790163,2.7121563,0
-1.8687501,6.5420995,1
6.7933764,8.473979,5
18.711668,6.5995984,0
4.5194273,-3.5518103,2
8.300274,-4.2934813,2
13.930495,-1.1479155,4
-1.8503941,6.5378237,1
12.160772,-1.1053216,4
0.47201303,-1.0251557,2
3.811439,-3.6147976,2
9.972732,6.126962,5
0.92886764,7.7806783,1
-0.1921226,-1.2521703,2
13.722742,-1.4352108,4
10.941531,1.2739462,4
6.8535137,8.468115,5
8.108828,-4.43445,2
3.576523,-3.393791,2
18.762384,2.7338057,0
19.218508,6.1566243,0
13.651046,-1.2522142,4
18.816711,2.7633855,0
0.80415124,-1.1904721,2
15.7043705,6.054569,0
18.666428,2.5325172,0
4.582632,-4.339628,2
7.327802,-5.0649333,2
18.557184,2.8371913,0
17.13448,7.7566414,0
0.5414327,-0.5963793,2
5.913757,0.19631602,2
4.759423,-4.5022645,2
0.11729739,-0.8017347,2
4.1731215,-4.7669606,2
16.36121,6.4926486,0
-1.6201669,6.383235,1
6.768188,5.2452087,5
-0.11200723,-1.023563,2
15.673932,6.108462,0
6.03589,-0.15554786,2
4.286287,-3.4431996,2
0.511885,-1.0034493,2
12.912735,-0.94823414,4
8.175329,-4.747716,2
3.6118104,-5.5388865,2
7.995213,-4.669005,2
8.350913,-4.8112097,2
0.4319316,6.9115043,1
13.154884,-1.2751517,4
-1.3437012,6.165836,1
0.13321404,-1.0347322,2
10.031247,6.2807684,5
4.9094987,-4.524764,2
16.018047,6.6170416,0
3.524773,-5.9934597,2
0.14645605,-2.109843,2
7.106184,5.395639,5
0.55740905,-1.1445582,2
0.5847991,9.730726,1
2.9037395,-3.3477154,2
0.12243859,-1.1606125,2
13.782799,-0.8922124,4
0.31006813,-1.3313903,2
16.540861,7.5871983,0
9.993463,7.424404,5
7.750241,-5.7389474,2
17.991055,4.152865,0
0.65064275,11.017326,1
2.2797503,7.084371,1
0.7771209,-1.0135455,2
0.24330693,-0.7855427,2
0.34934273,-0.60695606,2
-0.38033286,-1.0908024,2
4.727088,0.4989049,2
4.0886784,-4.039257,2
-1.0564451,5.2225776,1
8.315689,-4.7431927,2
17.991491,3.3337982,0
0.44837597,-0.30116522,2
5.906978,0.25084296,2
3.5056398,-3.346757,2
14.61666,5.6612234,0
14.703223,5.6907945,0
13.6055155,-1.0062788,4
6.8057528,-0.7050242,2
8.978704,7.1996546,5
4.821582,0.47061786,2
-6.982418,5.8337474,1
4.4329557,-4.367218,2
0.67785347,-1.0871542,2
4.2307253,-3.7523339,2
17.969852,5.3511887,0
4.7586274,-4.3673964,2
15.038926,6.8047166,0
0.056271397,-1.100561,2
7.4838276,-5.2770576,2
0.11339742,-0.8764017,2
0.48698032,-0.29244882,2
11.021001,-1.6286521,4
-0.03557487,-0.99814296,2
0.47059613,-1.0189991,2
-1.5746462,6.379995,1
4.6706247,-4.3623567,2
-0.3172175,5.2353225,1
10.066378,7.3920302,5
15.082913,6.7920804,0
4.702389,-4.406325,2
4.953779,0.461795,2
10.082031,7.4129205,5
0.5020053,-1.8405135,2
4.484026,-4.618707,2
7.4979587,5.523536,5
17.67634,4.073555,0
4.6139207,-4.358328,2
-1.3969843,6.3129487,1
-7.490415,4.45903,1
13.75998,-1.1650109,4
6.093886,-0.07759176,2
4.606324,-3.8940957,2
7.916916,-4.573495,2
4.8475094,-4.941373,2
4.596976,-3.0995457,2
19.404684,4.55061,0
16.183752,6.371155,0
7.8216896,-4.9566455,2
-6.944884,4.7212753,1
4.88745,-4.553798,2
17.058325,7.6204877,0
0.27631867,-1.0374539,2
4.509673,-3.5936668,2
10.042111,6.341341,5
14.642076,5.524085,0
3.177581,5.8559027,1
8.303164,-4.7385826,2
0.23222435,-0.8758486,2
11.200566,0.6945096,4
13.861018,-1.6104873,4
13.911598,-1.3736997,4
6.3477955,8.42965,5
17.112934,7.7410607,0
6.3876076,8.480479,5
-1.4687036,6.5741987,1
19.458788,4.619136,0
18.642996,5.308398,0
11.481587,0.6095658,4
4.3455625,-4.6459155,2
-6.841277,4.6157503,1
6.041863,0.19151248,2
-0.32869944,-1.3209143,2
4.605487,-4.456701,2
6.0216227,0.118058294,2
11.01484,0.8140138,4
-7.1580477,5.8997674,1
6.7118425,-0.6466781,2
4.7149286,-4.9132447,2
18.80457,2.9567747,0
-1.4910028,5.3892827,1
9.966477,7.329822,5
2.4777453,-3.3805056,2
3.5632002,-5.328156,2
16.3485,8.097714,0
9.996174,6.4062033,5
19.239506,4.4884443,0
13.052862,-0.9148703,4
-0.1805868,-1.1892419,2
14.547666,5.6042066,0
4.8378124,-4.809088,2
0.6148501,-0.6434337,2
17.8033,5.059083,0
4.3243914,-3.8370337,2
14.545507,5.664022,0
15.384015,6.4774733,0
5.878963,0.12319158,2
6.51257,8.760063,5
17.038193,7.752775,0
16.371988,8.052146,0
6.549018,-0.4424447,2
0.52576405,-0.905394,2
0.33772853,-0.4690329,2
-6.9711523,4.7057467,1
19.42352,4.6860204,0
0.49516776,-0.3977187,2
6.0945807,-0.12925383,2
4.824913,-3.3083344,2
17.08106,7.793042,0
9.993282,7.3581977,5
4.791841,-3.3146539,2
4.329428,-3.8180459,2
14.685012,7.0429254,0
4.7272797,0.5159224,2
14.059706,-1.4575866,4
6.9296284,-0.5829261,2
19.548037,4.687892,0
14.527497,5.591541,0
19.520369,4.698114,0
10.457302,0.40483817,4
18.496851,2.7128074,0
6.089202,0.019440494,2
4.2036786,-3.4188008,2
6.934876,9.008476,5
0.6043392,-0.46365872,2
14.089439,-1.4737055,4
-0.8007915,5.5088744,1
0.6699067,9.973147,1
1.3264227,10.645167,1
14.621028,5.639154,0
13.644388,-1.5385555,4
3.8443575,-3.5295084,2
4.6635346,-3.7607858,2
0.4806545,-0.33780104,2
-7.0904565,4.9658847,1
4.4588494,-2.9756794,2
-7.559285,4.4353924,1
14.619079,5.62639,0
4.669093,-3.7661328,2
16.406134,6.6017137,0
-7.5485725,4.444703,1
17.038183,7.782734,0
-7.0535436,5.983642,1
18.525097,2.5172994,0
11.123131,1.2778423,4
-7.550353,4.4427567,1
-7.469121,4.852878,1
8.290002,-4.337714,2
-7.467812,4.840364,1
14.691587,7.0511994,0
3.0097647,-3.7458646,2
0.17373222,10.429888,1
3.9095898,-3.7681615,2
0.32963714,-0.45767263,2
3.7294343,-3.0211794,2
4.838899,0.48418266,2
1.3642356,10.67726,1
6.036367,0.25010723,2
11.126764,1.2426207,4
10.611818,1.3354723,4
3.667454,-3.5583797,2
13.89737,-1.6491816,4
14.7986,5.702641,0
7.2083893,8.884104,5
0.11783359,-0.66866285,2
0.53275084,-0.80480635,2
16.06294,6.628935,0
19.496315,4.54933,0
0.52184945,-0.7815893,2
14.550272,5.711331,0
0.4198217,-0.3916569,2
9.522633,7.5813375,5
4.383555,-3.1101,2
18.662142,6.804065,0
4.48336,-2.9296277,2
18.69933,6.721826,0
14.447926,5.851589,0
8.337908,-4.51789,2
4.454894,-2.9765,2
17.970436,4.157448,0
6.8046517,-0.6994082,2
-6.9844594,5.8342786,1
-6.934293,5.8071747,1
5.902919,0.031442776,2
15.971976,7.1667347,0
7.176573,5.1284585,5
0.38692796,-0.4378068,2
14.685989,6.962573,0
19.463713,4.7229013,0
4.808209,-3.3037927,2
14.717603,6.94117,0
-1.0174901,5.8730392,1
0.16015771,-1.2877846,2
4.9002275,-3.6975198,2
16.082184,6.4735045,0
13.559034,-1.0814724,4
13.743103,-0.9635393,4
6.871692,4.9280066,5
5.9854507,0.0058694994,2
6.11905,0.013759027,2
17.929934,5.1011596,0
7.1989574,8.663153,5
19.602198,4.704451,0
5.954318,-0.01807911,2
4.438111,-3.0861113,2
-7.081102,5.983344,1
16.359184,8.071769,0
18.627096,3.1938171,0
7.695274,-5.1587963,2
4.905096,-4.4125285,2
19.513937,4.6456294,0
4.553231,-3.5024877,2
19.451454,4.4904356,0
15.921313,7.09113,0
17.970917,5.359176,0
18.54822,6.843262,0
13.738729,-1.3860396,4
16.998756,7.2751613,0
10.024304,7.30075,5
13.573765,-0.6808674,4
-7.0727305,5.954738,1
10.018638,6.292888,5
17.06229,7.6750345,0
8.31925,-4.30537,2
19.063995,4.764214,0
14.647429,5.5934477,0
9.94696,7.6866693,5
-1.1683619,6.51232,1
1.4378382,10.536904,1
15.717412,6.025724,0
0.6521353,11.171879,1
12.076319,-1.1978753,4
7.018151,4.623776,5
19.195229,6.1930003,0
19.491564,4.4868455,0
2.6291978,5.6851716,1
15.623437,6.0581946,0
6.456739,8.5517435,5
7.6442146,-4.906924,2
4.479935,-4.383246,2
18.000961,4.2017875,0
11.40331,0.63475585,4
13.1972475,-1.139975,4
-6.938538,5.815861,1
-7.380695,4.609539,1
7.96037,-4.5475254,2
-6.9307704,5.8320804,1
17.964808,4.1960564,0
14.620646,7.0208282,0
3.88249,-5.864555,2
8.123244,-5.06443,2
14.702689,6.9723983,0
10.984072,0.8664269,4
-0.24626118,-1.2148548,2
4.807107,-3.3688679,2
15.508024,5.774232,0
-7.0659585,5.9544077,1
18.630095,2.7183952,0
8.372758,-4.574169,2
19.485146,4.535947,0
4.71386,0.54666394,2
6.5349674,8.486039,5
7.7647333,-4.9743834,2
-1.7701662,6.179264,1
-0.51508343,5.4037333,1
19.305353,4.4682527,0
17.951313,5.3651776,0
0.25977015,-1.3311633,2
13.018964,-1.1357484,4
4.520814,-4.3858433,2
13.836182,-1.561648,4
8.036399,-4.895641,2
16.351553,6.5843587,0
19.251266,6.18416,0
4.734798,0.48443717,2
13.203699,-1.3497726,4
-0.29909852,-1.2451102,2
18.620567,2.7745664,0
6.9045563,8.986843,5
6.7809396,8.496328,5
14.445914,5.543476,0
13.383323,-1.4024681,4
-1.2582368,6.84599,1
18.619255,2.822644,0
-0.28514963,-1.303775,2
14.008332,-1.5871394,4
4.8102126,-3.3393548,2
2.335939,7.149165,1
4.9381375,-3.7126908,2
19.457264,4.5447507,0
14.611438,5.9042263,0
-1.5366923,6.5530787,1
-0.18867776,-1.2145574,2
14.489425,5.8729534,0
4.794383,-4.516376,2
16.418745,6.6124964,0
1.1050842,9.058347,1
15.965868,7.0962925,0
-1.3044798,6.3284264,1
6.5029383,6.211726,5
16.434563,6.642578,0
1.3870282,10.146728,1
13.582317,-1.2949103,4
19.505703,4.5613527,0
7.8673143,-5.987034,2
13.5607,-0.87621015,4
19.251253,6.1676784,0
0.10765745,-1.2414268,2
13.467884,-1.2833645,4
12.429353,-2.3807657,4
17.998993,5.2953787,0
18.561644,2.7614417,0
-1.4407697,6.4429235,1
3.7927952,-2.922925,2
10.828546,1.2304873,4
10.047901,7.687788,5
14.688596,5.976528,0
0.49697813,-1.112228,2
6.3978825,8.429294,5
4.2988186,-3.8555105,2
4.858981,-4.814479,2
6.577762,6.226696,5
2.813197,5.766562,1
-0.06312453,-1.1382465,2
2.4692593,-3.7447526,2
6.5739527,0.49420118,2
4.2016735,-4.296855,2
6.727519,-0.7004787,2
10.857075,1.54834,4
0.23363575,-0.59145063,2
18.367159,2.5966005,0
4.8242993,-3.3927653,2
17.093729,7.7347665,0
-6.9853263,4.7062488,1
4.8372774,-3.7462807,2
2.2938423,-5.630233,2
0.33659574,-0.45729354,2
15.289333,6.542915,0
14.657352,5.63923,0
14.596433,5.6426487,0
3.6348913,-3.8965888,2
0.5484662,10.489633,1
15.943917,7.1473947,0
-0.110128894,-1.1316378,2
13.074357,-0.99523187,4
4.912213,0.4824261,2
10.093703,7.371566,5
-1.5698347,5.6994133,1
10.561073,1.1515864,4
4.564158,-4.406229,2
15.732731,6.0059166,0
18.814407,3.320127,0
6.5823092,8.4307,5
13.205929,-1.9470993,4
6.441267,7.020774,5
0.085178,7.1485424,1
15.014351,6.1220207,0
4.861138,-4.9063745,2
14.516605,5.7753057,0
13.592703,-0.99269164,4
17.031078,7.8034177,0
2.701104,5.6523056,1
7.9419093,-5.90919,2
3.0428474,5.8776045,1
16.939695,7.673099,0
18.531729,2.474579,0
11.166013,0.88904005,4
7.81596,-6.011073,2
17.059883,7.821167,0
0.43938127,10.575536,1
17.076704,7.6792502,0
0.65638983,9.875714,1
-0.2812722,-1.2642796,2
4.1830883,-3.4175174,2
10.67863,1.3719054,4
13.744806,-0.9415164,4
4.404209,-3.8737493,2
17.146648,7.759095,0
9.2598295,6.8709617,5
14.576261,7.032959,0
19.480278,4.765669,0
4.8823814,-4.8550572,2
-1.3233792,6.472175,1
14.7493105,5.9858456,0
12.79451,-1.0531994,4
17.092567,7.752995,0
14.520818,5.82058,0
2.91525,6.0045586,1
-1.3568641,6.079932,1
12.843526,-1.0458294,4
-1.1084954,5.687984,1
3.0120163,5.9051695,1
16.422592,6.5457063,0
13.91822,-1.2559607,4
11.077347,1.1805669,4
16.711576,7.6594367,0
4.4534917,-3.01527,2
0.26469913,-1.0121886,2
14.434625,5.8186817,0
11.159843,0.75529283,4
6.7379265,8.533525,5
6.0721645,0.29135576,2
-0.92449045,5.9058642,1
4.5480328,-3.223731,2
0.0072218445,-1.1880034,2
18.906055,2.6663077,0
-1.6027656,5.743845,1
8.200236,-4.515291,2
18.774239,2.7846322,0
1.189512,8.9576645,1
10.04268,6.0646954,5
4.774602,0.54373044,2
11.168932,1.1620247,4
7.115577,8.845977,5
17.66168,4.2470627,0
0.43316185,-0.3374718,2
7.844189,-4.987244,2
13.7928,-0.9663638,4
10.137885,7.7957172,5
0.47857898,-0.30168745,2
18.544239,2.5933394,0
4.7793145,-3.8222873,2
14.535581,5.790197,0
18.554766,2.486099,0
4.7060146,-4.612121,2
7.298775,5.488671,5
5.8461156,0.06594236,2
7.0195713,4.8357334,5
13.930062,-1.2272921,4
0.5018373,-1.0582396,2
8.255925,-4.7632227,2
16.355425,8.064722,0
12.831767,-0.9440098,4
-0.005677663,-1.3273193,2
4.9037194,-3.804538,2
4.450158,-3.0687363,2
4.7195587,-4.776207,2
10.2823105,7.4467964,5
10.156193,7.8176775,5
18.66265,2.8098838,0
19.326204,4.495375,0
10.065735,7.3949876,5
17.987555,5.3776693,0
0.47417742,-0.98978484,2
17.13022,7.7411203,0
13.598408,-0.97483593,4
10.101429,6.1372776,5
16.03525,6.9961276,0
0.20732805,-0.59505695,2
13.496915,-0.73035705,4
3.535987,-3.2501504,2
10.619353,1.356464,4
9.989306,6.556467,5
6.7184687,-0.65666986,2
4.773704,0.53440243,2
18.417452,6.4099765,0
4.73655,0.5828832,2
14.974135,6.8390613,0
0.345316,-0.5007049,2
2.28186,7.1910915,1
19.389587,4.5012846,0
2.7946856,-5.3913727,2
10.680075,1.2013272,4
6.002371,8.5372715,5
18.683815,3.179211,0
14.574617,5.838465,0
6.489582,9.117326,5
5.8953257,0.06571943,2
10.840809,1.5490127,4
13.857301,-1.1694286,4
-7.0887175,5.9723926,1
17.017305,7.6759624,0
13.257721,-1.2391045,4
17.143597,7.7752686,0
17.901571,4.2611804,0
-0.3368811,-1.3333142,2
10.8876295,1.295571,4
4.7761927,0.6144978,2
17.113262,7.6767683,0
10.72683,1.1619009,4
4.20024,-3.9230142,2
2.8044074,5.8059673,1
-0.40494323,5.2468524,1
13.641935,-1.0288364,4
10.820657,1.5300894,4
14.611493,5.890515,0
-1.5235983,6.3789554,1
14.646599,7.0406404,0
17.854721,3.2597756,0
-0.20814797,-1.3685668,2
4.3594418,-3.7379127,2
7.7012863,-4.9045453,2
18.567474,3.1560307,0
10.696024,1.1642004,4
0.18675733,10.380068,1
4.763164,0.50404215,2
13.031868,-0.9134061,4
14.753959,5.8517523,0
6.0726895,0.38443714,2
0.046852842,-0.785226,2
14.7763815,6.9670625,0
0.6056586,-1.7572541,2
4.050683,-3.4816864,2
17.8223,3.2193618,0
17.96659,5.2959785,0
0.21143049,-0.9332323,2
6.714795,-0.6519054,2
0.4990486,-1.0738215,2
7.9946084,-4.9994493,2
13.54393,-1.3383229,4
16.370026,6.599528,0
6.8627963,8.856516,5
10.67811,1.2714111,4
11.206748,0.89188707,4
4.2017813,-3.7153363,2
6.8336444,5.419138,5
3.7870855,-3.2783124,2
18.790314,2.9253876,0
7.269551,5.342312,5
0.42726493,-0.9749084,2
0.0291214,-1.3560449,2
8.300637,-4.28781,2
14.655658,5.7073927,0
3.7917712,-3.0951076,2
0.9843243,7.7300463,1
4.2735105,-4.088331,2
14.636932,7.102425,0
19.459837,4.6439037,0
-7.4878864,4.4886727,1
13.793841,-0.90590703,4
4.720832,0.557237,2
4.756178,-4.5500326,2
-0.037038654,-1.0429996,2
3.7962952,-2.9678144,2
4.346476,-3.1456687,2
18.745928,3.0366566,0
2.5134828,-3.7942839,2
16.408234,8.063105,0
16.347206,8.087986,0
14.569128,5.8223343,0
13.7563715,-1.2791559,4
10.157724,7.687514,5
17.670055,4.2402253,0
15.625233,6.017095,0
2.816416,-5.4090085,2
10.731819,-1.6685799,4
-1.0259314,5.4231176,1
6.014142,0.17740552,2
-0.22563937,-1.1930054,2
0.7522777,-1.8383878,2
3.8017793,-2.976343,2
12.763489,-1.1820412,4
3.636272,-3.5042632,2
8.337565,-6.05369,2
18.449814,6.6305485,0
4.603066,-3.8202274,2
14.53816,5.8310566,0
6.1067686,-0.052547682,2
0.7102333,-1.0951506,2
18.640837,2.9210963,0
8.23641,-4.5782623,2
-6.9444914,4.7022896,1
0.050794527,-1.3053173,2
8.231495,-4.835576,2
6.7597523,-0.66735315,2
-7.2259235,5.858899,1
3.3384,5.851837,1
3.7348485,-3.0194244,2
7.332179,5.291518,5
3.8297677,-3.0050013,2
-1.5482131,6.592356,1
16.090631,6.466543,0
17.715084,4.194404,0
7.6814237,-4.9155416,2
-7.072688,5.9649434,1
-1.6138442,5.518361,1
18.02923,5.329733,0
14.659235,7.057415,0
-1.0016934,5.7316465,1
17.114573,7.732227,0
18.520813,2.4917831,0
0.49120018,6.827203,1
0.022394758,-1.2934248,2
7.401326,-5.114916,2
14.70188,7.00871,0
14.066188,-0.8869641,4
-1.1270382,5.738457,1
4.8708224,-3.737927,2
0.37836444,-0.9376015,2
-1.2973539,5.725021,1
17.082718,7.67127,0
19.412506,4.6296616,0
19.414745,4.635516,0
6.732848,-0.6654801,2
8.090109,-4.617511,2
14.7551155,7.050415,0
13.444491,-0.6860202,4
10.19412,7.5434833,5
4.742421,-4.4326434,2
10.912036,1.1716659,4
0.1077866,-1.3120387,2
18.63881,5.307834,0
-7.534562,4.453334,1
7.9519224,-4.5220056,2
0.38061315,-0.44785643,2
3.6635427,-5.2930527,2
10.788154,-1.7096462,4
4.7729287,0.53907603,2
4.660103,-4.355829,2
1.4333298,10.434502,1
15.90283,7.09829,0
6.819339,8.260331,5
4.087612,-3.8082578,2
16.964672,7.67906,0
0.4345322,10.609561,1
14.497271,5.721015,0
-0.33322605,-1.2098905,2
11.289706,0.7271752,4
7.7240934,-4.966905,2
6.140543,-0.011035421,2
3.871022,-5.858963,2
14.725349,5.585847,0
-6.932173,5.8131986,1
17.03561,7.7691693,0
-0.2949053,-1.1709563,2
3.0676377,6.000702,1
17.095299,7.639871,0
0.067204446,-1.3116316,2
-1.1140866,5.8507547,1
-1.3919348,6.4492984,1
15.381327,6.4572453,0
2.3035383,7.0762143,1
2.7538528,5.7772264,1
4.683726,-4.15071,2
13.032758,-0.92470676,4
16.42574,8.039142,0
4.704697,-4.509291,2
3.2578363,5.7004166,1
15.316182,6.5188355,0
15.342073,6.534143,0
4.6547494,-4.84655,2
15.350967,6.4831295,0
4.870522,-4.6346655,2
-7.0207186,5.8802676,1
7.6549687,-5.014666,2
6.3533278,-0.25013712,2
6.7881827,8.299698,5
3.8969982,-4.076594,2
6.981599,5.53434,5
10.857333,1.5364498,4
14.684344,5.705551,0
4.8837357,-4.4523783,2
4.716569,0.6023043,2
18.58147,2.9023757,0
6.476648,6.8892384,5
-7.226776,6.004,1
16.385916,6.590578,0
6.57274,6.5888486,5
4.3455877,-3.668001,2
-1.5486143,6.281155,1
0.23772416,10.413645,1
18.326038,2.6068456,0
7.761652,-5.895618,2
2.8753576,-5.4103765,2
15.930295,7.122962,0
4.7244396,-4.948469,2
19.334118,4.611779,0
18.50375,2.8563902,0
4.668243,-4.282704,2
4.8727093,-4.4752817,2
3.2059658,-5.362588,2
0.019596491,-1.0560287,2
19.487417,4.684627,0
4.484343,-4.53433,2
16.768589,7.6933327,0
12.913428,-0.91012204,4
-0.059495203,-1.9925796,2
-1.7271672,5.835025,1
11.25696,0.08635202,4
-7.5536222,4.439757,1
18.49513,2.7857342,0
4.7238703,-4.642188,2
6.757552,-0.6813967,2
7.8259006,-4.973487,2
6.1297116,0.32408628,2
3.3842423,-5.374508,2
5.943924,7.5366783,5
15.421448,6.5098224,0
3.9106648,-5.8132005,2
2.6707003,5.592574,1
17.64986,4.2226315,0
-1.1001358,5.547208,1
13.258268,-1.040044,4
0.16386122,10.376327,1
8.001085,-4.8393397,2
2.4699054,5.6459913,1
0.2820043,-1.3767388,2
14.629762,7.09142,0
11.250244,0.8307338,4
4.5052752,-3.0832007,2
14.537132,5.841664,0
4.8366694,-4.5802298,2
14.595129,7.121748,0
5.969506,7.5254188,5
6.1605396,0.37669218,2
14.580656,5.6947455,0
12.859403,-0.89356434,4
4.7364345,0.573254,2
19.347998,4.611722,0
3.7656164,-2.999516,2
4.9185877,-3.7725375,2
9.221341,6.9400706,5
18.62526,5.312301,0
15.3317795,6.5005565,0
14.582967,7.0093837,0
14.4650755,5.7392616,0
0.87095135,7.789243,1
15.30491,6.56269,0
4.325222,-3.2203608,2
3.8458521,-2.9423437,2
4.1379366,-3.7776763,2
8.047458,-4.701952,2
16.796524,7.573414,0
3.7882164,-2.9447436,2
-1.5442125,6.386768,1
18.905224,2.690982,0
-0.0700225,-1.3486844,2
18.656544,5.3007812,0
14.129954,-1.465179,4
12.83266,-0.88657665,4
-1.2770705,5.4367337,1
-6.998179,5.870843,1
-0.045910206,-1.0324094,2
-1.7605386,6.29675,1
0.4422009,-0.30631027,2
10.824223,1.0628817,4
0.44371507,-0.33593413,2
13.586526,-0.9255997,4
5.967407,0.16692221,2
0.5157233,6.8981795,1
18.749931,2.6143627,0
0.22215605,-0.5785911,2
5.9737883,0.17143561,2
4.443084,-3.0344067,2
14.039213,-0.9542082,4
10.602662,1.1820021,4
18.664421,6.671299,0
4.4295425,-3.0753727,2
-1.2772148,6.495421,1
14.608623,5.9006367,0
14.564197,7.0188394,0
16.343748,8.076391,0
4.5599537,-3.3094463,2
6.1141047,-0.09426975,2
15.95396,7.1918,0
18.612528,2.8785977,0
0.488312,-1.0586727,2
0.5461463,11.118732,1
17.096745,7.817742,0
7.3361554,5.417561,5
18.79703,2.9709365,0
3.9982438,-3.633282,2
0.51816124,11.108021,1
0.18923725,-0.76115745,2
4.2957163,-3.6750107,2
-1.2491696,6.169184,1
6.703288,-0.55007327,2
7.2157702,8.582283,5
4.27287,-3.9494147,2
0.38531616,-0.7083122,2
19.506178,4.702187,0
0.48261708,11.130531,1
-1.2514443,5.4167395,1
18.39279,6.4243875,0
17.062202,7.773809,0
0.2217616,-1.0515369,2
-7.3655095,4.558163,1
0.027565707,-0.73581964,2
4.8434353,-4.759009,2
8.362285,-4.246096,2
3.9917758,-5.764989,2
0.5447574,-0.9736898,2
18.530512,2.4230182,0
-1.3887664,6.674658,1
14.565807,5.5475645,0
4.161676,-3.5343533,2
14.037788,-0.980538,4
8.414531,-6.0916586,2
18.821377,2.6712513,0
7.132029,8.604257,5
10.66204,1.3481042,4
-1.600898,6.0726843,1
4.355645,-3.6034327,2
14.594098,5.6103706,0
-0.1197403,-1.2099072,2
7.684358,-4.801052,2
19.21527,6.1463585,0
14.54396,5.8190384,0
4.5701413,-3.441511,2
13.585145,-0.9746356,4
10.962248,1.2388444,4
0.07419946,-0.7639436,2
2.7793317,-5.4090815,2
4.7661963,-3.391681,2
10.637029,1.329333,4
2.3817081,-5.022933,2
14.677464,6.9330735,0
0.31753123,-0.4919111,2
16.363863,8.062939,0
7.8342037,-4.5679417,2
14.745168,5.667142,0
0.2521236,-1.022848,2
8.444554,-4.779388,2
18.640144,3.1058912,0
15.726408,6.098437,0
5.9568543,7.6106796,5
10.053679,6.268682,5
-1.1448847,5.7391734,1
16.296825,7.9907794,0
6.991443,4.944113,5
13.560714,-0.6952441,4
18.855173,2.9136016,0
4.515328,-3.1314328,2
15.419416,6.482165,0
18.375156,2.589459,0
0.12966616,-2.0989182,2
1.1058754,10.296344,1
10.62548,1.2552396,4
0.4333514,-0.277214,2
-1.1204119,5.617382,1
6.863844,5.4623237,5
0.5268884,-0.91497505,2
15.947855,7.1360855,0
10.938255,1.327263,4
0.26394758,-0.54073536,2
-7.032286,5.9317846,1
16.347881,8.012917,0
-0.3475632,-1.3362066,2
16.35823,8.072119,0
18.547228,6.698899,0
6.420994,9.175213,5
8.052091,-5.0419607,2
13.917284,-1.3008097,4
10.129065,7.548034,5
15.724211,6.1013203,0
14.788214,5.825624,0
4.7368317,0.6122527,2
0.46265644,6.8644238,1
19.149368,6.2706833,0
8.351945,-4.4595265,2
19.556868,4.6638255,0
8.141848,-4.6922398,2
0.43049788,-1.01742,2
4.770681,-5.0855393,2
14.619056,5.8967814,0
4.944132,0.5408986,2
16.89671,7.935434,0
14.129071,-1.5235621,4
4.127871,-3.5904675,2
-0.15967643,10.019434,1
11.1933365,1.1208001,4
10.921019,1.4237478,4
14.478879,5.820429,0
15.4525795,5.6879296,0
17.079096,7.64041,0
18.56052,2.968994,0
4.6820297,0.59836847,2
16.190481,6.3600945,0
-7.4265013,4.6557016,1
6.991947,8.630107,5
14.645069,7.032365,0
15.541353,5.7778535,0
7.361142,8.267953,5
4.3601356,-3.5350037,2
6.473945,9.136326,5
-1.2366593,5.5071445,1
4.804531,-3.3332264,2
10.770121,-1.6824903,4
4.499048,-4.167216,2
-0.18378413,-1.1301848,2
0.6327046,-1.0019511,2
7.5304027,-4.99481,2
18.60752,6.685963,0
-7.082518,4.9186654,1
0.5205722,10.929361,1
0.43613672,-0.4729422,2
14.661678,5.6065035,0
14.78065,5.521843,0
3.789799,-3.3577588,2
16.399094,6.568081,0
0.23249675,-0.70542145,2
12.858811,-0.9378973,4
18.054535,5.3317466,0
6.533752,0.5519289,2
-0.09098442,-1.0596566,2
15.961892,7.1190987,0
6.3936186,9.20383,5
12.952584,-0.98824805,4
0.22941573,-0.94453996,2
4.739139,-4.3889575,2
16.35316,6.5957503,0
6.71118,-0.64444524,2
7.643018,5.6056075,5
8.341339,-4.2876906,2
14.671018,7.0081506,0
18.52534,3.3163364,0
12.985807,-1.0176368,4
11.241323,0.7474938,4
17.077837,7.8100214,0
4.354836,-4.4741683,2
8.317271,-4.29525,2
8.057773,-4.803396,2
18.465128,2.8809874,0
11.174262,1.0811585,4
9.995417,7.690304,5
17.063868,7.663784,0
2.461544,-3.762182,2
15.73149,5.9900613,0
7.870428,-4.58276,2
-6.910768,5.7769322,1
0.5205894,6.892028,1
10.020325,6.3669868,5
2.3380988,7.114751,1
3.7938964,-2.911072,2
17.975933,5.373412,0
16.463171,8.023729,0
-0.017538458,-1.2216904,2
4.320132,-4.213123,2
13.586915,-1.2437329,4
0.27955055,-0.40884915,2
0.12242445,9.751176,1
18.524418,2.5003817,0
6.3124466,8.513142,5
18.542355,2.6265025,0
4.262832,-4.502856,2
10.214152,7.5273395,5
4.8349504,-5.047686,2
6.335786,8.555803,5
4.5527787,-4.5377426,2
0.34072724,-0.4070835,2
13.044901,-0.9443539,4
4.7365627,-4.4202137,2
6.686552,-0.6919163,2
6.9229107,8.598853,5
4.4381537,-4.528325,2
0.48993662,6.845208,1
11.398942,0.64582115,4
8.319528,-4.304922,2
0.4473865,9.854347,1
4.758802,-4.3271403,2
14.5854225,7.0309744,0
14.750699,5.633452,0
15.754515,6.027134,0
5.99511,8.577451,5
4.854897,-4.9491253,2
18.719027,2.9472508,0
4.4734488,-3.0398889,2
10.90275,1.4996308,4
4.1648293,-4.6292043,2
14.7869835,5.6463785,0
6.179055,8.546223,5
14.731998,5.6608067,0
7.5803127,5.543771,5
18.779766,2.833628,0
18.57822,3.0678551,0
-1.4099836,6.382931,1
-0.26882765,-1.2264595,2
4.6712127,-4.3164062,2
3.829329,-3.5550199,2
14.128635,-1.4790639,4
15.390337,5.7691216,0
-0.43117505,5.5341506,1
6.711636,8.363974,5
4.270707,-4.5950336,2
4.1718855,-3.925061,2
4.700228,-4.493825,2
18.00947,2.8002574,0
13.276462,-1.0132257,4
5.9708834,7.6138372,5
11.344328,0.6472081,4
15.364011,6.493776,0
4.5672507,-4.433805,2
4.524857,-4.399564,2
6.109368,-0.09246271,2
7.8037353,-4.982895,2
15.978677,7.101712,0
6.7669497,8.518748,5
3.7214334,-5.471332,2
-7.5122504,4.4654627,1
10.913852,1.234561,4
13.823048,-1.0177106,4
17.947474,4.2388844,0
4.2687745,-3.7867153,2
4.1682606,-3.7120957,2
17.937223,5.3493524,0
10.097789,6.086621,5
3.8305283,-3.3113022,2
13.920395,-1.2004915,4
4.720337,-4.7710605,2
4.54824,-3.9786584,2
6.0877995,0.28970227,2
18.55624,3.1649523,0
10.216958,6.1073213,5
13.136383,-1.114027,4
10.848888,1.5176684,4
2.4938,-3.4278548,2
10.788122,1.1113919,4
14.598726,5.6203747,0
18.567091,3.1458874,0
12.86948,-0.8541969,4
18.83101,2.6786065,0
18.746847,2.8750358,0
10.935234,-1.6111448,4
15.423178,6.49185,0
18.619064,6.7497716,0
19.330328,4.5146265,0
14.644925,7.0202036,0
6.5091233,7.005862,5
4.016486,-3.680248,2
0.10614881,-0.61482877,2
-1.0542979,5.985948,1
14.586167,5.646915,0
6.879996,8.940245,5
10.578711,1.221142,4
4.330199,-3.238911,2
6.013013,0.16681191,2
3.558652,-3.2684832,2
4.4290695,-4.105218,2
0.39705926,-1.0080462,2
16.465345,6.6338573,0
17.669273,3.017358,0
7.9065843,-4.5978646,2
0.45610824,-0.34766412,2
2.8284895,-6.123666,2
7.086907,4.7604513,5
4.699866,0.6182274,2
15.414696,5.680586,0
7.1734514,4.553395,5
-1.1637206,5.6024184,1
4.002969,-3.8944702,2
8.056351,-4.371642,2
4.702184,-3.885237,2
4.8592577,-4.96173,2
3.8957295,-5.8549438,2
-0.18230575,-1.1959299,2
14.575694,5.634441,0
14.644164,7.0970864,0
14.583036,5.7124043,0
4.728633,0.5211375,2
2.314429,7.234118,1
14.710965,6.998697,0
10.86121,1.511466,4
7.914941,-4.5928135,2
6.2092795,7.8084373,5
19.537374,4.6753044,0
3.6663866,-3.5373957,2
18.64323,2.5358822,0
4.3124857,-3.4993613,2
15.056613,6.835178,0
9.9819,6.603874,5
18.561874,3.3202066,0
17.886818,5.1704826,0
5.9935145,0.052021086,2
0.4880121,-1.9912333,2
19.459805,4.5490055,0
10.981844,1.2177464,4
-0.9614297,5.559396,1
10.776878,1.1994919,4
4.4635005,-3.0408158,2
-1.2135649,6.3565993,1
-1.2189807,6.3345175,1
-1.2786387,6.321853,1
10.051053,6.049853,5
19.455439,4.5327606,0
3.821679,-3.8464515,2
13.553595,-1.3444973,4
9.979171,6.118577,5
11.3085165,1.1360029,4
18.522415,3.0102143,0
13.911312,-1.6656175,4
0.443788,-2.186684,2
0.92628795,7.801613,1
0.7476315,-1.9164735,2
-1.6273803,5.6456547,1
2.8466086,6.0661063,1
16.89712,7.6604166,0
9.998638,7.2515182,5
0.5910086,-1.0704511,2
-0.9693206,5.4210963,1
16.232428,6.397145,0
17.686668,4.200862,0
4.290044,-3.30602,2
0.4551791,-0.35542947,2
0.2129591,-2.0553467,2
0.7928362,9.307655,1
0.5153096,-0.7224429,2
3.7910886,-3.3425167,2
0.11803694,7.151187,1
14.138268,-1.496122,4
7.007333,5.1421566,5
6.768895,5.4655404,5
16.387972,8.0350895,0
7.846866,-4.6184373,2
0.44203717,10.571691,1
13.6047945,-1.1909457,4
14.497776,5.66001,0
17.181995,7.6900635,0
3.0000422,5.541888,1
0.15358168,-2.1087866,2
16.407948,6.604764,0
17.075134,7.6202574,0
15.968226,7.1428447,0
7.344316,4.9915013,5
-0.96933854,5.6362257,1
6.371943,8.629896,5
17.64951,4.19464,0
3.9892726,-3.90725,2
8.270966,-4.7125177,2
-7.0693765,5.9703774,1
10.77813,-1.6714253,4
4.4020634,-2.992445,2
-1.9142598,6.2777233,1
7.0854034,5.8189793,5
15.342626,6.4990907,0
17.105154,7.7864604,0
0.07716388,7.155146,1
12.442664,-1.6111953,4
11.419974,0.62657285,4
10.012756,7.8279266,5
18.459417,6.677377,0
15.271477,6.4553204,0
8.318449,-6.0233126,2
7.1538587,8.858084,5
4.455864,-3.0050526,2
4.535533,-3.3290005,2
9.799335,6.329273,5
7.0691614,4.8168616,5
16.417875,6.5532846,0
0.53708506,6.8051767,1
16.351408,8.064489,0
4.8981395,-4.6034694,2
19.49225,4.511109,0
6.9569664,8.987851,5
14.116739,-1.4652218,4
16.38802,8.046302,0
16.396051,6.618268,0
2.7553341,5.815675,1
0.35361516,-1.8543916,2
17.823301,2.9102306,0
10.705657,-1.6598518,4
18.642366,2.5270424,0
14.615172,5.616259,0
6.4593406,6.983656,5
6.7815175,-0.4709056,2
-0.31974006,-1.2662752,2
16.435837,6.604345,0
16.352842,8.065604,0
2.957165,5.6183076,1
17.072758,7.617337,0
17.03485,7.665019,0
7.168981,4.7149916,5
7.855904,-4.799497,2
2.8816695,5.8422427,1
4.4652066,-3.0127332,2
0.80493164,9.319487,1
17.14233,7.7893915,0
1.1322935,10.251937,1
-7.44748,4.5807695,1
3.7904112,-3.387429,2
6.992158,4.9855,5
16.330505,8.00607,0
4.6827126,-5.1584187,2
18.673918,3.1066449,0
4.061025,-3.5644255,2
14.653992,7.0777526,0
4.8727665,-4.845972,2
17.138891,7.792518,0
0.45360267,-2.1642346,2
18.517624,6.650559,0
6.035256,0.123543255,2
10.096087,7.516846,5
9.283786,7.033818,5
1.1548349,10.292112,1
0.21074413,-0.95227146,2
15.755921,6.060121,0
4.7013316,-3.3575366,2
0.05966256,-0.86823034,2
18.581797,6.729827,0
0.61873865,10.8739,1
15.998491,6.537197,0
0.44536546,6.812562,1
6.1053257,6.996438,5
8.3148365,-6.0211163,2
3.9738944,-3.729199,2
-7.0694876,5.9814706,1
8.022958,-4.6390805,2
0.10209297,-0.92817855,2
16.926554,7.1963506,0
-7.265284,6.0498385,1
-0.9026228,6.3189216,1
18.643099,3.1249788,0
-0.22814088,-1.1980395,2
18.661415,3.0640514,0
4.857462,0.5131386,2
18.618883,2.48924,0
7.800091,-5.0230255,2
0.6856069,9.863715,1
6.291138,8.450066,5
4.461711,-4.4452977,2
16.35313,8.077871,0
19.454996,4.7164087,0
18.760653,3.011505,0
6.0114617,0.19831565,2
9.480449,7.558855,5
13.168476,-1.5226393,4
15.735884,6.0326757,0
14.578367,5.690505,0
14.571757,5.555934,0
1.257092,10.099948,1
4.4999037,-3.905069,2
14.588913,7.095736,0
17.121567,7.749499,0
14.513858,5.6772346,0
-1.1858356,5.8305235,1
6.0265565,8.702374,5
-7.4224625,4.789619,1
3.5975864,-3.4860997,2
17.92543,5.3845754,0
18.673006,2.8607972,0
-0.2211361,-1.1492208,2
18.607615,3.1303442,0
-1.3460432,6.6475697,1
6.7158284,8.531661,5
14.9007635,5.8013687,0
0.51743925,-1.1105717,2
2.8839037,-5.348961,2
3.7906768,-5.6635184,2
1.0466456,9.748844,1
17.067238,7.726767,0
17.946053,2.9451325,0
14.668475,6.997807,0
15.7128,6.093949,0
17.069527,7.5936313,0
18.674217,3.066163,0
-0.12165148,-1.1782051,2
4.905471,0.7482701,2
16.413383,6.5918894,0
17.143093,7.731262,0
0.009781167,-0.8004352,2
16.38733,6.594729,0
0.7493127,9.850024,1
0.052773774,-1.2721528,2
10.60505,1.3205009,4
5.7099485,0.30497,2
15.952964,7.0994177,0
0.5522024,-2.0633757,2
0.51286626,11.09027,1
4.1622953,-3.4675062,2
7.028799,8.276439,5
4.9139314,-3.8034894,2
13.92132,-0.93174666,4
4.1530495,-3.4640665,2
0.5367781,10.11845,1
14.586795,5.7695284,0
4.706524,-4.3473935,2
4.7783914,-4.886499,2
7.168582,8.591819,5
0.442874,-2.1681836,2
-6.954401,4.6879206,1
4.0752716,-4.8874855,2
7.0683813,8.495598,5
18.39412,3.2884626,0
-7.074941,4.892786,1
16.343204,6.6732783,0
0.5140946,6.904323,1
6.05508,0.28691584,2
13.444229,-0.74617845,4
4.3890314,-3.1614652,2
4.714276,-3.4271224,2
7.9322276,-5.950843,2
14.54647,5.5998917,0
3.40459,-5.2868495,2
2.4754503,-3.7640314,2
14.770821,6.676132,0
8.057429,-4.8053436,2
18.54584,2.6248627,0
11.2703085,0.85991144,4
4.2436733,-4.059636,2
4.6962757,-4.2740564,2
13.053018,-0.9351353,4
2.6232195,5.621579,1
14.600641,7.029815,0
15.456501,5.705686,0
-0.12661965,-1.252816,2
17.724972,3.0302706,0
6.8979278,8.31625,5
3.8872788,-4.170364,2
15.745137,6.009027,0
-6.9060445,5.7875504,1
2.3191755,7.1442494,1
8.291048,-5.5876737,2
10.088148,7.502701,5
13.161117,-1.2824254,4
11.150621,0.8676767,4
15.572279,5.7842007,0
18.628199,3.1411946,0
17.985441,3.3409677,0
17.116734,7.775407,0
10.271539,7.508532,5
5.973111,0.18588413,2
-0.9109209,5.6212487,1
0.71214414,10.4648,1
11.332365,0.5863523,4
0.6223567,7.9581137,1
16.01493,7.2448616,0
17.674227,4.1827736,0
15.2278385,6.297306,0
11.339637,0.5982491,4
6.9233885,5.2873125,5
4.610295,-4.302882,2
10.039471,6.3522124,5
17.013636,7.7839746,0
10.942501,1.2386658,4
7.8558817,-5.986314,2
4.825201,-4.7951407,2
1.1237974,-1.2218542,2
7.800244,-5.8721685,2
4.8620706,-4.8452816,2
0.56096745,7.9423137,1
11.302126,0.5894801,4
0.49150348,6.8301053,1
19.40648,4.542547,0
3.8572094,-2.946775,2
4.6649685,-4.424232,2
6.575792,6.34332,5
-1.0593164,6.164624,1
7.477728,-5.0913,2
11.234887,0.9190539,4
16.415213,8.045358,0
11.359204,0.71566683,4
0.2893187,10.227712,1
4.746069,-5.235875,2
4.1815085,-3.6606069,2
8.5105505,-6.056621,2
15.625716,6.6992207,0
10.148366,7.812171,5
12.907867,-0.86646503,4
19.552631,4.6793666,0
2.8022456,5.855965,1
-6.979778,4.719617,1
10.922429,1.2732885,4
4.645677,-3.8761783,2
-7.0177927,5.873824,1
2.7074916,-3.490558,2
11.343016,0.783282,4
4.71216,-3.3606112,2
-7.0717654,5.9643674,1
6.636664,9.083025,5
1.382684,10.714964,1
4.419808,-3.8393338,2
4.4572253,-4.3693514,2
4.58494,-3.8707116,2
0.8728647,7.708372,1
18.714903,2.8430727,0
10.002134,7.779208,5
9.959809,7.263704,5
14.59477,5.6084146,0
1.3768331,10.470235,1
4.7548275,0.5106106,2
18.579296,6.8084545,0
7.516846,5.514291,5
0.50958747,-2.1424692,2
0.20656908,-0.5913924,2
-7.1530643,5.860239,1
10.607513,1.3380775,4
14.491494,5.784063,0
10.83853,1.5383295,4
0.25367218,-1.2644709,2
4.9027123,-4.696339,2
9.248967,6.8902345,5
17.69729,3.082893,0
2.75141,-3.4924726,2
7.175704,4.6460843,5
8.239863,-4.7859683,2
8.2764845,-4.5410023,2
18.92171,2.6263094,0
6.7699337,8.296453,5
0.26843414,-0.44864377,2
-0.9955436,6.328849,1
14.572787,5.686958,0
4.7131214,-3.8360782,2
4.652916,-3.8936327,2
16.358654,6.5637927,0
-0.25711834,5.57401,1
6.947748,8.894083,5
2.7679255,5.862963,1
-7.4650426,4.789857,1
9.42628,7.539071,5
4.7716036,0.5603767,2
4.435989,-3.6650474,2
4.4575934,-3.7183053,2
13.173224,-1.122385,4
0.29037565,-0.5014329,2
8.303235,-4.4476457,2
15.39121,6.50062,0
4.419439,-3.1567943,2
2.896983,-5.002974,2
11.461481,0.5927124,4
0.8297186,7.862259,1
10.070592,6.037516,5
7.918137,-4.5950794,2
0.95229954,10.150649,1
7.930351,-4.6416445,2
19.527637,4.502174,0
8.307923,-6.0806255,2
19.406448,4.76264,0
4.7649136,0.53464794,2
0.5179421,-0.9872314,2
18.886692,2.779049,0
10.737696,-1.6674412,4
4.4747586,-3.0215282,2
1.2457979,10.157435,1
3.5549676,-3.3339322,2
14.583373,6.9198327,0
16.297136,6.6601725,0
18.514027,3.0207138,0
17.105942,7.766623,0
4.5434446,-3.222318,2
19.345383,4.823692,0
13.563463,-1.1103027,4
18.79754,2.6995676,0
15.358727,6.4795065,0
2.405312,-5.011844,2
-7.047017,5.9698124,1
0.495686,6.937647,1
0.5383897,-2.1788049,2
0.4076409,-0.8374082,2
-1.4710312,6.5006785,1
-6.993826,4.731321,1
7.823758,5.6338067,5
-1.1562605,5.6263814,1
4.874577,-4.6004887,2
15.399779,6.4997716,0
5.8681965,0.108551286,2
18.232477,3.7422767,0
3.8589177,-2.9275422,2
15.398165,6.5048475,0
3.7750642,-2.9305985,2
17.932014,4.190734,0
18.758436,2.5620215,0
3.7367394,-3.48115,2
10.612693,1.1944561,4
7.9141483,-4.4500546,2
0.11634942,-0.7541987,2
13.779988,-0.89177245,4
18.850077,2.7091465,0
10.031555,7.729662,5
10.831928,1.477808,4
-1.4349613,6.3349414,1
-7.436164,4.5899625,1
0.77061087,-1.1296669,2
-7.000718,5.935096,1
18.474201,6.6815987,0
16.93363,7.1843553,0
14.711081,5.6249003,0
0.5191788,6.8571715,1
0.20918235,-0.5521522,2
4.7100477,-3.3587134,2
13.515132,-1.3142726,4
18.65476,3.0064428,0
15.424483,6.5072713,0
18.85837,2.8274796,0
-7.172228,5.8595133,1
3.8244987,-3.5567267,2
3.5062282,-4.942913,2
0.023127055,-0.80814695,2
3.7688835,-2.9401205,2
6.6709294,-0.6644641,2
0.49690327,-0.7783318,2
0.72588503,-0.99335545,2
4.8410077,0.627794,2
6.608215,8.764834,5
2.868752,5.8711896,1
4.0828586,-3.6863227,2
17.062963,7.830676,0
10.731439,0.3599746,4
0.28766763,9.84514,1
5.9417553,7.490413,5
2.7321217,-3.4734354,2
18.76895,2.6181736,0
13.615452,-0.979423,4
4.805794,0.5364505,2
18.523705,2.4561288,0
3.8205614,-2.9250073,2
17.964434,5.340419,0
0.44227904,-0.99515754,2
2.778859,5.770175,1
-7.2232533,5.9792767,1
0.8173063,7.778304,1
0.5229154,-0.9043096,2
16.37198,8.033378,0
13.574623,-1.1616977,4
4.47732,-3.0878248,2
12.840622,-1.0481956,4
0.6309504,-0.7960458,2
16.380337,6.5995173,0
6.0185785,0.086243264,2
0.5488596,10.9136505,1
8.103691,-4.745177,2
3.7426682,-3.7608402,2
13.32192,-0.9414779,4
14.532538,5.905882,0
13.735269,-1.489428,4
-0.0043015354,-0.8065506,2
0.64420253,6.947964,1
3.5139413,5.9711204,1
6.116341,0.32772917,2
4.7510414,0.5123984,2
14.4919195,5.8904257,0
8.351559,-6.0924573,2
4.369464,-3.639279,2
6.751885,8.585922,5
6.0746536,0.39644238,2
-7.134678,4.8517747,1
14.660563,6.111704,0
18.690187,3.1316276,0
18.021296,5.3880086,0
0.9028436,7.8101697,1
10.175125,7.53196,5
0.65350485,-1.1704562,2
6.7155366,5.4217143,5
0.47066006,11.106413,1
-0.4872522,6.116996,1
3.464099,-5.5635676,2
3.569187,-3.2100508,2
19.305393,4.847539,0
0.16604297,-0.55752414,2
7.7372904,-4.968906,2
18.539484,2.5459094,0
4.932568,-3.8068762,2
18.478817,2.6788576,0
4.4837365,-3.0808153,2
5.938779,0.08299519,2
17.990553,5.384106,0
4.0623584,-3.603025,2
4.8149886,0.5449069,2
6.8686395,8.271626,5
3.7978346,-2.974148,2
6.87535,8.407933,5
13.960675,-1.1850559,4
8.382157,-4.7686625,2
6.741991,-0.72795254,2
8.155345,-4.841408,2
7.6475387,-4.906269,2
10.014025,7.598717,5
4.8804197,0.4216974,2
18.422318,2.8338492,0
-0.20078415,-1.3706356,2
6.693795,-0.6502189,2
7.6491337,-4.974607,2
3.9954934,-5.3426075,2
0.36565784,-0.32548082,2
2.8830733,6.017434,1
10.743432,0.9964858,4
0.3882277,-0.33146143,2
4.4131937,-3.0561783,2
0.4841553,10.792459,1
4.3807964,-3.6189528,2
4.1996274,-4.446302,2
0.59243655,-1.8432233,2
6.5157185,8.529384,5
10.021278,7.182714,5
13.311851,-1.3164023,4
18.655981,2.8114686,0
4.6812534,-3.8306344,2
4.079647,-3.4797437,2
7.6035743,-4.8284397,2
19.0345,4.8083587,0
14.640865,7.0371504,0
0.20389077,-0.5630713,2
-0.09631813,-1.1219068,2
8.193405,-4.565445,2
11.078361,0.78956085,4
15.73747,6.0618105,0
14.743865,6.984863,0
18.549858,6.8720546,0
14.646875,7.0974784,0
-0.09195428,-1.2982962,2
8.496802,-6.057683,2
3.5686371,-3.2219188,2
6.5667048,0.3242852,2
7.5072474,-5.017551,2
5.880452,0.17697096,2
3.6156225,-3.4964674,2
18.612703,6.825724,0
0.31088716,-0.5083072,2
-0.06561012,-1.2551724,2
3.9358184,-3.7709255,2
-1.5413377,6.3476086,1
13.834703,-1.3460039,4
14.618939,7.0927057,0
10.08482,7.4146366,5
10.099559,7.4399896,5
7.7761364,-4.7397895,2
11.132593,0.8831232,4
12.350156,-2.3923264,4
4.5940843,-4.2499323,2
15.492333,5.7494473,0
-1.8614101,6.0497403,1
16.38821,8.07004,0
16.361504,8.0505085,0
19.423811,4.457582,0
-7.005165,5.8582077,1
0.42568824,6.824141,1
6.1044073,-0.007211392,2
4.1747546,-4.2899027,2
14.660817,6.9214387,0
-1.2234516,5.407817,1
14.631335,5.819343,0
8.32204,-4.340705,2
17.832973,5.2986445,0
4.102632,-3.9505656,2
6.367758,8.595054,5
11.279387,0.61856174,4
0.39868736,-2.1953635,2
-1.9257953,6.5941114,1
13.629041,-1.2181135,4
0.12353404,-2.0460572,2
6.0461955,0.12009345,2
4.823947,-4.7675896,2
11.151706,0.8182704,4
7.7615037,-4.72093,2
2.7247365,-3.5086145,2
4.893821,0.4349987,2
-0.10739541,-1.088282,2
14.639873,5.8782873,0
15.932608,7.128548,0
15.105783,6.742527,0
15.316143,6.5541954,0
0.62422,6.8637104,1
0.46304303,-2.2029455,2
3.575787,-3.4242847,2
-7.057544,4.872483,1
0.6903095,6.8425813,1
10.073734,6.216115,5
0.33477643,-0.43748686,2
17.070124,7.637202,0
3.7934961,-5.827745,2
14.70697,5.8058167,0
15.94247,7.120353,0
15.519088,5.7563663,0
18.559683,3.0786655,0
10.835674,1.0003264,4
14.630197,5.9652753,0
1.3658597,10.557129,1
15.056873,6.785935,0
17.934484,5.3726377,0
7.6803727,-4.880328,2
-7.2063055,5.9485216,1
19.181074,6.159805,0
12.73275,-0.9712592,4
13.171032,-1.1319063,4
14.822573,6.576738,0
1.3831977,10.555742,1
0.07106939,-0.85522896,2
4.837485,-4.8533688,2
10.986922,0.91077495,4
18.567142,6.6984177,0
0.8597232,-1.6990521,2
10.814547,-1.7135302,4
18.912416,2.8512282,0
8.216567,-4.844339,2
13.62417,-1.2304643,4
7.86675,-4.990234,2
17.073456,7.6256466,0
14.742225,6.950057,0
11.139289,1.234006,4
17.062399,7.8005137,0
19.534237,4.4621534,0
18.74003,2.6209202,0
18.570042,6.7890644,0
-7.52446,4.4600453,1
14.006041,-1.1294798,4
5.9991646,0.14903826,2
19.430168,4.743273,0
17.077343,7.712874,0
15.4012985,6.502456,0
18.488834,6.551888,0
14.600512,5.8738556,0
17.100325,7.6099544,0
4.8783813,-4.9780335,2
-7.2142353,5.966287,1
14.138818,-1.4816729,4
4.3075447,-3.268492,2
4.531722,-4.472985,2
1.3466412,10.251371,1
-7.0221157,5.981804,1
-6.8649745,4.625126,1
18.52441,6.630551,0
17.08989,7.821145,0
5.952464,7.4756336,5
7.162335,4.82464,5
10.74659,-1.6586391,4
0.6088661,-0.8138502,2
2.8214853,-3.376845,2
-1.7605845,6.4977393,1
14.062545,-1.4630213,4
3.8230207,-2.882228,2
4.71955,0.5852391,2
18.284441,6.395051,0
-0.4384625,-1.51839,2
16.387993,8.032873,0
-0.25660926,-1.2645946,2
7.1657624,8.7917185,5
14.692265,6.9816017,0
0.85418016,10.607063,1
8.463657,-6.0824976,2
6.041522,0.23540844,2
7.9567533,-4.5080614,2
19.43407,4.518551,0
4.8847656,-3.843019,2
0.31065974,-0.5169888,2
14.712755,5.658354,0
14.496185,5.756033,0
10.919343,1.4227107,4
7.0552855,4.7717605,5
0.63996273,-1.0992562,2
0.085324824,-0.8829185,2
14.922184,6.251936,0
19.285593,6.2155147,0
0.07945677,-0.7689836,2
18.033787,5.359485,0
10.887906,1.2462221,4
2.9115987,-5.038777,2
3.8089626,-2.9546266,2
15.1843,6.651781,0
11.2972765,1.1063614,4
4.205969,-4.6249614,2
-1.4854002,6.4042816,1
0.09159748,-2.0804672,2
3.5554974,-3.2701464,2
6.041428,7.5882397,5
2.9502406,5.944915,1
-1.3394017,6.6742806,1
3.8745766,-2.9417973,2
2.7908418,-3.4616456,2
12.781259,-0.90382665,4
15.439006,6.4375873,0
1.964382,7.521425,1
17.088972,7.7909546,0
4.4743886,-3.5687492,2
-1.2077382,5.390883,1
9.126435,6.979473,5
15.300378,6.5482483,0
15.727771,6.040273,0
15.96826,7.1228557,0
4.473968,-3.730348,2
2.8664522,-5.4306345,2
8.284036,-4.3539443,2
19.401304,4.791768,0
14.70988,5.583585,0
-0.33278993,5.2214537,1
10.144193,7.7696614,5
0.62261355,-1.0221068,2
15.985312,6.637116,0
15.921133,7.1153893,0
4.5077767,-4.927753,2
11.157791,0.89482045,4
0.30990374,-0.44947797,2
16.398024,6.582418,0
4.4953604,-3.4586468,2
4.6500044,-3.8881931,2
3.5481057,-3.2416327,2
8.054039,-5.8707337,2
6.6930394,9.082268,5
0.24886632,-1.043491,2
-1.3657478,6.448672,1
6.368727,8.6196785,5
18.714035,2.6399808,0
10.01044,6.2151446,5
-7.578386,4.423895,1
2.40565,-3.7642603,2
10.059534,7.7528095,5
-1.3936744,6.5112677,1
0.49171558,6.920374,1
17.166796,7.759802,0
4.256595,-3.337808,2
4.862071,-4.9036713,2
4.8556695,0.43296418,2
0.7279614,-1.8064625,2
0.5007157,11.114674,1
17.022911,7.799829,0
13.610375,-1.2571743,4
2.380437,7.2251835,1
18.665665,3.1872642,0
3.5185535,-4.02122,2
0.5928282,9.885935,1
4.73007,0.5832506,2
2.2493548,7.221204,1
18.517323,2.8159935,0
4.8363495,-4.3893943,2
3.9338136,-3.8953362,2
-1.1131699,5.671143,1
2.8872695,-5.747432,2
4.1970534,-3.9912717,2
3.1097157,5.7847123,1
2.9456022,-5.8765574,2
0.4768095,10.492885,1
6.750796,8.5531845,5
-7.466087,4.8336306,1
10.036624,7.7878957,5
6.06378,7.468074,5
18.555702,6.834392,0
-0.20809153,-1.259809,2
19.204002,6.13257,0
-0.31998676,-1.3157718,2
11.240526,0.60707635,4
6.3859706,8.5943,5
-1.1599618,5.4872217,1
8.257299,-4.701233,2
6.9108667,8.957003,5
16.214659,6.3825016,0
16.985033,7.2319045,0
2.8522155,-5.184621,2
17.118332,7.7892127,0
16.808678,7.907836,0
13.088652,-1.0088416,4
13.793842,-0.92416567,4
2.7568629,5.7781806,1
-7.0796957,5.9718566,1
14.613556,5.7396126,0
15.416647,6.5039535,0
14.53076,5.92829,0
15.004755,6.8272038,0
19.448996,4.5944433,0
10.000486,7.6983733,5
14.745312,5.618408,0
4.888691,-4.4086156,2
8.092328,-5.9267683,2
4.0536985,-4.381236,2
4.8588295,0.46832654,2
6.4869103,8.508285,5
4.7918572,0.5245919,2
0.04836852,-0.8183467,2
4.15341,-4.33561,2
14.5132265,5.7582784,0
10.257121,7.472189,5
17.855658,5.3273053,0
19.195864,6.112252,0
-7.0365696,5.7270184,1
-1.1750891,6.712898,1
14.58997,5.6958003,0
-6.9377995,5.8017316,1
4.385116,-3.2411113,2
-0.08850674,-1.1524796,2
0.3865025,-0.7042271,2
18.450333,2.6925623,0
9.967186,7.3997335,5
4.438591,-3.0571153,2
10.657658,1.3108544,4
11.374986,0.36953405,4
13.398927,-1.3264221,4
19.377272,4.520935,0
-1.3440557,5.1743407,1
5.9198437,0.20357983,2
6.2944093,8.666284,5
18.60468,3.0853715,0
8.347275,-4.5263853,2
7.627559,-4.929489,2
13.1683855,-1.1586964,4
17.133663,7.7912927,0
10.741863,-1.6783482,4
6.588363,0.5701944,2
1.0493435,9.827684,1
18.023,4.2707205,0
3.858759,-3.9469485,2
13.8249445,-0.9470523,4
7.7268944,-5.006941,2
8.113572,-4.4432273,2
3.8711972,-3.3486495,2
15.124985,6.2454166,0
4.8337564,-4.91223,2
17.948967,4.2587256,0
19.480309,4.5881677,0
18.705975,2.6640155,0
13.043236,-0.9679574,4
4.4887176,-3.0956814,2
6.08351,0.29158765,2
10.062541,7.2218122,5
18.014256,5.334027,0
15.744815,6.0015483,0
16.373003,7.328207,0
16.125477,6.763734,0
15.742591,6.0461106,0
-1.5725646,6.391381,1
4.666242,-4.599159,2
4.604654,-4.433221,2
8.299246,-4.535541,2
0.14734752,-1.9742473,2
6.3014307,8.569604,5
0.20750214,10.456238,1
18.629814,2.822523,0
6.3317723,8.577657,5
17.162216,7.627537,0
17.998644,4.3104057,0
18.648102,2.9463701,0
5.9945946,6.6484995,5
-7.0879464,6.0008163,1
18.574518,3.11489,0
7.9195704,-4.5577083,2
4.8929195,-4.428347,2
0.48464563,-0.9918522,2
17.679708,4.1446233,0
-0.008585804,9.768396,1
-6.908826,5.7957487,1
-1.3502647,6.41073,1
4.9207397,0.45617148,2
13.233622,-1.2048767,4
4.217639,-4.124725,2
0.44627887,10.318465,1
7.9627733,-4.982871,2
4.1817613,-4.5828114,2
12.848576,-0.88872683,4
19.27549,4.414755,0
15.319832,6.5542555,0
4.0517197,-4.517801,2
17.94981,3.299781,0
0.3808228,10.929523,1
-7.1771603,5.9348817,1
6.2237844,0.10247229,2
9.639402,6.3853893,5
0.62950814,-1.2308995,2
4.3881545,-4.715106,2
16.95192,7.7180357,0
18.549986,3.16036,0
6.3589916,8.4774275,5
0.30500805,-1.3400662,2
5.0155587,0.4140512,2
16.358448,6.595659,0
6.910557,-0.43742603,2
7.723167,-4.980843,2
11.344977,0.54635155,4
11.339925,0.54740405,4
11.360743,0.37951303,4
11.395669,0.52843845,4
15.390046,6.5345464,0
-0.4456523,-1.6111253,2
-7.0344887,5.9874854,1
7.411376,5.4890876,5
16.428259,7.999584,0
15.547352,5.78827,0
-0.3177807,-1.3343223,2
11.436442,0.39029717,4
14.603994,7.072593,0
2.7884119,5.7022777,1
16.926374,7.6358423,0
0.14826885,-2.1413743,2
-7.338127,4.6132236,1
17.955067,5.4061103,0
12.360503,-1.6571122,4
4.407699,-4.783397,2
6.468632,8.555058,5
4.9008794,-4.6253858,2
14.698801,5.7235804,0
4.8558216,-4.669452,2
7.8472447,5.60262,5
15.3353405,6.486078,0
19.38961,4.512906,0
7.993082,-5.107857,2
6.1554627,8.68525,5
4.326838,-4.608633,2
17.00517,7.749783,0
4.6850805,-4.889433,2
14.626998,5.7912188,0
-7.0972276,5.9601107,1
10.061165,6.4379926,5
7.529557,-4.9676867,2
14.68903,5.738428,0
4.939548,-4.5292354,2
10.863129,0.26469246,4
-0.31560043,-1.2256624,2
19.368423,4.741336,0
4.590165,-4.407323,2
7.3986497,5.38489,5
7.7285357,-4.9624677,2
4.8816266,-4.4181514,2
14.580275,7.028647,0
6.4495444,8.614707,5
15.389361,6.4217362,0
11.355626,0.6373157,4
4.0609307,-4.34047,2
11.388849,0.53472066,4
6.0788684,0.27566683,2
8.028418,-4.7684054,2
17.848392,3.0745492,0
17.668789,3.0233762,0
15.945781,7.1031904,0
16.602886,7.8903027,0
13.104337,-0.93090826,4
-1.0747156,6.10379,1
16.397486,7.9770303,0
11.291232,1.0581044,4
0.14547917,-1.3189143,2
6.1588674,0.2963967,2
6.89582,7.298938,5
2.5889397,5.6045303,1
2.8950305,-6.0866437,2
14.650639,5.842517,0
14.530453,7.0958304,0
-7.0325475,5.973312,1
18.383175,2.974643,0
-0.30475906,-1.2275214,2
18.776579,2.910678,0
18.576414,3.1231735,0
18.718407,2.595798,0
0.41462296,6.9497023,1
4.5589833,-4.5075383,2
10.84901,1.462841,4
3.8940442,-3.637423,2
13.886398,-0.88045156,4
10.052727,7.7306595,5
14.588466,5.719117,0
0.58313954,6.797102,1
15.313852,6.4605103,0
16.979818,7.7460504,0
17.803335,5.323215,0
13.050279,-0.9735935,4
4.5082703,-4.4974747,2
16.38491,6.614609,0
4.428839,-4.8616314,2
17.7783,2.7040129,0
-1.2328261,5.617115,1
2.9573867,-5.9408174,2
16.525236,7.5021996,0
15.725285,6.112714,0
19.195827,6.1576915,0
6.0457315,0.19151032,2
4.255784,-3.4907737,2
4.364792,-4.659655,2
15.499028,6.044748,0
4.4716244,-3.2004263,2
14.6222925,7.061614,0
-0.97258973,5.4409328,1
17.02141,7.6012797,0
5.978889,0.24442604,2
14.375763,5.793227,0
15.531273,5.7566805,0
16.672518,7.506539,0
10.044338,7.4858007,5
-1.6348492,5.58657,1
18.638468,6.852045,0
12.898361,-1.2553715,4
18.873768,2.6838176,0
14.651898,5.6662517,0
15.23192,6.35933,0
-0.17890535,-1.0888859,2
13.607361,-1.085377,4
19.561714,4.63074,0
14.533256,6.9857073,0
0.74951667,6.7084217,1
10.20032,7.56698,5
2.8223057,-4.849545,2
18.56834,6.83519,0
14.542878,6.9229975,0
-0.042468883,-0.95399064,2
4.276376,-4.6735954,2
7.843983,-5.933559,2
3.1577814,6.1966643,1
14.475155,5.697313,0
-1.5508996,6.4494085,1
10.050102,7.4078445,5
4.5807123,-3.4344594,2
4.8553553,-3.4280014,2
4.827058,-4.884643,2
6.527878,8.485554,5
-1.2900141,5.4808407,1
13.93902,-0.89714485,4
5.9920993,7.4126525,5
7.8661737,-6.022645,2
8.389858,-4.295183,2
3.2415097,-4.882371,2
10.158253,6.289981,5
7.522677,-5.018073,2
19.507406,4.6633186,0
12.778565,-0.8945849,4
6.0285063,0.32643566,2
4.847397,-3.4075446,2
0.7456385,-2.1614194,2
14.7196665,5.695228,0
6.2121534,0.02077795,2
8.92341,-5.6960735,2
15.312665,6.484725,0
4.768324,-3.547895,2
7.813569,-4.9076967,2
17.66756,3.007113,0
18.625233,6.7786093,0
15.937337,7.139408,0
12.88659,-1.1130345,4
4.9111457,-4.3939185,2
4.182656,-4.530806,2
16.978539,7.636975,0
0.5560375,6.9225855,1
18.505754,3.058099,0
17.644384,4.1541824,0
14.540092,7.017175,0
11.406531,0.52845055,4
4.8558726,-3.4848437,2
15.366755,6.43273,0
-0.2722194,-1.2992141,2
3.927572,-5.688225,2
18.534235,3.2938135,0
11.2655115,0.6182152,4
6.0725493,0.45071793,2
-0.068240315,9.741182,1
14.632338,5.6924243,0
0.53647715,-2.1975026,2
6.0736027,8.751962,5
0.26303047,-0.5064084,2
4.747279,-5.094842,2
10.841745,1.5015486,4
4.362812,-4.5882874,2
16.905313,7.6727896,0
7.370175,5.029602,5
16.972734,7.741619,0
-0.3357814,-1.3281633,2
2.8084733,-5.590716,2
15.932034,7.1244435,0
19.422651,4.678429,0
18.48537,2.9021618,0
0.3790896,10.433675,1
7.7914085,-5.7989182,2
-0.078624964,10.073859,1
4.5953417,-4.4448466,2
-0.12002833,-1.136362,2
13.007037,-1.1352192,4
-0.30555692,-1.3048031,2
15.915611,6.6448817,0
4.927205,-4.57227,2
-1.2541798,5.4198856,1
19.39094,4.5453095,0
4.818181,-5.0657434,2
8.354144,-6.1051884,2
4.7526383,-5.269073,2
15.311942,6.4290805,0
-0.09662612,-1.2846622,2
-0.16515426,-1.3015105,2
6.9695415,4.9484,5
12.920818,-1.1637207,4
11.122883,0.86209863,4
14.744,5.716173,0
6.6493516,6.0876856,5
4.4424205,-4.2998714,2
8.08161,-6.0224657,2
-0.25531405,-1.2955852,2
-7.470178,4.806375,1
-1.1453872,6.3132286,1
6.1242137,-0.019811641,2
4.453709,-4.3223886,2
4.792748,0.48976967,2
16.967655,7.848645,0
16.370565,6.586247,0
4.4689555,-4.589234,2
7.989425,-4.6967254,2
6.0159907,8.642662,5
6.4157734,0.6414639,2
4.575054,-3.4126093,2
2.7032745,5.676,1
7.6953154,-4.9181786,2
17.045712,7.535876,0
2.8277748,-5.7551656,2
14.625342,7.01831,0
0.50252557,10.231479,1
10.850743,0.32957166,4
18.49529,3.1641521,0
11.267809,0.7002978,4
0.04455553,-1.1954604,2
11.206213,0.8109264,4
4.5435166,-4.458362,2
-1.5768391,6.511261,1
15.577659,5.824335,0
18.025997,5.360489,0
14.610208,5.681124,0
4.872224,0.512207,2
-1.9710743,6.1190357,1
18.245392,6.1588964,0
4.433615,-4.01137,2
17.002771,7.787549,0
14.634921,5.6754475,0
13.274301,-1.206262,4
12.844236,-1.0320051,4
-0.18950833,-1.2704457,2
10.846501,-1.6119717,4
18.486973,6.520284,0
6.4483213,7.06415,5
10.597271,1.284382,4
18.493662,3.0029624,0
16.925795,7.6593766,0
-7.5490885,4.448948,1
14.563977,7.0205097,0
18.100035,4.130126,0
11.940983,-1.3111595,4
4.3071923,-4.870207,2
4.395064,-4.7078667,2
11.050825,1.1694663,4
4.7976007,-4.648523,2
4.8273706,-5.0222664,2
11.403319,0.60988706,4
15.392664,6.490726,0
10.272572,7.568364,5
11.263453,0.7268236,4
6.578565,8.859389,5
4.6903934,-4.814297,2
4.197203,-3.5147812,2
11.275966,0.75318784,4
4.862104,-4.920008,2
14.664637,5.7688923,0
8.848683,7.2993565,5
19.43447,4.54134,0
4.8801494,-4.56922,2
17.961092,5.31968,0
10.200296,7.584191,5
-6.966828,5.827743,1
0.23694405,-1.2068908,2
15.591561,5.824656,0
3.4544168,-5.006736,2
4.9243207,-4.2715263,2
6.316144,8.631939,5
18.659012,2.5702274,0
-6.9716015,4.740039,1
-7.207572,5.8421183,1
0.25417998,10.42053,1
18.506166,3.1373923,0
-0.21443765,-1.2205857,2
4.3391466,-4.650003,2
18.591267,3.122182,0
13.245697,-1.3933716,4
-0.19136904,-1.2672029,2
7.0625415,5.2388434,5
4.796315,-5.0388327,2
4.7787843,-4.6206336,2
17.078812,7.692733,0
-1.7267708,5.5983524,1
-0.3277538,-1.3379965,2
6.7348847,8.435706,5
6.2742524,7.2693915,5
6.911736,5.6004133,5
4.145783,-5.3772616,2
14.607981,5.7866,0
0.23323177,9.733271,1
4.7871776,-3.4750159,2
0.5681867,6.7635546,1
12.71354,-0.9867385,4
0.6108082,6.9066505,1
8.011434,-6.0020857,2
16.412928,8.048983,0
18.421917,2.7152636,0
16.961428,7.674849,0
19.224474,6.150992,0
16.405039,8.106813,0
7.550771,-4.982239,2
7.617167,5.552176,5
5.9763994,7.635881,5
18.546694,6.875374,0
17.660236,4.1887617,0
16.922562,7.723477,0
4.7577367,-4.2769017,2
14.640814,5.6495123,0
-0.81217945,5.8596153,1
2.2596178,7.135095,1
10.759389,-1.6253208,4
19.411865,4.5711737,0
18.58504,6.7592616,0
6.851321,8.88425,5
10.89721,-1.6306242,4
15.924702,7.140873,0
15.540148,5.7400947,0
13.071775,-1.2706442,4
15.617607,5.8234205,0
16.365335,6.588852,0
7.7085905,-5.8774943,2
4.050687,-5.3232036,2
-1.974222,5.870124,1
16.024925,6.623079,0
0.61385554,6.937888,1
15.764272,6.1043324,0
12.375299,-1.7699934,4
4.767529,-4.819963,2
3.4373486,-5.5149355,2
18.615774,6.7945223,0
11.3267765,0.47690812,4
4.7778134,-5.1593018,2
11.327639,0.5452055,4
-0.16323625,-1.1862016,2
4.280511,-4.5586567,2
12.449592,-1.534819,4
18.522573,3.1774192,0
3.5422583,-4.8832755,2
4.8635945,-4.6938434,2
16.662281,7.5611215,0
19.179314,6.206,0
7.0959916,5.526019,5
7.734446,-4.9094663,2
4.4891596,-4.9184575,2
5.0334473,0.5971048,2
0.061917033,10.18659,1
-1.5535631,6.1230297,1
-7.184565,6.005812,1
18.007963,4.1604223,0
4.837008,-4.964454,2
15.521573,5.7687,0
18.081894,5.2576623,0
-6.96538,5.8116384,1
0.7412212,6.698094,1
3.1525574,5.872682,1
3.329394,5.8592186,1
-6.8288803,4.6059103,1
18.549877,3.0906007,0
4.9195547,-4.9320884,2
0.8255216,10.421415,1
2.5078526,-3.8225734,2
19.385706,4.478387,0
-1.1075286,5.2158327,1
0.5069486,6.8947363,1
-0.16124181,-1.1010481,2
4.835899,0.5304779,2
16.896141,7.760561,0
4.360267,-3.778075,2
0.90465033,8.073305,1
6.6766047,-0.6193049,2
14.636922,7.0513706,0
-1.332908,5.5631332,1
18.718723,3.047303,0
6.55174,6.583155,5
0.8582557,7.8500824,1
9.965195,6.3511686,5
0.5962146,6.8770294,1
2.2942066,7.2108493,1
6.428707,8.68874,5
-1.0841024,6.5276914,1
14.584871,5.732819,0
1.1767508,10.370956,1
-1.6948333,5.5229697,1
6.8562083,8.350883,5
11.4238825,0.5815768,4
-1.7686975,5.607115,1
6.8271136,8.252652,5
4.6943846,0.5820477,2
0.44308692,-1.9440099,2
9.250493,6.9533215,5
4.2303276,-3.815023,2
4.258012,-4.5443597,2
0.84510535,7.8682985,1
14.840358,6.100985,0
-1.4780409,5.4783454,1
0.58990896,6.918611,1
4.5403605,-4.4792986,2
0.7945091,7.8416195,1
-0.19194335,-1.1567278,2
16.411224,6.5419974,0
-0.59495157,5.921203,1
-6.850837,4.6265497,1
17.839,2.8610883,0
4.6898894,-5.2097955,2
0.8786488,7.878362,1
15.3392315,6.4779468,0
15.931284,7.1543984,0
6.242943,8.697541,5
0.70153326,7.9188757,1
-0.7928755,6.020662,1
18.004026,4.1845665,0
6.590199,6.229952,5
1.3636628,10.518606,1
18.58625,3.1572945,0
18.57417,3.1372774,0
19.241207,6.1830626,0
-1.230119,5.5081544,1
9.160628,6.9333835,5
7.8921976,-4.6061864,2
10.050773,6.3970256,5
1.2136635,8.844777,1
18.637938,3.2005994,0
1.1521536,10.365518,1
13.092934,-0.98098224,4
4.8778667,-4.5966916,2
11.310992,0.5498308,4
6.8862505,8.787359,5
16.40695,6.5710835,0
0.51392794,6.9772987,1
4.8179307,0.5224438,2
17.062502,7.702775,0
7.2449284,4.934052,5
6.6263046,6.2807603,5
0.866641,10.331935,1
18.595991,3.096865,0
6.0395536,0.15493761,2
-1.8738838,5.8736515,1
0.3864034,-1.2449793,2
11.375911,0.7655903,4
6.22385,0.27495372,2
-1.1982139,5.9681625,1
3.173769,5.852191,1
15.367121,6.4915566,0
0.88383645,10.274976,1
1.1772743,9.758147,1
18.539501,3.1125379,0
19.182833,6.1822486,0
4.143404,-3.880651,2
15.724089,5.933193,0
2.316762,7.262671,1
6.987388,8.636187,5
2.9060528,5.9429293,1
-1.3464758,5.7781425,1
9.243531,7.5294776,5
-0.17679551,-1.1429332,2
18.494076,2.830415,0
7.747366,-5.0261297,2
-1.1356597,5.611442,1
4.0029597,-3.9532888,2
6.7141733,8.774441,5
6.951789,7.3644967,5
14.593508,7.046788,0
-0.8393559,6.0791864,1
3.0252638,5.8359456,1
4.700384,0.6293227,2
13.398123,-1.2330269,4
10.002436,6.347244,5
18.541273,6.6856375,0
-1.4408468,6.2538424,1
13.067189,-0.89548635,4
7.62284,-4.8811774,2
6.844948,5.3844986,5
16.976267,7.664756,0
4.648098,-4.6629148,2
4.199246,-4.5762973,2
4.8809285,-4.390026,2
4.204595,-4.5794578,2
9.98084,7.450344,5
10.001455,7.3604584,5
-1.140027,6.3351607,1
6.5092235,8.541219,5
7.9067616,-4.6816,2
4.402909,-3.858823,2
1.2363898,8.7975645,1
16.379116,8.065837,0
-1.5716825,6.2249937,1
19.44371,4.5333905,0
18.620695,3.1780558,0
10.140651,7.395285,5
10.250248,7.639193,5
14.565969,5.6516747,0
0.5961553,6.8605857,1
4.746088,-4.5985937,2
-1.398038,6.2780175,1
10.763256,-1.6588956,4
6.1531596,0.31603777,2
-7.0801263,5.963445,1
6.5114226,9.030037,5
17.930937,5.347399,0
18.012081,4.1680274,0
-7.0898438,5.96984,1
2.1813715,7.3532734,1
-1.3125713,5.4551296,1
2.260954,7.400214,1
2.288484,7.1450343,1
3.2034712,5.68781,1
18.53833,3.0990293,0
-1.0239139,6.354575,1
13.03762,-1.158403,4
9.993334,7.2182784,5
13.978377,-1.1037738,4
6.1634436,0.27391034,2
11.268172,0.8757911,4
4.8890414,-4.851847,2
3.135862,5.96762,1
0.6177041,10.798691,1
-1.4769993,5.385295,1
9.157675,6.9607377,5
0.54053885,7.005313,1
14.605213,7.044465,0
18.691795,3.1341488,0
11.388044,0.52819073,4
7.0614696,7.3332806,5
4.7201962,-4.6423984,2
4.671306,-4.7256527,2
3.097786,6.1393127,1
-1.2952863,6.3866005,1
0.8148545,9.893401,1
7.9991884,-4.685012,2
1.5310031,7.6750894,1
2.5610397,-3.3367624,2
16.789225,7.6823506,0
4.3297625,-3.8987114,2
0.9622014,7.757124,1
14.548479,5.8185554,0
7.510527,5.571654,5
-1.258884,5.3962526,1
16.928553,7.628279,0
6.137797,0.22160585,2
12.719599,-0.94406015,4
-0.068018705,-1.0909939,2
1.3941233,8.592361,1
3.0404108,5.8143888,1
1.0298393,-1.2125131,2
0.59071594,6.8445096,1
4.067957,-3.9330468,2
14.789982,5.5155196,0
1.4144664,10.437802,1
4.456944,-4.8818536,2
-0.01601055,9.911013,1
1.2580675,8.877881,1
6.89289,8.495988,5
16.004368,6.6472697,0
6.874827,8.631768,5
17.912048,4.371884,0
2.9520218,-5.9219074,2
18.024147,5.250122,0
0.047062706,10.036113,1
-0.7934061,6.2062864,1
2.279972,7.2311277,1
3.0213497,6.0322566,1
-7.0313196,5.8894334,1
4.5111384,-5.009646,2
17.649897,4.176773,0
0.5109265,6.714661,1
1.0002595,7.9127693,1
2.7311225,-3.570957,2
-0.062852725,-1.431238,2
1.5287591,7.5668306,1
2.5374665,-3.3986893,2
14.658256,7.068714,0
0.82975143,9.874733,1
-1.7898426,5.533947,1
7.3818307,-5.164382,2
10.073367,6.329227,5
-0.07468147,-1.1020141,2
7.6637964,-5.0006156,2
4.8262153,0.54346454,2
7.1027613,8.727652,5
8.169895,-4.4267926,2
18.526516,6.7722907,0
7.0517936,8.58755,5
19.463526,4.588173,0
4.605631,-4.162284,2
7.545039,-4.933704,2
2.2068243,7.315602,1
10.141993,6.114892,5
14.632363,7.023692,0
9.42415,7.4732714,5
4.4544106,-4.8532877,2
14.396217,5.8971605,0
3.6742616,-5.350477,2
0.5303489,6.8840914,1
15.359514,6.430188,0
16.63369,7.621223,0
3.0911849,5.6654696,1
19.153791,6.1739244,0
13.413483,-0.7211333,4
0.50517386,6.7615786,1
-1.1227903,5.561795,1
7.8229437,-4.969996,2
10.755295,-1.6423464,4
-0.23244381,-1.3475429,2
0.75659734,9.919568,1
6.0419774,0.2424378,2
-1.2824686,5.42621,1
4.8735867,-4.8765006,2
15.930862,7.1290336,0
14.672552,5.690092,0
14.659258,5.906085,0
-1.217002,5.953516,1
16.404205,8.059583,0
1.1717813,8.854118,1
14.579149,7.0091157,0
19.420328,4.534176,0
8.97441,7.21243,5
15.405415,6.4537344,0
-0.42473736,5.4455733,1
4.258439,-4.673274,2
14.6107235,5.626836,0
4.8914747,-4.65133,2
9.699364,6.3502545,5
8.011446,-4.7019167,2
3.7145247,-5.3830447,2
0.6761526,6.7982383,1
-1.1919173,6.3444257,1
4.5512195,-4.818983,2
7.7277136,-4.7601457,2
-0.19489872,-1.1861694,2
-0.09940824,-1.1459337,2
15.345491,6.4847345,0
18.581469,3.1598995,0
6.764325,-0.6914966,2
-0.1633549,-1.2852442,2
8.050398,-4.686163,2
-0.30533928,-1.314234,2
0.1449221,-2.0604062,2
7.0485973,5.4074574,5
4.853463,-4.3771396,2
1.1729969,8.798862,1
17.9965,5.344747,0
18.00699,4.2202334,0
10.085169,7.364332,5
14.435288,5.7633333,0
16.37989,6.5894885,0
5.884946,8.625999,5
1.5182998,7.6299353,1
4.8397613,-4.799595,2
4.612743,-4.831215,2
18.540369,3.1515088,0
-1.5659674,6.2341766,1
16.380348,7.979038,0
4.3789525,-4.421234,2
0.45233658,6.738756,1
0.9247168,8.897014,1
8.949825,7.21673,5
0.80890447,10.375334,1
18.489685,2.8863428,0
8.173625,-5.7659483,2
11.034857,0.2974386,4
6.920715,8.70713,5
0.550447,-1.2898291,2
18.496422,2.8977227,0
11.116411,0.8052583,4
4.360602,-4.2371774,2
16.385517,7.993874,0
-7.0158625,5.8770747,1
8.904761,7.2237997,5
14.7488575,5.7434072,0
4.4652286,-4.733238,2
19.025866,4.7349224,0
-0.27466658,-1.4949567,2
16.452005,6.551405,0
-1.1961628,5.615709,1
1.5384226,7.6250334,1
15.42079,5.729028,0
14.460614,5.914545,0
10.149448,7.5344753,5
2.711026,-5.118611,2
1.1195513,8.792964,1
18.575745,3.185538,0
-1.11982,5.205727,1
18.392603,3.0908322,0
0.27662605,-1.3764977,2
7.4681716,-5.02676,2
12.614632,-0.8551671,4
12.013604,-1.2479534,4
4.9465714,-4.603488,2
-1.2465115,5.459602,1
6.461309,6.993625,5
13.080583,-0.9160815,4
17.00746,7.750319,0
4.8523355,-4.5796695,2
15.646078,6.0237446,0
17.976406,4.215099,0
-0.48252454,5.4379344,1
3.484037,6.2003284,1
-1.48566,6.044189,1
16.78056,7.694448,0
0.53849745,6.74639,1
6.113807,0.07086623,2
11.260911,0.84018433,4
4.7139997,-5.244194,2
15.928395,7.133785,0
6.2527847,8.810008,5
14.560733,5.88254,0
-1.3259128,5.8970337,1
16.358566,8.017802,0
16.6794,7.5479927,0
10.829318,-1.6483415,4
5.865675,0.37973952,2
-1.1669002,5.855371,1
0.118079364,-0.61646223,2
2.47501,-3.7679029,2
1.2465953,9.9725275,1
-6.9443445,5.8134737,1
4.2763586,-4.7660184,2
16.90701,7.140712,0
-0.29634953,-1.218401,2
9.96944,7.2484393,5
9.244454,6.882602,5
0.87927926,7.7386503,1
6.000088,0.35866955,2
1.40451,10.480427,1
18.532825,3.2870576,0
1.1007102,10.586203,1
-0.8943973,6.204773,1
4.069488,-4.5088234,2
9.941513,6.3406773,5
1.5190499,7.6709585,1
2.7687535,5.786004,1
19.418629,4.5291405,0
-1.050201,6.578296,1
13.542742,-1.2035271,4
6.440972,9.085698,5
-0.9729129,5.97502,1
-0.607678,6.0827,1
10.024438,7.4147,5
-0.08284564,-1.0749207,2
-1.6016102,6.4227595,1
6.31743,6.9517517,5
2.9130023,-3.4769394,2
9.307034,7.5345798,5
0.5358362,6.9145603,1
10.112378,7.310035,5
-1.7737225,5.610161,1
2.558111,5.5924354,1
18.768763,2.9441364,0
0.5749249,6.842022,1
6.1305933,7.21057,5
2.3288467,7.1082106,1
0.9724518,7.8350987,1
-0.8211382,6.063942,1
6.9097033,7.1588798,5
0.39526564,9.864128,1
9.103205,7.489341,5
1.1571507,8.811647,1
10.106237,6.3209004,5
0.5260741,6.8648853,1
4.5338297,-4.225246,2
13.516695,-0.92569,4
1.213133,10.387642,1
3.9621696,-5.5212126,2
1.5772823,9.796417,1
-1.0382395,5.62083,1
4.8023553,0.49642214,2
1.549019,7.5869546,1
9.329275,7.5844073,5
12.766272,-1.8816675,4
9.16701,6.965578,5
6.4509273,6.964094,5
2.2824588,7.378356,1
2.4889972,-3.7652688,2
6.0881977,7.004596,5
14.722154,7.046934,0
16.810844,7.6204276,0
6.8633766,7.4434943,5
3.1396065,5.9047875,1
7.2446737,4.997617,5
0.5378026,-2.2282906,2
-0.8562583,6.2260423,1
3.5171134,-5.332823,2
18.052546,3.4263575,0
-0.33240545,-1.47349,2
4.8694324,-4.881822,2
-1.2765622,6.233171,1
6.0372896,0.3942194,2
3.615861,-3.5526237,2
0.08827796,-0.74108315,2
10.058539,7.403203,5
6.898333,8.115791,5
18.07126,5.237667,0
15.257211,6.398476,0
0.57264537,6.8772564,1
8.040703,-4.801576,2
4.3584213,-3.753241,2
6.6290865,-0.55313784,2
6.6595893,8.61286,5
14.668303,5.848287,0
-7.396424,4.6302614,1
-1.8885691,5.419414,1
6.4815,8.734743,5
10.2029295,7.6404204,5
0.5879026,6.8499207,1
6.8445683,7.199275,5
8.984805,7.1275697,5
0.35542142,10.180524,1
2.7031522,5.730002,1
6.6173,8.9300995,5
15.518184,5.7497325,0
7.956512,-4.526676,2
-1.7683468,5.6215234,1
-1.4674315,6.5742564,1
17.972584,5.399876,0
-7.0413637,6.0034747,1
-0.2876653,-1.3368523,2
7.149494,4.845707,5
3.1789334,6.143092,1
4.1727185,-3.9256516,2
6.573625,9.0227,5
-1.4557585,6.6109195,1
-1.3550856,6.4737306,1
-0.3575089,5.197593,1
-0.2995829,-1.11397,2
4.1538577,-4.406664,2
3.212029,5.8262715,1
4.8382835,-4.5842676,2
15.546605,5.787905,0
1.3836412,10.524837,1
3.688527,-4.1652613,2
-6.966595,5.784989,1
6.037356,0.115466945,2
4.479522,-4.3213396,2
4.392278,-4.7391415,2
-7.344902,4.69036,1
17.91968,5.325898,0
4.704644,0.6423973,2
3.8352396,-4.0132866,2
6.8709517,-0.10822106,2
6.465058,6.955582,5
9.263608,6.9467936,5
10.244392,7.5409017,5
-1.4327645,6.439889,1
4.7270136,0.48998946,2
0.94470584,10.028925,1
-1.232279,5.0850925,1
4.9067764,-4.4303493,2
7.9674873,-4.8792415,2
-7.075092,5.9738727,1
2.3504949,7.3552775,1
10.023122,6.334997,5
14.634595,5.548336,0
18.548521,2.747186,0
4.5120306,-4.2120023,2
2.2374713,7.349965,1
10.005136,7.2594495,5
19.450962,4.535413,0
2.2719018,7.3795877,1
14.489642,5.8437557,0
13.848281,-1.5602893,4
0.57547694,6.8642263,1
4.1782618,-4.4523926,2
2.7528777,-3.6851587,2
16.35882,6.6032276,0
10.8581,-1.6208237,4
3.0916362,5.7583976,1
7.6477404,-4.910208,2
8.127133,-4.7491226,2
-0.45992872,-1.594024,2
7.423186,6.080996,5
18.013666,5.33479,0
-7.016459,5.9730325,1
-6.83615,4.622989,1
-1.2554702,5.5929303,1
0.67061085,6.6940227,1
8.917773,7.325539,5
0.52634823,10.23648,1
13.164126,-1.0447209,4
10.13009,7.712991,5
9.175133,6.950621,5
4.025327,-3.9013286,2
0.59263086,6.879597,1
-7.0645237,5.942438,1
13.348431,-1.3275807,4
0.62689036,10.457788,1
13.19169,-0.9919524,4
2.7493086,-4.9956694,2
-2.0800583,6.0182595,1
6.6017213,7.124241,5
11.237216,1.0139239,4
4.8553476,-3.8788617,2
16.022118,6.616687,0
15.927326,7.1373425,0
8.300689,-4.4938316,2
6.2711167,8.566704,5
6.5106444,8.614906,5
18.486519,3.0886283,0
1.2087935,8.784661,1
18.030052,4.1635494,0
4.747399,-5.244535,2
9.336058,6.9824977,5
15.363157,6.418051,0
19.26433,4.4688187,0
2.2463717,7.3683205,1
2.217504,6.930824,1
-7.03543,5.9859886,1
0.7518012,9.986803,1
15.377089,6.4856105,0
0.8316929,7.734686,1
15.423168,5.75559,0
-1.0474622,6.079651,1
-1.4557747,5.4445643,1
6.396341,8.550567,5
12.946605,-0.8309228,4
7.600579,-5.01848,2
-1.0273839,5.834239,1
4.068773,-5.637829,2
19.164965,4.6322594,0
12.847835,-0.92067,4
4.3540797,-3.951469,2
19.465591,4.7832966,0
16.802269,7.7443,0
18.020487,5.359592,0
12.023049,-1.2439048,4
4.5028715,-3.6961195,2
18.534351,3.2539015,0
10.023761,7.579892,5
9.5646,6.3383126,5
12.952339,-1.1243638,4
4.8510175,-5.022585,2
4.742444,-5.310531,2
4.8634953,-4.9193716,2
6.3205066,8.64431,5
-0.17180365,-1.1052836,2
18.57942,6.761174,0
-1.2659633,5.8735766,1
17.992956,4.190178,0
6.438355,8.550365,5
4.683725,-4.5002775,2
1.2013153,8.788305,1
4.866369,-4.8950095,2
5.882661,8.593466,5
-1.4094542,5.7839584,1
1.0119879,7.7831364,1
4.288418,-4.5844307,2
-0.13804805,-1.146993,2
6.618218,8.487791,5
-0.2883981,-1.1891823,2
14.685372,5.6088386,0
19.432924,4.567797,0
4.8664074,0.45240885,2
10.159793,6.2802496,5
10.355801,7.559982,5
10.119203,7.466225,5
15.678314,6.044486,0
0.051380854,-1.2729008,2
16.964952,7.71534,0
10.15586,7.6110144,5
6.9074464,5.298878,5
4.3896914,-4.1063404,2
18.642456,5.3065295,0
17.936441,3.168368,0
4.057249,-4.341406,2
6.066186,0.22396423,2
0.24172111,-2.1049054,2
14.719284,5.518586,0
5.989813,7.5631194,5
10.180474,7.595945,5
3.4332078,5.909395,1
6.7809114,5.183912,5
15.905647,7.164191,0
10.091005,7.4891434,5
16.38585,6.596234,0
15.398325,6.48091,0
6.5004487,8.734175,5
-7.0984516,5.9708967,1
18.049086,4.1383166,0
8.076338,-6.083832,2
4.9267097,-4.601681,2
7.4768643,5.404995,5
7.209507,5.3912983,5
4.8674316,-4.56935,2
18.518528,6.6969533,0
7.84115,-6.002092,2
19.332008,4.5414686,0
-0.6989428,5.520734,1
3.8455825,-3.938928,2
14.798454,6.0708604,0
-1.2288623,5.4175954,1
7.343537,5.388472,5
9.999071,7.213966,5
10.339899,7.594655,5
10.03929,7.3438416,5
14.653038,5.746433,0
2.7745988,-3.4986084,2
0.87643886,10.136437,1
4.8699207,-5.0204625,2
6.1429844,0.33470616,2
0.51842177,6.93683,1
3.8937142,-4.253531,2
11.152033,0.7734774,4
-1.1382889,5.748968,1
2.2467883,7.1181965,1
0.48664665,10.080762,1
15.556159,6.046926,0
4.4599648,-4.9109654,2
-1.6097193,6.082915,1
7.4501867,5.500256,5
-1.4832963,6.4324117,1
1.1380577,8.835646,1
-0.21736011,-1.3307353,2
12.761749,-0.86938995,4
18.51028,2.8017693,0
14.7281475,5.722654,0
-7.2235007,5.946612,1
14.531237,7.160622,0
-1.6607078,5.4547076,1
4.8129997,0.50600255,2
13.254538,-1.1936061,4
8.15402,-4.367061,2
14.5842495,5.9091945,0
10.15667,7.53555,5
-6.944237,5.8142,1
-0.20008732,-1.2650037,2
8.257591,-5.252824,2
16.770638,7.749488,0
6.1761117,0.15994039,2
9.259741,6.9179373,5
7.0292296,7.318656,5
-1.2571397,5.659728,1
0.11275782,10.309332,1
0.32218876,9.815161,1
16.437717,6.6156907,0
10.804931,-1.6746674,4
11.305683,0.5798735,4
4.4732614,-4.3126574,2
11.420601,0.57257795,4
-1.3023609,5.950061,1
4.800076,-5.041566,2
4.750277,-5.2668166,2
-0.1541796,-1.196309,2
-7.050922,4.857215,1
9.622124,6.390408,5
5.9241076,7.536462,5
2.2666297,7.114882,1
-0.9279032,6.2293615,1
0.56193894,6.843111,1
16.386278,6.605852,0
8.021548,-6.009341,2
-1.2179958,5.6740756,1
6.2039523,8.741602,5
-0.45599255,-1.5843099,2
2.24024,7.217586,1
7.683595,5.4251237,5
14.757865,5.7441945,0
-0.34525856,-1.3146297,2
-1.4285938,6.4461145,1
0.5005788,7.811346,1
7.5115876,-5.0997634,2
2.5446012,-3.854183,2
0.5851917,6.8996024,1
-7.2120914,5.9665084,1
7.442615,5.4452004,5
-0.33188942,-1.2464384,2
15.493662,5.7444844,0
13.317415,-0.82063514,4
18.587254,6.76933,0
17.095507,7.653054,0
-7.4423037,4.48876,1
2.5022304,-3.7723968,2
-1.0687723,5.565992,1
18.498564,3.2086697,0
-1.3888015,6.40333,1
-1.2445105,5.4025655,1
7.593455,-5.040306,2
6.0551734,0.36891755,2
18.516935,6.798068,0
4.8836455,-4.825488,2
16.348705,6.581693,0
18.873676,4.38758,0
-1.0780064,6.090172,1
-0.17025055,9.875129,1
12.785147,-0.95881873,4
4.784226,-5.1707187,2
4.83429,-5.0288997,2
1.8834189,9.447166,1
0.44197738,-1.9813707,2
11.106668,0.91163874,4
1.6832281,9.58628,1
4.275408,-4.723508,2
2.8480434,-3.667948,2
0.49966466,6.756915,1
4.975652,0.44090238,2
15.552556,5.8168144,0
5.9798846,0.40476435,2
0.46640685,9.749476,1
2.1033297,7.104436,1
-0.12929958,10.2293,1
14.642256,5.6255355,0
-1.516406,5.6103516,1
0.6259841,-1.3021611,2
3.4980133,-5.191313,2
7.2695193,-5.567991,2
0.824368,7.9260254,1
6.464933,8.679434,5
-7.0904655,5.9692144,1
6.5434723,8.491787,5
14.636159,5.6393113,0
6.7683287,-0.37940544,2
7.559497,-5.0638704,2
-1.3170948,5.380349,1
14.598248,5.6511064,0
6.1447473,8.793388,5
0.08065807,-2.0160706,2
-0.9277239,6.5364633,1
16.339865,6.561549,0
2.2654006,7.3477197,1
6.216597,8.594423,5
18.630272,6.7998075,0
-0.068624586,10.374446,1
0.59640735,6.90492,1
16.421097,8.035591,0
7.127002,-5.373167,2
-0.12752594,9.860955,1
14.541956,6.921766,0
6.9913025,5.3137755,5
6.5970836,6.2992067,5
10.882724,0.33665347,4
-1.1768475,5.6182837,1
6.3503733,8.627488,5
7.7122364,5.5542135,5
19.192974,6.2035327,0
2.6174216,5.6048,1
0.66210836,9.916862,1
18.01449,4.1780915,0
-0.9978157,6.066238,1
0.28334996,10.368407,1
1.5688947,7.840293,1
3.1756833,5.909817,1
6.718873,-0.6772805,2
10.1657715,6.2621913,5
-7.454998,4.504266,1
6.3003063,8.623421,5
14.62501,5.821616,0
18.559366,2.9530263,0
2.646944,5.6347013,1
2.8728724,5.9127874,1
10.096321,7.7096786,5
2.6686761,-3.9836857,2
18.56503,3.101232,0
0.8267694,7.900389,1
1.429592,10.444609,1
6.324813,8.663108,5
-1.9161166,6.536658,1
-1.3204979,6.3350487,1
14.565639,5.643574,0
-0.4578765,-1.6476878,2
19.419405,4.4866595,0
3.6436543,-3.615926,2
6.9726562,5.1402407,5
0.85297406,7.910699,1
14.70083,5.6671786,0
3.7164688,-3.1893876,2
4.792938,0.4969605,2
9.321532,6.969284,5
4.7176003,-3.8923552,2
14.827542,6.246471,0
4.857454,-4.6937966,2
-1.9384522,5.8200617,1
0.6159588,-1.0979577,2
4.7690206,-5.214837,2
9.173817,7.3080373,5
16.67989,7.647152,0
4.250247,-4.5899034,2
15.166451,6.4054923,0
4.2632036,-4.7622514,2
-0.91492295,6.1062655,1
0.8785874,7.7921147,1
-0.3537506,5.2064404,1
8.280198,-4.355214,2
16.963135,7.8026185,0
19.47803,4.5074778,0
-0.12831314,-1.0839121,2
9.257199,6.8600388,5
1.8896618,-5.5438304,2
-1.1396748,6.6348953,1
-0.27811888,-1.2988816,2
4.3222113,-3.7630355,2
6.6023803,6.26323,5
1.5976781,7.921257,1
-0.5531731,5.986424,1
1.217315,8.884877,1
4.818304,0.5044488,2
10.033561,7.740428,5
16.962873,7.212703,0
3.7806993,-3.0728183,2
11.420777,0.30640492,4
-1.1156889,5.821887,1
10.20633,7.5586295,5
-7.5581493,4.43408,1
-1.1812983,6.3372865,1
0.7738854,8.117336,1
4.332705,-3.6743705,2
2.2815928,7.4380755,1
10.147185,6.2878823,5
0.82982826,8.101718,1
13.517928,-0.92735165,4
5.9737434,7.4028015,5
19.539377,4.531829,0
2.6424606,5.5695543,1
0.70989496,10.504356,1
10.017237,6.4140563,5
10.074623,6.2932243,5
2.8192787,-5.347351,2
14.629363,5.593404,0
6.316075,6.861162,5
6.1092567,0.09728949,2
18.593328,6.818855,0
-1.391422,6.5710225,1
14.65431,5.7059083,0
-1.1487117,6.22629,1
0.80845946,7.819227,1
4.774789,-5.248673,2
12.6064,-0.8568554,4
4.4029117,-4.907054,2
2.977227,-4.933616,2
0.796794,7.8536744,1
10.102739,7.583228,5
2.2874038,7.1954236,1
8.432216,-5.980023,2
2.2500348,7.1952596,1
8.908737,7.2421227,5
6.57233,-0.4724068,2
9.146227,6.945675,5
2.7105465,-4.801161,2
6.0947194,7.0742173,5
3.156195,6.0273647,1
10.202529,7.581536,5
4.1063747,-4.626668,2
-6.984167,4.6979904,1
-1.5773748,6.4210434,1
6.188294,-0.019448873,2
6.1013365,6.967371,5
14.606588,5.927108,0
0.59946287,6.8776107,1
0.5140406,6.7177596,1
16.41687,6.623743,0
10.77182,-1.6116726,4
2.784965,5.732736,1
-1.9082532,6.468137,1
18.65208,3.0469687,0
-1.0820751,5.748212,1
-1.0670567,5.6669345,1
6.4034624,8.729569,5
3.6151292,-3.4889219,2
-1.3326535,5.691176,1
2.4452682,-3.7473829,2
-1.0830665,6.1061416,1
7.955545,-4.8376265,2
4.7411437,-5.1598725,2
13.830263,-0.9567519,4
4.4805064,-4.0016794,2
0.42586684,11.036855,1
4.472449,-3.8840785,2
16.710777,7.7028947,0
1.1559374,8.81733,1
9.241797,6.934457,5
2.6611075,5.6709843,1
19.395304,4.571067,0
0.48310655,9.824529,1
-7.4469028,4.8098416,1
4.411052,-3.8875513,2
17.95336,5.307685,0
7.948085,-4.550338,2
3.4906542,-5.139213,2
-0.403133,5.324616,1
4.7218432,-4.80459,2
2.998251,6.036956,1
-0.69931495,5.6367726,1
3.5241609,5.974722,1
4.0345025,-3.9654427,2
15.454027,6.54377,0
-1.1936984,5.840565,1
9.105489,7.4966326,5
8.349487,-6.1049743,2
1.3106261,8.857465,1
0.60525846,6.851483,1
-0.5950231,5.2211766,1
-7.5116224,4.4676456,1
12.290494,-1.649615,4
4.787679,0.4765837,2
-0.039148968,9.748123,1
0.70253056,7.870395,1
2.2819178,7.1977944,1
-0.07346037,10.225269,1
2.7035246,-3.4935036,2
6.2418203,-0.05918135,2
14.60265,7.0573206,0
5.935404,7.5629506,5
17.950613,4.15736,0
1.3051997,10.375215,1
6.3204637,8.771453,5
7.2355022,4.8179884,5
-1.2524376,6.448271,1
16.415497,8.052406,0
4.6965585,-5.1888685,2
14.650403,7.0683045,0
0.5766922,-1.1473777,2
3.6772296,-3.4384701,2
17.064043,7.6816854,0
14.724104,6.981759,0
10.147148,7.492141,5
0.6831607,6.805992,1
1.2634921,10.412057,1
4.2039237,-3.9827394,2
3.6481743,-3.694427,2
7.242192,-5.2445116,2
4.704209,-3.616673,2
6.7046423,-0.63682234,2
-0.8757218,6.4594164,1
18.5347,3.0943136,0
12.844956,-1.1833503,4
4.6953278,-3.876022,2
-1.5759883,5.876123,1
10.950389,1.1842866,4
-0.93058294,6.2436814,1
12.871022,-1.1452489,4
6.1298227,6.9340515,5
6.0149918,0.2981773,2
11.0202,1.18725,4
4.874377,-4.851682,2
6.946021,8.709797,5
7.737934,5.5625277,5
2.7342365,5.954315,1
-0.3591712,-1.2820383,2
0.79846746,10.443841,1
-7.386562,4.631371,1
-1.266568,5.445294,1
18.566597,3.1669128,0
-6.9507275,4.683562,1
7.5293884,-5.082427,2
-1.7957797,6.208747,1
2.7142568,5.6306257,1
15.355684,6.483413,0
2.6568973,5.650052,1
15.323231,6.459576,0
-1.1817064,5.7466416,1
19.341084,4.517293,0
1.5194724,7.6454964,1
13.483017,-1.33681,4
0.31962723,9.777035,1
0.59768945,-0.8126708,2
7.669403,-5.0437984,2
18.733122,2.7191157,0
1.2885215,10.250093,1
15.079388,6.2400465,0
16.398567,8.038694,0
0.44776323,-1.1629449,2
4.064875,-4.6233616,2
19.395468,4.569679,0
-0.86492497,5.851633,1
12.885965,-1.1259264,4
0.64307386,9.82044,1
17.666687,4.16525,0
4.85759,0.49286574,2
-1.4164318,6.3225975,1
-6.9866757,4.677862,1
-0.27101627,-1.3198615,2
10.065645,7.272501,5
6.731606,5.490281,5
4.8155947,-5.01348,2
0.61308116,6.9005804,1
6.6682596,-0.59291035,2
9.242211,6.9162965,5
0.5198369,-1.2810953,2
5.953868,7.5994215,5
18.02419,4.1772695,0
12.658814,-0.98455656,4
6.13641,0.34868377,2
0.6301346,6.929871,1
4.3857665,-4.8264484,2
0.20947172,10.118705,1
18.59853,2.7592363,0
4.7505927,-4.7261624,2
4.747076,-5.2443657,2
0.41577336,10.2529125,1
18.545877,3.084905,0
18.605917,2.8851938,0
6.692786,8.436067,5
17.979458,4.1129127,0
8.337354,-4.7712684,2
-1.1168457,5.800472,1
4.833596,0.4700595,2
17.931087,5.3532395,0
4.0385747,-3.9825506,2
14.509902,5.7531734,0
17.991833,4.1764846,0
-0.3530313,5.180868,1
-1.7751878,5.510799,1
-1.3186479,5.3290505,1
18.499537,2.5340846,0
-0.94200736,5.56364,1
-7.241741,5.990685,1
-7.242241,5.9876585,1
-0.8725573,5.4041905,1
7.3401384,5.471569,5
0.80157876,10.61463,1
-0.5652226,5.204661,1
11.192831,0.8964184,4
6.179088,0.35691687,2
9.347689,7.006465,5
3.9121094,-4.3869467,2
-7.397942,4.801023,1
6.9298644,5.5233426,5
0.6784415,6.8428497,1
14.528378,5.65343,0
1.5561702,7.6138377,1
-1.3416117,6.5218477,1
-1.1937872,5.827725,1
2.3610642,7.444351,1
0.21581516,9.845443,1
18.592716,3.2842422,0
1.5210974,7.643873,1
4.7644515,0.5424245,2
14.593734,7.077584,0
7.8582473,-5.895304,2
0.49597293,9.914857,1
7.6803675,5.4872036,5
-7.0909047,5.9848857,1
-0.44666862,-1.6152735,2
0.0001305734,-0.91254383,2
1.1076841,8.80637,1
-7.144844,5.888896,1
4.942056,0.4435,2
6.1506925,0.09492523,2
19.507648,4.5281596,0
14.617481,5.944514,0
18.086727,5.2126184,0
0.6434051,-1.910858,2
4.311789,-4.7833657,2
6.6137176,6.2906685,5
-0.4647213,-1.6209607,2
7.1609793,-5.3047466,2
-1.2262906,5.55407,1
0.52901036,7.8749886,1
-0.4687514,-1.6218761,2
3.3868358,-4.570032,2
18.566236,5.270479,0
2.5375898,5.583628,1
0.16838625,10.266514,1
-0.44844452,-1.5974565,2
4.3100877,-5.429732,2
18.184572,5.301289,0
18.502018,3.2643535,0
9.93117,6.412092,5
-0.10225852,-1.0868737,2
6.4677773,6.9177074,5
2.5325933,-3.8611772,2
7.7065077,5.5511603,5
18.500523,2.9698873,0
14.619459,6.098657,0
12.033428,-1.2292814,4
0.46326843,9.822813,1
7.1627073,-5.337036,2
11.244223,0.40285704,4
0.5379711,-1.3113633,2
4.7754407,-5.28091,2
5.9418554,7.5776067,5
6.2507424,8.50502,5
17.960047,3.8161726,0
4.477906,-4.3782096,2
0.3112116,9.827325,1
2.5298145,-3.4202647,2
-7.55517,4.379793,1
4.3684053,-5.5070753,2
-1.4612067,6.171807,1
17.994762,5.339148,0
10.18524,7.571087,5
1.193677,8.752845,1
-0.13004136,-1.2691426,2
0.91036016,9.875784,1
-0.4559082,-1.6052853,2
2.7124162,5.7066197,1
12.988366,-1.2483125,4
12.903161,-0.90325737,4
5.9726653,7.5527124,5
-1.5553607,6.1284885,1
4.7257633,-5.286008,2
10.081915,7.4376416,5
18.519526,3.3590996,0
4.7589192,-5.2908792,2
4.8063755,0.50194573,2
11.399812,0.35709804,4
14.532844,5.800908,0
11.276433,0.5887871,4
7.7036595,-4.8995805,2
6.7274585,6.26214,5
4.7146873,-5.26703,2
4.7816315,0.5145155,2
16.795687,7.68229,0
1.3755326,10.531334,1
4.3789034,-4.0124726,2
1.1730053,8.818891,1
2.7705903,5.7074366,1
16.784739,7.6881013,0
12.632757,-1.1500872,4
11.465288,0.64177513,4
-0.10801698,9.813485,1
5.0181103,0.46011844,2
15.57045,5.8033066,0
0.5736325,6.8654165,1
2.7215927,-4.033525,2
6.0809274,8.780868,5
7.7743497,5.5914335,5
6.0687494,0.41127324,2
18.58188,3.3126469,0
-1.2009965,5.705146,1
1.5505375,7.6242995,1
7.5655746,5.5168824,5
-2.1801355,5.8856826,1
11.211864,0.7680618,4
2.566094,5.5377007,1
12.296192,-1.4381213,4
8.095074,-4.969838,2
15.934037,7.1275735,0
-1.9886813,5.517864,1
18.592937,3.3282428,0
18.354565,6.4895186,0
-0.31605947,-1.3045676,2
13.349543,-0.72200954,4
6.045956,6.9939504,5
0.48016134,6.699525,1
4.4694643,-4.929057,2
2.2034857,7.1194587,1
4.8456254,-4.5978975,2
11.955879,-1.4971031,4
6.1407557,8.646453,5
1.5182451,7.769013,1
19.103361,4.2935963,0
7.4262547,-5.1314716,2
0.58992964,6.897284,1
1.1604053,8.810272,1
18.526823,3.368764,0
4.5104403,-4.5869203,2
16.412983,6.625763,0
6.6234603,-0.51485586,2
18.511,2.9014392,0
4.434638,-4.899373,2
18.669193,5.2961926,0
10.953075,-1.6042863,4
12.945782,-1.0806274,4
12.281499,-1.6296092,4
-1.3810629,5.2567816,1
14.565795,6.3771696,0
0.40927726,-2.0474033,2
10.141191,7.5451007,5
0.532369,6.807374,1
15.736613,5.972103,0
5.013152,0.44918057,2
18.540607,3.2150118,0
7.497823,-5.006226,2
17.944487,5.045006,0
6.5024476,8.596173,5
7.752879,-5.9545355,2
10.989395,0.32976645,4
17.738049,4.235991,0
4.818268,-5.0024347,2
18.037428,4.0998783,0
-7.470995,4.745227,1
-0.32130098,-1.5967902,2
7.0460105,7.3219604,5
3.7766535,-5.546739,2
-0.85858434,6.222282,1
7.0619607,-5.360414,2
5.889181,8.6105,5
-1.5608375,6.3390193,1
9.997139,7.3238425,5
15.330949,6.4761558,0
12.548381,-0.81491506,4
4.7333407,-5.2749367,2
0.4450711,6.7469273,1
-6.9112635,4.6946793,1
14.714795,5.7055287,0
-0.9861386,5.49213,1
-0.9744277,6.289286,1
7.320681,-5.1877766,2
14.669438,5.9742637,0
4.7868896,-5.065039,2
19.306051,4.51439,0
-0.08656286,9.749141,1
6.0242352,7.0773454,5
4.422912,-4.849328,2
0.6806535,7.816954,1
15.590979,5.933949,0
18.671862,5.3170214,0
3.4649816,-5.530334,2
17.952408,5.387728,0
0.7094685,7.940128,1
0.33052883,-1.2724248,2
3.3681574,-4.789177,2
-1.0093808,6.3108625,1
0.12882014,-1.3746352,2
0.40015197,9.867424,1
0.65087974,6.835644,1
-7.4507394,4.436763,1
7.0710535,5.3883467,5
18.694225,6.6109767,0
15.640516,5.8373814,0
4.785113,-4.8888483,2
3.1084037,6.1206956,1
14.729219,5.691229,0
16.727398,7.6661773,0
0.52668405,6.723918,1
3.361883,5.8548756,1
2.2398405,7.2096643,1
14.65241,5.5987334,0
5.8573627,8.607971,5
14.584466,6.0934157,0
-1.4038539,6.4432254,1
10.138284,7.6117706,5
19.201298,6.1839232,0
-1.079934,5.4528456,1
-1.4007484,6.405031,1
15.605283,5.822142,0
4.7357845,-5.2540092,2
18.484262,2.8476033,0
0.8712082,-1.2033067,2
1.1015342,8.728055,1
-7.382951,4.569659,1
16.449148,7.477716,0
18.42177,2.8716328,0
16.929117,7.762784,0
1.5234557,7.589685,1
10.271383,7.5674453,5
-1.1934942,5.8072743,1
12.830139,-0.95121163,4
18.548063,6.7121444,0
18.595146,2.9269013,0
0.6235666,6.8557715,1
0.6399204,6.941127,1
0.6094184,6.9249587,1
18.597021,3.1408865,0
18.531403,3.242043,0
3.362885,-5.2293797,2
18.599173,3.1556737,0
16.757427,7.7221766,0
18.48773,3.3301826,0
4.8586745,-4.659332,2
7.4714155,5.342478,5
16.396769,6.5238824,0
4.5178204,-4.8168716,2
6.690367,8.45233,5
-0.44312295,5.8725705,1
16.359276,6.613539,0
1.3915446,10.1087475,1
1.0375345,10.332275,1
1.0135518,10.961639,1
0.63429904,-0.8044881,2
-7.0461884,5.844829,1
-1.1194758,5.6492853,1
1.1896787,10.658292,1
0.989502,10.666174,1
6.726481,4.9559536,5
0.79076564,10.769967,1
1.4593501,10.352542,1
14.666876,7.0009856,0
0.9964212,11.012654,1
4.8838067,-3.7421346,2
0.91920453,11.138867,1
-1.5291855,5.7329,1
-1.3735937,5.9158764,1
-0.7409056,5.832424,1
-1.211911,6.445368,1
1.0175813,7.852064,1
10.01819,7.470487,5
-1.5374339,5.841389,1
1.4654242,10.303782,1
-1.0808583,6.462309,1
1.0103157,7.861367,1
3.1105425,6.16298,1
10.066025,7.615814,5
-0.22996973,5.6368504,1
7.180488,4.9431233,5
14.6238,5.5762453,0
15.995616,7.056695,0
0.9733985,7.8040934,1
10.017876,6.2537036,5
0.9857821,10.365106,1
-0.7177409,5.995674,1
-6.9732594,4.7113447,1
-1.1005739,5.6689234,1
4.133241,-3.6000826,2
17.750336,3.0588183,0
7.138646,4.921533,5
14.646709,5.6274724,0
0.87841636,10.244438,1
0.9396056,7.90749,1
2.990857,5.969188,1
6.709235,8.85758,5
10.06846,7.7707653,5
8.013808,-4.556674,2
1.4946938,10.364036,1
0.046246663,6.5347667,1
2.754521,6.3004985,1
1.2821604,10.194862,1
-0.783555,5.7622538,1
2.9437308,5.912351,1
-0.99760383,5.566925,1
1.5488825,10.246529,1
0.78507924,10.638003,1
9.979741,6.276331,5
6.8311005,5.11547,5
0.94341403,7.828777,1
9.9162445,6.3845015,5
1.5339133,10.344678,1
2.793476,6.0990396,1
-0.75502354,5.8470955,1
1.5264004,10.38847,1
6.546316,4.865311,5
1.009847,7.9081507,1
-1.128392,5.7463574,1
1.6616498,7.6893244,1
2.9112775,5.8982306,1
9.879442,6.210314,5
6.4403477,5.0245113,5
10.701063,1.5765508,4
-0.84400773,5.69074,1
10.012054,6.193972,5
17.148853,7.7092257,0
0.07529245,6.7490973,1
-1.2937636,5.870091,1
19.515667,4.6927233,0
-0.78752035,5.531586,1
-0.7553989,5.7546997,1
7.99915,-4.6874743,2
2.9872558,5.9854116,1
-0.7291419,6.168183,1
2.9234657,5.86239,1
2.9496274,5.9691267,1
10.099019,6.285128,5
10.030981,7.530646,5
1.1328168,10.276996,1
-0.73053706,6.1954107,1
3.5667107,6.1433883,1
14.847194,6.5743294,0
6.6231737,9.114848,5
-0.9708363,6.183524,1
4.092373,-3.4166062,2
-0.38245,6.0921082,1
6.6747184,4.868286,5
17.906532,4.1877346,0
-0.96374685,6.165444,1
1.3702551,10.170447,1
-0.4865524,5.889,1
-0.25247467,5.39919,1
-1.5451317,5.720931,1
0.9404473,10.239028,1
-0.9864928,6.1621385,1
6.6780415,9.247109,5
1.1097605,10.273683,1
2.9022627,6.0907245,1
1.3436018,10.319812,1
1.0077901,7.8770323,1
0.93014956,11.164882,1
2.9395568,5.9588284,1
-0.77339196,6.083622,1
-0.8039566,5.490132,1
14.728439,5.642081,0
6.5275407,4.6152205,5
0.9420651,10.282581,1
-1.0497938,5.622123,1
-0.80184865,5.7937894,1
0.98935556,7.8726153,1
0.9727847,7.85021,1
1.1939029,10.786386,1
-1.1746294,5.847075,1
6.536471,5.166097,5
-0.70897114,6.1265106,1
0.6534141,9.712734,1
18.852459,2.7447462,0
14.682016,5.6217055,0
1.5242612,10.408494,1
-0.87156314,5.919815,1
4.0991306,-3.6924353,2
1.4201764,9.932442,1
1.1898032,9.9375,1
-1.0283766,5.3858237,1
18.651474,3.0274477,0
19.48001,4.546358,0
17.089033,7.773083,0
2.768192,5.936713,1
0.71746373,10.583736,1
14.781471,5.6804066,0
1.1124724,10.778212,1
1.1848751,9.999485,1
-1.5149155,5.711848,1
4.7155104,-3.7917094,2
18.015293,4.149784,0
-0.98568654,5.398057,1
0.31868324,-1.215456,2
-0.75198823,5.834578,1
-1.7623235,6.368025,1
8.025599,-4.6406426,2
-7.2352486,6.014161,1
-0.20734033,5.7486258,1
-1.3057612,5.950809,1
18.683344,2.8002264,0
-0.8830656,6.0332823,1
6.5413013,4.61174,5
11.193688,0.6102963,4
16.34037,6.570623,0
14.487203,5.803505,0
-0.64836705,6.098667,1
-0.8933371,6.234211,1
3.072666,6.1861706,1
1.3204132,9.884903,1
0.9160298,7.7492995,1
14.567826,5.8897696,0
10.034886,7.4103575,5
-1.2733881,5.881148,1
14.721664,5.636486,0
10.166354,7.5423245,5
0.7402905,10.227709,1
14.642605,5.5954304,0
-0.6373633,5.9709954,1
6.9345875,8.152772,5
6.7481384,4.9630876,5
5.9303246,0.20327911,2
10.112677,7.3440266,5
1.4695865,10.324494,1
14.7759905,5.535447,0
-1.6087745,5.797948,1
0.4602191,10.286983,1
-0.21381715,5.747451,1
18.52804,2.8752377,0
0.74366236,10.333795,1
1.029932,10.913802,1
-1.422291,5.865825,1
-1.2170662,6.218389,1
1.0930188,10.067447,1
-0.2658732,5.9633627,1
3.698123,-3.7355192,2
1.439448,10.194018,1
-0.20219882,5.8831954,1
0.08833335,-0.8528569,2
0.8487781,10.691518,1
0.98712975,10.467952,1
-0.6898842,6.221409,1
2.9174428,5.9205995,1
-0.22457749,5.3743963,1
-0.20519264,5.621048,1
17.972912,4.102584,0
-0.7223708,5.633046,1
6.581794,4.634719,5
-1.5171727,5.752713,1
3.18635,5.829118,1
4.4397902,-3.6798878,2
4.4720798,-4.2842193,2
6.66454,9.1736355,5
16.393671,6.6144714,0
2.9057748,5.943808,1
4.1654663,-3.9430892,2
15.374195,6.477584,0
-0.7582459,5.827834,1
7.2916274,4.9303203,5
4.597499,-3.7896738,2
3.0968435,6.219188,1
0.9136223,7.89556,1
10.095378,7.597746,5
15.330203,6.4492817,0
10.135849,7.5895324,5
14.650204,7.07694,0
14.690335,7.030839,0
0.7026944,10.3685465,1
1.0200075,7.903752,1
18.656288,5.3040504,0
0.895681,7.869444,1
9.994642,6.2176003,5
6.673179,5.3669863,5
15.984377,7.027739,0
18.757414,3.06624,0
-0.16324995,5.730729,1
10.020314,7.6287208,5
-0.8435008,5.9047937,1
1.293197,10.086302,1
9.166911,6.9564586,5
0.16242841,-0.8234729,2
3.0083666,5.984285,1
10.976288,1.3009816,4
9.898782,6.390631,5
0.9037198,11.11446,1
1.6303638,7.689033,1
-1.370305,5.8285146,1
11.288192,1.1269971,4
0.9787909,7.865566,1
7.999086,-4.8885813,2
6.761249,8.853411,5
-0.780279,5.8878236,1
0.98974925,7.8662987,1
14.708107,6.94751,0
7.1758676,4.9208603,5
3.934195,-4.113528,2
0.9091564,11.0743065,1
0.13647388,-0.7639454,2
3.9183762,-3.3256845,2
-1.5672605,5.862136,1
6.673581,9.188093,5
6.490732,5.0191073,5
-6.8606777,4.6044974,1
1.2477756,10.624272,1
16.366802,8.070599,0
-0.24021974,5.362614,1
3.1937943,5.735028,1
1.4567069,10.259403,1
14.76231,5.5732555,0
14.669554,7.003647,0
6.4903913,4.582467,5
1.6285845,10.360748,1
19.250256,6.135249,0
2.9781327,5.99721,1
-1.9001459,6.6186666,1
0.39408574,-0.43405092,2
0.3318433,9.731262,1
-0.57662225,6.2570505,1
2.681091,5.6606255,1
18.655231,3.03747,0
1.4210724,10.129598,1
9.993107,6.2466197,5
-0.63273394,6.156171,1
-0.80316806,5.900559,1
6.0450134,0.22728273,2
3.3037865,6.0395045,1
-0.4008029,5.309904,1
-0.74864197,5.875894,1
6.6317453,9.124512,5
6.488584,5.249975,5
7.4885607,5.308208,5
0.90667856,10.284482,1
-1.0729232,5.458244,1
-1.5428457,5.753611,1
-0.86972106,5.790431,1
6.820125,8.476046,5
-1.0343374,5.4576693,1
9.852089,6.2101994,5
-1.235413,6.63159,1
-6.96573,4.7136803,1
3.061685,6.201072,1
0.9877938,10.683679,1
0.82054347,10.145256,1
3.177174,5.7156034,1
1.3907855,10.055644,1
-0.8337906,5.5173965,1
3.090427,6.226312,1
-0.38118216,5.314421,1
-0.8293751,6.044324,1
1.6628599,9.645223,1
-0.76159006,5.538549,1
-0.72664773,6.093894,1
10.080403,6.170342,5
6.699476,4.998503,5
1.5605345,10.370829,1
2.9033186,5.899134,1
-1.2136604,6.622577,1
0.6584559,10.387587,1
18.562466,3.2966692,0
6.003491,0.17262575,2
1.404977,10.332323,1
-0.7360734,5.9659376,1
0.86679786,10.763003,1
3.17442,5.7214165,1
-1.0715096,5.7110977,1
10.8187895,1.324093,4
17.083311,7.712567,0
0.6120579,10.053728,1
14.464608,5.8251767,0
-1.1690646,6.095569,1
3.6741986,-3.8602297,2
-0.7838994,5.6827664,1
-1.5576005,6.5987697,1
-0.95664614,6.4653955,1
3.0212133,5.927034,1
1.4642396,9.820618,1
3.0747142,5.7417307,1
0.90559304,7.795078,1
14.70924,7.0275126,0
-1.11808,5.4562635,1
1.1389123,10.00046,1
14.684462,7.048757,0
-0.7520625,6.097139,1
1.2914264,9.909218,1
6.654134,9.09137,5
0.6285101,10.539149,1
0.9324242,9.994457,1
0.61307245,9.770058,1
0.48978248,9.74217,1
-1.5607924,5.777156,1
-0.742639,6.059215,1
0.8272425,9.989215,1
6.014802,0.27965307,2
0.91377974,11.143759,1
-0.9527573,6.1955366,1
10.871005,1.1555257,4
0.6209144,10.413465,1
14.677923,7.099815,0
15.948016,7.1395173,0
10.128279,7.701274,5
10.015281,7.592481,5
-0.7795522,6.2703414,1
3.0519853,5.921903,1
4.4811053,-3.7023065,2
0.71314126,10.447075,1
10.056218,6.2481513,5
6.473526,5.171503,5
3.4584198,5.958372,1
0.90620136,7.7996984,1
0.5912203,10.556406,1
-0.70198965,5.8565564,1
6.47974,5.349494,5
7.419943,5.5463915,5
0.26107934,9.798107,1
0.39078426,9.676708,1
-0.36369786,5.302779,1
0.3457945,6.9842663,1
14.770101,5.5262175,0
14.653309,5.615106,0
11.379752,0.61660004,4
0.009797761,-1.3185381,2
0.47223455,9.710837,1
-1.4616472,5.9250107,1
2.7633936,5.69519,1
9.810251,6.540146,5
-7.5013514,4.468836,1
18.52482,3.1204069,0
6.488034,8.6760845,5
-0.4526169,5.581497,1
4.7843165,0.6310086,2
0.53557456,9.847577,1
-1.4812,6.2766867,1
0.9212468,7.8122926,1
-0.9655285,5.3188796,1
7.2783275,4.939063,5
-0.7667774,6.1447825,1
16.383636,8.082448,0
-1.8522997,6.1196747,1
-0.81648564,5.8352523,1
-0.37861544,5.293008,1
-0.6701743,6.015077,1
-1.3981832,5.9173403,1
0.5863437,10.129586,1
0.80017984,9.856442,1
-0.74781096,6.184451,1
3.195799,5.782859,1
3.9729774,-3.9076123,2
9.994977,6.219013,5
1.4259702,10.5873165,1
-1.1813227,5.934112,1
10.028881,6.259818,5
-1.5556628,5.966194,1
4.0655193,-4.4210835,2
6.538601,5.2646756,5
6.473184,5.257808,5
-0.24637817,5.347199,1
0.89354,11.125199,1
-1.893504,6.646792,1
18.499128,2.8813195,0
0.9743159,7.762594,1
1.3386139,10.19872,1
9.974554,6.263187,5
6.7027082,8.4734955,5
0.76500696,10.655996,1
6.497326,5.246372,5
2.9175272,5.654741,1
-0.9450936,6.472337,1
0.61631984,-0.99944717,2
6.88713,8.745436,5
0.48087728,10.056713,1
3.5113761,-3.3254778,2
14.665414,5.6928444,0
9.876829,6.1505494,5
0.5453067,9.922807,1
-7.091081,4.73273,1
4.053164,-4.537999,2
-0.2271533,5.366574,1
10.060126,7.562247,5
0.63064456,10.5386305,1
-6.83969,4.5977993,1
0.8070697,10.398049,1
0.9122436,10.9654,1
-0.81549144,5.958439,1
0.9006933,11.175506,1
14.708122,6.981901,0
9.929513,6.2322516,5
1.4258839,10.510384,1
0.63388515,10.456663,1
10.040509,7.6200924,5
-1.2093712,6.2464986,1
0.93810374,11.18939,1
17.00716,7.761018,0
-6.854552,4.601549,1
-1.3616875,5.6926136,1
2.7913022,6.155198,1
-1.6280065,5.791895,1
3.219268,5.710701,1
7.9084163,-4.5262985,2
1.0142759,7.8655224,1
18.68884,5.318359,0
-0.79682213,6.2423043,1
1.8384153,9.508851,1
-1.5210311,5.7147427,1
15.368387,6.4739904,0
7.3134913,5.6931057,5
0.63922673,-1.28734,2
-1.8652266,6.6024594,1
10.102204,6.220496,5
-1.039347,6.568875,1
6.3979306,6.942248,5
-1.2405846,5.8849397,1
-1.7978836,6.0742354,1
3.505201,-3.395249,2
14.662029,5.7224402,0
7.1116138,5.59656,5
-1.4383793,5.9339614,1
-1.4310689,5.8456817,1
0.9581838,7.8163,1
-1.5785694,5.767384,1
-1.0515667,5.897371,1
0.9601437,10.252475,1
8.086252,-4.621366,2
14.699054,6.999581,0
10.153065,7.4077687,5
-1.2375687,6.622196,1
3.1115112,5.808608,1
1.2412453,10.177684,1
14.808047,5.599317,0
0.397865,-0.44271255,2
1.433037,10.555787,1
0.918278,11.148668,1
3.507065,5.9841504,1
15.342497,6.46964,0
6.0423255,0.39747578,2
7.657803,-4.881608,2
10.158615,6.249892,5
-1.2600819,5.4411345,1
3.0969672,5.7099476,1
0.007779067,10.2523,1
-1.3693922,5.9114494,1
3.0789425,6.172525,1
-1.2328633,5.3707204,1
4.6528935,-4.4654765,2
16.374418,6.6504097,0
-0.64527994,5.848827,1
-1.6026981,6.2448034,1
0.36277872,-0.48290426,2
2.7366762,6.2335806,1
10.073233,7.477978,5
10.181225,7.4918246,5
-1.2432061,6.498792,1
7.089779,5.017269,5
-1.58677,5.7606053,1
-1.1694248,6.4196887,1
9.99962,6.23169,5
-0.8291004,5.8069115,1
6.928857,5.129544,5
-0.7094435,6.2005267,1
5.8819075,0.1730235,2
17.170534,7.6794195,0
0.39056748,9.7313795,1
0.10989774,10.307616,1
-0.4180398,5.448876,1
6.708007,5.4743705,5
6.6834497,9.0025835,5
-1.0597104,5.348886,1
1.5188229,10.4448805,1
10.665005,1.0458474,4
0.86209273,-1.1511896,2
-1.9072548,6.189418,1
7.320864,5.4149504,5
0.35181624,9.671497,1
3.4437013,5.9315724,1
6.6585627,9.201294,5
15.3911295,6.4908686,0
10.657145,1.2917737,4
1.0590432,10.237993,1
0.3156392,-0.81379384,2
14.578678,5.5453253,0
4.9102435,-3.7470894,2
2.9269915,5.925362,1
10.065235,7.4754734,5
3.0029585,5.9654517,1
-0.21825224,5.751747,1
7.853123,-4.8229017,2
0.3180022,9.737384,1
18.601698,3.1706474,0
1.0966411,10.790006,1
17.017656,7.781554,0
-1.250116,5.729219,1
3.7006931,-3.6958218,2
14.675582,5.602522,0
0.56556445,10.196995,1
16.38168,8.075648,0
15.416243,6.490625,0
2.2562711,7.4187536,1
0.49382395,10.196028,1
-7.4706316,4.846186,1
4.505124,-4.394391,2
0.653366,9.992914,1
2.9634097,6.1564183,1
0.59888446,9.6892605,1
7.0673003,5.654719,5
7.479034,5.276314,5
8.125903,-4.787819,2
-0.2576473,-1.2248948,2
0.22507638,10.168018,1
-1.6559666,5.740904,1
2.9105985,6.0469847,1
-0.9261889,5.783777,1
8.198455,-4.3746157,2
16.315943,7.982525,0
6.03369,0.27906123,2
6.6639643,5.1941957,5
14.730128,5.5378294,0
4.2987804,-4.4417934,2
-0.783233,5.7540426,1
14.649927,5.6231523,0
-1.5001917,6.352251,1
0.3269524,10.287323,1
6.924329,5.1402793,5
4.5791907,-4.338729,2
3.9357693,-4.1237965,2
6.4660916,4.557789,5
11.033258,0.7524444,4
14.504287,5.863804,0
-1.5526601,5.781928,1
2.991042,5.6865916,1
1.0434978,7.81171,1
10.020909,7.693023,5
-1.0388422,6.190251,1
-6.916237,4.623696,1
15.447796,5.6733723,0
2.1447957,9.31446,1
0.7888617,10.209234,1
0.5822761,10.117042,1
6.7860723,8.797964,5
4.6397996,-4.326879,2
0.42969033,10.24802,1
10.157548,7.479604,5
1.1843408,10.056666,1
4.5097733,-4.540487,2
0.15066563,10.370061,1
2.2574263,9.204508,1
3.1663988,5.799788,1
2.6579134,5.721363,1
14.506127,5.6344485,0
3.0818198,5.6771736,1
15.945685,7.1138635,0
-1.8792729,6.200689,1
0.6973688,10.035287,1
0.26749197,10.390211,1
4.4685426,-4.3487916,2
19.259714,6.168857,0
0.15242249,10.358004,1
0.63937175,9.916731,1
-1.192153,5.7412705,1
2.7113378,5.7051253,1
-1.7822075,5.9322987,1
2.789044,6.082632,1
17.816792,3.1136003,0
-1.421828,5.769018,1
-1.594943,5.723402,1
7.417886,5.715725,5
6.558651,4.7160473,5
4.2621255,-4.2259545,2
4.125918,-4.029887,2
3.07786,6.1572337,1
6.595837,5.4186053,5
0.18193212,-1.2755035,2
7.941173,-4.994371,2
14.754718,5.5183477,0
14.478945,5.8168035,0
7.5402613,5.3828077,5
0.5094441,9.755069,1
0.71207273,10.48144,1
1.4408716,9.943811,1
10.060693,7.723485,5
-0.82767797,5.9597173,1
0.9637262,7.798075,1
4.9355445,-3.7294858,2
0.9529065,7.821099,1
3.0821724,5.5980964,1
14.675864,5.5257854,0
7.0740085,5.5240145,5
1.3575103,9.946958,1
0.24860238,-0.5855159,2
10.152862,7.5934587,5
6.670715,4.946138,5
-1.0267755,5.7947407,1
-1.7173495,6.058158,1
6.576919,4.6285734,5
0.9393728,11.161998,1
18.473507,2.8736959,0
6.6972995,9.110603,5
10.656458,1.3554796,4
0.78615296,10.509931,1
0.38121268,-0.4338178,2
-7.4376965,4.602981,1
0.6926821,10.591149,1
6.629566,9.269698,5
8.081682,-4.4327636,2
4.8669806,0.5736246,2
-1.6781406,5.7162423,1
0.8901536,10.358371,1
18.63493,5.3672905,0
-1.4320552,5.9152637,1
0.49485773,-1.1401209,2
-1.3737195,6.331321,1
15.4101095,6.467858,0
6.680183,8.865555,5
-1.9113966,6.6542234,1
-0.6972853,6.1408424,1
6.771914,5.171591,5
0.51974356,-1.0250031,2
-0.68610346,5.6823435,1
-1.4235327,6.467406,1
18.520718,2.8380034,0
1.0035337,10.283238,1
-1.92484,6.662663,1
0.75804514,10.708663,1
10.079043,7.6883397,5
-0.84752417,5.587252,1
11.315515,0.83197045,4
17.081726,7.777572,0
16.367962,8.070102,0
6.6400304,9.035317,5
0.8712598,10.918118,1
3.6537952,-5.693821,2
13.6976795,-0.92377245,4
4.035641,-3.8512063,2
6.726555,4.7571244,5
0.59478915,10.164364,1
17.071276,7.798095,0
-1.5421708,5.7818627,1
-1.9494106,6.683889,1
-1.1120077,5.681029,1
0.83863175,7.7856584,1
-0.23711921,5.3857203,1
1.2908398,10.325325,1
1.3995234,10.174933,1
18.706038,3.1372209,0
0.92516464,11.170457,1
4.0679665,-4.043202,2
9.9796505,7.2466526,5
4.187281,-3.9558094,2
7.9484744,-4.5788355,2
10.162931,7.446236,5
0.5873282,9.788574,1
3.1845138,5.716109,1
10.158303,7.6820307,5
3.4483576,-3.2963657,2
0.91662383,10.49915,1
4.44466,-3.6635518,2
2.848045,5.8010693,1
-0.47018656,6.07867,1
0.9380752,11.071604,1
14.634682,5.5117426,0
6.631525,9.210555,5
8.091684,-4.839785,2
0.7477239,9.923203,1
8.021361,-4.464324,2
6.9879336,5.01155,5
14.530899,5.7355175,0
6.540769,4.6226974,5
-6.8430657,4.599942,1
0.9049995,11.12221,1
6.543922,4.595567,5
-0.37066877,5.2701097,1
17.11262,7.8087735,0
-1.9368296,6.676736,1
4.170272,-3.7054636,2
-0.81945896,5.852181,1
-1.9109571,6.6544843,1
0.92027813,11.146598,1
14.519968,5.7555723,0
6.6320615,9.250484,5
0.41537425,-0.48529193,2
0.4116975,-0.45770812,2
-0.3507587,5.29225,1
6.5368114,4.5947986,5
0.77630043,10.597105,1
-0.6242496,5.784641,1
6.227061,8.751808,5
1.543623,10.3402605,1
0.80704826,10.49982,1
14.503747,5.73503,0
6.561795,4.5865216,5
0.5538508,9.899801,1
0.3772211,9.800976,1
0.083317734,10.316524,1
-1.074309,6.5186777,1
1.6091439,10.320089,1
18.599844,3.1112292,0
1.5477765,10.274384,1
7.4941187,5.317712,5
6.6592755,9.110333,5
-1.1302669,5.5576773,1
17.088058,7.832648,0
1.307662,10.407829,1
0.76153576,-1.1438199,2
2.8126423,6.1174035,1
-0.28682742,-1.2325103,2
3.1722257,5.747144,1
1.0108349,10.3365965,1
0.56152153,6.8926487,1
19.520496,4.5756683,0
4.9370804,-3.729979,2
4.5041385,-3.8831134,2
1.1340082,9.872147,1
3.163809,5.6632566,1
6.6483526,9.241079,5
17.986843,4.176467,0
14.445018,5.839231,0
0.3081943,10.399494,1
3.0029335,5.8053474,1
-1.1312011,5.2102637,1
0.59201473,10.129441,1
17.029442,7.799243,0
-1.3654841,6.360595,1
7.3877606,5.71435,5
-1.9943697,6.1171546,1
-1.7153878,5.610748,1
1.4167902,9.705494,1
4.1324315,-4.6330066,2
0.010739746,10.300288,1
4.7943635,0.4246271,2
0.029206315,10.29989,1
3.1033385,5.6522636,1
2.6701024,5.7493625,1
-0.8895864,5.805042,1
0.2736738,10.161118,1
2.635409,5.6256423,1
-0.71701425,5.7948575,1
1.1100943,10.813674,1
0.72803813,10.028563,1
6.6154537,5.426949,5
1.218868,9.995697,1
-0.83699375,5.738275,1
-7.097719,4.9122167,1
-1.9018021,6.648703,1
7.7028217,-4.9937873,2
2.9028885,-3.5052714,2
-1.1819968,5.7545276,1
3.4635513,5.919395,1
-0.32313013,-1.2642422,2
6.5104895,4.576585,5
2.8720107,6.120989,1
0.42436934,10.204098,1
6.6487045,9.090196,5
-0.9427536,5.7629886,1
0.17435175,-0.8215226,2
1.1273723,10.705904,1
1.5544062,10.345956,1
1.2811273,10.173542,1
18.56432,3.2003648,0
0.33242327,10.187285,1
7.527865,5.778815,5
0.9141325,10.491226,1
5.983553,0.23649442,2
2.6259475,5.742599,1
-1.7723683,6.5576997,1
15.016756,6.819412,0
6.645616,9.258752,5
1.4498762,10.3030615,1
4.7514343,0.5506227,2
-1.6162167,5.794132,1
0.89668804,11.170701,1
3.947115,-3.6899846,2
14.693988,7.0368795,0
3.089278,5.809699,1
1.5056753,10.377043,1
6.6391234,9.288116,5
0.74520355,9.894379,1
0.85228354,10.51257,1
4.602741,-4.5768127,2
-0.3644015,5.2765775,1
-0.010100384,10.298438,1
0.60741764,9.6850605,1
6.319234,8.700775,5
-0.2474517,5.5449953,1
-0.36137423,5.256852,1
-1.4630116,5.986447,1
7.153803,4.950527,5
0.8946273,11.120029,1
11.370583,0.6085846,4
16.400595,8.035483,0
9.981802,6.2788157,5
16.34573,8.002607,0
-0.6867692,6.208073,1
-0.15152745,5.710563,1
7.9863124,-4.9602065,2
5.9823136,0.2712867,2
-0.3233041,-1.1496133,2
15.398497,6.4935484,0
0.67688733,10.383187,1
6.6340294,5.0257893,5
-0.3394995,5.215398,1
-1.11908,5.402693,1
15.39079,6.523383,0
0.32091725,-0.813108,2
4.809237,0.5189036,2
18.665379,3.0288866,0
10.097898,6.1030216,5
0.19310628,10.20319,1
5.999162,0.30589992,2
6.7922444,8.446518,5
19.26475,6.165451,0
6.6600413,9.179656,5
2.741149,5.829943,1
0.6331615,-2.282249,2
1.3227084,9.803032,1
0.92595315,-1.1836356,2
10.076639,7.352477,5
-0.24763395,5.525141,1
6.495541,8.621056,5
6.265639,8.74034,5
3.1253715,6.269483,1
-0.010960713,-1.1305611,2
4.074656,-4.4771805,2
7.0379314,5.550938,5
14.595938,5.6713367,0
-1.6200413,5.8223352,1
-1.7285302,6.2998514,1
4.3651614,-4.2934213,2
0.60966414,9.980274,1
18.531864,2.7462919,0
0.22763166,-1.3116295,2
11.373711,0.60477626,4
17.791323,3.10425,0
3.488722,6.0658865,1
1.151877,8.813886,1
7.4294024,5.719528,5
-0.96940655,5.807968,1
16.34665,8.102958,0
3.364592,6.040862,1
3.0626159,5.767208,1
18.577587,3.1581948,0
6.259653,8.734565,5
2.8151107,5.819066,1
0.14125364,10.38115,1
-1.159239,5.426821,1
2.8198066,5.781812,1
6.3647285,8.798231,5
-1.2187991,6.427522,1
0.4729921,10.366234,1
0.37003702,10.070582,1
0.86093855,9.840047,1
-1.7961948,6.334344,1
-1.5323193,6.3419666,1
-1.3021809,5.4005985,1
19.280499,6.1880364,0
7.994172,-5.894721,2
10.170239,7.6115737,5
3.1014423,5.694458,1
2.2678072,7.155209,1
0.07790346,-1.187478,2
2.60425,5.6123757,1
14.766132,5.4963584,0
0.46072826,10.212836,1
7.004433,5.5596876,5
-0.29630008,-1.1650599,2
-1.4123212,6.4725237,1
6.224105,8.743835,5
-0.28976637,-1.4424202,2
0.19797225,9.848967,1
4.302472,-4.1881404,2
14.685615,5.581575,0
0.032947518,10.268897,1
-1.1102123,5.6271715,1
17.971163,4.197902,0
10.059377,7.6210895,5
12.9013,-0.89547646,4
-1.3397849,5.777943,1
1.430389,10.319251,1
1.0284107,10.906989,1
7.148431,4.936849,5
6.7197456,9.108846,5
0.9825825,11.201959,1
6.650372,4.7845836,5
0.6966065,10.2827,1
-1.1094235,5.6109705,1
4.494079,-3.869003,2
-1.165711,5.3667617,1
7.931427,-4.5855865,2
6.527578,4.591065,5
2.9767804,5.6474214,1
6.660126,8.259405,5
1.5241525,10.354015,1
1.2659329,8.899077,1
1.3603493,10.21368,1
1.3067799,10.705031,1
0.3841806,-0.37381637,2
-0.83901316,5.4958515,1
-1.5131596,6.0796485,1
-0.8466287,5.5143685,1
17.106129,7.817877,0
17.65125,4.1694984,0
-1.4818062,6.1409726,1
-6.9620867,4.7215753,1
15.418249,6.4855,0
-0.8722481,5.583052,1
6.5343094,4.614548,5
-1.6130416,6.2085443,1
4.94766,-3.7385306,2
3.166241,5.9228926,1
1.5466276,10.302783,1
7.3401327,5.702345,5
2.2727065,9.227289,1
-1.318539,6.231014,1
11.062431,1.2821501,4
2.858245,5.8281407,1
7.1081815,5.02378,5
18.63579,6.784706,0
-0.72833186,5.4768662,1
0.071294874,10.233497,1
-0.83509904,5.680746,1
-0.84696466,5.54046,1
2.1394572,9.315905,1
-1.014202,5.912834,1
1.0375278,10.939687,1
1.0291247,10.263699,1
7.1168113,4.970318,5
0.92716956,7.8328347,1
18.465445,3.3467941,0
18.745083,2.6244974,0
10.152984,7.698081,5
0.3285873,-0.4689064,2
7.94792,-4.571547,2
10.528013,1.1796639,4
13.2968855,-1.2727797,4
14.583189,7.02012,0
0.5899309,9.739045,1
-1.877488,6.642333,1
1.1251786,10.85513,1
15.930359,7.143816,0
6.5848746,4.8484464,5
-1.6943421,6.489265,1
7.0153866,5.04642,5
-0.00032693116,10.300782,1
4.9422603,-3.7546687,2
-1.9353508,6.13097,1
0.3591671,-0.4191953,2
-0.9488366,5.726016,1
0.37745157,9.686767,1
19.50697,4.602112,0
14.6547785,5.7861767,0
3.1548111,5.8849406,1
6.6373277,9.29837,5
0.96019846,11.189035,1
1.4479,10.350982,1
4.3507133,-3.930454,2
0.46325034,6.8980904,1
3.1422617,5.7288218,1
1.1739769,10.658763,1
0.044664178,10.339224,1
0.41625834,10.257975,1
-1.5292068,6.2246475,1
11.396353,0.6033038,4
-1.0656551,5.257227,1
-0.2624091,-1.3484086,2
0.25775352,9.905503,1
-0.6069823,6.191861,1
7.6347795,-5.087654,2
4.7646556,0.56482416,2
3.0512376,5.602948,1
0.78011435,10.79384,1
-1.9182713,6.6718097,1
1.0086721,10.957742,1
6.5239162,4.5932693,5
6.651417,9.321061,5
6.533719,4.8837566,5
0.7122178,10.523246,1
10.0163965,6.096385,5
-0.84909713,5.7400208,1
13.689677,-1.2365781,4
0.9569475,11.203163,1
7.1370664,4.9103847,5
1.3534914,10.014147,1
10.978607,1.344229,4
-0.7490632,5.6567626,1
18.713142,3.1761382,0
-0.30049217,5.928153,1
14.748271,6.947031,0
6.915923,5.035555,5
1.1075696,10.790517,1
-1.0219965,5.345105,1
2.8383276,5.8222156,1
7.649178,-4.8616734,2
9.992999,6.1542296,5
0.9458604,11.2158165,1
1.0467049,10.331377,1
-1.3720998,5.533983,1
-1.7081134,5.7979074,1
-1.19227,6.239896,1
0.99589545,11.151214,1
0.5761667,9.851103,1
7.677867,-4.9208674,2
18.031727,4.17648,0
18.635984,5.2865357,0
2.8759656,6.2168283,1
0.99303705,10.407912,1
6.4539604,8.600691,5
13.337736,-1.3949783,4
6.7493324,8.867212,5
-1.8882018,6.1614766,1
0.83458304,10.466811,1
4.9310646,-3.722928,2
-1.0412095,5.326273,1
0.4200481,10.220286,1
10.7704115,1.5170513,4
6.802693,8.5151825,5
3.2423017,5.813904,1
0.6165122,10.976755,1
1.0004704,11.163998,1
6.646992,9.337974,5
6.71242,8.830389,5
16.372091,8.056877,0
0.95649976,11.204485,1
6.572876,5.3597207,5
3.4570296,6.019487,1
10.911046,1.0386573,4
-0.9937913,5.338365,1
0.9984936,10.306646,1
7.0090795,5.1053996,5
0.815051,10.458811,1
-1.4259272,6.0131927,1
1.0692171,10.83795,1
10.004334,6.23146,5
0.305139,9.996162,1
2.8734848,6.0024233,1
6.4684873,4.608392,5
10.037888,6.2403483,5
18.829525,2.6410997,0
18.5354,2.8028586,0
14.673982,7.045294,0
15.932437,7.1191955,0
-0.8232022,5.503323,1
-0.6510128,6.1039476,1
-0.9678569,5.2995133,1
0.97315043,11.1713705,1
0.69513977,-1.1239667,2
7.526384,5.788649,5
6.483587,8.717286,5
6.684025,8.744279,5
6.5099125,5.30084,5
-0.24251918,-1.283471,2
6.718509,8.847245,5
2.8199341,6.2131557,1
10.00076,6.2315617,5
14.673715,7.0056086,0
-7.0280223,4.802198,1
1.3376664,9.901667,1
11.400612,0.6596193,4
14.508603,5.803989,0
7.389159,5.3373365,5
-0.7786909,6.1438603,1
16.414356,8.053816,0
-1.0494658,5.5951896,1
0.19869983,10.369395,1
1.3833184,10.217272,1
19.393639,4.48761,0
14.645225,5.5823064,0
-1.71579,6.2504897,1
-0.728401,5.770172,1
-1.921036,6.6700115,1
0.9213633,11.181265,1
-0.9900595,5.5419836,1
6.6229997,9.193934,5
4.1514473,-4.469113,2
-1.530076,6.142797,1
3.1436312,5.6440682,1
10.156223,6.281729,5
6.5555167,4.638999,5
2.8494508,6.0899525,1
6.633854,9.311109,5
2.8240523,5.7883,1
18.759645,2.951171,0
6.63836,9.196986,5
16.344013,6.5791397,0
0.6930875,10.403197,1
-0.9842854,5.631336,1
14.552364,5.6082654,0
1.2047012,10.655701,1
6.843917,5.421091,5
6.651126,4.6689744,5
-1.7216787,6.288791,1
11.264376,0.56961715,4
19.48048,4.676641,0
1.7691455,9.577676,1
-0.8032113,5.534481,1
-0.022255631,10.205563,1
-0.7894244,5.997337,1
6.325788,8.823175,5
1.5201637,10.097972,1
3.111675,5.9119387,1
-1.9705653,6.0905123,1
0.88502455,7.796156,1
14.576093,5.5765667,0
10.128526,7.7879934,5
6.6225066,4.938595,5
3.1496232,5.7865124,1
11.39996,0.61901975,4
0.5611885,10.147795,1
6.6481404,9.219766,5
1.1179392,10.766683,1
7.179798,4.89233,5
6.9083514,5.085224,5
4.7599196,-4.401485,2
1.0366681,10.86101,1
14.669474,7.0408487,0
2.603264,5.7385564,1
-0.32183632,-1.303641,2
-1.0174837,5.7603164,1
7.436658,5.2971053,5
-1.1694413,6.4780006,1
2.9375422,5.796394,1
0.57433015,10.391083,1
6.7863336,4.8979497,5
0.4716832,9.694086,1
1.4626322,10.305424,1
0.91159225,10.893359,1
19.567148,4.6502,0
2.9702938,5.6787577,1
1.0265088,10.988798,1
-1.3460227,6.3340015,1
7.2611513,5.323244,5
0.8777843,11.1370945,1
7.2316704,4.8598943,5
0.51953787,10.284227,1
0.6240132,9.832756,1
-0.9014761,5.516605,1
19.418938,4.740705,0
-0.9173894,5.562663,1
-1.1662381,6.119848,1
6.433303,8.56661,5
-0.7704723,5.6013293,1
-1.066526,5.3672037,1
0.5536633,10.1186495,1
7.403171,5.7008586,5
6.5200243,5.3359017,5
6.2273693,8.778894,5
0.758766,10.126899,1
0.0038114071,10.310846,1
-0.7755722,6.001571,1
2.8016133,5.663721,1
10.149475,7.3685555,5
14.738593,5.515529,0
6.785838,8.439815,5
7.382625,5.7046494,5
0.35323164,-0.9846169,2
0.73689824,9.924212,1
4.618037,-4.3197975,2
18.72492,2.9341977,0
4.582429,-4.576612,2
0.38451466,9.693183,1
0.7661488,10.000248,1
0.6798518,9.889586,1
11.254748,1.0757208,4
7.430057,5.747417,5
11.206527,0.8866259,4
0.74962884,10.595018,1
-0.1807409,-1.1111783,2
0.103665195,-1.2183607,2
0.55159575,10.104307,1
0.68286103,10.019788,1
10.132713,7.642575,5
2.9886246,5.847131,1
3.0509286,5.625972,1
15.376714,6.459909,0
6.470197,8.836895,5
2.8591347,5.815571,1
-0.98585236,5.6135516,1
2.7352653,5.9824634,1
-0.9996148,5.8080873,1
19.457294,4.71804,0
-0.2704414,-1.1213592,2
10.086475,6.299644,5
3.385076,5.84762,1
7.129714,5.4449153,5
0.30763233,10.366697,1
0.5197081,10.163135,1
0.25195417,9.984859,1
2.6954365,5.669832,1
14.623405,5.658268,0
4.772035,0.5233561,2
3.037184,5.60054,1
0.18351804,10.344622,1
3.1820314,5.650698,1
-1.8933773,6.049955,1
3.0060863,5.60162,1
13.728761,-0.9377267,4
2.9675484,5.5785475,1
2.8268623,5.8509245,1
7.1429086,5.5578575,5
-0.9830094,5.6993537,1
7.480174,5.3108745,5
0.26880103,10.529024,1
2.6473422,5.682491,1
2.9475462,5.6379404,1
0.48136854,6.805027,1
-0.97582036,5.282526,1
7.595469,-4.905709,2
-1.5869594,6.3655705,1
10.09958,6.2007,5
9.911992,6.330732,5
0.035057988,10.260852,1
-1.0795735,5.2683964,1
13.11424,-1.0470761,4
2.6238706,5.8712935,1
6.6868978,8.772884,5
14.675213,5.6426306,0
-0.04491249,10.169397,1
10.134673,7.446213,5
6.6261826,9.20014,5
0.3458539,9.742101,1
-1.4075047,5.772969,1
0.6020437,10.662844,1
0.044946264,10.158038,1
-1.3066956,5.9846478,1
-1.9066675,6.291281,1
-1.17394,5.6257696,1
4.9316807,-3.7673194,2
14.714436,7.043571,0
1.5602443,10.378427,1
6.6724977,4.4971285,5
15.45086,6.49108,0
0.6170496,10.959053,1
10.220105,7.72444,5
9.108669,7.020892,5
0.8538815,11.155423,1
1.480139,10.278579,1
-1.333075,5.9670877,1
0.37002736,-0.90442985,2
1.5605791,10.384651,1
14.694306,7.06222,0
-0.8600067,5.8518414,1
16.471153,8.033229,0
0.5686457,9.806926,1
18.868847,2.8183854,0
0.95172715,10.222021,1
14.734299,7.088393,0
2.7581162,-3.502909,2
1.0410509,7.8044686,1
0.81259584,9.873899,1
2.9153972,6.0537887,1
4.7182612,0.5888157,2
0.7680694,11.156718,1
1.5208061,10.441109,1
-1.9347585,6.18808,1
2.9172199,5.7441034,1
13.65051,-0.94335926,4
6.59219,9.199217,5
1.543842,10.403856,1
0.40580013,10.284988,1
-0.26012018,5.4975,1
0.9496805,10.539333,1
-1.5721849,5.719853,1
0.6323454,10.926622,1
6.6645746,5.1819844,5
3.4472435,5.9232807,1
10.06298,6.0379686,5
-1.8850086,6.618624,1
1.2489794,10.3455715,1
14.444101,5.7866435,0
10.938365,1.2286054,4
9.177425,6.9637895,5
-1.7004976,5.5923486,1
6.0987825,8.754682,5
-1.4498435,5.847908,1
2.8299801,6.159015,1
-0.77232337,5.5405517,1
4.6854377,0.45673388,2
6.7322745,8.920333,5
-0.26407406,5.316939,1
4.469275,-4.33217,2
6.656859,4.4685183,5
-1.6244221,6.1979995,1
0.47651604,10.059152,1
4.51027,-4.344675,2
0.20951846,-0.7728962,2
19.638142,4.5396132,0
14.5859585,7.094215,0
2.6090114,5.6333947,1
6.698526,4.475137,5
6.596505,9.185538,5
14.589159,6.99782,0
2.7917411,6.067077,1
6.622888,4.5345607,5
7.4959817,5.738059,5
9.92246,6.104634,5
0.7433532,11.110132,1
3.3807542,5.9116297,1
6.3359528,8.694142,5
0.42390144,10.17739,1
1.0811988,9.707633,1
-1.663082,5.644844,1
11.271294,0.58961546,4
-0.17668127,-1.3505975,2
0.8853882,7.9141808,1
11.254748,1.1294315,4
6.694243,8.6309185,5
-0.85098654,5.4802027,1
7.155949,4.933594,5
2.967183,5.643383,1
7.3641825,4.951686,5
7.5922446,5.330525,5
0.5825102,9.773714,1
6.6478295,4.862494,5
10.785278,1.5875784,4
-1.1057715,5.2749968,1
2.5936408,5.638191,1
6.656399,4.475996,5
7.3480973,4.914443,5
-0.22504996,-1.2171222,2
-1.4119978,5.981679,1
6.703816,8.779914,5
6.746429,4.5793915,5
-6.949504,4.737276,1
10.180903,7.6685004,5
2.8321435,6.1439734,1
10.794502,1.5743458,4
4.568863,-3.8471832,2
-1.6031618,6.488744,1
-1.4131972,5.545,1
14.761345,5.486642,0
6.550781,5.2887554,5
10.155421,7.6998425,5
-1.0017442,5.3301396,1
1.5399315,10.395874,1
0.9061017,7.786642,1
0.06866121,10.267901,1
10.260114,7.764386,5
0.49069712,9.998008,1
0.7219457,10.932539,1
6.6169987,9.187036,5
10.808378,1.6167431,4
15.39932,6.4748254,0
-0.18713138,5.3366256,1
3.0345361,5.970933,1
2.8378878,6.163198,1
-1.4272606,6.317086,1
5.9569736,0.13373448,2
6.595725,9.110966,5
0.79057086,11.173879,1
-1.7255601,6.542046,1
0.6942242,10.761894,1
0.83221084,11.201166,1
-0.96395737,5.924353,1
4.0059905,-3.9349346,2
6.4897027,5.4306726,5
3.1832702,6.1459503,1
0.65852034,10.939876,1
7.147363,5.12496,5
-1.8756396,6.6065564,1
14.51999,5.725558,0
1.9137596,9.45075,1
6.600294,5.2244744,5
-0.34556827,5.3151946,1
7.110456,5.583197,5
18.575806,3.125431,0
0.43509966,10.341397,1
2.6423457,5.654191,1
0.11831068,10.354525,1
2.5982444,5.8052354,1
3.0504146,5.806869,1
4.7242975,0.5174942,2
-1.0930307,5.2143016,1
0.53202415,10.194604,1
0.007851159,10.259826,1
0.028960159,10.21846,1
3.4072642,5.89687,1
0.76036966,7.6889243,1
4.7262464,0.6041422,2
13.2043915,-1.252724,4
-0.9969306,6.459291,1
0.23458868,10.38051,1
0.01076505,10.218948,1
0.3780826,10.041408,1
0.95874834,7.8462095,1
7.566919,5.6138535,5
0.89924115,7.629728,1
10.180393,7.6704493,5
6.732141,4.917936,5
-0.29410234,-1.2390769,2
10.205919,6.222082,5
14.462829,5.82003,0
6.014117,0.32679507,2
2.5974429,5.579805,1
0.17685011,10.335905,1
3.2316,5.663271,1
3.9662862,-3.857423,2
-0.2319729,5.424887,1
7.291222,4.9145393,5
1.0409294,10.126671,1
6.6546283,4.516162,5
10.093737,6.0040097,5
10.191709,7.6833324,5
1.5167059,10.376458,1
0.6401644,6.9149466,1
-1.3126318,5.384628,1
3.5033689,6.1541796,1
6.6348724,4.509959,5
-0.9825969,5.6261926,1
0.3925143,10.246774,1
18.583023,6.762296,0
-1.2908888,5.2816405,1
4.317549,-4.2948146,2
10.243305,7.6529045,5
12.696286,-0.97341526,4
7.527455,5.744123,5
-0.95110023,6.494061,1
0.3325392,10.251033,1
-1.1095874,5.193127,1
4.439089,-4.4347386,2
17.015627,7.7556863,0
0.53193355,9.780248,1
0.37422857,10.001842,1
2.6407523,5.797769,1
6.9804335,8.277364,5
17.097303,7.8004775,0
-1.6678522,6.394688,1
-7.503137,4.462696,1
7.1021338,5.5205736,5
-7.260728,6.004848,1
0.90885,9.247588,1
-0.32337305,-1.3060344,2
0.21267657,10.35407,1
7.371634,5.4269094,5
-0.026420353,10.203369,1
16.330698,6.614149,0
-0.20451066,5.902607,1
10.138525,7.6427455,5
0.5182015,10.5798435,1
7.238542,5.7214375,5
0.8569245,10.535012,1
-1.3887033,6.2122555,1
2.9999194,5.625627,1
4.818259,-4.8088937,2
-1.1306369,6.648239,1
-7.1930504,5.8885474,1
7.0594873,5.007526,5
1.363529,10.748291,1
10.519133,1.1977897,4
4.2740545,-3.2072325,2
-1.9031488,6.31791,1
2.5619464,5.5819616,1
0.70056236,-0.96592194,2
-0.2030471,-1.183435,2
19.211178,6.2043295,0
0.40960157,10.2705555,1
13.322945,-1.211249,4
18.530197,2.5711503,0
0.34100154,10.284502,1
6.747602,8.409748,5
-6.8725486,4.618897,1
0.16860713,10.339514,1
7.0882215,5.093482,5
0.30890653,10.365802,1
-0.55666804,5.9407377,1
-1.5215055,6.1963305,1
-0.27957672,-1.2661568,2
6.589822,8.699739,5
7.197416,5.5730968,5
7.5134034,5.33677,5
7.205501,5.460585,5
-0.05913291,-1.333923,2
-1.4387642,5.7594914,1
17.029476,7.7827115,0
4.1986594,-4.479064,2
0.48164365,10.177623,1
6.4903536,8.477903,5
-1.2492689,5.612913,1
0.82763386,9.863226,1
6.5409193,5.444208,5
7.3188767,5.4757404,5
10.178287,7.5343075,5
-1.7288272,5.5199103,1
4.3559422,-4.383547,2
0.65892506,10.241048,1
2.589537,5.6428523,1
0.25028995,9.775305,1
2.9364502,6.056747,1
2.9172366,6.0338492,1
0.24122608,9.785095,1
16.385248,6.629567,0
0.33199975,7.0214,1
-0.65523064,5.7004247,1
0.16898492,10.370945,1
18.788546,2.8631911,0
10.05753,6.1900725,5
0.5837221,10.159571,1
0.8553427,9.864374,1
-0.8823957,5.509775,1
-1.6332303,6.097193,1
6.5019855,8.607965,5
-0.29207265,5.595929,1
15.3783865,6.4770403,0
4.8397155,0.4816408,2
-1.3124973,5.8235817,1
13.411643,-1.5215409,4
-0.39117622,5.8789377,1
6.524611,5.32716,5
16.33647,6.598073,0
0.18947788,10.350646,1
10.1780405,7.5715,5
13.439849,-1.3230214,4
2.949117,5.991106,1
-0.20869754,5.4958324,1
14.713659,7.026472,0
0.5611251,10.585472,1
-0.01374189,-1.2344706,2
11.1231165,1.2531371,4
19.348742,4.4129953,0
0.9535888,7.832752,1
6.760422,8.324613,5
0.5385472,9.805802,1
2.5877573,5.7861104,1
7.285485,5.4635973,5
-1.4537383,6.3582544,1
-1.1328831,6.0059996,1
6.5465918,4.535487,5
0.95954275,10.139764,1
-0.70381266,6.1241937,1
4.560344,-4.478063,2
10.082567,7.4865556,5
6.672501,4.472839,5
6.682629,4.8385453,5
10.036394,7.367249,5
-1.9316255,6.122169,1
-0.66217035,6.15297,1
10.066892,6.026278,5
0.25513002,9.728757,1
-0.2061598,5.744226,1
15.37309,6.464764,0
-0.37928098,5.399618,1
-1.8421735,6.5315847,1
13.660982,-0.95432854,4
0.81597936,11.227183,1
-0.76605946,5.5602946,1
-0.7387829,5.959475,1
0.7884266,11.228621,1
-1.8316369,6.5725594,1
18.448906,3.16677,0
2.948948,5.8830085,1
16.018934,6.615132,0
10.24101,7.7234797,5
1.4601681,10.278745,1
10.05376,6.0329285,5
6.5618396,5.186029,5
-1.6818082,6.3444805,1
19.58257,4.6448045,0
0.7681885,11.194446,1
-0.8228917,5.976421,1
6.6602983,4.4250374,5
0.6163918,10.594121,1
11.116734,1.171928,4
-0.92709005,6.5115542,1
10.0623665,6.0333986,5
14.520531,5.6805816,0
17.04201,7.81982,0
3.0913825,6.217273,1
-0.9546849,5.755741,1
3.0942895,5.6768103,1
-1.5659654,6.4735985,1
6.653836,4.449152,5
16.370356,8.064197,0
0.798333,11.247904,1
0.8292888,11.225917,1
1.4601393,10.080172,1
-1.2502142,6.151699,1
0.08894121,10.352883,1
4.7827196,0.6140885,2
-6.957953,5.838232,1
3.8995092,-3.8907871,2
3.4866695,5.972303,1
-0.1700071,5.761527,1
9.879211,6.2107763,5
-1.1022154,5.649742,1
10.833443,1.5737108,4
12.959765,-0.91630477,4
7.5054126,5.7701583,5
3.0514915,5.6097994,1
-1.3731843,6.6727753,1
6.6867404,4.4946613,5
1.5247178,10.45024,1
4.5128307,-4.2540245,2
-1.4779977,5.410862,1
6.6910343,4.4748187,5
6.6383624,4.4420104,5
-1.7560242,6.497435,1
-0.1225104,10.093074,1
13.653319,-0.90721273,4
2.913981,6.115492,1
6.6820145,4.4396143,5
6.7088237,8.918559,5
6.602124,9.158521,5
11.064538,1.2688226,4
14.670323,6.985433,0
3.1550908,5.8057666,1
3.510911,5.9489408,1
6.309571,8.664672,5
13.625849,-0.94646704,4
14.788568,5.796137,0
14.551684,5.632802,0
11.07066,1.182063,4
10.981512,1.0141544,4
1.446666,9.9893055,1
0.89463305,-1.1558212,2
6.6326323,9.186907,5
7.447233,5.764821,5
-7.009234,4.688375,1
10.775962,1.1164768,4
10.61578,1.1588196,4
6.0522523,8.737974,5
0.35114822,9.700517,1
0.5731547,-0.9103739,2
19.254787,6.1735168,0
10.043849,6.2740884,5
10.096812,6.102143,5
19.403126,4.5241246,0
10.065045,7.586864,5
7.623781,-4.9774055,2
14.766332,5.628699,0
0.039646417,10.230218,1
0.432213,10.105711,1
-0.33720306,5.943656,1
6.787919,4.749085,5
6.6245613,9.201196,5
-0.49853468,5.9646564,1
19.421282,4.636902,0
6.699937,8.795801,5
-1.148788,6.6659784,1
2.6643665,5.6710563,1
11.033826,1.3010838,4
6.637288,4.495112,5
1.5754758,10.427814,1
14.397851,5.9146028,0
-7.0982256,4.8885946,1
6.649523,9.22587,5
10.022174,7.556846,5
10.797468,1.5543344,4
6.630908,4.4234624,5
0.93779135,10.225179,1
3.4910595,5.914286,1
7.1534348,4.972358,5
-1.6058722,6.4190984,1
-1.8285507,6.045171,1
11.066233,1.2742012,4
1.3826977,10.184196,1
0.8851567,-1.1710321,2
2.7891276,6.066089,1
0.9610068,7.806105,1
0.8386041,11.135397,1
0.2639698,9.664557,1
8.065651,-4.7426786,2
16.358856,8.108038,0
0.09723526,10.342131,1
7.4509497,5.716783,5
0.9120951,7.8883433,1
0.4204934,10.274183,1
0.8612238,11.253012,1
4.559402,-4.4962797,2
10.017048,6.2351813,5
18.89141,2.8271906,0
7.420238,5.7688384,5
7.9376044,-4.5983515,2
1.5498438,10.351728,1
-1.6072791,6.4114203,1
10.033278,7.5269775,5
-1.3702518,5.955955,1
3.9240594,-4.4313326,2
6.7132263,5.533014,5
7.3662863,5.761945,5
18.649702,2.7920601,0
-1.6822615,6.10649,1
10.062713,6.3428006,5
13.606204,-1.003548,4
0.20353252,-0.82225186,2
3.1472173,5.6629524,1
3.1986763,5.626409,1
4.654712,0.6410143,2
19.16202,6.146722,0
4.548141,-3.7994628,2
-0.24302849,5.483213,1
5.934979,0.18676549,2
0.32722044,9.6679735,1
7.523944,5.308028,5
0.12994654,10.337405,1
0.5602251,10.247451,1
-0.92891264,6.3498836,1
-1.7250261,5.5378366,1
0.327952,-1.3092704,2
2.9558027,5.6009173,1
7.5113673,5.7424903,5
-0.83125913,6.0736527,1
-1.3647224,5.8284907,1
0.082690276,10.315899,1
0.86869115,9.973574,1
0.7220799,9.959082,1
0.63025427,9.777678,1
-1.5167412,6.2439675,1
10.198031,7.537923,5
2.6805139,5.804734,1
-7.028073,4.881684,1
3.665682,-5.583741,2
-1.227516,6.5145426,1
4.6995645,0.493746,2
10.857214,1.3279697,4
0.07591679,10.262939,1
0.47747838,-0.6511602,2
1.4632055,10.305618,1
-0.14564417,-1.2905141,2
-0.52873707,5.6723337,1
-7.0840693,4.871381,1
0.31629947,9.69501,1
0.5058581,9.82931,1
-0.01728751,10.28386,1
0.98891735,7.752634,1
18.509737,2.7665942,0
11.41898,0.61276084,4
2.6471045,5.7952952,1
-0.7350612,5.431002,1
3.4624517,-3.4098995,2
0.7819706,10.877814,1
4.715417,0.59744483,2
2.9459012,6.0512357,1
1.015034,9.68007,1
0.012934253,10.271726,1
-0.020678926,10.151729,1
-1.0196209,5.653386,1
7.4178085,5.7888546,5
7.1521487,5.631078,5
1.0019838,9.675444,1
-0.40886512,5.5457573,1
7.318842,5.0022693,5
-0.81064075,5.46348,1
0.32014576,9.706392,1
10.635163,1.0828173,4
14.577634,5.635894,0
-0.85054946,5.9287295,1
0.26448017,9.6465845,1
10.099281,7.513969,5
0.6064086,-1.289293,2
2.9227915,5.9879756,1
0.6183,10.142487,1
1.2975959,10.340855,1
7.0335116,5.5460687,5
-1.0845578,5.65269,1
2.2819235,7.114644,1
7.1965485,5.5257306,5
10.04406,6.0466166,5
7.3458734,5.6817183,5
11.074527,1.2807008,4
0.3982267,-1.2372323,2
-1.279531,5.316494,1
0.50267804,-1.1663003,2
0.35279965,9.682179,1
11.250493,0.68417823,4
14.581877,6.9589324,0
7.476819,5.301967,5
6.441955,5.4128895,5
6.6143374,5.5109315,5
0.10289231,-1.1524942,2
-0.93217564,5.5470233,1
2.6156392,5.7613554,1
-0.5719257,6.393261,1
11.136354,0.80964845,4
3.9808517,-4.0259085,2
-1.4711628,6.1337757,1
0.42771423,10.254022,1
-0.37025517,5.333281,1
0.8388425,7.823421,1
0.24077354,10.388411,1
2.9418957,6.0383,1
2.9102533,6.0539045,1
1.1842183,10.212034,1
18.669268,3.0279064,0
18.488174,3.3346522,0
7.1086426,5.5495343,5
7.5248876,5.283221,5
16.371624,6.5851164,0
7.504078,5.7802258,5
7.4838495,5.2468085,5
7.43549,5.7332916,5
9.978404,6.307547,5
-1.1982784,5.446237,1
14.63798,5.5948324,0
-1.5971959,5.677882,1
6.5149107,8.575958,5
9.9417715,6.370746,5
4.623158,-4.8524694,2
13.354928,-1.5867662,4
0.18241034,10.450871,1
3.997463,-4.4941607,2
3.2010906,6.1997614,1
0.7893791,9.812744,1
0.47744432,10.195031,1
-0.11544669,-1.2833053,2
-1.9098396,6.1274505,1
-1.3004031,5.3928823,1
14.541799,5.6750836,0
0.6379486,9.948771,1
2.949181,6.044903,1
6.6477833,5.4173055,5
-0.31563443,5.387327,1
7.2208877,5.6786056,5
0.86310077,7.7821875,1
4.259736,-4.438874,2
-1.9664111,6.096793,1
4.7784896,0.6030897,2
7.4925156,5.804563,5
-0.80256855,5.600028,1
14.664597,5.814544,0
10.830814,0.9812316,4
11.382022,0.6520726,4
0.9825706,7.8368316,1
2.7696955,5.757104,1
4.47435,-4.425824,2
-1.1369523,5.994453,1
3.5275571,-5.127834,2
2.6372433,5.639961,1
0.89000493,7.926793,1
0.41727206,-0.37900245,2
1.2439722,10.236066,1
3.251794,5.630116,1
-1.8342712,6.6071463,1
3.1216826,6.1446853,1
3.2185948,5.7272744,1
3.2112021,5.6566176,1
4.52229,-3.94384,2
6.6788197,8.630137,5
10.008588,6.246197,5
2.811015,6.0981154,1
-0.63757163,5.9687867,1
0.1541518,10.324597,1
1.3677558,10.2536125,1
4.493914,-4.3641634,2
3.2328985,5.6263885,1
13.333015,-1.2457414,4
3.029318,5.6390133,1
2.8035498,6.0632095,1
6.676279,8.911442,5
-1.1147699,5.308704,1
0.76371115,-1.0888771,2
4.9238696,-3.771117,2
0.3578915,-0.39547396,2
2.8455431,5.9206276,1
-0.8635969,6.4694614,1
-6.840759,4.5970235,1
0.93876415,7.85051,1
2.3418217,7.12741,1
3.2312682,5.6547923,1
10.011328,6.240257,5
3.3969605,6.189731,1
4.0898695,-3.6997106,2
14.630111,5.607105,0
14.504237,5.8798037,0
-0.9367663,5.773474,1
-7.176263,5.876214,1
6.5566716,6.631927,5
3.15066,5.6251297,1
6.637437,4.5146117,5
10.004287,7.6181164,5
-1.2536473,6.0172505,1
-1.354019,6.604455,1
1.93409,9.49036,1
4.7286415,0.6220176,2
9.880889,6.141113,5
3.4709625,6.2245245,1
2.3464472,7.0917416,1
0.15666074,-0.69717586,2
0.14104815,10.359986,1
0.9078842,7.8031306,1
0.32195184,9.69451,1
0.8953662,8.036643,1
0.08554417,-0.8193807,2
19.212389,6.1482787,0
2.8249989,6.1193676,1
14.599671,5.583869,0
6.6512647,8.736324,5
0.89606255,7.747638,1
-0.7846112,5.986915,1
14.53083,5.6239743,0
1.5153005,9.852801,1
0.9713366,7.781933,1
-1.2871867,5.2778625,1
6.0244775,0.38700822,2
11.037796,1.2841012,4
0.8252945,11.206804,1
0.93652713,7.822621,1
-0.9537158,5.392185,1
0.5479416,10.105521,1
1.5341924,9.854979,1
18.531807,3.1568909,0
-1.5381219,5.7720995,1
14.665944,5.571134,0
0.958784,7.8569107,1
1.3595295,10.193698,1
-0.008336373,10.277892,1
-7.07684,5.9667,1
0.8007105,10.752444,1
-1.4700042,5.389159,1
10.024515,6.2417555,5
2.8211877,5.917928,1
6.72192,8.829684,5
10.167909,7.666919,5
10.918527,1.0262976,4
4.923741,-3.7577412,2
-1.5771995,5.6397796,1
16.400534,6.601364,0
0.87103146,10.531487,1
13.692947,-0.9245892,4
1.0484649,10.768592,1
-0.69592345,5.914175,1
15.378282,6.497352,0
7.22108,5.016822,5
14.544907,5.6172194,0
10.199179,7.4923563,5
2.800445,5.846574,1
10.011209,6.2464967,5
6.671105,4.4460425,5
0.9566811,10.322208,1
-1.2643337,5.482896,1
-2.0326452,6.0974293,1
17.985756,4.167787,0
0.9206902,10.30677,1
6.446982,8.562846,5
13.405687,-1.4973972,4
14.602695,7.008885,0
10.816046,1.1899927,4
6.7026606,8.940525,5
2.9241667,5.9262004,1
13.632029,-1.0311987,4
-0.51299334,6.1029935,1
1.5290203,10.451137,1
14.601818,5.641982,0
1.0690358,9.758831,1
-0.812506,5.497041,1
4.2851763,-3.3521767,2
14.445103,5.7740626,0
6.6601267,9.178672,5
-1.4223145,5.869261,1
4.6646757,-4.4476004,2
3.4358673,6.1016846,1
-1.430293,5.8606853,1
10.193668,7.4670115,5
0.54820275,10.13796,1
11.499715,0.5643416,4
6.1537237,8.8506,5
2.620766,5.634266,1
0.15690319,-1.3034147,2
-1.3380307,5.9646726,1
5.9232316,0.2609307,2
7.4304957,5.79652,5
13.239255,-1.2532164,4
0.5195235,10.176404,1
11.292343,0.6257826,4
15.371871,6.4947453,0
-1.9083197,6.149006,1
-0.23205256,-1.2848127,2
-1.531627,5.7377357,1
16.385862,6.620909,0
10.086303,6.4124827,5
-0.9013289,5.739646,1
11.138698,0.9254808,4
7.6865473,-4.9111795,2
-1.2942754,5.2183557,1
0.83179426,11.225495,1
4.728332,0.48613033,2
18.611542,6.859206,0
-0.5258213,6.051573,1
-0.5414001,5.9186406,1
0.57019824,9.989628,1
2.855004,6.1477757,1
0.85647583,6.6780987,1
-0.06226871,5.933472,1
9.848031,6.0349727,5
-1.8982185,5.490256,1
7.167065,5.4888186,5
17.69322,3.0445404,0
4.726668,0.59479326,2
4.803102,0.5857536,2
-1.9340792,6.1906037,1
7.1120276,5.580669,5
7.01636,5.2099195,5
10.307635,7.65141,5
6.5916452,5.3016477,5
0.56065226,10.157163,1
10.031222,6.22274,5
-1.8592705,6.617784,1
7.3666577,5.7399993,5
1.3232808,10.229186,1
6.659689,4.463921,5
6.6610866,5.0195794,5
3.2421854,5.626231,1
18.606993,2.9699035,0
18.627338,2.954172,0
1.3305736,10.231571,1
15.380079,6.528256,0
17.95513,4.1642566,0
6.6978636,8.459714,5
10.072726,6.190119,5
2.7427738,5.8625755,1
3.2196307,5.645252,1
9.90484,7.4749665,5
14.478021,5.898754,0
14.706142,6.957939,0
0.7475932,10.720968,1
-1.3840173,6.3108425,1
0.010042094,10.254724,1
10.140688,7.6539083,5
-0.808963,5.4436936,1
0.7002886,10.325644,1
10.10249,7.609937,5
0.8348011,11.183484,1
9.981128,6.169341,5
10.559631,1.1367252,4
0.006036209,10.224311,1
6.643113,9.18665,5
0.7679977,10.796453,1
-1.8593565,6.3748894,1
3.4580946,5.8729496,1
6.605528,6.2411876,5
7.38894,5.294751,5
0.19337471,9.809385,1
11.420707,0.65011024,4
-1.307292,5.9011955,1
19.453854,4.5555296,0
-1.1646063,5.8334446,1
19.407135,4.475494,0
7.9246635,-4.7091165,2
1.4651802,10.423967,1
10.093974,6.1131415,5
0.51097,10.184756,1
4.582978,-4.3168488,2
18.044125,4.0755773,0
-0.3054478,5.9460425,1
10.036795,6.2379336,5
-1.6310371,5.6609116,1
0.1728901,10.380333,1
-1.6658819,6.3054113,1
7.5064173,5.303666,5
-1.6552058,5.6210046,1
1.6946026,9.55304,1
11.387101,0.72028637,4
-0.75478834,5.8077126,1
7.9357467,-4.6263337,2
-0.81377125,5.710849,1
7.4740877,5.759108,5
-0.2850363,-1.269694,2
-0.015045585,10.167718,1
11.3763895,0.6714141,4
0.23085423,10.453713,1
0.4291358,10.044999,1
-1.5856842,6.3551846,1
2.607539,5.637238,1
6.6723204,8.909292,5
11.063204,0.9241133,4
7.759408,5.5729947,5
7.3830347,5.8659306,5
0.40045694,10.235977,1
-0.8035697,5.9111543,1
-1.6165601,6.00021,1
-1.8274481,5.833379,1
6.727866,4.5943346,5
-0.23009638,5.8166494,1
9.25041,6.9955187,5
0.8523816,7.7276344,1
10.237369,7.54542,5
-1.5710093,5.7431936,1
0.54894596,-1.28831,2
-0.38932326,-1.0439885,2
0.84439415,11.2221155,1
6.666518,4.9114995,5
3.2138672,5.6473064,1
3.2216818,5.623159,1
10.7863655,1.6021193,4
6.6369796,9.12733,5
-0.96477497,5.341894,1
4.9247136,-3.7844403,2
-1.8513107,6.5481467,1
0.85663676,11.269896,1
-1.5089117,5.8657737,1
-0.807316,5.64714,1
11.059973,1.1791276,4
-1.2163584,6.10322,1
10.221668,7.63776,5
1.507511,10.467017,1
17.99393,5.356413,0
-1.8440624,6.5686297,1
10.017486,7.3380833,5
10.12426,7.6089306,5
14.799833,5.7611675,0
-1.4532729,6.2754097,1
6.0280085,0.24075554,2
7.954275,-4.8666296,2
0.4295134,-0.6541459,2
14.772751,6.9465046,0
-0.22443771,5.697631,1
7.344025,4.893959,5
1.0570183,10.288414,1
0.088873066,9.789173,1
-1.7024115,6.5177965,1
6.674931,8.83677,5
3.2983534,6.0871634,1
-1.7009206,6.429565,1
15.873114,7.05932,0
9.903364,6.3519607,5
-0.72188807,5.9515004,1
-1.2163193,6.137912,1
10.19716,7.674746,5
-1.8240411,6.5425806,1
7.3284507,4.92498,5
1.3695122,10.345029,1
6.6934605,4.9659953,5
-1.3720686,5.837321,1
19.293493,4.4793606,0
0.11735776,10.351294,1
1.4723262,10.534877,1
0.83537716,9.885779,1
0.23536018,9.780625,1
-1.0684098,5.342208,1
10.10995,7.625707,5
17.08467,7.800396,0
0.5516285,10.673699,1
6.58427,6.187431,5
3.3259284,6.199553,1
-1.8374546,6.5646887,1
0.34734508,9.693205,1
6.665864,8.757245,5
-0.2849488,5.340795,1
-7.057876,4.8871403,1
-1.6974312,5.571566,1
0.6862572,10.556353,1
-0.4111203,5.292014,1
16.373993,6.5861974,0
19.59773,4.625648,0
7.2585154,5.575723,5
1.4260455,10.343638,1
-1.0122201,5.9875007,1
7.53776,5.206213,5
7.391433,4.888254,5
0.43356362,-1.2187444,2
1.2111777,9.234492,1
6.5361624,4.9570036,5
7.3870273,4.930459,5
-0.284899,5.3327675,1
-0.7853293,5.3623266,1
16.385092,8.06656,0
7.379719,4.906041,5
0.84719,11.240215,1
6.564435,5.4812603,5
8.116446,-5.973924,2
16.419703,8.111315,0
14.6391115,5.869276,0
1.0398252,10.753045,1
0.3250985,10.31146,1
0.63605016,9.820236,1
6.600418,5.2460117,5
-0.7693681,5.8634677,1
9.993254,7.5693164,5
0.92573786,7.7477026,1
7.3567457,4.8935547,5
-1.5771631,6.421698,1
6.677654,4.4793277,5
6.6494136,4.9526863,5
0.57289004,10.669461,1
-1.4059544,6.31098,1
10.031986,6.2265415,5
19.32963,4.4789147,0
11.3099985,0.871277,4
0.020285176,9.681388,1
0.08435302,9.8457365,1
6.9661674,8.503042,5
1.0529124,10.748234,1
6.5485086,5.3970833,5
-1.1220483,6.1745687,1
4.345498,-3.9164646,2
0.37888741,9.82582,1
-1.8596174,6.5983944,1
6.76073,8.91546,5
6.489832,8.566782,5
1.2951757,10.02312,1
3.2412426,5.6766043,1
10.025449,6.333748,5
-0.8381903,5.414531,1
-1.0534394,5.5787344,1
-0.87428606,5.8580084,1
10.801203,1.171478,4
15.394671,6.5051475,0
4.7421727,0.57290006,2
6.6850095,4.948941,5
2.6436162,5.6348033,1
-0.39892858,5.26125,1
2.82958,6.064392,1
6.681632,4.490217,5
-1.0684205,5.3298287,1
-0.7458998,5.542181,1
6.6872315,4.9437404,5
6.643334,8.818025,5
6.668826,4.9404206,5
0.92681587,7.7729864,1
3.0104911,6.087206,1
13.602207,-1.0485343,4
0.90260005,7.823305,1
-1.2570194,5.8134966,1
-0.9726413,5.2891526,1
1.1543535,8.942176,1
17.023987,7.782444,0
18.50625,3.0329056,0
6.826661,5.2990794,5
2.332983,7.140998,1
-6.9160824,5.821794,1
-1.3162543,5.3220887,1
2.6526659,5.641385,1
3.4928048,5.939856,1
-1.1596439,5.547726,1
15.9716215,7.1778307,0
0.06711473,-1.3971092,2
10.203935,7.4712987,5
3.521861,-3.495982,2
3.4880617,5.917847,1
17.090137,7.8137374,0
6.6309204,4.512333,5
16.392036,8.080171,0
0.6382911,-1.0700389,2
6.7187195,8.378945,5
3.2107313,5.6327915,1
6.698888,5.051268,5
-0.019771023,10.062047,1
12.954323,-0.8891438,4
-0.7777228,5.5475807,1
0.09491539,-1.3831966,2
2.2714987,7.2058506,1
6.609319,6.3444495,5
0.77929425,10.108245,1
-0.87106293,6.039738,1
1.5594677,10.376906,1
1.0283413,10.191437,1
4.605267,-4.2378836,2
-1.4563535,5.4639454,1
1.0574926,9.239575,1
-1.0946921,5.680029,1
0.17021394,10.169778,1
0.85610795,11.269554,1
4.799094,0.49366993,2
0.8614591,7.7081437,1
6.5194306,5.4292173,5
-1.0746605,5.215115,1
15.381496,6.537059,0
-1.1041498,5.2101607,1
-1.8490423,6.2084208,1
9.666542,6.379367,5
0.3462746,10.409345,1
0.4485332,-2.2609258,2
7.5026965,5.326597,5
2.684152,5.760123,1
-1.1843837,5.528665,1
-0.2049977,5.797349,1
17.943445,5.3630285,0
-1.8588505,6.5383015,1
-1.9480644,6.154692,1
9.927072,6.605296,5
17.984426,4.2350097,0
0.25218952,10.140368,1
4.715096,-4.5592513,2
0.38293093,10.224938,1
-1.3237672,5.3128843,1
3.0963151,6.1381874,1
1.0226094,10.356796,1
0.9219442,7.7857485,1
1.2890267,9.869353,1
6.373714,7.28931,5
7.4954333,5.7646976,5
17.943604,3.2237637,0
19.424408,4.4748397,0
18.661121,5.314071,0
3.9593482,-4.4100256,2
1.9066708,9.466582,1
-1.4039426,5.7176805,1
-1.4515718,5.4489846,1
-1.8236512,6.453943,1
0.9800819,10.358622,1
1.0967817,10.726794,1
4.8622375,-4.396214,2
5.9926443,7.505717,5
11.449755,0.6076037,4
6.8927727,8.96339,5
9.45766,7.5786963,5
1.1216581,9.112048,1
15.501184,5.682828,0
19.508661,4.664525,0
0.2715627,-0.37070447,2
4.7764673,0.552375,2
-1.9104054,6.567886,1
2.5736318,5.5751104,1
3.330568,-5.621709,2
0.5033135,10.245744,1
6.928495,5.5062547,5
0.78232914,10.788073,1
-0.053844392,-1.0162348,2
10.081773,6.112662,5
16.83247,7.229078,0
-1.9272912,6.3307443,1
6.231585,8.689436,5
-1.3417246,5.3172097,1
0.6290003,6.7291474,1
3.2461467,5.676411,1
1.4664268,10.544412,1
-7.031236,5.8878217,1
-1.219451,5.8552666,1
2.7310503,5.680233,1
3.1904972,5.7630286,1
0.29109898,6.997666,1
2.253602,9.204057,1
-1.9295521,6.3079424,1
3.4168293,5.88172,1
10.045116,6.2353477,5
3.8683465,-4.273291,2
6.3610373,8.600704,5
6.485102,8.579934,5
-1.9781001,6.1269493,1
0.84463996,9.786533,1
2.6742508,5.608017,1
7.4502273,5.7173967,5
6.5805225,5.369761,5
-1.3950168,6.4672446,1
13.371265,-1.5639628,4
0.29324389,9.743103,1
14.730346,5.7710533,0
7.6184425,5.62015,5
7.4046035,5.424448,5
-1.2310293,5.6617246,1
-1.17247,5.5070124,1
0.84767544,9.919583,1
-1.1459439,5.179161,1
2.9667144,6.061617,1
6.375558,8.702234,5
-1.6757203,5.5933065,1
10.153004,6.2825375,5
7.197099,5.448407,5
7.6016684,5.616254,5
-0.45244157,5.5116806,1
7.4137526,5.336747,5
-0.07538699,10.115449,1
-1.7086613,5.8227124,1
0.69994473,9.958964,1
6.4226365,8.5802145,5
2.8629825,6.103338,1
18.819569,2.9318025,0
-0.21989764,-1.2498654,2
-0.053803824,-1.0526597,2
0.957184,7.76862,1
4.1488333,-4.6570635,2
14.735352,5.502377,0
3.3788629,5.851826,1
-1.2902033,5.417157,1
2.7094996,5.849259,1
-1.3058774,5.511965,1
-1.1398723,5.395465,1
0.53898776,6.682668,1
-0.0024586897,10.063381,1
4.724523,0.57917064,2
2.578563,5.593699,1
7.691098,5.5922704,5
-0.48177347,-1.486456,2
7.1293235,5.5959477,5
-1.3066705,5.368981,1
-0.1107845,-1.2559261,2
7.2523055,-5.3328433,2
14.707994,5.5650296,0
6.894869,5.5711827,5
2.5374753,5.710971,1
-0.4641369,5.475629,1
15.417295,6.4657936,0
-1.4791567,5.430515,1
0.2617574,6.5728426,1
4.885825,0.45367423,2
0.978946,7.6789937,1
-0.9679466,6.084041,1
-1.0429255,5.4781804,1
4.116369,-4.6575027,2
18.006544,5.32327,0
-1.0674847,5.231427,1
4.8064923,0.46426854,2
-1.3225774,5.3608212,1
14.642522,7.083309,0
2.488008,5.634537,1
-1.9615626,6.145728,1
-1.4085618,5.2984796,1
18.079361,4.139177,0
-1.9786923,6.1183,1
7.647155,5.5333447,5
-1.1939569,5.453428,1
-1.1479568,5.2110205,1
-0.09155428,10.214467,1
-0.98833543,5.4060874,1
10.160089,7.6777816,5
3.211134,-5.028493,2
0.20794646,10.208017,1
-1.0286819,5.3108606,1
7.647719,5.601658,5
3.2131608,5.6567006,1
-1.13084,5.4964566,1
10.116236,7.5693545,5
15.92239,7.138874,0
-1.625276,5.86578,1
0.2328617,10.334013,1
-1.3498617,5.6169777,1
-0.06982409,10.207664,1
0.5882461,-1.2402233,2
7.598562,5.5852222,5
10.092519,6.1124067,5
-1.388314,5.2082086,1
7.387396,5.3617525,5
6.614515,8.844984,5
-0.3057118,-1.155339,2
-1.1157616,5.4474297,1
10.019237,6.310708,5
14.589534,7.1103997,0
0.5170722,9.87012,1
7.6059656,5.578154,5
2.547696,5.766872,1
-0.07882274,10.2708645,1
7.584634,5.599018,5
19.237968,6.1938696,0
7.535856,5.5993247,5
7.6495895,5.3437114,5
10.088687,6.211101,5
7.511601,5.3886795,5
3.1549652,5.672072,1
-0.9991119,6.03022,1
-1.363398,5.3561916,1
10.1148,7.419803,5
7.489593,-5.092239,2
0.7725514,9.914711,1
0.3036868,9.906021,1
14.533439,6.971258,0
18.485025,3.2846134,0
2.6769443,6.001549,1
18.598776,6.821402,0
2.8608828,5.743299,1
12.968548,-0.91122276,4
0.34751824,10.319429,1
0.46076354,6.8903856,1
0.8881211,7.7481565,1
6.430905,9.184225,5
-0.91,6.0977426,1
0.8809163,10.562071,1
15.40965,5.717129,0
1.3283705,8.906943,1
-1.3861209,6.124719,1
1.4158106,10.204278,1
-1.7574874,5.953188,1
17.569828,4.2362633,0
-1.138726,5.1948357,1
6.630558,6.1560373,5
1.5466714,9.654347,1
2.3289216,7.1312785,1
6.570946,6.2807794,5
0.5912799,-0.78428423,2
6.60159,6.1629543,5
2.8555686,5.88017,1
2.3739936,7.109236,1
0.7132505,-1.1309867,2
6.88493,5.245394,5
3.3955412,5.8772893,1
-1.6319635,5.669802,1
2.0735402,9.358535,1
7.0964055,4.626684,5
7.139758,5.572356,5
10.151529,7.5084023,5
-0.09548638,-1.2384081,2
0.5313484,10.843325,1
4.9066496,-4.5159326,2
10.098603,6.21112,5
0.5658294,6.8539414,1
10.230101,7.5681944,5
-0.106324404,10.10241,1
14.574998,7.140489,0
3.008081,5.747622,1
15.0571995,6.738647,0
16.403364,6.5535903,0
1.3704865,10.437034,1
2.7266912,6.0212154,1
10.135906,6.1845026,5
-0.7362141,6.1847525,1
0.6146385,10.332155,1
15.94346,7.1323895,0
6.107265,8.821145,5
10.144085,6.2426424,5
10.233983,7.6589546,5
17.716057,4.1533713,0
1.3427953,8.967298,1
4.939198,-4.4700785,2
0.9558252,9.859237,1
2.9260824,5.624134,1
0.08913291,10.142951,1
4.94144,-4.4708734,2
0.8269285,9.877019,1
18.708076,6.6401167,0
0.9647927,10.453619,1
10.936616,1.2753073,4
-7.3918085,4.7190037,1
0.026502687,-1.2534401,2
0.33885917,10.162367,1
14.605976,7.06167,0
7.3546596,5.417032,5
3.8443,-4.0570216,2
-0.8840278,5.754947,1
14.50239,5.6301885,0
-0.8117676,5.6229157,1
18.022758,5.3787313,0
1.3246001,10.32614,1
2.703167,6.012736,1
3.0985901,6.1876283,1
7.928545,-4.9712944,2
-1.5318152,5.489885,1
-1.2412074,5.3456078,1
6.8431826,5.5402017,5
7.4858193,5.3907123,5
-0.09596821,-1.2599825,2
16.45089,8.021231,0
-0.041438993,10.148706,1
9.887472,6.209335,5
18.024292,4.1491394,0
15.424487,6.4995675,0
2.542663,5.72513,1
-0.036320794,-1.4235798,2
6.1050477,8.764949,5
7.3247843,5.406861,5
12.734801,-0.9037447,4
0.010984567,10.241327,1
-1.8488165,5.520132,1
7.628491,5.6098723,5
14.498591,5.737816,0
3.104364,6.172851,1
-0.76369417,5.996247,1
-1.352542,5.3177657,1
2.6864169,6.0264764,1
-1.0236514,5.2460375,1
5.967497,0.4214654,2
18.024702,5.3385873,0
3.0564747,6.1572065,1
3.4716372,6.0863113,1
18.671928,5.308579,0
7.6173167,5.3702326,5
0.021513138,-1.0585814,2
7.520148,5.543217,5
10.086991,6.2326107,5
7.3642235,5.671614,5
13.042042,-1.0573803,4
-1.7546086,6.2640214,1
-0.78954613,6.18042,1
6.0322123,0.24647574,2
7.368749,5.37957,5
-1.1005088,5.99973,1
3.9030638,-4.0640984,2
-1.709254,5.8382835,1
3.0389051,5.9807487,1
10.36994,7.585359,5
17.99666,5.3508477,0
6.57427,8.316649,5
9.288098,7.02599,5
-1.4081155,6.077036,1
19.188646,6.2000203,0
6.311789,8.70228,5
6.3129005,8.613148,5
0.67148244,10.046476,1
-1.67004,5.766068,1
6.391972,8.575837,5
1.1406878,9.691319,1
6.9045534,4.8674064,5
14.5824795,5.8339324,0
-1.8583313,5.5384297,1
6.4904284,8.484326,5
7.364265,5.4133506,5
0.03719194,9.797693,1
2.7504575,6.0591516,1
4.8366823,-4.444341,2
-7.0560412,4.8463507,1
-0.7899226,6.0950685,1
-0.065039665,-1.1483737,2
3.280774,5.9484935,1
-1.963029,6.1605587,1
0.9668563,7.745586,1
0.42387375,6.6683946,1
7.50633,5.5789485,5
7.5713596,5.320262,5
-1.2541188,5.9305096,1
7.667889,5.4037676,5
0.33193517,10.09649,1
15.192309,6.3820934,0
-1.1395948,5.398136,1
0.9317696,7.806302,1
-1.6064299,5.559812,1
0.8166907,9.987351,1
-1.7985301,5.492043,1
-1.3112618,5.8550496,1
4.843107,0.45515722,2
0.27548096,9.721985,1
-1.7070372,5.9021564,1
6.363909,8.592721,5
-1.4932721,5.37303,1
-0.7406681,5.9599824,1
0.18065017,10.363112,1
-1.6968546,6.3664846,1
3.0886576,5.81913,1
14.6286335,5.8842964,0
2.8439138,5.8811245,1
14.528966,5.6082716,0
-1.6561409,5.740024,1
3.4647527,5.9854527,1
6.9561586,5.09399,5
6.454429,8.559101,5
-6.8469157,4.600808,1
-1.8039423,5.4954257,1
7.1246676,4.6199846,5
3.830683,-4.076956,2
1.4636142,10.428387,1
1.4859631,9.908385,1
10.063932,6.3020077,5
14.543447,6.937843,0
10.061219,6.2719064,5
1.4512619,9.697247,1
0.56193566,11.0701685,1
7.094021,4.623939,5
0.69294924,-0.9688725,2
-1.007182,5.5724907,1
1.2300172,10.088895,1
-0.8484146,5.517436,1
14.652512,7.064261,0
2.8487515,5.8374496,1
1.3209624,10.503361,1
18.017761,5.3664584,0
12.794215,-0.92405665,4
-1.6658996,5.725718,1
-0.12229771,-1.2903644,2
-1.665315,5.678996,1
0.9984254,7.883269,1
4.452482,-4.407761,2
0.52303344,6.651566,1
-0.89062387,5.793939,1
1.4589609,10.446955,1
-1.669028,5.7240224,1
-0.27573276,5.328377,1
-1.3127201,6.5863876,1
-1.576444,5.680715,1
-0.88880855,5.6287947,1
-0.3176952,5.222427,1
-1.8061314,5.5024867,1
18.74056,3.158593,0
4.544849,-4.1106553,2
1.3413795,10.384796,1
7.243302,5.0994678,5
7.392874,5.421338,5
0.879771,7.9222445,1
-1.4674511,5.3353667,1
-1.1645378,5.6341367,1
0.097510114,-0.9583474,2
-0.0602344,10.238192,1
17.118801,7.837498,0
6.0882916,8.83774,5
9.995107,6.347918,5
10.056746,6.3444715,5
1.3349978,10.636328,1
0.61860573,10.988584,1
0.5091475,9.900363,1
19.533773,4.516075,0
14.761265,5.5254493,0
-0.90443826,6.1727896,1
-0.43575722,5.474876,1
17.993713,5.37012,0
19.32436,4.550266,0
0.29329214,10.30152,1
-1.3981609,5.4058223,1
2.5000796,5.6765122,1
14.741975,5.5446653,0
1.3967866,10.300467,1
3.9038923,-4.5537815,2
-1.7844299,6.4806175,1
1.4653183,9.963656,1
7.5999484,5.61548,5
4.593985,-3.828494,2
10.169504,7.644426,5
14.638164,5.593155,0
4.2502522,-3.3955019,2
-1.3590472,6.440242,1
-1.5031499,5.737185,1
10.043447,6.251994,5
6.4131765,9.202325,5
3.1434283,5.6660695,1
7.2141004,5.0684004,5
-1.3477103,6.212626,1
0.35020128,9.737365,1
1.0244222,10.330338,1
3.350261,6.128853,1
-1.6190819,5.7063584,1
-1.3726639,5.382058,1
0.3686053,9.723288,1
10.122089,7.5151772,5
0.6194803,11.0753145,1
-1.6070501,6.1344094,1
0.61532646,11.089369,1
9.664666,6.3392367,5
6.1589804,8.803961,5
7.071641,4.618791,5
0.64344877,9.861351,1
0.61931133,-1.2346911,2
6.419693,9.185231,5
9.957303,6.1185184,5
0.55835354,10.07164,1
14.736737,7.025792,0
0.27488023,9.841071,1
0.66130686,11.028091,1
0.42044917,-0.6551105,2
0.594802,10.89256,1
-1.5715473,5.664762,1
4.7659297,-3.747605,2
7.6752152,-4.873373,2
0.65047354,11.041524,1
-0.0985038,10.2411175,1
7.6190534,5.6149335,5
-1.7340698,6.134731,1
18.531733,3.1163373,0
6.4787145,9.204266,5
3.163019,5.7340374,1
0.6464656,9.830729,1
-1.3015535,6.27019,1
3.1921425,5.635409,1
14.445614,5.7646136,0
7.591055,-4.8651752,2
0.42776215,9.744108,1
0.6469224,9.814903,1
7.856674,5.53814,5
6.1173935,8.80436,5
0.6113091,9.725614,1
18.72415,5.3047657,0
18.625694,6.776011,0
10.367452,7.5959225,5
10.248732,7.5725865,5
4.6702023,-5.26535,2
7.0421925,5.57107,5
3.3793209,5.857178,1
-1.9878175,6.120742,1
10.085119,6.33633,5
-1.6499008,5.572987,1
14.421604,5.8848324,0
15.955895,7.142526,0
-0.6116699,6.133985,1
-0.9732488,5.9174123,1
6.926665,5.0459733,5
14.673907,5.653047,0
4.9090757,-3.8102334,2
7.600966,5.6301303,5
0.18759143,-1.2815882,2
6.8326945,5.5350432,5
4.797751,-3.7804608,2
0.4533609,10.509031,1
0.82916266,9.805264,1
0.57724196,10.475208,1
1.4087259,10.28363,1
0.5527036,9.703163,1
-7.3726954,4.7343307,1
-1.1430088,5.5386114,1
10.114839,6.2725177,5
-0.18952017,-1.2408575,2
4.9110966,-3.7677608,2
10.094439,7.691985,5
-0.44965488,-1.521989,2
7.1203046,4.631374,5
7.623282,5.3633285,5
6.2085605,7.8563747,5
4.570811,-4.528037,2
10.058081,6.3472652,5
0.6871891,11.015856,1
2.835412,5.8805065,1
4.7839794,0.5015962,2
-1.8652369,6.53893,1
0.6023658,9.8560705,1
15.977826,7.070046,0
-0.74313974,5.860244,1
10.171884,7.7189865,5
-1.8347138,6.5007744,1
-1.6580393,5.7133646,1
10.037841,6.3713317,5
7.6043572,-5.0282645,2
1.4795923,10.438001,1
0.6526247,11.058846,1
0.693955,9.887285,1
14.416394,5.8632803,0
7.370714,5.290956,5
6.1139073,8.799494,5
4.2860446,-3.3429725,2
2.8489428,5.874504,1
18.781006,3.0815227,0
13.630732,-0.9872595,4
-0.32012865,5.2585773,1
-0.31015238,5.25303,1
-0.040759616,10.272409,1
-1.6160259,6.350303,1
9.981955,7.776231,5
11.469331,0.61104184,4
0.7339156,10.686388,1
0.34466958,10.248694,1
-0.8206307,5.9812384,1
10.22133,7.646083,5
-0.2883977,5.250568,1
3.5422902,5.977875,1
-1.6181312,6.4687247,1
6.4303565,9.164066,5
3.4537065,5.969824,1
5.8394423,8.619375,5
-1.2839987,5.9091616,1
16.44269,8.0237465,0
-0.59225535,6.1159477,1
11.236678,0.8900742,4
10.143466,7.6472397,5
0.65534335,9.850064,1
6.471433,9.209223,5
7.655155,5.6747265,5
18.747473,3.1816514,0
1.0485572,10.42191,1
-7.088105,5.9765615,1
-0.3149242,-1.1481645,2
6.496931,8.971628,5
0.51928806,10.201634,1
-1.6987509,6.282887,1
1.0468067,9.83709,1
-1.8803469,6.28409,1
0.09115349,10.33333,1
10.152543,7.63343,5
0.9654882,7.8554482,1
6.3387074,8.6624365,5
0.9664056,7.849785,1
0.4445966,10.257923,1
7.2497926,5.1344795,5
6.6953044,6.220493,5
14.7185335,6.9433255,0
6.6606865,8.887387,5
7.0969615,4.623984,5
-1.839942,6.5256996,1
10.06862,6.2467775,5
6.4441977,9.184683,5
-1.54813,5.776079,1
10.144399,7.639258,5
6.467507,9.147539,5
9.969827,6.34494,5
1.2486775,10.739318,1
2.7426913,5.7533584,1
0.9690792,7.8925266,1
-1.105698,5.371283,1
11.103562,1.2766409,4
0.7872962,10.285517,1
-0.032205086,10.035895,1
2.5885184,5.6558084,1
14.785691,5.485669,0
10.024095,7.637326,5
0.17878373,9.9260845,1
-1.87156,5.975006,1
-1.1150837,5.251624,1
-0.3812928,5.2470827,1
-1.160925,5.935652,1
-1.359125,5.979403,1
-0.0902788,10.195837,1
4.8254027,0.49838802,2
-1.8559602,6.3128304,1
0.9519704,7.848893,1
7.0563335,5.4317026,5
-0.08198857,10.046453,1
-0.123349935,10.276842,1
0.6536937,9.992636,1
4.167033,-4.8369317,2
1.0857313,8.917612,1
0.3624516,9.852353,1
0.8943748,7.793731,1
10.180753,7.5121336,5
-1.3181548,5.3402996,1
-0.81560254,6.05001,1
0.30728883,9.790258,1
0.14769244,10.360914,1
-0.78280574,6.0307693,1
3.0080323,5.8863273,1
4.653962,-4.3353224,2
7.5171914,5.3994904,5
14.620501,5.683989,0
-1.0107697,6.061017,1
-1.311318,5.732251,1
10.167484,6.230054,5
7.5097275,5.3415112,5
0.6848927,11.009398,1
7.096451,5.55691,5
-1.1416868,5.1877537,1
19.374855,4.482204,0
10.274773,7.564172,5
0.17434675,10.381772,1
-1.2128959,5.814087,1
-1.4771806,6.542349,1
-1.8079933,5.482858,1
3.150057,5.7054973,1
10.085215,6.3327556,5
14.620994,7.0416684,0
10.20868,7.658785,5
6.952558,5.3868666,5
7.6823106,-4.913508,2
-1.0688182,5.261839,1
7.994188,-5.8309975,2
0.78979325,9.835219,1
0.95383483,10.572235,1
5.9726834,0.039721455,2
10.1638565,6.277717,5
-6.8949733,4.6264024,1
10.254981,7.5975146,5
0.74015516,-1.9108722,2
0.887718,7.8764505,1
7.627939,5.620681,5
-1.7758907,5.4982452,1
7.6899576,-4.960272,2
4.692879,-4.896498,2
10.169017,7.5461707,5
0.6494202,9.970205,1
-1.4401566,5.464473,1
0.11265812,9.824209,1
-0.028289499,10.157697,1
-1.9397608,6.194842,1
-1.868856,5.9910903,1
-0.42795828,5.2714543,1
1.3887354,10.527512,1
-1.7976891,5.932176,1
2.8396578,5.815706,1
4.5471992,-3.8629222,2
10.239192,7.71867,5
1.0763056,10.179386,1
19.576828,4.6235495,0
-1.7299672,5.7414412,1
-1.1340405,5.238526,1
3.1724815,5.883353,1
0.2826694,10.227755,1
-1.0346754,5.242759,1
0.89719635,7.847662,1
-6.818899,4.603766,1
17.046614,7.815537,0
-1.88015,6.5164695,1
10.053331,6.2802033,5
-6.934798,5.8131824,1
18.86652,2.8095376,0
4.8166885,0.50465745,2
4.702241,-4.3505483,2
13.629454,-1.2441411,4
6.4886537,9.118064,5
10.108315,6.276951,5
10.147592,7.5247293,5
10.18546,7.6690755,5
-6.817875,4.618743,1
-0.95852065,6.6354117,1
10.025185,6.3545327,5
0.61185473,9.82152,1
-7.0411863,5.9682307,1
0.37560233,10.52183,1
4.3976674,-3.995756,2
-1.6117532,5.749857,1
14.733828,6.983227,0
10.023985,7.576632,5
-0.83487684,5.650336,1
3.2050016,5.680591,1
4.197662,-3.8243217,2
4.9373746,-3.7744224,2
6.369188,9.193696,5
0.6506194,11.039691,1
7.440443,4.9270625,5
1.2984009,10.654036,1
3.4574566,5.951416,1
-1.6427913,6.3965583,1
0.9566844,10.058902,1
10.119892,7.51123,5
6.347341,9.215742,5
6.8539667,8.624648,5
0.58767253,11.082044,1
6.4024773,9.195106,5
4.969499,0.40499112,2
6.9189296,5.1555767,5
-1.1340748,5.526076,1
-1.7148738,6.5295324,1
-1.433046,6.58378,1
6.1157413,8.856446,5
2.6019628,5.5989966,1
7.520492,5.3136597,5
7.621204,5.563904,5
16.339039,6.5955977,0
10.137532,7.726633,5
-1.8733858,6.5379076,1
7.284446,5.6383095,5
4.4847245,-3.926731,2
0.70756274,10.490811,1
-1.0558312,5.4549084,1
10.147326,7.6494336,5
-1.7325417,6.3194165,1
7.590907,5.6250315,5
0.6272382,9.827318,1
-1.2350379,5.4845185,1
14.561337,5.664861,0
-1.3139153,6.753655,1
-1.9215237,6.4311275,1
2.6858656,6.0257173,1
-1.7597448,6.1612587,1
6.257227,8.65777,5
10.126228,7.301891,5
-1.1452618,5.494112,1
0.4074969,10.261835,1
4.908711,-3.8235767,2
0.63209957,10.86856,1
-1.555088,6.3285804,1
7.1188335,4.615693,5
-6.9872737,4.7342587,1
0.3304498,10.408208,1
14.465047,5.7305026,0
0.3727647,-1.186451,2
-1.9558434,6.173651,1
0.39925528,10.567657,1
-1.7362591,6.2805495,1
17.070341,7.8544846,0
2.9365585,5.889624,1
18.017918,4.198245,0
3.3557365,5.8405538,1
0.5977464,11.088737,1
-0.72278714,5.5274234,1
-0.874142,5.9923444,1
6.3891907,9.192682,5
-1.6779481,5.6503973,1
-1.7902296,5.949443,1
6.2182055,8.635645,5
6.6895437,6.1777244,5
2.9850092,5.602521,1
-1.0175545,5.2987704,1
17.031757,7.828262,0
1.3414279,10.6152935,1
13.612453,-1.0534359,4
-2.1862857,5.7302294,1
0.13220318,10.291632,1
1.4131325,10.625189,1
-1.738015,5.7499423,1
-1.9036084,6.1237187,1
14.616648,7.0437527,0
7.9242144,-4.5894837,2
-1.7093129,6.4469686,1
14.72615,5.6727853,0
0.5112812,10.144292,1
15.935551,7.1231923,0
0.6069621,11.061512,1
-1.8861716,6.563494,1
0.9377374,10.276132,1
-1.1695945,5.5875344,1
14.722922,7.069956,0
10.132158,7.6120615,5
-1.8592504,5.8860373,1
0.23104466,10.389818,1
7.541966,5.250109,5
-2.237138,5.9148483,1
18.489813,2.851885,0
-1.953623,6.1711373,1
-0.13038339,-1.1335963,2
-1.1278273,5.292916,1
3.1433465,6.0185075,1
4.7216606,-4.31498,2
14.637707,5.6622934,0
4.671441,-4.9308796,2
13.548221,-1.5296311,4
-0.9350086,6.101697,1
6.457334,8.50903,5
15.419453,6.480043,0
-0.07363851,10.211471,1
-1.6639428,5.56864,1
13.013009,-0.898437,4
-0.014119144,10.247956,1
-0.0908387,10.249512,1
0.91486394,-1.19928,2
0.62662977,11.081673,1
18.703157,2.6318123,0
0.71540135,10.492383,1
3.1613982,5.690381,1
14.805175,5.7460613,0
0.24892035,9.782949,1
-0.95803857,5.992945,1
4.734869,-4.3208227,2
12.698955,-0.94967484,4
-1.0502391,5.4727616,1
0.61327046,10.135893,1
10.224583,7.6590185,5
14.423686,5.7741556,0
0.43383822,10.526932,1
7.985095,-4.551202,2
-1.3745002,5.998456,1
0.69191796,10.031365,1
10.042099,6.2777495,5
-0.4506719,5.2135625,1
3.564207,-3.4373906,2
-1.8684238,6.5429783,1
-1.0785855,5.6162505,1
2.8992968,6.0646133,1
13.569346,-1.3606098,4
7.107804,4.6096992,5
16.961819,7.8614473,0
4.6910195,-4.7811103,2
-6.840753,4.607046,1
-0.9901863,5.733173,1
0.7439512,9.657799,1
0.39091706,10.289812,1
0.42387697,-0.39458883,2
6.3867726,9.188971,5
0.52857125,10.599644,1
4.581341,-5.1188455,2
0.6428773,10.809494,1
19.388683,4.475863,0
0.76010376,10.232223,1
13.121042,-1.0472755,4
10.127551,7.7012815,5
0.16210636,-1.3557072,2
-1.6934114,6.331543,1
13.521996,-1.327222,4
4.5180473,-4.3446765,2
1.342661,10.210051,1
-0.81785667,5.768758,1
4.446976,-3.8210125,2
-1.7499198,5.8058305,1
6.495857,8.560511,5
7.36692,5.652277,5
10.154185,7.657138,5
6.4042645,9.184441,5
-1.2969587,5.7735143,1
6.931903,5.1012654,5
-1.3599662,5.3338337,1
-0.8972696,6.1177106,1
-0.99283653,5.810848,1
6.1399403,8.80613,5
-1.7703592,6.2859397,1
3.2102606,5.627909,1
4.241072,-4.7208905,2
1.0738109,7.70941,1
3.0044773,5.6272936,1
-0.018789513,10.206912,1
0.38084975,9.799748,1
-0.19330773,-1.2119251,2
10.025627,7.674414,5
0.9825876,9.895618,1
0.41317448,10.363316,1
11.281559,0.8624299,4
3.3749642,6.058404,1
7.1960053,-5.3649707,2
7.475945,5.3048124,5
-0.21497753,-1.2651162,2
3.0981011,5.960099,1
6.4314733,8.60263,5
-0.060850304,-1.1246637,2
-0.15355438,-1.2038879,2
7.2524443,5.622052,5
-1.7712145,5.9363832,1
0.05437111,10.220066,1
0.24768826,10.228212,1
7.570073,5.564411,5
-0.8485723,6.0998163,1
7.3346844,5.4635367,5
10.131402,6.324148,5
-0.22766857,-1.4081793,2
-0.9690218,5.2866554,1
6.6815934,6.2384095,5
0.58714086,11.094587,1
5.9751377,0.3289551,2
6.1673193,8.914854,5
10.078159,6.3487854,5
-0.11318571,10.223564,1
7.3221374,5.400909,5
6.1695857,8.918665,5
-0.857227,5.8848653,1
14.394432,5.8358016,0
7.946764,-4.9599257,2
14.550977,7.0749865,0
6.7829704,5.654508,5
14.5316725,7.031422,0
6.3748,8.412392,5
-1.2985444,5.7633677,1
6.046292,0.39398444,2
0.8741643,9.832036,1
7.538948,5.6214824,5
-0.016720125,10.277595,1
-0.12884356,10.224402,1
0.059034903,-1.176133,2
0.3947601,9.768245,1
2.7153137,5.908838,1
7.617125,5.2683277,5
-7.226106,5.996795,1
0.99640775,7.7323294,1
-1.8026296,6.2433524,1
7.6220603,5.63494,5
-1.9010645,5.647128,1
0.2673702,9.7780905,1
3.464503,5.9913816,1
-0.0031537327,9.862005,1
0.5916167,6.921797,1
10.174564,6.291451,5
2.8287702,5.7610335,1
-6.870688,4.6109104,1
6.345961,9.22399,5
0.6838582,10.721974,1
1.3820622,10.513021,1
6.373178,9.186784,5
6.3594356,9.214967,5
14.670023,7.0110154,0
-0.083405815,10.329655,1
7.1057367,4.6120086,5
6.680223,8.422409,5
7.4312577,4.9748616,5
1.4200027,10.527699,1
-1.6032404,6.4388833,1
2.061999,9.359265,1
-1.7743516,5.973869,1
7.1546125,4.5702305,5
7.4324193,4.9452477,5
0.5672393,11.142252,1
7.5006104,5.3019857,5
-6.84408,4.6199083,1
2.7966716,5.691392,1
0.9308593,7.81229,1
-1.1748959,5.159337,1
3.4768505,6.033438,1
0.2916418,10.430631,1
0.37704355,-0.5232488,2
-7.035726,4.87433,1
0.975498,10.370798,1
7.465326,4.9610076,5
10.098357,7.4613104,5
-1.2755063,5.720016,1
15.412355,6.519747,0
-7.0931907,5.9748707,1
10.125606,6.17306,5
10.849957,1.5322437,4
0.88285214,10.4234915,1
0.13201316,-1.28201,2
4.7334785,0.5245337,2
6.725468,8.31507,5
-6.981435,5.838825,1
6.5353317,9.030406,5
7.4402957,4.930878,5
17.077547,7.820893,0
6.337933,9.213291,5
2.648822,5.609145,1
-1.9074315,6.5313277,1
-1.8905628,6.4652314,1
6.325468,9.225409,5
4.3828325,-3.9455101,2
0.8156903,9.918893,1
-1.2252021,5.4122553,1
0.9498005,7.8041825,1
10.805242,1.1264402,4
0.6054109,11.130465,1
2.546737,5.71149,1
2.6407623,5.616375,1
-7.013434,5.88133,1
-2.2077656,5.9434724,1
-0.66618264,5.8971453,1
2.9944906,5.5736957,1
0.57342774,11.107311,1
7.1604834,4.8528605,5
0.830475,10.462774,1
14.713481,5.7092524,0
7.4455295,4.962506,5
7.5818806,5.2455196,5
15.397486,6.507137,0
10.255049,7.603885,5
-1.8528281,6.437822,1
0.9080758,10.094023,1
7.456324,4.9636035,5
0.5500566,11.117466,1
10.018369,6.4099836,5
0.60217,10.115646,1
-2.173571,5.933928,1
-1.4956578,5.682487,1
6.7009244,8.583899,5
0.43781057,10.560985,1
-1.5824276,6.4527845,1
7.1656914,4.6131053,5
1.207836,10.286717,1
17.101532,7.7621546,0
7.200693,4.5478277,5
3.1385787,5.646043,1
4.9144588,-3.8039286,2
4.757716,-3.8221772,2
0.5821556,11.110483,1
-0.30051562,5.5455575,1
7.106949,8.885719,5
7.454057,4.942029,5
-0.3618214,-1.329583,2
0.25148094,9.660125,1
16.400166,8.105814,0
-0.7149283,5.9759164,1
14.499607,5.7409544,0
10.874663,1.5750457,4
6.634195,9.003414,5
10.160083,7.7850957,5
1.0961599,10.2454195,1
10.067125,6.022459,5
-1.5580198,5.4539337,1
6.053047,8.81205,5
-0.08057409,10.295792,1
0.7919299,9.898887,1
10.287445,7.704418,5
0.121821076,-0.7879332,2
7.106006,5.5402327,5
6.9725494,5.200502,5
-1.980322,6.050279,1
2.603723,5.5734863,1
14.719932,7.094013,0
7.308773,5.588676,5
-1.4336616,5.454022,1
7.5678077,5.247862,5
2.6310759,5.599849,1
-0.9884727,5.466178,1
-0.1912181,9.954186,1
0.6336429,9.852729,1
6.072041,8.82776,5
7.641232,5.613343,5
-0.23487568,-1.5162307,2
-1.7457552,6.144126,1
-1.1766367,5.1511064,1
7.412796,5.3734326,5
10.038639,6.1408753,5
7.6044316,5.2430005,5
10.255515,7.60686,5
-1.2078507,5.4686165,1
-1.909644,6.535125,1
0.2009453,10.1991825,1
1.4008136,10.605307,1
-1.7626635,6.159992,1
7.0188675,5.3251815,5
-0.82325894,5.511817,1
-0.746685,6.1331687,1
0.04725409,10.27321,1
-1.4134479,6.532612,1
16.730278,7.9154315,0
-1.1793879,5.3612747,1
-1.4031173,5.3000574,1
14.601797,5.596174,0
0.9830289,7.840419,1
1.5048598,9.886371,1
6.374628,9.20599,5
0.5557018,10.117384,1
14.468599,5.743768,0
-0.31761003,-1.302227,2
7.4334445,4.9240804,5
11.384222,0.69017863,4
0.6184762,9.974367,1
0.6534521,7.76675,1
11.279054,0.70078236,4
0.8674703,9.914458,1
7.597003,5.5582056,5
2.730738,5.7473726,1
7.1743507,4.5652947,5
-0.79964626,6.0156775,1
7.623322,5.5886283,5
0.56975186,11.144944,1
1.3730383,10.569452,1
13.609299,-0.9821421,4
10.215946,7.342851,5
19.582365,4.643162,0
-6.9617734,4.7099175,1
7.673343,5.575018,5
16.532625,7.9687853,0
0.5236379,11.099778,1
5.842558,0.06531974,2
0.48634315,11.094571,1
-0.25694653,-1.28993,2
-0.21483676,9.9573555,1
0.5163221,9.765598,1
7.1417637,4.6142173,5
18.748714,2.7864428,0
4.603289,-4.647328,2
7.4114447,4.98295,5
-1.3635353,6.2792296,1
-0.8815417,5.516934,1
13.61436,-0.9503298,4
6.653958,8.791845,5
10.164625,7.4477353,5
16.372972,8.080081,0
-1.430272,5.4884305,1
0.64613557,9.816286,1
0.61645746,9.879785,1
3.4524124,5.9643216,1
1.1562806,8.841085,1
7.5430775,5.1640706,5
10.299749,7.7433505,5
7.1490097,5.5607653,5
4.691631,-4.24699,2
0.16546966,10.422292,1
7.6578817,5.6011558,5
16.382675,8.079518,0
-1.788168,6.055522,1
-0.9819126,5.356431,1
0.39197537,10.355847,1
2.7942054,5.6466236,1
7.5452013,5.2466702,5
7.521544,5.4786453,5
6.8183246,5.4702215,5
3.0209057,5.589387,1
2.8472567,6.112929,1
18.022644,4.1704817,0
0.5444599,11.107828,1
-1.6447601,5.6485906,1
6.192505,8.825916,5
2.986056,5.60461,1
-1.895553,6.250991,1
-1.6176102,6.2820063,1
-1.1778237,5.654387,1
-1.7824596,6.3307343,1
14.603511,7.0331993,0
0.7214838,10.664409,1
-2.0290372,6.0618415,1
-1.7729769,6.0410156,1
6.4169884,9.20797,5
7.2896037,5.0811534,5
0.2632458,9.694528,1
7.5676923,5.2354383,5
7.6100626,5.6443105,5
-0.87652665,5.5597696,1
6.6122766,8.86782,5
2.8131719,5.8806353,1
2.8215027,5.838171,1
6.636402,8.816903,5
6.9955454,5.302577,5
1.4310158,10.503546,1
15.690724,6.017277,0
2.6711736,5.6039586,1
10.928455,1.477588,4
2.7309947,5.9841323,1
7.132741,4.6418233,5
-2.172098,5.8047214,1
-0.48603258,5.4745126,1
-6.9666333,4.723745,1
1.448604,10.5133095,1
3.3866003,5.946883,1
7.428199,4.962531,5
0.42170495,10.586871,1
6.9540052,5.224989,5
0.1466794,9.755604,1
-1.9070604,5.834946,1
-0.9114847,5.837244,1
3.016927,5.631351,1
1.621307,9.567578,1
0.06144694,-1.2023959,2
0.13940153,10.364157,1
7.6560664,5.354236,5
14.6287565,5.661116,0
4.9173956,-3.8187459,2
6.3715167,9.230753,5
14.638462,7.0855513,0
6.539186,9.104702,5
6.3840556,9.219772,5
6.6772385,8.64531,5
10.085109,6.102284,5
0.922043,9.917477,1
7.4994726,5.2385073,5
10.131255,7.519663,5
0.52166176,11.111035,1
9.971657,6.346709,5
4.9204483,-3.8047807,2
0.72276926,10.462574,1
6.8097625,9.000038,5
7.431246,4.97234,5
0.5696877,10.764764,1
2.8370194,5.7133155,1
-1.3912708,5.753237,1
-7.046328,5.977059,1
-1.7542998,5.6363697,1
18.719791,2.8357577,0
7.2195897,4.5751357,5
6.943628,5.320831,5
0.5134965,10.491526,1
-1.7720602,5.667631,1
-1.8348136,6.0619154,1
-1.7902807,6.2426624,1
6.731022,5.3443127,5
0.44745567,10.579773,1
14.463897,5.85835,0
10.151993,6.286009,5
6.028782,8.724134,5
7.2008533,4.5912004,5
2.7649736,5.723261,1
0.5794805,10.491884,1
-0.8536921,5.715787,1
-1.8448135,6.5319347,1
7.1784616,4.593873,5
-0.3236152,5.243308,1
2.6148522,5.5791636,1
1.4541006,9.870112,1
10.191329,7.8228207,5
7.3042197,5.0415173,5
7.0405173,4.818827,5
-1.1936857,5.600125,1
6.4575844,9.036273,5
0.52397734,11.124422,1
10.086459,6.2662597,5
-1.0648679,6.1770215,1
2.5543754,5.565134,1
-1.1487356,5.513203,1
-1.6228997,6.160319,1
7.1713495,4.614692,5
15.740842,5.991501,0
7.440987,4.9685373,5
1.4184203,10.486105,1
2.904577,5.6100855,1
0.8756122,7.930629,1
-1.6062237,5.663417,1
0.9575538,9.872859,1
2.5269687,5.555863,1
7.443581,5.3797736,5
10.857879,1.5322543,4
6.350432,9.254396,5
-1.7868873,5.4166574,1
-6.865469,4.6399965,1
7.1182976,5.520303,5
6.717436,5.389877,5
-1.717049,5.5854106,1
0.61578596,9.903012,1
0.5439661,11.130548,1
0.17381658,10.360184,1
10.160449,7.540289,5
-1.0922538,5.711909,1
0.71697754,11.037147,1
0.7619957,10.371704,1
0.5364235,11.124714,1
6.448792,9.17005,5
-1.7756011,6.2639475,1
6.853072,8.658738,5
-0.80660874,5.9589252,1
-1.7913073,5.7308645,1
7.2141805,4.563179,5
10.573423,1.1789473,4
16.387545,6.589686,0
2.8280694,5.761882,1
-1.7997439,5.7724614,1
3.1215267,5.7819076,1
-0.04910393,9.934129,1
7.4386296,4.9753647,5
0.22269118,10.139913,1
0.85676306,7.7058225,1
-1.060771,5.612637,1
18.572348,3.218752,0
-1.7410809,5.6579914,1
-0.64512026,6.1053424,1
-1.7729331,6.501433,1
1.4401752,10.544663,1
7.2183285,4.961267,5
-0.7953315,5.4723296,1
7.1754923,4.599275,5
2.256973,7.1821513,1
7.059552,4.7248406,5
-1.1844809,5.6289434,1
14.6730795,6.993362,0
2.8574004,5.699739,1
10.163024,7.7954893,5
7.4163833,4.9340224,5
6.35428,9.246666,5
-1.0295042,5.5058227,1
7.222577,4.545684,5
0.26239926,9.742615,1
6.4324946,9.177642,5
7.4167047,4.947589,5
3.2097356,5.670651,1
-1.9356788,6.443215,1
7.1962786,4.581794,5
6.3599,9.241124,5
2.593199,5.587464,1
0.0722995,10.083475,1
2.7668402,5.7374635,1
-1.1047406,5.487369,1
6.398695,9.198236,5
6.877911,5.3359156,5
6.563703,8.883241,5
6.3621445,9.235184,5
-1.1413119,5.473927,1
0.4561109,10.598064,1
-7.0031304,4.753542,1
-1.1340038,5.7123733,1
4.7050576,0.48203054,2
3.1831203,5.745575,1
0.5107061,11.1278925,1
-1.3815715,5.3063793,1
-1.1094962,5.4489255,1
6.6454372,8.661895,5
-0.8258044,6.1100836,1
18.528273,2.9291294,0
2.880027,6.773294,1
1.4222738,10.518444,1
7.1832237,4.964244,5
-1.9624777,6.2012486,1
12.983013,-1.0080556,4
18.795403,3.0113418,0
10.069726,6.350381,5
3.0700302,5.5910716,1
2.6246996,5.597867,1
7.5286503,5.4460955,5
7.7259974,5.593011,5
2.4500437,5.633754,1
0.18563233,9.72306,1
11.3859,0.6561703,4
0.69554293,9.921067,1
-1.7811267,5.5347095,1
3.4014275,5.8638606,1
0.13939913,9.786371,1
15.927615,7.147706,0
0.6218788,10.35344,1
0.521953,9.934725,1
10.183169,7.5929475,5
6.3835607,8.676628,5
-0.12626576,10.227562,1
4.901478,-4.442877,2
0.07461969,9.751573,1
0.16274191,9.751297,1
-0.14645468,10.280718,1
7.7072163,-4.9882445,2
-1.1550168,5.522529,1
2.9663982,5.6825657,1
-0.052612923,-1.277221,2
3.0974326,5.9245625,1
0.04588265,10.317053,1
0.17995706,10.418002,1
0.6616768,9.921373,1
10.11537,6.077634,5
2.2810287,7.0758967,1
0.6865244,9.877786,1
0.51828444,6.877927,1
3.0095258,5.611928,1
4.678964,-4.663224,2
11.42343,0.6029236,4
13.069524,-0.94105613,4
7.1657157,5.459271,5
-1.9534655,5.8475003,1
4.8299074,-4.810379,2
7.2140207,5.5318246,5
7.7392,5.592264,5
7.6901565,5.600436,5
-6.949737,4.711776,1
11.480109,0.5854649,4
-1.8360528,5.9908013,1
10.604915,1.1851753,4
0.13926119,10.401656,1
6.4078918,9.203567,5
-0.12435074,10.252488,1
3.052271,5.59257,1
10.137272,6.0765214,5
3.4322164,5.9581146,1
0.50667727,10.228807,1
0.17332338,10.5084505,1
-0.35831037,5.5569534,1
0.12131186,-1.3569688,2
19.25607,4.459217,0
6.374562,8.703924,5
4.181723,-3.923148,2
7.5728,5.6594863,5
4.1574116,-4.2157717,2
0.02757227,10.053477,1
6.6358438,6.2689657,5
10.08087,6.077357,5
13.095065,-1.0506765,4
9.96238,6.366319,5
17.088072,7.8207617,0
-0.98396325,6.0486736,1
10.197567,7.7402864,5
18.66657,2.7509396,0
-1.1306953,5.503138,1
0.33227566,10.4881,1
0.4848103,11.057065,1
6.354951,8.706487,5
18.769207,2.9334936,0
0.795416,10.969219,1
-0.8801384,5.7554517,1
6.027073,0.38011536,2
-1.7808434,6.2777467,1
6.2564664,8.683433,5
7.1821837,4.6009617,5
3.4372041,5.986657,1
0.061440345,10.391524,1
-0.7415137,6.1500983,1
6.4415164,9.164997,5
3.4520702,6.055152,1
-1.0800736,5.6586795,1
-1.8025074,5.952442,1
7.14111,4.5894327,5
1.2125318,9.771493,1
7.03759,5.323809,5
-1.5354598,6.2765036,1
7.202386,5.4828215,5
0.3303117,9.78226,1
7.5645723,5.343669,5
-1.7458647,6.271087,1
6.092958,8.765008,5
10.245082,7.604865,5
0.65423995,9.928505,1
-1.846997,5.946367,1
7.1119065,5.407762,5
-1.633397,5.7320294,1
7.4660172,4.96101,5
-1.6967903,6.333582,1
19.485384,4.554806,0
7.6351314,5.330653,5
2.2390845,7.1912384,1
-1.5354831,6.3739667,1
0.2633772,10.368831,1
10.167218,7.556379,5
10.201589,6.096065,5
0.29052693,10.445559,1
0.07489593,10.366101,1
-0.9023359,5.579707,1
10.081549,7.201365,5
-0.9010751,5.7534323,1
-1.3553486,5.307114,1
0.5148897,6.860936,1
-1.4924059,6.0156665,1
-0.042874914,10.2454605,1
3.058839,5.5515876,1
14.77895,5.6785936,0
7.8235397,-4.9683166,2
-0.98463625,6.084871,1
14.648092,7.020228,0
5.942991,7.676137,5
14.6904,5.7058854,0
-1.483811,5.315476,1
14.571952,7.125207,0
7.1845074,4.59494,5
2.850658,5.8306823,1
2.7160482,5.6459913,1
2.8795583,5.8496375,1
2.7313712,5.6749234,1
0.32672805,10.417268,1
8.006967,-4.4626765,2
-2.1772618,5.9234376,1
19.412369,4.449199,0
0.92546654,7.809752,1
-1.2005863,5.7736473,1
6.40055,9.201764,5
-1.6952587,5.7239866,1
5.036211,0.5653788,2
-1.8670878,5.4685783,1
10.075105,6.0568643,5
0.4281933,10.563513,1
6.486065,9.174377,5
7.160752,4.542335,5
6.5425115,8.850673,5
0.12083489,-1.3569171,2
0.9370842,7.8105016,1
3.1114564,5.753351,1
3.1787314,5.685587,1
-1.7612917,6.082176,1
2.6304386,5.6123395,1
6.3337135,9.249474,5
7.517881,5.224626,5
6.5015483,9.138678,5
0.96933806,10.4868145,1
6.4953527,9.135449,5
6.659157,8.783988,5
0.045466185,-0.8509919,2
-0.9487484,5.5787735,1
0.8317855,7.905901,1
-0.76907057,6.019051,1
-1.8543978,6.423068,1
7.145515,4.5805116,5
-1.8443645,6.5169225,1
0.54990286,10.7378435,1
10.018408,6.2000175,5
-0.22246104,6.084306,1
0.0367086,10.229434,1
17.045433,7.7969894,0
-0.3477203,5.231681,1
-1.8825852,5.5250025,1
7.994056,-4.894233,2
2.5927181,5.598308,1
10.325626,7.6219544,5
0.26671836,9.672588,1
-0.31587392,-1.2587082,2
7.726471,5.5873604,5
0.80831164,9.938083,1
7.802051,5.6087427,5
7.11049,5.4518847,5
14.718544,5.8250914,0
0.91503745,7.791322,1
0.27558327,9.935425,1
5.9830427,8.715259,5
10.194713,6.266049,5
3.372201,5.8232627,1
10.15409,6.2508745,5
7.9133816,-4.9737344,2
7.589904,5.297325,5
-1.7404057,5.7269635,1
2.593096,5.563313,1
-1.3001541,5.478275,1
-1.8424183,5.986675,1
0.67745864,9.856138,1
11.316587,0.5758786,4
-2.0395052,6.0588098,1
-0.15298922,10.248876,1
-7.215414,5.9776425,1
0.4958291,10.218872,1
0.6464733,7.7812924,1
-1.7143953,6.0768757,1
-1.0955904,5.184465,1
6.0055027,8.70772,5
2.5945218,5.5415325,1
0.093084954,9.7714,1
16.99438,7.7983327,0
4.5445304,-4.661988,2
-0.14832683,10.214143,1
6.9337907,5.5314355,5
10.32986,7.657897,5
-1.9374317,6.288655,1
0.34252352,10.203814,1
-1.26383,5.4329686,1
10.255864,7.593467,5
10.063338,6.1292744,5
-1.1557608,5.654213,1
11.296088,1.0051674,4
0.73403054,7.7160187,1
5.9065022,8.677424,5
4.7953606,-4.264888,2
2.6319551,5.5639997,1
5.960747,0.18972957,2
10.133045,6.2092752,5
10.219515,6.265258,5
4.169629,-4.680649,2
14.779265,5.756629,0
-0.9438242,5.477491,1
7.599614,5.4659076,5
3.0613742,5.6240535,1
0.31827292,9.987807,1
2.5679238,5.5691667,1
-1.8919574,5.6590447,1
7.5095553,5.459349,5
16.44195,8.026504,0
15.379052,6.503673,0
1.0587543,9.76333,1
-0.12688245,10.284378,1
6.094255,8.762226,5
4.9177732,-4.4692607,2
-1.5505967,6.071395,1
-0.16547282,10.214025,1
7.232121,5.5515594,5
3.029504,5.970361,1
10.179876,6.2169423,5
18.585518,3.1503973,0
0.6335691,6.9586186,1
7.7963557,5.621858,5
7.7817163,-4.697492,2
14.663719,5.5955114,0
16.479248,8.017628,0
2.2785294,7.167678,1
-1.5842233,5.641241,1
-1.1723024,5.467559,1
-1.996391,5.812525,1
7.4394574,5.4369483,5
-7.203261,5.933101,1
7.2345886,5.508188,5
-1.2706511,5.845022,1
7.567877,5.3918915,5
0.014971589,-1.3334056,2
-1.250529,5.4082756,1
13.107439,-0.97544336,4
-0.1416447,-1.2033035,2
3.0679305,6.180606,1
3.1208816,5.6191206,1
0.043063853,-1.3653353,2
10.116739,6.099049,5
0.12735802,10.364343,1
10.127719,6.128044,5
-0.13860117,10.206514,1
-1.5139912,5.753758,1
-1.1902179,5.4851127,1
-1.929646,6.529125,1
0.9400835,10.489968,1
6.235812,8.872811,5
4.552167,-4.4465485,2
4.1274834,-4.599369,2
18.587595,6.8508883,0
4.0307746,-4.4507923,2
8.037382,-4.8965034,2
-1.9360209,6.508863,1
-1.9486494,6.5299025,1
0.45039028,11.076462,1
10.071026,6.1438227,5
14.602376,7.073919,0
14.493477,5.782277,0
11.254775,1.0843217,4
18.629395,5.287227,0
4.842731,-4.209274,2
-1.3459939,5.3095183,1
10.29298,7.6283593,5
-0.018780217,9.975749,1
-1.0900748,5.1751733,1
6.0729327,0.48692298,2
0.38527098,10.41356,1
7.3019676,5.379242,5
-1.2172613,5.5530987,1
0.5183038,9.847702,1
-0.4567,-1.5699669,2
-1.4313949,5.2895803,1
-1.5172426,5.3904104,1
-0.14592876,10.232942,1
0.85865384,9.945502,1
0.0068015275,9.823576,1
0.7343653,9.996728,1
16.413988,8.062588,0
-1.3173552,5.310073,1
6.0347133,8.7458515,5
0.070960045,10.059401,1
7.9305615,5.6249967,5
7.896318,5.6274786,5
0.86506736,7.913305,1
0.24502105,10.207745,1
0.44467098,10.312446,1
-1.9449658,5.583396,1
10.287945,7.613479,5
-1.5107077,5.4026966,1
2.6482067,5.9403415,1
-0.12596914,10.246506,1
18.698193,5.391259,0
0.09008424,-1.121701,2
-0.045932695,9.739423,1
-1.9450504,5.8418303,1
-1.9276654,5.686862,1
16.043682,6.983295,0
-1.8311054,6.1676526,1
-6.9541516,4.7220855,1
-1.070635,5.2735624,1
7.7548275,5.6255374,5
2.8444333,5.893599,1
7.7920055,5.5979953,5
15.480207,6.4605575,0
7.621675,5.321735,5
7.7406483,5.606565,5
0.6945671,9.938931,1
-1.8204079,6.1601686,1
0.8819947,7.828446,1
7.392164,5.6290483,5
-0.879608,5.713258,1
-1.7913752,5.501854,1
7.7686453,5.5855284,5
-1.6931052,6.17719,1
2.5541112,5.5686245,1
10.01637,6.201711,5
19.459818,4.5047793,0
7.1829214,5.4457374,5
6.037512,0.40249556,2
5.8781686,8.647927,5
6.0951242,8.7979765,5
0.7101154,9.865564,1
4.852851,-4.862573,2
0.57609385,-1.2243863,2
-1.5969062,5.5711923,1
-0.87957186,5.6750216,1
15.293823,6.4925656,0
7.2953014,5.341851,5
16.946325,7.734492,0
3.0304184,5.654074,1
7.8104753,5.6005645,5
-1.3890338,5.3002143,1
18.595903,6.800214,0
6.6112676,8.525026,5
0.3674237,10.262928,1
18.528717,3.3163543,0
-1.9142803,6.0795245,1
7.0126796,5.45105,5
-0.1879403,10.114476,1
0.6813339,9.946876,1
10.121225,6.1788387,5
11.276127,0.89231104,4
1.923002,9.498891,1
6.0285325,8.732682,5
3.6120825,-3.4990766,2
1.9447893,9.453968,1
3.0600436,5.921765,1
13.049361,-0.9788903,4
4.8544,0.44590995,2
18.031412,5.4123793,0
4.712683,-3.8531446,2
7.302294,5.4808946,5
7.5997367,5.3167396,5
12.986891,-0.9530302,4
10.036405,6.3762016,5
2.6204593,5.5689626,1
14.687176,5.700346,0
17.021145,7.7934914,0
-1.758005,5.515649,1
0.74299693,9.891097,1
2.5610168,5.7424803,1
7.5884013,5.283867,5
2.5569766,5.5667872,1
7.5552983,5.44872,5
4.736081,0.5927004,2
2.9845579,5.549265,1
-1.7488207,5.5192547,1
2.5464597,5.524929,1
-6.8867636,4.651813,1
0.19994006,10.321889,1
-1.43039,5.2528543,1
-0.05902382,10.028488,1
7.354941,5.496118,5
-1.7216414,6.278607,1
14.447016,5.8638983,0
7.033475,5.4993215,5
0.28021586,10.017431,1
2.5120199,5.603211,1
0.2976025,10.30754,1
7.958979,5.667505,5
0.5625686,9.812626,1
7.5594335,5.2857304,5
-1.7419355,6.221003,1
-1.3819343,5.904758,1
2.580625,5.5955405,1
18.501755,3.194169,0
-0.17702661,10.1673765,1
15.657812,5.8060336,0
-1.7824651,6.296554,1
0.6849291,9.980644,1
0.28086397,9.7202215,1
7.869883,5.634455,5
11.490002,0.6113515,4
14.624237,5.6534705,0
6.3931193,9.169188,5
3.1131225,5.6815414,1
2.5920324,5.559622,1
6.023652,8.736101,5
-0.8056283,6.1890864,1
-1.3561424,5.255393,1
-1.2585336,6.4692426,1
-1.9889733,6.223813,1
0.85653466,9.77454,1
-1.7769887,6.165042,1
-0.012636406,9.741005,1
-0.35349464,-1.2566967,2
-1.1613263,5.1652856,1
-1.7688417,5.9622297,1
0.8540445,9.943433,1
0.0055118753,9.773986,1
5.876985,8.641524,5
-0.3338833,-1.2766706,2
1.3913144,9.801899,1
-0.22377695,-1.1739981,2
10.082037,6.4531965,5
18.033955,5.356849,0
11.142139,0.8907737,4
7.243088,5.1156135,5
-1.1594635,5.1598315,1
1.0389639,7.909967,1
2.9164155,6.031271,1
1.1834401,9.891225,1
2.5528934,5.6326547,1
14.506782,5.79837,0
-0.19525091,9.962636,1
4.644517,-4.8291373,2
6.0575275,8.776489,5
7.746879,5.395216,5
-1.8035148,5.7442408,1
5.9956975,8.721785,5
-2.157426,5.7277136,1
-0.9696389,5.9097714,1
0.58323497,9.96189,1
14.482976,5.8183765,0
0.2944593,9.936128,1
10.159955,7.5063443,5
-1.2560632,5.06678,1
-0.19159208,10.245884,1
3.3748724,5.8364654,1
2.5867186,5.560924,1
4.778642,0.641577,2
-0.15566605,9.890367,1
16.37069,6.631131,0
11.4002905,0.350557,4
0.16869533,9.719533,1
7.687674,5.3511114,5
-1.1398762,5.54689,1
7.4402924,5.3758187,5
2.51,5.5647397,1
10.299355,7.7325277,5
16.372297,6.5968485,0
7.227676,4.608701,5
3.2495797,5.6783905,1
-1.8668207,5.4283648,1
4.462942,-4.4723306,2
-0.11834365,-1.298915,2
7.245228,4.6206474,5
7.024982,5.1185417,5
0.7381305,7.88358,1
6.434805,9.101982,5
-1.08413,5.6491246,1
15.426498,6.510428,0
3.1357737,5.865506,1
6.634008,6.2968264,5
14.734671,7.009223,0
-6.909879,4.7189393,1
-1.1841747,5.401061,1
14.712428,5.646641,0
0.26965207,-0.47099578,2
3.0440607,5.910416,1
-1.3519353,6.513499,1
0.43549183,9.969806,1
0.56137204,7.9263134,1
2.5214257,5.491397,1
7.8777695,5.502207,5
2.5891144,5.8560004,1
6.0462837,8.742478,5
0.389634,11.056262,1
10.285968,7.712574,5
10.088104,6.3231454,5
16.357336,8.081151,0
-0.49814978,6.0889416,1
-7.0866776,5.9749694,1
0.87408346,9.971017,1
6.175801,8.754502,5
1.0601537,8.809873,1
15.0355015,6.240988,0
-2.078297,6.052908,1
6.4447217,9.098378,5
7.8850746,5.4927545,5
18.653227,5.309561,0
7.367196,-5.247493,2
14.61568,5.637526,0
-1.3016796,5.9341545,1
6.5683727,8.930688,5
10.103451,6.3168697,5
13.473607,-1.3437377,4
10.248679,7.733793,5
6.4319043,9.1522,5
1.4192364,9.895539,1
6.4307785,9.185269,5
-0.8905049,5.4638553,1
2.910739,5.883133,1
-1.3211424,5.1432204,1
0.98824084,10.247301,1
-1.2381505,5.60196,1
10.002556,6.287601,5
7.223069,4.611404,5
2.84043,5.6927633,1
7.3855143,4.993586,5
0.45514938,10.536412,1
6.8817825,8.699593,5
1.2158629,10.171797,1
0.39769807,11.016833,1
-0.3547744,5.5505743,1
0.8778162,10.44198,1
-1.0836918,6.0424647,1
18.700302,3.1865752,0
11.418094,0.36776692,4
-0.17421383,10.213117,1
14.725079,5.7843595,0
4.19537,-4.663586,2
5.949716,7.541338,5
0.6086604,9.9640465,1
0.04932425,9.787562,1
-1.4217839,5.301112,1
-1.4710174,5.1896353,1
17.023148,7.814553,0
7.8622346,5.562005,5
-1.3481139,5.318441,1
2.6348486,5.5257487,1
6.5821285,8.942925,5
0.05177448,10.331518,1
17.066757,7.827896,0
2.2644598,7.1749043,1
0.021838743,-0.7919764,2
-7.0644464,5.9638968,1
7.6699176,-5.0321984,2
10.251556,7.7081623,5
-1.1147391,5.2086287,1
0.5924879,10.376173,1
10.220902,7.6625066,5
7.384618,5.341693,5
-0.3317596,-1.2778159,2
0.5033505,10.926928,1
-1.7453779,5.65208,1
6.937366,5.2648077,5
3.4393632,5.935908,1
7.192777,4.745255,5
1.4071275,10.481372,1
2.5869005,5.541796,1
0.13408773,9.7382965,1
14.572481,7.023627,0
0.59632945,10.639617,1
4.188073,-4.7177196,2
-0.4757162,-1.613354,2
-0.11160848,10.202901,1
-0.18758774,10.077389,1
0.4124881,9.894221,1
5.957839,8.667256,5
0.06516475,9.772795,1
0.2228667,10.377724,1
6.815736,5.501762,5
-7.4964123,4.4958816,1
12.742299,-0.90837646,4
9.930898,6.3684845,5
-1.4466128,5.9409494,1
2.6604884,5.9685125,1
-1.3835297,5.4125953,1
0.63041854,9.94195,1
0.08541149,9.762308,1
-1.3830998,5.3366117,1
10.193293,7.368169,5
2.5883412,5.6598945,1
0.37595075,10.330278,1
17.035892,7.79568,0
-0.17826205,10.107365,1
-7.3657627,4.751501,1
7.7263627,5.574071,5
16.370207,6.598845,0
7.216531,5.440276,5
-1.865969,5.8492475,1
7.594928,5.513112,5
6.0423837,8.777839,5
14.529428,7.0679765,0
-0.19570494,10.005113,1
4.7475677,-4.3280306,2
-1.1887716,5.4744353,1
7.8719916,5.5758657,5
7.8245907,-5.937567,2
7.9598374,5.6395845,5
6.342076,8.658063,5
14.435392,5.896174,0
3.0674458,5.700315,1
-0.32748216,-1.2875584,2
9.972952,6.155297,5
7.796308,5.5922117,5
13.0446005,-1.0752437,4
-1.5714082,5.4282737,1
0.035892934,9.837802,1
7.981538,-4.9273024,2
-1.4790896,5.1983743,1
0.091420576,10.449749,1
-6.839637,4.622577,1
7.7299337,5.386071,5
1.8351381,9.480924,1
7.7290263,5.577522,5
-0.18013842,10.031916,1
-1.6724781,6.2629766,1
6.5109296,8.536311,5
11.105698,0.7565401,4
7.7739778,5.374712,5
-1.65517,6.1646986,1
-1.4816836,5.4533944,1
0.12434912,9.765749,1
0.5890644,10.213523,1
2.91724,5.9634566,1
7.80348,5.5777483,5
6.199944,8.858871,5
13.057447,-0.9236472,4
0.055909283,9.735954,1
-0.9069591,5.6822567,1
7.7590275,5.5766296,5
-2.2191257,5.8183675,1
7.762123,5.560851,5
6.1268353,8.809015,5
-2.1490848,5.9652524,1
16.967104,7.7569103,0
-1.4085771,5.453163,1
-1.3289801,5.370252,1
2.5949328,5.597567,1
15.460063,6.5267687,0
-1.9376614,6.57511,1
9.923924,6.8861294,5
2.2800555,7.1227865,1
16.40216,8.069002,0
6.1289797,8.766992,5
0.41890213,10.240524,1
-0.18846975,10.09509,1
10.108496,6.0396776,5
-6.925483,5.820842,1
7.778206,5.574221,5
0.4230869,10.265908,1
0.39455742,10.217345,1
-1.9257016,6.0005293,1
0.08493918,9.763168,1
0.44532445,10.598866,1
-7.502191,4.4686275,1
10.104832,6.084858,5
-1.3660139,5.9797072,1
10.028234,6.263058,5
-0.19895923,9.976924,1
2.2686944,7.1765456,1
7.806896,5.560077,5
-0.085623465,10.171415,1
4.529309,-4.2416964,2
10.121683,6.100776,5
-1.147006,5.4159274,1
-2.2541287,5.765056,1
11.333418,0.40807062,4
10.409034,7.578885,5
10.239046,6.1691165,5
7.925463,5.620141,5
7.7409077,5.5949526,5
3.1160543,5.6072063,1
-2.093038,6.0005136,1
6.711185,8.544156,5
12.830085,-0.91231596,4
10.230585,6.2081656,5
7.7953925,5.581161,5
-1.4901838,5.787134,1
7.7089033,5.3786645,5
0.29180506,9.8433275,1
18.4729,3.1921196,0
10.129532,6.139128,5
-0.05914393,9.740373,1
-0.057056136,10.30498,1
-2.1962585,5.744769,1
-1.5315642,6.3443666,1
10.234728,6.188805,5
-2.0233696,6.111819,1
0.8220899,7.803305,1
0.15756711,9.708655,1
15.29781,6.47432,0
0.5176217,10.215206,1
-0.8853679,5.9389424,1
14.631745,7.0524383,0
19.323118,4.508232,0
7.57464,5.4083076,5
0.34809205,9.772604,1
-1.0037441,5.4477153,1
-0.5068716,5.42202,1
0.01668187,10.180542,1
14.569718,5.978139,0
7.63724,-5.099701,2
7.7503347,5.58082,5
-1.4371322,5.1668687,1
-0.30565706,5.8133025,1
10.36488,7.600336,5
0.31015605,10.036282,1
0.9552653,8.917981,1
0.3573406,9.951228,1
10.156974,6.296631,5
0.78297746,7.9194055,1
-2.1357388,5.9583287,1
-1.0975465,5.2743196,1
0.1469204,-1.3229795,2
19.379484,4.559872,0
-2.0546753,6.047019,1
-1.3257934,5.349054,1
-0.30869505,-1.3127205,2
7.5587535,5.22772,5
3.0260599,5.5929575,1
-0.2758093,-1.2890136,2
6.4471498,8.615732,5
7.886547,5.6118655,5
6.0784516,0.36784968,2
0.4756655,9.825252,1
7.72482,5.519315,5
6.598923,8.930627,5
-1.7883863,5.5628223,1
0.40570745,9.752962,1
0.07931863,-0.8678347,2
0.45749024,10.565678,1
7.032455,5.4654064,5
0.9781593,9.85237,1
1.3730443,10.219023,1
0.06943947,9.897839,1
-1.9429147,6.5221424,1
-1.1991857,5.507882,1
0.109502316,9.95344,1
0.2153932,10.07882,1
7.8088694,5.598448,5
6.2911615,8.694838,5
10.286124,6.143071,5
7.63067,5.4575186,5
7.277555,4.683549,5
0.0672063,9.788729,1
16.404152,6.6451974,0
-2.073121,6.1102686,1
0.20439635,10.284731,1
3.104887,5.7928057,1
18.058924,4.1511064,0
6.0352316,8.777107,5
4.7730556,-3.8319936,2
2.5440943,5.5673113,1
7.2806444,4.673152,5
-0.36450976,5.197733,1
0.38878298,11.0211115,1
1.3690716,10.584845,1
17.772068,3.0372632,0
0.513538,10.415332,1
6.448882,9.081292,5
15.575029,5.8029275,0
9.365021,7.6428447,5
0.14998466,10.3474045,1
10.067928,7.3376746,5
10.215108,6.209165,5
0.49991208,10.475405,1
2.9687386,5.6292443,1
14.634861,5.6784534,0
-7.088422,4.9059563,1
7.7730503,5.5534716,5
15.425217,6.475921,0
7.6490536,-4.930575,2
16.430422,6.547147,0
14.771131,5.6560516,0
18.72235,2.8608532,0
11.163289,0.66782254,4
0.12575278,9.911531,1
10.087533,7.3595786,5
-1.791437,5.498664,1
-0.13887072,10.121613,1
17.985432,4.1971817,0
0.5594606,9.918866,1
0.67511237,7.7506046,1
-1.5150105,5.2200365,1
4.8221283,-4.8487487,2
-2.079299,5.5933857,1
2.6149683,5.5295362,1
-1.2782514,5.379462,1
-1.8056157,5.476818,1
9.333036,7.643922,5
2.5392263,5.574755,1
-0.0856626,10.296847,1
14.611949,5.649556,0
14.759375,5.686577,0
-1.5143534,5.565981,1
-1.8049303,5.487063,1
7.7958293,5.5720034,5
2.838765,5.6409287,1
16.879068,7.721087,0
-1.3506516,5.3135457,1
18.686134,5.3196626,0
0.17241193,-1.3736892,2
0.7841339,9.433501,1
11.430349,0.6093549,4
14.447079,5.9029517,0
3.0753903,5.6533732,1
0.5885498,6.92989,1
-2.1539645,5.881856,1
0.00048424175,9.945699,1
12.920794,-1.282469,4
0.27241376,10.40595,1
4.688325,-4.415418,2
-2.152881,5.78753,1
-0.42682955,5.213184,1
7.7125335,5.4906955,5
0.8488718,7.9327235,1
-1.4160239,6.002835,1
-2.1882243,5.810534,1
7.9586062,5.630781,5
0.45628098,10.17864,1
-1.5858494,5.612133,1
10.230239,7.6164956,5
16.993902,7.7366447,0
-0.13672931,9.990714,1
2.5339594,5.5535994,1
6.939028,5.260297,5
-6.929874,4.615397,1
6.372233,8.489746,5
2.5895278,5.5983906,1
10.176875,6.105121,5
6.025984,8.718779,5
0.7265319,9.948845,1
0.45854402,9.8199415,1
7.9316883,5.6266837,5
3.3972075,5.884094,1
14.722089,5.6755986,0
-1.7936836,5.5163093,1
10.321417,7.5996714,5
-1.278109,5.6275487,1
-0.17768908,10.073628,1
4.826161,0.45285985,2
-1.9031432,5.9244947,1
-6.847617,4.623895,1
2.9408247,5.5326247,1
10.083731,6.1267157,5
-1.4792871,5.1946445,1
-7.2397885,6.006483,1
-0.47016403,5.199584,1
-0.117518105,10.032121,1
10.145873,6.2069497,5
5.897909,8.640332,5
2.5818877,5.8169928,1
-0.048522886,9.735168,1
-0.16355039,9.939296,1
11.383213,0.6577939,4
0.76517063,9.999263,1
5.993432,-0.19261813,2
-1.7999017,5.731732,1
-1.2890949,5.2935095,1
-1.1894368,5.6025767,1
7.918974,5.60795,5
16.474546,8.018473,0
-1.4471468,5.247144,1
11.436265,0.53435045,4
4.883777,-4.6386385,2
3.9862123,-4.6183643,2
0.35007843,9.865621,1
13.272999,-1.2999041,4
19.20457,6.162628,0
1.2694861,8.77382,1
2.6288114,5.5695543,1
11.386046,0.40515143,4
-0.016845405,-1.2508149,2
10.176894,6.27539,5
0.88246214,7.8285284,1
10.155756,6.2687683,5
2.998478,5.6598377,1
0.19100583,9.829718,1
-1.4547701,5.481948,1
-0.5055064,5.160075,1
14.715978,5.759586,0
0.35080114,9.772062,1
6.1931124,8.805272,5
-1.0726894,5.405961,1
10.215556,7.4937634,5
-6.968841,4.6949677,1
-6.9676385,4.7113285,1
6.285628,8.503208,5
-1.1840116,5.682209,1
4.465888,-4.3976307,2
0.07856357,9.944159,1
-0.215592,10.078878,1
-1.5521423,6.3419356,1
0.56780916,9.900782,1
-2.2176337,5.843261,1
-1.9418795,6.260973,1
7.7133985,5.3650503,5
7.0514283,5.4397936,5
7.790227,5.534684,5
10.258587,7.6534805,5
7.526359,5.2848253,5
0.42177287,6.7616706,1
6.9258037,5.153165,5
10.190428,6.2721148,5
-1.734707,6.2426777,1
-0.16267708,9.938857,1
12.329509,-1.584825,4
-6.8454394,4.6317816,1
-1.6552438,6.1788974,1
7.50254,5.4467883,5
-7.0521727,4.845392,1
-1.7160466,5.557867,1
5.907094,8.64518,5
0.038888514,10.225505,1
7.058036,5.4642873,5
7.7179265,5.432134,5
0.18705869,9.7316885,1
3.058922,6.1058726,1
0.53711927,6.8902845,1
-1.1367426,5.751912,1
0.13271275,9.751095,1
-6.80876,4.588674,1
-2.0689504,6.037308,1
-6.839802,4.6227984,1
19.338808,4.5281615,0
0.26856112,9.775766,1
4.1407795,-4.681105,2
7.817534,5.5548925,5
4.528661,-4.549983,2
0.41098836,10.541008,1
6.4235997,8.863954,5
-1.1468564,5.180257,1
14.547509,6.986976,0
-2.1019144,6.0799723,1
-1.2576003,5.4138503,1
12.989106,-1.1382264,4
7.651995,5.2891307,5
6.9596105,5.348391,5
6.66612,6.271429,5
-0.15132548,10.250662,1
5.9778953,8.694278,5
-1.3076568,5.334862,1
-1.8672787,5.500636,1
7.265384,5.521887,5
-1.4206878,5.25108,1
7.3402567,5.5140924,5
7.842677,5.612165,5
4.617878,-4.5892787,2
10.326148,7.620207,5
19.475416,4.4754515,0
1.0077221,9.694775,1
-0.18576102,10.073337,1
1.1775964,8.800312,1
5.9115343,8.68624,5
0.93185514,10.558815,1
7.658056,5.5627284,5
12.902006,-0.96353847,4
-2.1824377,5.713764,1
-0.30354932,-1.2817657,2
-7.0475645,5.9916005,1
12.885734,-0.93026894,4
5.9122324,8.651808,5
7.719914,-4.892832,2
-0.13315651,10.249269,1
-0.08852294,10.184827,1
0.0031032583,9.701277,1
-7.00078,5.9983015,1
-0.19427201,10.07509,1
2.5592823,5.594253,1
-0.056190632,10.169706,1
14.543712,5.7712965,0
0.44681937,10.346267,1
6.3214884,8.621426,5
-1.2832154,6.5215893,1
-1.7081608,5.5238414,1
0.04340695,10.102755,1
-1.3402448,5.3862863,1
-2.082932,5.633884,1
-0.21632516,9.929666,1
-0.11794262,-1.108774,2
-0.082441434,9.775613,1
7.532235,5.452764,5
4.135142,-4.5329385,2
18.530214,3.1678371,0
10.21586,6.2098417,5
-0.11126663,10.131232,1
7.928336,5.634487,5
13.0691395,-0.8833044,4
19.440964,4.5387664,0
-1.3573356,5.3529487,1
15.391085,6.4952564,0
0.2982693,9.780705,1
0.39820844,9.71456,1
10.139771,6.1169367,5
-2.052625,6.091064,1
-6.8329024,4.6111875,1
0.12702164,9.693261,1
7.8071184,5.5760713,5
0.9082507,7.813081,1
-0.07482883,10.320106,1
7.5160384,5.2209215,5
7.727604,-4.9734426,2
0.60637146,7.043698,1
-2.1939604,5.7508707,1
0.25329724,9.8544855,1
0.101614386,10.071957,1
0.25294128,9.912921,1
-2.1296432,5.586195,1
-0.16230273,9.906161,1
-1.9441197,5.857718,1
-0.018646456,9.955353,1
14.501714,6.9985013,0
7.3820653,4.9628158,5
-1.8355526,6.0363035,1
1.3828639,10.544155,1
14.624912,5.6568,0
-6.874145,4.616806,1
1.2526642,10.411154,1
10.079591,6.308719,5
6.4033003,9.148494,5
-7.000398,4.894966,1
4.2522345,-3.5715137,2
10.105809,6.3690114,5
7.9050775,5.608661,5
7.014517,5.165207,5
0.085377336,-1.3476248,2
0.07089112,-1.3933598,2
0.7700408,7.956604,1
9.381124,7.587177,5
3.4522376,5.941777,1
0.4530829,11.018928,1
1.324182,10.635172,1
-0.20696993,10.012438,1
3.2073846,5.6932483,1
0.39108676,11.043161,1
-1.3460128,5.453906,1
14.492363,5.8239446,0
7.8642592,5.474666,5
4.9276943,-4.483477,2
12.996606,-1.0124938,4
-1.7231911,5.6105,1
6.4367847,9.107642,5
7.8543873,5.598021,5
10.219581,7.6441836,5
-1.214897,5.1004353,1
2.518986,5.564954,1
-1.3357201,6.5169296,1
-0.19454493,9.95194,1
1.3376904,10.570014,1
0.5320887,10.708975,1
2.6380284,5.6007466,1
-1.3881238,5.3046203,1
-1.4542927,6.2115088,1
6.0708814,8.756585,5
11.311216,1.0257629,4
-0.57819486,5.2913117,1
7.822807,5.501939,5
10.35064,7.569406,5
11.328531,0.512851,4
7.9714217,5.5941186,5
-0.4825713,5.1914334,1
6.089049,0.44316462,2
-2.200017,5.769089,1
7.648343,5.307555,5
14.565669,7.0662923,0
-0.5412762,5.1962657,1
14.488319,5.7544236,0
-0.16381225,9.841659,1
1.0638418,9.701738,1
16.40575,8.053059,0
7.9090047,5.6253033,5
-2.1962132,5.7104087,1
0.079475254,9.977634,1
-1.9524701,6.0290675,1
-0.6288328,5.164593,1
0.34601933,9.818762,1
-2.1870084,5.8773456,1
-2.193811,5.893512,1
-1.9106473,6.0193553,1
10.173769,6.240034,5
7.9078016,5.5111866,5
7.9166656,5.575226,5
-1.1056032,5.447641,1
14.45096,5.878296,0
10.370668,7.61567,5
-0.45457047,5.463515,1
-0.274013,-1.2870905,2
-6.85088,4.65018,1
0.05915506,9.824469,1
-1.52759,5.239643,1
0.6380303,6.956351,1
-0.4794543,5.419731,1
6.629364,6.275532,5
0.20901969,9.870941,1
3.097023,6.139312,1
-0.1549856,9.862609,1
10.384259,7.5903177,5
0.11362876,9.840113,1
-0.001324281,10.211064,1
0.06928943,9.963653,1
0.77291095,7.772168,1
19.216978,6.1637044,0
14.57016,6.071734,0
-2.1018214,5.583817,1
0.03603491,9.789189,1
-1.4912992,5.305746,1
-0.084928036,10.07724,1
6.481295,0.66863596,2
0.66867423,9.961765,1
0.45808023,10.530377,1
10.062218,7.3344283,5
-0.46152735,-1.5646427,2
2.8767972,5.52362,1
-1.7148738,5.472018,1
10.192268,6.2465734,5
9.573822,6.28843,5
-0.016703892,9.718776,1
-1.4182113,5.23223,1
-2.153481,5.9451685,1
4.564983,-4.247697,2
3.092041,6.0040245,1
5.890335,8.644002,5
7.9575667,5.642117,5
-0.6227183,5.1793838,1
3.6686678,-5.178995,2
-2.217217,5.7691374,1
-0.19460694,10.066613,1
0.6472365,9.292427,1
5.8844385,8.635882,5
0.46585175,10.344622,1
7.9573336,5.6403346,5
7.7354536,5.356616,5
6.022788,8.71347,5
7.8144274,5.5699143,5
3.0161443,5.5835156,1
10.167731,6.2719975,5
-1.2664614,5.3663106,1
0.12535325,9.719137,1
18.439634,3.2654147,0
-1.4183875,5.1731296,1
7.9327545,5.622524,5
-2.0106707,6.58744,1
0.069639914,9.660982,1
7.26069,5.523412,5
0.8754151,7.88439,1
0.48399153,10.566231,1
2.5459547,5.575853,1
-1.1711546,6.436999,1
7.9421916,5.622429,5
2.868513,5.509723,1
-1.5501084,5.1693435,1
-1.1920528,5.3607388,1
11.33074,0.5004324,4
7.6919317,5.351348,5
-0.12785736,9.923794,1
-0.1481524,9.945891,1
-1.1013259,5.3302383,1
11.172612,0.7548208,4
6.4626184,9.120701,5
5.888861,8.651915,5
-1.9198872,5.460658,1
2.5216353,5.5922866,1
7.926176,5.5025787,5
6.169639,0.49654126,2
0.7533129,7.9378905,1
-1.1267189,5.618219,1
-0.13119261,10.100547,1
6.3702383,8.7025795,5
-1.2576413,5.6836085,1
0.42907023,11.072299,1
10.109887,6.0407853,5
7.204471,4.577026,5
-1.5287812,6.0939293,1
11.406064,0.45304814,4
-2.2058709,5.8085136,1
0.04940964,9.78669,1
-0.19787166,9.962419,1
0.32775876,9.792037,1
7.9070106,5.530445,5
-2.1565614,5.930055,1
-0.16283973,9.897106,1
0.017347956,9.796892,1
-1.8133062,5.499309,1
-0.15551108,10.139879,1
10.19837,6.233073,5
11.337775,0.48207715,4
-1.3147868,5.265303,1
-1.8153508,6.5482173,1
11.362259,0.6452578,4
-1.7126516,5.6512265,1
10.289282,7.6294355,5
-1.2635778,5.3610716,1
6.668621,8.911137,5
5.937825,8.646464,5
-1.9717895,6.2154093,1
10.366889,0.3688742,4
-2.2079525,5.786743,1
1.2950648,10.664107,1
-7.0466695,4.843728,1
0.47491556,10.588255,1
-1.5222162,5.976161,1
7.882282,5.6093316,5
6.0555196,0.45505622,2
0.53826517,10.724406,1
-1.5483238,5.1651525,1
2.9393451,5.5450306,1
1.0104597,9.722584,1
-2.2239802,5.784111,1
0.0137628615,10.047254,1
10.118272,6.0506544,5
-0.12039714,9.72485,1
3.0502615,5.5601916,1
18.02812,4.161983,0
-1.987267,6.0675507,1
2.880999,5.880659,1
-6.845926,4.622535,1
7.829773,5.5659747,5
17.983864,4.186411,0
19.143831,6.208435,0
14.539529,7.0020747,0
-0.39633775,5.578882,1
-1.7249836,6.243855,1
7.9826074,5.608801,5
6.0456996,8.762001,5
7.931009,5.5449014,5
2.504163,5.61763,1
-0.07298472,9.739534,1
7.816617,5.5804167,5
10.253124,6.179443,5
0.12852183,9.784284,1
-2.1884544,5.825731,1
7.8003774,5.413817,5
-2.2224863,5.7218337,1
7.776414,5.57355,5
6.0437994,8.715538,5
16.196474,7.149379,0
7.7822804,-4.959604,2
0.31302765,-2.1560633,2
-0.19443025,10.080582,1
7.765097,5.5773454,5
3.3841898,6.039446,1
-2.0492752,5.5878053,1
2.5547628,5.690324,1
6.0410104,8.724406,5
-7.003922,4.71188,1
1.1737655,8.798696,1
-0.33392736,5.218296,1
7.472427,-5.2157097,2
19.162432,6.0718985,0
-2.2641728,5.803487,1
-2.2030263,5.7407756,1
5.932075,7.568299,5
5.9119773,7.515749,5
7.8155847,5.5699105,5
-0.14513272,-1.3732843,2
2.519012,5.5735493,1
-7.057824,4.8777227,1
4.8457904,-4.4268727,2
0.12673901,9.7031555,1
-0.13747753,10.291161,1
-2.1882434,5.9035463,1
7.856197,5.467176,5
0.3687496,9.823279,1
4.465484,-4.7810597,2
2.4862497,5.5455537,1
14.623093,5.868224,0
6.572689,6.276002,5
10.212467,7.660618,5
-2.2516544,5.719527,1
2.26897,7.136192,1
10.182776,7.404863,5
17.069443,7.811617,0
6.859222,5.348966,5
1.497412,9.904683,1
0.37340736,10.07132,1
19.409412,4.745782,0
14.67214,5.9980254,0
-2.256699,5.7857614,1
6.955421,5.08617,5
3.305601,-5.576104,2
6.4338846,9.1361475,5
7.2434616,4.711444,5
7.079697,4.99467,5
-1.9666517,6.528434,1
13.461159,-0.926646,4
0.51161927,10.851765,1
4.903061,-3.9631598,2
2.5300682,5.587898,1
0.41846517,10.556283,1
18.566536,3.0774207,0
10.241064,7.6577306,5
0.58001965,-0.9007314,2
-2.0082994,5.6402826,1
4.0817914,-4.620582,2
-0.14827956,10.111104,1
2.5051558,5.64158,1
7.7190156,5.370123,5
10.388613,7.595274,5
7.840206,5.613085,5
10.304504,6.118086,5
-1.9548113,6.2237067,1
6.0279245,8.746253,5
2.5854542,-5.772708,2
7.9561486,5.6289096,5
2.5554357,5.5682516,1
14.577626,7.0289364,0
0.3849513,11.027569,1
-1.4757192,6.6068716,1
0.5834314,6.9807796,1
0.003210415,10.1858635,1
18.0246,5.386944,0
6.3831143,8.759183,5
1.0183612,9.785662,1
-2.1061487,6.012841,1
13.437527,-0.8922162,4
-1.9601364,6.557652,1
10.116567,6.239991,5
14.598637,7.0518093,0
7.807684,-4.611937,2
-1.0898069,5.5218306,1
-1.2081556,5.15146,1
0.00983268,9.741472,1
6.424335,9.106037,5
0.31652635,-0.4572006,2
0.39641112,9.780405,1
0.3851946,10.983877,1
13.426237,-1.4268327,4
-7.077238,4.8977447,1
0.14684369,9.761423,1
10.331709,7.6179237,5
2.7762015,5.7257705,1
7.377537,5.0132337,5
7.8467183,-4.663261,2
0.40288424,10.550428,1
-1.5279493,5.396885,1
7.316825,4.706335,5
7.294322,4.70152,5
7.261463,4.697122,5
7.2536397,4.7882833,5
1.391407,10.5804825,1
-1.8134131,5.6112695,1
-6.8347373,4.601441,1
-1.0676134,5.6501107,1
-0.2871461,5.3272076,1
4.7833524,0.510013,2
-1.2817409,5.3870673,1
0.24424478,-0.99016106,2
9.263192,6.9697967,5
7.2835217,4.727001,5
10.31012,7.6146107,5
0.3769447,11.061609,1
7.2773795,4.691338,5
-0.814798,5.837713,1
-1.3842936,6.50677,1
6.5745206,8.90957,5
2.7705874,5.7347794,1
6.9646707,8.664986,5
19.523146,4.668141,0
4.890351,-3.893404,2
14.630114,7.087227,0
6.4427066,9.121549,5
0.37447283,11.007999,1
-1.1315486,5.092575,1
-1.5001314,6.5086308,1
7.2935643,5.05363,5
-1.9627265,6.60017,1
-1.251382,5.347389,1
6.0578814,8.7766905,5
7.3846383,4.957301,5
7.293792,4.816627,5
6.453913,9.119052,5
1.348167,10.3296,1
0.75449455,10.35561,1
6.9034767,5.3345695,5
0.32384476,-0.44808424,2
4.956694,-3.9933107,2
10.031519,7.7647753,5
-1.8235403,5.4571886,1
0.3795844,11.04175,1
10.128117,7.352855,5
5.8992767,8.637298,5
0.7855921,7.854055,1
6.0699162,8.775959,5
10.017508,6.199972,5
-1.9011152,6.535686,1
7.5766277,5.487642,5
10.169089,6.3065834,5
-1.7542017,5.6253505,1
0.40963563,11.008242,1
14.4484,5.845799,0
0.4520427,11.000954,1
-6.8492827,4.6284733,1
-1.5220807,6.6805897,1
0.4487457,10.5795145,1
-1.1009889,5.575688,1
-1.8732628,5.8617806,1
10.172992,7.790214,5
2.8519008,5.7643113,1
3.5091667,5.983405,1
10.048328,6.313079,5
7.3262095,4.7117476,5
7.0685616,4.8973956,5
3.7418995,-3.7181306,2
-1.135679,5.654764,1
-0.15476272,10.246414,1
17.999506,5.3909817,0
2.8230872,5.6586027,1
14.569658,7.0333858,0
1.3378137,10.537636,1
6.5516644,8.875399,5
-1.2371877,5.3400564,1
6.000046,0.26867706,2
0.11694837,9.722053,1
0.31580666,11.037975,1
6.062334,8.813052,5
7.669359,5.567493,5
-1.726001,5.6134167,1
10.180177,7.7893333,5
16.415844,6.6579843,0
14.51782,5.852113,0
7.2861543,4.7504826,5
-1.7328889,5.5424156,1
-0.98389685,5.500321,1
-2.0185864,6.403638,1
5.970577,7.4865694,5
6.562666,8.924698,5
2.557151,5.588238,1
2.4686894,5.5931334,1
6.579397,6.2604585,5
6.5810523,6.2722235,5
10.22306,6.2277923,5
6.6073556,6.242354,5
-1.22714,5.624695,1
10.187849,7.3352966,5
10.226601,7.5668836,5
0.53821373,9.971134,1
2.518432,5.559561,1
-0.15546174,10.207112,1
-1.6501406,5.4324408,1
2.5300806,5.498966,1
-1.5191112,6.390107,1
2.5265594,5.5575433,1
4.430941,-4.493001,2
15.918524,7.135137,0
1.5110645,7.570876,1
0.19617862,8.070734,1
-0.8698127,5.722236,1
18.640934,3.2044518,0
14.537281,5.813417,0
11.408999,0.5629165,4
7.061045,5.4965534,5
-1.7776723,5.754626,1
7.932354,-4.8789277,2
-6.8425856,4.6258936,1
0.7482552,7.843611,1
-1.385271,5.068811,1
7.865724,5.4698544,5
7.8388786,5.49694,5
15.447307,6.4650717,0
0.7109772,10.083901,1
-1.9899534,5.839978,1
0.044859644,9.67387,1
0.66210353,9.857036,1
0.031931046,10.117469,1
7.715503,5.544139,5
-0.16545172,9.917067,1
10.326429,7.588504,5
0.114209265,9.972645,1
3.1227956,5.68575,1
10.240541,7.704434,5
14.559367,5.9694066,0
10.275462,7.694436,5
-1.7464105,5.555028,1
2.8235495,-5.4634542,2
6.443101,9.122784,5
16.226496,6.3051577,0
14.691833,5.811412,0
-1.1329895,5.339155,1
-0.13096492,10.215055,1
-1.1641715,5.38565,1
1.5683638,7.6112986,1
4.8990426,-4.4517055,2
-1.9367942,6.5729637,1
2.2582676,7.286744,1
3.2212589,5.7540374,1
7.824733,5.5751457,5
10.3649,7.601486,5
1.0667869,9.017099,1
6.4344187,9.120629,5
2.4974887,-3.8707929,2
10.260328,7.739721,5
-6.8333354,4.6273646,1
-0.30376637,5.346229,1
-1.4338628,5.2309513,1
-1.3072205,5.4338846,1
6.6770124,8.627111,5
6.298474,8.67863,5
5.986767,7.5801783,5
6.077231,8.748837,5
10.844057,1.4739023,4
7.142843,5.473682,5
9.389201,7.604262,5
6.576214,6.287713,5
4.4933486,-3.969317,2
4.9464426,-4.412168,2
7.834861,5.5889516,5
6.044901,8.756176,5
-1.883209,6.2110305,1
-1.7604414,5.553851,1
0.55546105,6.87468,1
0.5434999,6.907111,1
0.5768643,6.891909,1
-2.0276902,6.146456,1
10.359573,7.647845,5
0.12596394,9.7296505,1
1.2027907,8.671065,1
1.1929741,8.702606,1
-1.7011632,6.104237,1
-7.0290728,4.85183,1
0.8118358,10.001454,1
6.571139,6.229485,5
7.1097784,5.558394,5
-2.1589968,6.004161,1
2.2554152,7.180347,1
2.897108,5.526255,1
0.452812,6.877748,1
0.9901025,9.735884,1
6.3087945,8.804054,5
6.671266,6.269288,5
-0.19897448,10.060553,1
0.15602736,10.24705,1
-1.0968128,5.4455295,1
6.551065,8.30332,5
11.285956,0.72956824,4
0.07458221,-1.281628,2
-1.2957189,5.475014,1
2.5476923,5.5641947,1
9.581864,6.324699,5
16.234434,6.41588,0
0.9988518,9.353489,1
1.2246107,8.922621,1
1.1787554,8.958679,1
2.5306473,-5.1917186,2
13.286173,-2.6662774,4
19.10624,6.062553,0
17.851532,5.3342576,0
4.9752812,0.6072142,2
8.380743,-5.3822956,2
14.831526,6.9560585,0
0.7115405,-1.9496729,2
3.1273696,-4.7406554,2
1.252565,8.909163,1
17.835327,5.3267603,0
0.5554115,6.5964127,1
6.268121,7.194797,5
1.1164633,9.340241,1
0.9531184,9.021427,1
16.131113,6.268101,0
6.0303254,7.5023212,5
2.5777128,-5.05438,2
9.685598,11.581918,5
18.006374,2.758518,0
14.764328,10.941508,0
0.29462543,7.0430064,1
10.136939,11.711977,3
1.4306961,8.645164,1
0.6301922,-2.197796,2
8.408065,-5.3641624,2
17.995617,2.9062364,0
4.442353,0.64458334,2
2.3012311,-5.046222,2
5.969525,7.3509665,5
10.112118,11.790829,3
18.29892,6.772495,0
6.571026,6.310305,5
15.518226,5.743896,0
0.84202904,-1.9722939,2
10.107265,11.748513,3
6.8768725,-0.3741181,2
0.5648712,-1.6966001,2
6.44835,17.141153,3
1.4173707,7.932819,1
5.980429,7.455933,5
5.082088,0.66928405,2
3.1738904,-4.6893244,2
6.6797953,5.729379,5
10.188174,11.730239,3
9.179359,7.553315,5
0.22889441,6.958643,1
12.9971075,-1.9417037,4
8.934728,-5.7083716,2
2.2850716,7.4321675,1
0.32933852,6.9969535,1
0.5454469,-2.2215393,2
4.824663,0.70494664,2
-0.011388351,6.5936103,1
0.2356332,6.9938593,1
0.48637208,6.7283387,1
0.5270792,-2.2268147,2
17.755655,3.1483247,0
17.670055,2.9819162,0
0.1851566,7.089685,1
4.999106,0.6825743,2
15.966009,7.030012,0
11.87279,-1.4985905,4
0.6211397,6.862507,1
5.0016217,0.66826075,2
10.843556,0.73328376,4
6.4703126,0.6296152,2
0.54520166,6.8812475,1
1.048454,8.965903,1
2.2562182,-5.959828,2
5.9987817,7.4263334,5
8.418221,-6.1327105,2
6.00231,7.45472,5
1.9272858,-5.5845733,2
8.967845,7.3660116,5
7.267486,4.554724,5
6.7090383,8.845742,5
17.650852,2.9541364,0
1.316492,8.898234,1
16.493713,7.3694406,0
15.047259,11.350383,0
0.63178945,-2.1419094,2
3.209203,-4.6652985,2
0.45531702,-2.2966185,2
16.209105,6.3372326,0
9.789511,11.763129,3
10.733213,0.58743584,4
0.9704132,9.288537,1
2.8682728,-6.001601,2
-0.17070252,6.971406,1
9.576298,7.505032,5
17.673851,3.002597,0
0.50846386,6.8704576,1
9.726195,6.3236027,5
6.959983,16.2252,3
11.269168,1.0944104,4
2.6755483,-5.871494,2
6.799811,5.843777,5
6.6254663,4.616886,5
10.517345,0.44274718,4
6.5260563,6.2512465,5
-0.37442297,6.8741975,1
6.0227213,7.649872,5
0.4758557,-2.2737336,2
0.15928139,7.00496,1
6.0309486,7.504564,5
0.5691839,-1.650064,2
6.516227,6.1889725,5
19.106953,4.780752,0
10.152639,11.763787,3
0.15428597,6.5590477,1
6.429614,6.443128,5
1.2289782,8.945347,1
0.0023069263,6.7626634,1
2.5546074,-5.588322,2
0.19295353,7.0362654,1
1.1776934,9.104527,1
6.6726913,5.880377,5
6.4629235,16.08678,3
2.4324312,-4.954284,2
17.065695,7.2806253,0
17.623192,3.0777516,0
15.102851,6.764268,0
6.512168,17.110233,3
8.962713,7.1055164,5
5.9947267,7.589283,5
17.679619,2.967136,0
1.3263997,8.850534,1
10.0043955,11.875948,3
0.46835995,-2.272564,2
6.6867614,5.9499216,5
5.9918284,7.529195,5
2.9842134,-4.903695,2
1.1848621,7.709363,1
5.96025,7.405462,5
12.792213,-2.4670646,4
3.781247,-3.4152272,2
1.6018935,7.676626,1
0.7177767,-1.9016422,2
5.9883614,7.6323395,5
13.043583,-2.2128253,4
0.9086938,9.238081,1
6.4661975,16.146317,3
2.6953995,-4.8354735,2
6.4093947,14.177896,3
5.9386144,17.518637,3
4.5215845,-3.8626595,2
15.781578,12.090621,0
3.9903545,-3.7359154,2
2.8177319,-5.2752113,2
-1.610021,5.6725245,1
18.850815,2.8444421,0
1.2046626,10.4279995,1
0.43420842,6.839071,1
18.86032,2.9194098,0
18.688835,3.1039207,0
8.932624,16.986712,3
4.0388484,-3.7893507,2
0.6647675,-2.255603,2
9.148062,7.0167103,5
-1.2825328,5.7807255,1
6.136591,14.028467,3
9.374052,7.5048003,5
1.1341048,10.335678,1
-0.26543286,5.9221787,1
6.416184,16.131119,3
8.750207,16.91736,3
5.8986263,0.103052706,2
1.0607052,10.338786,1
10.178378,7.703943,5
0.7910783,-1.091688,2
0.2928936,-0.8932882,2
2.8807378,5.9086843,1
14.079517,-0.9797701,4
1.379487,10.090799,1
18.074865,4.146777,0
1.2160959,10.392413,1
4.5311637,-3.7757003,2
-0.531544,5.839525,1
1.4394343,10.364191,1
18.575302,3.302622,0
3.0615087,5.9948096,1
0.4451249,-0.98262835,2
0.60291314,-1.0453005,2
18.645145,3.314806,0
14.724205,7.119951,0
6.045512,0.22283077,2
-1.1177442,6.4482203,1
5.4941254,14.981526,3
10.693889,1.2520797,4
19.24764,6.190823,0
1.4029441,10.124874,1
5.8455796,13.888285,3
14.630693,5.5617356,0
15.296203,12.213038,0
0.78284806,10.478162,1
15.701039,12.060476,0
7.3354597,17.224882,3
4.1370406,-3.3878906,2
6.028665,0.09013436,2
4.027171,-3.9251974,2
4.6181974,-3.8107495,2
17.048689,7.7984605,0
8.37072,-6.059727,2
0.881227,-1.1493251,2
1.4218435,10.140268,1
-1.5792642,5.6458006,1
-0.9305969,5.4607897,1
5.810179,17.56532,3
18.703373,3.184774,0
2.8955538,-5.53266,2
5.714154,17.699919,3
5.8010607,14.37924,3
15.4302435,6.469571,0
19.440714,4.5746675,0
-7.466171,5.2707243,1
18.748539,2.7179816,0
0.867377,10.516943,1
-0.95605326,5.5989504,1
2.90677,6.167489,1
0.11727422,-0.70782226,2
2.7902474,5.9007726,1
5.65999,13.823063,3
5.967224,17.486479,3
5.8606772,17.666245,3
18.747961,3.179024,0
1.3913368,10.621624,1
17.992887,5.4008946,0
18.494062,2.450234,0
10.106182,7.382304,5
0.27122524,7.0376544,1
0.16639178,-0.68848664,2
3.7951844,-3.7175443,2
18.488909,2.460349,0
6.878738,4.9721775,5
1.3790648,10.117384,1
0.83995384,10.492294,1
18.637661,3.0015025,0
-0.28562197,5.549454,1
18.79014,2.800574,0
4.208396,-3.3605173,2
4.496218,-2.9371774,2
0.38034424,-0.47328463,2
0.80181825,10.716654,1
9.957788,7.6516805,5
13.356334,-1.1995032,4
9.978477,7.6364083,5
4.2991047,-3.847612,2
-0.9367426,5.7075233,1
8.301377,-5.9900317,2
1.217255,8.888346,1
3.8717291,-3.6688738,2
15.397354,6.4451866,0
15.627249,12.088651,0
2.8395061,-5.461706,2
-7.521564,4.4525905,1
4.0031223,-3.7849407,2
14.741389,10.975814,0
15.463364,11.958477,0
18.716772,2.683275,0
0.07862464,-0.67740005,2
1.6946864,9.597245,1
17.930944,2.8929677,0
3.5534935,-3.277734,2
0.4728103,-1.0385218,2
18.79325,3.11225,0
0.15434848,-0.7576088,2
18.546122,2.7774103,0
4.1680493,-3.4020686,2
15.20719,12.579293,0
6.1341257,14.03446,3
0.19031952,-0.9507854,2
12.719038,-2.6184945,4
8.988566,17.036219,3
18.744196,3.1621387,0
15.565474,6.196572,0
4.7843714,0.512803,2
-1.3430623,5.9624343,1
0.39475918,6.878356,1
1.3676368,8.931369,1
0.63383526,-1.0562044,2
5.767236,17.57811,3
6.976338,5.0508766,5
18.697166,3.0779474,0
15.121878,12.434092,0
6.4672356,16.097567,3
19.005253,4.759234,0
10.032469,6.3132076,5
7.012965,16.245642,3
6.644155,16.13874,3
7.0867414,7.3276806,5
11.064251,1.3292779,4
15.354741,5.744727,0
0.5576098,-1.0441264,2
1.1676328,10.5247,1
14.664617,5.5407114,0
9.167273,7.549569,5
-0.8366226,5.8018193,1
1.3205874,10.102132,1
4.1075177,-3.3208098,2
0.6240218,6.754828,1
6.455884,16.083927,3
7.1068773,8.800001,5
17.854193,3.2073295,0
7.2652297,14.135036,3
18.023993,5.416718,0
6.71039,0.37229517,2
7.95111,-4.6369543,2
6.0812697,14.056848,3
3.8037066,-3.9957557,2
16.392403,6.592829,0
5.5243554,14.95842,3
-0.6819643,5.9475656,1
10.538988,0.4195955,4
1.6258303,9.68026,1
4.703961,0.5873873,2
15.288865,11.678846,0
14.938069,11.905426,0
4.7457333,0.5002108,2
4.7006655,0.547791,2
18.613413,2.8953087,0
1.2400606,10.015441,1
5.5903797,14.875865,3
-0.73883265,6.0583143,1
7.61749,17.378017,3
19.484724,4.604768,0
15.712285,12.007853,0
19.271425,6.1947064,0
1.2798035,10.040898,1
18.700954,3.1239676,0
0.73115534,-1.8547128,2
1.1980275,9.815258,1
13.662067,-1.0285441,4
0.38827804,-1.8573452,2
0.10591199,-0.74993813,2
3.6005323,-3.382343,2
6.0816503,7.425154,5
17.078997,7.7796545,0
3.7150886,-3.9006155,2
17.928356,5.4037127,0
14.60398,5.617773,0
0.96768004,10.5487175,1
4.7643666,0.52694315,2
18.632915,5.319345,0
6.95297,4.6758094,5
19.609774,4.545222,0
0.8593248,9.214741,1
10.823875,1.540675,4
9.954091,6.4416375,5
3.6753736,-3.5454073,2
10.036229,6.241818,5
4.568292,-3.8509555,2
2.6920314,-5.119005,2
8.94878,16.946362,3
17.101145,7.8044543,0
0.27761322,6.971332,1
0.7292379,10.556697,1
0.6028909,-1.0727776,2
0.48890218,-0.34940836,2
18.613638,6.472131,0
8.773701,16.850994,3
4.431324,-3.8066134,2
0.50246245,-1.0605068,2
15.157956,12.495184,0
13.462065,-1.0572733,4
7.4068713,17.042376,3
11.415774,0.6970374,4
5.9520025,0.13917047,2
16.94999,7.1787033,0
15.62213,12.507638,0
5.779581,17.69343,3
4.692136,0.65401113,2
6.0455446,0.17490539,2
5.891298,14.863031,3
7.6661124,17.500292,3
13.792296,-1.128724,4
4.5788536,-3.7855585,2
14.632991,5.5963492,0
14.731174,5.5583444,0
14.918703,12.005047,0
6.428821,14.190322,3
-7.0727053,5.9876995,1
-1.0431026,5.908922,1
5.6978383,17.72508,3
6.438823,16.143114,3
19.466356,4.6326904,0
0.1679588,-0.6692743,2
8.3771,17.436705,3
18.859121,2.8845553,0
16.355854,8.063753,0
19.223803,6.1661506,0
0.2516754,-0.5700526,2
2.952044,6.0595975,1
6.7457604,16.495197,3
6.011888,0.04202772,2
-0.67323667,5.931539,1
0.2525698,-0.5607225,2
6.834315,17.081806,3
9.97996,7.3268275,5
6.8315773,8.424133,5
0.4368184,-0.3639205,2
19.572739,4.651114,0
4.198055,-3.3210032,2
4.6708684,-3.8174171,2
15.894463,7.1224866,0
6.945753,9.025344,5
13.756385,-1.0510527,4
6.8461094,17.106024,3
5.81855,17.792067,3
6.0487924,0.012797187,2
18.883057,2.8165228,0
2.8478265,5.8477054,1
3.5652335,-3.1867738,2
4.2451286,-3.4765782,2
10.759493,-1.6576095,4
3.8785598,-3.7078042,2
4.0054245,-3.9468713,2
-1.4430302,6.7615294,1
6.558356,8.523548,5
5.6906195,17.746069,3
18.632137,5.297501,0
19.247402,6.186266,0
2.6668427,-5.8280983,2
6.605244,8.387879,5
4.6013656,-3.4866064,2
4.372008,-3.825731,2
13.325369,-1.195341,4
5.87831,17.561098,3
4.5006666,-3.0074546,2
1.4618112,9.000982,1
6.0241003,-0.0042451285,2
15.222001,12.661347,0
1.3656908,9.988992,1
6.498016,16.277153,3
18.799067,2.7134483,0
3.02947,6.0817146,1
10.021865,6.30936,5
10.800892,1.4816417,4
-0.5502138,6.0917373,1
-7.490215,4.493025,1
9.984444,7.4527636,5
0.46560314,-0.28303316,2
3.4984174,-3.2772481,2
16.35775,6.592197,0
6.160528,13.9338,3
18.714148,2.7312582,0
9.990676,6.3321147,5
5.8450437,17.523546,3
5.815903,17.80149,3
6.008627,0.049469337,2
6.470849,16.104328,3
8.310807,-4.5124855,2
14.955828,11.980293,0
8.26689,-4.748301,2
0.13095286,-0.85254467,2
0.28352693,-0.54300386,2
0.08734485,-0.8724702,2
4.763927,0.5297209,2
4.724715,0.6225821,2
4.844619,-3.6820962,2
5.79303,17.64773,3
6.966666,17.100107,3
0.86995,-1.1357884,2
8.034865,16.75382,3
10.041646,11.665579,3
0.116014205,-0.7810265,2
14.999983,11.905288,0
18.401945,3.3261197,0
6.132277,13.980453,3
18.540617,3.2774854,0
4.7999454,0.5113328,2
10.814893,1.5228288,4
19.465858,4.7032895,0
6.237509,7.828841,5
1.4417933,10.462863,1
6.0087376,17.72829,3
9.24139,6.9703555,5
3.8733397,-3.471912,2
5.846026,17.63122,3
0.17636192,-0.7954818,2
18.576962,2.7075317,0
19.317183,4.5804105,0
4.7541695,0.52151245,2
10.018658,6.3123035,5
9.243178,7.050026,5
14.713622,7.0749674,0
6.1758814,14.73732,3
3.7246585,-3.8849788,2
0.4097467,-0.4112899,2
15.701903,12.1546335,0
-0.18272445,-1.1487997,2
4.776446,-4.317347,2
0.70151544,-1.1339616,2
5.975373,17.53908,3
7.5994525,14.392889,3
0.76179755,-1.110193,2
-7.071937,6.002202,1
0.6199474,-1.0677391,2
3.7584631,-3.464601,2
0.107458584,-0.75041467,2
6.3970857,8.482133,5
6.8483753,8.976904,5
0.14560808,7.0785294,1
6.009533,14.686471,3
1.4146329,10.157219,1
7.927399,-4.602924,2
0.44336826,-0.918224,2
4.7415314,0.55173373,2
0.83943516,7.890981,1
17.996801,4.2161875,0
19.514381,4.569426,0
6.108126,13.999734,3
7.7306323,17.484322,3
4.0853105,-3.6317773,2
6.6423435,16.229368,3
14.799814,6.783902,0
0.21521263,-0.84899235,2
18.234404,6.550889,0
7.02492,18.272823,3
-0.21782508,5.5807076,1
8.162483,-4.6774664,2
3.7363572,-2.9975996,2
18.196188,6.68209,0
-7.5498695,4.439299,1
8.520922,15.782122,3
14.936644,11.92519,0
1.1425102,-1.183269,2
1.0509484,10.134932,1
14.91863,11.931794,0
4.158187,-3.300547,2
0.19520941,-0.56178087,2
14.89245,11.949125,0
7.7594914,16.037668,3
16.423042,6.5379915,0
-1.6949949,6.346975,1
6.905939,4.6901846,5
6.416876,16.15904,3
0.860147,-1.1329894,2
6.450166,16.087152,3
7.149389,16.164808,3
6.947378,7.1994076,5
15.222803,12.614423,0
-1.5339268,6.483774,1
4.0645285,-3.6739783,2
6.859105,5.0370173,5
0.3346033,-0.53643423,2
6.4502306,16.079996,3
-7.497639,5.298914,1
15.031497,12.058474,0
7.0711427,18.295824,3
15.754501,12.110357,0
8.078759,-4.4605007,2
2.7746136,-3.4493616,2
6.834501,17.067226,3
14.7282505,10.922953,0
16.416351,8.056542,0
14.584479,5.806387,0
18.786732,3.2487812,0
1.3805461,9.999488,1
1.0465212,9.931313,1
15.916369,7.1080084,0
4.6039176,-4.3337994,2
-0.38381684,-1.0967848,2
7.084228,16.3731,3
15.169621,12.558956,0
4.8574743,-3.809138,2
1.387005,10.059886,1
5.5512996,14.534357,3
8.526935,15.772856,3
5.8375344,17.280588,3
0.505076,6.8166666,1
0.5460584,-2.2159383,2
3.6016915,-3.4247618,2
13.058004,-0.9983809,4
7.0640626,18.29931,3
0.37375876,6.807289,1
8.413702,15.7707405,3
6.592095,5.465879,5
18.709618,2.7962148,0
2.3999825,7.26519,1
5.5467463,13.977104,3
5.961134,17.898697,3
-0.11037447,7.009806,1
18.74616,3.090537,0
7.4629474,16.158684,3
15.812449,12.108853,0
14.58459,7.1248074,0
5.774308,17.706442,3
19.593887,4.660285,0
-1.555892,5.783343,1
8.822699,17.016005,3
14.938938,11.987023,0
2.9335215,-3.6094232,2
0.30443037,-0.8078975,2
10.029362,7.5928087,5
5.747638,14.455253,3
15.174432,12.557343,0
2.8768468,-3.7751105,2
17.85473,3.2198691,0
14.596229,5.6161475,0
6.8074884,9.06197,5
9.708762,11.57837,5
16.37716,8.079078,0
1.3956417,10.484692,1
6.7836146,4.994757,5
0.7193409,11.174742,1
-0.26263484,6.431092,1
9.732073,11.494596,5
0.51725274,-0.9567415,2
6.986548,7.375049,5
1.4152113,7.620824,1
-1.6291318,5.690284,1
-1.6916089,5.670944,1
-0.027289677,-1.2077739,2
-0.90448827,5.8693237,1
13.165406,-1.1313444,4
10.068525,11.833237,3
18.656036,2.865879,0
9.9381275,6.335367,5
16.045052,6.6358333,0
10.128197,11.756741,3
0.86800224,10.609037,1
18.542126,2.5662284,0
14.92506,11.975861,0
4.759647,0.4911862,2
0.6572794,9.798027,1
18.782228,2.7207096,0
0.13525973,-0.69365066,2
9.395497,7.6398115,5
3.9229872,-3.7820125,2
7.705209,17.405146,3
10.571546,1.3189954,4
17.986313,5.371465,0
10.177006,11.701289,3
6.3385997,16.12198,3
11.401033,0.682036,4
6.608898,0.5396788,2
1.4150656,7.639816,1
2.8700387,-3.3995159,2
-1.6847342,5.677581,1
4.260856,-3.31909,2
4.2694483,-4.5432177,2
5.8927617,18.047981,3
1.44605,10.527477,1
5.726451,17.741571,3
4.793386,0.5041764,2
18.645752,3.110483,0
1.1731263,8.850086,1
12.673334,-1.8044661,4
5.9980316,17.350208,3
10.097844,7.652213,5
19.06085,4.6818113,0
18.794048,2.6684685,0
4.7971544,0.49251136,2
6.5463843,16.073948,3
5.750933,17.669085,3
14.860414,11.98168,0
5.888552,17.724388,3
18.758955,2.6948211,0
15.604704,11.87302,0
14.926971,11.957575,0
14.903646,11.964103,0
8.443512,-4.777674,2
6.02577,7.4865365,5
12.975715,-0.9724929,4
0.6412553,-0.8169235,2
6.10712,0.0029176024,2
14.923864,11.966303,0
13.332408,-1.3763503,4
3.7605124,-3.0959966,2
4.1231985,-4.465668,2
1.2311363,9.005588,1
6.300262,17.592186,3
19.476618,4.569601,0
-1.6950593,5.955849,1
15.33726,6.435645,0
6.861932,17.124754,3
16.09781,6.449194,0
8.054324,-4.468583,2
8.111974,-1.2949214,4
6.7181783,8.624481,5
7.580382,17.02542,3
3.0286021,-5.0401273,2
18.527908,6.702107,0
18.73903,3.171221,0
0.6115655,-0.43793985,2
16.380365,6.5874624,0
5.484174,15.022375,3
0.2793374,-0.8166359,2
0.62588066,9.753323,1
13.601767,-1.4680316,4
9.970973,7.428433,5
-0.0228995,-1.3388064,2
18.761356,3.1402004,0
-1.2502325,6.2953644,1
15.73372,12.14251,0
6.496084,6.355719,5
15.772184,12.100312,0
-1.5444306,5.6687636,1
0.52554095,6.867965,1
8.252412,-4.5355263,2
14.065065,-0.8949699,4
2.661994,-3.5491939,2
5.863101,0.14990689,2
10.063488,7.5876913,5
-6.8996115,4.6448145,1
10.717529,1.3923023,4
0.09886438,-0.82964516,2
-1.0920293,5.5450773,1
4.3602057,-3.8412948,2
7.0380936,18.196455,3
6.356079,16.01988,3
3.7626243,-3.7561324,2
0.8933705,-1.042042,2
5.8507924,17.89251,3
6.6959524,9.083678,5
5.879643,17.626915,3
3.5833356,-3.2221363,2
6.8004594,17.03729,3
10.01167,11.588366,5
0.77753514,-1.0305377,2
2.317435,7.185185,1
14.70798,7.095659,0
14.942403,11.974535,0
6.6430397,5.752425,5
4.8011537,-3.330467,2
13.830214,-0.92750317,4
10.080729,6.3762255,5
3.7850182,-3.387844,2
13.628931,-1.4895011,4
0.60189706,9.806498,1
0.59472245,-0.44519883,2
6.037816,0.13431017,2
19.029745,4.754602,0
5.8738704,17.515482,3
0.473435,-0.32536605,2
19.535183,4.676935,0
5.751638,17.7934,3
0.5108414,-0.3183429,2
0.5330008,-0.89154,2
4.243915,-3.808522,2
10.003273,7.3251433,5
3.7628016,-3.2347298,2
-7.050552,5.8557587,1
6.600664,17.282536,3
15.384921,12.232475,0
14.763264,6.8007936,0
4.8994675,-3.7294402,2
-1.4241383,6.7736382,1
7.053169,5.0675874,5
4.7903657,0.5042134,2
0.4663478,-0.32313645,2
16.355402,8.044307,0
5.9952745,17.419188,3
3.7464252,-3.003758,2
0.4089148,-0.3634913,2
14.571918,5.586009,0
6.9456778,8.676231,5
4.75687,-3.806952,2
9.975888,11.807892,3
6.416458,17.119469,3
6.981876,4.7099276,5
10.203492,11.727492,3
13.544985,-0.94751215,4
2.700647,-4.978819,2
18.784597,3.0972092,0
19.587461,4.5626006,0
19.21922,6.2190733,0
9.400777,7.50462,5
18.835732,2.9848907,0
3.997131,-3.5997863,2
14.535886,5.628011,0
19.481987,4.574721,0
4.163046,-3.9156501,2
0.8045855,-1.835156,2
2.6967196,-5.7535076,2
0.54755163,-0.7297277,2
3.960362,-3.7789564,2
1.2840837,8.9269285,1
4.212478,-4.324963,2
0.30667058,-0.49324703,2
10.046629,7.716929,5
4.4913807,-3.888474,2
8.048042,16.15147,3
6.8336535,17.055391,3
1.4734808,10.585155,1
0.4462284,-0.52601063,2
-7.3710036,4.610478,1
9.915093,6.198177,5
-7.3946934,4.74687,1
8.259762,-4.422358,2
19.567844,4.5554514,0
7.3900037,16.237726,3
14.672165,7.0520363,0
5.936625,0.18657461,2
6.408506,18.006495,3
15.343644,11.885804,0
-0.616996,6.1845264,1
4.656384,-3.8401158,2
0.12685382,-0.6611017,2
-0.8220798,5.5154386,1
5.949385,17.56899,3
8.772592,16.773531,3
19.456167,4.587324,0
6.0005755,0.19997714,2
3.8114822,-3.9881003,2
4.4813294,-3.272253,2
1.157955,10.008347,1
8.982432,16.894512,3
15.731686,12.055009,0
14.779103,5.4743366,0
0.47999594,-0.34270662,2
10.012081,7.501038,5
18.610044,5.298218,0
9.185807,6.9845815,5
1.4622895,10.448809,1
15.210086,12.548701,0
7.7340193,17.509089,3
17.90901,5.37749,0
4.015415,-3.599777,2
3.7993257,-2.927556,2
8.904414,16.934246,3
8.510051,15.820883,3
0.8650712,10.773108,1
7.154878,13.884259,3
14.934465,11.989507,0
19.548452,4.6726384,0
15.057701,12.136768,0
-1.5387996,6.0002317,1
15.551848,12.629023,0
15.247652,11.655883,0
3.7529151,-3.3518677,2
3.1872113,5.995175,1
14.649472,7.0930047,0
7.089874,18.241465,3
1.4347234,10.552074,1
15.14198,11.742513,0
0.6583623,-0.8852534,2
7.0846796,5.5264144,5
19.55277,4.5555305,0
0.8424306,7.911188,1
-1.0442309,5.9139476,1
8.573965,15.753122,3
2.774551,6.086881,1
13.489536,-1.4222227,4
-1.1806887,6.3252816,1
-6.9868774,4.709008,1
2.9463792,5.881821,1
-0.78027415,5.5340166,1
6.7251515,8.450687,5
6.105583,-0.047213897,2
6.980261,8.866321,5
13.583813,-1.1549605,4
-1.1449889,6.3624954,1
13.444715,-1.4454043,4
5.9136114,17.863083,3
8.575,15.888523,3
0.7927204,-1.06741,2
6.1273026,14.005303,3
6.587092,16.12565,3
6.483923,17.144632,3
-1.1276166,5.6078944,1
7.4695773,17.031134,3
6.9489264,4.948439,5
19.531254,4.6781273,0
6.697281,8.628207,5
-0.1754842,5.8518386,1
8.9555855,16.781857,3
0.14555229,-1.3922946,2
5.8769865,17.595213,3
4.8649077,0.5100489,2
4.0841312,-3.3225486,2
10.0245075,6.357745,5
6.3831215,16.182966,3
0.9328892,10.897261,1
7.0722413,18.227734,3
5.8063774,17.986446,3
6.468604,17.630424,3
4.0885835,-3.4463527,2
3.822446,-3.7288816,2
7.972756,16.091612,3
5.899918,17.793554,3
6.3952317,6.9179826,5
13.563892,-0.7059838,4
0.53117794,-1.0473996,2
-7.433348,5.5122185,1
7.994912,-4.512126,2
3.8016913,-2.9926457,2
8.625635,-5.3553724,2
19.561213,4.6360197,0
0.51285905,-0.82350034,2
3.0296595,6.1500697,1
-7.1369033,5.865946,1
6.989691,4.6960135,5
15.189279,11.837436,0
10.765981,1.5855057,4
16.235374,6.373222,0
0.92592883,10.191526,1
-7.496386,5.290325,1
15.167822,11.722639,0
15.287657,6.5403767,0
5.915788,13.866691,3
8.107118,16.675734,3
3.1243005,6.0920506,1
5.963482,0.19622593,2
6.989702,18.206406,3
7.36755,17.063126,3
18.663658,5.3216763,0
3.7058587,-3.092328,2
2.8178627,6.742725,1
18.000553,5.4086986,0
-7.227352,5.992568,1
6.4403434,16.074875,3
5.88652,17.9563,3
0.50089824,-0.33691293,2
10.005749,7.2327185,5
0.80970836,-1.6765133,2
15.117796,12.541735,0
5.8831973,17.842218,3
5.9195848,17.594357,3
4.1755395,-3.9207118,2
4.671773,0.64786536,2
1.0169821,10.624763,1
0.14902844,-0.7230113,2
-7.1625533,5.8974586,1
19.073381,4.752019,0
5.9468083,0.08197419,2
5.6825724,17.83262,3
6.470444,16.103073,3
0.7055647,10.717679,1
0.5079432,-0.3282005,2
1.2920359,8.832339,1
14.690645,6.9853387,0
3.0710318,5.9110785,1
0.2528605,-1.2253003,2
6.6377234,-0.5412289,2
6.878979,5.132903,5
-0.63580483,6.264778,1
4.0187054,-3.6800756,2
9.520319,7.6790795,5
9.001906,16.855442,3
9.991894,6.317546,5
1.2606008,10.133982,1
8.550724,15.836232,3
15.226027,12.540476,0
7.3782563,16.000113,3
5.9335456,-0.033104442,2
0.2262936,7.09193,1
0.10429016,-0.73221713,2
9.987563,7.4884195,5
6.001706,14.82968,3
18.609404,3.1883662,0
17.569185,4.309209,0
-6.950316,5.803098,1
4.3651576,-3.8669333,2
13.336836,-1.4411229,4
18.873379,5.0929203,0
15.095102,12.376158,0
0.7085321,11.084145,1
1.3037534,9.932193,1
5.8504066,14.322165,3
4.056212,-3.5588832,2
7.0827007,18.257133,3
3.0754485,5.8957872,1
-7.1439857,5.924294,1
3.5135717,-3.3410296,2
1.4762702,10.517184,1
0.46647492,-0.33103198,2
1.198884,8.955944,1
1.5830848,9.650345,1
10.693729,1.4234556,4
5.86254,18.002577,3
5.8646026,17.534004,3
15.622539,12.427622,0
-1.479928,6.5820465,1
6.7133446,-0.6691227,2
6.165082,8.102054,5
18.001139,5.3645167,0
4.482558,-2.9455717,2
6.3967667,6.929385,5
8.860298,16.990036,3
6.7410975,0.33193815,2
9.034305,16.808254,3
7.972675,16.150032,3
8.240849,-4.4560905,2
4.804679,-3.3306463,2
13.45795,-1.1189454,4
8.893796,16.89706,3
6.7945642,17.077852,3
10.572067,0.47728002,4
0.6154023,11.092156,1
4.85601,-3.6995363,2
15.024334,11.875147,0
3.2643754,-4.531732,2
15.20423,12.658466,0
14.053271,-0.9210388,4
1.6872426,9.600191,1
19.205494,6.2369957,0
13.022635,-2.1864023,4
1.5355579,9.907506,1
-0.9058224,5.529368,1
14.030919,-0.89112335,4
5.475649,15.068095,3
17.813538,5.0856075,0
1.3725836,8.90317,1
5.593346,15.026497,3
9.77803,6.304541,5
-1.6002289,5.621767,1
5.080369,14.64278,3
6.0243015,0.11365189,2
11.145713,1.2191175,4
0.68654156,11.060717,1
10.090132,6.1266055,5
4.760256,0.5051063,2
2.566314,-4.964398,2
8.272054,-4.731121,2
7.113938,13.885922,3
13.476116,-1.3529598,4
5.7246237,17.157957,3
-6.8377914,4.597541,1
19.498425,4.679591,0
8.238156,-4.4702177,2
-0.55758315,6.085081,1
3.802023,-2.9406319,2
0.5608847,-0.9410697,2
0.7983576,-0.9869753,2
7.4112625,16.014515,3
10.034725,6.3374734,5
0.7976499,-1.1274264,2
9.772184,11.50076,5
8.338284,17.416824,3
6.0110955,14.137227,3
4.099385,-3.331511,2
0.6177839,-1.0259563,2
0.7952265,10.4627,1
18.615866,6.798312,0
8.505002,15.678592,3
4.146068,-3.354863,2
6.941975,8.780941,5
3.731598,-3.442726,2
15.984459,7.151888,0
2.7909732,5.870103,1
3.8028755,-4.0482817,2
14.9663925,11.943963,0
0.2995108,-0.5298357,2
13.331692,-1.1971604,4
2.715519,5.979895,1
1.1486719,8.852665,1
8.934097,-5.7201247,2
8.289206,-4.3584228,2
6.714092,-0.67077816,2
1.4014684,10.098141,1
9.94551,6.1661696,5
6.5812693,16.093739,3
15.203645,11.811505,0
19.553802,4.567076,0
19.2251,6.1649423,0
17.974308,4.1831064,0
3.9763331,-3.4467268,2
4.467425,-3.8370092,2
13.680917,-1.0011165,4
18.733196,2.8386416,0
0.023975296,-0.7856942,2
4.048311,-3.4300191,2
7.1085935,8.64366,5
10.045345,6.243956,5
2.8824399,5.8878784,1
13.665991,-1.2497412,4
10.859234,1.5180583,4
0.7320295,11.016259,1
6.13904,13.97723,3
7.2820063,4.969349,5
1.1754748,10.115835,1
18.685812,6.78424,0
13.7416725,-0.93522,4
0.08538638,-0.7189121,2
8.454049,16.61221,3
-7.481665,4.7266474,1
8.580217,15.8271265,3
6.7105837,5.494964,5
6.1686354,13.955366,3
10.841739,1.5233908,4
-1.4474796,6.570209,1
6.8741546,17.035528,3
15.259484,12.586244,0
4.2590213,-3.0835745,2
4.7573776,-4.403589,2
6.5018578,16.085613,3
3.7787738,-3.4488382,2
8.318583,-4.4434013,2
15.2525425,12.075322,0
15.154187,11.697448,0
6.1164827,-0.112265974,2
15.49492,12.28989,0
5.894185,17.556795,3
11.1200695,1.2763062,4
-1.0900809,6.1459045,1
0.79155636,10.514422,1
19.324286,4.5721984,0
6.9136167,5.172628,5
18.65534,2.6186464,0
6.107359,0.031965714,2
18.616081,3.1762023,0
14.647792,5.605486,0
5.8470683,17.929754,3
10.611737,1.3308953,4
6.3825846,16.055748,3
4.6524434,-4.470166,2
4.483961,-3.2012188,2
15.836185,12.149224,0
3.3997371,-5.0829873,2
15.208164,12.638209,0
1.2327254,10.075416,1
0.5750794,-0.4358614,2
9.353362,6.8639064,5
8.487081,15.786593,3
14.052234,-1.4682254,4
10.040503,6.316718,5
-6.933949,4.7423244,1
8.034693,-4.4756637,2
3.1150744,6.0408115,1
4.3924994,-3.117585,2
0.7021162,-0.9558969,2
5.855183,17.781693,3
-7.071575,5.9620867,1
4.405342,-3.6132543,2
1.5424699,9.045592,1
-6.9831514,4.697405,1
17.048786,7.722674,0
0.8038256,-1.0297467,2
0.5643677,-0.78461903,2
1.0556479,8.963402,1
-0.19784473,-1.0224763,2
15.222599,12.145149,0
16.41782,6.5991364,0
6.406468,16.138182,3
10.01297,6.3552756,5
0.8393829,10.351415,1
4.237853,-3.5122104,2
7.688021,17.50748,3
18.520283,6.636421,0
1.3689016,10.562181,1
8.077717,16.709946,3
19.260641,6.160371,0
0.33843586,-0.42925522,2
15.164614,11.873824,0
6.020499,0.014089176,2
6.3625607,8.5013485,5
19.390293,4.5160027,0
1.4183196,10.578202,1
6.1149087,17.79662,3
19.451597,4.6281037,0
1.2165048,10.385401,1
-0.7091293,6.239178,1
1.2507448,10.338415,1
4.5560613,-3.8462105,2
-1.6844006,6.424713,1
5.9278603,17.882908,3
6.9404073,8.6504345,5
12.751909,-2.525068,4
19.600267,4.558407,0
6.4157686,16.151352,3
6.745304,7.907411,5
15.250649,11.699519,0
0.3962218,-0.3876735,2
14.965656,11.972493,0
18.581297,2.5215204,0
13.710564,-1.0662671,4
17.074179,7.668428,0
-1.220634,6.2276835,1
0.4200221,6.692371,1
6.999492,18.255833,3
4.997066,0.5826342,2
-0.30444238,-1.1621785,2
10.614588,1.3162545,4
0.53556114,6.8548255,1
14.661578,7.0343814,0
6.2917542,8.817746,5
14.971065,11.901245,0
4.146426,-3.6306245,2
4.821728,-3.3474822,2
5.968868,7.559728,5
5.983798,17.994589,3
6.055209,-0.010633293,2
14.5773945,7.069704,0
1.5557547,9.868491,1
8.394894,15.921952,3
10.136325,11.6837,3
14.959251,11.976784,0
10.658491,1.410672,4
0.7141603,8.299486,1
6.1932797,17.842863,3
7.9497633,16.088509,3
5.9160147,13.8887615,3
3.7602434,-3.1876724,2
4.1810846,-3.3834972,2
8.441817,15.712677,3
6.1443176,14.019281,3
18.012142,4.1643953,0
7.0326447,17.161016,3
4.866055,-4.828769,2
4.758023,0.51114815,2
1.0670422,9.8472,1
7.635814,14.430921,3
18.761877,2.8997173,0
0.39785826,-0.38147506,2
12.485997,-2.15707,4
12.355657,-1.8542067,4
6.1885123,17.821356,3
4.7130127,0.6466577,2
0.38160995,-0.38895682,2
8.013693,16.706108,3
5.925023,0.1522249,2
1.4107608,10.154877,1
5.9648776,17.626375,3
0.5338778,10.93539,1
0.35679248,-1.3776617,2
5.644006,0.13902716,2
7.025037,18.134914,3
17.976215,4.10182,0
4.7847385,-3.802108,2
10.9112,1.2405643,4
2.5040944,-3.8504248,2
1.3913146,10.307731,1
15.215113,11.799036,0
-1.485697,6.656003,1
6.637426,6.306524,5
9.998699,6.472705,5
0.4271217,-0.45355925,2
6.147004,0.3609596,2
10.8465605,1.4904964,4
8.917459,16.87551,3
15.107035,12.495511,0
0.3988493,-0.37551585,2
15.071098,11.965312,0
-0.55500543,5.9222713,1
15.547828,11.9723425,0
6.517946,16.092783,3
18.51158,2.7370996,0
0.7626717,9.86554,1
6.4772806,17.179144,3
7.0631237,4.7510834,5
7.224929,13.89769,3
7.6733904,17.597197,3
0.5358355,-1.3211144,2
-1.3189657,5.2952666,1
7.6830983,17.418692,3
4.3137937,-3.4632933,2
0.18606848,7.0524206,1
-1.283701,5.657047,1
5.877037,17.678116,3
0.425574,-0.37653786,2
-0.93056685,5.5750675,1
6.8113494,17.043205,3
3.9979908,-3.8025541,2
15.712427,12.085197,0
0.27354148,9.777544,1
19.595406,4.6260633,0
-7.0574584,4.8769326,1
18.57585,2.6757917,0
4.5919185,-3.8566961,2
14.521287,5.7677536,0
5.9276557,17.702143,3
8.579017,15.871456,3
6.6149707,0.6232562,2
4.784433,-3.3246355,2
6.0104156,17.628538,3
18.59476,6.825359,0
0.19524229,10.496196,1
0.73861605,-1.0368786,2
19.621304,4.543042,0
1.4408466,10.549736,1
5.474668,15.062909,3
6.499159,6.9550614,5
1.5389425,9.8799515,1
18.545532,6.809484,0
4.1517315,-3.4059033,2
2.6397407,-5.1173005,2
5.852073,0.21534736,2
7.3854785,17.012915,3
-0.27724242,7.2351294,1
6.937108,4.998321,5
6.819343,5.3707256,5
7.9250712,-4.5757165,2
0.59016013,-1.1170356,2
5.919256,17.990479,3
10.691612,1.2474034,4
19.301794,4.4961786,0
8.391326,-4.590074,2
14.641419,5.8416834,0
7.3205266,17.412773,3
6.4499493,16.15518,3
17.950523,4.178177,0
13.852857,-1.6115414,4
15.553166,12.362446,0
6.2956705,17.884418,3
0.86521286,10.456788,1
19.422215,4.4679494,0
2.4140053,-5.0061927,2
7.392017,4.928485,5
-6.7907453,4.5713162,1
4.779161,-4.591992,2
10.101031,11.717707,3
18.543024,2.896133,0
4.768945,0.5186943,2
5.8363276,17.850174,3
0.0075304285,10.284034,1
10.801588,1.5263987,4
7.260153,16.147303,3
7.542993,14.270416,3
0.0063756322,6.9153385,1
5.6534476,14.831357,3
4.6635294,-4.817116,2
-7.183367,5.909585,1
18.54784,3.0948927,0
15.242943,12.637851,0
0.702297,-1.2072346,2
15.214145,12.655735,0
3.9032605,-3.9110062,2
14.491336,5.585631,0
16.369362,8.032793,0
7.7491083,-4.9154305,2
5.872859,17.619421,3
5.5366654,14.954943,3
3.7001293,-5.738903,2
5.9917245,17.893206,3
4.363846,-4.691331,2
8.501825,15.872719,3
18.638922,5.3017697,0
4.8223214,-4.8255305,2
4.685179,0.62729377,2
7.4388323,17.11693,3
16.35551,6.5740924,0
4.261503,-3.5476222,2
3.7930791,-3.1615899,2
6.5764284,16.049147,3
14.964776,11.366212,0
5.9093404,0.032176964,2
5.8366194,17.789238,3
18.553114,2.93321,0
8.412407,15.728356,3
6.055836,14.857186,3
10.0807905,11.684827,3
6.512718,6.191836,5
10.830513,1.4745011,4
15.214813,12.646314,0
0.7371565,-1.0925933,2
0.77571833,10.731044,1
6.602922,6.3545012,5
-7.045954,4.8806906,1
15.125064,12.412425,0
7.6740365,17.431522,3
4.3862467,-4.6778355,2
18.772177,3.0307748,0
0.4387171,-2.1887243,2
13.277863,-1.4709517,4
7.027873,16.27225,3
0.49679184,-0.78792375,2
11.088781,1.3129411,4
8.485877,15.70156,3
6.0446553,0.1550671,2
0.47596037,-0.31779423,2
5.9671097,17.449018,3
18.53324,2.656776,0
4.2322655,-3.4492843,2
3.969328,-3.696396,2
15.54275,12.6516905,0
15.214474,12.681745,0
15.213384,12.610631,0
7.0260015,16.227612,3
0.5754476,-0.9295023,2
-7.5238357,4.46097,1
15.766373,12.112586,0
6.152942,14.019228,3
18.715305,2.733668,0
0.7365366,10.359181,1
3.0960937,6.1578145,1
3.7414906,-5.823272,2
6.0568147,17.93175,3
4.4996476,-2.9207242,2
5.7167664,17.82805,3
6.848763,17.035906,3
10.207388,11.630745,5
17.99338,3.2936924,0
4.7853928,-3.7963817,2
14.616883,5.6306767,0
3.528018,-5.3184695,2
3.6275132,-3.242329,2
0.4143791,-1.0114366,2
0.40532508,-1.6562365,2
13.869903,-0.9278475,4
3.7339177,-3.160055,2
15.110203,11.795421,0
4.6200175,-3.3192816,2
19.452871,4.6216745,0
10.159433,11.71876,3
6.751642,5.096989,5
2.8289952,6.036081,1
6.0565033,0.21152547,2
4.0443244,-3.4228091,2
15.249768,12.597604,0
-1.2938918,5.8958225,1
19.43395,4.6347895,0
0.58467096,9.783764,1
-0.05006954,-1.1881229,2
-0.9614793,5.9944115,1
10.136192,11.692536,3
11.411559,0.680558,4
7.5054436,-5.02923,2
10.037715,6.045006,5
-7.0079017,4.7623477,1
0.6395915,-1.2236874,2
6.4445024,16.082262,3
10.885888,1.2559762,4
0.7619954,-2.0400941,2
0.35322776,10.298574,1
-0.32895312,-1.1858782,2
4.6280146,0.6435585,2
-1.3371044,5.8212442,1
6.5682316,16.08381,3
5.957456,14.820447,3
14.610062,7.1167936,0
4.049477,-3.9445317,2
0.61675805,10.764777,1
8.521081,15.805988,3
6.543298,8.492309,5
13.499128,-1.3337153,4
10.065181,7.6312056,5
0.3128583,-0.55540997,2
11.183189,1.0810113,4
10.041335,7.612869,5
4.7125235,-3.8459697,2
19.41345,4.7352166,0
0.8819777,10.662664,1
-7.052977,5.9799232,1
10.07729,11.666111,3
5.7125034,13.692159,3
5.4469767,14.997766,3
7.99596,16.551584,3
19.513142,4.6817517,0
7.76492,17.56483,3
2.8050208,6.1048427,1
17.97028,5.3491645,0
8.503254,15.774862,3
8.497407,15.78952,3
0.79805636,-1.0539827,2
6.099616,0.020588906,2
8.825787,16.89858,3
5.841699,17.606945,3
15.596108,11.856127,0
6.8745265,8.266756,5
19.256044,6.1970625,0
15.603775,11.877127,0
-1.1331068,5.7078257,1
2.8408167,5.871044,1
-0.10990053,-1.1360947,2
13.062977,-1.139657,4
0.0031572261,-1.1977242,2
18.40129,6.430748,0
10.734497,-1.6615882,4
6.5388975,16.067583,3
6.5057945,16.070156,3
6.1329074,13.944172,3
7.991327,15.982953,3
10.915395,1.2262058,4
18.721495,2.6237652,0
9.443887,6.8410783,5
0.9264343,9.788855,1
10.173311,11.661264,3
19.377607,4.787885,0
6.0841756,-0.044372432,2
6.465215,16.11642,3
0.06927279,-0.75770044,2
17.954136,4.204041,0
4.7271132,0.5597463,2
-1.5113019,5.675986,1
6.116509,6.6731486,5
8.05841,16.743107,3
0.5169096,-1.00254,2
2.6869166,-5.7209597,2
0.32758507,-1.2738218,2
14.070575,-0.9061687,4
11.160782,1.2274816,4
6.355902,17.231857,3
0.40627918,-0.62126046,2
2.6751864,-5.8499265,2
14.638958,5.6008453,0
4.7194076,-3.8562853,2
6.5299387,16.02413,3
-7.0652113,5.897996,1
13.395689,-0.9609451,4
18.652592,2.5393126,0
5.541209,14.938264,3
8.784882,16.836584,3
6.5603094,16.050413,3
8.252968,15.935952,3
13.657368,-0.97302693,4
10.867557,1.364752,4
8.901026,16.854767,3
7.142643,17.743393,3
6.443299,16.108732,3
10.793198,1.5524201,4
5.739445,17.626902,3
9.948549,6.163513,5
4.9455295,0.6323311,2
0.8627955,-1.115265,2
7.1488495,4.954588,5
14.993548,11.902027,0
-7.048069,5.005978,1
3.739599,-3.4326875,2
14.862166,11.959825,0
0.6699689,-0.8618412,2
17.953491,5.382261,0
7.3065224,17.15356,3
7.843151,14.318936,3
6.056835,0.25946504,2
-0.3797233,6.0001106,1
0.24340066,6.4730453,1
-7.4064736,4.622671,1
18.861328,5.2481275,0
8.31684,-4.755868,2
18.478237,6.5117126,0
5.416696,0.29301804,2
14.669449,5.597634,0
10.7561,-1.6329755,4
7.3098984,13.711218,3
6.0937395,13.916398,3
15.646843,12.020056,0
15.692729,12.072013,0
4.4021325,-3.567236,2
18.613455,2.579002,0
5.941707,17.567402,3
4.2951984,-3.2386296,2
16.331684,6.565378,0
3.3749807,6.259225,1
-1.045218,5.611546,1
7.074893,16.284792,3
6.158524,13.988222,3
7.4020243,17.159931,3
10.21051,11.7247,3
2.8982508,-4.9947133,2
2.9879003,6.1607914,1
0.30382642,-0.89460737,2
-1.2796435,6.147618,1
14.73002,6.9882655,0
5.485053,15.056353,3
-1.2127575,5.9681177,1
17.088293,7.734798,0
3.9479308,-3.7749813,2
3.7778888,-3.2020872,2
12.457675,-2.4964979,4
10.614116,1.4699363,4
7.7093453,17.476744,3
8.497026,15.776665,3
4.4613485,-3.0221896,2
14.686267,7.002795,0
3.909299,-3.711013,2
3.6185625,-3.2592278,2
4.8545175,-3.7420754,2
4.19256,-3.630219,2
14.686059,7.0297065,0
0.91420144,10.384331,1
8.546605,15.787823,3
0.6468677,-1.149866,2
19.459543,4.707968,0
0.44182214,-0.9863362,2
15.405039,12.465339,0
19.032143,4.2894874,0
1.0395589,10.28091,1
3.933323,-3.7616034,2
10.7277975,-1.6600218,4
-1.4312662,6.4192314,1
2.819061,6.1410093,1
8.395065,-5.6290474,2
14.698537,7.028652,0
6.4415364,16.171412,3
15.252971,12.610529,0
10.014443,6.357264,5
-7.4837904,5.3285923,1
3.3074114,-5.3727093,2
11.217372,1.1433554,4
7.0227237,18.218513,3
6.7713237,5.2382865,5
0.6294588,10.799495,1
5.067122,0.69685006,2
6.055206,14.014526,3
2.8010063,-3.6484754,2
7.501937,-5.022356,2
14.632078,5.644221,0
7.380829,4.9392276,5
13.30923,-1.128067,4
-1.6617409,5.706323,1
1.4862491,10.34951,1
2.8120716,6.2209496,1
10.246342,11.668922,3
15.008401,11.886359,0
-1.7390989,6.1798844,1
0.45161387,-0.46280715,2
17.97826,4.1963,0
18.641705,2.7240396,0
0.46069095,-0.327653,2
9.990847,6.3199806,5
7.7633104,-5.0198107,2
6.730529,5.1927547,5
0.47033885,-0.31355524,2
18.058462,5.4132504,0
13.3954735,-0.9304631,4
6.0392203,7.665753,5
6.9739594,5.214041,5
0.45912006,-0.43029594,2
11.124307,1.250467,4
15.228422,12.306484,0
10.060614,6.347721,5
0.49832636,-0.9520052,2
9.198821,7.5455313,5
5.9592757,17.640234,3
0.9675759,10.515885,1
-7.0513253,4.922991,1
17.955887,4.2050867,0
6.962487,16.233892,3
2.5035682,-3.3566146,2
1.6046379,9.745531,1
6.9713025,8.541796,5
0.85440964,10.785461,1
-1.6012104,6.5929604,1
4.2463512,-3.503036,2
7.241442,4.8305907,5
0.629034,11.010414,1
-1.8277138,6.57819,1
7.0308247,4.8600454,5
3.8020568,-3.740998,2
4.183588,-3.9534638,2
1.1978549,9.921924,1
9.760837,11.726138,3
5.5227866,14.976659,3
6.954588,4.903421,5
15.512608,11.875114,0
-1.1237226,6.683353,1
1.211092,9.0622835,1
7.151459,8.6368265,5
4.2763677,-3.233592,2
2.7325912,5.8071513,1
0.38901916,-0.7474478,2
1.5657346,9.879457,1
11.275601,0.79942197,4
7.0606756,8.566978,5
-7.268241,6.0058904,1
5.548863,15.098508,3
8.110886,-4.48124,2
13.618343,-1.4730973,4
6.994837,8.484264,5
11.224264,1.2189842,4
-0.8885618,5.810518,1
11.072776,1.4468884,4
0.38148013,10.190991,1
-0.719232,6.1318784,1
6.381516,16.076355,3
8.543083,15.749029,3
5.1649427,14.676692,3
10.018186,7.3917527,5
6.805366,17.029573,3
-0.91123694,6.473789,1
-1.3819507,6.468545,1
0.9308507,10.714999,1
7.05589,18.224602,3
4.4339705,-3.107225,2
12.216427,-1.0350978,4
4.0749235,-4.291293,2
1.4424081,7.712647,1
13.835165,-0.9206609,4
13.825178,-1.4162197,4
14.054262,-1.5883282,4
14.958878,11.908875,0
11.280448,1.1612144,4
7.106662,18.180122,3
15.160584,11.707593,0
6.9075804,9.032274,5
6.9269032,5.107785,5
0.35188612,-0.6463549,2
6.4997196,17.356506,3
0.32169664,10.414774,1
0.5075407,-1.0257243,2
1.4422576,9.923544,1
1.0788255,10.566804,1
15.96154,7.1516643,0
3.7095919,-3.4949362,2
7.370423,17.79366,3
7.9674,16.101719,3
4.161188,-4.4317837,2
4.0893445,-3.642114,2
6.9088745,8.341958,5
-0.883196,5.9693947,1
19.347183,4.5597553,0
18.366947,2.6998496,0
-1.2606177,5.8503866,1
0.06509149,-0.7736431,2
3.2952929,6.160891,1
8.275633,-4.7162194,2
1.329621,10.204608,1
5.536909,14.992717,3
18.553894,2.7274828,0
4.560287,-3.83741,2
6.8167725,17.070776,3
7.587498,14.403616,3
-7.0198503,5.9878087,1
0.95890117,10.569689,1
7.089598,7.2711515,5
5.71886,17.79996,3
6.024046,14.81513,3
13.627149,-1.4441979,4
8.522505,17.042463,3
-0.0614649,-1.1595279,2
7.064689,18.259962,3
6.1233277,14.024647,3
2.71151,5.9302425,1
17.99171,5.3444967,0
14.923264,11.944834,0
9.689207,11.489255,5
10.912672,1.3816786,4
18.873158,2.8563004,0
17.067574,7.740255,0
5.5450783,14.459873,3
4.5127087,-3.3436108,2
5.5145106,15.005483,3
6.4153156,14.155979,3
6.8576374,17.088833,3
-7.5770783,4.4188175,1
0.4079694,6.8020926,1
2.9365168,6.1663995,1
18.660486,5.3307343,0
17.972141,4.1706576,0
5.957696,0.1839362,2
7.9676404,-4.5876565,2
16.34432,7.970881,0
0.71072054,10.669594,1
5.9787774,17.463627,3
6.2042766,0.042146444,2
-1.5464432,6.5373945,1
10.201056,11.77054,3
15.306963,12.550607,0
5.5920124,14.787932,3
-1.1962333,6.5873623,1
1.0005895,10.218862,1
15.242844,12.543603,0
6.567368,8.512326,5
15.189811,11.929887,0
13.504806,-1.3742195,4
5.91568,14.486495,3
7.7596035,17.572142,3
14.702282,5.6150293,0
0.9168339,10.782706,1
3.0246084,6.0638895,1
18.030996,5.367926,0
15.336148,6.4293613,0
5.377852,14.72575,3
7.154912,5.0309944,5
7.0380387,16.341892,3
8.066322,-4.4553237,2
7.0832825,4.6401114,5
1.3965147,10.3967905,1
6.996885,4.859491,5
6.5396786,8.50986,5
7.035923,4.5806913,5
4.7067175,0.5150702,2
0.742559,7.8710346,1
-1.2010363,6.3354816,1
4.672863,-3.8373654,2
1.015284,10.544932,1
-1.2489362,6.625617,1
18.609116,3.12418,0
15.258708,12.586217,0
0.4989544,-0.3555725,2
6.4849668,16.115183,3
13.932393,-0.87159044,4
15.571546,12.689744,0
14.929718,11.931023,0
-0.8334696,6.03228,1
-0.46006656,6.00075,1
1.0759773,9.837051,1
6.796017,8.490698,5
10.10351,6.326418,5
4.8126984,-4.656063,2
6.600342,0.35826567,2
4.7961564,0.60033697,2
15.496575,5.7595205,0
14.627486,5.573354,0
13.66205,-0.96388996,4
6.9972806,18.189507,3
18.756758,3.0043888,0
0.0767666,-0.78302383,2
0.7948648,-1.1514287,2
-1.0304241,5.862605,1
5.9393787,17.620226,3
-0.001196192,-1.3534788,2
13.399636,-1.1369609,4
-1.0794674,5.857465,1
3.8996434,-3.7759342,2
7.0672097,18.281813,3
6.471043,16.176643,3
0.7620225,-1.0163108,2
5.5760064,14.870851,3
6.58158,-0.53178406,2
7.0306425,5.2209973,5
7.2656417,17.125952,3
5.504656,15.04017,3
6.4426208,7.2368307,5
6.1517644,-0.050858878,2
0.8796925,10.659889,1
-1.5298252,6.5902414,1
4.7338285,-3.411477,2
-7.3983903,4.7259336,1
13.786089,-0.91911787,4
0.96311957,10.559038,1
4.541745,0.63774985,2
8.881945,16.96205,3
19.392096,4.607206,0
15.133327,12.538313,0
18.531048,2.7080996,0
18.533804,2.5833602,0
7.0245376,4.9182534,5
18.590185,2.7883747,0
2.814495,-6.0019345,2
3.9912267,-3.6213527,2
0.6090846,11.026289,1
7.0102224,4.908514,5
5.4663033,15.121206,3
5.4536633,15.052125,3
18.645885,2.590883,0
15.304577,12.11859,0
0.45406443,-0.30313691,2
1.481326,10.374128,1
13.6163,-0.99893004,4
0.7153901,10.975256,1
4.596596,-3.8331578,2
13.335497,-1.1272223,4
1.1340232,10.265324,1
8.239321,-4.559068,2
5.6757526,14.466876,3
10.002669,6.5727944,5
0.74912864,-0.9304398,2
18.495403,2.462801,0
10.019016,7.6116676,5
18.599195,6.7861376,0
-1.0166752,5.9301853,1
1.611772,9.712918,1
-0.78539836,5.884192,1
8.120363,-4.691245,2
6.454934,16.128061,3
0.6041685,-0.91832334,2
8.028005,-4.713105,2
-1.4435028,6.518066,1
10.0743685,7.4961596,5
18.033754,4.225068,0
15.506547,5.7462435,0
4.3420534,-3.8652756,2
0.9380296,9.794385,1
8.363538,15.919494,3
6.696927,5.280175,5
1.2402084,10.104504,1
10.670458,1.2940432,4
1.2226118,9.128052,1
8.076967,-4.7294645,2
0.5871421,9.784757,1
6.5565085,16.065401,3
17.08404,7.755813,0
4.0697055,-3.5963151,2
8.227353,-4.5654078,2
10.212122,11.712066,3
-1.39963,5.5647993,1
11.935494,-1.2522589,4
7.7146583,17.501015,3
-7.3758507,4.67266,1
-0.28726462,-1.3168238,2
-1.5648285,6.5297174,1
6.842669,17.030926,3
-0.018731413,7.136572,1
10.77956,1.5484004,4
15.244315,12.600793,0
-7.2426133,5.9792547,1
4.731055,-3.798099,2
1.1163802,10.117766,1
3.6753662,-3.3090246,2
13.379862,-1.0002737,4
7.1646237,5.1215487,5
5.8354216,17.831211,3
16.892448,7.5670605,0
8.112663,-4.694917,2
-1.6494648,5.7265487,1
7.1818476,5.0334992,5
7.0274067,18.194218,3
0.75692326,9.963867,1
7.0508547,18.220684,3
0.7764915,7.8685126,1
0.735518,10.69507,1
2.7988605,6.1264367,1
6.978868,18.260292,3
-0.7653753,5.589131,1
6.8351564,5.1676188,5
10.930417,1.2439412,4
15.783884,12.093903,0
9.981194,7.5157533,5
-6.93799,4.6949916,1
18.767237,3.1555421,0
14.957473,11.923879,0
7.01855,18.20878,3
7.259665,13.78431,3
14.625545,5.780555,0
9.706938,11.496609,5
7.034231,18.19113,3
6.7247877,-0.64919585,2
-7.041195,4.848772,1
13.488669,-1.1442199,4
4.4463086,-3.0140111,2
6.82852,17.019835,3
15.417832,6.395102,0
4.1013093,-3.5285566,2
5.967936,17.590929,3
4.8465734,0.55276066,2
0.2180281,-1.1868432,2
16.480505,7.422318,0
10.124858,11.709451,3
10.747662,1.5220009,4
14.878097,11.973597,0
4.6577945,-4.295629,2
10.054912,11.683849,3
1.2871646,9.959972,1
14.947623,11.9675255,0
2.7970445,-5.2400827,2
19.543633,4.7037525,0
0.3778125,-0.87477446,2
18.427216,2.840297,0
10.207731,11.664555,3
-0.68126315,5.888838,1
8.110468,-4.6246767,2
6.9235005,17.12816,3
-0.21181402,-1.1874578,2
6.0160813,0.068623,2
4.1281037,-3.6725585,2
1.1459671,9.741541,1
-1.3978314,6.311808,1
6.756997,5.2428575,5
6.7529693,5.4991603,5
6.9913993,16.253525,3
6.60485,-0.5736217,2
8.4773,15.786717,3
16.366032,8.069516,0
1.1719353,9.728681,1
15.270683,12.549133,0
18.8783,2.8235211,0
-1.3777088,5.8506417,1
-7.273476,6.0297513,1
6.71787,5.58892,5
0.59081835,9.794195,1
4.965335,0.68145716,2
0.26048946,-1.205431,2
12.125754,-1.1047057,4
5.964905,0.21723336,2
7.986886,-4.573609,2
-0.046662915,10.276929,1
4.1437902,-3.8794377,2
6.0499535,0.19794352,2
7.5108256,17.086742,3
18.53721,2.4686034,0
3.7929788,-2.876413,2
8.024183,14.016777,3
3.8413672,-3.6849935,2
-0.057451036,-1.1876892,2
6.717013,17.182833,3
4.2613254,-3.3494744,2
6.406346,16.165018,3
1.2124299,10.123559,1
1.3613613,8.937513,1
6.515096,16.064247,3
5.7576823,14.543239,3
4.522694,-3.007817,2
-0.8190548,5.9524913,1
10.076575,7.2405577,5
-1.4198289,6.40495,1
5.533899,14.902755,3
7.613148,5.541176,5
14.663312,7.0815697,0
10.188435,7.4172735,5
12.9553,-0.90989125,4
7.242708,8.259166,5
10.10399,6.21694,5
6.2710114,17.91601,3
1.0025821,10.066153,1
7.0960283,5.568185,5
6.6253343,16.136166,3
9.92821,6.20131,5
18.541935,2.5803826,0
1.6913486,9.647657,1
15.431171,12.464661,0
7.1580043,13.876159,3
13.80673,-0.9869902,4
2.6354253,-3.2945423,2
15.421629,12.444666,0
0.91545385,7.8353453,1
4.31044,-4.3186636,2
7.065401,8.470926,5
13.613081,-1.071133,4
5.940994,14.150982,3
13.200183,-1.4863697,4
6.598397,0.41166535,2
6.183929,17.371965,3
7.3805895,16.048262,3
14.645305,7.162749,0
2.559583,-3.9880235,2
8.408223,15.771637,3
6.512997,16.08623,3
4.868466,0.49370626,2
0.682503,9.8720875,1
-1.0471264,5.8279786,1
9.7178,11.490988,5
10.03887,6.374003,5
6.0726757,14.036542,3
6.0237465,17.681984,3
13.710406,-1.4135836,4
7.077546,18.220041,3
15.62444,12.494639,0
1.9125696,-5.45022,2
9.978462,6.473397,5
-7.2349277,5.990649,1
3.7767508,-2.8318763,2
13.771457,-0.90590346,4
13.039953,-0.91753626,4
0.43925822,6.9026465,1
9.896868,11.835323,3
11.443846,0.63240266,4
4.6754475,-3.408617,2
6.553682,8.7824745,5
5.9641995,17.658789,3
13.429491,-0.6716246,4
-1.5526915,6.2415814,1
12.839753,-2.5349493,4
9.766699,11.54115,5
12.574575,-2.3229864,4
6.395809,8.25326,5
1.0066161,10.046352,1
-0.13336551,5.8418612,1
6.100957,13.932562,3
6.2052917,-0.11429337,2
4.8110967,-3.3622468,2
7.3394823,5.537842,5
3.7366645,-3.1346946,2
2.6275606,-3.8851845,2
18.636715,3.041125,0
1.991759,9.411918,1
11.244211,1.1396434,4
0.5835032,9.768284,1
4.7689586,-4.427406,2
-1.4063252,6.3663154,1
2.8353522,5.794858,1
-0.19317703,-1.2268451,2
5.5108323,14.922022,3
4.219581,-3.559119,2
4.696543,0.6161294,2
-6.819548,4.5936184,1
6.774695,16.321184,3
15.026493,11.882972,0
15.839445,12.131524,0
4.8419714,-4.4039974,2
-1.3910065,6.40788,1
6.0042405,7.509396,5
0.89544785,8.005386,1
0.56374955,9.821996,1
15.048066,11.971551,0
1.4613128,7.676424,1
4.3120484,-4.3524113,2
7.509258,5.5386686,5
6.031576,17.858505,3
16.437899,8.036848,0
19.528595,4.679529,0
7.3669844,16.22852,3
-0.64158213,6.0996914,1
6.52939,16.105116,3
16.370113,8.0707035,0
18.592295,6.8112955,0
0.16834554,10.292667,1
7.3949084,13.744873,3
19.348686,4.4830904,0
4.5132504,-3.052424,2
-0.34550554,-1.3636105,2
19.512125,4.6832967,0
4.561572,-3.896816,2
8.250386,16.850843,3
6.1675115,8.808281,5
0.99259096,10.007088,1
16.22684,6.378854,0
15.403731,12.4801235,0
15.197968,12.63418,0
19.358845,4.5685344,0
-0.6156839,6.097873,1
7.102717,17.435146,3
11.171945,0.70317435,4
8.108107,-1.3086346,4
3.3077192,-4.8549,2
2.87765,6.2941995,1
-1.4671217,6.0951676,1
-6.970115,4.7120547,1
3.7842076,-3.849264,2
16.165482,6.392967,0
9.692354,11.531471,5
15.947469,6.8885465,0
4.301853,-4.9732485,2
19.261278,6.1641335,0
6.4518,6.931809,5
6.4991255,16.143959,3
6.8496013,7.440852,5
4.7552786,-4.5082903,2
6.7717295,16.386229,3
1.148595,8.852956,1
6.081233,8.733292,5
15.761257,12.117437,0
4.722571,0.5423059,2
3.710801,-3.1509154,2
4.007971,-3.9822454,2
18.387177,6.343225,0
4.0516768,-3.9451191,2
6.113711,0.0050659757,2
14.617257,5.640391,0
7.9854608,16.712301,3
16.626745,7.6847663,0
17.977283,4.262131,0
4.7545733,-3.5146499,2
13.7853365,-1.6251012,4
2.3667226,6.9781003,1
15.503888,12.322864,0
7.7580347,17.423769,3
10.104994,7.543205,5
2.364123,6.8999786,1
6.6775837,8.940812,5
4.263805,-3.364925,2
7.050783,4.8188987,5
5.7858496,17.667103,3
4.53168,-4.339301,2
7.3931036,14.010447,3
-6.939993,5.810195,1
8.235004,-4.814518,2
1.0244603,-1.1676883,2
10.12349,6.105656,5
2.998533,-4.982258,2
6.7071238,5.8945107,5
-1.251675,6.051351,1
3.7514787,-3.397311,2
4.34794,-3.1008623,2
8.067764,-4.6337833,2
1.6526153,8.903628,1
6.7397246,13.886575,3
17.955416,5.34455,0
15.76336,12.117758,0
-6.958816,5.8197365,1
7.6606975,14.434481,3
4.295747,-3.4144592,2
6.0431743,17.617437,3
0.6202313,10.996085,1
0.4578733,-0.32714263,2
-1.8814623,6.5385327,1
11.021009,1.2875272,4
6.6716976,6.2376995,5
8.502495,15.841349,3
14.515464,5.797422,0
0.9123662,7.8559957,1
15.575551,11.87833,0
6.9100747,18.151533,3
5.886486,13.871099,3
18.511301,6.5853987,0
13.60528,-1.2995061,4
14.559515,7.0174975,0
2.7970107,6.175578,1
8.021094,-4.784682,2
7.0544796,18.239975,3
0.31940648,-0.9197537,2
7.1613984,13.884029,3
13.969352,-1.1572142,4
0.7314919,-1.0637174,2
4.10965,-3.40539,2
9.576566,6.4554777,5
6.859498,4.9492316,5
4.4819107,-3.7900152,2
-0.26088804,5.5643506,1
6.0233727,0.16407314,2
10.730348,-1.6597064,4
4.6314335,-3.7516623,2
18.877542,2.809232,0
1.449426,8.973168,1
4.1069336,-3.5468466,2
4.8047576,-4.3992853,2
5.801633,17.822315,3
13.534215,-1.1861308,4
18.489414,2.3904884,0
16.42172,8.021686,0
8.539825,15.821728,3
6.954764,16.894087,3
3.939592,-3.9075086,2
15.581233,12.688655,0
5.747484,17.798895,3
2.7993562,-6.0596766,2
10.216786,11.708771,3
0.46941477,-0.97504246,2
8.8776865,16.983921,3
1.3361361,10.636404,1
0.6408372,-2.0995433,2
3.7699816,-3.4696012,2
6.992033,5.050355,5
6.118117,7.010284,5
15.210252,12.667607,0
6.2139463,6.854916,5
13.435208,-1.4148933,4
6.99847,8.444226,5
6.8794856,5.1377597,5
8.275909,-4.6315227,2
6.8525534,5.1864967,5
-0.82241577,6.2771,1
11.306407,0.72634465,4
-7.4196696,5.6051006,1
0.8098774,10.731336,1
2.7593093,-3.6878312,2
7.5612645,5.5837183,5
10.181509,11.722422,3
5.966368,0.113725334,2
8.3402195,-4.306129,2
7.597911,14.442096,3
18.801214,2.8262155,0
4.05355,-3.9628315,2
15.18092,12.630598,0
-0.8912049,6.4285874,1
5.6290784,14.531495,3
18.48112,2.967592,0
19.595139,4.5189657,0
-1.4942466,6.4502883,1
4.2580323,-3.903061,2
0.877303,-1.0861628,2
0.9232819,7.9604883,1
7.620944,-5.0340896,2
9.942174,6.3648877,5
3.7652452,-3.7074914,2
13.880567,-1.3027582,4
-0.8218043,6.062277,1
0.26737413,7.1036687,1
15.517872,12.668834,0
4.433702,-3.0658123,2
0.5327547,-1.183686,2
16.383446,6.5798154,0
18.414867,2.9376676,0
15.973286,7.1710334,0
-1.5439409,6.3341594,1
4.0296946,-3.8116586,2
3.813611,-3.862033,2
15.502957,12.660026,0
14.097936,-1.4975078,4
15.389217,6.504613,0
14.665915,7.025414,0
7.9585137,14.039469,3
4.184684,-3.5111365,2
7.706831,17.581348,3
0.57128537,6.75118,1
-0.31173974,5.504306,1
9.9436245,6.447344,5
3.8025305,-3.6724918,2
-0.16605541,-1.3218373,2
18.481432,6.814799,0
6.7202654,-0.6098068,2
4.4939146,-4.4722695,2
2.7673233,6.136064,1
0.774321,10.819284,1
0.8445352,10.708569,1
0.4497696,-1.0345461,2
6.3913803,16.11339,3
7.5846925,-4.945573,2
4.610404,-4.5659323,2
6.244894,8.688668,5
6.8492255,8.310327,5
-0.68540984,6.0023303,1
2.8612711,5.8663983,1
10.730073,-1.6768721,4
6.810323,17.155851,3
8.384152,-6.036571,2
7.1468873,7.2246313,5
8.48921,15.794413,3
0.6756548,-1.0194882,2
-0.8573303,5.8459888,1
6.1426973,-0.01814739,2
5.8045864,17.5357,3
0.69662124,10.89561,1
2.269607,7.081109,1
13.644313,-1.5575469,4
1.0242888,10.361457,1
6.0494294,13.862564,3
5.8782277,17.557354,3
0.8970465,10.809598,1
1.3916647,10.04332,1
6.8343186,8.477538,5
-0.06335867,-1.2993674,2
16.347916,6.561471,0
14.740504,6.9443984,0
6.405178,17.713102,3
14.550944,5.614838,0
17.082603,7.635235,0
17.057154,7.709318,0
8.324095,-4.309231,2
6.732024,5.250713,5
16.338957,6.5438585,0
10.044901,7.7089643,5
17.114973,7.6482925,0
0.84373534,10.64231,1
1.223077,10.443638,1
6.926714,17.062508,3
15.925501,7.1444306,0
-0.64264816,6.020403,1
0.9242258,10.55333,1
7.0106635,18.234152,3
1.0119649,10.270664,1
-1.36475,6.2534733,1
6.575737,6.1939616,5
14.723293,5.504545,0
0.5525341,6.767984,1
10.763677,-1.6380349,4
0.86296445,-1.0847304,2
7.770804,-4.9619493,2
15.627082,12.192971,0
9.882764,6.400986,5
19.25776,4.432039,0
-1.4193892,6.5753417,1
15.305233,12.651112,0
1.330351,9.97215,1
5.734856,17.714743,3
7.7545505,17.54111,3
-1.8690948,6.5535293,1
13.610218,-1.50181,4
0.75737965,-1.0529478,2
6.007723,7.446143,5
10.051477,7.5953603,5
4.3333497,-3.3702009,2
3.7870088,-3.79937,2
10.136383,7.7756743,5
5.078571,0.6807715,2
18.430296,2.6345155,0
18.071716,4.110123,0
7.866486,-4.659663,2
8.039224,16.718332,3
18.014217,4.1433606,0
14.5913925,5.6372747,0
5.7752757,14.532908,3
9.188869,6.960805,5
0.35583818,-0.37679455,2
4.7598677,0.6351793,2
5.852518,17.883228,3
7.7315063,17.548437,3
9.914284,6.1663275,5
3.8754067,-3.8536396,2
0.7921243,-1.2608969,2
14.91214,12.014696,0
4.7438316,0.5335438,2
1.4233545,10.500365,1
-1.1573497,5.504461,1
15.299864,12.219586,0
1.0269829,10.262555,1
15.227885,12.526491,0
0.84178686,10.676113,1
0.81935513,10.743624,1
5.805466,17.850187,3
6.408383,16.144518,3
7.6332197,14.415022,3
-1.1055663,6.348422,1
0.9219874,10.626038,1
2.8297677,6.2483764,1
3.8352695,-3.3538303,2
6.9577265,18.183151,3
0.23335853,10.37755,1
19.252245,6.178758,0
13.020646,-0.91022986,4
19.378431,4.75701,0
-1.1375276,5.68594,1
11.071873,-1.9724514,4
4.1887074,-3.2077656,2
16.990513,7.8929768,0
15.16956,12.5417,0
4.127557,-3.3744643,2
7.103314,8.593472,5
11.158559,-2.0256877,4
-0.95194596,5.677489,1
3.8078208,-2.9575553,2
-1.0609735,6.416531,1
5.9577875,0.1375396,2
15.141309,11.699035,0
-1.214286,6.6112127,1
18.453661,2.9335966,0
8.020539,-5.8090954,2
10.810021,1.400812,4
6.0763254,0.15222763,2
-1.4186932,6.5875025,1
6.0242114,14.063146,3
7.61876,14.430655,3
14.519145,5.664663,0
7.4002113,17.18366,3
0.7675847,6.704829,1
3.9235091,-3.9722571,2
-1.7863438,6.170829,1
18.587591,3.2040765,0
7.7495165,17.38388,3
-0.9049862,6.126764,1
8.049636,16.683498,3
15.211249,12.595873,0
13.977693,-1.1464721,4
15.190113,12.644289,0
-1.3792305,6.6160793,1
3.877742,-3.0379565,2
10.246808,11.579312,5
6.9483747,4.9429946,5
6.5173764,9.134509,5
6.055689,14.117774,3
8.796129,16.999878,3
11.101939,0.7977906,4
13.439242,-1.3153642,4
10.83246,1.1991645,4
4.6690745,-3.809218,2
7.0491066,4.8869534,5
8.120263,-4.6129,2
13.901901,-1.2934077,4
4.1659474,-3.76836,2
6.804657,16.315863,3
0.5802912,10.763005,1
0.42671993,-0.33892518,2
0.2667668,-1.2411847,2
6.649269,8.240334,5
8.531256,17.039536,3
-7.173647,5.909308,1
14.985811,11.898625,0
7.1574793,5.555625,5
4.104308,-4.3409925,2
13.716073,-1.5454601,4
6.0999184,-0.023182182,2
14.5579815,5.8439083,0
8.024949,-4.784153,2
1.4138708,10.620084,1
5.542943,14.917732,3
-6.84315,4.6223125,1
0.45194495,-1.04219,2
18.571531,6.78425,0
0.7129498,9.841443,1
7.3968043,5.43393,5
13.379299,-0.98112005,4
6.0205474,14.799671,3
0.22715577,-1.3334656,2
18.74637,5.35743,0
15.157973,11.73452,0
7.124036,8.5141,5
-0.92829865,6.202357,1
11.23993,0.8842005,4
3.8319752,-3.9294546,2
-1.3193873,5.8914084,1
6.840004,5.0612583,5
-1.2814184,6.7028666,1
6.79286,8.682301,5
10.859093,1.5402304,4
6.471233,16.139076,3
17.061972,7.6378465,0
2.2928002,7.3307595,1
17.11883,7.8073597,0
15.422083,12.43856,0
3.8210447,-3.8683336,2
8.232908,-4.7513146,2
8.361292,-4.267708,2
4.114135,-3.509164,2
6.851324,5.0946,5
0.5008077,-1.3135399,2
0.11888274,10.427655,1
1.2283847,10.159603,1
7.7381096,17.529148,3
14.654417,5.714098,0
10.708787,-1.6277379,4
5.9534917,17.661077,3
-1.0922427,6.4434075,1
9.765854,11.540236,5
15.571332,12.672506,0
6.0542617,0.1727746,2
5.4667273,15.091077,3
7.111691,4.6156545,5
-0.8275395,5.837085,1
2.945982,6.1088195,1
14.459018,5.910637,0
9.150612,6.9197793,5
7.060827,5.1488137,5
0.69449157,10.938654,1
0.8345706,7.8501663,1
3.7802725,-3.6878028,2
19.205353,6.197738,0
0.12362679,-0.8979274,2
17.959064,5.326558,0
-0.9581366,5.4173293,1
13.569645,-1.6081465,4
7.5084496,17.804712,3
0.22222596,10.130948,1
8.140435,-4.587987,2
0.8975417,10.704647,1
13.400704,-0.9419326,4
5.8129463,17.600718,3
14.676691,5.6317883,0
-1.5110694,6.511081,1
-0.9309612,6.4963684,1
10.724255,-1.6394434,4
16.361712,8.027048,0
10.1007,11.8324795,3
16.396433,8.037995,0
3.7861125,-3.3927393,2
12.990031,-1.134204,4
0.32697532,-0.84102005,2
8.30376,-4.356454,2
6.75385,8.699496,5
17.088419,7.8134413,0
0.2927563,9.752971,1
6.229716,17.669607,3
6.7513704,5.0934744,5
3.8413308,-3.363544,2
6.446771,16.115679,3
4.180419,-3.4960291,2
-1.4230932,6.670905,1
8.368383,15.756998,3
2.811229,5.872193,1
0.9107221,10.722049,1
8.334001,-4.4159236,2
4.357414,-3.8718174,2
6.446979,16.100513,3
8.131942,-4.4457607,2
0.7909036,10.697037,1
5.536024,15.000288,3
0.81535846,10.607167,1
3.8081224,-3.8951497,2
6.829497,5.056871,5
4.061842,-3.606122,2
5.8449717,0.13405281,2
-1.6802627,6.2781677,1
4.235472,-3.836602,2
6.437563,16.100838,3
4.1322613,-3.5087285,2
5.9320216,17.503784,3
15.204426,12.282727,0
5.7648587,17.794577,3
1.4247264,10.454567,1
6.6479797,5.365212,5
13.843688,-1.0219404,4
10.989533,1.3571529,4
10.934426,1.2353044,4
3.7713788,-3.3976018,2
-1.1021004,6.4641256,1
6.949938,5.2899613,5
11.146791,1.0744679,4
-0.7691604,6.3018565,1
1.1696459,10.164685,1
6.099278,17.603233,3
-7.3849406,4.7376714,1
2.2972894,7.4245734,1
10.012269,7.317182,5
-1.3225628,6.3798385,1
10.612316,1.3204435,4
0.77126455,6.7618203,1
10.085682,7.6272273,5
6.7323794,5.234633,5
4.786081,0.56862783,2
0.42157897,-1.0244337,2
0.8498633,7.9378843,1
3.7384114,-3.633372,2
6.0397882,0.023641711,2
8.527583,15.816019,3
-0.6388707,6.071038,1
13.327102,-1.2270229,4
6.0041075,0.27798954,2
6.0175796,17.89215,3
6.726323,-0.6685877,2
5.402749,14.68082,3
7.1853046,8.637451,5
15.759217,12.152272,0
-0.78262943,5.6002135,1
0.3355049,-0.44920236,2
5.8739967,14.239435,3
6.4037642,17.642704,3
6.171228,7.669607,5
18.284986,6.7034836,0
18.101439,4.1481247,0
6.8350525,5.0119615,5
18.590054,6.767929,0
5.416347,14.696769,3
6.018322,0.25334126,2
0.58450294,10.905335,1
13.461994,-1.3676509,4
14.092723,-1.4975905,4
-0.7887237,5.6406245,1
0.7299932,6.820226,1
8.509454,15.876371,3
17.930883,5.341559,0
2.3510885,6.930444,1
7.1015954,8.87121,5
6.7890587,5.3141336,5
-1.7347668,6.0719604,1
3.732624,-3.3921168,2
4.8747983,-3.7932496,2
11.028989,-1.98225,4
6.87388,5.114843,5
4.4225383,-3.0963995,2
4.808975,-3.7968,2
6.3061414,8.480832,5
4.6256757,0.6286812,2
-0.8689507,6.045036,1
4.3392663,-3.1663182,2
0.67714554,-0.8331235,2
0.9518446,8.078001,1
6.307001,17.595581,3
8.020062,16.002546,3
1.1719387,8.869461,1
-1.5894434,6.4119005,1
6.210994,14.33938,3
7.0121536,4.7072673,5
0.250316,-0.593218,2
6.593448,17.355114,3
7.549733,16.137712,3
18.685417,5.320501,0
7.0598435,17.140621,3
6.3500576,8.601406,5
1.6225168,9.694486,1
10.162165,6.1843524,5
17.032104,7.838147,0
5.9174986,17.849815,3
11.268197,1.1570228,4
6.436183,14.151063,3
15.196102,12.519601,0
7.2301655,17.29308,3
18.759842,2.8201356,0
0.48007244,-2.2600737,2
5.677443,14.566862,3
15.178954,12.664345,0
18.532187,6.5375886,0
10.054349,7.3657556,5
14.655023,5.57843,0
19.503586,4.5627685,0
6.428264,6.9249225,5
-0.8504203,5.7727003,1
4.0948315,-3.7714882,2
15.026771,11.898841,0
1.2654669,10.355693,1
10.815179,-1.6649023,4
10.908181,1.2072809,4
2.846212,6.110106,1
7.148767,17.277441,3
12.741385,-2.4604988,4
5.972617,14.023456,3
6.97534,9.012326,5
1.1137602,10.340379,1
-0.8940271,5.959691,1
7.0323744,8.491611,5
4.172657,-3.3597248,2
15.363877,6.5257964,0
-0.25461766,5.8374476,1
16.0644,6.631436,0
6.466359,16.33426,3
18.69578,2.5295699,0
2.8207932,6.329015,1
4.411853,-4.5694942,2
0.5983598,-1.2158631,2
-0.15050064,-1.162464,2
-0.8487843,5.7285757,1
15.2224,12.6351185,0
5.9042006,17.801561,3
7.7356105,17.535217,3
6.552925,16.130892,3
0.9227455,10.625047,1
10.025374,6.34386,5
7.9929233,-5.016466,2
8.824954,16.752234,3
17.978813,3.1478388,0
0.6192798,-1.1442453,2
0.80849165,9.782848,1
7.145743,5.4213796,5
6.223838,17.887375,3
13.287603,-1.3666273,4
0.82643056,10.697728,1
8.538138,15.856461,3
3.7955644,-3.6571183,2
15.00261,6.272985,0
6.5482183,16.126074,3
0.63320786,-1.2457203,2
10.136447,7.7609153,5
-0.05804926,-1.0298291,2
6.42359,6.933423,5
6.1572113,13.998936,3
4.4354987,-4.4903765,2
0.5518115,-0.57233524,2
3.772814,-4.09516,2
10.194608,11.730724,3
-0.1343224,-1.2824167,2
13.3667145,-0.9879789,4
15.659238,12.058348,0
7.0818353,4.738767,5
8.340992,-4.320538,2
13.49643,-1.1294397,4
8.836959,16.934631,3
6.749361,-0.694302,2
-7.48223,4.5030594,1
4.2100406,-3.9437761,2
6.8710685,17.103022,3
17.961489,4.2805676,0
9.152777,6.9577107,5
5.974101,17.904175,3
0.9028914,-1.1126428,2
18.566849,6.715714,0
4.8357687,-4.4277596,2
8.082615,-4.815523,2
0.20394601,10.390119,1
1.4137074,10.061784,1
15.926128,7.119521,0
6.6875243,5.6736474,5
2.2976038,7.1444006,1
18.385923,6.440179,0
3.9936407,-3.954936,2
3.848556,-3.483839,2
16.417711,6.5542,0
11.054592,1.2761453,4
8.785795,16.904127,3
11.052144,1.3628441,4
17.646172,4.2377377,0
18.623945,2.7266836,0
19.414385,4.632487,0
7.9085383,-5.1303425,2
15.282936,11.635606,0
16.43684,8.115656,0
7.353974,17.247444,3
9.893716,7.057876,5
-1.0479625,5.641762,1
4.169346,-3.7322626,2
18.506924,6.738039,0
5.898688,17.523005,3
7.812988,-5.063186,2
8.187595,-4.8015933,2
7.1632624,5.143471,5
15.365844,5.6674256,0
15.69156,12.100354,0
13.947275,-1.5425267,4
6.766119,8.062316,5
7.8649235,-5.0540056,2
13.019113,-0.9806759,4
11.093636,0.8310546,4
6.0124903,13.885171,3
2.8845634,6.0440764,1
-1.3171068,5.806029,1
7.982539,-5.03724,2
-7.0008507,4.7302217,1
-0.98028433,6.47439,1
15.334072,6.4996777,0
5.8937106,17.8966,3
4.5411634,-4.542565,2
4.5311694,-4.5596986,2
4.1397166,-3.736292,2
16.71614,7.6199007,0
1.4057013,10.056743,1
2.625956,-4.94118,2
0.2104444,10.447304,1
0.989109,10.385997,1
7.1694226,13.893731,3
14.677695,7.003077,0
15.2269,6.6256537,0
5.9737477,0.10226239,2
7.323655,16.145262,3
7.95385,-5.0689325,2
7.12002,8.864515,5
6.165803,0.30865595,2
7.9494324,-4.602465,2
19.25401,6.186478,0
18.47437,6.6213026,0
6.032788,0.28737515,2
0.7756909,-1.0033758,2
5.90372,17.643574,3
4.847493,0.4357159,2
6.311382,8.529773,5
5.9537883,14.617625,3
15.409422,5.69632,0
7.667787,-4.9589095,2
6.6799235,-0.59398675,2
2.290259,7.232336,1
14.548504,5.73482,0
0.7531803,10.381717,1
4.1780324,-4.3239937,2
14.591235,7.1006236,0
15.384676,12.408193,0
-7.361197,4.5864196,1
6.1641645,17.813856,3
6.4727554,16.10624,3
8.016404,-4.9466405,2
3.5894501,-5.2574797,2
13.411042,-1.6000019,4
-0.7105635,5.880243,1
6.095585,7.6513944,5
8.759991,16.884377,3
15.2476225,11.672491,0
8.720709,16.902784,3
14.72673,10.89531,0
4.2897367,-3.2911792,2
6.614149,8.348846,5
10.03794,6.341473,5
6.1680474,17.590908,3
0.5073356,-1.2870665,2
0.57027537,6.6695185,1
3.741407,-3.7010128,2
10.146414,11.67572,3
15.45222,5.685467,0
13.0229225,-0.9737289,4
7.0873694,5.481275,5
10.914883,1.3293854,4
13.288546,-1.4722233,4
-7.43213,5.1973634,1
6.890848,7.2425275,5
0.08391758,-1.3552582,2
7.310531,17.997486,3
8.053072,-4.802375,2
6.3143144,8.675768,5
-1.1151137,6.4182477,1
1.308758,10.217853,1
0.57367927,6.874041,1
0.7375974,-1.0797447,2
15.165352,11.683964,0
0.85660243,10.711752,1
7.7452426,16.948526,3
13.220871,-1.4110336,4
0.13689718,10.339314,1
6.677189,16.409346,3
7.0962534,18.231728,3
10.041712,6.055092,5
9.721126,11.569492,5
10.85581,-1.6922219,4
7.185968,5.5477457,5
19.384695,4.534704,0
14.590278,5.941754,0
8.442193,17.066158,3
2.908579,5.9890795,1
6.881292,4.6849117,5
0.386149,-1.3994673,2
18.14092,5.1739807,0
9.313592,7.0828395,5
3.7606423,-3.3875632,2
4.0933886,-4.366977,2
10.798414,0.42211556,4
6.1705394,6.974848,5
0.45002016,-0.85525495,2
12.951932,-0.8729537,4
1.5103791,9.866736,1
4.2515726,-4.316182,2
8.271811,-4.7864094,2
7.908579,16.057892,3
19.400171,4.499406,0
14.939347,11.973036,0
17.077023,7.818247,0
6.7083488,0.36733317,2
7.031526,16.24579,3
18.855066,2.655874,0
4.6111116,-4.452856,2
4.7537518,-4.6088524,2
12.763679,-1.0865529,4
15.274358,12.5615835,0
7.9408274,16.728266,3
-7.409805,4.595935,1
0.81822395,-1.2216107,2
0.064142786,-1.3497839,2
8.5959835,16.999092,3
-1.349333,5.329484,1
-1.8899395,5.6352262,1
7.9594655,16.93604,3
8.505862,17.031332,3
10.016049,6.2936625,5
6.0879784,14.019442,3
19.350176,4.451111,0
14.587457,5.733138,0
8.364587,15.67713,3
2.3571887,6.897141,1
15.169605,12.628598,0
19.304415,4.4572425,0
14.756162,6.9532256,0
19.351587,4.5537477,0
15.318801,12.33021,0
11.283553,1.1076888,4
0.55381024,6.8083725,1
7.329883,16.020662,3
8.844886,16.868368,3
7.15804,8.663659,5
13.282416,-1.0536864,4
6.730214,5.2441735,5
7.0081577,18.137232,3
19.472889,4.710243,0
6.1127057,13.983892,3
13.947108,-1.0831746,4
4.1018887,-3.711056,2
6.5628386,6.182035,5
4.137509,-3.5585394,2
6.257812,8.719845,5
10.0084095,6.2998524,5
0.7313587,10.513677,1
7.6791296,17.117865,3
-7.512561,4.469288,1
8.039792,-4.665495,2
-7.4349866,5.543074,1
0.08458036,-0.83670706,2
17.028538,7.832312,0
10.921319,1.0975518,4
5.9940763,17.853199,3
8.479908,15.794075,3
8.09326,16.776651,3
3.4605434,6.137895,1
4.738363,0.54907644,2
4.155153,-3.5937011,2
3.032417,6.051111,1
13.371276,-1.2069149,4
10.888407,1.0062351,4
3.0910199,5.939529,1
16.345901,6.623402,0
6.730125,-0.66356623,2
6.41018,14.1703415,3
-7.335869,5.668765,1
5.9505844,0.084636435,2
10.734759,-1.6637856,4
1.4025853,10.513124,1
4.779876,-3.3578217,2
5.491729,14.983844,3
18.331009,6.5654154,0
6.908823,5.0570216,5
9.971892,6.314602,5
6.7233944,5.242137,5
6.0339127,0.19369103,2
3.1371393,5.991837,1
6.8014445,5.2808228,5
7.903512,16.918312,3
6.158488,17.69276,3
5.938328,17.733803,3
6.057124,14.077134,3
10.866282,1.6090038,4
14.525412,5.8922143,0
-1.2367938,6.437991,1
0.434361,11.017923,1
11.131699,1.1668826,4
6.7904587,8.401909,5
7.0436583,18.276121,3
14.696406,7.07822,0
1.3522202,8.927843,1
15.7477,6.0198174,0
5.6925364,14.581214,3
5.6804,14.6595335,3
3.7769628,-3.8232152,2
7.639287,14.426242,3
6.7656097,8.5598135,5
5.372957,14.717359,3
4.584161,-4.50806,2
0.5274585,10.94051,1
12.897768,-0.93021286,4
14.731999,6.1693172,0
15.210296,12.640012,0
7.1807814,5.138499,5
13.537093,-1.3266435,4
14.042869,-0.91116434,4
6.08575,14.082299,3
13.579631,-1.1867785,4
6.548512,8.421119,5
9.981198,6.30791,5
13.643214,-1.2243522,4
12.529324,-0.9670562,4
7.4869814,14.244798,3
15.947457,7.1468906,0
7.3898845,17.035482,3
7.3250732,16.124008,3
7.033966,16.24908,3
9.981703,7.515206,5
14.509378,5.787676,0
10.999961,0.41211477,4
-7.105649,5.9468656,1
1.311668,10.091572,1
14.726848,10.935488,0
0.7349989,7.7805567,1
1.3205721,10.554983,1
17.821957,5.307911,0
3.1321645,6.117215,1
10.115153,6.0938616,5
10.875642,1.1159351,4
6.4263105,16.109737,3
-0.7123553,6.124841,1
18.615889,5.2830915,0
13.472538,-1.2847494,4
15.71239,12.224355,0
7.521541,-5.079667,2
-7.182272,5.9447803,1
0.7975408,-0.9694285,2
13.852978,-1.325952,4
7.7106733,17.505232,3
6.11733,17.638117,3
2.8690708,-3.352706,2
13.384774,-0.97046006,4
11.226493,1.034322,4
0.9187684,8.1231575,1
13.262797,-1.1278858,4
15.7039795,12.03797,0
7.0168457,16.234076,3
-0.21547674,5.367477,1
4.1865106,-3.9193025,2
-1.4821616,6.341186,1
18.832922,3.0606985,0
0.05668724,-0.83826745,2
0.05970563,-0.8028242,2
15.393501,6.4957685,0
9.208886,6.9663277,5
5.3586583,14.728591,3
14.935466,11.9219885,0
11.141841,1.271977,4
2.3206234,9.175642,1
3.1637952,5.976246,1
4.8724165,-4.888516,2
0.65261924,-1.0741725,2
10.030767,6.3483167,5
-1.5229568,6.2265825,1
7.296984,8.332696,5
15.7318325,12.071676,0
18.00127,4.1984286,0
0.49898472,10.599107,1
5.9273233,0.18482333,2
-7.39735,4.7100964,1
7.013654,4.9220552,5
8.918643,16.948477,3
18.49581,2.6690063,0
3.5486386,-3.231543,2
19.535278,4.6785307,0
-7.0626,4.982425,1
1.1254096,-1.1786675,2
7.362702,17.080282,3
3.7863743,-3.4300077,2
0.6378001,-0.52516884,2
5.925147,0.2200194,2
10.731695,-1.673768,4
13.923747,-0.894881,4
6.469682,6.929956,5
8.4823265,15.763969,3
6.858091,17.083214,3
10.118405,7.784457,5
0.11226455,-0.8444693,2
6.4874673,6.9576893,5
5.872846,17.5459,3
18.465445,6.6188273,0
8.411053,15.75063,3
5.4694967,15.004956,3
0.90176743,10.53008,1
1.3749838,10.423971,1
6.9659486,4.911312,5
8.437361,15.776009,3
5.8361025,17.806698,3
4.002523,-3.858092,2
2.154082,9.308563,1
4.3695455,-3.830356,2
0.66950065,9.8325405,1
7.039194,5.1149497,5
7.5644274,16.967379,3
18.620373,3.072461,0
13.593424,-1.5857056,4
13.262505,-1.3431423,4
6.1143594,17.92469,3
3.5829437,-4.02937,2
0.7814638,10.551798,1
8.346448,-4.7705173,2
15.951582,7.0738635,0
3.7635567,-3.1894133,2
5.2927,14.695908,3
0.80338794,9.93786,1
0.45694768,-0.31095958,2
6.936672,17.097105,3
18.468466,3.315522,0
6.9242377,8.82179,5
8.250725,-4.3598557,2
0.7874764,10.991322,1
-1.3743402,6.0077333,1
1.364997,8.930296,1
-0.6375456,6.0891,1
7.2889,5.423649,5
9.332481,7.4980316,5
0.6892082,-1.1159769,2
0.531561,-0.9169637,2
18.008429,4.2290673,0
16.41272,8.047332,0
8.141967,-4.6112084,2
-0.65187335,6.2190065,1
6.056739,0.11635121,2
16.330652,8.0881815,0
0.78284335,10.495606,1
-0.59717554,6.1477532,1
6.2821794,17.678328,3
6.884286,17.103731,3
5.655166,14.895644,3
1.0292346,-1.177323,2
6.8872833,7.4398603,5
9.717406,11.495431,5
19.538269,4.686824,0
1.1212051,10.213634,1
19.430208,4.574711,0
-1.2396592,6.0913143,1
15.463385,12.637312,0
2.7965155,-3.348178,2
18.825104,3.056737,0
16.350838,8.070507,0
17.071585,7.7846704,0
-0.8479573,5.6580186,1
3.7112424,-3.9743507,2
18.543827,2.5519216,0
18.703503,3.2314246,0
8.620014,17.019054,3
0.27548134,10.352882,1
6.0627894,14.836627,3
14.927439,11.9784775,0
-7.468725,4.771925,1
14.56727,5.6698275,0
16.406084,6.555026,0
15.233366,12.565978,0
1.5053248,8.916057,1
-7.5513277,4.435192,1
0.5760962,11.123047,1
19.49287,4.653886,0
6.9622397,7.204337,5
2.117392,9.323101,1
1.4657212,8.944503,1
15.146856,11.875501,0
18.799767,2.9410129,0
8.344746,-5.912535,2
19.381952,4.821532,0
8.349353,-4.6535463,2
5.8969655,17.798729,3
5.9057035,17.603928,3
15.738965,6.094193,0
2.993073,6.0775476,1
3.530221,-3.2647712,2
16.9433,7.189756,0
6.4338307,6.9264674,5
4.1098876,-3.4974437,2
8.556065,15.886944,3
0.53598934,11.0555315,1
-7.2220755,5.978697,1
6.9718127,16.18168,3
0.91086614,-1.1349676,2
1.4224786,10.505568,1
6.5328226,16.08585,3
13.9970455,-1.4184606,4
6.608553,8.542849,5
7.055701,18.194878,3
10.259574,11.679708,3
0.87450427,7.8914185,1
6.4552183,16.090246,3
8.141144,-4.3713818,2
0.24884102,-0.51757264,2
10.01663,7.461232,5
15.21521,12.650538,0
1.0522807,9.972583,1
5.520452,14.957877,3
0.60563165,-0.8213312,2
17.144205,7.7771883,0
1.385296,10.543707,1
2.8079371,-5.390229,2
3.2200334,-4.6573105,2
15.222105,12.647013,0
0.19993533,9.656531,1
18.533852,2.982322,0
8.8142805,7.3444333,5
5.8672733,0.08004287,2
15.739089,12.110442,0
-1.4058347,6.275966,1
12.89235,-0.8960611,4
17.93375,3.3284013,0
14.659555,6.2119813,0
-7.538932,4.464644,1
7.994969,16.067877,3
18.821402,2.934927,0
0.4740688,-0.2952495,2
19.506105,4.5666537,0
10.717234,-1.6334376,4
0.6251945,10.683684,1
0.4469366,-0.3159912,2
19.368902,4.668891,0
13.260647,-1.3358437,4
5.8240604,17.508272,3
15.218712,12.658408,0
8.537654,15.851663,3
15.739433,6.007083,0
0.53291875,-0.40447804,2
14.989547,12.023767,0
13.478884,-0.9565891,4
2.7771845,-3.6932592,2
-7.367563,4.643735,1
1.192908,8.832311,1
-0.8205746,6.483631,1
8.031274,-4.5651574,2
1.2486342,8.860625,1
8.512917,15.858712,3
-1.1541926,5.77237,1
15.003138,11.912614,0
19.076496,4.8676286,0
5.9367404,17.732819,3
15.936379,7.123988,0
-0.9823158,6.360049,1
7.9273653,-4.504517,2
2.011878,-5.5807986,2
0.59197783,11.085766,1
4.786978,-4.3323298,2
0.8363612,9.950209,1
-1.3256118,6.319132,1
7.7254453,17.532583,3
7.078926,18.250721,3
10.767188,-1.6765665,4
3.0979798,5.684469,1
2.2725558,7.1862993,1
3.2472336,-4.5124245,2
0.7766453,10.916934,1
15.254726,12.602636,0
14.972793,11.994527,0
6.959401,8.841077,5
13.735835,-0.77757186,4
6.201226,17.67582,3
-0.7898297,5.990387,1
7.057963,16.253853,3
8.4586115,15.881835,3
6.5075197,9.0982895,5
11.319676,0.62954473,4
7.118223,8.834592,5
15.289281,12.103836,0
-7.4276295,5.300005,1
0.83870935,10.594762,1
-1.5876999,6.506635,1
-1.4744343,6.005839,1
7.030031,16.212435,3
13.482615,-0.6939978,4
14.698835,7.037086,0
15.224614,12.698031,0
6.4524784,14.204374,3
0.9717211,-1.1353527,2
10.076566,11.743667,3
12.750631,-0.9121762,4
0.3054078,-0.50735945,2
15.579164,11.87103,0
8.716595,16.91527,3
0.6346495,10.935883,1
4.8537602,-4.5288153,2
3.1725073,5.9153876,1
-7.3843403,4.625692,1
6.7120595,8.652714,5
18.942,5.2567554,0
7.6471133,5.599625,5
6.9742146,18.216915,3
0.939429,-1.1190068,2
6.4518766,9.177256,5
0.78570616,-2.0686228,2
15.252535,12.641527,0
17.97518,4.1189404,0
9.999081,7.677737,5
14.045176,-0.88872004,4
16.305779,7.9705324,0
6.9384236,5.3322134,5
14.90219,11.947988,0
-7.1917744,6.0302444,1
-0.9689492,5.6490254,1
10.059994,6.029714,5
19.25963,6.1754813,0
15.317169,12.2104845,0
15.2175255,12.630106,0
10.005974,7.6258755,5
0.95447576,-1.126732,2
5.8774414,17.746157,3
15.1654625,11.786203,0
0.7324032,-0.64462966,2
4.4367814,-3.0875447,2
7.5917554,5.558477,5
7.716839,17.451735,3
5.8532324,17.575367,3
5.8277335,17.545235,3
19.442642,4.6928577,0
15.798616,12.150085,0
3.1612692,5.6460423,1
-7.132271,6.002828,1
1.3036455,8.923827,1
4.113696,-3.7066526,2
1.8570333,9.548699,1
10.063326,6.3015833,5
7.943777,16.100735,3
0.631856,10.982146,1
13.375799,-1.2765201,4
1.3379173,10.29918,1
4.5212793,-4.6604333,2
6.0189137,-0.022765415,2
19.47209,4.70281,0
7.121764,15.988394,3
14.03172,-0.8943899,4
-1.4962934,6.2603245,1
8.266833,-4.6012893,2
8.013943,16.063087,3
4.7356234,0.51133573,2
7.068801,18.293703,3
1.2636844,8.9383545,1
8.857791,16.97822,3
4.7680283,-3.3492656,2
5.9747586,7.5238633,5
6.5923743,17.381994,3
7.114725,17.048466,3
-0.7282414,5.848893,1
4.017175,-4.008593,2
4.1460285,-3.8493755,2
1.8949277,9.434339,1
10.747831,1.0586557,4
13.454036,-0.70146626,4
17.04145,7.7501955,0
9.104567,6.997849,5
10.74796,1.0635403,4
6.9314876,16.88916,3
15.421271,6.491448,0
14.699024,7.0342765,0
15.024485,11.841525,0
3.5339644,-3.5363116,2
6.7124367,5.311278,5
8.271321,-4.3171296,2
-1.2030752,5.730336,1
4.3573556,-3.9573283,2
19.406181,4.4968457,0
19.494602,4.6595087,0
8.2361555,-4.322352,2
6.555502,16.103006,3
15.125138,12.425167,0
3.0298986,5.539734,1
8.321857,-4.6522417,2
14.938518,11.939563,0
10.040817,7.580982,5
5.489243,15.06171,3
7.3013635,13.705122,3
14.611572,5.860238,0
9.583716,7.593064,5
0.053486858,-1.1944739,2
1.306889,10.4698305,1
-0.82041997,5.723863,1
6.052356,17.737293,3
3.8073125,-3.4214554,2
6.835611,8.251897,5
7.4012756,5.418153,5
6.732443,5.3782005,5
4.696252,0.5818778,2
-1.7990282,5.875923,1
16.949968,7.224078,0
11.113072,1.115652,4
12.846209,-1.1234341,4
10.196539,11.621349,5
14.62385,7.0312605,0
3.7941582,-3.928153,2
2.7736247,-5.453212,2
5.4189577,14.994704,3
6.5490313,16.186007,3
3.5797203,-3.989753,2
16.360077,8.084476,0
0.0831784,10.327311,1
6.683281,8.60302,5
0.58076525,-0.746009,2
12.875007,-1.1583767,4
4.506113,-4.186806,2
8.724206,16.910875,3
16.3995,6.5409255,0
7.1642823,13.945274,3
9.840688,11.923617,3
-7.383642,4.631928,1
11.2448,0.7225017,4
11.329796,0.6112859,4
13.506767,-0.73206985,4
0.81412786,10.024303,1
6.124178,13.924097,3
13.751958,-0.98091435,4
0.46164823,-0.32311964,2
3.6384048,-3.8167968,2
15.926726,7.1367264,0
6.7563562,17.151379,3
18.597044,6.7490106,0
-2.0138564,6.1190023,1
11.170795,0.89389396,4
18.523666,6.7107964,0
11.225891,0.86929345,4
2.3104026,7.372951,1
0.6860213,-1.7906568,2
15.736124,12.119738,0
6.653644,5.921094,5
18.594288,3.1944437,0
19.257637,6.1438932,0
-1.6041011,6.185568,1
4.2417593,-4.729738,2
6.470813,16.137764,3
-1.3842645,5.9824376,1
6.010703,17.40859,3
18.085459,4.2475657,0
-1.660836,6.51855,1
11.256012,1.1139107,4
5.9984035,0.2410785,2
-1.0367421,6.3732786,1
3.3108401,6.1971903,1
6.0458245,17.639576,3
0.6044535,-1.216444,2
1.7786595,9.476859,1
-0.0049024806,-0.799281,2
4.331287,-4.5681148,2
7.131503,13.634295,3
3.1151514,6.2681675,1
6.525438,6.894651,5
7.8531523,-4.996221,2
5.494798,14.951124,3
0.07572684,-1.260515,2
9.969597,7.311547,5
2.9356782,5.884931,1
6.295054,17.793287,3
8.596122,16.94122,3
5.518428,14.898597,3
7.9411197,-5.937714,2
10.047539,7.5238824,5
7.590276,5.559224,5
6.140742,17.291664,3
14.979635,11.9456,0
8.395293,-5.7800736,2
14.6624975,7.041939,0
14.650251,5.6235976,0
5.9160132,17.808172,3
0.37579915,10.256355,1
7.275707,13.894571,3
7.80663,-4.6332345,2
5.959634,17.52083,3
0.6289202,10.209218,1
-0.83314025,5.6914434,1
7.9819026,-4.6752696,2
4.7797613,-3.850106,2
4.543864,-3.4152958,2
-0.90761673,5.704052,1
11.267054,0.9814125,4
-6.7882624,4.5477314,1
10.150622,7.8124666,5
15.130909,12.398041,0
0.67200875,8.157773,1
10.049962,7.663391,5
13.579197,-1.1341264,4
8.921224,16.878984,3
-0.82576954,6.240545,1
7.378718,16.117,3
3.701594,-3.992983,2
6.7160535,5.2367477,5
7.172328,4.6064806,5
6.807057,9.0009165,5
8.9815445,7.193133,5
15.169908,11.734746,0
7.0025835,17.076855,3
10.148669,6.285335,5
4.183448,-4.6780396,2
6.2856665,17.727465,3
4.7424536,0.577966,2
3.7454202,-3.4741175,2
4.183133,-4.683065,2
10.298568,7.6627555,5
8.649798,16.974504,3
-1.5942605,6.2015924,1
0.5924345,10.019249,1
14.43832,5.732375,0
6.6249332,6.313269,5
0.6431306,7.8952575,1
7.4902325,5.4931126,5
0.5060441,10.187491,1
13.552631,-0.8599355,4
-1.1444135,6.35535,1
10.221628,11.629579,5
15.622246,12.497151,0
6.728302,9.082836,5
8.509439,15.903753,3
0.5566457,10.906392,1
4.2549043,-3.980639,2
13.688735,-0.80953574,4
11.066954,1.2091819,4
15.292604,12.560591,0
6.5120316,8.488526,5
-0.46694472,5.228626,1
3.704504,-5.787301,2
4.0641737,-3.9798436,2
19.203728,6.0952063,0
13.221527,-2.4100516,4
0.6016328,10.102223,1
6.23288,17.726265,3
8.482318,15.904039,3
6.4280787,6.9923644,5
0.10248179,-0.7322254,2
0.2928251,-0.9870746,2
10.578398,1.1778109,4
7.932239,-5.9166307,2
0.9312996,7.772398,1
6.720651,-0.63813597,2
19.614016,4.700344,0
13.234148,-0.99578756,4
4.7672896,-3.413812,2
6.099493,0.20900273,2
4.7906823,-4.5653496,2
10.035119,7.6484833,5
18.696554,5.301448,0
-1.0762681,5.7875433,1
7.6664886,17.484188,3
3.7063236,-3.7401118,2
0.50890183,9.825507,1
8.018349,-4.966259,2
11.301679,0.76485294,4
16.397558,6.661745,0
-6.9203672,5.798034,1
7.909844,16.090336,3
-1.1159271,5.5264254,1
-0.31821558,-1.3199302,2
4.8023663,-4.5532527,2
13.392337,-1.1011585,4
0.43263882,-1.2819374,2
8.595776,17.035381,3
2.1673498,9.1904,1
4.282221,-3.968172,2
6.244957,14.35266,3
6.1473684,14.099626,3
6.9626646,7.300654,5
11.153536,0.88940555,4
18.468218,6.6898584,0
6.1229014,13.955712,3
4.6498137,-4.315599,2
-0.71648127,6.200766,1
4.746439,0.57834834,2
7.7975073,17.450308,3
4.688301,-4.5031295,2
17.932825,4.2388244,0
19.227074,6.150626,0
0.15258342,-1.2693579,2
6.4496293,8.488609,5
-0.73783726,6.2070174,1
8.4615135,15.776642,3
0.4573841,-1.240749,2
1.3508974,10.424111,1
4.251082,-3.8553848,2
8.293027,-4.4294467,2
6.6158013,6.279725,5
10.048427,7.346542,5
7.1017575,17.51575,3
-1.6753238,5.820339,1
6.948716,16.195768,3
14.571472,5.603828,0
0.72521764,9.849608,1
16.32409,6.667427,0
6.1073484,0.27399018,2
14.60181,7.0943036,0
11.260029,1.1380116,4
0.23300862,-0.54920006,2
-0.16781926,-1.4089546,2
17.957798,5.417684,0
6.5154343,6.8830595,5
7.5239973,5.28064,5
13.402891,-0.82526374,4
-7.5508456,4.4549904,1
6.282154,17.662651,3
8.621908,16.99963,3
-1.3849585,5.575336,1
6.4645996,14.275013,3
-7.0527897,4.829773,1
15.4753685,12.439078,0
0.7981543,7.888869,1
7.5040665,15.994217,3
14.426107,5.6395435,0
3.1172788,6.0514402,1
6.8486753,17.135187,3
16.407219,8.02893,0
-1.4167353,6.0424623,1
4.321621,-4.8077145,2
6.5155816,16.124155,3
5.309976,14.670336,3
14.670087,7.0442076,0
-0.093031354,10.145518,1
14.726389,10.875984,0
19.374912,4.7469144,0
0.47971582,6.9472294,1
6.7006946,8.89314,5
7.992988,-5.8040605,2
7.0694404,18.198982,3
0.9322313,-1.2474343,2
18.07086,5.122533,0
13.418434,-0.7064155,4
19.545345,4.579735,0
7.428056,5.602812,5
18.565125,2.9190297,0
10.563156,1.1883426,4
7.144369,17.576967,3
5.937667,17.82526,3
15.228684,11.927855,0
0.42807937,6.6556115,1
6.084975,17.75311,3
7.2094054,4.849944,5
8.636719,16.965233,3
6.9825735,16.260271,3
0.49531892,6.7667255,1
15.659013,12.0296755,0
11.082516,-1.599194,4
8.027735,-4.793686,2
7.7003818,17.471008,3
0.5791813,-0.8399488,2
4.3531237,-3.945008,2
14.5722685,5.6023393,0
5.726524,14.488058,3
7.1428523,16.22782,3
15.432886,6.494457,0
14.462324,5.644375,0
7.6598344,5.563611,5
6.0198293,7.3413987,5
1.3191589,8.933466,1
13.567879,-1.4599934,4
11.061973,-1.6074365,4
6.8307433,5.0396557,5
4.4249473,-4.172447,2
15.228852,12.554083,0
9.69518,11.525874,5
7.1895833,13.929106,3
0.72717905,9.831852,1
7.588287,-5.0068045,2
0.9642327,-1.2332033,2
11.3527355,0.5820267,4
0.6828474,9.730824,1
3.477591,-5.159061,2
19.284273,4.528118,0
-1.4103237,5.6838064,1
8.69506,17.007994,3
0.26874003,6.9555526,1
0.28954473,-0.5268066,2
2.3223612,7.2969775,1
15.045464,11.909755,0
19.247791,6.166153,0
14.638125,5.8186474,0
7.0636926,17.474236,3
14.952526,11.999229,0
0.6520749,11.1063,1
6.0050125,14.775728,3
7.4263325,16.104652,3
3.6213288,-4.6996922,2
0.39103076,6.6967697,1
0.5187543,-1.2454679,2
-1.4004624,6.1544,1
-1.2283484,5.755578,1
-7.4146533,4.612681,1
6.4742436,16.134706,3
11.450059,0.5943357,4
15.431184,12.460353,0
2.847639,5.9818125,1
19.41972,4.488566,0
1.3645349,10.4132805,1
7.636,16.945532,3
7.9343653,-5.178858,2
7.6397185,5.576565,5
11.316685,0.7077949,4
6.3894334,17.641039,3
11.135983,0.9212564,4
13.785273,-1.4142103,4
4.8746343,0.5260993,2
6.3809776,6.873253,5
7.0264626,18.220991,3
-1.3022121,6.063859,1
6.5953836,16.5528,3
10.568819,1.1801567,4
0.037702836,-1.2061797,2
0.89240503,10.129973,1
0.1901398,10.309156,1
0.063850544,9.821142,1
0.21836676,-1.2713785,2
10.1424,7.6716614,5
4.7998238,-4.3346334,2
15.223924,12.289404,0
12.351297,-1.889732,4
10.918592,0.26761255,4
3.6211047,-3.111785,2
6.944956,7.2776504,5
-7.4489446,4.5647597,1
8.291531,-4.299262,2
10.130677,11.715179,3
5.9434667,0.25207937,2
6.463236,6.0912986,5
10.390019,0.41835436,4
6.0061584,7.1718173,5
2.7552862,-5.439009,2
18.679058,5.3279867,0
1.2262878,8.892563,1
6.0311513,7.492089,5
6.541585,6.1958437,5
0.1534481,7.067351,1
6.6968617,5.8532467,5
0.8228796,11.0915985,1
9.264862,7.528455,5
0.5150135,-2.3404775,2
6.382861,7.866266,5
16.17853,6.360081,0
6.597925,8.032217,5
6.5071616,16.14532,3
15.727453,12.132745,0
0.5010627,10.98521,1
0.027693411,-0.7880471,2
-1.2274424,6.046942,1
1.5169923,7.6012764,1
0.37777138,11.145983,1
5.9430027,7.4243817,5
1.1181473,10.624025,1
10.83787,1.5119661,4
5.9993687,14.801205,3
7.6987324,17.4654,3
15.957015,7.1535225,0
7.5448093,17.049461,3
6.9933825,8.868072,5
5.96172,7.4578986,5
-0.0069792313,-0.7769595,2
14.750035,6.9197435,0
2.880047,5.646658,1
10.229019,7.6753287,5
6.818688,5.145383,5
8.305474,-4.250381,2
-0.7608842,6.264676,1
7.490234,17.226824,3
7.786062,13.885916,3
14.7523155,5.5505548,0
7.392176,16.047916,3
10.851681,1.4926492,4
7.99669,16.711481,3
5.545043,15.102396,3
6.877598,17.100794,3
3.4830825,6.2001333,1
-1.1723691,6.580482,1
-1.6592427,5.6249614,1
-6.9395847,4.7158966,1
16.432901,8.013074,0
6.8266053,5.3187833,5
7.225095,4.5655146,5
-1.4488298,6.50033,1
6.963919,4.93993,5
2.319604,7.20465,1
10.723286,-1.640635,4
-1.1275419,6.521764,1
3.7070165,-3.8969018,2
14.917081,11.962245,0
7.209843,4.555228,5
0.5993749,10.604629,1
6.900551,8.390974,5
4.0589733,-3.94109,2
7.583081,17.369799,3
3.5141613,6.0217347,1
-7.4167776,5.582214,1
7.032028,5.0157027,5
5.9472027,0.20297273,2
-1.4744788,6.668046,1
1.2646362,10.402672,1
9.963678,7.806832,5
7.0451345,16.248158,3
2.7708507,6.0938444,1
7.0826435,4.9415355,5
6.0551834,17.335104,3
6.0505533,7.4752674,5
6.013107,14.6023245,3
15.198467,12.641525,0
7.029749,4.7966375,5
15.75567,12.085897,0
-1.1133213,6.1484685,1
7.323463,17.085186,3
0.5670254,10.95733,1
7.1540394,4.9028773,5
6.9052067,8.840725,5
13.581843,-0.9481357,4
5.812712,17.545378,3
1.3132626,10.615697,1
7.2804465,8.6060095,5
13.412923,-0.9473509,4
7.2445583,4.9442987,5
-1.7232106,5.7018027,1
7.180376,8.681132,5
7.3815546,8.287961,5
6.8244224,8.920368,5
17.027397,7.6419787,0
-1.1878352,5.4215565,1
6.763477,8.880609,5
5.83025,17.802763,3
6.1134934,17.303354,3
-0.7331798,5.6077266,1
14.560077,5.6195583,0
0.56109613,10.6745405,1
15.010218,12.120736,0
6.7594867,8.931284,5
19.427979,4.7575116,0
19.215721,6.1101484,0
-1.6579597,5.6165795,1
6.9533477,8.5117235,5
15.549475,12.67946,0
0.4201402,11.059941,1
5.9891624,7.4426546,5
3.5574076,-3.3726904,2
6.1077204,0.099101305,2
6.983139,5.1791945,5
5.975899,14.048131,3
8.45104,-6.043869,2
0.5569201,10.969708,1
3.2520242,5.97944,1
16.373137,6.6112146,0
0.83118063,7.837016,1
0.4249409,11.069078,1
5.8853345,17.51736,3
-1.2735252,6.160939,1
15.115248,12.498468,0
0.06826055,-0.8079314,2
0.7253466,7.9587097,1
14.802471,5.6561203,0
14.782206,6.8767977,0
6.3478303,7.3190055,5
5.9208317,0.086381115,2
4.276902,-3.817798,2
2.545328,-3.3561387,2
9.983031,7.5508785,5
6.802447,8.762816,5
7.413287,4.9847,5
-0.8099533,5.5819235,1
-1.7158318,5.636055,1
2.9447584,5.975198,1
4.475157,-3.891085,2
15.042654,11.83546,0
-1.0526309,5.584889,1
6.9766126,8.585027,5
3.504828,6.028815,1
8.405016,-6.0154877,2
2.8533208,5.886446,1
9.985459,7.7360888,5
-1.5200323,6.4926815,1
10.005912,6.5207443,5
14.908233,11.9922085,0
5.516217,15.016202,3
-1.3221843,5.775439,1
6.923588,8.929775,5
6.5098004,6.962509,5
4.572035,-3.9009335,2
15.44299,12.40445,0
13.466493,-0.90050554,4
6.5454464,6.2840443,5
2.8862488,6.0691023,1
5.8566236,18.112349,3
10.071817,6.298019,5
6.9107265,4.993595,5
18.607094,2.646299,0
2.7925458,5.7759995,1
8.119437,-4.5465407,2
-0.8294262,5.3866124,1
0.56714106,10.780273,1
0.23709606,7.0836782,1
7.1886306,8.690861,5
3.1468065,5.8717337,1
19.20473,6.105484,0
6.416508,16.084778,3
5.476169,14.926808,3
5.773395,17.553473,3
5.9320188,7.4905443,5
4.2054987,-3.8298018,2
6.0322337,14.121157,3
9.991062,6.353185,5
15.944806,7.137285,0
14.912385,11.924246,0
-0.3160214,5.514085,1
4.5685644,-3.9566844,2
15.234708,11.70567,0
3.0868778,5.8824034,1
10.006017,7.579263,5
9.951715,7.1829915,5
3.0807772,5.857626,1
6.068735,17.36187,3
15.268636,11.673028,0
5.5074654,14.939571,3
0.24810646,-0.6242589,2
9.226715,6.9832015,5
3.5216827,6.0626245,1
14.734483,10.9326725,0
8.894404,16.955214,3
5.9939833,7.543841,5
-1.7574562,5.6145177,1
10.13163,7.5209117,5
6.0191193,0.21011871,2
3.6717508,-3.8473284,2
6.142164,17.141142,3
2.3186085,7.3707466,1
0.41580865,11.106825,1
14.840445,6.248493,0
-0.32014817,5.253411,1
1.3521893,10.412391,1
10.017675,7.705117,5
6.03536,0.16601014,2
0.057849642,-0.82647705,2
7.352004,8.284074,5
0.86411214,10.578672,1
18.689198,5.332703,0
6.3232727,7.2751517,5
7.279441,13.719739,3
0.48438683,6.957979,1
6.813445,8.980703,5
14.451214,5.856397,0
-1.247584,5.335812,1
7.0484815,8.752239,5
6.4167204,6.8907437,5
5.7774916,17.646898,3
10.835156,1.4830599,4
-1.3758287,6.1047072,1
-7.03625,5.9854045,1
6.457755,9.200716,5
13.467834,-0.87181175,4
4.2694526,-3.4419572,2
5.3403363,14.709682,3
0.11917138,-0.82685024,2
9.993406,7.208316,5
18.698427,3.2202249,0
6.78944,5.179458,5
6.88899,8.329333,5
6.7969704,8.975979,5
6.8040953,8.341249,5
6.791188,8.98347,5
6.5751886,6.2671146,5
7.1169667,8.825433,5
10.661871,1.0671777,4
7.092712,7.3100204,5
18.666956,3.1249592,0
4.8244367,-3.3420334,2
0.48231474,11.061244,1
15.744552,12.128589,0
6.4798236,9.0183325,5
8.877378,16.90103,3
17.899677,4.2657795,0
10.063977,7.6814876,5
6.5228734,6.1899962,5
6.9616346,5.1588454,5
1.2326727,8.888627,1
15.3359995,6.4900885,0
5.454521,15.007883,3
4.26143,-3.7174275,2
10.794751,1.4610604,4
5.534965,15.005353,3
7.179091,4.555403,5
10.598414,1.2166693,4
6.0312843,0.3124989,2
9.678148,11.873812,3
0.5450247,-1.234476,2
7.0456576,16.262674,3
5.503143,14.9852915,3
6.555859,8.976583,5
0.5732156,10.6221075,1
6.985788,8.777709,5
-1.6978508,5.6653585,1
5.7468176,14.500752,3
18.467949,2.5345201,0
6.921318,17.046377,3
5.526022,14.931248,3
7.069939,5.3515673,5
3.3451293,6.030292,1
7.115705,7.1122303,5
1.4388076,10.462206,1
13.578946,-0.8935935,4
6.670365,9.036354,5
17.041386,7.760091,0
-1.221474,6.429139,1
10.865611,1.1779678,4
-1.0086397,5.5749197,1
-1.0587485,6.0485573,1
0.9791462,10.004723,1
7.385982,4.957464,5
10.052942,7.675067,5
7.1900997,4.599739,5
9.980333,6.3652277,5
10.219431,11.705915,3
6.4976892,9.110745,5
10.048665,7.6287227,5
-1.6188759,5.569189,1
2.8226857,5.7010446,1
15.214914,12.530745,0
9.295463,6.941029,5
8.029832,16.748034,3
19.575523,4.6555743,0
2.8416307,6.058292,1
6.869979,8.361218,5
-1.267021,5.4476123,1
9.291435,6.9278326,5
5.559892,15.068807,3
6.9295554,9.000862,5
9.982038,7.7044187,5
16.045801,6.406069,0
6.961901,8.63856,5
-1.7515578,5.586745,1
-0.4468977,5.1924815,1
4.7570806,0.50602597,2
4.527818,-3.8168142,2
7.271671,13.927484,3
-1.1855328,5.8692927,1
8.866362,17.022343,3
7.243391,5.05924,5
4.3227115,-4.682539,2
15.030672,11.878678,0
2.3423774,7.380292,1
5.2848496,14.700591,3
0.8929152,8.021457,1
6.7185106,9.040837,5
6.0661383,13.986671,3
2.5945752,5.535056,1
9.675637,6.4416776,5
0.5992388,10.394185,1
0.52875113,10.280845,1
6.065773,7.05721,5
0.94502676,10.278491,1
10.137282,11.737411,3
7.0737157,5.4025803,5
7.343687,8.199547,5
5.4820604,15.017013,3
0.5469568,10.8077755,1
6.1373267,7.2892685,5
0.5321776,6.90852,1
15.200987,12.521722,0
9.931886,6.3615527,5
-1.3824049,5.5437636,1
7.0920625,7.3340836,5
2.229492,7.1585464,1
8.88946,7.280116,5
16.419378,6.6619287,0
6.9850545,7.198043,5
0.7939323,8.049896,1
-1.6747395,6.3255415,1
-1.4617913,6.582056,1
0.752723,9.789647,1
6.8651013,5.350713,5
6.563682,8.37958,5
15.448606,12.426275,0
9.898278,11.613449,5
16.374279,6.6531262,0
2.267734,7.208781,1
6.848039,8.214631,5
6.4354167,8.341067,5
0.5742033,6.9064484,1
-0.29425898,5.3362083,1
7.3136077,4.864668,5
0.88408595,8.0415945,1
15.591159,11.925515,0
1.096697,10.287486,1
10.406559,0.35354742,4
1.5078741,7.631568,1
4.918877,-4.487404,2
-1.1364444,5.446023,1
0.45118228,10.566822,1
10.046824,7.75839,5
6.8976912,7.313647,5
6.6413536,6.2565255,5
2.2201364,7.2314405,1
10.007279,7.801728,5
0.35572597,10.980565,1
0.5396826,6.919313,1
1.4553117,7.6635513,1
10.212628,11.725245,3
-1.4127287,6.63432,1
0.51840174,6.8599677,1
7.2832427,4.6498423,5
7.2523184,4.742832,5
0.8471435,8.107594,1
7.1350274,5.1368504,5
0.25445268,6.836892,1
17.100054,7.2513976,0
6.350847,8.502901,5
-7.089685,4.902413,1
6.4832478,6.0983753,5
14.737078,10.925309,0
10.091617,6.263483,5
-1.5704076,6.302018,1
6.911504,7.2512364,5
5.978585,7.479313,5
10.029971,7.73759,5
-0.81462383,6.01478,1
10.096417,11.639819,3
4.1345525,-3.9247556,2
6.7699823,5.308402,5
17.847063,5.2262278,0
7.101026,7.272306,5
2.2756262,7.420457,1
-1.7840921,5.5676274,1
6.5337987,6.9291244,5
1.5114512,7.6084566,1
5.938798,7.5098214,5
7.166088,4.556789,5
-1.1789962,5.640639,1
6.2918606,7.2486587,5
1.1955355,10.722055,1
6.3919654,8.575378,5
11.028297,1.259808,4
1.4804533,7.7057266,1
16.965145,7.23365,0
7.4374843,16.042221,3
7.1558757,13.869422,3
6.884359,5.0935893,5
6.0072246,13.95608,3
-1.6813749,6.625038,1
7.283767,8.279309,5
10.212973,11.761035,3
6.4888334,9.072865,5
5.784092,17.563274,3
-1.4630077,6.3821955,1
6.919162,8.938579,5
9.9693,7.8255405,5
6.9267063,17.058157,3
8.901713,16.944407,3
7.2403073,8.558258,5
5.850601,17.676592,3
9.714357,11.52728,5
15.389849,12.220792,0
15.421552,12.444953,0
0.4856889,6.9491386,1
4.499841,-3.929392,2
8.939688,16.883324,3
3.5389569,6.017473,1
1.8910414,-5.578959,2
0.8028895,7.852128,1
15.69351,12.214718,0
15.209581,12.625716,0
16.435335,6.636615,0
7.730467,17.542131,3
15.688654,12.170149,0
17.068367,7.804268,0
6.953616,4.9099803,5
0.9315955,10.669027,1
-1.1362307,6.038392,1
8.921605,16.90162,3
-0.8695085,6.5265403,1
15.224408,12.618549,0
6.992993,8.69594,5
15.2494335,12.3013315,0
7.2380786,8.613309,5
7.362353,8.26238,5
6.474746,16.087252,3
7.448404,16.02412,3
5.782299,17.709162,3
1.3958058,10.436374,1
17.977118,5.082309,0
5.710854,17.645964,3
6.926309,8.902006,5
5.7469187,17.617462,3
5.9306793,17.935606,3
-0.31106555,5.2494893,1
6.9983244,5.0892563,5
15.944141,7.1674113,0
7.385446,16.050674,3
6.834889,17.08238,3
5.8490667,17.60619,3
18.580807,2.709477,0
-1.4774607,6.681112,1
5.541809,14.99041,3
7.0356174,18.25356,3
7.832229,14.307967,3
7.472817,16.019716,3
8.392161,15.887975,3
5.7432313,17.58955,3
6.1502504,14.067623,3
7.265218,8.285652,5
6.891435,8.356084,5
15.567449,11.963046,0
7.296397,6.172382,5
-7.4080396,5.5846195,1
10.001434,7.3062916,5
7.4101872,16.052595,3
7.005845,16.2331,3
3.6570735,-3.5345461,2
5.3719287,14.701308,3
6.7951207,8.969257,5
16.378902,6.582052,0
10.627342,1.1958001,4
13.987009,-1.1387362,4
-1.5166416,6.563525,1
4.220184,-3.2918928,2
10.036627,11.763304,3
7.076973,4.914313,5
6.8496447,17.069342,3
-0.76324403,5.4664407,1
10.707482,-1.6614896,4
12.104436,-1.204591,4
1.4385598,10.022204,1
2.9605558,5.9664683,1
-0.96271145,5.761535,1
7.9580727,16.080559,3
-1.8837353,6.563434,1
3.0878634,5.886356,1
8.950651,16.90665,3
7.1172523,4.7947507,5
8.934859,16.886284,3
-6.9156117,4.662726,1
15.151041,12.435667,0
6.4727664,16.052065,3
6.3565054,17.517994,3
6.445005,16.079819,3
13.380119,-0.7227792,4
6.5485096,17.14739,3
13.5574465,-0.8576965,4
7.4341865,17.869629,3
10.412831,0.40238762,4
13.49572,-0.87346286,4
7.0384307,16.226458,3
7.2407475,13.844429,3
4.800392,0.4077547,2
10.706291,-1.6050153,4
6.8309045,5.3070536,5
6.4528913,16.087456,3
6.5779214,6.974633,5
15.632438,11.898336,0
17.09537,7.7129445,0
10.22895,11.632599,5
-0.35204417,5.6531606,1
7.0886145,4.830741,5
6.517203,6.969672,5
6.8405995,8.223705,5
3.090727,5.9209733,1
7.265656,16.933676,3
2.9698555,5.7936363,1
3.1888266,5.9734726,1
8.505554,15.881865,3
6.5055704,16.055279,3
-7.026579,4.85511,1
19.230108,6.1273694,0
10.794592,1.5328847,4
13.574704,-0.88124907,4
8.072141,16.72647,3
7.2277865,8.634793,5
17.024342,7.6533546,0
0.43407255,-2.1999729,2
4.6568494,-3.5063505,2
6.963884,16.358213,3
15.691865,12.216626,0
6.56128,16.126099,3
15.333367,12.675898,0
10.07587,7.6467505,5
8.518173,15.829882,3
7.0536103,5.0785036,5
8.921716,16.965687,3
3.7576551,-3.1596425,2
6.5167556,9.096502,5
2.766128,5.9097633,1
6.4410367,16.104374,3
0.39534798,11.057327,1
3.920811,-4.3380065,2
6.7615333,5.395711,5
15.3463955,6.4333277,0
13.481186,-0.7467359,4
6.1055217,0.21051852,2
0.50062096,-0.3509951,2
8.093243,16.688387,3
2.7148063,-3.4910798,2
15.232921,12.681836,0
15.532369,12.637264,0
10.184714,7.6309676,5
2.849283,5.963165,1
0.45696163,11.054929,1
6.8694515,17.066591,3
4.399666,-3.5386791,2
7.713281,17.465763,3
7.689864,17.541758,3
-1.0427519,6.3546033,1
8.221167,-4.2933817,2
18.514729,5.283087,0
-1.496779,6.3801365,1
8.887845,16.978106,3
0.6837191,-1.0050342,2
6.4432087,6.9118853,5
14.660537,7.102684,0
10.872044,1.3164049,4
17.174139,7.810484,0
13.502086,-0.74375844,4
17.946978,4.210136,0
10.005862,7.7524667,5
7.342384,8.244642,5
4.235248,-3.2914524,2
7.058297,18.235521,3
8.918666,16.891472,3
19.498926,4.601695,0
5.766288,17.811176,3
0.7492555,9.989856,1
15.008731,11.888902,0
7.091151,4.831929,5
10.118143,11.797256,3
19.487917,4.575289,0
13.501073,-0.8796499,4
7.205459,13.859626,3
15.403212,6.4897547,0
15.267723,12.624761,0
4.6600494,-3.6001363,2
18.933525,5.312806,0
0.5005957,10.823349,1
6.4953175,16.079216,3
7.850511,14.3255825,3
3.7926438,-2.954678,2
8.922589,16.916851,3
6.5020666,16.230263,3
10.798271,1.4580632,4
14.659709,5.6714373,0
7.036318,4.788241,5
6.072946,0.27846223,2
-1.142827,5.852874,1
19.17122,6.2171307,0
1.3364313,10.297064,1
2.766282,5.7562556,1
8.8590355,16.978407,3
8.658061,15.890648,3
9.158044,6.9388466,5
18.393507,2.5617054,0
17.107649,7.7110834,0
-1.8353418,6.564386,1
6.4985948,6.9507165,5
-1.7533824,5.5432253,1
5.9093156,18.032166,3
4.833,-3.4423084,2
8.025226,16.08407,3
8.82614,16.849152,3
-1.2746153,6.61112,1
15.220932,11.780628,0
6.763795,16.302738,3
7.0754423,18.287893,3
6.9323716,8.978194,5
15.124473,11.809829,0
3.201735,5.761932,1
6.831741,5.356811,5
3.824913,-2.9528024,2
18.639957,6.8261223,0
7.2964287,4.7568398,5
18.622335,6.794106,0
1.1965865,9.880949,1
15.242709,12.630261,0
3.7674465,-3.325623,2
2.8702116,5.8605223,1
7.0832386,4.725794,5
15.1958275,11.826385,0
7.097853,8.834338,5
-0.95051706,6.2880306,1
8.934785,16.978485,3
4.5869946,-3.530704,2
6.489517,7.019853,5
5.975979,17.91921,3
6.532766,6.939899,5
8.477463,15.902432,3
4.90031,0.50367194,2
7.461231,16.066391,3
0.6744577,7.8736744,1
-6.9668584,4.7399583,1
-7.407266,5.5740404,1
14.741034,6.9385314,0
7.1561728,8.890673,5
6.8896456,17.077885,3
10.914811,1.2985047,4
-0.3792688,5.555586,1
4.6286454,-3.188366,2
7.1170416,8.864676,5
8.057162,16.618364,3
5.471474,15.027448,3
-7.4305353,5.527369,1
7.035681,8.203478,5
2.9093237,5.779485,1
18.69653,2.7752123,0
-1.7547168,5.5131207,1
15.26489,12.592074,0
0.49841768,-0.38252598,2
8.918608,16.97163,3
17.155788,7.7774415,0
8.281903,17.523129,3
7.0672054,4.79138,5
13.358958,-0.98419887,4
-1.4613125,6.541399,1
18.019419,4.200266,0
10.067633,7.4506354,5
-1.1048776,5.829215,1
15.64199,12.485401,0
13.475062,-0.7355893,4
6.9459233,5.236074,5
0.7957565,7.8265862,1
10.658378,1.009232,4
7.0675335,18.256065,3
7.0625405,18.278769,3
6.2651854,8.530393,5
16.3427,8.0748625,0
15.749303,12.116988,0
7.300501,17.996073,3
15.341414,12.09611,0
15.218244,12.6068535,0
5.3472805,14.723696,3
0.5584134,10.559501,1
14.575744,7.035578,0
7.3853207,16.051777,3
1.3006573,10.352966,1
7.7510986,16.713001,3
7.606467,17.42649,3
7.068177,4.7083025,5
13.537587,-0.86247385,4
6.092544,0.06515138,2
16.393986,8.026898,0
3.8350754,-3.5156684,2
-1.4280716,6.5146437,1
7.7793345,17.294853,3
9.244114,6.9533668,5
10.0719595,11.851532,3
15.274826,12.57748,0
7.056805,4.7858562,5
6.9638314,8.822015,5
7.1841717,18.119635,3
8.384279,17.374607,3
7.0454946,8.807051,5
6.995553,7.509587,5
-6.861948,4.620307,1
0.44182813,-0.5242341,2
7.161518,8.855515,5
-1.4992217,6.5244775,1
16.43332,6.5515428,0
6.909976,7.4796963,5
3.1220348,5.8237214,1
1.3775085,10.554008,1
7.12768,4.8116817,5
13.583864,-0.78500766,4
4.4596252,-4.034507,2
10.832675,1.1714981,4
10.8243,0.37040335,4
6.854869,8.806372,5
14.481181,5.9008203,0
6.9509635,5.3577466,5
7.104628,4.936327,5
5.9169455,17.950413,3
0.057988,-0.9076873,2
6.78116,5.1741624,5
6.1838317,-0.009612656,2
13.57965,-0.7959782,4
7.1289763,8.763486,5
6.8872113,8.994024,5
7.0068216,5.0968795,5
0.79544115,7.829206,1
0.38575706,-0.40523842,2
16.354076,8.07304,0
6.930844,8.876135,5
17.074171,7.80815,0
6.2537165,6.8117085,5
6.783964,8.625036,5
4.9417386,-3.9359214,2
7.1274886,7.295522,5
6.00594,0.35252059,2
13.570647,-1.1651791,4
0.5116034,10.930431,1
5.873497,17.547647,3
11.015181,-1.9416409,4
15.629054,11.936717,0
6.1408587,-0.01186342,2
15.267095,11.65861,0
15.245775,12.570163,0
7.2138453,8.302724,5
16.408302,8.024554,0
10.0747795,6.0534763,5
6.9197497,8.384297,5
6.882693,5.317899,5
18.537037,2.9391365,0
-1.2985495,6.7197466,1
5.8787074,17.979033,3
8.8431425,16.995535,3
7.6348805,14.388484,3
-1.2284311,5.4685097,1
6.88871,5.1920066,5
6.728462,8.583042,5
6.157426,14.032457,3
-0.8568744,5.820762,1
15.182348,11.682348,0
6.0987797,13.932365,3
8.198039,15.898455,3
-7.390997,5.6092973,1
8.910356,17.007946,3
4.178453,-3.995618,2
8.54671,15.952398,3
6.573767,6.264304,5
15.613729,12.054825,0
9.988375,6.315198,5
7.3066187,4.7444863,5
8.897331,16.939241,3
6.2902865,14.802011,3
15.178799,11.753721,0
1.0998943,10.322461,1
19.190084,6.1966133,0
18.014404,5.353285,0
6.219993,8.798178,5
6.5260754,6.9400325,5
7.198552,4.975198,5
7.32866,4.669995,5
8.493259,15.90318,3
7.013766,5.1667943,5
5.536486,15.050774,3
0.2954763,-0.48489314,2
2.6763217,-3.5177665,2
5.9607882,14.541804,3
6.924818,8.650715,5
10.147839,6.147343,5
7.1068063,7.3575363,5
7.2843,4.666076,5
14.946426,12.029714,0
0.2953697,-0.46072122,2
6.066209,17.973118,3
7.0678673,18.271067,3
0.4775791,10.655298,1
6.7156644,8.908376,5
5.4168453,14.897592,3
-1.919407,6.612936,1
15.498799,11.973901,0
8.982447,17.027107,3
0.46842498,10.8537,1
0.6554275,7.869704,1
-1.3137819,6.456753,1
7.080682,8.532643,5
6.6732516,8.646778,5
15.927761,7.15629,0
0.28139555,-1.0181565,2
-7.442552,5.241125,1
8.514696,16.711021,3
-1.209288,6.630187,1
7.063602,16.250572,3
10.7191305,1.1114125,4
18.683252,5.3302264,0
7.4067106,16.068613,3
3.1173491,6.1650343,1
3.7733388,-3.070458,2
7.329364,8.248442,5
6.4978843,16.087315,3
6.041264,17.855837,3
18.596292,5.2972903,0
5.9556975,7.4498553,5
6.2966743,14.706374,3
6.6769943,8.602393,5
6.9827185,5.1936984,5
7.1618724,17.514322,3
7.1622806,4.907164,5
15.307099,12.145027,0
17.123945,7.7930107,0
8.026432,16.705517,3
5.860611,17.520578,3
4.5185924,-4.4166913,2
14.438969,5.8527284,0
3.162989,5.766481,1
13.50188,-0.9255132,4
3.7157254,-3.334551,2
17.102468,7.809279,0
7.091505,4.8479075,5
7.5822225,14.430845,3
2.9011912,5.7175355,1
7.8276944,14.268599,3
-7.3941784,5.5972567,1
7.1634064,17.531614,3
0.22841483,-0.56285274,2
-6.8809524,4.6282063,1
12.9959345,-1.1700782,4
1.3919287,10.589274,1
4.57121,-3.1341136,2
15.329695,11.74663,0
6.9689393,8.642131,5
0.27055064,7.0725274,1
6.493828,6.9321923,5
0.530267,10.828138,1
15.61366,12.541955,0
14.56488,6.996025,0
15.637361,12.5336685,0
6.29232,17.6964,3
0.50619715,10.480104,1
7.694904,-5.0051136,2
-0.12197271,-1.1897441,2
15.289413,12.163064,0
13.178606,-1.1947806,4
17.906672,5.3320494,0
4.8407426,-3.4015906,2
-7.4996734,5.267088,1
15.5179,5.6712523,0
6.8923974,17.029829,3
7.6923623,14.476113,3
3.7104669,-3.409782,2
-1.3995302,5.579642,1
15.357308,12.393207,0
11.315254,0.6175397,4
12.3593,-1.8398225,4
5.913418,7.5491214,5
0.40846187,11.040848,1
15.129905,12.396825,0
6.9217196,5.306568,5
-1.4298807,5.678716,1
15.685226,12.131398,0
-1.443481,5.6268053,1
6.95312,5.286836,5
8.070198,15.975555,3
13.532566,-0.987828,4
8.920116,16.997194,3
7.7560515,14.338463,3
15.15284,12.419266,0
15.252845,12.571475,0
8.740222,17.042091,3
15.145839,12.392028,0
6.891705,8.351886,5
11.367321,0.6572706,4
6.0113773,7.6192894,5
5.875769,18.073086,3
7.137431,8.568668,5
14.699026,10.965819,0
7.432423,5.455413,5
4.408834,-4.6684117,2
6.059082,8.760342,5
8.657873,17.08628,3
4.275579,-4.5273395,2
-1.3607402,6.4758663,1
8.705572,17.09931,3
10.131925,7.3442144,5
9.980963,11.857098,3
8.749927,17.055456,3
16.391592,8.053768,0
15.6616335,12.055511,0
18.021933,4.159302,0
6.414434,8.524193,5
15.110658,11.745953,0
-1.5922712,6.220442,1
5.34278,14.744814,3
7.425227,5.4603834,5
7.0893335,4.9466643,5
7.003348,5.163637,5
10.038882,11.8257,3
9.589618,7.6202264,5
6.4626827,6.9379563,5
15.283133,11.629983,0
0.44622186,10.871376,1
5.888276,14.569346,3
7.1045904,5.000478,5
13.360174,-0.7104428,4
15.188184,11.721638,0
6.882796,5.2975426,5
-7.050315,4.8988338,1
4.8272247,-3.3370037,2
9.727796,11.705831,3
-0.013279546,-1.2641331,2
6.982787,5.243762,5
10.175113,11.723178,3
6.9380336,8.891313,5
-0.91554904,5.9698367,1
14.56719,5.825206,0
15.207422,12.667366,0
4.810494,-3.3360026,2
4.593001,-3.8930402,2
-1.1707227,6.6524124,1
8.875101,16.951403,3
10.18228,11.744403,3
7.132205,8.841231,5
4.7719564,0.51462346,2
7.372896,13.58216,3
6.0438256,17.226072,3
15.704888,6.0289054,0
-1.1826326,6.666529,1
10.228555,11.703052,3
8.135137,-4.636328,2
-1.6007103,6.371638,1
-1.3483038,6.6086273,1
6.993979,8.973763,5
15.256519,12.648554,0
7.100817,8.810188,5
19.364185,4.7219963,0
10.682599,1.3837093,4
7.020009,8.524353,5
6.9445643,8.833726,5
0.14006469,10.41221,1
6.934196,8.847177,5
13.83754,-0.9341585,4
13.6271105,-1.4722009,4
11.013919,1.2849265,4
-1.2778149,5.6649666,1
6.041246,14.090742,3
19.189444,6.1952004,0
7.030845,18.16411,3
6.916465,5.3241906,5
15.437982,12.042276,0
6.3504124,8.660591,5
6.44466,8.470921,5
15.277407,11.683015,0
8.893855,17.035164,3
7.824187,17.444592,3
7.5075464,16.116905,3
6.6776695,8.498063,5
6.582868,8.435126,5
15.460769,12.183815,0
7.616729,16.688478,3
16.811007,7.6028056,0
10.846166,1.5119628,4
7.127615,8.858235,5
-1.6637236,6.369456,1
8.624964,15.985672,3
13.419723,-0.83986175,4
6.665733,8.582675,5
15.678071,12.171876,0
7.2152033,8.300201,5
4.4351897,-4.724401,2
11.39232,0.62720376,4
15.274316,12.169233,0
13.196064,-1.180183,4
14.980111,11.86884,0
7.085186,7.3441133,5
15.215391,12.61395,0
17.090786,7.1776676,0
6.4507165,8.354408,5
7.218122,4.8501596,5
11.120204,0.8708864,4
6.971558,8.721735,5
5.9494824,0.13528803,2
10.137914,11.761337,3
6.9029098,5.2839804,5
15.143142,11.698621,0
7.343153,16.648111,3
10.121442,6.120544,5
6.5217447,6.9235086,5
16.444036,6.5857143,0
4.750476,0.49524215,2
6.415782,14.405717,3
5.991516,14.083397,3
15.627992,12.032385,0
7.113568,17.209063,3
-1.5328121,6.6548405,1
7.9905343,-4.501341,2
10.870691,1.5021636,4
9.993035,7.3895097,5
6.980158,4.916828,5
6.979872,8.746298,5
7.332555,16.204144,3
5.456078,14.512646,3
10.077698,7.25922,5
13.414362,-0.6915556,4
6.071676,17.312159,3
6.395177,16.076267,3
6.962406,16.976475,3
5.8785133,13.841555,3
14.739155,10.861821,0
0.09056134,-0.882976,2
-0.76165587,5.6244,1
5.356969,14.678385,3
-0.8818254,5.3939595,1
5.7729225,17.7862,3
15.271204,11.673588,0
3.4360726,6.2286134,1
7.846147,14.279949,3
7.0551243,16.209396,3
14.9417715,11.883806,0
7.0006485,16.969994,3
0.41627276,11.055844,1
5.4321046,14.674051,3
7.13149,8.843303,5
7.433856,5.5392523,5
6.302501,8.602134,5
7.347979,16.81493,3
7.078393,18.191038,3
7.7033324,14.003208,3
0.551053,10.572928,1
8.505101,15.880076,3
-0.95579624,5.3924437,1
13.504444,-1.4123772,4
7.756301,13.96714,3
16.387966,6.595651,0
7.109266,4.9956775,5
6.5162287,9.090555,5
6.90192,5.315636,5
6.9255476,17.009892,3
6.3284903,0.11289139,2
0.05075872,-0.8409027,2
18.44191,6.6074953,0
3.8077765,-3.2297223,2
0.49257177,-0.9837022,2
16.400333,8.044848,0
18.607178,2.5733557,0
13.787617,-0.90945685,4
0.61571276,10.538519,1
15.286195,12.140155,0
7.001618,5.165294,5
5.955601,0.22484373,2
0.8238783,10.825468,1
3.3096218,5.8267913,1
7.078267,4.8489885,5
0.0696713,-0.890755,2
6.2134056,8.695919,5
14.616582,5.6532273,0
10.048718,6.4087863,5
8.861101,16.994915,3
6.477185,16.114954,3
-1.325397,6.407425,1
7.6187434,14.388214,3
-1.129754,6.608751,1
19.19928,6.084508,0
7.0521727,16.20544,3
6.0904083,0.21506666,2
7.0586476,16.255157,3
7.716742,14.079127,3
13.044522,-1.3056178,4
6.305251,14.1419525,3
-1.3865799,6.5617437,1
6.3033915,17.665195,3
6.0165305,14.118796,3
7.05702,4.9166503,5
15.194186,12.580078,0
4.8141866,-3.3546762,2
7.023993,5.210278,5
0.76317036,6.789637,1
0.7773203,7.9812145,1
15.621933,12.358169,0
7.45053,13.845624,3
3.726444,-3.2547321,2
7.0055833,18.18765,3
-1.3110031,6.51802,1
6.928028,17.039646,3
6.071895,0.33995846,2
7.7869225,14.325853,3
-0.8678601,5.622496,1
5.7749586,17.594511,3
6.855744,17.163095,3
0.7411796,6.774083,1
15.190118,11.771794,0
7.845049,-4.6788783,2
10.235937,7.6670895,5
-1.2863019,6.6765366,1
9.710978,11.9847975,3
6.9174767,8.6169615,5
14.988378,11.807142,0
7.046026,16.24531,3
-7.2813935,6.042916,1
6.4837966,7.026537,5
-1.027395,5.7010236,1
7.0612316,16.209393,3
4.1911435,-3.6177564,2
9.94266,7.7433357,5
4.6835594,-4.7448263,2
7.692083,17.5148,3
6.483909,6.980513,5
7.9681187,16.805786,3
15.640999,6.077242,0
18.053162,5.4088016,0
4.2182646,-4.5226727,2
8.4512415,15.817299,3
1.0601157,8.817975,1
10.951936,1.2532169,4
1.3435203,8.847259,1
14.932579,11.990333,0
-0.96624273,5.341773,1
15.311908,12.046215,0
3.1049373,6.18235,1
7.703146,17.513926,3
15.61637,12.191028,0
3.587276,-3.2879338,2
6.46941,14.245746,3
3.2444463,-4.5411572,2
1.5445875,7.631302,1
15.02326,11.899443,0
-1.5499743,6.2237053,1
5.9983344,-0.21944673,2
11.2997055,0.7058706,4
10.9608965,1.1586076,4
16.735994,7.2085795,0
5.776042,14.532152,3
8.207656,15.91334,3
0.51937306,6.7285905,1
5.9759474,7.576425,5
7.681996,17.422792,3
6.8740225,17.060383,3
4.4502616,-3.5554597,2
-0.9769274,5.702457,1
10.089199,11.757031,3
5.7772107,13.823528,3
5.9383774,7.589355,5
6.8116674,17.126898,3
11.167734,0.84515214,4
6.275494,8.6690235,5
15.340429,12.071233,0
5.873537,13.9074545,3
6.9025536,8.344184,5
9.718026,11.937109,3
7.789357,13.816557,3
6.8887944,8.317521,5
6.2323565,8.56282,5
-0.70910007,5.6271095,1
6.1691184,13.928753,3
14.739025,5.5079994,0
1.4949591,10.505094,1
12.43724,-1.809819,4
4.2842984,-3.1923406,2
7.2414083,8.872621,5
6.175231,8.675069,5
3.7586212,-5.799246,2
0.91832876,11.1421175,1
7.7352777,14.280309,3
7.102092,8.719515,5
7.124898,8.717934,5
-1.1438318,5.7028975,1
0.14563908,-0.66417706,2
1.4730725,9.884226,1
5.89138,0.17017867,2
14.609338,5.8094096,0
-0.9604219,6.0420322,1
15.324157,12.142355,0
5.521589,14.996007,3
6.67354,9.178914,5
18.591284,6.7786093,0
5.8409824,17.935278,3
1.5487366,10.397244,1
8.517283,15.887875,3
0.4580791,-0.5239293,2
9.994979,6.402376,5
9.892825,6.1862993,5
0.42181504,6.5971203,1
8.531516,15.838636,3
6.0477643,0.11697806,2
18.656637,3.238451,0
5.834264,17.608772,3
2.2368355,-5.213469,2
-6.8912835,4.6363554,1
9.991206,7.623017,5
15.187119,12.503821,0
0.81708544,10.815802,1
7.153794,8.611128,5
4.2381005,-3.2193036,2
-0.22796872,5.35799,1
7.1125145,18.248304,3
4.870664,0.5247087,2
19.558609,4.6775036,0
3.5597308,-3.2298777,2
10.688955,1.6072896,4
5.9631057,7.376048,5
2.867808,5.832445,1
0.8281855,10.760138,1
7.639703,14.399374,3
-1.8508465,6.5705123,1
7.1154604,8.291409,5
9.963611,6.2423787,5
-1.0604366,5.4306793,1
-0.8066881,5.8014936,1
7.849581,14.326017,3
6.08662,14.8674965,3
14.650095,5.5676227,0
-0.19838837,5.4734807,1
5.873274,13.982032,3
6.0730963,14.846388,3
18.673885,2.6398187,0
7.00898,4.9269147,5
8.060495,16.728714,3
6.0373707,0.018518634,2
6.423584,4.5246778,5
5.832639,18.00841,3
0.47692552,-0.42629865,2
7.6920986,17.492693,3
5.8763976,18.031189,3
6.6087136,5.38072,5
6.6708837,9.2091875,5
5.5135846,14.993774,3
4.385841,-2.997842,2
9.945824,7.161574,5
15.170389,12.564051,0
5.771876,14.625253,3
-1.2093456,6.4147673,1
4.7319136,0.52163064,2
6.2041254,0.38054112,2
14.92258,11.981201,0
7.4610434,14.267339,3
-1.3158412,6.7629824,1
7.243329,8.894029,5
8.560313,15.852123,3
15.026555,11.896556,0
6.155549,-0.070222974,2
5.71826,17.78187,3
4.593589,-3.7724254,2
18.60666,2.7013254,0
0.5717901,6.7610803,1
6.418234,16.195103,3
1.0258576,10.962546,1
7.6464014,14.3984995,3
5.805578,17.546072,3
-1.5239747,5.807047,1
-1.0199466,5.3502007,1
4.363512,-3.4807022,2
7.6950655,17.481808,3
9.986109,7.845174,5
6.124478,-0.046352103,2
2.7951484,-3.6803951,2
4.422417,-3.7321093,2
-1.8867364,6.6408143,1
9.987298,6.232242,5
8.907504,16.96498,3
13.702644,-0.95919466,4
8.037405,-4.8821344,2
18.726936,3.2341921,0
7.732351,17.460806,3
4.754347,0.6036563,2
7.213135,8.8969,5
-1.7847482,6.5675254,1
8.142757,-4.4864206,2
4.3714867,-3.0235016,2
0.9402272,11.12814,1
-7.090826,4.90833,1
6.5488067,5.097544,5
1.5411209,10.369025,1
6.8868,8.582969,5
-0.754772,5.985144,1
14.616983,5.9596624,0
7.1356287,17.440914,3
3.674779,-3.0213337,2
5.8501024,18.029144,3
6.4465957,16.138786,3
5.8574104,17.881115,3
-0.73170906,6.2994742,1
-1.5856729,5.7022,1
6.034279,7.4576006,5
6.1723847,14.614735,3
7.7064366,17.531954,3
6.4312773,17.180737,3
5.5900297,14.936007,3
4.2413483,-3.2177331,2
5.887599,0.18506406,2
15.581268,11.896396,0
6.882471,17.216652,3
7.717088,17.485064,3
7.5165215,16.181328,3
5.907009,17.734497,3
8.012885,-4.502042,2
5.9649954,0.04105057,2
7.728397,17.509563,3
16.345371,8.072175,0
8.914225,16.973948,3
7.6226745,14.445443,3
6.9013677,8.541774,5
17.189434,7.797845,0
5.978515,7.3815036,5
-0.21703736,5.357543,1
5.870071,17.802605,3
0.32523873,-0.5757816,2
5.742043,17.67554,3
7.5617514,17.080187,3
0.46201652,-0.4088698,2
18.587326,6.8348446,0
10.038818,7.4842715,5
15.220331,12.63541,0
14.947411,11.992238,0
6.4087505,16.217543,3
8.900604,-5.786494,2
7.0483656,18.29526,3
7.436374,5.7950573,5
5.5136538,15.0169935,3
5.767528,17.886648,3
6.779737,16.282763,3
0.95296764,11.08005,1
5.907203,17.805882,3
8.908632,16.969034,3
6.6434026,9.232036,5
15.085438,11.817705,0
-1.0571848,5.459935,1
5.844173,17.700535,3
5.4432964,14.729771,3
2.8847399,5.770779,1
0.8740485,-0.95893365,2
3.0122817,5.8443975,1
5.805831,17.805798,3
8.096628,-4.6221757,2
18.568079,2.864977,0
17.009033,7.784887,0
15.42355,12.457088,0
2.4332438,7.3644533,1
7.1112933,8.635207,5
15.176811,12.611134,0
15.534078,5.8260794,0
5.362009,14.762934,3
7.5935516,14.431101,3
10.188142,11.648704,3
0.9988841,7.806006,1
4.0100355,-3.9719849,2
5.924035,17.66469,3
-1.1683786,6.635836,1
13.657083,-1.3076494,4
6.033264,7.446831,5
8.941005,16.93236,3
10.139181,7.8188686,5
6.868139,4.7416463,5
0.59335214,-0.8417157,2
15.313037,6.5115414,0
1.2410321,8.925881,1
7.3962684,8.393158,5
13.577782,-1.3563097,4
10.783727,1.4918337,4
2.9162743,5.900133,1
19.217373,6.216768,0
5.78756,17.630108,3
5.838317,17.862537,3
8.411272,15.940582,3
0.4723675,-0.6530651,2
14.654396,6.996294,0
7.022888,8.773882,5
6.511237,6.3169084,5
8.25024,-4.5489655,2
6.2463813,8.6583605,5
6.44237,5.011022,5
12.795984,-0.91821164,4
6.7704797,4.628802,5
7.024502,8.887679,5
6.0072775,7.548287,5
8.17693,-4.358154,2
2.9383264,5.8681655,1
-1.2687534,6.710421,1
0.93983424,11.108682,1
7.81854,14.280854,3
14.758214,7.0103216,0
5.3586726,14.889309,3
15.271193,11.687519,0
15.29416,11.679899,0
1.1183344,8.852885,1
-7.353187,4.7913146,1
4.3536267,-3.1448178,2
10.817233,1.269943,4
10.791366,0.6863828,4
2.9043314,5.9464564,1
14.949697,11.939799,0
4.703696,0.4835331,2
2.7370522,5.780084,1
6.899968,17.045702,3
6.194569,-0.04565597,2
19.506853,4.702815,0
10.030324,7.579424,5
5.801076,17.821726,3
2.4332457,7.196906,1
0.5566331,-0.7651857,2
15.020593,11.913622,0
8.521786,15.821192,3
4.4044347,-2.972633,2
5.738619,17.627071,3
9.170359,6.9957027,5
2.3897357,7.5377007,1
7.1486187,17.471159,3
4.9223757,-3.7694113,2
16.46489,6.596101,0
3.4643304,-3.2989678,2
6.5318055,6.2487874,5
6.797695,8.934426,5
0.59526235,-0.86299694,2
-1.3665483,6.8009763,1
13.553112,-0.6884893,4
5.980953,14.8154,3
5.7684507,17.701782,3
7.0059557,8.867916,5
10.646123,1.6528076,4
6.856818,17.065916,3
-1.2899908,6.7560735,1
6.902164,17.065567,3
2.3884592,7.064897,1
7.140672,17.526445,3
4.700198,-3.4441276,2
8.533889,15.84427,3
3.033016,6.05406,1
15.726315,12.122222,0
15.476031,12.562467,0
6.8491006,16.299528,3
5.730048,13.733713,3
5.5172696,15.0131235,3
0.87752557,8.917303,1
8.146771,-4.382623,2
5.7374077,17.697971,3
14.773106,10.891866,0
19.509186,4.589747,0
4.300017,-3.115267,2
9.963487,7.1005187,5
0.3071339,10.360451,1
8.239525,-4.357761,2
7.455947,17.289968,3
-1.1609823,5.683109,1
15.273056,12.121957,0
6.4920278,5.1862493,5
11.365149,0.61849505,4
7.05973,4.8996353,5
6.5345607,5.227345,5
-6.837434,4.6010885,1
0.6202078,-1.0630003,2
7.200958,8.836926,5
6.446212,4.552098,5
6.4022436,8.424038,5
15.060813,11.929573,0
6.6137533,5.0636616,5
-1.1401772,6.4115148,1
0.14119306,-0.6500584,2
0.9646454,10.241199,1
15.443795,12.433347,0
13.638842,-0.9237311,4
16.392124,6.566322,0
1.4621867,10.194876,1
1.3973999,10.217978,1
9.961014,7.833864,5
7.163102,8.377763,5
15.011862,11.867677,0
0.50038844,-0.6245365,2
19.225447,6.1799393,0
2.0931556,7.575071,1
6.852749,17.11915,3
0.9244898,11.198161,1
18.646446,2.5604649,0
6.5224094,4.5885262,5
7.4559126,8.352689,5
5.884042,17.837059,3
6.51929,6.249683,5
0.6106262,-0.85053825,2
6.8685484,17.106466,3
0.33623946,-0.511354,2
-0.20656197,5.421673,1
7.226216,8.332851,5
6.8541827,17.075907,3
0.6169985,-0.9752187,2
6.276872,17.898243,3
-0.6541515,5.72676,1
0.4612445,-0.45020837,2
18.476957,3.3183591,0
8.023746,-4.691133,2
5.9127617,0.041014206,2
7.422208,5.728592,5
6.934486,8.502314,5
6.1014524,-0.12146201,2
2.383403,6.8797445,1
-1.3541777,6.7592072,1
-7.4922543,5.3173637,1
0.84409076,8.265926,1
9.964512,6.2876453,5
7.414289,5.5544834,5
-0.85548496,5.935372,1
-1.2944742,6.73031,1
6.579696,7.0604324,5
4.4834824,-3.7085001,2
5.854591,17.945755,3
8.847909,17.021252,3
10.004902,7.8159647,5
8.916668,16.961643,3
14.613119,5.5951447,0
8.912234,16.892076,3
9.283922,6.7959986,5
5.8974967,17.68433,3
3.4779453,6.1588683,1
14.947932,11.993169,0
1.0468997,9.883828,1
6.6760826,8.851743,5
6.223606,6.960151,5
7.2415204,13.845588,3
6.910796,8.477626,5
19.56855,4.6830473,0
18.482687,2.50013,0
0.84351087,10.854607,1
13.721313,-1.2535836,4
-1.0503293,5.649827,1
15.609498,11.8992605,0
5.8236117,17.668715,3
17.07675,7.7916923,0
6.6018157,16.244066,3
7.585911,17.070736,3
4.4042196,-2.9752676,2
6.93065,16.200586,3
6.4682007,4.576471,5
6.9254484,8.701387,5
7.4980783,17.070026,3
5.604235,14.87188,3
0.42206278,-0.43868086,2
6.848168,8.618143,5
7.1823125,13.795689,3
7.3410845,16.2166,3
5.491355,15.036666,3
10.630738,1.2756537,4
5.9130034,17.529488,3
6.729093,5.4336267,5
13.576297,-0.7070148,4
9.952604,6.2647405,5
15.520073,5.6348343,0
1.5651621,9.844102,1
0.84461987,9.845512,1
7.1973095,8.781647,5
8.368779,16.965473,3
0.91383606,7.8443003,1
19.262094,6.205561,0
8.079781,16.142445,3
15.297971,12.106121,0
6.510236,6.271209,5
19.161518,6.1839166,0
7.997859,-4.5189915,2
7.0622077,7.0375543,5
6.0888605,0.111890584,2
15.273111,12.09611,0
5.8877873,17.679985,3
6.457577,16.14536,3
-0.051098634,6.685524,1
6.4995794,5.2106,5
5.5113435,15.013404,3
12.172335,-1.052485,4
19.373829,4.576587,0
-0.6354552,5.7945914,1
18.048552,4.200233,0
6.4510746,17.267159,3
5.557743,14.888643,3
1.5856165,9.835177,1
7.165998,17.552645,3
1.4217496,9.818074,1
8.38507,-4.7969556,2
4.568894,-4.668619,2
10.817343,-1.7328279,4
10.826162,1.4156587,4
9.935013,6.1007447,5
5.980399,7.4064183,5
15.744212,6.0582404,0
19.192331,6.294029,0
7.442029,17.90489,3
7.10583,8.238913,5
15.392797,5.695129,0
10.567882,0.46847972,4
2.9162784,5.755052,1
10.048177,7.697451,5
4.7018085,-4.5982027,2
-0.65958744,6.1658583,1
-6.893005,4.626445,1
19.347414,4.8237104,0
-0.9841323,6.211087,1
-7.517243,4.4639487,1
-1.6327996,6.2582903,1
5.7694774,17.632801,3
6.9318795,8.807571,5
6.9967604,8.532321,5
7.0365853,4.8776746,5
10.081343,7.663706,5
6.751384,14.440343,3
15.222492,12.624469,0
9.596495,11.360909,5
7.252496,17.457865,3
7.495216,16.86951,3
16.419285,8.053272,0
17.963112,4.1640954,0
10.678979,1.3167703,4
-1.0035067,5.640955,1
7.0509763,17.056076,3
6.5869737,4.998283,5
10.125019,7.8066635,5
0.92428654,11.181264,1
4.8575573,0.51447403,2
15.291701,12.516466,0
0.28652182,-0.90988064,2
0.5233145,-1.2768,2
1.5617329,9.851176,1
6.0139565,14.157539,3
7.09965,7.266004,5
4.4036016,-3.021894,2
6.3309474,17.730682,3
7.7579794,17.267725,3
5.82581,17.651804,3
-6.968922,5.859725,1
6.943811,17.746204,3
10.140443,7.7307777,5
0.93363917,11.199445,1
0.17960466,6.933465,1
16.377327,6.587527,0
10.115868,7.7669983,5
2.350373,7.567861,1
-0.903519,5.3985376,1
15.382489,12.43405,0
1.5833298,9.936637,1
4.4927654,-3.6501212,2
15.611043,12.515549,0
6.5412664,17.655216,3
11.366325,0.6221022,4
7.1799736,5.3577933,5
6.564729,5.1138887,5
-0.2875914,-1.2258981,2
1.4000475,10.042178,1
5.490223,15.013242,3
8.553168,15.823936,3
6.5544457,5.3187194,5
6.9689584,16.190687,3
15.623216,12.464634,0
3.0691884,5.953283,1
14.739117,10.892871,0
6.9145365,16.225344,3
15.698018,12.061118,0
6.6169467,4.7220964,5
15.339575,12.125894,0
6.9657273,18.159622,3
5.979667,7.5166545,5
6.0963035,-0.0842222,2
10.825878,1.2796338,4
6.446657,16.090046,3
10.0778,7.7080736,5
15.183106,12.384003,0
7.3475556,16.025755,3
6.9609504,9.003524,5
5.977232,17.605276,3
18.69143,2.9313917,0
7.956883,16.125065,3
3.6053896,-3.1036005,2
7.4456363,5.551256,5
8.915438,16.976843,3
15.758284,12.1249695,0
12.915735,-1.1841869,4
-0.2399954,5.337582,1
3.2321947,5.711637,1
7.079359,17.141531,3
0.8315074,10.580704,1
-1.3761253,6.487394,1
2.6207097,-4.7769194,2
6.55526,4.902122,5
6.495156,5.051588,5
-0.47198614,5.8336964,1
14.652919,6.9930844,0
14.690232,6.99294,0
6.492139,8.51268,5
7.187977,8.589981,5
4.1276207,-4.225546,2
5.9250455,17.658949,3
17.129871,7.704555,0
19.280764,6.171923,0
17.126238,7.7982454,0
6.912652,17.162579,3
8.489063,16.686943,3
15.017304,11.89185,0
7.773721,-4.8703995,2
5.853986,17.791199,3
8.318906,17.485046,3
15.319589,12.590574,0
3.3565884,5.833499,1
6.88905,4.990575,5
-0.7307817,6.010401,1
15.045056,11.886486,0
1.5194252,9.879099,1
6.675361,0.21272267,2
4.752058,-4.636,2
17.155447,7.762963,0
6.2973914,8.583967,5
6.1765075,17.901106,3
15.721951,12.150157,0
16.715769,7.460537,0
7.1075354,18.222015,3
8.5172,15.852964,3
6.547438,4.889572,5
5.994874,0.26488036,2
7.0533967,7.280351,5
9.232434,6.8022413,5
6.1235976,13.979013,3
3.7647603,-2.9172556,2
0.88269305,9.884026,1
19.232515,6.1908135,0
6.795846,9.058903,5
8.652547,17.182076,3
-7.5199227,4.4722333,1
13.701515,-0.9534908,4
8.297232,-4.445207,2
-1.2126795,6.526469,1
7.015783,18.21676,3
8.945146,16.925287,3
7.848615,17.046198,3
5.967397,17.946665,3
8.569748,15.86916,3
7.1136785,4.8367963,5
6.1076493,17.774427,3
2.392784,7.1082177,1
6.6896358,4.7604394,5
9.211921,6.960105,5
6.5430546,6.9688597,5
6.4676723,6.9249797,5
6.5438347,5.135125,5
6.562656,5.067912,5
10.0595,7.6356006,5
10.092962,7.5711536,5
2.913618,5.9510756,1
10.827729,1.187178,4
0.46041122,-0.42474413,2
9.748052,11.569691,5
0.37615067,-0.7476043,2
16.490675,6.6420507,0
9.979178,7.7935114,5
6.5796638,5.0455704,5
3.1905148,6.2688284,1
5.9940414,0.043236364,2
2.7768877,6.083549,1
6.6155715,0.39393094,2
6.5177836,5.1265135,5
7.0846434,7.2423673,5
7.677585,17.563824,3
5.699679,17.784454,3
8.003872,-4.9143763,2
1.566441,9.851402,1
1.3843817,10.231392,1
7.247648,13.690361,3
9.104908,7.5035353,5
2.2526467,9.231483,1
-0.19071768,5.359901,1
4.6755905,-4.8935924,2
8.149826,-4.3364086,2
7.1512303,8.677226,5
6.7023354,4.750974,5
13.715577,-0.95720446,4
7.014405,18.19427,3
0.9864993,10.305187,1
6.676748,5.696858,5
13.565938,-1.4466329,4
9.955911,7.1340876,5
1.0065501,9.882195,1
-1.1476936,5.8388176,1
4.834897,-4.7838407,2
18.011093,4.1366534,0
1.4374114,10.239243,1
18.494576,2.794839,0
-7.2569146,6.0379286,1
6.4548345,16.145817,3
15.734166,12.125735,0
2.9366724,-3.6383088,2
10.203993,11.650517,3
15.614111,12.072005,0
0.8659937,10.485722,1
8.395405,15.861272,3
8.95176,7.20473,5
-1.7914966,6.589949,1
6.7903376,7.239876,5
7.6718116,14.478628,3
7.0543513,8.737047,5
8.303802,-4.758986,2
4.194357,-4.1810117,2
7.108073,18.2328,3
6.452152,8.476031,5
17.107283,7.661367,0
5.5436234,15.019982,3
0.25649676,10.391704,1
6.2071714,8.657795,5
-1.4070299,6.6287317,1
14.432547,5.857511,0
11.002251,0.8306926,4
10.650436,1.4796425,4
2.6357083,5.673883,1
7.0194483,17.162428,3
6.37596,17.778872,3
7.4534616,5.7610126,5
18.577225,6.7333436,0
17.089117,7.653908,0
-0.30854523,-1.2384746,2
-0.7530322,5.510764,1
4.6631856,-4.8903074,2
6.4487314,16.136755,3
17.132643,7.797352,0
7.5475373,5.7710066,5
15.33853,12.529468,0
3.0424602,5.782931,1
-1.1146353,6.6485415,1
7.173638,17.047,3
-7.0702863,4.915726,1
6.6265516,9.0831995,5
6.7517076,4.9103985,5
8.746633,17.03557,3
2.779819,5.812886,1
7.142318,4.8956637,5
6.541396,5.213542,5
9.155618,6.9659038,5
18.430696,6.6383634,0
-7.0671105,5.9840713,1
14.520791,5.871466,0
9.946495,7.368234,5
0.66907,9.75195,1
7.2084208,8.904874,5
6.6823516,4.6867166,5
6.2631526,8.668633,5
0.75996035,10.760273,1
9.717367,11.539413,5
5.6869607,14.476423,3
6.880954,8.98535,5
6.8030005,8.861858,5
7.503572,5.8370643,5
-0.18617247,-1.3454909,2
8.326728,17.463556,3
2.793179,-3.402416,2
4.7455373,-4.508124,2
6.6139445,4.6606393,5
0.4886983,10.2418585,1
18.756422,2.6746995,0
4.615917,-4.3988614,2
6.421892,17.761066,3
5.7026563,14.526949,3
1.5634065,9.839948,1
6.475177,16.166706,3
0.4471894,-0.42888734,2
13.791457,-1.1896306,4
7.4348264,5.6270127,5
6.901632,8.439169,5
10.079335,7.4259987,5
2.314949,7.500116,1
0.8356417,9.879691,1
0.7968389,10.882226,1
5.636533,13.688319,3
7.2584906,8.919103,5
0.9508213,11.078589,1
6.9442296,17.138266,3
15.190057,12.589658,0
6.743276,4.878666,5
3.9129946,-4.178093,2
6.418601,17.754612,3
0.7870247,10.80567,1
7.2301846,14.01983,3
6.5214443,7.105467,5
-0.20226638,-1.1492512,2
7.78678,14.268529,3
3.3694613,-5.26578,2
17.157635,7.6430793,0
-0.27044368,-1.1218053,2
6.907326,8.452801,5
8.259916,16.040167,3
6.3366714,17.879272,3
14.718281,6.9973316,0
6.449653,5.21001,5
10.067419,7.4792714,5
7.7255836,14.397419,3
6.504823,5.1993136,5
6.4138803,17.621195,3
0.8932295,9.861169,1
6.8887706,17.09236,3
1.2407725,10.240008,1
7.118359,5.693477,5
15.967317,7.1406894,0
7.073528,18.124804,3
7.918963,-4.6954994,2
6.912405,8.353548,5
4.3253202,-3.1852257,2
-1.4877563,6.678877,1
14.761122,10.906612,0
3.2126634,6.0136905,1
13.306984,-1.3648416,4
6.462373,8.369921,5
8.461332,15.943717,3
9.877228,6.2948747,5
6.650121,8.332394,5
6.6450496,9.273872,5
18.617268,2.9296358,0
6.220383,0.26393145,2
1.1043481,9.16427,1
7.27555,5.4882646,5
6.478218,16.114199,3
6.230488,17.613806,3
7.0991488,5.6531587,5
5.8511806,13.8673,3
7.566209,14.279079,3
0.5460151,6.77733,1
5.843548,14.203645,3
10.061664,11.639978,3
5.944411,7.6798806,5
3.092767,6.184481,1
15.85143,12.096188,0
15.09571,11.834769,0
6.239851,17.73845,3
-1.9143715,6.646147,1
8.657233,17.044624,3
11.300522,1.0693802,4
7.928217,16.11792,3
9.977691,11.838997,3
7.624972,17.030333,3
14.738573,10.891767,0
4.0660872,-4.432201,2
8.966262,7.2101946,5
7.911989,16.129461,3
-1.7640766,5.5469446,1
6.135662,14.323703,3
18.535555,3.0791466,0
6.2900076,8.457712,5
14.730858,10.895227,0
4.0222826,-4.42832,2
7.409022,16.109287,3
19.400925,4.4647093,0
4.741872,-4.6810293,2
9.707026,11.486354,5
6.43303,17.667439,3
3.9358077,-4.284851,2
9.959495,11.907304,3
1.6631294,7.7376676,1
15.3161955,11.651276,0
1.2175925,8.912633,1
7.371325,16.207952,3
5.899974,7.6157784,5
9.588932,11.345802,5
-0.27292097,-1.2287292,2
6.0048714,0.2626716,2
5.979494,7.477854,5
15.55296,12.694543,0
4.2048354,-4.5275216,2
8.473943,15.896012,3
6.5889907,8.313734,5
6.4588385,5.149761,5
5.470598,14.794742,3
7.0917106,18.157133,3
10.092978,11.787957,3
9.748539,11.703951,3
7.5084553,5.7850556,5
14.9263525,12.011796,0
1.5618919,10.32027,1
3.5688648,-5.8694706,2
10.055839,6.1642036,5
6.573804,6.2820177,5
8.4161005,15.934277,3
-7.0607686,5.9279943,1
1.3396925,9.946333,1
0.40101105,6.829415,1
15.747703,12.117436,0
10.58509,1.1723113,4
-1.0371388,5.6355133,1
14.71505,5.5193954,0
14.57679,5.583762,0
15.533362,5.769012,0
15.009209,11.913209,0
9.990597,7.6225576,5
15.371685,12.203994,0
14.04966,-1.5651945,4
2.8006678,5.7204094,1
0.119403556,-0.74103844,2
4.1534896,-3.885106,2
7.5625615,17.397316,3
6.883055,18.12887,3
7.3956456,8.334896,5
15.102124,11.822146,0
8.900956,16.997793,3
6.8893113,8.41468,5
7.1455235,17.45933,3
5.874576,17.901783,3
9.959289,6.154437,5
-7.1437726,5.8747616,1
6.477348,5.406006,5
15.392857,12.474963,0
17.938677,5.3556957,0
6.4163117,6.935273,5
6.722659,-0.69781774,2
14.738503,10.898566,0
0.34216648,-0.5341285,2
13.468119,-0.84407437,4
6.41227,8.41739,5
7.0910163,8.490594,5
0.8544421,11.136987,1
7.8021383,14.248865,3
-1.7475533,5.516676,1
5.9561605,0.0059208423,2
8.084286,-4.436059,2
7.7839108,17.58605,3
19.289013,6.156339,0
4.7014093,-4.7535524,2
9.928303,11.910965,3
6.908402,17.044128,3
-1.1544597,6.6529226,1
5.5137897,15.016913,3
5.8917584,17.930126,3
6.437424,4.5742183,5
0.44755316,-0.4601108,2
2.374346,7.242929,1
18.519608,2.5230224,0
8.88453,16.993078,3
5.548226,15.142199,3
2.3036048,7.196583,1
4.260099,-3.2378817,2
8.170184,-4.3105955,2
15.501338,12.592938,0
2.354058,7.391635,1
5.8714027,17.637611,3
6.577968,16.156734,3
10.210928,7.658716,5
15.313525,12.115354,0
14.739374,10.885008,0
-1.3382553,6.768463,1
6.490047,5.2972403,5
15.328854,6.516743,0
15.023092,11.906848,0
19.401749,4.4716115,0
6.4932775,5.349288,5
0.30548036,-0.92184657,2
15.375062,6.4650774,0
0.61991876,-0.96568894,2
18.879875,2.7948225,0
6.886502,8.590511,5
13.967651,-1.0797487,4
-6.9925313,4.742496,1
0.9085062,8.071821,1
12.155516,-1.0417517,4
-6.9728847,5.8140945,1
-0.9563102,5.776637,1
6.353422,14.869095,3
6.870711,7.369196,5
8.124513,-4.3502975,2
8.032282,16.721823,3
14.0197525,-0.9476622,4
0.20730922,7.0731616,1
6.7641206,4.6518784,5
15.189439,12.610125,0
-1.3307917,6.782673,1
15.199321,12.502238,0
5.833786,17.662794,3
9.982633,6.5915594,5
0.68930554,-0.8397277,2
14.003313,-0.92338055,4
3.6882455,-2.9957097,2
5.648641,14.487786,3
0.5679467,-0.6802769,2
0.8281432,11.0096855,1
2.7871864,-3.5008988,2
10.543807,1.164033,4
6.0192094,0.053996358,2
8.577699,17.054113,3
-1.3122398,5.618125,1
6.046407,0.27654982,2
0.4654375,-0.43166962,2
0.7051065,10.6488,1
0.39697993,6.9412456,1
1.2587343,8.859321,1
9.984651,6.2417784,5
6.4934564,6.974713,5
7.0542774,18.223408,3
6.59187,4.639678,5
5.44318,15.069882,3
9.971009,7.7952003,5
6.4814234,4.818965,5
6.9874716,8.669415,5
-1.3920665,6.808733,1
17.025515,7.7415056,0
4.70842,-3.7797773,2
1.2609638,8.872647,1
7.346156,16.073746,3
0.3566423,6.575555,1
15.072695,11.8621645,0
0.67723227,10.888612,1
8.589507,15.858579,3
6.9148636,17.077204,3
6.473672,17.339785,3
16.739399,7.4986887,0
7.096313,7.2527585,5
6.971161,8.831031,5
0.5344179,-0.5806196,2
6.431972,16.141232,3
6.6374917,9.269311,5
18.531895,2.837768,0
6.099585,0.10840391,2
14.704815,7.082737,0
7.416551,5.6195645,5
1.007429,11.089723,1
7.075562,8.896704,5
18.79546,3.2528226,0
-1.3222697,5.92899,1
0.07809668,-0.7585918,2
6.611967,-0.39148983,2
1.7034167,9.557124,1
8.944652,16.985971,3
15.485962,12.457247,0
14.088674,-1.5397297,4
10.799485,-1.6100829,4
6.956793,8.748112,5
18.016932,5.3882375,0
1.5291731,10.608229,1
0.45176423,-0.4211341,2
7.479164,5.343308,5
3.6289709,-3.6206088,2
18.562197,2.7336228,0
8.175921,-4.3668904,2
8.909356,16.96122,3
0.5105292,-0.5242319,2
6.508542,16.124031,3
10.79178,1.0004622,4
15.319079,12.714831,0
3.7708812,-2.8812916,2
10.015486,6.2931757,5
8.078058,-4.437614,2
5.917079,0.030856432,2
-0.9110482,5.604236,1
7.075214,18.263979,3
5.9555163,7.417973,5
6.0151286,8.820095,5
4.2879543,-3.8974338,2
1.409715,10.215613,1
10.1952915,11.706026,3
8.788086,16.862558,3
0.7223439,10.585766,1
10.674426,1.5070148,4
7.0002384,16.257076,3
14.088568,-1.5297604,4
8.083396,-4.3721466,2
6.775885,17.14823,3
9.985607,6.2760158,5
15.575211,12.601474,0
3.7507932,-2.9940195,2
9.172407,6.953335,5
14.888572,11.960871,0
0.68219,-0.891893,2
-0.21200296,5.6343465,1
7.5317316,14.320489,3
-0.7277946,5.5180573,1
15.9949665,6.833268,0
14.37418,5.8913984,0
0.90520704,11.137513,1
11.013388,1.3503754,4
0.69473654,11.094938,1
6.527988,4.9539285,5
7.1569057,17.509394,3
6.6127524,4.995993,5
18.839342,2.881368,0
7.4484105,5.555082,5
3.2657003,5.868917,1
-7.369866,4.615922,1
18.546032,2.4456372,0
10.838586,1.3417579,4
-0.70438355,5.5087843,1
-7.410602,5.573933,1
5.886239,17.931587,3
5.4448433,14.509807,3
5.8594737,17.900255,3
6.162781,7.0036,5
10.050568,7.81663,5
10.206972,11.752633,3
-1.1623493,6.4376774,1
8.636416,15.871882,3
4.4900713,-3.8511956,2
10.565508,1.2107228,4
18.547806,6.7265286,0
6.5231385,6.2347608,5
8.122273,-4.360014,2
7.1857557,8.892643,5
0.8700311,10.827785,1
15.170185,12.466826,0
-1.2468566,6.610128,1
11.364015,0.7103031,4
5.992426,0.21449302,2
6.9186554,8.523713,5
6.4233866,8.457709,5
6.9809213,8.8371,5
-1.0735048,6.483461,1
7.190811,17.02421,3
15.805054,12.102747,0
17.021053,7.6064444,0
0.44940794,-0.7653537,2
15.616128,12.51836,0
6.1833544,17.898531,3
6.5071545,6.2070823,5
15.300078,6.539453,0
8.021767,16.103546,3
14.764894,5.5630264,0
5.8499312,17.689241,3
3.4200017,5.8605227,1
6.999367,8.810295,5
8.871146,7.3412538,5
0.080191806,-0.74221075,2
15.134059,11.762929,0
0.87565815,10.769874,1
11.308586,0.8622576,4
0.8340822,10.548738,1
7.079347,18.17886,3
7.120744,8.91104,5
15.29139,11.6628475,0
18.462132,6.671892,0
18.06271,4.1360292,0
7.571139,14.46665,3
6.771436,4.887381,5
12.075717,-1.0984132,4
6.1957526,17.743359,3
6.789592,8.918987,5
13.6064415,-1.4974095,4
8.067671,-4.3450174,2
15.2094755,12.65908,0
16.335627,6.553397,0
6.5067015,6.268573,5
14.735078,6.40042,0
6.44889,4.5683203,5
0.6410689,-0.7586969,2
0.85266453,11.07745,1
-1.3689214,5.916287,1
15.238698,12.640713,0
19.479204,4.6831717,0
6.1193175,-0.10223983,2
6.76004,9.142148,5
6.760507,4.6225357,5
7.6473227,14.409145,3
6.4176755,8.408401,5
6.1528625,-0.0890073,2
6.742257,8.927977,5
4.379392,-3.044596,2
6.057333,14.764387,3
6.9405513,8.500136,5
0.8781813,11.034438,1
19.442122,4.7407246,0
3.8902519,-3.5507586,2
15.175036,11.73281,0
-0.94104224,6.638558,1
5.525741,14.3997345,3
4.8830576,-3.7391548,2
6.0667086,0.25308377,2
6.8082685,5.152497,5
6.9706836,8.87404,5
3.6008599,-3.766498,2
7.7321844,17.49492,3
14.561028,5.94255,0
-7.264287,5.8501277,1
8.632284,17.171707,3
7.701211,17.465956,3
5.8661366,18.01657,3
-7.49281,4.5087156,1
9.934712,7.8183365,5
6.672395,4.847511,5
-0.85597515,6.272055,1
-1.1731651,5.448595,1
7.913268,-4.5896506,2
6.4193444,8.584061,5
6.712043,-0.6872947,2
4.351079,-3.1861868,2
6.4969864,17.639828,3
6.0890136,8.732324,5
10.610843,1.3459928,4
15.209853,12.655033,0
15.388357,6.4726887,0
2.7831998,6.0632906,1
5.795796,14.36313,3
0.061680153,-0.78045505,2
9.960408,7.2486753,5
6.5034943,4.598423,5
7.7346063,-4.965409,2
15.052271,11.912255,0
6.825008,17.148218,3
3.0740879,5.7127666,1
14.482597,5.752583,0
7.438918,17.879253,3
2.7874844,5.8493066,1
12.998267,-1.0831144,4
6.8878155,8.450127,5
13.768015,-1.2234566,4
0.4911907,-0.98992485,2
18.50252,2.84932,0
0.92122066,11.182308,1
5.4877625,15.04863,3
7.104429,18.239235,3
-1.1387409,6.4457855,1
3.6406286,-3.5260468,2
5.9669747,7.5017276,5
15.573315,12.457229,0
15.173397,11.692582,0
6.5011263,6.9405165,5
10.7225895,1.1362025,4
3.6329749,-3.5370293,2
6.749032,8.82018,5
0.45933408,6.8424244,1
6.4267654,17.660463,3
10.039466,7.441118,5
0.43727496,-0.74668574,2
13.5560665,-1.0934023,4
2.8531957,-3.4021444,2
9.977278,6.298685,5
9.986511,7.5661793,5
6.7528167,4.6513004,5
15.491049,12.397892,0
6.5928926,5.2490125,5
12.997545,-0.989247,4
15.285106,12.513628,0
15.47555,5.7029204,0
6.578622,16.155355,3
3.8413107,-3.698457,2
-7.0545263,5.967848,1
15.722856,12.054715,0
7.090498,17.394476,3
7.688197,-4.881171,2
6.1872916,17.80673,3
6.0060606,17.426744,3
8.39121,17.3549,3
2.922697,-5.91048,2
10.818243,1.490491,4
5.510626,15.076135,3
8.601844,-6.083326,2
6.993562,17.096014,3
-7.3818817,4.6433296,1
-1.460678,6.389698,1
6.4688063,7.0523243,5
5.453481,14.693156,3
11.110121,0.7749092,4
15.697797,12.052728,0
15.747766,12.112117,0
15.200144,12.545294,0
7.98144,16.099152,3
5.8496747,17.93328,3
3.909482,-4.1387706,2
15.265965,11.675184,0
4.360571,-3.1669898,2
7.0810313,7.270913,5
-1.5368397,6.0812893,1
8.943514,16.922495,3
6.4064565,6.9568386,5
2.6141872,-5.8209405,2
2.7545102,5.838201,1
3.255757,5.649173,1
10.218541,11.658968,3
8.460894,15.891113,3
3.6937444,-2.9762812,2
6.251256,8.715039,5
6.472032,5.1776667,5
11.034191,0.27242628,4
5.46454,15.044119,3
6.523668,4.600603,5
5.9758396,7.3875256,5
16.987383,7.2468796,0
14.734736,10.881805,0
6.320961,8.603664,5
6.987745,16.25182,3
7.1598487,17.491825,3
8.763409,17.06452,3
2.4095187,7.216229,1
5.4611516,14.774414,3
7.4912715,17.047993,3
6.4073296,16.109793,3
1.7329826,7.733754,1
0.50012916,10.296935,1
9.772887,11.524801,5
18.586456,2.5809028,0
5.9150724,0.2160804,2
15.732324,12.0174265,0
0.34292907,-0.9290545,2
-0.7714297,5.724142,1
-1.4485276,6.4089823,1
15.050528,11.848099,0
15.276246,12.057292,0
0.4989048,9.762444,1
0.62530714,10.18309,1
13.5486,-1.3373168,4
4.0536413,-4.472593,2
7.4465146,17.048515,3
-1.0587213,5.854315,1
6.5192475,16.106277,3
2.6795819,-5.8890676,2
17.002338,7.684207,0
1.2387078,8.917783,1
14.54556,5.744169,0
13.507215,-1.4375399,4
4.9671173,-3.7770882,2
0.9577441,11.178507,1
4.8120823,0.50798374,2
-0.9056812,6.533883,1
6.34049,8.384531,5
7.3436604,17.136896,3
12.738943,-0.9942567,4
9.951393,11.783264,3
9.806176,11.922289,3
7.3777857,16.074001,3
18.642054,2.7296252,0
2.2637718,7.1198587,1
14.639314,5.5983453,0
18.542805,2.8074908,0
10.109226,11.757182,3
16.401793,6.5694604,0
5.8991923,7.638705,5
17.808203,3.0091295,0
15.972195,6.690017,0
6.619755,17.698011,3
6.5402784,7.119597,5
16.353905,6.580849,0
13.100437,-0.9978485,4
6.5632534,16.168844,3
14.560204,5.8672533,0
1.2438796,8.794972,1
3.7127354,-5.341215,2
8.084216,-4.315122,2
3.74255,-2.8683934,2
9.697849,11.473425,5
17.978315,4.241331,0
10.809931,-1.6700395,4
13.390881,-1.4748288,4
7.736381,17.550827,3
10.633786,1.4956366,4
9.982354,7.6016436,5
7.4461575,16.235735,3
5.999644,7.037393,5
9.995063,11.82685,3
3.7454484,-3.1250868,2
0.47340328,-1.0134159,2
0.7347362,10.681632,1
7.044911,8.661202,5
6.2986293,8.364508,5
7.083999,8.8533745,5
14.730353,5.519666,0
6.100356,14.781899,3
8.581626,17.111597,3
7.9457626,16.735462,3
7.7420354,17.555752,3
7.3778315,16.060186,3
6.123616,13.970148,3
-0.34803388,5.4045553,1
14.970053,11.960034,0
3.1943924,6.276333,1
6.8739567,17.1628,3
2.8428419,5.8644004,1
6.1145825,17.880438,3
6.85002,17.138556,3
4.18554,-3.2731884,2
9.17451,6.931769,5
5.503981,15.099264,3
7.363909,5.642975,5
9.121158,7.637148,5
6.5107756,5.2552285,5
7.6793094,17.596523,3
14.95804,11.816901,0
6.3904586,8.326832,5
13.497942,-0.6211754,4
7.930566,5.6798677,5
6.6874576,4.8202124,5
18.234568,6.791885,0
7.1745563,13.869699,3
1.1429441,10.189189,1
3.4818988,6.2041407,1
13.2195015,-1.1145782,4
8.532649,15.83563,3
7.0859895,18.250778,3
18.531212,6.729708,0
7.9972253,-4.434025,2
0.40059033,-0.550053,2
6.8779554,8.597171,5
15.082339,11.953057,0
8.014996,-4.605562,2
8.787708,17.03267,3
3.0241485,5.9423614,1
5.830757,17.733984,3
-0.1450699,10.329329,1
9.378963,7.519279,5
-0.07106346,-1.274624,2
6.6340528,17.608932,3
6.9917464,18.229742,3
2.8575218,5.8202195,1
11.439097,0.56758916,4
7.2218795,13.74969,3
4.9297695,-3.6961992,2
7.0753484,8.742588,5
-0.25365022,-1.3283631,2
0.9397117,10.248044,1
-1.0992988,6.6056347,1
3.4335587,-3.206757,2
0.9194877,-1.262452,2
7.8962355,16.073994,3
6.8821063,8.648581,5
6.6563573,5.002784,5
7.559721,17.043236,3
3.5361538,-3.2351153,2
0.5185617,-1.011348,2
8.310226,16.361921,3
4.440029,-2.938598,2
6.703253,4.893609,5
7.202431,8.662681,5
14.930639,11.863781,0
1.4513216,9.833293,1
16.373482,6.5934434,0
1.4961547,10.584099,1
-6.8593225,4.6262474,1
1.5756735,9.939397,1
10.084909,7.413954,5
6.6796193,9.192782,5
6.8975234,17.052538,3
-1.4596474,6.5552673,1
8.364563,17.445148,3
8.901286,16.938686,3
-0.96631444,5.959338,1
8.927402,16.968552,3
7.5264497,5.786597,5
10.027629,7.5698695,5
-7.480301,4.7813697,1
9.217829,6.8382983,5
-1.3990974,6.8035455,1
-1.3384835,6.756095,1
10.709227,-1.6412637,4
15.082485,11.890154,0
9.974701,7.645823,5
6.9171705,16.996025,3
0.98426986,-1.1839739,2
-1.7573674,5.615487,1
4.971514,-3.7008848,2
6.9479394,8.75273,5
9.955,7.5291443,5
6.9573855,8.750558,5
6.535631,5.2924085,5
7.0076623,8.781805,5
-0.29662156,-1.2541096,2
8.5197735,-5.391538,2
0.48487204,-0.6867105,2
17.092094,7.8024077,0
6.4331446,5.0372005,5
8.905931,16.937061,3
2.9458265,5.965634,1
-0.80529124,5.771945,1
7.039362,8.795005,5
5.826843,17.732946,3
7.102069,7.2433343,5
18.69556,2.4905539,0
14.597112,5.857652,0
13.714835,-1.2462918,4
7.555923,14.254681,3
6.437662,6.901565,5
18.532608,2.523644,0
5.9417295,13.757561,3
8.04115,16.694891,3
6.8454914,8.564828,5
4.938924,-3.7134962,2
0.93389046,8.039191,1
15.790462,12.156351,0
0.39343327,-0.574302,2
4.8128123,0.45043534,2
6.9378304,8.835464,5
9.996259,7.5650177,5
15.3982525,5.7080965,0
7.0581164,18.178478,3
7.313993,13.639207,3
7.1936307,8.662246,5
6.6125927,5.094988,5
6.581712,4.64273,5
6.369367,6.875542,5
9.983747,7.62579,5
-0.4879764,5.9752603,1
6.4948416,5.1592836,5
14.00103,-1.4144155,4
8.583493,15.825018,3
-7.059765,5.986898,1
8.507572,16.653864,3
7.667506,14.412925,3
0.07957772,10.328187,1
6.749412,4.916674,5
2.8607833,5.762157,1
13.955393,-1.4878489,4
8.502072,16.668156,3
7.0354443,8.851931,5
7.011495,8.970112,5
6.6288548,5.3400774,5
-0.75975686,5.6356397,1
6.4889054,6.932061,5
-1.285739,5.8811917,1
5.390279,14.701191,3
9.937445,7.7199345,5
6.631479,5.0969896,5
2.9211621,5.9931626,1
15.001713,11.865947,0
-1.0825809,6.5460663,1
7.441835,17.811768,3
18.699211,2.8563244,0
6.509638,4.5614347,5
14.67499,5.759488,0
0.706048,6.7314677,1
15.065332,11.806812,0
18.587992,6.7389565,0
-1.6751235,6.347929,1
8.32219,-4.32735,2
6.88145,8.758599,5
13.664836,-1.2803203,4
13.943875,-1.4058578,4
-1.0298685,6.609402,1
19.264647,4.4276414,0
7.08325,8.557465,5
5.5311985,14.513001,3
15.201862,11.683735,0
7.1071754,17.497122,3
8.03258,16.722956,3
6.8347116,17.000826,3
7.760187,14.294313,3
7.028368,8.647211,5
17.947218,5.353032,0
0.6634771,10.908649,1
6.9783936,16.310593,3
5.616343,14.525185,3
7.326109,16.20072,3
12.0085745,-0.72477597,4
1.1208501,9.027608,1
10.78216,-1.6114912,4
5.801391,13.838443,3
1.7591876,9.565937,1
12.746565,-0.8576687,4
6.3945093,6.889962,5
15.362289,11.588571,0
15.244097,11.714032,0
6.8328795,16.928274,3
6.422049,4.622122,5
6.4828296,4.584625,5
0.93744874,7.8409047,1
7.9517813,16.667805,3
15.474369,12.484771,0
-0.74481016,5.526694,1
2.8311577,5.7281895,1
6.870829,16.252438,3
6.9186215,8.575281,5
6.764092,8.7180805,5
7.3906894,5.4559283,5
10.716324,1.5634632,4
6.488035,4.5845923,5
10.01583,7.623544,5
7.76182,14.343355,3
15.171298,12.614011,0
6.797177,8.431404,5
17.98306,5.3792586,0
8.925025,16.970764,3
0.8489835,11.176964,1
6.3798556,14.155989,3
13.631156,-1.453033,4
9.974699,7.813334,5
0.78275985,9.803805,1
15.000847,11.867311,0
7.3615727,17.93117,3
5.735785,17.81579,3
4.887105,-4.887574,2
-0.7415813,5.694008,1
18.736525,2.7979126,0
5.461802,15.042616,3
15.345441,6.5292497,0
17.107256,7.8274403,0
14.695183,6.9764075,0
5.994849,7.588604,5
15.050547,11.892587,0
1.4632654,10.57533,1
6.833179,4.6726747,5
0.24702153,-0.5261166,2
10.08266,11.788657,3
7.19049,8.875218,5
7.112175,4.9292064,5
15.445247,12.202196,0
10.175046,11.714386,3
6.4568996,4.566474,5
3.9624403,-3.0767224,2
6.286772,17.428238,3
-1.4855994,6.4832573,1
19.454798,4.6687245,0
0.19438607,6.7464213,1
5.8635387,17.85501,3
8.052232,16.675068,3
5.7786803,17.6724,3
6.8231597,17.106552,3
6.4610868,14.20042,3
0.30498466,6.9420094,1
5.5733933,15.056558,3
7.4860425,16.347178,3
10.527147,1.1565402,4
0.4548531,-0.42231435,2
15.17347,11.708803,0
7.7544937,17.467123,3
13.675085,-1.1824229,4
8.09054,16.049723,3
5.7516055,17.665642,3
6.6536827,6.2595615,5
0.1035871,10.309528,1
7.13435,18.105783,3
7.477794,16.306847,3
10.823663,1.1763234,4
17.132252,7.698757,0
4.8418903,-4.6162443,2
10.780805,1.5355328,4
18.528536,2.7028966,0
19.529833,4.6517663,0
7.11324,8.557779,5
18.532146,3.2012217,0
15.314289,12.068174,0
10.915572,0.9684574,4
7.7811847,14.288013,3
10.703035,1.2446629,4
7.030443,7.2899942,5
13.692386,-0.974467,4
0.051950835,10.331172,1
1.5823623,9.960543,1
5.5357966,14.612074,3
2.403539,7.0569324,1
0.1920548,10.092492,1
15.219944,12.609985,0
0.8708459,11.1690855,1
8.273971,-4.743666,2
8.015102,16.263979,3
13.972173,-1.5689728,4
7.0182166,18.193724,3
7.0168476,8.711743,5
0.61218303,10.519511,1
13.280235,-1.3921031,4
1.2764434,8.868144,1
-0.9206479,6.2363133,1
0.39842826,-0.4010119,2
-0.5825725,6.023325,1
6.970784,16.535755,3
1.4503824,10.193529,1
3.7736695,-2.9488769,2
5.9717255,14.033726,3
3.9614694,-4.122341,2
4.658615,-4.360248,2
0.1932009,-0.7639909,2
7.0910196,18.247889,3
15.324735,11.528309,0
6.449,8.330387,5
5.075021,0.60482585,2
13.660908,-1.2211999,4
6.9424934,17.063753,3
13.733467,-0.99350244,4
-0.79516804,6.0357285,1
2.927898,-3.5617373,2
6.7969646,5.3801203,5
6.6540456,16.24639,3
15.785879,12.196406,0
7.7044506,14.328226,3
7.1907535,17.533335,3
13.779052,-1.6182669,4
7.092703,7.286468,5
6.45407,16.086626,3
3.1937532,6.2165747,1
8.938635,16.914991,3
7.062121,18.286655,3
6.3524857,8.697986,5
5.970477,7.5825424,5
6.4874816,16.090702,3
0.59129834,6.820363,1
1.4678488,7.590182,1
15.967461,7.1036706,0
6.9936213,17.100128,3
7.2059507,8.913812,5
6.53209,16.1561,3
11.070842,-1.9467657,4
1.547124,10.3461075,1
-0.1792453,-1.4650944,2
4.199842,-4.5677195,2
2.5037634,6.6591196,1
7.4368787,5.8146763,5
16.9104,7.6617703,0
18.61989,6.7837205,0
6.5411067,6.956418,5
7.116403,8.652929,5
0.7133475,9.864349,1
9.831558,6.4095426,5
-0.65926063,5.9196916,1
7.3965344,5.6948676,5
7.8786483,-5.019145,2
4.535027,-4.517527,2
8.677161,17.058683,3
7.9678483,16.759647,3
7.4266195,5.4229946,5
-1.4129248,5.4654555,1
7.2092433,5.6634674,5
9.26975,6.927301,5
18.843796,2.7155795,0
2.8465235,-3.4743035,2
6.6770115,8.962218,5
16.38166,8.080892,0
3.0527396,5.764367,1
15.149258,11.749685,0
8.698949,17.125708,3
-6.845077,4.6042485,1
8.826969,16.964806,3
7.5162277,17.909698,3
14.739775,10.883431,0
7.4590936,17.240198,3
6.7310543,8.820423,5
7.070652,5.5691133,5
16.7754,7.746156,0
6.2256594,6.805023,5
-1.2731667,6.821382,1
7.970766,16.13125,3
-0.29704246,-1.2412877,2
0.2984165,7.057456,1
1.1730094,8.826787,1
8.890936,17.003315,3
-7.185836,5.8953557,1
7.9113626,16.05728,3
7.232184,13.940977,3
6.7530427,0.54420775,2
12.80015,-0.9991171,4
0.034831952,-1.2693998,2
3.9069157,-5.741338,2
6.626424,9.27406,5
3.7434545,-5.5449996,2
14.947877,11.992842,0
18.575779,5.244344,0
5.66786,14.380787,3
9.767415,11.53772,5
14.772087,10.8865385,0
7.7025566,5.4936523,5
0.5796349,6.879556,1
6.6129045,4.67515,5
13.496947,-0.72335744,4
8.137022,-5.7239814,2
3.5583813,6.1625514,1
6.484118,5.2613654,5
7.154203,17.349796,3
17.082949,7.741219,0
5.8521266,13.886302,3
4.707609,-4.4321713,2
15.228098,12.413326,0
18.656681,2.7474983,0
7.218172,14.021548,3
2.3137062,7.473651,1
6.998406,7.3236785,5
15.25078,11.918175,0
1.1235247,8.872531,1
10.113193,6.0569024,5
16.961248,7.2097683,0
19.28667,6.196914,0
7.7465806,17.439512,3
6.404496,16.195532,3
5.4967747,14.5477,3
6.479508,8.394098,5
7.7657375,-5.891199,2
7.9438543,16.750164,3
0.30670643,-0.86196995,2
6.8816814,17.098944,3
10.007037,6.1553454,5
4.4035435,-2.9968724,2
8.194433,15.918657,3
6.7346544,-0.70147985,2
13.246396,-1.2687442,4
5.7503047,17.636194,3
2.8684292,6.061108,1
-1.3730565,6.746021,1
17.109987,7.652887,0
6.0316954,7.07597,5
6.485919,16.138464,3
0.5656296,10.952654,1
-0.8406814,6.274828,1
5.9460993,7.4279504,5
3.7426486,-2.9106023,2
6.7329,8.868339,5
10.16018,11.741632,3
17.148046,7.6869106,0
6.534674,4.880463,5
7.012234,8.651351,5
3.5804715,-3.2418642,2
7.489402,17.067389,3
6.098016,13.9828,3
9.87948,6.1293273,5
15.381723,6.4824066,0
-1.1939827,6.7887564,1
1.4786013,10.047086,1
15.385031,6.4782457,0
-0.8993098,5.942149,1
7.053539,5.13685,5
15.260225,11.690143,0
19.576727,4.6629267,0
10.667853,1.6015866,4
15.212488,12.6664715,0
6.0653253,0.3287102,2
18.573446,2.4099083,0
3.5426965,-3.27398,2
14.585427,5.8969574,0
7.06949,8.708087,5
0.9239705,11.173588,1
18.585068,6.795309,0
-7.2438126,6.027638,1
10.636592,1.3544484,4
7.989603,-4.938544,2
6.787305,9.140284,5
-0.2873026,-1.2133969,2
18.57507,2.8534353,0
5.8120666,17.877712,3
9.172129,6.9591975,5
0.30785474,-0.7252047,2
1.5625594,7.6554236,1
8.750944,16.853504,3
6.0060596,14.457148,3
17.146265,7.714747,0
1.5607805,10.432238,1
6.566667,4.9164095,5
5.9136095,14.021578,3
18.013947,5.404698,0
18.57615,5.3165917,0
15.219746,12.570135,0
1.4198927,10.36606,1
5.9730263,7.462742,5
7.2144094,8.861705,5
9.765528,11.52766,5
15.168735,12.362816,0
0.9055569,7.892777,1
7.7406797,17.604212,3
6.637417,4.9675174,5
3.8748043,-3.6520042,2
6.9867835,9.004061,5
0.7036254,6.762852,1
7.0631113,8.632456,5
15.132688,11.742773,0
2.7991168,-5.4754095,2
7.8881507,16.952883,3
6.5843973,0.49056467,2
5.546502,14.989877,3
6.9519286,8.418864,5
0.61044323,10.960773,1
10.058653,11.843001,3
-0.53522164,5.8518457,1
2.4320188,7.5847883,1
7.4287267,5.7074723,5
10.996596,-1.9555998,4
4.330928,-4.6552663,2
7.0207233,17.822186,3
6.673865,4.711238,5
6.455176,8.493336,5
6.599736,4.658212,5
8.623837,17.042753,3
6.9151936,18.254229,3
5.946088,0.010778144,2
6.474142,7.0262213,5
15.246425,12.587722,0
10.005481,11.817619,3
-7.4171405,5.5514636,1
10.650501,1.3630428,4
3.0846689,5.6079884,1
-1.3795698,6.6902175,1
15.980187,7.0622807,0
5.9102077,7.588346,5
19.361734,4.491079,0
-0.849498,6.0321813,1
1.6074933,10.37472,1
14.522113,5.8133154,0
14.753257,6.976079,0
8.698404,17.007318,3
1.4133525,10.0983305,1
6.1721683,17.890003,3
7.958742,16.137352,3
7.3446364,5.6772776,5
6.968774,8.774277,5
6.459704,16.182272,3
6.65742,4.7362843,5
18.559967,6.832519,0
-0.7374791,5.6866407,1
8.816008,17.044178,3
10.812628,1.0601934,4
-1.0723217,5.7624493,1
4.845227,-4.6246467,2
16.363348,8.035754,0
15.05269,12.015419,0
6.064926,14.089586,3
0.7414344,10.546138,1
6.495018,16.077015,3
6.608915,6.309507,5
13.763899,-1.0171057,4
0.023546968,10.400037,1
3.3564,-5.4720917,2
7.753588,17.439249,3
18.67008,6.858822,0
10.029346,11.817704,3
4.0061455,-4.1880355,2
7.7133865,17.417156,3
6.3378377,8.389749,5
19.105486,6.247309,0
5.5272546,15.035674,3
10.092519,7.4619594,5
-0.87930477,5.7206516,1
-1.6468161,5.8664985,1
9.974952,6.4966135,5
17.977472,4.2264714,0
-0.7402117,5.7260113,1
6.0587854,0.45253572,2
-1.8726859,6.352821,1
-1.3355027,6.2995567,1
13.105698,-1.3294219,4
13.786782,-1.5249277,4
8.336867,16.040545,3
8.107164,-4.6605134,2
-6.9722233,4.7329545,1
6.7869487,-0.7203687,2
15.212235,12.554091,0
9.991561,6.2437983,5
14.73266,10.920165,0
10.093786,6.1240773,5
6.899827,8.502682,5
9.914504,11.887366,3
4.019725,-3.5033445,2
-1.4856426,6.398637,1
8.892716,17.018185,3
5.4609876,14.740565,3
5.9145513,7.4710536,5
0.55846226,10.276158,1
0.16940731,-2.0484872,2
7.8724923,-4.997248,2
7.4424405,5.747801,5
2.7328382,5.7078714,1
6.964774,18.273233,3
-0.7688281,5.791849,1
6.014302,0.36459383,2
0.38564432,9.690413,1
-1.2742908,6.3314457,1
5.4524946,14.986049,3
6.6384993,16.078367,3
7.0812645,7.2681594,5
7.033956,7.3339868,5
5.9649434,7.5483775,5
6.4081464,8.413421,5
0.16589862,-0.7629505,2
-1.6202829,6.4063296,1
6.7442737,-0.68248045,2
2.2808952,7.470374,1
6.5518436,6.908378,5
6.033303,0.11727337,2
6.237176,8.503411,5
7.1465206,17.555754,3
7.148466,18.260988,3
6.4320655,8.355361,5
11.437036,0.5922069,4
6.426795,8.468912,5
5.8403673,13.856513,3
6.6378717,6.266426,5
17.814781,5.2896533,0
-1.262195,6.362035,1
15.9639845,7.1491904,0
12.618963,-0.9294022,4
6.489421,6.997161,5
-1.4096032,6.47875,1
7.0750403,7.2322936,5
4.766542,-4.9098315,2
7.1466746,8.823623,5
10.097651,7.6895967,5
6.376709,6.855413,5
5.9790936,18.028881,3
14.732189,10.882715,0
19.399096,4.4961452,0
6.63756,6.2774267,5
0.3620833,6.989821,1
7.841789,-5.09838,2
-0.3128588,-1.108873,2
9.322598,7.491654,5
18.875088,2.8142319,0
6.0509033,8.630614,5
6.186519,8.535972,5
14.7356825,10.886917,0
11.468678,0.5569045,4
0.5098887,9.8234625,1
0.6255554,6.9148264,1
14.520419,5.730868,0
6.596779,17.635168,3
10.101414,11.896169,3
4.8269286,-4.9647617,2
1.2091928,7.5531588,1
15.363769,11.677456,0
-7.01466,4.8675785,1
15.3614025,12.09558,0
15.02723,11.995554,0
4.3918204,-4.8443027,2
6.507117,7.0685534,5
3.8948874,-5.725301,2
7.7108617,17.368586,3
9.020513,7.1827736,5
6.2427807,17.952179,3
6.4441333,8.408506,5
7.161038,17.535027,3
8.699809,17.088161,3
5.997463,17.640156,3
19.38785,4.4879575,0
19.091297,4.766804,0
4.6205444,-4.9524226,2
6.1228576,0.38432693,2
13.235567,-1.4995213,4
-1.4790919,6.4771376,1
0.55288,10.13565,1
-1.6640216,6.3794303,1
14.615478,5.6316023,0
-0.31173155,-1.1373993,2
14.728938,7.0908217,0
14.634525,5.8102927,0
6.738493,8.346507,5
6.6495376,9.355271,5
0.16585551,-0.63209236,2
5.9545765,0.26536036,2
7.9052296,16.809364,3
18.545609,2.760778,0
-0.07846823,10.122601,1
3.913346,-5.732721,2
-1.0225146,5.34489,1
4.6359267,-4.805396,2
11.054433,-1.6332552,4
2.6434891,5.8122406,1
12.754946,-0.9459065,4
-7.126716,6.013775,1
16.379179,6.603023,0
0.62654215,9.821841,1
-1.8366245,5.7410893,1
12.699338,-1.029979,4
0.7997258,7.8802524,1
5.6315494,14.757863,3
14.606078,7.0384164,0
6.4725585,6.1315155,5
6.7964807,-0.7200237,2
8.004571,16.803667,3
5.9706907,0.16658103,2
8.41441,15.800981,3
7.424071,5.7184167,5
2.798887,5.8322296,1
4.6658473,-4.5262394,2
-1.7058533,6.0201283,1
11.292954,0.650074,4
0.9624532,10.972017,1
18.09301,4.1995997,0
8.678949,17.1214,3
17.016705,7.6517396,0
4.808002,-4.9412465,2
0.2089998,9.818148,1
14.613431,7.0263796,0
6.531388,7.053476,5
4.2251644,-4.5686445,2
7.555696,13.464681,3
4.2844563,-3.1661346,2
3.5730877,6.1605206,1
2.2856953,7.4746666,1
7.260864,8.906509,5
7.2231126,8.903953,5
18.82787,2.6684813,0
7.942638,16.18491,3
4.596314,-4.9320354,2
-1.8013446,6.028954,1
6.618745,17.466074,3
5.936631,8.640401,5
7.862588,5.497205,5
7.2308736,8.9329195,5
7.373585,8.287329,5
6.7182465,9.186573,5
6.418954,14.155216,3
6.0326214,18.01678,3
2.8388255,-4.1704426,2
6.4149227,17.708315,3
-1.4665102,6.561036,1
8.013823,16.177412,3
6.980507,16.27132,3
-1.0489511,6.6232686,1
6.557789,4.59258,5
-0.18050626,-1.1513164,2
6.486234,16.173252,3
4.8588443,-4.8207436,2
10.678945,1.2904428,4
7.4414444,5.7219234,5
9.863339,11.616794,5
6.405262,6.9206944,5
5.943747,7.4971156,5
0.58790284,6.872819,1
6.6367826,9.243137,5
7.9682455,16.77813,3
6.563269,-0.49183688,2
10.10783,11.725805,3
11.443957,0.60419655,4
7.094572,18.178537,3
0.5985272,6.8674645,1
5.999887,0.11820188,2
6.6356564,9.290371,5
-0.30035406,-1.1556696,2
-0.32116255,-1.0922953,2
12.976685,-0.96009165,4
10.010443,7.6056952,5
6.1448917,0.012793527,2
14.657862,7.0316834,0
6.754631,9.05128,5
7.5774484,-4.9969583,2
14.789038,5.6504574,0
7.0429854,17.880213,3
6.197317,17.81334,3
11.007118,0.84079975,4
13.117374,-1.1483035,4
11.29027,0.672084,4
7.4537606,5.8087063,5
7.474275,14.037376,3
-0.17823875,-1.1454612,2
7.842381,14.255418,3
11.403966,0.59901017,4
6.5315967,8.385617,5
0.8402298,11.052408,1
9.705613,6.365933,5
6.5613866,7.0250864,5
6.553545,6.8878207,5
1.2544652,10.265747,1
5.9830184,8.66946,5
7.435654,5.7210274,5
7.4218955,5.7269306,5
6.441303,7.9850287,5
5.828825,17.679735,3
9.404965,7.5267925,5
-7.4530215,4.479833,1
7.013306,17.111256,3
-6.96889,5.7915316,1
-1.0859159,5.907094,1
3.7237248,-5.4971895,2
7.1889644,17.560322,3
15.260527,11.696799,0
5.5898466,15.181913,3
0.3128121,6.9754634,1
7.0290675,8.98454,5
7.9103417,16.755556,3
7.9298167,16.1053,3
-1.3800088,6.301012,1
-0.025373608,6.6711564,1
7.4364367,5.5957184,5
7.5675187,5.7984543,5
7.087393,7.028271,5
2.863662,-3.6242957,2
2.8647528,5.686737,1
5.517841,14.594903,3
4.484602,-4.8806763,2
6.722216,5.5396566,5
6.4876966,8.325835,5
11.24654,0.5777699,4
16.995335,7.758743,0
-0.12284799,10.0996475,1
7.11685,7.2055016,5
5.7712045,17.652756,3
1.4827497,9.922815,1
15.75983,12.167016,0
-0.7915216,5.7137737,1
0.9789309,10.448818,1
8.883239,16.972504,3
6.1300793,13.99944,3
0.97890246,11.0367155,1
15.725828,12.16139,0
1.4845625,10.710259,1
1.386888,9.810616,1
13.572995,-1.4208597,4
6.074149,7.0071316,5
10.089289,6.1257906,5
5.055297,14.652353,3
2.7067852,5.8450804,1
0.5954062,10.930876,1
10.088781,6.0831804,5
18.672916,3.1022177,0
0.18576236,10.148854,1
0.31471488,-0.6922779,2
6.4852138,6.403993,5
7.0479665,5.7722435,5
0.43336993,-1.1396679,2
19.50202,4.7552195,0
-1.2206687,6.62226,1
3.4850693,6.177825,1
15.187494,12.631619,0
8.9134245,16.951265,3
4.634289,0.6092234,2
15.70761,12.173597,0
6.97492,16.009495,3
16.306366,8.062229,0
1.91012,9.445255,1
2.974363,6.0531406,1
7.0677457,7.274319,5
-7.4850082,5.312272,1
6.964977,8.903872,5
-1.8434409,6.1115327,1
0.6692661,-1.8417761,2
0.029669875,-1.3457298,2
7.411331,8.301157,5
7.419638,8.298466,5
7.158991,8.665366,5
6.31147,17.708254,3
2.3306875,7.540844,1
1.7419021,7.7111206,1
0.73587704,10.624271,1
6.656621,5.155517,5
2.2864637,7.5150404,1
6.467842,14.174069,3
1.5683727,9.887962,1
9.965468,7.6787915,5
6.9072213,4.6315312,5
6.864271,5.3670425,5
0.078587316,-0.6677625,2
9.979011,7.210443,5
5.5307813,14.97746,3
10.038302,6.2779465,5
7.1796474,13.853597,3
0.14712358,-0.9425036,2
10.827764,1.2224431,4
6.4909887,16.174715,3
9.967079,7.083454,5
10.620826,1.3647889,4
10.086591,7.457425,5
1.3793727,9.766027,1
10.847676,0.40075734,4
4.4732733,-4.024498,2
10.035591,6.4248986,5
15.713083,5.7661676,0
3.3165822,6.0440397,1
8.598581,17.098158,3
0.75913215,6.6641426,1
15.212556,12.319765,0
12.536967,-1.0338669,4
1.1160169,10.317986,1
19.594576,4.5532494,0
6.3130407,8.806602,5
4.533015,-3.5458057,2
6.942205,4.981574,5
7.896019,-4.644868,2
7.083965,4.9022083,5
1.0081047,9.717188,1
6.801751,8.471271,5
4.4980183,-2.963494,2
5.8554664,17.497822,3
6.7274866,5.2247667,5
0.8135058,6.6800523,1
9.996818,7.583911,5
7.114376,4.618915,5
18.745087,3.1819234,0
6.109978,14.00784,3
1.4891517,9.795664,1
7.412367,8.286697,5
0.77912766,6.7315726,1
9.392028,6.5111837,5
1.5676218,9.8454485,1
8.362881,-6.0297976,2
-1.593939,5.6384172,1
0.8348718,7.8765817,1
4.4590273,-3.0265677,2
-0.1796393,5.438799,1
4.7182636,-3.411407,2
13.583406,-0.69724625,4
3.5325541,6.0117655,1
6.535544,6.432758,5
6.8656735,5.001009,5
9.285095,6.828729,5
8.961745,7.224377,5
3.4205446,5.89662,1
0.8178735,9.910358,1
1.1798098,9.023699,1
-0.18480746,5.639764,1
6.811252,5.1294456,5
1.1632566,8.848677,1
2.6358857,5.704362,1
5.9802947,0.14894693,2
6.867008,7.7602563,5
3.5494666,6.047164,1
17.050417,7.6450214,0
11.39026,0.67978835,4
-0.39491108,5.2822456,1
-1.069699,5.5172544,1
9.39725,6.899647,5
0.6320024,10.735081,1
7.260572,5.0111523,5
6.932205,5.557608,5
-1.1065642,6.1303053,1
-1.7812616,6.040383,1
5.8671265,8.636158,5
6.926468,17.085402,3
6.359589,8.479805,5
10.627954,1.1137319,4
6.397174,14.216495,3
6.486231,8.290949,5
3.0979562,5.597155,1
15.701189,12.1412,0
6.521806,8.427944,5
2.294296,7.512321,1
10.885468,1.4227115,4
0.36977172,-0.91535276,2
6.446992,9.124167,5
1.4905927,8.434864,1
1.6936762,7.7019105,1
2.2978299,7.5441027,1
6.7062902,8.518598,5
7.033975,5.025133,5
10.170406,6.079638,5
7.09905,7.3252106,5
7.3675394,8.256925,5
16.373882,8.082672,0
10.761523,1.4330376,4
6.0610466,14.795931,3
7.7658896,17.502865,3
7.071617,4.7939734,5
2.2995174,7.1833353,1
9.761843,11.942452,3
0.49433577,10.935286,1
4.1571736,-3.5351522,2
0.18714498,10.092956,1
7.148833,4.867264,5
6.563249,16.10253,3
6.3050013,17.669493,3
0.023017982,-0.78471726,2
15.153846,12.718988,0
14.523976,5.695632,0
8.170989,15.870363,3
0.52115,6.875994,1
6.481383,9.110253,5
19.263992,6.18183,0
10.644164,1.2640738,4
5.869895,14.2133255,3
7.448346,-5.0780754,2
13.199783,-1.131784,4
10.798616,1.153621,4
7.227192,4.6745043,5
0.2244214,-0.9951403,2
7.179461,4.5870094,5
1.337218,10.511251,1
6.5881987,16.10028,3
10.634767,0.706667,4
-0.33210728,5.2086806,1
0.69670904,6.7699428,1
4.2895107,-3.5094726,2
14.585917,5.6362824,0
0.88627654,10.782611,1
6.493169,9.082527,5
13.301544,-1.1869383,4
-1.189832,6.3707066,1
10.845661,1.1345948,4
7.276996,5.522651,5
6.3923287,17.091604,3
7.9669895,16.940262,3
7.0308,8.918475,5
4.666012,-4.4865446,2
17.814627,3.1005,0
0.6187903,-0.70638645,2
6.629901,16.129719,3
7.127443,4.94895,5
4.8022738,-4.617451,2
9.95386,6.0896144,5
18.739603,3.1720612,0
0.68566734,6.83331,1
2.7965634,6.1181955,1
19.565613,4.5636883,0
4.282171,-3.2263813,2
1.1181078,10.752838,1
0.7698944,10.643838,1
-1.0764213,6.4456825,1
13.070918,-1.0923163,4
14.681182,6.970705,0
7.499289,5.7866416,5
0.85838056,9.837096,1
0.8425955,7.813794,1
1.4001179,10.147374,1
1.957695,9.382666,1
13.8467045,-1.4420754,4
6.250142,8.54886,5
-1.5590984,6.149252,1
6.0114284,7.6662765,5
3.33205,-5.365945,2
6.5190787,6.2662234,5
-0.80635756,5.7596087,1
10.812728,1.2522526,4
7.413091,8.392878,5
17.147135,7.773048,0
9.981467,7.1214395,5
-0.91072065,6.2716618,1
6.5283403,8.435693,5
-1.0543746,6.436076,1
6.5559855,5.120732,5
10.62706,1.2971426,4
13.728616,-0.95522654,4
3.9055943,-3.7666266,2
9.715163,7.329614,5
0.3869091,9.771146,1
1.5952001,9.968854,1
0.096599944,-0.7593017,2
7.447835,8.345275,5
6.6986456,9.184419,5
5.9382434,14.038873,3
0.5410686,-0.8821693,2
0.7781966,6.711591,1
0.3663911,10.269156,1
6.3730016,5.184475,5
2.6356053,5.8451433,1
7.302464,5.518777,5
5.6034017,14.933028,3
16.696682,7.7207656,0
-1.0478607,5.6128373,1
6.5221534,4.6232843,5
6.7933908,4.60249,5
7.076654,8.739026,5
1.0718374,8.00862,1
8.814412,7.369097,5
18.710215,2.824974,0
6.144859,7.3168125,5
5.5424957,14.852176,3
7.4454145,17.020758,3
6.583725,4.618695,5
7.1862817,8.911639,5
3.0193887,5.8702946,1
0.6809463,-0.7247907,2
17.086178,7.820524,0
7.3943024,16.052944,3
1.6069263,9.786079,1
17.152433,7.771627,0
7.054246,7.329138,5
6.54584,6.3612633,5
-1.4161364,6.4043713,1
6.459484,4.58958,5
1.569994,10.311342,1
7.11757,7.24525,5
6.915643,8.542787,5
7.4402676,13.466786,3
7.4357185,5.7966037,5
6.491133,4.5445147,5
10.654618,1.5670749,4
0.78147876,6.6799846,1
-1.5636487,6.517177,1
6.4544883,16.10701,3
6.1349797,13.950984,3
6.7258406,8.676652,5
8.5341215,15.861826,3
4.6168375,-3.8356009,2
10.691455,1.6328427,4
1.4415331,10.326571,1
1.5398884,10.396361,1
6.5854964,5.163048,5
6.7351027,8.775696,5
13.333618,-1.0462095,4
-0.20316337,5.566572,1
7.0524416,4.966003,5
6.5661697,16.09231,3
1.5824895,10.491431,1
7.296776,8.902628,5
6.947215,8.9187565,5
7.34872,8.394742,5
-1.7125161,5.8708606,1
6.7010455,4.69972,5
6.013379,7.4179106,5
6.4060755,8.523564,5
1.4179859,10.198266,1
7.5020523,5.62923,5
0.5807334,10.181812,1
-1.7005858,5.8482356,1
-1.1705523,5.3629475,1
-0.79923606,5.5121922,1
1.0079476,10.5245695,1
3.2752883,5.763108,1
10.125651,7.7420874,5
0.7824576,9.863475,1
0.50093067,9.841961,1
-1.034549,5.623358,1
10.629485,1.4535863,4
1.2489904,10.212986,1
9.226967,6.859755,5
0.9328474,7.9764805,1
0.76261365,10.141245,1
7.514087,5.2428026,5
4.7953906,0.5449156,2
10.103372,7.631154,5
10.020327,6.035936,5
1.2885134,10.226598,1
10.724105,1.6137731,4
0.9041247,7.9034534,1
1.332408,10.154154,1
6.5803466,5.408996,5
6.6323395,4.499992,5
7.894559,16.81948,3
18.48407,2.3973954,0
1.3374884,9.922519,1
-0.963603,5.9093995,1
5.665627,14.822301,3
0.62945765,6.8014355,1
6.4401217,17.233284,3
4.6871443,0.6425656,2
7.1396847,8.344768,5
0.72772163,-1.8737855,2
2.2912476,7.1961613,1
5.913637,8.601033,5
9.9911995,6.208327,5
6.7289805,6.9362826,5
0.6823247,11.211403,1
7.7339373,14.495818,3
-1.2605712,5.9612627,1
6.439085,8.3107395,5
-1.0963691,5.887574,1
10.601409,1.2312431,4
7.0877314,4.6421323,5
1.2608097,10.023616,1
-1.4610444,6.431711,1
10.923514,1.3605324,4
16.361631,8.086372,0
7.9349494,5.61692,5
7.3523393,8.249039,5
7.3611064,4.9716315,5
6.576251,16.026203,3
-0.42433336,5.1742268,1
6.7997046,5.287632,5
4.4761696,-2.9945326,2
-1.454691,5.705532,1
10.597976,1.3432888,4
18.60552,6.7707148,0
5.554467,14.929718,3
7.0165596,4.8077927,5
-0.5182587,5.9860177,1
-1.5758411,6.301852,1
6.683609,8.258604,5
7.1483245,8.856078,5
-0.2000388,-1.2412246,2
6.7337213,5.2632637,5
6.811854,5.2212853,5
-0.71145886,6.020305,1
6.9628267,4.9944963,5
6.3181286,8.584283,5
1.4883592,9.848723,1
1.4991251,9.983082,1
15.278275,11.631722,0
-1.5189437,6.535754,1
1.1175113,10.494786,1
4.4753513,-3.1857977,2
0.45377946,6.929656,1
7.2638564,4.5871954,5
10.048233,6.347256,5
4.741603,0.5170714,2
9.226034,6.8730745,5
1.1718655,9.761404,1
9.232049,6.8567123,5
0.37692398,-1.0522107,2
7.0773315,4.74499,5
7.175437,8.181223,5
7.502576,5.6414466,5
7.1860666,8.325507,5
18.675018,5.3232627,0
-1.2308499,6.281986,1
-1.0137243,6.254146,1
17.986221,5.326523,0
16.40553,8.064323,0
2.8098657,5.8387723,1
7.2429757,8.595598,5
-1.3707223,6.34186,1
3.0572543,5.8519573,1
18.525122,3.0831783,0
3.2490518,5.6919703,1
7.4115286,-5.1407986,2
5.977358,17.693277,3
0.8221836,6.714263,1
-1.4907488,6.33023,1
0.13647442,-0.9575734,2
1.5252845,7.742521,1
10.610908,1.2196562,4
6.0927377,14.042519,3
0.029007234,-0.79709977,2
4.2470136,-3.4368944,2
10.028732,6.5949454,5
0.4416826,10.54659,1
4.3433456,-3.8561954,2
7.254182,8.302863,5
10.860043,1.4830619,4
-0.6135711,6.0168242,1
1.7036865,7.714119,1
6.938627,17.129925,3
6.4504776,9.138323,5
1.5344085,8.530812,1
6.9957433,7.2688966,5
6.9941063,5.169022,5
7.061342,5.0285606,5
7.140002,13.844453,3
-1.239108,5.649813,1
6.343682,8.572258,5
-0.21590835,-1.285239,2
4.246961,-3.8136327,2
2.8195827,5.7896237,1
0.9268571,9.829416,1
10.939616,1.4543043,4
7.274945,8.585172,5
7.0957074,7.3159323,5
7.2746305,5.5255,5
6.879499,5.3663297,5
8.836119,7.3417306,5
0.31546882,10.379334,1
0.58242524,-1.2758844,2
12.778501,-0.8907626,4
4.764997,0.5690948,2
-0.055161305,-1.2081659,2
7.131656,4.825226,5
-0.62882674,5.9489937,1
8.5045805,15.881556,3
7.0886683,16.230179,3
9.917721,7.2318783,5
4.843034,-3.418926,2
8.460614,15.941184,3
6.4787817,8.414823,5
13.756502,-0.9032366,4
17.915562,5.3975716,0
4.673796,0.72035575,2
0.42594922,-0.47706974,2
15.118631,12.428252,0
15.204872,12.581094,0
10.559316,1.2105179,4
4.4138603,-3.5787518,2
8.045582,16.70484,3
8.176653,-4.2932467,2
15.208024,12.600076,0
10.7818985,1.0923729,4
10.670049,1.6372808,4
15.392657,12.448099,0
8.02046,16.142527,3
4.815887,0.5666454,2
7.134832,4.930734,5
4.012632,-3.939639,2
5.7667623,17.7659,3
5.3546476,14.799727,3
7.206148,8.899314,5
1.3130842,10.212397,1
7.383438,16.127544,3
15.614108,12.504224,0
15.21346,12.676212,0
6.0137844,0.26079664,2
15.15989,12.42124,0
3.6808605,-3.29305,2
7.3409534,16.097605,3
6.269054,14.1624365,3
13.80265,-1.5334991,4
7.0434613,7.3078074,5
0.4278524,6.7734036,1
11.148714,0.74796706,4
6.951299,8.333609,5
15.887299,7.1618195,0
-1.0177824,6.482082,1
0.39993334,-2.1836689,2
8.500146,15.915667,3
0.5272423,-1.2499393,2
3.7590668,-2.9002073,2
10.124451,6.223912,5
5.62061,17.633324,3
3.7188847,-3.1107738,2
6.8941646,17.074354,3
17.0422,7.6877084,0
0.58838904,-0.8747594,2
11.150714,0.88096374,4
19.605122,4.7307315,0
13.81897,-0.9639149,4
10.728766,1.3086761,4
18.56327,6.69497,0
5.4826627,15.12409,3
2.8134463,-3.545066,2
13.943824,-0.9285335,4
-1.0998006,6.5620456,1
5.9953585,17.706999,3
5.8157935,17.79968,3
6.3532395,17.981033,3
15.187168,12.591285,0
6.4084063,16.091427,3
7.0121775,16.242847,3
3.1440303,5.7400346,1
4.2006435,-3.3174057,2
5.5333233,15.011554,3
3.724013,-3.724383,2
1.8239181,7.6681256,1
9.97913,7.4518113,5
8.397612,15.780253,3
18.669086,5.4137406,0
3.3122573,6.0307136,1
6.512145,16.241396,3
8.534263,15.852999,3
18.028353,5.4033427,0
6.914832,18.194109,3
0.99990076,8.008691,1
13.930462,-1.0533661,4
13.167893,-1.2452863,4
18.448172,3.1342418,0
15.555234,12.557443,0
2.3751113,7.299715,1
6.9927135,7.286297,5
6.972932,17.124273,3
6.5041018,16.148699,3
6.9310474,8.620265,5
6.709197,4.703128,5
17.9656,4.2382765,0
6.4719214,16.220531,3
6.078459,17.64766,3
4.176211,-3.6387932,2
7.082206,18.244202,3
11.007696,1.2588899,4
2.8863316,-3.6083055,2
1.2045308,10.243185,1
7.1114573,18.23217,3
6.530931,16.147425,3
8.920645,16.99386,3
0.88718367,10.479828,1
3.6321664,-3.5785518,2
5.773291,17.735052,3
8.961311,16.969814,3
-7.494954,5.3082967,1
5.811566,17.67529,3
4.6904097,0.5091521,2
0.82986444,10.288363,1
0.79799956,6.7029176,1
5.446422,14.795994,3
5.985177,17.830132,3
-0.14760537,5.6568794,1
9.948959,7.610352,5
-1.0375667,5.332287,1
17.10917,7.7784314,0
-0.5146268,5.9438057,1
18.580494,6.8673286,0
3.7564895,-3.6210902,2
4.7545023,0.5495815,2
5.8352118,17.789053,3
3.7186084,-2.9784606,2
4.9117293,-3.735888,2
0.71734196,10.366367,1
15.560555,11.936901,0
7.909602,-4.6238985,2
10.033411,11.626628,5
15.761059,12.150875,0
13.698494,-1.2704593,4
4.098482,-3.84785,2
15.238509,12.284468,0
7.6851916,17.537348,3
15.581435,11.991817,0
4.7311444,-3.3966913,2
3.6509674,-3.7338562,2
6.780348,16.442669,3
3.595034,-3.3047073,2
13.017603,-1.0475479,4
6.900861,18.107565,3
6.196983,0.26102865,2
17.992388,5.3734655,0
6.132746,-0.0018933103,2
6.572959,16.14433,3
15.548018,12.648993,0
8.422087,15.980067,3
4.112069,-3.6278312,2
4.122603,-4.2445626,2
5.8191605,17.785515,3
0.41645497,-1.0607972,2
10.124026,11.783552,3
18.563301,6.837351,0
6.4454904,16.144585,3
6.645459,17.89636,3
13.242662,-1.3952981,4
10.724537,1.3108177,4
6.4716134,14.152086,3
13.467128,-0.8508242,4
18.89706,2.7910264,0
6.804024,16.308353,3
9.979973,11.621793,5
8.412001,16.557434,3
4.691296,-3.4384642,2
17.964619,5.3198333,0
3.7361476,-2.9438615,2
-0.36421645,5.3924747,1
6.420152,8.351678,5
15.273118,12.650469,0
4.0718,-3.4254594,2
6.252914,17.883652,3
8.354933,16.003166,3
-0.03881732,-1.3411654,2
6.7173243,4.788438,5
0.35680073,6.7332187,1
6.713438,5.473246,5
4.2228827,-4.640777,2
3.605155,-3.7068892,2
8.8972435,17.075806,3
10.798031,0.669316,4
13.5333605,-1.111796,4
5.5074415,15.101807,3
7.0377765,8.741855,5
8.920145,16.91076,3
2.3047106,7.2549396,1
15.215554,12.555319,0
3.5902283,-3.1331387,2
10.680932,1.6577171,4
3.4589288,-3.3901727,2
7.248604,13.679642,3
4.893274,-3.7291722,2
6.187606,17.758812,3
1.5984262,9.922884,1
3.7379832,-3.292645,2
2.6739602,-5.922899,2
14.584028,5.8791294,0
8.843198,17.04531,3
6.103104,17.911804,3
6.17839,17.665857,3
18.702745,2.5738795,0
4.5181856,-4.023532,2
3.8694553,-3.5362644,2
15.33721,12.144407,0
10.51071,1.1818206,4
15.476417,12.662973,0
10.025839,11.6249695,5
18.472292,6.6992064,0
7.1937194,13.814967,3
10.102445,11.647349,3
7.121899,18.242382,3
4.30527,-4.730746,2
3.526416,-3.3538196,2
15.264466,12.145644,0
10.0936985,11.781703,3
7.7346797,17.527699,3
6.9777675,17.109552,3
-0.33398193,5.3658304,1
7.2737427,5.6353416,5
4.7006645,0.49811083,2
3.3840027,6.025256,1
-1.3583913,6.3607554,1
0.6482049,10.127425,1
7.153934,8.735717,5
3.5470827,-3.240892,2
6.4162974,4.5121164,5
10.897292,-1.582031,4
15.182762,12.349514,0
6.984053,17.186508,3
5.8744698,17.850197,3
18.476545,6.690858,0
5.9034405,17.965212,3
6.5195155,16.101542,3
8.791177,16.99292,3
4.4524975,-3.0441325,2
4.3542676,-3.1206448,2
5.785992,17.86395,3
13.51201,-1.0984983,4
6.3991246,6.877105,5
8.142391,16.594006,3
8.938585,16.974218,3
15.183086,12.456629,0
11.282773,1.1019073,4
15.433471,12.451008,0
0.292623,-0.61635387,2
13.707609,-1.0057833,4
4.512617,-3.8799942,2
4.085716,-3.7076738,2
-0.8436806,6.096306,1
6.2522335,17.860228,3
0.6354262,-0.70639145,2
7.0633903,18.288475,3
8.105486,-4.6025743,2
0.40305093,-2.1646953,2
10.016495,7.5247073,5
8.019886,16.182892,3
6.512016,16.135118,3
3.6337864,-3.6343226,2
6.6120567,4.9737706,5
13.788384,-1.086469,4
5.6691403,14.535219,3
7.4274616,16.117445,3
13.997793,-0.9939526,4
6.2329025,17.803375,3
6.8049574,4.7779717,5
2.9803538,5.916801,1
8.416055,16.624428,3
5.9957204,17.761808,3
7.276907,17.27564,3
14.766593,5.4993625,0
7.0368342,16.25875,3
7.0624704,18.241924,3
3.7257853,-3.5896683,2
8.33039,15.918943,3
8.738341,17.007961,3
18.680826,2.5174022,0
13.695711,-1.226359,4
7.654826,14.476497,3
15.622241,12.064778,0
5.800654,17.866064,3
0.4138796,-0.41917214,2
7.7449474,17.526354,3
3.626725,-3.6720383,2
7.0350537,7.30385,5
17.107794,7.737502,0
7.789337,14.26889,3
18.091753,5.4101167,0
3.614062,-3.4601536,2
6.0482197,17.897406,3
6.576731,16.168379,3
13.512274,-1.4524704,4
13.469571,-1.5352632,4
3.640303,-3.8005314,2
7.014702,8.872276,5
3.623673,-3.440724,2
17.674278,4.179453,0
6.905877,17.088102,3
3.5832524,-5.4084096,2
-0.80269885,6.0357623,1
4.918512,0.51124644,2
3.6735618,-3.8302908,2
0.7439103,10.15567,1
7.948879,-4.500251,2
8.262832,17.526701,3
-1.2320287,6.0186296,1
0.04430814,-0.78171,2
-0.768631,5.52182,1
18.498653,2.415303,0
10.189929,11.708629,3
5.5130897,15.037721,3
8.022439,16.793032,3
13.60304,-1.4353462,4
4.73061,-4.3574257,2
18.654974,3.1998007,0
7.9926677,-4.911571,2
13.674424,-0.93504786,4
4.177483,-3.3136215,2
0.8560652,6.6517663,1
4.4010973,-3.0000243,2
6.207489,17.809563,3
18.8219,2.8156605,0
-0.18465577,-1.1816581,2
6.603696,5.1237836,5
8.958348,16.972725,3
8.495561,15.94141,3
3.7455473,-3.4285464,2
-0.51741326,6.242397,1
4.8459945,-4.7926908,2
6.214365,17.609514,3
5.7488627,17.87503,3
6.2356,17.703732,3
6.0692396,0.05115586,2
8.428149,15.869435,3
7.043722,18.24008,3
5.5060763,14.400888,3
6.0551476,17.64119,3
9.086301,7.5415974,5
5.619357,13.74797,3
-0.84906596,5.5750217,1
15.7698555,12.135372,0
7.112147,8.294489,5
2.3145294,7.5063524,1
17.953756,4.2015333,0
0.4844313,-0.5895551,2
2.7937324,-3.3972929,2
-0.18949264,5.455756,1
4.565728,-3.8722239,2
3.7828286,-3.3532116,2
7.0683136,4.9865355,5
6.5587816,4.6356835,5
7.5048766,5.8126354,5
8.005127,-4.56879,2
0.31170842,-0.8645004,2
6.4882274,5.020359,5
4.7938585,-4.564619,2
18.84819,2.6998913,0
18.611872,6.844793,0
-1.1136621,6.4530864,1
-0.7636624,5.4759073,1
8.929365,17.04608,3
-0.7651655,5.6341577,1
5.85345,17.742283,3
3.239562,5.7135406,1
8.461617,-6.0755067,2
1.5399827,10.115765,1
8.027463,16.065145,3
18.548388,6.886695,0
18.760296,4.1490626,0
0.6743924,-0.9732468,2
19.255453,6.1861753,0
15.13305,12.6284485,0
13.466576,-0.845559,4
7.2483068,8.88631,5
15.704497,12.132001,0
19.439299,4.6412797,0
0.11573506,-0.68625987,2
3.7366724,-2.87775,2
6.6581693,7.183732,5
6.4865527,16.089806,3
0.41501898,-0.39733493,2
6.733177,8.844602,5
4.1915483,-4.6659446,2
5.849838,17.884718,3
7.2458315,8.373881,5
-1.3835157,6.1842704,1
7.920062,16.798347,3
4.295001,-4.5800743,2
0.32705316,-2.1322358,2
11.288485,0.7218752,4
13.685387,-1.2824187,4
3.666364,-3.6311636,2
12.493835,-2.2675664,4
4.3109183,-4.3266196,2
7.0403934,17.058449,3
5.96851,17.648663,3
6.485952,5.246263,5
8.777502,16.96407,3
3.5164673,-3.4500935,2
16.410215,8.06473,0
7.0483966,16.238638,3
8.888788,16.983873,3
0.48348668,-0.9648953,2
0.6377961,10.500753,1
4.9147577,-3.7098577,2
6.844766,4.748083,5
6.36246,14.242862,3
6.315902,17.646748,3
6.320448,17.715008,3
7.150981,18.204016,3
8.145972,-4.651944,2
8.44803,-6.064391,2
10.88759,0.9815185,4
4.8426256,0.5234271,2
7.0583954,18.257076,3
13.500602,-1.5483828,4
5.8146443,17.913174,3
6.403566,8.337241,5
6.2443056,17.766191,3
7.5782437,5.80755,5
7.95207,-4.5322485,2
15.720667,12.075022,0
0.96962374,7.908634,1
7.0573344,16.278036,3
8.843449,16.971035,3
15.514977,12.576735,0
4.8351474,-3.2819896,2
4.1147795,-3.9181445,2
5.986519,17.50897,3
6.4598007,17.600967,3
4.2022943,-3.4813058,2
7.9457517,-4.986051,2
6.198812,13.971933,3
6.435876,8.417196,5
2.2868378,7.1259723,1
17.955538,4.1660976,0
-0.8160942,6.019353,1
8.053062,16.76193,3
5.6742797,17.789045,3
15.260222,12.667033,0
5.7150836,17.686773,3
-0.255513,-1.1575431,2
3.7007704,-2.904883,2
-1.0079625,6.461725,1
5.3267207,14.795126,3
7.054364,18.224188,3
15.384931,12.209372,0
6.092192,14.193184,3
-0.84438694,5.8267536,1
16.384657,6.6124115,0
4.4155216,-2.988538,2
-0.22078075,5.5361795,1
5.8032856,17.776443,3
4.920873,0.49913606,2
15.219196,12.596221,0
-1.2662727,6.5993285,1
13.879158,-0.9939763,4
5.9215403,18.033972,3
7.36567,16.095692,3
5.8703485,17.930086,3
9.727504,11.510734,5
0.57161415,10.945258,1
18.51205,2.4435227,0
8.811133,16.98364,3
6.103368,0.19775787,2
0.8141609,10.608059,1
9.245622,6.820832,5
6.4141545,8.285799,5
14.112159,-1.5031523,4
-1.4094645,6.490888,1
0.5013929,-0.58850306,2
6.5943227,4.8994074,5
7.055961,18.26028,3
7.601802,5.383984,5
7.9120855,16.739805,3
13.540289,-1.2789966,4
19.305204,6.147029,0
3.6234472,-3.0440588,2
5.8758464,18.011581,3
6.1965966,17.785564,3
8.596984,15.894338,3
4.523289,-4.897688,2
6.473147,17.821491,3
10.6825075,1.6227555,4
6.500869,16.254526,3
7.672281,-4.9640164,2
7.371336,16.151596,3
13.643809,-1.5324033,4
4.7834253,0.47927654,2
6.5288653,16.092024,3
6.106928,17.616943,3
6.4065433,16.287996,3
0.74291605,10.979776,1
4.801952,-4.349573,2
19.60544,4.6634045,0
-0.222121,-1.1466652,2
7.7354937,-4.989098,2
7.7591243,-4.8681974,2
4.691357,-4.2643313,2
18.442326,2.8717763,0
6.8834453,17.12015,3
6.4728703,16.08247,3
6.2512913,17.890345,3
13.44842,-1.0632429,4
5.8004513,17.88385,3
18.544735,2.4394486,0
19.536757,4.6432,0
13.563549,-1.503686,4
6.0613704,17.616446,3
18.52869,2.4336977,0
6.0190287,0.20742987,2
6.075716,-0.13480818,2
6.125736,0.21590398,2
8.587162,16.938877,3
15.639885,12.422258,0
8.772398,17.069502,3
6.5279145,16.11137,3
6.899187,17.117313,3
7.720508,17.490383,3
10.768,-1.6267576,4
7.0645127,18.273884,3
18.473333,2.8661487,0
6.2601857,17.935984,3
7.004795,18.187197,3
15.757218,12.143733,0
4.3230166,-3.2208817,2
6.5487137,4.997558,5
8.251914,-4.7689466,2
6.0963416,0.17073016,2
6.481985,16.057829,3
4.751609,-4.5629272,2
7.709261,-4.9877553,2
8.111254,-4.7077017,2
6.0181317,-0.074607596,2
19.229342,6.1396146,0
10.732643,1.0124985,4
3.977669,-3.6714134,2
4.077571,-3.457701,2
4.17782,-3.9223123,2
4.867091,-4.4894085,2
7.4850583,17.81843,3
6.060981,0.11903545,2
2.7754538,6.0125,1
6.5090013,5.4235587,5
6.164594,17.916842,3
3.7566526,-2.9121902,2
8.54475,15.811554,3
6.0592732,-0.18689483,2
11.482525,0.58753,4
3.502785,-3.3642166,2
13.0254965,-1.03557,4
6.40491,8.559972,5
7.949042,16.189188,3
4.772724,-4.5354123,2
7.5542717,-4.971447,2
0.6993648,-0.8864054,2
2.2858503,7.556887,1
1.478865,10.396284,1
3.6981263,-2.956968,2
5.8798513,-0.064596675,2
2.0260615,7.0386972,1
6.6969233,9.0660095,5
-0.09779266,-1.1252795,2
3.5915873,-3.4561234,2
4.643623,-3.3840528,2
13.998093,-1.0196962,4
10.605331,1.086256,4
6.238903,17.918972,3
5.914937,17.875813,3
13.102812,-1.132086,4
0.580976,-0.81829095,2
6.066962,13.982261,3
0.82462806,10.11867,1
8.383614,17.433256,3
-1.0868168,6.34161,1
6.585434,16.134272,3
4.548856,-3.8681443,2
10.029344,11.850275,3
3.5441325,-5.848963,2
2.3265288,7.222115,1
8.090336,-4.83567,2
8.811981,17.029957,3
6.6450357,4.952768,5
0.5671345,-1.0015761,2
8.9390745,16.92873,3
7.4103847,8.305713,5
18.644989,2.5578768,0
5.7639556,17.653238,3
-0.19055809,5.73817,1
10.111039,11.694142,3
6.986963,17.049147,3
13.427293,-1.1325631,4
4.721227,0.5126341,2
13.657576,-1.3949517,4
6.898174,17.037104,3
0.71309346,6.6988306,1
5.7419806,14.424254,3
6.241294,14.7956295,3
-0.16611533,5.6655345,1
4.237436,-3.412695,2
5.776457,17.854563,3
8.35028,-4.510956,2
3.5316923,6.111159,1
6.659471,4.4780283,5
6.537844,16.030514,3
4.7588415,0.49940193,2
7.325927,4.882254,5
3.204079,5.6182475,1
10.76361,-1.6222683,4
3.5330088,6.137683,1
7.3417892,4.8667884,5
9.94521,7.1059775,5
0.8460087,8.298882,1
4.522013,-4.7507915,2
13.934001,-1.596369,4
9.883838,6.740279,5
1.3277255,9.969957,1
8.889248,16.968533,3
4.7978935,-4.4410925,2
0.80555975,11.037017,1
18.563086,2.732344,0
8.849988,7.4301877,5
10.642287,1.3115319,4
6.381961,8.516011,5
7.03896,18.152052,3
8.551314,15.8071375,3
4.8662915,-4.94637,2
0.85027015,11.198525,1
7.9991446,-5.0610657,2
-1.2703171,5.9444637,1
18.487478,2.975586,0
5.5973215,15.156465,3
4.2594743,-3.3699956,2
13.434239,-0.7133566,4
14.806349,5.670822,0
6.8982244,8.979665,5
1.690948,7.7039447,1
10.039185,7.3872657,5
2.3386922,7.0833087,1
7.182889,8.935548,5
2.420043,-4.981254,2
7.531295,17.508512,3
11.008206,1.1356875,4
8.096059,-4.3787875,2
6.368171,17.70233,3
4.8592596,0.43679973,2
-0.6937039,5.565939,1
6.5619364,16.160906,3
-1.2232722,6.414347,1
4.537862,-3.7024283,2
4.58001,-4.5354795,2
5.755148,17.855621,3
3.3272395,5.7417765,1
10.264069,11.628552,5
4.503173,-3.7376356,2
4.645394,-3.4748235,2
18.031239,4.150182,0
9.258167,6.78836,5
5.8225074,17.866777,3
4.4394574,-3.833333,2
7.705337,17.486155,3
8.384519,15.855124,3
18.644304,2.6749747,0
6.8728466,8.397696,5
-1.7966214,6.271391,1
10.620234,1.2066138,4
7.970899,-4.898371,2
18.68433,2.7700353,0
13.627023,-1.0779845,4
0.42600742,-0.3234276,2
6.15782,17.65209,3
13.857839,-1.3000989,4
15.307764,12.086077,0
8.395362,-5.6815033,2
3.598961,-3.554877,2
0.09823719,-0.69399107,2
8.064598,-4.848469,2
15.135596,12.4240265,0
19.511213,4.6916733,0
-1.245627,6.692699,1
0.9816459,10.514934,1
15.234584,12.662034,0
-1.3918267,6.7143064,1
-7.476403,4.616422,1
15.24776,12.629368,0
5.894355,18.050985,3
0.55172724,10.980015,1
15.339731,12.137807,0
-1.4804865,6.5521173,1
1.3393266,10.203997,1
0.027004715,-0.7957143,2
7.9512954,-4.8964677,2
6.469956,16.12052,3
-0.76798934,5.74634,1
5.849433,17.988373,3
6.965309,9.007992,5
0.82606936,11.255094,1
4.2698927,-3.3481183,2
0.6701557,-1.0210779,2
13.908123,-1.5933299,4
0.9036249,7.912926,1
6.1801915,14.013856,3
3.828261,-3.4969609,2
6.112405,-0.053190194,2
19.253601,6.1453447,0
7.60665,14.378055,3
13.915562,-1.2533897,4
8.950655,7.224043,5
13.541107,-1.4836605,4
13.544228,-1.4334127,4
16.061388,6.605319,0
3.1191044,5.9264812,1
13.929948,-1.5599226,4
1.3820256,10.355451,1
13.554538,-1.4553156,4
7.3461266,17.620647,3
5.964201,7.3920918,5
2.268063,7.2382717,1
8.442769,15.719947,3
7.741205,17.532206,3
8.313543,-4.32037,2
13.4733,-0.73558795,4
5.6971774,17.709753,3
13.997156,-1.5890645,4
10.771012,1.6020994,4
6.9681163,18.111322,3
8.313798,15.863417,3
4.2863703,-4.6756597,2
5.9702435,-0.025654826,2
8.509914,15.777323,3
0.81243163,6.690044,1
-0.19845416,-1.1106536,2
6.861629,4.9118037,5
4.854931,-4.4933014,2
8.874279,17.009445,3
8.003863,16.777279,3
8.256536,16.026138,3
8.415274,15.834339,3
8.325277,-4.3339934,2
2.8004582,6.1534286,1
6.761073,8.877831,5
0.7993574,9.886022,1
-0.07675645,10.181793,1
10.070098,6.049912,5
7.1756883,17.508245,3
4.877247,0.5046736,2
-7.498641,5.2509007,1
6.8390083,17.23124,3
5.850522,17.927252,3
-1.371994,6.4114547,1
5.7777133,17.706062,3
0.7594493,6.6916423,1
8.0334835,16.739834,3
7.073218,18.23721,3
8.890779,16.891811,3
8.841691,17.071575,3
6.0407195,14.743783,3
8.311399,15.728871,3
3.5145762,6.1478567,1
4.727115,-3.8236768,2
8.554486,15.7918825,3
8.868997,17.06637,3
15.299377,12.116491,0
10.096694,11.822787,3
3.7610967,-2.8929462,2
5.7247043,17.816286,3
6.096727,0.023588324,2
7.439811,17.895615,3
8.843241,16.981874,3
8.079625,-4.449431,2
6.558594,17.943245,3
0.4167008,-0.29130787,2
3.5573313,-3.3283155,2
0.34707433,-0.73770845,2
7.052332,18.28488,3
13.830313,-1.5316875,4
6.46138,16.116777,3
15.317894,12.103689,0
7.0412154,16.37592,3
8.296287,-4.744257,2
6.8456354,17.10817,3
8.539733,15.859837,3
10.738761,1.5082328,4
8.366133,-4.63853,2
8.282956,-4.592735,2
15.16241,12.607601,0
10.830894,1.5198808,4
7.7059927,17.51187,3
8.181706,-4.6977262,2
18.458776,6.613179,0
5.9776607,17.771881,3
4.250877,-3.323944,2
15.507962,12.653824,0
8.254484,16.003061,3
6.218711,17.93284,3
18.68919,5.3279815,0
18.603857,6.799917,0
8.399425,-4.662392,2
8.315423,-4.447912,2
8.566794,15.829281,3
4.5666056,-3.8295138,2
13.858466,-1.5509176,4
14.116352,-1.513741,4
5.93823,18.064365,3
13.423906,-1.3242255,4
8.113012,16.756453,3
7.735261,17.563324,3
0.29948685,-0.4819975,2
8.849201,17.038767,3
7.475989,16.128477,3
15.11061,12.450322,0
10.884971,1.3124837,4
13.945058,-1.6281979,4
6.155752,-0.05429926,2
-0.46440303,-1.142504,2
13.965929,-1.2104168,4
0.37367034,10.306931,1
13.401509,-1.2462533,4
4.2501884,-2.9308867,2
6.441692,17.702562,3
5.9119196,17.779057,3
8.673266,16.97152,3
13.644569,-1.0932319,4
-0.72576845,6.185496,1
6.1891513,14.778634,3
3.6973455,-3.6795294,2
1.0524167,10.32961,1
10.961117,1.0811504,4
-1.2930009,6.6166787,1
12.699273,-2.5472062,4
10.973833,1.3447857,4
7.084335,18.240316,3
3.6049325,-3.3753803,2
0.4415832,-0.33629924,2
8.327024,17.47323,3
19.22015,6.135474,0
4.4533124,-3.028741,2
7.9071712,16.248066,3
13.812995,-1.0581336,4
5.755867,17.749752,3
8.602812,15.872406,3
8.228622,-4.330571,2
19.441944,4.7129073,0
4.1103177,-3.8679314,2
4.6965466,0.6402061,2
7.1181946,7.2875586,5
4.7169485,0.5483431,2
3.7604868,-2.9903343,2
9.70843,11.484417,5
15.706922,12.104064,0
15.186722,12.535733,0
3.774318,-3.4797552,2
7.3915706,5.6819773,5
4.6151032,-3.8005886,2
6.9760146,7.0801864,5
18.078232,4.168168,0
8.089747,16.733591,3
7.4601555,17.849386,3
10.147454,11.662361,3
2.5909731,5.596228,1
0.3821185,-0.92769283,2
13.553959,-0.8875983,4
5.777137,17.808542,3
18.013813,4.2391324,0
6.065688,17.617634,3
10.914222,1.25192,4
5.9979444,0.07508416,2
7.180962,17.535784,3
0.80665237,6.6891484,1
15.827083,12.128875,0
-0.44753945,-1.1753308,2
18.487389,2.4616587,0
8.806203,17.081797,3
13.58568,-1.2454482,4
5.9449887,17.755634,3
8.376747,17.429523,3
8.099673,16.765255,3
-0.13087194,10.23558,1
5.2905946,14.741601,3
3.5782077,-3.308899,2
6.979317,17.02788,3
6.001084,0.027103081,2
14.1102705,-1.5179006,4
4.2998238,-3.230256,2
6.3864527,16.198277,3
6.7682905,5.1810513,5
2.757688,6.1331797,1
-0.15851684,10.203137,1
15.473485,12.425036,0
8.8419285,17.048634,3
0.5293505,-0.8941146,2
-0.95048267,5.65499,1
6.9593053,18.300137,3
7.6776385,17.553928,3
15.291561,12.098947,0
13.644556,-1.3221066,4
10.173974,7.657746,5
10.177605,11.580007,5
4.63038,-3.7948048,2
10.642772,1.085738,4
10.802373,1.4979773,4
17.943111,5.3560896,0
5.982909,7.3793225,5
3.0009599,6.1420503,1
0.37897873,-0.9533048,2
13.371601,-1.240497,4
7.8740063,-4.633448,2
18.670807,3.1692035,0
18.660995,3.0476394,0
4.447355,-3.1312459,2
7.6447926,-5.0230513,2
13.175753,-1.1786258,4
8.572221,15.872175,3
7.08613,17.599894,3
4.740516,-4.4100504,2
5.909909,17.83171,3
8.405082,15.746793,3
4.4569087,-3.7330308,2
4.6738324,-4.2715883,2
8.3818865,17.42634,3
6.942402,17.102556,3
3.9867969,-3.900466,2
8.28127,16.12196,3
-1.1818587,5.894619,1
6.8785553,17.113483,3
13.564828,-1.0864527,4
3.728587,-3.4361086,2
6.8380256,17.324677,3
5.9422956,17.931095,3
8.539097,15.821918,3
3.1795666,-3.580579,2
7.3563766,16.0449,3
5.9950876,0.03340374,2
6.4025702,16.152016,3
15.579669,12.675621,0
0.53273517,-1.1115916,2
13.609081,-1.2843926,4
13.609326,-1.1573242,4
5.819513,17.847992,3
8.380687,-4.2619405,2
19.474539,4.709027,0
6.1756625,-0.012848753,2
19.44047,4.570789,0
6.4623156,16.11682,3
10.188396,11.688268,3
13.390969,-1.299026,4
15.30908,12.10425,0
10.648181,1.2568138,4
3.6087427,-3.5659976,2
10.685094,1.0587046,4
7.102258,18.225838,3
8.684371,17.08014,3
6.2589874,17.751951,3
14.738785,10.8916855,0
4.2978578,-3.247858,2
7.9835353,16.280912,3
7.1594515,17.530542,3
8.260475,-4.7906833,2
8.005889,-4.4686747,2
11.898391,-1.7007074,4
7.9847765,16.137577,3
0.19558118,-2.122266,2
7.1426787,17.452295,3
5.857132,17.616055,3
5.61328,14.246383,3
7.1199427,18.237514,3
7.8474603,17.278578,3
10.902759,1.3528311,4
15.105353,12.375424,0
6.5307198,17.088802,3
13.569306,-1.4633378,4
14.616994,5.600936,0
10.166732,11.734371,3
7.706789,17.43664,3
17.996326,5.3171425,0
0.44642332,-0.9911216,2
0.6435861,-0.99978733,2
3.736038,-3.1058307,2
6.049377,-0.12315649,2
13.558595,-0.7945489,4
1.4658234,10.526486,1
4.453358,-2.9872444,2
7.05589,18.218563,3
0.09393539,-0.7621131,2
8.54989,16.683891,3
14.017296,-1.580422,4
14.161256,-1.5519785,4
7.062087,18.211586,3
10.797771,1.5490153,4
18.541792,6.7179832,0
10.6909485,1.2341853,4
3.655986,-3.1032438,2
4.690963,-4.5387077,2
6.137403,-0.024166867,2
1.513306,8.424291,1
18.741816,2.6863184,0
18.020779,5.39845,0
4.3956733,-3.1395366,2
8.914359,7.2386074,5
0.27454525,-0.83797115,2
8.962214,16.938663,3
2.9332516,-3.460351,2
7.469254,17.861105,3
17.998034,5.3281717,0
7.0666313,16.226477,3
8.272459,-4.78236,2
18.644411,2.7590055,0
7.1267033,18.21919,3
7.944804,16.070414,3
8.598304,15.900167,3
6.7891498,5.0226955,5
15.278475,12.651178,0
10.049394,11.780711,3
6.435432,16.148922,3
3.9752471,-3.6556494,2
3.7798784,-3.1505463,2
3.7484026,-3.0455022,2
9.985017,6.2098346,5
7.497791,17.821596,3
13.681969,-1.2385753,4
13.018384,-1.0234057,4
3.7820637,-3.8452446,2
12.362982,-1.8468087,4
3.7109964,-2.970482,2
6.5702477,16.073244,3
8.01132,-4.6407223,2
8.564513,15.846859,3
8.445109,15.737468,3
3.1363575,-5.976961,2
14.036284,-1.5994824,4
18.683916,2.6496103,0
5.669692,17.764595,3
8.968242,16.926163,3
14.0510645,-1.5788772,4
5.8450966,17.994993,3
8.877197,17.050938,3
15.614367,11.994325,0
4.0744405,-3.6463554,2
15.223983,12.631301,0
19.436686,4.5091066,0
12.021845,-1.19156,4
6.1060314,0.02944828,2
8.213353,-4.6919274,2
6.843134,17.057968,3
6.0182834,0.064920075,2
8.756571,17.055037,3
15.443328,12.438432,0
8.569289,15.743516,3
5.934913,18.098534,3
3.797886,-2.8774054,2
5.3954973,14.722472,3
7.8981586,-4.645135,2
6.5990353,17.089462,3
8.117558,-4.7161636,2
10.759716,-1.660663,4
18.532303,2.5520031,0
5.866995,-0.026795805,2
7.1476674,17.599346,3
4.731702,0.502862,2
19.548103,4.6792073,0
4.6454134,-3.5025415,2
13.846362,-0.85949075,4
8.889044,16.98916,3
3.6334922,-3.3479562,2
18.646769,3.0628932,0
4.2461486,-3.3773727,2
10.657315,1.3206011,4
2.6190577,-4.917103,2
7.0278683,18.237007,3
5.872491,18.036488,3
5.8028913,17.624903,3
8.2641115,-4.322677,2
7.6742887,14.379199,3
15.150593,12.680895,0
4.819416,-3.325398,2
4.6407533,-3.4662218,2
13.864133,-1.0641148,4
3.5849407,-3.3447955,2
15.197913,12.603173,0
3.572658,6.0441213,1
5.805268,17.895775,3
5.858483,17.982597,3
5.9788384,0.055271834,2
8.199464,-4.3653765,2
7.0290294,18.27536,3
8.815677,17.039463,3
3.8022192,-3.01027,2
15.296777,12.043459,0
3.6526833,-3.4711971,2
6.8318415,17.102922,3
8.247774,-4.700598,2
4.737908,-3.8115425,2
10.736981,-1.6478454,4
5.821798,17.865793,3
-0.3102072,-1.1409138,2
5.4916477,15.07016,3
13.539214,-1.0109957,4
5.716393,17.836288,3
0.9061354,7.858209,1
6.024296,0.10264861,2
13.624295,-1.2570478,4
3.5990858,-3.337166,2
8.376354,17.395105,3
14.07847,-0.8685093,4
17.926228,5.118939,0
7.099947,18.206402,3
8.512283,15.849075,3
10.773103,-1.6815159,4
15.158086,12.494256,0
3.8369858,-2.9412553,2
0.720902,10.516213,1
13.97127,-1.5793462,4
5.816693,17.938032,3
10.2513895,11.71566,3
6.8788214,17.067284,3
15.436845,12.589006,0
10.575379,1.2502719,4
5.8129644,17.852427,3
3.7795148,-3.1555755,2
7.06201,18.21962,3
15.432881,12.45862,0
5.832313,17.99634,3
5.8680434,17.658365,3
6.9765916,17.076494,3
4.726601,-3.4046502,2
6.458717,16.067173,3
15.2981615,12.156104,0
4.908293,-3.783035,2
4.3392544,-3.7496912,2
18.565989,6.711652,0
13.052449,-1.2591163,4
18.54072,2.4591777,0
7.3963337,16.211252,3
8.602412,15.897436,3
14.084829,-0.93043286,4
6.8711023,17.12217,3
1.2254089,9.746105,1
6.707447,-0.6535985,2
10.642832,-1.6734574,4
8.661757,17.065653,3
15.260653,12.658634,0
4.4224296,-3.0510495,2
13.941698,-0.9248442,4
6.83657,17.141111,3
8.061544,16.724493,3
18.522425,2.4235573,0
15.562985,12.685886,0
13.593627,-0.6837841,4
4.219842,-4.5755057,2
6.61902,16.104431,3
7.0052433,18.281593,3
8.912941,16.912888,3
10.894146,1.3100771,4
8.568322,15.85681,3
5.858387,0.08865095,2
8.482911,16.701544,3
13.872485,-1.64101,4
10.070699,11.667906,3
7.0844073,18.25476,3
5.881229,0.12785299,2
-7.328027,4.6911516,1
7.6931276,17.511824,3
13.999114,-1.1609235,4
15.353006,12.442959,0
8.270884,17.545584,3
7.639316,14.432398,3
0.1392996,-0.7907808,2
11.981373,-1.1842552,4
13.88136,-1.6047689,4
13.933114,-0.99813664,4
8.370049,-4.722637,2
8.05711,16.73467,3
6.990481,16.27851,3
8.275442,-4.3443007,2
4.3913713,-3.0631857,2
5.8404684,17.907873,3
6.5013704,16.073177,3
0.098571695,-0.7520012,2
4.48706,-3.3966024,2
7.959005,16.10441,3
3.7570112,-3.6601171,2
4.3822327,-3.1456435,2
13.524545,-1.0331682,4
0.82770556,10.588948,1
18.697937,2.627016,0
6.4701552,16.118042,3
5.7667,17.776968,3
4.504793,-3.8731723,2
4.7724266,-3.3415015,2
5.7597632,17.996805,3
3.7623086,-3.621847,2
7.6833715,17.469435,3
15.556966,12.674763,0
5.776472,17.839136,3
5.9489565,17.716127,3
15.427739,12.214258,0
4.4775176,-3.839093,2
4.3769236,-3.2111924,2
4.1287313,-3.840942,2
7.0253396,18.266527,3
15.306303,12.700334,0
-1.1720464,6.45098,1
5.937643,17.744345,3
6.689019,-0.68405086,2
17.975868,4.166723,0
5.699883,17.677992,3
13.589993,-0.93991673,4
8.029145,16.751383,3
4.3670473,-3.6002939,2
18.469782,2.4022071,0
15.280704,12.095294,0
7.098211,17.529535,3
7.132551,17.504105,3
18.721193,2.647505,0
17.999828,5.3314176,0
5.460469,15.054763,3
17.653244,4.24286,0
4.652965,-3.7990148,2
10.564166,1.2396489,4
15.759958,12.083217,0
4.2948194,-3.8501954,2
6.5311275,18.049282,3
7.735708,17.499949,3
8.869945,17.041792,3
3.754351,-3.1392908,2
13.95643,-0.9916856,4
8.582729,15.825423,3
2.5212367,-5.0713353,2
6.1304665,13.993596,3
5.715096,17.675877,3
8.89691,17.004791,3
15.5811405,12.695736,0
8.866994,17.0371,3
18.71347,2.541872,0
5.791829,17.939987,3
18.52143,6.679779,0
1.2816836,8.741297,1
5.7168875,17.69042,3
5.7219863,17.751974,3
3.7714176,-3.0005949,2
7.905631,16.80292,3
15.531953,12.667204,0
0.16103205,-0.72991306,2
5.758636,17.74412,3
3.7849772,-2.9672482,2
13.592421,-1.3855547,4
2.230776,7.434792,1
15.803217,12.11583,0
7.094582,17.533602,3
3.8138473,-3.1815374,2
10.812063,1.5496166,4
18.021544,4.1861954,0
15.319726,12.413178,0
15.221982,12.619412,0
2.879249,-3.3710127,2
10.737133,-1.6577061,4
6.6612177,0.44026542,2
8.840702,16.92461,3
11.382681,0.70945895,4
8.433243,-6.098312,2
19.422878,4.6020293,0
5.8027053,17.978415,3
18.551973,2.4616692,0
3.5690088,-3.3202448,2
17.730843,2.987945,0
2.2166202,-5.072401,2
15.209927,12.606552,0
5.787993,17.913595,3
4.8369765,0.54402727,2
10.855305,1.5091088,4
13.557002,-1.0563841,4
8.306124,-4.3224316,2
17.95102,5.3335605,0
8.345569,-4.5281343,2
8.384862,-4.7478456,2
13.8294735,-1.3393561,4
-1.2140236,6.6811295,1
14.595931,7.0391874,0
6.941791,17.10233,3
0.71283036,-1.0844263,2
3.7816284,-3.7399747,2
7.0160074,16.247503,3
19.57855,4.6586194,0
10.848879,1.2460572,4
6.4196234,17.781609,3
2.8581324,5.6453037,1
8.9158325,16.952982,3
5.895593,17.814276,3
4.8094974,-3.341045,2
4.5477037,-3.13778,2
7.021149,17.136583,3
2.1349182,-5.229604,2
8.331698,-4.281839,2
6.076083,-0.019513492,2
7.2974834,14.19756,3
6.498168,16.087795,3
10.782239,1.2509754,4
15.566925,12.635911,0
4.920144,-3.791762,2
8.314897,-4.4693723,2
2.846291,5.8420095,1
8.629838,15.884626,3
8.237296,-4.3579063,2
3.8100657,-3.5922112,2
3.6993172,-3.7812119,2
6.940804,17.167162,3
7.0457864,18.246944,3
7.1176996,18.21735,3
7.051582,18.1799,3
15.689199,12.056426,0
4.2331095,-3.937306,2
3.7713912,-2.995105,2
0.7143669,-0.97987705,2
4.035706,-4.361863,2
19.477032,4.707732,0
6.0262966,17.987272,3
8.2382965,-4.3378124,2
6.200845,17.75954,3
3.7515392,-5.8261166,2
11.415024,0.67421955,4
4.400129,-3.1049352,2
0.7256751,11.176515,1
6.9546432,18.190077,3
4.318049,-3.21371,2
3.7961843,-3.29301,2
5.9676633,0.013997309,2
-0.2639308,-1.1808848,2
4.6019974,-3.4463916,2
7.917738,16.05775,3
4.2853584,-3.9929261,2
3.7554708,-3.013861,2
14.103062,-1.5236912,4
4.5081124,-2.953715,2
5.7441363,17.82988,3
8.926554,16.92352,3
19.172594,6.230613,0
15.290018,12.144438,0
3.7281094,-2.927873,2
9.444568,6.975385,5
4.493333,-3.2681222,2
6.251149,17.771423,3
13.695271,-1.3398323,4
8.044021,-4.6029305,2
4.2986054,-3.3649745,2
8.296086,-4.559075,2
7.0825715,18.28112,3
7.0887003,17.5084,3
6.8061676,16.33244,3
8.503973,15.863581,3
2.2948372,7.4628396,1
14.046599,-0.8994077,4
5.766593,17.813469,3
4.3812237,-3.106091,2
5.8933926,14.821208,3
11.082312,1.3254343,4
4.065197,-3.5893278,2
18.663364,2.4752681,0
4.4229927,-3.5470567,2
6.9238772,17.015982,3
4.4767,-3.6304946,2
0.81215173,11.164088,1
4.601737,-4.3395977,2
18.473736,6.6516056,0
4.59148,-3.8334348,2
-7.474502,4.8506303,1
5.94064,18.036627,3
6.5561776,-0.35559613,2
5.790234,17.98987,3
6.141484,0.023499984,2
8.91256,17.015205,3
7.382752,16.14785,3
-7.4114103,5.5838294,1
5.80684,17.79046,3
6.2548523,17.799017,3
8.356625,-4.6607814,2
-1.3806095,6.5959454,1
10.959876,1.4142547,4
5.9275594,17.928446,3
14.047001,-1.4772544,4
7.7097516,17.515207,3
4.492311,-3.004264,2
15.317122,12.19659,0
10.763527,-1.6299634,4
5.9081755,18.10828,3
0.54411215,-0.659049,2
5.7847223,17.576946,3
18.530272,6.7068324,0
0.81902987,-1.0998648,2
10.631075,1.2555968,4
18.766684,2.619892,0
4.229549,-4.6196704,2
5.9015346,18.009752,3
10.709556,-1.6393062,4
4.559915,-4.3837156,2
4.386642,-3.6245115,2
13.722644,-0.94041574,4
0.563549,-0.8372521,2
10.641519,1.2618824,4
13.602769,-0.67164993,4
5.936292,17.751284,3
8.525871,15.846319,3
6.442182,16.093271,3
10.762722,-1.6999083,4
5.920918,18.024464,3
15.552523,12.007346,0
3.8279395,-3.635959,2
13.685312,-1.3880395,4
7.02463,18.287573,3
8.812165,-5.711144,2
14.529827,5.71597,0
4.1591063,-3.3100386,2
7.821103,-4.9378123,2
-7.5027876,5.2976813,1
2.8874516,-3.3936121,2
6.2893925,17.998442,3
-1.8827704,6.5674353,1
8.060518,16.738556,3
3.7792068,-2.9021547,2
10.805132,1.5343692,4
3.922015,-3.4894874,2
7.732492,17.537916,3
3.582173,-3.3652606,2
15.174382,12.60704,0
6.453297,16.049843,3
6.9195833,4.626744,5
3.5496218,-3.2661457,2
8.398072,17.408243,3
13.547328,-1.0932685,4
8.342521,-4.537887,2
5.745867,17.793236,3
6.965581,18.288626,3
17.988197,4.144819,0
11.104823,1.3125755,4
7.416786,16.189817,3
6.3865023,8.503094,5
13.9753475,-1.1466031,4
5.8519363,17.737923,3
14.642083,7.032311,0
13.995384,-1.1604505,4
3.9164977,-3.6528168,2
14.061169,-0.89521664,4
17.964258,4.2001333,0
6.1536264,17.966305,3
18.570173,2.499405,0
8.302104,-4.558825,2
6.1118608,-0.12122157,2
13.873991,-1.3879668,4
15.234565,12.606074,0
8.50469,15.827822,3
5.54146,15.15301,3
5.963789,17.682514,3
0.11209067,-0.73375523,2
-0.673696,6.1253157,1
10.036786,11.854103,3
6.5749564,17.934448,3
14.057941,-1.5683792,4
7.6909156,17.543413,3
7.0090947,16.272919,3
7.495923,17.740122,3
13.378875,-0.99918747,4
11.404327,0.68869746,4
15.613282,12.540753,0
3.5322964,-3.297256,2
17.971344,5.3248377,0
6.1547785,0.16495787,2
13.191281,-1.3178284,4
5.8392196,18.012411,3
6.6016827,-0.71147084,2
4.2949443,-4.35915,2
6.086511,8.738936,5
6.9079347,17.060553,3
5.9710183,0.18774624,2
5.982687,0.21449102,2
15.2906275,12.124433,0
3.740025,-3.2788305,2
14.086638,-1.4678378,4
6.597306,16.097853,3
14.727707,10.8474865,0
3.5194216,-3.3422472,2
11.110039,1.2225713,4
7.5090623,5.523439,5
17.97148,4.2149215,0
18.61141,6.7755237,0
7.0468435,16.492579,3
8.919205,16.935797,3
11.077509,1.3018225,4
6.4861493,16.126087,3
5.7293863,17.856031,3
6.6035404,16.028276,3
0.3630802,-0.8424119,2
13.0411825,-1.0288998,4
7.265058,17.291218,3
8.236942,-4.5738173,2
0.56332225,-0.76915157,2
-0.33299366,-1.3049347,2
8.318408,-4.354747,2
6.6290994,-0.52472454,2
7.467454,17.09123,3
6.9752207,17.089018,3
1.3154513,10.116815,1
4.3474455,-3.9977336,2
3.941983,-4.3645477,2
5.9697475,17.704556,3
15.217917,12.647337,0
15.203615,12.56355,0
12.965124,-1.1189402,4
6.770838,17.085642,3
15.650364,11.867132,0
7.162396,17.54004,3
-0.24281292,5.48446,1
8.931739,16.9233,3
18.64973,2.6688738,0
7.5229936,17.049984,3
15.317388,12.743755,0
7.0994434,18.235687,3
17.94681,4.279702,0
6.9880743,17.159895,3
4.738953,-3.3706634,2
17.981688,5.3426805,0
10.814844,1.5508881,4
5.8470426,17.828768,3
7.1381364,18.218164,3
4.749179,-3.3835673,2
3.962982,-4.3225303,2
6.7097015,17.249607,3
14.735634,10.873307,0
8.067082,16.710915,3
7.0879745,18.2076,3
18.508715,2.527928,0
5.7542357,17.755196,3
19.173061,6.1585593,0
8.3842125,-4.570187,2
5.922208,17.77325,3
8.045887,16.754044,3
4.510726,-2.9424016,2
7.9269757,-4.624681,2
0.42108923,-0.5680922,2
15.349837,12.067457,0
15.553108,12.695436,0
6.0241647,18.00381,3
10.116945,11.734105,3
4.795953,-4.61243,2
3.7329113,-3.396099,2
5.9684005,18.032036,3
5.99449,18.041147,3
7.0063624,17.076204,3
0.546136,10.948091,1
11.476189,0.60067874,4
2.8141181,5.9430966,1
6.5757027,-0.50995004,2
6.8943586,17.262938,3
6.6249866,16.068783,3
0.757164,-1.1210059,2
6.917741,17.210058,3
13.645797,-1.3184035,4
15.417827,12.085404,0
5.990048,18.089672,3
-1.4101008,6.4075747,1
2.434294,-5.0593967,2
13.711921,-0.8975738,4
8.806174,17.073568,3
-1.3722256,6.341212,1
14.732457,10.881807,0
18.662123,2.5850327,0
0.83867925,6.7360034,1
4.670969,-4.3577385,2
6.5016365,17.289047,3
7.955132,-4.9580684,2
8.715593,17.064884,3
4.781801,-4.4249477,2
7.144249,17.541327,3
9.722995,11.48953,5
0.38342074,6.8121667,1
13.468358,-0.89048976,4
15.538193,12.70253,0
8.532158,15.880424,3
3.8070383,-3.4782138,2
0.36896357,-0.49899742,2
7.818938,-4.9547143,2
7.631843,14.507439,3
8.5171995,15.85037,3
7.6642632,17.413229,3
8.58902,15.791543,3
3.543526,-3.343723,2
7.108096,18.230875,3
8.310585,-4.3359437,2
18.624393,5.3016386,0
13.532758,-0.72753054,4
3.5157695,-3.2795782,2
4.783623,-4.492287,2
18.748566,2.6435466,0
15.307244,12.112968,0
-1.3473334,6.1943502,1
5.912544,7.466764,5
6.4392276,17.18237,3
3.9038,-3.6541762,2
6.643522,-0.54208124,2
8.378867,17.297808,3
4.3966823,-3.7276382,2
0.9114801,7.7918,1
8.203104,-5.9846625,2
6.89205,17.083452,3
5.8653183,17.735678,3
8.9102545,16.957304,3
-0.09397582,-1.1488478,2
8.231514,-4.35278,2
13.251872,-1.4235841,4
8.906415,-5.71118,2
8.663061,17.095072,3
8.868865,17.025333,3
12.917504,-0.98833007,4
10.910064,1.2903374,4
18.728699,3.2056868,0
7.9719124,-4.3822913,2
4.762904,0.5287225,2
7.0075006,18.247066,3
19.248995,6.1852922,0
6.420016,9.185104,5
12.777884,-1.005149,4
12.78392,-1.0259567,4
6.8923354,17.099865,3
6.3195405,17.807178,3
11.450757,0.58741057,4
7.966826,16.119938,3
3.816342,-3.479231,2
3.7783122,-3.8417096,2
4.67014,-4.3507833,2
7.2106023,8.257345,5
3.6950912,-5.361853,2
4.3174763,-4.833707,2
11.302735,0.78425944,4
15.587031,12.676902,0
12.750849,-0.95667946,4
-1.1124076,6.0558424,1
8.359382,-4.735592,2
10.208211,11.699204,3
-0.66007626,6.1846385,1
6.9346066,17.09158,3
13.177431,-1.0607665,4
4.1813364,-3.9152484,2
0.48225188,6.9286885,1
3.7492976,-3.4643033,2
7.62308,-4.9757743,2
19.503155,4.6808157,0
6.9790635,17.065939,3
17.969362,4.2117085,0
3.8093822,-3.010158,2
4.438814,-4.2854824,2
12.173503,-1.0653201,4
4.573713,-3.845739,2
8.694078,-5.79144,2
8.065975,16.671469,3
18.359182,2.7901864,0
15.239986,12.658463,0
10.698787,-1.6248888,4
4.5079355,-3.641784,2
3.7872043,-3.384343,2
0.59969014,11.13266,1
14.010523,-1.155064,4
4.731177,0.59224504,2
5.7889905,18.005138,3
6.495855,17.8373,3
4.5240016,-4.2369184,2
0.30433714,6.9719343,1
18.514273,6.6364408,0
0.07290127,-0.83602726,2
15.447442,12.445217,0
6.934354,17.036812,3
13.885104,-1.6368353,4
13.677559,-1.5611718,4
18.785603,2.8309414,0
7.476802,5.4599032,5
13.960564,-0.9456661,4
10.23817,11.65653,3
17.958317,4.1599116,0
4.6141663,-3.8615987,2
5.4230585,15.127276,3
13.074713,-0.9885546,4
10.20603,11.619169,5
8.34359,-4.3032312,2
4.8067827,-4.5343723,2
6.3708982,8.547628,5
7.6120586,-4.98423,2
0.5491001,-1.0683293,2
6.94994,18.14837,3
7.059054,18.262075,3
8.05892,16.6914,3
8.111343,-4.6243515,2
7.0325546,16.24944,3
7.799493,-4.9972916,2
15.113011,12.379872,0
15.7426605,12.149501,0
7.0921407,18.238892,3
14.061831,-0.96391207,4
7.984908,-5.060074,2
7.511765,17.052464,3
8.867915,17.02898,3
0.46460125,-0.2971115,2
13.628366,-1.0151728,4
8.289135,-4.7607574,2
8.339701,15.7854805,3
6.5633926,0.43292907,2
8.394439,17.400074,3
4.262874,-3.285803,2
4.2571898,-4.672414,2
18.765137,3.0020065,0
7.2858806,13.69938,3
5.8293486,17.705963,3
8.056572,-4.75049,2
10.887984,1.5136374,4
14.7387495,10.880278,0
18.554668,6.8378034,0
6.931771,17.07626,3
7.0638785,8.486666,5
3.9584694,-4.2580843,2
-7.5432878,4.4447627,1
6.879186,17.109331,3
10.028551,11.876457,3
-1.5856249,6.5545645,1
5.6995344,17.662191,3
1.6228715,9.810576,1
0.4613054,-0.3073786,2
8.640361,17.090467,3
5.837223,17.96344,3
3.7779217,-3.1325629,2
13.009164,-0.9445979,4
-1.0896791,5.758633,1
19.245556,6.175462,0
10.803166,1.2064894,4
6.43106,17.201523,3
18.59481,5.2329664,0
4.621203,-4.8361573,2
7.7947216,-5.030223,2
18.493326,2.5152857,0
7.5271854,-5.0203576,2
15.607301,12.700433,0
7.9607472,-4.5685835,2
17.614403,4.2135572,0
14.117115,-1.4733723,4
8.349255,-4.282938,2
4.9873133,-3.8224533,2
13.665701,-1.2378515,4
15.567798,12.598923,0
4.852416,-4.6343584,2
11.978984,-1.2359,4
13.482894,-1.0620546,4
13.440301,-0.7027585,4
6.3775516,16.15909,3
7.057221,18.278337,3
18.559837,6.747393,0
15.686147,11.945612,0
6.7282295,-0.6732812,2
6.6947436,8.710065,5
15.0997505,12.344091,0
1.437999,10.498001,1
3.795836,-3.2360744,2
13.473338,-0.7027842,4
3.77698,-2.9390714,2
7.175492,13.939696,3
10.887829,1.5036604,4
7.138983,17.21183,3
4.427823,-3.830287,2
11.449495,0.55050206,4
18.54314,6.69293,0
0.23555823,-0.82520276,2
6.4627004,16.10934,3
3.7673585,-3.3631737,2
10.700435,1.0254557,4
4.5861835,-4.5185785,2
-0.25784123,-1.3346592,2
10.677111,-1.6065036,4
4.325048,-3.8249283,2
18.426445,2.7153673,0
0.57044876,-0.9089314,2
7.905307,-5.0753,2
4.4297085,-3.0793574,2
6.1001196,0.16694492,2
5.8490286,17.607273,3
8.543925,15.832138,3
0.14851351,-0.8209381,2
10.21179,11.745567,3
4.8569593,-4.894807,2
7.9767017,16.113901,3
5.7227554,17.814285,3
4.319224,-3.6593773,2
4.3795257,-4.7141256,2
5.826672,17.944288,3
13.654261,-1.1755984,4
6.9729776,18.197178,3
-0.30373192,5.261904,1
7.460844,16.207722,3
0.41801712,-0.34569153,2
7.610524,14.384793,3
12.7892275,-1.0099403,4
7.0941267,4.82748,5
4.644918,-4.7963395,2
5.7621627,17.626963,3
5.505549,15.016304,3
11.517902,0.43791214,4
13.451757,-1.4500479,4
19.538145,4.6080856,0
7.131847,17.21714,3
4.3819103,-4.7210417,2
6.919843,17.118708,3
2.272295,7.406967,1
8.362152,17.41609,3
5.6835694,17.771763,3
6.3843627,16.10052,3
12.891618,-1.0578144,4
0.820365,6.7201333,1
6.4286084,16.123226,3
7.1317215,17.460838,3
15.394049,12.475487,0
7.047049,18.215916,3
6.535474,16.138401,3
15.207064,12.674314,0
8.315941,-4.309064,2
8.655143,17.048162,3
3.6221097,-3.542163,2
12.840433,-1.0119781,4
18.528862,6.8935246,0
4.6249013,-3.8346438,2
11.196377,1.2318983,4
7.8572307,16.84911,3
6.407906,16.158712,3
18.561255,6.701842,0
15.247211,12.668622,0
8.533263,15.845983,3
12.955491,-0.8921188,4
8.30296,-6.1278586,2
6.918747,17.087786,3
8.897763,17.043367,3
7.4528584,16.237547,3
8.437289,15.707804,3
6.3397145,17.846424,3
11.36763,0.6574357,4
7.743525,-5.01489,2
-7.571208,4.416844,1
6.321703,14.346399,3
8.916764,16.940462,3
4.6814003,-3.4584665,2
6.012888,17.635794,3
8.3154335,17.141567,3
7.9909883,16.187698,3
13.418357,-0.8498672,4
6.8324013,7.423697,5
5.9995184,17.75532,3
8.725004,17.06491,3
5.901668,17.8138,3
6.904765,17.12316,3
3.4175367,6.0891285,1
7.150106,8.585449,5
15.288428,12.616032,0
10.24425,11.670451,3
19.480658,4.7085857,0
5.7550716,17.621641,3
5.9154673,17.863264,3
18.546125,6.72397,0
8.177297,-4.5353584,2
15.558538,12.111906,0
7.036483,16.265724,3
4.893774,-4.5944066,2
8.565739,17.015167,3
18.555109,2.6937993,0
6.964644,18.259737,3
10.89274,1.2780206,4
5.7353344,17.534266,3
5.9133706,17.852882,3
7.0553026,18.292751,3
18.505108,2.5320807,0
0.55694956,-2.1891246,2
5.8788085,0.114387006,2
18.618195,6.7917833,0
6.153664,-0.05244337,2
17.979477,5.310509,0
3.805493,-2.9527135,2
6.637014,16.163406,3
6.1585836,0.0827263,2
18.582285,2.615754,0
7.140744,7.3143682,5
3.81752,-3.4869144,2
8.071867,16.671585,3
-7.244108,6.0219398,1
4.490117,-4.3603735,2
0.7370404,10.419337,1
19.32257,4.455076,0
8.929904,-5.7770724,2
8.336765,-4.8699007,2
15.221929,12.651588,0
3.8389082,-3.14042,2
13.946759,-1.1844466,4
4.276843,-3.1988103,2
4.736211,-3.4141967,2
13.049876,-1.0111686,4
7.154686,17.380129,3
3.7782683,-3.1460547,2
6.092502,13.9351635,3
7.0701284,18.189556,3
8.344074,-4.307847,2
6.5872555,16.087456,3
17.964396,5.359288,0
5.675055,14.700158,3
0.32080013,-0.91813725,2
13.477644,-0.7189278,4
7.707156,17.536491,3
7.7100425,17.556194,3
6.006621,17.81017,3
3.5446563,6.044924,1
6.0237894,0.21670732,2
4.083596,-3.82313,2
8.007111,-4.548828,2
4.2687516,-3.208221,2
7.980229,16.187954,3
7.8806524,-5.0580525,2
2.0045485,-5.4972672,2
4.658378,-3.3784602,2
7.0149918,17.102236,3
8.579625,15.856823,3
12.890445,-0.9230251,4
18.636646,2.94247,0
15.223847,12.642677,0
15.181062,12.617009,0
18.585327,6.865053,0
7.391109,16.170156,3
6.974881,17.094316,3
8.015239,-4.4677544,2
15.546854,12.692617,0
6.7036552,0.4090356,2
15.221612,12.626222,0
18.648338,5.3165464,0
18.523708,2.868053,0
5.8988338,18.05627,3
13.593219,-1.0407069,4
0.16347754,-1.286785,2
10.2320595,11.701,3
6.8143363,16.180525,3
4.304101,-3.620539,2
10.83459,1.5046285,4
10.981779,1.3334879,4
4.5159817,-3.5114477,2
8.579755,15.834614,3
13.942001,-0.9421965,4
6.88552,17.172932,3
15.440525,12.467604,0
6.381015,15.991656,3
6.9948435,16.259598,3
19.204912,6.178915,0
13.950004,-1.1449888,4
4.7835746,0.49677244,2
8.488403,15.843382,3
3.76092,-3.4037786,2
6.036144,17.772343,3
15.307097,12.110463,0
7.951513,16.750961,3
-1.0886848,5.7795353,1
8.024526,-4.646695,2
10.622364,1.3891338,4
8.944567,16.897718,3
13.50559,-0.64001054,4
6.42134,14.180955,3
-1.5696663,6.5398774,1
9.935845,6.66301,5
8.554822,15.839749,3
7.748652,-5.083385,2
13.974015,-1.4818283,4
5.5623407,0.27508175,2
10.149215,11.7379265,3
8.531432,15.94301,3
11.349308,0.62465984,4
0.6024022,11.02837,1
5.8801436,17.73932,3
7.1747103,17.540758,3
7.7927594,17.43037,3
11.433096,0.5793706,4
-1.230291,6.559549,1
5.9427047,17.6936,3
3.8665419,-3.0625975,2
7.3468,8.31014,5
16.426657,6.6089635,0
5.981017,7.396,5
8.895591,16.92458,3
7.3535275,8.291566,5
8.175872,-4.634543,2
10.026396,7.4466405,5
10.877121,1.489185,4
-1.2178394,6.365767,1
4.434964,-4.852353,2
18.58191,3.063268,0
5.7457547,17.568398,3
15.194518,12.545553,0
6.3344874,17.217133,3
18.593075,6.812477,0
15.259466,12.208446,0
12.967682,-0.98163044,4
1.458562,9.802507,1
11.00898,1.3628416,4
8.770012,16.820372,3
4.888031,-4.667518,2
8.085445,-4.588755,2
8.005481,16.076693,3
0.4937587,10.608063,1
6.4187675,17.599617,3
3.5524733,6.0375004,1
4.7532935,-4.4312053,2
4.316349,-3.4720416,2
10.682865,-1.5957463,4
7.6913967,-4.9649534,2
6.770823,5.2029223,5
7.012895,5.2112646,5
4.033994,-3.2758622,2
4.776994,-3.7222426,2
6.037743,14.614293,3
3.8106687,-2.935473,2
8.619247,17.069855,3
15.1767235,12.61491,0
4.4582148,-3.0749946,2
4.2645636,-4.736761,2
14.114273,-1.5217985,4
19.348156,4.528948,0
7.140163,18.237108,3
8.689575,17.076408,3
5.860189,17.956032,3
6.0890465,17.811502,3
8.06961,-4.427794,2
6.8183813,8.544575,5
5.605263,15.023156,3
3.6566885,-3.9081595,2
7.1246576,17.17038,3
11.050821,1.3233712,4
15.135832,12.532914,0
6.264937,17.760803,3
1.0922191,10.286192,1
14.146679,-1.482937,4
6.2084846,17.95696,3
3.3875244,-4.5325937,2
0.95122325,10.238085,1
7.1655583,18.209095,3
7.9204473,16.611057,3
0.9522716,-1.2157143,2
4.639384,-4.8123727,2
10.902379,1.5518215,4
13.012869,-0.9366495,4
6.868109,17.098362,3
2.9081306,6.0269384,1
8.304519,-4.4402127,2
10.886435,-1.617577,4
0.42084873,-1.0620556,2
6.3538113,17.80335,3
13.081675,-0.9468048,4
8.390304,15.76241,3
6.688701,7.132857,5
7.940759,16.747505,3
4.3994284,-4.2857223,2
5.9929657,17.626234,3
3.6465724,-5.3965244,2
6.9433184,9.008727,5
4.3724284,-4.3490634,2
13.459185,-1.1526605,4
7.0157733,16.243315,3
15.573303,11.925084,0
-1.4281304,5.941772,1
4.446196,-3.773949,2
0.7547581,-1.1552758,2
0.35271627,-0.4235627,2
8.604864,16.06751,3
6.844494,5.1946898,5
6.0005236,18.072027,3
8.3986435,17.412247,3
7.704703,17.527609,3
8.0398655,16.712374,3
19.572245,4.692356,0
5.862783,0.2746536,2
4.461379,-4.4138904,2
8.768093,16.91865,3
3.6408968,-5.3392563,2
6.0689907,0.091497526,2
3.8066962,-3.2873573,2
6.8963175,17.098621,3
7.0703425,18.273129,3
5.775249,17.974413,3
18.021027,4.1189556,0
4.343422,-4.135484,2
7.752395,-5.0074596,2
6.7754207,-0.656801,2
7.981228,-4.4886165,2
9.752056,11.514615,5
18.601948,6.757359,0
6.0704594,0.26666468,2
4.397902,-4.750482,2
0.14913324,-1.2941474,2
6.5034285,16.08486,3
15.604702,12.018602,0
12.833596,-1.0368674,4
3.6421978,-5.4183373,2
0.20558032,-0.9224253,2
18.742762,2.621914,0
4.7115145,-4.6529727,2
0.16798335,-1.2812054,2
6.9187818,17.09326,3
3.7972596,-3.1826832,2
7.0945477,18.216196,3
6.1789746,0.17321508,2
13.02129,-0.9289586,4
4.028709,-3.8495617,2
7.4682817,-5.0601087,2
4.390871,-4.7663918,2
8.233457,-4.784387,2
13.576463,-1.2830335,4
10.0135765,11.857883,3
6.110424,-0.021256553,2
4.8298173,0.47313136,2
13.01948,-0.9913157,4
18.73443,2.6284297,0
4.3779397,-4.655391,2
15.205111,12.593107,0
4.7763205,-4.6034274,2
7.887477,16.81762,3
10.117841,7.732106,5
6.1634707,14.092745,3
5.993581,18.095242,3
11.28426,1.1764609,4
10.018418,11.812057,3
6.9343715,17.113295,3
13.016475,-0.99806064,4
10.841448,1.5970417,4
11.243257,0.58660364,4
10.207877,11.5958395,5
3.810259,-3.3325655,2
15.690289,12.01923,0
15.327601,12.491492,0
10.1254015,11.704769,3
18.510145,2.747949,0
6.5477223,16.155066,3
7.8743587,16.81494,3
7.5170426,-5.0751796,2
6.028409,0.36647245,2
10.918129,1.337897,4
6.2415276,17.740078,3
6.0127344,18.108414,3
8.076856,-5.017322,2
12.978466,-0.91837394,4
6.537028,16.088587,3
12.943398,-1.0306016,4
8.16963,-4.34964,2
5.4651175,14.978744,3
8.683896,17.04873,3
6.4270654,17.644533,3
17.971699,5.3401895,0
19.534456,4.5765314,0
6.903981,17.134365,3
6.240348,17.673761,3
13.38997,-1.0689737,4
13.135581,-1.2927761,4
5.947733,17.764864,3
15.6166525,12.541215,0
11.425906,0.5824399,4
7.070093,18.200817,3
18.654987,3.163995,0
8.8067,17.035234,3
8.659084,17.075592,3
10.746585,0.35703123,4
4.511088,-4.2908735,2
3.6117218,-5.4017496,2
6.0241003,0.37046814,2
2.8203459,6.148945,1
6.345403,17.884756,3
4.332055,-4.630912,2
11.313245,0.58770096,4
13.001163,-0.9304182,4
7.928463,16.071703,3
4.2916765,-4.572848,2
18.567928,2.9140766,0
7.993988,-5.760761,2
7.198495,17.3957,3
8.7395525,16.973316,3
4.8816376,-4.652524,2
4.6159496,-4.532708,2
3.802888,-2.9280903,2
7.4617,17.069471,3
4.3282185,-3.8467247,2
8.650214,17.06658,3
5.7614374,17.926758,3
18.60665,2.8406327,0
6.9660907,16.326447,3
4.524806,-4.571284,2
2.8107738,-3.4878604,2
4.4827228,-3.7687123,2
6.405008,16.05565,3
18.63341,2.7610722,0
4.2970033,-4.7800994,2
7.9180913,-4.8841715,2
18.58481,6.816589,0
4.5914683,-3.7920237,2
8.17333,16.610807,3
11.121081,0.798902,4
4.435522,-3.1423392,2
7.41328,17.869184,3
6.4722404,17.531668,3
18.76148,2.910478,0
7.009647,17.159813,3
18.70793,3.0366096,0
7.9394445,16.75691,3
11.285987,0.8702635,4
7.4875603,17.108591,3
7.585289,-4.795222,2
13.760108,-1.5873072,4
4.13359,-3.9222434,2
7.7833295,17.503935,3
10.032452,6.125804,5
-0.18480827,-1.1435406,2
8.059132,-4.795672,2
3.9148881,-5.705577,2
4.6082263,-4.328632,2
4.813675,-3.4316137,2
18.505924,2.6295066,0
4.442707,-4.919313,2
19.326103,4.575522,0
19.451418,4.5379496,0
11.070567,1.1152829,4
7.0391083,17.16225,3
6.4625463,17.688015,3
7.958843,16.945803,3
13.667022,-0.85461223,4
11.446314,0.5955773,4
8.089784,-4.993266,2
6.545488,16.202776,3
3.3707826,-5.336896,2
4.1870418,-3.6844306,2
12.344655,-1.9022813,4
6.2880588,17.875433,3
18.87982,2.8315082,0
7.1763897,17.542143,3
9.995944,11.826931,3
8.281008,-4.327464,2
4.506719,-4.1881886,2
13.247391,-1.4145792,4
18.478083,6.644153,0
6.364584,9.209424,5
6.0787063,0.24234438,2
11.19117,0.86440545,4
6.7092395,5.335791,5
2.9622295,6.264457,1
7.3688393,4.9367375,5
6.979717,4.8731437,5
6.72626,8.66107,5
1.69813,7.656066,1
8.863596,7.304457,5
1.4285631,8.533554,1
-1.5195545,6.491079,1
2.285706,7.262429,1
-0.61728334,6.058979,1
7.1345034,4.6238713,5
7.122557,4.6003003,5
-0.10072937,5.4830976,1
3.0950873,6.0367923,1
18.712423,3.1619968,0
4.821526,-3.3214705,2
1.4375957,8.562238,1
0.32277477,-0.46750423,2
-0.25104284,5.7476425,1
7.2185807,5.506432,5
9.997492,6.3466086,5
7.1059575,7.3807635,5
15.003038,11.947373,0
6.5282965,6.224534,5
7.1542187,4.635571,5
2.2975633,7.5037947,1
9.805309,7.046943,5
18.602152,6.6860065,0
0.5248987,10.987961,1
1.3830608,10.62667,1
0.3202428,10.160943,1
-1.1554247,5.5415425,1
6.1089473,7.030194,5
9.99631,11.862903,3
6.740258,7.149909,5
8.826608,7.3347034,5
0.48281822,11.118171,1
2.244051,7.2160516,1
0.44162133,10.197495,1
0.9957786,10.260991,1
6.6163445,5.4292455,5
7.1348925,8.378405,5
7.1363177,7.306355,5
4.7343297,-3.8268628,2
0.4321875,-0.3368631,2
6.403399,14.113395,3
1.2348766,8.805235,1
1.2389784,8.805836,1
7.4633207,13.518836,3
3.2814636,5.7008047,1
6.1274033,13.964972,3
-1.5416558,6.148363,1
0.52453834,11.07196,1
3.5578868,6.0139375,1
7.464968,17.443201,3
1.0935221,10.287834,1
1.5738485,9.837384,1
1.5356063,9.837295,1
0.8321497,7.908747,1
4.7608438,0.5320774,2
6.090048,14.030916,3
7.5855703,-4.847943,2
9.958521,6.5866327,5
6.8582077,8.370267,5
5.5082245,14.972362,3
7.9914527,16.208012,3
7.357463,8.217896,5
0.45757145,11.098919,1
7.1452127,8.620884,5
7.6207395,5.517902,5
4.551537,-4.223568,2
6.795435,5.291468,5
1.7129236,7.675953,1
3.631447,-3.9038472,2
1.3837441,10.560039,1
-0.8279389,5.65742,1
0.012977654,10.303556,1
5.9998994,7.6191287,5
5.9825263,7.53416,5
-0.5527577,5.9969106,1
6.9746776,7.2652774,5
3.4529917,5.944832,1
6.6452346,16.149956,3
2.3196313,7.5360966,1
-0.11024087,9.956587,1
2.8097954,6.037089,1
2.4203954,-3.6248465,2
1.095042,8.867485,1
7.1588464,8.882659,5
6.6942387,8.500712,5
0.64427114,6.782574,1
6.9616237,8.982347,5
-1.1622751,6.202993,1
15.15928,11.736942,0
7.052781,7.3270206,5
6.561329,8.279892,5
7.3955092,5.436664,5
6.5277367,6.2452483,5
-1.5590967,6.510006,1
1.3678594,10.116372,1
3.5306416,6.122811,1
6.5574083,6.9759445,5
7.1755943,4.9629354,5
19.13987,6.203451,0
8.503142,15.8259735,3
4.2939253,-3.2936368,2
6.74125,7.1696634,5
7.060007,4.7573752,5
7.1530657,4.69699,5
3.559578,6.040043,1
7.2909765,4.640338,5
3.78205,-3.7868245,2
-1.165557,5.603828,1
6.394044,9.212029,5
8.486206,15.761135,3
7.2018747,13.915628,3
9.237335,6.8925433,5
3.543551,6.0186415,1
4.5133195,-3.0680554,2
0.14317499,10.081842,1
7.2353706,5.4478216,5
0.701653,9.948196,1
18.017324,3.3475146,0
7.0623536,8.174324,5
0.55481696,-0.73476857,2
10.086268,6.389789,5
7.0707235,4.9124193,5
0.8712343,10.647588,1
7.0786066,8.40593,5
9.971091,6.3602595,5
3.5060775,6.1321816,1
10.764265,1.1962051,4
0.5960911,9.787497,1
1.2522327,9.998526,1
18.569271,5.2967067,0
1.33175,10.599347,1
1.3875031,10.024879,1
0.6868358,7.8913903,1
12.800416,-0.92759645,4
18.648445,3.1553884,0
7.076677,4.964715,5
0.47405517,10.931976,1
7.0947094,8.843664,5
1.1495692,8.791636,1
19.448437,4.552362,0
2.91893,5.628893,1
-1.1964942,5.3845043,1
18.61883,3.09232,0
3.2118497,6.0400724,1
10.0731735,6.275289,5
2.8682973,5.8124795,1
9.253065,6.861081,5
0.7039046,6.7750854,1
-0.33147302,5.262301,1
19.490513,4.536646,0
3.3904042,-4.2198973,2
11.092769,1.1804643,4
0.21259832,-0.6363881,2
7.017545,17.11055,3
3.7619529,-3.3832362,2
5.691023,17.866735,3
11.307416,0.506915,4
2.2441626,7.2149196,1
8.319553,15.730729,3
6.766894,6.295922,5
4.534903,-4.4333806,2
2.2630782,7.4053135,1
7.190091,5.159673,5
6.949025,4.863528,5
6.81665,17.036877,3
7.1738987,4.582545,5
1.1014498,10.56024,1
4.7033644,-3.8242278,2
7.879456,14.214796,3
13.516929,-1.3388517,4
7.1029153,8.825313,5
0.89105004,10.105831,1
7.2358356,8.585031,5
-0.83124316,5.444394,1
3.478395,6.055895,1
6.8116803,16.293955,3
16.363293,8.080277,0
6.420045,17.101915,3
5.8719063,17.535221,3
-0.8397816,5.41767,1
5.994001,14.15245,3
6.471742,9.073105,5
0.46652263,-1.0361922,2
7.3847303,8.265268,5
1.0561495,10.564254,1
7.4838233,13.477427,3
-0.28587714,5.897818,1
1.5123692,9.91991,1
0.70891196,10.442627,1
15.546389,12.609494,0
7.0913897,4.773175,5
5.959056,0.27683917,2
5.3528757,14.730081,3
7.111814,4.6173916,5
0.8219975,7.9507914,1
6.5164094,17.1352,3
6.197746,7.251637,5
6.7714534,8.7287655,5
5.152089,14.615079,3
5.740288,13.762409,3
18.040457,5.411324,0
0.6691637,7.8883867,1
13.42726,-1.1315852,4
0.92595375,10.108927,1
-1.2232463,6.1025577,1
6.351829,16.174318,3
10.853854,1.491747,4
7.074015,4.8808155,5
7.2359886,8.29503,5
7.992899,14.055908,3
3.6804829,-3.6193244,2
7.3712444,8.244686,5
7.4265723,13.455769,3
6.85707,5.2861223,5
3.0781608,5.8016057,1
-1.4733776,6.3366966,1
6.779053,7.3864813,5
1.3770537,10.341964,1
6.421632,17.12783,3
4.3935437,-3.1320047,2
5.2842155,14.73004,3
6.430356,14.02026,3
2.764088,-3.4851449,2
5.131155,14.574088,3
7.5895014,14.15493,3
6.8581085,5.2106924,5
0.284945,-1.0942498,2
5.816775,17.48816,3
17.989672,4.1565666,0
4.5272045,-3.0837798,2
0.7651253,7.9505863,1
5.997136,14.68011,3
5.6866755,13.795308,3
6.461452,16.052969,3
7.084757,18.272282,3
-0.190228,10.082161,1
7.083303,4.760375,5
4.819238,-3.364375,2
7.335941,16.269276,3
-1.1508852,6.596986,1
7.3340983,16.17378,3
-0.33308125,5.231007,1
5.515357,15.022703,3
7.119267,8.687978,5
7.2748556,8.294884,5
5.7255306,14.576349,3
4.829497,0.49940827,2
6.979453,5.084757,5
-0.9871179,6.0520973,1
6.840907,5.3558507,5
17.08046,7.717342,0
6.9170732,5.2508636,5
0.50765723,-1.0191674,2
7.2661676,13.699792,3
7.460291,13.490018,3
7.138528,4.9553976,5
-1.50965,6.599492,1
5.146823,14.631,3
5.8258953,17.624434,3
0.48479375,-0.30064878,2
5.3354917,14.712001,3
-1.1483281,6.611991,1
5.7515984,13.713061,3
0.6224086,-1.0206745,2
-0.30759996,5.244082,1
15.640744,12.16292,0
8.270839,15.949237,3
7.20156,13.8525505,3
0.73333013,10.478002,1
6.4945154,16.03976,3
0.94610363,10.6276045,1
5.892342,18.090425,3
5.9477835,7.4427943,5
-0.96756536,6.4473815,1
-1.7825719,6.2648396,1
5.682721,13.834861,3
5.9989715,7.418211,5
5.876845,13.961677,3
7.691897,14.454122,3
5.90355,14.207123,3
15.212684,11.798332,0
6.8593373,8.725852,5
13.767958,-0.9235494,4
0.8244185,10.682094,1
-1.2131927,6.4613767,1
9.826738,7.5035834,5
7.27995,13.839179,3
7.283373,8.592173,5
-6.8364697,4.6188726,1
10.910041,1.1373864,4
2.2902617,7.4378624,1
8.568958,15.875244,3
5.194114,14.544161,3
7.015232,5.3622003,5
10.628389,1.3453838,4
15.346681,12.138839,0
1.37702,10.187619,1
7.3012094,13.692396,3
0.80387545,7.9777784,1
7.474934,13.497022,3
0.49498123,10.529045,1
17.927368,5.3380775,0
5.3603,14.76079,3
0.7944221,10.801157,1
6.6048603,15.959682,3
15.2653055,11.650879,0
0.70558727,10.568796,1
5.9555984,13.879521,3
6.092226,13.937195,3
0.37193397,11.0192,1
5.739475,13.780256,3
-1.4940252,6.6073937,1
5.7218137,13.781816,3
10.88507,1.495562,4
-0.8878621,5.792307,1
10.664783,1.092891,4
7.111852,8.867798,5
2.07031,9.388042,1
7.011799,4.965235,5
7.9902353,14.002701,3
-1.8384699,6.5785365,1
13.246734,-1.3109248,4
7.246948,8.608591,5
7.2009807,13.853215,3
10.070545,6.568377,5
6.8872824,5.1365194,5
-0.931914,5.6430974,1
7.3335366,8.257785,5
-1.1999785,6.309454,1
6.9322324,5.278479,5
4.5032134,-3.871972,2
15.3038845,11.618513,0
7.1441193,8.877946,5
6.531641,8.939983,5
5.3350167,14.657204,3
0.5195172,10.857023,1
7.9881377,14.014519,3
15.143706,11.744259,0
0.801062,10.477368,1
0.7274207,10.37696,1
7.199226,13.856837,3
8.03354,16.043882,3
8.00219,14.080953,3
6.67068,8.547482,5
5.934928,0.21633936,2
18.89613,2.8164363,0
3.011873,5.8849716,1
1.3424656,8.864973,1
5.7081876,13.756859,3
7.226826,13.859027,3
9.258613,6.9303627,5
6.77259,5.245515,5
7.9879975,14.041371,3
7.089225,4.860494,5
7.4500337,5.4871187,5
2.2860045,7.433273,1
7.0292444,5.1136746,5
1.3660842,10.454285,1
5.6926656,13.761448,3
9.968352,7.5216875,5
7.068553,7.3308325,5
19.355873,4.505504,0
6.9696007,8.780723,5
6.874289,7.217757,5
6.915375,5.210372,5
7.404983,13.507336,3
7.044928,16.262684,3
7.1308994,7.2847815,5
19.243649,6.148278,0
5.827403,17.457605,3
7.2987275,5.0593457,5
0.44547254,10.519271,1
0.9724525,9.982116,1
9.698005,11.91354,3
7.422836,13.535155,3
7.2275352,13.828382,3
7.029595,17.1891,3
7.2819357,4.7110076,5
6.005072,0.061686296,2
5.0950065,14.611935,3
3.5479457,6.1093884,1
0.893164,10.324054,1
-1.0688574,6.477163,1
0.45051906,-1.0239074,2
4.0946145,-3.8667994,2
7.9935164,14.042951,3
0.63903904,7.825323,1
0.5569702,6.920509,1
7.419782,13.71986,3
3.239828,5.8159,1
7.206182,8.2965975,5
6.90628,5.1063313,5
0.53071266,6.8854017,1
9.065236,7.263333,5
-0.89994055,6.0400105,1
-1.0588197,6.3379626,1
6.092318,14.057578,3
8.371769,17.285662,3
6.1078944,13.969755,3
6.9047265,8.402943,5
6.3961306,9.053062,5
5.5457816,14.082357,3
7.0355124,18.170732,3
7.3098907,4.6822705,5
6.128609,17.208843,3
7.614296,14.23936,3
7.181503,4.5632315,5
7.0797615,7.3020687,5
6.8100863,16.3285,3
-1.3216159,6.5990453,1
15.198237,11.77106,0
15.106155,12.463142,0
6.974565,7.530455,5
4.7862997,-4.1959352,2
6.9857554,5.1629415,5
5.9309506,17.815985,3
3.1971767,5.779557,1
4.2003584,-4.72604,2
7.7857156,-4.8022485,2
1.1948271,8.840383,1
-1.0062857,5.565964,1
5.971581,7.3938065,5
0.6134531,6.765231,1
0.40682945,-1.039774,2
-1.0985065,5.628466,1
10.918866,1.2196101,4
7.196819,8.638539,5
6.307393,17.82451,3
6.612204,8.850214,5
3.5608997,6.083161,1
0.8581239,10.566683,1
2.6887298,-3.5199666,2
0.30536026,-0.46977422,2
7.125744,7.285212,5
18.770853,2.945033,0
8.827937,16.952623,3
17.652737,4.241261,0
13.381038,-0.7268002,4
4.2348456,-3.3890893,2
5.719616,14.461576,3
-1.1695249,6.6866164,1
4.5168705,-3.9579904,2
15.734679,12.082505,0
6.7637067,5.3081484,5
5.9049134,13.856882,3
5.858067,17.559406,3
6.862561,8.643682,5
13.527946,-1.4842792,4
7.4816656,13.523191,3
6.9602304,16.102247,3
7.5328655,5.488539,5
9.991253,7.185714,5
11.300746,0.75406665,4
0.6068821,10.483581,1
0.541845,-0.9257204,2
2.0081642,9.444801,1
0.41499856,11.047251,1
5.937719,7.4162965,5
6.950019,8.404092,5
7.2839794,5.114559,5
6.75343,5.3395143,5
9.685913,11.47265,5
0.4536402,10.560725,1
2.1032772,9.271662,1
7.1190233,8.818144,5
7.45744,13.503783,3
8.232389,16.021347,3
6.4474025,7.056418,5
5.928222,13.918666,3
9.277473,7.501812,5
7.243058,8.244162,5
11.28975,1.0931231,4
5.74341,13.823887,3
1.0557673,9.12201,1
7.2884016,5.4175286,5
6.8858776,9.013275,5
15.357672,12.238838,0
7.463213,13.524972,3
7.389841,8.2747135,5
0.58831733,10.840182,1
1.2244705,8.796994,1
6.6858873,4.6828766,5
0.058205146,10.28985,1
-0.5775031,6.167573,1
7.468493,13.5520735,3
6.5302773,5.223115,5
5.9465065,7.4004626,5
13.296688,-1.3047588,4
0.34706035,-0.94344,2
5.6963162,14.573444,3
7.592227,14.13485,3
13.688737,-0.9238808,4
9.716072,11.642688,3
0.917588,11.1342945,1
8.288181,16.117123,3
6.929847,7.1288247,5
10.687773,1.5718961,4
7.5800447,14.286579,3
7.148582,13.831455,3
7.623624,14.401492,3
-1.7526364,6.624624,1
1.4606556,10.25709,1
1.3021642,10.334341,1
8.251809,16.01667,3
-1.5671641,6.0918245,1
7.096008,7.261895,5
3.5582788,-3.3866777,2
8.51921,15.80236,3
4.8481393,0.45526388,2
6.593967,4.9706235,5
5.1297517,14.645773,3
7.261394,17.19889,3
5.1282535,14.594843,3
5.8720517,14.817119,3
9.672575,11.573592,5
10.373932,0.44295928,4
6.9282875,8.610887,5
19.423145,4.5283933,0
13.058915,-1.6871959,4
12.822385,-0.9994006,4
7.109589,7.2682595,5
8.26639,16.056498,3
13.998989,-0.91721326,4
-0.70413613,6.074873,1
18.43283,6.792426,0
7.130537,18.243725,3
0.26773518,10.192842,1
8.515328,15.853112,3
7.188575,13.850929,3
10.7857485,1.4757804,4
8.862659,16.995584,3
5.291101,14.531496,3
14.618688,7.007524,0
8.291146,16.037405,3
2.331035,7.208276,1
5.515383,15.028124,3
4.5955467,-4.336371,2
11.128056,1.0955793,4
5.3712173,14.939629,3
6.670845,4.6983676,5
6.457415,4.5719223,5
0.9475408,10.012028,1
-1.2235788,6.697237,1
6.9900184,17.112204,3
7.9651027,16.709728,3
1.7299106,7.704788,1
7.498965,14.522078,3
7.4389014,13.553118,3
3.9212527,-4.310947,2
-0.19237202,-1.2416247,2
10.144862,11.718277,3
5.965526,7.4210153,5
7.37871,16.050064,3
7.7926044,-4.9426084,2
4.7111664,-4.5673327,2
8.022853,16.713364,3
13.472454,-0.87794775,4
11.365068,0.69508314,4
7.5395985,-4.973561,2
0.60640734,6.855417,1
6.986243,5.6306095,5
7.2080193,13.772154,3
17.160486,7.7720046,0
1.113619,10.665635,1
0.3135179,6.6969037,1
6.1596603,13.947924,3
8.450749,15.701735,3
7.3043776,8.365022,5
6.551808,4.8795905,5
5.669487,13.742759,3
5.8989944,13.9971695,3
9.31783,6.85099,5
12.507454,-2.2268577,4
7.3806953,5.4664683,5
4.4239526,-4.700943,2
7.0079427,17.072777,3
4.9166903,-3.7622938,2
-1.4662356,6.3907046,1
15.291576,12.680426,0
6.2762403,17.893375,3
15.304809,12.621338,0
3.5788069,-3.210177,2
7.0006795,7.391471,5
7.702528,17.38557,3
8.975961,17.06402,3
0.54727876,-0.7992044,2
0.71666694,9.876333,1
6.9287596,5.5303726,5
19.096935,4.770226,0
6.7317986,7.1710978,5
7.733259,-4.918143,2
-1.5526794,5.9050508,1
6.541681,16.146257,3
4.8606105,-4.629466,2
7.118432,5.626364,5
15.491433,12.660955,0
16.414434,8.11197,0
4.707422,0.61292934,2
7.399578,5.728512,5
0.6022436,-0.75377584,2
12.907187,-1.0889001,4
6.426924,16.058838,3
5.86053,14.002241,3
0.74302393,10.046161,1
5.8900766,13.862142,3
7.9525404,-5.074864,2
6.3673606,8.614197,5
0.2240731,-2.162098,2
5.7789087,13.757329,3
4.2972364,-3.8820777,2
6.760779,16.329617,3
6.47552,6.995092,5
6.887857,17.154978,3
8.42872,15.905768,3
9.908181,6.1814656,5
8.522631,15.814809,3
0.45122287,6.920222,1
2.9586005,-3.6277802,2
8.37053,15.788557,3
1.0182822,7.985071,1
7.5872154,14.46757,3
13.637903,-1.2685724,4
0.60763156,6.879816,1
7.877593,-4.943615,2
-1.5978305,6.1684527,1
13.229164,-1.4350877,4
-0.23132858,-1.2068818,2
7.3205075,5.661339,5
7.598491,14.4530525,3
7.4719486,5.5072,5
-7.4975195,5.275655,1
16.970894,7.2552714,0
6.775647,16.449152,3
6.4972963,8.342388,5
7.162054,17.544695,3
6.491041,5.22045,5
8.383395,15.8405485,3
7.2898035,5.702056,5
1.5634849,7.6979337,1
4.661758,-4.629755,2
3.4057004,6.2441044,1
1.302827,8.609769,1
1.1908797,10.084425,1
5.5891304,15.028901,3
8.690523,17.092173,3
4.7408843,-4.6510844,2
4.869963,-4.826662,2
9.908107,11.900625,3
11.3284645,0.80873907,4
0.5752228,6.861968,1
7.658564,14.247173,3
13.271961,-1.4343967,4
1.1666169,8.784515,1
7.029866,7.2528396,5
10.049676,11.823081,3
0.61092156,6.8126636,1
7.479114,5.3502607,5
0.98401076,8.971424,1
-1.7516708,6.23549,1
14.769381,10.891585,0
6.889238,5.566873,5
6.436065,14.08064,3
5.9496512,7.438335,5
-1.7123991,6.2187834,1
5.061666,14.663252,3
6.5792594,16.170532,3
7.4412155,8.34382,5
5.503985,15.100975,3
1.0449516,10.195535,1
7.5121236,5.784824,5
7.5328646,14.464726,3
0.19102502,-2.1399863,2
7.0245547,7.3391194,5
1.2126667,8.9881935,1
7.4325476,13.503146,3
15.269506,12.107917,0
5.606989,14.833001,3
15.679697,12.115344,0
7.5360003,-5.000128,2
12.837517,-1.6989696,4
6.4493523,4.560747,5
7.356309,17.24912,3
-1.0201857,6.489241,1
6.4938927,17.553677,3
-1.7269208,6.153219,1
6.6786056,16.09994,3
5.9984636,7.4215593,5
6.023235,7.50886,5
17.833815,2.9488044,0
7.53018,5.391201,5
16.989674,7.1784015,0
0.28807944,9.706463,1
5.896446,14.661725,3
4.738806,-4.689225,2
6.5480294,5.2150435,5
5.978895,7.428161,5
5.7877145,13.836578,3
1.4020567,7.7790904,1
6.441206,17.301544,3
8.296782,16.017185,3
18.424782,6.667723,0
8.081968,-4.885316,2
7.689081,-4.959854,2
9.949197,7.727039,5
12.874609,-0.9700894,4
4.7604733,-4.8174863,2
5.8718734,17.976128,3
8.03551,-4.9444537,2
15.120749,12.452476,0
7.1676297,13.892009,3
7.0636306,17.073515,3
4.425007,-4.3323803,2
18.563185,6.692019,0
4.834648,-4.774602,2
8.458001,15.897124,3
7.6939406,-5.9504,2
-7.501268,5.2961397,1
-0.09013374,-1.2256944,2
7.110563,17.14651,3
7.1811023,17.544077,3
6.9387236,16.661917,3
6.1232095,0.36062655,2
7.6704836,-4.956266,2
5.8810472,17.997288,3
3.8423762,-5.578179,2
7.1626315,13.872729,3
12.859318,-0.94450104,4
11.438361,0.55176586,4
7.886407,16.821596,3
8.89317,17.025803,3
4.2833023,-4.584415,2
15.238907,12.61016,0
6.7891335,16.803251,3
10.519908,1.2112373,4
18.81418,2.6877415,0
9.904832,11.878642,3
4.008673,-3.6123083,2
5.9008956,17.916485,3
6.450421,17.189915,3
0.57091975,-0.7641348,2
8.82741,17.017971,3
18.763514,3.0599835,0
13.6054,-1.1427333,4
14.034672,-0.9405292,4
11.061026,1.1801432,4
0.6563012,-0.8149183,2
-7.188789,5.8819695,1
17.964315,5.3378463,0
7.0349793,4.9847927,5
15.603157,11.899096,0
10.839057,1.2565637,4
4.810716,0.5433244,2
15.141106,12.490727,0
8.599998,15.830728,3
15.228118,12.639079,0
12.748284,-1.0516788,4
4.170435,-3.3645604,2
4.8340077,-3.2696579,2
12.82983,-2.0180614,4
6.450676,16.105785,3
4.688608,0.5921275,2
2.9722335,6.089185,1
17.990845,5.3707876,0
13.599874,-0.6742814,4
10.811241,1.286111,4
15.32885,12.083974,0
10.678756,1.5835441,4
8.343214,-4.796186,2
6.0709186,-0.1641465,2
4.0081058,-3.805273,2
6.4737625,16.132126,3
6.441102,16.223448,3
8.903321,16.948837,3
7.321535,16.055014,3
12.166802,-1.0005645,4
6.393505,16.112822,3
8.34912,16.746595,3
12.3835945,-1.8751433,4
6.978949,18.236074,3
5.561213,15.0435915,3
4.108491,-3.5137317,2
8.038238,16.762411,3
8.5589075,15.814621,3
4.787833,0.5030122,2
3.80961,-3.2628286,2
7.1193924,18.229168,3
17.962046,5.392918,0
4.520574,-4.914659,2
8.065982,16.723167,3
14.032875,-1.5761225,4
4.101853,-3.528383,2
13.910531,-1.4678361,4
19.49912,4.640271,0
8.45356,15.872116,3
0.58374166,-1.126678,2
18.59977,3.1904037,0
2.9571843,5.926078,1
4.4521275,-3.0220053,2
5.8960924,-0.0010754281,2
15.773473,12.227761,0
10.587287,1.2789685,4
0.091458105,-0.7707838,2
13.715695,-1.1903118,4
18.694954,2.5743215,0
13.926516,-1.6522833,4
4.851001,0.51302135,2
10.614309,1.3576913,4
6.668335,-0.66969895,2
13.849878,-1.0925518,4
8.563232,15.870624,3
13.689479,-1.4918774,4
13.889765,-0.96483445,4
13.887192,-0.99586874,4
17.891037,4.2414546,0
13.176913,-1.4232433,4
13.891263,-1.160931,4
7.51415,17.06191,3
8.037266,16.712185,3
0.5464876,-1.0515953,2
6.422938,8.410977,5
3.7245424,-2.9002814,2
5.8057947,17.861595,3
18.484259,6.7027,0
15.168193,12.641513,0
13.702757,-0.9067988,4
7.097629,18.299429,3
6.4007387,16.153599,3
10.669571,1.531046,4
6.1607714,-0.04397217,2
15.230876,12.560068,0
2.6909206,-5.9087644,2
8.047036,16.730558,3
6.4096084,16.100157,3
5.9559345,7.3737197,5
4.533173,-4.940842,2
8.955934,16.94836,3
-7.4592414,4.85782,1
6.694062,-0.64927864,2
0.75411415,10.7506,1
18.583014,6.8195877,0
8.087006,-4.647161,2
18.58756,6.8555627,0
13.575091,-1.3242068,4
13.650896,-1.3272716,4
11.131098,1.138846,4
10.751526,-1.663458,4
13.771582,-1.1612942,4
18.846308,2.821548,0
8.7755785,17.056826,3
-1.27252,5.880211,1
13.749499,-0.98215175,4
5.99689,17.633785,3
7.394287,16.2681,3
10.686158,1.2814152,4
8.583424,15.864392,3
0.47034594,-0.40066397,2
7.493638,17.109217,3
14.027774,-1.5446396,4
4.741846,0.58839494,2
6.0488443,17.889423,3
15.5626745,11.909857,0
15.210087,12.6598425,0
2.7684093,6.204202,1
0.50640696,-1.0164188,2
19.536356,4.599713,0
6.1352096,-0.027766112,2
8.781817,16.975811,3
10.7253065,-1.6408937,4
6.5462084,16.069147,3
8.332109,-4.3342237,2
6.6923556,-0.69045186,2
4.557308,-4.5925303,2
-1.4960902,6.3314962,1
4.7551355,-4.63712,2
14.021066,-0.86369026,4
4.8194394,-3.3646402,2
10.798777,1.1086118,4
8.365983,15.73202,3
4.6428027,-4.963169,2
13.016336,-1.2995913,4
3.7243693,-2.8823667,2
10.684483,1.590224,4
5.7546635,17.64344,3
8.203752,16.801474,3
8.12296,-4.5321336,2
15.192892,12.616538,0
5.815332,17.884405,3
13.6067295,-1.4016138,4
8.872536,16.970137,3
11.96693,-0.583634,4
0.6361368,-0.9645795,2
4.793723,0.56987184,2
4.4201717,-2.9382527,2
3.7112117,-3.0009122,2
13.431885,-0.900467,4
3.7436454,-3.0227256,2
15.291056,12.717123,0
13.48406,-0.86204314,4
0.37985417,-0.9094699,2
6.732031,-0.6845553,2
18.86621,2.668536,0
6.4986854,14.246024,3
8.235565,-4.4709477,2
5.526024,15.056964,3
19.243217,6.169748,0
-0.18751684,-1.1924791,2
8.759361,17.053581,3
0.56448174,-0.6360745,2
5.978973,7.5149183,5
6.533012,16.208027,3
8.255286,-4.4446216,2
6.124743,-0.056406748,2
4.10188,-3.5579147,2
7.0724587,17.974321,3
6.761295,17.172602,3
14.05303,-0.8941091,4
8.924789,16.993055,3
7.7242765,17.534372,3
10.890614,-1.6650026,4
6.843009,17.10038,3
15.246641,12.660929,0
6.1378365,-0.13596284,2
4.380311,-3.098604,2
5.734692,17.706518,3
5.160389,14.662543,3
6.172043,13.902891,3
6.110597,-0.06684953,2
4.649902,0.60882646,2
6.090591,13.95664,3
4.6732955,-3.7537246,2
5.8880725,0.016530491,2
15.616135,12.495122,0
5.8663063,0.19910733,2
8.928112,17.05626,3
-0.8738722,5.541075,1
4.778939,0.5236829,2
10.820429,1.1684619,4
4.921358,-3.7314246,2
18.551498,6.8195906,0
0.5020276,-0.9919827,2
5.7641563,17.66272,3
4.4381537,-3.6293085,2
4.464284,-3.4918418,2
10.801015,1.0686224,4
8.03303,16.77818,3
12.529091,-2.2285788,4
4.144915,-3.4408417,2
7.680249,17.458832,3
15.215669,12.630979,0
3.5114079,-3.572585,2
0.63501155,-1.1905689,2
6.9808936,16.22347,3
15.144921,12.659988,0
6.0327096,0.01902167,2
5.716374,17.675262,3
6.599923,16.078865,3
3.014395,-3.636438,2
4.7562766,-3.4040911,2
6.9712825,16.21945,3
6.646233,16.175083,3
7.0538464,16.995872,3
10.690253,1.2652588,4
3.9134507,-4.3599787,2
15.630207,12.049161,0
7.149888,17.530361,3
6.341077,16.143095,3
5.9790363,0.2733146,2
5.8372636,17.733967,3
18.513187,2.8641696,0
4.7122226,-4.9234166,2
6.2103786,17.21084,3
15.327819,12.0193405,0
6.678831,8.316372,5
6.144303,-0.08672487,2
18.50763,6.8929634,0
7.972417,16.154547,3
5.9607897,7.4211493,5
8.8565645,17.047398,3
15.355754,12.128992,0
5.9175153,17.585863,3
15.561896,12.660406,0
6.555341,16.088657,3
6.9655213,17.088799,3
5.821569,17.841002,3
10.02248,7.1973534,5
10.608335,1.3130777,4
13.05103,-0.95972824,4
7.499358,-5.107534,2
7.696593,17.424793,3
13.744934,-1.2571217,4
3.6781216,-3.0198042,2
6.24964,17.788147,3
15.413744,12.349151,0
6.9842033,18.186176,3
4.7627177,-3.3818517,2
6.458075,16.156279,3
6.4497085,16.140703,3
10.043581,11.841423,3
5.8212633,18.013588,3
9.966587,11.900795,3
11.0235615,1.1679256,4
2.8563776,-3.5929422,2
7.9451613,16.75131,3
18.663185,2.7707412,0
19.243298,6.2409186,0
11.42188,0.66553277,4
8.202018,-4.365047,2
6.263901,17.80912,3
18.047014,4.192729,0
18.54396,6.8667126,0
15.649802,12.582225,0
13.982474,-1.5777178,4
6.6551356,-0.6486822,2
9.958763,11.886713,3
0.44122913,-2.192274,2
10.651504,1.4389316,4
13.521284,-0.6923768,4
10.128508,11.904825,3
3.6690993,-2.9016461,2
0.7678757,9.954399,1
10.213981,11.64325,5
7.4159822,16.170568,3
14.033031,-1.5469815,4
15.760331,12.10556,0
19.4559,4.585934,0
19.280085,6.276513,0
4.8954577,-3.7161,2
15.621363,12.543374,0
6.407518,17.772442,3
7.076334,18.27056,3
6.917905,17.059647,3
8.604866,17.011637,3
11.360909,0.6215406,4
11.358806,0.56996477,4
15.238436,12.586896,0
6.540149,16.16949,3
7.954964,-4.7651815,2
0.4304746,-0.38847977,2
6.8078856,16.313593,3
8.241238,-4.3167977,2
3.5242932,-3.2533145,2
5.8623643,17.812384,3
7.713723,17.536503,3
3.768062,-3.5829003,2
5.8999686,-0.021374041,2
-7.2877727,6.0422416,1
15.704606,12.025233,0
7.051208,18.178633,3
2.7329996,-3.5570817,2
7.666971,17.474031,3
6.9757915,17.085438,3
8.202623,-4.45017,2
6.4516015,16.172031,3
5.759711,17.68689,3
9.9975815,6.2111564,5
13.719625,-0.92936397,4
15.323259,12.558876,0
5.818451,17.816484,3
6.6641245,17.18296,3
6.251251,17.758003,3
13.565392,-0.6907124,4
8.044858,-4.5528765,2
4.3827553,-3.0874188,2
4.468418,-3.8462632,2
8.133442,16.105103,3
4.7854967,-4.6038866,2
18.504503,6.8443885,0
10.749088,-1.6819398,4
-7.493665,5.2621865,1
-7.0195184,4.7501006,1
4.646953,-3.8272767,2
15.748912,12.112029,0
13.1324415,-1.3686696,4
7.4031177,-5.1152053,2
18.729443,2.5750604,0
7.4146414,16.196756,3
6.5085235,5.2444515,5
6.0209365,17.867594,3
13.081844,-1.1504121,4
10.7100315,1.1603377,4
7.0761876,18.24357,3
13.748785,-0.9559005,4
11.017257,1.3293171,4
6.490463,16.170311,3
4.3480616,-4.515026,2
7.970534,-4.4514756,2
18.60976,6.7528496,0
18.76444,2.6706185,0
15.284988,12.128156,0
14.061975,-0.9041605,4
5.8962436,0.024125582,2
13.735549,-0.9375569,4
18.125597,5.447579,0
5.7181535,17.881289,3
3.5155795,-3.1803417,2
7.706723,17.47543,3
0.33081156,-0.83883035,2
6.493767,16.07717,3
15.246264,12.630704,0
4.682929,-4.9621954,2
0.040814117,-0.741695,2
14.05393,-0.92540634,4
19.435242,4.7800164,0
4.939249,-3.733457,2
6.4377146,16.114746,3
13.732891,-1.417679,4
5.9405494,0.013385079,2
5.8714843,17.983185,3
18.593029,6.760835,0
5.7278113,17.784737,3
7.3802247,16.075624,3
6.410182,16.15839,3
15.596748,12.37221,0
-1.0768807,6.3632593,1
8.883897,16.993195,3
8.911253,16.988485,3
10.74769,1.5497847,4
17.970846,5.3659725,0
18.381805,6.4658017,0
10.915878,1.4221202,4
10.547414,1.2254938,4
7.553241,17.059744,3
8.882195,16.983435,3
10.71501,-1.6378615,4
5.651026,17.743113,3
4.2131915,-3.4853728,2
5.7801223,17.897985,3
15.192577,12.607543,0
13.784259,-1.1700554,4
7.4303956,17.913727,3
14.114353,-1.515583,4
13.963959,-1.610442,4
10.650317,1.4586064,4
5.8999305,0.0867003,2
0.3315608,-0.856847,2
7.6102304,14.442618,3
15.641481,11.993296,0
-7.5103226,4.817978,1
5.915612,0.0147075895,2
5.7302423,17.846548,3
5.8154488,17.834063,3
5.838247,17.796555,3
7.174806,17.55971,3
4.8346944,-3.2754385,2
18.537865,2.569557,0
15.246863,12.583242,0
8.433648,16.579084,3
4.597295,-4.755939,2
13.720211,-1.0341367,4
15.375472,6.5009217,0
12.28879,-0.98219013,4
13.572021,-0.7245273,4
7.774735,-4.9657464,2
4.9239597,-3.730028,2
18.553307,6.87398,0
5.7111526,14.597574,3
3.7165368,-3.1784184,2
-7.4930983,5.3057218,1
15.778574,12.109279,0
7.980316,-4.9905553,2
17.902857,5.403747,0
5.7304745,17.82471,3
0.61122066,-0.7369281,2
5.0184994,0.6985562,2
10.57921,1.3785722,4
10.641404,1.4533516,4
8.382839,-4.370166,2
18.031464,4.2391233,0
8.068945,-4.741363,2
13.954235,-1.0033801,4
5.9790654,0.20862149,2
5.858995,0.1326421,2
5.735587,17.657827,3
7.0301304,18.267288,3
5.700705,17.85868,3
15.605217,11.857012,0
6.1112313,17.381977,3
6.951196,17.055244,3
15.440906,12.408828,0
4.8606443,-3.2758932,2
18.842407,2.6725783,0
7.0798197,18.27151,3
8.144726,-4.4910755,2
4.647319,-4.5742745,2
7.5234647,17.079609,3
15.186009,12.555056,0
4.741853,0.5728346,2
10.24738,11.661673,3
2.9339125,-5.696577,2
0.08913898,-0.7084667,2
13.671514,-0.91087425,4
7.748263,17.576632,3
10.175878,11.632438,5
13.819771,-0.92990434,4
6.4147944,16.135504,3
18.501707,2.836475,0
4.1840005,-3.43239,2
6.004088,0.11719873,2
8.007272,16.152832,3
18.500425,6.581297,0
6.4976783,17.181505,3
13.701305,-0.9149486,4
10.640514,1.4427898,4
8.03792,-4.47505,2
15.51583,12.629008,0
10.966056,1.187157,4
4.407908,-2.9981859,2
-6.7801833,4.5489135,1
18.64849,5.3166094,0
4.2998962,-3.2485387,2
7.6430783,14.435839,3
7.18481,13.831951,3
15.39147,12.133778,0
7.084792,18.276049,3
7.075403,18.26614,3
9.30391,6.938193,5
6.9621854,18.280647,3
15.501341,12.64105,0
18.017477,4.8768835,0
4.891402,-4.626713,2
-7.471298,5.297228,1
5.8246946,17.9735,3
7.4780445,13.589957,3
8.738013,17.054987,3
6.9755797,18.23785,3
8.014954,16.707258,3
-7.4850125,4.871586,1
19.459461,4.603282,0
-7.4679813,4.8725715,1
8.832268,16.978378,3
10.710252,-1.65615,4
8.016908,16.218723,3
13.945747,-1.6026443,4
4.196431,-3.533057,2
15.235793,12.726236,0
13.881441,-1.0340627,4
4.623126,-3.7672122,2
3.737841,-2.8731744,2
8.4533205,15.908378,3
13.6154785,-1.5432507,4
6.951412,8.896252,5
13.774858,-0.9448731,4
-1.1112523,6.6670628,1
10.078518,11.822021,3
-7.4675307,4.874165,1
7.553378,17.090496,3
15.242295,12.034375,0
19.507727,4.629256,0
-0.25722495,-1.2185574,2
4.463187,-3.026721,2
8.024124,-4.4597716,2
7.769748,17.464624,3
10.862563,1.0188756,4
15.145809,12.387813,0
5.8546495,17.751915,3
13.905705,-1.153792,4
15.553899,11.899925,0
8.049349,16.675236,3
10.669555,1.5819025,4
13.161641,-1.3852104,4
16.434826,6.6088676,0
8.105128,16.048876,3
13.7268715,-0.9065934,4
19.57077,4.5811915,0
8.524769,15.873909,3
5.8182306,17.9627,3
5.673231,17.607624,3
-7.0541,5.2381606,1
6.4621778,5.154613,5
7.9660234,-4.569302,2
17.94441,4.25072,0
4.7948966,-3.356486,2
13.027341,-1.1165274,4
7.746645,17.571453,3
15.17872,12.562517,0
18.549105,6.882042,0
16.356981,8.073675,0
13.6226425,-1.1359782,4
0.6289762,-0.68527627,2
18.368536,6.4129367,0
-7.5047884,5.296098,1
4.0298905,-3.7714756,2
15.4347925,11.841526,0
3.555219,-3.3307834,2
7.722649,17.546585,3
15.578595,11.977384,0
8.257607,16.021145,3
5.8852835,17.718014,3
8.917554,17.028091,3
15.715209,12.204363,0
6.570739,16.092838,3
3.7207415,-2.8869162,2
8.537473,15.862239,3
13.737917,-1.1299169,4
13.733739,-0.9605676,4
6.5695596,16.071112,3
13.533578,-0.7824983,4
13.911222,-1.5710636,4
8.065384,16.66107,3
7.9709153,-4.5500293,2
5.8553934,17.696806,3
7.7228246,17.459404,3
15.419633,12.413537,0
10.717248,-1.6332355,4
13.533209,-1.3736551,4
17.990725,4.239501,0
7.1078753,18.2807,3
13.562003,-0.68471503,4
6.9163184,18.286215,3
-7.489708,4.5134935,1
13.922014,-1.5925378,4
7.0785127,18.255085,3
9.016686,17.01434,3
0.3255185,-0.55786556,2
18.025753,5.403008,0
4.6508775,-3.7173843,2
5.9638953,17.694262,3
4.726676,0.5468383,2
7.133317,18.252764,3
6.4454975,16.156837,3
4.9256554,-3.716391,2
6.415351,16.1305,3
7.213298,18.101978,3
13.099332,-1.2148875,4
10.705156,1.575076,4
14.132937,-1.5210992,4
6.5013366,16.18115,3
13.694364,-1.1678905,4
6.5042634,16.119213,3
4.3734355,-3.0800693,2
-7.430655,5.566769,1
13.879363,-1.531255,4
3.7015257,-3.0841982,2
13.105876,-1.033141,4
0.5015429,-1.2580389,2
0.24708068,-0.6768404,2
6.3939247,16.217539,3
5.7498446,17.66418,3
15.613482,11.846829,0
8.331259,-4.3481107,2
6.3939342,16.121244,3
8.946097,17.005165,3
10.105805,11.888682,3
6.4112463,16.128334,3
0.802484,-1.1792117,2
19.27031,6.181219,0
15.239329,12.640845,0
1.8599843,-5.4832673,2
10.85427,1.2941413,4
0.5932328,-0.89396375,2
7.131549,18.220615,3
2.7250152,-3.4751346,2
2.6589997,-5.906043,2
13.588395,-0.9102682,4
18.496313,2.5674813,0
4.759803,0.52466804,2
6.100309,-0.0616726,2
7.4019156,16.132761,3
5.804666,17.860142,3
7.3270664,16.038374,3
6.1710567,18.002146,3
6.493877,17.612875,3
-7.188541,6.0047536,1
7.927439,16.799686,3
7.91475,16.783545,3
-0.55138624,5.8729115,1
6.9035807,17.10771,3
7.980083,16.724203,3
15.68066,12.251942,0
18.540716,6.5024147,0
5.808044,17.9867,3
15.177559,12.524943,0
14.121687,-1.5179839,4
8.385795,-4.3437533,2
8.354419,-4.3670716,2
7.0886827,18.24937,3
7.0886297,18.275023,3
6.5445056,16.127083,3
8.940106,16.994532,3
0.37529173,-1.2922871,2
15.188367,12.405247,0
15.617484,11.910292,0
0.4373097,-0.6557424,2
8.925602,16.906597,3
13.964291,-1.1167659,4
4.4522123,-4.570404,2
4.288294,-4.5739965,2
-7.516892,4.468137,1
7.3705516,16.131319,3
18.48671,2.7059636,0
8.734667,17.097656,3
4.409036,-4.3189836,2
4.635303,-4.5049562,2
8.408762,15.799599,3
13.157267,-1.1933535,4
13.045379,-1.1483998,4
6.0189886,0.1552888,2
6.889238,17.145737,3
4.238132,-4.6022315,2
10.155593,11.681338,3
15.552477,12.61873,0
15.23928,12.597526,0
8.908739,16.999105,3
13.064021,-1.0939723,4
6.8289533,8.67601,5
3.2426865,-5.624575,2
4.098734,-4.5239377,2
11.133099,0.7403152,4
7.7775693,-4.970946,2
4.322093,-4.662151,2
-1.8518862,6.400017,1
0.5397372,-0.9764735,2
4.498061,-4.68644,2
0.13898817,-1.3219633,2
15.730839,12.143789,0
8.593189,-5.5076656,2
15.354343,12.571729,0
3.752698,-2.8626838,2
8.961666,17.042383,3
0.49279055,-1.0760053,2
4.9692483,-3.7237043,2
0.507232,-0.980868,2
8.399185,15.946558,3
12.438237,-1.5650856,4
17.742317,4.2209353,0
19.601202,4.664862,0
15.293829,12.058106,0
5.7851787,18.012571,3
0.3013754,-0.89578396,2
7.158838,8.288536,5
11.187332,0.7157824,4
18.510992,2.8789647,0
8.041114,-4.6659083,2
8.781932,16.94861,3
13.570165,-0.84922534,4
18.757368,2.7782025,0
7.1755643,17.526634,3
10.176806,11.698262,3
7.4451165,16.284504,3
4.511361,-3.9099865,2
7.984851,16.800238,3
18.54146,2.46499,0
5.9883313,18.080893,3
18.481558,2.7699382,0
12.508544,-2.2320898,4
6.912161,16.306475,3
12.876421,-1.0093743,4
6.0195932,0.31805936,2
12.827247,-0.9933123,4
6.145747,-0.111766174,2
10.787609,1.2973758,4
10.20476,11.61657,5
18.144379,4.1436896,0
5.8830767,0.10875103,2
18.716084,2.5714145,0
0.6317958,-0.6104083,2
5.716071,17.871078,3
8.594478,15.818659,3
11.038278,1.3039259,4
4.52608,-3.4953542,2
18.532597,2.602422,0
17.958387,4.2633734,0
15.178911,12.671902,0
13.62702,-1.5325582,4
7.950488,-4.7218423,2
8.5965395,15.812278,3
18.478975,2.5024092,0
4.4560533,-2.83334,2
19.369888,4.818984,0
4.8296094,-4.814824,2
8.91293,16.921265,3
10.669219,1.5819055,4
6.44518,17.80375,3
5.9138913,-0.020496396,2
3.7553344,-3.3626354,2
17.960426,4.2399144,0
14.047297,-0.9462038,4
-7.4992294,5.301324,1
8.570757,15.817535,3
8.376052,-4.2353587,2
18.038338,5.43158,0
7.988027,16.102804,3
6.0841303,-0.019899301,2
10.058796,11.786695,3
8.574764,15.819336,3
2.8198247,-6.1661763,2
8.533401,15.801133,3
19.252993,6.1658964,0
13.572149,-0.72291696,4
6.843812,17.0997,3
0.5823591,-0.83692896,2
15.171702,12.669308,0
5.912567,18.057983,3
5.6936975,17.772755,3
8.583482,15.826462,3
10.709873,1.3105651,4
5.782679,17.897295,3
4.246387,-3.7577848,2
0.3608626,-0.46591598,2
7.543018,17.01523,3
7.0402436,16.311043,3
7.40399,17.511663,3
6.848857,17.08017,3
7.7082586,17.541513,3
5.8769083,17.832447,3
5.8313804,18.119057,3
15.162401,12.432777,0
4.259472,-3.1971202,2
0.62384415,-0.5295914,2
14.093828,-1.5429525,4
7.3050923,13.611088,3
6.587269,-0.50474477,2
6.8885984,17.156746,3
6.942648,17.077368,3
7.4455104,17.035841,3
12.769,-2.5001085,4
7.300703,13.764039,3
15.540547,11.825612,0
13.659441,-1.637992,4
6.0015206,-0.02557896,2
10.677275,1.6241314,4
7.6063027,14.475557,3
15.406913,12.458963,0
4.733991,0.55324507,2
13.568186,-1.0835888,4
8.903991,16.988651,3
15.402367,12.455886,0
10.828203,1.2593812,4
4.5979342,-4.3642364,2
13.992878,-1.6093979,4
3.6925752,-2.9043329,2
7.085378,18.217028,3
4.70268,0.4987856,2
8.597198,15.877855,3
8.899199,17.064083,3
8.134404,-4.504436,2
7.46931,17.055435,3
13.725251,-0.96260434,4
6.4572086,16.078926,3
13.647419,-1.519112,4
10.596099,1.386724,4
15.305962,12.056467,0
0.9408605,10.877588,1
6.4231544,16.1625,3
3.821389,-3.3166323,2
18.147154,6.139279,0
14.049697,-0.9082606,4
13.661498,-1.5778593,4
9.946807,11.936553,3
-7.212949,5.7874947,1
6.3622212,16.197052,3
7.0200706,18.194567,3
7.1049266,18.148014,3
14.779161,10.97023,0
15.6125765,11.864883,0
0.35118282,-0.5334591,2
13.500977,-0.7607752,4
12.006191,-1.2192616,4
6.5476117,16.125982,3
3.6232219,-3.9174027,2
10.7315855,1.1754801,4
6.4606996,16.082033,3
7.080054,18.261324,3
5.6978173,17.65896,3
10.812056,1.2858205,4
0.5472811,-1.1091355,2
4.2116356,-3.2390828,2
5.8125243,17.950212,3
13.717511,-0.9659462,4
8.58623,15.78984,3
19.23159,6.128522,0
8.904447,16.993355,3
18.645264,6.876925,0
11.091968,1.259984,4
7.4860225,17.902538,3
8.195151,-4.3555255,2
5.8688593,18.04789,3
18.892757,2.831851,0
8.322796,-4.2660108,2
8.435885,16.678743,3
15.754509,12.096113,0
8.910057,17.016972,3
14.070694,-1.4546295,4
13.571894,-1.6075305,4
6.042697,0.086573854,2
6.1921363,0.2281724,2
13.715742,-0.9183563,4
6.433046,16.137228,3
8.862146,16.964354,3
15.408198,12.421261,0
7.014767,18.21932,3
6.0477443,14.096925,3
17.914255,4.2720942,0
7.0648723,18.179375,3
13.988006,-1.592761,4
0.6776878,-0.89784425,2
14.021319,-0.9626582,4
18.667072,3.0738604,0
6.096387,17.58377,3
8.990669,16.990507,3
11.031923,1.2406355,4
13.732099,-0.9472751,4
13.9456835,-1.0128515,4
5.823918,17.59259,3
13.717213,-0.9483953,4
5.795696,17.588388,3
6.8743124,8.452209,5
18.583738,6.699246,0
5.848072,17.780338,3
14.065941,-0.9130614,4
8.008637,-4.8919334,2
6.2106137,17.714233,3
3.6015487,-3.875438,2
0.051547505,-0.77763474,2
7.395381,16.101185,3
13.75483,-1.4915106,4
15.76807,12.056607,0
6.4511356,16.187105,3
3.4786968,-3.4218245,2
2.8963575,-3.4846745,2
8.042539,-4.6265807,2
10.042369,11.72238,3
0.4656292,-0.38756067,2
6.1318684,13.978614,3
7.8843756,17.00751,3
18.569693,2.4347467,0
8.655303,17.019524,3
-7.2083964,5.9579,1
5.0110426,-3.7332766,2
8.931894,17.014606,3
0.087157324,-0.8779048,2
6.13982,-0.04444026,2
7.2866206,13.640192,3
15.323484,12.084844,0
7.100224,18.25378,3
5.9094515,17.776995,3
5.9291406,17.640196,3
18.677044,2.5848281,0
13.552582,-0.723827,4
5.7724485,17.695597,3
0.8517284,-1.1533816,2
5.808414,17.594145,3
17.999952,5.365343,0
15.597555,11.897047,0
13.747871,-1.5681347,4
18.898863,2.7836554,0
7.770707,17.412025,3
8.034926,16.755102,3
15.160198,12.384792,0
5.934185,14.331882,3
15.1901245,12.650158,0
7.6098146,14.477276,3
13.720179,-1.2463833,4
3.7177258,-2.897097,2
6.8487396,17.105003,3
8.281297,-4.3093767,2
10.650275,1.6722232,4
18.600178,6.848072,0
5.9334593,17.919283,3
0.43037215,-2.297465,2
10.559948,1.2650707,4
3.7135162,-2.9880238,2
10.680713,1.6133355,4
6.954513,17.073854,3
8.018684,-4.550196,2
13.557082,-1.1003925,4
5.8630257,17.611057,3
18.619848,6.781711,0
6.721842,-0.6726753,2
17.790121,5.060647,0
8.568702,15.860532,3
8.043339,16.745043,3
17.984886,4.2102737,0
18.723473,3.0376241,0
10.869124,0.970007,4
3.5790176,-3.8456285,2
18.478355,2.8176415,0
5.9098783,17.840511,3
6.8062506,17.043169,3
15.626055,12.507182,0
2.8077013,-3.3957424,2
18.659668,2.9925022,0
-0.98594475,5.3905025,1
4.313648,-3.7766523,2
8.284803,17.516737,3
5.853701,17.849253,3
8.264777,-4.3220925,2
5.851486,17.814734,3
6.7753677,17.14639,3
3.7256923,-3.0245953,2
8.05362,-4.6567025,2
7.9420643,-4.8984375,2
6.2098384,0.33468205,2
4.5518994,-3.8011327,2
3.5793183,-3.6507022,2
4.7385964,-3.762279,2
0.60711396,-0.56170905,2
13.820785,-1.5366894,4
8.707255,17.110863,3
-7.494176,5.3181496,1
6.15643,-0.013432658,2
6.087253,17.804316,3
8.038639,16.726885,3
3.7220533,-3.4750457,2
5.3220563,14.730578,3
15.396476,12.40732,0
3.71862,-3.483941,2
7.968553,-4.5733657,2
5.935108,17.997597,3
5.977865,0.2918021,2
15.129501,12.617654,0
4.478405,-3.0390143,2
5.70342,17.845928,3
8.942866,16.96781,3
5.694379,13.724422,3
2.978082,-3.5847497,2
3.4948616,-3.463488,2
18.615185,2.5345783,0
5.8388433,17.99451,3
13.678364,-1.2280892,4
6.4153056,16.22973,3
-7.4106245,4.616246,1
4.160756,-3.946326,2
7.6399374,14.423112,3
10.67008,1.6141402,4
10.587213,1.2237871,4
6.8602014,-0.53144884,2
18.44819,3.2748075,0
6.1244426,13.9995985,3
13.77105,-1.2136827,4
8.379105,17.328394,3
15.303169,12.349499,0
4.2825866,-3.762485,2
8.029967,16.483929,3
8.082689,16.095772,3
13.541537,-1.0597229,4
7.7748027,17.573225,3
8.413811,17.416948,3
18.688427,6.8800254,0
11.995767,-1.2191114,4
8.045574,-4.655593,2
-7.3961287,5.6032023,1
8.362645,17.42614,3
10.614959,1.4018568,4
8.737933,17.08247,3
8.49632,15.941673,3
10.048181,11.629776,5
7.185853,18.158909,3
6.828929,16.277634,3
8.519576,15.82263,3
15.623087,12.449896,0
10.747433,1.5485611,4
8.561039,15.870576,3
7.6874895,17.48511,3
15.322669,12.688651,0
8.892633,16.920628,3
3.711123,-3.5799563,2
5.8347898,17.924223,3
6.595547,0.3566758,2
4.3022447,-3.8549225,2
0.96331155,7.8270664,1
8.243173,-4.70087,2
13.831036,-1.6529429,4
13.062536,-0.9291336,4
16.395685,8.06923,0
8.925701,16.897457,3
14.092968,-1.4404622,4
8.914683,16.947176,3
-7.3913236,4.7057347,1
4.630653,-3.3081174,2
6.096384,17.910353,3
6.577666,14.126687,3
15.603756,11.920967,0
6.4832544,16.150652,3
6.500761,16.176836,3
15.171302,12.588982,0
6.28343,17.696022,3
7.7368603,14.284669,3
6.192682,17.944284,3
13.591022,-1.1067681,4
-0.19320329,-1.2338998,2
6.024702,0.044458795,2
8.7899065,17.004274,3
-7.4307327,4.5788445,1
8.596989,15.832245,3
8.377914,-4.34737,2
8.014113,-4.9955416,2
14.012587,-0.87205637,4
6.5592556,16.165749,3
0.5778104,-0.6955521,2
15.373908,12.140494,0
0.5332488,-1.01885,2
7.779911,17.3069,3
15.279062,12.530895,0
4.348302,-4.77002,2
4.47328,-3.017669,2
11.334661,0.6704857,4
6.179513,0.3416212,2
4.9763675,-3.7436442,2
5.8976912,0.23629656,2
4.7269154,-4.451641,2
8.305547,-4.5823674,2
-0.29994428,-1.0750349,2
17.97412,4.221795,0
4.43653,-3.9004128,2
6.8829217,17.088675,3
8.779278,17.052624,3
-7.400957,5.5894585,1
4.755431,-4.4391875,2
6.0757785,-0.06121314,2
12.142669,-1.0071487,4
0.5257827,-1.1785865,2
6.9657454,17.07435,3
10.393374,0.40188795,4
15.720948,12.068776,0
7.0324078,18.254513,3
7.761997,17.145449,3
9.696682,11.5537405,5
18.69556,5.3322906,0
15.284694,12.650298,0
10.767031,-1.6534477,4
10.068625,11.642994,3
8.410776,-4.402488,2
4.347159,-4.6640363,2
5.8462453,17.786959,3
1.3611106,10.026044,1
15.26487,12.049532,0
6.199115,0.26572734,2
18.566412,2.8127172,0
7.6994534,17.459576,3
15.276603,12.060138,0
8.035005,16.748463,3
-7.3486147,4.6774344,1
13.465995,-1.3433075,4
6.2534957,17.843391,3
6.278942,17.84209,3
10.095046,11.691717,3
6.3692484,16.15615,3
0.19364722,-0.7669611,2
-1.385233,5.9055595,1
15.561166,11.976728,0
10.984554,1.1456871,4
5.662537,17.702261,3
6.3134346,17.630098,3
0.8952481,11.166411,1
18.838785,2.6559913,0
7.4458947,16.177464,3
4.76745,0.5284992,2
6.5125747,16.12538,3
7.92371,16.75429,3
3.5780478,-3.8244333,2
4.301555,-4.4664297,2
6.441721,17.194307,3
8.075164,16.68735,3
18.485498,6.6831164,0
4.474353,-3.84234,2
7.729733,17.501724,3
8.432715,15.858659,3
13.894192,-1.1085688,4
6.663442,14.069032,3
-7.388413,5.6488285,1
6.2932863,17.909985,3
6.342817,16.145607,3
4.540676,-4.928098,2
4.857498,-4.3716288,2
7.9825377,16.23982,3
-1.1625383,6.3847513,1
15.271917,12.35312,0
13.982008,-0.99238825,4
9.739499,11.565762,5
8.948947,16.910538,3
15.707088,12.15261,0
4.7921495,-4.930403,2
7.691923,17.491976,3
4.4233828,-4.511515,2
15.7260275,12.076449,0
11.346491,0.59007394,4
18.439816,2.376307,0
7.988998,-5.951346,2
18.62481,3.1681397,0
5.9371476,0.040115025,2
5.0814333,0.5189613,2
13.703249,-1.212188,4
7.561617,-5.689698,2
13.763708,-0.93769705,4
4.762613,0.48110467,2
18.70393,2.604928,0
7.779336,-4.925715,2
6.3631716,17.829155,3
0.45270252,-0.5076273,2
5.9171057,0.16228095,2
6.4372873,8.333254,5
0.35785073,-0.50296736,2
12.934135,-1.071821,4
7.725877,17.359583,3
13.304733,-1.4720348,4
14.741281,10.8883,0
2.6683633,-3.9671268,2
3.5257714,-3.442276,2
3.740623,-3.5813403,2
5.9826202,0.2324979,2
-7.58378,4.436388,1
6.436944,16.17889,3
3.5391216,-3.5677414,2
19.03126,4.7636776,0
14.076045,-1.4584116,4
0.83469737,-1.7543019,2
18.572468,2.3886528,0
13.550576,-0.81240034,4
13.826176,-1.5948396,4
10.091265,7.403717,5
18.47723,2.411908,0
13.759838,-0.92131954,4
10.790139,1.2008631,4
8.351456,17.448801,3
13.714675,-1.2449011,4
4.839817,-4.3936806,2
7.912671,16.80147,3
0.642799,-0.78821844,2
7.1122136,18.252918,3
6.792228,17.07998,3
5.842146,18.083755,3
7.7266355,17.515043,3
10.101456,11.73022,3
5.9953613,17.799833,3
6.1524367,-0.026689386,2
6.544865,-0.4520298,2
6.9967184,16.275003,3
4.5359173,-4.187714,2
7.6140695,17.424664,3
10.06183,11.720908,3
7.6625643,-5.948461,2
7.6970415,-5.817309,2
7.3099504,16.218119,3
4.8636346,-4.984814,2
18.592571,2.8434389,0
2.4119394,-4.9695444,2
13.706841,-0.9298155,4
8.888669,16.90466,3
6.451676,16.172064,3
17.940329,4.1859846,0
3.5816753,-3.3502383,2
6.4751587,16.090532,3
8.884845,16.871103,3
2.9230576,6.228902,1
7.872988,-4.4131837,2
8.33188,15.916948,3
8.616,17.048342,3
6.034473,0.3072604,2
7.1557474,17.527807,3
3.7447205,-3.5769506,2
4.7747655,0.59148824,2
16.460455,6.6429753,0
18.57169,6.9286857,0
7.6841917,17.503696,3
15.104655,11.83909,0
6.18298,0.11430332,2
6.759583,17.011581,3
13.213168,-1.2139074,4
19.262775,6.1692505,0
7.9939437,16.055788,3
5.9437957,0.026039807,2
5.787278,17.665405,3
0.70677716,-0.92906237,2
6.847761,17.047146,3
15.291999,12.575093,0
4.5320454,-3.6638784,2
13.429324,-0.79792076,4
4.5108795,-3.5841587,2
4.277527,-4.3775377,2
4.0232544,-3.5551429,2
7.711463,17.453293,3
6.1951427,17.650105,3
6.763253,-0.6353823,2
6.072073,17.631145,3
15.477189,12.37452,0
2.770905,5.8288136,1
6.4304385,16.11054,3
18.522528,2.9608283,0
18.795443,3.1075933,0
10.673408,1.6047113,4
0.1243847,-0.75096244,2
13.713841,-0.8960792,4
8.444056,15.678144,3
6.5210805,16.176924,3
4.7127805,-3.3724778,2
6.720206,-0.677784,2
4.2699323,-4.539113,2
13.695403,-0.8958714,4
13.625134,-1.4393882,4
0.11927503,-0.81166095,2
15.067042,12.457322,0
13.709874,-0.91600156,4
13.443116,-0.9378894,4
6.469059,16.113894,3
13.415481,-0.7858235,4
7.787579,17.502834,3
6.1338854,-0.04740836,2
15.744044,12.078268,0
13.88859,-1.1627647,4
10.406441,0.4472707,4
4.9081364,-3.7367113,2
4.4838166,-3.6460218,2
7.081412,18.276735,3
4.8795238,-4.528585,2
4.6663322,0.5188738,2
5.8027186,17.532553,3
10.001197,6.21144,5
7.6728287,17.496157,3
5.794862,17.627308,3
12.887053,-0.97243226,4
10.690386,-1.594487,4
6.015966,17.453169,3
5.853794,18.026731,3
12.868246,-0.8820667,4
8.086126,-4.3986416,2
15.215179,12.639714,0
7.433137,16.145039,3
15.331488,12.357949,0
5.934158,18.07504,3
8.667591,17.102556,3
-0.22806944,5.6570177,1
5.7630415,17.583878,3
17.966486,4.227068,0
6.4593854,17.603426,3
8.097483,-4.8559055,2
15.241735,12.688938,0
15.20198,12.657294,0
5.9591317,0.10653302,2
4.189401,-3.321253,2
-1.1952764,6.774257,1
2.64035,-4.7418876,2
0.38222802,-0.9596863,2
5.863041,17.806948,3
3.7434888,-2.9286284,2
18.425491,2.705586,0
8.675273,17.104382,3
8.369395,17.408104,3
13.743961,-1.2457966,4
2.465066,-3.9438226,2
-0.21330172,5.5574756,1
3.6980355,-2.9102838,2
7.053267,16.244493,3
7.0746765,18.227798,3
5.8942604,18.000711,3
15.136304,12.412066,0
5.77598,17.960306,3
0.5051174,-0.9665081,2
-1.6531956,6.064206,1
6.8290954,16.831718,3
8.271303,-4.78444,2
5.878379,17.951477,3
7.727848,17.460909,3
0.46711192,-0.39826623,2
6.141257,-0.032399345,2
7.502309,17.09228,3
3.7166774,-3.001521,2
15.231415,12.548903,0
6.139341,-0.059213605,2
4.6559486,0.4793405,2
14.657167,5.561804,0
6.456112,4.9205985,5
8.973446,16.876846,3
2.78388,-3.4506757,2
7.712783,17.483149,3
6.0186114,17.866714,3
4.5340133,-3.534649,2
5.912299,0.02499436,2
7.4118924,14.234541,3
7.9237237,16.764341,3
14.100698,-1.4681113,4
6.0007234,17.459753,3
13.655084,-1.0866605,4
6.4287734,16.121233,3
1.8054456,7.5838146,1
8.792353,16.838604,3
4.7804074,-3.7811966,2
4.9220376,0.71295935,2
8.875234,17.023653,3
0.0007063245,-0.7870841,2
4.833568,-4.578439,2
3.7453287,-2.8753278,2
7.885164,16.816051,3
10.205002,11.7480955,3
3.708697,-3.5418358,2
5.4645514,14.691984,3
3.696526,-2.924975,2
3.7910728,-3.2926855,2
-7.496004,5.3053155,1
15.212771,12.696158,0
8.926593,17.009762,3
7.105878,17.92603,3
11.143068,0.92279035,4
12.997579,-1.0995322,4
8.074507,-4.532421,2
2.956022,5.8989735,1
8.104248,16.737211,3
8.037216,16.776539,3
6.9911065,16.370218,3
5.91066,0.17805286,2
8.370246,17.43867,3
6.970288,16.224709,3
6.7513804,8.159018,5
0.34653598,-0.41337895,2
15.185483,12.644428,0
13.902923,-0.88207394,4
6.7474394,16.317776,3
6.1329603,-0.07972263,2
5.950836,0.30013227,2
4.4011307,-3.5297952,2
7.0713625,18.313343,3
3.5525153,-3.4812446,2
10.19211,11.672288,3
13.94115,-1.435949,4
7.4922347,17.300898,3
17.802319,5.114854,0
4.863072,0.4452662,2
7.0202885,16.259188,3
5.5130606,15.047634,3
4.46995,-3.6289246,2
11.369156,0.6199383,4
-0.21874774,-1.175869,2
5.9486203,0.05666436,2
7.9698744,-4.6470575,2
10.686123,1.6046748,4
5.619826,17.881157,3
15.306448,12.498176,0
10.535029,1.479099,4
17.92208,5.4434686,0
14.544544,5.7391853,0
3.5527065,-3.263698,2
6.91659,17.111074,3
4.2887917,-4.55797,2
14.932951,11.959155,0
5.8654866,17.830372,3
4.2074995,-3.6575,2
3.497753,-3.414965,2
15.709013,12.078472,0
17.664871,3.076629,0
8.817188,17.014948,3
5.8274965,17.790146,3
7.0411773,18.29415,3
-7.5017805,4.4621935,1
15.541796,12.654474,0
10.779136,1.4761822,4
17.94975,5.3908577,0
10.700485,1.0004681,4
11.368964,0.649994,4
4.456143,-3.7249095,2
3.6359346,-2.9964316,2
15.186169,12.291828,0
13.914547,-0.9962985,4
6.4296966,6.8807917,5
19.08208,4.790894,0
4.4791174,-3.6209683,2
10.856916,0.94601923,4
7.1811986,17.465307,3
8.876889,17.046322,3
6.1568055,-0.08012029,2
10.101041,7.821135,5
11.2210455,1.0974725,4
6.46654,16.164925,3
17.77847,5.0579734,0
5.886192,18.029871,3
8.365622,15.771204,3
8.59054,15.819985,3
5.851913,18.036139,3
5.8684425,17.621832,3
5.8784437,18.057749,3
18.5226,6.893127,0
4.8163877,0.48081648,2
8.115423,16.663084,3
5.966142,17.50108,3
8.953068,16.966263,3
15.260888,12.604983,0
7.746496,17.557318,3
9.911558,6.132485,5
7.182726,17.516361,3
7.9943843,-4.486641,2
15.3550205,12.417317,0
3.5846646,-3.269062,2
11.513187,0.5639504,4
4.3950386,-3.0206554,2
-7.56628,4.4302316,1
5.8639526,17.55878,3
18.65978,3.118685,0
5.994499,17.464396,3
5.849002,18.027664,3
6.4918723,17.133913,3
6.4156632,16.123915,3
8.719998,17.06895,3
4.7015824,-3.338146,2
4.132801,-4.707763,2
4.4139266,-2.9201303,2
8.882046,17.001282,3
3.4829206,-3.3839757,2
9.01134,17.038006,3
6.8861823,17.08063,3
0.21062946,-0.69698274,2
3.4871938,-3.3095498,2
7.6339006,14.368616,3
4.373671,-3.033902,2
4.720987,-3.3863108,2
6.131578,-0.06744635,2
8.955377,17.056662,3
6.450386,14.136193,3
7.1766715,17.538013,3
12.971304,-1.1177564,4
4.86468,0.4452879,2
11.231261,0.5707362,4
8.490085,15.8998,3
7.528814,17.049652,3
0.3600423,-0.48556373,2
8.55813,15.8560095,3
4.9501047,0.32779834,2
4.383945,-3.1043978,2
18.63324,2.8685198,0
13.599274,-1.5646474,4
9.970502,11.894363,3
11.319073,0.5506969,4
6.108944,0.35571223,2
7.4572134,17.684732,3
10.136544,11.697533,3
4.6837573,-4.632619,2
4.669264,-3.3460047,2
7.7472157,17.484367,3
13.221692,-1.2440063,4
7.471968,17.844124,3
18.62224,5.300354,0
13.989305,-1.5120612,4
7.8577633,-4.6441264,2
6.4848495,-0.43293446,2
13.55471,-1.0775145,4
7.7892537,17.47648,3
14.133734,-1.3919792,4
9.996048,11.685637,3
14.6315,5.6344366,0
4.5633283,-3.4799318,2
6.8593335,17.03977,3
10.065034,11.6840725,3
2.7566755,5.885821,1
4.8566794,-3.4105446,2
5.508563,14.8824005,3
18.799416,2.6943285,0
15.12117,12.426123,0
15.116762,12.492847,0
4.3948736,-4.4361987,2
6.510669,16.160042,3
10.203099,11.679893,3
8.70623,17.117437,3
15.269774,12.568345,0
8.388025,-4.742835,2
5.6388073,14.536383,3
0.13038626,-0.78301436,2
7.392361,16.056723,3
-0.9853578,5.888744,1
5.86602,18.062881,3
15.7297945,12.158818,0
14.729655,10.910948,0
0.6318812,10.440515,1
8.035857,16.726585,3
0.14017987,-0.7351839,2
7.4319797,16.206333,3
10.924274,-1.6406373,4
5.871828,17.900784,3
5.900501,17.579506,3
6.5456266,16.137613,3
7.8988523,-4.9791794,2
6.0099707,18.043692,3
15.736389,12.061698,0
17.902039,4.0971723,0
4.0481377,-4.3687315,2
9.988437,7.441102,5
7.936993,16.727798,3
10.119105,11.691958,3
7.077321,18.295155,3
8.342907,-4.6538143,2
10.2012415,11.693223,3
6.2407002,17.768745,3
5.5114064,14.361093,3
3.7933123,-3.4658434,2
7.1780686,13.796604,3
11.365896,0.75427884,4
5.8403263,18.110731,3
5.8746557,18.036507,3
8.949624,17.047169,3
8.071104,-5.7502418,2
7.1108994,18.240042,3
10.161782,11.686739,3
7.7829227,17.45492,3
4.0649953,-4.5646744,2
6.204379,17.695127,3
4.87093,-4.7225437,2
7.098302,17.013374,3
4.9101996,-3.7218006,2
8.134667,-4.335498,2
3.7148898,-2.9614396,2
8.036805,-4.5668364,2
10.731191,-1.6739926,4
15.454418,12.483695,0
8.3469,-4.561012,2
3.7120028,-2.8531942,2
9.943401,11.948519,3
9.000035,-5.6562963,2
17.68563,4.165457,0
2.3587599,6.8942623,1
10.703325,1.2774869,4
7.713404,17.493742,3
15.2067585,12.623729,0
6.349331,14.796743,3
10.8551855,1.2455709,4
4.29982,-4.762628,2
6.1214337,0.10316411,2
-7.357979,4.607839,1
-7.5181265,4.3970947,1
3.6447918,-5.3603106,2
10.12326,11.779225,3
7.488991,17.717278,3
7.0255365,17.125107,3
6.2507377,17.76142,3
10.241953,11.674966,3
15.385602,12.117559,0
4.59915,-4.2860866,2
12.748197,-1.0211191,4
17.639807,4.1594524,0
6.488447,16.168242,3
18.412983,6.4567456,0
10.210424,11.697312,3
7.0181613,16.215252,3
17.93208,5.378985,0
15.534639,12.647321,0
18.714571,2.5118058,0
7.184048,17.547873,3
3.7568872,-3.0104444,2
6.9664617,16.288483,3
-7.492278,5.2608643,1
17.75416,4.1963325,0
5.718381,17.745388,3
7.732968,17.326784,3
19.539984,4.5453577,0
3.8486784,-2.8501225,2
10.254154,11.6627035,3
18.016989,5.39526,0
13.343082,-1.2680283,4
8.919823,-5.7985425,2
18.864836,2.6810846,0
14.732875,10.882854,0
6.8364944,17.154413,3
6.9224014,17.083723,3
4.2993464,-3.518084,2
6.8786764,17.222668,3
4.255144,-4.794577,2
6.1487226,-0.00022600035,2
18.020384,4.2769165,0
5.912113,17.920773,3
8.295595,-4.516391,2
5.8704915,17.837763,3
18.648846,2.5723011,0
15.240724,12.560375,0
4.715578,-3.7852314,2
3.991107,-4.052959,2
6.107243,-0.035317462,2
8.473298,17.046057,3
18.627115,2.4889185,0
15.73299,12.070567,0
3.7192652,-2.9274247,2
18.755959,2.613961,0
5.8905315,17.657942,3
5.743522,17.648428,3
15.293978,12.176869,0
19.238317,6.1177673,0
4.747261,-3.379822,2
13.616845,-1.4997296,4
7.4043603,16.121035,3
7.4212904,16.19514,3
4.7838855,0.48213825,2
3.5289721,-3.2292593,2
13.576865,-1.5535452,4
13.931457,-1.2029159,4
18.010202,5.3948755,0
9.775497,11.526738,5
6.697508,-0.671698,2
7.663003,17.46647,3
11.327598,0.6050255,4
15.333362,11.706499,0
7.8408694,16.814018,3
7.490894,16.173576,3
7.0376105,17.69314,3
15.241563,12.157324,0
5.610504,14.383823,3
15.748751,12.009251,0
12.180515,-1.0678687,4
10.248459,11.668178,3
-7.554594,4.4409084,1
6.636212,17.702879,3
3.9030497,-5.7349925,2
4.571753,-3.395171,2
7.97063,16.234509,3
15.155324,12.354484,0
15.136923,12.409588,0
0.33009106,-0.42712185,2
8.955308,16.929327,3
18.164404,6.865607,0
-7.355782,4.577904,1
6.900655,-0.5475753,2
4.71344,-3.8340733,2
4.1935954,-3.2820091,2
6.126122,-0.09754891,2
0.40714335,-0.36057642,2
8.548222,15.881479,3
8.8429165,16.946108,3
7.3454223,16.070248,3
12.796789,-0.89732075,4
4.852452,-4.8981023,2
7.052374,17.88443,3
5.996593,17.664145,3
17.993984,4.2066827,0
4.786012,-3.3324974,2
7.0327287,18.235315,3
4.66325,-3.4356463,2
5.607738,17.876616,3
10.0060425,11.85878,3
4.7023697,-3.3590324,2
5.5841208,15.158674,3
10.181719,11.697156,3
4.73936,-3.4239392,2
11.102711,1.2607064,4
14.042589,-0.9712557,4
6.072784,0.1315085,2
15.190416,12.633215,0
5.677,17.743145,3
7.3954945,16.081793,3
15.133542,12.402696,0
8.066927,-4.8858542,2
6.4563723,16.082594,3
8.396578,16.628042,3
3.7917514,-2.869128,2
17.940886,4.289664,0
8.020665,-4.4200554,2
5.750481,17.632257,3
6.0808315,0.024770603,2
4.4516973,-3.6591325,2
8.900447,16.927223,3
7.4565687,17.360495,3
6.112843,-0.0040832823,2
18.70067,2.6316433,0
6.4368954,16.181437,3
13.107716,-1.2211316,4
7.223747,18.10257,3
8.9296875,16.998867,3
6.8835154,16.778852,3
4.330033,-3.2758245,2
15.597511,12.499985,0
4.5489755,-4.9195867,2
8.88818,16.968124,3
4.477358,-2.943207,2
3.712514,-3.7501519,2
-7.3047075,4.726884,1
2.7972374,-5.4334803,2
4.233166,-2.9556267,2
9.024447,16.972641,3
18.420683,6.4358573,0
4.1104007,-3.8577073,2
5.803471,18.00722,3
10.572679,1.403516,4
7.6495676,17.464073,3
15.703851,12.057391,0
2.8002858,-3.4275553,2
10.591396,1.4023879,4
12.809607,-1.0393082,4
3.736962,-3.3953207,2
7.1250505,18.205923,3
7.368529,17.743916,3
5.5824494,15.085046,3
4.4951577,-3.5823689,2
5.9341474,13.901608,3
8.757342,17.035038,3
13.749581,-1.2436202,4
5.851594,17.835625,3
7.5877795,17.04928,3
15.426185,12.436045,0
15.301643,12.528831,0
5.921921,18.008049,3
7.6745415,17.45745,3
18.042356,4.1901865,0
12.889285,-1.0243909,4
7.762017,17.446516,3
18.541155,6.901554,0
18.641127,6.8414707,0
6.1488714,-0.09441304,2
8.08081,16.700636,3
0.40037996,-0.9717931,2
6.2300773,17.721865,3
13.612049,-0.9710875,4
6.0735703,17.797186,3
6.638832,17.46218,3
5.9075365,17.862816,3
5.9487624,17.80902,3
17.907797,5.4345064,0
15.204209,12.047682,0
2.4069133,-5.141427,2
7.640816,17.44666,3
11.400026,0.6385957,4
5.6411276,14.552116,3
10.046123,11.66948,3
15.275123,12.114252,0
7.411933,17.917826,3
-7.493339,5.245958,1
7.972008,16.970192,3
8.17914,-4.318967,2
5.6462,15.243796,3
6.6048617,4.82051,5
7.986265,-4.485597,2
6.8667955,17.053905,3
3.7637496,-3.534323,2
14.046553,-0.9377148,4
8.464327,15.864937,3
10.529546,1.2204505,4
4.2852373,-3.3299081,2
0.62861645,-0.9899013,2
10.296285,11.643082,5
-0.30128738,-1.3144346,2
17.948511,4.230246,0
7.4651814,17.07708,3
15.180347,12.638062,0
8.137152,-4.343923,2
0.96713895,11.092186,1
8.951468,16.948162,3
8.058771,-4.4958797,2
5.7816415,17.833218,3
6.0511174,0.13736501,2
13.895181,-1.0416956,4
7.4543676,16.215,3
14.128094,-1.4739251,4
-1.0249941,6.610972,1
15.0896,12.754389,0
8.035117,16.723242,3
5.7597404,17.668287,3
5.4812694,0.27825493,2
6.7196727,-0.67317253,2
13.851347,-1.2457426,4
19.598894,4.757789,0
4.3122854,-4.6878624,2
13.590015,-1.4413391,4
5.2837806,14.689957,3
7.1157303,17.158602,3
6.5002513,16.079342,3
-1.5201966,6.4244623,1
10.55967,1.1823189,4
8.897195,16.948538,3
6.5225744,16.093733,3
4.6330276,-3.8355694,2
8.178786,-4.39937,2
4.7382984,-3.8234255,2
6.0913024,17.93792,3
7.100638,18.22935,3
4.402076,-3.8278441,2
18.010204,4.2833757,0
4.701279,-3.3631496,2
8.877242,16.956682,3
7.6651387,14.43661,3
10.689465,-1.6377195,4
13.885174,-1.317935,4
5.9291935,18.021368,3
5.9237604,18.005138,3
6.3267136,17.651445,3
8.031494,16.762283,3
4.830752,-4.634873,2
8.26458,-4.4927297,2
5.7200584,17.643572,3
7.044453,16.242529,3
8.924584,16.91948,3
15.669262,11.999662,0
17.936686,5.4020715,0
5.9360595,18.022303,3
8.713317,17.089571,3
15.203735,12.64934,0
6.1943593,17.891563,3
0.06494202,-0.85010904,2
18.667633,3.0641825,0
3.4411304,-3.377677,2
10.182161,11.630152,5
6.0574174,0.096126914,2
7.1931734,16.148556,3
17.921694,5.273088,0
8.096322,-4.5921674,2
13.078529,-1.1886443,4
4.785752,0.4935465,2
11.168116,0.86339957,4
5.965131,17.75169,3
5.921864,17.713282,3
5.883538,17.915735,3
6.480583,16.066658,3
8.912287,16.957153,3
8.097723,-4.3929415,2
4.445891,-3.249225,2
4.144459,-3.4829369,2
13.946636,-1.0002148,4
5.9372077,17.768328,3
10.23679,11.679564,3
10.812667,0.31880385,4
14.638262,7.009314,0
8.044043,-4.4936595,2
5.7989626,14.493971,3
4.469845,-2.9583004,2
18.732567,2.955791,0
13.936484,-1.5821184,4
5.8620777,17.734093,3
2.4649286,-5.176414,2
8.933959,16.997425,3
13.974164,-1.5904224,4
14.019147,-1.1889858,4
18.783852,2.941433,0
13.442441,-0.912555,4
6.1803246,-0.10684287,2
15.713278,12.10115,0
14.014624,-1.1273125,4
15.758302,12.052549,0
7.0479116,18.309965,3
10.153896,11.598941,5
4.4263363,-3.0642498,2
18.686777,2.6755888,0
12.424743,-0.8267421,4
6.1657867,17.957716,3
7.6941833,17.445425,3
4.6940694,-3.4024334,2
15.079711,12.4199705,0
6.6383753,-0.64204746,2
4.264014,-4.625412,2
5.83491,17.654352,3
3.8252857,-2.8489406,2
6.085446,17.895094,3
8.876845,17.014954,3
17.996626,4.2556458,0
8.190319,-4.3333955,2
10.232576,11.683717,3
15.422502,12.353918,0
6.1067667,0.030980725,2
7.006571,17.042135,3
2.8077888,-3.396972,2
15.19346,12.650409,0
6.8386765,17.084402,3
4.4018555,-2.9995172,2
3.5011518,-3.2166042,2
5.9233418,17.731642,3
-7.5001354,5.2865686,1
10.0604,11.637912,3
8.593625,15.892895,3
18.831732,2.6795084,0
6.9590845,17.09668,3
7.9403143,16.775293,3
18.463017,2.9132528,0
18.541002,2.8840208,0
8.734839,16.910658,3
7.5045986,17.127516,3
4.508997,-3.0158026,2
15.156894,12.673821,0
18.667192,2.8164015,0
4.313948,-3.746824,2
14.143181,-1.5081906,4
4.4079843,-4.2688656,2
3.6570039,-3.4747744,2
4.88299,0.5223462,2
4.609134,-3.558636,2
7.1914515,17.474905,3
-7.495349,5.290167,1
3.7598875,-2.9832685,2
7.690365,17.55426,3
0.012498632,-0.7692794,2
8.470814,15.810824,3
2.7817285,-3.4187617,2
0.32827753,-0.4826746,2
4.869901,-3.812852,2
15.495027,12.589226,0
18.27392,6.6962767,0
7.701379,17.46492,3
6.3034186,17.723772,3
3.7454972,-3.3409367,2
6.122015,-0.012990142,2
8.024141,-4.518589,2
7.624519,-4.9186873,2
5.9684486,0.283237,2
6.1004195,0.29259863,2
6.30795,17.732616,3
7.1386724,17.531683,3
12.832138,-0.9544881,4
8.87216,16.966658,3
0.32715422,-0.41869062,2
0.20818183,-0.5401903,2
4.2632985,-4.6019497,2
12.462359,-1.5824722,4
0.41579616,-2.182149,2
8.108461,-5.931012,2
6.954878,18.236528,3
3.7377565,-3.3860164,2
6.4588013,16.104082,3
7.527183,-4.978164,2
8.145103,-4.6460433,2
3.7451212,-3.4660861,2
-7.5003333,4.4690228,1
2.415034,-5.066572,2
9.725898,11.542203,5
19.53947,4.597867,0
8.471266,16.663776,3
10.101006,11.764973,3
6.130706,0.0004783777,2
15.342128,12.148958,0
10.024013,11.612337,5
5.9452534,7.5266237,5
15.117913,12.386064,0
5.9750643,0.38850644,2
0.60249925,-0.84400105,2
7.089759,18.277702,3
7.9609685,16.736187,3
-7.497594,5.29285,1
6.754369,-0.69144875,2
17.96721,4.253684,0
11.322538,0.712911,4
5.976176,17.622532,3
2.7983286,-5.248656,2
10.789866,-1.6354313,4
8.63363,17.129662,3
4.7783546,0.39089376,2
4.27496,-4.564471,2
17.977211,4.3126945,0
18.678663,6.8646927,0
18.824566,2.7356064,0
6.478102,16.202402,3
11.261582,0.59266126,4
3.6540976,-3.0278397,2
13.902603,-1.4794413,4
8.917726,16.974504,3
4.392477,-3.690196,2
4.837247,0.4814591,2
18.000303,4.2498555,0
0.54966223,-0.9052783,2
6.704576,5.487906,5
15.223735,12.614892,0
4.9803324,-3.7523365,2
5.7890453,17.720425,3
14.737322,10.906785,0
7.0875497,18.219412,3
18.84927,3.0756798,0
7.9201946,-4.6222043,2
7.010206,16.219202,3
10.220688,11.672048,3
6.230085,17.913698,3
6.2170844,8.713082,5
13.161935,-1.3540317,4
13.607439,-1.4366562,4
7.1279526,18.220219,3
13.309884,-1.2980322,4
-0.16918705,-1.1833647,2
13.692593,-1.6271404,4
6.1704793,17.753305,3
18.204191,6.7547674,0
6.335488,17.769676,3
3.3111222,-5.5149417,2
7.093244,18.216837,3
10.065305,11.829772,3
-0.14630203,-1.0777912,2
15.218621,12.600984,0
7.6800747,17.480766,3
4.5230136,-4.357846,2
10.650543,1.3027632,4
6.047961,0.12341224,2
3.9628632,-4.101082,2
7.9569097,16.135511,3
4.2370133,-4.610205,2
10.884953,-1.6816635,4
6.054121,0.028122181,2
14.737225,10.882881,0
6.029609,0.28587186,2
7.883563,16.148127,3
19.5482,4.7537165,0
13.440101,-0.67344445,4
4.245127,-3.3555677,2
7.0935516,18.16808,3
10.21503,11.796944,3
17.959084,5.365497,0
4.3555956,-4.682495,2
8.086146,16.710022,3
4.350092,-3.202948,2
10.781591,1.5657023,4
6.033418,18.136269,3
7.62127,17.00481,3
18.52194,3.2173204,0
10.206451,11.725703,3
2.8056757,-3.6914632,2
12.862043,-0.8918163,4
4.74792,-4.532539,2
5.8369203,17.800503,3
10.0954895,11.857079,3
7.3501925,17.353321,3
10.067867,11.826672,3
8.165943,-4.8079257,2
6.77071,-0.70484316,2
7.9099417,-5.097336,2
13.969316,-1.0133377,4
7.7914534,-4.9369097,2
8.996679,16.907768,3
4.5053735,-4.3035197,2
10.088998,11.703746,3
6.446912,16.47211,3
8.889642,16.965137,3
7.0849032,18.167007,3
15.265294,12.620645,0
6.231759,17.911224,3
6.543839,16.147713,3
6.1207314,0.26162988,2
7.711606,-6.021491,2
5.9995356,17.705006,3
8.808202,16.961287,3
4.0710826,-3.446895,2
4.469575,-4.395732,2
5.534635,14.860095,3
7.7861085,-4.8027987,2
5.980474,0.0038559376,2
6.5366163,17.658018,3
3.7408044,-5.3601155,2
3.824057,-4.2542434,2
6.0778236,0.20074522,2
4.4771233,-4.9061303,2
0.42929426,-0.30565494,2
8.003103,16.125559,3
7.9640613,-4.609399,2
14.035782,-1.6363188,4
18.464691,2.9089441,0
6.5139527,16.275036,3
4.2762394,-4.7009764,2
18.216272,3.78578,0
7.179743,17.480871,3
13.750159,-1.2272707,4
8.487531,-6.0623546,2
18.017836,5.3874125,0
5.566797,15.128257,3
4.0834885,-3.4538565,2
8.297968,-4.753782,2
5.6808,15.001133,3
7.6682234,17.445854,3
7.0942845,18.314806,3
10.687445,1.6214017,4
7.0688143,18.265676,3
9.010287,17.087713,3
0.43632177,-2.183983,2
18.04971,4.2700877,0
8.181865,-4.353184,2
13.3872175,-0.95457506,4
7.969765,16.730396,3
18.748005,2.6169724,0
0.2738536,-0.47503117,2
6.390997,17.63692,3
7.7542586,17.534534,3
17.986082,5.3734527,0
4.482789,-4.322838,2
4.811394,-3.31677,2
7.36528,16.169477,3
6.1304774,17.644972,3
5.9940257,0.015931934,2
18.689754,5.3372946,0
8.358868,17.459557,3
7.074945,18.208355,3
7.0320582,17.77208,3
15.195726,12.647738,0
5.774297,17.6115,3
2.6637118,5.704708,1
6.73358,-0.6662665,2
5.736468,17.891357,3
3.7839012,-5.7299633,2
-6.9928174,4.725509,1
4.8246217,-4.435108,2
7.0177655,16.29573,3
8.02134,16.147715,3
7.187355,17.195929,3
7.9944706,-4.5825515,2
13.103383,-2.7174964,4
3.7738595,-3.4556506,2
4.817579,-3.7606993,2
2.472089,-4.916155,2
3.7520964,-2.9070153,2
4.512497,-2.9378695,2
15.636052,11.934082,0
9.013917,17.01501,3
3.5776675,-3.1774116,2
18.533651,2.419251,0
6.2891645,17.801739,3
7.341246,16.23369,3
1.0730417,-1.1890802,2
16.33879,6.5879,0
0.29540694,-0.45339406,2
7.722596,17.511812,3
15.548043,12.527698,0
3.7519562,-2.8945816,2
6.4032674,17.73796,3
7.596652,-4.9373274,2
13.055082,-1.1491144,4
18.555994,2.5816965,0
10.088952,11.778189,3
18.829931,2.9369285,0
0.37216187,-0.68804246,2
17.971832,4.255427,0
7.096125,17.17729,3
3.837047,-3.8086143,2
6.3057547,17.862448,3
8.31276,-4.2666745,2
7.7180586,-4.9418135,2
8.257164,-4.291535,2
7.162611,17.29427,3
8.5464525,15.825657,3
12.992754,-1.1036621,4
7.562378,17.090631,3
18.552567,2.4130158,0
12.726956,-0.8866192,4
13.97769,-1.6032431,4
14.068039,-1.5780396,4
15.164471,12.553823,0
11.099768,-1.6009827,4
6.4336863,14.315387,3
17.974169,4.24719,0
8.577909,15.85441,3
4.3103714,-3.652345,2
8.062641,16.720245,3
10.024347,11.87339,3
3.7640944,-2.881071,2
7.7268796,17.48129,3
0.55265296,-0.7110673,2
3.7205036,-2.9031992,2
13.655929,-0.9518137,4
6.484681,17.225082,3
10.192824,11.706507,3
3.7271297,-3.0084696,2
7.642423,-4.9227586,2
7.0735526,18.309614,3
-1.3817741,6.742561,1
13.372094,-1.0725672,4
5.800903,17.8697,3
10.774333,-1.6684512,4
8.506453,-6.0356336,2
18.679993,2.7433803,0
13.698775,-0.9423233,4
7.1060348,18.151604,3
7.4939895,17.03849,3
0.41418278,-0.3221231,2
18.665606,2.7358074,0
8.28636,-4.7440915,2
3.6398816,-3.0961864,2
10.706687,1.589007,4
7.633317,14.396187,3
7.0683794,18.270195,3
7.6133924,17.437767,3
-7.2616024,5.859656,1
15.619029,12.692227,0
17.98772,4.2348742,0
3.6247144,-3.3022442,2
8.282956,-4.2815747,2
18.478907,6.6825266,0
6.017277,0.36618778,2
15.1748705,12.582572,0
6.5862603,17.610523,3
6.5396185,16.151087,3
2.379876,6.903052,1
2.9103208,5.9667325,1
13.651762,-0.89657825,4
6.9948545,16.920094,3
6.2986045,17.848734,3
3.7056825,-5.5136123,2
15.203509,12.498505,0
-0.2945573,-1.2615364,2
3.5364406,-3.135489,2
7.1079063,18.289291,3
8.03621,-4.5412474,2
8.876689,16.960526,3
6.0488477,18.052145,3
0.24778189,-0.52649325,2
2.7320292,5.7407103,1
5.9170604,18.02665,3
18.590757,2.6419806,0
5.8370194,17.707977,3
4.8433414,0.51822627,2
8.039627,16.710659,3
7.6799793,16.936258,3
8.441851,15.93972,3
3.7465394,-3.0836048,2
0.12915374,-0.71512824,2
4.781007,0.49258256,2
0.6789084,-1.1025007,2
15.569221,12.67865,0
7.9009104,16.787834,3
18.588179,2.5256906,0
0.13978188,-2.1484535,2
4.0103316,-3.7173195,2
7.8916745,-5.953912,2
0.6499536,10.677864,1
3.731704,-3.5654619,2
9.80095,11.533487,5
2.776919,-6.0432997,2
5.777725,17.951096,3
15.153922,12.396524,0
4.3913383,-4.5939684,2
7.7035565,17.442497,3
12.54285,-2.2164035,4
7.1122475,18.23991,3
15.284866,12.112129,0
19.55415,4.7028513,0
4.11915,-3.6139498,2
2.3000257,-5.367616,2
6.546521,17.164246,3
12.572154,-2.0155323,4
4.9246697,-3.740927,2
8.54405,15.829103,3
5.8582697,18.001518,3
13.623368,-1.6145909,4
17.96085,5.294432,0
7.156197,17.403065,3
7.8912616,16.816034,3
8.43174,15.799658,3
6.1455135,0.14197937,2
0.45403725,-2.115273,2
4.2372155,-3.2918215,2
7.6317015,17.405987,3
12.970501,-1.1320804,4
7.070774,18.273045,3
18.59449,2.9147284,0
11.261115,0.57998025,4
3.8287125,-3.5603297,2
8.017208,16.748934,3
3.585388,-3.8634698,2
5.7481775,17.831718,3
5.9098754,0.013453162,2
6.3213573,17.865881,3
3.521495,-3.3347478,2
4.1289907,-3.4940414,2
6.7247696,-0.6735925,2
15.212806,12.640188,0
7.044347,18.308983,3
18.928976,2.813239,0
4.8350525,-3.354472,2
7.966884,16.090294,3
6.225897,17.963448,3
5.945944,17.972935,3
8.046173,16.671022,3
13.9449625,-1.6294836,4
18.552444,2.451128,0
7.550464,14.17484,3
3.7092474,-2.9235036,2
5.759024,17.949486,3
7.83062,14.306476,3
3.7841685,-3.2700965,2
6.312901,17.8011,3
4.407056,-3.1061728,2
5.901156,0.12512618,2
8.440738,15.841608,3
2.7506173,-3.482402,2
6.4892545,17.139605,3
14.732313,10.896478,0
5.734189,17.670435,3
13.465204,-1.0708437,4
8.430369,16.672115,3
18.530931,2.6287913,0
13.805603,-1.3012183,4
6.4301076,16.068031,3
8.469718,16.618826,3
3.6796308,-3.3668292,2
3.74738,-2.8967624,2
7.0368147,18.341986,3
13.146609,-1.1586596,4
4.0860267,-3.466227,2
-1.3550254,6.677731,1
3.6814835,-3.4437032,2
13.50641,-0.95456725,4
0.35165587,-0.64727515,2
3.7288847,-2.8955247,2
15.216033,12.577952,0
11.132113,0.920514,4
8.019716,16.6961,3
6.6627536,15.9641905,3
15.165751,11.7332325,0
3.838453,-3.3455744,2
-1.3710972,6.7833214,1
4.130274,-3.387705,2
4.8208365,-3.3250394,2
6.314469,14.820799,3
18.727184,3.0358503,0
6.0235696,0.42940128,2
12.3741255,-1.8646108,4
7.087798,18.278427,3
6.0847244,-0.14548905,2
15.416651,11.948813,0
8.856438,17.028913,3
8.824905,17.045559,3
15.123611,12.434524,0
6.2645493,17.789454,3
4.4581017,-4.4626546,2
13.362485,-1.12174,4
15.172855,12.606084,0
13.509731,-0.68738884,4
7.0554132,18.313663,3
13.636384,-0.89704335,4
7.064688,18.244192,3
8.259217,16.009115,3
7.7926435,-4.6226654,2
7.7310696,17.465115,3
15.449149,12.4274645,0
8.062297,-4.5942163,2
5.9271426,17.836771,3
13.628929,-1.477835,4
-0.17434229,-1.1472198,2
6.6894593,8.827782,5
5.690902,14.569946,3
8.085543,-4.563888,2
7.075238,17.986473,3
3.0069234,6.0916667,1
2.8641877,6.056088,1
15.573699,12.63466,0
7.9164524,-4.622398,2
17.707552,4.1686416,0
11.44894,0.56959504,4
3.9810643,-3.5882332,2
15.406228,12.489789,0
8.180846,16.001017,3
17.942585,4.2850714,0
6.866581,8.674081,5
10.341814,0.32227066,4
7.7031236,17.533037,3
4.4650545,-2.9965353,2
3.7782602,-3.2602234,2
4.4269915,-4.8457365,2
8.113303,16.708817,3
7.7009416,17.530958,3
0.6574927,-0.8318718,2
18.52792,2.6755393,0
15.665918,12.036455,0
15.758635,12.119466,0
7.8393106,16.850523,3
13.621447,-1.4692413,4
7.8987823,16.880816,3
6.5233054,17.19862,3
15.560125,12.681007,0
3.811278,-3.7835667,2
13.94642,-0.9208971,4
8.088974,-4.7978883,2
5.899412,17.957651,3
15.597908,12.532727,0
7.8629003,-5.977461,2
7.9201283,-4.6455545,2
10.752866,1.3365169,4
8.106113,16.023249,3
10.016016,11.814163,3
4.7701797,-4.594023,2
6.3466916,17.825397,3
5.832975,17.996572,3
9.825061,11.93723,3
7.364909,17.971321,3
8.550449,15.823538,3
6.2220407,17.779503,3
7.097515,18.282383,3
18.456758,3.0985146,0
5.8605475,17.988329,3
3.3965094,5.861914,1
5.972315,0.4759211,2
7.917505,-4.584295,2
2.9091318,-3.5653718,2
6.2084155,17.545383,3
3.5220678,-3.4194655,2
11.068676,0.9319819,4
8.2807,-5.977504,2
13.0522995,-1.1344622,4
11.35037,0.5918992,4
12.95825,-0.92678756,4
5.476128,14.969849,3
4.8574224,-4.364324,2
9.75594,11.508975,5
4.1018677,-3.7867014,2
4.2458863,-3.3621013,2
0.18941075,-1.1745566,2
5.7669325,17.630507,3
7.0392895,18.206652,3
13.2841215,-1.2289007,4
18.52052,2.8739138,0
3.5344207,-5.8443003,2
7.5585537,-4.93167,2
7.16617,17.493696,3
4.8483906,-3.3654392,2
7.799219,14.59679,3
3.5600712,-3.4140904,2
15.145947,12.647452,0
4.4971476,-4.374684,2
6.51156,8.598119,5
7.078332,18.23303,3
4.111441,-3.4976413,2
4.7991333,0.48989585,2
14.730643,10.878768,0
7.388685,16.114786,3
4.7442503,-4.5895567,2
4.063483,-3.458219,2
7.541796,17.03401,3
17.965866,4.2602468,0
12.877425,-1.0112928,4
3.7562814,-3.8463335,2
4.8715134,-4.3993535,2
7.800995,-4.7936535,2
11.049287,-1.618005,4
18.574827,6.8307967,0
10.774763,-1.6851869,4
12.867164,-2.531941,4
7.7436676,-5.83289,2
8.364423,-4.574747,2
4.970931,-3.770214,2
9.995389,11.620998,5
6.88186,17.222605,3
7.18586,13.802228,3
6.4858413,16.13518,3
15.487163,12.526282,0
-1.1714373,6.611688,1
7.7060027,17.497831,3
6.316052,17.728092,3
6.040944,17.913914,3
15.158558,11.781411,0
15.657587,12.486009,0
3.1655917,-5.404585,2
14.734403,10.886898,0
10.121034,11.536727,5
4.164833,-4.473611,2
14.611782,5.9962454,0
7.067213,18.226643,3
18.029505,5.4625397,0
13.103589,-1.0446993,4
7.688738,17.35467,3
15.395577,12.534979,0
8.423361,-6.0642877,2
7.633845,17.440203,3
12.818716,-0.9989865,4
13.052724,-1.1849424,4
18.515678,6.9293423,0
10.102041,11.591866,5
7.186378,17.52366,3
4.2425385,-4.5716825,2
1.876579,-5.523677,2
7.4752474,-5.0239515,2
17.74006,3.0031705,0
10.129317,11.670575,3
7.6868243,-4.9554653,2
2.7681046,-3.6699753,2
6.157149,17.768515,3
8.902714,16.95939,3
8.024563,16.754408,3
17.934347,5.319034,0
6.669297,-0.6413183,2
7.7203646,-4.9432926,2
7.0914354,17.814198,3
10.994502,1.405945,4
8.286371,17.16794,3
12.544286,-1.7087781,4
6.2010098,17.83689,3
8.020151,-5.905365,2
10.244001,11.675809,3
7.0708942,18.279305,3
-0.1207291,6.9616494,1
10.834655,-1.6766523,4
7.154453,18.213863,3
4.8641543,-4.334846,2
10.875311,0.4213421,4
10.097138,11.773566,3
4.5255017,-4.249195,2
4.2165523,-4.728689,2
8.4265175,15.850145,3
10.078551,11.839286,3
10.27916,11.705707,3
10.145513,11.640153,3
7.045822,17.212812,3
8.256087,-4.330811,2
12.881471,-0.9025177,4
5.675388,14.6629925,3
8.071501,-4.451916,2
-0.35648456,-1.1239657,2
8.986311,17.051958,3
10.106148,11.814868,3
3.9654148,-5.7034416,2
7.92881,-5.969912,2
2.8694043,-5.4945364,2
4.2400475,-4.737658,2
6.3259754,17.679344,3
10.189471,11.807685,3
18.488894,3.1258607,0
9.992817,11.756799,3
4.5827346,-4.2245,2
2.9365268,-3.5175683,2
5.5850487,14.497994,3
4.435482,-4.710442,2
6.827345,17.171997,3
6.975349,16.233252,3
7.164077,17.53526,3
5.1382065,0.438856,2
13.068578,-1.0186584,4
7.070564,18.253246,3
7.0704107,18.052153,3
3.4987414,-5.1116376,2
8.483801,17.008259,3
7.942427,-5.9402933,2
8.423438,15.976039,3
8.407294,15.971136,3
13.159793,-1.185874,4
7.653237,16.772442,3
-1.9047781,6.665875,1
7.944666,16.86063,3
6.08192,0.13019553,2
6.0114427,18.088741,3
7.0416284,17.099941,3
15.157101,12.635554,0
10.232374,11.713214,3
7.968682,-4.5833464,2
10.00449,11.860369,3
13.978168,-0.94524646,4
0.27930564,-2.2224314,2
7.665075,17.45505,3
9.866083,11.88946,3
15.216668,12.685057,0
8.550201,15.816229,3
8.0325985,-4.9542923,2
17.667503,2.9879801,0
6.21276,17.833138,3
7.10966,18.248005,3
4.486197,-2.9375494,2
12.744407,-0.98689723,4
0.73626804,-0.9534266,2
5.508798,14.955103,3
5.7202096,17.818224,3
4.6635914,0.5813602,2
8.587358,17.099667,3
15.600327,11.8875885,0
9.783097,11.524521,5
6.988024,18.335693,3
8.819073,-5.7704396,2
8.985595,17.024267,3
3.4668818,-3.3814893,2
7.6218276,14.497429,3
0.090364225,-1.1581604,2
4.0265326,-3.8778467,2
8.735364,17.044216,3
0.10673772,-0.69067043,2
8.912425,17.023521,3
10.907834,-1.6295223,4
8.294218,-4.249447,2
8.401234,17.43729,3
2.7659872,-5.4025593,2
8.750389,17.02981,3
15.670332,12.039082,0
18.45326,2.4937313,0
13.634864,-1.3756882,4
10.094234,11.800686,3
13.348582,-1.2564541,4
-7.520168,5.3199496,1
7.948642,16.115126,3
10.168771,11.724527,3
6.77898,9.030789,5
7.6493673,17.042553,3
13.89404,-1.6534195,4
15.122643,12.611666,0
7.700094,17.551434,3
18.902828,2.6818924,0
7.728839,-4.988145,2
14.174086,-1.5176525,4
17.949661,5.385621,0
8.296371,-4.304053,2
-7.4131465,5.566462,1
3.7945876,-3.4270482,2
17.98036,4.2338,0
6.611308,16.201374,3
8.889497,17.058989,3
8.32975,-4.283859,2
10.796324,-1.6620482,4
6.0932403,0.14612293,2
10.773963,-1.6734604,4
14.071134,-0.890774,4
7.0666466,18.33045,3
15.658461,12.054579,0
14.7351,10.8838215,0
3.9310417,-5.824948,2
7.1201615,17.153324,3
4.8248825,-5.003968,2
6.2702847,17.574049,3
8.217912,-4.8886003,2
13.927093,-1.6167082,4
13.469317,-0.7607897,4
-1.2177455,6.804108,1
3.9652655,-5.597572,2
0.15768461,-2.0505707,2
13.036791,-2.654297,4
13.826099,-0.94895583,4
8.899533,-5.775462,2
15.124574,12.496689,0
0.32069406,-0.9887978,2
8.019781,16.001375,3
18.762453,2.720728,0
10.729917,-1.6679199,4
13.011546,-1.0261726,4
2.7708185,6.014252,1
6.0656304,0.2974386,2
10.689378,1.2406139,4
6.13473,-0.01648722,2
10.876255,1.2576066,4
6.0084257,17.825165,3
8.240208,-4.682781,2
6.0653768,17.986738,3
7.8886538,16.81116,3
17.986814,5.442885,0
5.8258214,18.06555,3
8.226556,-4.7699704,2
3.7485812,-3.252936,2
5.38669,14.737483,3
0.10552075,-0.68732446,2
4.232838,-4.7334313,2
5.7300825,17.898853,3
4.869135,-4.492323,2
10.776963,-1.6583458,4
10.217063,11.655246,3
8.266854,-4.4227514,2
12.877834,-1.1844552,4
5.8881836,17.777039,3
0.11341537,-0.67653674,2
7.417197,16.075348,3
15.948362,7.145637,0
13.370112,-0.8941822,4
5.9699187,18.13901,3
4.235308,-4.5104103,2
5.932857,17.991703,3
7.088232,18.286707,3
4.652001,-4.546611,2
18.610876,5.3228817,0
7.453482,17.074532,3
6.1986327,-0.0655778,2
10.108743,11.764898,3
7.174512,18.336338,3
4.755453,-4.5883765,2
7.476352,17.248945,3
10.763181,1.1998793,4
7.044361,17.145807,3
3.5085268,-3.3546278,2
8.406814,17.377707,3
3.7467034,-2.888502,2
3.7467399,-2.8934789,2
7.8755927,-4.820276,2
7.2320256,8.900004,5
5.660205,14.554693,3
10.213603,11.654679,3
7.9375796,16.763853,3
7.7097826,14.380328,3
7.1208444,18.268696,3
3.4896204,-3.25536,2
15.7203455,12.20019,0
11.541377,0.55994815,4
6.2891183,6.852389,5
6.3826427,14.109175,3
6.5867915,0.64135706,2
10.71258,-1.6065706,4
17.913887,4.2174973,0
13.4242935,-0.827299,4
6.628935,4.9307685,5
3.765434,-2.9272802,2
3.7272968,-3.0446494,2
5.8814125,17.948782,3
8.874842,16.980877,3
3.5585275,-3.330742,2
17.65806,4.219522,0
6.321808,17.355688,3
14.043937,-0.92603767,4
7.086781,18.249043,3
10.4294,0.40182406,4
7.0860686,18.20794,3
6.970019,7.1902375,5
13.561037,-1.052627,4
10.115249,11.725495,3
17.110043,7.612183,0
15.2647085,12.186141,0
5.9838486,17.69421,3
13.502685,-1.0654984,4
11.028302,0.2515497,4
14.6008005,5.600277,0
5.9963408,0.39606035,2
6.9508924,16.204264,3
8.9447155,16.947275,3
7.575061,14.49627,3
15.213263,12.669013,0
3.9850583,-5.7689,2
5.819957,17.765348,3
0.6839751,-0.7899204,2
8.293138,-4.2458563,2
14.892008,11.950584,0
7.9676986,-4.5511103,2
10.2197,11.681753,3
10.226047,11.66875,3
0.48930195,-1.0798477,2
6.463446,16.071476,3
8.062243,-4.6229763,2
8.554074,15.787977,3
18.441423,2.5363994,0
8.333784,-4.2614236,2
8.917539,16.999584,3
13.997878,-1.6122209,4
10.840335,-1.5891627,4
5.939643,18.033371,3
5.593133,15.167256,3
4.0229897,-3.9279134,2
14.196703,-1.5520777,4
6.8286233,17.120346,3
7.0966,17.167297,3
10.483122,0.4798864,4
18.5028,2.488788,0
7.309955,17.412136,3
0.5199436,-0.721302,2
7.1440725,17.256935,3
7.7467484,-4.996495,2
10.840823,0.5365525,4
15.587879,12.536358,0
8.892288,16.941936,3
12.99167,-1.035139,4
6.7165604,-0.6859333,2
12.745772,-0.98261803,4
15.451262,12.402598,0
10.263703,11.673776,3
19.49891,4.7010083,0
-1.2487326,5.2651353,1
7.0747247,18.322275,3
8.027148,16.732792,3
5.9106183,18.013481,3
7.08187,18.270798,3
4.80227,-3.301468,2
6.507095,16.080948,3
18.620579,2.9601023,0
18.060673,4.1246414,0
13.000599,-1.1187906,4
6.1938195,14.054476,3
10.683466,-1.6139439,4
10.846482,1.2954159,4
7.403971,17.986164,3
4.7096853,0.6152436,2
5.899904,0.20622818,2
7.0723047,17.316229,3
6.818641,17.137276,3
5.9124565,18.030724,3
18.701883,3.0595992,0
6.0121646,0.34265727,2
10.988605,0.99110794,4
0.5935776,-0.6711619,2
19.327446,4.5909944,0
18.56454,2.4291801,0
15.534625,11.896731,0
5.966697,17.549408,3
8.54737,15.832989,3
7.468306,16.141804,3
4.8979683,-3.7330408,2
10.79386,-1.6546677,4
7.6985683,17.543577,3
6.9295473,8.550355,5
10.232537,11.665573,3
7.0589027,18.21337,3
-7.4119377,5.5770802,1
7.083317,18.288351,3
13.40534,-0.9350374,4
13.570472,-1.1025813,4
0.7356269,-0.8735718,2
6.030451,0.099623814,2
5.718263,17.838846,3
4.2318273,-3.2530444,2
4.8624334,-4.858512,2
7.940139,16.062408,3
3.5270827,-3.4701142,2
6.107951,17.67673,3
17.70445,4.2304783,0
7.124173,17.175268,3
18.250284,6.60952,0
10.243456,11.671704,3
15.345083,12.140999,0
4.361306,-3.1341305,2
9.752784,11.520782,5
8.295598,-4.5268836,2
3.8021734,-3.460176,2
18.569365,6.7934794,0
13.610288,-0.90235823,4
4.943095,-3.7802176,2
13.677135,-1.2492083,4
6.4436626,16.02628,3
-7.4795766,4.820089,1
8.940387,16.955025,3
3.7447443,-2.9152553,2
8.798853,16.988428,3
15.189418,12.709768,0
6.094469,-0.07130443,2
6.099769,17.834461,3
6.6886516,-0.6988533,2
6.703879,-0.67199814,2
-7.360537,4.662629,1
11.240654,0.5397183,4
5.917889,18.137787,3
7.488329,17.31703,3
11.212756,0.8354445,4
3.768694,-3.2310984,2
5.783756,17.637438,3
7.661796,17.558231,3
6.6244617,9.181215,5
5.8693757,17.865355,3
6.12921,-0.032717302,2
4.239723,-3.342467,2
6.7435827,-0.7033402,2
8.250312,-4.2941446,2
6.1364093,17.875578,3
4.4749565,-3.699282,2
6.7442164,-0.6790164,2
6.7379074,-0.6729417,2
5.4450116,15.094673,3
0.73094046,-0.9626514,2
6.2449255,-0.05869649,2
7.7484045,17.514751,3
8.329323,-4.2661743,2
8.254988,-4.7085404,2
3.8007338,-3.315896,2
17.96099,5.3787336,0
4.3614335,-3.6542811,2
14.99904,11.894985,0
11.44686,0.6798262,4
7.75702,17.453417,3
6.5167255,17.585182,3
4.1315885,-3.7993538,2
7.1210785,18.259472,3
4.2481465,-4.590097,2
4.829785,0.43109095,2
19.386517,4.4933376,0
7.3397155,17.393965,3
6.012312,18.070465,3
7.813559,-4.906797,2
18.644974,6.8030815,0
17.906683,5.370773,0
7.4069605,16.056313,3
8.598622,15.766492,3
7.9571004,-5.9799213,2
10.856109,-1.6940494,4
10.730476,1.6298779,4
10.891822,-1.8050807,4
4.091215,-3.3679817,2
6.396053,17.809528,3
14.114597,-1.4945031,4
7.1161027,18.368017,3
7.709825,17.572403,3
4.587592,-3.178805,2
18.41681,2.4317458,0
6.957411,17.065805,3
17.953701,4.2215652,0
15.339154,12.090547,0
15.679157,12.22895,0
10.620539,1.2924749,4
10.696522,1.3423302,4
-0.3042659,-1.1906568,2
7.9750504,16.694767,3
10.659445,-1.6106547,4
13.593895,-1.0529891,4
10.746297,-1.6497575,4
5.7380347,17.751696,3
11.059324,1.2365235,4
8.530376,15.792472,3
5.953493,17.898172,3
16.358599,8.091327,0
5.8808465,17.531086,3
6.117923,17.67892,3
11.424833,0.6381746,4
13.996249,-1.6302067,4
-1.1042931,6.744715,1
7.418375,17.95718,3
15.301678,12.665639,0
6.990107,17.12833,3
13.044594,-0.9925825,4
7.853754,-4.654503,2
13.877028,-1.2411475,4
13.316203,-1.4752779,4
8.040337,16.241972,3
15.412946,12.481598,0
19.286852,6.1341786,0
15.165321,12.438226,0
8.505305,15.867083,3
3.9301407,-4.1817727,2
6.821295,17.723696,3
5.994351,18.08903,3
9.915679,11.740001,3
6.113299,-0.014455263,2
2.690455,-4.7894645,2
14.141036,-1.5075136,4
18.537743,6.8149133,0
5.9362874,18.019047,3
7.9864836,16.155123,3
5.858578,14.065659,3
-0.13755076,-1.123423,2
7.4126015,16.007679,3
18.422865,6.4387956,0
4.7884135,-4.625264,2
7.3793206,16.2406,3
10.820637,1.6167678,4
4.1183825,-4.3485045,2
18.61179,2.4399724,0
8.577271,15.853536,3
7.4636536,17.07508,3
11.47993,0.5864616,4
13.054871,-1.0648131,4
7.53352,17.652224,3
14.49861,5.8625875,0
6.2679005,17.940748,3
7.8981113,14.2002945,3
7.06923,16.290281,3
8.35084,-4.520248,2
6.5866036,16.203459,3
7.1271772,18.247831,3
4.7661257,-4.5239725,2
7.8988175,-4.647004,2
6.5292983,17.14201,3
8.056686,16.701794,3
18.742725,2.6101859,0
6.63728,16.142307,3
7.39494,16.117907,3
10.84833,-1.6679822,4
5.9060335,17.727016,3
6.543325,8.528855,5
6.863859,17.138626,3
8.657711,17.034721,3
11.005915,-1.9380726,4
11.067196,-1.9959614,4
7.7434673,-4.972662,2
6.389164,17.822023,3
5.9686613,18.016014,3
4.465622,-3.0399125,2
11.566141,0.39139014,4
0.2479466,-2.1804907,2
10.142269,11.7317505,3
6.256563,17.93951,3
15.234478,12.543004,0
4.2204857,-3.3491986,2
7.77361,-5.993468,2
15.627188,11.873896,0
13.57451,-1.4230441,4
10.120947,11.709855,3
7.007174,18.125748,3
7.0145984,17.111458,3
6.7699456,17.47554,3
18.421707,6.6694636,0
15.161346,12.366166,0
6.258489,17.723305,3
7.17785,17.53667,3
13.9567,-1.198046,4
8.323,-4.5015435,2
13.829865,-0.9546336,4
4.6709943,0.40816492,2
8.095477,16.630152,3
6.800113,16.299091,3
18.433779,3.090238,0
3.613016,-5.367634,2
3.7319086,-3.3303967,2
5.784757,17.846842,3
6.4979253,16.171711,3
13.4123125,-1.5061717,4
6.091151,-0.079504,2
7.354207,16.08583,3
11.036333,1.127201,4
13.957298,-0.91353613,4
7.1785583,17.54967,3
8.0098715,-4.79589,2
4.3737535,-4.7255435,2
0.26071766,-0.6440038,2
6.079983,17.393883,3
8.039717,16.70999,3
6.037213,0.2363496,2
4.820319,-3.4052641,2
7.3033576,17.430948,3
17.668755,4.188906,0
3.500407,-5.8476725,2
4.8347573,-3.382229,2
8.94688,17.038214,3
6.978892,16.24751,3
18.480696,2.8766754,0
7.705964,17.439346,3
-0.40237242,-1.0618112,2
10.111574,11.660405,3
7.6543694,14.437697,3
6.730929,-0.70046586,2
8.293897,-4.2671113,2
14.733552,10.884487,0
11.232257,0.59709,4
7.1309533,18.29222,3
8.188643,-4.5238867,2
15.183999,12.603126,0
10.83113,-1.6024601,4
18.59751,6.763806,0
6.064918,0.36214864,2
3.7305315,-2.8657634,2
4.256953,-3.358048,2
3.7086825,-2.9254951,2
15.615528,12.554673,0
11.014431,-1.6164763,4
7.1974688,17.489462,3
10.047182,11.7670145,3
6.764702,17.096151,3
7.515247,-4.9853745,2
4.9596405,0.44016907,2
6.2500587,17.926008,3
-0.29018745,-1.2461612,2
15.158985,12.682233,0
6.275285,17.948883,3
7.4429336,5.7433357,5
7.08954,18.260582,3
2.762886,-3.6679435,2
11.279219,0.5824313,4
6.0382285,-0.25404462,2
3.338868,-6.051148,2
4.632961,-4.175499,2
15.347043,12.47828,0
14.668509,6.8604383,0
7.1199155,18.256708,3
19.200594,6.1872873,0
10.1511755,11.827929,3
8.519309,-5.3512855,2
18.532291,2.8076658,0
8.765194,17.012098,3
3.9200702,-4.2408233,2
-0.67663735,6.1666408,1
19.65602,4.617904,0
18.53661,3.1377535,0
11.280331,-1.5007106,4
8.937922,17.018255,3
6.469812,16.18151,3
7.9375105,16.899895,3
6.1897407,17.725496,3
12.800255,-0.89508647,4
5.592116,15.175134,3
11.4317255,0.67846626,4
6.245345,14.850818,3
10.125786,11.732544,3
10.072973,11.806707,3
4.3867726,-4.3375497,2
19.201527,6.1313324,0
-0.24090832,-1.0140742,2
12.928639,-1.0158579,4
4.90078,-4.587181,2
-0.35300037,-1.0958728,2
14.007887,-0.93639,4
18.578568,3.0952165,0
8.82353,17.06215,3
8.530983,16.01221,3
12.839844,-0.85902923,4
4.803709,0.49548036,2
2.255657,7.1333,1
6.7140474,16.05367,3
4.919832,-4.5617943,2
18.454182,2.6651747,0
8.266434,-5.3365374,2
4.1317883,-4.286888,2
6.0719466,17.966467,3
11.03532,-1.8748465,4
7.533937,-5.098231,2
11.042377,-1.8713729,4
12.97631,-1.0056955,4
5.1463075,0.6351864,2
6.0976806,0.27191216,2
6.5122266,17.766642,3
6.8973174,17.034899,3
-0.74854445,5.4800158,1
7.9677367,16.7832,3
6.0382404,0.48462805,2
7.859629,16.856678,3
10.121771,11.694754,3
7.0432186,17.244867,3
-7.465737,5.2306223,1
7.608897,-5.1352086,2
7.625024,16.10316,3
7.699907,17.577475,3
4.2386613,-3.304219,2
1.180779,8.785227,1
7.682298,17.585617,3
4.027675,-4.4487886,2
3.604384,-3.3309336,2
7.490215,17.312277,3
8.607709,17.003044,3
15.302352,12.515628,0
12.792669,-0.98864776,4
4.374245,-3.0795324,2
5.9413466,18.071728,3
10.997011,1.0486013,4
10.884867,1.1299417,4
0.066890754,-1.4356788,2
19.38114,4.4845104,0
8.008646,-4.7726808,2
10.081369,11.755369,3
15.352142,12.099915,0
12.902124,-1.0419884,4
15.290669,12.625994,0
18.525305,2.9771779,0
3.7472482,-2.913735,2
10.799122,1.5747374,4
15.3976345,12.291136,0
18.57446,2.7331164,0
7.824907,16.848299,3
18.454819,3.163709,0
7.982373,16.929705,3
7.7259283,17.549849,3
13.105393,-1.0736976,4
8.321558,-4.2934537,2
5.8371105,17.883247,3
13.322204,-1.3922744,4
0.901712,7.8214073,1
7.028922,17.13723,3
0.42605424,-0.34939715,2
14.103108,-1.5170903,4
18.634764,6.781334,0
8.263459,15.681328,3
10.016163,7.630992,5
13.975718,-1.4939604,4
15.208243,12.685066,0
3.5113997,-3.45806,2
8.897216,16.978252,3
7.5113983,-5.014843,2
8.549999,16.139278,3
19.582245,4.637317,0
7.6888027,17.526625,3
5.8569603,18.061447,3
3.7494524,-2.9585915,2
8.052819,16.726198,3
18.814522,2.5915935,0
8.921969,16.96436,3
13.9564905,-1.6205109,4
4.491819,-3.515184,2
16.40788,6.604418,0
5.9336767,18.09158,3
8.575332,15.854176,3
6.6292086,6.3193398,5
10.740713,1.5963638,4
7.072394,18.229761,3
5.939096,17.961344,3
3.7599304,-2.901025,2
5.7979274,17.984081,3
6.0146823,0.07689899,2
5.989366,0.079797566,2
7.0993056,16.304575,3
4.275574,-4.757157,2
10.69289,1.5072241,4
2.844569,-6.103575,2
7.3603997,16.197704,3
2.4527173,-3.6665106,2
0.37435478,-0.35308757,2
5.910151,17.744553,3
7.9130874,-4.952508,2
0.52196306,-0.89666414,2
8.291344,-4.324699,2
8.048058,16.134403,3
7.076938,16.281433,3
7.7310476,17.51854,3
0.50680983,-1.0629325,2
7.98372,-4.6214247,2
6.090293,0.1923562,2
13.235803,-1.3618181,4
7.4299707,17.01268,3
7.9926486,16.043407,3
6.1902547,0.25536665,2
5.892156,18.051601,3
4.635076,-3.8635395,2
13.986245,-1.5589747,4
10.723847,1.6503592,4
3.7513678,-2.887672,2
6.843787,4.560895,5
7.0567203,18.327545,3
7.0198317,16.283754,3
6.645418,-0.5354468,2
8.91891,16.931705,3
13.176762,-1.193653,4
8.336502,15.711548,3
5.8765445,14.603403,3
5.3907557,14.687791,3
3.5011313,-3.3266053,2
4.315304,-4.826048,2
8.671309,17.072817,3
0.17631082,-1.354495,2
10.992227,-1.9575263,4
6.4608335,17.574974,3
18.017504,5.324523,0
5.703116,17.878654,3
7.062638,16.261868,3
7.0184484,18.211575,3
13.548318,-0.6872625,4
4.640476,-3.4695067,2
6.7313714,-0.6671086,2
5.749901,17.819715,3
6.679925,-0.6550597,2
4.7032,-3.5005503,2
8.552137,15.807758,3
8.851803,16.999151,3
3.79856,-2.8912742,2
14.041082,-0.9063698,4
6.2403207,16.99849,3
6.532789,17.822338,3
13.561236,-1.511137,4
11.351337,0.73382443,4
9.860681,7.0265255,5
15.251634,12.637493,0
6.144503,0.37463912,2
10.125934,11.805761,3
8.446888,16.6919,3
7.515232,17.795486,3
3.8854096,-5.8428173,2
5.9657784,18.102266,3
10.755144,-1.6103643,4
7.729109,17.557428,3
5.91773,17.51513,3
7.0285974,16.290958,3
18.037643,5.3672295,0
0.48052117,-1.064551,2
8.435259,16.6662,3
7.0300126,18.264261,3
-7.4793754,4.8589773,1
7.038455,16.279411,3
8.455541,15.870526,3
18.678675,5.289159,0
15.55699,12.648502,0
13.602748,-0.8998926,4
8.336819,17.465277,3
7.7643743,-4.8674965,2
4.9073167,-4.4084454,2
18.532312,6.810032,0
2.8551025,-3.370494,2
10.03964,11.862167,3
7.175297,9.11717,5
7.5923886,-5.1071506,2
8.287313,-4.3524704,2
5.9268737,17.679209,3
5.872347,17.914072,3
5.9532647,18.080063,3
-0.40591666,-1.3681849,2
8.011485,-6.027721,2
4.6300774,-3.8201916,2
8.9072,16.999619,3
7.126374,18.316639,3
7.989861,16.175167,3
19.047014,4.7760105,0
10.020473,7.6540885,5
18.609146,3.103258,0
15.280075,12.65707,0
7.671983,-5.8209853,2
7.3796515,16.240381,3
6.1853676,17.948637,3
5.7838936,17.93569,3
6.0320754,18.11601,3
18.017395,4.143562,0
15.125966,11.706613,0
8.060118,16.759903,3
13.715559,-1.1805754,4
4.767492,-4.4252596,2
15.399105,12.514756,0
13.950275,-1.5616636,4
15.330038,6.519032,0
5.502523,14.99747,3
7.0724006,16.23824,3
8.287782,-4.299837,2
4.323958,-4.649947,2
7.653876,17.29747,3
5.8191776,18.115425,3
10.851445,1.2820638,4
0.47910047,-0.32621017,2
7.6485047,14.365892,3
10.245815,11.784022,3
8.031616,16.746387,3
7.072756,17.12117,3
18.703922,2.6961896,0
8.587492,15.884354,3
14.966892,12.098295,0
5.8042297,17.887905,3
18.739487,2.5726764,0
3.6965144,-2.991207,2
10.780964,-1.6652741,4
8.92288,-5.736941,2
13.659043,-0.9490829,4
8.315731,-4.706585,2
8.903496,17.025824,3
8.033486,16.751312,3
13.362997,-1.1151649,4
6.420286,16.084463,3
18.641993,5.3152566,0
5.9651732,0.027774064,2
15.554655,12.673175,0
6.472428,16.064497,3
0.5583258,10.97581,1
7.960427,-4.590566,2
3.7062912,-3.5398061,2
10.839414,-1.6203674,4
9.953675,11.884004,3
3.7315025,-3.2134023,2
5.8892226,18.091213,3
13.951164,-1.6234077,4
13.9679365,-1.603885,4
10.733072,-1.637086,4
6.957027,17.105194,3
-0.17279273,-1.1809316,2
18.82708,2.6627746,0
7.812509,-4.7243757,2
4.622332,-4.735261,2
5.9516,-0.0057077263,2
8.368051,17.44198,3
8.5131445,15.791683,3
12.19925,-1.0656016,4
3.504842,-3.9740303,2
14.067029,-0.9232937,4
8.810661,17.038954,3
8.894194,17.006588,3
6.048751,-0.11282034,2
14.049567,-0.9473545,4
18.04328,4.2022743,0
10.581631,1.3883296,4
14.69226,10.838131,0
10.052518,11.704092,3
2.7729225,5.8489103,1
7.491687,16.250341,3
7.2902613,17.330208,3
14.019369,-0.88496107,4
7.1390853,17.578398,3
6.72057,-0.5712186,2
7.4856567,16.195498,3
5.9353466,-0.038134504,2
3.5169992,-3.339736,2
4.331148,-4.694564,2
9.198861,6.927382,5
8.330181,-4.291952,2
8.363755,17.454266,3
7.682716,16.955782,3
3.7561893,-2.8854454,2
12.774917,-0.91706187,4
3.5294623,-3.454636,2
18.704758,2.5004559,0
7.6573563,17.59465,3
6.5071282,17.762867,3
3.6874342,-2.8414137,2
6.4086256,17.622019,3
7.729117,17.54791,3
15.211043,12.6549225,0
15.440685,12.470245,0
5.9132576,17.956696,3
6.079018,-0.014474642,2
8.565961,15.778955,3
4.4761853,-4.9321313,2
-0.036607265,-1.1805273,2
3.6346276,-3.8254843,2
4.226357,-3.7665918,2
0.057139147,-0.6964281,2
6.6095657,16.112623,3
8.85085,17.037477,3
15.17824,12.658548,0
7.4927864,-5.0269237,2
7.9985747,16.180313,3
8.365869,17.46254,3
8.035079,16.112259,3
4.897644,0.5716902,2
8.565154,15.777483,3
5.971267,0.09208674,2
7.0661907,18.27912,3
5.928153,17.995234,3
2.7887566,-5.3075957,2
0.4594396,-0.57986975,2
6.186723,14.043594,3
12.7128105,-2.5459762,4
8.266142,-4.264304,2
15.308197,12.098515,0
14.143261,-1.5405809,4
12.223782,-0.9584389,4
18.497028,2.509309,0
6.694881,16.56912,3
13.531013,-0.63702047,4
7.8561826,17.010702,3
13.306504,-1.0388888,4
0.86473125,-1.1199564,2
18.563555,2.456017,0
4.7845287,0.5691454,2
7.54097,17.781157,3
6.974425,18.119715,3
3.7619038,-3.6946535,2
4.650163,-3.4290097,2
13.053432,-0.99994946,4
7.660255,17.5168,3
7.567998,17.580261,3
3.4687474,-3.395864,2
7.611911,17.556053,3
-0.71952003,5.8351855,1
8.54985,15.822233,3
-0.30613366,-1.1185453,2
7.408179,14.168987,3
6.674454,-0.5267549,2
5.9816117,0.021053424,2
4.3698807,-4.713167,2
4.042432,-3.8860598,2
4.8191843,-3.453349,2
18.475843,6.9406905,0
8.331004,-4.6640983,2
5.9599576,0.29884332,2
-1.4283395,6.6749945,1
13.31514,-0.9926085,4
4.317796,-3.2399254,2
6.4770093,17.62497,3
4.786283,0.6187078,2
18.4703,2.6557577,0
8.700395,16.950724,3
7.0599875,17.160797,3
3.6188326,-3.0223312,2
10.013067,6.147381,5
15.608525,11.878022,0
3.839516,-3.4639244,2
8.080673,-4.700627,2
8.897357,16.951801,3
4.191663,-4.787534,2
7.1196723,18.287392,3
7.4480824,14.276226,3
4.7283807,0.55381316,2
6.954332,16.289011,3
6.928024,8.67742,5
5.850062,18.074734,3
8.350408,15.79357,3
4.8865995,0.48463443,2
4.4633512,-3.0319836,2
8.287298,17.52546,3
18.631332,6.803445,0
14.007763,-1.1688926,4
8.460667,16.655046,3
19.48096,4.523121,0
7.871786,16.777168,3
4.3036137,-4.383066,2
10.756964,-1.6269782,4
18.450596,6.6651883,0
0.06367516,-1.2244021,2
7.670253,-4.9167705,2
7.3473544,17.030949,3
2.2854154,7.247803,1
6.172715,0.34504142,2
7.1222954,18.284645,3
10.088781,11.786361,3
6.2474375,17.952969,3
10.787088,-1.6201789,4
10.9690485,-1.9159079,4
7.8531013,-5.019492,2
5.959201,17.92793,3
18.60143,3.122048,0
1.8945056,-5.562838,2
5.6437564,14.448685,3
9.972782,7.2056217,5
5.911609,18.212185,3
3.8218696,-3.5818229,2
-7.501223,5.3020678,1
18.61874,6.8182783,0
7.181962,17.004358,3
7.2001524,17.550224,3
10.769413,1.6272981,4
18.618814,6.7919393,0
13.754486,-1.4920319,4
4.307438,-4.7800207,2
8.344491,17.461557,3
18.592815,6.7670174,0
8.0244665,-4.504121,2
5.9173384,18.097221,3
18.592941,6.775403,0
7.1865234,17.525343,3
13.938363,-1.5538132,4
15.280116,12.327734,0
4.17501,-4.7682023,2
15.432267,12.469457,0
2.7988582,-5.465899,2
8.252649,-4.310962,2
4.14016,-4.3985505,2
-0.30980185,-1.0980383,2
6.555184,8.558031,5
-0.36036894,-1.0990882,2
3.8140104,-3.4112828,2
15.49971,5.760432,0
2.945976,-3.386976,2
7.9950423,16.148775,3
10.806651,-1.5668638,4
10.800655,1.5049623,4
15.549197,12.624844,0
8.14243,-4.398418,2
8.8727255,16.978016,3
15.24411,12.679638,0
7.02984,18.304722,3
6.1831713,17.734121,3
18.678116,2.798565,0
4.3176746,-4.6273265,2
7.7725053,-4.7435102,2
6.986131,18.117132,3
0.57976705,-0.8694411,2
4.861205,-4.841395,2
4.4025407,-3.184987,2
5.670699,15.161283,3
6.654471,16.120789,3
0.090668745,-0.71576583,2
6.165055,17.899513,3
3.7520573,-3.2917695,2
18.004248,4.3203554,0
7.305779,17.400198,3
7.5358167,17.082933,3
8.92135,16.975502,3
-1.3685584,5.56394,1
8.8040285,17.012506,3
3.673258,-2.9773676,2
13.5012045,-0.73160076,4
13.211123,-1.2404457,4
15.532453,12.438302,0
6.2729588,17.86921,3
7.9356117,-5.995404,2
8.323968,-4.5560145,2
7.177837,17.541145,3
3.7849786,-3.6949978,2
8.787863,16.91071,3
18.518991,3.307078,0
2.7979093,-5.275539,2
7.0635076,18.280128,3
5.9299097,17.689274,3
10.926806,1.251434,4
10.115477,11.8059,3
10.198654,11.578519,5
13.984063,-1.5584084,4
8.551547,15.86148,3
6.1676474,0.31606233,2
6.877856,15.972955,3
8.930389,16.928951,3
4.0999246,-4.756846,2
18.01852,4.2755,0
-1.9063468,6.364639,1
15.136157,12.41525,0
3.5438337,-5.7392144,2
7.516345,14.132108,3
13.250194,-1.3289722,4
-0.15239245,-1.1614374,2
12.942337,-0.9518551,4
0.34616187,-0.36804232,2
6.811346,-0.43363354,2
6.552133,-0.37608665,2
4.3306093,-4.286428,2
0.29815617,-2.230625,2
6.0875425,17.940847,3
7.081766,17.939238,3
8.0090275,16.808874,3
13.65915,-0.9681556,4
3.8223097,-5.76426,2
15.544826,12.652267,0
4.766772,-4.839254,2
4.816441,-4.616271,2
9.883622,6.167789,5
7.4753537,17.11913,3
7.056678,17.771273,3
7.656268,17.51412,3
14.721535,10.860796,0
4.793058,-4.4963083,2
4.5967584,-4.733632,2
4.2827177,-4.786967,2
8.323144,17.484533,3
12.422829,-1.88514,4
7.1385136,17.192911,3
18.83812,2.750755,0
2.8128424,6.138741,1
13.482111,-0.7632653,4
13.29553,-1.3407655,4
10.125308,11.711265,3
-0.2248189,-1.2720437,2
4.141038,-4.6905966,2
7.4364343,-5.1094933,2
4.794676,-4.312821,2
5.347431,14.75288,3
14.098562,-1.519129,4
15.365124,12.1612015,0
8.546297,15.842751,3
13.004743,-1.0235934,4
7.442128,5.6274996,5
10.239812,11.646265,5
7.239535,17.262375,3
7.107748,17.91204,3
3.8481395,-5.8157144,2
7.711943,-4.9565654,2
4.601119,-4.488724,2
3.7899537,-3.9468222,2
-7.4448624,4.5137076,1
18.673912,6.8078938,0
14.684268,10.822399,0
18.601986,3.1171412,0
5.692835,14.524355,3
10.121609,11.776481,3
10.12677,11.754355,3
12.963373,-1.0136617,4
7.0971723,17.05953,3
10.71939,-1.5764533,4
5.886778,17.867245,3
10.203467,11.646279,3
15.234811,12.604064,0
6.1152983,14.095667,3
7.09253,16.312849,3
0.08647086,-1.2003013,2
8.784652,17.047382,3
7.570811,-4.981173,2
7.152923,18.204973,3
5.9348865,18.075106,3
8.899137,16.994747,3
8.238167,15.925126,3
12.861588,-1.0429522,4
15.198686,12.264356,0
12.995203,-0.96505487,4
13.330495,-1.4116888,4
6.637717,16.204868,3
-0.25321463,-1.2292421,2
4.884553,-4.634634,2
14.017633,-0.8871444,4
10.178601,11.697047,3
-0.022973578,-1.3558769,2
7.8988066,16.826155,3
8.001679,16.790064,3
7.0432115,17.424717,3
8.274364,-4.319411,2
6.4503083,-0.2352718,2
14.778194,10.961623,0
-1.1277456,5.501184,1
10.230609,11.6787815,3
6.440772,8.318982,5
7.651907,16.81038,3
15.232378,12.628236,0
7.189382,17.534922,3
18.571228,6.8062415,0
-7.0949254,5.869531,1
18.598892,6.785169,0
12.291054,-1.7145748,4
10.090895,11.739375,3
-1.4718897,6.2173834,1
6.344404,17.69836,3
8.563081,15.845341,3
6.2435584,17.886957,3
-1.1300414,6.193382,1
3.7840528,-4.1465073,2
4.8239846,-3.3314884,2
-7.5004525,5.299861,1
8.419709,-5.6478443,2
18.498837,2.9055111,0
10.78946,1.5452311,4
11.28935,0.8414649,4
15.39969,6.5030875,0
7.0746145,18.023724,3
14.934432,11.923029,0
13.527579,-1.0524063,4
6.3227196,16.073679,3
13.934997,-1.5657561,4
3.7513487,-2.886292,2
6.0725946,0.15716316,2
6.941967,17.084993,3
8.6143875,15.853487,3
8.928205,16.969048,3
6.8686185,17.108395,3
4.509892,-3.0577197,2
14.107792,-0.86079144,4
5.8773,17.872211,3
13.66697,-1.404367,4
4.483249,-2.948261,2
8.212183,17.584158,3
5.7592797,17.87486,3
7.6632915,17.446205,3
15.574139,12.634241,0
18.55749,2.4241478,0
7.3591123,17.299658,3
4.78628,0.51620245,2
7.690653,17.569767,3
10.901125,-1.5528965,4
7.717214,17.55286,3
6.559969,16.171124,3
4.6452174,-4.4306393,2
5.9835615,18.063646,3
18.593533,6.852774,0
9.031045,17.048246,3
8.329682,-4.3722906,2
10.635506,1.1629422,4
8.343439,-4.3000703,2
13.853092,-1.3383194,4
8.394471,17.406319,3
8.095288,15.873417,3
8.489263,15.959382,3
6.5123115,16.164846,3
6.9220233,16.997135,3
3.6842296,-3.0648952,2
17.898191,3.1518393,0
10.084722,7.567175,5
14.040528,-1.632494,4
5.715269,17.847408,3
4.940906,-3.7799091,2
7.4854875,14.287192,3
6.8313947,-0.3272631,2
0.46278387,-0.32204562,2
18.703861,2.5293806,0
5.761536,17.768185,3
5.9839225,17.98798,3
5.963214,18.010483,3
3.7572613,-2.9118776,2
-7.443386,5.0626473,1
3.7384155,-3.623699,2
10.821345,-1.6531017,4
15.238493,12.414922,0
6.5100136,14.251111,3
7.7171364,17.5588,3
10.81868,1.5463123,4
10.2574415,11.706248,3
7.5095983,17.728628,3
8.354933,15.735825,3
8.41362,-4.45286,2
10.772581,1.5603153,4
7.4967394,17.080763,3
5.892886,17.814075,3
13.532559,-0.65169203,4
7.1726146,8.641522,5
7.716577,17.54428,3
18.647535,2.9029763,0
4.458689,-2.9512315,2
0.34036353,-0.40067154,2
8.409398,15.7721815,3
7.74454,17.510103,3
7.528654,5.757177,5
3.7497451,-2.9462326,2
6.5130634,17.848888,3
18.609222,3.0958073,0
10.803953,1.360776,4
8.468157,15.935604,3
7.534094,-4.95786,2
8.907598,17.031347,3
7.072213,18.180647,3
8.043482,-4.403686,2
7.0217366,18.284285,3
18.74969,3.1004786,0
8.330279,17.43746,3
7.050271,18.28907,3
12.305823,-1.0003725,4
7.5496793,17.06937,3
5.945664,0.031545714,2
7.203464,17.545473,3
15.250122,12.518709,0
4.5913286,-3.494423,2
0.5000743,-0.4674092,2
6.1445727,-0.009296291,2
5.949034,18.042044,3
5.8743834,17.828608,3
8.468123,15.996695,3
13.898394,-1.6321236,4
7.988745,-5.120529,2
11.478487,0.5682161,4
6.970056,17.060741,3
-1.8720639,6.6175547,1
7.949767,-4.758222,2
18.541794,6.6573215,0
-7.2109685,5.912304,1
8.825834,17.067717,3
8.437038,15.936703,3
5.9559765,17.792616,3
8.052069,16.689571,3
10.69804,1.4510489,4
-7.49564,5.294169,1
6.427374,16.07039,3
6.873782,17.148394,3
8.8004265,17.080545,3
7.5247736,16.21167,3
10.215433,11.774722,3
8.048498,16.718817,3
4.488207,-4.833942,2
13.658676,-1.2293572,4
15.769862,12.116822,0
8.033116,16.110582,3
7.4549775,17.850254,3
6.2671785,14.826513,3
7.7004504,17.497072,3
3.7513072,-5.514863,2
8.79779,17.043919,3
7.203378,13.911176,3
12.807516,-0.8515145,4
6.6119885,16.02506,3
18.763226,2.9674687,0
13.243451,-1.2266275,4
6.516696,16.170307,3
8.508393,15.866552,3
3.718442,-2.974531,2
8.374376,17.426378,3
8.496233,15.847685,3
8.859505,17.05325,3
7.9164143,16.964622,3
10.066743,7.621812,5
18.573067,6.8044014,0
0.4217526,-0.9756213,2
18.488556,2.5306044,0
15.530084,12.66032,0
13.516193,-0.64857864,4
8.560415,15.878612,3
14.110971,-1.5056108,4
4.562795,-3.5107713,2
15.33207,12.093015,0
18.54722,2.399586,0
8.041623,16.576038,3
6.1241894,0.24331085,2
6.2054043,14.7681,3
12.857612,-1.0388354,4
8.268765,17.529173,3
8.268611,-4.793581,2
8.384618,-4.5610847,2
18.618425,6.83175,0
15.609343,12.521496,0
3.7404401,-2.9002173,2
10.635205,1.27439,4
5.781494,17.838322,3
4.053679,-4.615592,2
7.641803,14.457834,3
8.039379,16.65585,3
10.826666,1.4212807,4
7.7225327,-4.816621,2
7.9352694,-4.5640807,2
15.30474,12.093762,0
10.763618,-1.6593095,4
13.883072,-1.3060706,4
7.0406904,16.976007,3
14.005515,-1.6214572,4
10.774727,-1.6228603,4
18.060873,4.1530094,0
6.899216,17.000963,3
7.503128,-5.0013065,2
10.677252,1.0562499,4
10.239624,11.705474,3
7.485942,17.081955,3
0.22278652,-0.57144773,2
7.4266224,8.295407,5
8.868747,17.000597,3
5.78233,17.62617,3
15.339678,12.105489,0
8.358564,-4.2627335,2
18.976683,2.8389773,0
15.637793,12.521655,0
8.891035,16.977182,3
10.06677,11.836273,3
10.750705,-1.6405799,4
8.27301,-4.2999053,2
8.308822,-4.303354,2
14.167918,-1.5499877,4
5.9192295,17.849585,3
5.871968,18.03016,3
8.912603,17.006704,3
8.058327,16.709421,3
3.7617645,-2.8776267,2
18.533194,6.718794,0
10.672119,1.2835732,4
6.044116,0.10636221,2
14.078797,-1.5731891,4
18.647415,6.8483562,0
8.7640505,17.083212,3
10.626642,1.2602671,4
0.2886589,-0.4353141,2
7.9848714,16.149311,3
18.65176,2.5672185,0
10.779957,-1.5825088,4
7.248255,8.897549,5
8.937833,17.093472,3
4.495083,-4.917688,2
3.5737634,-3.379632,2
14.024326,-1.135281,4
3.8075383,-4.008688,2
7.984885,16.577005,3
7.368084,16.023697,3
10.601819,1.4086455,4
10.259812,11.679394,3
8.510434,16.745955,3
7.9075947,-4.643106,2
17.969696,4.2522316,0
5.9418983,-0.03321193,2
4.500132,-4.791226,2
8.376521,-4.3756804,2
8.093943,16.67753,3
7.1556993,17.564152,3
7.10364,5.5904493,5
6.895903,16.301174,3
11.283777,0.8686195,4
8.050987,16.705818,3
10.210769,11.66171,3
18.070122,4.207111,0
6.444901,17.808659,3
2.9184446,-6.099857,2
6.611113,16.169403,3
2.7819977,-3.7106705,2
18.561016,6.8387456,0
10.71348,1.2682594,4
5.82768,17.839054,3
14.141744,-1.5379251,4
18.51833,2.8814957,0
2.6763363,-3.494228,2
4.3003592,-3.6392572,2
5.842128,17.89269,3
4.812576,-4.8214226,2
3.7747386,-2.894374,2
5.786141,17.949425,3
8.2755375,-4.3018994,2
4.649381,-3.443405,2
8.059465,16.729927,3
4.8676977,-3.382763,2
5.88353,17.89204,3
5.9048634,18.003407,3
7.478282,16.062532,3
5.727336,17.83933,3
5.864763,17.879341,3
4.4643917,-3.3628523,2
7.001694,18.320404,3
19.19724,6.1179166,0
8.377421,17.427038,3
2.6334486,-5.012156,2
8.950294,17.051386,3
3.4965265,-3.2228951,2
7.636717,-4.994361,2
7.705492,17.526619,3
13.620738,-1.2686397,4
10.969843,1.4698124,4
18.546679,2.4411771,0
6.226599,17.937178,3
8.495197,15.924716,3
13.065622,-1.034478,4
10.779198,1.3099499,4
8.0229645,16.693266,3
18.516146,6.7220097,0
4.769266,0.57412356,2
5.968255,18.015087,3
18.524921,6.6174803,0
13.850032,-1.3329492,4
8.8806505,16.986694,3
8.339062,-4.2812753,2
4.4720073,-3.5311222,2
9.983653,7.671349,5
7.9699893,16.7599,3
5.5428634,15.112125,3
10.601919,1.1758255,4
7.1114006,18.256996,3
-1.5236324,6.566061,1
7.852769,16.746712,3
8.852571,17.038109,3
6.2129993,17.93776,3
6.526252,16.145523,3
11.38541,0.72952306,4
5.6809626,14.545198,3
-7.383524,4.61104,1
7.1581507,17.556675,3
6.941555,18.299385,3
8.97198,17.046,3
15.378675,12.144653,0
8.814524,16.953321,3
4.869022,-4.6871405,2
15.523246,12.700293,0
7.738581,17.495884,3
4.275225,-3.2450674,2
3.7523687,-3.357567,2
12.554299,-2.161497,4
15.192004,12.553343,0
19.035141,6.4039097,0
18.651878,6.818774,0
6.137783,0.2086816,2
10.662865,1.3614882,4
13.526995,-0.6538727,4
13.2853,-1.249136,4
8.87838,16.983973,3
10.663479,1.319475,4
7.7311807,-4.9920497,2
-1.2901983,6.4720573,1
6.0933537,-0.04812452,2
3.5703096,-3.2846618,2
4.4856267,-4.906775,2
13.85976,-0.89048576,4
8.31678,17.46228,3
6.281424,0.3834709,2
13.775432,-1.4416896,4
18.67443,2.628281,0
8.313136,-4.534023,2
0.11288507,-2.0782647,2
10.923162,-1.6322969,4
7.1335664,8.586196,5
6.3840337,17.778124,3
19.320868,4.5117664,0
8.071737,16.702368,3
5.8663917,17.813608,3
-0.02160486,-1.2974038,2
7.4965587,17.102736,3
2.667755,5.6566234,1
7.1704593,18.202806,3
8.813752,16.858303,3
8.374243,17.443813,3
8.852649,17.028082,3
13.697645,-1.5233947,4
15.568415,11.9805,0
4.594367,-3.6759894,2
7.10085,18.21143,3
7.03989,16.262297,3
7.1646957,17.526356,3
7.923006,-4.576794,2
8.2013,-4.7577205,2
8.870023,17.077648,3
10.839749,-1.6930867,4
7.774154,17.534285,3
5.8929057,18.080143,3
13.78622,-1.255403,4
8.066565,16.771322,3
6.05516,0.16609697,2
15.726344,12.063502,0
6.0980983,0.29944915,2
5.678902,17.866934,3
8.381677,17.422937,3
13.663707,-0.93543285,4
7.53069,-4.9744525,2
13.9272375,-1.6531568,4
8.0359745,16.756985,3
7.951879,16.107693,3
8.54726,15.881432,3
18.702526,2.6058683,0
8.851386,17.043415,3
8.906109,16.933071,3
3.3019397,-5.5151343,2
10.749984,1.3058674,4
4.467341,-3.7997615,2
7.9098806,16.796097,3
7.7531962,-4.977084,2
5.5714307,15.141923,3
12.86964,-1.0612692,4
15.2366495,12.663829,0
13.079167,-0.85929626,4
6.131748,0.17310904,2
13.628904,-0.98042685,4
15.748271,12.08416,0
4.7589283,-4.6266117,2
2.8290925,-3.6235743,2
11.115554,0.9540501,4
6.054327,18.086504,3
4.210873,-3.6639047,2
13.633311,-0.9572129,4
7.4422946,16.191757,3
6.0201774,0.19183649,2
19.227478,6.164152,0
7.9777284,16.647781,3
5.904209,0.11689154,2
7.386274,17.67658,3
6.756012,-0.7323972,2
8.393063,15.74997,3
8.168225,-4.8016,2
4.1431537,-4.7590632,2
6.30489,17.938322,3
7.067613,18.273975,3
7.4533815,17.89491,3
6.0870996,-0.057593577,2
8.556153,16.736198,3
4.4478126,-4.738941,2
-1.741241,6.5214796,1
5.9367585,0.3099117,2
7.936403,16.051123,3
0.3142898,-1.3012948,2
-7.4640865,4.8458085,1
4.054236,-4.405845,2
4.4879947,-4.904425,2
10.614184,1.3973719,4
7.0589457,16.357458,3
3.9227312,-4.3115053,2
14.733173,10.8798275,0
15.550141,11.979143,0
0.12714237,-0.6948848,2
10.103449,11.736075,3
8.864513,16.98047,3
6.943731,18.343721,3
7.958257,16.075026,3
13.101979,-1.0202682,4
19.217539,6.138079,0
4.4763784,-4.672813,2
8.889978,17.016941,3
6.482378,17.65142,3
6.5219455,16.105455,3
13.128389,-1.0308942,4
6.1467614,0.16213027,2
6.2489405,0.37457165,2
6.3281293,17.781977,3
7.9516315,16.058943,3
12.749475,-0.94227165,4
-1.7417413,6.3402643,1
15.574081,12.59026,0
7.5149174,17.118235,3
12.914545,-0.87957025,4
6.634377,16.094624,3
15.637633,11.951275,0
13.898088,-1.6222154,4
-1.2589126,6.4593215,1
15.178021,12.631478,0
18.588863,3.1207948,0
8.987442,17.044296,3
8.82091,16.975475,3
6.8380394,16.997297,3
0.73614174,-1.0596921,2
18.653263,2.6624234,0
5.967707,17.74956,3
7.166102,13.905912,3
11.220108,0.80311626,4
6.998857,17.174538,3
7.7134604,17.514362,3
-0.33886123,-1.3055344,2
7.0241404,17.004377,3
8.52763,17.061392,3
3.610328,-3.1766202,2
13.035984,-0.99959767,4
15.331593,12.110395,0
12.8622265,-1.1488141,4
-1.1791434,5.1225157,1
4.2691703,-4.257399,2
12.301057,-1.6056067,4
6.1346397,-0.019480728,2
4.4797826,-4.8938107,2
6.665113,0.38109964,2
7.1828218,17.135597,3
15.5739765,12.665663,0
13.132926,-1.2412009,4
6.9017806,16.982786,3
6.7593303,-0.8043551,2
8.376387,-4.5097647,2
3.6493442,-5.4087124,2
10.227293,11.669097,3
7.182428,17.547783,3
6.324671,14.829724,3
10.183203,11.699195,3
-0.25844207,-1.1968714,2
18.636652,6.7817597,0
8.7171,17.09609,3
3.6715617,-3.7004662,2
5.944863,0.113139525,2
10.780036,1.5904552,4
14.122459,-1.5155679,4
13.011977,-0.90392345,4
4.257629,-3.3934197,2
19.240755,6.1732163,0
0.17120558,10.343476,1
7.9705334,-5.938299,2
4.8684697,-4.639787,2
13.453281,-1.3943404,4
10.725508,-1.6006755,4
8.820006,17.067717,3
7.5612483,17.447157,3
7.932602,16.830107,3
4.703518,-4.8280435,2
8.321602,17.482906,3
5.5838504,15.169382,3
6.2065883,17.910048,3
8.030424,-5.007785,2
4.3376403,-3.8088365,2
0.1679941,10.416119,1
12.818507,-1.1001976,4
13.480559,-0.6628073,4
5.8669515,17.975952,3
15.151542,11.744328,0
8.331563,15.812535,3
6.6610136,16.177048,3
8.026231,-4.9691224,2
14.140862,-1.5265929,4
-7.503977,4.476316,1
19.018154,4.7689433,0
10.789102,1.5808787,4
6.82542,8.407004,5
15.138918,12.555722,0
8.846002,16.88176,3
9.981116,11.851207,3
12.853815,-1.0538732,4
0.27859214,10.614861,1
6.070549,18.122005,3
18.58323,3.0353446,0
4.349967,-4.7076693,2
7.929807,16.797346,3
7.598721,14.48605,3
7.997002,-5.9601555,2
15.561259,12.538581,0
11.434986,0.56045306,4
7.615457,-4.9383073,2
6.303053,17.79944,3
5.841071,17.875881,3
7.0867066,18.214762,3
5.94582,17.76217,3
18.860851,2.7701445,0
6.1756206,17.851803,3
4.0653253,-4.3939643,2
15.031665,12.410393,0
8.679271,17.042004,3
7.4119964,16.35088,3
7.717969,17.513422,3
19.246565,6.1786685,0
19.183786,5.790435,0
6.07988,17.826921,3
5.66268,15.245435,3
13.99548,-0.8683784,4
7.8165264,17.556482,3
10.257035,11.624235,5
3.8300223,-5.687685,2
7.1469574,17.540794,3
5.837048,17.902782,3
7.834844,-4.9921207,2
8.786085,17.091173,3
13.461926,-0.6784069,4
8.375663,15.850673,3
7.124978,17.505861,3
4.7231255,-4.5442348,2
3.8739471,-4.4120965,2
6.0308156,-0.20787176,2
15.136312,12.56362,0
7.7378597,-5.031255,2
11.125269,0.8916716,4
10.839409,-1.5860193,4
8.581905,17.042593,3
7.0956855,18.233961,3
0.41033062,-1.2639779,2
7.6583915,17.073935,3
8.422559,17.412851,3
11.470911,0.5308955,4
13.514289,-1.045855,4
8.586053,17.01529,3
-1.1830131,5.338226,1
18.73598,2.7819054,0
8.433046,15.88673,3
7.1782665,18.031267,3
3.6131415,-5.3450155,2
8.010147,-5.8700166,2
13.957988,-1.6297885,4
-0.37699214,-1.0651598,2
4.8572903,-4.5329213,2
6.9328794,17.068638,3
8.007511,16.036978,3
8.747499,17.080194,3
7.723335,-5.86787,2
8.434949,17.39381,3
6.060152,18.035208,3
3.726373,-5.7468605,2
15.441066,12.260523,0
10.9240675,-1.5801634,4
15.314049,12.706256,0
-7.472022,5.185032,1
4.563799,-4.349533,2
8.32629,15.737919,3
6.977341,16.270636,3
15.042032,11.987296,0
15.291264,12.165974,0
13.244368,-1.4010738,4
0.7796521,-0.95622164,2
18.518856,2.8575187,0
10.660932,1.2336173,4
4.8765235,0.47841495,2
7.7898483,-5.842617,2
4.912695,-4.600969,2
6.1822762,13.965636,3
6.508014,17.407322,3
18.496227,3.2785354,0
14.737736,10.881477,0
4.268489,-4.442582,2
7.479582,15.970446,3
0.2989872,-1.2579496,2
7.4573946,14.27522,3
8.499005,15.989843,3
4.5778184,-4.3956017,2
7.3993177,17.287325,3
15.246401,12.595314,0
13.102447,-0.92335325,4
4.387125,-3.6618643,2
13.894113,-1.6149037,4
12.765071,-0.9903627,4
8.849538,17.006918,3
4.13815,-4.6438346,2
4.4272738,-4.823805,2
7.442062,-5.053762,2
5.9815726,18.004396,3
15.338007,12.076951,0
13.04455,-0.97295576,4
4.2425222,-4.7619777,2
6.0536494,0.39622247,2
18.64637,6.7627406,0
13.293027,-1.4590428,4
7.867966,16.023046,3
4.821229,-5.084081,2
7.787008,-5.9359336,2
11.244663,0.8405873,4
7.179584,17.187923,3
15.331904,12.062704,0
7.905297,16.858898,3
4.8144846,-4.471293,2
10.254736,7.5956235,5
13.236648,-1.1519284,4
15.277155,12.344085,0
5.09504,0.5191862,2
7.689155,5.4584227,5
10.898483,-1.644898,4
8.311462,-4.283989,2
10.20346,11.659671,3
7.895768,16.826714,3
6.7764225,-0.4393864,2
5.8899846,18.0948,3
4.4004426,-4.824117,2
18.755497,2.9278834,0
6.438087,0.5224817,2
6.5264854,17.750216,3
7.1649623,17.579905,3
10.037525,11.865686,3
6.4453435,16.077084,3
7.5490355,-5.077257,2
-1.252946,5.8008904,1
8.283945,-4.318596,2
12.793518,-0.9605873,4
7.9067025,16.807423,3
7.7700706,17.218048,3
12.796856,-1.0045304,4
18.566858,2.9310977,0
7.179702,17.53587,3
7.0417814,17.168818,3
7.0555153,17.50273,3
8.622877,17.010574,3
7.5016184,-5.0231433,2
4.656364,-4.9332776,2
7.6363735,-4.932347,2
12.990655,-0.9405937,4
3.7476406,-5.711138,2
7.668697,16.923296,3
12.780002,-0.901996,4
3.936654,-4.6302724,2
6.062446,0.32494393,2
8.456126,16.953506,3
8.932385,16.87122,3
6.7952995,17.100344,3
-7.362421,4.6501694,1
14.1319275,-1.4791855,4
19.573275,4.5066967,0
8.477027,16.678177,3
18.099213,5.962043,0
-7.503612,5.2595544,1
18.625616,6.778761,0
4.8943276,-4.4358478,2
7.4230866,17.781273,3
5.8779235,17.992617,3
13.171627,-1.1260778,4
18.746157,2.7678823,0
8.276171,16.057009,3
7.978527,16.778816,3
11.465257,0.59751576,4
7.477489,-5.0403066,2
18.584211,6.7349277,0
4.4745536,-2.9295337,2
13.686959,-0.9514351,4
17.578337,4.3438425,0
7.9965954,16.93326,3
8.909321,16.969223,3
8.879485,17.012362,3
10.062346,11.809811,3
-0.16189799,-1.1185861,2
13.581638,-1.2180862,4
6.763512,5.1135263,5
18.719952,2.6589131,0
14.053513,-1.0813404,4
7.0265574,18.241684,3
8.80598,17.051308,3
8.464328,15.891712,3
8.87803,16.89519,3
11.298491,1.124575,4
8.5153055,15.728766,3
7.106388,17.575237,3
8.021655,16.765402,3
14.080406,-0.95730704,4
8.110356,-4.376471,2
8.79921,16.995146,3
5.911437,17.916393,3
13.6431675,-1.2702485,4
13.413846,-1.3060287,4
3.7923548,-2.9031417,2
8.964415,16.909636,3
8.946914,16.891323,3
13.668646,-1.5283278,4
5.7823577,17.880344,3
4.7537036,-3.394924,2
6.344037,17.73463,3
15.353763,12.139787,0
6.947773,18.195074,3
4.9436717,0.6782037,2
13.695444,-1.339775,4
7.937691,16.217598,3
6.4498005,16.10767,3
13.656532,-0.9372035,4
6.3998623,17.807364,3
7.0350695,18.257446,3
6.9447637,17.177563,3
-7.3653846,4.743249,1
7.9395685,16.072119,3
8.326575,-4.4183383,2
8.39696,17.38823,3
3.6351464,-3.256501,2
11.479433,0.57025963,4
5.899892,0.023318157,2
0.77437925,-2.073431,2
19.242102,6.1872363,0
8.520146,15.856746,3
8.914793,16.957064,3
13.4124775,-1.0048891,4
14.068686,-0.9681129,4
4.353522,-4.4292026,2
6.6857395,6.215463,5
13.763572,-0.8608886,4
8.234866,-4.4838758,2
13.983154,-0.91493154,4
7.158903,17.398417,3
5.9376554,0.15255672,2
5.924299,0.11765365,2
8.870777,16.882156,3
15.307067,12.736842,0
13.422946,-0.9688966,4
13.603217,-1.261778,4
8.510689,17.060673,3
14.072381,-0.9310763,4
7.720467,-5.036011,2
11.103509,1.2607322,4
5.477943,15.0514345,3
8.327241,-4.2728186,2
14.125971,-1.4890653,4
4.6225853,-4.5939813,2
3.641403,-3.361386,2
18.234352,6.1482544,0
15.070776,11.946579,0
13.543777,-1.4532837,4
5.892795,18.042154,3
13.935797,-1.6206187,4
8.328529,-4.276341,2
8.775811,16.947342,3
11.3131075,1.1506675,4
6.7798185,8.489838,5
5.96172,18.115978,3
10.707408,-1.6353582,4
18.545599,6.641174,0
13.70056,-1.0606996,4
8.790543,17.071049,3
18.629704,6.815199,0
-7.470301,4.862678,1
8.445527,16.667181,3
13.630767,-1.5284479,4
10.730228,1.0586541,4
7.747308,17.533121,3
10.672506,-1.6093898,4
4.822694,-3.7297318,2
13.561052,-0.6584624,4
3.8163686,-2.9378705,2
8.097562,16.716612,3
18.513004,2.3822627,0
0.39578602,-0.35817555,2
5.8039103,17.985487,3
7.2044954,17.470411,3
10.048459,11.858219,3
6.7219224,-0.6768874,2
4.1227303,-3.3628955,2
8.022008,-4.457486,2
8.545387,15.813147,3
-0.38916397,-1.3702312,2
4.4967437,-4.680338,2
8.889192,17.009697,3
8.348854,-4.2610507,2
4.656944,-3.7969143,2
6.891871,17.10745,3
13.523089,-0.6351737,4
18.605167,6.7922955,0
8.982594,16.942259,3
6.9757905,17.159737,3
18.58641,6.809052,0
18.555014,6.707027,0
10.593229,1.2764639,4
14.080569,-0.88218266,4
13.594931,-1.0237596,4
14.068594,-0.90207577,4
11.1925335,1.1540608,4
2.8890574,-3.4884312,2
13.889388,-1.6325256,4
8.354828,-4.2542777,2
7.4258738,16.366014,3
4.4783316,-2.9306371,2
4.5052013,-2.985244,2
7.509916,-4.9696684,2
8.852132,16.94279,3
7.0329823,17.091524,3
7.4961815,-5.0001884,2
10.895339,1.3817939,4
11.350551,0.48083213,4
0.121700056,-2.0969093,2
15.169555,12.622713,0
13.688439,-1.6198957,4
5.4968634,15.08325,3
6.7013326,-0.6570847,2
13.572092,-0.82639337,4
8.820568,16.987947,3
15.698333,12.202191,0
13.438913,-1.2820667,4
4.892216,-3.7091534,2
13.598169,-0.6889711,4
13.765963,-1.6568246,4
-7.395178,4.7434607,1
11.117575,1.2876228,4
19.225716,6.2107363,0
19.602467,4.6239924,0
9.021788,16.826262,3
8.537198,16.701164,3
10.707101,-1.664831,4
5.862247,17.623,3
13.569,-0.66415817,4
13.965131,-1.1339769,4
6.253044,14.7880125,3
4.522448,-2.9194515,2
13.929225,-0.8870531,4
4.4376287,-3.6775196,2
6.315966,17.757273,3
10.837877,1.5810809,4
3.724078,-3.4199853,2
18.996634,2.8325293,0
18.488323,2.578853,0
6.4499636,14.165919,3
5.91938,17.910044,3
13.673207,-0.9637846,4
8.471581,16.009396,3
4.9498897,-4.6343074,2
3.6766667,-3.633327,2
3.7870138,-3.2118022,2
10.05255,11.877258,3
13.98464,-0.90872306,4
0.90996754,8.11473,1
2.8752449,-3.3535106,2
10.751055,1.076809,4
14.066957,-0.91123235,4
18.60532,6.742378,0
7.063917,17.158697,3
6.374189,17.252497,3
13.957989,-1.5628369,4
6.4339066,16.066116,3
7.951753,16.751314,3
8.903605,17.003012,3
11.5115595,0.5683528,4
15.733513,12.096652,0
7.544199,17.04916,3
4.9578295,-4.4836435,2
10.907431,-1.617302,4
6.080324,-0.0352664,2
7.0225725,17.291183,3
7.538558,17.304535,3
18.679365,5.3240013,0
3.5623922,-3.3609273,2
7.9741144,16.076794,3
4.57429,-3.5284455,2
13.775693,-0.9367873,4
17.968203,4.196801,0
11.130404,1.2930146,4
10.669664,1.1231611,4
6.083756,0.42487305,2
0.59506404,-0.39266136,2
10.907213,1.3422716,4
7.415116,17.81968,3
13.0287895,-0.9127922,4
6.0805764,-0.050217085,2
14.163348,-1.466843,4
13.911989,-0.8726291,4
14.126678,-1.4988661,4
2.8321137,-3.3423488,2
6.027371,14.492747,3
8.95577,16.974705,3
6.7195206,-0.7028985,2
10.683604,-1.6212835,4
13.920902,-1.6359373,4
10.903795,1.3444115,4
12.168532,-1.0509139,4
13.569452,-0.66419894,4
8.446573,16.618738,3
13.15206,-2.7034683,4
0.14810984,-1.1458728,2
11.490864,0.607838,4
14.105239,-1.4664917,4
17.965569,5.3783197,0
13.943581,-1.4363669,4
7.9897413,16.203428,3
18.588633,6.75265,0
3.7615838,-2.9590735,2
18.682981,2.5689018,0
5.963427,-0.031039089,2
10.709838,-1.6616083,4
8.661363,17.049713,3
10.905722,-1.5949734,4
12.010802,-1.2138066,4
7.0972414,16.38585,3
4.3601003,-3.4162478,2
7.0773573,18.232304,3
18.617197,6.7820473,0
4.700684,0.49752614,2
8.456787,16.644867,3
5.6944222,17.790201,3
12.175299,-1.0415858,4
10.695139,1.0661001,4
10.597409,1.2430598,4
13.666621,-0.8917011,4
3.8440564,-2.9277503,2
2.9780028,-3.3502893,2
12.078237,-1.1723886,4
3.7971346,-2.9059963,2
7.9505234,16.751581,3
8.325164,17.242912,3
8.872502,17.050293,3
14.158355,-1.4604888,4
13.757952,-1.4396833,4
7.992988,16.686846,3
8.921137,16.975548,3
10.729906,-1.6927887,4
10.835398,1.5262237,4
11.111736,1.0623076,4
10.647506,1.2403805,4
10.672403,1.2344714,4
13.428254,-0.7721168,4
13.725636,-0.8983635,4
18.60409,5.304777,0
10.735229,1.24763,4
15.386681,12.074618,0
0.40468132,-0.7195706,2
15.183016,12.491538,0
13.938396,-1.6568618,4
18.602825,6.8326693,0
7.850148,17.613317,3
7.0970235,18.278992,3
12.024711,-1.1961731,4
12.822802,-1.0440856,4
13.897765,-0.86493456,4
8.553423,15.830713,3
8.367869,-4.537366,2
6.39827,17.24449,3
8.381222,17.431046,3
10.75879,0.30038288,4
17.932129,4.1764083,0
10.766879,1.6074935,4
13.825003,-1.5984473,4
8.861642,16.842655,3
12.193945,-1.0500239,4
7.9906554,16.717255,3
19.26104,6.174774,0
8.498893,15.954404,3
13.444335,-0.6787212,4
8.21441,16.066187,3
6.9886084,17.09996,3
7.6663203,17.51831,3
7.1797085,18.16153,3
8.027901,16.7419,3
3.7880363,-2.8811357,2
17.99115,5.333629,0
15.582986,12.695513,0
13.886231,-1.6200329,4
7.5694923,17.058561,3
18.569826,3.0010786,0
12.889641,-0.9022596,4
15.213619,12.394215,0
13.627555,-1.2971115,4
11.391974,0.7209309,4
6.1511045,0.39650714,2
4.8449626,-4.947658,2
0.46636143,-0.56051344,2
2.583763,-4.9222436,2
7.7244906,-4.978708,2
18.635221,6.7798924,0
3.789836,-2.8636565,2
8.866289,17.016169,3
4.4189563,-4.2902155,2
4.931172,-3.7699575,2
10.79589,-1.6421931,4
13.481035,-0.7144435,4
6.040374,0.13473134,2
8.527505,17.026228,3
4.943429,-4.4238644,2
7.957758,16.128527,3
15.357485,12.0693865,0
6.820082,17.111753,3
13.15986,-1.2252803,4
7.0122137,17.092783,3
7.5072455,17.417484,3
6.6326485,-0.4453545,2
12.863374,-1.0032479,4
8.827222,16.89061,3
6.9314985,17.105848,3
4.6927447,-4.802954,2
14.653835,5.6327634,0
7.939706,16.839417,3
13.225908,-1.2887608,4
7.644348,17.351664,3
13.37065,-1.0213803,4
17.921646,5.404242,0
14.966856,11.964128,0
5.9518104,0.23379949,2
9.8311825,11.921761,3
11.337112,0.8141174,4
12.876311,-1.0497979,4
11.372212,0.80179656,4
8.899681,17.034925,3
4.466637,-4.667336,2
7.4636927,-5.036615,2
18.62529,6.7590904,0
13.819335,-1.4636575,4
11.343287,0.85419244,4
8.894155,17.04933,3
6.1518617,0.005200971,2
14.090251,-1.45749,4
7.923883,16.762854,3
8.483016,15.877654,3
13.29144,-1.4095107,4
0.38356736,-0.91611564,2
12.420806,-1.0265496,4
18.46258,6.4800444,0
15.416474,12.154488,0
18.61231,6.8018713,0
13.248647,-1.3811135,4
0.5285193,-0.95638794,2
10.765804,1.2479125,4
13.917967,-1.0772909,4
7.1335936,17.411913,3
4.148659,-3.5591655,2
7.9260163,16.766607,3
10.812761,-1.643866,4
8.640318,15.848706,3
7.8323946,14.285907,3
10.946091,1.198493,4
7.410889,16.284344,3
0.7142308,-1.0744388,2
15.270091,12.674539,0
10.789551,1.5540785,4
10.839051,1.0494629,4
0.5183969,-1.0365915,2
8.600552,15.87129,3
4.300465,-4.6034355,2
8.507137,16.745726,3
7.5147,17.6793,3
6.569146,16.055113,3
7.612086,14.597657,3
6.3255143,17.888285,3
8.002282,16.739449,3
6.5545325,16.04624,3
8.020412,16.653713,3
-0.07129761,-1.3122718,2
4.445791,-4.8324018,2
7.440692,-5.1166716,2
10.807505,-1.6166501,4
8.801245,17.078033,3
10.742319,-1.6589056,4
12.891718,-0.92864776,4
18.712164,2.797198,0
6.3210287,17.889708,3
6.331832,17.737278,3
10.107755,11.571493,5
11.251114,1.1708201,4
13.909093,-1.6291715,4
8.694724,17.085623,3
3.7757878,-2.8958557,2
6.7748694,-0.61434704,2
10.199415,11.71014,3
10.953286,1.2586713,4
7.0374236,18.236605,3
13.063237,-0.98993224,4
18.355215,6.4682817,0
7.929252,16.807316,3
15.074826,12.149614,0
7.9416003,16.764412,3
4.6618943,-3.4761736,2
7.2002096,17.4752,3
10.848528,-1.6013546,4
4.686205,-4.5645623,2
4.758455,0.41069025,2
8.391084,17.38436,3
6.051051,17.853045,3
2.925656,-3.3220596,2
13.966761,-0.9226441,4
2.5342124,-5.010248,2
4.7274876,0.49304113,2
4.583345,-4.4469857,2
8.654166,17.09998,3
8.819374,16.849373,3
8.028164,-5.9729037,2
13.677367,-1.1217049,4
14.082514,-1.3837565,4
0.5151968,-0.49602765,2
6.4501595,17.788897,3
7.129804,18.219221,3
6.404313,17.59818,3
13.808022,-0.99619615,4
7.9750147,16.783094,3
18.651487,6.864952,0
7.782231,-5.8840837,2
13.801554,-0.9390104,4
10.860622,-1.6181334,4
17.91309,4.2247725,0
6.8058696,8.476203,5
7.0914598,17.09519,3
7.563406,14.201189,3
6.353037,17.784729,3
13.875373,-1.6206506,4
17.684738,4.0843124,0
7.983425,16.789124,3
4.454724,-4.651085,2
11.989472,-1.1705096,4
7.0829186,16.410318,3
4.9458776,-4.494541,2
13.528313,-0.70963585,4
-7.4020987,5.5888257,1
4.83484,-3.377733,2
4.8765397,-4.49881,2
7.0746403,18.103037,3
7.9536333,16.779013,3
6.9594274,17.171646,3
6.708311,-0.7510363,2
18.497427,2.8545454,0
18.722242,3.0482988,0
8.929116,17.017344,3
10.764312,-1.6540079,4
18.562244,2.5701268,0
7.3534455,13.882431,3
12.902958,-0.90117645,4
13.018172,-0.9210579,4
11.471142,0.5737852,4
18.601856,3.006304,0
15.286346,12.08577,0
4.790242,-4.5514727,2
18.874819,2.852275,0
18.703304,2.4386022,0
7.1593857,18.192167,3
6.8444467,8.468366,5
17.88961,3.3322504,0
15.167633,12.476092,0
4.3656116,-4.6294007,2
8.938193,16.898767,3
13.734942,-1.6195604,4
11.282756,1.1444502,4
18.61605,6.810863,0
6.6158347,16.163708,3
13.534554,-0.9990979,4
4.408379,-3.156687,2
14.040118,-0.9179103,4
14.082888,-1.4734936,4
13.433911,-0.6266936,4
14.031851,-1.4067783,4
13.521367,-1.1755949,4
7.898955,16.823372,3
10.849438,-1.6584275,4
10.010168,11.884098,3
7.082544,18.21309,3
12.17601,-1.001762,4
12.72995,-1.0124524,4
13.638944,-0.9718433,4
6.1012087,0.23564644,2
12.329878,-1.6148226,4
13.952872,-1.4672295,4
13.715772,-0.89495987,4
12.931144,-0.8516539,4
8.456011,16.708124,3
7.2082553,18.082775,3
4.71736,0.42937905,2
18.567816,6.761904,0
12.538458,-1.5842583,4
17.949738,4.19474,0
7.098966,17.073523,3
-7.182699,5.8917756,1
12.848216,-1.0250213,4
2.8641145,-3.3697717,2
10.8980055,0.2732031,4
8.786777,16.998064,3
0.019824037,-1.2245529,2
14.075999,-1.4689078,4
4.652999,-4.3624516,2
6.6868043,17.392284,3
18.698166,6.9081955,0
12.769799,-0.9703525,4
18.602203,6.734115,0
6.0430155,-0.19211718,2
8.284006,16.056574,3
13.900354,-1.632993,4
6.8587394,17.098122,3
7.331556,14.064595,3
5.860188,17.879421,3
15.18012,12.375234,0
6.9890633,8.650071,5
0.81880164,10.641309,1
10.023378,6.3903036,5
7.1969614,13.821717,3
7.2714434,8.293109,5
-1.0758319,5.641638,1
-0.9526198,5.5867586,1
6.755981,5.482327,5
-0.7248112,6.0083513,1
7.001923,5.0331197,5
6.3896155,16.07202,3
7.1449056,4.568183,5
4.261431,-3.3926497,2
-1.436235,5.8688455,1
6.2056513,13.942846,3
0.04922436,-0.82652473,2
6.6606226,8.565414,5
2.452342,-3.1454146,2
5.182997,14.6919,3
8.684307,16.334782,3
7.1500072,4.557012,5
6.8839383,5.2436385,5
5.9479833,17.726122,3
6.063926,14.067973,3
5.936991,17.771479,3
1.2506088,10.072961,1
15.435378,5.700899,0
0.074092776,-0.7736994,2
14.159412,-1.5124367,4
5.9461856,0.09116864,2
0.48080078,10.994309,1
-7.0056434,4.7398953,1
6.9312553,9.00049,5
7.668948,14.330578,3
8.228574,15.96952,3
9.574123,11.337706,5
6.875254,8.842495,5
7.4007335,17.08722,3
-0.8258467,5.4855084,1
7.1143622,7.288092,5
5.450721,15.000773,3
-1.2626418,6.4546857,1
6.1805396,14.045317,3
6.1198587,13.982594,3
19.30714,6.2108083,0
0.050376244,-1.2972792,2
7.9844666,14.03858,3
0.55678105,11.0738,1
15.242693,12.564793,0
7.2157173,4.590934,5
6.4369164,14.059323,3
8.219313,15.953335,3
6.1983027,17.945581,3
7.034326,8.684817,5
7.05906,8.800514,5
6.965872,5.1551166,5
7.1776714,4.596123,5
8.092891,16.03857,3
6.66182,17.375027,3
7.686599,14.396728,3
1.5665847,7.6934276,1
18.680948,3.197021,0
7.4731984,5.3572855,5
5.863399,13.86077,3
0.7600223,10.509257,1
0.21940628,-2.1413255,2
7.1059046,5.574986,5
7.992291,16.117067,3
6.048756,7.318373,5
7.1847153,5.5206046,5
7.016887,7.3741717,5
8.624607,16.742102,3
13.386438,-0.84682214,4
8.464,16.67409,3
10.134207,7.426994,5
9.7319,11.474876,5
13.554779,-0.87617743,4
6.6477704,8.818842,5
-1.5042659,6.381647,1
4.729819,-4.388404,2
0.45578155,10.58976,1
4.5799847,-3.880586,2
5.9816785,13.959268,3
7.081076,4.848292,5
-1.5007446,6.587753,1
7.597878,14.435259,3
6.81349,5.158959,5
0.24122699,-0.9229947,2
6.475083,9.147748,5
15.10055,11.880739,0
6.481925,9.129447,5
13.55122,-0.98681194,4
7.0290475,5.0959215,5
7.1165996,7.342414,5
0.7058628,10.988328,1
7.4028406,4.918479,5
6.8807383,17.072853,3
4.459866,-3.939071,2
8.4132805,15.732791,3
6.810584,5.151064,5
7.3309517,8.203712,5
0.5321112,11.045639,1
11.120282,1.2551223,4
1.0415443,10.45345,1
11.085555,1.297656,4
7.207498,13.8389015,3
16.002441,7.2468777,0
0.54807305,11.060572,1
6.9952755,5.3270035,5
8.554487,15.817088,3
19.60605,4.5388737,0
10.081305,7.3976583,5
6.846482,5.390547,5
-0.87651294,6.265505,1
5.6501913,13.931907,3
4.4736333,-2.9550009,2
8.617073,16.961767,3
10.134211,7.5970263,5
-1.716181,6.230509,1
2.85578,5.7645693,1
18.928926,2.6653087,0
15.117209,11.739398,0
4.232066,-3.5826004,2
10.6321535,1.3389014,4
6.5579605,16.026958,3
6.7575207,8.529566,5
9.915273,6.4348993,5
7.3921766,5.48017,5
14.741883,5.5873814,0
5.5061426,15.058444,3
0.5084093,6.766396,1
0.3588561,-0.7253291,2
7.583249,14.4238205,3
2.2857895,7.1927266,1
13.588371,-0.74309367,4
6.553513,16.03851,3
6.6346827,16.060825,3
7.2022076,4.5602627,5
6.4666114,17.109991,3
4.462005,-3.027279,2
0.5745061,-0.7931549,2
18.662624,2.532465,0
13.939307,-0.9008558,4
5.079616,14.626098,3
5.8702855,14.76476,3
4.29852,-3.3489122,2
15.700133,12.149523,0
1.3846267,10.4897585,1
8.565079,16.938574,3
13.68288,-1.5102857,4
6.0741973,14.001213,3
5.513612,14.916788,3
-1.2129503,6.3876734,1
7.970246,16.775543,3
6.489488,8.859777,5
11.127842,0.7781488,4
0.45003834,11.07502,1
1.3384646,8.908866,1
7.340528,8.248523,5
8.555011,15.827932,3
9.758167,11.865506,3
15.546407,11.884423,0
15.576755,12.704944,0
7.3863626,13.505788,3
1.3696624,10.473357,1
-1.1887914,6.496879,1
6.1252704,13.983958,3
7.4685645,14.120912,3
15.185607,12.640319,0
7.960739,13.945882,3
8.918348,16.900526,3
5.1884956,14.670397,3
7.200124,4.582601,5
1.2279269,10.426503,1
0.36885485,-0.94172287,2
7.484893,13.515979,3
7.2044783,4.566976,5
-0.710488,5.64402,1
6.785086,17.06892,3
7.239726,13.864521,3
13.992239,-0.8636129,4
5.2111692,14.646345,3
14.637625,7.0550275,0
0.9135674,10.137598,1
7.1094203,8.24208,5
7.36746,8.270512,5
0.5929498,10.610283,1
6.240137,13.982783,3
7.7742114,14.294645,3
-1.4003783,6.4328747,1
7.1062603,8.617441,5
6.500837,9.1222,5
6.4955187,9.011203,5
8.509288,15.819523,3
6.3300004,8.8099985,5
10.899405,1.4612516,4
-0.80915564,6.263279,1
7.3429956,13.726628,3
1.5852062,7.6036396,1
7.1937723,4.6315036,5
5.3659534,14.360067,3
0.45186535,11.03603,1
0.6075171,6.904336,1
5.7115345,13.719589,3
-1.2419562,5.333806,1
7.3103414,13.69053,3
-0.9028616,5.3612747,1
6.6355424,6.268418,5
6.566866,6.259424,5
6.7749205,16.404354,3
7.006875,4.9305806,5
5.537269,14.847125,3
7.433459,16.207819,3
8.463558,16.619328,3
5.835788,13.895492,3
1.2759064,10.056548,1
6.034272,13.852747,3
7.199768,16.082249,3
0.6174668,-0.83840805,2
7.117606,4.7108474,5
6.5075865,6.998871,5
8.521007,15.824644,3
10.123255,6.07883,5
3.5398138,6.051774,1
6.396349,16.095594,3
0.72160554,7.8619804,1
6.3187523,14.33351,3
10.079079,6.3512864,5
5.1750784,14.686084,3
5.1220236,14.643938,3
5.9109464,17.50983,3
1.3955966,8.581892,1
6.4592857,14.184892,3
7.500737,13.524349,3
6.077311,14.050442,3
7.063721,4.7552114,5
7.2367306,4.511538,5
1.1487843,10.091325,1
7.0697665,7.273934,5
6.960146,4.9973006,5
6.118216,14.150695,3
1.0368112,-1.1933359,2
1.3884454,10.523471,1
7.264565,8.289173,5
0.6632306,-0.9770649,2
7.204282,4.601112,5
13.522212,-0.95738053,4
6.1129,14.009371,3
1.0331975,10.183599,1
2.775451,-3.4816246,2
0.734291,8.096711,1
7.1126776,4.9247775,5
6.1284595,13.892639,3
-1.1664438,6.10855,1
15.6150875,11.914755,0
7.5240536,5.31675,5
0.41866916,10.540373,1
6.473233,17.097155,3
0.25159636,-0.5090828,2
7.2136526,13.868721,3
0.59447527,7.901697,1
7.6368194,14.439541,3
17.993029,5.3656526,0
7.346705,8.235799,5
7.155132,5.398624,5
6.832146,8.5133295,5
7.8622603,-4.647188,2
8.970233,7.249592,5
13.272763,-1.0727578,4
18.922249,2.6479435,0
18.880743,2.6477559,0
11.107301,1.2480204,4
7.120786,7.29831,5
0.41116872,11.058181,1
7.6385293,14.41196,3
7.171695,4.8344736,5
6.989652,4.8906236,5
5.85619,14.310932,3
6.9739604,4.8483224,5
6.5028644,9.079987,5
6.0769014,14.072611,3
7.4307756,13.504459,3
5.8369684,14.649407,3
7.4066,13.5227375,3
0.45061207,10.935574,1
7.1959977,8.860033,5
11.140132,1.1926248,4
0.28789982,-0.4838968,2
6.7306457,8.7078285,5
7.4357705,5.3922668,5
14.605108,7.052015,0
7.173702,4.9980955,5
19.461092,4.568128,0
13.381611,-0.72930634,4
0.55868983,10.774535,1
10.030307,6.5817924,5
5.897442,14.725616,3
5.10951,14.657531,3
7.2641664,4.6777344,5
4.4666357,-3.0391238,2
9.927271,7.1793203,5
7.9458876,16.057178,3
6.950683,5.2102876,5
8.374449,-5.8252234,2
-1.3479927,6.4366636,1
7.282562,8.295481,5
6.3752394,8.511256,5
-1.2698752,5.34293,1
-7.0755525,5.98212,1
10.650626,1.3065065,4
6.3354306,16.940527,3
7.941911,14.049668,3
1.2677305,10.522367,1
8.506618,16.643982,3
-2.0906339,6.018556,1
16.39652,8.067712,0
6.931658,17.19693,3
6.7504864,8.600728,5
6.000733,14.790432,3
7.078525,5.0126786,5
6.217949,17.863024,3
6.6175847,9.033007,5
7.1329193,7.296651,5
7.4840794,13.496578,3
16.347742,8.034219,0
7.1843534,4.7933373,5
3.9259384,-3.6435502,2
-0.47848085,6.070754,1
5.2486525,14.701472,3
7.3590484,8.199818,5
7.099139,8.839363,5
9.974161,6.474965,5
15.755038,12.12266,0
7.116191,8.88038,5
1.290494,8.793496,1
7.098936,7.2856073,5
1.2040327,10.0059,1
0.4287168,11.092047,1
6.0143666,7.53625,5
7.920346,14.030811,3
7.173354,4.591283,5
7.1248717,8.838346,5
6.5862203,6.232309,5
0.074592896,9.782333,1
7.943873,14.032234,3
11.325009,1.1222413,4
14.612959,5.73404,0
4.7556252,0.47388044,2
8.499684,15.911326,3
6.0314107,14.720241,3
18.40301,6.6394053,0
7.10233,7.2911835,5
6.293127,8.488737,5
6.561267,16.105652,3
10.579078,1.3035853,4
2.1113,9.337106,1
7.263425,13.877519,3
15.221394,12.483312,0
5.1287556,14.626768,3
1.0612917,8.8704405,1
6.6312947,6.273007,5
-1.0408887,5.4649067,1
7.045329,7.3550763,5
0.5331974,9.968113,1
0.7930632,10.69169,1
-1.3927938,6.359738,1
7.451232,13.48147,3
-0.07462293,-1.3280035,2
14.931435,12.016844,0
5.766216,17.616882,3
16.36003,8.089903,0
0.95302856,7.7591987,1
-1.678431,6.2800136,1
6.423221,8.302121,5
6.528102,8.929794,5
8.775715,16.906975,3
6.299784,8.6239,5
-2.0068142,6.178419,1
0.7691237,9.834283,1
7.0667453,5.1284842,5
7.414752,5.467288,5
16.866917,7.663106,0
13.417519,-0.90466905,4
6.594444,6.267358,5
1.0321788,9.76715,1
10.114719,11.785214,3
5.0804987,14.534406,3
-0.80722815,5.6644053,1
1.4118472,10.210996,1
6.7556515,17.102766,3
6.785532,4.6308155,5
10.542162,1.2124002,4
19.657244,4.723207,0
9.965656,7.672565,5
8.512368,15.808713,3
6.52352,5.060189,5
6.8701415,16.258852,3
6.8686066,8.985319,5
9.899283,6.1772094,5
1.0687304,10.310675,1
10.017259,7.802631,5
7.3833833,16.050518,3
1.1618668,10.345403,1
1.0172606,10.506301,1
5.175235,14.594044,3
6.4362206,14.132287,3
7.103809,7.244182,5
-0.9153983,5.75651,1
0.85652727,10.722867,1
6.0681214,13.923914,3
0.5753823,-0.74795103,2
0.52187616,6.782678,1
0.34631723,-0.889962,2
6.8515754,8.621226,5
7.0401764,8.63156,5
8.779671,16.676397,3
6.4760594,6.931331,5
6.725349,4.957167,5
7.762921,14.319124,3
6.038629,13.996623,3
-0.51830053,6.2957644,1
6.77651,8.606348,5
-0.7661697,6.2500978,1
5.1444473,14.625031,3
14.7198105,7.076037,0
14.508541,5.703701,0
1.5769892,10.413209,1
5.1617227,14.603899,3
15.1696415,12.482648,0
5.8030963,17.544167,3
5.7014394,13.72387,3
2.401177,7.2933984,1
15.775805,12.113763,0
-1.1907525,6.773252,1
5.7771306,14.360274,3
8.288076,15.996301,3
1.3597274,10.291984,1
6.834999,7.2253814,5
0.14204614,-0.68634325,2
2.37536,7.3856597,1
0.9580202,10.252873,1
7.9695425,-4.51085,2
14.699285,7.0066986,0
7.1674986,13.841874,3
6.4560437,4.5646787,5
6.0019135,14.673038,3
14.754965,10.9499,0
6.457445,14.083701,3
6.500982,14.159534,3
6.086527,14.781674,3
7.0389824,8.958781,5
1.3515795,10.213397,1
6.671045,4.9897075,5
10.573355,1.1745726,4
6.919211,8.503284,5
7.1075377,7.2512493,5
6.557955,6.1721754,5
18.507992,6.6935062,0
2.4246602,7.323358,1
8.853065,7.3062634,5
7.244859,13.656955,3
0.871226,9.852728,1
0.98065376,10.241301,1
-0.2436856,5.864441,1
6.7320757,4.924454,5
7.0130205,8.97961,5
9.974969,11.846324,3
0.37907618,-0.47459298,2
10.099604,7.764819,5
-1.185032,6.4851594,1
6.10247,13.978672,3
0.93378687,-1.1814009,2
0.79404604,10.788053,1
7.187324,8.93673,5
5.651941,13.726838,3
6.6216235,4.936573,5
0.263948,-0.6815132,2
6.37894,7.347152,5
3.5887814,-3.2130039,2
7.501357,13.4427,3
10.069356,7.373051,5
6.488799,5.0674314,5
6.5841455,14.043777,3
-1.1387284,6.6552653,1
8.832939,16.884748,3
4.3994365,-2.9483864,2
0.82806295,10.76882,1
7.217415,13.853094,3
6.3558464,17.090034,3
15.142155,12.477201,0
15.223913,11.673706,0
7.3663397,8.396695,5
7.020873,8.696895,5
1.3802291,10.25979,1
6.135825,14.034774,3
6.578551,4.896327,5
6.72792,4.90921,5
10.855106,1.2554793,4
5.7550454,17.869461,3
-1.211197,6.666667,1
6.488421,5.22657,5
6.067976,13.972681,3
9.09849,7.014831,5
6.380657,17.26677,3
9.716418,11.6150465,3
4.567324,-3.800255,2
-0.9527233,5.942771,1
10.017839,7.4366975,5
6.0869703,0.31427288,2
5.7332177,13.753631,3
5.4005094,14.808846,3
0.81869143,10.879092,1
7.399338,16.221613,3
9.938808,7.7976866,5
7.1032906,7.125015,5
-1.2656401,5.920035,1
8.567297,16.9235,3
5.9746847,14.828593,3
0.5085837,6.798237,1
-0.71161973,5.5693336,1
8.282087,-5.664066,2
6.550365,4.9949007,5
4.633191,-4.3730483,2
6.4797487,17.165306,3
6.519146,16.142302,3
18.535456,2.4506447,0
2.234402,7.1149936,1
6.554761,4.8332486,5
10.574214,1.3288066,4
6.4917936,16.190306,3
7.4708853,13.564807,3
9.662129,6.348267,5
0.6494407,6.6025662,1
0.62461334,10.996945,1
18.859434,2.613125,0
6.552608,5.0103393,5
3.0197449,5.8835664,1
6.9575963,8.550885,5
9.603951,11.376506,5
6.458739,17.099068,3
6.723981,4.8479595,5
-0.6712756,5.607008,1
6.6893377,4.695313,5
15.938704,7.0861416,0
6.8389726,9.03781,5
4.6172724,-3.8567705,2
6.6246595,5.2434464,5
5.9823575,17.797325,3
7.441861,8.3496475,5
7.525721,14.507957,3
5.8334126,17.791954,3
8.777251,16.757689,3
7.3882813,16.045506,3
-1.3974493,6.7997756,1
6.616141,17.202059,3
2.9046047,6.1211405,1
-0.80564725,5.9277797,1
-1.346667,6.2746725,1
7.30633,16.241795,3
7.4460726,13.514979,3
17.16839,7.78162,0
3.5814505,-3.2134829,2
4.7873025,0.46584877,2
0.905266,7.8126802,1
6.289161,8.380302,5
0.8904868,11.010767,1
1.4571377,8.798762,1
0.59414256,9.710025,1
0.17181787,-0.7282183,2
6.17125,13.951754,3
4.5247808,-3.2969775,2
-1.0803866,6.395674,1
6.620196,5.002796,5
6.139452,14.086421,3
6.3933425,8.494549,5
7.332079,5.3927426,5
0.74123853,10.526204,1
0.91154414,11.203452,1
13.560955,-0.79897225,4
15.132069,11.736174,0
7.7309647,17.370396,3
2.8804116,6.1708,1
6.1577015,14.0309515,3
7.3818903,8.283884,5
-0.40199044,5.2561684,1
5.90081,17.606356,3
-1.023161,6.1729493,1
5.1352663,14.544745,3
0.6032988,6.9012837,1
5.0616465,14.621776,3
6.4503055,8.331717,5
13.680879,-1.2028091,4
1.4046717,10.244428,1
18.576818,6.7442484,0
6.7478786,5.1812468,5
0.7293926,6.6374393,1
1.0734507,10.875388,1
-1.3201716,6.837484,1
0.61906743,-0.6148645,2
3.4873135,6.1612697,1
6.5342617,5.214233,5
7.4742765,5.443148,5
5.4797134,15.012228,3
5.9249864,17.95417,3
9.968593,6.209721,5
6.759667,8.788657,5
0.8125644,10.563317,1
9.984435,6.2680683,5
-1.1475132,5.6096063,1
2.7580955,5.80319,1
-1.4710313,6.0581837,1
0.6116607,-0.72890794,2
6.7905307,5.114838,5
9.95133,6.2668695,5
0.45098248,-0.3780406,2
7.473518,8.355565,5
6.661708,4.7363634,5
1.0627886,10.847504,1
4.259532,-3.316403,2
9.743546,11.55529,5
8.519599,15.793153,3
14.674031,6.9653196,0
9.952626,6.292195,5
2.2726758,9.194708,1
8.256401,16.619967,3
8.553767,15.866814,3
6.8587813,17.015867,3
6.1770062,13.828646,3
0.7594038,-0.8675804,2
1.1641287,10.328699,1
7.2739434,5.6582036,5
9.999713,7.6501117,5
5.895029,13.8595295,3
5.7555237,17.628944,3
-0.24465662,5.389752,1
5.571078,14.936199,3
8.858434,16.907333,3
-0.6095609,5.942798,1
6.6729817,4.9308143,5
6.5217433,5.1031117,5
7.461001,13.54738,3
1.2000949,10.650912,1
6.4849114,16.208456,3
15.199732,12.630381,0
6.6745777,5.102977,5
0.93253815,10.805907,1
5.618442,13.762267,3
1.3165832,9.984741,1
5.8398542,13.847749,3
1.3307022,10.438986,1
-0.069502816,-1.2081304,2
18.544119,6.856349,0
7.4438467,13.50828,3
-0.22894207,5.6200666,1
1.2361999,10.368547,1
6.8132267,8.914216,5
6.4238167,8.406101,5
6.1749067,13.9671135,3
7.2417455,8.912277,5
6.0027757,17.640888,3
3.7336993,-2.9247797,2
14.726146,6.9689145,0
5.6602073,14.457913,3
1.1020488,10.099014,1
7.4860153,17.07163,3
6.8893466,8.418433,5
5.5785866,14.335089,3
5.391241,14.330424,3
5.9100995,0.20831968,2
6.4548755,5.223043,5
0.76469004,10.450267,1
10.981815,1.4006327,4
0.8800823,10.3700905,1
6.8672385,17.129269,3
9.959091,7.1384315,5
8.991983,17.029638,3
6.6148043,16.077028,3
10.979752,1.3693472,4
1.2987359,10.109674,1
5.9738646,7.405799,5
-0.18608566,-1.3002819,2
7.2865067,16.202312,3
0.6190999,6.8519626,1
9.93478,6.355946,5
6.513397,4.6066017,5
15.401333,12.331487,0
7.270455,5.6456194,5
6.5107913,17.127642,3
19.53935,4.752877,0
6.5663185,16.185572,3
7.2296267,8.909942,5
4.338231,-3.2079754,2
7.9507847,14.016162,3
7.548278,13.500426,3
-1.117943,6.5856924,1
6.977087,9.02747,5
7.2534714,13.80777,3
6.390489,4.643316,5
10.707301,1.5906683,4
7.1786957,8.366044,5
4.35565,-2.9516156,2
7.4507585,8.311078,5
6.7144217,5.6632247,5
1.5243188,10.501007,1
15.188122,12.644858,0
0.8093091,10.474542,1
8.064164,16.145506,3
-1.3156921,6.797601,1
5.984569,13.914555,3
5.5198255,15.04558,3
6.1357737,13.93541,3
0.46952438,-0.41898182,2
10.705951,1.6044531,4
7.942976,13.954234,3
-0.697657,5.813983,1
7.201375,8.774835,5
7.730677,17.493996,3
6.4908233,14.171789,3
5.135414,14.576398,3
14.9134035,11.899003,0
-1.7533745,6.182403,1
6.9232774,9.00477,5
-1.5266562,5.8135476,1
5.5458927,13.665383,3
7.4413815,8.347351,5
0.25186557,-0.67881185,2
6.946089,16.215157,3
7.4826655,13.490107,3
7.3965507,8.383034,5
6.5115976,8.35134,5
6.5648403,5.1847725,5
14.974647,11.922928,0
0.4513445,6.8696327,1
2.33933,7.283895,1
6.541273,4.6535454,5
7.3871117,8.289867,5
6.5397024,5.349622,5
7.5947433,14.464324,3
6.80932,16.972408,3
1.5449709,10.590084,1
7.291459,13.888143,3
8.869476,16.873623,3
8.445064,16.86005,3
1.5088892,7.675581,1
5.9381638,7.5755043,5
6.376366,8.373278,5
9.6862955,6.400037,5
5.9520974,7.5800714,5
6.443492,4.5945816,5
7.3979936,5.702925,5
13.579309,-0.6844371,4
3.530973,6.058189,1
7.0954437,7.293753,5
5.075593,14.620261,3
6.6815786,6.2636,5
17.17296,7.7787423,0
-1.1673262,6.670789,1
6.771381,4.643942,5
7.8795295,13.979001,3
6.815576,4.637772,5
6.466437,4.571536,5
7.072339,8.722254,5
6.3318596,14.591745,3
3.5202582,6.1396675,1
1.5550181,10.322136,1
0.9820402,10.084297,1
6.9787774,8.945385,5
2.6938438,5.962537,1
6.5194664,6.2135386,5
18.176472,6.7728295,0
-1.2054045,6.436748,1
7.2058525,13.863602,3
0.7198474,6.685999,1
8.270206,15.987039,3
7.4639125,8.342681,5
6.4666014,5.160649,5
-0.6836654,6.285764,1
1.4682555,10.006148,1
3.5078783,6.155733,1
0.37758166,-0.48241308,2
10.819556,1.2655525,4
8.5041485,15.814494,3
7.9217763,14.066132,3
-0.7875653,6.499464,1
5.5547686,14.335039,3
0.4827544,6.7826858,1
10.533605,1.1640542,4
6.482915,5.0484233,5
16.365557,8.069728,0
6.476585,5.1399274,5
0.5401436,6.856043,1
6.1536746,6.9004,5
15.768496,12.124598,0
6.8338175,4.6686068,5
7.1300807,8.319572,5
6.4877024,6.960418,5
9.756731,11.942072,3
7.5033393,13.464638,3
-1.8585602,6.6017504,1
6.118582,13.997276,3
6.490387,6.812137,5
15.12151,11.741727,0
6.5842614,8.281679,5
7.3023567,16.140446,3
6.499529,6.282635,5
6.71752,4.933034,5
14.4780855,5.877882,0
4.4451413,-3.0238664,2
-1.0051582,5.928808,1
13.741751,-1.3372141,4
7.0810986,4.8974037,5
15.918813,7.139561,0
0.39238167,-0.45147085,2
2.1319919,-5.343935,2
1.2161392,8.938322,1
7.13503,8.814323,5
5.6278224,13.753831,3
7.9715466,14.017343,3
7.5433817,-4.950381,2
6.706488,9.240805,5
6.2195997,6.8244696,5
1.2401187,9.186483,1
0.47936895,6.9014378,1
0.90316105,11.157822,1
9.958603,7.7877593,5
6.3600698,8.453015,5
0.90279555,7.922067,1
6.33316,8.763033,5
0.41313183,-0.4815029,2
6.710516,4.994965,5
7.5052133,13.45223,3
5.0616927,14.641195,3
2.9921932,5.733947,1
14.981056,11.984829,0
7.4720945,5.330548,5
6.4704866,16.185938,3
1.5822138,10.393848,1
0.8852649,9.844454,1
0.87624854,7.815329,1
4.8035784,-4.345726,2
10.516376,1.2975394,4
2.6681452,5.7475176,1
0.008501916,10.273608,1
7.12732,5.600629,5
7.895965,14.021562,3
-0.27496994,-1.261983,2
7.4199452,13.539747,3
6.6457253,9.315511,5
6.508968,8.487858,5
6.479232,7.0045686,5
7.74326,17.501717,3
-1.1889901,5.608298,1
6.4380217,14.021486,3
6.5385213,5.283713,5
6.1537685,14.052942,3
10.120869,6.2482667,5
6.578099,6.3466477,5
6.345411,17.755182,3
9.937284,7.7892456,5
9.756334,11.628879,3
7.489228,13.452629,3
6.7698226,8.815134,5
1.2564118,10.347027,1
7.039094,16.2641,3
7.547049,14.451839,3
7.518672,5.777021,5
16.362062,6.6131773,0
5.643238,15.179985,3
6.498473,16.55406,3
15.163957,11.716267,0
4.8333206,0.4999448,2
0.103852734,-0.6908337,2
7.478553,5.5576763,5
6.692956,7.123917,5
2.2059586,7.306831,1
6.197668,7.2292023,5
6.4407873,8.5096445,5
10.221731,7.633508,5
7.353594,13.6247425,3
5.889233,13.875996,3
11.047239,1.4048336,4
7.1510653,16.279535,3
-0.73247844,5.8584523,1
13.53614,-0.67832124,4
-0.7621938,5.7698894,1
6.1336966,14.00575,3
10.741271,1.2718055,4
10.841508,1.5539911,4
6.711393,4.9987655,5
6.783217,5.085367,5
10.635379,1.3634192,4
0.530761,6.797314,1
-1.3198644,6.698962,1
7.015952,4.6974483,5
-0.85971713,5.6410656,1
6.1195626,13.923014,3
9.82363,7.594037,5
6.9390507,4.6965013,5
5.1030064,14.568503,3
17.084333,7.8112664,0
7.012223,4.671913,5
3.6081293,-3.930828,2
-0.7968884,5.7071667,1
9.983086,6.0665164,5
6.8991227,4.7333684,5
7.8235416,14.282802,3
3.5118618,6.156144,1
6.877152,4.6562376,5
1.3022089,10.362615,1
6.938781,8.919553,5
6.732207,5.2379093,5
7.831798,14.2460985,3
6.7064085,5.5784817,5
5.4585476,15.136442,3
7.7927012,14.1103,3
7.3286037,4.842986,5
8.259443,16.00524,3
6.635268,6.1152735,5
7.196249,13.800489,3
8.098015,16.688429,3
8.902294,16.974522,3
7.210161,8.892854,5
-1.8982831,6.538592,1
6.9261746,4.7274275,5
0.8397071,7.830911,1
13.486866,-0.6254199,4
0.35172442,9.641756,1
6.764227,4.497752,5
1.459261,10.494191,1
16.343084,8.100165,0
1.066869,9.805498,1
5.939855,13.849298,3
6.7869835,4.488159,5
0.7002351,7.959462,1
0.38797367,10.308303,1
7.09594,4.6368847,5
18.563412,2.5252614,0
0.09511216,7.0958767,1
7.14466,7.2876496,5
0.719135,7.9652476,1
6.9990807,8.974118,5
-0.7365582,5.9586353,1
7.2731547,8.578762,5
17.108309,7.710445,0
6.972896,4.7465124,5
0.84100366,7.843509,1
7.166719,8.749361,5
7.157409,13.856483,3
1.2588199,8.86509,1
14.753127,7.041457,0
16.318285,8.093018,0
13.580508,-0.6789998,4
5.972828,7.486828,5
1.3574754,10.618051,1
6.790461,5.0107245,5
6.1825256,17.671581,3
1.0062178,9.753748,1
18.69661,2.818984,0
16.833176,7.464691,0
0.75284266,-1.8924803,2
6.9122863,8.600295,5
7.468233,14.07505,3
16.341173,8.108404,0
4.870494,-4.822959,2
5.1462884,14.585117,3
16.978878,7.7430263,0
6.1608853,14.029148,3
2.5308,5.5540633,1
6.6890364,5.417984,5
10.623953,1.162501,4
1.0556796,8.792162,1
6.508535,8.5040245,5
10.141434,6.0966663,5
0.08118462,10.355231,1
-1.19483,5.884217,1
3.3012393,5.9793677,1
6.680493,6.056534,5
5.5290003,14.977749,3
3.4738188,6.078934,1
15.78401,12.121743,0
9.75828,11.958077,3
2.057341,7.450177,1
5.663422,15.071643,3
9.783124,11.712843,3
7.383586,13.7089,3
5.9642816,7.524294,5
0.3034263,10.227536,1
0.7202369,-1.1128912,2
9.658951,6.3207116,5
1.2257173,9.733322,1
0.03244179,-1.3589551,2
6.0770636,14.020264,3
5.4544497,14.94367,3
7.561873,5.504102,5
0.82057184,9.826363,1
2.8270597,6.107712,1
5.1379657,14.683399,3
9.616313,11.377942,5
-1.8898401,6.598142,1
2.875474,5.997129,1
5.599263,13.850046,3
9.946021,6.5971894,5
5.5725303,14.111029,3
7.6717267,14.379089,3
3.6042335,-3.9211552,2
9.707014,11.497761,5
6.294215,8.628371,5
15.230645,12.629908,0
0.7282332,6.783418,1
-0.2547384,5.5869083,1
7.6837626,14.361152,3
15.160845,12.371859,0
7.437129,5.5298796,5
6.846666,17.215986,3
0.5213295,-1.0882908,2
-0.18808527,5.3892837,1
-0.22255301,5.3785076,1
1.568955,9.907331,1
-0.21491227,5.369345,1
15.382063,12.162546,0
1.3610716,10.355775,1
4.5984783,-3.8715186,2
5.954536,7.447262,5
1.5437597,9.876779,1
-1.7315894,5.6707864,1
1.2377398,10.487644,1
0.4957208,11.0617695,1
7.113212,7.285411,5
1.2069516,10.118438,1
18.773027,2.7291925,0
14.644816,7.0159683,0
9.91336,7.1203375,5
8.315567,15.902133,3
6.5807543,5.093208,5
-0.18842615,5.8397794,1
5.608404,13.738132,3
8.835811,7.349054,5
16.855526,7.238534,0
9.3451395,6.839974,5
-1.0445198,6.472909,1
6.223149,14.811589,3
1.2313693,8.845232,1
3.566126,-3.2714937,2
14.669043,6.9980288,0
14.737396,10.87975,0
7.0875435,8.749664,5
0.86994696,6.713789,1
4.922,-3.6633406,2
1.2020411,10.431722,1
5.694129,13.800224,3
6.3916245,14.152538,3
6.750614,16.31265,3
7.252082,8.815384,5
6.4164453,4.9571214,5
18.498167,2.6951058,0
10.170351,11.705255,3
6.816263,8.891942,5
6.683242,9.18448,5
10.691315,1.567474,4
6.155297,13.972515,3
6.993721,4.929758,5
5.5550985,14.966352,3
3.1025906,6.10819,1
6.402107,4.914461,5
17.209373,7.794712,0
0.44228056,-0.47040614,2
18.8021,2.8612359,0
15.503472,12.616131,0
8.248278,15.920672,3
11.028445,1.3505299,4
10.037181,7.479962,5
6.6082435,5.3431582,5
7.3167977,17.195192,3
5.9319577,17.979887,3
0.85482556,7.900716,1
2.353223,7.247369,1
9.99774,6.2342963,5
0.79831976,6.68977,1
7.011904,8.962358,5
6.7648416,4.9401937,5
5.6242805,13.727063,3
6.5950174,5.191148,5
6.1513324,13.980282,3
6.502115,6.95636,5
3.5034244,6.174991,1
3.0280633,6.158633,1
-0.8931297,5.879057,1
-0.698637,5.922003,1
5.7952013,17.72026,3
-1.0902908,6.71502,1
6.482244,8.39842,5
5.5243416,14.394879,3
3.8642764,-4.2175155,2
6.3904696,4.8490887,5
9.911525,6.5092187,5
6.5504274,5.145503,5
7.065978,8.309012,5
6.35923,7.2904215,5
7.0295134,7.3131247,5
6.6836395,5.3130503,5
1.0059402,7.9583483,1
6.5312386,4.596134,5
6.9081025,17.107561,3
6.071874,14.072586,3
2.7801366,6.247772,1
-0.44989738,5.4449863,1
6.9050517,8.5167055,5
10.099146,7.6485825,5
6.2010126,14.117149,3
2.347734,7.16158,1
7.4123173,8.285356,5
0.8567194,9.848487,1
-1.6037232,5.738688,1
6.399595,8.5532,5
6.141155,0.25648606,2
3.4754982,6.2613726,1
1.5705137,10.251039,1
15.602778,11.882918,0
18.850155,2.693171,0
0.748483,10.946748,1
-0.14021547,5.8328075,1
6.046456,17.71416,3
18.804308,2.6526997,0
0.78795516,10.819478,1
5.1485763,14.646173,3
9.887129,11.845004,3
5.849223,14.294521,3
6.5240455,5.256774,5
6.445778,5.0820065,5
5.0402675,14.677471,3
4.701056,0.61370605,2
7.3048663,4.897552,5
1.4702528,10.278221,1
6.6342335,5.4018354,5
6.490317,4.5929594,5
4.9548044,-3.676775,2
-0.117259786,5.7210627,1
7.2761765,13.738165,3
1.1133791,10.772219,1
8.282643,15.990929,3
7.030406,18.219662,3
5.554904,14.682703,3
6.8958216,8.611093,5
7.1881223,8.300043,5
6.6365895,4.965499,5
6.98855,8.879746,5
0.8648478,7.876225,1
2.3937905,7.5270176,1
2.4207418,7.2136397,1
1.5862231,10.274331,1
0.3916461,6.632493,1
9.903361,7.8155694,5
-0.2241442,5.375332,1
6.4566283,5.2302084,5
5.7651114,17.63708,3
8.911434,16.883793,3
7.207775,13.795587,3
5.837508,14.819002,3
2.3332217,7.546293,1
0.7915222,10.624173,1
1.4524311,9.761112,1
19.45803,4.584913,0
5.6754036,14.147965,3
6.327806,17.291079,3
5.8322153,17.598988,3
1.4999357,9.8042,1
15.454266,12.438516,0
5.526684,14.800137,3
-0.9980218,5.4069605,1
2.3907077,7.3896575,1
-1.6528596,5.769412,1
0.9145101,8.027675,1
1.7528474,7.7292833,1
14.702945,5.5087104,0
6.156942,13.982461,3
-0.9966375,5.3504214,1
-0.87400323,5.7543163,1
2.35255,-4.9174056,2
18.570673,3.208402,0
6.9157796,5.0143266,5
6.5362506,5.1883764,5
-0.8601796,6.088233,1
7.257155,8.915607,5
16.364767,8.069657,0
18.51946,6.894023,0
1.255604,10.1501465,1
6.462067,8.336357,5
6.4947267,6.9057493,5
7.428163,13.552145,3
7.456551,8.321658,5
10.052232,6.195988,5
11.300164,0.61054146,4
2.2181923,7.345222,1
7.1156487,7.26529,5
-1.1471443,5.2933874,1
0.76244426,6.6771746,1
0.6232399,-0.8170641,2
6.4238772,8.482473,5
6.9792266,7.297741,5
3.688792,-5.817539,2
6.1137238,6.920472,5
3.412304,5.870917,1
0.4903691,-1.2121077,2
1.4911108,10.337886,1
7.316967,13.682331,3
0.840908,6.6774254,1
7.190106,13.892966,3
6.6603594,16.463415,3
9.168993,6.9512353,5
-1.749283,6.5213203,1
1.0139772,9.837276,1
0.48694858,6.9189224,1
6.1092453,6.988829,5
15.548412,11.956547,0
-1.9088037,6.2511992,1
10.02484,7.347614,5
-1.1259214,5.7629485,1
7.5400295,5.490624,5
1.3262234,8.866574,1
-1.0451525,6.0327783,1
6.560536,6.236954,5
7.1448846,5.115518,5
7.495061,14.074511,3
6.2649074,8.6148815,5
7.446585,13.510474,3
6.3526783,17.66358,3
6.0465755,14.827892,3
15.177727,12.10048,0
7.119138,5.508884,5
2.323162,7.4842014,1
10.106168,7.318316,5
2.2489223,7.146575,1
7.2460313,5.52051,5
6.5638905,16.13291,3
0.64351594,7.8911743,1
-0.205642,5.363941,1
3.1365154,5.7776785,1
3.1408567,6.0275803,1
7.749963,14.381539,3
-1.3875319,6.8330874,1
7.573732,14.429489,3
7.940029,14.011053,3
6.4010367,4.946654,5
7.5146036,13.505004,3
0.83241534,10.477469,1
-0.17561716,5.4256334,1
0.91561097,8.024982,1
18.665895,3.1096592,0
6.1230154,13.936683,3
1.294297,10.119818,1
10.000125,6.2602854,5
0.8309218,10.36225,1
6.4986153,17.158812,3
2.2862399,7.5355535,1
-0.7401756,5.5795345,1
-0.17970818,5.3079104,1
3.429546,-4.1376953,2
5.5278645,14.786944,3
8.308692,16.140848,3
5.6604824,13.731636,3
7.59714,14.448387,3
5.950131,0.03437639,2
5.7289147,13.793815,3
6.3566785,8.668426,5
6.430295,14.015309,3
5.8407736,13.753136,3
16.395882,6.5812135,0
6.5695004,16.13213,3
5.6686273,13.759273,3
7.2466564,8.316627,5
-0.83709973,5.9942603,1
6.103987,13.93773,3
6.4606886,5.07782,5
7.842883,14.2323675,3
1.4557307,10.366258,1
1.5678006,9.910758,1
7.5297394,13.436695,3
7.2590747,13.649235,3
5.8839145,0.065689094,2
0.72852117,6.658845,1
10.069992,11.838985,3
6.246042,14.43864,3
6.137805,17.642609,3
6.501075,6.2542615,5
7.499908,13.46388,3
5.723029,13.753427,3
6.1752467,14.135273,3
1.2675735,8.917696,1
4.8013954,0.4197928,2
3.5366051,6.1903234,1
5.7373085,13.741056,3
3.5162046,6.1958632,1
19.294788,4.519039,0
-0.1874852,-1.3203121,2
19.297531,4.3984976,0
7.906951,16.824234,3
5.61946,13.693654,3
7.480011,8.306644,5
-0.8782922,5.7965484,1
5.525287,14.842303,3
7.623551,14.400052,3
1.594856,9.812323,1
6.878429,8.761832,5
-0.4690901,6.026958,1
5.8010893,13.710193,3
6.4706426,4.5892677,5
15.123397,12.342148,0
6.8183265,17.13892,3
0.97416997,7.903639,1
7.1002564,7.2725267,5
2.2827878,7.5798874,1
5.951872,14.259634,3
-0.19451343,5.619179,1
1.6709427,7.709767,1
1.5584958,9.925779,1
1.4355528,9.737196,1
0.44492057,-0.56243426,2
1.1950889,10.2853,1
0.91493815,11.18358,1
-0.16207679,5.6748753,1
0.9973346,10.672938,1
0.9330389,7.8636584,1
1.5715598,9.841093,1
9.990768,6.2490597,5
15.199809,11.813944,0
9.729782,11.518613,5
18.017405,4.157321,0
-0.46510142,5.9103756,1
6.9657354,18.258532,3
5.1002674,14.627482,3
-1.0878772,6.4756713,1
-0.6031476,6.1081796,1
7.066417,8.683489,5
1.5956593,9.921797,1
1.5884366,9.781204,1
6.102527,13.912855,3
3.5155132,6.2091765,1
5.6527276,14.6094055,3
18.713192,2.7817445,0
-1.1590571,6.7322383,1
5.1305366,14.582574,3
6.425385,4.978745,5
7.097796,7.2604704,5
7.4411464,13.520478,3
-0.1157251,5.6769114,1
6.3221946,17.308426,3
0.8213902,6.7057724,1
7.8033557,14.341859,3
5.414684,14.659077,3
7.2317863,8.359809,5
-0.60835814,5.9714456,1
7.183829,13.836701,3
6.8131676,16.347485,3
7.7726297,14.313721,3
6.4371223,4.5935307,5
6.4535356,4.5508876,5
5.533969,15.003783,3
8.833086,16.81555,3
6.4879117,17.201025,3
5.4732933,14.373043,3
9.984369,7.196623,5
5.44098,15.015944,3
0.9316047,10.474447,1
-0.7501383,5.552542,1
5.1301584,14.712142,3
6.0841513,0.12774713,2
3.5029364,6.170964,1
6.180529,13.922173,3
8.010489,14.054431,3
11.371728,0.59804565,4
6.1050973,7.2187266,5
1.2847958,8.920398,1
1.3591366,9.897776,1
3.1063135,6.195969,1
7.2435603,8.826,5
4.4450397,-2.937089,2
7.1848955,4.9120026,5
7.4754105,13.47539,3
7.118104,7.245903,5
8.274141,16.0524,3
14.635426,5.582701,0
5.9868193,7.3774767,5
1.3488058,9.889175,1
5.2864633,14.64106,3
7.5861273,13.871478,3
6.702319,16.04657,3
7.1615267,13.856748,3
5.501496,13.931445,3
6.5425053,17.084534,3
6.4959183,17.25999,3
7.1037455,7.2471905,5
6.250692,14.2475,3
8.454055,15.919034,3
1.7518327,7.7236805,1
5.8008504,17.949522,3
9.700458,11.852234,3
6.4289355,17.136436,3
2.2628345,9.242524,1
5.5629387,15.153783,3
15.584919,12.546666,0
2.2857158,7.5272813,1
6.550904,17.457367,3
7.9619055,14.013452,3
6.0920653,14.020769,3
9.685592,11.426608,5
5.907556,13.99157,3
5.894004,0.03085153,2
6.687391,4.8781376,5
2.285284,7.342807,1
5.947144,14.682205,3
15.22407,12.578458,0
5.670163,13.760639,3
7.276398,13.825024,3
7.4545074,13.514891,3
9.958545,6.168199,5
6.707585,4.7669163,5
0.8907691,7.913071,1
6.5360093,16.195242,3
0.43796706,-0.57122993,2
1.6783824,7.712118,1
5.8065724,14.238442,3
7.291837,8.928004,5
9.704805,11.61138,3
6.0849566,14.092836,3
-0.18091077,5.7859344,1
1.0705817,10.299682,1
0.55567694,6.8474784,1
6.638647,17.268064,3
5.3288937,14.689818,3
15.166335,11.724689,0
7.4701414,13.508616,3
6.0791287,17.660864,3
5.58339,14.023123,3
0.761224,7.7218623,1
8.536727,15.8862,3
7.090918,7.2351513,5
9.789146,11.92763,3
7.1088233,7.234772,5
7.6392426,14.358248,3
10.035183,7.6012044,5
5.6388907,13.725919,3
9.189196,6.9351144,5
5.989785,17.486872,3
-0.1229039,5.708364,1
8.968555,7.163493,5
15.738265,12.109934,0
10.014898,7.61287,5
7.4847355,13.447799,3
6.5375,16.222631,3
6.6840706,16.464144,3
9.002943,7.503111,5
8.011765,16.079247,3
7.143275,13.880841,3
15.75416,12.101292,0
11.091072,1.2213393,4
7.5062723,8.341351,5
6.9941654,8.84165,5
6.8670692,8.581331,5
5.953648,17.50403,3
7.6241875,14.4605055,3
7.4209533,5.7164187,5
7.6323004,17.287388,3
19.401775,4.796591,0
8.4875965,16.700632,3
5.739191,13.723327,3
5.762408,17.70376,3
14.737961,10.934975,0
5.9154034,17.691032,3
6.477,16.192272,3
7.013248,18.351547,3
7.2880373,8.30293,5
0.92226946,7.9055247,1
2.3306403,7.5502605,1
6.189306,17.841755,3
3.7850935,-3.41305,2
15.503599,11.944699,0
7.5020266,8.333166,5
9.246991,6.86115,5
14.629517,5.571741,0
1.7516903,7.6926103,1
0.856472,11.188127,1
7.230679,13.876985,3
9.969903,7.7841535,5
-0.7216045,5.5703154,1
6.609581,5.2607007,5
9.829018,6.5629325,5
2.4014611,7.462769,1
2.9243681,6.041131,1
7.4401193,13.519565,3
6.9708953,8.715951,5
6.7853866,16.343262,3
7.4188347,16.250256,3
6.6485376,4.4644613,5
6.6341987,9.2032585,5
6.0275087,7.3394055,5
7.9842772,14.007015,3
6.4795375,17.241636,3
6.022841,7.478703,5
1.6491324,9.717599,1
6.707511,5.0998983,5
7.854501,13.966787,3
8.292264,16.022932,3
9.9043455,7.060867,5
8.507145,15.755326,3
5.7006536,14.467643,3
15.296397,12.1051035,0
3.5026758,6.2170067,1
6.9871464,7.300578,5
0.64137214,10.731183,1
6.103851,13.970595,3
6.8971167,8.423517,5
-0.8187652,6.231694,1
6.025197,13.799647,3
5.569176,15.044495,3
6.617244,4.4606614,5
6.2195144,8.575681,5
5.059072,14.611285,3
0.13571532,6.999045,1
0.71341354,-0.9110666,2
5.6162095,13.765368,3
7.113266,13.861321,3
7.047564,7.3424835,5
5.7357,13.702919,3
5.793178,14.687526,3
8.412637,15.925934,3
6.559632,9.237053,5
5.887756,17.669874,3
8.387181,15.766258,3
11.023581,1.2472382,4
6.5295343,16.070112,3
0.81036246,6.712124,1
5.5802803,15.154521,3
6.6838427,5.2120166,5
1.4135087,10.652836,1
9.163352,6.9587226,5
2.2419705,7.2778106,1
5.743883,14.5225935,3
7.183371,8.827986,5
9.93186,7.387028,5
14.051705,-0.9109976,4
0.38850874,-0.45285392,2
5.434511,14.295806,3
7.9603367,14.041675,3
7.1885395,4.9650526,5
-0.17008516,5.473667,1
-0.39318427,5.924124,1
6.67329,4.5651865,5
9.2556095,6.8192215,5
7.883944,14.000885,3
2.3282087,7.537437,1
7.49468,13.453398,3
5.7544565,13.774518,3
5.6134453,13.678839,3
5.1315937,14.644962,3
6.5290604,6.94751,5
-0.18670794,5.4615855,1
6.628046,17.217516,3
5.1473775,14.629423,3
6.84009,17.134682,3
5.1037445,14.646953,3
7.2201853,13.809917,3
7.031527,7.3040442,5
15.734299,12.15952,0
9.723172,11.500051,5
6.5740056,4.8714,5
4.6044526,-4.875238,2
-0.14062877,5.669173,1
-1.4009583,6.298048,1
5.986692,7.4301987,5
5.66747,13.663129,3
4.432925,-3.8213608,2
-1.2348294,6.0944076,1
7.5173345,13.510413,3
7.0370965,13.671886,3
5.5544314,14.217684,3
8.290601,16.037403,3
6.6834226,8.949074,5
1.159051,9.755742,1
1.1978785,10.114713,1
-0.6429366,5.794202,1
9.232728,6.8765593,5
2.3265936,7.548103,1
-7.0032086,4.6822844,1
7.644232,14.401234,3
5.1065564,14.635608,3
15.213111,11.649654,0
6.2802362,17.903023,3
1.0723715,10.094574,1
1.4038457,9.903908,1
2.3184705,7.1990705,1
-0.26479936,5.318834,1
5.285307,14.603586,3
6.6445975,5.210386,5
6.8237953,16.297235,3
15.257664,12.102767,0
10.684748,1.2748648,4
6.1267624,14.093948,3
6.4985456,5.2925615,5
5.0932646,14.624004,3
0.41988197,-0.3075999,2
6.994998,7.2875853,5
7.9065247,14.029292,3
0.4865187,10.577366,1
5.441767,14.998259,3
-0.22561646,5.579377,1
10.128883,7.571682,5
-0.1907393,5.748906,1
5.1291666,14.588269,3
7.7252736,14.405631,3
0.64775944,10.453662,1
-0.2948956,5.5104976,1
5.9039373,17.633701,3
-0.36391047,5.710228,1
-0.38647375,5.3961,1
-1.4910825,6.5253053,1
0.54477537,-0.79786766,2
7.2341895,8.314228,5
0.8232681,11.196201,1
5.645102,13.771013,3
0.82099366,11.101199,1
13.517022,-1.0685889,4
5.675111,14.357395,3
5.5773964,14.378142,3
6.526021,6.201436,5
18.62489,6.7871733,0
7.371295,8.276505,5
7.9644647,14.01262,3
8.948205,7.192292,5
15.614728,11.886064,0
5.124113,14.626615,3
6.1930547,13.899399,3
7.811901,14.197467,3
18.707228,2.5116694,0
8.055182,16.104866,3
7.6111135,14.410884,3
0.6415707,-0.9990318,2
8.899315,16.989141,3
5.1008625,14.647393,3
5.502149,14.9694,3
5.7895446,13.644562,3
14.630372,5.54221,0
9.245061,6.818121,5
7.4985642,13.485039,3
1.1901809,10.03844,1
8.257119,16.056376,3
0.31179586,6.917287,1
9.158168,6.962133,5
6.582174,5.0457187,5
6.621727,5.4016886,5
7.485112,13.477887,3
5.4685206,14.271819,3
6.7410245,4.860421,5
9.755006,11.560491,5
8.509287,15.782401,3
8.365805,15.902437,3
6.708056,8.829481,5
7.3230906,5.550393,5
19.446093,4.5835776,0
6.5320435,6.3214955,5
7.4598646,13.468555,3
6.0949764,13.902672,3
5.543943,15.089962,3
19.487959,4.703822,0
6.6865773,5.1785073,5
0.80906415,10.163944,1
6.680911,4.515386,5
9.691734,11.59465,5
5.468247,15.063949,3
5.579128,14.847967,3
-1.4785225,6.5570755,1
1.5718027,9.815946,1
9.600482,11.380754,5
0.8927844,11.18412,1
6.8275337,5.5749717,5
5.9158792,14.826788,3
5.665682,14.430845,3
7.792212,14.169524,3
5.453228,14.972996,3
9.754412,11.939524,3
5.509117,15.030976,3
1.4337956,10.458947,1
6.741745,4.794465,5
7.9730186,14.029781,3
5.937081,14.160931,3
6.092887,13.937387,3
3.5604527,6.0581326,1
5.1057677,14.587805,3
9.977811,7.1667643,5
10.004061,6.344277,5
6.3592677,14.065739,3
2.9423392,6.0075555,1
7.120747,7.2563763,5
8.1006975,16.089216,3
8.577379,15.887873,3
6.5474496,16.158997,3
1.0412867,9.745457,1
9.928967,7.6761713,5
7.396854,8.279613,5
7.3685603,17.22166,3
7.7198076,13.934189,3
1.5565034,10.426009,1
7.1194935,7.243081,5
6.9110174,8.514352,5
6.7822723,5.1642566,5
0.6608267,9.8695135,1
0.55033296,-1.0431585,2
4.497935,-3.899553,2
-1.4412524,6.6446037,1
0.6930408,6.7394333,1
3.3473046,6.3228106,1
7.42604,8.295696,5
6.6700945,4.4885287,5
0.12543775,-1.2860562,2
5.7164316,14.460128,3
6.561794,16.200197,3
7.2131577,13.845967,3
7.1840324,13.756891,3
7.0193377,16.253353,3
8.304514,16.606953,3
7.1084914,17.454784,3
7.7156763,17.528452,3
12.992663,-1.0930586,4
0.21053697,10.395045,1
6.4335494,8.295853,5
7.002551,5.597578,5
9.70278,11.487859,5
6.6144996,16.231462,3
15.220217,12.624765,0
6.1190557,13.952112,3
7.0956,17.763819,3
7.373931,14.037662,3
1.172817,10.361609,1
7.1875153,8.833187,5
1.5701927,9.824124,1
0.95916694,8.048783,1
0.82487667,6.7505455,1
1.4990048,9.762007,1
-0.98123586,5.6583233,1
1.5565875,9.817165,1
6.979741,4.7694106,5
3.5362644,-3.3447335,2
6.966893,4.8772626,5
9.760562,11.929502,3
7.691711,14.360642,3
0.3678477,-0.44367182,2
6.215602,7.20297,5
10.813679,1.5822757,4
7.632721,17.377542,3
1.1594679,10.185102,1
7.1898985,13.847973,3
4.2100005,-3.853149,2
5.911946,13.87652,3
7.1126823,4.606691,5
5.7240305,17.726887,3
9.624889,11.407543,5
5.2297287,14.542803,3
8.533331,15.778763,3
3.5736763,6.047652,1
7.0056806,4.6485763,5
4.6165757,-3.7600386,2
7.2261,13.8568535,3
-0.7091275,5.584042,1
1.5864458,9.761402,1
0.90190893,7.8815427,1
6.1214614,13.991834,3
1.4487631,8.949041,1
6.033145,14.042569,3
6.1658473,14.00689,3
9.808305,11.917091,3
7.659774,14.37208,3
3.2583213,5.738193,1
-1.3885607,6.6360345,1
6.0078726,7.5916963,5
10.050626,6.3968325,5
7.3862762,16.014242,3
0.8007911,10.617248,1
0.2895924,-0.8501425,2
6.161268,13.979791,3
-0.18390451,5.4772162,1
-0.18500637,5.657735,1
0.45800942,-0.34247917,2
14.9159975,11.942167,0
7.001011,5.184059,5
8.833507,17.052193,3
6.932286,5.0203075,5
5.7511754,14.519369,3
0.4976699,6.8130684,1
9.953409,6.6884418,5
0.6384351,9.847886,1
6.0588593,14.714999,3
1.7308459,7.705958,1
5.848845,14.303658,3
0.9985492,9.632892,1
5.135005,14.620721,3
5.2154555,14.52649,3
17.113153,7.767967,0
1.2900743,8.644547,1
7.418467,5.509441,5
8.511098,15.797766,3
7.2367973,5.0642037,5
18.011402,5.38668,0
15.699747,12.054575,0
9.989743,7.2828174,5
5.2925167,14.783548,3
1.2395142,10.726722,1
1.5432245,8.407978,1
6.71998,5.293095,5
0.05853527,10.313778,1
7.393053,13.520363,3
9.711357,11.90276,3
5.2838902,14.700071,3
7.0579486,8.529177,5
10.073621,7.624156,5
-0.42087278,5.201178,1
6.9174557,4.9151917,5
6.1091976,13.937345,3
7.8086696,14.214929,3
2.316767,7.448472,1
6.9949436,4.9381423,5
6.745252,5.24647,5
5.804226,13.858842,3
0.6603827,-1.1863593,2
3.4717224,5.9814034,1
7.223832,13.780194,3
3.7650526,-3.6877306,2
6.704081,5.306754,5
7.6822634,14.351835,3
5.930893,0.13115616,2
1.2970212,10.379443,1
1.4281926,10.538226,1
7.6518283,14.3486185,3
1.7225502,7.7351527,1
7.016845,4.8533964,5
-1.0151268,5.812232,1
7.851974,14.345301,3
5.2326083,14.669219,3
4.74132,0.5304584,2
-1.5159327,5.6308713,1
6.48319,17.12365,3
0.20100752,10.385405,1
7.138004,8.839989,5
-0.940749,5.655221,1
6.7010303,17.278479,3
7.209185,8.289246,5
7.7718897,14.171877,3
5.150296,14.550411,3
6.0195823,14.7310505,3
7.1443276,8.245528,5
5.785911,17.659306,3
3.315635,5.8906736,1
14.720062,7.0490603,0
7.543368,17.400007,3
9.97124,7.1963444,5
6.1985435,13.905402,3
4.056178,-3.4825437,2
7.82997,14.231209,3
6.1864023,7.2518716,5
6.125723,13.996172,3
6.032097,17.693598,3
0.0473535,-0.7938682,2
0.77165,7.876933,1
14.761065,5.537344,0
5.1726203,14.650307,3
7.400487,13.991296,3
7.370512,8.290444,5
8.440901,16.630241,3
1.4065132,10.520694,1
7.233462,13.900827,3
7.443209,16.254921,3
8.1685915,16.034323,3
-1.6027142,6.1442986,1
9.956128,7.203619,5
0.49466708,10.953632,1
0.60406595,9.758448,1
6.5720196,17.141127,3
5.1972504,14.537621,3
5.820991,14.373863,3
1.6234113,9.704527,1
0.9026764,8.023455,1
7.4336834,13.481344,3
5.3493047,14.767487,3
5.5066757,14.362414,3
1.2157245,10.116712,1
5.8782005,13.825367,3
1.1596651,8.85517,1
3.5314095,6.103127,1
7.3434534,8.203887,5
5.1459146,14.661659,3
5.466721,14.9842825,3
0.87700933,10.6816635,1
6.2745476,16.895992,3
2.2465396,7.4220963,1
-0.43263787,5.1775026,1
8.229667,15.948501,3
8.748956,16.818916,3
7.09169,8.159225,5
9.622916,11.439793,5
7.130476,18.207159,3
6.7929573,16.381222,3
0.38869792,10.309772,1
5.553698,14.978234,3
1.2159969,10.166161,1
2.3431187,7.2372236,1
-1.7133912,5.5555887,1
9.883347,6.4634476,5
7.5647645,14.128735,3
6.116334,13.989201,3
7.103166,7.323942,5
18.564241,6.811547,0
1.3533411,9.802378,1
-0.31821513,5.5332203,1
0.6626529,9.93687,1
5.8848004,13.836093,3
5.1245594,14.671332,3
6.391403,17.242336,3
7.433987,16.146456,3
7.9216533,16.049507,3
2.2616053,7.223582,1
10.1618595,11.664619,3
8.541277,15.885007,3
0.7896586,6.7653465,1
6.6761603,7.123893,5
7.9737296,14.035374,3
-0.31722763,5.207508,1
2.297593,7.5377226,1
8.818516,7.3486786,5
-1.4508046,6.181082,1
0.82468295,7.9342875,1
-0.285752,5.2814136,1
0.91460145,10.159207,1
1.2726103,9.76899,1
8.535538,15.802247,3
6.1168075,14.83386,3
7.6375556,14.288663,3
5.9198723,7.484305,5
7.442218,5.3469725,5
0.81861246,9.89809,1
6.3198853,14.369711,3
7.813816,5.5690346,5
7.765885,14.269519,3
9.952314,11.878027,3
8.587369,16.98232,3
6.98102,4.9728355,5
5.3437486,14.634455,3
-0.21833932,5.3600326,1
7.3230195,5.414771,5
16.38798,8.073006,0
7.730392,14.172746,3
8.941835,17.00493,3
7.888138,13.985817,3
7.1944656,8.670427,5
5.917077,14.725294,3
1.5806513,9.844293,1
8.412657,17.410742,3
-0.9340552,5.364707,1
5.5079217,15.0104065,3
15.515502,12.246527,0
7.607758,14.41625,3
5.9239917,7.481438,5
10.005022,6.5740166,5
5.8248467,17.536247,3
6.13386,13.967369,3
7.21662,13.856227,3
11.287947,1.0934769,4
6.647739,16.00613,3
8.791256,7.3388324,5
6.853895,17.127039,3
8.281547,15.964751,3
6.909836,5.2541194,5
7.0044394,16.282068,3
9.876216,7.417737,5
7.1986995,13.838419,3
6.7963223,16.380508,3
0.698144,6.807227,1
6.502237,6.8204575,5
-1.9610814,6.215551,1
7.2791586,8.226459,5
7.415145,5.024285,5
6.019944,14.752294,3
7.1587815,13.943291,3
3.5519202,6.098445,1
6.438137,17.750782,3
7.203586,13.873762,3
7.182069,13.920908,3
6.194725,13.880607,3
8.52573,15.839181,3
0.6907015,6.7952313,1
7.2214813,13.867576,3
14.808502,10.876396,0
-0.37492207,5.146562,1
19.478167,4.5790663,0
6.3652887,16.962687,3
6.544952,16.14133,3
6.979385,16.25913,3
5.718848,18.03044,3
6.8375897,8.952154,5
7.391291,16.009892,3
7.270238,13.8469715,3
4.364898,-4.6781607,2
7.253173,5.0617757,5
9.651037,11.5777,5
5.946642,7.426848,5
7.065822,18.247805,3
-1.8718282,6.5100784,1
6.759685,8.626626,5
12.979023,-1.0496958,4
7.333955,8.224715,5
7.667114,14.270687,3
2.2766225,9.208272,1
6.234362,14.057953,3
9.601817,11.375298,5
6.691273,16.256258,3
0.95672786,11.217572,1
-0.20591435,5.37095,1
10.138514,11.662902,3
6.4935894,4.615134,5
7.1303496,16.08985,3
0.9702236,7.9746833,1
2.812747,-3.5018785,2
2.3628473,7.4966025,1
0.94976777,10.919985,1
3.5786726,6.1751533,1
6.7582955,9.15247,5
6.6842914,4.867164,5
0.9305459,11.099751,1
-1.0774587,6.4640017,1
6.1438813,13.990307,3
13.827983,-1.2896613,4
7.5872154,14.459979,3
6.4080014,17.201231,3
-0.23760767,5.4790473,1
-0.21556339,5.5784492,1
4.8169546,-4.752469,2
7.993279,16.742624,3
6.4819283,16.108616,3
5.7366514,17.754343,3
7.472078,8.338393,5
5.6916757,13.806437,3
5.7439675,13.793821,3
9.607196,11.440148,5
8.821487,7.359433,5
7.168386,13.851095,3
15.291189,12.094257,0
6.473601,16.081999,3
7.4530663,13.513152,3
5.3279066,14.725049,3
6.141881,13.98652,3
-0.44402036,5.94176,1
15.227674,11.676543,0
6.391846,16.154562,3
7.4840894,13.453075,3
9.986344,7.8260403,5
1.4369189,10.233012,1
19.530033,4.648025,0
8.970544,7.4737377,5
1.3925081,10.466898,1
6.463275,8.428235,5
6.6210384,9.008874,5
-0.20174752,-1.1865685,2
5.4758744,14.033211,3
5.8376274,17.600447,3
-0.2035811,5.8099523,1
7.313393,16.096474,3
6.5545917,4.8461204,5
9.711507,11.511862,5
0.82131225,8.1096945,1
0.79576594,6.7577596,1
7.4104395,8.276708,5
0.95536846,-1.1837282,2
7.3582582,13.587793,3
6.91276,8.4061,5
7.477458,13.527078,3
8.352195,16.653526,3
1.7113072,7.69561,1
7.8129086,14.285964,3
-0.628787,5.462582,1
3.1530669,5.821777,1
7.5789514,14.108091,3
7.3012767,13.647632,3
6.502634,16.047438,3
6.450005,8.293388,5
7.6562686,-4.92405,2
2.321793,7.5448117,1
2.7167554,6.207423,1
5.856802,14.352945,3
1.4973556,8.477271,1
5.6225224,13.763084,3
5.1250176,14.590241,3
0.8296665,6.7230124,1
1.5804288,9.815379,1
6.528068,5.2697587,5
9.797609,11.493356,5
5.2991705,14.745629,3
14.656244,6.9878125,0
6.579561,4.633329,5
1.6914128,7.717276,1
6.1378307,13.871074,3
8.284955,16.019737,3
6.736789,5.151296,5
5.7792106,17.567926,3
5.819511,17.690592,3
6.4566364,5.0174413,5
6.4893103,5.18786,5
3.5858114,6.2412424,1
8.834265,7.41436,5
14.750297,6.9005027,0
6.569829,17.117981,3
7.529913,13.4331255,3
6.392126,4.9219337,5
7.222202,13.772222,3
7.332235,13.628461,3
7.038532,8.58989,5
1.5323046,10.305125,1
17.122084,7.7661233,0
10.243224,11.633701,5
6.3835645,6.92466,5
5.6567655,13.836981,3
6.4760485,16.126524,3
9.952554,7.1497707,5
7.1045465,7.247226,5
5.094848,14.612246,3
7.1134906,7.2400675,5
0.5262381,-0.4991282,2
5.110965,14.61931,3
6.726759,8.813526,5
5.674556,14.582317,3
7.928176,14.031798,3
10.684372,1.5973059,4
7.199801,13.792911,3
7.8877854,13.977567,3
10.675115,1.586439,4
7.109984,7.2235017,5
6.464856,17.141079,3
5.621816,13.783673,3
7.4617257,8.310851,5
5.086622,14.611679,3
1.1928331,8.991917,1
16.995018,7.205677,0
10.019343,7.6679974,5
9.337258,6.85516,5
9.68689,11.454979,5
5.1139426,14.612404,3
3.4619029,6.2175446,1
0.5623252,10.137452,1
7.214171,13.816983,3
-0.1402708,5.697615,1
9.721439,11.480271,5
15.239183,12.560438,0
-0.7939227,5.8389096,1
0.98565227,-1.148441,2
8.802042,7.381124,5
-1.2993989,6.785145,1
7.2339625,13.789721,3
0.88948333,7.9026413,1
0.90720755,6.7252135,1
5.741049,17.680925,3
3.7325284,6.189132,1
15.480951,5.673476,0
8.851557,7.3826375,5
13.524431,-1.039137,4
2.4206657,7.573281,1
0.3817696,-0.67075473,2
6.072642,13.970648,3
15.291156,12.046367,0
1.5233282,10.009908,1
0.5128991,9.831786,1
6.5253124,17.184023,3
19.265537,6.153433,0
3.5320902,6.1157374,1
0.73814976,10.687278,1
8.045098,-5.980982,2
6.871213,5.536921,5
3.3413067,5.910548,1
0.83667976,7.7566714,1
7.61242,14.311686,3
3.4661741,5.950822,1
7.484435,13.458593,3
-0.24684711,5.890507,1
10.786624,1.5216242,4
5.6342425,14.398923,3
7.993769,16.148796,3
13.41622,-0.9251149,4
5.4054446,14.575658,3
-1.266047,6.16199,1
5.7945275,13.731846,3
7.1193566,7.265993,5
8.112295,-1.331656,4
5.555821,14.787945,3
0.85013354,7.9524655,1
5.949899,17.95994,3
10.786007,1.5414882,4
1.553094,9.847353,1
9.969819,6.272018,5
9.775721,11.941217,3
5.864863,13.9053,3
2.3125656,7.517693,1
-7.36666,4.628471,1
0.8482632,11.208553,1
7.400131,5.567547,5
6.875745,16.946726,3
17.844687,5.323404,0
7.378571,8.282214,5
6.5732536,5.2353063,5
3.4081607,6.115111,1
0.83569735,11.190884,1
6.0888467,14.886334,3
5.0451026,0.6376633,2
5.723007,13.756381,3
6.564215,16.047712,3
-0.8375474,6.1345673,1
5.4839745,14.321254,3
5.496254,14.946699,3
5.0213666,14.613567,3
-0.64187515,6.139942,1
7.542265,13.497237,3
7.351736,13.770766,3
6.3604064,14.100765,3
6.003676,14.677949,3
6.142618,14.014451,3
7.483599,13.4515705,3
5.6891556,13.680257,3
5.748663,13.763795,3
5.5314746,13.944919,3
7.4393153,13.474324,3
7.06314,7.092234,5
8.225115,15.982715,3
5.4850855,15.0643215,3
7.283215,4.8451924,5
0.67609876,6.739371,1
3.0625567,6.2538657,1
-1.3120813,6.3877015,1
8.530618,15.812919,3
7.475947,8.288499,5
3.4801235,6.2330766,1
3.4753892,5.947053,1
6.749449,5.320691,5
8.477676,15.82452,3
1.1787287,9.983644,1
8.20034,-1.3283792,4
7.0746,5.552058,5
7.1742983,13.84207,3
6.3823705,8.496402,5
5.7365823,14.060361,3
5.959965,14.092437,3
9.594004,11.362429,5
6.4475307,14.071566,3
7.4785767,14.294017,3
5.132004,14.715661,3
8.275754,16.000141,3
9.930937,7.1422443,5
9.937921,6.34669,5
7.4701567,13.51264,3
-1.2167095,5.995325,1
7.02515,7.3396826,5
7.3811088,16.033115,3
-0.7574957,6.1083198,1
6.1769276,14.051947,3
5.320182,14.677102,3
0.8682862,10.042477,1
3.5421891,6.1211452,1
-1.1938999,5.6204495,1
10.0181465,6.332461,5
-1.0895976,6.033069,1
1.236956,10.22734,1
5.362073,14.633674,3
5.4557095,14.886181,3
3.0570817,5.918488,1
19.507551,4.574897,0
0.09561511,-0.84108275,2
9.911047,7.1233697,5
7.620126,14.404858,3
7.7541685,14.480347,3
1.2440993,10.136593,1
7.418972,13.694862,3
16.204784,6.31853,0
5.693141,13.756932,3
7.2229166,13.860832,3
10.099477,11.788805,3
6.048868,14.838115,3
6.451551,16.083246,3
7.0224786,4.928389,5
5.3090916,14.700317,3
5.0715847,14.622839,3
3.5526135,6.2029157,1
0.73521805,8.072031,1
5.9994507,7.4322305,5
5.122633,14.585514,3
9.674843,11.461799,5
0.64430445,6.8344665,1
5.6548586,13.725802,3
6.561605,16.107302,3
16.3379,6.5715046,0
7.949599,13.9959545,3
6.429719,14.084342,3
5.890923,0.17067708,2
0.99072564,11.081281,1
2.168929,9.350286,1
0.88323236,6.7249537,1
6.03551,13.95427,3
5.7080855,13.783133,3
2.397796,7.3329706,1
7.130149,13.792264,3
9.772944,11.921201,3
6.823066,17.039888,3
1.5524002,10.39853,1
6.821725,8.784221,5
6.6810737,16.245083,3
6.556084,4.865058,5
5.629411,14.084456,3
1.5376397,10.504151,1
1.6851609,8.521875,1
5.8397,17.915142,3
8.49955,15.802141,3
7.2439365,8.389997,5
6.8048034,4.648244,5
7.2912536,13.629851,3
5.6376276,13.747924,3
5.6450787,13.755107,3
2.4857342,7.2737155,1
-0.2918653,5.9603577,1
0.9364081,11.20444,1
7.492802,13.468419,3
7.9032984,14.074618,3
4.7135496,-4.6177554,2
-0.16964868,5.537775,1
8.8626995,16.974308,3
6.15945,13.934905,3
2.2530153,9.212126,1
5.522419,14.896153,3
6.684252,9.182564,5
3.5638173,6.1594214,1
7.592538,14.483886,3
6.459088,5.1002846,5
-1.2420795,6.509925,1
6.9492064,5.1342516,5
1.468735,10.216354,1
6.938942,8.41194,5
6.1762733,14.371066,3
0.83299106,7.962764,1
3.4695094,6.265158,1
9.773869,11.936219,3
3.5929184,-3.85872,2
2.3124275,7.577653,1
5.8011923,18.012167,3
6.911607,8.8429365,5
7.195674,13.846221,3
15.329088,12.553235,0
6.945945,8.8979645,5
7.239181,13.821585,3
7.599858,14.472675,3
0.76401305,6.7101855,1
7.2052627,13.824923,3
15.554292,11.974882,0
9.035377,7.5182266,5
10.654806,1.2858053,4
-0.13512369,5.7226195,1
-0.35431632,5.9292126,1
0.99291015,7.869634,1
-0.3183455,6.037534,1
7.0389123,7.226373,5
3.497188,6.1985693,1
1.0203193,10.868947,1
8.176653,16.677542,3
5.1195397,14.594783,3
-0.21171965,5.4114976,1
6.788992,4.937688,5
3.1775107,5.760878,1
8.811038,7.3987775,5
6.054028,14.694143,3
6.043529,14.177977,3
11.019064,1.3262843,4
6.746556,16.409533,3
6.826301,16.81567,3
7.184418,8.771041,5
9.601733,11.382758,5
6.8537426,8.471308,5
7.4277997,13.508688,3
5.108365,14.550483,3
9.374386,6.8198566,5
3.4757583,6.054173,1
7.008303,5.1548915,5
9.650313,11.432215,5
8.490217,15.760071,3
-1.0098301,5.870812,1
5.5068007,14.890944,3
17.116129,7.89769,0
7.3744802,8.334549,5
0.87587416,7.897989,1
5.752563,14.192756,3
6.1398907,0.3269451,2
9.632414,11.384102,5
5.3566413,14.74991,3
2.2826507,7.5603714,1
2.23916,7.4407125,1
7.3951097,13.687462,3
5.4521794,14.962929,3
19.608551,4.554066,0
7.3813076,17.055113,3
-0.638857,5.9553156,1
5.5220766,15.025585,3
18.861437,2.6805472,0
0.48241323,-1.0417454,2
2.2821674,7.291033,1
15.088878,12.260297,0
10.031907,6.207787,5
10.0289,6.3238096,5
19.396875,4.7795906,0
6.128497,14.87481,3
5.937921,17.871067,3
2.9609642,6.127454,1
1.3167039,10.414392,1
6.2717643,6.836732,5
7.9017897,14.236103,3
1.6528683,8.188055,1
7.8388577,14.20194,3
7.4490833,13.511647,3
7.4814196,16.241442,3
6.022145,17.595558,3
6.5717363,17.285135,3
6.079989,13.986081,3
5.28108,14.544547,3
7.102827,5.0849366,5
6.308302,14.813033,3
2.2527442,7.539605,1
-1.4903072,6.5747128,1
0.7098975,9.69666,1
2.3038797,7.5568852,1
6.145526,13.969784,3
5.4749084,14.284495,3
7.908498,13.996106,3
2.4035983,7.4960127,1
6.684219,16.02838,3
0.42985064,-0.34797603,2
6.8144145,16.358347,3
15.556496,11.982792,0
15.740846,12.234766,0
6.83933,8.536275,5
3.4841263,5.947338,1
7.982355,-4.836623,2
10.635717,1.3227451,4
7.399141,5.5353956,5
3.2481081,5.756352,1
0.64519197,10.552311,1
2.4168243,7.2832284,1
6.6600156,4.7812977,5
1.3747888,9.825075,1
5.6629686,14.504173,3
5.488576,15.1113205,3
0.5970307,-1.2259821,2
6.3225813,6.8274417,5
2.4002533,7.513457,1
3.5832925,6.085336,1
6.038047,13.885599,3
8.796596,7.3869867,5
-0.15410216,5.685432,1
5.799989,13.752852,3
0.87236315,6.729018,1
1.2957562,9.99255,1
6.421086,16.163675,3
6.4280233,17.232166,3
0.55600464,10.617725,1
10.027969,7.5935235,5
7.5204263,13.458456,3
1.176975,10.764792,1
7.8109026,13.981514,3
9.873848,11.482535,5
10.033879,6.2193904,5
7.1686764,8.61333,5
5.5895643,13.960749,3
18.626852,2.8316746,0
10.184239,11.6468935,3
2.3788264,7.4864297,1
7.1695642,13.785319,3
0.7251391,11.146789,1
6.124169,14.007484,3
9.672042,11.441888,5
5.4504056,14.170075,3
8.827475,7.375411,5
6.0987644,13.905208,3
2.946919,6.148483,1
-0.19636877,5.968461,1
6.9851837,8.979099,5
5.702735,13.818962,3
0.70653754,11.1962595,1
6.2826276,8.389516,5
5.1802864,14.522072,3
15.170012,11.718276,0
18.652575,3.1959643,0
5.671635,14.4230795,3
8.843309,7.4116898,5
6.8025513,5.061433,5
7.1770573,13.843517,3
9.646562,11.420309,5
0.5212979,10.957568,1
5.460911,15.103389,3
-1.2041526,6.473026,1
7.1537423,13.831613,3
-1.0827343,6.4040875,1
8.902727,16.973116,3
1.4403019,10.492787,1
9.946678,7.1680374,5
-0.17316379,5.378172,1
-0.30792487,5.269119,1
10.004664,7.5029926,5
7.0387864,18.146526,3
6.6229043,9.101186,5
-0.8777943,5.5538893,1
3.0477028,6.181514,1
7.048643,4.7183948,5
10.02074,6.3360767,5
1.3156873,10.319359,1
7.0715218,4.6664705,5
7.09379,4.5609965,5
6.4902735,9.149707,5
2.3024836,7.4368076,1
7.1775327,8.8334465,5
3.5925374,6.038135,1
6.4898973,6.8952975,5
6.882149,7.4794292,5
9.57021,11.330647,5
0.54219276,6.912531,1
2.8990679,6.0495915,1
7.166688,14.001687,3
7.267254,13.8366375,3
14.732832,10.883459,0
2.3571386,7.1687727,1
4.4983273,-3.058341,2
9.715577,11.503834,5
6.757402,5.2312517,5
2.2766902,7.421502,1
5.5204983,14.995897,3
7.620367,14.393698,3
6.1681876,14.025335,3
7.6092196,14.166556,3
5.742187,13.828321,3
7.281794,13.695668,3
2.3146083,7.5378585,1
1.685888,7.7507396,1
-1.8396962,6.5407133,1
15.232425,12.577286,0
6.4409146,17.133307,3
14.897923,11.927613,0
2.7901285,5.8260975,1
6.0030346,7.3726807,5
13.4554405,-1.1855578,4
7.2043447,13.794921,3
5.6952276,13.832935,3
5.640885,14.444494,3
7.4048905,17.154709,3
5.8921003,14.224683,3
6.465919,14.131301,3
7.4860873,13.536157,3
1.3559867,8.707818,1
1.3094883,9.767768,1
5.9502296,14.715491,3
7.448983,13.525242,3
6.6877685,5.750956,5
8.833387,7.350723,5
1.4138396,10.526245,1
8.283264,16.025915,3
18.586517,3.1290002,0
9.273018,6.836524,5
1.4531236,10.054956,1
7.996825,16.691248,3
7.3623834,8.2344675,5
6.4641895,16.09718,3
10.12319,6.3114376,5
7.739862,14.139265,3
0.8542147,7.905793,1
-1.6072385,6.383246,1
7.2319813,13.920368,3
6.6287785,13.766068,3
15.030061,11.942694,0
7.445197,13.57502,3
8.239108,15.964727,3
6.9920893,5.0081954,5
14.987352,11.910852,0
-0.19460332,5.504272,1
-0.9118516,5.978705,1
7.9669547,14.07179,3
1.6925492,7.6932006,1
5.5232615,14.299733,3
7.3172283,13.732184,3
8.784491,7.366323,5
5.5167375,14.964046,3
5.581953,14.092794,3
-1.4056644,5.5561867,1
6.055259,13.904629,3
5.319848,14.43918,3
7.733132,17.557304,3
-0.57060134,6.0231543,1
-0.33110356,5.2426023,1
7.5448623,13.811974,3
5.5860696,14.452433,3
6.4869747,17.13399,3
5.80893,14.293721,3
6.229676,14.020253,3
6.3023334,16.912552,3
-1.468345,5.9358835,1
7.6887517,14.405361,3
7.19096,8.859686,5
9.611988,11.388928,5
7.6679406,5.559537,5
0.8189655,6.7032266,1
6.0865264,14.050045,3
1.1960181,10.450237,1
5.503974,14.996936,3
6.441804,14.167337,3
1.2993258,10.24484,1
5.900293,14.266811,3
5.5879283,14.9446535,3
6.796204,17.046692,3
-0.23345463,5.36308,1
5.6162553,14.417009,3
6.742079,8.498542,5
9.228977,6.904333,5
3.6002882,6.0545955,1
5.842821,17.544926,3
-1.680462,5.6202993,1
7.801564,13.855757,3
6.465628,17.164038,3
-1.661643,5.5892806,1
15.604359,11.935987,0
8.782817,16.651016,3
7.743647,14.323865,3
7.4149375,13.545228,3
5.7328086,17.822037,3
7.3501744,8.270642,5
3.1548393,6.0405054,1
2.7996407,-3.5071077,2
2.3029358,7.5620875,1
-0.31225964,5.211038,1
18.654907,3.3000088,0
1.4872804,7.667136,1
9.722759,11.498624,5
0.760701,6.7714896,1
5.345704,14.6806555,3
16.347137,8.078643,0
5.5926604,13.846389,3
0.8191508,7.9400415,1
5.9059076,14.674965,3
6.845371,5.2457285,5
9.664313,11.449352,5
-0.27847007,5.294177,1
15.573442,11.91135,0
5.7447248,14.451075,3
6.951961,5.055232,5
-1.2355256,5.351356,1
7.094753,4.8433332,5
6.97678,5.0605035,5
1.4838572,9.881452,1
6.7053084,5.6163774,5
5.856542,17.558321,3
5.5107646,14.859415,3
14.758499,6.9632025,0
3.2147143,-4.641659,2
9.980175,7.4800487,5
7.1255198,7.2925806,5
3.3455524,6.2366543,1
3.4994004,6.2020307,1
1.3304832,9.738219,1
1.7661502,7.8140306,1
7.500463,13.469975,3
3.5348155,6.0606866,1
-0.27154616,5.7607536,1
6.5804553,6.294918,5
0.56718254,6.912389,1
8.794567,16.944164,3
5.6518483,13.863288,3
0.28709027,-0.46031398,2
-0.85462725,5.793038,1
6.9796767,5.211715,5
0.42993695,11.073859,1
1.5942353,9.773794,1
1.4366466,10.036095,1
2.6741133,-3.5023298,2
8.042955,14.070877,3
6.8221188,8.243025,5
-0.43368387,5.171829,1
6.989791,5.2234426,5
0.39208412,10.959288,1
5.525348,14.92231,3
2.9335415,5.940091,1
7.4188204,13.514959,3
0.49761534,-1.0029933,2
10.007506,7.562775,5
8.039205,16.07479,3
5.857598,14.40449,3
5.2767315,14.710887,3
4.402407,-4.4383297,2
7.1007156,4.972507,5
7.1634035,4.9512935,5
7.166816,4.858732,5
5.936867,14.070938,3
9.783643,11.8719225,3
5.58452,14.382247,3
6.966877,16.223776,3
8.833998,16.997877,3
5.770436,13.810289,3
0.49222687,10.557544,1
9.782394,11.445302,5
7.681742,14.383788,3
6.8804913,7.1865664,5
5.601909,14.401624,3
1.3381677,8.905051,1
1.430752,9.984738,1
6.972978,16.272686,3
0.44181007,10.179423,1
2.2572343,7.42547,1
11.116389,1.2660164,4
7.5010247,13.498859,3
7.0642147,5.0319595,5
10.14188,6.3500032,5
6.537519,9.025926,5
-1.1353159,6.611251,1
3.5790021,6.0549035,1
3.457124,6.209928,1
0.05795614,-0.86390525,2
19.427544,4.5579157,0
-0.26023087,5.3245544,1
6.1006274,14.107358,3
0.2574762,10.097172,1
5.736783,14.35498,3
7.206473,8.292587,5
1.5485638,7.6365714,1
9.987676,7.203695,5
6.5563617,6.2757826,5
8.82468,7.36777,5
6.5412607,16.062624,3
5.682627,13.80785,3
0.37956464,-0.89418286,2
7.6050897,14.299037,3
11.049075,1.3268685,4
6.61829,9.372871,5
6.701333,8.817085,5
6.0620213,13.910109,3
9.744236,11.477215,5
0.4415461,10.389218,1
-1.5988823,5.721647,1
6.987539,5.5766315,5
2.329467,7.535906,1
6.8544726,5.002165,5
7.491532,13.519793,3
14.937286,11.9053135,0
6.4673176,4.5936203,5
7.4537535,13.533042,3
10.14273,11.7793255,3
5.7066655,13.739925,3
5.8076506,17.67465,3
3.6401086,-5.3153253,2
3.3559682,-5.095008,2
-0.63148,5.728684,1
9.620135,11.307572,5
4.2682385,-3.2233987,2
9.645337,11.53579,5
6.4706454,14.162076,3
7.027692,7.2896705,5
0.5081793,-0.44881797,2
15.751966,12.144476,0
-0.811447,6.115884,1
15.273375,12.577768,0
5.890755,-0.032373786,2
0.92664695,11.127691,1
8.393909,15.888883,3
13.410718,-1.0557014,4
7.1274815,13.942788,3
10.002265,7.241918,5
6.0755215,13.909839,3
3.4330206,6.1087112,1
6.4480968,4.5834794,5
5.5495605,13.935664,3
-1.0559208,5.7836356,1
6.873932,8.946776,5
5.536214,15.04239,3
-1.3421385,6.6424675,1
-0.62836826,5.703132,1
7.1700573,13.8070755,3
6.7935734,16.325321,3
2.3287463,7.5456533,1
6.587334,16.140062,3
7.7721095,14.335068,3
-1.4460377,6.399792,1
6.8655796,16.305237,3
6.149293,13.928597,3
1.1850427,10.335394,1
7.580579,14.463522,3
1.505647,10.664053,1
6.134687,13.953363,3
5.685868,13.81012,3
0.81128937,10.804734,1
6.5309076,5.2779818,5
8.52557,15.831967,3
-1.596042,5.7537313,1
-0.14676274,-1.3540882,2
9.613383,11.346921,5
9.921108,11.715229,3
-0.15956073,5.6890936,1
5.465528,14.650639,3
1.5989829,8.37006,1
-1.3563917,6.419959,1
6.5966306,16.201738,3
5.4960585,14.308215,3
6.5571976,17.111689,3
5.6177993,13.698946,3
5.4170876,15.04162,3
-0.4463821,5.9308224,1
5.0605407,14.617985,3
6.6774096,4.7471895,5
7.483736,13.45419,3
6.011077,14.032234,3
1.3206311,8.932298,1
5.7719994,17.82775,3
7.3210583,13.608713,3
6.5076575,16.173681,3
7.662366,14.377234,3
8.840984,7.405915,5
13.7603245,-1.5293211,4
8.4764595,15.902587,3
7.3939004,13.55974,3
6.488673,17.132957,3
5.6530943,13.713895,3
1.3565037,10.325221,1
9.316881,6.8665648,5
5.8100758,13.750373,3
5.790029,13.772029,3
7.9162273,14.067376,3
6.6871386,16.456217,3
0.8610886,6.690223,1
5.588268,13.790049,3
6.744448,16.04115,3
14.952923,11.943602,0
5.7762566,14.399781,3
-0.32489344,5.3647995,1
5.468609,14.783273,3
1.3568617,10.121644,1
5.957741,14.70396,3
6.5332646,16.124626,3
5.3413315,14.739423,3
8.62236,16.896591,3
0.8824042,6.7617292,1
6.017846,14.034048,3
6.63219,4.887827,5
5.532237,14.362432,3
0.7974199,6.6969757,1
2.8765113,6.211146,1
7.1591077,13.855306,3
8.411959,15.986274,3
7.7016544,14.3795185,3
7.4970646,13.532338,3
-1.0706874,5.236895,1
0.89773625,9.933232,1
7.1073675,5.11277,5
6.17814,13.978,3
5.3237233,14.908939,3
6.80749,16.353336,3
5.739208,13.770096,3
7.1237707,7.269777,5
7.333633,13.743288,3
7.467405,16.228994,3
9.599033,11.35123,5
6.52569,4.8790627,5
9.721539,11.960179,3
6.36378,7.8236766,5
7.472756,13.458723,3
6.4971337,17.326242,3
7.1858606,13.968779,3
7.459246,13.507773,3
-0.6707668,5.5864744,1
5.4007316,15.113389,3
7.338943,13.712612,3
5.5603776,14.78444,3
6.8033547,8.812191,5
3.4575167,6.2376704,1
-0.15449683,5.695972,1
7.659957,14.456822,3
6.1638684,14.036301,3
6.1493435,13.859549,3
5.201607,14.580708,3
8.809013,7.405941,5
15.194099,11.825378,0
6.4651766,17.255411,3
5.723347,14.309693,3
9.934548,7.07931,5
5.397717,15.061852,3
3.4608643,6.2299075,1
9.6959915,11.478373,5
6.8607755,4.640517,5
4.5373387,-4.433455,2
7.27479,13.878442,3
7.5626454,14.102492,3
8.412764,16.581776,3
5.0995665,14.616292,3
9.804094,11.946749,3
6.500395,17.210644,3
6.050637,14.519088,3
5.99565,14.710872,3
-0.3154642,5.3757296,1
6.5654745,17.264748,3
5.473384,14.268805,3
9.680844,11.513271,5
9.602508,11.379393,5
9.636157,11.402568,5
5.496967,14.258486,3
5.746536,13.770389,3
6.5093627,17.112408,3
-0.040261973,10.290889,1
9.002054,7.541264,5
7.529447,14.437366,3
7.8243923,13.9473295,3
5.965821,14.717498,3
5.507881,14.811902,3
6.006224,14.643131,3
5.5280194,14.847959,3
3.5293505,6.2011547,1
7.98782,14.024602,3
-0.17680229,5.71063,1
7.8996577,14.043102,3
9.592455,11.369311,5
9.605427,11.380942,5
9.971237,6.565043,5
6.8347073,16.345545,3
7.7061076,14.387964,3
7.4528475,13.475832,3
5.7378125,13.722674,3
5.4970045,15.093214,3
15.407834,12.074767,0
5.5008926,14.971078,3
5.329866,14.370737,3
5.721517,13.730547,3
1.7202393,7.729797,1
7.9989805,14.012161,3
10.025745,11.818655,3
8.00349,14.043059,3
6.7005143,8.635642,5
6.043602,14.619423,3
7.68026,14.375405,3
7.1438746,7.2674847,5
0.46091086,6.916293,1
0.74557775,9.953875,1
7.55438,14.135984,3
6.1445413,13.994554,3
6.1841016,14.276866,3
7.703117,14.384325,3
7.466947,8.321717,5
9.754959,11.525665,5
1.1604213,8.823544,1
7.4982505,13.510788,3
6.183454,14.022283,3
6.13611,14.022741,3
3.9977863,-5.31976,2
6.121885,14.846118,3
7.425514,8.311986,5
3.0270004,6.161507,1
6.549436,16.288822,3
19.641747,4.53104,0
5.8597035,13.889938,3
4.984195,14.629499,3
2.923849,6.1067123,1
7.74176,14.091398,3
5.7132225,14.179268,3
0.6403142,-2.136049,2
-0.22659765,5.808413,1
-0.27598676,5.262404,1
6.0984316,14.021047,3
6.0436373,14.182082,3
9.305311,6.900498,5
6.389961,14.196351,3
-0.20710358,5.806579,1
1.220231,10.0767,1
1.580463,8.371683,1
7.1507173,17.138128,3
-1.5640672,5.673192,1
7.756404,13.76948,3
0.1339382,-1.3125883,2
18.687557,3.2415798,0
6.2920294,16.992086,3
0.5017354,11.071141,1
6.366763,14.251455,3
17.053503,7.791322,0
3.5220125,6.1529255,1
10.727183,-1.6441545,4
7.9789786,14.034253,3
6.6786194,17.236431,3
1.2499692,10.383472,1
7.37347,13.628054,3
7.4328246,13.493656,3
7.8094125,14.276225,3
5.8373837,13.877493,3
3.2046216,6.318462,1
-0.7103815,6.2029247,1
0.49655426,11.070624,1
6.692245,5.329497,5
-1.5707017,6.211894,1
5.537519,14.990184,3
7.0831776,8.68217,5
5.5647616,14.029606,3
7.7094316,14.347771,3
5.208961,14.687337,3
5.2922907,14.484639,3
0.6494544,-0.8923895,2
8.756321,16.799358,3
15.105422,11.796666,0
5.902981,14.471137,3
9.337744,6.851312,5
7.47321,13.492005,3
-0.77942973,6.1306763,1
9.224462,6.8974304,5
5.9329343,17.80141,3
9.704965,11.42881,5
18.528513,3.2853575,0
9.216468,6.8730764,5
8.553767,16.772959,3
9.652049,11.447849,5
5.931877,13.866667,3
2.2674222,7.241916,1
3.3211293,6.1178293,1
0.71302754,9.953515,1
8.026353,14.063952,3
6.3697495,16.858734,3
5.7409334,14.580536,3
7.5171313,13.5928955,3
-1.5604451,6.5981026,1
6.109304,13.902442,3
8.996216,16.777481,3
5.324027,14.732097,3
-1.2419488,6.6863794,1
6.4926267,5.0153217,5
7.380975,16.145845,3
6.857077,7.206272,5
7.9688663,13.929744,3
6.533645,6.218791,5
6.578149,14.056903,3
5.8123527,14.22619,3
5.7317104,13.783285,3
8.084122,-4.6312537,2
7.9341464,16.758581,3
5.2366834,14.694597,3
-1.1927869,6.4411592,1
2.42098,7.2819643,1
7.518902,13.552935,3
7.9333014,14.017816,3
7.502251,13.473058,3
1.7429847,7.6967573,1
6.5615883,5.067035,5
6.758991,4.7225156,5
5.706403,13.725069,3
5.02759,14.71259,3
7.420325,13.527798,3
7.640783,14.209949,3
-1.9012402,6.635026,1
9.899472,7.113573,5
7.52358,14.108884,3
8.308969,16.560238,3
9.2906275,6.8937645,5
7.905504,14.049418,3
7.088779,7.270783,5
9.782226,11.943182,3
5.5902705,15.118841,3
5.875067,13.911463,3
19.48519,4.5963635,0
5.7594085,17.719711,3
7.9555025,14.033199,3
6.1572843,14.046558,3
-0.20602049,5.4025,1
9.973656,7.256379,5
4.51697,-3.769254,2
3.5596354,6.1541185,1
13.714359,-1.315774,4
7.616394,14.421579,3
6.482256,8.392877,5
6.7762613,4.645482,5
-0.18404958,5.3795443,1
7.677958,14.368861,3
-0.74171174,5.993458,1
1.6078542,7.708726,1
-0.16811514,5.3171654,1
9.729446,11.490133,5
7.259288,17.194708,3
4.634477,-4.4013634,2
7.1391845,8.348014,5
6.4524035,8.344249,5
6.9858265,17.058502,3
8.325921,15.997356,3
5.784051,13.806043,3
6.4070454,17.18777,3
5.9491224,13.863421,3
7.2560325,8.287989,5
9.963385,11.848817,3
0.9006467,11.1014385,1
7.460237,13.52019,3
6.483521,17.14847,3
-0.77209586,6.288534,1
-0.61483335,5.9637265,1
2.3194313,7.551433,1
1.0739676,6.7478414,1
1.7711815,7.7424145,1
5.227565,14.619763,3
0.7361065,6.7665205,1
9.663564,11.380619,5
3.2209017,-4.6248455,2
14.733175,10.880939,0
-1.3147448,6.165938,1
0.48321626,9.7324,1
3.5220602,-3.8941145,2
9.625619,11.413181,5
3.490886,5.9498663,1
7.3674393,16.173122,3
6.4307575,4.942164,5
9.691847,11.802336,3
7.2261615,13.840808,3
1.26471,8.905641,1
5.626985,13.785877,3
3.5270412,6.068996,1
15.252958,11.73807,0
6.088877,14.010235,3
5.5860605,14.385487,3
-1.5271865,6.595241,1
5.558974,14.322287,3
7.0937266,13.777009,3
5.4630837,15.038977,3
7.5034637,13.524747,3
6.1818686,13.9700985,3
6.4531426,8.2951565,5
14.732959,10.884777,0
6.909167,5.202661,5
5.7120805,13.751795,3
9.686342,11.472531,5
1.1874402,10.134864,1
0.8289087,6.7310023,1
9.744549,11.500114,5
0.7342393,10.7218075,1
7.809508,14.260829,3
7.432694,13.530324,3
7.493434,13.486835,3
5.81864,13.933811,3
5.555013,15.091161,3
8.950807,7.452537,5
5.21646,14.534871,3
-0.1889554,5.718749,1
6.4077115,16.102818,3
5.9431696,17.544975,3
1.537339,9.88782,1
14.945821,11.950333,0
5.6777697,14.272061,3
3.5936577,6.0274663,1
6.86655,8.397476,5
5.089137,14.66296,3
6.432708,14.275614,3
5.933804,17.5944,3
3.1538963,5.959592,1
5.086129,14.555929,3
7.165648,13.935225,3
14.712725,5.6264777,0
7.93839,14.043915,3
5.593107,15.2131,3
6.546869,16.089146,3
0.18519463,10.309907,1
11.290972,0.8174869,4
7.052181,7.3672595,5
5.208419,14.470813,3
9.998592,7.225146,5
9.692947,11.482657,5
6.029135,17.882805,3
9.640823,11.444683,5
5.2199216,14.677388,3
7.9091983,14.024467,3
8.463547,16.664392,3
5.487176,14.313696,3
9.638753,11.427044,5
0.50107867,-0.8918897,2
8.526935,17.012701,3
7.872295,14.179586,3
6.0632577,14.048042,3
5.7288637,14.926598,3
4.603545,0.6365709,2
9.904265,7.599991,5
5.186945,14.635734,3
0.63447124,10.717763,1
7.325217,13.685848,3
5.5119567,14.312859,3
4.108878,-3.969874,2
5.41528,14.415917,3
7.7170076,14.157404,3
5.8417234,13.914723,3
10.041437,7.42757,5
5.675547,14.808814,3
6.1194,14.011572,3
1.0295217,9.969369,1
5.7210703,13.860418,3
5.53813,14.908289,3
9.772422,11.944224,3
0.26923934,10.308813,1
9.487435,11.391573,5
7.9148,14.192255,3
7.61088,5.38745,5
14.915301,11.964698,0
9.266104,6.8467393,5
18.761103,2.809366,0
5.7427025,13.817589,3
8.172453,16.063969,3
9.709453,11.969971,3
0.40639052,10.339148,1
14.055625,-1.0686027,4
7.445503,13.550992,3
8.477247,15.931913,3
5.4850874,15.001078,3
0.70381916,8.068977,1
9.202542,6.905413,5
9.502024,11.270315,5
7.1357427,7.3025126,5
8.209438,15.974805,3
5.133892,14.695487,3
8.010657,14.068967,3
5.056255,14.529719,3
6.9507127,5.153483,5
5.1576524,14.755099,3
3.5134645,5.990787,1
15.71122,12.207866,0
6.8426113,5.2872467,5
5.172496,14.543248,3
8.394193,15.752142,3
9.976732,6.3455744,5
11.282492,0.8227628,4
6.231172,17.638327,3
5.545197,14.010524,3
-0.26388752,7.113402,1
6.2698345,7.863908,5
5.0956335,0.68190736,2
6.7481637,0.5875326,2
2.55106,-5.24252,2
9.570363,7.659516,5
6.4449744,14.200276,3
7.000064,8.848399,5
7.962685,14.025939,3
3.5143347,6.1950393,1
6.5413523,6.2277064,5
15.14287,11.661559,0
9.668985,11.427466,5
5.095125,14.631582,3
7.051901,16.279531,3
7.684254,14.475672,3
9.598723,11.381834,5
5.613047,14.385493,3
16.4282,7.4078107,0
5.894948,13.923971,3
7.7482324,17.003807,3
5.5742664,14.397566,3
0.70428807,10.867104,1
5.8413405,13.896663,3
7.2745657,13.872443,3
0.9605873,7.894284,1
5.6850815,14.459066,3
15.490868,12.081745,0
1.747712,7.714494,1
7.0572653,8.691961,5
9.972887,6.2772017,5
9.96205,6.1981792,5
1.3872207,8.734891,1
7.839087,14.1597,3
7.0836043,13.853129,3
6.704929,8.718445,5
7.929276,14.249604,3
6.8535643,8.495926,5
6.4716263,8.3656025,5
0.7160807,10.504536,1
6.538573,5.3026257,5
6.8872085,8.546189,5
15.706465,12.090407,0
9.724469,11.960531,3
2.3055735,7.5544524,1
5.611965,14.392826,3
7.3819146,8.274325,5
6.619993,4.953665,5
7.2251325,13.708216,3
5.852779,14.242391,3
6.728655,9.059482,5
6.609415,16.304121,3
5.669878,13.7725115,3
-0.45198444,5.556932,1
13.111873,-1.3225874,4
7.3912826,8.281404,5
7.25937,8.332701,5
6.165801,14.03609,3
9.946729,6.345619,5
3.5167553,6.040208,1
10.345038,0.49620128,4
5.532354,14.695324,3
7.9408474,14.1595335,3
8.406947,16.004011,3
7.5867314,5.3228335,5
9.562702,11.32034,5
5.325497,14.701881,3
5.4505806,14.307105,3
15.12813,12.475628,0
6.919414,16.304226,3
5.0745625,14.56958,3
9.948369,6.618592,5
-1.0969248,5.4638824,1
-0.65683526,5.9838586,1
15.431919,12.466796,0
5.5925264,14.290888,3
6.3860703,14.630915,3
0.7369281,7.7134213,1
7.998108,14.01247,3
7.2493825,4.897373,5
3.269143,5.7762923,1
6.0481305,13.902972,3
7.4185467,13.4792595,3
6.876584,8.774565,5
-0.6423776,5.9865274,1
-1.4434048,6.627373,1
7.4786096,16.225037,3
0.86362773,10.668721,1
2.419329,7.538266,1
5.873698,13.828871,3
5.66646,14.429642,3
-1.3320123,6.206686,1
6.93957,8.565193,5
1.3345993,9.907272,1
0.74665844,6.728165,1
7.749779,14.416606,3
7.3671536,4.911015,5
7.3722444,13.766133,3
7.169108,13.929051,3
3.495206,5.974321,1
5.746808,13.731999,3
5.681239,13.7524605,3
9.605206,11.385804,5
1.1029795,8.841091,1
7.13243,7.286639,5
5.513761,14.844212,3
6.415419,17.182684,3
7.264981,8.276107,5
5.0784383,14.621755,3
6.075982,13.909275,3
9.762129,11.955514,3
5.635499,13.827175,3
5.256759,14.533759,3
6.6065845,6.293323,5
7.5576086,14.245356,3
0.6554025,-2.1898806,2
8.507687,16.671238,3
-1.2048473,6.0354977,1
5.635587,14.021645,3
5.283986,14.47461,3
5.303267,14.562946,3
6.198635,14.041562,3
7.204578,13.861213,3
5.8507357,14.349516,3
7.427162,13.532303,3
6.213925,14.021162,3
5.725778,13.811917,3
6.167677,13.92449,3
7.811926,14.239859,3
7.6602187,14.393235,3
-0.223604,5.3697147,1
-0.2897542,5.5710063,1
5.7486157,13.802964,3
6.6922154,17.382666,3
7.1960135,13.858847,3
7.171514,8.228137,5
5.455015,14.370493,3
7.0396814,4.7457905,5
6.11403,14.040556,3
9.609286,11.408782,5
5.36984,14.615459,3
-0.35163903,5.527882,1
6.8052354,13.699432,3
15.716263,12.077496,0
0.48312557,6.856698,1
7.19008,8.8280945,5
5.451723,14.28613,3
14.403541,5.8539042,0
7.7428484,13.790583,3
8.382889,16.187191,3
6.5168285,16.16873,3
7.957096,14.067726,3
6.059834,14.773306,3
6.4944797,17.128399,3
6.0311203,14.699996,3
14.732976,10.872068,0
6.004555,14.107453,3
6.3855186,17.031834,3
-1.3575243,6.5785766,1
7.657612,13.973361,3
1.5591981,7.566916,1
9.614168,11.414943,5
5.8814564,14.687622,3
-0.8227521,6.0557675,1
5.4183717,14.977257,3
4.18867,-3.918545,2
7.1390405,8.85084,5
9.242502,6.9318976,5
3.480158,5.9391017,1
4.130765,-3.670146,2
5.452159,14.777777,3
1.4634061,9.900035,1
7.452004,13.506464,3
15.296561,11.644677,0
3.4748604,6.227112,1
0.67993414,9.888179,1
5.153728,14.56937,3
9.675472,11.420704,5
8.5422,15.973954,3
9.840054,11.921478,3
5.8593817,13.881599,3
-1.1026505,6.4032407,1
19.50533,4.4906816,0
0.7418178,10.655004,1
10.0470295,7.1695743,5
8.447161,15.8241415,3
14.7426405,10.890773,0
6.798134,5.21636,5
5.45025,14.282116,3
6.041182,6.6470194,5
8.511996,15.8728,3
5.7599115,13.790663,3
5.980926,14.060199,3
5.6623926,13.834476,3
5.569583,15.023817,3
6.5829477,6.344653,5
5.764079,13.824605,3
6.7537594,17.15189,3
0.49242368,10.891899,1
5.8920503,13.922756,3
5.6658864,13.974726,3
0.76358926,10.697492,1
7.2637553,13.904958,3
2.833819,5.81974,1
5.977301,14.456781,3
10.152492,11.739313,3
2.7422156,-5.253278,2
0.6497728,6.770851,1
3.4302163,-4.197553,2
0.46447238,9.866691,1
6.90131,17.19762,3
15.335883,12.047821,0
6.583144,8.964239,5
5.988975,14.536764,3
5.9187465,13.873315,3
6.081823,13.952313,3
7.9993534,14.054318,3
9.836062,11.781799,3
7.433605,16.02115,3
5.3864365,14.3264,3
10.759476,1.0215626,4
1.3373266,10.516738,1
7.223739,4.731414,5
7.2228155,4.873024,5
9.76512,11.906868,3
1.5267638,7.7542253,1
7.208377,5.475053,5
7.6188293,14.253718,3
5.9753747,17.566963,3
1.7775056,7.69771,1
6.3166056,8.483656,5
7.154935,13.854935,3
3.6636534,-2.994326,2
9.68094,11.60541,3
1.7302184,8.307834,1
7.240253,13.817108,3
9.629084,11.497819,5
5.6874156,13.840101,3
8.530835,15.837537,3
-0.46230507,5.8779826,1
6.472112,16.119999,3
-0.12302645,5.8715587,1
5.4767814,14.285141,3
1.1092125,10.313405,1
7.123907,7.2452955,5
8.487644,15.839572,3
6.770532,4.6670146,5
15.15397,11.716219,0
5.6224103,14.470601,3
5.4767666,14.933052,3
0.82946914,6.7092247,1
8.665321,16.719412,3
1.7217815,7.7096024,1
7.343617,13.656652,3
4.231954,-3.1972537,2
6.5679274,17.14204,3
7.5665107,17.06974,3
5.47385,14.216409,3
15.744263,12.12904,0
7.781852,14.309362,3
7.485598,13.424057,3
7.3408318,13.775511,3
14.945051,11.940245,0
6.824563,8.932764,5
6.7940297,17.06655,3
15.303232,12.110797,0
19.6137,4.557782,0
0.4195026,10.291115,1
9.588204,11.39889,5
5.1212873,14.607396,3
5.666081,13.724553,3
14.450615,5.825938,0
1.7593169,7.7163405,1
5.8671346,14.227365,3
5.7355905,13.730822,3
7.621982,14.470154,3
1.4970704,10.03099,1
9.72582,11.505722,5
5.402719,14.1849375,3
-0.9569158,6.4309006,1
6.4501004,14.072119,3
7.309474,13.987117,3
5.282488,14.569726,3
2.2780194,7.5860586,1
0.22644506,-1.2874701,2
6.4329734,6.818582,5
6.7055187,14.514372,3
15.167677,12.359309,0
7.610383,14.453833,3
5.1322107,14.577891,3
0.76494145,6.6766086,1
8.300905,16.157743,3
-0.7284624,5.850701,1
15.717925,12.112397,0
5.842057,13.9334135,3
7.2172894,8.329766,5
15.56142,11.975961,0
7.3901463,13.534834,3
7.1762958,13.775146,3
9.8221655,11.91383,3
9.657296,11.431688,5
9.686423,11.552487,5
5.4509273,15.038322,3
5.070009,14.631428,3
5.8781376,17.846687,3
9.694112,11.490497,5
7.7210455,14.340298,3
7.4669337,13.561383,3
18.798182,2.958831,0
7.165328,13.847059,3
7.5923705,14.443146,3
15.27962,11.698987,0
9.872838,11.918928,3
5.719583,13.866866,3
7.153936,13.851576,3
9.69754,11.472302,5
5.755005,13.697236,3
7.481729,14.038608,3
7.274988,13.824588,3
7.275794,13.7153635,3
5.7823915,13.746334,3
9.901064,6.1478295,5
5.119133,14.631271,3
5.567779,14.200269,3
7.5051193,13.4629965,3
13.174273,-0.99977356,4
0.36063716,-0.871451,2
-0.70125127,5.773505,1
1.6390078,9.898188,1
6.0650535,17.955864,3
-1.1508242,6.515488,1
0.6212921,6.858613,1
1.4578106,7.697686,1
2.3374708,7.5266523,1
1.0847112,10.862708,1
7.1629224,13.838112,3
6.581574,16.212086,3
9.949877,7.7712383,5
7.7430615,17.544924,3
6.7193956,17.220917,3
8.4506855,15.981331,3
9.654604,11.398451,5
5.871577,14.697302,3
15.233569,12.588671,0
5.850447,13.8650465,3
7.9408393,14.033364,3
5.4575286,14.420314,3
6.5459976,17.104986,3
-0.10296457,-1.1753314,2
5.3973627,14.754486,3
9.811674,11.457693,5
6.4978213,4.549641,5
6.137619,14.003543,3
1.085316,8.876603,1
9.694591,11.45389,5
7.1024313,7.1655183,5
6.1029663,13.997069,3
5.8130035,14.116902,3
15.199237,12.5382595,0
0.6466061,9.890447,1
5.0674124,14.645356,3
6.7934003,17.064837,3
7.523438,13.572759,3
7.728872,13.857666,3
9.604017,11.458712,5
7.9336824,13.990798,3
9.68324,11.455981,5
8.427913,16.654673,3
7.15692,13.832107,3
8.384248,15.91872,3
15.191879,11.718405,0
8.615968,15.881707,3
5.0687275,14.748607,3
7.690974,14.433226,3
6.4708886,17.102627,3
7.478239,13.461047,3
6.7615113,8.732167,5
6.486389,5.3053107,5
15.042502,11.821878,0
5.111846,14.594386,3
6.7555766,16.050282,3
7.08825,7.2396493,5
8.339145,16.08011,3
5.9709783,14.813173,3
5.1793,14.568561,3
8.441842,15.937386,3
6.6829596,16.424076,3
6.526468,17.246244,3
5.949191,14.684036,3
5.626277,13.804254,3
6.6094065,14.010813,3
14.942508,11.936988,0
7.671565,17.45176,3
5.675483,14.44802,3
5.686705,13.698321,3
5.1438513,14.605202,3
7.4686813,13.5393505,3
5.0857244,14.624777,3
5.2351403,14.556694,3
2.3587127,9.252794,1
15.5273905,12.654252,0
6.3226314,8.458853,5
7.476159,13.445152,3
1.0354958,9.714317,1
5.4511204,14.287081,3
5.5406413,14.883972,3
6.465087,17.182642,3
6.7541595,16.358225,3
5.1370144,14.605716,3
6.4931455,17.243202,3
7.516025,13.517881,3
6.2737203,7.84131,5
7.9300475,14.043383,3
-0.1463217,5.673968,1
5.173207,14.538778,3
6.004113,17.941973,3
5.4336343,14.257297,3
5.9851913,0.32470596,2
5.526134,14.838577,3
3.7486184,-3.3371925,2
5.857147,14.196795,3
-0.41049027,5.4826126,1
5.6169977,13.7810755,3
7.984024,14.009707,3
7.932312,14.043247,3
7.4222565,13.5629225,3
7.0113373,8.788882,5
8.304488,15.984825,3
5.9355335,13.730553,3
5.355497,14.726148,3
0.86111104,9.834525,1
5.8743067,14.7100935,3
5.3179584,14.8314905,3
5.715092,13.734007,3
6.1313233,13.970456,3
9.744437,11.9648485,3
4.737882,0.5523815,2
5.1422143,14.650609,3
10.012449,11.851215,3
7.4778976,13.484644,3
0.44143012,10.216961,1
5.111668,14.512233,3
5.0793366,14.530324,3
6.1377206,14.024058,3
6.6831703,17.437847,3
7.9705453,-4.735868,2
5.4871464,14.458104,3
6.6699347,16.189665,3
7.4633904,13.477459,3
7.855823,14.0264845,3
5.0968027,14.638443,3
6.7885346,16.32,3
7.5540032,13.437169,3
7.928424,14.0750675,3
8.327619,16.017141,3
6.9249425,8.963516,5
7.9685426,14.018217,3
6.785434,16.3546,3
11.383432,0.6815918,4
7.223748,5.5095363,5
-0.23262069,5.4287825,1
9.567047,11.345792,5
2.2739072,9.275928,1
8.006795,14.019427,3
6.574816,5.6691766,5
19.669054,4.5572834,0
5.529868,14.916097,3
5.6800976,13.862881,3
5.995147,17.396465,3
7.5056357,13.541617,3
6.0123963,14.072391,3
5.497176,14.819409,3
15.131319,12.355076,0
5.158459,14.642264,3
13.668944,-1.3114609,4
7.4017277,13.528555,3
14.9295435,11.926667,0
7.4324903,14.07112,3
6.1511636,14.008044,3
14.913153,11.9714575,0
19.224716,6.1827407,0
2.5031695,-5.431924,2
8.318602,15.961435,3
5.822739,13.849335,3
0.41820204,6.6857085,1
6.4751525,17.225567,3
14.541822,7.249553,0
5.760475,14.472397,3
7.3936114,14.027794,3
0.8729609,6.7445097,1
6.452584,6.965016,5
5.970574,14.643234,3
8.6834955,-5.9549656,2
1.1391044,9.422012,1
7.3227987,13.90528,3
-0.33081087,5.2543125,1
5.945599,14.785474,3
7.178749,13.839153,3
7.1088524,7.275574,5
9.97383,6.156791,5
5.53916,14.789551,3
5.9145417,14.783315,3
9.872253,11.54957,5
7.2071853,14.028009,3
5.51283,14.9651575,3
6.493625,6.3923144,5
9.756642,11.507256,5
6.504248,6.8574495,5
0.5156121,11.076493,1
7.166184,4.601276,5
6.26277,7.9037366,5
7.8653264,14.213428,3
5.65666,14.427599,3
7.9941974,14.041853,3
5.181363,14.668181,3
9.970662,6.647232,5
7.300301,13.711723,3
6.1194506,13.953464,3
9.667149,11.584924,5
7.199963,13.859673,3
8.462426,15.870212,3
7.9526486,16.086432,3
17.048141,7.800783,0
7.14551,13.94244,3
19.038301,4.9442167,0
6.1640577,6.966517,5
8.812425,7.3500443,5
0.0074848365,-1.2014304,2
6.157758,13.983483,3
5.5161657,15.003526,3
-0.11986574,7.0471067,1
8.00326,14.047687,3
5.6908607,13.836676,3
7.8305473,16.822176,3
0.12351109,-0.7743835,2
5.183861,14.662388,3
0.83436936,9.276652,1
5.635291,14.427385,3
9.954503,7.109157,5
-0.027728874,-0.8456555,2
6.935115,7.5218234,5
9.950158,6.3899,5
15.252204,12.554892,0
1.3260617,8.854059,1
7.9959707,14.031655,3
9.629668,11.38365,5
5.7854934,14.586613,3
3.4659264,6.082966,1
5.8015313,13.766551,3
9.747623,11.960038,3
6.2987895,7.8136015,5
5.95732,14.1616125,3
5.7510347,14.573748,3
13.238239,-1.1980313,4
6.0924134,13.923359,3
5.5516324,14.124084,3
5.154312,14.554208,3
5.758772,17.802845,3
9.713688,11.982692,3
7.991299,14.042682,3
6.3451014,16.844616,3
5.689389,14.745405,3
7.1833715,13.909485,3
3.6307557,6.071542,1
15.213095,5.636192,0
7.7776303,14.232227,3
5.079766,14.525156,3
5.8805027,14.576974,3
6.1317916,13.940297,3
14.902939,11.931352,0
5.5294237,14.10014,3
-0.24392694,7.110475,1
5.9739323,13.873482,3
7.416703,13.543155,3
7.990895,14.052797,3
6.8595223,8.375115,5
9.607129,11.392775,5
14.914451,11.967034,0
3.4962645,6.2002597,1
5.6793275,14.42635,3
8.1053,-1.285331,4
6.353319,7.785459,5
0.5805807,6.6607776,1
5.98825,14.00708,3
5.685994,13.722154,3
8.665562,16.925104,3
16.337135,8.12166,0
6.728605,5.105012,5
10.697554,1.3530887,4
7.2211123,13.790809,3
6.996223,8.96673,5
7.7413297,14.362776,3
8.951068,16.949673,3
0.9619587,10.197132,1
8.015493,16.761463,3
5.720301,14.424811,3
8.250287,16.031202,3
5.5840273,14.375938,3
6.3614645,14.248025,3
4.159821,-3.9386644,2
9.841117,11.909045,3
7.4815407,13.468295,3
7.6649165,14.377443,3
8.814711,7.368292,5
7.569699,14.13095,3
8.389066,15.914619,3
5.206303,14.549161,3
5.5495157,15.10169,3
5.6518965,15.064747,3
9.821046,11.939219,3
8.871874,7.326998,5
6.5188665,16.136063,3
-0.22220746,5.513524,1
7.2725325,13.673893,3
9.79563,11.931455,3
6.5674005,16.124226,3
6.122022,13.964208,3
6.039643,13.966115,3
0.912731,11.179928,1
5.937847,7.6125855,5
8.302869,16.029293,3
9.762805,11.503855,5
6.4281306,14.616849,3
9.722922,11.469376,5
5.606417,14.073591,3
7.657332,14.353153,3
6.1856427,13.877659,3
-0.28949746,5.927226,1
6.977031,8.587456,5
9.597074,11.459881,5
7.546309,13.528238,3
15.165468,11.684327,0
3.5634205,6.135364,1
6.8986897,17.710106,3
0.43572053,-0.8988291,2
-0.17989656,7.210003,1
1.255757,9.997524,1
7.8142343,14.293324,3
4.195635,-3.2918,2
5.5478797,14.810652,3
1.1120842,10.746734,1
6.5226994,17.17166,3
6.6352024,13.930933,3
0.39569294,-0.55315006,2
6.577749,7.03494,5
6.453299,14.169422,3
5.7046423,13.736489,3
1.7321833,8.188083,1
7.053043,7.225493,5
6.597965,16.334904,3
7.718369,13.921964,3
19.547573,4.5830503,0
9.984528,7.4152603,5
5.0640326,14.550743,3
6.5674267,4.7066717,5
5.722761,15.294315,3
5.766451,13.717765,3
9.600698,11.3783045,5
7.473449,13.518964,3
3.5235138,6.065572,1
5.888178,14.508271,3
6.538963,17.123178,3
6.509387,4.959736,5
5.7653527,13.733075,3
6.769451,16.345045,3
5.064986,14.671981,3
5.537924,14.087638,3
7.77228,13.947413,3
11.025746,1.3087599,4
6.408859,4.9132986,5
9.659089,11.405969,5
5.152882,14.603161,3
18.546684,3.4798198,0
7.3895516,16.318361,3
7.7597055,14.387567,3
9.681189,11.445017,5
6.3983197,14.154632,3
3.3221982,6.1284,1
6.146072,14.022995,3
9.713815,11.5412445,5
6.1201825,14.048033,3
8.094249,16.093433,3
9.593031,11.362989,5
-1.0823705,6.6132226,1
7.224674,13.816491,3
9.621257,11.3979,5
5.459477,14.270968,3
10.00166,6.2535625,5
6.437554,16.127998,3
8.586605,15.768272,3
9.598663,11.372113,5
6.476676,17.233042,3
-0.608472,5.9408236,1
14.94533,11.967889,0
5.732082,13.748377,3
7.0808754,13.910198,3
6.0874715,14.099363,3
4.8878593,-4.4405003,2
7.801083,14.197781,3
5.5897264,14.441919,3
5.645942,14.055131,3
6.11786,13.933938,3
7.712044,14.07619,3
5.1068745,14.644775,3
5.5200973,14.965375,3
9.528442,11.28698,5
13.449147,-0.9042267,4
9.240755,6.85618,5
1.453414,8.538961,1
9.248803,6.8189034,5
17.864885,5.323548,0
5.5711246,14.493066,3
9.676232,11.656477,3
6.4635305,14.081748,3
8.543752,16.622576,3
0.8605893,8.173122,1
5.479537,14.51727,3
9.670227,11.832145,3
5.6724596,14.635733,3
9.660451,11.458102,5
9.64357,11.449836,5
6.097956,14.028706,3
8.257396,16.07071,3
3.4868803,6.2118297,1
3.5420144,5.979875,1
5.6668644,14.447583,3
7.414452,13.46551,3
5.1298723,14.650956,3
6.3883715,7.971969,5
7.279884,13.936836,3
6.254667,7.0742264,5
7.375896,5.439783,5
6.008176,14.710655,3
5.612555,14.865417,3
-1.4982266,6.4948764,1
2.735967,6.0175567,1
7.3341994,13.665937,3
6.394143,14.316247,3
6.8403964,8.507816,5
6.800721,16.317917,3
5.8391414,13.941067,3
9.638909,11.430319,5
7.713391,14.229893,3
16.895487,7.090731,0
13.57401,-0.9744289,4
7.4072847,13.563296,3
6.508157,14.082016,3
11.211422,1.1760912,4
5.180107,14.615262,3
5.122048,14.643489,3
5.3530726,14.669898,3
9.623815,11.975765,3
9.597517,11.361154,5
15.231418,12.551421,0
7.4720798,13.48778,3
6.9600387,4.978918,5
7.9855003,14.053211,3
7.2197647,4.6671505,5
5.1942196,14.630705,3
-1.2349988,6.4513,1
7.4045777,14.278415,3
5.662465,13.878424,3
7.5065618,14.087786,3
1.4451754,10.053729,1
7.2525973,13.739111,3
5.772572,13.843524,3
0.54149354,6.87878,1
0.93022764,10.540792,1
3.1907737,5.697577,1
7.258535,5.5092635,5
8.448975,15.865403,3
5.355579,14.624455,3
7.1885514,5.070571,5
7.031212,16.223394,3
8.825544,7.351693,5
5.7251287,14.463694,3
5.593248,14.364374,3
6.4943185,16.143347,3
1.0725279,9.907297,1
7.4567704,13.520675,3
6.4537144,16.135572,3
15.270452,12.541896,0
8.392568,15.826696,3
-1.0680286,5.7019696,1
6.621864,6.305874,5
9.861485,11.925227,3
5.4652267,15.004609,3
6.0626116,17.567232,3
6.4452434,13.981939,3
7.86083,14.227398,3
6.808425,5.73596,5
7.244352,13.827679,3
7.399242,5.4211183,5
4.799787,0.4877771,2
5.915446,14.456212,3
5.702901,13.88,3
7.6359935,14.383205,3
7.24389,13.853547,3
9.013907,-5.6251082,2
15.5956745,11.912918,0
15.786628,12.118459,0
6.0159044,14.693336,3
9.409965,11.356941,5
2.2633343,7.6240425,1
7.6013846,14.500709,3
9.825753,11.627414,3
6.57531,5.2503276,5
14.488271,5.63395,0
2.5939124,6.8409805,1
6.5402293,17.470276,3
-0.6050326,6.242505,1
-0.69640094,6.120906,1
6.783498,4.994395,5
5.830518,17.681227,3
-1.3613653,6.7943254,1
5.999193,14.311958,3
5.424794,14.734285,3
6.4908276,8.2956505,5
7.554724,14.35763,3
6.0712094,13.944565,3
9.973922,6.179533,5
1.3435076,10.112892,1
6.799578,16.266914,3
6.269859,14.873722,3
7.431059,13.941437,3
6.993709,16.248812,3
2.4094794,7.220491,1
7.3914413,13.752966,3
6.101517,14.013125,3
8.500222,16.622837,3
8.382568,15.754291,3
15.562493,11.9054,0
9.576359,11.380935,5
8.270907,15.9947405,3
5.662605,14.623519,3
5.6926813,14.605271,3
8.344553,15.994462,3
6.266479,17.791454,3
0.5468353,-1.0741708,2
0.31845665,9.77187,1
9.259276,6.81196,5
10.003733,7.2863717,5
5.9029155,13.871432,3
6.613273,5.705436,5
6.7491307,8.377265,5
5.686514,14.415717,3
7.2109284,13.801712,3
15.070914,11.86552,0
10.567188,1.2251328,4
7.332022,16.88588,3
8.278975,15.997282,3
7.447452,13.4612055,3
7.2966857,13.680854,3
7.817175,14.456709,3
6.4203186,14.135168,3
9.742201,11.493026,5
0.8005234,-0.9564844,2
6.6924076,4.752174,5
5.2281313,14.565332,3
-1.3874688,6.307002,1
0.08072171,6.9177027,1
7.044961,8.947656,5
7.4895406,14.133877,3
-1.3446716,6.6690345,1
-1.5386269,5.7075114,1
6.584503,6.9232607,5
9.77739,11.506115,5
7.4804554,16.264101,3
5.8355875,17.583118,3
6.5753517,5.385021,5
6.1135674,14.074645,3
8.312645,16.787792,3
7.431212,13.499158,3
7.1888614,13.817033,3
6.5558753,16.21965,3
6.1328793,13.957654,3
7.417866,13.5573225,3
6.1960893,6.9030404,5
6.0832257,7.004011,5
6.607958,5.7734013,5
7.943032,14.042692,3
-0.31646687,7.0469046,1
6.820369,17.43395,3
5.497892,14.806481,3
7.3619785,13.6617365,3
15.733864,12.155688,0
9.625124,11.4298115,5
7.2918205,4.84519,5
5.6025114,13.785144,3
5.567105,15.049163,3
6.6879063,4.4822545,5
5.534978,14.483262,3
14.4212475,5.8156652,0
7.9092956,16.081032,3
7.1099386,18.12409,3
7.603143,14.156901,3
7.993008,14.008313,3
7.001643,16.258987,3
10.043286,6.0658207,5
16.391647,8.064937,0
7.8611693,14.334652,3
6.302228,7.7753315,5
0.62331676,11.14082,1
6.099082,14.042947,3
6.108581,8.783303,5
7.4729877,14.0504,3
6.4004617,17.154394,3
7.825419,13.953133,3
6.9204526,8.923806,5
5.5926642,14.870344,3
0.4957707,-1.6870649,2
2.2043126,7.3337927,1
7.534578,13.603673,3
5.96636,14.725405,3
7.2451844,13.693996,3
10.190658,11.78793,3
8.854464,16.954927,3
9.66486,11.506806,5
7.857589,14.04844,3
6.2261977,14.68341,3
5.8285556,14.000085,3
7.2430162,8.654442,5
9.884025,11.953558,3
9.188461,6.9777107,5
6.5358267,6.2353473,5
6.1676917,7.2476215,5
6.564623,6.781317,5
15.239066,12.505171,0
-0.93767667,5.637554,1
-1.1446913,5.7129736,1
6.9124117,5.28078,5
5.9345894,14.766513,3
5.638053,14.398239,3
5.7042904,13.829182,3
5.859271,14.539791,3
5.752728,13.74788,3
0.7244846,6.782528,1
7.2165804,8.595979,5
-0.32561746,5.25835,1
5.727295,17.839802,3
7.5507417,13.822994,3
5.4562836,14.257659,3
6.4683814,14.179671,3
8.102367,16.736187,3
6.2822933,16.893438,3
7.4472356,17.57341,3
8.878022,7.2579913,5
5.1506524,14.67859,3
0.5789046,-0.7970808,2
0.6723493,-1.024417,2
7.437389,13.557823,3
7.19868,13.8610525,3
5.4344378,14.725775,3
8.726739,16.90956,3
5.7231293,14.4145155,3
10.255778,7.5909467,5
7.4148273,13.503063,3
5.6326604,14.667098,3
7.5066934,13.507264,3
-0.28936884,-1.2289474,2
15.6334305,12.115022,0
7.122919,4.8209553,5
8.941474,16.898006,3
7.870333,14.350413,3
5.676844,14.609674,3
9.707316,11.429118,5
8.005485,16.054228,3
5.646902,14.403717,3
5.6784053,14.438659,3
9.737109,11.96809,3
7.2835608,13.721658,3
19.435993,4.504995,0
9.716936,11.491396,5
12.493812,-2.3409152,4
-0.4778958,5.141416,1
15.360639,12.47858,0
5.5421357,14.767561,3
5.3164697,14.661726,3
9.612154,11.408382,5
7.432088,13.50275,3
5.4161277,14.245511,3
5.273985,14.53011,3
6.434395,17.0934,3
0.9348699,10.256298,1
-0.044501577,-1.2561641,2
7.107742,5.487164,5
7.338994,5.463309,5
7.0439334,5.0205746,5
5.6966248,13.761321,3
5.9142714,14.490582,3
0.03847812,-0.84067345,2
15.343762,12.491684,0
9.624209,11.400815,5
7.5672364,14.378593,3
-0.8358687,6.064824,1
5.425079,14.956421,3
7.563139,5.275391,5
11.164854,0.8284404,4
6.2701454,8.553071,5
10.099976,11.729067,3
6.4551263,8.448606,5
4.4064646,-4.4349937,2
5.0878754,14.58722,3
7.991065,14.044086,3
5.873336,13.821016,3
5.9133096,14.663143,3
6.988531,5.189387,5
5.9350514,13.917591,3
5.07982,14.640957,3
-0.6320382,5.987813,1
16.356499,8.057146,0
5.6801486,13.837348,3
-0.7881703,6.0823855,1
18.667757,3.2385094,0
5.0993767,14.604035,3
5.6705832,13.706942,3
6.473754,17.223164,3
6.5291934,16.126923,3
5.340758,14.213869,3
5.9822893,7.406976,5
5.083746,14.635294,3
5.5467167,15.011222,3
7.5050173,13.436945,3
9.548919,11.450623,5
5.076346,14.63654,3
6.6000805,16.133331,3
11.05611,1.3120852,4
7.483764,13.464959,3
5.571728,13.909295,3
9.591321,11.366429,5
5.8666306,13.894361,3
3.452976,6.270848,1
7.935671,14.072105,3
7.0960875,4.8873353,5
15.750798,12.092164,0
6.7585125,16.411783,3
5.2919364,14.301843,3
6.119203,13.97717,3
8.294511,16.142046,3
6.4189086,5.0094995,5
5.572877,14.83962,3
9.836532,11.912603,3
7.677096,14.086235,3
6.454754,7.656236,5
2.2343822,7.542471,1
8.605456,17.032051,3
7.0393653,7.317474,5
5.8642325,17.643206,3
5.5820174,14.859239,3
6.480182,17.203749,3
5.928899,13.980392,3
5.911593,14.712951,3
6.531665,16.148539,3
6.3917136,14.152911,3
5.708943,14.460591,3
6.107432,17.888586,3
7.4627185,13.517795,3
18.26698,6.58561,0
6.1424146,13.95649,3
6.6968703,16.332134,3
14.475318,5.828916,0
5.62002,13.770859,3
1.6905683,7.7211657,1
9.704846,11.468277,5
5.7476435,13.7028885,3
6.094137,13.987627,3
0.8219506,7.786144,1
5.777782,13.785152,3
0.05128818,6.639216,1
17.924057,4.148128,0
6.762767,16.335012,3
2.2751637,7.5645943,1
6.7826185,16.328514,3
0.5944417,9.829285,1
7.6977344,14.411873,3
2.2477713,7.4516563,1
9.821987,11.933379,3
6.118858,13.900542,3
5.4524727,14.776162,3
6.892314,8.987361,5
5.847382,14.658146,3
5.911634,13.740786,3
5.1761484,14.720163,3
5.114665,14.648951,3
5.2161827,14.51233,3
7.1826525,13.808695,3
5.6970406,13.753759,3
5.560671,15.112641,3
5.169755,14.689617,3
7.8500485,13.979513,3
7.648003,14.496318,3
7.9262013,14.020249,3
7.1056833,7.267323,5
7.415836,13.519341,3
9.671478,11.991371,3
9.61781,11.950975,3
5.6181326,13.785919,3
9.73234,11.985225,3
9.623971,7.627634,5
11.047503,0.9205564,4
9.555115,11.3104315,5
15.737457,12.097244,0
13.750053,-1.2718624,4
5.0831647,14.581794,3
7.452079,13.472519,3
5.4380865,14.271924,3
6.496093,17.15682,3
6.2066045,14.300082,3
6.80079,16.297693,3
6.514408,17.241528,3
7.979624,14.012863,3
6.6980886,8.702215,5
5.721256,13.746087,3
6.4253974,4.8497066,5
5.2008057,14.520044,3
7.8809547,14.232447,3
7.5132136,13.495871,3
5.3160486,14.346065,3
7.61816,14.1199,3
5.1049695,14.532632,3
6.596643,16.19622,3
5.8345203,13.833464,3
5.4178877,14.65892,3
5.092163,14.538642,3
-0.29684147,7.153726,1
6.6374145,17.383852,3
9.6772995,11.455254,5
7.665576,17.393541,3
5.5485973,14.126167,3
5.492918,14.293206,3
7.748841,13.761744,3
5.593518,14.097236,3
0.79389715,10.081169,1
18.866936,2.8239021,0
7.273052,5.6761417,5
5.767733,13.795326,3
16.10798,6.280157,0
7.292593,13.95001,3
6.4410167,14.159481,3
15.481194,12.390468,0
5.2678947,14.515923,3
4.9054675,0.5858579,2
7.429657,13.740581,3
5.665947,13.778835,3
5.3043528,14.707133,3
2.2429142,7.495203,1
5.736507,13.717365,3
5.542627,14.862453,3
6.7268286,5.2011433,5
-0.035626832,6.7516804,1
4.1804214,-3.4856784,2
5.500901,14.824978,3
5.4258285,15.063753,3
7.2774043,13.927874,3
8.869284,7.2960796,5
9.32097,6.853364,5
5.206835,14.569091,3
10.073693,11.670168,3
8.201735,-1.3240479,4
6.479667,17.161768,3
6.57805,8.869164,5
5.5244904,14.875879,3
5.975795,17.487947,3
7.421365,14.234034,3
7.210964,4.9954443,5
5.8829403,13.924516,3
-0.8394163,5.6133766,1
10.66239,1.0825872,4
5.637875,14.836647,3
1.6908581,7.727003,1
6.470737,17.280304,3
-1.7561998,5.564731,1
6.5366154,16.113655,3
5.1738477,14.630149,3
5.452327,15.010273,3
8.523933,15.837139,3
6.084864,14.053445,3
5.544913,14.943511,3
7.6322603,14.590935,3
7.8475223,14.199159,3
7.0532084,8.409792,5
7.9752126,14.055418,3
5.599295,14.371681,3
7.4779725,14.10425,3
9.631131,11.391025,5
6.4275885,14.160027,3
8.790673,16.91145,3
8.539696,15.866012,3
7.7422976,14.247607,3
8.528146,16.761269,3
-1.0040342,5.982038,1
7.311174,13.676499,3
7.7100563,14.352603,3
8.443314,16.64412,3
6.9679437,5.151367,5
-0.17258632,7.2223883,1
1.2439133,10.468349,1
9.815554,11.479329,5
-1.5828326,6.418465,1
6.9859915,16.164093,3
7.9730277,14.081161,3
7.6034126,14.397757,3
5.8214254,13.823495,3
5.34846,14.7119665,3
7.1587358,13.910069,3
-1.8512228,6.5529757,1
6.3255353,16.887918,3
6.7221556,5.704369,5
7.423526,13.565966,3
7.1951585,8.602231,5
9.609414,11.382889,5
8.109552,-1.302181,4
5.1998897,14.625597,3
5.3582964,14.672289,3
9.553984,7.7209315,5
-0.27581552,5.851601,1
7.4786987,13.518087,3
6.1712027,14.630767,3
16.536575,7.353514,0
17.06206,7.1744394,0
7.2105966,13.881526,3
0.6002419,-0.96350354,2
0.68056625,-2.2013545,2
9.566957,7.5819287,5
6.063173,14.774186,3
7.1159143,8.838214,5
-1.2088625,6.15492,1
-0.7535981,5.6594753,1
5.098449,14.545693,3
9.702491,11.891754,3
8.724386,16.784454,3
0.7071463,10.238582,1
5.625944,14.415836,3
5.612204,14.920714,3
7.7898116,14.376396,3
11.955839,-1.5374081,4
-1.2780083,5.469761,1
5.852182,13.895226,3
7.7849255,14.2461405,3
-0.31240258,-1.2290155,2
7.3991046,13.727656,3
9.565316,11.330378,5
6.5937943,16.005285,3
6.9765534,5.342652,5
3.1592484,5.920723,1
6.282282,7.815193,5
6.363234,6.1832166,5
-0.42168602,5.8853493,1
1.3380655,7.9138165,1
-1.1587857,6.6727123,1
5.4584093,15.10141,3
8.520546,15.938651,3
8.380867,16.728235,3
5.7827125,14.463748,3
6.3341537,7.8160543,5
7.932002,13.990589,3
5.473185,14.232916,3
18.951399,4.9830585,0
6.614341,7.4047403,5
17.729258,3.1012497,0
7.4345684,5.792684,5
8.308135,15.966804,3
6.3520527,7.822367,5
6.3625364,6.215905,5
9.727011,6.3304257,5
16.49631,7.348595,0
6.3444514,7.813618,5
5.484972,15.056009,3
8.229191,16.107668,3
7.5474515,13.478378,3
5.0774612,14.632269,3
6.5274386,14.027541,3
6.4086175,14.14856,3
-0.7504954,5.993095,1
16.968794,7.1601105,0
6.2470675,6.977682,5
1.3076531,8.894532,1
7.9369507,14.013784,3
5.9803476,14.656177,3
7.4989533,13.510956,3
15.781228,12.113252,0
0.9516437,9.19854,1
6.7365594,5.888461,5
1.0883564,9.439453,1
0.0495103,6.706987,1
9.908403,11.869131,3
1.7654556,7.703192,1
6.474932,17.152864,3
7.6519475,17.430254,3
11.037585,1.2129511,4
6.618719,4.9891634,5
9.972199,7.216069,5
8.073782,-1.3899084,4
0.022696087,6.8855863,1
2.491464,-5.819951,2
9.724512,6.318379,5
15.794845,6.215022,0
3.526695,6.0791016,1
5.813208,13.736878,3
5.147574,14.729799,3
5.8592186,13.790677,3
7.5278144,13.483481,3
9.613392,11.409809,5
-1.1374393,6.63565,1
9.548487,7.635009,5
9.59845,11.431453,5
7.4768753,13.446607,3
5.4885154,15.024376,3
-0.62139374,6.1422024,1
18.280222,6.7740645,0
6.4915304,5.658258,5
6.4639387,7.839313,5
5.49703,14.298154,3
9.597161,11.385958,5
6.441594,7.833901,5
5.805572,13.729077,3
7.696613,14.148771,3
5.6924953,13.768588,3
7.819101,14.1977415,3
7.1218834,7.262284,5
6.9947433,7.401848,5
5.0993004,14.620566,3
-0.58665305,6.0431967,1
7.0395365,8.726265,5
5.9227767,14.491097,3
7.285286,13.803891,3
9.702261,11.891387,3
-0.17710045,7.142797,1
0.92986643,9.230451,1
7.2097363,13.802209,3
7.353636,13.723292,3
5.5842214,14.359961,3
10.658679,1.2007098,4
5.797525,14.405715,3
5.7873197,14.002001,3
7.4361835,13.5152,3
7.4683194,17.70709,3
6.6417727,17.39407,3
7.292433,13.643942,3
15.692189,12.1587305,0
9.591686,11.38387,5
7.4152136,13.486285,3
0.89314455,6.675203,1
7.1890283,13.817095,3
9.54206,7.6781073,5
9.961695,6.2037215,5
5.524343,14.342426,3
7.411464,13.594826,3
7.1522074,17.419493,3
7.7642093,14.372878,3
6.2417026,7.9651313,5
6.041698,-0.19519751,2
-0.23011224,7.139441,1
3.5944998,6.0369525,1
5.4975257,14.598949,3
1.0530332,10.354103,1
6.562945,16.09049,3
-1.461516,6.0504527,1
5.5058217,14.943122,3
7.056502,5.210772,5
14.935701,11.94112,0
5.521329,14.026499,3
9.467644,11.376788,5
7.9999757,14.038588,3
5.5725555,14.368783,3
7.5336056,5.588687,5
2.7305248,-5.236189,2
6.3046756,7.7497306,5
6.8588004,17.048334,3
5.546033,14.87078,3
6.46736,14.052715,3
8.470814,16.667582,3
9.658053,11.4671545,5
6.5379467,16.05833,3
5.9021688,14.410778,3
7.435691,13.454128,3
6.8394895,8.247117,5
7.4138103,13.467988,3
6.989669,16.3872,3
1.0092456,9.853503,1
7.635211,14.175157,3
7.7247214,14.339618,3
5.1285524,14.611344,3
0.86057884,6.80568,1
6.9840555,5.055675,5
7.150365,7.28884,5
6.478007,16.092741,3
15.508825,11.917669,0
7.317273,13.967656,3
6.669574,16.392542,3
7.1288333,7.291266,5
5.3621616,14.681001,3
15.652077,6.1535335,0
17.860102,5.3592453,0
6.2070003,7.8317857,5
6.315575,7.7171135,5
2.5853534,6.721332,1
15.702535,12.113805,0
7.4453096,16.081966,3
7.956716,14.0936575,3
5.475778,14.858067,3
7.775436,14.29288,3
15.647555,12.165459,0
-1.7384615,5.4793153,1
6.6272573,5.9168005,5
6.6566625,8.692159,5
5.936825,7.4865823,5
5.9214573,13.865202,3
6.1482544,6.937044,5
0.88870496,9.206764,1
0.8207622,7.597483,1
5.6807375,14.394447,3
6.2814245,7.8100653,5
8.305581,15.950998,3
7.322392,13.755157,3
7.339066,13.655974,3
7.009659,16.300446,3
5.9341235,14.515148,3
7.4727287,13.4933815,3
7.0785546,8.55522,5
7.4434986,13.513506,3
8.909057,16.94668,3
8.832681,7.341355,5
7.225646,5.447984,5
7.0746036,8.180863,5
5.5727363,14.027279,3
2.153877,7.3311143,1
5.631814,14.40871,3
6.484761,8.514406,5
5.478945,14.8317375,3
13.872464,-1.6238017,4
5.6295476,14.828694,3
5.505019,14.373602,3
5.8457556,17.558746,3
14.898792,11.952856,0
7.9592004,14.114283,3
8.008574,14.06288,3
5.7430787,13.785307,3
5.056855,14.556451,3
8.296369,15.963318,3
7.81181,14.231631,3
6.940582,5.250896,5
0.15175147,-1.3159648,2
9.69286,11.474453,5
10.091213,6.0986447,5
8.143422,-1.3375905,4
6.307746,7.805634,5
8.071544,16.03243,3
7.2635403,13.868194,3
6.4498215,9.121662,5
10.0835905,11.804,3
7.793078,14.202684,3
8.545974,16.714985,3
2.7148194,6.825656,1
1.02626,9.722347,1
7.2142363,13.920169,3
7.1811013,5.23808,5
10.171044,11.728617,3
7.9678683,14.036878,3
5.692723,14.440042,3
9.6599045,11.52759,5
8.146801,-1.4002181,4
6.3229775,7.6498213,5
9.718373,6.334283,5
5.5591755,15.066479,3
7.4844184,13.48852,3
5.2266707,14.587821,3
7.694474,14.385309,3
1.7392967,-5.4769597,2
7.488503,13.40511,3
17.798231,5.332123,0
10.226508,0.48987567,4
6.506347,8.327735,5
5.046899,14.659595,3
6.527637,8.3550825,5
5.528823,14.063566,3
9.593625,11.378707,5
10.960801,1.4078317,4
17.040201,7.685468,0
7.1273975,8.32544,5
5.506203,14.97174,3
6.3995905,13.999506,3
2.6235948,6.793679,1
7.3873916,5.4750547,5
6.3705015,7.8124566,5
15.190924,11.757464,0
6.9638724,8.970653,5
6.400088,8.460075,5
8.278105,16.098192,3
9.973324,7.175187,5
10.56834,1.3784274,4
7.2043386,13.885226,3
7.6936007,13.677032,3
14.979476,11.8977785,0
10.014666,6.143838,5
0.64891976,-2.1994078,2
5.1367245,14.581531,3
6.403546,7.8342533,5
6.3216996,17.70213,3
8.906084,7.2921834,5
15.2596855,12.543709,0
9.651038,11.896188,3
9.824432,11.513643,5
7.359948,13.554237,3
8.828253,7.4156284,5
5.973253,14.056477,3
7.157843,13.859099,3
5.4276776,14.263698,3
-7.49192,5.2537293,1
5.9171395,14.746584,3
9.6981735,11.635193,3
9.708814,11.45479,5
7.2658873,13.714732,3
7.6041303,14.446996,3
7.173663,8.340299,5
6.98274,8.625363,5
1.088708,10.739112,1
-0.30371925,5.713798,1
9.718208,11.46055,5
5.9449124,7.3828325,5
9.798304,11.438736,5
7.2061214,8.93582,5
7.623382,14.1325245,3
6.577039,17.174671,3
6.801529,7.4930615,5
7.5894446,14.541758,3
6.0548105,13.964708,3
7.844338,14.215104,3
7.8210917,14.213473,3
5.706259,14.575964,3
6.803919,7.419927,5
6.625636,7.6319175,5
6.335511,7.840301,5
6.2036114,7.8090777,5
-0.18628184,7.101235,1
6.6869884,5.996153,5
5.580673,14.327145,3
7.5116177,13.575618,3
5.842963,13.832593,3
6.4048834,14.193876,3
7.9254427,13.981798,3
9.616829,6.7971315,5
7.6072307,14.577332,3
6.602346,4.5061235,5
7.7785788,14.040845,3
6.63726,5.0704103,5
7.669577,14.408148,3
9.65916,11.452782,5
9.973903,6.548404,5
6.099821,13.981002,3
8.47368,15.794819,3
5.6404943,14.916757,3
5.586304,14.388573,3
7.967406,14.030691,3
5.4805813,14.2405615,3
9.975046,7.2166324,5
7.9351,14.120482,3
8.367802,16.708187,3
7.2067275,13.785388,3
7.4315634,13.500475,3
9.564419,11.316784,5
7.8548613,14.157959,3
6.731216,8.918887,5
6.6572256,16.30639,3
7.7069907,13.761788,3
6.5537105,14.140918,3
5.6691556,13.7932415,3
7.944059,13.983927,3
5.643814,14.328138,3
6.181925,14.039178,3
-7.0885983,5.9208245,1
5.770066,13.750853,3
7.9523644,13.987668,3
15.192822,11.8013735,0
6.611991,5.280655,5
9.535829,7.5813813,5
9.571712,11.331979,5
7.6639013,14.22385,3
7.216672,8.401164,5
6.7541223,8.612469,5
5.538378,14.360852,3
6.260306,8.748468,5
9.597068,11.367367,5
7.719837,14.494002,3
7.1297746,7.2468286,5
6.884625,5.250451,5
15.2923975,5.627148,0
9.010133,7.490786,5
5.833967,17.951708,3
0.28929597,6.8818603,1
7.8089952,14.218166,3
17.847414,3.0633404,0
5.709795,14.808574,3
7.163483,13.989968,3
7.5112586,13.476047,3
7.4517365,16.236244,3
5.15753,14.59193,3
5.3142266,14.732248,3
7.9038033,14.041208,3
5.6703243,14.43007,3
5.531619,14.301722,3
3.064985,-4.7069373,2
5.166455,14.543278,3
5.6659875,15.292962,3
5.5464964,14.286463,3
7.8097353,14.281766,3
5.1965113,14.513831,3
6.659454,8.669895,5
7.322384,5.446225,5
7.9846087,14.017368,3
14.916457,11.934998,0
7.991689,14.034712,3
6.11652,14.003627,3
6.1080384,14.00675,3
5.2394843,14.484459,3
-1.5275968,5.9639196,1
7.82904,13.875552,3
-0.6744068,6.1163154,1
6.0083365,14.083436,3
2.520285,-5.291565,2
7.433286,8.294118,5
18.686914,5.331101,0
15.9664955,7.16161,0
5.7533526,13.734029,3
5.0190215,14.549938,3
6.4599776,14.127587,3
7.623613,5.6153092,5
6.27263,13.863757,3
5.3022256,14.729139,3
-1.5841631,6.597769,1
15.242923,12.510243,0
15.362342,5.7446613,0
8.948113,-5.5515122,2
5.3980803,14.739411,3
5.176082,14.744647,3
5.3257785,14.718948,3
5.981168,14.590631,3
0.9312676,8.083858,1
5.693347,14.660414,3
6.471818,14.171001,3
-0.03772544,10.090514,1
1.901799,9.454688,1
7.3792186,13.727898,3
5.5168204,14.305643,3
5.4711847,14.975629,3
6.159769,17.338526,3
15.715609,12.067611,0
7.722117,14.227562,3
8.01277,14.064967,3
1.8286289,-5.6317687,2
9.99305,6.1481237,5
-0.056681346,6.876466,1
8.1560545,-1.4079043,4
8.508355,15.759569,3
0.6323472,6.8182306,1
7.6750245,14.444866,3
9.972978,6.3207974,5
7.2063637,8.625821,5
7.8755484,14.472699,3
8.010381,14.039551,3
8.105793,-1.2969522,4
7.9910593,14.03251,3
1.0032771,10.0298815,1
7.426593,13.471085,3
5.5997534,14.354527,3
5.780763,13.806513,3
10.025297,6.3819203,5
0.49641785,-0.27769944,2
8.153661,-1.4153696,4
8.113863,-1.3172659,4
8.06867,16.725962,3
5.313759,14.349143,3
7.703251,14.39635,3
9.820368,11.922121,3
5.7144604,13.73832,3
7.1381893,5.4552717,5
11.284102,0.69703764,4
7.014946,16.187363,3
-0.6456204,6.1538925,1
6.5728025,17.145443,3
7.1069593,13.968098,3
7.7000933,16.944729,3
7.1902523,13.917414,3
7.2445,13.79762,3
10.95144,1.3002862,4
6.294136,7.8131804,5
-0.2045882,7.196901,1
7.710304,14.380888,3
5.4299583,14.308622,3
7.729688,14.337698,3
14.914949,11.952695,0
9.538618,7.7430663,5
-0.11667914,7.081447,1
6.3023767,7.926474,5
6.6375256,5.939047,5
8.334204,16.663586,3
5.8603277,17.745102,3
5.918134,14.096593,3
5.4384556,14.166744,3
6.1565094,14.04267,3
15.240186,11.653338,0
10.069089,7.3591523,5
7.6413174,14.539363,3
15.235831,12.587013,0
5.7294474,13.78443,3
7.8064027,14.228434,3
5.2707705,14.439254,3
7.07419,7.3417654,5
15.262289,11.658009,0
6.799154,5.3011756,5
0.7768084,9.239612,1
-7.224503,4.8996444,1
6.307103,7.8400164,5
6.0140343,14.736136,3
7.980096,14.085576,3
6.4177613,17.19666,3
5.2689714,14.4831505,3
7.4262657,14.211399,3
-1.5229753,5.534555,1
-1.024512,5.909862,1
0.7839646,7.893138,1
5.1668787,14.632429,3
5.6942067,13.830418,3
7.342912,8.204597,5
6.779496,17.509056,3
5.919575,14.459752,3
6.6256227,8.678896,5
4.414552,-3.8547509,2
8.452353,15.917294,3
7.34603,13.792095,3
7.4595757,13.489748,3
6.3324313,17.66187,3
5.456225,14.390404,3
9.849821,11.896155,3
5.7053885,13.790519,3
-0.09810516,10.276996,1
0.76053476,6.7357016,1
2.0208013,-5.5065737,2
5.6769457,13.836189,3
9.987254,11.885544,3
6.3870587,17.032818,3
7.2065997,13.91865,3
9.988023,7.348961,5
9.598631,11.413742,5
3.1653554,-4.637147,2
6.0586653,13.884314,3
7.6412034,14.187758,3
9.596661,11.387979,5
6.7009196,13.720633,3
5.974044,14.101342,3
7.770363,5.586694,5
7.91087,16.079863,3
7.358332,16.231615,3
15.245232,11.644668,0
15.2847595,11.994883,0
5.7154384,13.814608,3
9.694758,11.483379,5
2.8214273,6.838096,1
7.417228,13.524901,3
9.589191,11.349553,5
-1.5957189,6.2009516,1
7.7056837,14.173785,3
7.1975026,13.968334,3
7.7350616,14.133443,3
7.8210707,14.232795,3
9.253143,6.886077,5
7.5343885,5.4457536,5
6.6899657,5.8858685,5
0.9753675,9.228965,1
6.1281667,14.00209,3
-0.39685342,5.278566,1
6.022253,14.067564,3
5.860107,13.886116,3
7.7427735,14.159907,3
6.315657,8.675243,5
4.469984,-3.6831052,2
7.256956,13.69568,3
5.558031,15.096887,3
16.93207,7.130621,0
3.1386404,5.683172,1
7.458435,13.570929,3
9.563817,6.867163,5
8.702138,16.980032,3
6.3126936,17.293749,3
8.904792,16.884174,3
5.6163626,13.8281,3
7.609729,14.418289,3
7.660537,14.290982,3
7.6127877,14.133977,3
5.957625,13.985805,3
9.702185,11.875414,3
8.304921,15.962399,3
7.6215644,14.318079,3
6.8068457,8.913057,5
8.522424,16.611467,3
6.7157407,4.6363955,5
0.8325108,10.684754,1
15.720018,12.138184,0
5.2099037,14.50663,3
5.834718,17.698328,3
5.3871098,14.320992,3
7.1668563,14.20682,3
5.4089127,15.18111,3
-1.4562044,6.3789926,1
0.47647938,-1.0321519,2
5.527084,14.031718,3
9.734442,11.508255,5
15.161672,11.723345,0
5.503095,14.378647,3
0.53202784,-1.0895997,2
5.2548466,14.47132,3
6.466177,16.156641,3
5.478578,14.161717,3
5.7145157,13.742842,3
5.503713,14.470157,3
9.603585,11.41029,5
-0.7533766,6.0672746,1
7.2227025,13.7524805,3
5.0519505,14.60972,3
1.7594011,7.758169,1
5.094763,14.588424,3
6.087632,13.9483385,3
5.4488444,14.996774,3
6.4684362,17.23286,3
9.620821,11.417786,5
7.5184116,13.423682,3
7.2964005,13.668732,3
7.4945436,13.452481,3
5.9617124,13.920165,3
5.3084674,14.283763,3
9.6440525,11.4287815,5
7.613888,14.449499,3
5.4520283,14.639663,3
5.4524684,15.044591,3
6.3302655,6.871436,5
5.061819,14.720481,3
5.962364,7.397113,5
14.707361,7.15423,0
-0.28000864,-1.1877316,2
6.994669,16.240553,3
5.8750715,13.883925,3
6.486391,17.114193,3
6.0916085,13.94199,3
5.3943334,14.678151,3
6.7262006,16.425566,3
7.513465,13.4943285,3
5.195899,14.661404,3
6.0184546,13.802524,3
8.286304,16.134157,3
7.60978,14.463706,3
7.9082603,14.125286,3
10.197728,7.3364325,5
6.903927,16.218016,3
6.3985047,14.219148,3
-1.3425671,6.8033133,1
7.181821,13.843369,3
7.5755143,14.478538,3
0.915564,10.5264845,1
9.3362055,6.7614665,5
7.7168856,17.379412,3
1.4679242,10.36669,1
7.393702,5.6932826,5
6.609805,4.8796883,5
8.3199005,15.888098,3
6.570305,5.084783,5
7.364534,5.6536636,5
5.7520833,13.745783,3
3.1675854,5.742944,1
6.6952815,5.948669,5
5.037526,14.631732,3
-1.0917239,5.917073,1
5.394394,14.208879,3
7.4549804,13.52338,3
7.9545436,13.98234,3
5.5906706,14.883522,3
5.7985,14.529742,3
6.05232,13.926754,3
5.3758206,14.75588,3
15.160976,11.743683,0
14.092753,-1.392272,4
7.4739194,14.066539,3
7.8481956,14.29878,3
1.2661302,8.834352,1
1.222457,8.868417,1
6.6227956,16.269514,3
1.755981,-5.468076,2
7.396361,8.296319,5
16.474424,5.406052,0
5.5183063,14.8539915,3
9.708525,11.462783,5
5.748591,13.811886,3
5.703337,14.472909,3
2.2788815,7.5561395,1
9.6334915,11.928002,3
5.6633024,14.154842,3
5.6677027,14.56912,3
6.5226603,17.132862,3
2.862856,-6.2615,2
8.126944,-1.3468382,4
-0.11900053,7.2075715,1
5.7422566,13.930838,3
7.438124,8.29293,5
7.787206,13.935963,3
3.7540724,-3.4719906,2
1.051643,10.293631,1
6.2981167,13.91509,3
5.118165,14.598995,3
15.004206,11.8993635,0
7.292512,13.691238,3
7.7311726,13.842282,3
5.9542537,14.675254,3
0.90889347,11.172275,1
7.6447225,14.494219,3
9.566606,11.360957,5
15.158835,11.641449,0
7.8894386,14.03333,3
9.535073,7.6472816,5
7.61027,14.527187,3
6.6585217,4.668481,5
9.65421,11.444173,5
5.553864,15.034653,3
5.1116667,14.697721,3
7.1564975,8.218763,5
6.2249637,7.887382,5
9.616612,11.487925,5
5.5786467,14.319524,3
5.1321616,14.573912,3
7.918466,14.035855,3
5.7058463,13.735293,3
7.4472327,13.490932,3
5.932451,13.714439,3
14.908556,11.912329,0
-1.3020414,6.396193,1
6.4464746,17.085754,3
8.725284,17.031818,3
5.707606,13.723905,3
6.4550996,17.25033,3
7.6795344,14.484491,3
9.629468,11.391027,5
5.882827,18.134129,3
6.459891,17.198812,3
6.4679008,17.235466,3
7.6315575,14.1578,3
5.2007,14.498064,3
7.150578,13.8682575,3
5.7675457,13.753123,3
-0.80706656,6.2545567,1
7.166042,7.268822,5
3.8640783,-4.1241446,2
5.0948005,14.579922,3
6.6528344,5.907725,5
7.8733635,13.953289,3
6.689053,5.0800166,5
5.103603,14.581038,3
7.557298,14.088102,3
8.094925,-1.2911097,4
9.676479,11.641424,3
0.92506003,10.613094,1
6.7301636,17.487324,3
6.636795,5.7692614,5
10.047071,7.3099732,5
6.1327786,14.740592,3
6.655049,9.0733795,5
7.68989,17.392487,3
5.1167374,14.59925,3
0.41049007,10.206632,1
6.8514223,16.341564,3
7.6300354,14.571726,3
6.294315,7.93108,5
5.6408815,13.746738,3
6.4734745,14.045426,3
7.58246,14.474433,3
6.3854046,8.371007,5
6.28796,7.896455,5
5.1505537,14.533048,3
-0.28424057,7.133063,1
10.143226,7.5218477,5
5.968652,17.735136,3
7.9495535,16.820372,3
6.9622498,16.336212,3
7.9474607,14.068698,3
6.5455604,17.400385,3
7.8206687,14.327443,3
7.303003,13.685673,3
7.9816756,13.967047,3
7.432304,13.763859,3
6.2700315,7.82378,5
-0.27063003,7.0692983,1
-1.156109,5.5392013,1
3.366815,6.1579633,1
7.1215286,13.935577,3
5.8256483,13.97246,3
7.9081774,14.075447,3
7.796844,14.205643,3
10.190683,11.651129,3
6.241379,7.931883,5
6.214942,7.85254,5
6.229127,7.8548493,5
6.290912,7.745421,5
6.4421268,7.550171,5
6.339864,7.795523,5
16.299093,6.378057,0
16.473352,7.3939,0
7.674388,5.4123116,5
6.2529225,7.2907033,5
17.089167,7.1467314,0
6.282725,7.7717867,5
-0.2170571,7.1309814,1
2.728199,-5.49511,2
18.228407,6.3450356,0
6.2854824,7.7598143,5
6.5909843,7.801882,5
6.255534,7.330818,5
8.14202,-1.3740044,4
6.638056,5.9371457,5
-7.214875,4.897379,1
2.840239,-4.973196,2
1.2425119,9.754453,1
6.2045264,14.02811,3
4.744994,-4.823777,2
5.6888466,14.38037,3
15.260735,11.649864,0
5.704625,14.4775305,3
5.8767066,13.9262905,3
16.556213,7.3687186,0
5.630738,14.452697,3
6.2544413,7.9288716,5
5.942551,14.026147,3
11.01206,1.314601,4
5.261812,14.658691,3
8.542134,15.847871,3
5.708191,13.85674,3
5.532735,14.980541,3
5.912919,13.886672,3
6.51921,16.104858,3
7.5698094,14.47305,3
3.1519594,-5.8150268,2
6.484713,4.879095,5
8.359173,16.730026,3
5.095184,14.741283,3
3.5778883,6.156178,1
7.3753815,8.320562,5
5.7604403,14.445276,3
9.590342,11.372541,5
5.755137,13.738543,3
9.60101,11.343444,5
-0.83059794,6.2884746,1
-1.2807889,5.891372,1
5.4267783,15.088126,3
2.719857,-5.4325995,2
16.360464,8.070715,0
8.272057,16.047132,3
5.4651203,14.202724,3
7.110433,7.2688303,5
9.675251,11.511738,5
9.773386,11.940001,3
8.138679,-1.2952344,4
2.835954,-6.2669935,2
16.993967,7.14024,0
7.61002,14.420307,3
7.4810596,14.132131,3
11.219901,0.8154486,4
6.8549724,17.148853,3
7.531918,13.542025,3
5.424641,14.675717,3
9.772778,11.500865,5
5.9469023,13.905123,3
7.1819067,13.828956,3
6.586067,17.545275,3
7.260567,13.865977,3
6.4703164,8.20679,5
7.119406,7.2380495,5
7.116322,8.286743,5
7.555854,13.382976,3
7.943579,14.106977,3
7.688206,14.416216,3
5.907714,13.819413,3
7.4295073,14.066612,3
2.34351,7.559459,1
8.2951975,15.948132,3
5.7610393,13.72604,3
0.09621711,-1.161827,2
8.270231,16.060598,3
7.97191,14.038081,3
-0.99061185,6.49232,1
5.4918,14.26737,3
9.669541,11.421448,5
5.0964174,14.7683735,3
6.4663634,17.244879,3
9.872922,11.843442,3
2.7512465,6.779677,1
15.578801,6.2440343,0
8.136768,-1.3233273,4
6.482969,7.661713,5
-1.6081789,5.7502885,1
8.331859,15.957735,3
1.2858248,7.887201,1
5.5775557,14.383936,3
6.5094337,16.14333,3
7.119498,7.249264,5
5.4623137,15.07993,3
7.98565,16.809185,3
-0.18146406,7.1200576,1
5.1115055,14.616515,3
-0.15114212,5.625759,1
5.8166666,14.760878,3
7.828557,14.247839,3
6.8455696,17.091883,3
8.115278,-1.3130608,4
15.762961,12.143225,0
9.610939,11.366138,5
8.064536,16.708784,3
6.6099277,17.094719,3
5.757095,13.840846,3
15.213382,11.861016,0
-0.21032296,7.1405606,1
-1.368611,6.449863,1
6.630914,9.27861,5
1.4881938,9.2937975,1
8.306216,16.06584,3
9.812304,11.5190935,5
6.757906,6.863446,5
7.2252398,13.796947,3
1.0792956,10.232723,1
6.2913165,7.800941,5
5.5497875,14.921501,3
5.752715,13.70552,3
6.573583,16.186638,3
10.72333,1.5818439,4
18.675688,2.8226678,0
6.33392,7.770363,5
10.068931,6.251815,5
3.4199836,5.9516807,1
5.6206946,14.369505,3
8.250824,15.996534,3
6.4661975,17.119541,3
6.6891828,16.255684,3
5.74524,17.610294,3
6.558839,14.000102,3
6.1267214,14.050562,3
5.1041913,14.534753,3
7.28613,13.863712,3
7.201095,8.321373,5
2.2409174,7.4335203,1
5.7680044,13.778625,3
6.352949,7.8277764,5
7.7606034,13.926699,3
9.591678,11.38984,5
6.4576693,5.485879,5
6.7312026,4.7033525,5
-0.25263387,7.178217,1
1.6376975,7.6960692,1
0.63480663,9.990638,1
5.761294,13.72746,3
15.123177,12.465257,0
9.62935,11.46905,5
6.5814333,5.0107784,5
5.101777,14.608292,3
6.505524,8.351277,5
0.46918803,-0.45052898,2
5.798085,13.731266,3
5.840893,14.424347,3
1.126681,10.709637,1
15.160449,11.732906,0
8.472526,16.693695,3
5.4661474,14.248963,3
5.4170356,14.189934,3
-0.085380964,7.1588326,1
5.0656776,14.63242,3
7.4122686,14.110631,3
5.9282646,14.688605,3
9.597533,11.380121,5
7.521999,13.474507,3
7.653912,14.66694,3
7.1932783,8.876794,5
8.972255,7.0191355,5
9.25551,6.849618,5
0.79265374,10.642451,1
5.108767,14.561765,3
7.2981143,14.038979,3
5.829481,17.707638,3
7.695217,14.3251705,3
7.4799805,13.46041,3
-0.3369193,7.135501,1
6.2990522,7.8753853,5
6.3859076,7.7526975,5
5.1552305,14.609987,3
1.2383398,10.162639,1
9.554868,11.34704,5
5.7032995,14.399497,3
6.691138,16.479555,3
8.152268,-1.3291471,4
5.4239597,14.975701,3
7.46629,13.465887,3
8.126262,-1.3505428,4
5.8040953,14.428872,3
6.6893125,5.4493613,5
9.5896225,11.35578,5
7.7636,13.930309,3
7.1274276,7.2659836,5
5.5650916,14.029844,3
0.79723996,10.069264,1
5.4275327,15.043339,3
9.689718,11.437731,5
15.712253,12.092664,0
5.6442213,13.894867,3
9.900862,7.2262473,5
6.213375,14.008023,3
8.788633,-5.8671336,2
9.650052,11.471779,5
7.1613827,8.29462,5
7.4337463,13.473073,3
7.3789763,4.888047,5
6.6295514,7.3821006,5
6.296023,7.807459,5
9.586489,11.342516,5
6.166008,6.8727717,5
0.48212028,10.617485,1
5.674854,13.7874975,3
6.136559,14.000598,3
10.061162,7.350479,5
5.8888373,14.482573,3
9.233079,6.831785,5
5.5603495,14.370477,3
5.5296345,14.857191,3
19.414476,4.707652,0
7.441647,8.293145,5
6.8502827,17.073528,3
6.257885,14.33302,3
7.504912,13.442589,3
5.495386,14.566685,3
16.480768,5.3064866,0
7.1609397,7.307402,5
6.8423095,8.244056,5
3.5402894,6.0198493,1
5.920574,13.960423,3
7.247777,13.867997,3
6.855146,16.286312,3
7.415566,16.075363,3
2.30734,7.550011,1
6.444583,14.071475,3
8.124447,-1.3691057,4
8.111019,-1.373876,4
0.89511484,9.284105,1
8.440744,-5.5870357,2
2.4434476,6.472733,1
6.342259,6.1805778,5
6.292991,7.8169384,5
6.608939,5.9415374,5
6.4205894,6.133802,5
6.2766013,7.8045187,5
7.3369174,8.294114,5
6.448786,14.070486,3
8.463124,16.651993,3
-1.1934527,6.1710553,1
5.4467506,15.006455,3
0.62125653,10.592414,1
16.243172,6.4258695,0
5.6559153,14.432088,3
8.224128,15.873471,3
5.209227,14.631379,3
5.204916,14.630723,3
0.60527843,6.902721,1
6.4066896,14.168221,3
15.192348,12.507426,0
6.795058,5.3551755,5
6.6683354,5.3446093,5
5.833784,17.986101,3
5.170912,14.739164,3
0.5667174,10.803649,1
6.979922,15.984718,3
6.8569827,8.8944,5
7.406763,13.518521,3
6.2293434,14.023446,3
7.6758194,14.42431,3
15.22224,11.597763,0
13.476376,-0.70009714,4
7.3308363,13.643403,3
5.72294,13.800861,3
7.634375,14.122632,3
6.947925,7.237485,5
7.6786633,14.419835,3
15.634122,12.108678,0
-0.64142936,6.179195,1
9.529109,11.306075,5
6.2267175,13.995749,3
6.8628,5.1741095,5
3.8176749,-2.9464104,2
7.463268,13.570234,3
0.55986017,11.062713,1
7.810558,14.386377,3
7.0239425,16.45886,3
6.169603,13.962178,3
8.285532,15.909399,3
7.6708407,14.410707,3
6.231138,14.097758,3
15.690933,12.056898,0
4.139855,-3.918324,2
12.744635,-2.3672662,4
-0.17458595,7.154722,1
6.0709534,14.763774,3
2.2741249,7.3989873,1
5.899028,14.50819,3
5.6962924,14.3855295,3
6.1304355,14.006877,3
5.9298196,7.45302,5
6.5883303,16.300947,3
6.8210807,5.391876,5
1.0490751,9.697609,1
7.1354547,7.3588567,5
12.314512,-2.49688,4
0.56582075,6.875814,1
5.0894227,14.678752,3
8.282993,16.01988,3
-0.14967924,7.2435923,1
6.377377,6.1763906,5
6.0676775,14.0732,3
7.43883,16.028473,3
0.43340018,10.540773,1
5.2840242,14.473791,3
3.4293792,6.0244527,1
7.4468617,13.506125,3
6.98524,8.743026,5
2.1070662,-4.984376,2
6.673805,5.9046617,5
6.765877,8.811674,5
6.8248525,17.084234,3
19.595417,4.575911,0
5.7029033,14.344159,3
1.4331446,10.263307,1
5.5247674,15.104665,3
13.127604,-2.4459543,4
-0.13862646,7.080068,1
15.911033,5.876481,0
6.3976393,7.7927966,5
0.93320936,9.225298,1
6.404746,7.725791,5
1.227892,9.324075,1
6.711632,5.9965677,5
6.297771,7.820087,5
7.90823,13.99447,3
-0.12727053,5.6352973,1
0.8393897,10.494321,1
0.9724263,10.357665,1
6.110714,13.954041,3
6.908522,8.951335,5
6.6078677,5.1542163,5
9.653848,11.810004,3
5.8797126,14.4873295,3
7.275622,8.904071,5
6.484991,5.4489164,5
7.2737436,13.671438,3
1.0618299,9.171206,1
7.1015677,4.9446974,5
0.7512455,6.6554523,1
8.3230505,15.993681,3
15.157202,12.317091,0
6.3575144,7.7444186,5
8.375646,15.942193,3
5.959143,7.3787513,5
6.0381346,14.55815,3
5.4155703,14.774395,3
5.3946304,14.759478,3
0.820506,10.877559,1
6.9373374,16.206274,3
5.3696985,14.755651,3
7.19759,13.775136,3
7.6637015,13.715767,3
7.639347,14.471511,3
9.996075,11.651037,3
5.133867,14.5967245,3
-1.2630813,6.6474395,1
-0.25957087,7.1234303,1
6.185584,6.946357,5
6.3712587,6.2063193,5
9.725625,11.967181,3
5.8200774,14.702762,3
6.6960363,4.7378497,5
6.4161468,14.20605,3
7.731024,13.818431,3
14.947901,11.927705,0
7.770398,14.091972,3
5.1758933,14.56255,3
15.388711,11.946911,0
7.459993,13.494373,3
5.57825,14.8468,3
0.52261245,10.972836,1
5.5434847,14.967076,3
7.9920626,13.996984,3
5.093024,14.62551,3
2.7238843,-5.3440967,2
15.130409,12.53106,0
6.903223,7.517901,5
8.5304785,15.831091,3
-1.5736713,6.568001,1
4.278348,-4.4488735,2
6.046211,14.023226,3
6.1803637,6.980834,5
8.989928,7.133908,5
5.814392,13.721955,3
8.338836,16.762903,3
0.8425706,11.2317,1
7.9684663,14.03814,3
7.3551517,8.297574,5
6.8689504,4.7944503,5
9.710771,11.462911,5
8.579375,15.820501,3
8.323534,15.697755,3
6.125251,14.025033,3
6.343315,7.8725014,5
10.512011,0.59993714,4
7.4497952,13.426344,3
7.4643598,16.246048,3
7.3824954,13.498233,3
8.012319,14.042861,3
5.760988,13.725944,3
15.729698,12.146162,0
6.6629324,9.1503105,5
4.664023,-4.409067,2
5.4856176,14.269483,3
5.089706,14.592099,3
5.660007,13.756259,3
7.2969933,13.653594,3
7.24195,13.799555,3
5.2253094,14.589516,3
0.6253233,10.10697,1
9.674779,11.987555,3
0.7429928,10.703974,1
5.533638,14.962375,3
6.595506,5.42599,5
5.652796,15.177269,3
5.793466,14.494047,3
6.397762,14.137037,3
5.743516,17.85356,3
5.2236433,14.525766,3
5.6461825,14.923623,3
6.271516,7.8682456,5
5.5880075,14.597116,3
3.0203152,5.56507,1
8.401136,15.984332,3
5.0315585,14.500733,3
7.862521,14.181906,3
0.5486675,10.989185,1
8.234875,15.975387,3
5.128659,14.634965,3
6.2439365,13.997034,3
8.5102005,15.782152,3
5.6039944,13.793652,3
15.26543,11.66232,0
4.897247,-3.6734688,2
11.50572,0.6423421,4
3.6367617,-3.8551884,2
18.028492,5.409871,0
6.391966,17.433167,3
7.281156,8.26694,5
6.9599185,5.4533973,5
5.8980227,14.679018,3
6.897394,5.023963,5
7.619194,14.453892,3
5.5881157,14.851222,3
7.7459126,14.331034,3
5.090146,14.646668,3
6.897127,4.877381,5
7.3164725,13.709913,3
5.5894027,13.961316,3
9.677608,11.5659,5
7.3991594,13.546857,3
0.34266958,10.421595,1
14.712991,7.0126123,0
5.905316,14.738325,3
6.276925,7.8013463,5
2.891682,6.8281193,1
9.675379,11.500466,5
15.1669,12.537223,0
8.481761,15.782732,3
7.937261,14.037747,3
5.4945917,14.874297,3
8.002887,14.048295,3
15.281099,12.455669,0
-1.2724068,5.9384675,1
7.800494,14.3437,3
6.4678245,14.048546,3
5.802101,13.767821,3
14.559713,5.6067953,0
7.3207912,13.662209,3
5.24184,14.5997925,3
9.724783,12.024871,3
9.632043,11.424888,5
7.0553226,5.1069546,5
7.716481,14.417611,3
8.41387,16.777443,3
3.4769888,5.9551086,1
5.114536,14.519893,3
7.3902373,13.625118,3
6.4914064,8.508317,5
6.84097,16.321196,3
13.5797415,-1.0017575,4
7.6670294,5.594031,5
5.983676,14.525145,3
7.4237137,13.530736,3
2.241314,7.427253,1
7.020054,5.4720135,5
5.339876,14.744121,3
8.258328,16.64024,3
5.847981,14.473909,3
5.4014454,14.748724,3
5.789902,13.821119,3
7.553121,13.89259,3
8.283014,15.9659195,3
-1.327329,6.6795626,1
5.2136703,14.4722805,3
8.030218,14.007891,3
15.282976,12.618972,0
9.637774,11.395191,5
5.127207,14.722392,3
5.4338365,14.988114,3
7.7248144,14.231925,3
19.424692,4.4998865,0
6.2961807,16.914541,3
10.078917,11.7593155,3
5.585159,14.417627,3
9.716768,11.998005,3
7.433982,13.497079,3
7.977331,16.654936,3
10.867278,1.4764366,4
7.8273907,14.231164,3
6.279657,14.504826,3
5.558332,14.430321,3
5.4061704,14.939604,3
5.270532,14.770016,3
6.031126,14.839591,3
19.11553,6.114973,0
5.513374,14.976838,3
10.811282,-1.6822618,4
10.123692,6.086378,5
5.6219206,13.75446,3
-0.39570594,5.9914794,1
7.429729,13.486685,3
5.595185,13.993772,3
5.2685385,14.692341,3
0.9818869,10.173251,1
5.2405434,14.51697,3
7.815489,14.299541,3
5.2590103,14.485514,3
2.6593072,6.802748,1
8.124584,-1.2907468,4
6.473376,4.5496464,5
8.864433,17.028246,3
5.916353,13.928215,3
9.59723,11.426338,5
9.5906105,11.365566,5
6.7635427,16.432564,3
7.683323,14.341738,3
9.933923,7.487548,5
6.6105943,4.6960297,5
6.373707,14.229022,3
7.545975,17.090485,3
7.7829676,14.392332,3
5.6319313,13.747501,3
5.637912,13.806111,3
15.648571,11.9263,0
5.7114964,14.466026,3
15.085514,11.803422,0
9.6295395,11.38944,5
5.5899334,13.731565,3
1.1219289,10.744718,1
6.018122,14.019498,3
7.6311827,14.145318,3
5.4083905,14.873821,3
6.563771,17.087328,3
-0.29385474,-1.1400218,2
7.970004,14.017536,3
5.473801,14.870825,3
1.048899,10.579839,1
6.9302826,16.343456,3
9.6330805,11.896213,3
-0.80714554,5.863117,1
6.706865,16.426407,3
6.631326,16.059952,3
9.798793,11.962518,3
7.643647,14.557754,3
7.445489,13.513743,3
7.2701693,14.028006,3
5.0996075,14.578243,3
7.8988404,14.000864,3
4.1750455,-3.321116,2
7.5079107,17.278605,3
6.513708,17.173527,3
5.4011827,15.088532,3
5.4853673,14.864794,3
5.5071945,14.952317,3
5.067712,14.647707,3
5.4746985,14.276583,3
5.2362866,14.556733,3
6.666719,16.423252,3
5.626104,14.593373,3
13.98504,-1.2309331,4
8.502855,16.571863,3
7.700579,14.398447,3
5.0441165,14.688228,3
7.094686,16.306082,3
6.6431646,4.622339,5
7.437623,13.409322,3
15.755206,12.102286,0
5.1762285,14.486684,3
7.426311,8.297862,5
13.611144,-1.0630155,4
0.7381939,10.771437,1
8.011204,16.768702,3
4.6067553,-4.24444,2
5.702895,13.727116,3
7.2084346,8.850063,5
6.8801064,4.9150434,5
5.487855,14.8328085,3
17.11875,7.721291,0
0.75749826,9.963126,1
9.251847,6.870113,5
5.33575,14.505301,3
0.47858387,6.836073,1
5.423902,14.522398,3
