,yLags
0,1
1,1
2,2
3,2
4,2
5,3
6,3
7,3
8,3
9,1
10,1
11,1
12,3
13,3
14,3
15,3
16,1
17,1
18,1
19,2
20,2
21,2
22,2
23,3
24,1
25,3
26,2
27,2
28,3
29,3
30,1
31,1
32,3
33,1
34,2
35,3
36,2
37,1
38,2
39,3
40,3
41,3
42,3
43,3
44,2
45,2
46,3
47,1
48,2
49,2
50,2
51,3
52,1
53,3
54,2
55,2
56,3
57,2
58,1
59,1
60,2
61,1
62,1
63,2
64,1
65,2
66,3
67,3
68,1
69,2
70,3
71,2
72,2
73,3
74,3
75,1
76,3
77,3
78,2
79,2
80,3
81,1
82,2
83,1
84,3
85,2
86,3
87,1
88,1
89,2
90,2
91,2
92,2
93,1
94,1
95,3
96,2
97,1
98,2
99,2
100,1
101,2
102,1
103,3
104,2
105,2
106,2
107,1
108,1
109,2
110,2
111,1
112,2
113,3
114,1
115,1
116,2
117,2
118,1
119,3
120,1
121,1
122,2
123,2
124,2
125,1
126,1
127,2
128,2
129,1
130,2
131,2
132,3
133,3
134,2
135,2
136,3
137,2
138,3
139,1
140,2
141,2
142,3
143,1
144,2
145,2
146,1
147,3
148,1
149,3
150,3
151,3
152,3
153,3
154,1
155,2
156,2
157,2
158,3
159,1
160,1
161,2
162,2
163,3
164,2
165,2
166,3
167,2
168,2
169,2
170,2
171,3
172,2
173,2
174,2
175,2
176,1
177,2
178,3
179,1
180,2
181,2
182,1
183,3
184,1
185,1
186,1
187,1
188,2
189,1
190,1
191,2
192,2
193,1
194,3
195,1
196,1
197,2
198,1
199,2
200,3
201,2
202,1
203,1
204,1
205,2
206,1
207,2
208,1
209,1
210,1
211,2
212,1
213,3
214,1
215,1
216,1
217,2
218,2
219,1
220,2
221,3
222,2
223,1
224,2
225,3
226,2
227,2
228,1
229,1
230,2
231,1
232,2
233,3
234,3
235,1
236,3
237,3
238,3
239,1
240,1
241,3
242,1
243,1
244,2
245,2
246,2
247,3
248,1
249,2
250,2
251,1
252,1
253,2
254,3
255,3
256,1
257,1
258,1
259,1
260,3
261,2
262,1
263,3
264,3
265,2
266,2
267,1
268,1
269,3
270,3
271,2
272,3
273,3
274,1
275,3
276,2
277,1
278,1
279,3
280,3
281,1
282,3
283,3
284,2
285,2
286,3
287,1
288,3
289,1
290,1
291,1
292,1
293,3
294,1
295,2
296,1
297,1
298,1
299,3
300,3
301,1
302,1
303,1
304,1
305,2
306,2
307,2
308,1
309,2
310,3
311,3
312,2
313,3
314,1
315,1
316,1
317,3
318,2
319,3
320,3
321,1
322,2
323,1
324,3
325,2
326,1
327,1
328,1
329,2
330,1
331,2
332,3
333,3
334,1
335,3
336,1
337,1
338,2
339,1
340,3
341,2
342,2
343,1
344,1
345,3
346,1
347,2
348,1
349,2
350,1
351,2
352,1
353,2
354,3
355,1
356,2
357,2
358,2
359,1
360,3
361,1
362,1
363,3
364,3
365,1
366,1
367,2
368,3
369,1
370,2
371,3
372,1
373,1
374,1
375,2
376,2
377,2
378,3
379,1
380,2
381,2
382,2
383,2
384,1
385,1
386,2
387,2
388,3
389,1
390,2
391,3
392,2
393,2
394,3
395,3
396,1
397,2
398,2
399,1
400,2
401,1
402,3
403,1
404,1
405,3
406,3
407,1
408,3
409,3
410,2
411,2
412,2
413,1
414,2
415,3
416,3
417,1
418,2
419,1
420,1
421,1
422,3
423,1
424,3
425,2
426,3
427,2
428,3
429,3
430,1
431,2
432,1
433,3
434,2
435,2
436,1
437,1
438,3
439,3
440,1
441,3
442,3
443,3
444,2
445,1
446,3
447,2
448,3
449,1
450,2
451,3
452,2
453,2
454,3
455,2
456,2
457,3
458,1
459,2
460,3
461,1
462,1
463,2
464,1
465,2
466,3
467,1
468,2
469,3
470,3
471,2
472,1
473,2
474,2
475,1
476,2
477,1
478,2
479,1
480,2
481,1
482,2
483,2
484,1
485,3
486,3
487,3
488,2
489,2
490,3
491,1
492,1
493,3
494,2
495,3
496,3
497,1
498,3
499,3
500,2
501,1
502,2
503,3
504,1
505,3
506,2
507,2
508,1
509,1
510,1
511,3
512,2
513,2
514,3
515,1
516,1
517,1
518,1
519,1
520,1
521,1
522,2
523,3
524,3
525,3
526,1
527,3
528,1
529,2
530,1
531,3
532,1
533,1
534,3
535,3
536,1
537,2
538,2
539,3
540,3
541,2
542,2
543,2
544,1
545,2
546,3
547,1
548,2
549,1
550,2
551,2
552,2
553,3
554,3
555,3
556,3
557,3
558,2
559,2
560,3
561,3
562,2
563,3
564,2
565,3
566,3
567,2
568,2
569,1
570,1
571,2
572,1
573,3
574,3
575,3
576,3
577,2
578,3
579,2
580,2
581,2
582,1
583,2
584,3
585,3
586,2
587,2
588,2
589,3
590,1
591,1
592,1
593,2
594,3
595,2
596,2
597,3
598,2
599,3
600,1
601,3
602,3
603,2
604,3
605,1
606,2
607,1
608,2
609,1
610,3
611,3
612,3
613,1
614,2
615,2
616,3
617,2
618,1
619,3
620,2
621,3
622,2
623,2
624,2
625,3
626,3
627,2
628,3
629,1
630,3
631,2
632,2
633,1
634,1
635,1
636,3
637,2
638,3
639,1
640,1
641,3
642,1
643,3
644,1
645,3
646,1
647,3
648,3
649,2
650,2
651,1
652,2
653,1
654,3
655,2
656,2
657,3
658,3
659,1
660,3
661,3
662,1
663,3
664,1
665,3
666,1
667,1
668,3
669,1
670,1
671,1
672,1
673,2
674,2
675,2
676,1
677,3
678,3
679,1
680,3
681,1
682,2
683,1
684,1
685,2
686,2
687,2
688,3
689,1
690,1
691,3
692,2
693,2
694,1
695,3
696,2
697,1
698,3
699,3
700,3
701,2
702,2
703,3
704,1
705,3
706,3
707,2
708,3
709,2
710,1
711,2
712,3
713,3
714,3
715,2
716,2
717,2
718,2
719,2
720,3
721,3
722,2
723,2
724,1
725,2
726,3
727,1
728,3
729,2
730,1
731,3
732,3
733,3
734,3
735,3
736,3
737,3
738,2
739,1
740,2
741,1
742,3
743,1
744,1
745,1
746,1
747,3
748,3
749,3
750,2
751,2
752,2
753,1
754,3
755,3
756,3
757,1
758,3
759,2
760,3
761,2
762,2
763,1
764,3
765,2
766,1
767,3
768,1
769,3
770,3
771,3
772,1
773,2
774,2
775,2
776,3
777,1
778,1
779,1
780,2
781,3
782,3
783,2
784,1
785,3
786,3
787,2
788,2
789,3
790,3
791,1
792,3
793,3
794,3
795,1
796,2
797,1
798,3
799,3
800,2
801,2
802,1
803,1
804,1
805,3
806,2
807,3
808,2
809,3
810,2
811,2
812,2
813,1
814,2
815,1
816,1
817,2
818,1
819,2
820,3
821,2
822,3
823,2
824,3
825,2
826,2
827,3
828,1
829,1
830,2
831,2
832,2
833,2
834,1
835,3
836,1
837,1
838,1
839,2
840,3
841,2
842,2
843,1
844,2
845,2
846,3
847,3
848,1
849,2
850,2
851,3
852,3
853,1
854,1
855,1
856,1
857,2
858,2
859,2
860,1
861,1
862,2
863,3
864,3
865,1
866,3
867,3
868,2
869,2
870,2
871,3
872,2
873,3
874,3
875,1
876,3
877,3
878,2
879,3
880,1
881,3
882,2
883,3
884,2
885,3
886,3
887,3
888,3
889,3
890,1
891,2
892,2
893,1
894,2
895,1
896,2
897,3
898,3
899,1
900,2
901,3
902,2
903,3
904,2
905,2
906,2
907,2
908,2
909,1
910,3
911,1
912,3
913,3
914,1
915,3
916,1
917,1
918,1
919,1
920,3
921,2
922,1
923,2
924,3
925,3
926,3
927,2
928,1
929,2
930,1
931,3
932,1
933,1
934,3
935,2
936,1
937,3
938,2
939,2
940,2
941,3
942,1
943,1
944,1
945,3
946,2
947,1
948,3
949,1
950,3
951,1
952,2
953,1
954,3
955,2
956,3
957,2
958,2
959,1
960,3
961,3
962,2
963,2
964,2
965,3
966,3
967,3
968,1
969,3
970,3
971,2
972,3
973,3
974,3
975,2
976,2
977,2
978,2
979,2
980,3
981,3
982,1
983,2
984,1
985,1
986,3
987,3
988,1
989,2
990,3
991,3
992,1
993,2
994,3
995,1
996,2
997,1
998,3
999,2
1000,3
1001,3
1002,1
1003,1
1004,2
1005,3
1006,1
1007,3
1008,1
1009,3
1010,2
1011,3
1012,2
1013,2
1014,1
1015,3
1016,3
1017,1
1018,1
1019,1
1020,1
1021,3
1022,1
1023,3
1024,3
1025,1
1026,3
1027,3
1028,2
1029,2
1030,2
1031,2
1032,1
1033,2
1034,2
1035,3
1036,2
1037,2
1038,1
1039,1
1040,3
1041,2
1042,3
1043,1
1044,1
1045,3
1046,1
1047,2
1048,2
1049,3
1050,1
1051,3
1052,3
1053,3
1054,1
1055,2
1056,1
1057,1
1058,3
1059,2
1060,1
1061,3
1062,1
1063,3
1064,2
1065,1
1066,3
1067,2
1068,3
1069,1
1070,1
1071,3
1072,3
1073,1
1074,1
1075,1
1076,2
1077,3
1078,2
1079,1
1080,2
1081,1
1082,2
1083,3
1084,3
1085,2
1086,1
1087,2
1088,3
1089,2
1090,1
1091,3
1092,1
1093,3
1094,3
1095,2
1096,1
1097,3
1098,1
1099,3
1100,1
1101,3
1102,2
1103,3
1104,2
1105,2
1106,1
1107,2
1108,3
1109,3
1110,1
1111,2
1112,1
1113,2
1114,3
1115,1
1116,3
1117,1
1118,1
1119,1
1120,2
1121,2
1122,1
1123,2
1124,2
1125,3
1126,3
1127,3
1128,1
1129,3
1130,1
1131,3
1132,1
1133,2
1134,1
1135,3
1136,3
1137,3
1138,3
1139,1
1140,2
1141,2
1142,1
1143,1
1144,3
1145,1
1146,3
1147,3
1148,2
1149,3
1150,1
1151,1
1152,1
1153,2
1154,2
1155,2
1156,2
1157,1
1158,3
1159,2
1160,3
1161,2
1162,3
1163,1
1164,3
1165,2
1166,3
1167,3
1168,2
1169,1
1170,2
1171,2
1172,1
1173,3
1174,1
1175,2
1176,2
1177,1
1178,3
1179,3
1180,3
1181,1
1182,3
1183,1
1184,1
1185,3
1186,3
1187,3
1188,2
1189,1
1190,1
1191,3
1192,3
1193,3
1194,2
1195,1
1196,2
1197,1
1198,2
1199,3
1200,1
1201,3
1202,3
1203,2
1204,1
1205,1
1206,3
1207,2
1208,1
1209,1
1210,2
1211,2
1212,2
1213,2
1214,3
1215,3
1216,2
1217,2
1218,2
1219,1
1220,3
1221,1
1222,1
1223,1
1224,1
1225,1
1226,2
1227,2
1228,2
1229,2
1230,2
1231,3
1232,2
1233,1
1234,1
1235,1
1236,2
1237,3
1238,1
1239,2
1240,3
1241,2
1242,2
1243,3
1244,2
1245,2
1246,3
1247,1
1248,3
1249,2
1250,3
1251,2
1252,2
1253,1
1254,1
1255,2
1256,3
1257,2
1258,3
1259,2
1260,1
1261,3
1262,2
1263,2
1264,3
1265,1
1266,3
1267,3
1268,1
1269,2
1270,1
1271,2
1272,2
1273,1
1274,3
1275,2
1276,1
1277,1
1278,3
1279,1
1280,1
1281,1
1282,2
1283,1
1284,2
1285,3
1286,2
1287,2
1288,1
1289,1
1290,3
1291,3
1292,3
1293,1
1294,3
1295,1
1296,1
1297,2
1298,1
1299,2
1300,3
1301,1
1302,2
1303,2
1304,2
1305,1
1306,3
1307,2
1308,1
1309,3
1310,1
1311,2
1312,1
1313,1
1314,2
1315,2
1316,2
1317,2
1318,1
1319,2
1320,2
1321,1
1322,3
1323,2
1324,1
1325,3
1326,2
1327,1
1328,1
1329,3
1330,3
1331,2
1332,3
1333,3
1334,2
1335,2
1336,3
1337,2
1338,2
1339,2
1340,3
1341,1
1342,2
1343,2
1344,3
1345,2
1346,2
1347,2
1348,2
1349,1
1350,1
1351,1
1352,3
1353,2
1354,3
1355,3
1356,2
1357,2
1358,1
1359,3
1360,1
1361,2
1362,2
1363,3
1364,1
1365,2
1366,3
1367,2
1368,1
1369,2
1370,1
1371,1
1372,3
1373,1
1374,3
1375,1
1376,3
1377,2
1378,2
1379,2
1380,3
1381,1
1382,1
1383,1
1384,3
1385,2
1386,1
1387,1
1388,3
1389,3
1390,1
1391,2
1392,2
1393,3
1394,1
1395,3
1396,1
1397,3
1398,1
1399,2
1400,1
1401,2
1402,1
1403,1
1404,3
1405,2
1406,2
1407,3
1408,2
1409,2
1410,1
1411,1
1412,2
1413,2
1414,1
1415,3
1416,2
1417,3
1418,2
1419,2
1420,3
1421,3
1422,1
1423,2
1424,1
1425,3
1426,2
1427,2
1428,2
1429,2
1430,2
1431,3
1432,1
1433,3
1434,3
1435,1
1436,3
1437,1
1438,2
1439,2
1440,3
1441,2
1442,1
1443,1
1444,2
1445,1
1446,2
1447,2
1448,3
1449,3
1450,3
1451,2
1452,3
1453,1
1454,1
1455,1
1456,2
1457,2
1458,1
1459,2
1460,2
1461,3
1462,1
1463,1
1464,3
1465,1
1466,1
1467,3
1468,1
1469,3
1470,3
1471,1
1472,3
1473,1
1474,1
1475,1
1476,3
1477,3
1478,1
1479,2
1480,2
1481,3
1482,1
1483,3
1484,1
1485,1
1486,3
1487,2
1488,1
1489,3
1490,2
1491,1
1492,3
1493,1
1494,2
1495,2
1496,3
1497,1
1498,1
1499,3
1500,3
1501,2
1502,1
1503,1
1504,3
1505,1
1506,3
1507,2
1508,1
1509,3
1510,1
1511,3
1512,1
1513,1
1514,1
1515,2
1516,3
1517,2
1518,3
1519,1
1520,2
1521,2
1522,2
1523,1
1524,3
1525,2
1526,2
1527,3
1528,2
1529,3
1530,2
1531,1
1532,1
1533,3
1534,2
1535,3
1536,1
1537,2
1538,1
1539,3
1540,3
1541,2
1542,1
1543,2
1544,3
1545,2
1546,3
1547,2
1548,1
1549,3
1550,3
1551,1
1552,3
1553,1
1554,1
1555,2
1556,3
1557,3
1558,3
1559,2
1560,3
1561,1
1562,1
1563,1
1564,3
1565,2
1566,2
1567,2
1568,1
1569,2
1570,2
1571,2
1572,3
1573,1
1574,1
1575,1
1576,1
1577,1
1578,1
1579,3
1580,2
1581,3
1582,3
1583,1
1584,2
1585,1
1586,3
1587,1
1588,2
1589,3
1590,1
1591,1
1592,2
1593,2
1594,3
1595,1
1596,2
1597,2
1598,3
1599,2
1600,3
1601,1
1602,1
1603,3
1604,1
1605,2
1606,1
1607,2
1608,1
1609,3
1610,2
1611,1
1612,2
1613,3
1614,3
1615,2
1616,1
1617,1
1618,2
1619,3
1620,1
1621,1
1622,2
1623,3
1624,1
1625,3
1626,3
1627,3
1628,2
1629,2
1630,3
1631,3
1632,2
1633,1
1634,3
1635,3
1636,1
1637,1
1638,1
1639,1
1640,1
1641,1
1642,1
1643,1
1644,3
1645,2
1646,2
1647,1
1648,2
1649,1
1650,1
1651,1
1652,3
1653,1
1654,2
1655,3
1656,3
1657,1
1658,3
1659,1
1660,3
1661,2
1662,1
1663,1
1664,1
1665,3
1666,1
1667,1
1668,1
1669,1
1670,1
1671,2
1672,2
1673,2
1674,1
1675,2
1676,2
1677,3
1678,2
1679,3
1680,3
1681,2
1682,2
1683,2
1684,3
1685,1
1686,2
1687,3
1688,3
1689,2
1690,2
1691,3
1692,3
1693,3
1694,2
1695,2
1696,3
1697,3
1698,3
1699,3
1700,3
1701,3
1702,1
1703,2
1704,1
1705,2
1706,2
1707,3
1708,1
1709,1
1710,1
1711,2
1712,2
1713,3
1714,3
1715,3
1716,1
1717,3
1718,3
1719,2
1720,2
1721,1
1722,1
1723,1
1724,2
1725,1
1726,2
1727,3
1728,3
1729,1
1730,1
1731,1
1732,3
1733,2
1734,3
1735,1
1736,1
1737,1
1738,1
1739,3
1740,1
1741,1
1742,2
1743,3
1744,3
1745,2
1746,1
1747,1
1748,2
1749,2
1750,1
1751,3
1752,3
1753,1
1754,1
1755,2
1756,1
1757,1
1758,3
1759,1
1760,2
1761,2
1762,2
1763,2
1764,2
1765,3
1766,3
1767,2
1768,3
1769,2
1770,3
1771,3
1772,2
1773,2
1774,2
1775,3
1776,2
1777,1
1778,1
1779,1
1780,1
1781,2
1782,2
1783,2
1784,2
1785,1
1786,3
1787,2
1788,3
1789,2
1790,1
1791,3
1792,1
1793,1
1794,3
1795,3
1796,1
1797,3
1798,2
1799,1
1800,2
1801,2
1802,1
1803,1
1804,1
1805,3
1806,1
1807,1
1808,3
1809,2
1810,1
1811,2
1812,3
1813,3
1814,1
1815,3
1816,3
1817,2
1818,3
1819,3
1820,1
1821,1
1822,1
1823,3
1824,3
1825,3
1826,2
1827,3
1828,1
1829,1
1830,2
1831,2
1832,2
1833,2
1834,1
1835,2
1836,3
1837,2
1838,3
1839,3
1840,2
1841,1
1842,3
1843,3
1844,1
1845,3
1846,2
1847,1
1848,3
1849,3
1850,1
1851,3
1852,2
1853,1
1854,1
1855,2
1856,1
1857,3
1858,2
1859,1
1860,3
1861,3
1862,3
1863,3
1864,1
1865,3
1866,2
1867,2
1868,3
1869,2
1870,3
1871,1
1872,1
1873,3
1874,1
1875,3
1876,1
1877,2
1878,3
1879,1
1880,1
1881,3
1882,1
1883,2
1884,1
1885,1
1886,1
1887,2
1888,1
1889,1
1890,3
1891,3
1892,3
1893,1
1894,2
1895,1
1896,1
1897,1
1898,3
1899,3
1900,3
1901,1
1902,3
1903,3
1904,3
1905,1
1906,2
1907,2
1908,3
1909,2
1910,1
1911,3
1912,2
1913,1
1914,3
1915,2
1916,3
1917,3
1918,3
1919,1
1920,1
1921,3
1922,3
1923,2
1924,2
1925,3
1926,1
1927,1
1928,3
1929,3
1930,3
1931,3
1932,1
1933,2
1934,2
1935,2
1936,2
1937,3
1938,2
1939,2
1940,2
1941,3
1942,2
1943,3
1944,3
1945,1
1946,3
1947,1
1948,3
1949,3
1950,2
1951,2
1952,2
1953,2
1954,3
1955,2
1956,1
1957,2
1958,1
1959,3
1960,1
1961,1
1962,2
1963,1
1964,3
1965,2
1966,2
1967,3
1968,2
1969,2
1970,2
1971,2
1972,3
1973,1
1974,1
1975,1
1976,1
1977,3
1978,1
1979,2
1980,3
1981,3
1982,2
1983,2
1984,1
1985,1
1986,1
1987,2
1988,3
1989,2
1990,2
1991,2
1992,2
1993,3
1994,2
1995,3
1996,3
1997,1
1998,1
1999,1
2000,1
2001,2
2002,1
2003,3
2004,3
2005,2
2006,2
2007,2
2008,1
2009,3
2010,2
2011,1
2012,3
2013,1
2014,1
2015,2
2016,3
2017,3
2018,3
2019,1
2020,2
2021,2
2022,3
2023,1
2024,3
2025,1
2026,3
2027,1
2028,3
2029,1
2030,2
2031,3
2032,2
2033,1
2034,3
2035,3
2036,2
2037,2
2038,2
2039,2
2040,3
2041,2
2042,2
2043,2
2044,1
2045,3
2046,3
2047,1
2048,3
2049,3
2050,1
2051,2
2052,2
2053,2
2054,2
2055,3
2056,3
2057,2
2058,3
2059,1
2060,3
2061,1
2062,2
2063,2
2064,2
2065,3
2066,1
2067,1
2068,3
2069,2
2070,2
2071,1
2072,3
2073,1
2074,3
2075,2
2076,1
2077,3
2078,2
2079,2
2080,3
2081,1
2082,3
2083,1
2084,1
2085,2
2086,3
2087,3
2088,2
2089,1
2090,2
2091,3
2092,2
2093,2
2094,2
2095,1
2096,2
2097,2
2098,1
2099,1
2100,3
2101,2
2102,3
2103,2
2104,3
2105,3
2106,1
2107,3
2108,3
2109,1
2110,1
2111,3
2112,3
2113,3
2114,1
2115,3
2116,2
2117,3
2118,2
2119,1
2120,3
2121,3
2122,1
2123,1
2124,2
2125,1
2126,3
2127,2
2128,1
2129,3
2130,2
2131,2
2132,2
2133,2
2134,3
2135,2
2136,1
2137,3
2138,3
2139,3
2140,2
2141,2
2142,2
2143,3
2144,2
2145,2
2146,3
2147,3
2148,2
2149,3
2150,2
2151,1
2152,1
2153,1
2154,2
2155,3
2156,1
2157,1
2158,2
2159,1
2160,2
2161,3
2162,1
2163,1
2164,1
2165,1
2166,2
2167,1
2168,2
2169,3
2170,2
2171,2
2172,3
2173,1
2174,3
2175,2
2176,1
2177,1
2178,2
2179,1
2180,2
2181,1
2182,2
2183,1
2184,2
2185,2
2186,2
2187,1
2188,1
2189,3
2190,2
2191,1
2192,2
2193,3
2194,3
2195,3
2196,2
2197,2
2198,3
2199,3
2200,1
2201,2
2202,1
2203,2
2204,2
2205,1
2206,3
2207,3
2208,2
2209,1
2210,2
2211,3
2212,3
2213,3
2214,3
2215,2
2216,2
2217,1
2218,1
2219,2
2220,1
2221,2
2222,1
2223,1
2224,3
2225,3
2226,1
2227,2
2228,2
2229,1
2230,2
2231,1
2232,1
2233,3
2234,2
2235,1
2236,3
2237,1
2238,1
2239,3
2240,3
2241,3
2242,2
2243,2
2244,2
2245,3
2246,2
2247,2
2248,2
2249,1
2250,1
2251,3
2252,3
2253,3
2254,1
2255,2
2256,1
2257,2
2258,1
2259,3
2260,3
2261,3
2262,3
2263,3
2264,3
2265,3
2266,1
2267,3
2268,1
2269,3
2270,3
2271,1
2272,2
2273,2
2274,2
2275,1
2276,3
2277,3
2278,3
2279,1
2280,1
2281,1
2282,3
2283,1
2284,3
2285,2
2286,1
2287,3
2288,3
2289,2
2290,3
2291,2
2292,3
2293,1
2294,2
2295,1
2296,1
2297,2
2298,3
2299,2
2300,1
2301,3
2302,1
2303,3
2304,1
2305,2
2306,1
2307,2
2308,1
2309,2
2310,2
2311,1
2312,2
2313,3
2314,1
2315,3
2316,1
2317,3
2318,3
2319,2
2320,1
2321,2
2322,1
2323,2
2324,2
2325,1
2326,2
2327,1
2328,2
2329,2
2330,2
2331,3
2332,3
2333,2
2334,2
2335,1
2336,2
2337,2
2338,1
2339,1
2340,2
2341,3
2342,2
2343,2
2344,3
2345,2
2346,2
2347,1
2348,3
2349,2
2350,3
2351,3
2352,2
2353,2
2354,1
2355,1
2356,2
2357,3
2358,3
2359,3
2360,2
2361,1
2362,1
2363,1
2364,1
2365,2
2366,3
2367,2
2368,3
2369,3
2370,3
2371,3
2372,2
2373,1
2374,2
2375,3
2376,1
2377,2
2378,1
2379,3
2380,3
2381,3
2382,1
2383,3
2384,3
2385,3
2386,3
2387,1
2388,2
2389,1
2390,2
2391,3
2392,2
2393,3
2394,2
2395,3
2396,1
2397,3
2398,2
2399,3
2400,3
2401,3
2402,3
2403,1
2404,3
2405,2
2406,3
2407,1
2408,1
2409,2
2410,2
2411,2
2412,1
2413,3
2414,3
2415,3
2416,2
2417,2
2418,1
2419,3
2420,3
2421,1
2422,3
2423,2
2424,1
2425,1
2426,1
2427,2
2428,2
2429,3
2430,3
2431,1
2432,1
2433,3
2434,1
2435,1
2436,1
2437,2
2438,1
2439,1
2440,1
2441,2
2442,2
2443,2
2444,2
2445,3
2446,1
2447,3
2448,3
2449,3
2450,3
2451,3
2452,1
2453,1
2454,3
2455,3
2456,1
2457,3
2458,3
2459,1
2460,3
2461,2
2462,2
2463,2
2464,1
2465,2
2466,3
2467,1
2468,3
2469,1
2470,1
2471,1
2472,3
2473,1
2474,2
2475,2
2476,2
2477,3
2478,2
2479,3
2480,2
2481,3
2482,3
2483,3
2484,3
2485,3
2486,2
2487,2
2488,3
2489,1
2490,2
2491,1
2492,1
2493,2
2494,3
2495,1
2496,2
2497,3
2498,3
2499,2
2500,1
2501,2
2502,3
2503,1
2504,3
2505,2
2506,1
2507,1
2508,2
2509,1
2510,1
2511,2
2512,2
2513,2
2514,1
2515,1
2516,1
2517,1
2518,2
2519,1
2520,1
2521,3
2522,3
2523,2
2524,3
2525,3
2526,3
2527,2
2528,2
2529,1
2530,1
2531,2
2532,3
2533,2
2534,2
2535,2
2536,2
2537,2
2538,2
2539,3
2540,3
2541,1
2542,2
2543,3
2544,3
2545,3
2546,1
2547,2
2548,1
2549,2
2550,3
2551,1
2552,1
2553,2
2554,3
2555,2
2556,3
2557,2
2558,3
2559,2
2560,1
2561,1
2562,3
2563,2
2564,1
2565,3
2566,1
2567,1
2568,2
2569,3
2570,3
2571,2
2572,2
2573,2
2574,2
2575,1
2576,3
2577,3
2578,2
2579,1
2580,3
2581,3
2582,3
2583,1
2584,3
2585,2
2586,3
2587,1
2588,1
2589,3
2590,1
2591,1
2592,2
2593,2
2594,1
2595,3
2596,3
2597,2
2598,2
2599,3
2600,3
2601,1
2602,1
2603,2
2604,2
2605,1
2606,3
2607,1
2608,2
2609,2
2610,2
2611,1
2612,1
2613,2
2614,1
2615,2
2616,2
2617,3
2618,3
2619,2
2620,3
2621,1
2622,2
2623,1
2624,3
2625,1
2626,2
2627,2
2628,2
2629,2
2630,2
2631,1
2632,2
2633,2
2634,1
2635,2
2636,2
2637,1
2638,1
2639,2
2640,3
2641,3
2642,2
2643,2
2644,3
2645,1
2646,3
2647,1
2648,2
2649,1
2650,3
2651,1
2652,1
2653,2
2654,2
2655,1
2656,1
2657,3
2658,3
2659,2
2660,1
2661,2
2662,3
2663,1
2664,2
2665,2
2666,1
2667,2
2668,1
2669,1
2670,3
2671,3
2672,1
2673,3
2674,2
2675,1
2676,3
2677,2
2678,2
2679,2
2680,1
2681,3
2682,1
2683,2
2684,2
2685,3
2686,2
2687,1
2688,2
2689,3
2690,2
2691,2
2692,3
2693,3
2694,1
2695,1
2696,3
2697,2
2698,1
2699,3
2700,1
2701,3
2702,2
2703,2
2704,1
2705,1
2706,2
2707,3
2708,2
2709,1
2710,1
2711,2
2712,3
2713,2
2714,2
2715,3
2716,2
2717,2
2718,2
2719,1
2720,3
2721,1
2722,1
2723,2
2724,1
2725,3
2726,1
2727,3
2728,2
2729,1
2730,1
2731,3
2732,3
2733,1
2734,2
2735,2
2736,2
2737,3
2738,1
2739,3
2740,3
2741,2
2742,1
2743,1
2744,3
2745,2
2746,1
2747,3
2748,3
2749,2
2750,1
2751,2
2752,2
2753,3
2754,2
2755,2
2756,2
2757,3
2758,3
2759,1
2760,2
2761,3
2762,1
2763,2
2764,2
2765,2
2766,1
2767,1
2768,2
2769,2
2770,1
2771,3
2772,3
2773,2
2774,2
2775,2
2776,2
2777,1
2778,1
2779,1
2780,3
2781,1
2782,1
2783,3
2784,2
2785,1
2786,2
2787,1
2788,2
2789,3
2790,1
2791,1
2792,2
2793,1
2794,2
2795,1
2796,1
2797,1
2798,2
2799,1
2800,3
2801,2
2802,2
2803,2
2804,2
2805,3
2806,1
2807,3
2808,3
2809,3
2810,1
2811,1
2812,1
2813,1
2814,2
2815,2
2816,3
2817,1
2818,3
2819,2
2820,1
2821,1
2822,2
2823,1
2824,2
2825,3
2826,3
2827,2
2828,3
2829,3
2830,1
2831,2
2832,1
2833,1
2834,3
2835,1
2836,3
2837,2
2838,1
2839,1
2840,1
2841,2
2842,3
2843,2
2844,3
2845,1
2846,1
2847,3
2848,2
2849,1
2850,3
2851,2
2852,3
2853,2
2854,1
2855,3
2856,3
2857,3
2858,1
2859,3
2860,1
2861,3
2862,3
2863,1
2864,2
2865,3
2866,3
2867,1
2868,2
2869,1
2870,2
2871,1
2872,2
2873,1
2874,1
2875,2
2876,1
2877,1
2878,2
2879,2
2880,3
2881,2
2882,2
2883,3
2884,2
2885,1
2886,3
2887,3
2888,1
2889,2
2890,2
2891,1
2892,3
2893,2
2894,2
2895,2
2896,3
2897,1
2898,2
2899,3
2900,2
2901,3
2902,3
2903,1
2904,3
2905,2
2906,2
2907,3
2908,3
2909,3
2910,2
2911,3
2912,2
2913,2
2914,2
2915,3
2916,2
2917,3
2918,3
2919,3
2920,3
2921,2
2922,1
2923,2
2924,2
2925,1
2926,2
2927,3
2928,1
2929,2
2930,1
2931,1
2932,1
2933,1
2934,1
2935,3
2936,3
2937,1
2938,2
2939,3
2940,3
2941,1
2942,2
2943,3
2944,3
2945,3
2946,1
2947,1
2948,2
2949,1
2950,3
2951,1
2952,2
2953,3
2954,2
2955,2
2956,2
2957,3
2958,3
2959,1
2960,1
2961,1
2962,3
2963,2
2964,1
2965,1
2966,1
2967,1
2968,1
2969,2
2970,1
2971,1
2972,2
2973,2
2974,1
2975,1
2976,3
2977,3
2978,2
2979,2
2980,1
2981,1
2982,2
2983,1
2984,3
2985,1
2986,1
2987,3
2988,2
2989,2
2990,3
2991,1
2992,2
2993,3
2994,1
2995,2
2996,3
2997,2
2998,2
2999,1
3000,3
3001,3
3002,1
3003,2
3004,1
3005,1
3006,2
3007,3
3008,3
3009,1
3010,1
3011,1
3012,1
3013,3
3014,3
3015,2
3016,3
3017,3
3018,3
3019,3
3020,2
3021,2
3022,2
3023,3
3024,2
3025,2
3026,3
3027,2
3028,2
3029,2
3030,3
3031,1
3032,2
3033,2
3034,2
3035,3
3036,2
3037,3
3038,3
3039,3
3040,1
3041,1
3042,2
3043,2
3044,2
3045,3
3046,1
3047,1
3048,1
3049,3
3050,2
3051,3
3052,3
3053,3
3054,1
3055,2
3056,3
3057,1
3058,1
3059,3
3060,3
3061,2
3062,2
3063,1
3064,2
3065,2
3066,1
3067,1
3068,2
3069,1
3070,2
3071,1
3072,1
3073,2
3074,1
3075,2
3076,2
3077,3
3078,1
3079,2
3080,2
3081,2
3082,1
3083,3
3084,1
3085,3
3086,2
3087,1
3088,3
3089,3
3090,2
3091,1
3092,2
3093,3
3094,1
3095,2
3096,2
3097,1
3098,2
3099,2
3100,1
3101,3
3102,2
3103,1
3104,2
3105,2
3106,2
3107,1
3108,1
3109,2
3110,1
3111,1
3112,2
3113,2
3114,2
3115,3
3116,2
3117,2
3118,2
3119,1
3120,2
3121,1
3122,3
3123,1
3124,3
3125,1
3126,2
3127,3
3128,2
3129,1
3130,3
3131,2
3132,2
3133,3
3134,3
3135,3
3136,2
3137,1
3138,3
3139,1
3140,2
3141,1
3142,2
3143,3
3144,3
3145,3
3146,3
3147,3
3148,2
3149,3
3150,3
3151,2
3152,3
3153,2
3154,3
3155,3
3156,3
3157,2
3158,1
3159,3
3160,3
3161,2
3162,1
3163,2
3164,3
3165,3
3166,3
3167,3
3168,3
3169,3
3170,3
3171,1
3172,3
3173,3
3174,2
3175,2
3176,2
3177,3
3178,2
3179,3
3180,2
3181,3
3182,2
3183,3
3184,2
3185,3
3186,2
3187,1
3188,3
3189,3
3190,2
3191,3
3192,3
3193,3
3194,2
3195,1
3196,2
3197,2
3198,1
3199,3
3200,2
3201,3
3202,1
3203,3
3204,3
3205,1
3206,1
3207,1
3208,1
3209,2
3210,3
3211,1
3212,2
3213,3
3214,3
3215,2
3216,1
3217,2
3218,2
3219,3
3220,2
3221,2
3222,1
3223,3
3224,1
3225,2
3226,1
3227,1
3228,3
3229,1
3230,3
3231,3
3232,1
3233,2
3234,2
3235,2
3236,3
3237,3
3238,1
3239,1
3240,1
3241,3
3242,2
3243,1
3244,2
3245,3
3246,3
3247,3
3248,1
3249,1
3250,3
3251,1
3252,1
3253,3
3254,2
3255,2
3256,2
3257,1
3258,2
3259,3
3260,1
3261,2
3262,2
3263,1
3264,2
3265,1
3266,3
3267,2
3268,1
3269,3
3270,2
3271,2
3272,2
3273,1
3274,3
3275,2
3276,2
3277,3
3278,2
3279,1
3280,2
3281,3
3282,2
3283,3
3284,1
3285,1
3286,1
3287,3
3288,2
3289,2
3290,1
3291,2
3292,2
3293,1
3294,1
3295,2
3296,3
3297,2
3298,1
3299,3
3300,1
3301,1
3302,3
3303,3
3304,3
3305,1
3306,1
3307,2
3308,2
3309,3
3310,1
3311,1
3312,2
3313,1
3314,1
3315,1
3316,3
3317,1
3318,3
3319,1
3320,2
3321,2
3322,2
3323,2
3324,1
3325,2
3326,2
3327,3
3328,2
3329,3
3330,2
3331,2
3332,3
3333,2
3334,2
3335,3
3336,2
3337,3
3338,2
3339,2
3340,3
3341,1
3342,1
3343,1
3344,2
3345,1
3346,1
3347,3
3348,1
3349,3
3350,1
3351,3
3352,3
3353,1
3354,2
3355,1
3356,2
3357,1
3358,3
3359,3
3360,1
3361,1
3362,2
3363,1
3364,2
3365,2
3366,1
3367,2
3368,3
3369,1
3370,2
3371,3
3372,3
3373,3
3374,3
3375,1
3376,3
3377,1
3378,1
3379,2
3380,2
3381,2
3382,1
3383,3
3384,1
3385,2
3386,2
3387,2
3388,3
3389,2
3390,2
3391,3
3392,2
3393,3
3394,2
3395,2
3396,1
3397,1
3398,1
3399,2
3400,1
3401,2
3402,2
3403,3
3404,3
3405,2
3406,3
3407,3
3408,2
3409,1
3410,1
3411,3
3412,2
3413,1
3414,3
3415,1
3416,2
3417,1
3418,3
3419,2
3420,1
3421,1
3422,3
3423,3
3424,3
3425,1
3426,2
3427,3
3428,2
3429,3
3430,1
3431,1
3432,3
3433,3
3434,2
3435,1
3436,2
3437,2
3438,2
3439,1
3440,3
3441,2
3442,2
3443,1
3444,2
3445,2
3446,2
3447,3
3448,3
3449,2
3450,2
3451,1
3452,3
3453,3
3454,2
3455,1
3456,2
3457,3
3458,1
3459,1
3460,1
3461,3
3462,1
3463,1
3464,3
3465,3
3466,2
3467,2
3468,2
3469,1
3470,3
3471,2
3472,3
3473,2
3474,1
3475,2
3476,1
3477,2
3478,3
3479,1
3480,3
3481,3
3482,1
3483,1
3484,3
3485,3
3486,1
3487,1
3488,2
3489,3
3490,2
3491,1
3492,1
3493,3
3494,3
3495,1
3496,3
3497,2
3498,3
3499,2
3500,3
3501,3
3502,3
3503,3
3504,3
3505,3
3506,1
3507,1
3508,1
3509,1
3510,3
3511,2
3512,1
3513,3
3514,3
3515,1
3516,2
3517,2
3518,3
3519,3
3520,2
3521,3
3522,3
3523,2
3524,2
3525,3
3526,2
3527,1
3528,3
3529,3
3530,2
3531,1
3532,1
3533,2
3534,1
3535,3
3536,3
3537,1
3538,2
3539,2
3540,3
3541,1
3542,1
3543,2
3544,3
3545,3
3546,3
3547,3
3548,1
3549,3
3550,1
3551,1
3552,1
3553,2
3554,1
3555,3
3556,2
3557,2
3558,1
3559,1
3560,1
3561,1
3562,3
3563,1
3564,2
3565,2
3566,1
3567,2
3568,3
3569,2
3570,3
3571,3
3572,2
3573,1
3574,3
3575,2
3576,2
3577,1
3578,1
3579,1
3580,3
3581,2
3582,3
3583,2
3584,1
3585,3
3586,2
3587,1
3588,3
3589,3
3590,1
3591,2
3592,2
3593,2
3594,1
3595,1
3596,1
3597,1
3598,2
3599,3
3600,2
3601,1
3602,1
3603,3
3604,1
3605,1
3606,1
3607,3
3608,1
3609,2
3610,1
3611,1
3612,2
3613,2
3614,1
3615,1
3616,3
3617,3
3618,2
3619,2
3620,2
3621,1
3622,3
3623,3
3624,3
3625,1
3626,1
3627,2
3628,2
3629,1
3630,2
3631,3
3632,3
3633,3
3634,2
3635,1
3636,3
3637,2
3638,1
3639,2
3640,1
3641,1
3642,1
3643,2
3644,1
3645,1
3646,2
3647,1
3648,3
3649,1
3650,3
3651,2
3652,1
3653,3
3654,2
3655,2
3656,1
3657,3
3658,2
3659,2
3660,2
3661,1
3662,1
3663,3
3664,1
3665,3
3666,1
3667,1
3668,2
3669,2
3670,2
3671,3
3672,2
3673,1
3674,2
3675,1
3676,2
3677,3
3678,3
3679,3
3680,1
3681,1
3682,1
3683,2
3684,2
3685,2
3686,1
3687,1
3688,3
3689,3
3690,3
3691,3
3692,3
3693,2
3694,3
3695,2
3696,2
3697,1
3698,1
3699,2
3700,2
3701,1
3702,3
3703,2
3704,1
3705,1
3706,3
3707,3
3708,2
3709,3
3710,3
3711,1
3712,1
3713,3
3714,1
3715,1
3716,2
3717,3
3718,1
3719,2
3720,3
3721,3
3722,2
3723,3
3724,2
3725,3
3726,3
3727,1
3728,3
3729,3
3730,3
3731,2
3732,2
3733,2
3734,3
3735,2
3736,3
3737,1
3738,2
3739,2
3740,3
3741,1
3742,2
3743,2
3744,2
3745,1
3746,3
3747,3
3748,2
3749,2
3750,1
3751,2
3752,3
3753,1
3754,1
3755,2
3756,1
3757,2
3758,2
3759,3
3760,1
3761,1
3762,3
3763,1
3764,3
3765,3
3766,1
3767,1
3768,2
3769,2
3770,1
3771,1
3772,1
3773,3
3774,2
3775,2
3776,2
3777,1
3778,1
3779,1
3780,1
3781,1
3782,1
3783,2
3784,1
3785,2
3786,3
3787,2
3788,2
3789,1
3790,2
3791,1
3792,2
3793,3
3794,2
3795,2
3796,3
3797,1
3798,3
3799,1
3800,2
3801,3
3802,2
3803,3
3804,2
3805,1
3806,3
3807,1
3808,3
3809,1
3810,3
3811,2
3812,3
3813,3
3814,1
3815,1
3816,2
3817,1
3818,1
3819,3
3820,3
3821,1
3822,3
3823,2
3824,2
3825,3
3826,3
3827,3
3828,2
3829,3
3830,1
3831,3
3832,2
3833,1
3834,3
3835,2
3836,3
3837,2
3838,3
3839,3
3840,1
3841,1
3842,1
3843,3
3844,1
3845,3
3846,2
3847,2
3848,2
3849,3
3850,3
3851,3
3852,1
3853,2
3854,3
3855,3
3856,2
3857,3
3858,3
3859,3
3860,2
3861,1
3862,3
3863,2
3864,3
3865,3
3866,1
3867,2
3868,1
3869,1
3870,3
3871,1
3872,2
3873,3
3874,3
3875,1
3876,1
3877,3
3878,2
3879,2
3880,2
3881,3
3882,3
3883,1
3884,1
3885,2
3886,1
3887,3
3888,3
3889,1
3890,2
3891,2
3892,1
3893,3
3894,1
3895,2
3896,1
3897,1
3898,2
3899,3
3900,3
3901,1
3902,1
3903,1
3904,2
3905,1
3906,3
3907,1
3908,1
3909,3
3910,3
3911,3
3912,3
3913,2
3914,1
3915,1
3916,2
3917,3
3918,3
3919,2
3920,2
3921,1
3922,1
3923,2
3924,2
3925,2
3926,2
3927,1
3928,1
3929,3
3930,1
3931,3
3932,3
3933,3
3934,2
3935,1
3936,3
3937,3
3938,2
3939,1
3940,3
3941,1
3942,1
3943,3
3944,3
3945,2
3946,3
3947,1
3948,2
3949,3
3950,2
3951,3
3952,2
3953,1
3954,1
3955,3
3956,2
3957,1
3958,1
3959,1
3960,3
3961,3
3962,3
3963,1
3964,1
3965,1
3966,2
3967,3
3968,3
3969,3
3970,3
3971,1
3972,2
3973,2
3974,1
3975,3
3976,1
3977,3
3978,3
3979,2
3980,3
3981,1
3982,1
3983,1
3984,3
3985,1
3986,3
3987,3
3988,3
3989,1
3990,3
3991,3
3992,2
3993,2
3994,1
3995,3
3996,3
3997,3
3998,2
3999,3
4000,3
4001,1
4002,3
4003,1
4004,2
4005,3
4006,3
4007,2
4008,1
4009,2
4010,2
4011,2
4012,2
4013,3
4014,1
4015,1
4016,1
4017,2
4018,3
4019,1
4020,2
4021,3
4022,2
4023,1
4024,2
4025,2
4026,3
4027,2
4028,2
4029,3
4030,3
4031,2
4032,3
4033,3
4034,3
4035,3
4036,3
4037,2
4038,1
4039,2
4040,3
4041,2
4042,1
4043,1
4044,3
4045,2
4046,1
4047,2
4048,1
4049,2
4050,2
4051,2
4052,2
4053,2
4054,1
4055,3
4056,1
4057,1
4058,1
4059,1
4060,2
4061,3
4062,1
4063,2
4064,3
4065,1
4066,2
4067,1
4068,2
4069,3
4070,3
4071,3
4072,1
4073,1
4074,1
4075,2
4076,2
4077,3
4078,2
4079,1
4080,1
4081,2
4082,1
4083,2
4084,2
4085,2
4086,1
4087,1
4088,1
4089,2
4090,2
4091,1
4092,1
4093,1
4094,1
4095,3
4096,1
4097,2
4098,1
4099,3
4100,2
4101,3
4102,3
4103,1
4104,1
4105,3
4106,2
4107,1
4108,3
4109,1
4110,3
4111,1
4112,1
4113,1
4114,3
4115,3
4116,2
4117,1
4118,1
4119,1
4120,2
4121,2
4122,3
4123,2
4124,2
4125,2
4126,2
4127,2
4128,2
4129,3
4130,1
4131,1
4132,2
4133,3
4134,1
4135,2
4136,1
4137,1
4138,2
4139,2
4140,2
4141,3
4142,1
4143,2
4144,3
4145,3
4146,1
4147,3
4148,1
4149,1
4150,1
4151,1
4152,1
4153,3
4154,3
4155,1
4156,2
4157,3
4158,3
4159,3
4160,1
4161,3
4162,2
4163,2
4164,1
4165,1
4166,2
4167,2
4168,2
4169,3
4170,2
4171,3
4172,3
4173,3
4174,2
4175,1
4176,2
4177,1
4178,2
4179,1
4180,3
4181,3
4182,1
4183,1
4184,3
4185,1
4186,2
4187,2
4188,2
4189,1
4190,3
4191,1
4192,1
4193,1
4194,3
4195,3
4196,2
4197,3
4198,1
4199,1
4200,1
4201,3
4202,2
4203,2
4204,3
4205,2
4206,2
4207,2
4208,1
4209,3
4210,1
4211,2
4212,1
4213,2
4214,1
4215,1
4216,3
4217,2
4218,1
4219,2
4220,1
4221,1
4222,1
4223,1
4224,2
4225,1
4226,3
4227,3
4228,3
4229,3
4230,3
4231,3
4232,2
4233,3
4234,3
4235,1
4236,1
4237,3
4238,2
4239,2
4240,3
4241,3
4242,1
4243,2
4244,2
4245,2
4246,2
4247,3
4248,2
4249,2
4250,1
4251,2
4252,1
4253,3
4254,2
4255,1
4256,1
4257,1
4258,2
4259,1
4260,1
4261,2
4262,2
4263,3
4264,2
4265,3
4266,2
4267,1
4268,1
4269,2
4270,2
4271,2
4272,3
4273,1
4274,2
4275,1
4276,2
4277,1
4278,2
4279,1
4280,2
4281,2
4282,2
4283,2
4284,3
4285,1
4286,2
4287,1
4288,2
4289,3
4290,3
4291,3
4292,3
4293,1
4294,2
4295,3
4296,3
4297,3
4298,2
4299,2
4300,2
4301,2
4302,3
4303,2
4304,1
4305,3
4306,3
4307,3
4308,3
4309,3
4310,2
4311,1
4312,3
4313,3
4314,3
4315,2
4316,1
4317,1
4318,3
4319,3
4320,1
4321,3
4322,2
4323,3
4324,2
4325,2
4326,1
4327,1
4328,2
4329,2
4330,1
4331,3
4332,2
4333,1
4334,1
4335,2
4336,2
4337,2
4338,3
4339,2
4340,2
4341,3
4342,1
4343,1
4344,3
4345,1
4346,1
4347,2
4348,2
4349,3
4350,1
4351,1
4352,3
4353,3
4354,3
4355,3
4356,1
4357,2
4358,1
4359,1
4360,2
4361,1
4362,1
4363,1
4364,1
4365,1
4366,1
4367,2
4368,2
4369,2
4370,3
4371,2
4372,3
4373,2
4374,2
4375,2
4376,3
4377,3
4378,1
4379,2
4380,1
4381,1
4382,1
4383,2
4384,3
4385,2
4386,2
4387,1
4388,1
4389,1
4390,2
4391,1
4392,2
4393,2
4394,3
4395,3
4396,1
4397,2
4398,2
4399,2
4400,3
4401,1
4402,3
4403,3
4404,1
4405,1
4406,2
4407,2
4408,3
4409,2
4410,3
4411,3
4412,3
4413,3
4414,3
4415,1
4416,3
4417,3
4418,2
4419,1
4420,2
4421,3
4422,1
4423,3
4424,2
4425,1
4426,2
4427,2
4428,2
4429,3
4430,1
4431,3
4432,2
4433,1
4434,3
4435,1
4436,1
4437,2
4438,3
4439,1
4440,3
4441,2
4442,2
4443,1
4444,1
4445,2
4446,2
4447,1
4448,1
4449,2
4450,1
4451,1
4452,2
4453,1
4454,3
4455,2
4456,2
4457,2
4458,3
4459,1
4460,1
4461,1
4462,1
4463,3
4464,1
4465,3
4466,1
4467,1
4468,1
4469,3
4470,3
4471,1
4472,1
4473,2
4474,3
4475,3
4476,2
4477,3
4478,1
4479,2
4480,2
4481,3
4482,2
4483,1
4484,2
4485,2
4486,1
4487,3
4488,1
4489,3
4490,1
4491,3
4492,1
4493,3
4494,3
4495,3
4496,2
4497,1
4498,3
4499,2
4500,1
4501,3
4502,1
4503,1
4504,2
4505,3
4506,1
4507,1
4508,2
4509,1
4510,2
4511,1
4512,3
4513,1
4514,1
4515,3
4516,2
4517,1
4518,3
4519,3
4520,3
4521,2
4522,2
4523,3
4524,1
4525,3
4526,1
4527,1
4528,3
4529,3
4530,2
4531,1
4532,2
4533,1
4534,1
4535,3
4536,1
4537,2
4538,3
4539,2
4540,3
4541,1
4542,2
4543,3
4544,1
4545,2
4546,3
4547,3
4548,3
4549,3
4550,2
4551,2
4552,1
4553,1
4554,2
4555,1
4556,1
4557,2
4558,2
4559,3
4560,2
4561,3
4562,1
4563,2
4564,2
4565,2
4566,1
4567,1
4568,3
4569,1
4570,1
4571,1
4572,3
4573,1
4574,2
4575,2
4576,1
4577,1
4578,3
4579,3
4580,3
4581,3
4582,3
4583,2
4584,2
4585,2
4586,2
4587,2
4588,3
4589,3
4590,3
4591,3
4592,1
4593,3
4594,3
4595,3
4596,1
4597,2
4598,1
4599,3
4600,1
4601,3
4602,2
4603,1
4604,1
4605,2
4606,3
4607,1
4608,1
4609,1
4610,2
4611,1
4612,2
4613,2
4614,1
4615,3
4616,2
4617,3
4618,1
4619,3
4620,2
4621,3
4622,2
4623,1
4624,1
4625,1
4626,2
4627,1
4628,3
4629,1
4630,2
4631,2
4632,2
4633,1
4634,1
4635,3
4636,2
4637,2
4638,1
4639,2
4640,1
4641,3
4642,2
4643,3
4644,2
4645,2
4646,1
4647,2
4648,3
4649,2
4650,2
4651,1
4652,1
4653,1
4654,1
4655,1
4656,2
4657,2
4658,1
4659,2
4660,3
4661,3
4662,2
4663,1
4664,2
4665,2
4666,1
4667,1
4668,3
4669,2
4670,1
4671,1
4672,3
4673,3
4674,3
4675,1
4676,2
4677,3
4678,3
4679,1
4680,2
4681,3
4682,2
4683,3
4684,3
4685,3
4686,1
4687,2
4688,2
4689,1
4690,2
4691,3
4692,2
4693,2
4694,1
4695,3
4696,2
4697,2
4698,1
4699,1
4700,3
4701,1
4702,3
4703,1
4704,1
4705,1
4706,1
4707,2
4708,1
4709,1
4710,1
4711,3
4712,3
4713,3
4714,1
4715,3
4716,1
4717,3
4718,3
4719,3
4720,2
4721,3
4722,3
4723,3
4724,2
4725,3
4726,1
4727,1
4728,3
4729,1
4730,1
4731,2
4732,3
4733,1
4734,3
4735,3
4736,3
4737,2
4738,2
4739,3
4740,2
4741,1
4742,3
4743,3
4744,3
4745,3
4746,3
4747,1
4748,2
4749,2
4750,3
4751,1
4752,3
4753,1
4754,2
4755,3
4756,3
4757,3
4758,3
4759,3
4760,1
4761,1
4762,3
4763,2
4764,3
4765,1
4766,3
4767,3
4768,1
4769,1
4770,1
4771,3
4772,1
4773,3
4774,3
4775,2
4776,3
4777,2
4778,3
4779,2
4780,1
4781,1
4782,2
4783,2
4784,1
4785,3
4786,2
4787,3
4788,3
4789,2
4790,2
4791,1
4792,2
4793,3
4794,3
4795,3
4796,1
4797,3
4798,2
4799,2
4800,2
4801,2
4802,2
4803,3
4804,3
4805,2
4806,2
4807,1
4808,3
4809,3
4810,3
4811,1
4812,3
4813,1
4814,3
4815,1
4816,3
4817,1
4818,3
4819,2
4820,1
4821,3
4822,2
4823,3
4824,2
4825,2
4826,1
4827,1
4828,2
4829,3
4830,1
4831,2
4832,2
4833,1
4834,3
4835,3
4836,2
4837,3
4838,2
4839,2
4840,3
4841,3
4842,3
4843,1
4844,3
4845,3
4846,3
4847,1
4848,3
4849,2
4850,2
4851,3
4852,3
4853,2
4854,3
4855,3
4856,1
4857,1
4858,2
4859,1
4860,3
4861,2
4862,2
4863,1
4864,3
4865,1
4866,2
4867,3
4868,1
4869,2
4870,3
4871,2
4872,2
4873,1
4874,1
4875,3
4876,3
4877,2
4878,2
4879,3
4880,2
4881,3
4882,3
4883,3
4884,2
4885,2
4886,2
4887,3
4888,3
4889,3
4890,1
4891,2
4892,2
4893,2
4894,1
4895,1
4896,3
4897,2
4898,3
4899,3
4900,3
4901,2
4902,1
4903,2
4904,1
4905,3
4906,3
4907,2
4908,1
4909,3
4910,2
4911,1
4912,3
4913,2
4914,2
4915,1
4916,3
4917,2
4918,2
4919,1
4920,3
4921,3
4922,1
4923,3
4924,3
4925,1
4926,1
4927,3
4928,1
4929,3
4930,1
4931,2
4932,1
4933,1
4934,1
4935,1
4936,2
4937,1
4938,3
4939,3
4940,3
4941,2
4942,2
4943,1
4944,1
4945,3
4946,2
4947,1
4948,3
4949,2
4950,3
4951,2
4952,2
4953,2
4954,1
4955,1
4956,3
4957,1
4958,1
4959,2
4960,2
4961,2
4962,2
4963,3
4964,2
4965,2
4966,1
4967,1
4968,3
4969,1
4970,1
4971,3
4972,2
4973,1
4974,1
4975,2
4976,1
4977,2
4978,3
4979,1
4980,3
4981,2
4982,3
4983,2
4984,1
4985,2
4986,1
4987,2
4988,2
4989,2
4990,2
4991,3
4992,3
4993,2
4994,3
4995,1
4996,1
4997,3
4998,2
4999,1
5000,3
5001,1
5002,3
5003,1
5004,3
5005,3
5006,1
5007,2
5008,3
5009,2
5010,1
5011,1
5012,3
5013,2
5014,1
5015,1
5016,1
5017,1
5018,1
5019,1
5020,1
5021,1
5022,2
5023,1
5024,3
5025,1
5026,1
5027,3
5028,3
5029,2
5030,2
5031,2
5032,2
5033,2
5034,2
5035,2
5036,2
5037,2
5038,3
5039,1
5040,1
5041,1
5042,1
5043,1
5044,3
5045,1
5046,1
5047,3
5048,2
5049,1
5050,2
5051,2
5052,1
5053,3
5054,2
5055,2
5056,1
5057,1
5058,2
5059,3
5060,2
5061,3
5062,1
5063,1
5064,2
5065,2
5066,2
5067,2
5068,1
5069,3
5070,3
5071,1
5072,1
5073,2
5074,2
5075,3
5076,1
5077,2
5078,3
5079,2
5080,2
5081,1
5082,1
5083,1
5084,3
5085,1
5086,1
5087,2
5088,3
5089,2
5090,3
5091,1
5092,1
5093,1
5094,3
5095,1
5096,1
5097,1
5098,2
5099,2
5100,1
5101,2
5102,2
5103,2
5104,3
5105,3
5106,3
5107,2
5108,2
5109,3
5110,3
5111,2
5112,2
5113,1
5114,1
5115,3
5116,1
5117,1
5118,3
5119,2
5120,2
5121,1
5122,2
5123,1
5124,3
5125,2
5126,3
5127,2
5128,1
5129,1
5130,3
5131,1
5132,3
5133,3
5134,2
5135,3
5136,2
5137,1
5138,1
5139,3
5140,3
5141,1
5142,1
5143,1
5144,1
5145,2
5146,3
5147,2
5148,2
5149,2
5150,2
5151,2
5152,3
5153,2
5154,2
5155,2
5156,3
5157,2
5158,1
5159,2
5160,1
5161,1
5162,2
5163,1
5164,2
5165,3
5166,3
5167,1
5168,2
5169,2
5170,2
5171,2
5172,1
5173,3
5174,1
5175,2
5176,1
5177,1
5178,3
5179,3
5180,1
5181,2
5182,2
5183,1
5184,2
5185,2
5186,3
5187,2
5188,1
5189,2
5190,3
5191,2
5192,1
5193,1
5194,2
5195,3
5196,1
5197,2
5198,3
5199,1
5200,3
5201,1
5202,2
5203,2
5204,3
5205,1
5206,2
5207,2
5208,3
5209,1
5210,3
5211,2
5212,2
5213,3
5214,2
5215,3
5216,3
5217,3
5218,2
5219,2
5220,3
5221,1
5222,3
5223,1
5224,1
5225,1
5226,1
5227,3
5228,3
5229,3
5230,2
5231,2
5232,2
5233,3
5234,1
5235,2
5236,1
5237,1
5238,3
5239,3
5240,3
5241,1
5242,2
5243,1
5244,2
5245,2
5246,1
5247,3
5248,2
5249,3
5250,1
5251,2
5252,1
5253,3
5254,1
5255,1
5256,3
5257,1
5258,2
5259,1
5260,1
5261,1
5262,1
5263,2
5264,3
5265,1
5266,1
5267,1
5268,2
5269,2
5270,3
5271,2
5272,2
5273,3
5274,3
5275,1
5276,3
5277,1
5278,3
5279,2
5280,3
5281,2
5282,3
5283,3
5284,3
5285,1
5286,3
5287,1
5288,2
5289,2
5290,2
5291,3
5292,1
5293,1
5294,3
5295,2
5296,2
5297,3
5298,2
5299,2
5300,3
5301,3
5302,3
5303,3
5304,2
5305,2
5306,3
5307,1
5308,3
5309,1
5310,2
5311,2
5312,3
5313,3
5314,3
5315,3
5316,2
5317,1
5318,2
5319,2
5320,1
5321,3
5322,2
5323,3
5324,3
5325,1
5326,1
5327,3
5328,1
5329,1
5330,1
5331,1
5332,1
5333,1
5334,3
5335,2
5336,2
5337,2
5338,1
5339,2
5340,1
5341,1
5342,2
5343,3
5344,3
5345,1
5346,3
5347,3
5348,3
5349,3
5350,2
5351,3
5352,2
5353,3
5354,2
5355,1
5356,2
5357,1
5358,2
5359,1
5360,1
5361,2
5362,2
5363,3
5364,2
5365,3
5366,3
5367,2
5368,2
5369,3
5370,3
5371,2
5372,1
5373,2
5374,3
5375,2
5376,1
5377,1
5378,3
5379,2
5380,1
5381,3
5382,1
5383,1
5384,2
5385,3
5386,3
5387,1
5388,1
5389,1
5390,1
5391,3
5392,3
5393,2
5394,1
5395,2
5396,3
5397,2
5398,1
5399,2
5400,1
5401,1
5402,3
5403,1
5404,1
5405,1
5406,3
5407,2
5408,2
5409,2
5410,1
5411,2
5412,2
5413,3
5414,2
5415,2
5416,3
5417,3
5418,2
5419,2
5420,2
5421,1
5422,1
5423,2
5424,3
5425,2
5426,2
5427,1
5428,3
5429,3
5430,2
5431,1
5432,2
5433,3
5434,3
5435,1
5436,3
5437,2
5438,3
5439,2
5440,3
5441,1
5442,1
5443,3
5444,2
5445,3
5446,2
5447,3
5448,1
5449,3
5450,1
5451,3
5452,3
5453,3
5454,3
5455,3
5456,1
5457,1
5458,1
5459,2
5460,2
5461,2
5462,2
5463,1
5464,1
5465,2
5466,3
5467,3
5468,3
5469,3
5470,3
5471,1
5472,2
5473,2
5474,1
5475,1
5476,3
5477,2
5478,2
5479,2
5480,1
5481,1
5482,2
5483,1
5484,3
5485,1
5486,1
5487,3
5488,3
5489,1
5490,3
5491,2
5492,2
5493,1
5494,3
5495,3
5496,2
5497,3
5498,2
5499,3
5500,1
5501,2
5502,2
5503,3
5504,3
5505,1
5506,3
5507,3
5508,3
5509,3
5510,3
5511,3
5512,3
5513,3
5514,2
5515,1
5516,1
5517,3
5518,3
5519,2
5520,1
5521,3
5522,2
5523,3
5524,3
5525,1
5526,3
5527,1
5528,1
5529,1
5530,3
5531,1
5532,2
5533,1
5534,1
5535,2
5536,2
5537,3
5538,2
5539,3
5540,1
5541,1
5542,2
5543,3
5544,3
5545,1
5546,2
5547,3
5548,2
5549,2
5550,1
5551,3
5552,2
5553,1
5554,1
5555,3
5556,1
5557,2
5558,1
5559,3
5560,3
5561,3
5562,3
5563,3
5564,1
5565,2
5566,3
5567,1
5568,2
5569,1
5570,2
5571,2
5572,3
5573,2
5574,2
5575,1
5576,2
5577,3
5578,1
5579,2
5580,2
5581,2
5582,3
5583,1
5584,3
5585,3
5586,1
5587,3
5588,2
5589,3
5590,1
5591,3
5592,1
5593,2
5594,2
5595,3
5596,2
5597,2
5598,1
5599,3
5600,1
5601,2
5602,1
5603,2
5604,3
5605,1
5606,3
5607,3
5608,2
5609,2
5610,2
5611,3
5612,2
5613,3
5614,1
5615,1
5616,3
5617,3
5618,1
5619,3
5620,1
5621,3
5622,1
5623,2
5624,1
5625,2
5626,3
5627,1
5628,2
5629,3
5630,3
5631,3
5632,1
5633,1
5634,2
5635,1
5636,1
5637,3
5638,3
5639,3
5640,3
5641,1
5642,1
5643,1
5644,1
5645,3
5646,2
5647,2
5648,2
5649,2
5650,1
5651,2
5652,2
5653,1
5654,1
5655,2
5656,3
5657,3
5658,2
5659,2
5660,1
5661,1
5662,3
5663,3
5664,3
5665,1
5666,1
5667,3
5668,3
5669,2
5670,3
5671,2
5672,1
5673,1
5674,1
5675,3
5676,3
5677,1
5678,1
5679,1
5680,3
5681,2
5682,3
5683,1
5684,1
5685,3
5686,1
5687,3
5688,2
5689,3
5690,2
5691,1
5692,3
5693,2
5694,1
5695,1
5696,1
5697,1
5698,1
5699,1
5700,2
5701,1
5702,3
5703,3
5704,3
5705,2
5706,3
5707,3
5708,1
5709,1
5710,3
5711,3
5712,2
5713,1
5714,1
5715,3
5716,2
5717,3
5718,1
5719,2
5720,1
5721,2
5722,1
5723,2
5724,2
5725,3
5726,3
5727,1
5728,2
5729,1
5730,1
5731,3
5732,2
5733,3
5734,3
5735,3
5736,1
5737,3
5738,2
5739,3
5740,1
5741,1
5742,2
5743,1
5744,2
5745,2
5746,2
5747,2
5748,1
5749,1
5750,1
5751,3
5752,3
5753,1
5754,2
5755,2
5756,2
5757,3
5758,2
5759,2
5760,2
5761,2
5762,3
5763,2
5764,2
5765,1
5766,1
5767,1
5768,1
5769,1
5770,3
5771,3
5772,1
5773,1
5774,3
5775,1
5776,3
5777,3
5778,1
5779,1
5780,3
5781,1
5782,3
5783,3
5784,2
5785,1
5786,2
5787,2
5788,3
5789,2
5790,1
5791,2
5792,3
5793,1
5794,3
5795,3
5796,2
5797,3
5798,3
5799,3
5800,3
5801,3
5802,2
5803,3
5804,3
5805,3
5806,3
5807,1
5808,2
5809,3
5810,1
5811,1
5812,1
5813,2
5814,1
5815,2
5816,1
5817,2
5818,2
5819,3
5820,2
5821,2
5822,2
5823,2
5824,1
5825,3
5826,2
5827,1
5828,3
5829,3
5830,1
5831,3
5832,1
5833,3
5834,1
5835,2
5836,2
5837,3
5838,1
5839,1
5840,2
5841,2
5842,1
5843,2
5844,2
5845,1
5846,2
5847,1
5848,1
5849,2
5850,1
5851,3
5852,3
5853,2
5854,1
5855,1
5856,3
5857,2
5858,2
5859,2
5860,2
5861,2
5862,3
5863,1
5864,1
5865,3
5866,1
5867,3
5868,2
5869,2
5870,3
5871,2
5872,1
5873,2
5874,2
5875,2
5876,3
5877,3
5878,1
5879,3
5880,3
5881,1
5882,2
5883,3
5884,1
5885,2
5886,1
5887,2
5888,1
5889,1
5890,1
5891,2
5892,1
5893,1
5894,1
5895,1
5896,3
5897,1
5898,1
5899,2
5900,1
5901,2
5902,2
5903,3
5904,3
5905,1
5906,2
5907,1
5908,3
5909,2
5910,3
5911,1
5912,1
5913,2
5914,1
5915,2
5916,3
5917,1
5918,2
5919,1
5920,3
5921,2
5922,3
5923,1
5924,3
5925,1
5926,3
5927,2
5928,2
5929,3
5930,3
5931,1
5932,2
5933,3
5934,2
5935,2
5936,2
5937,2
5938,1
5939,2
5940,3
5941,1
5942,3
5943,2
5944,3
5945,1
5946,1
5947,2
5948,2
5949,1
5950,3
5951,3
5952,3
5953,2
5954,1
5955,1
5956,2
5957,1
5958,2
5959,3
5960,3
5961,3
5962,3
5963,3
5964,2
5965,3
5966,3
5967,1
5968,2
5969,3
5970,3
5971,1
5972,1
5973,1
5974,2
5975,1
5976,2
5977,1
5978,3
5979,2
5980,1
5981,3
5982,2
5983,1
5984,2
5985,3
5986,1
5987,2
5988,2
5989,1
5990,1
5991,1
5992,2
5993,2
5994,3
5995,3
5996,2
5997,1
5998,3
5999,2
6000,2
6001,3
6002,1
6003,3
6004,2
6005,2
6006,3
6007,2
6008,1
6009,1
6010,2
6011,1
6012,2
6013,2
6014,2
6015,1
6016,2
6017,2
6018,1
6019,3
6020,2
6021,1
6022,1
6023,1
6024,3
6025,1
6026,2
6027,1
6028,1
6029,1
6030,3
6031,3
6032,1
6033,2
6034,2
6035,2
6036,1
6037,1
6038,2
6039,2
6040,2
6041,1
6042,2
6043,1
6044,3
6045,1
6046,2
6047,1
6048,3
6049,2
6050,1
6051,3
6052,1
6053,3
6054,3
6055,1
6056,3
6057,2
6058,2
6059,1
6060,2
6061,2
6062,2
6063,1
6064,2
6065,1
6066,2
6067,1
6068,2
6069,2
6070,2
6071,3
6072,1
6073,1
6074,1
6075,2
6076,1
6077,2
6078,1
6079,1
6080,2
6081,3
6082,1
6083,3
6084,1
6085,3
6086,1
6087,2
6088,1
6089,2
6090,1
6091,2
6092,2
6093,2
6094,2
6095,1
6096,1
6097,2
6098,3
6099,2
6100,2
6101,1
6102,3
6103,1
6104,3
6105,1
6106,3
6107,1
6108,1
6109,1
6110,3
6111,3
6112,2
6113,2
6114,3
6115,3
6116,2
6117,1
6118,2
6119,1
6120,2
6121,1
6122,3
6123,1
6124,3
6125,1
6126,3
6127,3
6128,1
6129,2
6130,2
6131,3
6132,2
6133,1
6134,2
6135,2
6136,1
6137,3
6138,3
6139,3
6140,1
6141,3
6142,2
6143,3
6144,1
6145,1
6146,1
6147,2
6148,1
6149,3
6150,3
6151,1
6152,2
6153,3
6154,3
6155,1
6156,2
6157,2
6158,3
6159,2
6160,1
6161,3
6162,3
6163,2
6164,2
6165,3
6166,2
6167,2
6168,3
6169,2
6170,3
6171,3
6172,3
6173,2
6174,3
6175,1
6176,2
6177,3
6178,2
6179,2
6180,3
6181,3
6182,2
6183,3
6184,1
6185,3
6186,3
6187,2
6188,3
6189,2
6190,1
6191,1
6192,2
6193,1
6194,2
6195,1
6196,3
6197,1
6198,1
6199,2
6200,2
6201,3
6202,3
6203,1
6204,1
6205,3
6206,3
6207,1
6208,3
6209,2
6210,2
6211,3
6212,3
6213,1
6214,2
6215,3
6216,1
6217,2
6218,2
6219,3
6220,2
6221,1
6222,2
6223,1
6224,1
6225,1
6226,2
6227,1
6228,1
6229,3
6230,3
6231,3
6232,2
6233,1
6234,2
6235,2
6236,1
6237,3
6238,1
6239,2
6240,3
6241,3
6242,1
6243,3
6244,3
6245,1
6246,3
6247,1
6248,1
6249,2
6250,1
6251,3
6252,2
6253,3
6254,2
6255,1
6256,1
6257,2
6258,1
6259,1
6260,1
6261,1
6262,3
6263,3
6264,3
6265,1
6266,1
6267,1
6268,2
6269,3
6270,3
6271,2
6272,2
6273,3
6274,1
6275,2
6276,1
6277,2
6278,1
6279,2
6280,3
6281,2
6282,3
6283,1
6284,1
6285,3
6286,1
6287,3
6288,3
6289,2
6290,3
6291,1
6292,1
6293,1
6294,3
6295,2
6296,1
6297,3
6298,1
6299,1
6300,2
6301,3
6302,1
6303,2
6304,1
6305,3
6306,1
6307,1
6308,2
6309,2
6310,3
6311,3
6312,2
6313,1
6314,3
6315,2
6316,1
6317,1
6318,3
6319,2
6320,2
6321,2
6322,3
6323,2
6324,1
6325,3
6326,3
6327,2
6328,3
6329,1
6330,3
6331,1
6332,2
6333,3
6334,2
6335,3
6336,3
6337,3
6338,2
6339,3
6340,1
6341,2
6342,1
6343,3
6344,2
6345,1
6346,1
6347,1
6348,1
6349,3
6350,3
6351,2
6352,3
6353,2
6354,3
6355,3
6356,2
6357,1
6358,1
6359,1
6360,3
6361,3
6362,2
6363,1
6364,1
6365,2
6366,3
6367,1
6368,1
6369,2
6370,1
6371,2
6372,2
6373,2
6374,2
6375,2
6376,2
6377,3
6378,1
6379,2
6380,2
6381,1
6382,1
6383,2
6384,3
6385,2
6386,1
6387,1
6388,2
6389,3
6390,2
6391,2
6392,2
6393,3
6394,3
6395,1
6396,2
6397,3
6398,2
6399,2
6400,3
6401,3
6402,2
6403,3
6404,2
6405,2
6406,3
6407,3
6408,2
6409,2
6410,2
6411,3
6412,2
6413,3
6414,3
6415,2
6416,2
6417,3
6418,2
6419,3
6420,1
6421,2
6422,2
6423,3
6424,3
6425,2
6426,2
6427,3
6428,3
6429,2
6430,1
6431,1
6432,1
6433,1
6434,1
6435,3
6436,2
6437,2
6438,3
6439,2
6440,3
6441,3
6442,1
6443,2
6444,2
6445,3
6446,3
6447,1
6448,3
6449,2
6450,2
6451,2
6452,2
6453,1
6454,2
6455,3
6456,2
6457,1
6458,2
6459,3
6460,3
6461,1
6462,3
6463,3
6464,3
6465,3
6466,3
6467,3
6468,2
6469,2
6470,3
6471,2
6472,3
6473,3
6474,1
6475,1
6476,2
6477,1
6478,2
6479,2
6480,2
6481,3
6482,2
6483,3
6484,3
6485,1
6486,1
6487,2
6488,1
6489,1
6490,3
6491,2
6492,2
6493,3
6494,3
6495,3
6496,3
6497,2
6498,1
6499,3
6500,3
6501,2
6502,3
6503,3
6504,2
6505,1
6506,2
6507,2
6508,2
6509,1
6510,1
6511,3
6512,2
6513,2
6514,3
6515,3
6516,2
6517,3
6518,2
6519,2
6520,3
6521,1
6522,3
6523,2
6524,2
6525,1
6526,3
6527,1
6528,3
6529,1
6530,2
6531,1
6532,2
6533,2
6534,2
6535,3
6536,2
6537,1
6538,1
6539,1
6540,1
6541,2
6542,3
6543,3
6544,2
6545,2
6546,3
6547,1
6548,1
6549,1
6550,2
6551,3
6552,2
6553,1
6554,1
6555,2
6556,1
6557,1
6558,1
6559,2
6560,3
6561,1
6562,1
6563,1
6564,3
6565,1
6566,2
6567,3
6568,1
6569,3
6570,3
6571,1
6572,3
6573,3
6574,1
6575,1
6576,3
6577,1
6578,1
6579,1
6580,1
6581,1
6582,2
6583,1
6584,1
6585,3
6586,2
6587,3
6588,2
6589,3
6590,2
6591,3
6592,1
6593,1
6594,3
6595,2
6596,1
6597,1
6598,2
6599,1
6600,1
6601,1
6602,2
6603,3
6604,1
6605,3
6606,2
6607,2
6608,1
6609,2
6610,1
6611,1
6612,2
6613,2
6614,1
6615,1
6616,2
6617,3
6618,3
6619,2
6620,1
6621,1
6622,3
6623,1
6624,1
6625,3
6626,3
6627,1
6628,2
6629,1
6630,3
6631,2
6632,2
6633,3
6634,3
6635,2
6636,2
6637,2
6638,2
6639,3
6640,3
6641,3
6642,2
6643,2
6644,2
6645,3
6646,1
6647,1
6648,2
6649,2
6650,3
6651,1
6652,3
6653,3
6654,1
6655,3
6656,1
6657,1
6658,3
6659,3
6660,2
6661,3
6662,2
6663,2
6664,2
6665,3
6666,2
6667,3
6668,3
6669,1
6670,2
6671,1
6672,1
6673,1
6674,1
6675,3
6676,2
6677,3
6678,2
6679,3
6680,1
6681,1
6682,2
6683,3
6684,3
6685,1
6686,1
6687,2
6688,2
6689,3
6690,3
6691,3
6692,1
6693,1
6694,1
6695,2
6696,1
6697,2
6698,3
6699,1
6700,2
6701,2
6702,1
6703,2
6704,2
6705,3
6706,1
6707,1
6708,1
6709,3
6710,2
6711,1
6712,2
6713,3
6714,2
6715,2
6716,2
6717,2
6718,2
6719,2
6720,1
6721,1
6722,2
6723,3
6724,1
6725,3
6726,3
6727,2
6728,1
6729,1
6730,2
6731,1
6732,1
6733,3
6734,2
6735,3
6736,1
6737,1
6738,3
6739,1
6740,1
6741,3
6742,2
6743,2
6744,2
6745,2
6746,2
6747,2
6748,1
6749,2
6750,2
6751,2
6752,2
6753,1
6754,3
6755,3
6756,2
6757,3
6758,3
6759,3
6760,3
6761,3
6762,3
6763,2
6764,3
6765,1
6766,2
6767,1
6768,2
6769,1
6770,2
6771,3
6772,2
6773,3
6774,1
6775,1
6776,3
6777,3
6778,2
6779,2
6780,2
6781,1
6782,1
6783,3
6784,3
6785,2
6786,1
6787,2
6788,3
6789,3
6790,3
6791,3
6792,2
6793,2
6794,2
6795,1
6796,2
6797,2
6798,1
6799,2
6800,3
6801,3
6802,2
6803,2
6804,2
6805,2
6806,3
6807,3
6808,2
6809,2
6810,1
6811,2
6812,2
6813,2
6814,1
6815,1
6816,1
6817,3
6818,3
6819,1
6820,2
6821,2
6822,3
6823,2
6824,1
6825,2
6826,1
6827,2
6828,2
6829,2
6830,2
6831,2
6832,2
6833,1
6834,2
6835,2
6836,1
6837,2
6838,2
6839,3
6840,2
6841,2
6842,3
6843,3
6844,3
6845,3
6846,2
6847,1
6848,1
6849,2
6850,2
6851,1
6852,3
6853,1
6854,3
6855,1
6856,2
6857,1
6858,2
6859,3
6860,1
6861,3
6862,1
6863,3
6864,1
6865,2
6866,2
6867,3
6868,2
6869,1
6870,2
6871,3
6872,2
6873,2
6874,3
6875,3
6876,2
6877,3
6878,1
6879,2
6880,1
6881,2
6882,1
6883,3
6884,1
6885,2
6886,3
6887,1
6888,3
6889,1
6890,2
6891,3
6892,3
6893,3
6894,1
6895,3
6896,1
6897,2
6898,1
6899,1
6900,2
6901,3
6902,3
6903,2
6904,2
6905,1
6906,1
6907,1
6908,2
6909,1
6910,1
6911,2
6912,3
6913,3
6914,2
6915,2
6916,1
6917,3
6918,2
6919,3
6920,1
6921,3
6922,3
6923,3
6924,1
6925,3
6926,2
6927,1
6928,1
6929,3
6930,3
6931,3
6932,2
6933,1
6934,3
6935,3
6936,3
6937,3
6938,2
6939,2
6940,3
6941,1
6942,3
6943,3
6944,3
6945,2
6946,1
6947,1
6948,3
6949,3
6950,1
6951,1
6952,1
6953,3
6954,3
6955,2
6956,1
6957,3
6958,1
6959,2
6960,1
6961,2
6962,2
6963,3
6964,1
6965,1
6966,3
6967,2
6968,1
6969,1
6970,1
6971,1
6972,3
6973,3
6974,3
6975,3
6976,2
6977,1
6978,2
6979,2
6980,1
6981,1
6982,3
6983,2
6984,1
6985,3
6986,2
6987,3
6988,2
6989,1
6990,1
6991,2
6992,1
6993,1
6994,2
6995,1
6996,2
6997,3
6998,2
6999,3
7000,3
7001,3
7002,1
7003,3
7004,3
7005,1
7006,1
7007,1
7008,1
7009,1
7010,3
7011,2
7012,1
7013,3
7014,2
7015,3
7016,1
7017,2
7018,3
7019,2
7020,1
7021,2
7022,1
7023,1
7024,1
7025,1
7026,2
7027,1
7028,2
7029,1
7030,1
7031,1
7032,1
7033,3
7034,3
7035,2
7036,1
7037,3
7038,1
7039,3
7040,3
7041,1
7042,2
7043,1
7044,3
7045,1
7046,3
7047,2
7048,1
7049,2
7050,1
7051,2
7052,1
7053,3
7054,2
7055,2
7056,1
7057,1
7058,1
7059,1
7060,1
7061,2
7062,2
7063,3
7064,1
7065,2
7066,3
7067,2
7068,3
7069,3
7070,2
7071,2
7072,1
7073,2
7074,2
7075,1
7076,1
7077,3
7078,3
7079,1
7080,3
7081,1
7082,2
7083,1
7084,1
7085,1
7086,2
7087,1
7088,1
7089,3
7090,3
7091,2
7092,1
7093,2
7094,3
7095,2
7096,1
7097,2
7098,2
7099,3
7100,1
7101,3
7102,2
7103,2
7104,3
7105,3
7106,1
7107,3
7108,3
7109,1
7110,1
7111,3
7112,1
7113,2
7114,2
7115,2
7116,3
7117,1
7118,3
7119,3
7120,2
7121,3
7122,2
7123,2
7124,3
7125,1
7126,2
7127,1
7128,1
7129,3
7130,2
7131,2
7132,3
7133,2
7134,1
7135,2
7136,3
7137,2
7138,2
7139,1
7140,2
7141,1
7142,3
7143,1
7144,3
7145,3
7146,2
7147,2
7148,1
7149,1
7150,2
7151,2
7152,3
7153,1
7154,2
7155,3
7156,3
7157,3
7158,2
7159,3
7160,3
7161,1
7162,2
7163,2
7164,2
7165,2
7166,1
7167,2
7168,2
7169,2
7170,3
7171,3
7172,2
7173,3
7174,1
7175,3
7176,1
7177,3
7178,3
7179,1
7180,2
7181,3
7182,3
7183,1
7184,1
7185,3
7186,2
7187,1
7188,2
7189,1
7190,3
7191,1
7192,2
7193,2
7194,3
7195,2
7196,2
7197,2
7198,3
7199,1
7200,1
7201,2
7202,2
7203,1
7204,2
7205,2
7206,1
7207,2
7208,3
7209,3
7210,1
7211,2
7212,1
7213,2
7214,3
7215,3
7216,2
7217,2
7218,3
7219,1
7220,1
7221,1
7222,2
7223,1
7224,1
7225,2
7226,1
7227,2
7228,2
7229,1
7230,1
7231,2
7232,3
7233,2
7234,3
7235,2
7236,2
7237,2
7238,3
7239,1
7240,2
7241,2
7242,2
7243,1
7244,2
7245,3
7246,1
7247,3
7248,3
7249,2
7250,1
7251,2
7252,2
7253,1
7254,2
7255,3
7256,3
7257,1
7258,1
7259,1
7260,3
7261,3
7262,2
7263,2
7264,1
7265,1
7266,1
7267,1
7268,1
7269,3
7270,2
7271,2
7272,1
7273,1
7274,3
7275,3
7276,1
7277,3
7278,2
7279,3
7280,2
7281,2
7282,3
7283,2
7284,3
7285,3
7286,3
7287,2
7288,1
7289,3
7290,3
7291,3
7292,1
7293,3
7294,1
7295,2
7296,1
7297,3
7298,1
7299,3
7300,3
7301,3
7302,2
7303,1
7304,2
7305,1
7306,1
7307,2
7308,1
7309,1
7310,3
7311,2
7312,1
7313,1
7314,3
7315,1
7316,2
7317,3
7318,2
7319,3
7320,2
7321,3
7322,2
7323,3
7324,2
7325,3
7326,1
7327,3
7328,3
7329,3
7330,1
7331,2
7332,3
7333,1
7334,2
7335,1
7336,3
7337,1
7338,2
7339,3
7340,2
7341,2
7342,1
7343,2
7344,1
7345,3
7346,1
7347,3
7348,3
7349,1
7350,2
7351,1
7352,3
7353,3
7354,3
7355,1
7356,2
7357,1
7358,3
7359,2
7360,3
7361,3
7362,2
7363,2
7364,3
7365,2
7366,1
7367,3
7368,3
7369,3
7370,1
7371,2
7372,1
7373,3
7374,2
7375,2
7376,2
7377,2
7378,2
7379,2
7380,2
7381,3
7382,3
7383,2
7384,2
7385,2
7386,2
7387,3
7388,3
7389,3
7390,2
7391,3
7392,2
7393,2
7394,1
7395,2
7396,1
7397,3
7398,2
7399,2
7400,2
7401,2
7402,2
7403,2
7404,3
7405,2
7406,3
7407,1
7408,3
7409,1
7410,2
7411,2
7412,1
7413,1
7414,3
7415,3
7416,3
7417,3
7418,3
7419,2
7420,2
7421,3
7422,2
7423,1
7424,2
7425,1
7426,3
7427,1
7428,1
7429,3
7430,3
7431,3
7432,1
7433,1
7434,3
7435,2
7436,2
7437,2
7438,1
7439,1
7440,3
7441,3
7442,3
7443,2
7444,3
7445,1
7446,3
7447,3
7448,3
7449,2
7450,3
7451,2
7452,3
7453,2
7454,2
7455,1
7456,1
7457,1
7458,2
7459,2
7460,2
7461,3
7462,1
7463,1
7464,3
7465,2
7466,2
7467,2
7468,1
7469,2
7470,2
7471,3
7472,2
7473,3
7474,3
7475,3
7476,3
7477,1
7478,2
7479,1
7480,2
7481,1
7482,1
7483,3
7484,2
7485,2
7486,3
7487,2
7488,1
7489,3
7490,1
7491,2
7492,2
7493,3
7494,3
7495,1
7496,2
7497,3
7498,1
7499,2
7500,1
7501,1
7502,2
7503,2
7504,3
7505,2
7506,2
7507,1
7508,3
7509,1
7510,2
7511,2
7512,3
7513,2
7514,3
7515,2
7516,2
7517,3
7518,1
7519,2
7520,2
7521,1
7522,2
7523,2
7524,1
7525,1
7526,3
7527,2
7528,1
7529,2
7530,3
7531,3
7532,2
7533,3
7534,2
7535,2
7536,3
7537,2
7538,3
7539,2
7540,3
7541,3
7542,1
7543,1
7544,2
7545,3
7546,3
7547,1
7548,3
7549,3
7550,1
7551,1
7552,3
7553,1
7554,1
7555,1
7556,1
7557,3
7558,3
7559,1
7560,1
7561,2
7562,1
7563,2
7564,1
7565,3
7566,3
7567,1
7568,1
7569,3
7570,1
7571,1
7572,2
7573,3
7574,1
7575,2
7576,1
7577,1
7578,2
7579,2
7580,1
7581,2
7582,3
7583,1
7584,3
7585,3
7586,2
7587,2
7588,2
7589,3
7590,1
7591,1
7592,2
7593,1
7594,1
7595,1
7596,3
7597,3
7598,1
7599,2
7600,3
7601,1
7602,2
7603,1
7604,2
7605,3
7606,2
7607,3
7608,1
7609,1
7610,3
7611,2
7612,3
7613,1
7614,2
7615,1
7616,3
7617,2
7618,2
7619,1
7620,2
7621,2
7622,3
7623,1
7624,3
7625,1
7626,3
7627,3
7628,3
7629,2
7630,1
7631,3
7632,2
7633,1
7634,1
7635,3
7636,2
7637,2
7638,1
7639,1
7640,2
7641,2
7642,3
7643,1
7644,3
7645,1
7646,1
7647,3
7648,2
7649,3
7650,2
7651,1
7652,1
7653,2
7654,3
7655,1
7656,3
7657,3
7658,1
7659,3
7660,2
7661,2
7662,1
7663,3
7664,3
7665,3
7666,1
7667,2
7668,1
7669,3
7670,2
7671,1
7672,1
7673,3
7674,2
7675,2
7676,2
7677,2
7678,1
7679,1
7680,3
7681,1
7682,3
7683,1
7684,3
7685,1
7686,2
7687,3
7688,2
7689,1
7690,1
7691,1
7692,3
7693,3
7694,1
7695,1
7696,1
7697,1
7698,2
7699,2
7700,1
7701,1
7702,3
7703,2
7704,1
7705,3
7706,2
7707,2
7708,3
7709,2
7710,1
7711,3
7712,3
7713,3
7714,3
7715,1
7716,2
7717,2
7718,3
7719,2
7720,2
7721,3
7722,3
7723,1
7724,1
7725,1
7726,2
7727,2
7728,1
7729,3
7730,3
7731,3
7732,3
7733,2
7734,1
7735,1
7736,2
7737,2
7738,1
7739,2
7740,2
7741,3
7742,2
7743,3
7744,3
7745,2
7746,1
7747,1
7748,3
7749,2
7750,3
7751,1
7752,2
7753,1
7754,3
7755,2
7756,1
7757,1
7758,1
7759,1
7760,2
7761,2
7762,2
7763,3
7764,1
7765,1
7766,3
7767,2
7768,2
7769,3
7770,3
7771,2
7772,1
7773,1
7774,2
7775,1
7776,3
7777,2
7778,2
7779,2
7780,2
7781,1
7782,3
7783,1
7784,3
7785,1
7786,3
7787,3
7788,1
7789,2
7790,2
7791,1
7792,3
7793,2
7794,2
7795,1
7796,2
7797,1
7798,1
7799,1
7800,2
7801,1
7802,3
7803,2
7804,3
7805,1
7806,3
7807,1
7808,3
7809,2
7810,2
7811,2
7812,3
7813,2
7814,3
7815,2
7816,3
7817,1
7818,3
7819,2
7820,3
7821,3
7822,3
7823,1
7824,2
7825,2
7826,2
7827,2
7828,2
7829,2
7830,2
7831,1
7832,1
7833,1
7834,1
7835,2
7836,3
7837,2
7838,3
7839,1
7840,3
7841,1
7842,3
7843,1
7844,1
7845,3
7846,2
7847,3
7848,1
7849,3
7850,3
7851,3
7852,1
7853,1
7854,3
7855,2
7856,2
7857,3
7858,2
7859,3
7860,1
7861,3
7862,2
7863,3
7864,3
7865,2
7866,1
7867,3
7868,1
7869,1
7870,1
7871,3
7872,1
7873,2
7874,1
7875,3
7876,3
7877,2
7878,1
7879,1
7880,1
7881,1
7882,1
7883,1
7884,1
7885,1
7886,1
7887,2
7888,1
7889,3
7890,3
7891,2
7892,3
7893,2
7894,3
7895,1
7896,1
7897,2
7898,2
7899,3
7900,3
7901,3
7902,2
7903,3
7904,2
7905,3
7906,3
7907,3
7908,1
7909,3
7910,3
7911,3
7912,3
7913,1
7914,2
7915,1
7916,1
7917,3
7918,2
7919,1
7920,3
7921,1
7922,2
7923,1
7924,3
7925,3
7926,2
7927,1
7928,1
7929,3
7930,3
7931,1
7932,2
7933,3
7934,1
7935,2
7936,1
7937,3
7938,1
7939,1
7940,2
7941,2
7942,3
7943,3
7944,1
7945,2
7946,2
7947,3
7948,1
7949,1
7950,3
7951,2
7952,1
7953,3
7954,1
7955,1
7956,3
7957,1
7958,2
7959,3
7960,2
7961,1
7962,1
7963,3
7964,3
7965,2
7966,3
7967,3
7968,2
7969,3
7970,2
7971,2
7972,3
7973,3
7974,1
7975,2
7976,2
7977,1
7978,3
7979,3
7980,1
7981,1
7982,3
7983,2
7984,1
7985,2
7986,3
7987,3
7988,1
7989,1
7990,2
7991,3
7992,2
7993,3
7994,3
7995,3
7996,3
7997,1
7998,1
7999,3
8000,3
8001,3
8002,2
8003,2
8004,3
8005,3
8006,2
8007,3
8008,1
8009,3
8010,2
8011,1
8012,3
8013,3
8014,3
8015,1
8016,2
8017,2
8018,1
8019,2
8020,2
8021,1
8022,3
8023,2
8024,3
8025,1
8026,1
8027,3
8028,3
8029,1
8030,1
8031,1
8032,3
8033,2
8034,2
8035,2
8036,1
8037,1
8038,1
8039,3
8040,1
8041,2
8042,2
8043,1
8044,1
8045,3
8046,2
8047,3
8048,2
8049,3
8050,3
8051,2
8052,1
8053,3
8054,3
8055,2
8056,1
8057,2
8058,2
8059,2
8060,2
8061,3
8062,1
8063,3
8064,1
8065,2
8066,1
8067,1
8068,1
8069,3
8070,3
8071,1
8072,2
8073,1
8074,2
8075,1
8076,2
8077,2
8078,1
8079,1
8080,3
8081,3
8082,1
8083,2
8084,1
8085,2
8086,1
8087,3
8088,3
8089,1
8090,3
8091,2
8092,1
8093,3
8094,3
8095,2
8096,1
8097,3
8098,2
8099,2
8100,1
8101,2
8102,1
8103,2
8104,1
8105,2
8106,2
8107,3
8108,2
8109,2
8110,2
8111,1
8112,1
8113,1
8114,3
8115,1
8116,3
8117,3
8118,1
8119,1
8120,1
8121,3
8122,3
8123,1
8124,1
8125,3
8126,3
8127,1
8128,2
8129,2
8130,1
8131,2
8132,3
8133,3
8134,1
8135,1
8136,3
8137,3
8138,2
8139,3
8140,2
8141,3
8142,2
8143,3
8144,3
8145,1
8146,1
8147,1
8148,2
8149,2
8150,3
8151,3
8152,1
8153,2
8154,1
8155,2
8156,3
8157,1
8158,3
8159,2
8160,1
8161,1
8162,2
8163,3
8164,2
8165,1
8166,2
8167,2
8168,3
8169,2
8170,2
8171,1
8172,1
8173,3
8174,2
8175,2
8176,1
8177,2
8178,2
8179,1
8180,3
8181,2
8182,3
8183,3
8184,1
8185,1
8186,3
8187,1
8188,1
8189,3
8190,1
8191,1
8192,2
8193,3
8194,3
8195,1
8196,2
8197,2
8198,2
8199,1
8200,1
8201,3
8202,1
8203,1
8204,1
8205,1
8206,1
8207,2
8208,2
8209,3
8210,3
8211,2
8212,1
8213,2
8214,2
8215,2
8216,2
8217,2
8218,3
8219,2
8220,1
8221,2
8222,3
8223,3
8224,2
8225,1
8226,2
8227,1
8228,1
8229,3
8230,1
8231,2
8232,2
8233,1
8234,3
8235,1
8236,2
8237,3
8238,2
8239,1
8240,1
8241,1
8242,1
8243,1
8244,1
8245,1
8246,3
8247,1
8248,1
8249,1
8250,3
8251,1
8252,2
8253,1
8254,2
8255,3
8256,2
8257,2
8258,3
8259,2
8260,3
8261,3
8262,1
8263,3
8264,2
8265,1
8266,1
8267,2
8268,2
8269,2
8270,2
8271,2
8272,1
8273,1
8274,2
8275,2
8276,1
8277,2
8278,1
8279,1
8280,1
8281,2
8282,1
8283,3
8284,1
8285,2
8286,2
8287,2
8288,2
8289,1
8290,2
8291,3
8292,3
8293,1
8294,2
8295,1
8296,2
8297,1
8298,1
8299,1
8300,2
8301,2
8302,2
8303,2
8304,1
8305,2
8306,3
8307,2
8308,1
8309,1
8310,1
8311,2
8312,2
8313,3
8314,3
8315,2
8316,2
8317,1
8318,1
8319,1
8320,2
8321,3
8322,1
8323,2
8324,3
8325,3
8326,3
8327,1
8328,1
8329,1
8330,2
8331,3
8332,2
8333,1
8334,2
8335,1
8336,2
8337,1
8338,2
8339,3
8340,3
8341,3
8342,1
8343,1
8344,3
8345,1
8346,2
8347,2
8348,1
8349,3
8350,3
8351,3
8352,1
8353,3
8354,1
8355,1
8356,3
8357,3
8358,3
8359,1
8360,2
8361,3
8362,3
8363,1
8364,3
8365,1
8366,3
8367,3
8368,1
8369,3
8370,2
8371,1
8372,3
8373,2
8374,3
8375,3
8376,3
8377,3
8378,2
8379,3
8380,1
8381,1
8382,3
8383,1
8384,1
8385,1
8386,2
8387,1
8388,1
8389,3
8390,2
8391,3
8392,3
8393,2
8394,2
8395,1
8396,2
8397,1
8398,3
8399,2
8400,2
8401,1
8402,2
8403,1
8404,2
8405,1
8406,1
8407,1
8408,1
8409,1
8410,2
8411,1
8412,2
8413,1
8414,2
8415,1
8416,1
8417,1
8418,3
8419,3
8420,2
8421,3
8422,1
8423,1
8424,2
8425,1
8426,3
8427,3
8428,1
8429,3
8430,3
8431,2
8432,1
8433,3
8434,2
8435,3
8436,2
8437,1
8438,2
8439,2
8440,3
8441,1
8442,3
8443,3
8444,3
8445,3
8446,2
8447,2
8448,3
8449,2
8450,2
8451,3
8452,1
8453,1
8454,3
8455,2
8456,1
8457,1
8458,1
8459,2
8460,1
8461,3
8462,1
8463,3
8464,1
8465,2
8466,2
8467,3
8468,3
8469,1
8470,3
8471,3
8472,2
8473,3
8474,3
8475,3
8476,1
8477,1
8478,3
8479,3
8480,1
8481,1
8482,3
8483,2
8484,2
8485,3
8486,3
8487,2
8488,2
8489,1
8490,2
8491,1
8492,1
8493,2
8494,1
8495,3
8496,1
8497,3
8498,3
8499,2
8500,2
8501,2
8502,3
8503,2
8504,3
8505,1
8506,1
8507,3
8508,1
8509,2
8510,3
8511,3
8512,2
8513,2
8514,1
8515,1
8516,3
8517,2
8518,1
8519,1
8520,3
8521,2
8522,2
8523,2
8524,2
8525,3
8526,1
8527,2
8528,2
8529,3
8530,2
8531,3
8532,2
8533,3
8534,2
8535,3
8536,1
8537,3
8538,1
8539,1
8540,3
8541,3
8542,3
8543,1
8544,1
8545,3
8546,2
8547,1
8548,3
8549,2
8550,2
8551,2
8552,3
8553,1
8554,3
8555,2
8556,2
8557,1
8558,1
8559,3
8560,2
8561,2
8562,2
8563,1
8564,1
8565,3
8566,2
8567,3
8568,3
8569,1
8570,3
8571,3
8572,2
8573,2
8574,2
8575,2
8576,1
8577,2
8578,3
8579,2
8580,1
8581,1
8582,1
8583,2
8584,2
8585,3
8586,2
8587,3
8588,1
8589,1
8590,3
8591,2
8592,2
8593,2
8594,2
8595,3
8596,2
8597,1
8598,3
8599,1
8600,2
8601,3
8602,2
8603,1
8604,3
8605,2
8606,1
8607,2
8608,2
8609,1
8610,1
8611,1
8612,3
8613,1
8614,1
8615,2
8616,2
8617,2
8618,3
8619,2
8620,2
8621,2
8622,2
8623,1
8624,1
8625,2
8626,1
8627,1
8628,3
8629,2
8630,1
8631,2
8632,2
8633,3
8634,3
8635,2
8636,1
8637,1
8638,3
8639,3
8640,3
8641,1
8642,2
8643,3
8644,1
8645,3
8646,1
8647,2
8648,3
8649,2
8650,1
8651,1
8652,2
8653,2
8654,2
8655,3
8656,1
8657,3
8658,1
8659,2
8660,3
8661,3
8662,1
8663,1
8664,2
8665,1
8666,1
8667,2
8668,1
8669,3
8670,3
8671,3
8672,1
8673,2
8674,2
8675,2
8676,3
8677,1
8678,1
8679,3
8680,3
8681,2
8682,2
8683,1
8684,1
8685,2
8686,3
8687,2
8688,3
8689,1
8690,2
8691,3
8692,3
8693,3
8694,2
8695,1
8696,1
8697,1
8698,1
8699,1
8700,3
8701,3
8702,1
8703,3
8704,1
8705,1
8706,2
8707,3
8708,3
8709,2
8710,3
8711,1
8712,3
8713,3
8714,2
8715,1
8716,1
8717,2
8718,2
8719,2
8720,2
8721,1
8722,1
8723,1
8724,2
8725,1
8726,1
8727,3
8728,3
8729,2
8730,1
8731,3
8732,1
8733,3
8734,1
8735,1
8736,1
8737,2
8738,1
8739,2
8740,2
8741,2
8742,2
8743,3
8744,2
8745,3
8746,1
8747,3
8748,3
8749,1
8750,1
8751,2
8752,3
8753,1
8754,2
8755,2
8756,1
8757,2
8758,2
8759,1
8760,2
8761,1
8762,1
8763,1
8764,1
8765,3
8766,1
8767,1
8768,2
8769,3
8770,2
8771,2
8772,3
8773,2
8774,1
8775,1
8776,3
8777,1
8778,1
8779,3
8780,2
8781,1
8782,3
8783,3
8784,1
8785,3
8786,2
8787,3
8788,3
8789,1
8790,2
8791,2
8792,1
8793,2
8794,2
8795,2
8796,2
8797,3
8798,1
8799,3
8800,1
8801,3
8802,1
8803,3
8804,3
8805,2
8806,1
8807,2
8808,3
8809,3
8810,2
8811,1
8812,1
8813,1
8814,2
8815,1
8816,2
8817,1
8818,3
8819,2
8820,2
8821,3
8822,2
8823,2
8824,2
8825,2
8826,2
8827,1
8828,3
8829,3
8830,2
8831,1
8832,2
8833,3
8834,2
8835,3
8836,2
8837,1
8838,2
8839,1
8840,1
8841,3
8842,1
8843,3
8844,3
8845,3
8846,1
8847,3
8848,3
8849,1
8850,2
8851,2
8852,1
8853,1
8854,1
8855,2
8856,3
8857,3
8858,1
8859,3
8860,3
8861,2
8862,3
8863,3
8864,2
8865,3
8866,1
8867,2
8868,3
8869,1
8870,2
8871,1
8872,1
8873,2
8874,3
8875,2
8876,3
8877,2
8878,1
8879,1
8880,1
8881,1
8882,1
8883,2
8884,1
8885,1
8886,2
8887,1
8888,2
8889,1
8890,1
8891,1
8892,3
8893,3
8894,3
8895,3
8896,1
8897,2
8898,2
8899,3
8900,1
8901,3
8902,3
8903,2
8904,1
8905,3
8906,1
8907,1
8908,2
8909,3
8910,2
8911,3
8912,1
8913,2
8914,1
8915,2
8916,1
8917,1
8918,2
8919,2
8920,3
8921,2
8922,3
8923,2
8924,1
8925,2
8926,1
8927,1
8928,1
8929,1
8930,3
8931,2
8932,1
8933,1
8934,1
8935,2
8936,2
8937,3
8938,1
8939,2
8940,1
8941,3
8942,1
8943,3
8944,3
8945,1
8946,1
8947,1
8948,3
8949,2
8950,3
8951,1
8952,1
8953,1
8954,2
8955,3
8956,3
8957,3
8958,1
8959,2
8960,1
8961,1
8962,3
8963,2
8964,3
8965,1
8966,1
8967,2
8968,2
8969,2
8970,3
8971,2
8972,2
8973,2
8974,2
8975,2
8976,1
8977,3
8978,3
8979,2
8980,2
8981,3
8982,3
8983,2
8984,1
8985,2
8986,1
8987,3
8988,1
8989,2
8990,3
8991,3
8992,1
8993,3
8994,1
8995,1
8996,2
8997,3
8998,3
8999,1
9000,1
9001,1
9002,1
9003,3
9004,3
9005,3
9006,3
9007,3
9008,1
9009,1
9010,1
9011,1
9012,2
9013,3
9014,1
9015,2
9016,1
9017,3
9018,3
9019,3
9020,2
9021,2
9022,2
9023,1
9024,2
9025,3
9026,3
9027,2
9028,2
9029,2
9030,1
9031,1
9032,1
9033,1
9034,1
9035,3
9036,3
9037,2
9038,2
9039,3
9040,2
9041,2
9042,1
9043,2
9044,3
9045,3
9046,1
9047,3
9048,2
9049,2
9050,1
9051,3
9052,3
9053,1
9054,1
9055,3
9056,1
9057,1
9058,2
9059,2
9060,2
9061,2
9062,2
9063,2
9064,2
9065,1
9066,2
9067,1
9068,2
9069,2
9070,2
9071,3
9072,1
9073,3
9074,2
9075,1
9076,1
9077,2
9078,2
9079,2
9080,1
9081,2
9082,1
9083,2
9084,3
9085,2
9086,2
9087,1
9088,2
9089,3
9090,2
9091,1
9092,1
9093,2
9094,1
9095,1
9096,1
9097,3
9098,3
9099,3
9100,3
9101,3
9102,1
9103,3
9104,2
9105,2
9106,2
9107,1
9108,3
9109,3
9110,1
9111,1
9112,2
9113,1
9114,3
9115,2
9116,1
9117,1
9118,3
9119,2
9120,2
9121,2
9122,2
9123,2
9124,2
9125,1
9126,3
9127,3
9128,2
9129,2
9130,2
9131,1
9132,2
9133,2
9134,2
9135,3
9136,3
9137,1
9138,3
9139,3
9140,3
9141,2
9142,3
9143,2
9144,2
9145,3
9146,1
9147,1
9148,1
9149,2
9150,3
9151,1
9152,3
9153,3
9154,3
9155,3
9156,2
9157,1
9158,3
9159,1
9160,3
9161,3
9162,3
9163,1
9164,3
9165,2
9166,3
9167,1
9168,2
9169,2
9170,3
9171,2
9172,1
9173,2
9174,1
9175,1
9176,3
9177,1
9178,1
9179,2
9180,2
9181,3
9182,1
9183,1
9184,1
9185,3
9186,3
9187,3
9188,2
9189,1
9190,2
9191,1
9192,2
9193,2
9194,1
9195,3
9196,2
9197,1
9198,1
9199,3
9200,1
9201,2
9202,3
9203,1
9204,2
9205,2
9206,1
9207,1
9208,2
9209,1
9210,3
9211,2
9212,3
9213,1
9214,3
9215,1
9216,2
9217,1
9218,3
9219,2
9220,1
9221,1
9222,2
9223,2
9224,1
9225,1
9226,3
9227,2
9228,2
9229,3
9230,3
9231,3
9232,1
9233,3
9234,3
9235,1
9236,3
9237,3
9238,1
9239,2
9240,3
9241,2
9242,2
9243,3
9244,1
9245,1
9246,1
9247,3
9248,3
9249,1
9250,2
9251,3
9252,2
9253,2
9254,3
9255,3
9256,2
9257,2
9258,3
9259,3
9260,2
9261,1
9262,3
9263,2
9264,1
9265,3
9266,1
9267,1
9268,2
9269,3
9270,1
9271,3
9272,3
9273,2
9274,1
9275,1
9276,1
9277,1
9278,3
9279,3
9280,1
9281,3
9282,3
9283,1
9284,2
9285,1
9286,3
9287,2
9288,1
9289,1
9290,2
9291,3
9292,2
9293,2
9294,2
9295,3
9296,2
9297,2
9298,3
9299,3
9300,1
9301,2
9302,2
9303,2
9304,1
9305,1
9306,1
9307,3
9308,1
9309,2
9310,1
9311,2
9312,2
9313,2
9314,1
9315,2
9316,1
9317,2
9318,1
9319,3
9320,3
9321,1
9322,2
9323,2
9324,2
9325,1
9326,3
9327,1
9328,3
9329,3
9330,3
9331,1
9332,3
9333,3
9334,2
9335,3
9336,1
9337,2
9338,2
9339,3
9340,1
9341,1
9342,3
9343,3
9344,1
9345,1
9346,2
9347,2
9348,1
9349,3
9350,1
9351,3
9352,3
9353,2
9354,1
9355,3
9356,1
9357,2
9358,3
9359,2
9360,1
9361,3
9362,1
9363,3
9364,1
9365,1
9366,2
9367,2
9368,3
9369,2
9370,2
9371,1
9372,3
9373,1
9374,2
9375,2
9376,1
9377,1
9378,3
9379,3
9380,3
9381,3
9382,3
9383,2
9384,1
9385,2
9386,2
9387,1
9388,3
9389,3
9390,3
9391,2
9392,3
9393,2
9394,3
9395,2
9396,3
9397,3
9398,1
9399,3
9400,3
9401,3
9402,2
9403,1
9404,3
9405,3
9406,2
9407,3
9408,1
9409,1
9410,2
9411,3
9412,3
9413,1
9414,2
9415,3
9416,2
9417,3
9418,2
9419,2
9420,2
9421,1
9422,2
9423,1
9424,3
9425,2
9426,2
9427,1
9428,1
9429,3
9430,2
9431,1
9432,2
9433,3
9434,1
9435,1
9436,3
9437,1
9438,3
9439,3
9440,1
9441,2
9442,3
9443,3
9444,2
9445,2
9446,3
9447,3
9448,3
9449,2
9450,3
9451,1
9452,1
9453,3
9454,1
9455,3
9456,2
9457,3
9458,2
9459,2
9460,3
9461,2
9462,1
9463,3
9464,3
9465,3
9466,3
9467,1
9468,2
9469,1
9470,3
9471,2
9472,3
9473,3
9474,1
9475,2
9476,3
9477,3
9478,2
9479,1
9480,2
9481,2
9482,3
9483,1
9484,3
9485,1
9486,1
9487,2
9488,1
9489,1
9490,2
9491,3
9492,2
9493,2
9494,1
9495,3
9496,2
9497,3
9498,2
9499,3
9500,3
9501,2
9502,2
9503,3
9504,3
9505,3
9506,3
9507,2
9508,3
9509,2
9510,2
9511,2
9512,3
9513,2
9514,1
9515,3
9516,1
9517,2
9518,1
9519,2
9520,2
9521,3
9522,1
9523,2
9524,1
9525,1
9526,1
9527,2
9528,3
9529,2
9530,3
9531,3
9532,2
9533,1
9534,3
9535,1
9536,1
9537,2
9538,1
9539,1
9540,1
9541,3
9542,1
9543,2
9544,2
9545,2
9546,2
9547,2
9548,1
9549,3
9550,1
9551,1
9552,1
9553,2
9554,2
9555,1
9556,3
9557,2
9558,1
9559,2
9560,1
9561,2
9562,1
9563,3
9564,3
9565,1
9566,1
9567,3
9568,3
9569,1
9570,1
9571,1
9572,3
9573,1
9574,2
9575,1
9576,3
9577,2
9578,3
9579,2
9580,1
9581,3
9582,3
9583,3
9584,1
9585,2
9586,3
9587,1
9588,3
9589,3
9590,2
9591,3
9592,2
9593,1
9594,2
9595,1
9596,2
9597,2
9598,2
9599,1
9600,1
9601,1
9602,3
9603,1
9604,2
9605,3
9606,1
9607,3
9608,2
9609,2
9610,1
9611,1
9612,1
9613,1
9614,1
9615,2
9616,3
9617,2
9618,1
9619,2
9620,1
9621,1
9622,2
9623,2
9624,1
9625,1
9626,2
9627,2
9628,2
9629,1
9630,3
9631,1
9632,3
9633,1
9634,1
9635,1
9636,2
9637,3
9638,1
9639,3
9640,3
9641,3
9642,2
9643,1
9644,3
9645,3
9646,1
9647,1
9648,3
9649,1
9650,1
9651,2
9652,2
9653,2
9654,3
9655,3
9656,1
9657,1
9658,3
9659,3
9660,2
9661,3
9662,2
9663,2
9664,2
9665,2
9666,1
9667,2
9668,2
9669,2
9670,2
9671,1
9672,3
9673,2
9674,1
9675,1
9676,2
9677,3
9678,1
9679,2
9680,2
9681,3
9682,3
9683,3
9684,1
9685,1
9686,3
9687,2
9688,3
9689,1
9690,1
9691,3
9692,3
9693,1
9694,2
9695,1
9696,2
9697,2
9698,1
9699,1
9700,3
9701,2
9702,2
9703,3
9704,3
9705,1
9706,2
9707,3
9708,3
9709,1
9710,3
9711,3
9712,3
9713,2
9714,2
9715,3
9716,1
9717,1
9718,3
9719,1
9720,3
9721,2
9722,3
9723,1
9724,2
9725,1
9726,3
9727,3
9728,1
9729,1
9730,2
9731,2
9732,2
9733,1
9734,1
9735,1
9736,2
9737,3
9738,3
9739,2
9740,1
9741,1
9742,1
9743,2
9744,1
9745,3
9746,3
9747,3
9748,3
9749,2
9750,3
9751,3
9752,3
9753,3
9754,2
9755,3
9756,3
9757,1
9758,3
9759,2
9760,2
9761,3
9762,2
9763,2
9764,3
9765,1
9766,1
9767,1
9768,2
9769,1
9770,2
9771,3
9772,3
9773,2
9774,2
9775,3
9776,1
9777,1
9778,1
9779,1
9780,1
9781,3
9782,1
9783,3
9784,2
9785,3
9786,3
9787,3
9788,1
9789,1
9790,1
9791,3
9792,3
9793,3
9794,3
9795,3
9796,1
9797,3
9798,3
9799,2
9800,2
9801,2
9802,1
9803,1
9804,2
9805,3
9806,1
9807,1
9808,3
9809,3
9810,2
9811,3
9812,2
9813,2
9814,3
9815,1
9816,1
9817,1
9818,3
9819,2
9820,2
9821,3
9822,3
9823,3
9824,1
9825,2
9826,1
9827,3
9828,3
9829,2
9830,3
9831,1
9832,2
9833,1
9834,2
9835,2
9836,1
9837,1
9838,1
9839,2
9840,3
9841,2
9842,1
9843,3
9844,3
9845,3
9846,3
9847,2
9848,1
9849,2
9850,2
9851,2
9852,2
9853,1
9854,1
9855,3
9856,1
9857,3
9858,2
9859,2
9860,2
9861,1
9862,2
9863,1
9864,2
9865,3
9866,2
9867,2
9868,3
9869,1
9870,1
9871,3
9872,3
9873,3
9874,2
9875,3
9876,1
9877,3
9878,3
9879,2
9880,2
9881,2
9882,3
9883,1
9884,3
9885,3
9886,1
9887,2
9888,3
9889,2
9890,1
9891,1
9892,2
9893,1
9894,3
9895,3
9896,3
9897,1
9898,1
9899,3
9900,2
9901,3
9902,2
9903,2
9904,3
9905,3
9906,2
9907,2
9908,1
9909,2
9910,3
9911,2
9912,3
9913,3
9914,1
9915,1
9916,2
9917,3
9918,1
9919,1
9920,3
9921,1
9922,3
9923,2
9924,3
9925,1
9926,1
9927,3
9928,3
9929,3
9930,2
9931,3
9932,3
9933,1
9934,1
9935,3
9936,3
9937,2
9938,3
9939,2
9940,3
9941,2
9942,3
9943,1
9944,3
9945,1
9946,2
9947,2
9948,1
9949,1
9950,1
9951,1
9952,1
9953,2
9954,2
9955,3
9956,1
9957,3
9958,1
9959,2
9960,1
9961,2
9962,3
9963,3
9964,2
9965,3
9966,3
9967,3
9968,2
9969,2
9970,3
9971,2
9972,2
9973,2
9974,1
9975,1
9976,1
9977,3
9978,2
9979,1
9980,3
9981,2
9982,1
9983,3
9984,3
9985,3
9986,2
9987,2
9988,2
9989,2
9990,1
9991,2
9992,3
9993,2
9994,1
9995,1
9996,3
9997,3
9998,2
9999,1
10000,2
10001,1
10002,3
10003,1
10004,2
10005,3
10006,3
10007,1
10008,3
10009,2
10010,2
10011,2
10012,1
10013,2
10014,1
10015,3
10016,1
10017,2
10018,2
10019,3
10020,2
10021,2
10022,2
10023,2
10024,1
10025,1
10026,2
10027,1
10028,1
10029,2
10030,2
10031,1
10032,1
10033,2
10034,1
10035,1
10036,1
10037,2
10038,1
10039,3
10040,3
10041,3
10042,2
10043,3
10044,2
10045,3
10046,1
10047,3
10048,2
10049,3
10050,1
10051,1
10052,1
10053,3
10054,2
10055,1
10056,3
10057,3
10058,2
10059,3
10060,1
10061,2
10062,3
10063,1
10064,3
10065,2
10066,3
10067,3
10068,3
10069,3
10070,2
10071,2
10072,1
10073,2
10074,3
10075,2
10076,3
10077,3
10078,3
10079,3
10080,1
10081,3
10082,1
10083,1
10084,1
10085,3
10086,2
10087,1
10088,1
10089,2
10090,2
10091,1
10092,1
10093,2
10094,1
10095,1
10096,1
10097,1
10098,3
10099,1
10100,1
10101,2
10102,3
10103,1
10104,1
10105,1
10106,2
10107,3
10108,2
10109,3
10110,2
10111,2
10112,2
10113,2
10114,2
10115,1
10116,2
10117,3
10118,1
10119,3
10120,3
10121,1
10122,3
10123,3
10124,1
10125,1
10126,1
10127,1
10128,1
10129,1
10130,1
10131,2
10132,3
10133,1
10134,3
10135,3
10136,2
10137,2
10138,3
10139,3
10140,3
10141,3
10142,3
10143,3
10144,3
10145,2
10146,3
10147,2
10148,1
10149,2
10150,3
10151,1
10152,3
10153,1
10154,2
10155,1
10156,1
10157,3
10158,1
10159,3
10160,1
10161,1
10162,1
10163,2
10164,1
10165,3
10166,1
10167,2
10168,3
10169,2
10170,1
10171,2
10172,2
10173,1
10174,3
10175,1
10176,2
10177,2
10178,2
10179,1
10180,1
10181,2
10182,1
10183,1
10184,1
10185,3
10186,3
10187,2
10188,1
10189,1
10190,1
10191,3
10192,1
10193,1
10194,2
10195,2
10196,3
10197,1
10198,1
10199,1
10200,1
10201,1
10202,2
10203,1
10204,3
10205,3
10206,2
10207,3
10208,1
10209,3
10210,2
10211,2
10212,2
10213,3
10214,3
10215,2
10216,2
10217,3
10218,1
10219,1
10220,2
10221,2
10222,1
10223,3
10224,2
10225,3
10226,2
10227,1
10228,3
10229,3
10230,2
10231,3
10232,1
10233,2
10234,3
10235,1
10236,2
10237,1
10238,1
10239,1
10240,2
10241,3
10242,1
10243,3
10244,2
10245,3
10246,2
10247,2
10248,3
10249,2
10250,3
10251,2
10252,3
10253,1
10254,2
10255,1
10256,2
10257,1
10258,1
10259,2
10260,1
10261,2
10262,1
10263,1
10264,1
10265,2
10266,2
10267,3
10268,3
10269,1
10270,1
10271,2
10272,3
10273,3
10274,2
10275,1
10276,3
10277,2
10278,2
10279,3
10280,3
10281,3
10282,1
10283,1
10284,3
10285,2
10286,2
10287,1
10288,2
10289,2
10290,2
10291,1
10292,2
10293,1
10294,2
10295,3
10296,1
10297,2
10298,2
10299,3
10300,1
10301,1
10302,1
10303,2
10304,2
10305,2
10306,2
10307,3
10308,2
10309,2
10310,2
10311,2
10312,3
10313,2
10314,1
10315,2
10316,2
10317,3
10318,3
10319,3
10320,2
10321,1
10322,2
10323,3
10324,3
10325,3
10326,2
10327,2
10328,1
10329,1
10330,1
10331,3
10332,2
10333,1
10334,2
10335,2
10336,3
10337,1
10338,3
10339,2
10340,2
10341,1
10342,3
10343,1
10344,3
10345,2
10346,2
10347,1
10348,1
10349,2
10350,3
10351,2
10352,3
10353,3
10354,3
10355,3
10356,3
10357,3
10358,3
10359,2
10360,3
10361,3
10362,3
10363,1
10364,3
10365,1
10366,2
10367,1
10368,2
10369,3
10370,2
10371,1
10372,3
10373,2
10374,3
10375,2
10376,3
10377,3
10378,1
10379,3
10380,2
10381,1
10382,2
10383,1
10384,1
10385,1
10386,2
10387,1
10388,3
10389,1
10390,3
10391,2
10392,3
10393,2
10394,2
10395,2
10396,3
10397,2
10398,2
10399,2
10400,1
10401,2
10402,2
10403,2
10404,3
10405,3
10406,1
10407,1
10408,1
10409,1
10410,2
10411,2
10412,2
10413,1
10414,1
10415,1
10416,3
10417,1
10418,1
10419,2
10420,1
10421,1
10422,1
10423,1
10424,2
10425,3
10426,3
10427,3
10428,1
10429,3
10430,1
10431,2
10432,1
10433,3
10434,3
10435,1
10436,2
10437,3
10438,3
10439,1
10440,2
10441,1
10442,2
10443,3
10444,1
10445,1
10446,3
10447,2
10448,1
10449,3
10450,3
10451,3
10452,3
10453,3
10454,1
10455,1
10456,1
10457,1
10458,1
10459,3
10460,3
10461,3
10462,2
10463,2
10464,2
10465,2
10466,2
10467,2
10468,3
10469,3
10470,3
10471,2
10472,2
10473,2
10474,3
10475,2
10476,2
10477,2
10478,1
10479,2
10480,3
10481,2
10482,2
10483,1
10484,3
10485,3
10486,2
10487,3
10488,2
10489,1
10490,3
10491,1
10492,2
10493,3
10494,1
10495,1
10496,3
10497,3
10498,1
10499,1
10500,2
10501,1
10502,2
10503,1
10504,3
10505,1
10506,2
10507,3
10508,3
10509,1
10510,3
10511,1
10512,3
10513,3
10514,2
10515,3
10516,1
10517,2
10518,2
10519,3
10520,3
10521,1
10522,2
10523,2
10524,3
10525,2
10526,2
10527,2
10528,3
10529,3
10530,1
10531,2
10532,1
10533,1
10534,3
10535,2
10536,3
10537,2
10538,3
10539,2
10540,1
10541,3
10542,1
10543,3
10544,3
10545,1
10546,1
10547,3
10548,1
10549,1
10550,1
10551,1
10552,2
10553,3
10554,3
10555,3
10556,2
10557,3
10558,3
10559,2
10560,3
10561,3
10562,2
10563,3
10564,3
10565,3
10566,1
10567,1
10568,3
10569,1
10570,1
10571,1
10572,3
10573,3
10574,1
10575,2
10576,3
10577,2
10578,3
10579,1
10580,3
10581,2
10582,2
10583,2
10584,3
10585,3
10586,1
10587,3
10588,1
10589,1
10590,2
10591,2
10592,1
10593,2
10594,1
10595,1
10596,2
10597,2
10598,3
10599,3
10600,3
10601,3
10602,1
10603,2
10604,2
10605,1
10606,2
10607,1
10608,3
10609,3
10610,1
10611,3
10612,2
10613,1
10614,3
10615,2
10616,3
10617,3
10618,1
10619,2
10620,3
10621,3
10622,3
10623,3
10624,2
10625,2
10626,2
10627,3
10628,2
10629,1
10630,3
10631,1
10632,3
10633,2
10634,3
10635,1
10636,2
10637,1
10638,2
10639,1
10640,3
10641,2
10642,1
10643,3
10644,1
10645,1
10646,2
10647,1
10648,1
10649,3
10650,3
10651,3
10652,3
10653,2
10654,1
10655,3
10656,1
10657,3
10658,1
10659,2
10660,1
10661,2
10662,2
10663,1
10664,2
10665,1
10666,1
10667,3
10668,1
10669,1
10670,1
10671,3
10672,3
10673,3
10674,3
10675,3
10676,1
10677,3
10678,2
10679,1
10680,2
10681,3
10682,1
10683,1
10684,1
10685,3
10686,1
10687,1
10688,3
10689,1
10690,1
10691,2
10692,2
10693,1
10694,1
10695,2
10696,3
10697,3
10698,3
10699,3
10700,1
10701,3
10702,3
10703,2
10704,1
10705,1
10706,2
10707,2
10708,3
10709,1
10710,1
10711,3
10712,2
10713,3
10714,2
10715,1
10716,3
10717,3
10718,1
10719,3
10720,2
10721,1
10722,3
10723,3
10724,3
10725,3
10726,2
10727,1
10728,2
10729,2
10730,1
10731,1
10732,3
10733,3
10734,2
10735,3
10736,3
10737,3
10738,2
10739,1
10740,2
10741,1
10742,3
10743,1
10744,2
10745,3
10746,1
10747,3
10748,2
10749,1
10750,3
10751,2
10752,2
10753,2
10754,2
10755,1
10756,1
10757,1
10758,3
10759,2
10760,3
10761,2
10762,2
10763,2
10764,2
10765,3
10766,1
10767,3
10768,3
10769,2
10770,2
10771,2
10772,1
10773,1
10774,1
10775,3
10776,1
10777,2
10778,1
10779,3
10780,2
10781,2
10782,3
10783,1
10784,1
10785,3
10786,1
10787,3
10788,1
10789,2
10790,1
10791,2
10792,2
10793,1
10794,1
10795,3
10796,1
10797,2
10798,2
10799,2
10800,1
10801,1
10802,2
10803,2
10804,2
10805,2
10806,2
10807,3
10808,3
10809,2
10810,3
10811,1
10812,1
10813,2
10814,1
10815,2
10816,3
10817,1
10818,2
10819,2
10820,2
10821,2
10822,2
10823,1
10824,2
10825,3
10826,1
10827,2
10828,2
10829,1
10830,2
10831,2
10832,2
10833,3
10834,3
10835,2
10836,3
10837,3
10838,1
10839,1
10840,3
10841,3
10842,1
10843,3
10844,3
10845,1
10846,1
10847,3
10848,1
10849,3
10850,1
10851,2
10852,1
10853,1
10854,1
10855,1
10856,2
10857,2
10858,2
10859,2
10860,3
10861,1
10862,1
10863,2
10864,2
10865,3
10866,2
10867,2
10868,2
10869,3
10870,1
10871,1
10872,2
10873,1
10874,2
10875,3
10876,3
10877,2
10878,2
10879,3
10880,3
10881,3
10882,1
10883,2
10884,2
10885,1
10886,3
10887,1
10888,3
10889,2
10890,3
10891,2
10892,1
10893,2
10894,1
10895,1
10896,3
10897,3
10898,1
10899,1
10900,2
10901,2
10902,3
10903,1
10904,3
10905,3
10906,1
10907,1
10908,1
10909,3
10910,3
10911,3
10912,2
10913,3
10914,1
10915,3
10916,3
10917,3
10918,3
10919,2
10920,2
10921,3
10922,1
10923,2
10924,3
10925,3
10926,1
10927,2
10928,3
10929,2
10930,2
10931,2
10932,2
10933,2
10934,1
10935,3
10936,3
10937,3
10938,2
10939,1
10940,1
10941,3
10942,2
10943,1
10944,3
10945,1
10946,3
10947,2
10948,3
10949,1
10950,3
10951,1
10952,1
10953,1
10954,1
10955,3
10956,1
10957,1
10958,1
10959,3
10960,2
10961,2
10962,3
10963,2
10964,1
10965,2
10966,2
10967,3
10968,3
10969,2
10970,1
10971,3
10972,2
10973,2
10974,1
10975,2
10976,3
10977,1
10978,3
10979,3
10980,1
10981,2
10982,3
10983,1
10984,3
10985,3
10986,2
10987,1
10988,1
10989,1
10990,1
10991,1
10992,2
10993,2
10994,3
10995,1
10996,3
10997,3
10998,2
10999,1
11000,2
11001,1
11002,2
11003,3
11004,1
11005,3
11006,1
11007,1
11008,2
11009,1
11010,1
11011,1
11012,1
11013,2
11014,2
11015,2
11016,3
11017,1
11018,3
11019,1
11020,1
11021,2
11022,2
11023,2
11024,3
11025,3
11026,3
11027,1
11028,1
11029,1
11030,1
11031,1
11032,1
11033,1
11034,1
11035,2
11036,3
11037,2
11038,1
11039,1
11040,1
11041,3
11042,2
11043,3
11044,1
11045,3
11046,1
11047,2
11048,1
11049,1
11050,3
11051,2
11052,3
11053,2
11054,2
11055,2
11056,3
11057,1
11058,3
11059,2
11060,2
11061,2
11062,1
11063,2
11064,3
11065,1
11066,2
11067,3
11068,2
11069,2
11070,3
11071,3
11072,3
11073,1
11074,1
11075,1
11076,2
11077,3
11078,2
11079,2
11080,2
11081,3
11082,2
11083,2
11084,2
11085,2
11086,3
11087,3
11088,3
11089,3
11090,2
11091,2
11092,2
11093,2
11094,2
11095,3
11096,1
11097,3
11098,3
11099,3
11100,1
11101,2
11102,2
11103,3
11104,3
11105,3
11106,1
11107,3
11108,1
11109,1
11110,2
11111,1
11112,1
11113,3
11114,3
11115,2
11116,3
11117,2
11118,1
11119,1
11120,2
11121,1
11122,3
11123,1
11124,1
11125,2
11126,1
11127,2
11128,2
11129,3
11130,1
11131,1
11132,1
11133,1
11134,3
11135,1
11136,2
11137,3
11138,2
11139,1
11140,2
11141,3
11142,1
11143,1
11144,2
11145,2
11146,2
11147,1
11148,2
11149,3
11150,2
11151,1
11152,1
11153,1
11154,1
11155,2
11156,1
11157,3
11158,2
11159,3
11160,1
11161,2
11162,2
11163,2
11164,1
11165,1
11166,1
11167,1
11168,2
11169,1
11170,3
11171,3
11172,2
11173,2
11174,1
11175,2
11176,3
11177,3
11178,3
11179,1
11180,1
11181,2
11182,3
11183,2
11184,3
11185,2
11186,1
11187,2
11188,1
11189,3
11190,2
11191,3
11192,3
11193,3
11194,2
11195,3
11196,3
11197,1
11198,3
11199,2
11200,2
11201,2
11202,3
11203,2
11204,2
11205,1
11206,3
11207,2
11208,2
11209,1
11210,3
11211,2
11212,2
11213,3
11214,3
11215,1
11216,1
11217,3
11218,1
11219,3
11220,1
11221,3
11222,1
11223,3
11224,3
11225,2
11226,1
11227,3
11228,1
11229,3
11230,2
11231,3
11232,2
11233,1
11234,1
11235,3
11236,2
11237,3
11238,1
11239,3
11240,3
11241,1
11242,3
11243,2
11244,3
11245,1
11246,2
11247,3
11248,1
11249,2
11250,2
11251,2
11252,2
11253,1
11254,3
11255,1
11256,2
11257,2
11258,3
11259,1
11260,2
11261,2
11262,2
11263,2
11264,1
11265,2
11266,2
11267,3
11268,2
11269,1
11270,3
11271,3
11272,1
11273,1
11274,2
11275,3
11276,1
11277,3
11278,1
11279,3
11280,2
11281,3
11282,3
11283,3
11284,3
11285,3
11286,3
11287,2
11288,3
11289,2
11290,2
11291,2
11292,2
11293,2
11294,2
11295,2
11296,3
11297,2
11298,3
11299,3
11300,1
11301,2
11302,2
11303,2
11304,3
11305,1
11306,3
11307,3
11308,2
11309,3
11310,2
11311,2
11312,2
11313,1
11314,2
11315,3
11316,1
11317,1
11318,3
11319,3
11320,3
11321,2
11322,1
11323,2
11324,1
11325,1
11326,1
11327,1
11328,3
11329,1
11330,3
11331,1
11332,3
11333,2
11334,1
11335,2
11336,2
11337,1
11338,1
11339,2
11340,3
11341,1
11342,3
11343,2
11344,1
11345,2
11346,1
11347,3
11348,1
11349,1
11350,1
11351,3
11352,3
11353,2
11354,1
11355,1
11356,1
11357,1
11358,1
11359,2
11360,1
11361,1
11362,3
11363,1
11364,2
11365,1
11366,3
11367,1
11368,2
11369,1
11370,2
11371,3
11372,3
11373,1
11374,1
11375,3
11376,3
11377,1
11378,1
11379,3
11380,3
11381,3
11382,2
11383,3
11384,3
11385,1
11386,3
11387,1
11388,2
11389,2
11390,1
11391,1
11392,3
11393,1
11394,3
11395,1
11396,2
11397,2
11398,2
11399,2
11400,2
11401,3
11402,2
11403,3
11404,1
11405,1
11406,2
11407,1
11408,1
11409,3
11410,1
11411,3
11412,3
11413,2
11414,3
11415,2
11416,1
11417,3
11418,1
11419,1
11420,1
11421,1
11422,2
11423,1
11424,1
11425,2
11426,2
11427,3
11428,1
11429,3
11430,1
11431,2
11432,1
11433,3
11434,1
11435,2
11436,3
11437,3
11438,1
11439,1
11440,2
11441,1
11442,3
11443,2
11444,3
11445,1
11446,1
11447,1
11448,3
11449,1
11450,3
11451,1
11452,3
11453,1
11454,3
11455,3
11456,3
11457,2
11458,2
11459,2
11460,1
11461,2
11462,2
11463,3
11464,2
11465,2
11466,2
11467,3
11468,1
11469,1
11470,2
11471,3
11472,3
11473,3
11474,2
11475,2
11476,2
11477,3
11478,1
11479,3
11480,3
11481,2
11482,1
11483,1
11484,3
11485,1
11486,2
11487,2
11488,1
11489,1
11490,1
11491,2
11492,3
11493,1
11494,2
11495,3
11496,1
11497,2
11498,2
11499,1
11500,2
11501,3
11502,1
11503,3
11504,3
11505,1
11506,2
11507,3
11508,2
11509,2
11510,3
11511,3
11512,3
11513,2
11514,1
11515,3
11516,2
11517,1
11518,1
11519,2
11520,2
11521,1
11522,3
11523,3
11524,1
11525,3
11526,2
11527,2
11528,3
11529,1
11530,2
11531,2
11532,2
11533,1
11534,1
11535,1
11536,1
11537,1
11538,3
11539,1
11540,2
11541,2
11542,2
11543,3
11544,2
11545,2
11546,2
11547,2
11548,2
11549,3
11550,1
11551,1
11552,3
11553,3
11554,1
11555,1
11556,2
11557,1
11558,3
11559,1
11560,1
11561,1
11562,2
11563,1
11564,3
11565,1
11566,1
11567,2
11568,1
11569,3
11570,1
11571,2
11572,2
11573,3
11574,3
11575,1
11576,3
11577,3
11578,3
11579,3
11580,1
11581,1
11582,1
11583,2
11584,1
11585,2
11586,3
11587,3
11588,2
11589,3
11590,3
11591,3
11592,1
11593,2
11594,1
11595,1
11596,3
11597,1
11598,2
11599,3
11600,3
11601,1
11602,2
11603,2
11604,3
11605,2
11606,1
11607,3
11608,1
11609,1
11610,1
11611,2
11612,1
11613,1
11614,3
11615,2
11616,2
11617,2
11618,2
11619,1
11620,3
11621,3
11622,2
11623,2
11624,2
11625,2
11626,2
11627,2
11628,1
11629,1
11630,2
11631,2
11632,3
11633,3
11634,2
11635,1
11636,3
11637,1
11638,1
11639,2
11640,3
11641,1
11642,2
11643,1
11644,3
11645,3
11646,3
11647,2
11648,2
11649,2
11650,2
11651,3
11652,1
11653,3
11654,3
11655,1
11656,2
11657,1
11658,1
11659,2
11660,2
11661,2
11662,1
11663,1
11664,3
11665,2
11666,3
11667,3
11668,3
11669,1
11670,1
11671,2
11672,3
11673,1
11674,2
11675,3
11676,1
11677,3
11678,2
11679,2
11680,2
11681,2
11682,3
11683,1
11684,3
11685,3
11686,1
11687,2
11688,3
11689,1
11690,3
11691,2
11692,1
11693,2
11694,3
11695,1
11696,3
11697,1
11698,1
11699,1
11700,3
11701,3
11702,1
11703,3
11704,3
11705,3
11706,2
11707,3
11708,2
11709,1
11710,1
11711,3
11712,2
11713,3
11714,1
11715,1
11716,3
11717,2
11718,2
11719,1
11720,1
11721,2
11722,1
11723,2
11724,2
11725,3
11726,2
11727,2
11728,1
11729,2
11730,1
11731,3
11732,1
11733,2
11734,2
11735,3
11736,2
11737,2
11738,1
11739,3
11740,2
11741,3
11742,2
11743,3
11744,1
11745,3
11746,1
11747,2
11748,3
11749,1
11750,3
11751,3
11752,3
11753,1
11754,3
11755,3
11756,2
11757,3
11758,2
11759,1
11760,2
11761,3
11762,3
11763,2
11764,2
11765,3
11766,3
11767,2
11768,3
11769,1
11770,2
11771,3
11772,3
11773,3
11774,1
11775,3
11776,1
11777,2
11778,1
11779,3
11780,3
11781,1
11782,3
11783,1
11784,3
11785,1
11786,2
11787,1
11788,1
11789,1
11790,3
11791,3
11792,1
11793,3
11794,2
11795,1
11796,1
11797,2
11798,2
11799,2
11800,3
11801,1
11802,2
11803,1
11804,3
11805,1
11806,3
11807,3
11808,1
11809,1
11810,1
11811,2
11812,3
11813,2
11814,3
11815,1
11816,3
11817,1
11818,2
11819,2
11820,3
11821,1
11822,3
11823,2
11824,1
11825,1
11826,3
11827,2
11828,1
11829,1
11830,3
11831,2
11832,3
11833,3
11834,3
11835,2
11836,1
11837,1
11838,1
11839,3
11840,2
11841,1
11842,1
11843,3
11844,1
11845,2
11846,1
11847,1
11848,1
11849,3
11850,1
11851,1
11852,1
11853,1
11854,2
11855,3
11856,1
11857,1
11858,2
11859,1
11860,1
11861,1
11862,2
11863,1
11864,2
11865,3
11866,2
11867,3
11868,3
11869,2
11870,3
11871,1
11872,2
11873,1
11874,3
11875,1
11876,3
11877,1
11878,1
11879,2
11880,3
11881,1
11882,1
11883,2
11884,3
11885,3
11886,2
11887,1
11888,3
11889,3
11890,3
11891,3
11892,2
11893,2
11894,3
11895,3
11896,1
11897,2
11898,1
11899,3
11900,2
11901,3
11902,1
11903,1
11904,3
11905,1
11906,3
11907,1
11908,2
11909,2
11910,1
11911,2
11912,1
11913,1
11914,2
11915,1
11916,3
11917,2
11918,3
11919,1
11920,1
11921,3
11922,2
11923,1
11924,1
11925,2
11926,3
11927,2
11928,1
11929,3
11930,3
11931,3
11932,2
11933,2
11934,3
11935,3
11936,2
11937,1
11938,2
11939,3
11940,3
11941,3
11942,3
11943,1
11944,1
11945,2
11946,3
11947,1
11948,2
11949,1
11950,3
11951,2
11952,1
11953,2
11954,1
11955,2
11956,1
11957,2
11958,2
11959,3
11960,1
11961,3
11962,1
11963,2
11964,2
11965,1
11966,2
11967,3
11968,3
11969,3
11970,1
11971,2
11972,1
11973,1
11974,3
11975,2
11976,1
11977,1
11978,2
11979,2
11980,3
11981,1
11982,2
11983,3
11984,3
11985,2
11986,2
11987,2
11988,3
11989,2
11990,1
11991,2
11992,2
11993,2
11994,2
11995,3
11996,3
11997,1
11998,1
11999,3
12000,2
12001,2
12002,1
12003,1
12004,2
12005,3
12006,1
12007,1
12008,2
12009,3
12010,3
12011,2
12012,1
12013,2
12014,3
12015,1
12016,2
12017,1
12018,2
12019,1
12020,3
12021,3
12022,1
12023,2
12024,1
12025,3
12026,2
12027,2
12028,2
12029,2
12030,1
12031,3
12032,1
12033,2
12034,2
12035,3
12036,1
12037,1
12038,3
12039,2
12040,2
12041,2
12042,1
12043,3
12044,3
12045,1
12046,3
12047,3
12048,3
12049,1
12050,3
12051,1
12052,1
12053,3
12054,2
12055,1
12056,1
12057,2
12058,2
12059,3
12060,1
12061,3
12062,1
12063,3
12064,3
12065,3
12066,2
12067,1
12068,1
12069,3
12070,3
12071,2
12072,1
12073,3
12074,1
12075,1
12076,2
12077,2
12078,1
12079,1
12080,1
12081,3
12082,2
12083,2
12084,2
12085,2
12086,1
12087,3
12088,2
12089,1
12090,1
12091,1
12092,3
12093,2
12094,3
12095,1
12096,1
12097,3
12098,1
12099,1
12100,2
12101,2
12102,1
12103,3
12104,1
12105,1
12106,3
12107,2
12108,3
12109,2
12110,2
12111,3
12112,1
12113,1
12114,2
12115,3
12116,2
12117,1
12118,1
12119,1
12120,1
12121,2
12122,2
12123,2
12124,1
12125,1
12126,1
12127,2
12128,3
12129,2
12130,1
12131,3
12132,1
12133,3
12134,3
12135,1
12136,3
12137,3
12138,2
12139,2
12140,2
12141,1
12142,3
12143,1
12144,1
12145,3
12146,1
12147,1
12148,2
12149,2
12150,1
12151,3
12152,1
12153,1
12154,2
12155,1
12156,3
12157,1
12158,2
12159,2
12160,1
12161,1
12162,2
12163,3
12164,2
12165,1
12166,3
12167,1
12168,2
12169,3
12170,1
12171,1
12172,2
12173,2
12174,2
12175,1
12176,1
12177,2
12178,2
12179,1
12180,2
12181,2
12182,3
12183,1
12184,2
12185,1
12186,2
12187,2
12188,1
12189,2
12190,2
12191,1
12192,1
12193,1
12194,3
12195,3
12196,1
12197,3
12198,1
12199,2
12200,1
12201,3
12202,1
12203,2
12204,1
12205,1
12206,2
12207,3
12208,2
12209,1
12210,3
12211,2
12212,1
12213,3
12214,1
12215,3
12216,2
12217,3
12218,3
12219,2
12220,2
12221,2
12222,1
12223,2
12224,2
12225,3
12226,3
12227,3
12228,2
12229,1
12230,2
12231,3
12232,3
12233,3
12234,1
12235,2
12236,1
12237,3
12238,1
12239,2
12240,1
12241,3
12242,1
12243,3
12244,3
12245,3
12246,1
12247,1
12248,2
12249,1
12250,3
12251,1
12252,2
12253,3
12254,1
12255,2
12256,1
12257,1
12258,2
12259,2
12260,1
12261,1
12262,1
12263,1
12264,3
12265,2
12266,2
12267,2
12268,3
12269,1
12270,2
12271,2
12272,3
12273,2
12274,1
12275,3
12276,2
12277,2
12278,3
12279,1
12280,2
12281,1
12282,3
12283,2
12284,3
12285,2
12286,3
12287,2
12288,1
12289,2
12290,3
12291,1
12292,2
12293,1
12294,1
12295,3
12296,2
12297,1
12298,3
12299,3
12300,1
12301,3
12302,3
12303,1
12304,1
12305,2
12306,2
12307,3
12308,2
12309,2
12310,3
12311,2
12312,1
12313,2
12314,3
12315,1
12316,3
12317,1
12318,3
12319,2
12320,2
12321,2
12322,2
12323,2
12324,2
12325,1
12326,2
12327,1
12328,1
12329,1
12330,1
12331,3
12332,1
12333,2
12334,1
12335,3
12336,1
12337,3
12338,3
12339,1
12340,2
12341,3
12342,2
12343,1
12344,3
12345,1
12346,3
12347,3
12348,1
12349,2
12350,3
12351,2
12352,2
12353,2
12354,3
12355,2
12356,2
12357,3
12358,1
12359,3
12360,3
12361,2
12362,3
12363,3
12364,1
12365,1
12366,1
12367,1
12368,2
12369,3
12370,3
12371,1
12372,2
12373,3
12374,2
12375,2
12376,2
12377,1
12378,3
12379,1
12380,1
12381,1
12382,1
12383,2
12384,1
12385,1
12386,2
12387,1
12388,1
12389,2
12390,3
12391,1
12392,1
12393,1
12394,1
12395,2
12396,1
12397,1
12398,3
12399,2
12400,3
12401,3
12402,3
12403,1
12404,3
12405,2
12406,1
12407,2
12408,2
12409,3
12410,1
12411,1
12412,2
12413,2
12414,1
12415,2
12416,2
12417,2
12418,3
12419,1
12420,2
12421,3
12422,3
12423,1
12424,2
12425,1
12426,1
12427,3
12428,3
12429,2
12430,3
12431,3
12432,2
12433,3
12434,2
12435,2
12436,1
12437,2
12438,1
12439,1
12440,1
12441,2
12442,3
12443,1
12444,2
12445,2
12446,3
12447,1
12448,1
12449,1
12450,3
12451,2
12452,1
12453,2
12454,1
12455,1
12456,3
12457,3
12458,3
12459,1
12460,2
12461,1
12462,1
12463,3
12464,1
12465,2
12466,3
12467,1
12468,3
12469,1
12470,2
12471,2
12472,2
12473,2
12474,3
12475,2
12476,1
12477,3
12478,3
12479,2
12480,3
12481,1
12482,1
12483,1
12484,2
12485,1
12486,2
12487,3
12488,2
12489,3
12490,2
12491,2
12492,2
12493,1
12494,2
12495,3
12496,2
12497,1
12498,3
12499,3
12500,3
12501,2
12502,2
12503,3
12504,3
12505,3
12506,3
12507,3
12508,1
12509,2
12510,3
12511,1
12512,1
12513,1
12514,1
12515,1
12516,1
12517,3
12518,1
12519,3
12520,2
12521,1
12522,2
12523,3
12524,1
12525,3
12526,1
12527,2
12528,3
12529,3
12530,1
12531,3
12532,3
12533,2
12534,2
12535,2
12536,1
12537,1
12538,1
12539,1
12540,3
12541,3
12542,2
12543,1
12544,1
12545,1
12546,2
12547,1
12548,3
12549,1
12550,3
12551,1
12552,1
12553,2
12554,1
12555,3
12556,2
12557,3
12558,1
12559,3
12560,2
12561,2
12562,1
12563,3
12564,1
12565,3
12566,3
12567,3
12568,3
12569,1
12570,3
12571,2
12572,3
12573,2
12574,1
12575,1
12576,3
12577,3
12578,1
12579,1
12580,2
12581,3
12582,1
12583,1
12584,1
12585,2
12586,1
12587,3
12588,3
12589,1
12590,2
12591,2
12592,3
12593,2
12594,3
12595,3
12596,2
12597,2
12598,3
12599,3
12600,1
12601,3
12602,1
12603,3
12604,3
12605,2
12606,1
12607,3
12608,1
12609,3
12610,3
12611,1
12612,2
12613,3
12614,3
12615,3
12616,3
12617,3
12618,2
12619,3
12620,1
12621,2
12622,3
12623,1
12624,1
12625,3
12626,3
12627,1
12628,2
12629,3
12630,1
12631,1
12632,3
12633,2
12634,3
12635,3
12636,2
12637,2
12638,1
12639,2
12640,3
12641,3
12642,2
12643,1
12644,3
12645,2
12646,2
12647,3
12648,1
12649,2
12650,1
12651,1
12652,1
12653,1
12654,2
12655,1
12656,2
12657,3
12658,1
12659,2
12660,1
12661,1
12662,3
12663,1
12664,3
12665,3
12666,3
12667,3
12668,1
12669,3
12670,1
12671,1
12672,3
12673,1
12674,1
12675,2
12676,1
12677,2
12678,3
12679,2
12680,2
12681,3
12682,1
12683,2
12684,2
12685,1
12686,2
12687,2
12688,2
12689,3
12690,1
12691,1
12692,2
12693,1
12694,3
12695,2
12696,2
12697,3
12698,3
12699,2
12700,1
12701,2
12702,3
12703,3
12704,1
12705,3
12706,2
12707,1
12708,2
12709,3
12710,3
12711,2
12712,2
12713,3
12714,1
12715,1
12716,2
12717,3
12718,3
12719,1
12720,3
12721,2
12722,1
12723,1
12724,3
12725,1
12726,1
12727,3
12728,3
12729,3
12730,2
12731,1
12732,1
12733,3
12734,3
12735,2
12736,2
12737,3
12738,1
12739,3
12740,1
12741,2
12742,1
12743,3
12744,3
12745,1
12746,1
12747,3
12748,1
12749,1
12750,3
12751,3
12752,1
12753,3
12754,1
12755,2
12756,2
12757,2
12758,2
12759,2
12760,3
12761,2
12762,2
12763,3
12764,3
12765,3
12766,1
12767,2
12768,1
12769,2
12770,2
12771,1
12772,1
12773,2
12774,2
12775,2
12776,3
12777,2
12778,2
12779,2
12780,3
12781,2
12782,2
12783,2
12784,1
12785,1
12786,3
12787,1
12788,1
12789,2
12790,1
12791,2
12792,3
12793,2
12794,2
12795,1
12796,2
12797,3
12798,1
12799,3
12800,3
12801,1
12802,2
12803,1
12804,3
12805,1
12806,2
12807,1
12808,3
12809,2
12810,3
12811,1
12812,1
12813,3
12814,3
12815,2
12816,1
12817,3
12818,1
12819,1
12820,3
12821,1
12822,2
12823,1
12824,1
12825,1
12826,2
12827,1
12828,2
12829,3
12830,3
12831,3
12832,3
12833,3
12834,1
12835,3
12836,2
12837,2
12838,2
12839,2
12840,3
12841,2
12842,2
12843,2
12844,1
12845,1
12846,1
12847,2
12848,3
12849,2
12850,1
12851,3
12852,1
12853,2
12854,3
12855,2
12856,2
12857,1
12858,3
12859,3
12860,1
12861,1
12862,1
12863,2
12864,2
12865,3
12866,3
12867,1
12868,1
12869,1
12870,3
12871,3
12872,3
12873,3
12874,2
12875,1
12876,1
12877,2
12878,3
12879,2
12880,3
12881,2
12882,3
12883,2
12884,1
12885,3
12886,1
12887,2
12888,3
12889,2
12890,1
12891,2
12892,2
12893,3
12894,1
12895,2
12896,3
12897,2
12898,3
12899,1
12900,3
12901,1
12902,1
12903,2
12904,2
12905,1
12906,1
12907,3
12908,2
12909,3
12910,1
12911,3
12912,3
12913,1
12914,1
12915,1
12916,3
12917,3
12918,3
12919,3
12920,2
12921,2
12922,3
12923,2
12924,2
12925,2
12926,3
12927,1
12928,3
12929,3
12930,1
12931,3
12932,2
12933,2
12934,1
12935,3
12936,2
12937,1
12938,2
12939,1
12940,1
12941,1
12942,1
12943,1
12944,3
12945,1
12946,3
12947,2
12948,3
12949,3
12950,2
12951,3
12952,2
12953,1
12954,1
12955,1
12956,1
12957,2
12958,2
12959,1
12960,1
12961,3
12962,2
12963,2
12964,2
12965,3
12966,2
12967,3
12968,1
12969,2
12970,3
12971,2
12972,3
12973,1
12974,2
12975,2
12976,1
12977,3
12978,1
12979,2
12980,2
12981,2
12982,1
12983,3
12984,1
12985,3
12986,1
12987,3
12988,1
12989,1
12990,1
12991,2
12992,1
12993,1
12994,2
12995,1
12996,1
12997,2
12998,2
12999,2
13000,2
13001,2
13002,1
13003,2
13004,3
13005,1
13006,3
13007,3
13008,3
13009,1
13010,1
13011,3
13012,1
13013,2
13014,1
13015,3
13016,2
13017,1
13018,2
13019,1
13020,2
13021,1
13022,1
13023,1
13024,3
13025,2
13026,1
13027,2
13028,1
13029,2
13030,2
13031,3
13032,3
13033,1
13034,2
13035,1
13036,2
13037,1
13038,1
13039,3
13040,3
13041,1
13042,2
13043,2
13044,1
13045,1
13046,3
13047,3
13048,3
13049,2
13050,1
13051,2
13052,1
13053,3
13054,2
13055,1
13056,1
13057,3
13058,1
13059,2
13060,2
13061,1
13062,2
13063,2
13064,2
13065,3
13066,3
13067,1
13068,3
13069,2
13070,3
13071,1
13072,3
13073,3
13074,1
13075,3
13076,3
13077,2
13078,3
13079,2
13080,3
13081,1
13082,3
13083,3
13084,3
13085,3
13086,1
13087,2
13088,3
13089,3
13090,2
13091,3
13092,3
13093,2
13094,3
13095,1
13096,3
13097,3
13098,3
13099,1
13100,3
13101,2
13102,2
13103,3
13104,1
13105,1
13106,1
13107,1
13108,2
13109,1
13110,2
13111,2
13112,2
13113,2
13114,2
13115,3
13116,2
13117,3
13118,1
13119,3
13120,2
13121,2
13122,3
13123,3
13124,3
13125,1
13126,1
13127,2
13128,3
13129,3
13130,1
13131,1
13132,1
13133,1
13134,2
13135,3
13136,1
13137,3
13138,1
13139,2
13140,2
13141,3
13142,1
13143,2
13144,1
13145,3
13146,2
13147,1
13148,3
13149,2
13150,2
13151,1
13152,2
13153,3
13154,1
13155,2
13156,3
13157,1
13158,3
13159,1
13160,2
13161,3
13162,1
13163,3
13164,2
13165,1
13166,2
13167,2
13168,2
13169,3
13170,2
13171,2
13172,1
13173,3
13174,1
13175,3
13176,2
13177,3
13178,1
13179,3
13180,1
13181,3
13182,1
13183,2
13184,2
13185,2
13186,1
13187,3
13188,1
13189,2
13190,1
13191,2
13192,3
13193,3
13194,2
13195,3
13196,1
13197,1
13198,3
13199,1
13200,1
13201,2
13202,1
13203,2
13204,1
13205,2
13206,1
13207,1
13208,3
13209,1
13210,2
13211,3
13212,1
13213,2
13214,1
13215,3
13216,2
13217,1
13218,1
13219,2
13220,1
13221,2
13222,2
13223,2
13224,2
13225,3
13226,2
13227,3
13228,2
13229,2
13230,3
13231,3
13232,2
13233,1
13234,3
13235,3
13236,1
13237,3
13238,2
13239,1
13240,3
13241,2
13242,3
13243,1
13244,3
13245,3
13246,3
13247,1
13248,1
13249,2
13250,2
13251,3
13252,3
13253,2
13254,1
13255,1
13256,1
13257,2
13258,3
13259,2
13260,1
13261,1
13262,2
13263,3
13264,3
13265,1
13266,1
13267,3
13268,3
13269,2
13270,1
13271,2
13272,2
13273,2
13274,1
13275,1
13276,3
13277,1
13278,1
13279,3
13280,2
13281,1
13282,1
13283,3
13284,2
13285,2
13286,2
13287,1
13288,1
13289,2
13290,3
13291,3
13292,3
13293,1
13294,2
13295,3
13296,3
13297,3
13298,2
13299,3
13300,1
13301,2
13302,1
13303,3
13304,2
13305,2
13306,3
13307,1
13308,1
13309,1
13310,1
13311,3
13312,1
13313,1
13314,2
13315,3
13316,1
13317,3
13318,3
13319,2
13320,1
13321,2
13322,3
13323,1
13324,2
13325,1
13326,3
13327,2
13328,2
13329,2
13330,1
13331,1
13332,1
13333,2
13334,3
13335,3
13336,1
13337,3
13338,1
13339,2
13340,3
13341,2
13342,3
13343,3
13344,1
13345,1
13346,3
13347,1
13348,1
13349,2
13350,3
13351,3
13352,2
13353,2
13354,3
13355,1
13356,2
13357,3
13358,2
13359,1
13360,3
13361,1
13362,1
13363,2
13364,3
13365,1
13366,3
13367,3
13368,2
13369,3
13370,2
13371,3
13372,1
13373,3
13374,1
13375,2
13376,3
13377,3
13378,1
13379,1
13380,2
13381,3
13382,1
13383,1
13384,1
13385,2
13386,2
13387,1
13388,2
13389,2
13390,1
13391,1
13392,1
13393,2
13394,1
13395,1
13396,1
13397,3
13398,1
13399,1
13400,1
13401,1
13402,1
13403,1
13404,1
13405,1
13406,3
13407,1
13408,1
13409,2
13410,3
13411,2
13412,1
13413,1
13414,3
13415,3
13416,1
13417,3
13418,3
13419,3
13420,2
13421,3
13422,3
13423,3
13424,1
13425,2
13426,3
13427,1
13428,2
13429,2
13430,1
13431,1
13432,2
13433,2
13434,2
13435,1
13436,2
13437,1
13438,1
13439,3
13440,2
13441,2
13442,2
13443,3
13444,1
13445,3
13446,3
13447,2
13448,3
13449,3
13450,1
13451,3
13452,1
13453,3
13454,2
13455,2
13456,2
13457,2
13458,2
13459,1
13460,2
13461,3
13462,3
13463,2
13464,1
13465,2
13466,1
13467,1
13468,2
13469,1
13470,1
13471,1
13472,3
13473,2
13474,3
13475,3
13476,2
13477,3
13478,1
13479,1
13480,2
13481,3
13482,1
13483,3
13484,3
13485,1
13486,3
13487,1
13488,3
13489,2
13490,1
13491,2
13492,1
13493,1
13494,3
13495,2
13496,2
13497,3
13498,1
13499,2
13500,3
13501,1
13502,1
13503,1
13504,3
13505,3
13506,2
13507,1
13508,2
13509,2
13510,2
13511,3
13512,2
13513,2
13514,3
13515,1
13516,2
13517,1
13518,1
13519,1
13520,3
13521,2
13522,2
13523,2
13524,2
13525,2
13526,1
13527,2
13528,2
13529,3
13530,2
13531,2
13532,3
13533,1
13534,1
13535,3
13536,2
13537,3
13538,1
13539,3
13540,1
13541,3
13542,3
13543,2
13544,3
13545,3
13546,3
13547,3
13548,2
13549,2
13550,3
13551,2
13552,1
13553,2
13554,2
13555,3
13556,1
13557,1
13558,2
13559,2
13560,1
13561,1
13562,2
13563,2
13564,3
13565,1
13566,3
13567,1
13568,2
13569,1
13570,1
13571,3
13572,3
13573,1
13574,2
13575,2
13576,2
13577,3
13578,3
13579,2
13580,3
13581,2
13582,2
13583,2
13584,2
13585,2
13586,3
13587,2
13588,3
13589,1
13590,1
13591,3
13592,2
13593,2
13594,3
13595,3
13596,1
13597,2
13598,1
13599,2
13600,2
13601,2
13602,1
13603,2
13604,2
13605,3
13606,2
13607,3
13608,1
13609,1
13610,3
13611,3
13612,3
13613,2
13614,2
13615,2
13616,3
13617,1
13618,2
13619,3
13620,1
13621,3
13622,1
13623,3
13624,2
13625,2
13626,1
13627,1
13628,3
13629,3
13630,3
13631,2
13632,2
13633,1
13634,1
13635,2
13636,3
13637,1
13638,1
13639,1
13640,1
13641,1
13642,2
13643,1
13644,3
13645,1
13646,3
13647,2
13648,2
13649,3
13650,2
13651,2
13652,2
13653,1
13654,3
13655,2
13656,3
13657,3
13658,1
13659,3
13660,1
13661,1
13662,1
13663,2
13664,2
13665,3
13666,1
13667,3
13668,1
13669,3
13670,2
13671,2
13672,1
13673,2
13674,2
13675,1
13676,3
13677,3
13678,2
13679,3
13680,2
13681,1
13682,1
13683,2
13684,2
13685,2
13686,2
13687,2
13688,3
13689,3
13690,1
13691,2
13692,1
13693,2
13694,2
13695,1
13696,2
13697,1
13698,2
13699,3
13700,1
13701,2
13702,3
13703,1
13704,2
13705,1
13706,2
13707,1
13708,2
13709,2
13710,2
13711,2
13712,2
13713,1
13714,1
13715,3
13716,2
13717,1
13718,2
13719,3
13720,3
13721,2
13722,1
13723,1
13724,3
13725,1
13726,3
13727,3
13728,1
13729,1
13730,1
13731,2
13732,1
13733,3
13734,3
13735,2
13736,3
13737,2
13738,2
13739,3
13740,3
13741,2
13742,3
13743,2
13744,2
13745,2
13746,2
13747,2
13748,3
13749,1
13750,1
13751,3
13752,1
13753,1
13754,2
13755,1
13756,3
13757,2
13758,1
13759,1
13760,3
13761,2
13762,3
13763,3
13764,2
13765,3
13766,2
13767,1
13768,2
13769,2
13770,3
13771,3
13772,1
13773,1
13774,2
13775,2
13776,3
13777,2
13778,2
13779,1
13780,2
13781,3
13782,2
13783,1
13784,3
13785,3
13786,2
13787,1
13788,1
13789,3
13790,3
13791,1
13792,2
13793,3
13794,3
13795,2
13796,3
13797,2
13798,3
13799,3
13800,1
13801,3
13802,1
13803,1
13804,3
13805,2
13806,2
13807,2
13808,3
13809,3
13810,3
13811,2
13812,1
13813,3
13814,2
13815,2
13816,1
13817,2
13818,3
13819,1
13820,3
13821,3
13822,2
13823,2
13824,2
13825,1
13826,2
13827,1
13828,2
13829,1
13830,1
13831,1
13832,1
13833,1
13834,1
13835,3
13836,2
13837,1
13838,2
13839,1
13840,2
13841,2
13842,2
13843,3
13844,1
13845,2
13846,3
13847,1
13848,2
13849,2
13850,3
13851,3
13852,1
13853,1
13854,1
13855,3
13856,2
13857,1
13858,3
13859,3
13860,3
13861,2
13862,2
13863,2
13864,1
13865,1
13866,3
13867,2
13868,1
13869,2
13870,2
13871,3
13872,3
13873,3
13874,1
13875,1
13876,1
13877,1
13878,1
13879,2
13880,3
13881,1
13882,3
13883,2
13884,2
13885,2
13886,3
13887,2
13888,2
13889,3
13890,2
13891,2
13892,1
13893,2
13894,1
13895,1
13896,1
13897,2
13898,3
13899,3
13900,2
13901,1
13902,1
13903,3
13904,3
13905,3
13906,3
13907,1
13908,2
13909,1
13910,1
13911,1
13912,2
13913,1
13914,2
13915,2
13916,2
13917,1
13918,2
13919,1
13920,3
13921,3
13922,3
13923,2
13924,1
13925,2
13926,2
13927,1
13928,2
13929,3
13930,3
13931,3
13932,2
13933,2
13934,1
13935,1
13936,2
13937,2
13938,1
13939,2
13940,2
13941,1
13942,2
13943,1
13944,1
13945,1
13946,3
13947,3
13948,3
13949,2
13950,1
13951,1
13952,2
13953,1
13954,2
13955,2
13956,3
13957,3
13958,2
13959,3
13960,3
13961,1
13962,1
13963,3
13964,3
13965,3
13966,1
13967,1
13968,2
13969,2
13970,3
13971,3
13972,1
13973,3
13974,2
13975,3
13976,3
13977,2
13978,3
13979,1
13980,1
13981,3
13982,3
13983,3
13984,1
13985,1
13986,3
13987,3
13988,3
13989,2
13990,2
13991,3
13992,1
13993,2
13994,3
13995,3
13996,1
13997,2
13998,2
13999,3
14000,2
14001,2
14002,1
14003,2
14004,3
14005,2
14006,3
14007,1
14008,1
14009,3
14010,3
14011,3
14012,3
14013,2
14014,2
14015,2
14016,1
14017,2
14018,2
14019,3
14020,2
14021,1
14022,1
14023,3
14024,2
14025,1
14026,3
14027,2
14028,1
14029,2
14030,2
14031,2
14032,3
14033,3
14034,1
14035,1
14036,3
14037,2
14038,3
14039,2
14040,3
14041,1
14042,1
14043,1
14044,3
14045,1
14046,2
14047,2
14048,1
14049,2
14050,2
14051,2
14052,1
14053,2
14054,1
14055,2
14056,2
14057,2
14058,2
14059,2
14060,3
14061,3
14062,2
14063,2
14064,3
14065,3
14066,2
14067,2
14068,3
14069,1
14070,3
14071,1
14072,2
14073,2
14074,3
14075,1
14076,3
14077,2
14078,1
14079,3
14080,3
14081,1
14082,3
14083,1
14084,3
14085,1
14086,1
14087,2
14088,2
14089,1
14090,2
14091,1
14092,3
14093,3
14094,1
14095,1
14096,2
14097,3
14098,3
14099,1
14100,1
14101,1
14102,2
14103,2
14104,1
14105,2
14106,3
14107,3
14108,1
14109,2
14110,3
14111,1
14112,1
14113,1
14114,3
14115,3
14116,2
14117,2
14118,1
14119,1
14120,2
14121,1
14122,3
14123,2
14124,1
14125,1
14126,3
14127,3
14128,2
14129,3
14130,1
14131,1
14132,1
14133,3
14134,3
14135,3
14136,1
14137,3
14138,3
14139,3
14140,1
14141,2
14142,3
14143,2
14144,3
14145,1
14146,2
14147,3
14148,2
14149,2
14150,3
14151,3
14152,3
14153,2
14154,2
14155,3
14156,1
14157,1
14158,2
14159,1
14160,3
14161,1
14162,3
14163,2
14164,3
14165,2
14166,3
14167,2
14168,2
14169,1
14170,2
14171,3
14172,1
14173,1
14174,2
14175,2
14176,3
14177,1
14178,2
14179,3
14180,2
14181,2
14182,1
14183,3
14184,2
14185,2
14186,3
14187,3
14188,2
14189,3
14190,1
14191,3
14192,3
14193,1
14194,3
14195,2
14196,1
14197,3
14198,1
14199,2
14200,1
14201,3
14202,2
14203,2
14204,2
14205,3
14206,3
14207,2
14208,3
14209,3
14210,1
14211,3
14212,1
14213,1
14214,3
14215,1
14216,3
14217,2
14218,2
14219,1
14220,1
14221,2
14222,1
14223,2
14224,2
14225,2
14226,2
14227,1
14228,3
14229,3
14230,1
14231,1
14232,1
14233,2
14234,1
14235,2
14236,2
14237,2
14238,3
14239,2
14240,1
14241,1
14242,3
14243,1
14244,3
14245,3
14246,3
14247,1
14248,1
14249,3
14250,1
14251,2
14252,2
14253,2
14254,2
14255,2
14256,3
14257,3
14258,1
14259,1
14260,1
14261,2
14262,2
14263,2
14264,3
14265,3
14266,2
14267,1
14268,1
14269,1
14270,3
14271,1
14272,1
14273,1
14274,2
14275,3
14276,1
14277,1
14278,1
14279,2
14280,1
14281,1
14282,3
14283,3
14284,3
14285,1
14286,1
14287,3
14288,3
14289,3
14290,1
14291,3
14292,1
14293,1
14294,3
14295,3
14296,2
14297,1
14298,3
14299,3
14300,3
14301,1
14302,1
14303,2
14304,1
14305,3
14306,3
14307,3
14308,2
14309,2
14310,3
14311,2
14312,1
14313,2
14314,1
14315,1
14316,1
14317,3
14318,2
14319,1
14320,1
14321,1
14322,2
14323,3
14324,1
14325,1
14326,2
14327,3
14328,3
14329,3
14330,2
14331,2
14332,2
14333,2
14334,1
14335,3
14336,1
14337,3
14338,2
14339,2
14340,3
14341,3
14342,1
14343,2
14344,3
14345,2
14346,1
14347,1
14348,2
14349,1
14350,1
14351,3
14352,1
14353,1
14354,1
14355,3
14356,2
14357,1
14358,1
14359,3
14360,1
14361,1
14362,3
14363,3
14364,1
14365,1
14366,1
14367,1
14368,1
14369,3
14370,2
14371,2
14372,1
14373,1
14374,2
14375,2
14376,1
14377,2
14378,3
14379,1
14380,1
14381,1
14382,3
14383,1
14384,1
14385,3
14386,2
14387,1
14388,2
14389,3
14390,1
14391,2
14392,3
14393,2
14394,2
14395,1
14396,1
14397,2
14398,1
14399,2
14400,3
14401,3
14402,2
14403,3
14404,3
14405,1
14406,2
14407,2
14408,1
14409,3
14410,3
14411,1
14412,3
14413,2
14414,2
14415,3
14416,2
14417,3
14418,2
14419,1
14420,1
14421,3
14422,1
14423,2
14424,3
14425,1
14426,1
14427,3
14428,2
14429,3
14430,2
14431,3
14432,3
14433,3
14434,2
14435,3
14436,1
14437,3
14438,2
14439,2
14440,2
14441,3
14442,3
14443,1
14444,1
14445,1
14446,3
14447,2
14448,1
14449,1
14450,2
14451,1
14452,1
14453,2
14454,2
14455,2
14456,2
14457,2
14458,3
14459,2
14460,2
14461,1
14462,3
14463,3
14464,1
14465,1
14466,1
14467,2
14468,3
14469,3
14470,2
14471,3
14472,2
14473,1
14474,3
14475,1
14476,3
14477,2
14478,3
14479,3
14480,3
14481,1
14482,2
14483,1
14484,3
14485,1
14486,3
14487,2
14488,3
14489,2
14490,2
14491,1
14492,3
14493,2
14494,2
14495,1
14496,1
14497,2
14498,2
14499,3
14500,1
14501,2
14502,3
14503,3
14504,3
14505,3
14506,3
14507,1
14508,2
14509,2
14510,1
14511,2
14512,1
14513,2
14514,2
14515,2
14516,2
14517,1
14518,2
14519,2
14520,2
14521,2
14522,2
14523,2
14524,1
14525,2
14526,1
14527,2
14528,1
14529,2
14530,1
14531,3
14532,2
14533,1
14534,1
14535,2
14536,3
14537,2
14538,2
14539,1
14540,3
14541,3
14542,3
14543,1
14544,2
14545,1
14546,1
14547,2
14548,1
14549,1
14550,2
14551,3
14552,1
14553,2
14554,1
14555,1
14556,1
14557,3
14558,1
14559,1
14560,3
14561,1
14562,3
14563,3
14564,3
14565,1
14566,1
14567,1
14568,3
14569,2
14570,3
14571,3
14572,2
14573,3
14574,3
14575,1
14576,2
14577,1
14578,2
14579,2
14580,3
14581,1
14582,2
14583,2
14584,1
14585,3
14586,2
14587,2
14588,2
14589,2
14590,3
14591,3
14592,3
14593,3
14594,2
14595,1
14596,3
14597,1
14598,3
14599,3
14600,3
14601,3
14602,3
14603,2
14604,1
14605,1
14606,1
14607,3
14608,2
14609,1
14610,2
14611,1
14612,3
14613,1
14614,3
14615,1
14616,3
14617,3
14618,1
14619,3
14620,1
14621,2
14622,3
14623,2
14624,1
14625,2
14626,1
14627,1
14628,1
14629,3
14630,2
14631,2
14632,3
14633,2
14634,2
14635,3
14636,3
14637,1
14638,2
14639,3
14640,2
14641,1
14642,2
14643,3
14644,1
14645,3
14646,2
14647,1
14648,1
14649,3
14650,2
14651,3
14652,3
14653,1
14654,2
14655,3
14656,1
14657,2
14658,3
14659,1
14660,2
14661,3
14662,2
14663,2
14664,2
14665,3
14666,3
14667,1
14668,3
14669,1
14670,3
14671,3
14672,1
14673,1
14674,1
14675,3
14676,3
14677,3
14678,3
14679,1
14680,3
14681,1
14682,1
14683,1
14684,3
14685,2
14686,3
14687,1
14688,3
14689,2
14690,1
14691,3
14692,3
14693,3
14694,1
14695,2
14696,2
14697,3
14698,3
14699,1
14700,1
14701,1
14702,3
14703,2
14704,1
14705,1
14706,2
14707,3
14708,1
14709,2
14710,1
14711,2
14712,3
14713,3
14714,2
14715,1
14716,1
14717,3
14718,1
14719,3
14720,3
14721,3
14722,1
14723,3
14724,1
14725,3
14726,2
14727,2
14728,1
14729,1
14730,1
14731,3
14732,3
14733,3
14734,3
14735,2
14736,1
14737,2
14738,1
14739,1
14740,1
14741,2
14742,2
14743,1
14744,3
14745,1
14746,3
14747,3
14748,2
14749,3
14750,3
14751,3
14752,3
14753,1
14754,1
14755,3
14756,1
14757,2
14758,3
14759,3
14760,3
14761,2
14762,1
14763,1
14764,3
14765,3
14766,2
14767,3
14768,1
14769,3
14770,1
14771,2
14772,2
14773,1
14774,3
14775,1
14776,3
14777,3
14778,1
14779,3
14780,1
14781,3
14782,3
14783,1
14784,2
14785,2
14786,1
14787,2
14788,3
14789,3
14790,3
14791,1
14792,2
14793,2
14794,1
14795,2
14796,3
14797,1
14798,2
14799,1
14800,2
14801,1
14802,1
14803,1
14804,1
14805,1
14806,1
14807,1
14808,1
14809,3
14810,2
14811,2
14812,1
14813,1
14814,3
14815,3
14816,1
14817,3
14818,1
14819,1
14820,1
14821,2
14822,1
14823,3
14824,1
14825,1
14826,2
14827,3
14828,3
14829,3
14830,2
14831,2
14832,1
14833,2
14834,1
14835,2
14836,1
14837,2
14838,1
14839,2
14840,3
14841,2
14842,2
14843,1
14844,3
14845,1
14846,3
14847,1
14848,3
14849,1
14850,2
14851,2
14852,1
14853,2
14854,3
14855,1
14856,2
14857,3
14858,1
14859,2
14860,2
14861,2
14862,2
14863,3
14864,2
14865,1
14866,2
14867,2
14868,2
14869,1
14870,2
14871,1
14872,3
14873,1
14874,2
14875,3
14876,1
14877,3
14878,1
14879,2
14880,1
14881,3
14882,1
14883,1
14884,2
14885,1
14886,2
14887,3
14888,3
14889,3
14890,2
14891,1
14892,3
14893,1
14894,3
14895,1
14896,2
14897,3
14898,1
14899,1
14900,2
14901,2
14902,2
14903,3
14904,2
14905,1
14906,1
14907,2
14908,1
14909,1
14910,2
14911,2
14912,1
14913,2
14914,3
14915,2
14916,1
14917,1
14918,1
14919,1
14920,3
14921,3
14922,3
14923,3
14924,1
14925,2
14926,3
14927,3
14928,2
14929,3
14930,2
14931,1
14932,1
14933,2
14934,2
14935,2
14936,2
14937,3
14938,1
14939,2
14940,2
14941,3
14942,1
14943,2
14944,1
14945,2
14946,1
14947,1
14948,2
14949,3
14950,1
14951,2
14952,1
14953,3
14954,2
14955,2
14956,2
14957,1
14958,2
14959,1
14960,2
14961,3
14962,2
14963,1
14964,2
14965,2
14966,1
14967,2
14968,3
14969,3
14970,1
14971,3
14972,2
14973,2
14974,3
14975,2
14976,2
14977,3
14978,3
14979,3
14980,3
14981,3
14982,3
14983,2
14984,1
14985,1
14986,1
14987,3
14988,2
14989,3
14990,2
14991,3
14992,3
14993,2
14994,1
14995,1
14996,3
14997,3
14998,3
14999,3
15000,2
15001,1
15002,1
15003,3
15004,2
15005,3
15006,2
15007,3
15008,2
15009,3
15010,2
15011,3
15012,3
15013,2
15014,2
15015,3
15016,2
15017,1
15018,2
15019,3
15020,3
15021,3
15022,2
15023,3
15024,3
15025,1
15026,1
15027,1
15028,2
15029,1
15030,3
15031,2
15032,1
15033,1
15034,2
15035,2
15036,1
15037,1
15038,2
15039,1
15040,1
15041,3
15042,1
15043,2
15044,3
15045,1
15046,2
15047,2
15048,1
15049,1
15050,1
15051,2
15052,1
