,yLags
0,2
1,2
2,1
3,3
4,3
5,2
6,1
7,1
8,2
9,1
10,3
11,3
12,2
13,1
14,3
15,1
16,1
17,3
18,3
19,1
20,2
21,1
22,1
23,2
24,1
25,1
26,1
27,3
28,1
29,2
30,3
31,3
32,3
33,1
34,2
35,2
36,1
37,1
38,2
39,1
40,3
41,3
42,1
43,2
44,2
45,3
46,3
47,1
48,2
49,2
50,2
51,1
52,2
53,3
54,2
55,2
56,2
57,1
58,3
59,2
60,1
61,3
62,2
63,1
64,1
65,1
66,1
67,3
68,1
69,2
70,2
71,1
72,2
73,1
74,3
75,1
76,2
77,2
78,2
79,2
80,1
81,1
82,1
83,1
84,1
85,3
86,2
87,3
88,2
89,3
90,2
91,1
92,2
93,1
94,1
95,3
96,2
97,3
98,1
99,1
100,3
101,3
102,2
103,1
104,1
105,2
106,1
107,1
108,1
109,1
110,3
111,2
112,2
113,3
114,1
115,2
116,1
117,3
118,1
119,2
120,3
121,2
122,2
123,3
124,3
125,1
126,1
127,1
128,2
129,3
130,2
131,1
132,2
133,1
134,3
135,2
136,3
137,1
138,1
139,3
140,3
141,1
142,1
143,1
144,2
145,1
146,3
147,2
148,1
149,1
150,1
151,1
152,2
153,1
154,3
155,3
156,3
157,1
158,1
159,2
160,2
161,2
162,3
163,3
164,1
165,3
166,1
167,2
168,1
169,2
170,3
171,1
172,2
173,2
174,1
175,3
176,1
177,1
178,1
179,1
180,2
181,3
182,1
183,2
184,1
185,1
186,1
187,2
188,2
189,2
190,1
191,1
192,2
193,2
194,3
195,3
196,1
197,3
198,3
199,2
200,1
201,1
202,1
203,3
204,2
205,3
206,1
207,2
208,2
209,2
210,2
211,1
212,2
213,2
214,3
215,2
216,2
217,1
218,1
219,1
220,3
221,3
222,3
223,3
224,1
225,3
226,2
227,1
228,1
229,1
230,3
231,1
232,3
233,2
234,1
235,2
236,1
237,1
238,1
239,3
240,3
241,3
242,3
243,3
244,3
245,3
246,3
247,3
248,1
249,2
250,2
251,2
252,1
253,1
254,3
255,1
256,2
257,3
258,2
259,3
260,1
261,1
262,1
263,2
264,2
265,1
266,1
267,3
268,3
269,3
270,1
271,2
272,3
273,1
274,1
275,3
276,3
277,2
278,3
279,2
280,3
281,2
282,3
283,1
284,2
285,3
286,1
287,2
288,1
289,2
290,3
291,2
292,3
293,3
294,1
295,1
296,2
297,2
298,3
299,3
300,3
301,3
302,2
303,1
304,1
305,3
306,2
307,2
308,1
309,3
310,1
311,1
312,3
313,3
314,3
315,1
316,2
317,1
318,3
319,3
320,1
321,3
322,2
323,2
324,1
325,2
326,2
327,1
328,1
329,1
330,2
331,2
332,1
333,1
334,1
335,2
336,3
337,1
338,1
339,1
340,3
341,1
342,1
343,2
344,3
345,2
346,1
347,1
348,3
349,2
350,1
351,3
352,3
353,1
354,1
355,2
356,2
357,2
358,3
359,3
360,2
361,1
362,2
363,1
364,3
365,1
366,3
367,3
368,1
369,1
370,3
371,1
372,3
373,2
374,2
375,2
376,3
377,1
378,3
379,1
380,1
381,1
382,1
383,2
384,3
385,3
386,3
387,2
388,1
389,1
390,3
391,1
392,2
393,1
394,2
395,3
396,1
397,1
398,1
399,1
400,1
401,3
402,3
403,2
404,1
405,1
406,2
407,3
408,1
409,1
410,3
411,3
412,1
413,3
414,2
415,3
416,1
417,2
418,2
419,2
420,1
421,1
422,1
423,1
424,1
425,2
426,3
427,1
428,3
429,2
430,3
431,1
432,3
433,1
434,1
435,1
436,3
437,1
438,2
439,1
440,2
441,2
442,1
443,3
444,2
445,2
446,1
447,3
448,1
449,1
450,3
451,2
452,2
453,3
454,3
455,2
456,1
457,3
458,1
459,2
460,1
461,1
462,2
463,1
464,2
465,3
466,1
467,1
468,2
469,1
470,3
471,1
472,2
473,1
474,1
475,2
476,1
477,1
478,3
479,2
480,3
481,1
482,3
483,2
484,1
485,2
486,3
487,2
488,3
489,1
490,3
491,1
492,2
493,1
494,2
495,3
496,2
497,3
498,1
499,2
500,1
501,2
502,2
503,3
504,2
505,1
506,2
507,2
508,3
509,1
510,3
511,1
512,1
513,1
514,1
515,1
516,2
517,3
518,3
519,3
520,3
521,3
522,3
523,3
524,2
525,2
526,3
527,3
528,3
529,2
530,2
531,2
532,1
533,2
534,2
535,1
536,1
537,2
538,1
539,3
540,3
541,3
542,1
543,1
544,3
545,3
546,1
547,2
548,3
549,2
550,2
551,2
552,2
553,1
554,2
555,3
556,1
557,3
558,3
559,1
560,2
561,3
562,2
563,1
564,2
565,3
566,2
567,1
568,2
569,1
570,1
571,2
572,2
573,2
574,1
575,1
576,1
577,3
578,1
579,2
580,2
581,3
582,3
583,2
584,3
585,1
586,3
587,3
588,2
589,1
590,3
591,3
592,3
593,1
594,2
595,3
596,1
597,1
598,1
599,1
600,3
601,2
602,3
603,3
604,1
605,3
606,1
607,3
608,1
609,2
610,3
611,2
612,3
613,3
614,2
615,3
616,1
617,2
618,2
619,1
620,2
621,2
622,1
623,2
624,2
625,1
626,1
627,1
628,1
629,3
630,1
631,3
632,1
633,2
634,2
635,2
636,1
637,2
638,2
639,1
640,1
641,2
642,2
643,3
644,1
645,3
646,2
647,2
648,2
649,1
650,3
651,2
652,1
653,1
654,1
655,1
656,1
657,2
658,2
659,2
660,3
661,2
662,1
663,2
664,2
665,1
666,3
667,3
668,1
669,3
670,2
671,1
672,2
673,2
674,3
675,3
676,3
677,3
678,1
679,3
680,3
681,2
682,2
683,2
684,2
685,2
686,3
687,2
688,2
689,3
690,2
691,3
692,2
693,3
694,1
695,2
696,2
697,2
698,1
699,3
700,1
701,3
702,3
703,3
704,3
705,1
706,2
707,3
708,2
709,1
710,1
711,2
712,2
713,1
714,2
715,1
716,1
717,3
718,2
719,1
720,3
721,1
722,3
723,1
724,3
725,3
726,3
727,1
728,1
729,1
730,1
731,1
732,3
733,1
734,1
735,3
736,2
737,2
738,1
739,2
740,1
741,2
742,2
743,2
744,1
745,1
746,1
747,2
748,1
749,1
750,1
751,2
752,2
753,3
754,1
755,1
756,1
757,1
758,2
759,1
760,2
761,2
762,3
763,2
764,3
765,3
766,1
767,1
768,1
769,2
770,3
771,3
772,3
773,3
774,2
775,2
776,1
777,1
778,2
779,1
780,1
781,2
782,2
783,1
784,2
785,2
786,1
787,2
788,1
789,3
790,1
791,2
792,2
793,3
794,1
795,2
796,1
797,2
798,1
799,2
800,3
801,3
802,1
803,1
804,3
805,1
806,3
807,1
808,2
809,1
810,3
811,3
812,1
813,2
814,2
815,2
816,1
817,2
818,2
819,2
820,2
821,2
822,1
823,2
824,3
825,2
826,2
827,3
828,3
829,1
830,1
831,3
832,1
833,1
834,3
835,1
836,1
837,3
838,2
839,2
840,2
841,3
842,2
843,2
844,3
845,1
846,1
847,2
848,3
849,2
850,1
851,2
852,1
853,2
854,3
855,1
856,2
857,1
858,2
859,1
860,3
861,1
862,2
863,2
864,2
865,3
866,1
867,1
868,3
869,3
870,1
871,1
872,2
873,2
874,3
875,1
876,2
877,2
878,1
879,1
880,2
881,3
882,3
883,2
884,1
885,1
886,2
887,2
888,3
889,3
890,3
891,3
892,3
893,3
894,1
895,1
896,3
897,3
898,3
899,3
900,1
901,1
902,3
903,3
904,2
905,1
906,1
907,3
908,2
909,2
910,3
911,1
912,1
913,1
914,1
915,3
916,1
917,1
918,1
919,3
920,1
921,3
922,3
923,3
924,3
925,1
926,3
927,3
928,2
929,1
930,2
931,2
932,1
933,3
934,1
935,3
936,1
937,1
938,3
939,1
940,3
941,2
942,3
943,3
944,1
945,1
946,3
947,1
948,2
949,3
950,1
951,2
952,2
953,1
954,1
955,2
956,3
957,2
958,1
959,1
960,2
961,2
962,2
963,2
964,1
965,3
966,2
967,1
968,2
969,1
970,3
971,2
972,3
973,1
974,1
975,2
976,1
977,2
978,2
979,1
980,2
981,2
982,1
983,2
984,3
985,3
986,1
987,3
988,1
989,3
990,1
991,1
992,1
993,2
994,1
995,2
996,1
997,1
998,2
999,2
1000,2
1001,2
1002,1
1003,3
1004,1
1005,2
1006,2
1007,3
1008,1
1009,3
1010,3
1011,3
1012,3
1013,2
1014,1
1015,2
1016,3
1017,2
1018,2
1019,3
1020,3
1021,3
1022,3
1023,3
1024,2
1025,2
1026,1
1027,1
1028,1
1029,2
1030,2
1031,1
1032,3
1033,3
1034,3
1035,1
1036,1
1037,3
1038,1
1039,1
1040,2
1041,2
1042,1
1043,3
1044,3
1045,1
1046,2
1047,2
1048,3
1049,1
1050,1
1051,3
1052,3
1053,1
1054,1
1055,3
1056,3
1057,3
1058,3
1059,1
1060,1
1061,1
1062,1
1063,3
1064,2
1065,2
1066,2
1067,2
1068,1
1069,2
1070,3
1071,3
1072,2
1073,2
1074,1
1075,3
1076,3
1077,1
1078,2
1079,2
1080,1
1081,2
1082,2
1083,3
1084,1
1085,3
1086,3
1087,3
1088,2
1089,2
1090,2
1091,1
1092,3
1093,3
1094,2
1095,1
1096,2
1097,1
1098,2
1099,2
1100,1
1101,3
1102,3
1103,1
1104,1
1105,2
1106,3
1107,1
1108,2
1109,1
1110,1
1111,1
1112,2
1113,2
1114,1
1115,3
1116,3
1117,1
1118,3
1119,2
1120,1
1121,1
1122,3
1123,2
1124,2
1125,1
1126,1
1127,2
1128,2
1129,3
1130,2
1131,3
1132,2
1133,3
1134,3
1135,2
1136,2
1137,2
1138,1
1139,1
1140,2
1141,1
1142,1
1143,2
1144,1
1145,2
1146,2
1147,3
1148,1
1149,1
1150,1
1151,3
1152,1
1153,2
1154,1
1155,3
1156,1
1157,1
1158,3
1159,3
1160,2
1161,3
1162,1
1163,1
1164,1
1165,2
1166,2
1167,3
1168,1
1169,1
1170,3
1171,3
1172,1
1173,2
1174,1
1175,2
1176,3
1177,2
1178,3
1179,2
1180,3
1181,1
1182,2
1183,1
1184,1
1185,3
1186,3
1187,2
1188,3
1189,2
1190,2
1191,3
1192,2
1193,1
1194,3
1195,3
1196,2
1197,2
1198,2
1199,1
1200,1
1201,3
1202,2
1203,1
1204,3
1205,2
1206,1
1207,2
1208,1
1209,1
1210,1
1211,1
1212,1
1213,2
1214,3
1215,3
1216,3
1217,3
1218,3
1219,2
1220,3
1221,1
1222,3
1223,1
1224,1
1225,3
1226,2
1227,2
1228,1
1229,3
1230,2
1231,2
1232,2
1233,3
1234,2
1235,1
1236,3
1237,1
1238,1
1239,3
1240,3
1241,3
1242,3
1243,1
1244,2
1245,2
1246,1
1247,3
1248,3
1249,2
1250,2
1251,1
1252,3
1253,1
1254,3
1255,1
1256,3
1257,3
1258,2
1259,3
1260,3
1261,1
1262,3
1263,2
1264,2
1265,2
1266,2
1267,1
1268,1
1269,1
1270,2
1271,2
1272,1
1273,3
1274,1
1275,1
1276,2
1277,3
1278,1
1279,3
1280,1
1281,1
1282,3
1283,2
1284,3
1285,3
1286,2
1287,1
1288,3
1289,2
1290,2
1291,1
1292,3
1293,2
1294,3
1295,2
1296,3
1297,2
1298,3
1299,2
1300,1
1301,2
1302,2
1303,2
1304,1
1305,3
1306,1
1307,2
1308,2
1309,3
1310,2
1311,1
1312,3
1313,1
1314,3
1315,1
1316,1
1317,1
1318,2
1319,3
1320,2
1321,2
1322,3
1323,2
1324,1
1325,1
1326,2
1327,2
1328,2
1329,3
1330,3
1331,1
1332,3
1333,1
1334,2
1335,1
1336,3
1337,3
1338,3
1339,1
1340,2
1341,1
1342,3
1343,1
1344,1
1345,1
1346,2
1347,1
1348,2
1349,3
1350,3
1351,2
1352,3
1353,2
1354,3
1355,2
1356,3
1357,2
1358,3
1359,3
1360,3
1361,2
1362,2
1363,1
1364,2
1365,1
1366,3
1367,1
1368,3
1369,2
1370,3
1371,1
1372,1
1373,2
1374,2
1375,3
1376,2
1377,1
1378,3
1379,3
1380,2
1381,2
1382,2
1383,3
1384,1
1385,1
1386,1
1387,2
1388,1
1389,3
1390,1
1391,1
1392,3
1393,3
1394,3
1395,3
1396,1
1397,3
1398,3
1399,1
1400,3
1401,3
1402,2
1403,3
1404,1
1405,3
1406,3
1407,1
1408,1
1409,3
1410,3
1411,2
1412,1
1413,1
1414,1
1415,2
1416,3
1417,3
1418,2
1419,3
1420,2
1421,3
1422,2
1423,1
1424,2
1425,3
1426,2
1427,1
1428,3
1429,1
1430,1
1431,1
1432,3
1433,2
1434,1
1435,2
1436,1
1437,2
1438,3
1439,1
1440,1
1441,1
1442,3
1443,1
1444,1
1445,3
1446,3
1447,3
1448,1
1449,2
1450,3
1451,3
1452,2
1453,1
1454,2
1455,1
1456,3
1457,2
1458,1
1459,3
1460,3
1461,2
1462,1
1463,3
1464,2
1465,2
1466,1
1467,2
1468,3
1469,2
1470,1
1471,3
1472,2
1473,1
1474,3
1475,1
1476,3
1477,3
1478,3
1479,2
1480,3
1481,1
1482,3
1483,3
1484,3
1485,1
1486,2
1487,2
1488,2
1489,3
1490,2
1491,2
1492,1
1493,2
1494,3
1495,3
1496,1
1497,2
1498,2
1499,1
1500,2
1501,3
1502,1
1503,3
1504,3
1505,1
1506,1
1507,3
1508,3
1509,1
1510,1
1511,1
1512,1
1513,1
1514,2
1515,3
1516,3
1517,2
1518,3
1519,2
1520,2
1521,2
1522,3
1523,2
1524,3
1525,2
1526,2
1527,3
1528,3
1529,1
1530,1
1531,2
1532,2
1533,1
1534,1
1535,3
1536,1
1537,2
1538,3
1539,2
1540,2
1541,1
1542,3
1543,1
1544,3
1545,3
1546,3
1547,2
1548,3
1549,1
1550,2
1551,1
1552,2
1553,3
1554,2
1555,3
1556,2
1557,1
1558,3
1559,2
1560,3
1561,1
1562,2
1563,1
1564,3
1565,3
1566,2
1567,2
1568,3
1569,1
1570,2
1571,1
1572,2
1573,2
1574,2
1575,3
1576,2
1577,3
1578,2
1579,1
1580,3
1581,2
1582,1
1583,2
1584,3
1585,1
1586,1
1587,3
1588,1
1589,1
1590,1
1591,3
1592,2
1593,3
1594,1
1595,3
1596,1
1597,1
1598,3
1599,3
1600,2
1601,1
1602,2
1603,2
1604,2
1605,3
1606,3
1607,2
1608,3
1609,2
1610,1
1611,2
1612,1
1613,2
1614,3
1615,3
1616,2
1617,2
1618,3
1619,3
1620,3
1621,3
1622,1
1623,1
1624,3
1625,2
1626,3
1627,3
1628,2
1629,2
1630,1
1631,1
1632,1
1633,2
1634,1
1635,3
1636,2
1637,1
1638,2
1639,1
1640,1
1641,2
1642,3
1643,3
1644,1
1645,1
1646,3
1647,1
1648,1
1649,1
1650,2
1651,2
1652,3
1653,2
1654,1
1655,2
1656,1
1657,1
1658,2
1659,2
1660,1
1661,3
1662,1
1663,2
1664,3
1665,3
1666,3
1667,2
1668,1
1669,3
1670,1
1671,1
1672,3
1673,3
1674,3
1675,1
1676,2
1677,1
1678,1
1679,1
1680,1
1681,3
1682,3
1683,3
1684,1
1685,2
1686,3
1687,2
1688,1
1689,1
1690,2
1691,3
1692,3
1693,2
1694,1
1695,3
1696,1
1697,2
1698,3
1699,1
1700,2
1701,3
1702,1
1703,3
1704,1
1705,3
1706,2
1707,1
1708,1
1709,2
1710,3
1711,2
1712,3
1713,1
1714,2
1715,3
1716,1
1717,1
1718,3
1719,2
1720,2
1721,2
1722,1
1723,1
1724,3
1725,3
1726,3
1727,1
1728,1
1729,3
1730,1
1731,2
1732,3
1733,2
1734,1
1735,2
1736,1
1737,1
1738,3
1739,2
1740,3
1741,3
1742,1
1743,1
1744,2
1745,2
1746,1
1747,1
1748,2
1749,3
1750,3
1751,1
1752,3
1753,1
1754,2
1755,3
1756,2
1757,1
1758,3
1759,3
1760,3
1761,2
1762,2
1763,2
1764,2
1765,3
1766,1
1767,3
1768,1
1769,3
1770,3
1771,3
1772,1
1773,2
1774,3
1775,3
1776,1
1777,2
1778,2
1779,3
1780,2
1781,3
1782,2
1783,2
1784,3
1785,1
1786,2
1787,1
1788,2
1789,2
1790,3
1791,1
1792,3
1793,1
1794,2
1795,3
1796,1
1797,2
1798,2
1799,2
1800,2
1801,1
1802,3
1803,3
1804,1
1805,1
1806,1
1807,2
1808,2
1809,3
1810,2
1811,2
1812,2
1813,1
1814,1
1815,2
1816,1
1817,3
1818,3
1819,1
1820,1
1821,2
1822,2
1823,1
1824,3
1825,3
1826,2
1827,2
1828,2
1829,1
1830,1
1831,3
1832,2
1833,3
1834,3
1835,2
1836,3
1837,3
1838,1
1839,2
1840,1
1841,3
1842,3
1843,3
1844,3
1845,1
1846,3
1847,3
1848,3
1849,2
1850,1
1851,2
1852,3
1853,1
1854,1
1855,3
1856,3
1857,1
1858,2
1859,3
1860,3
1861,1
1862,2
1863,1
1864,1
1865,2
1866,1
1867,1
1868,2
1869,3
1870,3
1871,3
1872,2
1873,2
1874,3
1875,2
1876,3
1877,2
1878,2
1879,3
1880,1
1881,1
1882,2
1883,2
1884,3
1885,1
1886,3
1887,1
1888,3
1889,1
1890,2
1891,1
1892,1
1893,2
1894,3
1895,2
1896,1
1897,2
1898,2
1899,2
1900,1
1901,3
1902,2
1903,2
1904,2
1905,2
1906,2
1907,1
1908,2
1909,1
1910,3
1911,1
1912,2
1913,1
1914,1
1915,3
1916,3
1917,1
1918,2
1919,3
1920,2
1921,1
1922,3
1923,1
1924,2
1925,3
1926,2
1927,2
1928,2
1929,3
1930,2
1931,1
1932,1
1933,1
1934,3
1935,1
1936,2
1937,1
1938,2
1939,2
1940,1
1941,1
1942,1
1943,1
1944,2
1945,3
1946,3
1947,1
1948,2
1949,1
1950,3
1951,2
1952,2
1953,3
1954,1
1955,2
1956,1
1957,1
1958,1
1959,3
1960,3
1961,3
1962,2
1963,3
1964,3
1965,1
1966,2
1967,3
1968,1
1969,1
1970,1
1971,1
1972,1
1973,2
1974,2
1975,3
1976,3
1977,3
1978,1
1979,3
1980,3
1981,3
1982,1
1983,3
1984,2
1985,3
1986,1
1987,1
1988,1
1989,3
1990,1
1991,1
1992,2
1993,2
1994,3
1995,3
1996,3
1997,2
1998,3
1999,1
2000,1
2001,2
2002,3
2003,3
2004,1
2005,2
2006,3
2007,3
2008,1
2009,3
2010,2
2011,3
2012,3
2013,1
2014,2
2015,1
2016,3
2017,1
2018,2
2019,1
2020,3
2021,3
2022,1
2023,1
2024,1
2025,1
2026,3
2027,1
2028,2
2029,2
2030,1
2031,3
2032,1
2033,1
2034,3
2035,2
2036,1
2037,3
2038,1
2039,1
2040,3
2041,3
2042,1
2043,2
2044,2
2045,2
2046,1
2047,2
2048,3
2049,2
2050,2
2051,2
2052,3
2053,2
2054,1
2055,1
2056,1
2057,3
2058,3
2059,3
2060,1
2061,2
2062,2
2063,3
2064,2
2065,2
2066,2
2067,3
2068,2
2069,3
2070,3
2071,1
2072,1
2073,1
2074,3
2075,3
2076,1
2077,2
2078,1
2079,1
2080,1
2081,3
2082,2
2083,2
2084,1
2085,2
2086,3
2087,1
2088,2
2089,1
2090,1
2091,2
2092,2
2093,1
2094,1
2095,3
2096,1
2097,2
2098,3
2099,2
2100,2
2101,1
2102,3
2103,3
2104,2
2105,1
2106,2
2107,2
2108,1
2109,1
2110,3
2111,2
2112,3
2113,2
2114,2
2115,3
2116,3
2117,2
2118,3
2119,1
2120,3
2121,3
2122,1
2123,3
2124,1
2125,2
2126,2
2127,3
2128,2
2129,3
2130,1
2131,2
2132,1
2133,2
2134,2
2135,1
2136,1
2137,1
2138,3
2139,3
2140,2
2141,3
2142,3
2143,2
2144,3
2145,2
2146,2
2147,2
2148,1
2149,2
2150,1
2151,1
2152,1
2153,2
2154,2
2155,2
2156,1
2157,1
2158,1
2159,3
2160,3
2161,2
2162,1
2163,2
2164,2
2165,2
2166,2
2167,2
2168,3
2169,3
2170,2
2171,3
2172,2
2173,2
2174,3
2175,2
2176,2
2177,3
2178,3
2179,3
2180,2
2181,2
2182,1
2183,1
2184,2
2185,1
2186,2
2187,2
2188,2
2189,2
2190,3
2191,3
2192,2
2193,1
2194,3
2195,3
2196,3
2197,2
2198,3
2199,1
2200,2
2201,3
2202,2
2203,1
2204,2
2205,2
2206,2
2207,3
2208,1
2209,2
2210,1
2211,2
2212,2
2213,3
2214,2
2215,3
2216,1
2217,2
2218,2
2219,3
2220,2
2221,3
2222,2
2223,2
2224,2
2225,3
2226,1
2227,1
2228,3
2229,3
2230,1
2231,3
2232,1
2233,1
2234,1
2235,1
2236,3
2237,2
2238,1
2239,3
2240,1
2241,1
2242,3
2243,3
2244,3
2245,3
2246,2
2247,1
2248,2
2249,1
2250,2
2251,2
2252,1
2253,2
2254,1
2255,2
2256,1
2257,3
2258,2
2259,3
2260,3
2261,1
2262,2
2263,2
2264,1
2265,2
2266,2
2267,3
2268,3
2269,1
2270,1
2271,1
2272,2
2273,1
2274,2
2275,3
2276,3
2277,3
2278,3
2279,3
2280,2
2281,1
2282,3
2283,2
2284,2
2285,3
2286,1
2287,1
2288,2
2289,2
2290,2
2291,1
2292,2
2293,2
2294,3
2295,2
2296,2
2297,3
2298,2
2299,1
2300,2
2301,1
2302,1
2303,3
2304,1
2305,2
2306,3
2307,1
2308,1
2309,3
2310,3
2311,1
2312,2
2313,3
2314,2
2315,2
2316,1
2317,1
2318,2
2319,1
2320,1
2321,2
2322,3
2323,1
2324,3
2325,2
2326,2
2327,1
2328,3
2329,1
2330,3
2331,1
2332,3
2333,1
2334,3
2335,1
2336,3
2337,2
2338,1
2339,3
2340,1
2341,1
2342,3
2343,3
2344,2
2345,2
2346,1
2347,2
2348,1
2349,1
2350,3
2351,3
2352,2
2353,3
2354,3
2355,3
2356,3
2357,3
2358,2
2359,2
2360,1
2361,3
2362,1
2363,2
2364,2
2365,3
2366,3
2367,2
2368,1
2369,3
2370,3
2371,3
2372,2
2373,2
2374,2
2375,3
2376,2
2377,3
2378,1
2379,1
2380,3
2381,1
2382,3
2383,3
2384,1
2385,3
2386,2
2387,3
2388,3
2389,3
2390,1
2391,3
2392,1
2393,3
2394,3
2395,3
2396,1
2397,2
2398,3
2399,2
2400,3
2401,2
2402,1
2403,2
2404,3
2405,3
2406,2
2407,1
2408,1
2409,2
2410,2
2411,1
2412,3
2413,2
2414,3
2415,1
2416,2
2417,3
2418,1
2419,1
2420,3
2421,1
2422,1
2423,3
2424,1
2425,3
2426,3
2427,1
2428,3
2429,3
2430,2
2431,2
2432,2
2433,2
2434,3
2435,2
2436,3
2437,1
2438,2
2439,1
2440,3
2441,3
2442,2
2443,1
2444,3
2445,2
2446,2
2447,1
2448,2
2449,3
2450,1
2451,3
2452,1
2453,1
2454,1
2455,2
2456,2
2457,1
2458,2
2459,1
2460,1
2461,2
2462,3
2463,3
2464,2
2465,3
2466,1
2467,1
2468,1
2469,1
2470,1
2471,3
2472,2
2473,3
2474,3
2475,2
2476,3
2477,3
2478,3
2479,1
2480,1
2481,3
2482,2
2483,3
2484,3
2485,2
2486,3
2487,1
2488,1
2489,3
2490,2
2491,3
2492,2
2493,1
2494,2
2495,3
2496,3
2497,2
2498,3
2499,1
2500,3
2501,3
2502,3
2503,3
2504,2
2505,3
2506,3
2507,2
2508,2
2509,3
2510,2
2511,2
2512,2
2513,2
2514,3
2515,2
2516,2
2517,1
2518,3
2519,2
2520,1
2521,3
2522,1
2523,3
2524,3
2525,2
2526,2
2527,3
2528,2
2529,2
2530,3
2531,3
2532,1
2533,2
2534,1
2535,1
2536,3
2537,3
2538,2
2539,3
2540,2
2541,3
2542,1
2543,2
2544,1
2545,3
2546,1
2547,1
2548,2
2549,3
2550,1
2551,3
2552,2
2553,3
2554,2
2555,3
2556,2
2557,2
2558,3
2559,2
2560,3
2561,3
2562,1
2563,1
2564,1
2565,1
2566,2
2567,3
2568,1
2569,1
2570,1
2571,1
2572,3
2573,1
2574,1
2575,3
2576,2
2577,2
2578,1
2579,1
2580,1
2581,3
2582,1
2583,2
2584,3
2585,1
2586,2
2587,3
2588,3
2589,1
2590,1
2591,2
2592,2
2593,2
2594,3
2595,3
2596,2
2597,3
2598,3
2599,3
2600,1
2601,3
2602,2
2603,3
2604,1
2605,1
2606,1
2607,2
2608,2
2609,2
2610,2
2611,3
2612,3
2613,3
2614,2
2615,1
2616,2
2617,2
2618,1
2619,3
2620,1
2621,3
2622,3
2623,2
2624,2
2625,3
2626,2
2627,3
2628,1
2629,3
2630,1
2631,3
2632,3
2633,1
2634,2
2635,2
2636,2
2637,2
2638,1
2639,2
2640,3
2641,3
2642,3
2643,1
2644,1
2645,2
2646,1
2647,2
2648,1
2649,3
2650,2
2651,1
2652,1
2653,3
2654,3
2655,3
2656,1
2657,2
2658,1
2659,2
2660,3
2661,1
2662,1
2663,3
2664,3
2665,1
2666,3
2667,1
2668,1
2669,1
2670,2
2671,1
2672,1
2673,2
2674,3
2675,1
2676,1
2677,2
2678,2
2679,2
2680,3
2681,3
2682,2
2683,2
2684,2
2685,2
2686,3
2687,1
2688,1
2689,2
2690,2
2691,3
2692,2
2693,3
2694,1
2695,2
2696,1
2697,2
2698,1
2699,3
2700,3
2701,1
2702,1
2703,2
2704,1
2705,2
2706,1
2707,3
2708,2
2709,3
2710,3
2711,2
2712,3
2713,3
2714,1
2715,2
2716,1
2717,3
2718,1
2719,3
2720,3
2721,1
2722,2
2723,3
2724,3
2725,3
2726,3
2727,2
2728,3
2729,2
2730,2
2731,3
2732,2
2733,3
2734,1
2735,3
2736,1
2737,2
2738,1
2739,1
2740,3
2741,1
2742,1
2743,3
2744,1
2745,3
2746,3
2747,1
2748,2
2749,1
2750,2
2751,1
2752,3
2753,1
2754,2
2755,2
2756,3
2757,3
2758,1
2759,1
2760,2
2761,2
2762,1
2763,2
2764,2
2765,3
2766,3
2767,3
2768,1
2769,1
2770,3
2771,2
2772,2
2773,1
2774,3
2775,3
2776,2
2777,3
2778,1
2779,3
2780,1
2781,2
2782,1
2783,2
2784,2
2785,3
2786,2
2787,2
2788,3
2789,3
2790,3
2791,1
2792,2
2793,2
2794,2
2795,1
2796,3
2797,3
2798,2
2799,1
2800,2
2801,2
2802,1
2803,3
2804,3
2805,2
2806,2
2807,3
2808,3
2809,1
2810,2
2811,3
2812,2
2813,3
2814,1
2815,1
2816,3
2817,3
2818,1
2819,3
2820,2
2821,1
2822,1
2823,3
2824,1
2825,1
2826,3
2827,2
2828,2
2829,2
2830,1
2831,2
2832,2
2833,2
2834,1
2835,3
2836,2
2837,2
2838,3
2839,1
2840,1
2841,2
2842,3
2843,1
2844,2
2845,3
2846,3
2847,3
2848,1
2849,3
2850,1
2851,1
2852,2
2853,3
2854,1
2855,2
2856,1
2857,2
2858,3
2859,1
2860,3
2861,2
2862,2
2863,3
2864,2
2865,1
2866,1
2867,2
2868,2
2869,2
2870,1
2871,2
2872,2
2873,2
2874,3
2875,1
2876,2
2877,3
2878,2
2879,1
2880,1
2881,1
2882,2
2883,1
2884,3
2885,2
2886,2
2887,1
2888,3
2889,2
2890,1
2891,2
2892,3
2893,2
2894,1
2895,1
2896,1
2897,1
2898,1
2899,2
2900,3
2901,3
2902,2
2903,3
2904,1
2905,1
2906,3
2907,1
2908,1
2909,1
2910,3
2911,2
2912,3
2913,2
2914,3
2915,3
2916,3
2917,1
2918,3
2919,3
2920,3
2921,2
2922,3
2923,1
2924,3
2925,3
2926,1
2927,3
2928,1
2929,1
2930,3
2931,2
2932,1
2933,3
2934,3
2935,2
2936,3
2937,1
2938,1
2939,2
2940,1
2941,2
2942,2
2943,3
2944,2
2945,3
2946,2
2947,3
2948,3
2949,3
2950,1
2951,1
2952,2
2953,3
2954,1
2955,3
2956,1
2957,1
2958,3
2959,1
2960,3
2961,3
2962,2
2963,2
2964,1
2965,2
2966,3
2967,1
2968,3
2969,1
2970,2
2971,1
2972,1
2973,1
2974,3
2975,3
2976,1
2977,3
2978,2
2979,2
2980,3
2981,1
2982,3
2983,1
2984,3
2985,2
2986,3
2987,3
2988,3
2989,3
2990,2
2991,2
2992,1
2993,2
2994,3
2995,3
2996,2
2997,1
2998,1
2999,3
3000,3
3001,2
3002,2
3003,2
3004,3
3005,3
3006,3
3007,2
3008,3
3009,1
3010,1
3011,1
3012,3
3013,2
3014,3
3015,3
3016,2
3017,2
3018,3
3019,1
3020,2
3021,1
3022,2
3023,2
3024,1
3025,2
3026,1
3027,1
3028,3
3029,3
3030,3
3031,2
3032,1
3033,1
3034,3
3035,2
3036,1
3037,2
3038,3
3039,3
3040,1
3041,2
3042,1
3043,3
3044,2
3045,2
3046,3
3047,1
3048,3
3049,3
3050,3
3051,2
3052,1
3053,2
3054,2
3055,3
3056,2
3057,2
3058,2
3059,3
3060,2
3061,3
3062,3
3063,3
3064,2
3065,2
3066,2
3067,3
3068,3
3069,1
3070,3
3071,1
3072,2
3073,1
3074,1
3075,2
3076,3
3077,3
3078,3
3079,2
3080,1
3081,2
3082,3
3083,3
3084,2
3085,1
3086,1
3087,3
3088,2
3089,3
3090,2
3091,1
3092,3
3093,1
3094,1
3095,3
3096,3
3097,1
3098,1
3099,1
3100,3
3101,2
3102,1
3103,1
3104,2
3105,3
3106,1
3107,1
3108,3
3109,2
3110,1
3111,2
3112,2
3113,2
3114,2
3115,2
3116,2
3117,3
3118,2
3119,1
3120,3
3121,1
3122,1
3123,3
3124,1
3125,1
3126,2
3127,2
3128,3
3129,3
3130,2
3131,2
3132,1
3133,3
3134,2
3135,1
3136,2
3137,2
3138,1
3139,2
3140,2
3141,3
3142,1
3143,3
3144,2
3145,3
3146,3
3147,3
3148,3
3149,1
3150,2
3151,2
3152,2
3153,3
3154,1
3155,1
3156,3
3157,3
3158,2
3159,2
3160,2
3161,1
3162,2
3163,3
3164,3
3165,2
3166,3
3167,3
3168,1
3169,1
3170,1
3171,3
3172,3
3173,1
3174,3
3175,3
3176,1
3177,2
3178,2
3179,1
3180,2
3181,3
3182,2
3183,3
3184,2
3185,3
3186,1
3187,3
3188,3
3189,2
3190,1
3191,2
3192,1
3193,1
3194,2
3195,2
3196,1
3197,3
3198,2
3199,3
3200,2
3201,1
3202,1
3203,2
3204,3
3205,3
3206,1
3207,2
3208,2
3209,3
3210,3
3211,3
3212,2
3213,3
3214,3
3215,1
3216,3
3217,2
3218,1
3219,3
3220,1
3221,1
3222,3
3223,3
3224,2
3225,3
3226,1
3227,2
3228,3
3229,1
3230,3
3231,3
3232,3
3233,2
3234,3
3235,2
3236,3
3237,2
3238,3
3239,1
3240,1
3241,3
3242,3
3243,2
3244,2
3245,2
3246,2
3247,3
3248,3
3249,2
3250,3
3251,1
3252,1
3253,1
3254,3
3255,2
3256,2
3257,1
3258,3
3259,2
3260,3
3261,2
3262,3
3263,2
3264,2
3265,2
3266,3
3267,1
3268,3
3269,2
3270,1
3271,3
3272,1
3273,2
3274,2
3275,2
3276,1
3277,2
3278,2
3279,3
3280,1
3281,2
3282,1
3283,1
3284,2
3285,1
3286,3
3287,1
3288,2
3289,1
3290,2
3291,3
3292,3
3293,2
3294,3
3295,2
3296,2
3297,2
3298,1
3299,1
3300,3
3301,3
3302,2
3303,2
3304,1
3305,1
3306,3
3307,2
3308,2
3309,3
3310,3
3311,1
3312,3
3313,1
3314,1
3315,1
3316,1
3317,2
3318,3
3319,1
3320,2
3321,1
3322,3
3323,2
3324,1
3325,1
3326,3
3327,3
3328,2
3329,2
3330,2
3331,3
3332,2
3333,3
3334,2
3335,3
3336,3
3337,2
3338,3
3339,1
3340,3
3341,2
3342,3
3343,2
3344,3
3345,2
3346,2
3347,1
3348,1
3349,1
3350,3
3351,1
3352,3
3353,2
3354,2
3355,3
3356,3
3357,1
3358,1
3359,3
3360,2
3361,3
3362,3
3363,1
3364,3
3365,1
3366,2
3367,3
3368,2
3369,1
3370,3
3371,1
3372,1
3373,2
3374,1
3375,1
3376,1
3377,2
3378,2
3379,3
3380,3
3381,3
3382,3
3383,1
3384,1
3385,2
3386,2
3387,2
3388,3
3389,1
3390,1
3391,2
3392,3
3393,1
3394,2
3395,2
3396,2
3397,3
3398,1
3399,2
3400,3
3401,2
3402,2
3403,2
3404,1
3405,1
3406,2
3407,3
3408,2
3409,3
3410,1
3411,3
3412,3
3413,1
3414,2
3415,2
3416,2
3417,3
3418,1
3419,2
3420,1
3421,2
3422,3
3423,2
3424,2
3425,2
3426,2
3427,2
3428,3
3429,1
3430,1
3431,2
3432,1
3433,3
3434,1
3435,2
3436,1
3437,3
3438,2
3439,2
3440,3
3441,3
3442,1
3443,2
3444,3
3445,2
3446,2
3447,3
3448,1
3449,2
3450,2
3451,1
3452,1
3453,2
3454,1
3455,2
3456,1
3457,1
3458,2
3459,2
3460,1
3461,1
3462,1
3463,3
3464,1
3465,1
3466,3
3467,2
3468,2
3469,2
3470,2
3471,3
3472,3
3473,2
3474,2
3475,2
3476,1
3477,2
3478,3
3479,3
3480,3
3481,2
3482,2
3483,1
3484,2
3485,1
3486,2
3487,1
3488,3
3489,3
3490,2
3491,3
3492,2
3493,2
3494,3
3495,3
3496,2
3497,2
3498,3
3499,3
3500,1
3501,3
3502,2
3503,2
3504,2
3505,1
3506,1
3507,3
3508,3
3509,2
3510,2
3511,3
3512,1
3513,1
3514,2
3515,3
3516,2
3517,1
3518,3
3519,1
3520,3
3521,2
3522,2
3523,3
3524,2
3525,1
3526,3
3527,1
3528,2
3529,1
3530,3
3531,2
3532,3
3533,1
3534,2
3535,2
3536,2
3537,2
3538,3
3539,2
3540,2
3541,2
3542,3
3543,2
3544,1
3545,1
3546,1
3547,2
3548,2
3549,1
3550,1
3551,1
3552,2
3553,1
3554,2
3555,3
3556,1
3557,1
3558,3
3559,3
3560,3
3561,2
3562,1
3563,1
3564,3
3565,2
3566,2
3567,3
3568,3
3569,3
3570,3
3571,1
3572,2
3573,2
3574,3
3575,2
3576,3
3577,1
3578,2
3579,3
3580,1
3581,1
3582,2
3583,3
3584,3
3585,2
3586,1
3587,3
3588,3
3589,3
3590,2
3591,3
3592,2
3593,3
3594,3
3595,2
3596,3
3597,3
3598,3
3599,3
3600,2
3601,1
3602,2
3603,2
3604,1
3605,2
3606,1
3607,3
3608,3
3609,1
3610,1
3611,3
3612,2
3613,2
3614,2
3615,2
3616,3
3617,3
3618,3
3619,2
3620,3
3621,2
3622,1
3623,1
3624,3
3625,2
3626,2
3627,1
3628,2
3629,1
3630,1
3631,2
3632,3
3633,2
3634,3
3635,3
3636,3
3637,3
3638,1
3639,1
3640,2
3641,2
3642,1
3643,2
3644,3
3645,2
3646,2
3647,1
3648,3
3649,3
3650,3
3651,1
3652,1
3653,2
3654,2
3655,2
3656,3
3657,1
3658,3
3659,3
3660,1
3661,1
3662,2
3663,1
3664,1
3665,1
3666,1
3667,1
3668,3
3669,2
3670,3
3671,1
3672,3
3673,3
3674,1
3675,1
3676,2
3677,1
3678,3
3679,2
3680,1
3681,1
3682,2
3683,3
3684,1
3685,3
3686,2
3687,3
3688,3
3689,1
3690,3
3691,2
3692,1
3693,3
3694,2
3695,2
3696,2
3697,3
3698,1
3699,3
3700,2
3701,2
3702,3
3703,2
3704,1
3705,2
3706,3
3707,2
3708,3
3709,1
3710,1
3711,3
3712,1
3713,1
3714,2
3715,3
3716,1
3717,2
3718,3
3719,3
3720,1
3721,1
3722,3
3723,1
3724,1
3725,3
3726,3
3727,1
3728,1
3729,3
3730,1
3731,3
3732,3
3733,3
3734,2
3735,3
3736,1
3737,2
3738,3
3739,1
3740,2
3741,3
3742,2
3743,3
3744,1
3745,3
3746,2
3747,3
3748,2
3749,2
3750,3
3751,1
3752,1
3753,3
3754,2
3755,2
3756,3
3757,2
3758,2
3759,3
3760,3
3761,1
3762,3
3763,2
3764,3
3765,1
3766,2
3767,3
3768,3
3769,2
3770,3
3771,2
3772,1
3773,3
3774,2
3775,2
3776,3
3777,2
3778,3
3779,1
3780,2
3781,3
3782,3
3783,1
3784,2
3785,2
3786,1
3787,2
3788,3
3789,3
3790,3
3791,3
3792,2
3793,3
3794,1
3795,3
3796,2
3797,3
3798,1
3799,3
3800,2
3801,1
3802,3
3803,3
3804,1
3805,2
3806,2
3807,2
3808,1
3809,2
3810,1
3811,3
3812,2
3813,3
3814,1
3815,2
3816,3
3817,2
3818,3
3819,2
3820,3
3821,2
3822,2
3823,1
3824,2
3825,1
3826,2
3827,3
3828,2
3829,1
3830,2
3831,2
3832,2
3833,2
3834,1
3835,1
3836,2
3837,3
3838,2
3839,1
3840,3
3841,2
3842,3
3843,2
3844,1
3845,1
3846,1
3847,1
3848,3
3849,3
3850,2
3851,3
3852,3
3853,2
3854,2
3855,2
3856,2
3857,2
3858,2
3859,1
3860,2
3861,2
3862,2
3863,1
3864,2
3865,3
3866,2
3867,1
3868,2
3869,1
3870,1
3871,3
3872,3
3873,1
3874,2
3875,2
3876,2
3877,1
3878,3
3879,2
3880,1
3881,2
3882,1
3883,3
3884,3
3885,1
3886,2
3887,1
3888,1
3889,1
3890,3
3891,2
3892,3
3893,3
3894,1
3895,2
3896,1
3897,3
3898,1
3899,2
3900,1
3901,1
3902,1
3903,3
3904,3
3905,2
3906,3
3907,1
3908,2
3909,3
3910,1
3911,1
3912,2
3913,1
3914,2
3915,1
3916,3
3917,3
3918,2
3919,3
3920,1
3921,1
3922,2
3923,1
3924,3
3925,3
3926,2
3927,1
3928,2
3929,2
3930,3
3931,1
3932,1
3933,3
3934,1
3935,3
3936,2
3937,1
3938,3
3939,3
3940,3
3941,2
3942,3
3943,1
3944,1
3945,3
3946,1
3947,2
3948,2
3949,2
3950,2
3951,1
3952,2
3953,1
3954,1
3955,2
3956,2
3957,1
3958,1
3959,2
3960,2
3961,2
3962,2
3963,2
3964,2
3965,2
3966,1
3967,1
3968,2
3969,3
3970,2
3971,1
3972,2
3973,1
3974,1
3975,1
3976,1
3977,3
3978,1
3979,1
3980,2
3981,3
3982,1
3983,3
3984,3
3985,3
3986,1
3987,3
3988,3
3989,3
3990,3
3991,3
3992,3
3993,1
3994,3
3995,1
3996,1
3997,3
3998,2
3999,1
4000,2
4001,2
4002,3
4003,1
4004,1
4005,3
4006,3
4007,3
4008,2
4009,1
4010,2
4011,2
4012,2
4013,1
4014,3
4015,2
4016,1
4017,1
4018,3
4019,3
4020,2
4021,1
4022,2
4023,2
4024,1
4025,3
4026,3
4027,1
4028,2
4029,3
4030,3
4031,3
4032,1
4033,1
4034,2
4035,2
4036,3
4037,1
4038,3
4039,3
4040,2
4041,2
4042,2
4043,1
4044,1
4045,1
4046,3
4047,3
4048,1
4049,2
4050,2
4051,2
4052,1
4053,3
4054,3
4055,1
4056,3
4057,1
4058,1
4059,2
4060,3
4061,3
4062,2
4063,1
4064,1
4065,2
4066,1
4067,3
4068,3
4069,2
4070,2
4071,2
4072,3
4073,1
4074,3
4075,1
4076,3
4077,2
4078,3
4079,1
4080,1
4081,1
4082,1
4083,1
4084,1
4085,2
4086,2
4087,1
4088,2
4089,3
4090,1
4091,2
4092,2
4093,2
4094,1
4095,3
4096,2
4097,2
4098,3
4099,1
4100,3
4101,3
4102,3
4103,3
4104,1
4105,3
4106,3
4107,1
4108,3
4109,3
4110,1
4111,1
4112,3
4113,2
4114,1
4115,1
4116,1
4117,1
4118,3
4119,1
4120,1
4121,3
4122,2
4123,2
4124,2
4125,2
4126,3
4127,2
4128,1
4129,2
4130,2
4131,3
4132,2
4133,3
4134,2
4135,1
4136,1
4137,3
4138,3
4139,1
4140,2
4141,3
4142,3
4143,2
4144,3
4145,2
4146,3
4147,2
4148,2
4149,3
4150,1
4151,2
4152,2
4153,3
4154,1
4155,3
4156,2
4157,2
4158,3
4159,1
4160,3
4161,1
4162,2
4163,3
4164,1
4165,1
4166,1
4167,3
4168,3
4169,3
4170,2
4171,1
4172,3
4173,3
4174,3
4175,3
4176,3
4177,3
4178,3
4179,2
4180,2
4181,1
4182,3
4183,1
4184,2
4185,2
4186,1
4187,3
4188,1
4189,1
4190,2
4191,3
4192,1
4193,1
4194,1
4195,1
4196,1
4197,1
4198,2
4199,1
4200,1
4201,3
4202,1
4203,3
4204,1
4205,1
4206,2
4207,1
4208,2
4209,1
4210,3
4211,1
4212,3
4213,2
4214,1
4215,1
4216,2
4217,2
4218,1
4219,1
4220,2
4221,1
4222,3
4223,2
4224,2
4225,2
4226,1
4227,1
4228,1
4229,1
4230,3
4231,3
4232,3
4233,2
4234,1
4235,2
4236,2
4237,2
4238,1
4239,2
4240,3
4241,3
4242,3
4243,3
4244,2
4245,1
4246,1
4247,3
4248,3
4249,2
4250,2
4251,2
4252,2
4253,3
4254,2
4255,3
4256,1
4257,3
4258,3
4259,1
4260,1
4261,2
4262,1
4263,3
4264,2
4265,1
4266,1
4267,2
4268,2
4269,1
4270,1
4271,1
4272,1
4273,1
4274,2
4275,3
4276,3
4277,1
4278,3
4279,1
4280,1
4281,1
4282,1
4283,1
4284,3
4285,1
4286,3
4287,1
4288,1
4289,3
4290,2
4291,2
4292,2
4293,3
4294,1
4295,3
4296,1
4297,2
4298,3
4299,3
4300,3
4301,2
4302,3
4303,3
4304,1
4305,2
4306,2
4307,2
4308,3
4309,1
4310,3
4311,2
4312,1
4313,3
4314,1
4315,2
4316,3
4317,2
4318,2
4319,2
4320,3
4321,1
4322,1
4323,2
4324,3
4325,2
4326,3
4327,1
4328,3
4329,1
4330,2
4331,2
4332,2
4333,2
4334,1
4335,2
4336,3
4337,2
4338,1
4339,1
4340,2
4341,2
4342,2
4343,2
4344,3
4345,2
4346,1
4347,3
4348,1
4349,2
4350,3
4351,3
4352,3
4353,3
4354,1
4355,3
4356,2
4357,3
4358,2
4359,2
4360,1
4361,1
4362,3
4363,1
4364,2
4365,3
4366,3
4367,1
4368,3
4369,2
4370,1
4371,2
4372,1
4373,3
4374,2
4375,3
4376,1
4377,3
4378,3
4379,1
4380,1
4381,3
4382,1
4383,1
4384,2
4385,2
4386,1
4387,1
4388,2
4389,3
4390,2
4391,2
4392,3
4393,1
4394,3
4395,2
4396,1
4397,1
4398,3
4399,3
4400,2
4401,1
4402,1
4403,2
4404,3
4405,1
4406,2
4407,1
4408,1
4409,1
4410,2
4411,2
4412,1
4413,3
4414,1
4415,3
4416,2
4417,3
4418,2
4419,3
4420,3
4421,2
4422,3
4423,2
4424,3
4425,1
4426,3
4427,3
4428,1
4429,3
4430,3
4431,3
4432,3
4433,2
4434,1
4435,1
4436,2
4437,3
4438,2
4439,2
4440,1
4441,2
4442,2
4443,3
4444,2
4445,3
4446,1
4447,2
4448,2
4449,2
4450,2
4451,1
4452,2
4453,2
4454,2
4455,3
4456,1
4457,1
4458,3
4459,1
4460,3
4461,2
4462,2
4463,3
4464,1
4465,1
4466,2
4467,3
4468,3
4469,3
4470,2
4471,3
4472,2
4473,2
4474,3
4475,1
4476,1
4477,3
4478,3
4479,2
4480,1
4481,2
4482,2
4483,3
4484,2
4485,3
4486,2
4487,2
4488,2
4489,2
4490,1
4491,1
4492,1
4493,3
4494,1
4495,3
4496,2
4497,2
4498,2
4499,1
4500,3
4501,2
4502,2
4503,3
4504,2
4505,2
4506,2
4507,2
4508,2
4509,1
4510,1
4511,1
4512,1
4513,2
4514,1
4515,1
4516,3
4517,3
4518,1
4519,2
4520,3
4521,2
4522,3
4523,1
4524,3
4525,1
4526,1
4527,3
4528,3
4529,1
4530,2
4531,2
4532,2
4533,2
4534,3
4535,1
4536,3
4537,3
4538,1
4539,3
4540,1
4541,3
4542,3
4543,2
4544,2
4545,2
4546,3
4547,3
4548,3
4549,2
4550,1
4551,2
4552,2
4553,1
4554,1
4555,2
4556,3
4557,2
4558,2
4559,2
4560,1
4561,3
4562,2
4563,3
4564,2
4565,1
4566,1
4567,1
4568,3
4569,2
4570,2
4571,3
4572,2
4573,2
4574,1
4575,2
4576,2
4577,2
4578,2
4579,1
4580,2
4581,2
4582,3
4583,1
4584,3
4585,3
4586,2
4587,1
4588,3
4589,2
4590,3
4591,3
4592,2
4593,1
4594,3
4595,2
4596,1
4597,2
4598,1
4599,3
4600,3
4601,3
4602,1
4603,3
4604,2
4605,2
4606,3
4607,3
4608,1
4609,3
4610,2
4611,2
4612,2
4613,3
4614,2
4615,3
4616,3
4617,2
4618,3
4619,3
4620,1
4621,2
4622,2
4623,3
4624,1
4625,2
4626,1
4627,1
4628,1
4629,2
4630,3
4631,3
4632,3
4633,3
4634,1
4635,1
4636,1
4637,2
4638,3
4639,3
4640,1
4641,1
4642,3
4643,3
4644,1
4645,1
4646,2
4647,2
4648,1
4649,3
4650,2
4651,3
4652,3
4653,2
4654,1
4655,3
4656,1
4657,2
4658,3
4659,1
4660,3
4661,1
4662,3
4663,2
4664,3
4665,3
4666,2
4667,1
4668,1
4669,1
4670,2
4671,3
4672,1
4673,3
4674,1
4675,3
4676,1
4677,2
4678,1
4679,1
4680,2
4681,2
4682,3
4683,2
4684,2
4685,3
4686,2
4687,3
4688,3
4689,3
4690,3
4691,3
4692,1
4693,1
4694,3
4695,3
4696,3
4697,2
4698,1
4699,3
4700,1
4701,2
4702,1
4703,2
4704,1
4705,2
4706,3
4707,2
4708,1
4709,1
4710,1
4711,1
4712,2
4713,2
4714,1
4715,3
4716,3
4717,2
4718,3
4719,1
4720,2
4721,2
4722,2
4723,3
4724,3
4725,2
4726,1
4727,2
4728,3
4729,1
4730,1
4731,2
4732,3
4733,2
4734,2
4735,1
4736,1
4737,1
4738,2
4739,1
4740,1
4741,2
4742,3
4743,1
4744,1
4745,2
4746,2
4747,3
4748,3
4749,3
4750,1
4751,2
4752,2
4753,3
4754,2
4755,2
4756,3
4757,3
4758,2
4759,2
4760,3
4761,2
4762,3
4763,1
4764,3
4765,1
4766,3
4767,1
4768,3
4769,3
4770,2
4771,2
4772,3
4773,1
4774,2
4775,3
4776,2
4777,1
4778,3
4779,3
4780,3
4781,1
4782,3
4783,3
4784,2
4785,1
4786,3
4787,2
4788,3
4789,2
4790,1
4791,1
4792,1
4793,2
4794,3
4795,1
4796,1
4797,3
4798,1
4799,2
4800,1
4801,2
4802,3
4803,2
4804,1
4805,1
4806,2
4807,1
4808,2
4809,2
4810,3
4811,1
4812,1
4813,3
4814,1
4815,2
4816,3
4817,1
4818,1
4819,2
4820,1
4821,2
4822,3
4823,3
4824,3
4825,2
4826,3
4827,1
4828,3
4829,1
4830,2
4831,2
4832,1
4833,1
4834,1
4835,1
4836,2
4837,2
4838,1
4839,2
4840,3
4841,2
4842,2
4843,1
4844,2
4845,1
4846,3
4847,3
4848,2
4849,1
4850,3
4851,2
4852,2
4853,1
4854,2
4855,3
4856,2
4857,1
4858,1
4859,2
4860,2
4861,3
4862,2
4863,3
4864,2
4865,1
4866,2
4867,1
4868,2
4869,2
4870,1
4871,1
4872,3
4873,3
4874,3
4875,2
4876,2
4877,1
4878,2
4879,3
4880,2
4881,1
4882,3
4883,1
4884,3
4885,3
4886,1
4887,2
4888,2
4889,2
4890,1
4891,2
4892,3
4893,2
4894,2
4895,2
4896,1
4897,1
4898,1
4899,2
4900,1
4901,2
4902,3
4903,1
4904,3
4905,1
4906,2
4907,3
4908,2
4909,1
4910,2
4911,1
4912,3
4913,1
4914,3
4915,2
4916,2
4917,2
4918,2
4919,3
4920,1
4921,3
4922,3
4923,2
4924,3
4925,3
4926,3
4927,1
4928,1
4929,2
4930,3
4931,1
4932,1
4933,3
4934,1
4935,2
4936,1
4937,2
4938,2
4939,1
4940,3
4941,3
4942,3
4943,1
4944,1
4945,3
4946,2
4947,3
4948,1
4949,3
4950,2
4951,3
4952,3
4953,1
4954,3
4955,1
4956,2
4957,1
4958,1
4959,2
4960,1
4961,1
4962,2
4963,1
4964,3
4965,1
4966,3
4967,2
4968,1
4969,3
4970,2
4971,3
4972,3
4973,3
4974,3
4975,3
4976,1
4977,2
4978,3
4979,1
4980,3
4981,2
4982,1
4983,2
4984,3
4985,3
4986,3
4987,3
4988,1
4989,2
4990,2
4991,1
4992,2
4993,1
4994,1
4995,3
4996,2
4997,3
4998,1
4999,3
5000,1
5001,2
5002,2
5003,1
5004,3
5005,1
5006,2
5007,3
5008,1
5009,2
5010,1
5011,2
5012,1
5013,1
5014,3
5015,2
5016,2
5017,3
5018,2
5019,2
5020,1
5021,1
5022,1
5023,1
5024,1
5025,2
5026,2
5027,1
5028,2
5029,2
5030,1
5031,1
5032,2
5033,3
5034,2
5035,3
5036,1
5037,3
5038,2
5039,2
5040,3
5041,2
5042,1
5043,2
5044,3
5045,1
5046,3
5047,3
5048,2
5049,1
5050,3
5051,1
5052,1
5053,3
5054,3
5055,2
5056,3
5057,3
5058,2
5059,3
5060,3
5061,1
5062,2
5063,1
5064,3
5065,3
5066,3
5067,1
5068,3
5069,3
5070,2
5071,2
5072,2
5073,2
5074,2
5075,3
5076,2
5077,2
5078,2
5079,2
5080,2
5081,1
5082,3
5083,1
5084,3
5085,2
5086,3
5087,1
5088,3
5089,2
5090,1
5091,3
5092,1
5093,1
5094,3
5095,2
5096,3
5097,2
5098,3
5099,2
5100,2
5101,3
5102,3
5103,1
5104,1
5105,2
5106,3
5107,1
5108,2
5109,2
5110,3
5111,3
5112,1
5113,1
5114,1
5115,2
5116,3
5117,2
5118,3
5119,2
5120,3
5121,2
5122,3
5123,3
5124,1
5125,1
5126,3
5127,2
5128,1
5129,3
5130,2
5131,2
5132,1
5133,2
5134,2
5135,1
5136,1
5137,3
5138,1
5139,3
5140,1
5141,2
5142,2
5143,3
5144,2
5145,1
5146,2
5147,2
5148,3
5149,3
5150,3
5151,1
5152,1
5153,1
5154,3
5155,1
5156,1
5157,2
5158,3
5159,2
5160,1
5161,1
5162,2
5163,3
5164,2
5165,1
5166,1
5167,2
5168,3
5169,3
5170,1
5171,1
5172,1
5173,3
5174,3
5175,3
5176,2
5177,1
5178,2
5179,3
5180,1
5181,2
5182,1
5183,3
5184,1
5185,2
5186,2
5187,1
5188,1
5189,2
5190,2
5191,2
5192,3
5193,2
5194,3
5195,2
5196,3
5197,2
5198,2
5199,2
5200,1
5201,1
5202,3
5203,1
5204,3
5205,3
5206,1
5207,3
5208,3
5209,2
5210,2
5211,2
5212,2
5213,1
5214,2
5215,2
5216,2
5217,1
5218,3
5219,1
5220,2
5221,1
5222,2
5223,3
5224,3
5225,1
5226,2
5227,3
5228,2
5229,3
5230,2
5231,2
5232,3
5233,3
5234,1
5235,2
5236,2
5237,2
5238,2
5239,1
5240,1
5241,1
5242,3
5243,1
5244,2
5245,2
5246,1
5247,2
5248,1
5249,2
5250,1
5251,2
5252,2
5253,1
5254,2
5255,3
5256,2
5257,2
5258,3
5259,2
5260,1
5261,2
5262,1
5263,2
5264,3
5265,3
5266,2
5267,1
5268,2
5269,2
5270,3
5271,1
5272,2
5273,2
5274,3
5275,1
5276,1
5277,3
5278,2
5279,3
5280,2
5281,3
5282,2
5283,3
5284,1
5285,2
5286,2
5287,3
5288,3
5289,3
5290,1
5291,1
5292,2
5293,3
5294,2
5295,1
5296,1
5297,1
5298,3
5299,3
5300,3
5301,1
5302,2
5303,1
5304,1
5305,3
5306,2
5307,3
5308,3
5309,2
5310,3
5311,2
5312,3
5313,1
5314,1
5315,3
5316,2
5317,2
5318,1
5319,3
5320,3
5321,2
5322,2
5323,2
5324,2
5325,1
5326,3
5327,1
5328,2
5329,3
5330,2
5331,2
5332,3
5333,2
5334,2
5335,3
5336,2
5337,1
5338,2
5339,2
5340,2
5341,1
5342,2
5343,3
5344,1
5345,2
5346,1
5347,2
5348,3
5349,3
5350,2
5351,2
5352,1
5353,2
5354,3
5355,3
5356,1
5357,1
5358,2
5359,2
5360,2
5361,3
5362,2
5363,1
5364,1
5365,2
5366,1
5367,1
5368,3
5369,3
5370,2
5371,2
5372,1
5373,1
5374,3
5375,1
5376,2
5377,2
5378,1
5379,3
5380,2
5381,1
5382,1
5383,1
5384,3
5385,1
5386,3
5387,2
5388,1
5389,2
5390,1
5391,2
5392,1
5393,3
5394,3
5395,3
5396,2
5397,1
5398,3
5399,1
5400,3
5401,3
5402,3
5403,1
5404,1
5405,3
5406,3
5407,3
5408,2
5409,1
5410,1
5411,1
5412,2
5413,3
5414,1
5415,2
5416,3
5417,1
5418,3
5419,3
5420,2
5421,2
5422,1
5423,1
5424,3
5425,1
5426,1
5427,3
5428,2
5429,3
5430,3
5431,2
5432,1
5433,3
5434,1
5435,2
5436,1
5437,3
5438,1
5439,1
5440,3
5441,2
5442,1
5443,2
5444,3
5445,2
5446,3
5447,2
5448,3
5449,2
5450,1
5451,2
5452,3
5453,1
5454,1
5455,2
5456,2
5457,2
5458,3
5459,3
5460,3
5461,2
5462,3
5463,1
5464,1
5465,2
5466,3
5467,1
5468,1
5469,1
5470,3
5471,3
5472,1
5473,1
5474,1
5475,2
5476,2
5477,2
5478,1
5479,3
5480,1
5481,2
5482,2
5483,1
5484,3
5485,1
5486,3
5487,3
5488,1
5489,1
5490,2
5491,1
5492,1
5493,1
5494,1
5495,2
5496,1
5497,3
5498,3
5499,3
5500,1
5501,1
5502,1
5503,2
5504,3
5505,1
5506,2
5507,2
5508,2
5509,3
5510,1
5511,3
5512,2
5513,2
5514,3
5515,1
5516,3
5517,1
5518,3
5519,2
5520,2
5521,2
5522,2
5523,2
5524,3
5525,1
5526,2
5527,2
5528,2
5529,2
5530,1
5531,1
5532,2
5533,1
5534,2
5535,3
5536,1
5537,3
5538,3
5539,1
5540,1
5541,1
5542,1
5543,1
5544,3
5545,1
5546,3
5547,2
5548,2
5549,3
5550,1
5551,2
5552,3
5553,2
5554,1
5555,3
5556,1
5557,3
5558,1
5559,1
5560,1
5561,1
5562,1
5563,1
5564,1
5565,3
5566,3
5567,2
5568,3
5569,2
5570,1
5571,2
5572,1
5573,2
5574,3
5575,1
5576,2
5577,3
5578,1
5579,1
5580,2
5581,2
5582,2
5583,2
5584,1
5585,2
5586,1
5587,3
5588,3
5589,2
5590,2
5591,3
5592,3
5593,3
5594,1
5595,1
5596,2
5597,3
5598,1
5599,3
5600,3
5601,1
5602,2
5603,1
5604,3
5605,3
5606,3
5607,1
5608,3
5609,3
5610,1
5611,1
5612,3
5613,1
5614,1
5615,1
5616,2
5617,3
5618,3
5619,2
5620,2
5621,3
5622,3
5623,1
5624,2
5625,2
5626,1
5627,2
5628,1
5629,2
5630,1
5631,1
5632,3
5633,2
5634,3
5635,3
5636,3
5637,2
5638,3
5639,2
5640,2
5641,1
5642,2
5643,3
5644,2
5645,3
5646,2
5647,3
5648,1
5649,2
5650,1
5651,2
5652,1
5653,3
5654,1
5655,2
5656,1
5657,1
5658,3
5659,2
5660,2
5661,2
5662,3
5663,1
5664,1
5665,3
5666,2
5667,2
5668,3
5669,2
5670,1
5671,3
5672,3
5673,2
5674,2
5675,2
5676,3
5677,1
5678,1
5679,2
5680,2
5681,2
5682,3
5683,1
5684,1
5685,1
5686,2
5687,1
5688,3
5689,3
5690,1
5691,3
5692,1
5693,2
5694,1
5695,3
5696,2
5697,2
5698,1
5699,1
5700,3
5701,1
5702,2
5703,2
5704,1
5705,2
5706,1
5707,1
5708,2
5709,3
5710,2
5711,2
5712,1
5713,2
5714,2
5715,2
5716,1
5717,3
5718,3
5719,2
5720,2
5721,2
5722,1
5723,2
5724,3
5725,2
5726,2
5727,2
5728,1
5729,3
5730,1
5731,1
5732,1
5733,3
5734,3
5735,2
5736,3
5737,3
5738,1
5739,2
5740,2
5741,1
5742,3
5743,2
5744,2
5745,2
5746,3
5747,2
5748,3
5749,1
5750,1
5751,3
5752,3
5753,1
5754,1
5755,1
5756,1
5757,3
5758,2
5759,1
5760,2
5761,2
5762,1
5763,1
5764,1
5765,3
5766,2
5767,2
5768,2
5769,3
5770,3
5771,2
5772,3
5773,1
5774,2
5775,2
5776,2
5777,1
5778,3
5779,2
5780,3
5781,2
5782,1
5783,3
5784,3
5785,3
5786,1
5787,2
5788,3
5789,1
5790,2
5791,1
5792,2
5793,2
5794,1
5795,1
5796,3
5797,3
5798,3
5799,3
5800,1
5801,3
5802,1
5803,1
5804,2
5805,2
5806,1
5807,3
5808,2
5809,3
5810,2
5811,2
5812,3
5813,3
5814,2
5815,2
5816,3
5817,1
5818,2
5819,1
5820,3
5821,2
5822,2
5823,3
5824,2
5825,3
5826,2
5827,3
5828,1
5829,3
5830,3
5831,1
5832,1
5833,3
5834,2
5835,2
5836,1
5837,2
5838,2
5839,2
5840,3
5841,1
5842,3
5843,3
5844,1
5845,3
5846,3
5847,1
5848,3
5849,2
5850,3
5851,3
5852,2
5853,1
5854,1
5855,3
5856,2
5857,2
5858,2
5859,2
5860,2
5861,2
5862,2
5863,1
5864,3
5865,2
5866,2
5867,2
5868,2
5869,1
5870,3
5871,3
5872,2
5873,1
5874,2
5875,3
5876,1
5877,1
5878,1
5879,3
5880,3
5881,1
5882,1
5883,1
5884,2
5885,3
5886,2
5887,2
5888,1
5889,2
5890,1
5891,1
5892,3
5893,2
5894,3
5895,3
5896,1
5897,1
5898,3
5899,2
5900,1
5901,1
5902,1
5903,2
5904,1
5905,2
5906,3
5907,1
5908,3
5909,3
5910,3
5911,3
5912,2
5913,2
5914,3
5915,3
5916,3
5917,1
5918,3
5919,3
5920,3
5921,3
5922,3
5923,3
5924,3
5925,2
5926,3
5927,3
5928,2
5929,3
5930,3
5931,1
5932,3
5933,1
5934,1
5935,3
5936,1
5937,1
5938,3
5939,2
5940,1
5941,3
5942,3
5943,2
5944,2
5945,2
5946,2
5947,3
5948,1
5949,2
5950,3
5951,3
5952,1
5953,3
5954,2
5955,3
5956,2
5957,3
5958,2
5959,1
5960,1
5961,3
5962,1
5963,3
5964,1
5965,2
5966,3
5967,2
5968,3
5969,2
5970,1
5971,3
5972,1
5973,3
5974,1
5975,1
5976,2
5977,3
5978,2
5979,1
5980,1
5981,1
5982,2
5983,1
5984,3
5985,2
5986,1
5987,2
5988,1
5989,1
5990,1
5991,2
5992,2
5993,1
5994,3
5995,2
5996,3
5997,3
5998,3
5999,3
6000,2
6001,3
6002,3
6003,2
6004,3
6005,1
6006,3
6007,2
6008,2
6009,1
6010,2
6011,1
6012,2
6013,3
6014,2
6015,2
6016,1
6017,2
6018,3
6019,2
6020,2
6021,2
6022,1
6023,1
6024,2
6025,3
6026,2
6027,2
6028,2
6029,3
6030,1
6031,1
6032,3
6033,1
6034,3
6035,1
6036,3
6037,2
6038,2
6039,1
6040,1
6041,3
6042,2
6043,3
6044,2
6045,2
6046,2
6047,2
6048,3
6049,1
6050,1
6051,3
6052,2
6053,1
6054,3
6055,1
6056,1
6057,3
6058,3
6059,2
6060,1
6061,3
6062,3
6063,1
6064,1
6065,3
6066,3
6067,1
6068,2
6069,1
6070,2
6071,1
6072,2
6073,3
6074,3
6075,3
6076,3
6077,3
6078,1
6079,2
6080,1
6081,2
6082,2
6083,3
6084,3
6085,3
6086,3
6087,3
6088,1
6089,2
6090,2
6091,1
6092,2
6093,2
6094,3
6095,3
6096,1
6097,3
6098,3
6099,1
6100,1
6101,1
6102,2
6103,3
6104,3
6105,1
6106,3
6107,3
6108,2
6109,3
6110,3
6111,2
6112,1
6113,1
6114,2
6115,1
6116,3
6117,2
6118,3
6119,1
6120,2
6121,1
6122,1
6123,1
6124,3
6125,1
6126,2
6127,3
6128,3
6129,3
6130,1
6131,1
6132,1
6133,1
6134,2
6135,2
6136,3
6137,1
6138,3
6139,3
6140,1
6141,1
6142,3
6143,2
6144,2
6145,2
6146,2
6147,3
6148,1
6149,3
6150,1
6151,1
6152,1
6153,2
6154,1
6155,2
6156,2
6157,1
6158,2
6159,2
6160,2
6161,2
6162,2
6163,2
6164,1
6165,3
6166,2
6167,3
6168,2
6169,1
6170,1
6171,1
6172,2
6173,3
6174,1
6175,1
6176,2
6177,2
6178,1
6179,1
6180,2
6181,2
6182,1
6183,3
6184,3
6185,1
6186,2
6187,2
6188,1
6189,2
6190,3
6191,2
6192,1
6193,2
6194,1
6195,2
6196,3
6197,3
6198,2
6199,3
6200,3
6201,1
6202,2
6203,3
6204,1
6205,3
6206,3
6207,1
6208,1
6209,3
6210,3
6211,1
6212,3
6213,1
6214,1
6215,2
6216,2
6217,3
6218,2
6219,1
6220,1
6221,1
6222,3
6223,1
6224,3
6225,1
6226,3
6227,1
6228,1
6229,1
6230,2
6231,2
6232,1
6233,2
6234,2
6235,2
6236,1
6237,3
6238,2
6239,1
6240,2
6241,1
6242,2
6243,2
6244,1
6245,2
6246,1
6247,3
6248,2
6249,1
6250,1
6251,2
6252,2
6253,2
6254,2
6255,1
6256,1
6257,1
6258,2
6259,3
6260,3
6261,2
6262,1
6263,3
6264,2
6265,2
6266,2
6267,1
6268,2
6269,1
6270,2
6271,1
6272,3
6273,2
6274,2
6275,1
6276,3
6277,3
6278,3
6279,3
6280,1
6281,3
6282,2
6283,3
6284,2
6285,3
6286,1
6287,1
6288,1
6289,1
6290,1
6291,2
6292,2
6293,3
6294,2
6295,2
6296,3
6297,3
6298,1
6299,3
6300,2
6301,2
6302,1
6303,3
6304,1
6305,2
6306,2
6307,2
6308,3
6309,1
6310,3
6311,2
6312,2
6313,2
6314,1
6315,3
6316,3
6317,3
6318,3
6319,3
6320,1
6321,3
6322,3
6323,1
6324,1
6325,2
6326,2
6327,1
6328,1
6329,1
6330,1
6331,1
6332,1
6333,3
6334,1
6335,1
6336,1
6337,1
6338,1
6339,2
6340,3
6341,3
6342,1
6343,1
6344,2
6345,1
6346,1
6347,2
6348,2
6349,2
6350,3
6351,2
6352,1
6353,2
6354,2
6355,2
6356,1
6357,2
6358,2
6359,2
6360,2
6361,2
6362,1
6363,2
6364,2
6365,3
6366,3
6367,2
6368,2
6369,1
6370,2
6371,2
6372,3
6373,2
6374,3
6375,3
6376,1
6377,3
6378,3
6379,3
6380,3
6381,1
6382,1
6383,2
6384,2
6385,3
6386,1
6387,1
6388,1
6389,2
6390,2
6391,1
6392,1
6393,1
6394,3
6395,3
6396,3
6397,1
6398,1
6399,1
6400,3
6401,1
6402,2
6403,3
6404,2
6405,3
6406,2
6407,3
6408,2
6409,3
6410,1
6411,3
6412,1
6413,1
6414,3
6415,1
6416,3
6417,1
6418,2
6419,2
6420,3
6421,3
6422,1
6423,1
6424,1
6425,1
6426,3
6427,2
6428,1
6429,1
6430,3
6431,3
6432,2
6433,3
6434,1
6435,1
6436,1
6437,3
6438,3
6439,1
6440,1
6441,1
6442,2
6443,3
6444,3
6445,2
6446,1
6447,3
6448,2
6449,3
6450,3
6451,3
6452,3
6453,2
6454,3
6455,3
6456,1
6457,1
6458,3
6459,1
6460,3
6461,1
6462,3
6463,1
6464,2
6465,1
6466,1
6467,3
6468,2
6469,1
6470,1
6471,3
6472,3
6473,3
6474,1
6475,2
6476,3
6477,2
6478,2
6479,1
6480,2
6481,2
6482,2
6483,3
6484,1
6485,2
6486,3
6487,1
6488,3
6489,3
6490,2
6491,2
6492,3
6493,3
6494,3
6495,2
6496,2
6497,2
6498,1
6499,1
6500,1
6501,2
6502,2
6503,2
6504,2
6505,2
6506,1
6507,3
6508,2
6509,1
6510,2
6511,3
6512,2
6513,1
6514,2
6515,3
6516,1
6517,1
6518,2
6519,2
6520,1
6521,2
6522,1
6523,3
6524,2
6525,2
6526,3
6527,1
6528,2
6529,1
6530,2
6531,2
6532,3
6533,1
6534,2
6535,3
6536,3
6537,3
6538,2
6539,1
6540,2
6541,1
6542,2
6543,3
6544,2
6545,3
6546,2
6547,3
6548,1
6549,2
6550,2
6551,3
6552,1
6553,1
6554,3
6555,2
6556,1
6557,3
6558,3
6559,2
6560,1
6561,3
6562,2
6563,1
6564,1
6565,3
6566,1
6567,2
6568,1
6569,3
6570,3
6571,3
6572,3
6573,2
6574,1
6575,3
6576,3
6577,2
6578,2
6579,3
6580,1
6581,1
6582,3
6583,3
6584,3
6585,2
6586,2
6587,1
6588,1
6589,1
6590,2
6591,2
6592,1
6593,2
6594,2
6595,3
6596,3
6597,2
6598,3
6599,3
6600,3
6601,1
6602,2
6603,1
6604,1
6605,2
6606,2
6607,3
6608,2
6609,1
6610,2
6611,3
6612,3
6613,2
6614,1
6615,1
6616,1
6617,1
6618,1
6619,2
6620,3
6621,1
6622,1
6623,3
6624,1
6625,2
6626,3
6627,3
6628,2
6629,1
6630,3
6631,3
6632,2
6633,2
6634,1
6635,3
6636,1
6637,1
6638,1
6639,2
6640,3
6641,2
6642,3
6643,2
6644,1
6645,3
6646,1
6647,2
6648,2
6649,2
6650,1
6651,2
6652,1
6653,3
6654,1
6655,1
6656,3
6657,1
6658,3
6659,1
6660,2
6661,3
6662,3
6663,2
6664,1
6665,3
6666,3
6667,3
6668,3
6669,2
6670,1
6671,3
6672,1
6673,3
6674,3
6675,2
6676,2
6677,3
6678,2
6679,1
6680,3
6681,1
6682,2
6683,1
6684,1
6685,2
6686,1
6687,2
6688,2
6689,2
6690,2
6691,1
6692,3
6693,3
6694,1
6695,1
6696,3
6697,3
6698,1
6699,1
6700,3
6701,3
6702,1
6703,2
6704,2
6705,3
6706,2
6707,3
6708,1
6709,1
6710,2
6711,1
6712,3
6713,2
6714,3
6715,2
6716,1
6717,2
6718,1
6719,2
6720,1
6721,3
6722,3
6723,2
6724,3
6725,3
6726,3
6727,2
6728,2
6729,3
6730,1
6731,1
6732,2
6733,3
6734,3
6735,2
6736,1
6737,2
6738,2
6739,1
6740,3
6741,2
6742,1
6743,1
6744,1
6745,2
6746,2
6747,1
6748,1
6749,3
6750,3
6751,1
6752,3
6753,3
6754,2
6755,3
6756,2
6757,3
6758,2
6759,1
6760,3
6761,2
6762,2
6763,1
6764,3
6765,3
6766,1
6767,3
6768,3
6769,3
6770,2
6771,3
6772,3
6773,3
6774,3
6775,2
6776,1
6777,1
6778,2
6779,2
6780,1
6781,1
6782,3
6783,2
6784,1
6785,2
6786,3
6787,2
6788,3
6789,2
6790,2
6791,3
6792,3
6793,2
6794,2
6795,3
6796,1
6797,2
6798,2
6799,2
6800,2
6801,3
6802,1
6803,1
6804,2
6805,2
6806,2
6807,2
6808,2
6809,3
6810,2
6811,2
6812,1
6813,1
6814,3
6815,2
6816,2
6817,3
6818,3
6819,3
6820,3
6821,2
6822,1
6823,2
6824,3
6825,3
6826,3
6827,2
6828,2
6829,2
6830,2
6831,3
6832,1
6833,3
6834,2
6835,3
6836,2
6837,1
6838,3
6839,2
6840,2
6841,3
6842,3
6843,3
6844,1
6845,2
6846,3
6847,3
6848,1
6849,1
6850,3
6851,2
6852,1
6853,3
6854,1
6855,1
6856,1
6857,1
6858,2
6859,2
6860,2
6861,2
6862,1
6863,3
6864,1
6865,2
6866,3
6867,3
6868,3
6869,3
6870,2
6871,1
6872,3
6873,2
6874,3
6875,2
6876,1
6877,1
6878,2
6879,2
6880,1
6881,3
6882,1
6883,2
6884,1
6885,1
6886,2
6887,2
6888,1
6889,1
6890,2
6891,2
6892,3
6893,2
6894,2
6895,1
6896,1
6897,1
6898,3
6899,3
6900,3
6901,3
6902,2
6903,1
6904,3
6905,1
6906,1
6907,3
6908,3
6909,1
6910,3
6911,1
6912,3
6913,1
6914,2
6915,2
6916,2
6917,3
6918,2
6919,2
6920,1
6921,2
6922,1
6923,2
6924,3
6925,3
6926,1
6927,1
6928,2
6929,2
6930,2
6931,3
6932,1
6933,1
6934,2
6935,1
6936,2
6937,2
6938,2
6939,1
6940,2
6941,3
6942,2
6943,1
6944,1
6945,2
6946,2
6947,1
6948,2
6949,1
6950,2
6951,2
6952,3
6953,1
6954,3
6955,1
6956,2
6957,2
6958,3
6959,1
6960,1
6961,3
6962,2
6963,1
6964,2
6965,2
6966,3
6967,1
6968,3
6969,1
6970,1
6971,2
6972,1
6973,3
6974,1
6975,2
6976,1
6977,1
6978,2
6979,1
6980,1
6981,3
6982,1
6983,1
6984,2
6985,1
6986,1
6987,2
6988,1
6989,3
6990,1
6991,3
6992,2
6993,2
6994,1
6995,2
6996,1
6997,3
6998,3
6999,3
7000,1
7001,2
7002,2
7003,1
7004,2
7005,2
7006,2
7007,1
7008,3
7009,3
7010,1
7011,3
7012,2
7013,1
7014,1
7015,1
7016,1
7017,1
7018,2
7019,1
7020,3
7021,1
7022,1
7023,2
7024,3
7025,1
7026,3
7027,3
7028,1
7029,3
7030,3
7031,2
7032,1
7033,2
7034,3
7035,2
7036,3
7037,2
7038,2
7039,1
7040,2
7041,3
7042,1
7043,2
7044,2
7045,3
7046,2
7047,2
7048,3
7049,3
7050,1
7051,2
7052,3
7053,1
7054,2
7055,1
7056,3
7057,1
7058,1
7059,2
7060,3
7061,1
7062,3
7063,2
7064,3
7065,1
7066,2
7067,2
7068,3
7069,1
7070,2
7071,2
7072,3
7073,3
7074,3
7075,2
7076,2
7077,3
7078,1
7079,2
7080,2
7081,2
7082,3
7083,1
7084,1
7085,3
7086,1
7087,3
7088,3
7089,2
7090,2
7091,1
7092,3
7093,1
7094,3
7095,3
7096,1
7097,3
7098,1
7099,1
7100,3
7101,2
7102,3
7103,2
7104,2
7105,1
7106,1
7107,3
7108,2
7109,1
7110,2
7111,2
7112,2
7113,1
7114,2
7115,1
7116,2
7117,1
7118,1
7119,3
7120,3
7121,3
7122,2
7123,1
7124,3
7125,2
7126,2
7127,2
7128,2
7129,3
7130,1
7131,2
7132,2
7133,1
7134,1
7135,2
7136,2
7137,1
7138,1
7139,1
7140,2
7141,3
7142,3
7143,1
7144,1
7145,3
7146,2
7147,2
7148,3
7149,1
7150,3
7151,2
7152,2
7153,3
7154,2
7155,3
7156,2
7157,2
7158,3
7159,2
7160,2
7161,1
7162,2
7163,1
7164,3
7165,1
7166,2
7167,3
7168,3
7169,3
7170,3
7171,3
7172,3
7173,1
7174,2
7175,1
7176,2
7177,1
7178,2
7179,1
7180,2
7181,1
7182,3
7183,2
7184,1
7185,2
7186,3
7187,1
7188,1
7189,1
7190,2
7191,2
7192,2
7193,2
7194,3
7195,2
7196,2
7197,3
7198,2
7199,3
7200,3
7201,2
7202,2
7203,2
7204,1
7205,2
7206,3
7207,1
7208,2
7209,1
7210,3
7211,2
7212,3
7213,1
7214,2
7215,3
7216,3
7217,1
7218,2
7219,2
7220,2
7221,1
7222,3
7223,1
7224,3
7225,2
7226,2
7227,3
7228,2
7229,1
7230,3
7231,2
7232,3
7233,2
7234,3
7235,2
7236,3
7237,3
7238,3
7239,3
7240,2
7241,2
7242,2
7243,1
7244,2
7245,1
7246,2
7247,2
7248,1
7249,1
7250,2
7251,1
7252,1
7253,3
7254,3
7255,1
7256,2
7257,2
7258,2
7259,1
7260,1
7261,2
7262,1
7263,1
7264,2
7265,1
7266,1
7267,2
7268,2
7269,2
7270,3
7271,3
7272,2
7273,3
7274,2
7275,2
7276,2
7277,1
7278,1
7279,2
7280,2
7281,3
7282,1
7283,2
7284,3
7285,3
7286,2
7287,2
7288,3
7289,1
7290,2
7291,2
7292,2
7293,1
7294,1
7295,2
7296,2
7297,3
7298,3
7299,3
7300,1
7301,2
7302,3
7303,3
7304,1
7305,3
7306,1
7307,2
7308,3
7309,2
7310,2
7311,3
7312,2
7313,1
7314,1
7315,2
7316,3
7317,1
7318,3
7319,1
7320,2
7321,3
7322,1
7323,3
7324,3
7325,3
7326,1
7327,3
7328,2
7329,3
7330,1
7331,3
7332,2
7333,3
7334,3
7335,2
7336,3
7337,2
7338,2
7339,2
7340,1
7341,1
7342,2
7343,1
7344,2
7345,2
7346,1
7347,2
7348,1
7349,1
7350,1
7351,3
7352,1
7353,2
7354,1
7355,3
7356,2
7357,1
7358,1
7359,2
7360,2
7361,3
7362,1
7363,1
7364,3
7365,3
7366,2
7367,1
7368,1
7369,2
7370,3
7371,2
7372,3
7373,3
7374,1
7375,2
7376,2
7377,1
7378,3
7379,2
7380,2
7381,1
7382,2
7383,3
7384,3
7385,2
7386,2
7387,2
7388,2
7389,2
7390,2
7391,2
7392,1
7393,3
7394,2
7395,3
7396,2
7397,3
7398,2
7399,3
7400,1
7401,3
7402,3
7403,2
7404,1
7405,3
7406,3
7407,3
7408,1
7409,2
7410,1
7411,3
7412,2
7413,3
7414,3
7415,3
7416,3
7417,1
7418,1
7419,3
7420,1
7421,1
7422,3
7423,3
7424,2
7425,3
7426,3
7427,3
7428,3
7429,1
7430,2
7431,1
7432,2
7433,1
7434,3
7435,1
7436,3
7437,3
7438,1
7439,3
7440,1
7441,2
7442,2
7443,3
7444,1
7445,3
7446,3
7447,3
7448,2
7449,1
7450,2
7451,2
7452,3
7453,1
7454,3
7455,2
7456,3
7457,3
7458,1
7459,3
7460,1
7461,1
7462,3
7463,1
7464,3
7465,3
7466,1
7467,3
7468,1
7469,3
7470,2
7471,2
7472,2
7473,2
7474,3
7475,3
7476,2
7477,1
7478,3
7479,3
7480,1
7481,3
7482,2
7483,2
7484,3
7485,3
7486,3
7487,1
7488,1
7489,3
7490,3
7491,2
7492,3
7493,1
7494,3
7495,2
7496,1
7497,2
7498,1
7499,3
7500,3
7501,2
7502,1
7503,1
7504,1
7505,1
7506,3
7507,1
7508,2
7509,1
7510,2
7511,3
7512,1
7513,3
7514,3
7515,1
7516,3
7517,3
7518,3
7519,2
7520,2
7521,2
7522,1
7523,3
7524,2
7525,2
7526,1
7527,2
7528,2
7529,2
7530,3
7531,3
7532,2
7533,1
7534,3
7535,1
7536,1
7537,2
7538,3
7539,2
7540,3
7541,1
7542,1
7543,3
7544,2
7545,2
7546,3
7547,2
7548,2
7549,2
7550,2
7551,1
7552,3
7553,1
7554,1
7555,3
7556,3
7557,1
7558,3
7559,1
7560,3
7561,3
7562,3
7563,2
7564,2
7565,1
7566,2
7567,3
7568,2
7569,1
7570,1
7571,2
7572,3
7573,3
7574,3
7575,2
7576,2
7577,2
7578,1
7579,1
7580,3
7581,3
7582,3
7583,3
7584,2
7585,3
7586,1
7587,1
7588,1
7589,1
7590,3
7591,1
7592,1
7593,2
7594,1
7595,2
7596,2
7597,2
7598,2
7599,2
7600,2
7601,2
7602,3
7603,2
7604,2
7605,1
7606,1
7607,2
7608,1
7609,2
7610,3
7611,1
7612,3
7613,1
7614,1
7615,1
7616,3
7617,3
7618,2
7619,1
7620,1
7621,3
7622,1
7623,3
7624,3
7625,2
7626,3
7627,1
7628,3
7629,2
7630,1
7631,1
7632,3
7633,1
7634,2
7635,1
7636,3
7637,3
7638,3
7639,3
7640,2
7641,2
7642,3
7643,2
7644,1
7645,2
7646,1
7647,3
7648,1
7649,1
7650,1
7651,3
7652,3
7653,3
7654,3
7655,1
7656,1
7657,3
7658,2
7659,1
7660,2
7661,3
7662,2
7663,1
7664,1
7665,1
7666,2
7667,1
7668,1
7669,3
7670,1
7671,3
7672,1
7673,3
7674,3
7675,3
7676,1
7677,2
7678,1
7679,3
7680,1
7681,1
7682,2
7683,1
7684,3
7685,2
7686,3
7687,3
7688,3
7689,3
7690,1
7691,2
7692,2
7693,2
7694,1
7695,3
7696,1
7697,3
7698,1
7699,2
7700,1
7701,2
7702,2
7703,1
7704,2
7705,1
7706,1
7707,1
7708,3
7709,2
7710,2
7711,2
7712,2
7713,2
7714,2
7715,1
7716,3
7717,3
7718,3
7719,2
7720,1
7721,3
7722,2
7723,1
7724,2
7725,2
7726,1
7727,2
7728,3
7729,1
7730,2
7731,1
7732,3
7733,2
7734,3
7735,1
7736,1
7737,3
7738,3
7739,2
7740,1
7741,2
7742,1
7743,2
7744,2
7745,3
7746,1
7747,3
7748,2
7749,2
7750,3
7751,1
7752,2
7753,2
7754,2
7755,2
7756,1
7757,2
7758,1
7759,2
7760,3
7761,3
7762,2
7763,1
7764,3
7765,2
7766,2
7767,2
7768,2
7769,2
7770,2
7771,2
7772,3
7773,1
7774,1
7775,3
7776,2
7777,2
7778,2
7779,3
7780,3
7781,1
7782,2
7783,1
7784,2
7785,3
7786,2
7787,2
7788,3
7789,3
7790,1
7791,2
7792,3
7793,3
7794,3
7795,3
7796,3
7797,2
7798,3
7799,1
7800,3
7801,2
7802,1
7803,3
7804,2
7805,2
7806,3
7807,2
7808,2
7809,2
7810,1
7811,1
7812,1
7813,2
7814,1
7815,2
7816,3
7817,3
7818,2
7819,1
7820,1
7821,2
7822,1
7823,2
7824,3
7825,1
7826,1
7827,1
7828,1
7829,1
7830,3
7831,1
7832,1
7833,1
7834,3
7835,2
7836,1
7837,2
7838,1
7839,1
7840,1
7841,3
7842,1
7843,1
7844,1
7845,1
7846,3
7847,2
7848,2
7849,2
7850,2
7851,1
7852,3
7853,3
7854,1
7855,3
7856,3
7857,1
7858,3
7859,1
7860,1
7861,1
7862,2
7863,1
7864,1
7865,2
7866,2
7867,1
7868,3
7869,3
7870,3
7871,1
7872,2
7873,3
7874,2
7875,3
7876,1
7877,2
7878,2
7879,3
7880,1
7881,3
7882,3
7883,1
7884,1
7885,3
7886,1
7887,2
7888,2
7889,2
7890,1
7891,2
7892,3
7893,2
7894,1
7895,3
7896,2
7897,2
7898,2
7899,1
7900,3
7901,3
7902,3
7903,1
7904,3
7905,2
7906,1
7907,2
7908,2
7909,2
7910,1
7911,3
7912,3
7913,3
7914,3
7915,1
7916,3
7917,1
7918,3
7919,1
7920,1
7921,2
7922,3
7923,2
7924,2
7925,1
7926,1
7927,2
7928,2
7929,3
7930,2
7931,1
7932,3
7933,1
7934,2
7935,1
7936,2
7937,2
7938,2
7939,1
7940,2
7941,2
7942,3
7943,1
7944,1
7945,3
7946,3
7947,2
7948,2
7949,1
7950,3
7951,3
7952,2
7953,1
7954,1
7955,3
7956,2
7957,2
7958,3
7959,3
7960,3
7961,3
7962,1
7963,3
7964,3
7965,3
7966,3
7967,1
7968,1
7969,1
7970,3
7971,1
7972,2
7973,2
7974,3
7975,1
7976,2
7977,1
7978,2
7979,3
7980,1
7981,1
7982,3
7983,2
7984,1
7985,3
7986,1
7987,3
7988,1
7989,1
7990,3
7991,2
7992,2
7993,1
7994,1
7995,1
7996,1
7997,3
7998,3
7999,1
8000,2
8001,2
8002,1
8003,1
8004,3
8005,2
8006,1
8007,2
8008,1
8009,2
8010,2
8011,1
8012,3
8013,1
8014,1
8015,2
8016,3
8017,1
8018,2
8019,1
8020,2
8021,1
8022,1
8023,2
8024,3
8025,3
8026,1
8027,3
8028,1
8029,1
8030,3
8031,3
8032,2
8033,1
8034,3
8035,1
8036,2
8037,2
8038,1
8039,2
8040,2
8041,3
8042,2
8043,3
8044,2
8045,2
8046,1
8047,2
8048,1
8049,3
8050,2
8051,1
8052,1
8053,2
8054,1
8055,2
8056,1
8057,3
8058,1
8059,3
8060,3
8061,2
8062,3
8063,3
8064,1
8065,1
8066,3
8067,3
8068,1
8069,3
8070,1
8071,3
8072,1
8073,2
8074,1
8075,2
8076,3
8077,1
8078,1
8079,3
8080,2
8081,1
8082,2
8083,3
8084,2
8085,2
8086,1
8087,2
8088,1
8089,3
8090,1
8091,2
8092,2
8093,1
8094,3
8095,1
8096,1
8097,1
8098,3
8099,3
8100,3
8101,2
8102,1
8103,3
8104,1
8105,1
8106,2
8107,3
8108,1
8109,3
8110,2
8111,3
8112,3
8113,3
8114,1
8115,3
8116,3
8117,3
8118,1
8119,3
8120,2
8121,2
8122,2
8123,3
8124,2
8125,2
8126,2
8127,3
8128,3
8129,2
8130,2
8131,2
8132,1
8133,2
8134,3
8135,3
8136,3
8137,1
8138,3
8139,2
8140,3
8141,3
8142,3
8143,2
8144,3
8145,1
8146,3
8147,2
8148,1
8149,2
8150,3
8151,3
8152,3
8153,1
8154,2
8155,1
8156,3
8157,1
8158,3
8159,1
8160,1
8161,1
8162,1
8163,3
8164,1
8165,3
8166,2
8167,3
8168,2
8169,2
8170,1
8171,1
8172,2
8173,2
8174,2
8175,3
8176,2
8177,2
8178,3
8179,3
8180,1
8181,1
8182,3
8183,1
8184,3
8185,1
8186,3
8187,2
8188,2
8189,2
8190,3
8191,2
8192,3
8193,2
8194,2
8195,3
8196,3
8197,2
8198,3
8199,3
8200,3
8201,2
8202,2
8203,2
8204,3
8205,3
8206,3
8207,3
8208,1
8209,1
8210,2
8211,2
8212,3
8213,2
8214,1
8215,1
8216,1
8217,2
8218,2
8219,3
8220,3
8221,1
8222,2
8223,1
8224,3
8225,2
8226,1
8227,1
8228,3
8229,1
8230,2
8231,2
8232,1
8233,3
8234,1
8235,1
8236,2
8237,3
8238,1
8239,2
8240,3
8241,3
8242,1
8243,3
8244,1
8245,1
8246,2
8247,2
8248,3
8249,1
8250,1
8251,3
8252,3
8253,3
8254,3
8255,1
8256,2
8257,1
8258,1
8259,2
8260,1
8261,2
8262,3
8263,3
8264,3
8265,2
8266,1
8267,1
8268,3
8269,1
8270,1
8271,3
8272,2
8273,3
8274,3
8275,3
8276,2
8277,3
8278,1
8279,1
8280,1
8281,3
8282,1
8283,3
8284,3
8285,2
8286,1
8287,2
8288,3
8289,3
8290,3
8291,2
8292,3
8293,3
8294,1
8295,2
8296,2
8297,2
8298,2
8299,3
8300,2
8301,2
8302,1
8303,3
8304,3
8305,1
8306,2
8307,2
8308,2
8309,2
8310,3
8311,1
8312,2
8313,1
8314,3
8315,3
8316,1
8317,2
8318,3
8319,3
8320,2
8321,1
8322,1
8323,3
8324,2
8325,3
8326,1
8327,3
8328,3
8329,3
8330,2
8331,1
8332,1
8333,2
8334,3
8335,1
8336,3
8337,3
8338,2
8339,3
8340,1
8341,3
8342,1
8343,3
8344,2
8345,1
8346,2
8347,3
8348,2
8349,1
8350,1
8351,2
8352,2
8353,3
8354,2
8355,2
8356,3
8357,1
8358,2
8359,1
8360,2
8361,3
8362,3
8363,1
8364,3
8365,3
8366,2
8367,3
8368,3
8369,1
8370,2
8371,3
8372,2
8373,3
8374,3
8375,2
8376,1
8377,3
8378,3
8379,3
8380,2
8381,2
8382,2
8383,3
8384,3
8385,3
8386,1
8387,2
8388,3
8389,1
8390,1
8391,3
8392,3
8393,3
8394,1
8395,3
8396,1
8397,3
8398,1
8399,2
8400,2
8401,1
8402,3
8403,2
8404,2
8405,2
8406,2
8407,2
8408,2
8409,3
8410,2
8411,3
8412,3
8413,3
8414,1
8415,1
8416,1
8417,1
8418,2
8419,1
8420,1
8421,2
8422,2
8423,2
8424,1
8425,1
8426,1
8427,2
8428,3
8429,1
8430,1
8431,1
8432,3
8433,3
8434,1
8435,1
8436,2
8437,2
8438,2
8439,2
8440,3
8441,3
8442,1
8443,3
8444,2
8445,1
8446,3
8447,1
8448,1
8449,1
8450,2
8451,2
8452,2
8453,2
8454,3
8455,2
8456,2
8457,2
8458,2
8459,3
8460,3
8461,3
8462,2
8463,3
8464,3
8465,1
8466,2
8467,3
8468,2
8469,3
8470,3
8471,2
8472,3
8473,2
8474,2
8475,1
8476,2
8477,2
8478,2
8479,1
8480,3
8481,3
8482,1
8483,3
8484,2
8485,1
8486,3
8487,2
8488,1
8489,3
8490,1
8491,1
8492,3
8493,2
8494,3
8495,1
8496,2
8497,3
8498,2
8499,1
8500,1
8501,3
8502,1
8503,1
8504,3
8505,2
8506,3
8507,2
8508,1
8509,2
8510,1
8511,1
8512,2
8513,3
8514,3
8515,2
8516,2
8517,1
8518,1
8519,1
8520,3
8521,3
8522,1
8523,1
8524,2
8525,2
8526,3
8527,3
8528,2
8529,3
8530,3
8531,2
8532,3
8533,1
8534,3
8535,2
8536,1
8537,2
8538,1
8539,1
8540,1
8541,1
8542,1
8543,1
8544,3
8545,1
8546,3
8547,2
8548,1
8549,1
8550,2
8551,3
8552,3
8553,2
8554,3
8555,3
8556,1
8557,1
8558,3
8559,2
8560,1
8561,3
8562,2
8563,1
8564,3
8565,3
8566,3
8567,1
8568,2
8569,1
8570,2
8571,3
8572,3
8573,1
8574,3
8575,1
8576,3
8577,2
8578,3
8579,3
8580,2
8581,3
8582,2
8583,3
8584,3
8585,3
8586,2
8587,2
8588,3
8589,3
8590,3
8591,2
8592,2
8593,1
8594,2
8595,2
8596,3
8597,3
8598,3
8599,2
8600,2
8601,3
8602,3
8603,2
8604,2
8605,1
8606,1
8607,3
8608,3
8609,1
8610,1
8611,2
8612,1
8613,1
8614,2
8615,2
8616,2
8617,3
8618,2
8619,1
8620,1
8621,1
8622,3
8623,1
8624,1
8625,3
8626,2
8627,3
8628,2
8629,1
8630,1
8631,3
8632,2
8633,1
8634,2
8635,3
8636,2
8637,1
8638,2
8639,1
8640,1
8641,2
8642,2
8643,1
8644,1
8645,1
8646,3
8647,1
8648,3
8649,1
8650,2
8651,3
8652,3
8653,1
8654,2
8655,2
8656,3
8657,3
8658,3
8659,2
8660,2
8661,2
8662,1
8663,3
8664,3
8665,3
8666,2
8667,2
8668,2
8669,3
8670,1
8671,1
8672,2
8673,3
8674,2
8675,1
8676,1
8677,3
8678,2
8679,1
8680,2
8681,3
8682,2
8683,3
8684,3
8685,1
8686,1
8687,2
8688,3
8689,2
8690,2
8691,2
8692,3
8693,1
8694,2
8695,3
8696,1
8697,3
8698,3
8699,3
8700,1
8701,2
8702,2
8703,1
8704,3
8705,2
8706,3
8707,1
8708,1
8709,2
8710,2
8711,2
8712,2
8713,3
8714,3
8715,3
8716,3
8717,2
8718,3
8719,2
8720,1
8721,2
8722,3
8723,3
8724,2
8725,1
8726,3
8727,3
8728,2
8729,2
8730,2
8731,1
8732,3
8733,2
8734,1
8735,3
8736,1
8737,3
8738,1
8739,1
8740,3
8741,3
8742,1
8743,1
8744,3
8745,2
8746,3
8747,2
8748,2
8749,3
8750,1
8751,2
8752,2
8753,2
8754,1
8755,2
8756,3
8757,1
8758,2
8759,3
8760,1
8761,1
8762,1
8763,2
8764,2
8765,2
8766,3
8767,2
8768,1
8769,2
8770,3
8771,3
8772,1
8773,3
8774,3
8775,1
8776,2
8777,3
8778,3
8779,1
8780,1
8781,3
8782,2
8783,2
8784,2
8785,1
8786,3
8787,3
8788,1
8789,2
8790,1
8791,3
8792,3
8793,2
8794,2
8795,2
8796,3
8797,1
8798,3
8799,1
8800,3
8801,3
8802,3
8803,2
8804,2
8805,2
8806,3
8807,2
8808,3
8809,3
8810,2
8811,2
8812,2
8813,2
8814,2
8815,2
8816,3
8817,2
8818,2
8819,2
8820,2
8821,1
8822,3
8823,2
8824,3
8825,3
8826,1
8827,2
8828,1
8829,3
8830,2
8831,2
8832,1
8833,2
8834,3
8835,3
8836,2
8837,3
8838,2
8839,2
8840,2
8841,3
8842,1
8843,1
8844,1
8845,2
8846,3
8847,3
8848,3
8849,1
8850,3
8851,2
8852,3
8853,1
8854,2
8855,3
8856,2
8857,1
8858,1
8859,1
8860,3
8861,3
8862,2
8863,2
8864,3
8865,1
8866,3
8867,3
8868,2
8869,3
8870,3
8871,1
8872,1
8873,2
8874,1
8875,3
8876,1
8877,3
8878,1
8879,3
8880,2
8881,3
8882,1
8883,3
8884,3
8885,2
8886,1
8887,3
8888,1
8889,1
8890,2
8891,3
8892,3
8893,3
8894,3
8895,1
8896,1
8897,3
8898,3
8899,1
8900,3
8901,1
8902,2
8903,3
8904,1
8905,1
8906,3
8907,2
8908,1
8909,1
8910,3
8911,2
8912,3
8913,1
8914,3
8915,2
8916,3
8917,1
8918,3
8919,2
8920,3
8921,3
8922,3
8923,1
8924,1
8925,1
8926,2
8927,1
8928,1
8929,2
8930,1
8931,1
8932,3
8933,3
8934,1
8935,3
8936,1
8937,3
8938,1
8939,1
8940,2
8941,2
8942,2
8943,1
8944,3
8945,3
8946,1
8947,2
8948,1
8949,1
8950,2
8951,3
8952,1
8953,3
8954,1
8955,3
8956,1
8957,1
8958,2
8959,3
8960,1
8961,3
8962,3
8963,1
8964,2
8965,3
8966,3
8967,2
8968,2
8969,2
8970,1
8971,3
8972,2
8973,3
8974,1
8975,1
8976,1
8977,1
8978,2
8979,2
8980,3
8981,1
8982,3
8983,3
8984,2
8985,1
8986,2
8987,1
8988,2
8989,1
8990,1
8991,3
8992,3
8993,1
8994,2
8995,1
8996,1
8997,3
8998,3
8999,1
9000,2
9001,3
9002,1
9003,2
9004,2
9005,3
9006,2
9007,1
9008,3
9009,3
9010,1
9011,1
9012,2
9013,2
9014,3
9015,3
9016,2
9017,3
9018,3
9019,3
9020,1
9021,2
9022,1
9023,3
9024,2
9025,3
9026,1
9027,1
9028,3
9029,1
9030,2
9031,3
9032,1
9033,1
9034,3
9035,1
9036,2
9037,3
9038,3
9039,1
9040,1
9041,1
9042,1
9043,1
9044,2
9045,2
9046,2
9047,1
9048,3
9049,2
9050,3
9051,2
9052,1
9053,3
9054,2
9055,1
9056,2
9057,2
9058,2
9059,3
9060,1
9061,1
9062,2
9063,1
9064,2
9065,2
9066,1
9067,1
9068,1
9069,2
9070,1
9071,2
9072,2
9073,2
9074,2
9075,1
9076,1
9077,2
9078,2
9079,1
9080,2
9081,3
9082,3
9083,3
9084,1
9085,1
9086,2
9087,1
9088,1
9089,1
9090,1
9091,1
9092,2
9093,3
9094,2
9095,2
9096,1
9097,1
9098,2
9099,1
9100,2
9101,1
9102,3
9103,3
9104,2
9105,1
9106,2
9107,1
9108,3
9109,3
9110,1
9111,3
9112,1
9113,3
9114,3
9115,1
9116,1
9117,2
9118,1
9119,2
9120,2
9121,2
9122,2
9123,2
9124,1
9125,3
9126,1
9127,3
9128,1
9129,1
9130,2
9131,2
9132,3
9133,1
9134,3
9135,1
9136,1
9137,2
9138,1
9139,3
9140,1
9141,3
9142,2
9143,3
9144,1
9145,3
9146,3
9147,3
9148,2
9149,1
9150,3
9151,2
9152,2
9153,1
9154,1
9155,3
9156,2
9157,3
9158,2
9159,3
9160,1
9161,3
9162,1
9163,2
9164,1
9165,2
9166,3
9167,2
9168,1
9169,1
9170,1
9171,1
9172,3
9173,1
9174,3
9175,3
9176,1
9177,2
9178,3
9179,2
9180,2
9181,3
9182,2
9183,1
9184,1
9185,1
9186,2
9187,1
9188,2
9189,3
9190,1
9191,2
9192,3
9193,3
9194,3
9195,1
9196,1
9197,3
9198,2
9199,1
9200,2
9201,2
9202,2
9203,1
9204,3
9205,3
9206,3
9207,2
9208,3
9209,3
9210,2
9211,2
9212,3
9213,1
9214,2
9215,2
9216,3
9217,1
9218,2
9219,3
9220,3
9221,3
9222,2
9223,1
9224,1
9225,1
9226,3
9227,2
9228,1
9229,2
9230,1
9231,1
9232,1
9233,3
9234,3
9235,3
9236,1
9237,1
9238,3
9239,3
9240,3
9241,2
9242,3
9243,3
9244,1
9245,2
9246,1
9247,1
9248,1
9249,3
9250,3
9251,3
9252,1
9253,3
9254,1
9255,1
9256,2
9257,2
9258,3
9259,3
9260,3
9261,3
9262,3
9263,1
9264,2
9265,3
9266,3
9267,1
9268,2
9269,2
9270,1
9271,3
9272,2
9273,3
9274,2
9275,3
9276,1
9277,2
9278,3
9279,1
9280,3
9281,2
9282,3
9283,2
9284,2
9285,3
9286,1
9287,2
9288,2
9289,2
9290,1
9291,3
9292,1
9293,2
9294,1
9295,2
9296,2
9297,2
9298,1
9299,3
9300,1
9301,2
9302,2
9303,2
9304,1
9305,2
9306,3
9307,1
9308,1
9309,1
9310,2
9311,1
9312,2
9313,2
9314,3
9315,1
9316,1
9317,1
9318,2
9319,3
9320,3
9321,3
9322,3
9323,1
9324,3
9325,2
9326,2
9327,3
9328,3
9329,3
9330,1
9331,3
9332,3
9333,1
9334,3
9335,1
9336,1
9337,1
9338,1
9339,1
9340,1
9341,2
9342,3
9343,1
9344,1
9345,3
9346,3
9347,3
9348,3
9349,1
9350,2
9351,3
9352,2
9353,3
9354,2
9355,2
9356,2
9357,3
9358,1
9359,2
9360,1
9361,2
9362,2
9363,1
9364,2
9365,2
9366,1
9367,3
9368,2
9369,1
9370,2
9371,1
9372,3
9373,1
9374,3
9375,1
9376,2
9377,1
9378,1
9379,3
9380,1
9381,2
9382,3
9383,1
9384,1
9385,1
9386,3
9387,2
9388,2
9389,2
9390,2
9391,2
9392,3
9393,3
9394,1
9395,2
9396,3
9397,1
9398,2
9399,1
9400,3
9401,2
9402,3
9403,3
9404,2
9405,1
9406,2
9407,3
9408,1
9409,2
9410,2
9411,3
9412,1
9413,1
9414,2
9415,2
9416,1
9417,3
9418,2
9419,2
9420,3
9421,2
9422,2
9423,1
9424,1
9425,1
9426,1
9427,3
9428,2
9429,1
9430,3
9431,3
9432,2
9433,3
9434,3
9435,2
9436,3
9437,3
9438,3
9439,3
9440,2
9441,1
9442,1
9443,1
9444,3
9445,3
9446,3
9447,1
9448,3
9449,2
9450,1
9451,3
9452,2
9453,2
9454,3
9455,2
9456,1
9457,3
9458,1
9459,1
9460,3
9461,2
9462,3
9463,2
9464,1
9465,3
9466,3
9467,3
9468,2
9469,2
9470,3
9471,3
9472,1
9473,2
9474,2
9475,3
9476,3
9477,2
9478,3
9479,3
9480,1
9481,3
9482,2
9483,2
9484,3
9485,1
9486,2
9487,1
9488,1
9489,1
9490,3
9491,2
9492,3
9493,2
9494,1
9495,3
9496,3
9497,1
9498,3
9499,2
9500,1
9501,1
9502,1
9503,3
9504,3
9505,1
9506,2
9507,3
9508,3
9509,3
9510,2
9511,2
9512,2
9513,1
9514,2
9515,3
9516,2
9517,1
9518,1
9519,2
9520,3
9521,1
9522,1
9523,1
9524,1
9525,2
9526,3
9527,1
9528,1
9529,2
9530,1
9531,3
9532,1
9533,2
9534,2
9535,2
9536,1
9537,1
9538,3
9539,3
9540,1
9541,2
9542,1
9543,3
9544,3
9545,1
9546,1
9547,1
9548,1
9549,2
9550,1
9551,3
9552,2
9553,1
9554,1
9555,3
9556,2
9557,1
9558,2
9559,3
9560,2
9561,2
9562,2
9563,1
9564,3
9565,2
9566,1
9567,2
9568,3
9569,3
9570,2
9571,1
9572,3
9573,2
9574,3
9575,1
9576,3
9577,2
9578,3
9579,1
9580,3
9581,3
9582,2
9583,3
9584,2
9585,3
9586,3
9587,3
9588,1
9589,3
9590,1
9591,2
9592,3
9593,3
9594,1
9595,2
9596,1
9597,3
9598,2
9599,3
9600,2
9601,2
9602,2
9603,2
9604,2
9605,1
9606,3
9607,2
9608,1
9609,3
9610,1
9611,1
9612,1
9613,3
9614,1
9615,3
9616,2
9617,2
9618,1
9619,3
9620,2
9621,2
9622,3
9623,3
9624,2
9625,3
9626,1
9627,2
9628,2
9629,1
9630,3
9631,2
9632,3
9633,2
9634,2
9635,2
9636,1
9637,1
9638,2
9639,1
9640,1
9641,2
9642,2
9643,1
9644,2
9645,2
9646,3
9647,3
9648,1
9649,1
9650,2
9651,2
9652,3
9653,1
9654,3
9655,2
9656,3
9657,2
9658,1
9659,1
9660,1
9661,1
9662,1
9663,3
9664,2
9665,3
9666,1
9667,1
9668,3
9669,1
9670,3
9671,1
9672,2
9673,2
9674,3
9675,3
9676,3
9677,3
9678,1
9679,3
9680,2
9681,2
9682,3
9683,2
9684,1
9685,1
9686,1
9687,1
9688,1
9689,1
9690,3
9691,2
9692,1
9693,3
9694,2
9695,1
9696,2
9697,2
9698,1
9699,1
9700,2
9701,2
9702,3
9703,2
9704,2
9705,2
9706,3
9707,2
9708,2
9709,2
9710,2
9711,3
9712,3
9713,1
9714,3
9715,3
9716,1
9717,3
9718,1
9719,3
9720,3
9721,1
9722,1
9723,1
9724,3
9725,2
9726,2
9727,3
9728,3
9729,3
9730,2
9731,3
9732,2
9733,1
9734,3
9735,2
9736,2
9737,1
9738,1
9739,3
9740,2
9741,3
9742,2
9743,3
9744,3
9745,1
9746,3
9747,3
9748,2
9749,3
9750,3
9751,3
9752,3
9753,1
9754,2
9755,2
9756,1
9757,1
9758,3
9759,2
9760,1
9761,2
9762,3
9763,1
9764,3
9765,2
9766,2
9767,1
9768,2
9769,1
9770,1
9771,2
9772,3
9773,2
9774,3
9775,1
9776,3
9777,1
9778,2
9779,2
9780,2
9781,3
9782,3
9783,1
9784,2
9785,3
9786,2
9787,1
9788,3
9789,3
9790,1
9791,2
9792,1
9793,2
9794,1
9795,3
9796,3
9797,1
9798,2
9799,3
9800,3
9801,2
9802,2
9803,2
9804,1
9805,2
9806,3
9807,1
9808,2
9809,3
9810,3
9811,2
9812,2
9813,1
9814,1
9815,1
9816,1
9817,3
9818,3
9819,2
9820,1
9821,2
9822,1
9823,1
9824,2
9825,1
9826,3
9827,2
9828,3
9829,3
9830,2
9831,2
9832,3
9833,3
9834,1
9835,3
9836,3
9837,3
9838,2
9839,2
9840,2
9841,3
9842,1
9843,1
9844,3
9845,1
9846,1
9847,3
9848,1
9849,1
9850,1
9851,2
9852,3
9853,3
9854,2
9855,1
9856,3
9857,1
9858,1
9859,3
9860,2
9861,1
9862,1
9863,1
9864,1
9865,1
9866,3
9867,2
9868,2
9869,2
9870,2
9871,1
9872,1
9873,2
9874,1
9875,3
9876,1
9877,3
9878,1
9879,2
9880,1
9881,1
9882,1
9883,1
9884,3
9885,3
9886,1
9887,1
9888,2
9889,1
9890,3
9891,2
9892,1
9893,2
9894,3
9895,1
9896,3
9897,2
9898,2
9899,1
9900,1
9901,1
9902,1
9903,2
9904,2
9905,3
9906,1
9907,3
9908,3
9909,2
9910,3
9911,3
9912,3
9913,1
9914,1
9915,3
9916,3
9917,1
9918,3
9919,3
9920,3
9921,2
9922,1
9923,2
9924,2
9925,1
9926,2
9927,1
9928,3
9929,1
9930,3
9931,1
9932,2
9933,2
9934,1
9935,2
9936,2
9937,1
9938,3
9939,1
9940,3
9941,2
9942,1
9943,1
9944,3
9945,1
9946,2
9947,1
9948,3
9949,1
9950,1
9951,2
9952,2
9953,3
9954,3
9955,2
9956,2
9957,1
9958,3
9959,2
9960,1
9961,2
9962,1
9963,2
9964,1
9965,3
9966,1
9967,3
9968,3
9969,2
9970,2
9971,2
9972,3
9973,1
9974,2
9975,1
9976,1
9977,3
9978,3
9979,3
9980,1
9981,3
9982,3
9983,1
9984,2
9985,1
9986,1
9987,2
9988,1
9989,2
9990,1
9991,1
9992,2
9993,2
9994,2
9995,1
9996,3
9997,1
9998,3
9999,3
10000,3
10001,3
10002,3
10003,3
10004,2
10005,2
10006,1
10007,1
10008,1
10009,3
10010,2
10011,3
10012,2
10013,1
10014,1
10015,2
10016,3
10017,3
10018,2
10019,3
10020,2
10021,2
10022,2
10023,1
10024,1
10025,1
10026,3
10027,3
10028,1
10029,3
10030,3
10031,3
10032,2
10033,1
10034,3
10035,2
10036,2
10037,3
10038,2
10039,3
10040,1
10041,1
10042,3
10043,3
10044,3
10045,2
10046,3
10047,3
10048,3
10049,3
10050,1
10051,1
10052,1
10053,2
10054,2
10055,2
10056,1
10057,2
10058,2
10059,2
10060,3
10061,3
10062,3
10063,1
10064,2
10065,2
10066,1
10067,3
10068,2
10069,1
10070,2
10071,3
10072,1
10073,1
10074,2
10075,3
10076,3
10077,3
10078,1
10079,1
10080,3
10081,1
10082,3
10083,2
10084,3
10085,2
10086,2
10087,2
10088,1
10089,2
10090,3
10091,1
10092,1
10093,2
10094,1
10095,2
10096,3
10097,3
10098,3
10099,1
10100,1
10101,2
10102,2
10103,1
10104,1
10105,1
10106,2
10107,2
10108,2
10109,1
10110,2
10111,3
10112,3
10113,1
10114,2
10115,1
10116,3
10117,1
10118,1
10119,1
10120,2
10121,3
10122,2
10123,1
10124,3
10125,2
10126,1
10127,1
10128,1
10129,2
10130,1
10131,2
10132,2
10133,2
10134,1
10135,1
10136,3
10137,2
10138,2
10139,1
10140,3
10141,2
10142,1
10143,1
10144,1
10145,2
10146,1
10147,2
10148,2
10149,2
10150,1
10151,2
10152,1
10153,2
10154,2
10155,1
10156,3
10157,3
10158,2
10159,1
10160,3
10161,3
10162,1
10163,1
10164,1
10165,2
10166,3
10167,1
10168,3
10169,1
10170,1
10171,1
10172,2
10173,3
10174,2
10175,2
10176,2
10177,2
10178,1
10179,3
10180,1
10181,3
10182,3
10183,1
10184,2
10185,1
10186,1
10187,3
10188,2
10189,2
10190,1
10191,2
10192,1
10193,2
10194,3
10195,2
10196,3
10197,2
10198,2
10199,1
10200,3
10201,1
10202,3
10203,2
10204,3
10205,2
10206,3
10207,3
10208,2
10209,1
10210,3
10211,3
10212,2
10213,1
10214,2
10215,3
10216,2
10217,3
10218,3
10219,3
10220,1
10221,2
10222,2
10223,1
10224,3
10225,1
10226,1
10227,2
10228,3
10229,2
10230,2
10231,3
10232,3
10233,3
10234,2
10235,3
10236,3
10237,2
10238,3
10239,3
10240,3
10241,3
10242,1
10243,2
10244,2
10245,3
10246,3
10247,2
10248,3
10249,3
10250,3
10251,3
10252,3
10253,3
10254,2
10255,1
10256,3
10257,1
10258,3
10259,3
10260,1
10261,3
10262,1
10263,1
10264,2
10265,2
10266,1
10267,3
10268,2
10269,1
10270,3
10271,1
10272,1
10273,3
10274,1
10275,3
10276,3
10277,3
10278,1
10279,1
10280,1
10281,3
10282,1
10283,1
10284,1
10285,3
10286,2
10287,3
10288,1
10289,3
10290,1
10291,1
10292,3
10293,2
10294,2
10295,2
10296,3
10297,3
10298,1
10299,3
10300,2
10301,3
10302,2
10303,1
10304,1
10305,2
10306,2
10307,1
10308,2
10309,2
10310,2
10311,2
10312,3
10313,3
10314,2
10315,1
10316,3
10317,3
10318,3
10319,1
10320,1
10321,2
10322,3
10323,1
10324,2
10325,2
10326,1
10327,1
10328,2
10329,3
10330,1
10331,1
10332,1
10333,2
10334,3
10335,1
10336,3
10337,2
10338,1
10339,3
10340,2
10341,2
10342,2
10343,3
10344,2
10345,1
10346,3
10347,2
10348,1
10349,2
10350,1
10351,2
10352,1
10353,3
10354,2
10355,1
10356,1
10357,2
10358,3
10359,2
10360,1
10361,1
10362,3
10363,1
10364,3
10365,2
10366,2
10367,1
10368,2
10369,1
10370,1
10371,1
10372,2
10373,1
10374,3
10375,3
10376,1
10377,3
10378,2
10379,3
10380,1
10381,1
10382,3
10383,3
10384,1
10385,2
10386,1
10387,2
10388,2
10389,3
10390,3
10391,2
10392,1
10393,2
10394,2
10395,3
10396,2
10397,1
10398,1
10399,3
10400,2
10401,1
10402,1
10403,2
10404,1
10405,1
10406,3
10407,3
10408,2
10409,2
10410,2
10411,1
10412,1
10413,2
10414,2
10415,2
10416,1
10417,3
10418,2
10419,1
10420,1
10421,1
10422,1
10423,1
10424,2
10425,3
10426,3
10427,2
10428,1
10429,3
10430,2
10431,3
10432,2
10433,3
10434,1
10435,1
10436,1
10437,2
10438,2
10439,3
10440,2
10441,2
10442,2
10443,2
10444,3
10445,3
10446,3
10447,2
10448,3
10449,3
10450,1
10451,3
10452,3
10453,2
10454,2
10455,3
10456,1
10457,3
10458,1
10459,1
10460,1
10461,1
10462,3
10463,1
10464,2
10465,2
10466,2
10467,3
10468,3
10469,2
10470,2
10471,2
10472,2
10473,3
10474,3
10475,2
10476,1
10477,2
10478,2
10479,1
10480,3
10481,1
10482,3
10483,1
10484,1
10485,3
10486,1
10487,1
10488,1
10489,2
10490,1
10491,2
10492,3
10493,2
10494,3
10495,1
10496,3
10497,3
10498,3
10499,3
10500,3
10501,2
10502,1
10503,2
10504,1
10505,3
10506,3
10507,1
10508,3
10509,3
10510,1
10511,1
10512,3
10513,3
10514,1
10515,1
10516,1
10517,2
10518,3
10519,3
10520,2
10521,3
10522,1
10523,3
10524,1
10525,2
10526,1
10527,3
10528,2
10529,1
10530,3
10531,2
10532,2
10533,2
10534,2
10535,2
10536,3
10537,1
10538,2
10539,1
10540,3
10541,1
10542,3
10543,2
10544,3
10545,2
10546,1
10547,3
10548,1
10549,3
10550,3
10551,2
10552,2
10553,1
10554,3
10555,2
10556,3
10557,2
10558,1
10559,2
10560,3
10561,3
10562,3
10563,3
10564,3
10565,1
10566,2
10567,3
10568,3
10569,2
10570,3
10571,1
10572,3
10573,2
10574,1
10575,2
10576,3
10577,1
10578,2
10579,3
10580,2
10581,1
10582,2
10583,2
10584,2
10585,1
10586,1
10587,3
10588,1
10589,2
10590,3
10591,2
10592,3
10593,1
10594,1
10595,2
10596,1
10597,1
10598,3
10599,1
10600,1
10601,3
10602,1
10603,3
10604,1
10605,1
10606,1
10607,3
10608,1
10609,2
10610,3
10611,2
10612,2
10613,3
10614,2
10615,1
10616,1
10617,2
10618,3
10619,2
10620,1
10621,2
10622,1
10623,1
10624,1
10625,3
10626,2
10627,3
10628,1
10629,1
10630,2
10631,1
10632,2
10633,2
10634,2
10635,3
10636,1
10637,3
10638,1
10639,2
10640,1
10641,3
10642,2
10643,3
10644,2
10645,3
10646,2
10647,2
10648,2
10649,2
10650,1
10651,1
10652,1
10653,3
10654,1
10655,1
10656,1
10657,2
10658,3
10659,2
10660,1
10661,3
10662,2
10663,1
10664,2
10665,1
10666,3
10667,1
10668,2
10669,1
10670,2
10671,2
10672,1
10673,2
10674,3
10675,2
10676,3
10677,2
10678,2
10679,3
10680,2
10681,3
10682,1
10683,1
10684,1
10685,2
10686,3
10687,3
10688,1
10689,1
10690,3
10691,3
10692,1
10693,1
10694,2
10695,1
10696,3
10697,1
10698,1
10699,1
10700,1
10701,3
10702,1
10703,3
10704,1
10705,1
10706,2
10707,2
10708,2
10709,3
10710,1
10711,3
10712,3
10713,3
10714,1
10715,2
10716,2
10717,3
10718,2
10719,1
10720,3
10721,2
10722,1
10723,3
10724,3
10725,3
10726,3
10727,1
10728,2
10729,3
10730,2
10731,2
10732,2
10733,2
10734,1
10735,2
10736,1
10737,3
10738,2
10739,3
10740,2
10741,3
10742,2
10743,2
10744,1
10745,3
10746,3
10747,1
10748,3
10749,3
10750,2
10751,1
10752,1
10753,1
10754,2
10755,3
10756,3
10757,3
10758,2
10759,3
10760,3
10761,3
10762,3
10763,2
10764,2
10765,3
10766,3
10767,3
10768,3
10769,3
10770,2
10771,1
10772,2
10773,1
10774,1
10775,3
10776,2
10777,2
10778,2
10779,2
10780,3
10781,3
10782,1
10783,3
10784,1
10785,2
10786,1
10787,3
10788,1
10789,1
10790,1
10791,3
10792,3
10793,1
10794,1
10795,3
10796,3
10797,3
10798,2
10799,3
10800,3
10801,2
10802,3
10803,3
10804,3
10805,2
10806,1
10807,2
10808,3
10809,3
10810,1
10811,2
10812,1
10813,2
10814,3
10815,2
10816,1
10817,1
10818,3
10819,3
10820,2
10821,1
10822,3
10823,2
10824,2
10825,2
10826,1
10827,3
10828,3
10829,2
10830,3
10831,1
10832,1
10833,1
10834,3
10835,3
10836,2
10837,3
10838,1
10839,3
10840,2
10841,3
10842,3
10843,3
10844,1
10845,3
10846,3
10847,2
10848,3
10849,2
10850,2
10851,2
10852,2
10853,2
10854,1
10855,3
10856,1
10857,2
10858,1
10859,3
10860,1
10861,3
10862,1
10863,2
10864,2
10865,1
10866,3
10867,1
10868,2
10869,1
10870,1
10871,2
10872,1
10873,2
10874,2
10875,2
10876,1
10877,2
10878,1
10879,3
10880,1
10881,1
10882,1
10883,3
10884,1
10885,3
10886,1
10887,1
10888,3
10889,3
10890,2
10891,2
10892,2
10893,2
10894,3
10895,2
10896,1
10897,2
10898,1
10899,2
10900,1
10901,2
10902,2
10903,3
10904,2
10905,1
10906,1
10907,1
10908,3
10909,3
10910,2
10911,1
10912,3
10913,3
10914,2
10915,1
10916,2
10917,1
10918,3
10919,2
10920,1
10921,2
10922,3
10923,2
10924,1
10925,2
10926,1
10927,1
10928,3
10929,2
10930,2
10931,2
10932,3
10933,3
10934,1
10935,1
10936,2
10937,1
10938,2
10939,2
10940,1
10941,3
10942,1
10943,1
10944,3
10945,2
10946,3
10947,2
10948,3
10949,2
10950,3
10951,1
10952,1
10953,1
10954,1
10955,3
10956,3
10957,2
10958,1
10959,3
10960,3
10961,1
10962,3
10963,3
10964,1
10965,2
10966,3
10967,2
10968,3
10969,2
10970,3
10971,3
10972,2
10973,2
10974,1
10975,2
10976,3
10977,3
10978,1
10979,3
10980,2
10981,2
10982,3
10983,3
10984,1
10985,1
10986,3
10987,1
10988,3
10989,2
10990,3
10991,2
10992,3
10993,2
10994,1
10995,3
10996,2
10997,2
10998,1
10999,3
11000,3
11001,2
11002,3
11003,1
11004,3
11005,1
11006,3
11007,1
11008,2
11009,1
11010,3
11011,3
11012,3
11013,2
11014,3
11015,1
11016,2
11017,1
11018,3
11019,2
11020,2
11021,3
11022,1
11023,1
11024,3
11025,3
11026,1
11027,3
11028,3
11029,2
11030,2
11031,1
11032,1
11033,3
11034,2
11035,3
11036,3
11037,1
11038,2
11039,2
11040,2
11041,1
11042,2
11043,3
11044,1
11045,2
11046,2
11047,3
11048,2
11049,3
11050,2
11051,1
11052,3
11053,3
11054,1
11055,3
11056,1
11057,1
11058,1
11059,2
11060,1
11061,1
11062,2
11063,2
11064,1
11065,3
11066,2
11067,2
11068,3
11069,3
11070,1
11071,1
11072,3
11073,1
11074,3
11075,1
11076,1
11077,3
11078,2
11079,3
11080,3
11081,1
11082,3
11083,3
11084,3
11085,1
11086,3
11087,1
11088,2
11089,1
11090,2
11091,2
11092,3
11093,1
11094,1
11095,2
11096,1
11097,3
11098,1
11099,2
11100,3
11101,2
11102,2
11103,1
11104,2
11105,2
11106,2
11107,3
11108,1
11109,1
11110,1
11111,3
11112,3
11113,2
11114,2
11115,3
11116,3
11117,3
11118,1
11119,1
11120,2
11121,3
11122,2
11123,3
11124,2
11125,1
11126,1
11127,1
11128,2
11129,1
11130,3
11131,1
11132,2
11133,2
11134,1
11135,1
11136,3
11137,3
11138,3
11139,3
11140,3
11141,1
11142,3
11143,2
11144,1
11145,3
11146,1
11147,3
11148,3
11149,1
11150,1
11151,1
11152,1
11153,1
11154,3
11155,2
11156,1
11157,3
11158,1
11159,3
11160,3
11161,1
11162,2
11163,2
11164,2
11165,1
11166,1
11167,2
11168,1
11169,3
11170,2
11171,2
11172,2
11173,1
11174,2
11175,3
11176,3
11177,2
11178,1
11179,1
11180,3
11181,1
11182,2
11183,3
11184,1
11185,1
11186,3
11187,1
11188,1
11189,1
11190,1
11191,2
11192,3
11193,3
11194,1
11195,1
11196,1
11197,2
11198,2
11199,2
11200,2
11201,1
11202,3
11203,2
11204,2
11205,1
11206,3
11207,2
11208,2
11209,3
11210,3
11211,3
11212,2
11213,3
11214,2
11215,3
11216,3
11217,3
11218,3
11219,2
11220,1
11221,3
11222,3
11223,2
11224,3
11225,1
11226,1
11227,2
11228,2
11229,1
11230,3
11231,2
11232,2
11233,3
11234,1
11235,2
11236,3
11237,1
11238,1
11239,2
11240,1
11241,3
11242,3
11243,2
11244,1
11245,3
11246,2
11247,1
11248,2
11249,3
11250,2
11251,3
11252,2
11253,1
11254,3
11255,1
11256,3
11257,2
11258,2
11259,2
11260,1
11261,2
11262,1
11263,2
11264,2
11265,3
11266,1
11267,3
11268,2
11269,3
11270,3
11271,3
11272,1
11273,2
11274,3
11275,1
11276,3
11277,3
11278,2
11279,3
11280,1
11281,1
11282,1
11283,2
11284,3
11285,3
11286,2
11287,3
11288,3
11289,1
11290,1
11291,3
11292,3
11293,1
11294,3
11295,1
11296,2
11297,1
11298,3
11299,3
11300,3
11301,3
11302,2
11303,2
11304,2
11305,2
11306,1
11307,3
11308,2
11309,2
11310,3
11311,3
11312,1
11313,2
11314,1
11315,3
11316,3
11317,1
11318,1
11319,2
11320,3
11321,2
11322,3
11323,1
11324,2
11325,3
11326,2
11327,2
11328,2
11329,1
11330,3
11331,3
11332,1
11333,2
11334,2
11335,1
11336,1
11337,3
11338,3
11339,3
11340,2
11341,3
11342,3
11343,2
11344,3
11345,2
11346,3
11347,3
11348,2
11349,2
11350,3
11351,1
11352,2
11353,3
11354,3
11355,2
11356,2
11357,1
11358,2
11359,3
11360,3
11361,2
11362,1
11363,1
11364,2
11365,3
11366,1
11367,2
11368,2
11369,2
11370,2
11371,3
11372,1
11373,2
11374,3
11375,3
11376,2
11377,2
11378,1
11379,2
11380,1
11381,1
11382,3
11383,1
11384,2
11385,1
11386,2
11387,2
11388,3
11389,3
11390,2
11391,3
11392,3
11393,2
11394,2
11395,2
11396,1
11397,1
11398,1
11399,3
11400,1
11401,1
11402,2
11403,3
11404,1
11405,2
11406,1
11407,1
11408,2
11409,1
11410,2
11411,2
11412,1
11413,3
11414,1
11415,1
11416,3
11417,3
11418,3
11419,2
11420,2
11421,2
11422,1
11423,3
11424,1
11425,2
11426,1
11427,2
11428,3
11429,3
11430,3
11431,1
11432,2
11433,2
11434,1
11435,1
11436,2
11437,3
11438,1
11439,3
11440,2
11441,1
11442,3
11443,3
11444,1
11445,2
11446,3
11447,1
11448,3
11449,3
11450,3
11451,3
11452,2
11453,1
11454,3
11455,3
11456,1
11457,1
11458,2
11459,3
11460,2
11461,3
11462,2
11463,3
11464,1
11465,1
11466,1
11467,1
11468,3
11469,1
11470,3
11471,1
11472,2
11473,1
11474,2
11475,2
11476,3
11477,3
11478,2
11479,2
11480,1
11481,2
11482,3
11483,1
11484,2
11485,3
11486,2
11487,3
11488,2
11489,3
11490,3
11491,3
11492,3
11493,1
11494,1
11495,1
11496,2
11497,3
11498,3
11499,2
11500,2
11501,1
11502,2
11503,1
11504,1
11505,2
11506,1
11507,1
11508,3
11509,2
11510,2
11511,2
11512,1
11513,1
11514,3
11515,2
11516,3
11517,3
11518,1
11519,3
11520,2
11521,1
11522,3
11523,2
11524,3
11525,2
11526,2
11527,2
11528,3
11529,2
11530,3
11531,2
11532,1
11533,1
11534,2
11535,3
11536,1
11537,2
11538,1
11539,1
11540,2
11541,3
11542,2
11543,3
11544,2
11545,2
11546,2
11547,3
11548,1
11549,3
11550,2
11551,3
11552,2
11553,2
11554,2
11555,2
11556,2
11557,1
11558,1
11559,1
11560,1
11561,3
11562,1
11563,3
11564,3
11565,2
11566,1
11567,3
11568,1
11569,3
11570,3
11571,3
11572,1
11573,1
11574,3
11575,1
11576,3
11577,3
11578,1
11579,1
11580,3
11581,2
11582,1
11583,1
11584,2
11585,2
11586,1
11587,3
11588,3
11589,2
11590,1
11591,2
11592,3
11593,2
11594,2
11595,3
11596,3
11597,1
11598,3
11599,3
11600,2
11601,3
11602,1
11603,1
11604,2
11605,1
11606,1
11607,3
11608,3
11609,2
11610,1
11611,2
11612,1
11613,3
11614,1
11615,1
11616,1
11617,2
11618,3
11619,3
11620,3
11621,3
11622,2
11623,3
11624,1
11625,2
11626,3
11627,3
11628,1
11629,3
11630,1
11631,2
11632,1
11633,3
11634,3
11635,3
11636,2
11637,1
11638,3
11639,1
11640,2
11641,3
11642,2
11643,2
11644,1
11645,2
11646,3
11647,1
11648,2
11649,3
11650,3
11651,3
11652,1
11653,1
11654,3
11655,1
11656,3
11657,1
11658,2
11659,1
11660,2
11661,1
11662,3
11663,3
11664,3
11665,1
11666,2
11667,2
11668,3
11669,2
11670,2
11671,1
11672,1
11673,2
11674,1
11675,1
11676,3
11677,2
11678,2
11679,2
11680,2
11681,2
11682,1
11683,1
11684,3
11685,3
11686,1
11687,3
11688,3
11689,2
11690,3
11691,2
11692,1
11693,3
11694,2
11695,1
11696,3
11697,2
11698,1
11699,1
11700,1
11701,3
11702,2
11703,3
11704,2
11705,1
11706,2
11707,3
11708,2
11709,3
11710,2
11711,2
11712,3
11713,2
11714,1
11715,1
11716,2
11717,3
11718,1
11719,2
11720,3
11721,1
11722,1
11723,3
11724,3
11725,3
11726,3
11727,2
11728,1
11729,3
11730,3
11731,1
11732,1
11733,3
11734,3
11735,1
11736,1
11737,3
11738,2
11739,3
11740,2
11741,1
11742,1
11743,1
11744,3
11745,2
11746,3
11747,1
11748,3
11749,2
11750,1
11751,1
11752,3
11753,1
11754,1
11755,3
11756,3
11757,1
11758,1
11759,3
11760,2
11761,2
11762,1
11763,2
11764,1
11765,3
11766,1
11767,2
11768,1
11769,1
11770,1
11771,3
11772,1
11773,2
11774,3
11775,2
11776,1
11777,3
11778,1
11779,3
11780,1
11781,3
11782,1
11783,1
11784,3
11785,2
11786,1
11787,1
11788,1
11789,3
11790,3
11791,2
11792,3
11793,2
11794,2
11795,2
11796,3
11797,1
11798,3
11799,1
11800,3
11801,3
11802,2
11803,2
11804,3
11805,2
11806,2
11807,2
11808,3
11809,2
11810,2
11811,2
11812,3
11813,2
11814,3
11815,2
11816,1
11817,1
11818,2
11819,3
11820,2
11821,1
11822,3
11823,3
11824,1
11825,2
11826,3
11827,1
11828,3
11829,1
11830,1
11831,2
11832,1
11833,3
11834,2
11835,2
11836,2
11837,2
11838,2
11839,1
11840,2
11841,3
11842,1
11843,3
11844,3
11845,3
11846,2
11847,3
11848,1
11849,2
11850,2
11851,1
11852,1
11853,2
11854,1
11855,3
11856,3
11857,1
11858,3
11859,1
11860,2
11861,2
11862,2
11863,3
11864,2
11865,1
11866,1
11867,2
11868,1
11869,3
11870,3
11871,3
11872,3
11873,1
11874,1
11875,2
11876,1
11877,2
11878,3
11879,2
11880,1
11881,1
11882,3
11883,1
11884,3
11885,3
11886,2
11887,2
11888,2
11889,3
11890,3
11891,3
11892,2
11893,1
11894,1
11895,1
11896,1
11897,1
11898,3
11899,1
11900,1
11901,3
11902,2
11903,1
11904,1
11905,1
11906,2
11907,3
11908,1
11909,2
11910,3
11911,1
11912,1
11913,1
11914,3
11915,2
11916,3
11917,3
11918,2
11919,1
11920,2
11921,2
11922,1
11923,3
11924,2
11925,3
11926,1
11927,3
11928,2
11929,1
11930,2
11931,2
11932,3
11933,3
11934,2
11935,1
11936,2
11937,2
11938,1
11939,3
11940,1
11941,1
11942,2
11943,2
11944,1
11945,1
11946,2
11947,3
11948,1
11949,1
11950,3
11951,3
11952,3
11953,2
11954,3
11955,1
11956,3
11957,1
11958,1
11959,1
11960,3
11961,3
11962,3
11963,1
11964,1
11965,3
11966,1
11967,1
11968,3
11969,3
11970,2
11971,3
11972,2
11973,2
11974,2
11975,3
11976,1
11977,3
11978,2
11979,1
11980,3
11981,3
11982,3
11983,2
11984,3
11985,1
11986,1
11987,2
11988,3
11989,1
11990,3
11991,1
11992,1
11993,2
11994,2
11995,2
11996,1
11997,1
11998,2
11999,2
12000,3
12001,2
12002,2
12003,1
12004,1
12005,1
12006,1
12007,3
12008,1
12009,3
12010,3
12011,3
12012,1
12013,2
12014,1
12015,1
12016,2
12017,1
12018,2
12019,3
12020,1
12021,3
12022,1
12023,1
12024,2
12025,3
12026,3
12027,2
12028,2
12029,1
12030,3
12031,3
12032,1
12033,2
12034,1
12035,3
12036,2
12037,1
12038,2
12039,1
12040,2
12041,3
12042,3
12043,2
12044,2
12045,3
12046,3
12047,2
12048,2
12049,3
12050,2
12051,3
12052,1
12053,2
12054,1
12055,3
12056,3
12057,2
12058,1
12059,2
12060,1
12061,1
12062,1
12063,3
12064,1
12065,2
12066,2
12067,1
12068,2
12069,2
12070,3
12071,2
12072,3
12073,1
12074,2
12075,1
12076,2
12077,2
12078,3
12079,1
12080,2
12081,3
12082,3
12083,3
12084,3
12085,1
12086,2
12087,2
12088,3
12089,3
12090,1
12091,2
12092,1
12093,1
12094,2
12095,3
12096,1
12097,1
12098,2
12099,3
12100,3
12101,3
12102,1
12103,2
12104,2
12105,2
12106,2
12107,1
12108,3
12109,1
12110,2
12111,2
12112,2
12113,1
12114,2
12115,2
12116,1
12117,3
12118,2
12119,3
12120,3
12121,2
12122,1
12123,1
12124,1
12125,2
12126,3
12127,1
12128,2
12129,3
12130,3
12131,3
12132,1
12133,3
12134,1
12135,2
12136,1
12137,3
12138,3
12139,2
12140,3
12141,2
12142,1
12143,3
12144,1
12145,3
12146,3
12147,2
12148,1
12149,1
12150,3
12151,1
12152,3
12153,1
12154,2
12155,1
12156,1
12157,3
12158,2
12159,2
12160,2
12161,1
12162,3
12163,3
12164,2
12165,3
12166,3
12167,3
12168,1
12169,1
12170,2
12171,2
12172,3
12173,1
12174,1
12175,3
12176,2
12177,3
12178,3
12179,1
12180,3
12181,1
12182,2
12183,1
12184,3
12185,2
12186,1
12187,1
12188,3
12189,3
12190,3
12191,1
12192,3
12193,1
12194,1
12195,3
12196,1
12197,3
12198,2
12199,3
12200,1
12201,1
12202,3
12203,1
12204,2
12205,1
12206,1
12207,3
12208,3
12209,3
12210,3
12211,2
12212,3
12213,1
12214,2
12215,1
12216,3
12217,1
12218,3
12219,3
12220,1
12221,2
12222,2
12223,2
12224,2
12225,1
12226,2
12227,1
12228,2
12229,3
12230,2
12231,1
12232,2
12233,3
12234,1
12235,3
12236,2
12237,1
12238,3
12239,1
12240,1
12241,3
12242,3
12243,2
12244,2
12245,3
12246,1
12247,1
12248,1
12249,1
12250,1
12251,1
12252,1
12253,1
12254,2
12255,2
12256,2
12257,2
12258,1
12259,1
12260,1
12261,1
12262,2
12263,3
12264,2
12265,2
12266,1
12267,2
12268,1
12269,2
12270,3
12271,2
12272,1
12273,3
12274,3
12275,3
12276,1
12277,2
12278,1
12279,2
12280,3
12281,1
12282,3
12283,2
12284,3
12285,2
12286,1
12287,3
12288,2
12289,1
12290,1
12291,3
12292,3
12293,2
12294,1
12295,1
12296,3
12297,2
12298,2
12299,3
12300,3
12301,2
12302,1
12303,3
12304,1
12305,3
12306,3
12307,3
12308,2
12309,1
12310,3
12311,2
12312,3
12313,1
12314,1
12315,1
12316,2
12317,1
12318,2
12319,1
12320,3
12321,2
12322,2
12323,1
12324,2
12325,3
12326,2
12327,3
12328,3
12329,3
12330,3
12331,2
12332,1
12333,2
12334,1
12335,1
12336,1
12337,2
12338,2
12339,3
12340,1
12341,2
12342,2
12343,1
12344,3
12345,1
12346,2
12347,1
12348,3
12349,2
12350,1
12351,2
12352,2
12353,2
12354,3
12355,2
12356,1
12357,1
12358,2
12359,2
12360,3
12361,3
12362,3
12363,2
12364,1
12365,2
12366,3
12367,2
12368,2
12369,3
12370,2
12371,3
12372,2
12373,1
12374,2
12375,2
12376,1
12377,1
12378,2
12379,3
12380,2
12381,3
12382,1
12383,3
12384,3
12385,1
12386,1
12387,2
12388,2
12389,3
12390,3
12391,2
12392,1
12393,2
12394,2
12395,2
12396,3
12397,3
12398,1
12399,1
12400,2
12401,2
12402,3
12403,2
12404,1
12405,1
12406,3
12407,3
12408,1
12409,3
12410,3
12411,3
12412,3
12413,1
12414,3
12415,1
12416,3
12417,2
12418,3
12419,1
12420,3
12421,1
12422,1
12423,3
12424,1
12425,2
12426,2
12427,1
12428,2
12429,1
12430,3
12431,1
12432,1
12433,2
12434,2
12435,1
12436,3
12437,1
12438,2
12439,1
12440,2
12441,1
12442,3
12443,1
12444,2
12445,1
12446,3
12447,3
12448,1
12449,3
12450,2
12451,1
12452,1
12453,3
12454,1
12455,1
12456,3
12457,2
12458,3
12459,3
12460,1
12461,2
12462,3
12463,1
12464,1
12465,3
12466,3
12467,2
12468,3
12469,2
12470,2
12471,1
12472,3
12473,3
12474,1
12475,2
12476,2
12477,1
12478,3
12479,2
12480,1
12481,3
12482,1
12483,3
12484,1
12485,3
12486,2
12487,2
12488,2
12489,3
12490,3
12491,2
12492,2
12493,1
12494,2
12495,1
12496,3
12497,1
12498,3
12499,3
12500,3
12501,3
12502,3
12503,3
12504,1
12505,3
12506,1
12507,2
12508,3
12509,3
12510,1
12511,3
12512,1
12513,2
12514,3
12515,3
12516,2
12517,1
12518,2
12519,2
12520,2
12521,1
12522,2
12523,3
12524,1
12525,3
12526,3
12527,3
12528,3
12529,2
12530,2
12531,1
12532,3
12533,1
12534,2
12535,1
12536,2
12537,3
12538,1
12539,3
12540,3
12541,3
12542,2
12543,2
12544,1
12545,3
12546,3
12547,1
12548,2
12549,1
12550,3
12551,3
12552,1
12553,3
12554,2
12555,3
12556,1
12557,1
12558,1
12559,3
12560,3
12561,3
12562,2
12563,1
12564,2
12565,2
12566,3
12567,1
12568,2
12569,3
12570,3
12571,2
12572,3
12573,2
12574,2
12575,3
12576,2
12577,3
12578,3
12579,1
12580,3
12581,3
12582,3
12583,2
12584,2
12585,2
12586,2
12587,3
12588,2
12589,3
12590,1
12591,1
12592,2
12593,3
12594,2
12595,2
12596,1
12597,3
12598,1
12599,2
12600,3
12601,3
12602,2
12603,2
12604,1
12605,1
12606,1
12607,3
12608,2
12609,1
12610,1
12611,3
12612,3
12613,2
12614,3
12615,2
12616,3
12617,2
12618,3
12619,2
12620,3
12621,1
12622,3
12623,2
12624,3
12625,1
12626,1
12627,3
12628,3
12629,3
12630,2
12631,3
12632,3
12633,3
12634,3
12635,1
12636,1
12637,1
12638,2
12639,3
12640,2
12641,3
12642,1
12643,1
12644,2
12645,1
12646,2
12647,1
12648,2
12649,1
12650,3
12651,3
12652,3
12653,3
12654,1
12655,1
12656,3
12657,2
12658,2
12659,2
12660,2
12661,3
12662,2
12663,2
12664,1
12665,3
12666,3
12667,2
12668,1
12669,3
12670,2
12671,2
12672,1
12673,2
12674,2
12675,2
12676,1
12677,2
12678,1
12679,1
12680,3
12681,1
12682,1
12683,3
12684,1
12685,1
12686,2
12687,3
12688,3
12689,1
12690,3
12691,1
12692,3
12693,1
12694,3
12695,3
12696,3
12697,1
12698,2
12699,3
12700,1
12701,2
12702,3
12703,2
12704,3
12705,3
12706,1
12707,1
12708,3
12709,2
12710,2
12711,2
12712,2
12713,3
12714,1
12715,2
12716,1
12717,2
12718,1
12719,3
12720,2
12721,3
12722,2
12723,1
12724,1
12725,2
12726,1
12727,3
12728,3
12729,2
12730,3
12731,3
12732,3
12733,1
12734,2
12735,3
12736,1
12737,1
12738,3
12739,3
12740,1
12741,2
12742,1
12743,3
12744,1
12745,1
12746,1
12747,3
12748,2
12749,3
12750,3
12751,3
12752,2
12753,1
12754,3
12755,3
12756,2
12757,1
12758,1
12759,2
12760,1
12761,2
12762,3
12763,3
12764,1
12765,3
12766,2
12767,1
12768,2
12769,3
12770,2
12771,2
12772,3
12773,2
12774,3
12775,3
12776,3
12777,2
12778,1
12779,1
12780,2
12781,2
12782,3
12783,1
12784,2
12785,1
12786,2
12787,3
12788,2
12789,1
12790,2
12791,3
12792,2
12793,1
12794,3
12795,2
12796,2
12797,3
12798,2
12799,2
12800,3
12801,1
12802,3
12803,1
12804,1
12805,2
12806,2
12807,3
12808,2
12809,2
12810,3
12811,3
12812,1
12813,2
12814,2
12815,3
12816,2
12817,3
12818,1
12819,3
12820,1
12821,2
12822,2
12823,2
12824,1
12825,1
12826,1
12827,1
12828,3
12829,3
12830,2
12831,1
12832,1
12833,1
12834,2
12835,3
12836,2
12837,3
12838,3
12839,3
12840,2
12841,3
12842,3
12843,1
12844,3
12845,2
12846,1
12847,1
12848,1
12849,2
12850,2
12851,1
12852,2
12853,2
12854,1
12855,3
12856,3
12857,1
12858,3
12859,2
12860,2
12861,2
12862,3
12863,3
12864,3
12865,3
12866,2
12867,2
12868,2
12869,1
12870,3
12871,3
12872,3
12873,3
12874,1
12875,2
12876,1
12877,1
12878,2
12879,3
12880,3
12881,2
12882,3
12883,3
12884,1
12885,1
12886,1
12887,1
12888,3
12889,3
12890,1
12891,1
12892,1
12893,3
12894,1
12895,2
12896,1
12897,1
12898,2
12899,1
12900,3
12901,2
12902,2
12903,3
12904,3
12905,2
12906,1
12907,3
12908,1
12909,2
12910,1
12911,3
12912,2
12913,2
12914,2
12915,2
12916,1
12917,1
12918,2
12919,1
12920,1
12921,2
12922,3
12923,3
12924,2
12925,1
12926,1
12927,3
12928,2
12929,1
12930,1
12931,1
12932,1
12933,2
12934,1
12935,3
12936,2
12937,1
12938,2
12939,1
12940,2
12941,1
12942,2
12943,2
12944,1
12945,2
12946,2
12947,1
12948,3
12949,1
12950,1
12951,1
12952,2
12953,1
12954,3
12955,1
12956,1
12957,3
12958,3
12959,2
12960,3
12961,1
12962,1
12963,3
12964,3
12965,3
12966,2
12967,2
12968,1
12969,2
12970,2
12971,3
12972,1
12973,2
12974,3
12975,2
12976,3
12977,1
12978,3
12979,3
12980,1
12981,3
12982,1
12983,3
12984,1
12985,1
12986,1
12987,1
12988,1
12989,1
12990,2
12991,2
12992,1
12993,1
12994,1
12995,2
12996,3
12997,3
12998,1
12999,2
13000,3
13001,2
13002,1
13003,2
13004,1
13005,2
13006,3
13007,2
13008,2
13009,2
13010,2
13011,1
13012,3
13013,2
13014,2
13015,2
13016,3
13017,3
13018,3
13019,1
13020,1
13021,3
13022,1
13023,2
13024,3
13025,1
13026,2
13027,3
13028,1
13029,2
13030,2
13031,2
13032,3
13033,3
13034,1
13035,3
13036,1
13037,3
13038,2
13039,2
13040,1
13041,3
13042,3
13043,3
13044,2
13045,2
13046,1
13047,2
13048,3
13049,1
13050,2
13051,2
13052,3
13053,1
13054,3
13055,1
13056,1
13057,1
13058,2
13059,3
13060,1
13061,1
13062,2
13063,3
13064,3
13065,3
13066,2
13067,3
13068,1
13069,3
13070,3
13071,3
13072,1
13073,2
13074,1
13075,2
13076,3
13077,1
13078,3
13079,3
13080,1
13081,2
13082,1
13083,1
13084,2
13085,3
13086,1
13087,2
13088,1
13089,1
13090,2
13091,3
13092,3
13093,2
13094,3
13095,2
13096,2
13097,1
13098,3
13099,1
13100,2
13101,2
13102,2
13103,2
13104,2
13105,1
13106,1
13107,1
13108,2
13109,3
13110,2
13111,2
13112,3
13113,3
13114,2
13115,3
13116,3
13117,1
13118,2
13119,1
13120,1
13121,3
13122,1
13123,2
13124,1
13125,2
13126,2
13127,3
13128,1
13129,3
13130,2
13131,2
13132,3
13133,3
13134,3
13135,1
13136,3
13137,3
13138,1
13139,3
13140,3
13141,2
13142,3
13143,1
13144,2
13145,3
13146,2
13147,2
13148,2
13149,1
13150,3
13151,2
13152,3
13153,1
13154,1
13155,1
13156,2
13157,3
13158,2
13159,3
13160,1
13161,1
13162,2
13163,2
13164,3
13165,2
13166,2
13167,1
13168,2
13169,2
13170,3
13171,3
13172,1
13173,2
13174,1
13175,3
13176,3
13177,1
13178,1
13179,2
13180,3
13181,2
13182,1
13183,3
13184,1
13185,1
13186,2
13187,1
13188,2
13189,3
13190,2
13191,1
13192,1
13193,2
13194,1
13195,2
13196,3
13197,1
13198,3
13199,2
13200,1
13201,3
13202,2
13203,1
13204,2
13205,3
13206,3
13207,3
13208,1
13209,3
13210,1
13211,3
13212,3
13213,2
13214,3
13215,2
13216,3
13217,1
13218,2
13219,1
13220,3
13221,1
13222,3
13223,2
13224,2
13225,2
13226,3
13227,1
13228,2
13229,2
13230,2
13231,1
13232,3
13233,2
13234,3
13235,1
13236,1
13237,3
13238,2
13239,3
13240,3
13241,3
13242,3
13243,3
13244,1
13245,3
13246,2
13247,2
13248,1
13249,1
13250,2
13251,1
13252,1
13253,2
13254,3
13255,1
13256,2
13257,3
13258,3
13259,2
13260,3
13261,3
13262,1
13263,1
13264,2
13265,3
13266,2
13267,3
13268,2
13269,1
13270,3
13271,2
13272,1
13273,1
13274,2
13275,2
13276,2
13277,1
13278,2
13279,2
13280,3
13281,2
13282,3
13283,2
13284,2
13285,3
13286,1
13287,3
13288,2
13289,1
13290,1
13291,3
13292,2
13293,1
13294,2
13295,1
13296,1
13297,2
13298,2
13299,1
13300,2
13301,3
13302,2
13303,1
13304,2
13305,1
13306,1
13307,2
13308,3
13309,2
13310,3
13311,2
13312,2
13313,3
13314,3
13315,3
13316,3
13317,3
13318,3
13319,3
13320,2
13321,2
13322,2
13323,1
13324,2
13325,1
13326,3
13327,2
13328,1
13329,2
13330,2
13331,3
13332,1
13333,1
13334,1
13335,2
13336,3
13337,2
13338,1
13339,3
13340,3
13341,1
13342,2
13343,3
13344,2
13345,1
13346,3
13347,3
13348,2
13349,3
13350,3
13351,2
13352,1
13353,1
13354,2
13355,3
13356,3
13357,1
13358,3
13359,3
13360,2
13361,2
13362,2
13363,3
13364,3
13365,3
13366,1
13367,1
13368,3
13369,2
13370,3
13371,3
13372,2
13373,2
13374,2
13375,3
13376,1
13377,3
13378,3
13379,2
13380,1
13381,1
13382,1
13383,2
13384,2
13385,3
13386,3
13387,3
13388,2
13389,1
13390,2
13391,2
13392,1
13393,2
13394,1
13395,1
13396,1
13397,1
13398,1
13399,3
13400,2
13401,1
13402,2
13403,1
13404,1
13405,1
13406,1
13407,2
13408,2
13409,1
13410,2
13411,2
13412,3
13413,3
13414,1
13415,3
13416,1
13417,3
13418,1
13419,1
13420,3
13421,3
13422,2
13423,1
13424,1
13425,3
13426,1
13427,1
13428,1
13429,3
13430,3
13431,1
13432,3
13433,2
13434,3
13435,3
13436,3
13437,1
13438,3
13439,2
13440,1
13441,3
13442,3
13443,3
13444,1
13445,2
13446,1
13447,2
13448,2
13449,2
13450,3
13451,3
13452,2
13453,1
13454,2
13455,2
13456,1
13457,1
13458,3
13459,1
13460,3
13461,1
13462,1
13463,1
13464,3
13465,3
13466,2
13467,3
13468,3
13469,2
13470,2
13471,3
13472,2
13473,3
13474,2
13475,2
13476,1
13477,2
13478,2
13479,3
13480,1
13481,1
13482,1
13483,3
13484,3
13485,3
13486,2
13487,2
13488,1
13489,2
13490,1
13491,2
13492,1
13493,2
13494,1
13495,3
13496,3
13497,2
13498,3
13499,2
13500,3
13501,2
13502,1
13503,2
13504,3
13505,1
13506,1
13507,1
13508,2
13509,3
13510,2
13511,1
13512,3
13513,1
13514,1
13515,1
13516,2
13517,1
13518,2
13519,2
13520,2
13521,2
13522,3
13523,3
13524,1
13525,1
13526,2
13527,2
13528,1
13529,1
13530,1
13531,1
13532,3
13533,1
13534,3
13535,2
13536,1
13537,3
13538,3
13539,1
13540,1
13541,1
13542,3
13543,2
13544,2
13545,3
13546,2
13547,2
13548,3
13549,2
13550,2
13551,1
13552,2
13553,3
13554,2
13555,1
13556,3
13557,2
13558,3
13559,1
13560,3
13561,1
13562,3
13563,1
13564,2
13565,1
13566,2
13567,3
13568,2
13569,2
13570,2
13571,3
13572,1
13573,3
13574,2
13575,1
13576,1
13577,1
13578,2
13579,2
13580,2
13581,3
13582,3
13583,3
13584,3
13585,3
13586,3
13587,2
13588,1
13589,2
13590,1
13591,1
13592,1
13593,2
13594,2
13595,1
13596,1
13597,1
13598,2
13599,1
13600,1
13601,3
13602,3
13603,2
13604,2
13605,2
13606,3
13607,2
13608,3
13609,1
13610,1
13611,1
13612,1
13613,3
13614,2
13615,2
13616,1
13617,2
13618,1
13619,3
13620,2
13621,3
13622,3
13623,2
13624,1
13625,1
13626,2
13627,1
13628,1
13629,2
13630,1
13631,1
13632,2
13633,1
13634,2
13635,2
13636,2
13637,2
13638,2
13639,1
13640,3
13641,2
13642,3
13643,3
13644,3
13645,2
13646,1
13647,3
13648,2
13649,2
13650,3
13651,3
13652,2
13653,1
13654,1
13655,2
13656,1
13657,3
13658,3
13659,3
13660,3
13661,1
13662,1
13663,3
13664,1
13665,3
13666,2
13667,3
13668,3
13669,3
13670,2
13671,3
13672,3
13673,1
13674,1
13675,1
13676,2
13677,2
13678,2
13679,2
13680,3
13681,1
13682,1
13683,2
13684,1
13685,2
13686,1
13687,3
13688,1
13689,2
13690,2
13691,1
13692,1
13693,2
13694,3
13695,1
13696,2
13697,3
13698,1
13699,2
13700,3
13701,1
13702,3
13703,1
13704,3
13705,3
13706,1
13707,3
13708,3
13709,3
13710,1
13711,2
13712,2
13713,2
13714,2
13715,3
13716,2
13717,1
13718,3
13719,1
13720,2
13721,3
13722,3
13723,1
13724,1
13725,2
13726,2
13727,1
13728,3
13729,3
13730,2
13731,1
13732,3
13733,1
13734,3
13735,1
13736,1
13737,3
13738,1
13739,3
13740,2
13741,2
13742,1
13743,2
13744,1
13745,1
13746,3
13747,2
13748,3
13749,2
13750,2
13751,1
13752,1
13753,2
13754,3
13755,3
13756,2
13757,3
13758,1
13759,1
13760,3
13761,3
13762,2
13763,2
13764,3
13765,2
13766,3
13767,2
13768,1
13769,2
13770,2
13771,1
13772,1
13773,3
13774,1
13775,2
13776,1
13777,1
13778,2
13779,3
13780,1
13781,1
13782,2
13783,1
13784,1
13785,3
13786,2
13787,1
13788,1
13789,2
13790,1
13791,3
13792,1
13793,3
13794,2
13795,2
13796,3
13797,1
13798,2
13799,1
13800,3
13801,2
13802,1
13803,1
13804,3
13805,3
13806,3
13807,1
13808,3
13809,2
13810,1
13811,2
13812,2
13813,2
13814,3
13815,1
13816,2
13817,1
13818,3
13819,2
13820,1
13821,2
13822,3
13823,2
13824,2
13825,1
13826,3
13827,3
13828,1
13829,3
13830,1
13831,1
13832,2
13833,1
13834,1
13835,1
13836,3
13837,3
13838,2
13839,2
13840,1
13841,2
13842,2
13843,3
13844,3
13845,1
13846,3
13847,1
13848,3
13849,3
13850,3
13851,2
13852,1
13853,2
13854,2
13855,2
13856,1
13857,3
13858,1
13859,1
13860,2
13861,2
13862,1
13863,1
13864,1
13865,1
13866,2
13867,1
13868,3
13869,3
13870,1
13871,3
13872,2
13873,2
13874,1
13875,3
13876,3
13877,2
13878,3
13879,2
13880,2
13881,3
13882,3
13883,2
13884,2
13885,3
13886,2
13887,1
13888,1
13889,2
13890,1
13891,3
13892,1
13893,1
13894,2
13895,3
13896,1
13897,2
13898,1
13899,1
13900,1
13901,2
13902,1
13903,1
13904,1
13905,3
13906,1
13907,2
13908,3
13909,2
13910,3
13911,2
13912,1
13913,1
13914,3
13915,2
13916,3
13917,3
13918,1
13919,3
13920,2
13921,3
13922,1
13923,1
13924,1
13925,2
13926,2
13927,2
13928,1
13929,2
13930,3
13931,2
13932,1
13933,1
13934,2
13935,3
13936,2
13937,3
13938,1
13939,1
13940,3
13941,3
13942,1
13943,1
13944,2
13945,3
13946,2
13947,1
13948,2
13949,3
13950,3
13951,3
13952,3
13953,1
13954,2
13955,1
13956,1
13957,3
13958,1
13959,1
13960,2
13961,3
13962,1
13963,1
13964,1
13965,3
13966,2
13967,2
13968,3
13969,3
13970,2
13971,2
13972,3
13973,3
13974,2
13975,3
13976,2
13977,3
13978,3
13979,1
13980,1
13981,1
13982,3
13983,2
13984,3
13985,2
13986,1
13987,2
13988,3
13989,1
13990,1
13991,2
13992,3
13993,2
13994,3
13995,3
13996,2
13997,2
13998,2
13999,3
14000,1
14001,1
14002,2
14003,2
14004,3
14005,1
14006,3
14007,3
14008,2
14009,1
14010,1
14011,1
14012,2
14013,1
14014,3
14015,2
14016,1
14017,3
14018,2
14019,2
14020,1
14021,1
14022,1
14023,3
14024,3
14025,3
14026,1
14027,1
14028,2
14029,1
14030,2
14031,2
14032,3
14033,3
14034,3
14035,2
14036,2
14037,2
14038,3
14039,3
14040,1
14041,1
14042,2
14043,3
14044,3
14045,1
14046,1
14047,1
14048,1
14049,3
14050,3
14051,2
14052,1
14053,1
14054,2
14055,1
14056,1
14057,2
14058,3
14059,1
14060,2
14061,1
14062,1
14063,2
14064,1
14065,1
14066,2
14067,2
14068,1
14069,3
14070,3
14071,1
14072,2
14073,2
14074,2
14075,3
14076,1
14077,3
14078,3
14079,1
14080,1
14081,2
14082,3
14083,3
14084,3
14085,2
14086,3
14087,2
14088,2
14089,1
14090,2
14091,2
14092,2
14093,1
14094,3
14095,2
14096,1
14097,1
14098,3
14099,1
14100,3
14101,3
14102,3
14103,2
14104,2
14105,3
14106,1
14107,2
14108,1
14109,1
14110,3
14111,2
14112,3
14113,2
14114,1
14115,1
14116,3
14117,1
14118,2
14119,3
14120,1
14121,2
14122,3
14123,3
14124,3
14125,1
14126,3
14127,2
14128,2
14129,2
14130,2
14131,1
14132,1
14133,3
14134,2
14135,1
14136,2
14137,2
14138,3
14139,2
14140,2
14141,3
14142,3
14143,2
14144,1
14145,3
14146,2
14147,3
14148,1
14149,2
14150,2
14151,3
14152,2
14153,2
14154,2
14155,1
14156,1
14157,2
14158,1
14159,3
14160,1
14161,1
14162,3
14163,1
14164,2
14165,2
14166,2
14167,1
14168,2
14169,1
14170,2
14171,3
14172,1
14173,1
14174,2
14175,2
14176,1
14177,2
14178,1
14179,2
14180,3
14181,3
14182,1
14183,2
14184,1
14185,1
14186,2
14187,1
14188,2
14189,1
14190,1
14191,3
14192,1
14193,3
14194,1
14195,1
14196,1
14197,2
14198,3
14199,3
14200,1
14201,1
14202,3
14203,1
14204,2
14205,2
14206,2
14207,2
14208,1
14209,3
14210,2
14211,3
14212,1
14213,1
14214,1
14215,3
14216,2
14217,3
14218,1
14219,3
14220,1
14221,1
14222,2
14223,3
14224,2
14225,3
14226,3
14227,1
14228,2
14229,3
14230,3
14231,1
14232,2
14233,2
14234,3
14235,3
14236,3
14237,3
14238,1
14239,3
14240,1
14241,1
14242,2
14243,1
14244,3
14245,1
14246,3
14247,3
14248,3
14249,1
14250,3
14251,3
14252,3
14253,1
14254,3
14255,1
14256,1
14257,1
14258,1
14259,2
14260,2
14261,3
14262,1
14263,1
14264,1
14265,3
14266,2
14267,2
14268,1
14269,1
14270,2
14271,3
14272,3
14273,3
14274,3
14275,1
14276,3
14277,2
14278,2
14279,2
14280,3
14281,3
14282,3
14283,1
14284,1
14285,2
14286,3
14287,1
14288,2
14289,2
14290,1
14291,3
14292,3
14293,2
14294,3
14295,3
14296,2
14297,2
14298,2
14299,1
14300,3
14301,1
14302,2
14303,3
14304,3
14305,2
14306,2
14307,2
14308,1
14309,3
14310,1
14311,1
14312,3
14313,3
14314,1
14315,1
14316,1
14317,1
14318,2
14319,2
14320,1
14321,2
14322,3
14323,1
14324,2
14325,2
14326,3
14327,2
14328,2
14329,1
14330,2
14331,1
14332,2
14333,1
14334,1
14335,2
14336,3
14337,2
14338,2
14339,1
14340,3
14341,1
14342,2
14343,3
14344,2
14345,1
14346,2
14347,2
14348,3
14349,2
14350,3
14351,1
14352,1
14353,3
14354,1
14355,1
14356,3
14357,1
14358,1
14359,1
14360,2
14361,2
14362,2
14363,3
14364,1
14365,1
14366,2
14367,2
14368,2
14369,2
14370,3
14371,3
14372,1
14373,1
14374,3
14375,3
14376,1
14377,2
14378,1
14379,2
14380,1
14381,1
14382,1
14383,3
14384,2
14385,3
14386,1
14387,3
14388,2
14389,2
14390,1
14391,2
14392,1
14393,1
14394,3
14395,1
14396,2
14397,1
14398,1
14399,1
14400,1
14401,3
14402,1
14403,3
14404,1
14405,2
14406,1
14407,2
14408,3
14409,3
14410,3
14411,3
14412,1
14413,1
14414,2
14415,3
14416,2
14417,3
14418,3
14419,2
14420,3
14421,3
14422,2
14423,1
14424,2
14425,3
14426,3
14427,1
14428,1
14429,1
14430,2
14431,2
14432,1
14433,1
14434,3
14435,3
14436,2
14437,3
14438,3
14439,1
14440,2
14441,2
14442,1
14443,2
14444,3
14445,2
14446,2
14447,1
14448,2
14449,1
14450,1
14451,2
14452,2
14453,2
14454,1
14455,2
14456,3
14457,2
14458,3
14459,1
14460,3
14461,2
14462,3
14463,2
14464,2
14465,3
14466,2
14467,2
14468,2
14469,1
14470,1
14471,2
14472,2
14473,2
14474,2
14475,3
14476,2
14477,1
14478,2
14479,1
14480,1
14481,1
14482,2
14483,1
14484,3
14485,3
14486,1
14487,1
14488,3
14489,1
14490,3
14491,2
14492,1
14493,1
14494,3
14495,2
14496,1
14497,1
14498,3
14499,1
14500,2
14501,1
14502,3
14503,1
14504,1
14505,3
14506,1
14507,3
14508,3
14509,2
14510,1
14511,1
14512,3
14513,2
14514,2
14515,2
14516,1
14517,1
14518,2
14519,2
14520,3
14521,3
14522,1
14523,1
14524,3
14525,2
14526,2
14527,3
14528,3
14529,1
14530,2
14531,1
14532,3
14533,1
14534,1
14535,2
14536,2
14537,1
14538,3
14539,2
14540,1
14541,1
14542,2
14543,2
14544,3
14545,2
14546,2
14547,2
14548,3
14549,2
14550,3
14551,1
14552,3
14553,2
14554,2
14555,2
14556,2
14557,3
14558,1
14559,3
14560,1
14561,1
14562,1
14563,2
14564,3
14565,3
14566,2
14567,1
14568,2
14569,1
14570,3
14571,1
14572,2
14573,2
14574,3
14575,1
14576,1
14577,2
14578,3
14579,3
14580,1
14581,2
14582,1
14583,2
14584,3
14585,3
14586,1
14587,3
14588,3
14589,2
14590,2
14591,3
14592,1
14593,1
14594,3
14595,2
14596,3
14597,3
14598,2
14599,3
14600,3
14601,1
14602,2
14603,3
14604,2
14605,3
14606,3
14607,3
14608,2
14609,1
14610,3
14611,1
14612,1
14613,3
14614,1
14615,1
14616,1
14617,1
14618,3
14619,2
14620,1
14621,1
14622,1
14623,3
14624,3
14625,3
14626,2
14627,2
14628,1
14629,3
14630,3
14631,3
14632,3
14633,1
14634,1
14635,3
14636,3
14637,1
14638,1
14639,1
14640,2
14641,1
14642,1
14643,3
14644,3
14645,2
14646,3
14647,1
14648,3
14649,2
14650,1
14651,2
14652,2
14653,2
14654,2
14655,1
14656,3
14657,2
14658,1
14659,2
14660,3
14661,1
14662,3
14663,2
14664,3
14665,1
14666,2
14667,1
14668,2
14669,2
14670,3
14671,2
14672,1
14673,1
14674,2
14675,2
14676,2
14677,3
14678,3
14679,1
14680,3
14681,2
14682,2
14683,2
14684,3
14685,3
14686,2
14687,2
14688,3
14689,3
14690,2
14691,2
14692,1
14693,3
14694,2
14695,3
14696,1
14697,2
14698,3
14699,2
14700,1
14701,1
14702,3
14703,1
14704,3
14705,2
14706,1
14707,3
14708,3
14709,3
14710,3
14711,1
14712,2
14713,3
14714,2
14715,2
14716,1
14717,1
14718,3
14719,2
14720,1
14721,1
14722,3
14723,1
14724,3
14725,3
14726,2
14727,2
14728,2
14729,3
14730,1
14731,2
14732,3
14733,1
14734,2
14735,1
14736,3
14737,2
14738,1
14739,2
14740,3
14741,1
14742,3
14743,3
14744,3
14745,2
14746,1
14747,1
14748,3
14749,2
14750,3
14751,1
14752,1
14753,2
14754,3
14755,3
14756,2
14757,2
14758,3
14759,2
14760,1
14761,3
14762,1
14763,2
14764,2
14765,2
14766,2
14767,2
14768,2
14769,3
14770,2
14771,2
14772,1
14773,3
14774,3
14775,3
14776,1
14777,2
14778,1
14779,2
14780,2
14781,3
14782,1
14783,1
14784,3
14785,3
14786,2
14787,1
14788,3
14789,2
14790,1
14791,3
14792,1
14793,1
14794,3
14795,1
14796,1
14797,3
14798,2
14799,1
14800,2
14801,3
14802,1
14803,1
14804,2
14805,3
14806,1
14807,3
14808,1
14809,2
14810,1
14811,1
14812,1
14813,2
14814,3
14815,3
14816,2
14817,1
14818,2
14819,2
14820,2
14821,1
14822,2
14823,2
14824,3
14825,1
14826,2
14827,1
14828,3
14829,2
14830,1
14831,2
14832,3
14833,1
14834,1
14835,3
14836,3
14837,1
14838,2
14839,1
14840,2
14841,1
14842,3
14843,2
14844,2
14845,1
14846,1
14847,2
14848,2
14849,2
14850,3
14851,3
14852,3
14853,2
14854,1
14855,1
14856,3
14857,1
14858,3
14859,3
14860,3
14861,1
14862,2
14863,3
14864,1
14865,2
14866,1
14867,1
14868,1
14869,2
14870,2
14871,1
14872,1
14873,2
14874,3
14875,3
14876,3
14877,3
14878,3
14879,2
14880,3
14881,1
14882,3
14883,3
14884,2
14885,1
14886,3
14887,1
14888,3
14889,2
14890,1
14891,1
14892,1
14893,3
14894,1
14895,2
14896,2
14897,2
14898,1
14899,1
14900,2
14901,3
14902,1
14903,1
14904,1
14905,2
14906,3
14907,2
14908,2
14909,1
14910,3
14911,2
14912,1
14913,2
14914,1
14915,3
14916,2
14917,2
14918,2
14919,3
14920,2
14921,1
14922,1
14923,1
14924,1
14925,3
14926,1
14927,3
14928,1
14929,1
14930,1
14931,3
14932,3
14933,2
14934,3
14935,1
14936,2
14937,2
14938,1
14939,1
14940,3
14941,1
14942,2
14943,3
14944,2
14945,1
14946,2
14947,1
14948,2
14949,2
14950,3
14951,2
14952,3
14953,3
14954,3
14955,1
14956,3
14957,1
14958,3
14959,2
14960,1
14961,1
14962,1
14963,1
14964,1
14965,3
14966,3
14967,3
14968,3
14969,1
14970,2
14971,1
14972,2
14973,2
14974,1
14975,2
14976,1
14977,1
14978,1
14979,2
14980,1
14981,2
14982,3
14983,1
14984,3
14985,1
14986,3
14987,3
14988,3
14989,2
14990,3
14991,1
14992,2
14993,2
14994,3
14995,3
14996,3
14997,3
14998,3
14999,1
15000,3
15001,2
15002,1
15003,2
15004,2
15005,3
15006,1
15007,3
15008,1
15009,2
15010,2
15011,1
15012,2
15013,1
15014,2
15015,2
15016,2
15017,1
15018,3
15019,1
15020,1
15021,2
15022,1
15023,2
15024,2
15025,3
15026,3
15027,2
15028,3
15029,2
15030,3
15031,2
15032,3
15033,2
15034,3
15035,1
15036,2
15037,2
15038,2
15039,3
15040,2
15041,1
15042,1
15043,1
15044,3
15045,2
15046,1
15047,3
15048,1
15049,2
15050,3
15051,3
15052,2
